station_code,station_name,basin_name,timestamp,water_level,flood_status,warning_level,danger_level,high_flood_level,latitude,longitude,dedup_key
GDBDCL,Godavari at Bhadrachalam,Godavari,2026-01-01 00:00:00+00:00,45.02672369077434,NORMAL,47.5,48.5,53.0,17.66865,80.87403,GDBDCL_2026-01-01T00:00:00+0000_45.0267
GDBDCL,Godavari at Bhadrachalam,Godavari,2026-01-01 01:00:00+00:00,45.08778042250943,NORMAL,47.5,48.5,53.0,17.66865,80.87403,GDBDCL_2026-01-01T01:00:00+0000_45.0878
GDBDCL,Godavari at Bhadrachalam,Godavari,2026-01-01 02:00:00+00:00,45.05153950605549,NORMAL,47.5,48.5,53.0,17.66865,80.87403,GDBDCL_2026-01-01T02:00:00+0000_45.0515
GDBDCL,Godavari at Bhadrachalam,Godavari,2026-01-01 03:00:00+00:00,45.06176952504583,NORMAL,47.5,48.5,53.0,17.66865,80.87403,GDBDCL_2026-01-01T03:00:00+0000_45.0618
GDBDCL,Godavari at Bhadrachalam,Godavari,2026-01-01 04:00:00+00:00,44.98607800426088,NORMAL,47.5,48.5,53.0,17.66865,80.87403,GDBDCL_2026-01-01T04:00:00+0000_44.9861
GDBDCL,Godavari at Bhadrachalam,Godavari,2026-01-01 05:00:00+00:00,45.03164999171438,NORMAL,47.5,48.5,53.0,17.66865,80.87403,GDBDCL_2026-01-01T05:00:00+0000_45.0316
GDBDCL,Godavari at Bhadrachalam,Godavari,2026-01-01 06:00:00+00:00,44.9702217741642,NORMAL,47.5,48.5,53.0,17.66865,80.87403,GDBDCL_2026-01-01T06:00:00+0000_44.9702
GDBDCL,Godavari at Bhadrachalam,Godavari,2026-01-01 07:00:00+00:00,,,47.5,48.5,53.0,17.66865,80.87403,GDBDCL_2026-01-01T07:00:00+0000_
GDBDCL,Godavari at Bhadrachalam,Godavari,2026-01-01 08:00:00+00:00,44.9157292388448,NORMAL,47.5,48.5,53.0,17.66865,80.87403,GDBDCL_2026-01-01T08:00:00+0000_44.9157
GDBDCL,Godavari at Bhadrachalam,Godavari,2026-01-01 09:00:00+00:00,44.87466266013185,NORMAL,47.5,48.5,53.0,17.66865,80.87403,GDBDCL_2026-01-01T09:00:00+0000_44.8747
GDBDCL,Godavari at Bhadrachalam,Godavari,2026-01-01 10:00:00+00:00,44.822261268987006,NORMAL,47.5,48.5,53.0,17.66865,80.87403,GDBDCL_2026-01-01T10:00:00+0000_44.8223
GDBDCL,Godavari at Bhadrachalam,Godavari,2026-01-01 11:00:00+00:00,44.83872618695237,NORMAL,47.5,48.5,53.0,17.66865,80.87403,GDBDCL_2026-01-01T11:00:00+0000_44.8387
GDBDCL,Godavari at Bhadrachalam,Godavari,2026-01-01 12:00:00+00:00,44.73873288288501,NORMAL,47.5,48.5,53.0,17.66865,80.87403,GDBDCL_2026-01-01T12:00:00+0000_44.7387
GDBDCL,Godavari at Bhadrachalam,Godavari,2026-01-01 13:00:00+00:00,44.772093164216976,NORMAL,47.5,48.5,53.0,17.66865,80.87403,GDBDCL_2026-01-01T13:00:00+0000_44.7721
GDBDCL,Godavari at Bhadrachalam,Godavari,2026-01-01 14:00:00+00:00,44.72051295741227,NORMAL,47.5,48.5,53.0,17.66865,80.87403,GDBDCL_2026-01-01T14:00:00+0000_44.7205
GDBDCL,Godavari at Bhadrachalam,Godavari,2026-01-01 15:00:00+00:00,44.75963133584813,NORMAL,47.5,48.5,53.0,17.66865,80.87403,GDBDCL_2026-01-01T15:00:00+0000_44.7596
GDBDCL,Godavari at Bhadrachalam,Godavari,2026-01-01 16:00:00+00:00,44.7951183386292,NORMAL,47.5,48.5,53.0,17.66865,80.87403,GDBDCL_2026-01-01T16:00:00+0000_44.7951
GDBDCL,Godavari at Bhadrachalam,Godavari,2026-01-01 17:00:00+00:00,44.82571614027797,NORMAL,47.5,48.5,53.0,17.66865,80.87403,GDBDCL_2026-01-01T17:00:00+0000_44.8257
GDBDCL,Godavari at Bhadrachalam,Godavari,2026-01-01 18:00:00+00:00,44.844989333761504,NORMAL,47.5,48.5,53.0,17.66865,80.87403,GDBDCL_2026-01-01T18:00:00+0000_44.8450
GDBDCL,Godavari at Bhadrachalam,Godavari,2026-01-01 19:00:00+00:00,44.87001277583823,NORMAL,47.5,48.5,53.0,17.66865,80.87403,GDBDCL_2026-01-01T19:00:00+0000_44.8700
GDBDCL,Godavari at Bhadrachalam,Godavari,2026-01-01 20:00:00+00:00,44.96868828835509,NORMAL,47.5,48.5,53.0,17.66865,80.87403,GDBDCL_2026-01-01T20:00:00+0000_44.9687
GDBDCL,Godavari at Bhadrachalam,Godavari,2026-01-01 21:00:00+00:00,44.99044386967818,NORMAL,47.5,48.5,53.0,17.66865,80.87403,GDBDCL_2026-01-01T21:00:00+0000_44.9904
GDBDCL,Godavari at Bhadrachalam,Godavari,2026-01-01 22:00:00+00:00,44.98804092593245,NORMAL,47.5,48.5,53.0,17.66865,80.87403,GDBDCL_2026-01-01T22:00:00+0000_44.9880
GDBDCL,Godavari at Bhadrachalam,Godavari,2026-01-01 23:00:00+00:00,45.030417869942575,NORMAL,47.5,48.5,53.0,17.66865,80.87403,GDBDCL_2026-01-01T23:00:00+0000_45.0304
GDBDCL,Godavari at Bhadrachalam,Godavari,2026-01-02 00:00:00+00:00,45.01640636399781,NORMAL,47.5,48.5,53.0,17.66865,80.87403,GDBDCL_2026-01-02T00:00:00+0000_45.0164
GDBDCL,Godavari at Bhadrachalam,Godavari,2026-01-02 01:00:00+00:00,44.99969984375483,NORMAL,47.5,48.5,53.0,17.66865,80.87403,GDBDCL_2026-01-02T01:00:00+0000_44.9997
GDBDCL,Godavari at Bhadrachalam,Godavari,2026-01-02 02:00:00+00:00,45.0408809308028,NORMAL,47.5,48.5,53.0,17.66865,80.87403,GDBDCL_2026-01-02T02:00:00+0000_45.0409
GDBDCL,Godavari at Bhadrachalam,Godavari,2026-01-02 03:00:00+00:00,45.05588685518003,NORMAL,47.5,48.5,53.0,17.66865,80.87403,GDBDCL_2026-01-02T03:00:00+0000_45.0559
GDBDCL,Godavari at Bhadrachalam,Godavari,2026-01-02 04:00:00+00:00,45.0525062451818,NORMAL,47.5,48.5,53.0,17.66865,80.87403,GDBDCL_2026-01-02T04:00:00+0000_45.0525
GDBDCL,Godavari at Bhadrachalam,Godavari,2026-01-02 05:00:00+00:00,44.97408201726461,NORMAL,47.5,48.5,53.0,17.66865,80.87403,GDBDCL_2026-01-02T05:00:00+0000_44.9741
GDBDCL,Godavari at Bhadrachalam,Godavari,2026-01-02 06:00:00+00:00,45.00746551241832,NORMAL,47.5,48.5,53.0,17.66865,80.87403,GDBDCL_2026-01-02T06:00:00+0000_45.0075
GDBDCL,Godavari at Bhadrachalam,Godavari,2026-01-02 07:00:00+00:00,44.89537636387285,NORMAL,47.5,48.5,53.0,17.66865,80.87403,GDBDCL_2026-01-02T07:00:00+0000_44.8954
GDBDCL,Godavari at Bhadrachalam,Godavari,2026-01-02 08:00:00+00:00,44.93678516380783,NORMAL,47.5,48.5,53.0,17.66865,80.87403,GDBDCL_2026-01-02T08:00:00+0000_44.9368
GDBDCL,Godavari at Bhadrachalam,Godavari,2026-01-02 09:00:00+00:00,44.827743599680026,NORMAL,47.5,48.5,53.0,17.66865,80.87403,GDBDCL_2026-01-02T09:00:00+0000_44.8277
GDBDCL,Godavari at Bhadrachalam,Godavari,2026-01-02 10:00:00+00:00,44.82159393374958,NORMAL,47.5,48.5,53.0,17.66865,80.87403,GDBDCL_2026-01-02T10:00:00+0000_44.8216
GDBDCL,Godavari at Bhadrachalam,Godavari,2026-01-02 11:00:00+00:00,44.787561979782176,NORMAL,47.5,48.5,53.0,17.66865,80.87403,GDBDCL_2026-01-02T11:00:00+0000_44.7876
GDBDCL,Godavari at Bhadrachalam,Godavari,2026-01-02 12:00:00+00:00,44.75849016706651,NORMAL,47.5,48.5,53.0,17.66865,80.87403,GDBDCL_2026-01-02T12:00:00+0000_44.7585
GDBDCL,Godavari at Bhadrachalam,Godavari,2026-01-02 13:00:00+00:00,44.75644335056541,NORMAL,47.5,48.5,53.0,17.66865,80.87403,GDBDCL_2026-01-02T13:00:00+0000_44.7564
GDBDCL,Godavari at Bhadrachalam,Godavari,2026-01-02 14:00:00+00:00,44.72279895578622,NORMAL,47.5,48.5,53.0,17.66865,80.87403,GDBDCL_2026-01-02T14:00:00+0000_44.7228
GDBDCL,Godavari at Bhadrachalam,Godavari,2026-01-02 15:00:00+00:00,44.74068153592186,NORMAL,47.5,48.5,53.0,17.66865,80.87403,GDBDCL_2026-01-02T15:00:00+0000_44.7407
GDBDCL,Godavari at Bhadrachalam,Godavari,2026-01-02 16:00:00+00:00,44.800043554321725,NORMAL,47.5,48.5,53.0,17.66865,80.87403,GDBDCL_2026-01-02T16:00:00+0000_44.8000
GDBDCL,Godavari at Bhadrachalam,Godavari,2026-01-02 17:00:00+00:00,44.84587671713577,NORMAL,47.5,48.5,53.0,17.66865,80.87403,GDBDCL_2026-01-02T17:00:00+0000_44.8459
GDBDCL,Godavari at Bhadrachalam,Godavari,2026-01-02 18:00:00+00:00,44.8383885920594,NORMAL,47.5,48.5,53.0,17.66865,80.87403,GDBDCL_2026-01-02T18:00:00+0000_44.8384
GDBDCL,Godavari at Bhadrachalam,Godavari,2026-01-02 19:00:00+00:00,44.85875707138785,NORMAL,47.5,48.5,53.0,17.66865,80.87403,GDBDCL_2026-01-02T19:00:00+0000_44.8588
GDBDCL,Godavari at Bhadrachalam,Godavari,2026-01-02 20:00:00+00:00,44.95486951917723,NORMAL,47.5,48.5,53.0,17.66865,80.87403,GDBDCL_2026-01-02T20:00:00+0000_44.9549
GDBDCL,Godavari at Bhadrachalam,Godavari,2026-01-02 21:00:00+00:00,44.99384910808261,NORMAL,47.5,48.5,53.0,17.66865,80.87403,GDBDCL_2026-01-02T21:00:00+0000_44.9938
GDBDCL,Godavari at Bhadrachalam,Godavari,2026-01-02 22:00:00+00:00,44.97630979219978,NORMAL,47.5,48.5,53.0,17.66865,80.87403,GDBDCL_2026-01-02T22:00:00+0000_44.9763
GDBDCL,Godavari at Bhadrachalam,Godavari,2026-01-02 23:00:00+00:00,44.97176776832268,NORMAL,47.5,48.5,53.0,17.66865,80.87403,GDBDCL_2026-01-02T23:00:00+0000_44.9718
GDBDCL,Godavari at Bhadrachalam,Godavari,2026-01-03 00:00:00+00:00,45.01726231319709,NORMAL,47.5,48.5,53.0,17.66865,80.87403,GDBDCL_2026-01-03T00:00:00+0000_45.0173
GDBDCL,Godavari at Bhadrachalam,Godavari,2026-01-03 01:00:00+00:00,45.00011624538934,NORMAL,47.5,48.5,53.0,17.66865,80.87403,GDBDCL_2026-01-03T01:00:00+0000_45.0001
GDBDCL,Godavari at Bhadrachalam,Godavari,2026-01-03 02:00:00+00:00,45.04940032555796,NORMAL,47.5,48.5,53.0,17.66865,80.87403,GDBDCL_2026-01-03T02:00:00+0000_45.0494
GDBDCL,Godavari at Bhadrachalam,Godavari,2026-01-03 03:00:00+00:00,45.02611579666226,NORMAL,47.5,48.5,53.0,17.66865,80.87403,GDBDCL_2026-01-03T03:00:00+0000_45.0261
GDBDCL,Godavari at Bhadrachalam,Godavari,2026-01-03 04:00:00+00:00,45.063139985889954,NORMAL,47.5,48.5,53.0,17.66865,80.87403,GDBDCL_2026-01-03T04:00:00+0000_45.0631
GDBDCL,Godavari at Bhadrachalam,Godavari,2026-01-03 05:00:00+00:00,44.97733654150191,NORMAL,47.5,48.5,53.0,17.66865,80.87403,GDBDCL_2026-01-03T05:00:00+0000_44.9773
GDBDCL,Godavari at Bhadrachalam,Godavari,2026-01-03 06:00:00+00:00,45.00216408612752,NORMAL,47.5,48.5,53.0,17.66865,80.87403,GDBDCL_2026-01-03T06:00:00+0000_45.0022
GDBDCL,Godavari at Bhadrachalam,Godavari,2026-01-03 07:00:00+00:00,44.96150430478058,NORMAL,47.5,48.5,53.0,17.66865,80.87403,GDBDCL_2026-01-03T07:00:00+0000_44.9615
GDBDCL,Godavari at Bhadrachalam,Godavari,2026-01-03 08:00:00+00:00,44.90863917729504,NORMAL,47.5,48.5,53.0,17.66865,80.87403,GDBDCL_2026-01-03T08:00:00+0000_44.9086
GDBDCL,Godavari at Bhadrachalam,Godavari,2026-01-03 09:00:00+00:00,44.90358913991189,NORMAL,47.5,48.5,53.0,17.66865,80.87403,GDBDCL_2026-01-03T09:00:00+0000_44.9036
GDBDCL,Godavari at Bhadrachalam,Godavari,2026-01-03 10:00:00+00:00,44.809124809563855,NORMAL,47.5,48.5,53.0,17.66865,80.87403,GDBDCL_2026-01-03T10:00:00+0000_44.8091
GDBDCL,Godavari at Bhadrachalam,Godavari,2026-01-03 11:00:00+00:00,44.811566931404776,NORMAL,47.5,48.5,53.0,17.66865,80.87403,GDBDCL_2026-01-03T11:00:00+0000_44.8116
GDBDCL,Godavari at Bhadrachalam,Godavari,2026-01-03 12:00:00+00:00,44.7668312526575,NORMAL,47.5,48.5,53.0,17.66865,80.87403,GDBDCL_2026-01-03T12:00:00+0000_44.7668
GDBDCL,Godavari at Bhadrachalam,Godavari,2026-01-03 13:00:00+00:00,44.72406611466016,NORMAL,47.5,48.5,53.0,17.66865,80.87403,GDBDCL_2026-01-03T13:00:00+0000_44.7241
GDBDCL,Godavari at Bhadrachalam,Godavari,2026-01-03 14:00:00+00:00,44.78795618704222,NORMAL,47.5,48.5,53.0,17.66865,80.87403,GDBDCL_2026-01-03T14:00:00+0000_44.7880
GDBDCL,Godavari at Bhadrachalam,Godavari,2026-01-03 15:00:00+00:00,44.79260336142497,NORMAL,47.5,48.5,53.0,17.66865,80.87403,GDBDCL_2026-01-03T15:00:00+0000_44.7926
GDBDCL,Godavari at Bhadrachalam,Godavari,2026-01-03 16:00:00+00:00,44.762093339804935,NORMAL,47.5,48.5,53.0,17.66865,80.87403,GDBDCL_2026-01-03T16:00:00+0000_44.7621
GDBDCL,Godavari at Bhadrachalam,Godavari,2026-01-03 17:00:00+00:00,44.86574622257511,NORMAL,47.5,48.5,53.0,17.66865,80.87403,GDBDCL_2026-01-03T17:00:00+0000_44.8657
GDBDCL,Godavari at Bhadrachalam,Godavari,2026-01-03 18:00:00+00:00,44.80222562836197,NORMAL,47.5,48.5,53.0,17.66865,80.87403,GDBDCL_2026-01-03T18:00:00+0000_44.8022
GDBDCL,Godavari at Bhadrachalam,Godavari,2026-01-03 19:00:00+00:00,44.88023523511936,NORMAL,47.5,48.5,53.0,17.66865,80.87403,GDBDCL_2026-01-03T19:00:00+0000_44.8802
GDBDCL,Godavari at Bhadrachalam,Godavari,2026-01-03 20:00:00+00:00,44.91530710013187,NORMAL,47.5,48.5,53.0,17.66865,80.87403,GDBDCL_2026-01-03T20:00:00+0000_44.9153
GDBDCL,Godavari at Bhadrachalam,Godavari,2026-01-03 21:00:00+00:00,44.93950111794459,NORMAL,47.5,48.5,53.0,17.66865,80.87403,GDBDCL_2026-01-03T21:00:00+0000_44.9395
GDBDCL,Godavari at Bhadrachalam,Godavari,2026-01-03 22:00:00+00:00,44.98711039905695,NORMAL,47.5,48.5,53.0,17.66865,80.87403,GDBDCL_2026-01-03T22:00:00+0000_44.9871
GDBDCL,Godavari at Bhadrachalam,Godavari,2026-01-03 23:00:00+00:00,45.046159263537405,NORMAL,47.5,48.5,53.0,17.66865,80.87403,GDBDCL_2026-01-03T23:00:00+0000_45.0462
GDBDCL,Godavari at Bhadrachalam,Godavari,2026-01-04 00:00:00+00:00,45.01479878638879,NORMAL,47.5,48.5,53.0,17.66865,80.87403,GDBDCL_2026-01-04T00:00:00+0000_45.0148
GDBDCL,Godavari at Bhadrachalam,Godavari,2026-01-04 01:00:00+00:00,45.02221796692061,NORMAL,47.5,48.5,53.0,17.66865,80.87403,GDBDCL_2026-01-04T01:00:00+0000_45.0222
GDBDCL,Godavari at Bhadrachalam,Godavari,2026-01-04 02:00:00+00:00,45.0156695364634,NORMAL,47.5,48.5,53.0,17.66865,80.87403,GDBDCL_2026-01-04T02:00:00+0000_45.0157
GDBDCL,Godavari at Bhadrachalam,Godavari,2026-01-04 03:00:00+00:00,45.048760864909504,NORMAL,47.5,48.5,53.0,17.66865,80.87403,GDBDCL_2026-01-04T03:00:00+0000_45.0488
GDBDCL,Godavari at Bhadrachalam,Godavari,2026-01-04 04:00:00+00:00,45.0617697272665,NORMAL,47.5,48.5,53.0,17.66865,80.87403,GDBDCL_2026-01-04T04:00:00+0000_45.0618
GDBDCL,Godavari at Bhadrachalam,Godavari,2026-01-04 05:00:00+00:00,44.97813074321428,NORMAL,47.5,48.5,53.0,17.66865,80.87403,GDBDCL_2026-01-04T05:00:00+0000_44.9781
GDBDCL,Godavari at Bhadrachalam,Godavari,2026-01-04 06:00:00+00:00,44.92240404859968,NORMAL,47.5,48.5,53.0,17.66865,80.87403,GDBDCL_2026-01-04T06:00:00+0000_44.9224
GDBDCL,Godavari at Bhadrachalam,Godavari,2026-01-04 07:00:00+00:00,44.9435907931076,NORMAL,47.5,48.5,53.0,17.66865,80.87403,GDBDCL_2026-01-04T07:00:00+0000_44.9436
GDBDCL,Godavari at Bhadrachalam,Godavari,2026-01-04 08:00:00+00:00,44.91113525234176,NORMAL,47.5,48.5,53.0,17.66865,80.87403,GDBDCL_2026-01-04T08:00:00+0000_44.9111
GDBDCL,Godavari at Bhadrachalam,Godavari,2026-01-04 09:00:00+00:00,44.83090694267303,NORMAL,47.5,48.5,53.0,17.66865,80.87403,GDBDCL_2026-01-04T09:00:00+0000_44.8309
GDBDCL,Godavari at Bhadrachalam,Godavari,2026-01-04 10:00:00+00:00,44.803494564082975,NORMAL,47.5,48.5,53.0,17.66865,80.87403,GDBDCL_2026-01-04T10:00:00+0000_44.8035
GDBDCL,Godavari at Bhadrachalam,Godavari,2026-01-04 11:00:00+00:00,44.839365963322166,NORMAL,47.5,48.5,53.0,17.66865,80.87403,GDBDCL_2026-01-04T11:00:00+0000_44.8394
GDBDCL,Godavari at Bhadrachalam,Godavari,2026-01-04 12:00:00+00:00,44.82235607260713,NORMAL,47.5,48.5,53.0,17.66865,80.87403,GDBDCL_2026-01-04T12:00:00+0000_44.8224
GDBDCL,Godavari at Bhadrachalam,Godavari,2026-01-04 13:00:00+00:00,44.80136519380109,NORMAL,47.5,48.5,53.0,17.66865,80.87403,GDBDCL_2026-01-04T13:00:00+0000_44.8014
GDBDCL,Godavari at Bhadrachalam,Godavari,2026-01-04 14:00:00+00:00,44.79318456196169,NORMAL,47.5,48.5,53.0,17.66865,80.87403,GDBDCL_2026-01-04T14:00:00+0000_44.7932
GDBDCL,Godavari at Bhadrachalam,Godavari,2026-01-04 15:00:00+00:00,44.76982957076494,NORMAL,47.5,48.5,53.0,17.66865,80.87403,GDBDCL_2026-01-04T15:00:00+0000_44.7698
GDBDCL,Godavari at Bhadrachalam,Godavari,2026-01-04 16:00:00+00:00,44.83047481663358,NORMAL,47.5,48.5,53.0,17.66865,80.87403,GDBDCL_2026-01-04T16:00:00+0000_44.8305
GDBDCL,Godavari at Bhadrachalam,Godavari,2026-01-04 17:00:00+00:00,44.83200524560527,NORMAL,47.5,48.5,53.0,17.66865,80.87403,GDBDCL_2026-01-04T17:00:00+0000_44.8320
GDBDCL,Godavari at Bhadrachalam,Godavari,2026-01-04 18:00:00+00:00,44.83163925934068,NORMAL,47.5,48.5,53.0,17.66865,80.87403,GDBDCL_2026-01-04T18:00:00+0000_44.8316
GDBDCL,Godavari at Bhadrachalam,Godavari,2026-01-04 19:00:00+00:00,44.85049507685937,NORMAL,47.5,48.5,53.0,17.66865,80.87403,GDBDCL_2026-01-04T19:00:00+0000_44.8505
GDBDCL,Godavari at Bhadrachalam,Godavari,2026-01-04 20:00:00+00:00,44.92832577409178,NORMAL,47.5,48.5,53.0,17.66865,80.87403,GDBDCL_2026-01-04T20:00:00+0000_44.9283
GDBDCL,Godavari at Bhadrachalam,Godavari,2026-01-04 21:00:00+00:00,44.92917558531966,NORMAL,47.5,48.5,53.0,17.66865,80.87403,GDBDCL_2026-01-04T21:00:00+0000_44.9292
GDBDCL,Godavari at Bhadrachalam,Godavari,2026-01-04 22:00:00+00:00,44.9669051244758,NORMAL,47.5,48.5,53.0,17.66865,80.87403,GDBDCL_2026-01-04T22:00:00+0000_44.9669
GDBDCL,Godavari at Bhadrachalam,Godavari,2026-01-04 23:00:00+00:00,45.04099810231773,NORMAL,47.5,48.5,53.0,17.66865,80.87403,GDBDCL_2026-01-04T23:00:00+0000_45.0410
GDBDCL,Godavari at Bhadrachalam,Godavari,2026-01-05 00:00:00+00:00,45.07650987802992,NORMAL,47.5,48.5,53.0,17.66865,80.87403,GDBDCL_2026-01-05T00:00:00+0000_45.0765
GDBDCL,Godavari at Bhadrachalam,Godavari,2026-01-05 01:00:00+00:00,45.01206915827328,NORMAL,47.5,48.5,53.0,17.66865,80.87403,GDBDCL_2026-01-05T01:00:00+0000_45.0121
GDBDCL,Godavari at Bhadrachalam,Godavari,2026-01-05 02:00:00+00:00,45.04197022415281,NORMAL,47.5,48.5,53.0,17.66865,80.87403,GDBDCL_2026-01-05T02:00:00+0000_45.0420
GDBDCL,Godavari at Bhadrachalam,Godavari,2026-01-05 03:00:00+00:00,45.07364419022176,NORMAL,47.5,48.5,53.0,17.66865,80.87403,GDBDCL_2026-01-05T03:00:00+0000_45.0736
GDBDCL,Godavari at Bhadrachalam,Godavari,2026-01-05 04:00:00+00:00,45.007752422206366,NORMAL,47.5,48.5,53.0,17.66865,80.87403,GDBDCL_2026-01-05T04:00:00+0000_45.0078
GDBDCL,Godavari at Bhadrachalam,Godavari,2026-01-05 05:00:00+00:00,45.0034175213921,NORMAL,47.5,48.5,53.0,17.66865,80.87403,GDBDCL_2026-01-05T05:00:00+0000_45.0034
GDBDCL,Godavari at Bhadrachalam,Godavari,2026-01-05 06:00:00+00:00,46.51275612853448,NORMAL,47.5,48.5,53.0,17.66865,80.87403,GDBDCL_2026-01-05T06:00:00+0000_46.5128
GDBDCL,Godavari at Bhadrachalam,Godavari,2026-01-05 07:00:00+00:00,46.29253936167604,NORMAL,47.5,48.5,53.0,17.66865,80.87403,GDBDCL_2026-01-05T07:00:00+0000_46.2925
GDBDCL,Godavari at Bhadrachalam,Godavari,2026-01-05 08:00:00+00:00,44.86304299264023,NORMAL,47.5,48.5,53.0,17.66865,80.87403,GDBDCL_2026-01-05T08:00:00+0000_44.8630
GDBDCL,Godavari at Bhadrachalam,Godavari,2026-01-05 09:00:00+00:00,44.820748687572525,NORMAL,47.5,48.5,53.0,17.66865,80.87403,GDBDCL_2026-01-05T09:00:00+0000_44.8207
GDBDCL,Godavari at Bhadrachalam,Godavari,2026-01-05 10:00:00+00:00,44.776293000872926,NORMAL,47.5,48.5,53.0,17.66865,80.87403,GDBDCL_2026-01-05T10:00:00+0000_44.7763
GDBDCL,Godavari at Bhadrachalam,Godavari,2026-01-05 11:00:00+00:00,44.82396651605287,NORMAL,47.5,48.5,53.0,17.66865,80.87403,GDBDCL_2026-01-05T11:00:00+0000_44.8240
GDBDCL,Godavari at Bhadrachalam,Godavari,2026-01-05 12:00:00+00:00,44.75511885022322,NORMAL,47.5,48.5,53.0,17.66865,80.87403,GDBDCL_2026-01-05T12:00:00+0000_44.7551
GDBDCL,Godavari at Bhadrachalam,Godavari,2026-01-05 13:00:00+00:00,44.80411789760417,NORMAL,47.5,48.5,53.0,17.66865,80.87403,GDBDCL_2026-01-05T13:00:00+0000_44.8041
GDBDCL,Godavari at Bhadrachalam,Godavari,2026-01-05 14:00:00+00:00,44.736042960454434,NORMAL,47.5,48.5,53.0,17.66865,80.87403,GDBDCL_2026-01-05T14:00:00+0000_44.7360
GDBDCL,Godavari at Bhadrachalam,Godavari,2026-01-05 15:00:00+00:00,44.8177185934554,NORMAL,47.5,48.5,53.0,17.66865,80.87403,GDBDCL_2026-01-05T15:00:00+0000_44.8177
GDBDCL,Godavari at Bhadrachalam,Godavari,2026-01-05 16:00:00+00:00,44.81656041382693,NORMAL,47.5,48.5,53.0,17.66865,80.87403,GDBDCL_2026-01-05T16:00:00+0000_44.8166
GDBDCL,Godavari at Bhadrachalam,Godavari,2026-01-05 17:00:00+00:00,44.84745920085379,NORMAL,47.5,48.5,53.0,17.66865,80.87403,GDBDCL_2026-01-05T17:00:00+0000_44.8475
GDBDCL,Godavari at Bhadrachalam,Godavari,2026-01-05 18:00:00+00:00,44.8740819145442,NORMAL,47.5,48.5,53.0,17.66865,80.87403,GDBDCL_2026-01-05T18:00:00+0000_44.8741
GDBDCL,Godavari at Bhadrachalam,Godavari,2026-01-05 19:00:00+00:00,44.85158938022439,NORMAL,47.5,48.5,53.0,17.66865,80.87403,GDBDCL_2026-01-05T19:00:00+0000_44.8516
GDBDCL,Godavari at Bhadrachalam,Godavari,2026-01-05 20:00:00+00:00,44.96894628110015,NORMAL,47.5,48.5,53.0,17.66865,80.87403,GDBDCL_2026-01-05T20:00:00+0000_44.9689
GDBDCL,Godavari at Bhadrachalam,Godavari,2026-01-05 21:00:00+00:00,44.98118427723472,NORMAL,47.5,48.5,53.0,17.66865,80.87403,GDBDCL_2026-01-05T21:00:00+0000_44.9812
GDBDCL,Godavari at Bhadrachalam,Godavari,2026-01-05 22:00:00+00:00,44.98924304017063,NORMAL,47.5,48.5,53.0,17.66865,80.87403,GDBDCL_2026-01-05T22:00:00+0000_44.9892
GDBDCL,Godavari at Bhadrachalam,Godavari,2026-01-05 23:00:00+00:00,45.0163524357558,NORMAL,47.5,48.5,53.0,17.66865,80.87403,GDBDCL_2026-01-05T23:00:00+0000_45.0164
GDBDCL,Godavari at Bhadrachalam,Godavari,2026-01-06 00:00:00+00:00,45.05457876988716,NORMAL,47.5,48.5,53.0,17.66865,80.87403,GDBDCL_2026-01-06T00:00:00+0000_45.0546
GDBDCL,Godavari at Bhadrachalam,Godavari,2026-01-06 01:00:00+00:00,45.04724276597383,NORMAL,47.5,48.5,53.0,17.66865,80.87403,GDBDCL_2026-01-06T01:00:00+0000_45.0472
GDBDCL,Godavari at Bhadrachalam,Godavari,2026-01-06 02:00:00+00:00,45.05934656515143,NORMAL,47.5,48.5,53.0,17.66865,80.87403,GDBDCL_2026-01-06T02:00:00+0000_45.0593
GDBDCL,Godavari at Bhadrachalam,Godavari,2026-01-06 03:00:00+00:00,45.05787363920451,NORMAL,47.5,48.5,53.0,17.66865,80.87403,GDBDCL_2026-01-06T03:00:00+0000_45.0579
GDBDCL,Godavari at Bhadrachalam,Godavari,2026-01-06 04:00:00+00:00,44.983041676282014,NORMAL,47.5,48.5,53.0,17.66865,80.87403,GDBDCL_2026-01-06T04:00:00+0000_44.9830
GDBDCL,Godavari at Bhadrachalam,Godavari,2026-01-06 05:00:00+00:00,45.04289345407173,NORMAL,47.5,48.5,53.0,17.66865,80.87403,GDBDCL_2026-01-06T05:00:00+0000_45.0429
GDBDCL,Godavari at Bhadrachalam,Godavari,2026-01-06 06:00:00+00:00,44.997523149638745,NORMAL,47.5,48.5,53.0,17.66865,80.87403,GDBDCL_2026-01-06T06:00:00+0000_44.9975
GDBDCL,Godavari at Bhadrachalam,Godavari,2026-01-06 07:00:00+00:00,44.91133516222734,NORMAL,47.5,48.5,53.0,17.66865,80.87403,GDBDCL_2026-01-06T07:00:00+0000_44.9113
GDBDCL,Godavari at Bhadrachalam,Godavari,2026-01-06 08:00:00+00:00,44.92696313649535,NORMAL,47.5,48.5,53.0,17.66865,80.87403,GDBDCL_2026-01-06T08:00:00+0000_44.9270
GDBDCL,Godavari at Bhadrachalam,Godavari,2026-01-06 09:00:00+00:00,44.815482601781945,NORMAL,47.5,48.5,53.0,17.66865,80.87403,GDBDCL_2026-01-06T09:00:00+0000_44.8155
GDBDCL,Godavari at Bhadrachalam,Godavari,2026-01-06 10:00:00+00:00,44.814758439660736,NORMAL,47.5,48.5,53.0,17.66865,80.87403,GDBDCL_2026-01-06T10:00:00+0000_44.8148
GDBDCL,Godavari at Bhadrachalam,Godavari,2026-01-06 11:00:00+00:00,44.80274127118085,NORMAL,47.5,48.5,53.0,17.66865,80.87403,GDBDCL_2026-01-06T11:00:00+0000_44.8027
GDBDCL,Godavari at Bhadrachalam,Godavari,2026-01-06 12:00:00+00:00,44.77751682035344,NORMAL,47.5,48.5,53.0,17.66865,80.87403,GDBDCL_2026-01-06T12:00:00+0000_44.7775
GDBDCL,Godavari at Bhadrachalam,Godavari,2026-01-06 13:00:00+00:00,44.79241122983172,NORMAL,47.5,48.5,53.0,17.66865,80.87403,GDBDCL_2026-01-06T13:00:00+0000_44.7924
GDBDCL,Godavari at Bhadrachalam,Godavari,2026-01-06 14:00:00+00:00,44.79876252784317,NORMAL,47.5,48.5,53.0,17.66865,80.87403,GDBDCL_2026-01-06T14:00:00+0000_44.7988
GDBDCL,Godavari at Bhadrachalam,Godavari,2026-01-06 15:00:00+00:00,44.77160216864568,NORMAL,47.5,48.5,53.0,17.66865,80.87403,GDBDCL_2026-01-06T15:00:00+0000_44.7716
GDBDCL,Godavari at Bhadrachalam,Godavari,2026-01-06 16:00:00+00:00,44.83988602246038,NORMAL,47.5,48.5,53.0,17.66865,80.87403,GDBDCL_2026-01-06T16:00:00+0000_44.8399
GDBDCL,Godavari at Bhadrachalam,Godavari,2026-01-06 17:00:00+00:00,44.78268377326056,NORMAL,47.5,48.5,53.0,17.66865,80.87403,GDBDCL_2026-01-06T17:00:00+0000_44.7827
GDBDCL,Godavari at Bhadrachalam,Godavari,2026-01-06 18:00:00+00:00,44.88198976235272,NORMAL,47.5,48.5,53.0,17.66865,80.87403,GDBDCL_2026-01-06T18:00:00+0000_44.8820
GDBDCL,Godavari at Bhadrachalam,Godavari,2026-01-06 19:00:00+00:00,44.91300335307727,NORMAL,47.5,48.5,53.0,17.66865,80.87403,GDBDCL_2026-01-06T19:00:00+0000_44.9130
GDBDCL,Godavari at Bhadrachalam,Godavari,2026-01-06 20:00:00+00:00,44.970629415140245,NORMAL,47.5,48.5,53.0,17.66865,80.87403,GDBDCL_2026-01-06T20:00:00+0000_44.9706
GDBDCL,Godavari at Bhadrachalam,Godavari,2026-01-06 21:00:00+00:00,44.95449388679599,NORMAL,47.5,48.5,53.0,17.66865,80.87403,GDBDCL_2026-01-06T21:00:00+0000_44.9545
GDBDCL,Godavari at Bhadrachalam,Godavari,2026-01-06 22:00:00+00:00,44.95675982173568,NORMAL,47.5,48.5,53.0,17.66865,80.87403,GDBDCL_2026-01-06T22:00:00+0000_44.9568
GDBDCL,Godavari at Bhadrachalam,Godavari,2026-01-06 23:00:00+00:00,45.04943316313342,NORMAL,47.5,48.5,53.0,17.66865,80.87403,GDBDCL_2026-01-06T23:00:00+0000_45.0494
GDBDCL,Godavari at Bhadrachalam,Godavari,2026-01-07 00:00:00+00:00,45.013840431842205,NORMAL,47.5,48.5,53.0,17.66865,80.87403,GDBDCL_2026-01-07T00:00:00+0000_45.0138
GDBDCL,Godavari at Bhadrachalam,Godavari,2026-01-07 01:00:00+00:00,45.078683229714784,NORMAL,47.5,48.5,53.0,17.66865,80.87403,GDBDCL_2026-01-07T01:00:00+0000_45.0787
GDBDCL,Godavari at Bhadrachalam,Godavari,2026-01-07 02:00:00+00:00,45.02247715742392,NORMAL,47.5,48.5,53.0,17.66865,80.87403,GDBDCL_2026-01-07T02:00:00+0000_45.0225
GDBDCL,Godavari at Bhadrachalam,Godavari,2026-01-07 03:00:00+00:00,45.02221121930733,NORMAL,47.5,48.5,53.0,17.66865,80.87403,GDBDCL_2026-01-07T03:00:00+0000_45.0222
GDBDCL,Godavari at Bhadrachalam,Godavari,2026-01-07 04:00:00+00:00,45.04965092777071,NORMAL,47.5,48.5,53.0,17.66865,80.87403,GDBDCL_2026-01-07T04:00:00+0000_45.0497
GDBDCL,Godavari at Bhadrachalam,Godavari,2026-01-07 05:00:00+00:00,44.99721093050008,NORMAL,47.5,48.5,53.0,17.66865,80.87403,GDBDCL_2026-01-07T05:00:00+0000_44.9972
GDBDCL,Godavari at Bhadrachalam,Godavari,2026-01-07 06:00:00+00:00,45.00835600263248,NORMAL,47.5,48.5,53.0,17.66865,80.87403,GDBDCL_2026-01-07T06:00:00+0000_45.0084
GDBDCL,Godavari at Bhadrachalam,Godavari,2026-01-07 07:00:00+00:00,44.94969605611769,NORMAL,47.5,48.5,53.0,17.66865,80.87403,GDBDCL_2026-01-07T07:00:00+0000_44.9497
GDBDCL,Godavari at Bhadrachalam,Godavari,2026-01-07 08:00:00+00:00,44.89085549675229,NORMAL,47.5,48.5,53.0,17.66865,80.87403,GDBDCL_2026-01-07T08:00:00+0000_44.8909
GDBDCL,Godavari at Bhadrachalam,Godavari,2026-01-07 09:00:00+00:00,44.8719964491168,NORMAL,47.5,48.5,53.0,17.66865,80.87403,GDBDCL_2026-01-07T09:00:00+0000_44.8720
GDBDCL,Godavari at Bhadrachalam,Godavari,2026-01-07 10:00:00+00:00,44.80276820063055,NORMAL,47.5,48.5,53.0,17.66865,80.87403,GDBDCL_2026-01-07T10:00:00+0000_44.8028
GDBDCL,Godavari at Bhadrachalam,Godavari,2026-01-07 11:00:00+00:00,44.79071344303766,NORMAL,47.5,48.5,53.0,17.66865,80.87403,GDBDCL_2026-01-07T11:00:00+0000_44.7907
GDBDCL,Godavari at Bhadrachalam,Godavari,2026-01-07 12:00:00+00:00,44.74644597294672,NORMAL,47.5,48.5,53.0,17.66865,80.87403,GDBDCL_2026-01-07T12:00:00+0000_44.7464
GDBDCL,Godavari at Bhadrachalam,Godavari,2026-01-07 13:00:00+00:00,44.77739425679368,NORMAL,47.5,48.5,53.0,17.66865,80.87403,GDBDCL_2026-01-07T13:00:00+0000_44.7774
GDBDCL,Godavari at Bhadrachalam,Godavari,2026-01-07 14:00:00+00:00,44.76588548829224,NORMAL,47.5,48.5,53.0,17.66865,80.87403,GDBDCL_2026-01-07T14:00:00+0000_44.7659
GDBDCL,Godavari at Bhadrachalam,Godavari,2026-01-07 15:00:00+00:00,44.81901284418732,NORMAL,47.5,48.5,53.0,17.66865,80.87403,GDBDCL_2026-01-07T15:00:00+0000_44.8190
GDBDCL,Godavari at Bhadrachalam,Godavari,2026-01-07 16:00:00+00:00,44.807124028783655,NORMAL,47.5,48.5,53.0,17.66865,80.87403,GDBDCL_2026-01-07T16:00:00+0000_44.8071
GDBDCL,Godavari at Bhadrachalam,Godavari,2026-01-07 17:00:00+00:00,45.96142300280565,NORMAL,47.5,48.5,53.0,17.66865,80.87403,GDBDCL_2026-01-07T17:00:00+0000_45.9614
GDBDCL,Godavari at Bhadrachalam,Godavari,2026-01-07 18:00:00+00:00,,,47.5,48.5,53.0,17.66865,80.87403,GDBDCL_2026-01-07T18:00:00+0000_
GDBDCL,Godavari at Bhadrachalam,Godavari,2026-01-07 19:00:00+00:00,44.84495284362988,NORMAL,47.5,48.5,53.0,17.66865,80.87403,GDBDCL_2026-01-07T19:00:00+0000_44.8450
GDBDCL,Godavari at Bhadrachalam,Godavari,2026-01-07 20:00:00+00:00,44.9310563419473,NORMAL,47.5,48.5,53.0,17.66865,80.87403,GDBDCL_2026-01-07T20:00:00+0000_44.9311
GDBDCL,Godavari at Bhadrachalam,Godavari,2026-01-07 21:00:00+00:00,44.92903809657639,NORMAL,47.5,48.5,53.0,17.66865,80.87403,GDBDCL_2026-01-07T21:00:00+0000_44.9290
GDBDCL,Godavari at Bhadrachalam,Godavari,2026-01-07 22:00:00+00:00,45.01619310128707,NORMAL,47.5,48.5,53.0,17.66865,80.87403,GDBDCL_2026-01-07T22:00:00+0000_45.0162
GDBDCL,Godavari at Bhadrachalam,Godavari,2026-01-07 23:00:00+00:00,45.00531709863741,NORMAL,47.5,48.5,53.0,17.66865,80.87403,GDBDCL_2026-01-07T23:00:00+0000_45.0053
GDBDCL,Godavari at Bhadrachalam,Godavari,2026-01-08 00:00:00+00:00,45.02925337793134,NORMAL,47.5,48.5,53.0,17.66865,80.87403,GDBDCL_2026-01-08T00:00:00+0000_45.0293
GDBDCL,Godavari at Bhadrachalam,Godavari,2026-01-08 01:00:00+00:00,45.07771306567701,NORMAL,47.5,48.5,53.0,17.66865,80.87403,GDBDCL_2026-01-08T01:00:00+0000_45.0777
GDBDCL,Godavari at Bhadrachalam,Godavari,2026-01-08 02:00:00+00:00,45.045047784693,NORMAL,47.5,48.5,53.0,17.66865,80.87403,GDBDCL_2026-01-08T02:00:00+0000_45.0450
GDBDCL,Godavari at Bhadrachalam,Godavari,2026-01-08 03:00:00+00:00,45.06369664499216,NORMAL,47.5,48.5,53.0,17.66865,80.87403,GDBDCL_2026-01-08T03:00:00+0000_45.0637
GDBDCL,Godavari at Bhadrachalam,Godavari,2026-01-08 04:00:00+00:00,45.04971533463622,NORMAL,47.5,48.5,53.0,17.66865,80.87403,GDBDCL_2026-01-08T04:00:00+0000_45.0497
GDBDCL,Godavari at Bhadrachalam,Godavari,2026-01-08 05:00:00+00:00,44.96967568543286,NORMAL,47.5,48.5,53.0,17.66865,80.87403,GDBDCL_2026-01-08T05:00:00+0000_44.9697
GDBDCL,Godavari at Bhadrachalam,Godavari,2026-01-08 06:00:00+00:00,45.01575150539682,NORMAL,47.5,48.5,53.0,17.66865,80.87403,GDBDCL_2026-01-08T06:00:00+0000_45.0158
GDBDCL,Godavari at Bhadrachalam,Godavari,2026-01-08 07:00:00+00:00,44.88912424666447,NORMAL,47.5,48.5,53.0,17.66865,80.87403,GDBDCL_2026-01-08T07:00:00+0000_44.8891
GDBDCL,Godavari at Bhadrachalam,Godavari,2026-01-08 08:00:00+00:00,44.90848303935266,NORMAL,47.5,48.5,53.0,17.66865,80.87403,GDBDCL_2026-01-08T08:00:00+0000_44.9085
GDBDCL,Godavari at Bhadrachalam,Godavari,2026-01-08 09:00:00+00:00,44.86041246761789,NORMAL,47.5,48.5,53.0,17.66865,80.87403,GDBDCL_2026-01-08T09:00:00+0000_44.8604
GDBDCL,Godavari at Bhadrachalam,Godavari,2026-01-08 10:00:00+00:00,44.85697729484706,NORMAL,47.5,48.5,53.0,17.66865,80.87403,GDBDCL_2026-01-08T10:00:00+0000_44.8570
GDBDCL,Godavari at Bhadrachalam,Godavari,2026-01-08 11:00:00+00:00,44.84007689607922,NORMAL,47.5,48.5,53.0,17.66865,80.87403,GDBDCL_2026-01-08T11:00:00+0000_44.8401
GDBDCL,Godavari at Bhadrachalam,Godavari,2026-01-08 12:00:00+00:00,44.75169372569344,NORMAL,47.5,48.5,53.0,17.66865,80.87403,GDBDCL_2026-01-08T12:00:00+0000_44.7517
GDBDCL,Godavari at Bhadrachalam,Godavari,2026-01-08 13:00:00+00:00,44.77105208167612,NORMAL,47.5,48.5,53.0,17.66865,80.87403,GDBDCL_2026-01-08T13:00:00+0000_44.7711
GDBDCL,Godavari at Bhadrachalam,Godavari,2026-01-08 14:00:00+00:00,44.80947579384712,NORMAL,47.5,48.5,53.0,17.66865,80.87403,GDBDCL_2026-01-08T14:00:00+0000_44.8095
GDBDCL,Godavari at Bhadrachalam,Godavari,2026-01-08 15:00:00+00:00,44.74184394281543,NORMAL,47.5,48.5,53.0,17.66865,80.87403,GDBDCL_2026-01-08T15:00:00+0000_44.7418
GDBDCL,Godavari at Bhadrachalam,Godavari,2026-01-08 16:00:00+00:00,44.82377732473332,NORMAL,47.5,48.5,53.0,17.66865,80.87403,GDBDCL_2026-01-08T16:00:00+0000_44.8238
GDBDCL,Godavari at Bhadrachalam,Godavari,2026-01-08 17:00:00+00:00,44.790220256498,NORMAL,47.5,48.5,53.0,17.66865,80.87403,GDBDCL_2026-01-08T17:00:00+0000_44.7902
GDBDCL,Godavari at Bhadrachalam,Godavari,2026-01-08 18:00:00+00:00,44.88644109470433,NORMAL,47.5,48.5,53.0,17.66865,80.87403,GDBDCL_2026-01-08T18:00:00+0000_44.8864
GDBDCL,Godavari at Bhadrachalam,Godavari,2026-01-08 19:00:00+00:00,44.84537745363503,NORMAL,47.5,48.5,53.0,17.66865,80.87403,GDBDCL_2026-01-08T19:00:00+0000_44.8454
GDBDCL,Godavari at Bhadrachalam,Godavari,2026-01-08 20:00:00+00:00,44.95296279080288,NORMAL,47.5,48.5,53.0,17.66865,80.87403,GDBDCL_2026-01-08T20:00:00+0000_44.9530
GDBDCL,Godavari at Bhadrachalam,Godavari,2026-01-08 21:00:00+00:00,44.95902740173467,NORMAL,47.5,48.5,53.0,17.66865,80.87403,GDBDCL_2026-01-08T21:00:00+0000_44.9590
GDBDCL,Godavari at Bhadrachalam,Godavari,2026-01-08 22:00:00+00:00,45.00982031448315,NORMAL,47.5,48.5,53.0,17.66865,80.87403,GDBDCL_2026-01-08T22:00:00+0000_45.0098
GDBDCL,Godavari at Bhadrachalam,Godavari,2026-01-08 23:00:00+00:00,45.05496702592051,NORMAL,47.5,48.5,53.0,17.66865,80.87403,GDBDCL_2026-01-08T23:00:00+0000_45.0550
GDBDCL,Godavari at Bhadrachalam,Godavari,2026-01-09 00:00:00+00:00,45.060270974184334,NORMAL,47.5,48.5,53.0,17.66865,80.87403,GDBDCL_2026-01-09T00:00:00+0000_45.0603
GDBDCL,Godavari at Bhadrachalam,Godavari,2026-01-09 01:00:00+00:00,45.08807509833992,NORMAL,47.5,48.5,53.0,17.66865,80.87403,GDBDCL_2026-01-09T01:00:00+0000_45.0881
GDBDCL,Godavari at Bhadrachalam,Godavari,2026-01-09 02:00:00+00:00,45.06721402046693,NORMAL,47.5,48.5,53.0,17.66865,80.87403,GDBDCL_2026-01-09T02:00:00+0000_45.0672
GDBDCL,Godavari at Bhadrachalam,Godavari,2026-01-09 03:00:00+00:00,45.08658054331677,NORMAL,47.5,48.5,53.0,17.66865,80.87403,GDBDCL_2026-01-09T03:00:00+0000_45.0866
GDBDCL,Godavari at Bhadrachalam,Godavari,2026-01-09 04:00:00+00:00,45.038594648926576,NORMAL,47.5,48.5,53.0,17.66865,80.87403,GDBDCL_2026-01-09T04:00:00+0000_45.0386
GDBDCL,Godavari at Bhadrachalam,Godavari,2026-01-09 05:00:00+00:00,44.96217891049696,NORMAL,47.5,48.5,53.0,17.66865,80.87403,GDBDCL_2026-01-09T05:00:00+0000_44.9622
GDBDCL,Godavari at Bhadrachalam,Godavari,2026-01-09 06:00:00+00:00,45.01405141801964,NORMAL,47.5,48.5,53.0,17.66865,80.87403,GDBDCL_2026-01-09T06:00:00+0000_45.0141
GDBDCL,Godavari at Bhadrachalam,Godavari,2026-01-09 07:00:00+00:00,44.95589560789672,NORMAL,47.5,48.5,53.0,17.66865,80.87403,GDBDCL_2026-01-09T07:00:00+0000_44.9559
GDBDCL,Godavari at Bhadrachalam,Godavari,2026-01-09 08:00:00+00:00,44.865879794025005,NORMAL,47.5,48.5,53.0,17.66865,80.87403,GDBDCL_2026-01-09T08:00:00+0000_44.8659
GDBDCL,Godavari at Bhadrachalam,Godavari,2026-01-09 09:00:00+00:00,44.8732152297287,NORMAL,47.5,48.5,53.0,17.66865,80.87403,GDBDCL_2026-01-09T09:00:00+0000_44.8732
GDBDCL,Godavari at Bhadrachalam,Godavari,2026-01-09 10:00:00+00:00,44.84752517728736,NORMAL,47.5,48.5,53.0,17.66865,80.87403,GDBDCL_2026-01-09T10:00:00+0000_44.8475
GDBDCL,Godavari at Bhadrachalam,Godavari,2026-01-09 11:00:00+00:00,44.77040352786497,NORMAL,47.5,48.5,53.0,17.66865,80.87403,GDBDCL_2026-01-09T11:00:00+0000_44.7704
GDBDCL,Godavari at Bhadrachalam,Godavari,2026-01-09 12:00:00+00:00,44.74472217181785,NORMAL,47.5,48.5,53.0,17.66865,80.87403,GDBDCL_2026-01-09T12:00:00+0000_44.7447
GDBDCL,Godavari at Bhadrachalam,Godavari,2026-01-09 13:00:00+00:00,44.81954603345057,NORMAL,47.5,48.5,53.0,17.66865,80.87403,GDBDCL_2026-01-09T13:00:00+0000_44.8195
GDBDCL,Godavari at Bhadrachalam,Godavari,2026-01-09 14:00:00+00:00,44.76528477017754,NORMAL,47.5,48.5,53.0,17.66865,80.87403,GDBDCL_2026-01-09T14:00:00+0000_44.7653
GDBDCL,Godavari at Bhadrachalam,Godavari,2026-01-09 15:00:00+00:00,44.80099092413711,NORMAL,47.5,48.5,53.0,17.66865,80.87403,GDBDCL_2026-01-09T15:00:00+0000_44.8010
GDBDCL,Godavari at Bhadrachalam,Godavari,2026-01-09 16:00:00+00:00,44.75358201734923,NORMAL,47.5,48.5,53.0,17.66865,80.87403,GDBDCL_2026-01-09T16:00:00+0000_44.7536
GDBDCL,Godavari at Bhadrachalam,Godavari,2026-01-09 17:00:00+00:00,44.81055246124621,NORMAL,47.5,48.5,53.0,17.66865,80.87403,GDBDCL_2026-01-09T17:00:00+0000_44.8106
GDBDCL,Godavari at Bhadrachalam,Godavari,2026-01-09 18:00:00+00:00,44.90627485911757,NORMAL,47.5,48.5,53.0,17.66865,80.87403,GDBDCL_2026-01-09T18:00:00+0000_44.9063
GDBDCL,Godavari at Bhadrachalam,Godavari,2026-01-09 19:00:00+00:00,44.91858363869847,NORMAL,47.5,48.5,53.0,17.66865,80.87403,GDBDCL_2026-01-09T19:00:00+0000_44.9186
GDBDCL,Godavari at Bhadrachalam,Godavari,2026-01-09 20:00:00+00:00,48.14198124167456,WARNING,47.5,48.5,53.0,17.66865,80.87403,GDBDCL_2026-01-09T20:00:00+0000_48.1420
GDBDCL,Godavari at Bhadrachalam,Godavari,2026-01-09 21:00:00+00:00,47.7956682590612,WARNING,47.5,48.5,53.0,17.66865,80.87403,GDBDCL_2026-01-09T21:00:00+0000_47.7957
GDBDCL,Godavari at Bhadrachalam,Godavari,2026-01-09 22:00:00+00:00,44.971597651330335,NORMAL,47.5,48.5,53.0,17.66865,80.87403,GDBDCL_2026-01-09T22:00:00+0000_44.9716
GDBDCL,Godavari at Bhadrachalam,Godavari,2026-01-09 23:00:00+00:00,45.069922408876856,NORMAL,47.5,48.5,53.0,17.66865,80.87403,GDBDCL_2026-01-09T23:00:00+0000_45.0699
GDBDCL,Godavari at Bhadrachalam,Godavari,2026-01-10 00:00:00+00:00,45.01913191707023,NORMAL,47.5,48.5,53.0,17.66865,80.87403,GDBDCL_2026-01-10T00:00:00+0000_45.0191
GDBDCL,Godavari at Bhadrachalam,Godavari,2026-01-10 01:00:00+00:00,45.066891876977294,NORMAL,47.5,48.5,53.0,17.66865,80.87403,GDBDCL_2026-01-10T01:00:00+0000_45.0669
GDBDCL,Godavari at Bhadrachalam,Godavari,2026-01-10 02:00:00+00:00,45.01332602330269,NORMAL,47.5,48.5,53.0,17.66865,80.87403,GDBDCL_2026-01-10T02:00:00+0000_45.0133
GDBDCL,Godavari at Bhadrachalam,Godavari,2026-01-10 03:00:00+00:00,45.02871263512497,NORMAL,47.5,48.5,53.0,17.66865,80.87403,GDBDCL_2026-01-10T03:00:00+0000_45.0287
GDBDCL,Godavari at Bhadrachalam,Godavari,2026-01-10 04:00:00+00:00,45.0424350737142,NORMAL,47.5,48.5,53.0,17.66865,80.87403,GDBDCL_2026-01-10T04:00:00+0000_45.0424
GDBDCL,Godavari at Bhadrachalam,Godavari,2026-01-10 05:00:00+00:00,45.019784229552464,NORMAL,47.5,48.5,53.0,17.66865,80.87403,GDBDCL_2026-01-10T05:00:00+0000_45.0198
GDBDCL,Godavari at Bhadrachalam,Godavari,2026-01-10 06:00:00+00:00,45.018112188423046,NORMAL,47.5,48.5,53.0,17.66865,80.87403,GDBDCL_2026-01-10T06:00:00+0000_45.0181
GDBDCL,Godavari at Bhadrachalam,Godavari,2026-01-10 07:00:00+00:00,44.97262367724472,NORMAL,47.5,48.5,53.0,17.66865,80.87403,GDBDCL_2026-01-10T07:00:00+0000_44.9726
GDBDCL,Godavari at Bhadrachalam,Godavari,2026-01-10 08:00:00+00:00,44.89702328776136,NORMAL,47.5,48.5,53.0,17.66865,80.87403,GDBDCL_2026-01-10T08:00:00+0000_44.8970
GDBDCL,Godavari at Bhadrachalam,Godavari,2026-01-10 09:00:00+00:00,44.8587463588056,NORMAL,47.5,48.5,53.0,17.66865,80.87403,GDBDCL_2026-01-10T09:00:00+0000_44.8587
GDBDCL,Godavari at Bhadrachalam,Godavari,2026-01-10 10:00:00+00:00,44.81761833029013,NORMAL,47.5,48.5,53.0,17.66865,80.87403,GDBDCL_2026-01-10T10:00:00+0000_44.8176
GDBDCL,Godavari at Bhadrachalam,Godavari,2026-01-10 11:00:00+00:00,44.81421331929295,NORMAL,47.5,48.5,53.0,17.66865,80.87403,GDBDCL_2026-01-10T11:00:00+0000_44.8142
GDBDCL,Godavari at Bhadrachalam,Godavari,2026-01-10 12:00:00+00:00,44.832159046255214,NORMAL,47.5,48.5,53.0,17.66865,80.87403,GDBDCL_2026-01-10T12:00:00+0000_44.8322
GDBDCL,Godavari at Bhadrachalam,Godavari,2026-01-10 13:00:00+00:00,44.777303637269775,NORMAL,47.5,48.5,53.0,17.66865,80.87403,GDBDCL_2026-01-10T13:00:00+0000_44.7773
GDBDCL,Godavari at Bhadrachalam,Godavari,2026-01-10 14:00:00+00:00,44.78372938487071,NORMAL,47.5,48.5,53.0,17.66865,80.87403,GDBDCL_2026-01-10T14:00:00+0000_44.7837
GDBDCL,Godavari at Bhadrachalam,Godavari,2026-01-10 15:00:00+00:00,44.76096852114331,NORMAL,47.5,48.5,53.0,17.66865,80.87403,GDBDCL_2026-01-10T15:00:00+0000_44.7610
GDBDCL,Godavari at Bhadrachalam,Godavari,2026-01-10 16:00:00+00:00,44.81116952254713,NORMAL,47.5,48.5,53.0,17.66865,80.87403,GDBDCL_2026-01-10T16:00:00+0000_44.8112
GDBDCL,Godavari at Bhadrachalam,Godavari,2026-01-10 17:00:00+00:00,44.811273480590735,NORMAL,47.5,48.5,53.0,17.66865,80.87403,GDBDCL_2026-01-10T17:00:00+0000_44.8113
GDBDCL,Godavari at Bhadrachalam,Godavari,2026-01-10 18:00:00+00:00,44.84847457842703,NORMAL,47.5,48.5,53.0,17.66865,80.87403,GDBDCL_2026-01-10T18:00:00+0000_44.8485
GDBDCL,Godavari at Bhadrachalam,Godavari,2026-01-10 19:00:00+00:00,44.8886816886,NORMAL,47.5,48.5,53.0,17.66865,80.87403,GDBDCL_2026-01-10T19:00:00+0000_44.8887
GDBDCL,Godavari at Bhadrachalam,Godavari,2026-01-10 20:00:00+00:00,44.92114744664583,NORMAL,47.5,48.5,53.0,17.66865,80.87403,GDBDCL_2026-01-10T20:00:00+0000_44.9211
GDBDCL,Godavari at Bhadrachalam,Godavari,2026-01-10 21:00:00+00:00,45.00062004485043,NORMAL,47.5,48.5,53.0,17.66865,80.87403,GDBDCL_2026-01-10T21:00:00+0000_45.0006
GDBDCL,Godavari at Bhadrachalam,Godavari,2026-01-10 22:00:00+00:00,44.98676161908218,NORMAL,47.5,48.5,53.0,17.66865,80.87403,GDBDCL_2026-01-10T22:00:00+0000_44.9868
GDBDCL,Godavari at Bhadrachalam,Godavari,2026-01-10 23:00:00+00:00,45.02127673413762,NORMAL,47.5,48.5,53.0,17.66865,80.87403,GDBDCL_2026-01-10T23:00:00+0000_45.0213
GDBDCL,Godavari at Bhadrachalam,Godavari,2026-01-11 00:00:00+00:00,45.0609926706267,NORMAL,47.5,48.5,53.0,17.66865,80.87403,GDBDCL_2026-01-11T00:00:00+0000_45.0610
GDBDCL,Godavari at Bhadrachalam,Godavari,2026-01-11 01:00:00+00:00,45.08005990537919,NORMAL,47.5,48.5,53.0,17.66865,80.87403,GDBDCL_2026-01-11T01:00:00+0000_45.0801
GDBDCL,Godavari at Bhadrachalam,Godavari,2026-01-11 02:00:00+00:00,45.00848955898689,NORMAL,47.5,48.5,53.0,17.66865,80.87403,GDBDCL_2026-01-11T02:00:00+0000_45.0085
GDBDCL,Godavari at Bhadrachalam,Godavari,2026-01-11 03:00:00+00:00,45.014876107231295,NORMAL,47.5,48.5,53.0,17.66865,80.87403,GDBDCL_2026-01-11T03:00:00+0000_45.0149
GDBDCL,Godavari at Bhadrachalam,Godavari,2026-01-11 04:00:00+00:00,45.022828115481566,NORMAL,47.5,48.5,53.0,17.66865,80.87403,GDBDCL_2026-01-11T04:00:00+0000_45.0228
GDBDCL,Godavari at Bhadrachalam,Godavari,2026-01-11 05:00:00+00:00,44.99138817287461,NORMAL,47.5,48.5,53.0,17.66865,80.87403,GDBDCL_2026-01-11T05:00:00+0000_44.9914
GDBDCL,Godavari at Bhadrachalam,Godavari,2026-01-11 06:00:00+00:00,44.98936844750491,NORMAL,47.5,48.5,53.0,17.66865,80.87403,GDBDCL_2026-01-11T06:00:00+0000_44.9894
GDBDCL,Godavari at Bhadrachalam,Godavari,2026-01-11 07:00:00+00:00,44.94488490354679,NORMAL,47.5,48.5,53.0,17.66865,80.87403,GDBDCL_2026-01-11T07:00:00+0000_44.9449
GDBDCL,Godavari at Bhadrachalam,Godavari,2026-01-11 08:00:00+00:00,44.88711271780066,NORMAL,47.5,48.5,53.0,17.66865,80.87403,GDBDCL_2026-01-11T08:00:00+0000_44.8871
GDBDCL,Godavari at Bhadrachalam,Godavari,2026-01-11 09:00:00+00:00,44.866957997362725,NORMAL,47.5,48.5,53.0,17.66865,80.87403,GDBDCL_2026-01-11T09:00:00+0000_44.8670
GDBDCL,Godavari at Bhadrachalam,Godavari,2026-01-11 10:00:00+00:00,44.8125463185328,NORMAL,47.5,48.5,53.0,17.66865,80.87403,GDBDCL_2026-01-11T10:00:00+0000_44.8125
GDBDCL,Godavari at Bhadrachalam,Godavari,2026-01-11 11:00:00+00:00,44.79064226551379,NORMAL,47.5,48.5,53.0,17.66865,80.87403,GDBDCL_2026-01-11T11:00:00+0000_44.7906
GDBDCL,Godavari at Bhadrachalam,Godavari,2026-01-11 12:00:00+00:00,44.75861451373167,NORMAL,47.5,48.5,53.0,17.66865,80.87403,GDBDCL_2026-01-11T12:00:00+0000_44.7586
GDBDCL,Godavari at Bhadrachalam,Godavari,2026-01-11 13:00:00+00:00,44.74016296554601,NORMAL,47.5,48.5,53.0,17.66865,80.87403,GDBDCL_2026-01-11T13:00:00+0000_44.7402
GDBDCL,Godavari at Bhadrachalam,Godavari,2026-01-11 14:00:00+00:00,44.75180481240713,NORMAL,47.5,48.5,53.0,17.66865,80.87403,GDBDCL_2026-01-11T14:00:00+0000_44.7518
GDBDCL,Godavari at Bhadrachalam,Godavari,2026-01-11 15:00:00+00:00,44.79121967806632,NORMAL,47.5,48.5,53.0,17.66865,80.87403,GDBDCL_2026-01-11T15:00:00+0000_44.7912
GDBDCL,Godavari at Bhadrachalam,Godavari,2026-01-11 16:00:00+00:00,44.81508185863336,NORMAL,47.5,48.5,53.0,17.66865,80.87403,GDBDCL_2026-01-11T16:00:00+0000_44.8151
GDBDCL,Godavari at Bhadrachalam,Godavari,2026-01-11 17:00:00+00:00,44.84680480628878,NORMAL,47.5,48.5,53.0,17.66865,80.87403,GDBDCL_2026-01-11T17:00:00+0000_44.8468
GDBDCL,Godavari at Bhadrachalam,Godavari,2026-01-11 18:00:00+00:00,44.86027334286216,NORMAL,47.5,48.5,53.0,17.66865,80.87403,GDBDCL_2026-01-11T18:00:00+0000_44.8603
GDBDCL,Godavari at Bhadrachalam,Godavari,2026-01-11 19:00:00+00:00,44.8768677796742,NORMAL,47.5,48.5,53.0,17.66865,80.87403,GDBDCL_2026-01-11T19:00:00+0000_44.8769
GDBDCL,Godavari at Bhadrachalam,Godavari,2026-01-11 20:00:00+00:00,44.96268680897629,NORMAL,47.5,48.5,53.0,17.66865,80.87403,GDBDCL_2026-01-11T20:00:00+0000_44.9627
GDBDCL,Godavari at Bhadrachalam,Godavari,2026-01-11 21:00:00+00:00,44.96788389566311,NORMAL,47.5,48.5,53.0,17.66865,80.87403,GDBDCL_2026-01-11T21:00:00+0000_44.9679
GDBDCL,Godavari at Bhadrachalam,Godavari,2026-01-11 22:00:00+00:00,,,47.5,48.5,53.0,17.66865,80.87403,GDBDCL_2026-01-11T22:00:00+0000_
GDBDCL,Godavari at Bhadrachalam,Godavari,2026-01-11 23:00:00+00:00,45.013366335526776,NORMAL,47.5,48.5,53.0,17.66865,80.87403,GDBDCL_2026-01-11T23:00:00+0000_45.0134
GDBDCL,Godavari at Bhadrachalam,Godavari,2026-01-12 00:00:00+00:00,45.03121122931954,NORMAL,47.5,48.5,53.0,17.66865,80.87403,GDBDCL_2026-01-12T00:00:00+0000_45.0312
GDBDCL,Godavari at Bhadrachalam,Godavari,2026-01-12 01:00:00+00:00,45.07005668874866,NORMAL,47.5,48.5,53.0,17.66865,80.87403,GDBDCL_2026-01-12T01:00:00+0000_45.0701
GDBDCL,Godavari at Bhadrachalam,Godavari,2026-01-12 02:00:00+00:00,45.04828904866845,NORMAL,47.5,48.5,53.0,17.66865,80.87403,GDBDCL_2026-01-12T02:00:00+0000_45.0483
GDBDCL,Godavari at Bhadrachalam,Godavari,2026-01-12 03:00:00+00:00,45.0193036826808,NORMAL,47.5,48.5,53.0,17.66865,80.87403,GDBDCL_2026-01-12T03:00:00+0000_45.0193
GDBDCL,Godavari at Bhadrachalam,Godavari,2026-01-12 04:00:00+00:00,44.98497816828518,NORMAL,47.5,48.5,53.0,17.66865,80.87403,GDBDCL_2026-01-12T04:00:00+0000_44.9850
GDBDCL,Godavari at Bhadrachalam,Godavari,2026-01-12 05:00:00+00:00,45.038033919371,NORMAL,47.5,48.5,53.0,17.66865,80.87403,GDBDCL_2026-01-12T05:00:00+0000_45.0380
GDBDCL,Godavari at Bhadrachalam,Godavari,2026-01-12 06:00:00+00:00,45.00502488602752,NORMAL,47.5,48.5,53.0,17.66865,80.87403,GDBDCL_2026-01-12T06:00:00+0000_45.0050
GDBDCL,Godavari at Bhadrachalam,Godavari,2026-01-12 07:00:00+00:00,44.92692142868256,NORMAL,47.5,48.5,53.0,17.66865,80.87403,GDBDCL_2026-01-12T07:00:00+0000_44.9269
GDBDCL,Godavari at Bhadrachalam,Godavari,2026-01-12 08:00:00+00:00,44.94747752497784,NORMAL,47.5,48.5,53.0,17.66865,80.87403,GDBDCL_2026-01-12T08:00:00+0000_44.9475
GDBDCL,Godavari at Bhadrachalam,Godavari,2026-01-12 09:00:00+00:00,44.84071086468508,NORMAL,47.5,48.5,53.0,17.66865,80.87403,GDBDCL_2026-01-12T09:00:00+0000_44.8407
GDBDCL,Godavari at Bhadrachalam,Godavari,2026-01-12 10:00:00+00:00,44.83175118751433,NORMAL,47.5,48.5,53.0,17.66865,80.87403,GDBDCL_2026-01-12T10:00:00+0000_44.8318
GDBDCL,Godavari at Bhadrachalam,Godavari,2026-01-12 11:00:00+00:00,44.768416874071015,NORMAL,47.5,48.5,53.0,17.66865,80.87403,GDBDCL_2026-01-12T11:00:00+0000_44.7684
GDBDCL,Godavari at Bhadrachalam,Godavari,2026-01-12 12:00:00+00:00,44.83948199143667,NORMAL,47.5,48.5,53.0,17.66865,80.87403,GDBDCL_2026-01-12T12:00:00+0000_44.8395
GDBDCL,Godavari at Bhadrachalam,Godavari,2026-01-12 13:00:00+00:00,44.82170155474308,NORMAL,47.5,48.5,53.0,17.66865,80.87403,GDBDCL_2026-01-12T13:00:00+0000_44.8217
GDBDCL,Godavari at Bhadrachalam,Godavari,2026-01-12 14:00:00+00:00,44.740747004625696,NORMAL,47.5,48.5,53.0,17.66865,80.87403,GDBDCL_2026-01-12T14:00:00+0000_44.7407
GDBDCL,Godavari at Bhadrachalam,Godavari,2026-01-12 15:00:00+00:00,44.79184068273134,NORMAL,47.5,48.5,53.0,17.66865,80.87403,GDBDCL_2026-01-12T15:00:00+0000_44.7918
GDBDCL,Godavari at Bhadrachalam,Godavari,2026-01-12 16:00:00+00:00,44.78050221263717,NORMAL,47.5,48.5,53.0,17.66865,80.87403,GDBDCL_2026-01-12T16:00:00+0000_44.7805
GDBDCL,Godavari at Bhadrachalam,Godavari,2026-01-12 17:00:00+00:00,44.80789049355094,NORMAL,47.5,48.5,53.0,17.66865,80.87403,GDBDCL_2026-01-12T17:00:00+0000_44.8079
GDBDCL,Godavari at Bhadrachalam,Godavari,2026-01-12 18:00:00+00:00,44.84678143097258,NORMAL,47.5,48.5,53.0,17.66865,80.87403,GDBDCL_2026-01-12T18:00:00+0000_44.8468
GDBDCL,Godavari at Bhadrachalam,Godavari,2026-01-12 19:00:00+00:00,44.91373954990465,NORMAL,47.5,48.5,53.0,17.66865,80.87403,GDBDCL_2026-01-12T19:00:00+0000_44.9137
GDBDCL,Godavari at Bhadrachalam,Godavari,2026-01-12 20:00:00+00:00,44.89212987501741,NORMAL,47.5,48.5,53.0,17.66865,80.87403,GDBDCL_2026-01-12T20:00:00+0000_44.8921
GDBDCL,Godavari at Bhadrachalam,Godavari,2026-01-12 21:00:00+00:00,46.75423251312281,NORMAL,47.5,48.5,53.0,17.66865,80.87403,GDBDCL_2026-01-12T21:00:00+0000_46.7542
GDBDCL,Godavari at Bhadrachalam,Godavari,2026-01-12 22:00:00+00:00,46.63504254500822,NORMAL,47.5,48.5,53.0,17.66865,80.87403,GDBDCL_2026-01-12T22:00:00+0000_46.6350
GDBDCL,Godavari at Bhadrachalam,Godavari,2026-01-12 23:00:00+00:00,46.49891549470781,NORMAL,47.5,48.5,53.0,17.66865,80.87403,GDBDCL_2026-01-12T23:00:00+0000_46.4989
GDBDCL,Godavari at Bhadrachalam,Godavari,2026-01-13 00:00:00+00:00,45.03084304751589,NORMAL,47.5,48.5,53.0,17.66865,80.87403,GDBDCL_2026-01-13T00:00:00+0000_45.0308
GDBDCL,Godavari at Bhadrachalam,Godavari,2026-01-13 01:00:00+00:00,45.10083624746839,NORMAL,47.5,48.5,53.0,17.66865,80.87403,GDBDCL_2026-01-13T01:00:00+0000_45.1008
GDBDCL,Godavari at Bhadrachalam,Godavari,2026-01-13 02:00:00+00:00,45.08090302186754,NORMAL,47.5,48.5,53.0,17.66865,80.87403,GDBDCL_2026-01-13T02:00:00+0000_45.0809
GDBDCL,Godavari at Bhadrachalam,Godavari,2026-01-13 03:00:00+00:00,45.03829050742905,NORMAL,47.5,48.5,53.0,17.66865,80.87403,GDBDCL_2026-01-13T03:00:00+0000_45.0383
GDBDCL,Godavari at Bhadrachalam,Godavari,2026-01-13 04:00:00+00:00,45.08447022283514,NORMAL,47.5,48.5,53.0,17.66865,80.87403,GDBDCL_2026-01-13T04:00:00+0000_45.0845
GDBDCL,Godavari at Bhadrachalam,Godavari,2026-01-13 05:00:00+00:00,45.05664223034177,NORMAL,47.5,48.5,53.0,17.66865,80.87403,GDBDCL_2026-01-13T05:00:00+0000_45.0566
GDBDCL,Godavari at Bhadrachalam,Godavari,2026-01-13 06:00:00+00:00,44.94190389928698,NORMAL,47.5,48.5,53.0,17.66865,80.87403,GDBDCL_2026-01-13T06:00:00+0000_44.9419
GDBDCL,Godavari at Bhadrachalam,Godavari,2026-01-13 07:00:00+00:00,44.96299816952335,NORMAL,47.5,48.5,53.0,17.66865,80.87403,GDBDCL_2026-01-13T07:00:00+0000_44.9630
GDBDCL,Godavari at Bhadrachalam,Godavari,2026-01-13 08:00:00+00:00,44.87419327445603,NORMAL,47.5,48.5,53.0,17.66865,80.87403,GDBDCL_2026-01-13T08:00:00+0000_44.8742
GDBDCL,Godavari at Bhadrachalam,Godavari,2026-01-13 09:00:00+00:00,44.89564652024936,NORMAL,47.5,48.5,53.0,17.66865,80.87403,GDBDCL_2026-01-13T09:00:00+0000_44.8956
GDBDCL,Godavari at Bhadrachalam,Godavari,2026-01-13 10:00:00+00:00,44.84379657707257,NORMAL,47.5,48.5,53.0,17.66865,80.87403,GDBDCL_2026-01-13T10:00:00+0000_44.8438
GDBDCL,Godavari at Bhadrachalam,Godavari,2026-01-13 11:00:00+00:00,44.831838727891146,NORMAL,47.5,48.5,53.0,17.66865,80.87403,GDBDCL_2026-01-13T11:00:00+0000_44.8318
GDBDCL,Godavari at Bhadrachalam,Godavari,2026-01-13 12:00:00+00:00,44.83269958408676,NORMAL,47.5,48.5,53.0,17.66865,80.87403,GDBDCL_2026-01-13T12:00:00+0000_44.8327
GDBDCL,Godavari at Bhadrachalam,Godavari,2026-01-13 13:00:00+00:00,44.764884314878856,NORMAL,47.5,48.5,53.0,17.66865,80.87403,GDBDCL_2026-01-13T13:00:00+0000_44.7649
GDBDCL,Godavari at Bhadrachalam,Godavari,2026-01-13 14:00:00+00:00,44.7840274315088,NORMAL,47.5,48.5,53.0,17.66865,80.87403,GDBDCL_2026-01-13T14:00:00+0000_44.7840
GDBDCL,Godavari at Bhadrachalam,Godavari,2026-01-13 15:00:00+00:00,44.78401710848801,NORMAL,47.5,48.5,53.0,17.66865,80.87403,GDBDCL_2026-01-13T15:00:00+0000_44.7840
GDBDCL,Godavari at Bhadrachalam,Godavari,2026-01-13 16:00:00+00:00,44.80678230752694,NORMAL,47.5,48.5,53.0,17.66865,80.87403,GDBDCL_2026-01-13T16:00:00+0000_44.8068
GDBDCL,Godavari at Bhadrachalam,Godavari,2026-01-13 17:00:00+00:00,44.87070119589803,NORMAL,47.5,48.5,53.0,17.66865,80.87403,GDBDCL_2026-01-13T17:00:00+0000_44.8707
GDBDCL,Godavari at Bhadrachalam,Godavari,2026-01-13 18:00:00+00:00,44.89629463236379,NORMAL,47.5,48.5,53.0,17.66865,80.87403,GDBDCL_2026-01-13T18:00:00+0000_44.8963
GDBDCL,Godavari at Bhadrachalam,Godavari,2026-01-13 19:00:00+00:00,44.87553149507264,NORMAL,47.5,48.5,53.0,17.66865,80.87403,GDBDCL_2026-01-13T19:00:00+0000_44.8755
GDBDCL,Godavari at Bhadrachalam,Godavari,2026-01-13 20:00:00+00:00,46.10254508093143,NORMAL,47.5,48.5,53.0,17.66865,80.87403,GDBDCL_2026-01-13T20:00:00+0000_46.1025
GDBDCL,Godavari at Bhadrachalam,Godavari,2026-01-13 21:00:00+00:00,46.034151803550834,NORMAL,47.5,48.5,53.0,17.66865,80.87403,GDBDCL_2026-01-13T21:00:00+0000_46.0342
GDBDCL,Godavari at Bhadrachalam,Godavari,2026-01-13 22:00:00+00:00,45.96576925506045,NORMAL,47.5,48.5,53.0,17.66865,80.87403,GDBDCL_2026-01-13T22:00:00+0000_45.9658
GDBDCL,Godavari at Bhadrachalam,Godavari,2026-01-13 23:00:00+00:00,45.04731336497952,NORMAL,47.5,48.5,53.0,17.66865,80.87403,GDBDCL_2026-01-13T23:00:00+0000_45.0473
GDBDCL,Godavari at Bhadrachalam,Godavari,2026-01-14 00:00:00+00:00,45.08964959683987,NORMAL,47.5,48.5,53.0,17.66865,80.87403,GDBDCL_2026-01-14T00:00:00+0000_45.0896
GDBDCL,Godavari at Bhadrachalam,Godavari,2026-01-14 01:00:00+00:00,45.04962123859676,NORMAL,47.5,48.5,53.0,17.66865,80.87403,GDBDCL_2026-01-14T01:00:00+0000_45.0496
GDBDCL,Godavari at Bhadrachalam,Godavari,2026-01-14 02:00:00+00:00,47.04736776559768,NORMAL,47.5,48.5,53.0,17.66865,80.87403,GDBDCL_2026-01-14T02:00:00+0000_47.0474
GDBDCL,Godavari at Bhadrachalam,Godavari,2026-01-14 03:00:00+00:00,46.80795800142492,NORMAL,47.5,48.5,53.0,17.66865,80.87403,GDBDCL_2026-01-14T03:00:00+0000_46.8080
GDBDCL,Godavari at Bhadrachalam,Godavari,2026-01-14 04:00:00+00:00,46.68408150313542,NORMAL,47.5,48.5,53.0,17.66865,80.87403,GDBDCL_2026-01-14T04:00:00+0000_46.6841
GDBDCL,Godavari at Bhadrachalam,Godavari,2026-01-14 05:00:00+00:00,46.51083022837036,NORMAL,47.5,48.5,53.0,17.66865,80.87403,GDBDCL_2026-01-14T05:00:00+0000_46.5108
GDBDCL,Godavari at Bhadrachalam,Godavari,2026-01-14 06:00:00+00:00,46.31066588065285,NORMAL,47.5,48.5,53.0,17.66865,80.87403,GDBDCL_2026-01-14T06:00:00+0000_46.3107
GDBDCL,Godavari at Bhadrachalam,Godavari,2026-01-14 07:00:00+00:00,46.09721451260222,NORMAL,47.5,48.5,53.0,17.66865,80.87403,GDBDCL_2026-01-14T07:00:00+0000_46.0972
GDBDCL,Godavari at Bhadrachalam,Godavari,2026-01-14 08:00:00+00:00,44.9196365046937,NORMAL,47.5,48.5,53.0,17.66865,80.87403,GDBDCL_2026-01-14T08:00:00+0000_44.9196
GDBDCL,Godavari at Bhadrachalam,Godavari,2026-01-14 09:00:00+00:00,44.82725772501249,NORMAL,47.5,48.5,53.0,17.66865,80.87403,GDBDCL_2026-01-14T09:00:00+0000_44.8273
GDBDCL,Godavari at Bhadrachalam,Godavari,2026-01-14 10:00:00+00:00,44.87359585475801,NORMAL,47.5,48.5,53.0,17.66865,80.87403,GDBDCL_2026-01-14T10:00:00+0000_44.8736
GDBDCL,Godavari at Bhadrachalam,Godavari,2026-01-14 11:00:00+00:00,44.813764001338406,NORMAL,47.5,48.5,53.0,17.66865,80.87403,GDBDCL_2026-01-14T11:00:00+0000_44.8138
GDBDCL,Godavari at Bhadrachalam,Godavari,2026-01-14 12:00:00+00:00,44.81891493935088,NORMAL,47.5,48.5,53.0,17.66865,80.87403,GDBDCL_2026-01-14T12:00:00+0000_44.8189
GDBDCL,Godavari at Bhadrachalam,Godavari,2026-01-14 13:00:00+00:00,44.74594838971112,NORMAL,47.5,48.5,53.0,17.66865,80.87403,GDBDCL_2026-01-14T13:00:00+0000_44.7459
GDBDCL,Godavari at Bhadrachalam,Godavari,2026-01-14 14:00:00+00:00,44.81852418612916,NORMAL,47.5,48.5,53.0,17.66865,80.87403,GDBDCL_2026-01-14T14:00:00+0000_44.8185
GDBDCL,Godavari at Bhadrachalam,Godavari,2026-01-14 15:00:00+00:00,44.819745336373074,NORMAL,47.5,48.5,53.0,17.66865,80.87403,GDBDCL_2026-01-14T15:00:00+0000_44.8197
GDBDCL,Godavari at Bhadrachalam,Godavari,2026-01-14 16:00:00+00:00,44.830090184614114,NORMAL,47.5,48.5,53.0,17.66865,80.87403,GDBDCL_2026-01-14T16:00:00+0000_44.8301
GDBDCL,Godavari at Bhadrachalam,Godavari,2026-01-14 17:00:00+00:00,44.88377558276587,NORMAL,47.5,48.5,53.0,17.66865,80.87403,GDBDCL_2026-01-14T17:00:00+0000_44.8838
GDBDCL,Godavari at Bhadrachalam,Godavari,2026-01-14 18:00:00+00:00,44.83660329757725,NORMAL,47.5,48.5,53.0,17.66865,80.87403,GDBDCL_2026-01-14T18:00:00+0000_44.8366
GDBDCL,Godavari at Bhadrachalam,Godavari,2026-01-14 19:00:00+00:00,44.93887179712205,NORMAL,47.5,48.5,53.0,17.66865,80.87403,GDBDCL_2026-01-14T19:00:00+0000_44.9389
GDBDCL,Godavari at Bhadrachalam,Godavari,2026-01-14 20:00:00+00:00,44.94986734127459,NORMAL,47.5,48.5,53.0,17.66865,80.87403,GDBDCL_2026-01-14T20:00:00+0000_44.9499
GDBDCL,Godavari at Bhadrachalam,Godavari,2026-01-14 21:00:00+00:00,45.00513415226328,NORMAL,47.5,48.5,53.0,17.66865,80.87403,GDBDCL_2026-01-14T21:00:00+0000_45.0051
GDBDCL,Godavari at Bhadrachalam,Godavari,2026-01-14 22:00:00+00:00,44.96439989916646,NORMAL,47.5,48.5,53.0,17.66865,80.87403,GDBDCL_2026-01-14T22:00:00+0000_44.9644
GDBDCL,Godavari at Bhadrachalam,Godavari,2026-01-14 23:00:00+00:00,45.04270502561274,NORMAL,47.5,48.5,53.0,17.66865,80.87403,GDBDCL_2026-01-14T23:00:00+0000_45.0427
GDBDCL,Godavari at Bhadrachalam,Godavari,2026-01-15 00:00:00+00:00,45.01436911950176,NORMAL,47.5,48.5,53.0,17.66865,80.87403,GDBDCL_2026-01-15T00:00:00+0000_45.0144
GDBDCL,Godavari at Bhadrachalam,Godavari,2026-01-15 01:00:00+00:00,45.04910266207354,NORMAL,47.5,48.5,53.0,17.66865,80.87403,GDBDCL_2026-01-15T01:00:00+0000_45.0491
GDBDCL,Godavari at Bhadrachalam,Godavari,2026-01-15 02:00:00+00:00,45.07957031759222,NORMAL,47.5,48.5,53.0,17.66865,80.87403,GDBDCL_2026-01-15T02:00:00+0000_45.0796
GDBDCL,Godavari at Bhadrachalam,Godavari,2026-01-15 03:00:00+00:00,45.04545328875675,NORMAL,47.5,48.5,53.0,17.66865,80.87403,GDBDCL_2026-01-15T03:00:00+0000_45.0455
GDBDCL,Godavari at Bhadrachalam,Godavari,2026-01-15 04:00:00+00:00,45.02348539593808,NORMAL,47.5,48.5,53.0,17.66865,80.87403,GDBDCL_2026-01-15T04:00:00+0000_45.0235
GDBDCL,Godavari at Bhadrachalam,Godavari,2026-01-15 05:00:00+00:00,45.00460844021182,NORMAL,47.5,48.5,53.0,17.66865,80.87403,GDBDCL_2026-01-15T05:00:00+0000_45.0046
GDBDCL,Godavari at Bhadrachalam,Godavari,2026-01-15 06:00:00+00:00,44.95303324388049,NORMAL,47.5,48.5,53.0,17.66865,80.87403,GDBDCL_2026-01-15T06:00:00+0000_44.9530
GDBDCL,Godavari at Bhadrachalam,Godavari,2026-01-15 07:00:00+00:00,44.91168039361163,NORMAL,47.5,48.5,53.0,17.66865,80.87403,GDBDCL_2026-01-15T07:00:00+0000_44.9117
GDBDCL,Godavari at Bhadrachalam,Godavari,2026-01-15 08:00:00+00:00,44.893858185370895,NORMAL,47.5,48.5,53.0,17.66865,80.87403,GDBDCL_2026-01-15T08:00:00+0000_44.8939
GDBDCL,Godavari at Bhadrachalam,Godavari,2026-01-15 09:00:00+00:00,44.84303916980563,NORMAL,47.5,48.5,53.0,17.66865,80.87403,GDBDCL_2026-01-15T09:00:00+0000_44.8430
GDBDCL,Godavari at Bhadrachalam,Godavari,2026-01-15 10:00:00+00:00,44.86456745946321,NORMAL,47.5,48.5,53.0,17.66865,80.87403,GDBDCL_2026-01-15T10:00:00+0000_44.8646
GDBDCL,Godavari at Bhadrachalam,Godavari,2026-01-15 11:00:00+00:00,44.84754895498262,NORMAL,47.5,48.5,53.0,17.66865,80.87403,GDBDCL_2026-01-15T11:00:00+0000_44.8475
GDBDCL,Godavari at Bhadrachalam,Godavari,2026-01-15 12:00:00+00:00,44.77806050484219,NORMAL,47.5,48.5,53.0,17.66865,80.87403,GDBDCL_2026-01-15T12:00:00+0000_44.7781
GDBDCL,Godavari at Bhadrachalam,Godavari,2026-01-15 13:00:00+00:00,44.74803546710094,NORMAL,47.5,48.5,53.0,17.66865,80.87403,GDBDCL_2026-01-15T13:00:00+0000_44.7480
GDBDCL,Godavari at Bhadrachalam,Godavari,2026-01-15 14:00:00+00:00,44.76133207032412,NORMAL,47.5,48.5,53.0,17.66865,80.87403,GDBDCL_2026-01-15T14:00:00+0000_44.7613
GDBDCL,Godavari at Bhadrachalam,Godavari,2026-01-15 15:00:00+00:00,44.82317383438825,NORMAL,47.5,48.5,53.0,17.66865,80.87403,GDBDCL_2026-01-15T15:00:00+0000_44.8232
GDBDCL,Godavari at Bhadrachalam,Godavari,2026-01-15 16:00:00+00:00,44.806498376331525,NORMAL,47.5,48.5,53.0,17.66865,80.87403,GDBDCL_2026-01-15T16:00:00+0000_44.8065
GDBDCL,Godavari at Bhadrachalam,Godavari,2026-01-15 17:00:00+00:00,44.83248658773972,NORMAL,47.5,48.5,53.0,17.66865,80.87403,GDBDCL_2026-01-15T17:00:00+0000_44.8325
GDBDCL,Godavari at Bhadrachalam,Godavari,2026-01-15 18:00:00+00:00,44.88616470544274,NORMAL,47.5,48.5,53.0,17.66865,80.87403,GDBDCL_2026-01-15T18:00:00+0000_44.8862
GDBDCL,Godavari at Bhadrachalam,Godavari,2026-01-15 19:00:00+00:00,44.94116516403976,NORMAL,47.5,48.5,53.0,17.66865,80.87403,GDBDCL_2026-01-15T19:00:00+0000_44.9412
GDBDCL,Godavari at Bhadrachalam,Godavari,2026-01-15 20:00:00+00:00,44.90694425161747,NORMAL,47.5,48.5,53.0,17.66865,80.87403,GDBDCL_2026-01-15T20:00:00+0000_44.9069
GDBDCL,Godavari at Bhadrachalam,Godavari,2026-01-15 21:00:00+00:00,44.94604964292842,NORMAL,47.5,48.5,53.0,17.66865,80.87403,GDBDCL_2026-01-15T21:00:00+0000_44.9460
GDBDCL,Godavari at Bhadrachalam,Godavari,2026-01-15 22:00:00+00:00,45.00637022155354,NORMAL,47.5,48.5,53.0,17.66865,80.87403,GDBDCL_2026-01-15T22:00:00+0000_45.0064
GDBDCL,Godavari at Bhadrachalam,Godavari,2026-01-15 23:00:00+00:00,45.06170026795132,NORMAL,47.5,48.5,53.0,17.66865,80.87403,GDBDCL_2026-01-15T23:00:00+0000_45.0617
GDBDCL,Godavari at Bhadrachalam,Godavari,2026-01-16 00:00:00+00:00,45.02449477586017,NORMAL,47.5,48.5,53.0,17.66865,80.87403,GDBDCL_2026-01-16T00:00:00+0000_45.0245
GDBDCL,Godavari at Bhadrachalam,Godavari,2026-01-16 01:00:00+00:00,45.098682523216944,NORMAL,47.5,48.5,53.0,17.66865,80.87403,GDBDCL_2026-01-16T01:00:00+0000_45.0987
GDBDCL,Godavari at Bhadrachalam,Godavari,2026-01-16 02:00:00+00:00,45.030580814875776,NORMAL,47.5,48.5,53.0,17.66865,80.87403,GDBDCL_2026-01-16T02:00:00+0000_45.0306
GDBDCL,Godavari at Bhadrachalam,Godavari,2026-01-16 03:00:00+00:00,45.021576356790575,NORMAL,47.5,48.5,53.0,17.66865,80.87403,GDBDCL_2026-01-16T03:00:00+0000_45.0216
GDBDCL,Godavari at Bhadrachalam,Godavari,2026-01-16 04:00:00+00:00,45.03624710352511,NORMAL,47.5,48.5,53.0,17.66865,80.87403,GDBDCL_2026-01-16T04:00:00+0000_45.0362
GDBDCL,Godavari at Bhadrachalam,Godavari,2026-01-16 05:00:00+00:00,45.05572611799308,NORMAL,47.5,48.5,53.0,17.66865,80.87403,GDBDCL_2026-01-16T05:00:00+0000_45.0557
GDBDCL,Godavari at Bhadrachalam,Godavari,2026-01-16 06:00:00+00:00,44.99135891187975,NORMAL,47.5,48.5,53.0,17.66865,80.87403,GDBDCL_2026-01-16T06:00:00+0000_44.9914
GDBDCL,Godavari at Bhadrachalam,Godavari,2026-01-16 07:00:00+00:00,44.96070674617356,NORMAL,47.5,48.5,53.0,17.66865,80.87403,GDBDCL_2026-01-16T07:00:00+0000_44.9607
GDBDCL,Godavari at Bhadrachalam,Godavari,2026-01-16 08:00:00+00:00,44.93503238162716,NORMAL,47.5,48.5,53.0,17.66865,80.87403,GDBDCL_2026-01-16T08:00:00+0000_44.9350
GDBDCL,Godavari at Bhadrachalam,Godavari,2026-01-16 09:00:00+00:00,44.84134460659255,NORMAL,47.5,48.5,53.0,17.66865,80.87403,GDBDCL_2026-01-16T09:00:00+0000_44.8413
GDBDCL,Godavari at Bhadrachalam,Godavari,2026-01-16 10:00:00+00:00,44.87581264793243,NORMAL,47.5,48.5,53.0,17.66865,80.87403,GDBDCL_2026-01-16T10:00:00+0000_44.8758
GDBDCL,Godavari at Bhadrachalam,Godavari,2026-01-16 11:00:00+00:00,44.84793852961535,NORMAL,47.5,48.5,53.0,17.66865,80.87403,GDBDCL_2026-01-16T11:00:00+0000_44.8479
GDBDCL,Godavari at Bhadrachalam,Godavari,2026-01-16 12:00:00+00:00,44.8141277676667,NORMAL,47.5,48.5,53.0,17.66865,80.87403,GDBDCL_2026-01-16T12:00:00+0000_44.8141
GDBDCL,Godavari at Bhadrachalam,Godavari,2026-01-16 13:00:00+00:00,44.79342889180164,NORMAL,47.5,48.5,53.0,17.66865,80.87403,GDBDCL_2026-01-16T13:00:00+0000_44.7934
GDBDCL,Godavari at Bhadrachalam,Godavari,2026-01-16 14:00:00+00:00,44.74305696754048,NORMAL,47.5,48.5,53.0,17.66865,80.87403,GDBDCL_2026-01-16T14:00:00+0000_44.7431
GDBDCL,Godavari at Bhadrachalam,Godavari,2026-01-16 15:00:00+00:00,44.7567220329984,NORMAL,47.5,48.5,53.0,17.66865,80.87403,GDBDCL_2026-01-16T15:00:00+0000_44.7567
GDBDCL,Godavari at Bhadrachalam,Godavari,2026-01-16 16:00:00+00:00,44.799280176632045,NORMAL,47.5,48.5,53.0,17.66865,80.87403,GDBDCL_2026-01-16T16:00:00+0000_44.7993
GDBDCL,Godavari at Bhadrachalam,Godavari,2026-01-16 17:00:00+00:00,44.83959905575347,NORMAL,47.5,48.5,53.0,17.66865,80.87403,GDBDCL_2026-01-16T17:00:00+0000_44.8396
GDBDCL,Godavari at Bhadrachalam,Godavari,2026-01-16 18:00:00+00:00,44.85254322828551,NORMAL,47.5,48.5,53.0,17.66865,80.87403,GDBDCL_2026-01-16T18:00:00+0000_44.8525
GDBDCL,Godavari at Bhadrachalam,Godavari,2026-01-16 19:00:00+00:00,44.85893661699083,NORMAL,47.5,48.5,53.0,17.66865,80.87403,GDBDCL_2026-01-16T19:00:00+0000_44.8589
GDBDCL,Godavari at Bhadrachalam,Godavari,2026-01-16 20:00:00+00:00,44.96532546176466,NORMAL,47.5,48.5,53.0,17.66865,80.87403,GDBDCL_2026-01-16T20:00:00+0000_44.9653
GDBDCL,Godavari at Bhadrachalam,Godavari,2026-01-16 21:00:00+00:00,44.95159357412143,NORMAL,47.5,48.5,53.0,17.66865,80.87403,GDBDCL_2026-01-16T21:00:00+0000_44.9516
GDBDCL,Godavari at Bhadrachalam,Godavari,2026-01-16 22:00:00+00:00,45.025420554880526,NORMAL,47.5,48.5,53.0,17.66865,80.87403,GDBDCL_2026-01-16T22:00:00+0000_45.0254
GDBDCL,Godavari at Bhadrachalam,Godavari,2026-01-16 23:00:00+00:00,45.01351424552279,NORMAL,47.5,48.5,53.0,17.66865,80.87403,GDBDCL_2026-01-16T23:00:00+0000_45.0135
GDBDCL,Godavari at Bhadrachalam,Godavari,2026-01-17 00:00:00+00:00,45.0386854944616,NORMAL,47.5,48.5,53.0,17.66865,80.87403,GDBDCL_2026-01-17T00:00:00+0000_45.0387
GDBDCL,Godavari at Bhadrachalam,Godavari,2026-01-17 01:00:00+00:00,45.0967171550553,NORMAL,47.5,48.5,53.0,17.66865,80.87403,GDBDCL_2026-01-17T01:00:00+0000_45.0967
GDBDCL,Godavari at Bhadrachalam,Godavari,2026-01-17 02:00:00+00:00,45.05881809379135,NORMAL,47.5,48.5,53.0,17.66865,80.87403,GDBDCL_2026-01-17T02:00:00+0000_45.0588
GDBDCL,Godavari at Bhadrachalam,Godavari,2026-01-17 03:00:00+00:00,45.02166192358016,NORMAL,47.5,48.5,53.0,17.66865,80.87403,GDBDCL_2026-01-17T03:00:00+0000_45.0217
GDBDCL,Godavari at Bhadrachalam,Godavari,2026-01-17 04:00:00+00:00,45.08373691181605,NORMAL,47.5,48.5,53.0,17.66865,80.87403,GDBDCL_2026-01-17T04:00:00+0000_45.0837
GDBDCL,Godavari at Bhadrachalam,Godavari,2026-01-17 05:00:00+00:00,44.97437554159418,NORMAL,47.5,48.5,53.0,17.66865,80.87403,GDBDCL_2026-01-17T05:00:00+0000_44.9744
GDBDCL,Godavari at Bhadrachalam,Godavari,2026-01-17 06:00:00+00:00,44.96457279755432,NORMAL,47.5,48.5,53.0,17.66865,80.87403,GDBDCL_2026-01-17T06:00:00+0000_44.9646
GDBDCL,Godavari at Bhadrachalam,Godavari,2026-01-17 07:00:00+00:00,44.98082625109278,NORMAL,47.5,48.5,53.0,17.66865,80.87403,GDBDCL_2026-01-17T07:00:00+0000_44.9808
GDBDCL,Godavari at Bhadrachalam,Godavari,2026-01-17 08:00:00+00:00,44.95781601980691,NORMAL,47.5,48.5,53.0,17.66865,80.87403,GDBDCL_2026-01-17T08:00:00+0000_44.9578
GDBDCL,Godavari at Bhadrachalam,Godavari,2026-01-17 09:00:00+00:00,44.89108696209326,NORMAL,47.5,48.5,53.0,17.66865,80.87403,GDBDCL_2026-01-17T09:00:00+0000_44.8911
GDBDCL,Godavari at Bhadrachalam,Godavari,2026-01-17 10:00:00+00:00,44.81487412258648,NORMAL,47.5,48.5,53.0,17.66865,80.87403,GDBDCL_2026-01-17T10:00:00+0000_44.8149
GDBDCL,Godavari at Bhadrachalam,Godavari,2026-01-17 11:00:00+00:00,44.7951980821553,NORMAL,47.5,48.5,53.0,17.66865,80.87403,GDBDCL_2026-01-17T11:00:00+0000_44.7952
GDBDCL,Godavari at Bhadrachalam,Godavari,2026-01-17 12:00:00+00:00,44.80425066252073,NORMAL,47.5,48.5,53.0,17.66865,80.87403,GDBDCL_2026-01-17T12:00:00+0000_44.8043
GDBDCL,Godavari at Bhadrachalam,Godavari,2026-01-17 13:00:00+00:00,44.80939360055904,NORMAL,47.5,48.5,53.0,17.66865,80.87403,GDBDCL_2026-01-17T13:00:00+0000_44.8094
GDBDCL,Godavari at Bhadrachalam,Godavari,2026-01-17 14:00:00+00:00,44.83909426072911,NORMAL,47.5,48.5,53.0,17.66865,80.87403,GDBDCL_2026-01-17T14:00:00+0000_44.8391
GDBDCL,Godavari at Bhadrachalam,Godavari,2026-01-17 15:00:00+00:00,44.82327553845536,NORMAL,47.5,48.5,53.0,17.66865,80.87403,GDBDCL_2026-01-17T15:00:00+0000_44.8233
GDBDCL,Godavari at Bhadrachalam,Godavari,2026-01-17 16:00:00+00:00,44.77361362940358,NORMAL,47.5,48.5,53.0,17.66865,80.87403,GDBDCL_2026-01-17T16:00:00+0000_44.7736
GDBDCL,Godavari at Bhadrachalam,Godavari,2026-01-17 17:00:00+00:00,44.82346082457874,NORMAL,47.5,48.5,53.0,17.66865,80.87403,GDBDCL_2026-01-17T17:00:00+0000_44.8235
GDBDCL,Godavari at Bhadrachalam,Godavari,2026-01-17 18:00:00+00:00,44.88805858161275,NORMAL,47.5,48.5,53.0,17.66865,80.87403,GDBDCL_2026-01-17T18:00:00+0000_44.8881
GDBDCL,Godavari at Bhadrachalam,Godavari,2026-01-17 19:00:00+00:00,44.93609447293216,NORMAL,47.5,48.5,53.0,17.66865,80.87403,GDBDCL_2026-01-17T19:00:00+0000_44.9361
GDBDCL,Godavari at Bhadrachalam,Godavari,2026-01-17 20:00:00+00:00,44.92184089650631,NORMAL,47.5,48.5,53.0,17.66865,80.87403,GDBDCL_2026-01-17T20:00:00+0000_44.9218
GDBDCL,Godavari at Bhadrachalam,Godavari,2026-01-17 21:00:00+00:00,44.93392748273688,NORMAL,47.5,48.5,53.0,17.66865,80.87403,GDBDCL_2026-01-17T21:00:00+0000_44.9339
GDBDCL,Godavari at Bhadrachalam,Godavari,2026-01-17 22:00:00+00:00,44.97013722025294,NORMAL,47.5,48.5,53.0,17.66865,80.87403,GDBDCL_2026-01-17T22:00:00+0000_44.9701
GDBDCL,Godavari at Bhadrachalam,Godavari,2026-01-17 23:00:00+00:00,45.006323053634,NORMAL,47.5,48.5,53.0,17.66865,80.87403,GDBDCL_2026-01-17T23:00:00+0000_45.0063
GDBDCL,Godavari at Bhadrachalam,Godavari,2026-01-18 00:00:00+00:00,45.06629658232229,NORMAL,47.5,48.5,53.0,17.66865,80.87403,GDBDCL_2026-01-18T00:00:00+0000_45.0663
GDBDCL,Godavari at Bhadrachalam,Godavari,2026-01-18 01:00:00+00:00,45.045198238805206,NORMAL,47.5,48.5,53.0,17.66865,80.87403,GDBDCL_2026-01-18T01:00:00+0000_45.0452
GDBDCL,Godavari at Bhadrachalam,Godavari,2026-01-18 02:00:00+00:00,45.06095097993289,NORMAL,47.5,48.5,53.0,17.66865,80.87403,GDBDCL_2026-01-18T02:00:00+0000_45.0610
GDBDCL,Godavari at Bhadrachalam,Godavari,2026-01-18 03:00:00+00:00,45.10065009635926,NORMAL,47.5,48.5,53.0,17.66865,80.87403,GDBDCL_2026-01-18T03:00:00+0000_45.1007
GDBDCL,Godavari at Bhadrachalam,Godavari,2026-01-18 04:00:00+00:00,45.00232625886717,NORMAL,47.5,48.5,53.0,17.66865,80.87403,GDBDCL_2026-01-18T04:00:00+0000_45.0023
GDBDCL,Godavari at Bhadrachalam,Godavari,2026-01-18 05:00:00+00:00,44.97138854285848,NORMAL,47.5,48.5,53.0,17.66865,80.87403,GDBDCL_2026-01-18T05:00:00+0000_44.9714
GDBDCL,Godavari at Bhadrachalam,Godavari,2026-01-18 06:00:00+00:00,44.9671301784073,NORMAL,47.5,48.5,53.0,17.66865,80.87403,GDBDCL_2026-01-18T06:00:00+0000_44.9671
GDBDCL,Godavari at Bhadrachalam,Godavari,2026-01-18 07:00:00+00:00,44.99050062381827,NORMAL,47.5,48.5,53.0,17.66865,80.87403,GDBDCL_2026-01-18T07:00:00+0000_44.9905
GDBDCL,Godavari at Bhadrachalam,Godavari,2026-01-18 08:00:00+00:00,44.93052668351827,NORMAL,47.5,48.5,53.0,17.66865,80.87403,GDBDCL_2026-01-18T08:00:00+0000_44.9305
GDBDCL,Godavari at Bhadrachalam,Godavari,2026-01-18 09:00:00+00:00,44.83134543482593,NORMAL,47.5,48.5,53.0,17.66865,80.87403,GDBDCL_2026-01-18T09:00:00+0000_44.8313
GDBDCL,Godavari at Bhadrachalam,Godavari,2026-01-18 10:00:00+00:00,44.872154219635455,NORMAL,47.5,48.5,53.0,17.66865,80.87403,GDBDCL_2026-01-18T10:00:00+0000_44.8722
GDBDCL,Godavari at Bhadrachalam,Godavari,2026-01-18 11:00:00+00:00,44.83863774111664,NORMAL,47.5,48.5,53.0,17.66865,80.87403,GDBDCL_2026-01-18T11:00:00+0000_44.8386
GDBDCL,Godavari at Bhadrachalam,Godavari,2026-01-18 12:00:00+00:00,44.8106037277468,NORMAL,47.5,48.5,53.0,17.66865,80.87403,GDBDCL_2026-01-18T12:00:00+0000_44.8106
GDBDCL,Godavari at Bhadrachalam,Godavari,2026-01-18 13:00:00+00:00,44.7726825873231,NORMAL,47.5,48.5,53.0,17.66865,80.87403,GDBDCL_2026-01-18T13:00:00+0000_44.7727
GDBDCL,Godavari at Bhadrachalam,Godavari,2026-01-18 14:00:00+00:00,44.82464702477179,NORMAL,47.5,48.5,53.0,17.66865,80.87403,GDBDCL_2026-01-18T14:00:00+0000_44.8246
GDBDCL,Godavari at Bhadrachalam,Godavari,2026-01-18 15:00:00+00:00,44.81992408512416,NORMAL,47.5,48.5,53.0,17.66865,80.87403,GDBDCL_2026-01-18T15:00:00+0000_44.8199
GDBDCL,Godavari at Bhadrachalam,Godavari,2026-01-18 16:00:00+00:00,44.78563396287623,NORMAL,47.5,48.5,53.0,17.66865,80.87403,GDBDCL_2026-01-18T16:00:00+0000_44.7856
GDBDCL,Godavari at Bhadrachalam,Godavari,2026-01-18 17:00:00+00:00,44.88535243832151,NORMAL,47.5,48.5,53.0,17.66865,80.87403,GDBDCL_2026-01-18T17:00:00+0000_44.8854
GDBDCL,Godavari at Bhadrachalam,Godavari,2026-01-18 18:00:00+00:00,44.868028809116,NORMAL,47.5,48.5,53.0,17.66865,80.87403,GDBDCL_2026-01-18T18:00:00+0000_44.8680
GDBDCL,Godavari at Bhadrachalam,Godavari,2026-01-18 19:00:00+00:00,44.95602765524122,NORMAL,47.5,48.5,53.0,17.66865,80.87403,GDBDCL_2026-01-18T19:00:00+0000_44.9560
GDBDCL,Godavari at Bhadrachalam,Godavari,2026-01-18 20:00:00+00:00,44.95175083413971,NORMAL,47.5,48.5,53.0,17.66865,80.87403,GDBDCL_2026-01-18T20:00:00+0000_44.9518
GDBDCL,Godavari at Bhadrachalam,Godavari,2026-01-18 21:00:00+00:00,44.979258759952046,NORMAL,47.5,48.5,53.0,17.66865,80.87403,GDBDCL_2026-01-18T21:00:00+0000_44.9793
GDBDCL,Godavari at Bhadrachalam,Godavari,2026-01-18 22:00:00+00:00,45.02572974177063,NORMAL,47.5,48.5,53.0,17.66865,80.87403,GDBDCL_2026-01-18T22:00:00+0000_45.0257
GDBDCL,Godavari at Bhadrachalam,Godavari,2026-01-18 23:00:00+00:00,45.07437812506624,NORMAL,47.5,48.5,53.0,17.66865,80.87403,GDBDCL_2026-01-18T23:00:00+0000_45.0744
GDBDCL,Godavari at Bhadrachalam,Godavari,2026-01-19 00:00:00+00:00,45.03147176127383,NORMAL,47.5,48.5,53.0,17.66865,80.87403,GDBDCL_2026-01-19T00:00:00+0000_45.0315
GDBDCL,Godavari at Bhadrachalam,Godavari,2026-01-19 01:00:00+00:00,45.10492104620366,NORMAL,47.5,48.5,53.0,17.66865,80.87403,GDBDCL_2026-01-19T01:00:00+0000_45.1049
GDBDCL,Godavari at Bhadrachalam,Godavari,2026-01-19 02:00:00+00:00,45.105435627486685,NORMAL,47.5,48.5,53.0,17.66865,80.87403,GDBDCL_2026-01-19T02:00:00+0000_45.1054
GDBDCL,Godavari at Bhadrachalam,Godavari,2026-01-19 03:00:00+00:00,45.073434069705485,NORMAL,47.5,48.5,53.0,17.66865,80.87403,GDBDCL_2026-01-19T03:00:00+0000_45.0734
GDBDCL,Godavari at Bhadrachalam,Godavari,2026-01-19 04:00:00+00:00,45.06537925179855,NORMAL,47.5,48.5,53.0,17.66865,80.87403,GDBDCL_2026-01-19T04:00:00+0000_45.0654
GDBDCL,Godavari at Bhadrachalam,Godavari,2026-01-19 05:00:00+00:00,44.985835474263446,NORMAL,47.5,48.5,53.0,17.66865,80.87403,GDBDCL_2026-01-19T05:00:00+0000_44.9858
GDBDCL,Godavari at Bhadrachalam,Godavari,2026-01-19 06:00:00+00:00,44.98435718589272,NORMAL,47.5,48.5,53.0,17.66865,80.87403,GDBDCL_2026-01-19T06:00:00+0000_44.9844
GDBDCL,Godavari at Bhadrachalam,Godavari,2026-01-19 07:00:00+00:00,44.99075878126085,NORMAL,47.5,48.5,53.0,17.66865,80.87403,GDBDCL_2026-01-19T07:00:00+0000_44.9908
GDBDCL,Godavari at Bhadrachalam,Godavari,2026-01-19 08:00:00+00:00,44.90309856688429,NORMAL,47.5,48.5,53.0,17.66865,80.87403,GDBDCL_2026-01-19T08:00:00+0000_44.9031
GDBDCL,Godavari at Bhadrachalam,Godavari,2026-01-19 09:00:00+00:00,44.83402786545222,NORMAL,47.5,48.5,53.0,17.66865,80.87403,GDBDCL_2026-01-19T09:00:00+0000_44.8340
GDBDCL,Godavari at Bhadrachalam,Godavari,2026-01-19 10:00:00+00:00,44.82666315564078,NORMAL,47.5,48.5,53.0,17.66865,80.87403,GDBDCL_2026-01-19T10:00:00+0000_44.8267
GDBDCL,Godavari at Bhadrachalam,Godavari,2026-01-19 11:00:00+00:00,44.84393070274712,NORMAL,47.5,48.5,53.0,17.66865,80.87403,GDBDCL_2026-01-19T11:00:00+0000_44.8439
GDBDCL,Godavari at Bhadrachalam,Godavari,2026-01-19 12:00:00+00:00,44.77972821281465,NORMAL,47.5,48.5,53.0,17.66865,80.87403,GDBDCL_2026-01-19T12:00:00+0000_44.7797
GDBDCL,Godavari at Bhadrachalam,Godavari,2026-01-19 13:00:00+00:00,46.4216120631134,NORMAL,47.5,48.5,53.0,17.66865,80.87403,GDBDCL_2026-01-19T13:00:00+0000_46.4216
GDBDCL,Godavari at Bhadrachalam,Godavari,2026-01-19 14:00:00+00:00,46.321784380924846,NORMAL,47.5,48.5,53.0,17.66865,80.87403,GDBDCL_2026-01-19T14:00:00+0000_46.3218
GDBDCL,Godavari at Bhadrachalam,Godavari,2026-01-19 15:00:00+00:00,46.11778891825223,NORMAL,47.5,48.5,53.0,17.66865,80.87403,GDBDCL_2026-01-19T15:00:00+0000_46.1178
GDBDCL,Godavari at Bhadrachalam,Godavari,2026-01-19 16:00:00+00:00,46.034987521226505,NORMAL,47.5,48.5,53.0,17.66865,80.87403,GDBDCL_2026-01-19T16:00:00+0000_46.0350
GDBDCL,Godavari at Bhadrachalam,Godavari,2026-01-19 17:00:00+00:00,45.89052839638557,NORMAL,47.5,48.5,53.0,17.66865,80.87403,GDBDCL_2026-01-19T17:00:00+0000_45.8905
GDBDCL,Godavari at Bhadrachalam,Godavari,2026-01-19 18:00:00+00:00,45.81555105650208,NORMAL,47.5,48.5,53.0,17.66865,80.87403,GDBDCL_2026-01-19T18:00:00+0000_45.8156
GDBDCL,Godavari at Bhadrachalam,Godavari,2026-01-19 19:00:00+00:00,45.77883266012344,NORMAL,47.5,48.5,53.0,17.66865,80.87403,GDBDCL_2026-01-19T19:00:00+0000_45.7788
GDBDCL,Godavari at Bhadrachalam,Godavari,2026-01-19 20:00:00+00:00,44.92921135529319,NORMAL,47.5,48.5,53.0,17.66865,80.87403,GDBDCL_2026-01-19T20:00:00+0000_44.9292
GDBDCL,Godavari at Bhadrachalam,Godavari,2026-01-19 21:00:00+00:00,44.99168604373686,NORMAL,47.5,48.5,53.0,17.66865,80.87403,GDBDCL_2026-01-19T21:00:00+0000_44.9917
GDBDCL,Godavari at Bhadrachalam,Godavari,2026-01-19 22:00:00+00:00,45.052038527874814,NORMAL,47.5,48.5,53.0,17.66865,80.87403,GDBDCL_2026-01-19T22:00:00+0000_45.0520
GDBDCL,Godavari at Bhadrachalam,Godavari,2026-01-19 23:00:00+00:00,45.01349597992973,NORMAL,47.5,48.5,53.0,17.66865,80.87403,GDBDCL_2026-01-19T23:00:00+0000_45.0135
GDBDCL,Godavari at Bhadrachalam,Godavari,2026-01-20 00:00:00+00:00,45.0359284545167,NORMAL,47.5,48.5,53.0,17.66865,80.87403,GDBDCL_2026-01-20T00:00:00+0000_45.0359
GDBDCL,Godavari at Bhadrachalam,Godavari,2026-01-20 01:00:00+00:00,45.03441183653311,NORMAL,47.5,48.5,53.0,17.66865,80.87403,GDBDCL_2026-01-20T01:00:00+0000_45.0344
GDBDCL,Godavari at Bhadrachalam,Godavari,2026-01-20 02:00:00+00:00,45.10303859382416,NORMAL,47.5,48.5,53.0,17.66865,80.87403,GDBDCL_2026-01-20T02:00:00+0000_45.1030
GDBDCL,Godavari at Bhadrachalam,Godavari,2026-01-20 03:00:00+00:00,45.11500976005123,NORMAL,47.5,48.5,53.0,17.66865,80.87403,GDBDCL_2026-01-20T03:00:00+0000_45.1150
GDBDCL,Godavari at Bhadrachalam,Godavari,2026-01-20 04:00:00+00:00,45.01992380484309,NORMAL,47.5,48.5,53.0,17.66865,80.87403,GDBDCL_2026-01-20T04:00:00+0000_45.0199
GDBDCL,Godavari at Bhadrachalam,Godavari,2026-01-20 05:00:00+00:00,45.007539983164726,NORMAL,47.5,48.5,53.0,17.66865,80.87403,GDBDCL_2026-01-20T05:00:00+0000_45.0075
GDBDCL,Godavari at Bhadrachalam,Godavari,2026-01-20 06:00:00+00:00,45.01342529783465,NORMAL,47.5,48.5,53.0,17.66865,80.87403,GDBDCL_2026-01-20T06:00:00+0000_45.0134
GDBDCL,Godavari at Bhadrachalam,Godavari,2026-01-20 07:00:00+00:00,44.93864051652734,NORMAL,47.5,48.5,53.0,17.66865,80.87403,GDBDCL_2026-01-20T07:00:00+0000_44.9386
GDBDCL,Godavari at Bhadrachalam,Godavari,2026-01-20 08:00:00+00:00,44.89059375367257,NORMAL,47.5,48.5,53.0,17.66865,80.87403,GDBDCL_2026-01-20T08:00:00+0000_44.8906
GDBDCL,Godavari at Bhadrachalam,Godavari,2026-01-20 09:00:00+00:00,44.88709130590326,NORMAL,47.5,48.5,53.0,17.66865,80.87403,GDBDCL_2026-01-20T09:00:00+0000_44.8871
GDBDCL,Godavari at Bhadrachalam,Godavari,2026-01-20 10:00:00+00:00,44.8732905518694,NORMAL,47.5,48.5,53.0,17.66865,80.87403,GDBDCL_2026-01-20T10:00:00+0000_44.8733
GDBDCL,Godavari at Bhadrachalam,Godavari,2026-01-20 11:00:00+00:00,44.86336956264607,NORMAL,47.5,48.5,53.0,17.66865,80.87403,GDBDCL_2026-01-20T11:00:00+0000_44.8634
GDBDCL,Godavari at Bhadrachalam,Godavari,2026-01-20 12:00:00+00:00,44.79148399747608,NORMAL,47.5,48.5,53.0,17.66865,80.87403,GDBDCL_2026-01-20T12:00:00+0000_44.7915
GDBDCL,Godavari at Bhadrachalam,Godavari,2026-01-20 13:00:00+00:00,44.84443190004399,NORMAL,47.5,48.5,53.0,17.66865,80.87403,GDBDCL_2026-01-20T13:00:00+0000_44.8444
GDBDCL,Godavari at Bhadrachalam,Godavari,2026-01-20 14:00:00+00:00,44.77953387965178,NORMAL,47.5,48.5,53.0,17.66865,80.87403,GDBDCL_2026-01-20T14:00:00+0000_44.7795
GDBDCL,Godavari at Bhadrachalam,Godavari,2026-01-20 15:00:00+00:00,44.75657323634056,NORMAL,47.5,48.5,53.0,17.66865,80.87403,GDBDCL_2026-01-20T15:00:00+0000_44.7566
GDBDCL,Godavari at Bhadrachalam,Godavari,2026-01-20 16:00:00+00:00,44.8304311949078,NORMAL,47.5,48.5,53.0,17.66865,80.87403,GDBDCL_2026-01-20T16:00:00+0000_44.8304
GDBDCL,Godavari at Bhadrachalam,Godavari,2026-01-20 17:00:00+00:00,44.86555303665771,NORMAL,47.5,48.5,53.0,17.66865,80.87403,GDBDCL_2026-01-20T17:00:00+0000_44.8656
GDBDCL,Godavari at Bhadrachalam,Godavari,2026-01-20 18:00:00+00:00,44.89482301054451,NORMAL,47.5,48.5,53.0,17.66865,80.87403,GDBDCL_2026-01-20T18:00:00+0000_44.8948
GDBDCL,Godavari at Bhadrachalam,Godavari,2026-01-20 19:00:00+00:00,44.92481132476867,NORMAL,47.5,48.5,53.0,17.66865,80.87403,GDBDCL_2026-01-20T19:00:00+0000_44.9248
GDBDCL,Godavari at Bhadrachalam,Godavari,2026-01-20 20:00:00+00:00,44.996009416744,NORMAL,47.5,48.5,53.0,17.66865,80.87403,GDBDCL_2026-01-20T20:00:00+0000_44.9960
GDBDCL,Godavari at Bhadrachalam,Godavari,2026-01-20 21:00:00+00:00,46.65527457589359,NORMAL,47.5,48.5,53.0,17.66865,80.87403,GDBDCL_2026-01-20T21:00:00+0000_46.6553
GDBDCL,Godavari at Bhadrachalam,Godavari,2026-01-20 22:00:00+00:00,46.525948881444016,NORMAL,47.5,48.5,53.0,17.66865,80.87403,GDBDCL_2026-01-20T22:00:00+0000_46.5259
GDBDCL,Godavari at Bhadrachalam,Godavari,2026-01-20 23:00:00+00:00,46.37786984909644,NORMAL,47.5,48.5,53.0,17.66865,80.87403,GDBDCL_2026-01-20T23:00:00+0000_46.3779
GDBDCL,Godavari at Bhadrachalam,Godavari,2026-01-21 00:00:00+00:00,45.12008938334792,NORMAL,47.5,48.5,53.0,17.66865,80.87403,GDBDCL_2026-01-21T00:00:00+0000_45.1201
GDBDCL,Godavari at Bhadrachalam,Godavari,2026-01-21 01:00:00+00:00,45.08472681606571,NORMAL,47.5,48.5,53.0,17.66865,80.87403,GDBDCL_2026-01-21T01:00:00+0000_45.0847
GDBDCL,Godavari at Bhadrachalam,Godavari,2026-01-21 02:00:00+00:00,45.06983364075761,NORMAL,47.5,48.5,53.0,17.66865,80.87403,GDBDCL_2026-01-21T02:00:00+0000_45.0698
GDBDCL,Godavari at Bhadrachalam,Godavari,2026-01-21 03:00:00+00:00,45.05627234251858,NORMAL,47.5,48.5,53.0,17.66865,80.87403,GDBDCL_2026-01-21T03:00:00+0000_45.0563
GDBDCL,Godavari at Bhadrachalam,Godavari,2026-01-21 04:00:00+00:00,45.03863538211942,NORMAL,47.5,48.5,53.0,17.66865,80.87403,GDBDCL_2026-01-21T04:00:00+0000_45.0386
GDBDCL,Godavari at Bhadrachalam,Godavari,2026-01-21 05:00:00+00:00,45.04362566568075,NORMAL,47.5,48.5,53.0,17.66865,80.87403,GDBDCL_2026-01-21T05:00:00+0000_45.0436
GDBDCL,Godavari at Bhadrachalam,Godavari,2026-01-21 06:00:00+00:00,45.03498406739247,NORMAL,47.5,48.5,53.0,17.66865,80.87403,GDBDCL_2026-01-21T06:00:00+0000_45.0350
GDBDCL,Godavari at Bhadrachalam,Godavari,2026-01-21 07:00:00+00:00,44.99644218516719,NORMAL,47.5,48.5,53.0,17.66865,80.87403,GDBDCL_2026-01-21T07:00:00+0000_44.9964
GDBDCL,Godavari at Bhadrachalam,Godavari,2026-01-21 08:00:00+00:00,44.88342947232983,NORMAL,47.5,48.5,53.0,17.66865,80.87403,GDBDCL_2026-01-21T08:00:00+0000_44.8834
GDBDCL,Godavari at Bhadrachalam,Godavari,2026-01-21 09:00:00+00:00,44.91214931501593,NORMAL,47.5,48.5,53.0,17.66865,80.87403,GDBDCL_2026-01-21T09:00:00+0000_44.9121
GDBDCL,Godavari at Bhadrachalam,Godavari,2026-01-21 10:00:00+00:00,44.82427100485975,NORMAL,47.5,48.5,53.0,17.66865,80.87403,GDBDCL_2026-01-21T10:00:00+0000_44.8243
GDBDCL,Godavari at Bhadrachalam,Godavari,2026-01-21 11:00:00+00:00,44.82271718577838,NORMAL,47.5,48.5,53.0,17.66865,80.87403,GDBDCL_2026-01-21T11:00:00+0000_44.8227
GDBDCL,Godavari at Bhadrachalam,Godavari,2026-01-21 12:00:00+00:00,44.79128066968586,NORMAL,47.5,48.5,53.0,17.66865,80.87403,GDBDCL_2026-01-21T12:00:00+0000_44.7913
GDBDCL,Godavari at Bhadrachalam,Godavari,2026-01-21 13:00:00+00:00,44.78793860643657,NORMAL,47.5,48.5,53.0,17.66865,80.87403,GDBDCL_2026-01-21T13:00:00+0000_44.7879
GDBDCL,Godavari at Bhadrachalam,Godavari,2026-01-21 14:00:00+00:00,44.835818876574095,NORMAL,47.5,48.5,53.0,17.66865,80.87403,GDBDCL_2026-01-21T14:00:00+0000_44.8358
GDBDCL,Godavari at Bhadrachalam,Godavari,2026-01-21 15:00:00+00:00,44.84360379918498,NORMAL,47.5,48.5,53.0,17.66865,80.87403,GDBDCL_2026-01-21T15:00:00+0000_44.8436
GDBDCL,Godavari at Bhadrachalam,Godavari,2026-01-21 16:00:00+00:00,44.79748478075007,NORMAL,47.5,48.5,53.0,17.66865,80.87403,GDBDCL_2026-01-21T16:00:00+0000_44.7975
GDBDCL,Godavari at Bhadrachalam,Godavari,2026-01-21 17:00:00+00:00,44.87028637333492,NORMAL,47.5,48.5,53.0,17.66865,80.87403,GDBDCL_2026-01-21T17:00:00+0000_44.8703
GDBDCL,Godavari at Bhadrachalam,Godavari,2026-01-21 18:00:00+00:00,44.87289661322073,NORMAL,47.5,48.5,53.0,17.66865,80.87403,GDBDCL_2026-01-21T18:00:00+0000_44.8729
GDBDCL,Godavari at Bhadrachalam,Godavari,2026-01-21 19:00:00+00:00,44.921698999909104,NORMAL,47.5,48.5,53.0,17.66865,80.87403,GDBDCL_2026-01-21T19:00:00+0000_44.9217
GDBDCL,Godavari at Bhadrachalam,Godavari,2026-01-21 20:00:00+00:00,44.94214223593604,NORMAL,47.5,48.5,53.0,17.66865,80.87403,GDBDCL_2026-01-21T20:00:00+0000_44.9421
GDBDCL,Godavari at Bhadrachalam,Godavari,2026-01-21 21:00:00+00:00,45.04212053832056,NORMAL,47.5,48.5,53.0,17.66865,80.87403,GDBDCL_2026-01-21T21:00:00+0000_45.0421
GDBDCL,Godavari at Bhadrachalam,Godavari,2026-01-21 22:00:00+00:00,45.00598876371827,NORMAL,47.5,48.5,53.0,17.66865,80.87403,GDBDCL_2026-01-21T22:00:00+0000_45.0060
GDBDCL,Godavari at Bhadrachalam,Godavari,2026-01-21 23:00:00+00:00,45.07471025857196,NORMAL,47.5,48.5,53.0,17.66865,80.87403,GDBDCL_2026-01-21T23:00:00+0000_45.0747
GDBDCL,Godavari at Bhadrachalam,Godavari,2026-01-22 00:00:00+00:00,45.02511341484433,NORMAL,47.5,48.5,53.0,17.66865,80.87403,GDBDCL_2026-01-22T00:00:00+0000_45.0251
GDBDCL,Godavari at Bhadrachalam,Godavari,2026-01-22 01:00:00+00:00,45.11266860983813,NORMAL,47.5,48.5,53.0,17.66865,80.87403,GDBDCL_2026-01-22T01:00:00+0000_45.1127
GDBDCL,Godavari at Bhadrachalam,Godavari,2026-01-22 02:00:00+00:00,45.12043101051283,NORMAL,47.5,48.5,53.0,17.66865,80.87403,GDBDCL_2026-01-22T02:00:00+0000_45.1204
GDBDCL,Godavari at Bhadrachalam,Godavari,2026-01-22 03:00:00+00:00,45.11245846181723,NORMAL,47.5,48.5,53.0,17.66865,80.87403,GDBDCL_2026-01-22T03:00:00+0000_45.1125
GDBDCL,Godavari at Bhadrachalam,Godavari,2026-01-22 04:00:00+00:00,45.10388628577262,NORMAL,47.5,48.5,53.0,17.66865,80.87403,GDBDCL_2026-01-22T04:00:00+0000_45.1039
GDBDCL,Godavari at Bhadrachalam,Godavari,2026-01-22 05:00:00+00:00,45.01739465667257,NORMAL,47.5,48.5,53.0,17.66865,80.87403,GDBDCL_2026-01-22T05:00:00+0000_45.0174
GDBDCL,Godavari at Bhadrachalam,Godavari,2026-01-22 06:00:00+00:00,44.98629564810884,NORMAL,47.5,48.5,53.0,17.66865,80.87403,GDBDCL_2026-01-22T06:00:00+0000_44.9863
GDBDCL,Godavari at Bhadrachalam,Godavari,2026-01-22 07:00:00+00:00,44.93968828580964,NORMAL,47.5,48.5,53.0,17.66865,80.87403,GDBDCL_2026-01-22T07:00:00+0000_44.9397
GDBDCL,Godavari at Bhadrachalam,Godavari,2026-01-22 08:00:00+00:00,44.925027104101,NORMAL,47.5,48.5,53.0,17.66865,80.87403,GDBDCL_2026-01-22T08:00:00+0000_44.9250
GDBDCL,Godavari at Bhadrachalam,Godavari,2026-01-22 09:00:00+00:00,44.91315055263146,NORMAL,47.5,48.5,53.0,17.66865,80.87403,GDBDCL_2026-01-22T09:00:00+0000_44.9132
GDBDCL,Godavari at Bhadrachalam,Godavari,2026-01-22 10:00:00+00:00,44.90379594252921,NORMAL,47.5,48.5,53.0,17.66865,80.87403,GDBDCL_2026-01-22T10:00:00+0000_44.9038
GDBDCL,Godavari at Bhadrachalam,Godavari,2026-01-22 11:00:00+00:00,44.86113936455669,NORMAL,47.5,48.5,53.0,17.66865,80.87403,GDBDCL_2026-01-22T11:00:00+0000_44.8611
GDBDCL,Godavari at Bhadrachalam,Godavari,2026-01-22 12:00:00+00:00,44.82988427718489,NORMAL,47.5,48.5,53.0,17.66865,80.87403,GDBDCL_2026-01-22T12:00:00+0000_44.8299
GDBDCL,Godavari at Bhadrachalam,Godavari,2026-01-22 13:00:00+00:00,44.76185677274403,NORMAL,47.5,48.5,53.0,17.66865,80.87403,GDBDCL_2026-01-22T13:00:00+0000_44.7619
GDBDCL,Godavari at Bhadrachalam,Godavari,2026-01-22 14:00:00+00:00,44.76468234249689,NORMAL,47.5,48.5,53.0,17.66865,80.87403,GDBDCL_2026-01-22T14:00:00+0000_44.7647
GDBDCL,Godavari at Bhadrachalam,Godavari,2026-01-22 15:00:00+00:00,44.8086486457385,NORMAL,47.5,48.5,53.0,17.66865,80.87403,GDBDCL_2026-01-22T15:00:00+0000_44.8086
GDBDCL,Godavari at Bhadrachalam,Godavari,2026-01-22 16:00:00+00:00,44.83777579198972,NORMAL,47.5,48.5,53.0,17.66865,80.87403,GDBDCL_2026-01-22T16:00:00+0000_44.8378
GDBDCL,Godavari at Bhadrachalam,Godavari,2026-01-22 17:00:00+00:00,44.80893315211234,NORMAL,47.5,48.5,53.0,17.66865,80.87403,GDBDCL_2026-01-22T17:00:00+0000_44.8089
GDBDCL,Godavari at Bhadrachalam,Godavari,2026-01-22 18:00:00+00:00,44.93281808550386,NORMAL,47.5,48.5,53.0,17.66865,80.87403,GDBDCL_2026-01-22T18:00:00+0000_44.9328
GDBDCL,Godavari at Bhadrachalam,Godavari,2026-01-22 19:00:00+00:00,44.90600245822107,NORMAL,47.5,48.5,53.0,17.66865,80.87403,GDBDCL_2026-01-22T19:00:00+0000_44.9060
GDBDCL,Godavari at Bhadrachalam,Godavari,2026-01-22 20:00:00+00:00,44.99751889269707,NORMAL,47.5,48.5,53.0,17.66865,80.87403,GDBDCL_2026-01-22T20:00:00+0000_44.9975
GDBDCL,Godavari at Bhadrachalam,Godavari,2026-01-22 21:00:00+00:00,45.00027187932135,NORMAL,47.5,48.5,53.0,17.66865,80.87403,GDBDCL_2026-01-22T21:00:00+0000_45.0003
GDBDCL,Godavari at Bhadrachalam,Godavari,2026-01-22 22:00:00+00:00,45.0767357730128,NORMAL,47.5,48.5,53.0,17.66865,80.87403,GDBDCL_2026-01-22T22:00:00+0000_45.0767
GDBDCL,Godavari at Bhadrachalam,Godavari,2026-01-22 23:00:00+00:00,45.04381161274405,NORMAL,47.5,48.5,53.0,17.66865,80.87403,GDBDCL_2026-01-22T23:00:00+0000_45.0438
GDBDCL,Godavari at Bhadrachalam,Godavari,2026-01-23 00:00:00+00:00,45.08512267815364,NORMAL,47.5,48.5,53.0,17.66865,80.87403,GDBDCL_2026-01-23T00:00:00+0000_45.0851
GDBDCL,Godavari at Bhadrachalam,Godavari,2026-01-23 01:00:00+00:00,45.13531861299362,NORMAL,47.5,48.5,53.0,17.66865,80.87403,GDBDCL_2026-01-23T01:00:00+0000_45.1353
GDBDCL,Godavari at Bhadrachalam,Godavari,2026-01-23 02:00:00+00:00,45.120550073069246,NORMAL,47.5,48.5,53.0,17.66865,80.87403,GDBDCL_2026-01-23T02:00:00+0000_45.1206
GDBDCL,Godavari at Bhadrachalam,Godavari,2026-01-23 03:00:00+00:00,45.04813759507548,NORMAL,47.5,48.5,53.0,17.66865,80.87403,GDBDCL_2026-01-23T03:00:00+0000_45.0481
GDBDCL,Godavari at Bhadrachalam,Godavari,2026-01-23 04:00:00+00:00,45.0688095227078,NORMAL,47.5,48.5,53.0,17.66865,80.87403,GDBDCL_2026-01-23T04:00:00+0000_45.0688
GDBDCL,Godavari at Bhadrachalam,Godavari,2026-01-23 05:00:00+00:00,45.06820174363109,NORMAL,47.5,48.5,53.0,17.66865,80.87403,GDBDCL_2026-01-23T05:00:00+0000_45.0682
GDBDCL,Godavari at Bhadrachalam,Godavari,2026-01-23 06:00:00+00:00,44.99393697710842,NORMAL,47.5,48.5,53.0,17.66865,80.87403,GDBDCL_2026-01-23T06:00:00+0000_44.9939
GDBDCL,Godavari at Bhadrachalam,Godavari,2026-01-23 07:00:00+00:00,44.99866620843184,NORMAL,47.5,48.5,53.0,17.66865,80.87403,GDBDCL_2026-01-23T07:00:00+0000_44.9987
GDBDCL,Godavari at Bhadrachalam,Godavari,2026-01-23 08:00:00+00:00,44.90953852002543,NORMAL,47.5,48.5,53.0,17.66865,80.87403,GDBDCL_2026-01-23T08:00:00+0000_44.9095
GDBDCL,Godavari at Bhadrachalam,Godavari,2026-01-23 09:00:00+00:00,44.92955422647667,NORMAL,47.5,48.5,53.0,17.66865,80.87403,GDBDCL_2026-01-23T09:00:00+0000_44.9296
GDBDCL,Godavari at Bhadrachalam,Godavari,2026-01-23 10:00:00+00:00,44.83325032852122,NORMAL,47.5,48.5,53.0,17.66865,80.87403,GDBDCL_2026-01-23T10:00:00+0000_44.8333
GDBDCL,Godavari at Bhadrachalam,Godavari,2026-01-23 11:00:00+00:00,44.841059788319335,NORMAL,47.5,48.5,53.0,17.66865,80.87403,GDBDCL_2026-01-23T11:00:00+0000_44.8411
GDBDCL,Godavari at Bhadrachalam,Godavari,2026-01-23 12:00:00+00:00,44.78873090689208,NORMAL,47.5,48.5,53.0,17.66865,80.87403,GDBDCL_2026-01-23T12:00:00+0000_44.7887
GDBDCL,Godavari at Bhadrachalam,Godavari,2026-01-23 13:00:00+00:00,44.81714398486191,NORMAL,47.5,48.5,53.0,17.66865,80.87403,GDBDCL_2026-01-23T13:00:00+0000_44.8171
GDBDCL,Godavari at Bhadrachalam,Godavari,2026-01-23 14:00:00+00:00,44.84136372780325,NORMAL,47.5,48.5,53.0,17.66865,80.87403,GDBDCL_2026-01-23T14:00:00+0000_44.8414
GDBDCL,Godavari at Bhadrachalam,Godavari,2026-01-23 15:00:00+00:00,47.56919375812276,WARNING,47.5,48.5,53.0,17.66865,80.87403,GDBDCL_2026-01-23T15:00:00+0000_47.5692
GDBDCL,Godavari at Bhadrachalam,Godavari,2026-01-23 16:00:00+00:00,47.26390615949968,NORMAL,47.5,48.5,53.0,17.66865,80.87403,GDBDCL_2026-01-23T16:00:00+0000_47.2639
GDBDCL,Godavari at Bhadrachalam,Godavari,2026-01-23 17:00:00+00:00,47.03123748964186,NORMAL,47.5,48.5,53.0,17.66865,80.87403,GDBDCL_2026-01-23T17:00:00+0000_47.0312
GDBDCL,Godavari at Bhadrachalam,Godavari,2026-01-23 18:00:00+00:00,44.91438216030007,NORMAL,47.5,48.5,53.0,17.66865,80.87403,GDBDCL_2026-01-23T18:00:00+0000_44.9144
GDBDCL,Godavari at Bhadrachalam,Godavari,2026-01-23 19:00:00+00:00,44.95733834661581,NORMAL,47.5,48.5,53.0,17.66865,80.87403,GDBDCL_2026-01-23T19:00:00+0000_44.9573
GDBDCL,Godavari at Bhadrachalam,Godavari,2026-01-23 20:00:00+00:00,44.9331231121785,NORMAL,47.5,48.5,53.0,17.66865,80.87403,GDBDCL_2026-01-23T20:00:00+0000_44.9331
GDBDCL,Godavari at Bhadrachalam,Godavari,2026-01-23 21:00:00+00:00,44.95240284581191,NORMAL,47.5,48.5,53.0,17.66865,80.87403,GDBDCL_2026-01-23T21:00:00+0000_44.9524
GDBDCL,Godavari at Bhadrachalam,Godavari,2026-01-23 22:00:00+00:00,45.05814777283258,NORMAL,47.5,48.5,53.0,17.66865,80.87403,GDBDCL_2026-01-23T22:00:00+0000_45.0581
GDBDCL,Godavari at Bhadrachalam,Godavari,2026-01-23 23:00:00+00:00,45.00915361108288,NORMAL,47.5,48.5,53.0,17.66865,80.87403,GDBDCL_2026-01-23T23:00:00+0000_45.0092
GDBDCL,Godavari at Bhadrachalam,Godavari,2026-01-24 00:00:00+00:00,45.03977642785131,NORMAL,47.5,48.5,53.0,17.66865,80.87403,GDBDCL_2026-01-24T00:00:00+0000_45.0398
GDBDCL,Godavari at Bhadrachalam,Godavari,2026-01-24 01:00:00+00:00,45.12512166196255,NORMAL,47.5,48.5,53.0,17.66865,80.87403,GDBDCL_2026-01-24T01:00:00+0000_45.1251
GDBDCL,Godavari at Bhadrachalam,Godavari,2026-01-24 02:00:00+00:00,45.11982301637956,NORMAL,47.5,48.5,53.0,17.66865,80.87403,GDBDCL_2026-01-24T02:00:00+0000_45.1198
GDBDCL,Godavari at Bhadrachalam,Godavari,2026-01-24 03:00:00+00:00,45.10402505143206,NORMAL,47.5,48.5,53.0,17.66865,80.87403,GDBDCL_2026-01-24T03:00:00+0000_45.1040
GDBDCL,Godavari at Bhadrachalam,Godavari,2026-01-24 04:00:00+00:00,45.03689868852651,NORMAL,47.5,48.5,53.0,17.66865,80.87403,GDBDCL_2026-01-24T04:00:00+0000_45.0369
GDBDCL,Godavari at Bhadrachalam,Godavari,2026-01-24 05:00:00+00:00,45.05818127150244,NORMAL,47.5,48.5,53.0,17.66865,80.87403,GDBDCL_2026-01-24T05:00:00+0000_45.0582
GDBDCL,Godavari at Bhadrachalam,Godavari,2026-01-24 06:00:00+00:00,44.96237712118814,NORMAL,47.5,48.5,53.0,17.66865,80.87403,GDBDCL_2026-01-24T06:00:00+0000_44.9624
GDBDCL,Godavari at Bhadrachalam,Godavari,2026-01-24 07:00:00+00:00,44.96332434842395,NORMAL,47.5,48.5,53.0,17.66865,80.87403,GDBDCL_2026-01-24T07:00:00+0000_44.9633
GDBDCL,Godavari at Bhadrachalam,Godavari,2026-01-24 08:00:00+00:00,44.96565595512472,NORMAL,47.5,48.5,53.0,17.66865,80.87403,GDBDCL_2026-01-24T08:00:00+0000_44.9657
GDBDCL,Godavari at Bhadrachalam,Godavari,2026-01-24 09:00:00+00:00,44.90868517467623,NORMAL,47.5,48.5,53.0,17.66865,80.87403,GDBDCL_2026-01-24T09:00:00+0000_44.9087
GDBDCL,Godavari at Bhadrachalam,Godavari,2026-01-24 10:00:00+00:00,44.84750994761735,NORMAL,47.5,48.5,53.0,17.66865,80.87403,GDBDCL_2026-01-24T10:00:00+0000_44.8475
GDBDCL,Godavari at Bhadrachalam,Godavari,2026-01-24 11:00:00+00:00,44.79720556001448,NORMAL,47.5,48.5,53.0,17.66865,80.87403,GDBDCL_2026-01-24T11:00:00+0000_44.7972
GDBDCL,Godavari at Bhadrachalam,Godavari,2026-01-24 12:00:00+00:00,44.81325494445939,NORMAL,47.5,48.5,53.0,17.66865,80.87403,GDBDCL_2026-01-24T12:00:00+0000_44.8133
GDBDCL,Godavari at Bhadrachalam,Godavari,2026-01-24 13:00:00+00:00,44.85108458288276,NORMAL,47.5,48.5,53.0,17.66865,80.87403,GDBDCL_2026-01-24T13:00:00+0000_44.8511
GDBDCL,Godavari at Bhadrachalam,Godavari,2026-01-24 14:00:00+00:00,44.84332656973589,NORMAL,47.5,48.5,53.0,17.66865,80.87403,GDBDCL_2026-01-24T14:00:00+0000_44.8433
GDBDCL,Godavari at Bhadrachalam,Godavari,2026-01-24 15:00:00+00:00,44.85859369808815,NORMAL,47.5,48.5,53.0,17.66865,80.87403,GDBDCL_2026-01-24T15:00:00+0000_44.8586
GDBDCL,Godavari at Bhadrachalam,Godavari,2026-01-24 16:00:00+00:00,44.79061180185136,NORMAL,47.5,48.5,53.0,17.66865,80.87403,GDBDCL_2026-01-24T16:00:00+0000_44.7906
GDBDCL,Godavari at Bhadrachalam,Godavari,2026-01-24 17:00:00+00:00,44.87263312900446,NORMAL,47.5,48.5,53.0,17.66865,80.87403,GDBDCL_2026-01-24T17:00:00+0000_44.8726
GDBDCL,Godavari at Bhadrachalam,Godavari,2026-01-24 18:00:00+00:00,44.9299673604551,NORMAL,47.5,48.5,53.0,17.66865,80.87403,GDBDCL_2026-01-24T18:00:00+0000_44.9300
GDBDCL,Godavari at Bhadrachalam,Godavari,2026-01-24 19:00:00+00:00,44.93520739658793,NORMAL,47.5,48.5,53.0,17.66865,80.87403,GDBDCL_2026-01-24T19:00:00+0000_44.9352
GDBDCL,Godavari at Bhadrachalam,Godavari,2026-01-24 20:00:00+00:00,44.9615470436962,NORMAL,47.5,48.5,53.0,17.66865,80.87403,GDBDCL_2026-01-24T20:00:00+0000_44.9615
GDBDCL,Godavari at Bhadrachalam,Godavari,2026-01-24 21:00:00+00:00,44.95920235414405,NORMAL,47.5,48.5,53.0,17.66865,80.87403,GDBDCL_2026-01-24T21:00:00+0000_44.9592
GDBDCL,Godavari at Bhadrachalam,Godavari,2026-01-24 22:00:00+00:00,45.05926340317335,NORMAL,47.5,48.5,53.0,17.66865,80.87403,GDBDCL_2026-01-24T22:00:00+0000_45.0593
GDBDCL,Godavari at Bhadrachalam,Godavari,2026-01-24 23:00:00+00:00,45.0838634855382,NORMAL,47.5,48.5,53.0,17.66865,80.87403,GDBDCL_2026-01-24T23:00:00+0000_45.0839
GDBDCL,Godavari at Bhadrachalam,Godavari,2026-01-25 00:00:00+00:00,45.05176175027599,NORMAL,47.5,48.5,53.0,17.66865,80.87403,GDBDCL_2026-01-25T00:00:00+0000_45.0518
GDBDCL,Godavari at Bhadrachalam,Godavari,2026-01-25 01:00:00+00:00,45.04593166969602,NORMAL,47.5,48.5,53.0,17.66865,80.87403,GDBDCL_2026-01-25T01:00:00+0000_45.0459
GDBDCL,Godavari at Bhadrachalam,Godavari,2026-01-25 02:00:00+00:00,45.09439447735798,NORMAL,47.5,48.5,53.0,17.66865,80.87403,GDBDCL_2026-01-25T02:00:00+0000_45.0944
GDBDCL,Godavari at Bhadrachalam,Godavari,2026-01-25 03:00:00+00:00,45.04919758101496,NORMAL,47.5,48.5,53.0,17.66865,80.87403,GDBDCL_2026-01-25T03:00:00+0000_45.0492
GDBDCL,Godavari at Bhadrachalam,Godavari,2026-01-25 04:00:00+00:00,46.8842196211704,NORMAL,47.5,48.5,53.0,17.66865,80.87403,GDBDCL_2026-01-25T04:00:00+0000_46.8842
GDBDCL,Godavari at Bhadrachalam,Godavari,2026-01-25 05:00:00+00:00,46.649094191829775,NORMAL,47.5,48.5,53.0,17.66865,80.87403,GDBDCL_2026-01-25T05:00:00+0000_46.6491
GDBDCL,Godavari at Bhadrachalam,Godavari,2026-01-25 06:00:00+00:00,46.49376756835379,NORMAL,47.5,48.5,53.0,17.66865,80.87403,GDBDCL_2026-01-25T06:00:00+0000_46.4938
GDBDCL,Godavari at Bhadrachalam,Godavari,2026-01-25 07:00:00+00:00,44.93937715339363,NORMAL,47.5,48.5,53.0,17.66865,80.87403,GDBDCL_2026-01-25T07:00:00+0000_44.9394
GDBDCL,Godavari at Bhadrachalam,Godavari,2026-01-25 08:00:00+00:00,44.94614273038371,NORMAL,47.5,48.5,53.0,17.66865,80.87403,GDBDCL_2026-01-25T08:00:00+0000_44.9461
GDBDCL,Godavari at Bhadrachalam,Godavari,2026-01-25 09:00:00+00:00,44.88444341351647,NORMAL,47.5,48.5,53.0,17.66865,80.87403,GDBDCL_2026-01-25T09:00:00+0000_44.8844
GDBDCL,Godavari at Bhadrachalam,Godavari,2026-01-25 10:00:00+00:00,44.9156289137696,NORMAL,47.5,48.5,53.0,17.66865,80.87403,GDBDCL_2026-01-25T10:00:00+0000_44.9156
GDBDCL,Godavari at Bhadrachalam,Godavari,2026-01-25 11:00:00+00:00,44.84770185443605,NORMAL,47.5,48.5,53.0,17.66865,80.87403,GDBDCL_2026-01-25T11:00:00+0000_44.8477
GDBDCL,Godavari at Bhadrachalam,Godavari,2026-01-25 12:00:00+00:00,44.87323244308701,NORMAL,47.5,48.5,53.0,17.66865,80.87403,GDBDCL_2026-01-25T12:00:00+0000_44.8732
GDBDCL,Godavari at Bhadrachalam,Godavari,2026-01-25 13:00:00+00:00,44.79381323217015,NORMAL,47.5,48.5,53.0,17.66865,80.87403,GDBDCL_2026-01-25T13:00:00+0000_44.7938
GDBDCL,Godavari at Bhadrachalam,Godavari,2026-01-25 14:00:00+00:00,44.8356079016677,NORMAL,47.5,48.5,53.0,17.66865,80.87403,GDBDCL_2026-01-25T14:00:00+0000_44.8356
GDBDCL,Godavari at Bhadrachalam,Godavari,2026-01-25 15:00:00+00:00,44.825017132265685,NORMAL,47.5,48.5,53.0,17.66865,80.87403,GDBDCL_2026-01-25T15:00:00+0000_44.8250
GDBDCL,Godavari at Bhadrachalam,Godavari,2026-01-25 16:00:00+00:00,44.852755364924526,NORMAL,47.5,48.5,53.0,17.66865,80.87403,GDBDCL_2026-01-25T16:00:00+0000_44.8528
GDBDCL,Godavari at Bhadrachalam,Godavari,2026-01-25 17:00:00+00:00,44.88295058467223,NORMAL,47.5,48.5,53.0,17.66865,80.87403,GDBDCL_2026-01-25T17:00:00+0000_44.8830
GDBDCL,Godavari at Bhadrachalam,Godavari,2026-01-25 18:00:00+00:00,44.93968207203426,NORMAL,47.5,48.5,53.0,17.66865,80.87403,GDBDCL_2026-01-25T18:00:00+0000_44.9397
GDBDCL,Godavari at Bhadrachalam,Godavari,2026-01-25 19:00:00+00:00,44.88879872652856,NORMAL,47.5,48.5,53.0,17.66865,80.87403,GDBDCL_2026-01-25T19:00:00+0000_44.8888
GDBDCL,Godavari at Bhadrachalam,Godavari,2026-01-25 20:00:00+00:00,45.01055279145106,NORMAL,47.5,48.5,53.0,17.66865,80.87403,GDBDCL_2026-01-25T20:00:00+0000_45.0106
GDBDCL,Godavari at Bhadrachalam,Godavari,2026-01-25 21:00:00+00:00,44.95901015055346,NORMAL,47.5,48.5,53.0,17.66865,80.87403,GDBDCL_2026-01-25T21:00:00+0000_44.9590
GDBDCL,Godavari at Bhadrachalam,Godavari,2026-01-25 22:00:00+00:00,45.038343116970445,NORMAL,47.5,48.5,53.0,17.66865,80.87403,GDBDCL_2026-01-25T22:00:00+0000_45.0383
GDBDCL,Godavari at Bhadrachalam,Godavari,2026-01-25 23:00:00+00:00,45.08791731249158,NORMAL,47.5,48.5,53.0,17.66865,80.87403,GDBDCL_2026-01-25T23:00:00+0000_45.0879
GDBDCL,Godavari at Bhadrachalam,Godavari,2026-01-26 00:00:00+00:00,45.12048573939151,NORMAL,47.5,48.5,53.0,17.66865,80.87403,GDBDCL_2026-01-26T00:00:00+0000_45.1205
GDBDCL,Godavari at Bhadrachalam,Godavari,2026-01-26 01:00:00+00:00,45.110441661825824,NORMAL,47.5,48.5,53.0,17.66865,80.87403,GDBDCL_2026-01-26T01:00:00+0000_45.1104
GDBDCL,Godavari at Bhadrachalam,Godavari,2026-01-26 02:00:00+00:00,45.13366632320773,NORMAL,47.5,48.5,53.0,17.66865,80.87403,GDBDCL_2026-01-26T02:00:00+0000_45.1337
GDBDCL,Godavari at Bhadrachalam,Godavari,2026-01-26 03:00:00+00:00,45.04217704639584,NORMAL,47.5,48.5,53.0,17.66865,80.87403,GDBDCL_2026-01-26T03:00:00+0000_45.0422
GDBDCL,Godavari at Bhadrachalam,Godavari,2026-01-26 04:00:00+00:00,45.09505844023728,NORMAL,47.5,48.5,53.0,17.66865,80.87403,GDBDCL_2026-01-26T04:00:00+0000_45.0951
GDBDCL,Godavari at Bhadrachalam,Godavari,2026-01-26 05:00:00+00:00,45.008566640824434,NORMAL,47.5,48.5,53.0,17.66865,80.87403,GDBDCL_2026-01-26T05:00:00+0000_45.0086
GDBDCL,Godavari at Bhadrachalam,Godavari,2026-01-26 06:00:00+00:00,45.00590161698396,NORMAL,47.5,48.5,53.0,17.66865,80.87403,GDBDCL_2026-01-26T06:00:00+0000_45.0059
GDBDCL,Godavari at Bhadrachalam,Godavari,2026-01-26 07:00:00+00:00,44.974869986213584,NORMAL,47.5,48.5,53.0,17.66865,80.87403,GDBDCL_2026-01-26T07:00:00+0000_44.9749
GDBDCL,Godavari at Bhadrachalam,Godavari,2026-01-26 08:00:00+00:00,44.92844226400289,NORMAL,47.5,48.5,53.0,17.66865,80.87403,GDBDCL_2026-01-26T08:00:00+0000_44.9284
GDBDCL,Godavari at Bhadrachalam,Godavari,2026-01-26 09:00:00+00:00,44.8917780002435,NORMAL,47.5,48.5,53.0,17.66865,80.87403,GDBDCL_2026-01-26T09:00:00+0000_44.8918
GDBDCL,Godavari at Bhadrachalam,Godavari,2026-01-26 10:00:00+00:00,44.87370928607013,NORMAL,47.5,48.5,53.0,17.66865,80.87403,GDBDCL_2026-01-26T10:00:00+0000_44.8737
GDBDCL,Godavari at Bhadrachalam,Godavari,2026-01-26 11:00:00+00:00,44.8335649730486,NORMAL,47.5,48.5,53.0,17.66865,80.87403,GDBDCL_2026-01-26T11:00:00+0000_44.8336
GDBDCL,Godavari at Bhadrachalam,Godavari,2026-01-26 12:00:00+00:00,44.86102541171547,NORMAL,47.5,48.5,53.0,17.66865,80.87403,GDBDCL_2026-01-26T12:00:00+0000_44.8610
GDBDCL,Godavari at Bhadrachalam,Godavari,2026-01-26 13:00:00+00:00,44.81210147414808,NORMAL,47.5,48.5,53.0,17.66865,80.87403,GDBDCL_2026-01-26T13:00:00+0000_44.8121
GDBDCL,Godavari at Bhadrachalam,Godavari,2026-01-26 14:00:00+00:00,44.86557574220719,NORMAL,47.5,48.5,53.0,17.66865,80.87403,GDBDCL_2026-01-26T14:00:00+0000_44.8656
GDBDCL,Godavari at Bhadrachalam,Godavari,2026-01-26 15:00:00+00:00,44.85440895287271,NORMAL,47.5,48.5,53.0,17.66865,80.87403,GDBDCL_2026-01-26T15:00:00+0000_44.8544
GDBDCL,Godavari at Bhadrachalam,Godavari,2026-01-26 16:00:00+00:00,44.82559638903828,NORMAL,47.5,48.5,53.0,17.66865,80.87403,GDBDCL_2026-01-26T16:00:00+0000_44.8256
GDBDCL,Godavari at Bhadrachalam,Godavari,2026-01-26 17:00:00+00:00,44.912525561845136,NORMAL,47.5,48.5,53.0,17.66865,80.87403,GDBDCL_2026-01-26T17:00:00+0000_44.9125
GDBDCL,Godavari at Bhadrachalam,Godavari,2026-01-26 18:00:00+00:00,44.91140059219189,NORMAL,47.5,48.5,53.0,17.66865,80.87403,GDBDCL_2026-01-26T18:00:00+0000_44.9114
GDBDCL,Godavari at Bhadrachalam,Godavari,2026-01-26 19:00:00+00:00,44.915755433273496,NORMAL,47.5,48.5,53.0,17.66865,80.87403,GDBDCL_2026-01-26T19:00:00+0000_44.9158
GDBDCL,Godavari at Bhadrachalam,Godavari,2026-01-26 20:00:00+00:00,45.0052133550041,NORMAL,47.5,48.5,53.0,17.66865,80.87403,GDBDCL_2026-01-26T20:00:00+0000_45.0052
GDBDCL,Godavari at Bhadrachalam,Godavari,2026-01-26 21:00:00+00:00,45.037659931957016,NORMAL,47.5,48.5,53.0,17.66865,80.87403,GDBDCL_2026-01-26T21:00:00+0000_45.0377
GDBDCL,Godavari at Bhadrachalam,Godavari,2026-01-26 22:00:00+00:00,45.057911807433726,NORMAL,47.5,48.5,53.0,17.66865,80.87403,GDBDCL_2026-01-26T22:00:00+0000_45.0579
GDBDCL,Godavari at Bhadrachalam,Godavari,2026-01-26 23:00:00+00:00,45.04995492555294,NORMAL,47.5,48.5,53.0,17.66865,80.87403,GDBDCL_2026-01-26T23:00:00+0000_45.0500
GDBDCL,Godavari at Bhadrachalam,Godavari,2026-01-27 00:00:00+00:00,45.07328033010961,NORMAL,47.5,48.5,53.0,17.66865,80.87403,GDBDCL_2026-01-27T00:00:00+0000_45.0733
GDBDCL,Godavari at Bhadrachalam,Godavari,2026-01-27 01:00:00+00:00,45.085017706917455,NORMAL,47.5,48.5,53.0,17.66865,80.87403,GDBDCL_2026-01-27T01:00:00+0000_45.0850
GDBDCL,Godavari at Bhadrachalam,Godavari,2026-01-27 02:00:00+00:00,45.135499965688645,NORMAL,47.5,48.5,53.0,17.66865,80.87403,GDBDCL_2026-01-27T02:00:00+0000_45.1355
GDBDCL,Godavari at Bhadrachalam,Godavari,2026-01-27 03:00:00+00:00,45.07881685437407,NORMAL,47.5,48.5,53.0,17.66865,80.87403,GDBDCL_2026-01-27T03:00:00+0000_45.0788
GDBDCL,Godavari at Bhadrachalam,Godavari,2026-01-27 04:00:00+00:00,45.039910787631136,NORMAL,47.5,48.5,53.0,17.66865,80.87403,GDBDCL_2026-01-27T04:00:00+0000_45.0399
GDBDCL,Godavari at Bhadrachalam,Godavari,2026-01-27 05:00:00+00:00,45.05277407620687,NORMAL,47.5,48.5,53.0,17.66865,80.87403,GDBDCL_2026-01-27T05:00:00+0000_45.0528
GDBDCL,Godavari at Bhadrachalam,Godavari,2026-01-27 06:00:00+00:00,45.00165057703947,NORMAL,47.5,48.5,53.0,17.66865,80.87403,GDBDCL_2026-01-27T06:00:00+0000_45.0017
GDBDCL,Godavari at Bhadrachalam,Godavari,2026-01-27 07:00:00+00:00,44.95452727989901,NORMAL,47.5,48.5,53.0,17.66865,80.87403,GDBDCL_2026-01-27T07:00:00+0000_44.9545
GDBDCL,Godavari at Bhadrachalam,Godavari,2026-01-27 08:00:00+00:00,44.93162943568115,NORMAL,47.5,48.5,53.0,17.66865,80.87403,GDBDCL_2026-01-27T08:00:00+0000_44.9316
GDBDCL,Godavari at Bhadrachalam,Godavari,2026-01-27 09:00:00+00:00,44.89372319953564,NORMAL,47.5,48.5,53.0,17.66865,80.87403,GDBDCL_2026-01-27T09:00:00+0000_44.8937
GDBDCL,Godavari at Bhadrachalam,Godavari,2026-01-27 10:00:00+00:00,44.88692515491725,NORMAL,47.5,48.5,53.0,17.66865,80.87403,GDBDCL_2026-01-27T10:00:00+0000_44.8869
GDBDCL,Godavari at Bhadrachalam,Godavari,2026-01-27 11:00:00+00:00,44.88832317759416,NORMAL,47.5,48.5,53.0,17.66865,80.87403,GDBDCL_2026-01-27T11:00:00+0000_44.8883
GDBDCL,Godavari at Bhadrachalam,Godavari,2026-01-27 12:00:00+00:00,44.8503107024028,NORMAL,47.5,48.5,53.0,17.66865,80.87403,GDBDCL_2026-01-27T12:00:00+0000_44.8503
GDBDCL,Godavari at Bhadrachalam,Godavari,2026-01-27 13:00:00+00:00,44.83381649858838,NORMAL,47.5,48.5,53.0,17.66865,80.87403,GDBDCL_2026-01-27T13:00:00+0000_44.8338
GDBDCL,Godavari at Bhadrachalam,Godavari,2026-01-27 14:00:00+00:00,44.85867523505619,NORMAL,47.5,48.5,53.0,17.66865,80.87403,GDBDCL_2026-01-27T14:00:00+0000_44.8587
GDBDCL,Godavari at Bhadrachalam,Godavari,2026-01-27 15:00:00+00:00,44.85260330634688,NORMAL,47.5,48.5,53.0,17.66865,80.87403,GDBDCL_2026-01-27T15:00:00+0000_44.8526
GDBDCL,Godavari at Bhadrachalam,Godavari,2026-01-27 16:00:00+00:00,44.80039498649803,NORMAL,47.5,48.5,53.0,17.66865,80.87403,GDBDCL_2026-01-27T16:00:00+0000_44.8004
GDBDCL,Godavari at Bhadrachalam,Godavari,2026-01-27 17:00:00+00:00,44.84309993431872,NORMAL,47.5,48.5,53.0,17.66865,80.87403,GDBDCL_2026-01-27T17:00:00+0000_44.8431
GDBDCL,Godavari at Bhadrachalam,Godavari,2026-01-27 18:00:00+00:00,44.93764785215874,NORMAL,47.5,48.5,53.0,17.66865,80.87403,GDBDCL_2026-01-27T18:00:00+0000_44.9376
GDBDCL,Godavari at Bhadrachalam,Godavari,2026-01-27 19:00:00+00:00,44.90153586677719,NORMAL,47.5,48.5,53.0,17.66865,80.87403,GDBDCL_2026-01-27T19:00:00+0000_44.9015
GDBDCL,Godavari at Bhadrachalam,Godavari,2026-01-27 20:00:00+00:00,45.00543851369493,NORMAL,47.5,48.5,53.0,17.66865,80.87403,GDBDCL_2026-01-27T20:00:00+0000_45.0054
GDBDCL,Godavari at Bhadrachalam,Godavari,2026-01-27 21:00:00+00:00,45.05413354745918,NORMAL,47.5,48.5,53.0,17.66865,80.87403,GDBDCL_2026-01-27T21:00:00+0000_45.0541
GDBDCL,Godavari at Bhadrachalam,Godavari,2026-01-27 22:00:00+00:00,45.00094882670323,NORMAL,47.5,48.5,53.0,17.66865,80.87403,GDBDCL_2026-01-27T22:00:00+0000_45.0009
GDBDCL,Godavari at Bhadrachalam,Godavari,2026-01-27 23:00:00+00:00,45.05039997807526,NORMAL,47.5,48.5,53.0,17.66865,80.87403,GDBDCL_2026-01-27T23:00:00+0000_45.0504
GDBDCL,Godavari at Bhadrachalam,Godavari,2026-01-28 00:00:00+00:00,45.1408761146098,NORMAL,47.5,48.5,53.0,17.66865,80.87403,GDBDCL_2026-01-28T00:00:00+0000_45.1409
GDBDCL,Godavari at Bhadrachalam,Godavari,2026-01-28 01:00:00+00:00,45.13061203507338,NORMAL,47.5,48.5,53.0,17.66865,80.87403,GDBDCL_2026-01-28T01:00:00+0000_45.1306
GDBDCL,Godavari at Bhadrachalam,Godavari,2026-01-28 02:00:00+00:00,45.11723715446626,NORMAL,47.5,48.5,53.0,17.66865,80.87403,GDBDCL_2026-01-28T02:00:00+0000_45.1172
GDBDCL,Godavari at Bhadrachalam,Godavari,2026-01-28 03:00:00+00:00,45.06237254565185,NORMAL,47.5,48.5,53.0,17.66865,80.87403,GDBDCL_2026-01-28T03:00:00+0000_45.0624
GDBDCL,Godavari at Bhadrachalam,Godavari,2026-01-28 04:00:00+00:00,45.11979932720147,NORMAL,47.5,48.5,53.0,17.66865,80.87403,GDBDCL_2026-01-28T04:00:00+0000_45.1198
GDBDCL,Godavari at Bhadrachalam,Godavari,2026-01-28 05:00:00+00:00,45.08488789072384,NORMAL,47.5,48.5,53.0,17.66865,80.87403,GDBDCL_2026-01-28T05:00:00+0000_45.0849
GDBDCL,Godavari at Bhadrachalam,Godavari,2026-01-28 06:00:00+00:00,44.98612265059593,NORMAL,47.5,48.5,53.0,17.66865,80.87403,GDBDCL_2026-01-28T06:00:00+0000_44.9861
GDBDCL,Godavari at Bhadrachalam,Godavari,2026-01-28 07:00:00+00:00,44.99411096643291,NORMAL,47.5,48.5,53.0,17.66865,80.87403,GDBDCL_2026-01-28T07:00:00+0000_44.9941
GDBDCL,Godavari at Bhadrachalam,Godavari,2026-01-28 08:00:00+00:00,44.96051777646587,NORMAL,47.5,48.5,53.0,17.66865,80.87403,GDBDCL_2026-01-28T08:00:00+0000_44.9605
GDBDCL,Godavari at Bhadrachalam,Godavari,2026-01-28 09:00:00+00:00,44.86891760983645,NORMAL,47.5,48.5,53.0,17.66865,80.87403,GDBDCL_2026-01-28T09:00:00+0000_44.8689
GDBDCL,Godavari at Bhadrachalam,Godavari,2026-01-28 10:00:00+00:00,44.86547820953763,NORMAL,47.5,48.5,53.0,17.66865,80.87403,GDBDCL_2026-01-28T10:00:00+0000_44.8655
GDBDCL,Godavari at Bhadrachalam,Godavari,2026-01-28 11:00:00+00:00,44.841980024468704,NORMAL,47.5,48.5,53.0,17.66865,80.87403,GDBDCL_2026-01-28T11:00:00+0000_44.8420
GDBDCL,Godavari at Bhadrachalam,Godavari,2026-01-28 12:00:00+00:00,44.878145949637485,NORMAL,47.5,48.5,53.0,17.66865,80.87403,GDBDCL_2026-01-28T12:00:00+0000_44.8781
GDBDCL,Godavari at Bhadrachalam,Godavari,2026-01-28 13:00:00+00:00,44.77704931937696,NORMAL,47.5,48.5,53.0,17.66865,80.87403,GDBDCL_2026-01-28T13:00:00+0000_44.7770
GDBDCL,Godavari at Bhadrachalam,Godavari,2026-01-28 14:00:00+00:00,44.850845898256615,NORMAL,47.5,48.5,53.0,17.66865,80.87403,GDBDCL_2026-01-28T14:00:00+0000_44.8508
GDBDCL,Godavari at Bhadrachalam,Godavari,2026-01-28 15:00:00+00:00,44.86931238961456,NORMAL,47.5,48.5,53.0,17.66865,80.87403,GDBDCL_2026-01-28T15:00:00+0000_44.8693
GDBDCL,Godavari at Bhadrachalam,Godavari,2026-01-28 16:00:00+00:00,44.86850126329466,NORMAL,47.5,48.5,53.0,17.66865,80.87403,GDBDCL_2026-01-28T16:00:00+0000_44.8685
GDBDCL,Godavari at Bhadrachalam,Godavari,2026-01-28 17:00:00+00:00,44.918718196998014,NORMAL,47.5,48.5,53.0,17.66865,80.87403,GDBDCL_2026-01-28T17:00:00+0000_44.9187
GDBDCL,Godavari at Bhadrachalam,Godavari,2026-01-28 18:00:00+00:00,44.91001455543416,NORMAL,47.5,48.5,53.0,17.66865,80.87403,GDBDCL_2026-01-28T18:00:00+0000_44.9100
GDBDCL,Godavari at Bhadrachalam,Godavari,2026-01-28 19:00:00+00:00,44.95285203884114,NORMAL,47.5,48.5,53.0,17.66865,80.87403,GDBDCL_2026-01-28T19:00:00+0000_44.9529
GDBDCL,Godavari at Bhadrachalam,Godavari,2026-01-28 20:00:00+00:00,44.93032347149219,NORMAL,47.5,48.5,53.0,17.66865,80.87403,GDBDCL_2026-01-28T20:00:00+0000_44.9303
GDBDCL,Godavari at Bhadrachalam,Godavari,2026-01-28 21:00:00+00:00,44.99090775715734,NORMAL,47.5,48.5,53.0,17.66865,80.87403,GDBDCL_2026-01-28T21:00:00+0000_44.9909
GDBDCL,Godavari at Bhadrachalam,Godavari,2026-01-28 22:00:00+00:00,45.04392620437621,NORMAL,47.5,48.5,53.0,17.66865,80.87403,GDBDCL_2026-01-28T22:00:00+0000_45.0439
GDBDCL,Godavari at Bhadrachalam,Godavari,2026-01-28 23:00:00+00:00,45.045909881749104,NORMAL,47.5,48.5,53.0,17.66865,80.87403,GDBDCL_2026-01-28T23:00:00+0000_45.0459
GDBDCL,Godavari at Bhadrachalam,Godavari,2026-01-29 00:00:00+00:00,45.08389680154721,NORMAL,47.5,48.5,53.0,17.66865,80.87403,GDBDCL_2026-01-29T00:00:00+0000_45.0839
GDBDCL,Godavari at Bhadrachalam,Godavari,2026-01-29 01:00:00+00:00,45.12498463076362,NORMAL,47.5,48.5,53.0,17.66865,80.87403,GDBDCL_2026-01-29T01:00:00+0000_45.1250
GDBDCL,Godavari at Bhadrachalam,Godavari,2026-01-29 02:00:00+00:00,45.06265684582301,NORMAL,47.5,48.5,53.0,17.66865,80.87403,GDBDCL_2026-01-29T02:00:00+0000_45.0627
GDBDCL,Godavari at Bhadrachalam,Godavari,2026-01-29 03:00:00+00:00,45.12935072203444,NORMAL,47.5,48.5,53.0,17.66865,80.87403,GDBDCL_2026-01-29T03:00:00+0000_45.1294
GDBDCL,Godavari at Bhadrachalam,Godavari,2026-01-29 04:00:00+00:00,45.04598178497468,NORMAL,47.5,48.5,53.0,17.66865,80.87403,GDBDCL_2026-01-29T04:00:00+0000_45.0460
GDBDCL,Godavari at Bhadrachalam,Godavari,2026-01-29 05:00:00+00:00,45.08183670967282,NORMAL,47.5,48.5,53.0,17.66865,80.87403,GDBDCL_2026-01-29T05:00:00+0000_45.0818
GDBDCL,Godavari at Bhadrachalam,Godavari,2026-01-29 06:00:00+00:00,44.975368640202575,NORMAL,47.5,48.5,53.0,17.66865,80.87403,GDBDCL_2026-01-29T06:00:00+0000_44.9754
GDBDCL,Godavari at Bhadrachalam,Godavari,2026-01-29 07:00:00+00:00,45.03275479051488,NORMAL,47.5,48.5,53.0,17.66865,80.87403,GDBDCL_2026-01-29T07:00:00+0000_45.0328
GDBDCL,Godavari at Bhadrachalam,Godavari,2026-01-29 08:00:00+00:00,44.92703454535106,NORMAL,47.5,48.5,53.0,17.66865,80.87403,GDBDCL_2026-01-29T08:00:00+0000_44.9270
GDBDCL,Godavari at Bhadrachalam,Godavari,2026-01-29 09:00:00+00:00,44.876398502016905,NORMAL,47.5,48.5,53.0,17.66865,80.87403,GDBDCL_2026-01-29T09:00:00+0000_44.8764
GDBDCL,Godavari at Bhadrachalam,Godavari,2026-01-29 10:00:00+00:00,44.92669021387937,NORMAL,47.5,48.5,53.0,17.66865,80.87403,GDBDCL_2026-01-29T10:00:00+0000_44.9267
GDBDCL,Godavari at Bhadrachalam,Godavari,2026-01-29 11:00:00+00:00,44.86538317392126,NORMAL,47.5,48.5,53.0,17.66865,80.87403,GDBDCL_2026-01-29T11:00:00+0000_44.8654
GDBDCL,Godavari at Bhadrachalam,Godavari,2026-01-29 12:00:00+00:00,44.81514982009022,NORMAL,47.5,48.5,53.0,17.66865,80.87403,GDBDCL_2026-01-29T12:00:00+0000_44.8151
GDBDCL,Godavari at Bhadrachalam,Godavari,2026-01-29 13:00:00+00:00,44.87112600307014,NORMAL,47.5,48.5,53.0,17.66865,80.87403,GDBDCL_2026-01-29T13:00:00+0000_44.8711
GDBDCL,Godavari at Bhadrachalam,Godavari,2026-01-29 14:00:00+00:00,44.825040874171705,NORMAL,47.5,48.5,53.0,17.66865,80.87403,GDBDCL_2026-01-29T14:00:00+0000_44.8250
GDBDCL,Godavari at Bhadrachalam,Godavari,2026-01-29 15:00:00+00:00,44.85755845431407,NORMAL,47.5,48.5,53.0,17.66865,80.87403,GDBDCL_2026-01-29T15:00:00+0000_44.8576
GDBDCL,Godavari at Bhadrachalam,Godavari,2026-01-29 16:00:00+00:00,44.837338900990346,NORMAL,47.5,48.5,53.0,17.66865,80.87403,GDBDCL_2026-01-29T16:00:00+0000_44.8373
GDBDCL,Godavari at Bhadrachalam,Godavari,2026-01-29 17:00:00+00:00,44.92554292576769,NORMAL,47.5,48.5,53.0,17.66865,80.87403,GDBDCL_2026-01-29T17:00:00+0000_44.9255
GDBDCL,Godavari at Bhadrachalam,Godavari,2026-01-29 18:00:00+00:00,44.90356650901607,NORMAL,47.5,48.5,53.0,17.66865,80.87403,GDBDCL_2026-01-29T18:00:00+0000_44.9036
GDBDCL,Godavari at Bhadrachalam,Godavari,2026-01-29 19:00:00+00:00,44.91762795325576,NORMAL,47.5,48.5,53.0,17.66865,80.87403,GDBDCL_2026-01-29T19:00:00+0000_44.9176
GDBDCL,Godavari at Bhadrachalam,Godavari,2026-01-29 20:00:00+00:00,44.95656715146428,NORMAL,47.5,48.5,53.0,17.66865,80.87403,GDBDCL_2026-01-29T20:00:00+0000_44.9566
GDBDCL,Godavari at Bhadrachalam,Godavari,2026-01-29 21:00:00+00:00,45.051383546162775,NORMAL,47.5,48.5,53.0,17.66865,80.87403,GDBDCL_2026-01-29T21:00:00+0000_45.0514
GDBDCL,Godavari at Bhadrachalam,Godavari,2026-01-29 22:00:00+00:00,45.02214224809937,NORMAL,47.5,48.5,53.0,17.66865,80.87403,GDBDCL_2026-01-29T22:00:00+0000_45.0221
GDBDCL,Godavari at Bhadrachalam,Godavari,2026-01-29 23:00:00+00:00,45.04176434523883,NORMAL,47.5,48.5,53.0,17.66865,80.87403,GDBDCL_2026-01-29T23:00:00+0000_45.0418
GDBDCL,Godavari at Bhadrachalam,Godavari,2026-01-30 00:00:00+00:00,45.09185138366001,NORMAL,47.5,48.5,53.0,17.66865,80.87403,GDBDCL_2026-01-30T00:00:00+0000_45.0919
GDBDCL,Godavari at Bhadrachalam,Godavari,2026-01-30 01:00:00+00:00,45.1043309287172,NORMAL,47.5,48.5,53.0,17.66865,80.87403,GDBDCL_2026-01-30T01:00:00+0000_45.1043
GDBDCL,Godavari at Bhadrachalam,Godavari,2026-01-30 02:00:00+00:00,45.098928423289216,NORMAL,47.5,48.5,53.0,17.66865,80.87403,GDBDCL_2026-01-30T02:00:00+0000_45.0989
GDBDCL,Godavari at Bhadrachalam,Godavari,2026-01-30 03:00:00+00:00,45.09631108243589,NORMAL,47.5,48.5,53.0,17.66865,80.87403,GDBDCL_2026-01-30T03:00:00+0000_45.0963
GDBDCL,Godavari at Bhadrachalam,Godavari,2026-01-30 04:00:00+00:00,45.05700500921389,NORMAL,47.5,48.5,53.0,17.66865,80.87403,GDBDCL_2026-01-30T04:00:00+0000_45.0570
GDBDCL,Godavari at Bhadrachalam,Godavari,2026-01-30 05:00:00+00:00,45.082390937275086,NORMAL,47.5,48.5,53.0,17.66865,80.87403,GDBDCL_2026-01-30T05:00:00+0000_45.0824
GDBDCL,Godavari at Bhadrachalam,Godavari,2026-01-30 06:00:00+00:00,45.071120062912286,NORMAL,47.5,48.5,53.0,17.66865,80.87403,GDBDCL_2026-01-30T06:00:00+0000_45.0711
GDBDCL,Godavari at Bhadrachalam,Godavari,2026-01-30 07:00:00+00:00,45.01844022497571,NORMAL,47.5,48.5,53.0,17.66865,80.87403,GDBDCL_2026-01-30T07:00:00+0000_45.0184
GDBDCL,Godavari at Bhadrachalam,Godavari,2026-01-30 08:00:00+00:00,44.97791212518069,NORMAL,47.5,48.5,53.0,17.66865,80.87403,GDBDCL_2026-01-30T08:00:00+0000_44.9779
GDBDCL,Godavari at Bhadrachalam,Godavari,2026-01-30 09:00:00+00:00,44.87783405829123,NORMAL,47.5,48.5,53.0,17.66865,80.87403,GDBDCL_2026-01-30T09:00:00+0000_44.8778
GDBDCL,Godavari at Bhadrachalam,Godavari,2026-01-30 10:00:00+00:00,44.91431162626924,NORMAL,47.5,48.5,53.0,17.66865,80.87403,GDBDCL_2026-01-30T10:00:00+0000_44.9143
GDBDCL,Godavari at Bhadrachalam,Godavari,2026-01-30 11:00:00+00:00,44.88189172755561,NORMAL,47.5,48.5,53.0,17.66865,80.87403,GDBDCL_2026-01-30T11:00:00+0000_44.8819
GDBDCL,Godavari at Bhadrachalam,Godavari,2026-01-30 12:00:00+00:00,44.85270052126182,NORMAL,47.5,48.5,53.0,17.66865,80.87403,GDBDCL_2026-01-30T12:00:00+0000_44.8527
GDBDCL,Godavari at Bhadrachalam,Godavari,2026-01-30 13:00:00+00:00,44.84349392034822,NORMAL,47.5,48.5,53.0,17.66865,80.87403,GDBDCL_2026-01-30T13:00:00+0000_44.8435
GDBDCL,Godavari at Bhadrachalam,Godavari,2026-01-30 14:00:00+00:00,44.83972660679296,NORMAL,47.5,48.5,53.0,17.66865,80.87403,GDBDCL_2026-01-30T14:00:00+0000_44.8397
GDBDCL,Godavari at Bhadrachalam,Godavari,2026-01-30 15:00:00+00:00,44.86124975023525,NORMAL,47.5,48.5,53.0,17.66865,80.87403,GDBDCL_2026-01-30T15:00:00+0000_44.8612
GDBDCL,Godavari at Bhadrachalam,Godavari,2026-01-30 16:00:00+00:00,44.88102330453786,NORMAL,47.5,48.5,53.0,17.66865,80.87403,GDBDCL_2026-01-30T16:00:00+0000_44.8810
GDBDCL,Godavari at Bhadrachalam,Godavari,2026-01-30 17:00:00+00:00,44.92908406829277,NORMAL,47.5,48.5,53.0,17.66865,80.87403,GDBDCL_2026-01-30T17:00:00+0000_44.9291
GDBDCL,Godavari at Bhadrachalam,Godavari,2026-01-30 18:00:00+00:00,44.86799479912997,NORMAL,47.5,48.5,53.0,17.66865,80.87403,GDBDCL_2026-01-30T18:00:00+0000_44.8680
GDBDCL,Godavari at Bhadrachalam,Godavari,2026-01-30 19:00:00+00:00,,,47.5,48.5,53.0,17.66865,80.87403,GDBDCL_2026-01-30T19:00:00+0000_
GDBDCL,Godavari at Bhadrachalam,Godavari,2026-01-30 20:00:00+00:00,44.99100075378418,NORMAL,47.5,48.5,53.0,17.66865,80.87403,GDBDCL_2026-01-30T20:00:00+0000_44.9910
GDBDCL,Godavari at Bhadrachalam,Godavari,2026-01-30 21:00:00+00:00,44.98471702008396,NORMAL,47.5,48.5,53.0,17.66865,80.87403,GDBDCL_2026-01-30T21:00:00+0000_44.9847
GDBDCL,Godavari at Bhadrachalam,Godavari,2026-01-30 22:00:00+00:00,45.08458041648624,NORMAL,47.5,48.5,53.0,17.66865,80.87403,GDBDCL_2026-01-30T22:00:00+0000_45.0846
GDBDCL,Godavari at Bhadrachalam,Godavari,2026-01-30 23:00:00+00:00,45.07106679809323,NORMAL,47.5,48.5,53.0,17.66865,80.87403,GDBDCL_2026-01-30T23:00:00+0000_45.0711
GDBDCL,Godavari at Bhadrachalam,Godavari,2026-01-31 00:00:00+00:00,45.10979091947322,NORMAL,47.5,48.5,53.0,17.66865,80.87403,GDBDCL_2026-01-31T00:00:00+0000_45.1098
GDBDCL,Godavari at Bhadrachalam,Godavari,2026-01-31 01:00:00+00:00,45.13594696462941,NORMAL,47.5,48.5,53.0,17.66865,80.87403,GDBDCL_2026-01-31T01:00:00+0000_45.1359
GDBDCL,Godavari at Bhadrachalam,Godavari,2026-01-31 02:00:00+00:00,45.16021573173317,NORMAL,47.5,48.5,53.0,17.66865,80.87403,GDBDCL_2026-01-31T02:00:00+0000_45.1602
GDBDCL,Godavari at Bhadrachalam,Godavari,2026-01-31 03:00:00+00:00,45.0713810448187,NORMAL,47.5,48.5,53.0,17.66865,80.87403,GDBDCL_2026-01-31T03:00:00+0000_45.0714
GDBDCL,Godavari at Bhadrachalam,Godavari,2026-01-31 04:00:00+00:00,49.04352526959786,DANGER,47.5,48.5,53.0,17.66865,80.87403,GDBDCL_2026-01-31T04:00:00+0000_49.0435
GDBDCL,Godavari at Bhadrachalam,Godavari,2026-01-31 05:00:00+00:00,48.537614891604974,DANGER,47.5,48.5,53.0,17.66865,80.87403,GDBDCL_2026-01-31T05:00:00+0000_48.5376
GDBDCL,Godavari at Bhadrachalam,Godavari,2026-01-31 06:00:00+00:00,45.03826654852416,NORMAL,47.5,48.5,53.0,17.66865,80.87403,GDBDCL_2026-01-31T06:00:00+0000_45.0383
GDBDCL,Godavari at Bhadrachalam,Godavari,2026-01-31 07:00:00+00:00,45.020166804171446,NORMAL,47.5,48.5,53.0,17.66865,80.87403,GDBDCL_2026-01-31T07:00:00+0000_45.0202
GDBDCL,Godavari at Bhadrachalam,Godavari,2026-01-31 08:00:00+00:00,44.922008419438384,NORMAL,47.5,48.5,53.0,17.66865,80.87403,GDBDCL_2026-01-31T08:00:00+0000_44.9220
GDBDCL,Godavari at Bhadrachalam,Godavari,2026-01-31 09:00:00+00:00,44.9299264314438,NORMAL,47.5,48.5,53.0,17.66865,80.87403,GDBDCL_2026-01-31T09:00:00+0000_44.9299
GDBDCL,Godavari at Bhadrachalam,Godavari,2026-01-31 10:00:00+00:00,44.91787255733201,NORMAL,47.5,48.5,53.0,17.66865,80.87403,GDBDCL_2026-01-31T10:00:00+0000_44.9179
GDBDCL,Godavari at Bhadrachalam,Godavari,2026-01-31 11:00:00+00:00,44.81897382707097,NORMAL,47.5,48.5,53.0,17.66865,80.87403,GDBDCL_2026-01-31T11:00:00+0000_44.8190
GDBDCL,Godavari at Bhadrachalam,Godavari,2026-01-31 12:00:00+00:00,44.87223758940935,NORMAL,47.5,48.5,53.0,17.66865,80.87403,GDBDCL_2026-01-31T12:00:00+0000_44.8722
GDBDCL,Godavari at Bhadrachalam,Godavari,2026-01-31 13:00:00+00:00,44.81279485593312,NORMAL,47.5,48.5,53.0,17.66865,80.87403,GDBDCL_2026-01-31T13:00:00+0000_44.8128
GDBDCL,Godavari at Bhadrachalam,Godavari,2026-01-31 14:00:00+00:00,44.83556890954143,NORMAL,47.5,48.5,53.0,17.66865,80.87403,GDBDCL_2026-01-31T14:00:00+0000_44.8356
GDBDCL,Godavari at Bhadrachalam,Godavari,2026-01-31 15:00:00+00:00,44.8405687017254,NORMAL,47.5,48.5,53.0,17.66865,80.87403,GDBDCL_2026-01-31T15:00:00+0000_44.8406
GDBDCL,Godavari at Bhadrachalam,Godavari,2026-01-31 16:00:00+00:00,44.81829916009886,NORMAL,47.5,48.5,53.0,17.66865,80.87403,GDBDCL_2026-01-31T16:00:00+0000_44.8183
GDBDCL,Godavari at Bhadrachalam,Godavari,2026-01-31 17:00:00+00:00,44.925721518959904,NORMAL,47.5,48.5,53.0,17.66865,80.87403,GDBDCL_2026-01-31T17:00:00+0000_44.9257
GDBDCL,Godavari at Bhadrachalam,Godavari,2026-01-31 18:00:00+00:00,44.91278785446946,NORMAL,47.5,48.5,53.0,17.66865,80.87403,GDBDCL_2026-01-31T18:00:00+0000_44.9128
GDBDCL,Godavari at Bhadrachalam,Godavari,2026-01-31 19:00:00+00:00,44.98161728499552,NORMAL,47.5,48.5,53.0,17.66865,80.87403,GDBDCL_2026-01-31T19:00:00+0000_44.9816
GDBDCL,Godavari at Bhadrachalam,Godavari,2026-01-31 20:00:00+00:00,45.0004227521553,NORMAL,47.5,48.5,53.0,17.66865,80.87403,GDBDCL_2026-01-31T20:00:00+0000_45.0004
GDBDCL,Godavari at Bhadrachalam,Godavari,2026-01-31 21:00:00+00:00,45.05003570000216,NORMAL,47.5,48.5,53.0,17.66865,80.87403,GDBDCL_2026-01-31T21:00:00+0000_45.0500
GDBDCL,Godavari at Bhadrachalam,Godavari,2026-01-31 22:00:00+00:00,45.06745217696431,NORMAL,47.5,48.5,53.0,17.66865,80.87403,GDBDCL_2026-01-31T22:00:00+0000_45.0675
GDBDCL,Godavari at Bhadrachalam,Godavari,2026-01-31 23:00:00+00:00,45.103398583421225,NORMAL,47.5,48.5,53.0,17.66865,80.87403,GDBDCL_2026-01-31T23:00:00+0000_45.1034
GDBDCL,Godavari at Bhadrachalam,Godavari,2026-02-01 00:00:00+00:00,45.12810097662591,NORMAL,47.5,48.5,53.0,17.66865,80.87403,GDBDCL_2026-02-01T00:00:00+0000_45.1281
GDBDCL,Godavari at Bhadrachalam,Godavari,2026-02-01 01:00:00+00:00,45.14173034890846,NORMAL,47.5,48.5,53.0,17.66865,80.87403,GDBDCL_2026-02-01T01:00:00+0000_45.1417
GDBDCL,Godavari at Bhadrachalam,Godavari,2026-02-01 02:00:00+00:00,45.08985175983606,NORMAL,47.5,48.5,53.0,17.66865,80.87403,GDBDCL_2026-02-01T02:00:00+0000_45.0899
GDBDCL,Godavari at Bhadrachalam,Godavari,2026-02-01 03:00:00+00:00,45.08787376594672,NORMAL,47.5,48.5,53.0,17.66865,80.87403,GDBDCL_2026-02-01T03:00:00+0000_45.0879
GDBDCL,Godavari at Bhadrachalam,Godavari,2026-02-01 04:00:00+00:00,45.111347131814064,NORMAL,47.5,48.5,53.0,17.66865,80.87403,GDBDCL_2026-02-01T04:00:00+0000_45.1113
GDBDCL,Godavari at Bhadrachalam,Godavari,2026-02-01 05:00:00+00:00,45.05741317708319,NORMAL,47.5,48.5,53.0,17.66865,80.87403,GDBDCL_2026-02-01T05:00:00+0000_45.0574
GDBDCL,Godavari at Bhadrachalam,Godavari,2026-02-01 06:00:00+00:00,45.07281383462388,NORMAL,47.5,48.5,53.0,17.66865,80.87403,GDBDCL_2026-02-01T06:00:00+0000_45.0728
GDBDCL,Godavari at Bhadrachalam,Godavari,2026-02-01 07:00:00+00:00,45.01506716134218,NORMAL,47.5,48.5,53.0,17.66865,80.87403,GDBDCL_2026-02-01T07:00:00+0000_45.0151
GDBDCL,Godavari at Bhadrachalam,Godavari,2026-02-01 08:00:00+00:00,44.99369571724517,NORMAL,47.5,48.5,53.0,17.66865,80.87403,GDBDCL_2026-02-01T08:00:00+0000_44.9937
GDBDCL,Godavari at Bhadrachalam,Godavari,2026-02-01 09:00:00+00:00,44.897076300664345,NORMAL,47.5,48.5,53.0,17.66865,80.87403,GDBDCL_2026-02-01T09:00:00+0000_44.8971
GDBDCL,Godavari at Bhadrachalam,Godavari,2026-02-01 10:00:00+00:00,44.88035549510781,NORMAL,47.5,48.5,53.0,17.66865,80.87403,GDBDCL_2026-02-01T10:00:00+0000_44.8804
GDBDCL,Godavari at Bhadrachalam,Godavari,2026-02-01 11:00:00+00:00,44.819326054389634,NORMAL,47.5,48.5,53.0,17.66865,80.87403,GDBDCL_2026-02-01T11:00:00+0000_44.8193
GDBDCL,Godavari at Bhadrachalam,Godavari,2026-02-01 12:00:00+00:00,44.83645580781081,NORMAL,47.5,48.5,53.0,17.66865,80.87403,GDBDCL_2026-02-01T12:00:00+0000_44.8365
GDBDCL,Godavari at Bhadrachalam,Godavari,2026-02-01 13:00:00+00:00,44.83931688648103,NORMAL,47.5,48.5,53.0,17.66865,80.87403,GDBDCL_2026-02-01T13:00:00+0000_44.8393
GDBDCL,Godavari at Bhadrachalam,Godavari,2026-02-01 14:00:00+00:00,44.83698343301965,NORMAL,47.5,48.5,53.0,17.66865,80.87403,GDBDCL_2026-02-01T14:00:00+0000_44.8370
GDBDCL,Godavari at Bhadrachalam,Godavari,2026-02-01 15:00:00+00:00,44.86509264527249,NORMAL,47.5,48.5,53.0,17.66865,80.87403,GDBDCL_2026-02-01T15:00:00+0000_44.8651
GDBDCL,Godavari at Bhadrachalam,Godavari,2026-02-01 16:00:00+00:00,44.84299144940248,NORMAL,47.5,48.5,53.0,17.66865,80.87403,GDBDCL_2026-02-01T16:00:00+0000_44.8430
GDBDCL,Godavari at Bhadrachalam,Godavari,2026-02-01 17:00:00+00:00,44.93824345690913,NORMAL,47.5,48.5,53.0,17.66865,80.87403,GDBDCL_2026-02-01T17:00:00+0000_44.9382
GDBDCL,Godavari at Bhadrachalam,Godavari,2026-02-01 18:00:00+00:00,44.94796191784107,NORMAL,47.5,48.5,53.0,17.66865,80.87403,GDBDCL_2026-02-01T18:00:00+0000_44.9480
GDBDCL,Godavari at Bhadrachalam,Godavari,2026-02-01 19:00:00+00:00,44.95279825869435,NORMAL,47.5,48.5,53.0,17.66865,80.87403,GDBDCL_2026-02-01T19:00:00+0000_44.9528
GDBDCL,Godavari at Bhadrachalam,Godavari,2026-02-01 20:00:00+00:00,44.96522151095763,NORMAL,47.5,48.5,53.0,17.66865,80.87403,GDBDCL_2026-02-01T20:00:00+0000_44.9652
GDBDCL,Godavari at Bhadrachalam,Godavari,2026-02-01 21:00:00+00:00,45.06173916771312,NORMAL,47.5,48.5,53.0,17.66865,80.87403,GDBDCL_2026-02-01T21:00:00+0000_45.0617
GDBDCL,Godavari at Bhadrachalam,Godavari,2026-02-01 22:00:00+00:00,45.04047405906347,NORMAL,47.5,48.5,53.0,17.66865,80.87403,GDBDCL_2026-02-01T22:00:00+0000_45.0405
GDBDCL,Godavari at Bhadrachalam,Godavari,2026-02-01 23:00:00+00:00,45.0451144936108,NORMAL,47.5,48.5,53.0,17.66865,80.87403,GDBDCL_2026-02-01T23:00:00+0000_45.0451
GDBDCL,Godavari at Bhadrachalam,Godavari,2026-02-02 00:00:00+00:00,45.161108105708166,NORMAL,47.5,48.5,53.0,17.66865,80.87403,GDBDCL_2026-02-02T00:00:00+0000_45.1611
GDBDCL,Godavari at Bhadrachalam,Godavari,2026-02-02 01:00:00+00:00,46.968968065551564,NORMAL,47.5,48.5,53.0,17.66865,80.87403,GDBDCL_2026-02-02T01:00:00+0000_46.9690
GDBDCL,Godavari at Bhadrachalam,Godavari,2026-02-02 02:00:00+00:00,46.86350707275197,NORMAL,47.5,48.5,53.0,17.66865,80.87403,GDBDCL_2026-02-02T02:00:00+0000_46.8635
GDBDCL,Godavari at Bhadrachalam,Godavari,2026-02-02 03:00:00+00:00,46.692911276813845,NORMAL,47.5,48.5,53.0,17.66865,80.87403,GDBDCL_2026-02-02T03:00:00+0000_46.6929
GDBDCL,Godavari at Bhadrachalam,Godavari,2026-02-02 04:00:00+00:00,46.5218840790803,NORMAL,47.5,48.5,53.0,17.66865,80.87403,GDBDCL_2026-02-02T04:00:00+0000_46.5219
GDBDCL,Godavari at Bhadrachalam,Godavari,2026-02-02 05:00:00+00:00,46.31478328979897,NORMAL,47.5,48.5,53.0,17.66865,80.87403,GDBDCL_2026-02-02T05:00:00+0000_46.3148
GDBDCL,Godavari at Bhadrachalam,Godavari,2026-02-02 06:00:00+00:00,46.14815466804182,NORMAL,47.5,48.5,53.0,17.66865,80.87403,GDBDCL_2026-02-02T06:00:00+0000_46.1482
GDBDCL,Godavari at Bhadrachalam,Godavari,2026-02-02 07:00:00+00:00,45.9910779186861,NORMAL,47.5,48.5,53.0,17.66865,80.87403,GDBDCL_2026-02-02T07:00:00+0000_45.9911
GDBDCL,Godavari at Bhadrachalam,Godavari,2026-02-02 08:00:00+00:00,44.95940052773545,NORMAL,47.5,48.5,53.0,17.66865,80.87403,GDBDCL_2026-02-02T08:00:00+0000_44.9594
GDBDCL,Godavari at Bhadrachalam,Godavari,2026-02-02 09:00:00+00:00,44.98006523340212,NORMAL,47.5,48.5,53.0,17.66865,80.87403,GDBDCL_2026-02-02T09:00:00+0000_44.9801
GDBDCL,Godavari at Bhadrachalam,Godavari,2026-02-02 10:00:00+00:00,44.94704392673347,NORMAL,47.5,48.5,53.0,17.66865,80.87403,GDBDCL_2026-02-02T10:00:00+0000_44.9470
GDBDCL,Godavari at Bhadrachalam,Godavari,2026-02-02 11:00:00+00:00,44.910166988800775,NORMAL,47.5,48.5,53.0,17.66865,80.87403,GDBDCL_2026-02-02T11:00:00+0000_44.9102
GDBDCL,Godavari at Bhadrachalam,Godavari,2026-02-02 12:00:00+00:00,44.83108810366432,NORMAL,47.5,48.5,53.0,17.66865,80.87403,GDBDCL_2026-02-02T12:00:00+0000_44.8311
GDBDCL,Godavari at Bhadrachalam,Godavari,2026-02-02 13:00:00+00:00,44.83513493796278,NORMAL,47.5,48.5,53.0,17.66865,80.87403,GDBDCL_2026-02-02T13:00:00+0000_44.8351
GDBDCL,Godavari at Bhadrachalam,Godavari,2026-02-02 14:00:00+00:00,44.85732196635882,NORMAL,47.5,48.5,53.0,17.66865,80.87403,GDBDCL_2026-02-02T14:00:00+0000_44.8573
GDBDCL,Godavari at Bhadrachalam,Godavari,2026-02-02 15:00:00+00:00,44.87677533373274,NORMAL,47.5,48.5,53.0,17.66865,80.87403,GDBDCL_2026-02-02T15:00:00+0000_44.8768
GDBDCL,Godavari at Bhadrachalam,Godavari,2026-02-02 16:00:00+00:00,44.90092253987544,NORMAL,47.5,48.5,53.0,17.66865,80.87403,GDBDCL_2026-02-02T16:00:00+0000_44.9009
GDBDCL,Godavari at Bhadrachalam,Godavari,2026-02-02 17:00:00+00:00,44.90892670001932,NORMAL,47.5,48.5,53.0,17.66865,80.87403,GDBDCL_2026-02-02T17:00:00+0000_44.9089
GDBDCL,Godavari at Bhadrachalam,Godavari,2026-02-02 18:00:00+00:00,44.96741435623171,NORMAL,47.5,48.5,53.0,17.66865,80.87403,GDBDCL_2026-02-02T18:00:00+0000_44.9674
GDBDCL,Godavari at Bhadrachalam,Godavari,2026-02-02 19:00:00+00:00,44.96692871166376,NORMAL,47.5,48.5,53.0,17.66865,80.87403,GDBDCL_2026-02-02T19:00:00+0000_44.9669
GDBDCL,Godavari at Bhadrachalam,Godavari,2026-02-02 20:00:00+00:00,45.02011209341042,NORMAL,47.5,48.5,53.0,17.66865,80.87403,GDBDCL_2026-02-02T20:00:00+0000_45.0201
GDBDCL,Godavari at Bhadrachalam,Godavari,2026-02-02 21:00:00+00:00,45.020635953462616,NORMAL,47.5,48.5,53.0,17.66865,80.87403,GDBDCL_2026-02-02T21:00:00+0000_45.0206
GDBDCL,Godavari at Bhadrachalam,Godavari,2026-02-02 22:00:00+00:00,45.05891701399965,NORMAL,47.5,48.5,53.0,17.66865,80.87403,GDBDCL_2026-02-02T22:00:00+0000_45.0589
GDBDCL,Godavari at Bhadrachalam,Godavari,2026-02-02 23:00:00+00:00,45.061133231498445,NORMAL,47.5,48.5,53.0,17.66865,80.87403,GDBDCL_2026-02-02T23:00:00+0000_45.0611
GDBDCL,Godavari at Bhadrachalam,Godavari,2026-02-03 00:00:00+00:00,45.14759034094706,NORMAL,47.5,48.5,53.0,17.66865,80.87403,GDBDCL_2026-02-03T00:00:00+0000_45.1476
GDBDCL,Godavari at Bhadrachalam,Godavari,2026-02-03 01:00:00+00:00,45.09627921109616,NORMAL,47.5,48.5,53.0,17.66865,80.87403,GDBDCL_2026-02-03T01:00:00+0000_45.0963
GDBDCL,Godavari at Bhadrachalam,Godavari,2026-02-03 02:00:00+00:00,45.17695835666594,NORMAL,47.5,48.5,53.0,17.66865,80.87403,GDBDCL_2026-02-03T02:00:00+0000_45.1770
GDBDCL,Godavari at Bhadrachalam,Godavari,2026-02-03 03:00:00+00:00,45.10300909812239,NORMAL,47.5,48.5,53.0,17.66865,80.87403,GDBDCL_2026-02-03T03:00:00+0000_45.1030
GDBDCL,Godavari at Bhadrachalam,Godavari,2026-02-03 04:00:00+00:00,45.05874059778434,NORMAL,47.5,48.5,53.0,17.66865,80.87403,GDBDCL_2026-02-03T04:00:00+0000_45.0587
GDBDCL,Godavari at Bhadrachalam,Godavari,2026-02-03 05:00:00+00:00,45.04604164117524,NORMAL,47.5,48.5,53.0,17.66865,80.87403,GDBDCL_2026-02-03T05:00:00+0000_45.0460
GDBDCL,Godavari at Bhadrachalam,Godavari,2026-02-03 06:00:00+00:00,45.08598533941279,NORMAL,47.5,48.5,53.0,17.66865,80.87403,GDBDCL_2026-02-03T06:00:00+0000_45.0860
GDBDCL,Godavari at Bhadrachalam,Godavari,2026-02-03 07:00:00+00:00,44.99778696402559,NORMAL,47.5,48.5,53.0,17.66865,80.87403,GDBDCL_2026-02-03T07:00:00+0000_44.9978
GDBDCL,Godavari at Bhadrachalam,Godavari,2026-02-03 08:00:00+00:00,45.0179435881056,NORMAL,47.5,48.5,53.0,17.66865,80.87403,GDBDCL_2026-02-03T08:00:00+0000_45.0179
GDBDCL,Godavari at Bhadrachalam,Godavari,2026-02-03 09:00:00+00:00,44.91615746785219,NORMAL,47.5,48.5,53.0,17.66865,80.87403,GDBDCL_2026-02-03T09:00:00+0000_44.9162
GDBDCL,Godavari at Bhadrachalam,Godavari,2026-02-03 10:00:00+00:00,44.86467334759588,NORMAL,47.5,48.5,53.0,17.66865,80.87403,GDBDCL_2026-02-03T10:00:00+0000_44.8647
GDBDCL,Godavari at Bhadrachalam,Godavari,2026-02-03 11:00:00+00:00,44.829239358481,NORMAL,47.5,48.5,53.0,17.66865,80.87403,GDBDCL_2026-02-03T11:00:00+0000_44.8292
GDBDCL,Godavari at Bhadrachalam,Godavari,2026-02-03 12:00:00+00:00,44.868990890524536,NORMAL,47.5,48.5,53.0,17.66865,80.87403,GDBDCL_2026-02-03T12:00:00+0000_44.8690
GDBDCL,Godavari at Bhadrachalam,Godavari,2026-02-03 13:00:00+00:00,44.832073236239616,NORMAL,47.5,48.5,53.0,17.66865,80.87403,GDBDCL_2026-02-03T13:00:00+0000_44.8321
GDBDCL,Godavari at Bhadrachalam,Godavari,2026-02-03 14:00:00+00:00,44.851291949053646,NORMAL,47.5,48.5,53.0,17.66865,80.87403,GDBDCL_2026-02-03T14:00:00+0000_44.8513
GDBDCL,Godavari at Bhadrachalam,Godavari,2026-02-03 15:00:00+00:00,44.85341220444519,NORMAL,47.5,48.5,53.0,17.66865,80.87403,GDBDCL_2026-02-03T15:00:00+0000_44.8534
GDBDCL,Godavari at Bhadrachalam,Godavari,2026-02-03 16:00:00+00:00,44.829302280473286,NORMAL,47.5,48.5,53.0,17.66865,80.87403,GDBDCL_2026-02-03T16:00:00+0000_44.8293
GDBDCL,Godavari at Bhadrachalam,Godavari,2026-02-03 17:00:00+00:00,44.920620068257215,NORMAL,47.5,48.5,53.0,17.66865,80.87403,GDBDCL_2026-02-03T17:00:00+0000_44.9206
GDBDCL,Godavari at Bhadrachalam,Godavari,2026-02-03 18:00:00+00:00,44.93316752621787,NORMAL,47.5,48.5,53.0,17.66865,80.87403,GDBDCL_2026-02-03T18:00:00+0000_44.9332
GDBDCL,Godavari at Bhadrachalam,Godavari,2026-02-03 19:00:00+00:00,44.92634920909546,NORMAL,47.5,48.5,53.0,17.66865,80.87403,GDBDCL_2026-02-03T19:00:00+0000_44.9263
GDBDCL,Godavari at Bhadrachalam,Godavari,2026-02-03 20:00:00+00:00,45.01453925347128,NORMAL,47.5,48.5,53.0,17.66865,80.87403,GDBDCL_2026-02-03T20:00:00+0000_45.0145
GDBDCL,Godavari at Bhadrachalam,Godavari,2026-02-03 21:00:00+00:00,45.07841761022455,NORMAL,47.5,48.5,53.0,17.66865,80.87403,GDBDCL_2026-02-03T21:00:00+0000_45.0784
GDBDCL,Godavari at Bhadrachalam,Godavari,2026-02-03 22:00:00+00:00,45.09434287939584,NORMAL,47.5,48.5,53.0,17.66865,80.87403,GDBDCL_2026-02-03T22:00:00+0000_45.0943
GDBDCL,Godavari at Bhadrachalam,Godavari,2026-02-03 23:00:00+00:00,45.08017610465785,NORMAL,47.5,48.5,53.0,17.66865,80.87403,GDBDCL_2026-02-03T23:00:00+0000_45.0802
GDBDCL,Godavari at Bhadrachalam,Godavari,2026-02-04 00:00:00+00:00,45.10231916079529,NORMAL,47.5,48.5,53.0,17.66865,80.87403,GDBDCL_2026-02-04T00:00:00+0000_45.1023
GDBDCL,Godavari at Bhadrachalam,Godavari,2026-02-04 01:00:00+00:00,45.16380496940455,NORMAL,47.5,48.5,53.0,17.66865,80.87403,GDBDCL_2026-02-04T01:00:00+0000_45.1638
GDBDCL,Godavari at Bhadrachalam,Godavari,2026-02-04 02:00:00+00:00,45.15525408193957,NORMAL,47.5,48.5,53.0,17.66865,80.87403,GDBDCL_2026-02-04T02:00:00+0000_45.1553
GDBDCL,Godavari at Bhadrachalam,Godavari,2026-02-04 03:00:00+00:00,45.151518331198005,NORMAL,47.5,48.5,53.0,17.66865,80.87403,GDBDCL_2026-02-04T03:00:00+0000_45.1515
GDBDCL,Godavari at Bhadrachalam,Godavari,2026-02-04 04:00:00+00:00,45.140340441736186,NORMAL,47.5,48.5,53.0,17.66865,80.87403,GDBDCL_2026-02-04T04:00:00+0000_45.1403
GDBDCL,Godavari at Bhadrachalam,Godavari,2026-02-04 05:00:00+00:00,45.11903446460952,NORMAL,47.5,48.5,53.0,17.66865,80.87403,GDBDCL_2026-02-04T05:00:00+0000_45.1190
GDBDCL,Godavari at Bhadrachalam,Godavari,2026-02-04 06:00:00+00:00,45.08239886131295,NORMAL,47.5,48.5,53.0,17.66865,80.87403,GDBDCL_2026-02-04T06:00:00+0000_45.0824
GDBDCL,Godavari at Bhadrachalam,Godavari,2026-02-04 07:00:00+00:00,44.98488425552713,NORMAL,47.5,48.5,53.0,17.66865,80.87403,GDBDCL_2026-02-04T07:00:00+0000_44.9849
GDBDCL,Godavari at Bhadrachalam,Godavari,2026-02-04 08:00:00+00:00,45.023176926612464,NORMAL,47.5,48.5,53.0,17.66865,80.87403,GDBDCL_2026-02-04T08:00:00+0000_45.0232
GDBDCL,Godavari at Bhadrachalam,Godavari,2026-02-04 09:00:00+00:00,44.942132200052846,NORMAL,47.5,48.5,53.0,17.66865,80.87403,GDBDCL_2026-02-04T09:00:00+0000_44.9421
GDBDCL,Godavari at Bhadrachalam,Godavari,2026-02-04 10:00:00+00:00,44.8953940478887,NORMAL,47.5,48.5,53.0,17.66865,80.87403,GDBDCL_2026-02-04T10:00:00+0000_44.8954
GDBDCL,Godavari at Bhadrachalam,Godavari,2026-02-04 11:00:00+00:00,44.9031285530281,NORMAL,47.5,48.5,53.0,17.66865,80.87403,GDBDCL_2026-02-04T11:00:00+0000_44.9031
GDBDCL,Godavari at Bhadrachalam,Godavari,2026-02-04 12:00:00+00:00,44.898339101360406,NORMAL,47.5,48.5,53.0,17.66865,80.87403,GDBDCL_2026-02-04T12:00:00+0000_44.8983
GDBDCL,Godavari at Bhadrachalam,Godavari,2026-02-04 13:00:00+00:00,44.87329692103125,NORMAL,47.5,48.5,53.0,17.66865,80.87403,GDBDCL_2026-02-04T13:00:00+0000_44.8733
GDBDCL,Godavari at Bhadrachalam,Godavari,2026-02-04 14:00:00+00:00,44.80477239924419,NORMAL,47.5,48.5,53.0,17.66865,80.87403,GDBDCL_2026-02-04T14:00:00+0000_44.8048
GDBDCL,Godavari at Bhadrachalam,Godavari,2026-02-04 15:00:00+00:00,44.85069952700149,NORMAL,47.5,48.5,53.0,17.66865,80.87403,GDBDCL_2026-02-04T15:00:00+0000_44.8507
GDBDCL,Godavari at Bhadrachalam,Godavari,2026-02-04 16:00:00+00:00,44.89977203700891,NORMAL,47.5,48.5,53.0,17.66865,80.87403,GDBDCL_2026-02-04T16:00:00+0000_44.8998
GDBDCL,Godavari at Bhadrachalam,Godavari,2026-02-04 17:00:00+00:00,44.87271416791647,NORMAL,47.5,48.5,53.0,17.66865,80.87403,GDBDCL_2026-02-04T17:00:00+0000_44.8727
GDBDCL,Godavari at Bhadrachalam,Godavari,2026-02-04 18:00:00+00:00,44.93978758619341,NORMAL,47.5,48.5,53.0,17.66865,80.87403,GDBDCL_2026-02-04T18:00:00+0000_44.9398
GDBDCL,Godavari at Bhadrachalam,Godavari,2026-02-04 19:00:00+00:00,45.001241861091145,NORMAL,47.5,48.5,53.0,17.66865,80.87403,GDBDCL_2026-02-04T19:00:00+0000_45.0012
GDBDCL,Godavari at Bhadrachalam,Godavari,2026-02-04 20:00:00+00:00,45.0500268595609,NORMAL,47.5,48.5,53.0,17.66865,80.87403,GDBDCL_2026-02-04T20:00:00+0000_45.0500
GDBDCL,Godavari at Bhadrachalam,Godavari,2026-02-04 21:00:00+00:00,45.01521290620067,NORMAL,47.5,48.5,53.0,17.66865,80.87403,GDBDCL_2026-02-04T21:00:00+0000_45.0152
GDBDCL,Godavari at Bhadrachalam,Godavari,2026-02-04 22:00:00+00:00,45.05816722531345,NORMAL,47.5,48.5,53.0,17.66865,80.87403,GDBDCL_2026-02-04T22:00:00+0000_45.0582
GDBDCL,Godavari at Bhadrachalam,Godavari,2026-02-04 23:00:00+00:00,45.097061098290105,NORMAL,47.5,48.5,53.0,17.66865,80.87403,GDBDCL_2026-02-04T23:00:00+0000_45.0971
GDBDCL,Godavari at Bhadrachalam,Godavari,2026-02-05 00:00:00+00:00,45.12893965268145,NORMAL,47.5,48.5,53.0,17.66865,80.87403,GDBDCL_2026-02-05T00:00:00+0000_45.1289
GDBDCL,Godavari at Bhadrachalam,Godavari,2026-02-05 01:00:00+00:00,45.12493441204789,NORMAL,47.5,48.5,53.0,17.66865,80.87403,GDBDCL_2026-02-05T01:00:00+0000_45.1249
GDBDCL,Godavari at Bhadrachalam,Godavari,2026-02-05 02:00:00+00:00,45.090327048043605,NORMAL,47.5,48.5,53.0,17.66865,80.87403,GDBDCL_2026-02-05T02:00:00+0000_45.0903
GDBDCL,Godavari at Bhadrachalam,Godavari,2026-02-05 03:00:00+00:00,45.13460406046423,NORMAL,47.5,48.5,53.0,17.66865,80.87403,GDBDCL_2026-02-05T03:00:00+0000_45.1346
GDBDCL,Godavari at Bhadrachalam,Godavari,2026-02-05 04:00:00+00:00,45.08654435246614,NORMAL,47.5,48.5,53.0,17.66865,80.87403,GDBDCL_2026-02-05T04:00:00+0000_45.0865
GDBDCL,Godavari at Bhadrachalam,Godavari,2026-02-05 05:00:00+00:00,45.09465874035779,NORMAL,47.5,48.5,53.0,17.66865,80.87403,GDBDCL_2026-02-05T05:00:00+0000_45.0947
GDBDCL,Godavari at Bhadrachalam,Godavari,2026-02-05 06:00:00+00:00,45.0825609775261,NORMAL,47.5,48.5,53.0,17.66865,80.87403,GDBDCL_2026-02-05T06:00:00+0000_45.0826
GDBDCL,Godavari at Bhadrachalam,Godavari,2026-02-05 07:00:00+00:00,45.01506614792793,NORMAL,47.5,48.5,53.0,17.66865,80.87403,GDBDCL_2026-02-05T07:00:00+0000_45.0151
GDBDCL,Godavari at Bhadrachalam,Godavari,2026-02-05 08:00:00+00:00,44.981505525318205,NORMAL,47.5,48.5,53.0,17.66865,80.87403,GDBDCL_2026-02-05T08:00:00+0000_44.9815
GDBDCL,Godavari at Bhadrachalam,Godavari,2026-02-05 09:00:00+00:00,44.90851046101085,NORMAL,47.5,48.5,53.0,17.66865,80.87403,GDBDCL_2026-02-05T09:00:00+0000_44.9085
GDBDCL,Godavari at Bhadrachalam,Godavari,2026-02-05 10:00:00+00:00,44.884934713521424,NORMAL,47.5,48.5,53.0,17.66865,80.87403,GDBDCL_2026-02-05T10:00:00+0000_44.8849
GDBDCL,Godavari at Bhadrachalam,Godavari,2026-02-05 11:00:00+00:00,44.84695059419595,NORMAL,47.5,48.5,53.0,17.66865,80.87403,GDBDCL_2026-02-05T11:00:00+0000_44.8470
GDBDCL,Godavari at Bhadrachalam,Godavari,2026-02-05 12:00:00+00:00,44.91399404830327,NORMAL,47.5,48.5,53.0,17.66865,80.87403,GDBDCL_2026-02-05T12:00:00+0000_44.9140
GDBDCL,Godavari at Bhadrachalam,Godavari,2026-02-05 13:00:00+00:00,44.83557113640478,NORMAL,47.5,48.5,53.0,17.66865,80.87403,GDBDCL_2026-02-05T13:00:00+0000_44.8356
GDBDCL,Godavari at Bhadrachalam,Godavari,2026-02-05 14:00:00+00:00,44.90095689332454,NORMAL,47.5,48.5,53.0,17.66865,80.87403,GDBDCL_2026-02-05T14:00:00+0000_44.9010
GDBDCL,Godavari at Bhadrachalam,Godavari,2026-02-05 15:00:00+00:00,44.84151909703311,NORMAL,47.5,48.5,53.0,17.66865,80.87403,GDBDCL_2026-02-05T15:00:00+0000_44.8415
GDBDCL,Godavari at Bhadrachalam,Godavari,2026-02-05 16:00:00+00:00,44.86760507055055,NORMAL,47.5,48.5,53.0,17.66865,80.87403,GDBDCL_2026-02-05T16:00:00+0000_44.8676
GDBDCL,Godavari at Bhadrachalam,Godavari,2026-02-05 17:00:00+00:00,44.89781399739429,NORMAL,47.5,48.5,53.0,17.66865,80.87403,GDBDCL_2026-02-05T17:00:00+0000_44.8978
GDBDCL,Godavari at Bhadrachalam,Godavari,2026-02-05 18:00:00+00:00,44.93461053921764,NORMAL,47.5,48.5,53.0,17.66865,80.87403,GDBDCL_2026-02-05T18:00:00+0000_44.9346
GDBDCL,Godavari at Bhadrachalam,Godavari,2026-02-05 19:00:00+00:00,45.01321893532822,NORMAL,47.5,48.5,53.0,17.66865,80.87403,GDBDCL_2026-02-05T19:00:00+0000_45.0132
GDBDCL,Godavari at Bhadrachalam,Godavari,2026-02-05 20:00:00+00:00,44.97116040287147,NORMAL,47.5,48.5,53.0,17.66865,80.87403,GDBDCL_2026-02-05T20:00:00+0000_44.9712
GDBDCL,Godavari at Bhadrachalam,Godavari,2026-02-05 21:00:00+00:00,45.05366796074567,NORMAL,47.5,48.5,53.0,17.66865,80.87403,GDBDCL_2026-02-05T21:00:00+0000_45.0537
GDBDCL,Godavari at Bhadrachalam,Godavari,2026-02-05 22:00:00+00:00,45.03839529276332,NORMAL,47.5,48.5,53.0,17.66865,80.87403,GDBDCL_2026-02-05T22:00:00+0000_45.0384
GDBDCL,Godavari at Bhadrachalam,Godavari,2026-02-05 23:00:00+00:00,45.11590390283752,NORMAL,47.5,48.5,53.0,17.66865,80.87403,GDBDCL_2026-02-05T23:00:00+0000_45.1159
GDBDCL,Godavari at Bhadrachalam,Godavari,2026-02-06 00:00:00+00:00,45.14713904304005,NORMAL,47.5,48.5,53.0,17.66865,80.87403,GDBDCL_2026-02-06T00:00:00+0000_45.1471
GDBDCL,Godavari at Bhadrachalam,Godavari,2026-02-06 01:00:00+00:00,45.180249516955,NORMAL,47.5,48.5,53.0,17.66865,80.87403,GDBDCL_2026-02-06T01:00:00+0000_45.1802
GDBDCL,Godavari at Bhadrachalam,Godavari,2026-02-06 02:00:00+00:00,45.15958266020216,NORMAL,47.5,48.5,53.0,17.66865,80.87403,GDBDCL_2026-02-06T02:00:00+0000_45.1596
GDBDCL,Godavari at Bhadrachalam,Godavari,2026-02-06 03:00:00+00:00,45.1378277649293,NORMAL,47.5,48.5,53.0,17.66865,80.87403,GDBDCL_2026-02-06T03:00:00+0000_45.1378
GDBDCL,Godavari at Bhadrachalam,Godavari,2026-02-06 04:00:00+00:00,45.0733197612112,NORMAL,47.5,48.5,53.0,17.66865,80.87403,GDBDCL_2026-02-06T04:00:00+0000_45.0733
GDBDCL,Godavari at Bhadrachalam,Godavari,2026-02-06 05:00:00+00:00,45.0743119369264,NORMAL,47.5,48.5,53.0,17.66865,80.87403,GDBDCL_2026-02-06T05:00:00+0000_45.0743
GDBDCL,Godavari at Bhadrachalam,Godavari,2026-02-06 06:00:00+00:00,45.09401670942015,NORMAL,47.5,48.5,53.0,17.66865,80.87403,GDBDCL_2026-02-06T06:00:00+0000_45.0940
GDBDCL,Godavari at Bhadrachalam,Godavari,2026-02-06 07:00:00+00:00,45.00147667599386,NORMAL,47.5,48.5,53.0,17.66865,80.87403,GDBDCL_2026-02-06T07:00:00+0000_45.0015
GDBDCL,Godavari at Bhadrachalam,Godavari,2026-02-06 08:00:00+00:00,44.98967239610535,NORMAL,47.5,48.5,53.0,17.66865,80.87403,GDBDCL_2026-02-06T08:00:00+0000_44.9897
GDBDCL,Godavari at Bhadrachalam,Godavari,2026-02-06 09:00:00+00:00,44.99551352464405,NORMAL,47.5,48.5,53.0,17.66865,80.87403,GDBDCL_2026-02-06T09:00:00+0000_44.9955
GDBDCL,Godavari at Bhadrachalam,Godavari,2026-02-06 10:00:00+00:00,44.9454890422305,NORMAL,47.5,48.5,53.0,17.66865,80.87403,GDBDCL_2026-02-06T10:00:00+0000_44.9455
GDBDCL,Godavari at Bhadrachalam,Godavari,2026-02-06 11:00:00+00:00,44.84437678692894,NORMAL,47.5,48.5,53.0,17.66865,80.87403,GDBDCL_2026-02-06T11:00:00+0000_44.8444
GDBDCL,Godavari at Bhadrachalam,Godavari,2026-02-06 12:00:00+00:00,44.837976093767,NORMAL,47.5,48.5,53.0,17.66865,80.87403,GDBDCL_2026-02-06T12:00:00+0000_44.8380
GDBDCL,Godavari at Bhadrachalam,Godavari,2026-02-06 13:00:00+00:00,44.872883666005976,NORMAL,47.5,48.5,53.0,17.66865,80.87403,GDBDCL_2026-02-06T13:00:00+0000_44.8729
GDBDCL,Godavari at Bhadrachalam,Godavari,2026-02-06 14:00:00+00:00,44.88317293514191,NORMAL,47.5,48.5,53.0,17.66865,80.87403,GDBDCL_2026-02-06T14:00:00+0000_44.8832
GDBDCL,Godavari at Bhadrachalam,Godavari,2026-02-06 15:00:00+00:00,44.86285748940824,NORMAL,47.5,48.5,53.0,17.66865,80.87403,GDBDCL_2026-02-06T15:00:00+0000_44.8629
GDBDCL,Godavari at Bhadrachalam,Godavari,2026-02-06 16:00:00+00:00,44.86804161098575,NORMAL,47.5,48.5,53.0,17.66865,80.87403,GDBDCL_2026-02-06T16:00:00+0000_44.8680
GDBDCL,Godavari at Bhadrachalam,Godavari,2026-02-06 17:00:00+00:00,44.87569969646007,NORMAL,47.5,48.5,53.0,17.66865,80.87403,GDBDCL_2026-02-06T17:00:00+0000_44.8757
GDBDCL,Godavari at Bhadrachalam,Godavari,2026-02-06 18:00:00+00:00,44.95309596011191,NORMAL,47.5,48.5,53.0,17.66865,80.87403,GDBDCL_2026-02-06T18:00:00+0000_44.9531
GDBDCL,Godavari at Bhadrachalam,Godavari,2026-02-06 19:00:00+00:00,45.01963014750913,NORMAL,47.5,48.5,53.0,17.66865,80.87403,GDBDCL_2026-02-06T19:00:00+0000_45.0196
GDBDCL,Godavari at Bhadrachalam,Godavari,2026-02-06 20:00:00+00:00,45.04249028582496,NORMAL,47.5,48.5,53.0,17.66865,80.87403,GDBDCL_2026-02-06T20:00:00+0000_45.0425
GDBDCL,Godavari at Bhadrachalam,Godavari,2026-02-06 21:00:00+00:00,45.071864376445845,NORMAL,47.5,48.5,53.0,17.66865,80.87403,GDBDCL_2026-02-06T21:00:00+0000_45.0719
GDBDCL,Godavari at Bhadrachalam,Godavari,2026-02-06 22:00:00+00:00,45.09734560642401,NORMAL,47.5,48.5,53.0,17.66865,80.87403,GDBDCL_2026-02-06T22:00:00+0000_45.0973
GDBDCL,Godavari at Bhadrachalam,Godavari,2026-02-06 23:00:00+00:00,45.1366536675599,NORMAL,47.5,48.5,53.0,17.66865,80.87403,GDBDCL_2026-02-06T23:00:00+0000_45.1367
GDBDCL,Godavari at Bhadrachalam,Godavari,2026-02-07 00:00:00+00:00,45.18178997101459,NORMAL,47.5,48.5,53.0,17.66865,80.87403,GDBDCL_2026-02-07T00:00:00+0000_45.1818
GDBDCL,Godavari at Bhadrachalam,Godavari,2026-02-07 01:00:00+00:00,45.15575314171972,NORMAL,47.5,48.5,53.0,17.66865,80.87403,GDBDCL_2026-02-07T01:00:00+0000_45.1558
GDBDCL,Godavari at Bhadrachalam,Godavari,2026-02-07 02:00:00+00:00,45.10583385676573,NORMAL,47.5,48.5,53.0,17.66865,80.87403,GDBDCL_2026-02-07T02:00:00+0000_45.1058
GDBDCL,Godavari at Bhadrachalam,Godavari,2026-02-07 03:00:00+00:00,45.12529948236602,NORMAL,47.5,48.5,53.0,17.66865,80.87403,GDBDCL_2026-02-07T03:00:00+0000_45.1253
GDBDCL,Godavari at Bhadrachalam,Godavari,2026-02-07 04:00:00+00:00,45.149669352685706,NORMAL,47.5,48.5,53.0,17.66865,80.87403,GDBDCL_2026-02-07T04:00:00+0000_45.1497
GDBDCL,Godavari at Bhadrachalam,Godavari,2026-02-07 05:00:00+00:00,45.130466034754576,NORMAL,47.5,48.5,53.0,17.66865,80.87403,GDBDCL_2026-02-07T05:00:00+0000_45.1305
GDBDCL,Godavari at Bhadrachalam,Godavari,2026-02-07 06:00:00+00:00,45.06250003334627,NORMAL,47.5,48.5,53.0,17.66865,80.87403,GDBDCL_2026-02-07T06:00:00+0000_45.0625
GDBDCL,Godavari at Bhadrachalam,Godavari,2026-02-07 07:00:00+00:00,45.06305934315867,NORMAL,47.5,48.5,53.0,17.66865,80.87403,GDBDCL_2026-02-07T07:00:00+0000_45.0631
GDBDCL,Godavari at Bhadrachalam,Godavari,2026-02-07 08:00:00+00:00,44.99051197901733,NORMAL,47.5,48.5,53.0,17.66865,80.87403,GDBDCL_2026-02-07T08:00:00+0000_44.9905
GDBDCL,Godavari at Bhadrachalam,Godavari,2026-02-07 09:00:00+00:00,44.9138180920385,NORMAL,47.5,48.5,53.0,17.66865,80.87403,GDBDCL_2026-02-07T09:00:00+0000_44.9138
GDBDCL,Godavari at Bhadrachalam,Godavari,2026-02-07 10:00:00+00:00,44.954831571833054,NORMAL,47.5,48.5,53.0,17.66865,80.87403,GDBDCL_2026-02-07T10:00:00+0000_44.9548
GDBDCL,Godavari at Bhadrachalam,Godavari,2026-02-07 11:00:00+00:00,44.88597596788117,NORMAL,47.5,48.5,53.0,17.66865,80.87403,GDBDCL_2026-02-07T11:00:00+0000_44.8860
GDBDCL,Godavari at Bhadrachalam,Godavari,2026-02-07 12:00:00+00:00,44.914979505498906,NORMAL,47.5,48.5,53.0,17.66865,80.87403,GDBDCL_2026-02-07T12:00:00+0000_44.9150
GDBDCL,Godavari at Bhadrachalam,Godavari,2026-02-07 13:00:00+00:00,44.91239641884261,NORMAL,47.5,48.5,53.0,17.66865,80.87403,GDBDCL_2026-02-07T13:00:00+0000_44.9124
GDBDCL,Godavari at Bhadrachalam,Godavari,2026-02-07 14:00:00+00:00,44.86770650942012,NORMAL,47.5,48.5,53.0,17.66865,80.87403,GDBDCL_2026-02-07T14:00:00+0000_44.8677
GDBDCL,Godavari at Bhadrachalam,Godavari,2026-02-07 15:00:00+00:00,44.91470045783415,NORMAL,47.5,48.5,53.0,17.66865,80.87403,GDBDCL_2026-02-07T15:00:00+0000_44.9147
GDBDCL,Godavari at Bhadrachalam,Godavari,2026-02-07 16:00:00+00:00,44.9219733412091,NORMAL,47.5,48.5,53.0,17.66865,80.87403,GDBDCL_2026-02-07T16:00:00+0000_44.9220
GDBDCL,Godavari at Bhadrachalam,Godavari,2026-02-07 17:00:00+00:00,44.87760518570835,NORMAL,47.5,48.5,53.0,17.66865,80.87403,GDBDCL_2026-02-07T17:00:00+0000_44.8776
GDBDCL,Godavari at Bhadrachalam,Godavari,2026-02-07 18:00:00+00:00,44.97854175071536,NORMAL,47.5,48.5,53.0,17.66865,80.87403,GDBDCL_2026-02-07T18:00:00+0000_44.9785
GDBDCL,Godavari at Bhadrachalam,Godavari,2026-02-07 19:00:00+00:00,45.01560449904012,NORMAL,47.5,48.5,53.0,17.66865,80.87403,GDBDCL_2026-02-07T19:00:00+0000_45.0156
GDBDCL,Godavari at Bhadrachalam,Godavari,2026-02-07 20:00:00+00:00,45.0173221711924,NORMAL,47.5,48.5,53.0,17.66865,80.87403,GDBDCL_2026-02-07T20:00:00+0000_45.0173
GDBDCL,Godavari at Bhadrachalam,Godavari,2026-02-07 21:00:00+00:00,45.01437727009222,NORMAL,47.5,48.5,53.0,17.66865,80.87403,GDBDCL_2026-02-07T21:00:00+0000_45.0144
GDBDCL,Godavari at Bhadrachalam,Godavari,2026-02-07 22:00:00+00:00,45.07643333178695,NORMAL,47.5,48.5,53.0,17.66865,80.87403,GDBDCL_2026-02-07T22:00:00+0000_45.0764
GDBDCL,Godavari at Bhadrachalam,Godavari,2026-02-07 23:00:00+00:00,45.124950343498384,NORMAL,47.5,48.5,53.0,17.66865,80.87403,GDBDCL_2026-02-07T23:00:00+0000_45.1250
GDBDCL,Godavari at Bhadrachalam,Godavari,2026-02-08 00:00:00+00:00,45.15268908268871,NORMAL,47.5,48.5,53.0,17.66865,80.87403,GDBDCL_2026-02-08T00:00:00+0000_45.1527
GDBDCL,Godavari at Bhadrachalam,Godavari,2026-02-08 01:00:00+00:00,,,47.5,48.5,53.0,17.66865,80.87403,GDBDCL_2026-02-08T01:00:00+0000_
GDBDCL,Godavari at Bhadrachalam,Godavari,2026-02-08 02:00:00+00:00,45.130439431504975,NORMAL,47.5,48.5,53.0,17.66865,80.87403,GDBDCL_2026-02-08T02:00:00+0000_45.1304
GDBDCL,Godavari at Bhadrachalam,Godavari,2026-02-08 03:00:00+00:00,45.09697662860215,NORMAL,47.5,48.5,53.0,17.66865,80.87403,GDBDCL_2026-02-08T03:00:00+0000_45.0970
GDBDCL,Godavari at Bhadrachalam,Godavari,2026-02-08 04:00:00+00:00,45.14505520068512,NORMAL,47.5,48.5,53.0,17.66865,80.87403,GDBDCL_2026-02-08T04:00:00+0000_45.1451
GDBDCL,Godavari at Bhadrachalam,Godavari,2026-02-08 05:00:00+00:00,45.07535935439181,NORMAL,47.5,48.5,53.0,17.66865,80.87403,GDBDCL_2026-02-08T05:00:00+0000_45.0754
GDBDCL,Godavari at Bhadrachalam,Godavari,2026-02-08 06:00:00+00:00,45.04460744933572,NORMAL,47.5,48.5,53.0,17.66865,80.87403,GDBDCL_2026-02-08T06:00:00+0000_45.0446
GDBDCL,Godavari at Bhadrachalam,Godavari,2026-02-08 07:00:00+00:00,45.02620688613046,NORMAL,47.5,48.5,53.0,17.66865,80.87403,GDBDCL_2026-02-08T07:00:00+0000_45.0262
GDBDCL,Godavari at Bhadrachalam,Godavari,2026-02-08 08:00:00+00:00,44.97668908228347,NORMAL,47.5,48.5,53.0,17.66865,80.87403,GDBDCL_2026-02-08T08:00:00+0000_44.9767
GDBDCL,Godavari at Bhadrachalam,Godavari,2026-02-08 09:00:00+00:00,44.9500260085963,NORMAL,47.5,48.5,53.0,17.66865,80.87403,GDBDCL_2026-02-08T09:00:00+0000_44.9500
GDBDCL,Godavari at Bhadrachalam,Godavari,2026-02-08 10:00:00+00:00,44.96173575513458,NORMAL,47.5,48.5,53.0,17.66865,80.87403,GDBDCL_2026-02-08T10:00:00+0000_44.9617
GDBDCL,Godavari at Bhadrachalam,Godavari,2026-02-08 11:00:00+00:00,44.91450733873785,NORMAL,47.5,48.5,53.0,17.66865,80.87403,GDBDCL_2026-02-08T11:00:00+0000_44.9145
GDBDCL,Godavari at Bhadrachalam,Godavari,2026-02-08 12:00:00+00:00,44.84122620875503,NORMAL,47.5,48.5,53.0,17.66865,80.87403,GDBDCL_2026-02-08T12:00:00+0000_44.8412
GDBDCL,Godavari at Bhadrachalam,Godavari,2026-02-08 13:00:00+00:00,44.81932960337972,NORMAL,47.5,48.5,53.0,17.66865,80.87403,GDBDCL_2026-02-08T13:00:00+0000_44.8193
GDBDCL,Godavari at Bhadrachalam,Godavari,2026-02-08 14:00:00+00:00,44.88446262785962,NORMAL,47.5,48.5,53.0,17.66865,80.87403,GDBDCL_2026-02-08T14:00:00+0000_44.8845
GDBDCL,Godavari at Bhadrachalam,Godavari,2026-02-08 15:00:00+00:00,44.84260350084789,NORMAL,47.5,48.5,53.0,17.66865,80.87403,GDBDCL_2026-02-08T15:00:00+0000_44.8426
GDBDCL,Godavari at Bhadrachalam,Godavari,2026-02-08 16:00:00+00:00,44.88689427683147,NORMAL,47.5,48.5,53.0,17.66865,80.87403,GDBDCL_2026-02-08T16:00:00+0000_44.8869
GDBDCL,Godavari at Bhadrachalam,Godavari,2026-02-08 17:00:00+00:00,44.89812485592335,NORMAL,47.5,48.5,53.0,17.66865,80.87403,GDBDCL_2026-02-08T17:00:00+0000_44.8981
GDBDCL,Godavari at Bhadrachalam,Godavari,2026-02-08 18:00:00+00:00,44.95137405110926,NORMAL,47.5,48.5,53.0,17.66865,80.87403,GDBDCL_2026-02-08T18:00:00+0000_44.9514
GDBDCL,Godavari at Bhadrachalam,Godavari,2026-02-08 19:00:00+00:00,44.96707945122974,NORMAL,47.5,48.5,53.0,17.66865,80.87403,GDBDCL_2026-02-08T19:00:00+0000_44.9671
GDBDCL,Godavari at Bhadrachalam,Godavari,2026-02-08 20:00:00+00:00,45.0432088163963,NORMAL,47.5,48.5,53.0,17.66865,80.87403,GDBDCL_2026-02-08T20:00:00+0000_45.0432
GDBDCL,Godavari at Bhadrachalam,Godavari,2026-02-08 21:00:00+00:00,45.0924386789464,NORMAL,47.5,48.5,53.0,17.66865,80.87403,GDBDCL_2026-02-08T21:00:00+0000_45.0924
GDBDCL,Godavari at Bhadrachalam,Godavari,2026-02-08 22:00:00+00:00,45.05888922581173,NORMAL,47.5,48.5,53.0,17.66865,80.87403,GDBDCL_2026-02-08T22:00:00+0000_45.0589
GDBDCL,Godavari at Bhadrachalam,Godavari,2026-02-08 23:00:00+00:00,45.10354115518554,NORMAL,47.5,48.5,53.0,17.66865,80.87403,GDBDCL_2026-02-08T23:00:00+0000_45.1035
GDBDCL,Godavari at Bhadrachalam,Godavari,2026-02-09 00:00:00+00:00,45.17085249999465,NORMAL,47.5,48.5,53.0,17.66865,80.87403,GDBDCL_2026-02-09T00:00:00+0000_45.1709
GDBDCL,Godavari at Bhadrachalam,Godavari,2026-02-09 01:00:00+00:00,45.18731043970664,NORMAL,47.5,48.5,53.0,17.66865,80.87403,GDBDCL_2026-02-09T01:00:00+0000_45.1873
GDBDCL,Godavari at Bhadrachalam,Godavari,2026-02-09 02:00:00+00:00,45.16607048947156,NORMAL,47.5,48.5,53.0,17.66865,80.87403,GDBDCL_2026-02-09T02:00:00+0000_45.1661
GDBDCL,Godavari at Bhadrachalam,Godavari,2026-02-09 03:00:00+00:00,45.19326897829909,NORMAL,47.5,48.5,53.0,17.66865,80.87403,GDBDCL_2026-02-09T03:00:00+0000_45.1933
GDBDCL,Godavari at Bhadrachalam,Godavari,2026-02-09 04:00:00+00:00,45.11436348264992,NORMAL,47.5,48.5,53.0,17.66865,80.87403,GDBDCL_2026-02-09T04:00:00+0000_45.1144
GDBDCL,Godavari at Bhadrachalam,Godavari,2026-02-09 05:00:00+00:00,45.10140889050346,NORMAL,47.5,48.5,53.0,17.66865,80.87403,GDBDCL_2026-02-09T05:00:00+0000_45.1014
GDBDCL,Godavari at Bhadrachalam,Godavari,2026-02-09 06:00:00+00:00,45.06330446572725,NORMAL,47.5,48.5,53.0,17.66865,80.87403,GDBDCL_2026-02-09T06:00:00+0000_45.0633
GDBDCL,Godavari at Bhadrachalam,Godavari,2026-02-09 07:00:00+00:00,45.05091631759183,NORMAL,47.5,48.5,53.0,17.66865,80.87403,GDBDCL_2026-02-09T07:00:00+0000_45.0509
GDBDCL,Godavari at Bhadrachalam,Godavari,2026-02-09 08:00:00+00:00,44.96121615956698,NORMAL,47.5,48.5,53.0,17.66865,80.87403,GDBDCL_2026-02-09T08:00:00+0000_44.9612
GDBDCL,Godavari at Bhadrachalam,Godavari,2026-02-09 09:00:00+00:00,44.9659805521901,NORMAL,47.5,48.5,53.0,17.66865,80.87403,GDBDCL_2026-02-09T09:00:00+0000_44.9660
GDBDCL,Godavari at Bhadrachalam,Godavari,2026-02-09 10:00:00+00:00,44.96741146307802,NORMAL,47.5,48.5,53.0,17.66865,80.87403,GDBDCL_2026-02-09T10:00:00+0000_44.9674
GDBDCL,Godavari at Bhadrachalam,Godavari,2026-02-09 11:00:00+00:00,44.93178870618203,NORMAL,47.5,48.5,53.0,17.66865,80.87403,GDBDCL_2026-02-09T11:00:00+0000_44.9318
GDBDCL,Godavari at Bhadrachalam,Godavari,2026-02-09 12:00:00+00:00,44.84396863927354,NORMAL,47.5,48.5,53.0,17.66865,80.87403,GDBDCL_2026-02-09T12:00:00+0000_44.8440
GDBDCL,Godavari at Bhadrachalam,Godavari,2026-02-09 13:00:00+00:00,44.90855000761459,NORMAL,47.5,48.5,53.0,17.66865,80.87403,GDBDCL_2026-02-09T13:00:00+0000_44.9086
GDBDCL,Godavari at Bhadrachalam,Godavari,2026-02-09 14:00:00+00:00,44.894809118551365,NORMAL,47.5,48.5,53.0,17.66865,80.87403,GDBDCL_2026-02-09T14:00:00+0000_44.8948
GDBDCL,Godavari at Bhadrachalam,Godavari,2026-02-09 15:00:00+00:00,44.919512556356906,NORMAL,47.5,48.5,53.0,17.66865,80.87403,GDBDCL_2026-02-09T15:00:00+0000_44.9195
GDBDCL,Godavari at Bhadrachalam,Godavari,2026-02-09 16:00:00+00:00,44.85619646941716,NORMAL,47.5,48.5,53.0,17.66865,80.87403,GDBDCL_2026-02-09T16:00:00+0000_44.8562
GDBDCL,Godavari at Bhadrachalam,Godavari,2026-02-09 17:00:00+00:00,44.91278290019456,NORMAL,47.5,48.5,53.0,17.66865,80.87403,GDBDCL_2026-02-09T17:00:00+0000_44.9128
GDBDCL,Godavari at Bhadrachalam,Godavari,2026-02-09 18:00:00+00:00,44.97546862848057,NORMAL,47.5,48.5,53.0,17.66865,80.87403,GDBDCL_2026-02-09T18:00:00+0000_44.9755
GDBDCL,Godavari at Bhadrachalam,Godavari,2026-02-09 19:00:00+00:00,44.99303300132331,NORMAL,47.5,48.5,53.0,17.66865,80.87403,GDBDCL_2026-02-09T19:00:00+0000_44.9930
GDBDCL,Godavari at Bhadrachalam,Godavari,2026-02-09 20:00:00+00:00,44.99144888787682,NORMAL,47.5,48.5,53.0,17.66865,80.87403,GDBDCL_2026-02-09T20:00:00+0000_44.9914
GDBDCL,Godavari at Bhadrachalam,Godavari,2026-02-09 21:00:00+00:00,45.08475608966492,NORMAL,47.5,48.5,53.0,17.66865,80.87403,GDBDCL_2026-02-09T21:00:00+0000_45.0848
GDBDCL,Godavari at Bhadrachalam,Godavari,2026-02-09 22:00:00+00:00,45.06037867967951,NORMAL,47.5,48.5,53.0,17.66865,80.87403,GDBDCL_2026-02-09T22:00:00+0000_45.0604
GDBDCL,Godavari at Bhadrachalam,Godavari,2026-02-09 23:00:00+00:00,45.12456802519346,NORMAL,47.5,48.5,53.0,17.66865,80.87403,GDBDCL_2026-02-09T23:00:00+0000_45.1246
GDBDCL,Godavari at Bhadrachalam,Godavari,2026-02-10 00:00:00+00:00,45.13873400499484,NORMAL,47.5,48.5,53.0,17.66865,80.87403,GDBDCL_2026-02-10T00:00:00+0000_45.1387
GDBDCL,Godavari at Bhadrachalam,Godavari,2026-02-10 01:00:00+00:00,45.120674826551365,NORMAL,47.5,48.5,53.0,17.66865,80.87403,GDBDCL_2026-02-10T01:00:00+0000_45.1207
GDBDCL,Godavari at Bhadrachalam,Godavari,2026-02-10 02:00:00+00:00,48.029377791372255,WARNING,47.5,48.5,53.0,17.66865,80.87403,GDBDCL_2026-02-10T02:00:00+0000_48.0294
GDBDCL,Godavari at Bhadrachalam,Godavari,2026-02-10 03:00:00+00:00,47.750314523753865,WARNING,47.5,48.5,53.0,17.66865,80.87403,GDBDCL_2026-02-10T03:00:00+0000_47.7503
GDBDCL,Godavari at Bhadrachalam,Godavari,2026-02-10 04:00:00+00:00,47.48311591691612,NORMAL,47.5,48.5,53.0,17.66865,80.87403,GDBDCL_2026-02-10T04:00:00+0000_47.4831
GDBDCL,Godavari at Bhadrachalam,Godavari,2026-02-10 05:00:00+00:00,47.17843200261971,NORMAL,47.5,48.5,53.0,17.66865,80.87403,GDBDCL_2026-02-10T05:00:00+0000_47.1784
GDBDCL,Godavari at Bhadrachalam,Godavari,2026-02-10 06:00:00+00:00,46.935390224975386,NORMAL,47.5,48.5,53.0,17.66865,80.87403,GDBDCL_2026-02-10T06:00:00+0000_46.9354
GDBDCL,Godavari at Bhadrachalam,Godavari,2026-02-10 07:00:00+00:00,46.76690454011843,NORMAL,47.5,48.5,53.0,17.66865,80.87403,GDBDCL_2026-02-10T07:00:00+0000_46.7669
GDBDCL,Godavari at Bhadrachalam,Godavari,2026-02-10 08:00:00+00:00,46.54034918773403,NORMAL,47.5,48.5,53.0,17.66865,80.87403,GDBDCL_2026-02-10T08:00:00+0000_46.5403
GDBDCL,Godavari at Bhadrachalam,Godavari,2026-02-10 09:00:00+00:00,45.00738545558551,NORMAL,47.5,48.5,53.0,17.66865,80.87403,GDBDCL_2026-02-10T09:00:00+0000_45.0074
GDBDCL,Godavari at Bhadrachalam,Godavari,2026-02-10 10:00:00+00:00,44.93800062423117,NORMAL,47.5,48.5,53.0,17.66865,80.87403,GDBDCL_2026-02-10T10:00:00+0000_44.9380
GDBDCL,Godavari at Bhadrachalam,Godavari,2026-02-10 11:00:00+00:00,44.876242575057965,NORMAL,47.5,48.5,53.0,17.66865,80.87403,GDBDCL_2026-02-10T11:00:00+0000_44.8762
GDBDCL,Godavari at Bhadrachalam,Godavari,2026-02-10 12:00:00+00:00,44.89391816646141,NORMAL,47.5,48.5,53.0,17.66865,80.87403,GDBDCL_2026-02-10T12:00:00+0000_44.8939
GDBDCL,Godavari at Bhadrachalam,Godavari,2026-02-10 13:00:00+00:00,44.8905555484248,NORMAL,47.5,48.5,53.0,17.66865,80.87403,GDBDCL_2026-02-10T13:00:00+0000_44.8906
GDBDCL,Godavari at Bhadrachalam,Godavari,2026-02-10 14:00:00+00:00,44.92230651903988,NORMAL,47.5,48.5,53.0,17.66865,80.87403,GDBDCL_2026-02-10T14:00:00+0000_44.9223
GDBDCL,Godavari at Bhadrachalam,Godavari,2026-02-10 15:00:00+00:00,44.86162955076388,NORMAL,47.5,48.5,53.0,17.66865,80.87403,GDBDCL_2026-02-10T15:00:00+0000_44.8616
GDBDCL,Godavari at Bhadrachalam,Godavari,2026-02-10 16:00:00+00:00,44.90858023498992,NORMAL,47.5,48.5,53.0,17.66865,80.87403,GDBDCL_2026-02-10T16:00:00+0000_44.9086
GDBDCL,Godavari at Bhadrachalam,Godavari,2026-02-10 17:00:00+00:00,44.88195179603546,NORMAL,47.5,48.5,53.0,17.66865,80.87403,GDBDCL_2026-02-10T17:00:00+0000_44.8820
GDBDCL,Godavari at Bhadrachalam,Godavari,2026-02-10 18:00:00+00:00,45.00458763418476,NORMAL,47.5,48.5,53.0,17.66865,80.87403,GDBDCL_2026-02-10T18:00:00+0000_45.0046
GDBDCL,Godavari at Bhadrachalam,Godavari,2026-02-10 19:00:00+00:00,44.99260994749438,NORMAL,47.5,48.5,53.0,17.66865,80.87403,GDBDCL_2026-02-10T19:00:00+0000_44.9926
GDBDCL,Godavari at Bhadrachalam,Godavari,2026-02-10 20:00:00+00:00,45.05953851285181,NORMAL,47.5,48.5,53.0,17.66865,80.87403,GDBDCL_2026-02-10T20:00:00+0000_45.0595
GDBDCL,Godavari at Bhadrachalam,Godavari,2026-02-10 21:00:00+00:00,45.0411329507907,NORMAL,47.5,48.5,53.0,17.66865,80.87403,GDBDCL_2026-02-10T21:00:00+0000_45.0411
GDBDCL,Godavari at Bhadrachalam,Godavari,2026-02-10 22:00:00+00:00,45.136013924549566,NORMAL,47.5,48.5,53.0,17.66865,80.87403,GDBDCL_2026-02-10T22:00:00+0000_45.1360
GDBDCL,Godavari at Bhadrachalam,Godavari,2026-02-10 23:00:00+00:00,45.17829415048668,NORMAL,47.5,48.5,53.0,17.66865,80.87403,GDBDCL_2026-02-10T23:00:00+0000_45.1783
GDBDCL,Godavari at Bhadrachalam,Godavari,2026-02-11 00:00:00+00:00,45.16987818780011,NORMAL,47.5,48.5,53.0,17.66865,80.87403,GDBDCL_2026-02-11T00:00:00+0000_45.1699
GDBDCL,Godavari at Bhadrachalam,Godavari,2026-02-11 01:00:00+00:00,45.19951198768968,NORMAL,47.5,48.5,53.0,17.66865,80.87403,GDBDCL_2026-02-11T01:00:00+0000_45.1995
GDBDCL,Godavari at Bhadrachalam,Godavari,2026-02-11 02:00:00+00:00,45.19385817905157,NORMAL,47.5,48.5,53.0,17.66865,80.87403,GDBDCL_2026-02-11T02:00:00+0000_45.1939
GDBDCL,Godavari at Bhadrachalam,Godavari,2026-02-11 03:00:00+00:00,45.16048465139412,NORMAL,47.5,48.5,53.0,17.66865,80.87403,GDBDCL_2026-02-11T03:00:00+0000_45.1605
GDBDCL,Godavari at Bhadrachalam,Godavari,2026-02-11 04:00:00+00:00,45.14842512279397,NORMAL,47.5,48.5,53.0,17.66865,80.87403,GDBDCL_2026-02-11T04:00:00+0000_45.1484
GDBDCL,Godavari at Bhadrachalam,Godavari,2026-02-11 05:00:00+00:00,45.104150244259465,NORMAL,47.5,48.5,53.0,17.66865,80.87403,GDBDCL_2026-02-11T05:00:00+0000_45.1042
GDBDCL,Godavari at Bhadrachalam,Godavari,2026-02-11 06:00:00+00:00,45.12143730513669,NORMAL,47.5,48.5,53.0,17.66865,80.87403,GDBDCL_2026-02-11T06:00:00+0000_45.1214
GDBDCL,Godavari at Bhadrachalam,Godavari,2026-02-11 07:00:00+00:00,45.039775947047545,NORMAL,47.5,48.5,53.0,17.66865,80.87403,GDBDCL_2026-02-11T07:00:00+0000_45.0398
GDBDCL,Godavari at Bhadrachalam,Godavari,2026-02-11 08:00:00+00:00,45.052723883236055,NORMAL,47.5,48.5,53.0,17.66865,80.87403,GDBDCL_2026-02-11T08:00:00+0000_45.0527
GDBDCL,Godavari at Bhadrachalam,Godavari,2026-02-11 09:00:00+00:00,44.98576359890974,NORMAL,47.5,48.5,53.0,17.66865,80.87403,GDBDCL_2026-02-11T09:00:00+0000_44.9858
GDBDCL,Godavari at Bhadrachalam,Godavari,2026-02-11 10:00:00+00:00,44.92243201125023,NORMAL,47.5,48.5,53.0,17.66865,80.87403,GDBDCL_2026-02-11T10:00:00+0000_44.9224
GDBDCL,Godavari at Bhadrachalam,Godavari,2026-02-11 11:00:00+00:00,44.95878431347667,NORMAL,47.5,48.5,53.0,17.66865,80.87403,GDBDCL_2026-02-11T11:00:00+0000_44.9588
GDBDCL,Godavari at Bhadrachalam,Godavari,2026-02-11 12:00:00+00:00,44.864121166754174,NORMAL,47.5,48.5,53.0,17.66865,80.87403,GDBDCL_2026-02-11T12:00:00+0000_44.8641
GDBDCL,Godavari at Bhadrachalam,Godavari,2026-02-11 13:00:00+00:00,44.91780937270387,NORMAL,47.5,48.5,53.0,17.66865,80.87403,GDBDCL_2026-02-11T13:00:00+0000_44.9178
GDBDCL,Godavari at Bhadrachalam,Godavari,2026-02-11 14:00:00+00:00,44.91159304214612,NORMAL,47.5,48.5,53.0,17.66865,80.87403,GDBDCL_2026-02-11T14:00:00+0000_44.9116
GDBDCL,Godavari at Bhadrachalam,Godavari,2026-02-11 15:00:00+00:00,44.8990278585857,NORMAL,47.5,48.5,53.0,17.66865,80.87403,GDBDCL_2026-02-11T15:00:00+0000_44.8990
GDBDCL,Godavari at Bhadrachalam,Godavari,2026-02-11 16:00:00+00:00,44.91064665993285,NORMAL,47.5,48.5,53.0,17.66865,80.87403,GDBDCL_2026-02-11T16:00:00+0000_44.9106
GDBDCL,Godavari at Bhadrachalam,Godavari,2026-02-11 17:00:00+00:00,44.88746932639169,NORMAL,47.5,48.5,53.0,17.66865,80.87403,GDBDCL_2026-02-11T17:00:00+0000_44.8875
GDBDCL,Godavari at Bhadrachalam,Godavari,2026-02-11 18:00:00+00:00,44.99184486121428,NORMAL,47.5,48.5,53.0,17.66865,80.87403,GDBDCL_2026-02-11T18:00:00+0000_44.9918
GDBDCL,Godavari at Bhadrachalam,Godavari,2026-02-11 19:00:00+00:00,44.98844893974335,NORMAL,47.5,48.5,53.0,17.66865,80.87403,GDBDCL_2026-02-11T19:00:00+0000_44.9884
GDBDCL,Godavari at Bhadrachalam,Godavari,2026-02-11 20:00:00+00:00,45.04411962373526,NORMAL,47.5,48.5,53.0,17.66865,80.87403,GDBDCL_2026-02-11T20:00:00+0000_45.0441
GDBDCL,Godavari at Bhadrachalam,Godavari,2026-02-11 21:00:00+00:00,45.07550533400047,NORMAL,47.5,48.5,53.0,17.66865,80.87403,GDBDCL_2026-02-11T21:00:00+0000_45.0755
GDBDCL,Godavari at Bhadrachalam,Godavari,2026-02-11 22:00:00+00:00,45.12344222371476,NORMAL,47.5,48.5,53.0,17.66865,80.87403,GDBDCL_2026-02-11T22:00:00+0000_45.1234
GDBDCL,Godavari at Bhadrachalam,Godavari,2026-02-11 23:00:00+00:00,45.087273109618586,NORMAL,47.5,48.5,53.0,17.66865,80.87403,GDBDCL_2026-02-11T23:00:00+0000_45.0873
GDBDCL,Godavari at Bhadrachalam,Godavari,2026-02-12 00:00:00+00:00,45.13722228466731,NORMAL,47.5,48.5,53.0,17.66865,80.87403,GDBDCL_2026-02-12T00:00:00+0000_45.1372
GDBDCL,Godavari at Bhadrachalam,Godavari,2026-02-12 01:00:00+00:00,45.21301657733163,NORMAL,47.5,48.5,53.0,17.66865,80.87403,GDBDCL_2026-02-12T01:00:00+0000_45.2130
GDBDCL,Godavari at Bhadrachalam,Godavari,2026-02-12 02:00:00+00:00,45.20049616617597,NORMAL,47.5,48.5,53.0,17.66865,80.87403,GDBDCL_2026-02-12T02:00:00+0000_45.2005
GDBDCL,Godavari at Bhadrachalam,Godavari,2026-02-12 03:00:00+00:00,45.15191249284415,NORMAL,47.5,48.5,53.0,17.66865,80.87403,GDBDCL_2026-02-12T03:00:00+0000_45.1519
GDBDCL,Godavari at Bhadrachalam,Godavari,2026-02-12 04:00:00+00:00,45.12710134921407,NORMAL,47.5,48.5,53.0,17.66865,80.87403,GDBDCL_2026-02-12T04:00:00+0000_45.1271
GDBDCL,Godavari at Bhadrachalam,Godavari,2026-02-12 05:00:00+00:00,45.11916049245417,NORMAL,47.5,48.5,53.0,17.66865,80.87403,GDBDCL_2026-02-12T05:00:00+0000_45.1192
GDBDCL,Godavari at Bhadrachalam,Godavari,2026-02-12 06:00:00+00:00,45.048498985941535,NORMAL,47.5,48.5,53.0,17.66865,80.87403,GDBDCL_2026-02-12T06:00:00+0000_45.0485
GDBDCL,Godavari at Bhadrachalam,Godavari,2026-02-12 07:00:00+00:00,45.085900777415326,NORMAL,47.5,48.5,53.0,17.66865,80.87403,GDBDCL_2026-02-12T07:00:00+0000_45.0859
GDBDCL,Godavari at Bhadrachalam,Godavari,2026-02-12 08:00:00+00:00,45.05575517151409,NORMAL,47.5,48.5,53.0,17.66865,80.87403,GDBDCL_2026-02-12T08:00:00+0000_45.0558
GDBDCL,Godavari at Bhadrachalam,Godavari,2026-02-12 09:00:00+00:00,44.99875737705326,NORMAL,47.5,48.5,53.0,17.66865,80.87403,GDBDCL_2026-02-12T09:00:00+0000_44.9988
GDBDCL,Godavari at Bhadrachalam,Godavari,2026-02-12 10:00:00+00:00,44.98941920789451,NORMAL,47.5,48.5,53.0,17.66865,80.87403,GDBDCL_2026-02-12T10:00:00+0000_44.9894
GDBDCL,Godavari at Bhadrachalam,Godavari,2026-02-12 11:00:00+00:00,44.87080985110155,NORMAL,47.5,48.5,53.0,17.66865,80.87403,GDBDCL_2026-02-12T11:00:00+0000_44.8708
GDBDCL,Godavari at Bhadrachalam,Godavari,2026-02-12 12:00:00+00:00,44.89757379843347,NORMAL,47.5,48.5,53.0,17.66865,80.87403,GDBDCL_2026-02-12T12:00:00+0000_44.8976
GDBDCL,Godavari at Bhadrachalam,Godavari,2026-02-12 13:00:00+00:00,44.89912637564736,NORMAL,47.5,48.5,53.0,17.66865,80.87403,GDBDCL_2026-02-12T13:00:00+0000_44.8991
GDBDCL,Godavari at Bhadrachalam,Godavari,2026-02-12 14:00:00+00:00,44.86186969193814,NORMAL,47.5,48.5,53.0,17.66865,80.87403,GDBDCL_2026-02-12T14:00:00+0000_44.8619
GDBDCL,Godavari at Bhadrachalam,Godavari,2026-02-12 15:00:00+00:00,,,47.5,48.5,53.0,17.66865,80.87403,GDBDCL_2026-02-12T15:00:00+0000_
GDBDCL,Godavari at Bhadrachalam,Godavari,2026-02-12 16:00:00+00:00,44.935166311805546,NORMAL,47.5,48.5,53.0,17.66865,80.87403,GDBDCL_2026-02-12T16:00:00+0000_44.9352
GDBDCL,Godavari at Bhadrachalam,Godavari,2026-02-12 17:00:00+00:00,44.98650061681381,NORMAL,47.5,48.5,53.0,17.66865,80.87403,GDBDCL_2026-02-12T17:00:00+0000_44.9865
GDBDCL,Godavari at Bhadrachalam,Godavari,2026-02-12 18:00:00+00:00,45.01628555745128,NORMAL,47.5,48.5,53.0,17.66865,80.87403,GDBDCL_2026-02-12T18:00:00+0000_45.0163
GDBDCL,Godavari at Bhadrachalam,Godavari,2026-02-12 19:00:00+00:00,45.01574667559503,NORMAL,47.5,48.5,53.0,17.66865,80.87403,GDBDCL_2026-02-12T19:00:00+0000_45.0157
GDBDCL,Godavari at Bhadrachalam,Godavari,2026-02-12 20:00:00+00:00,45.04615585239284,NORMAL,47.5,48.5,53.0,17.66865,80.87403,GDBDCL_2026-02-12T20:00:00+0000_45.0462
GDBDCL,Godavari at Bhadrachalam,Godavari,2026-02-12 21:00:00+00:00,45.031904483910566,NORMAL,47.5,48.5,53.0,17.66865,80.87403,GDBDCL_2026-02-12T21:00:00+0000_45.0319
GDBDCL,Godavari at Bhadrachalam,Godavari,2026-02-12 22:00:00+00:00,45.06816126677808,NORMAL,47.5,48.5,53.0,17.66865,80.87403,GDBDCL_2026-02-12T22:00:00+0000_45.0682
GDBDCL,Godavari at Bhadrachalam,Godavari,2026-02-12 23:00:00+00:00,45.12276789128605,NORMAL,47.5,48.5,53.0,17.66865,80.87403,GDBDCL_2026-02-12T23:00:00+0000_45.1228
GDBDCL,Godavari at Bhadrachalam,Godavari,2026-02-13 00:00:00+00:00,45.20123616395243,NORMAL,47.5,48.5,53.0,17.66865,80.87403,GDBDCL_2026-02-13T00:00:00+0000_45.2012
GDBDCL,Godavari at Bhadrachalam,Godavari,2026-02-13 01:00:00+00:00,45.17506386350408,NORMAL,47.5,48.5,53.0,17.66865,80.87403,GDBDCL_2026-02-13T01:00:00+0000_45.1751
GDBDCL,Godavari at Bhadrachalam,Godavari,2026-02-13 02:00:00+00:00,45.14623893549189,NORMAL,47.5,48.5,53.0,17.66865,80.87403,GDBDCL_2026-02-13T02:00:00+0000_45.1462
GDBDCL,Godavari at Bhadrachalam,Godavari,2026-02-13 03:00:00+00:00,45.20061679207762,NORMAL,47.5,48.5,53.0,17.66865,80.87403,GDBDCL_2026-02-13T03:00:00+0000_45.2006
GDBDCL,Godavari at Bhadrachalam,Godavari,2026-02-13 04:00:00+00:00,45.16622830108818,NORMAL,47.5,48.5,53.0,17.66865,80.87403,GDBDCL_2026-02-13T04:00:00+0000_45.1662
GDBDCL,Godavari at Bhadrachalam,Godavari,2026-02-13 05:00:00+00:00,45.100341163781614,NORMAL,47.5,48.5,53.0,17.66865,80.87403,GDBDCL_2026-02-13T05:00:00+0000_45.1003
GDBDCL,Godavari at Bhadrachalam,Godavari,2026-02-13 06:00:00+00:00,45.04109569861582,NORMAL,47.5,48.5,53.0,17.66865,80.87403,GDBDCL_2026-02-13T06:00:00+0000_45.0411
GDBDCL,Godavari at Bhadrachalam,Godavari,2026-02-13 07:00:00+00:00,45.06913120947823,NORMAL,47.5,48.5,53.0,17.66865,80.87403,GDBDCL_2026-02-13T07:00:00+0000_45.0691
GDBDCL,Godavari at Bhadrachalam,Godavari,2026-02-13 08:00:00+00:00,47.061975556124,NORMAL,47.5,48.5,53.0,17.66865,80.87403,GDBDCL_2026-02-13T08:00:00+0000_47.0620
GDBDCL,Godavari at Bhadrachalam,Godavari,2026-02-13 09:00:00+00:00,46.87468455250462,NORMAL,47.5,48.5,53.0,17.66865,80.87403,GDBDCL_2026-02-13T09:00:00+0000_46.8747
GDBDCL,Godavari at Bhadrachalam,Godavari,2026-02-13 10:00:00+00:00,44.98793874679244,NORMAL,47.5,48.5,53.0,17.66865,80.87403,GDBDCL_2026-02-13T10:00:00+0000_44.9879
GDBDCL,Godavari at Bhadrachalam,Godavari,2026-02-13 11:00:00+00:00,44.9170030896906,NORMAL,47.5,48.5,53.0,17.66865,80.87403,GDBDCL_2026-02-13T11:00:00+0000_44.9170
GDBDCL,Godavari at Bhadrachalam,Godavari,2026-02-13 12:00:00+00:00,44.8578975485607,NORMAL,47.5,48.5,53.0,17.66865,80.87403,GDBDCL_2026-02-13T12:00:00+0000_44.8579
GDBDCL,Godavari at Bhadrachalam,Godavari,2026-02-13 13:00:00+00:00,44.86631139649951,NORMAL,47.5,48.5,53.0,17.66865,80.87403,GDBDCL_2026-02-13T13:00:00+0000_44.8663
GDBDCL,Godavari at Bhadrachalam,Godavari,2026-02-13 14:00:00+00:00,44.94119353037539,NORMAL,47.5,48.5,53.0,17.66865,80.87403,GDBDCL_2026-02-13T14:00:00+0000_44.9412
GDBDCL,Godavari at Bhadrachalam,Godavari,2026-02-13 15:00:00+00:00,44.9226802991055,NORMAL,47.5,48.5,53.0,17.66865,80.87403,GDBDCL_2026-02-13T15:00:00+0000_44.9227
GDBDCL,Godavari at Bhadrachalam,Godavari,2026-02-13 16:00:00+00:00,44.92903227291468,NORMAL,47.5,48.5,53.0,17.66865,80.87403,GDBDCL_2026-02-13T16:00:00+0000_44.9290
GDBDCL,Godavari at Bhadrachalam,Godavari,2026-02-13 17:00:00+00:00,44.960699993768,NORMAL,47.5,48.5,53.0,17.66865,80.87403,GDBDCL_2026-02-13T17:00:00+0000_44.9607
GDBDCL,Godavari at Bhadrachalam,Godavari,2026-02-13 18:00:00+00:00,44.958613353528406,NORMAL,47.5,48.5,53.0,17.66865,80.87403,GDBDCL_2026-02-13T18:00:00+0000_44.9586
GDBDCL,Godavari at Bhadrachalam,Godavari,2026-02-13 19:00:00+00:00,45.02384289538374,NORMAL,47.5,48.5,53.0,17.66865,80.87403,GDBDCL_2026-02-13T19:00:00+0000_45.0238
GDBDCL,Godavari at Bhadrachalam,Godavari,2026-02-13 20:00:00+00:00,45.08151297845993,NORMAL,47.5,48.5,53.0,17.66865,80.87403,GDBDCL_2026-02-13T20:00:00+0000_45.0815
GDBDCL,Godavari at Bhadrachalam,Godavari,2026-02-13 21:00:00+00:00,45.11607617796777,NORMAL,47.5,48.5,53.0,17.66865,80.87403,GDBDCL_2026-02-13T21:00:00+0000_45.1161
GDBDCL,Godavari at Bhadrachalam,Godavari,2026-02-13 22:00:00+00:00,45.11568274903362,NORMAL,47.5,48.5,53.0,17.66865,80.87403,GDBDCL_2026-02-13T22:00:00+0000_45.1157
GDBDCL,Godavari at Bhadrachalam,Godavari,2026-02-13 23:00:00+00:00,45.136692774642825,NORMAL,47.5,48.5,53.0,17.66865,80.87403,GDBDCL_2026-02-13T23:00:00+0000_45.1367
GDBDCL,Godavari at Bhadrachalam,Godavari,2026-02-14 00:00:00+00:00,45.16046264866076,NORMAL,47.5,48.5,53.0,17.66865,80.87403,GDBDCL_2026-02-14T00:00:00+0000_45.1605
GDBDCL,Godavari at Bhadrachalam,Godavari,2026-02-14 01:00:00+00:00,45.16673626305101,NORMAL,47.5,48.5,53.0,17.66865,80.87403,GDBDCL_2026-02-14T01:00:00+0000_45.1667
GDBDCL,Godavari at Bhadrachalam,Godavari,2026-02-14 02:00:00+00:00,45.14322902729847,NORMAL,47.5,48.5,53.0,17.66865,80.87403,GDBDCL_2026-02-14T02:00:00+0000_45.1432
GDBDCL,Godavari at Bhadrachalam,Godavari,2026-02-14 03:00:00+00:00,45.13757730535213,NORMAL,47.5,48.5,53.0,17.66865,80.87403,GDBDCL_2026-02-14T03:00:00+0000_45.1376
GDBDCL,Godavari at Bhadrachalam,Godavari,2026-02-14 04:00:00+00:00,45.14880776193973,NORMAL,47.5,48.5,53.0,17.66865,80.87403,GDBDCL_2026-02-14T04:00:00+0000_45.1488
GDBDCL,Godavari at Bhadrachalam,Godavari,2026-02-14 05:00:00+00:00,45.140604493866206,NORMAL,47.5,48.5,53.0,17.66865,80.87403,GDBDCL_2026-02-14T05:00:00+0000_45.1406
GDBDCL,Godavari at Bhadrachalam,Godavari,2026-02-14 06:00:00+00:00,45.04574753059079,NORMAL,47.5,48.5,53.0,17.66865,80.87403,GDBDCL_2026-02-14T06:00:00+0000_45.0457
GDBDCL,Godavari at Bhadrachalam,Godavari,2026-02-14 07:00:00+00:00,,,47.5,48.5,53.0,17.66865,80.87403,GDBDCL_2026-02-14T07:00:00+0000_
GDBDCL,Godavari at Bhadrachalam,Godavari,2026-02-14 08:00:00+00:00,,,47.5,48.5,53.0,17.66865,80.87403,GDBDCL_2026-02-14T08:00:00+0000_
GDBDCL,Godavari at Bhadrachalam,Godavari,2026-02-14 09:00:00+00:00,45.00626387091707,NORMAL,47.5,48.5,53.0,17.66865,80.87403,GDBDCL_2026-02-14T09:00:00+0000_45.0063
GDBDCL,Godavari at Bhadrachalam,Godavari,2026-02-14 10:00:00+00:00,44.970239192886304,NORMAL,47.5,48.5,53.0,17.66865,80.87403,GDBDCL_2026-02-14T10:00:00+0000_44.9702
GDBDCL,Godavari at Bhadrachalam,Godavari,2026-02-14 11:00:00+00:00,44.924021454681736,NORMAL,47.5,48.5,53.0,17.66865,80.87403,GDBDCL_2026-02-14T11:00:00+0000_44.9240
GDBDCL,Godavari at Bhadrachalam,Godavari,2026-02-14 12:00:00+00:00,44.87447517733857,NORMAL,47.5,48.5,53.0,17.66865,80.87403,GDBDCL_2026-02-14T12:00:00+0000_44.8745
GDBDCL,Godavari at Bhadrachalam,Godavari,2026-02-14 13:00:00+00:00,44.85560438705299,NORMAL,47.5,48.5,53.0,17.66865,80.87403,GDBDCL_2026-02-14T13:00:00+0000_44.8556
GDBDCL,Godavari at Bhadrachalam,Godavari,2026-02-14 14:00:00+00:00,44.92068083740343,NORMAL,47.5,48.5,53.0,17.66865,80.87403,GDBDCL_2026-02-14T14:00:00+0000_44.9207
GDBDCL,Godavari at Bhadrachalam,Godavari,2026-02-14 15:00:00+00:00,44.91073035916487,NORMAL,47.5,48.5,53.0,17.66865,80.87403,GDBDCL_2026-02-14T15:00:00+0000_44.9107
GDBDCL,Godavari at Bhadrachalam,Godavari,2026-02-14 16:00:00+00:00,46.64017015323196,NORMAL,47.5,48.5,53.0,17.66865,80.87403,GDBDCL_2026-02-14T16:00:00+0000_46.6402
GDBDCL,Godavari at Bhadrachalam,Godavari,2026-02-14 17:00:00+00:00,46.43372141443282,NORMAL,47.5,48.5,53.0,17.66865,80.87403,GDBDCL_2026-02-14T17:00:00+0000_46.4337
GDBDCL,Godavari at Bhadrachalam,Godavari,2026-02-14 18:00:00+00:00,46.32678111854891,NORMAL,47.5,48.5,53.0,17.66865,80.87403,GDBDCL_2026-02-14T18:00:00+0000_46.3268
GDBDCL,Godavari at Bhadrachalam,Godavari,2026-02-14 19:00:00+00:00,46.21382078036517,NORMAL,47.5,48.5,53.0,17.66865,80.87403,GDBDCL_2026-02-14T19:00:00+0000_46.2138
GDBDCL,Godavari at Bhadrachalam,Godavari,2026-02-14 20:00:00+00:00,46.12014880557877,NORMAL,47.5,48.5,53.0,17.66865,80.87403,GDBDCL_2026-02-14T20:00:00+0000_46.1201
GDBDCL,Godavari at Bhadrachalam,Godavari,2026-02-14 21:00:00+00:00,46.07043602701262,NORMAL,47.5,48.5,53.0,17.66865,80.87403,GDBDCL_2026-02-14T21:00:00+0000_46.0704
GDBDCL,Godavari at Bhadrachalam,Godavari,2026-02-14 22:00:00+00:00,45.995694642962754,NORMAL,47.5,48.5,53.0,17.66865,80.87403,GDBDCL_2026-02-14T22:00:00+0000_45.9957
GDBDCL,Godavari at Bhadrachalam,Godavari,2026-02-14 23:00:00+00:00,45.106489898715616,NORMAL,47.5,48.5,53.0,17.66865,80.87403,GDBDCL_2026-02-14T23:00:00+0000_45.1065
GDBDCL,Godavari at Bhadrachalam,Godavari,2026-02-15 00:00:00+00:00,45.125519141052216,NORMAL,47.5,48.5,53.0,17.66865,80.87403,GDBDCL_2026-02-15T00:00:00+0000_45.1255
GDBDCL,Godavari at Bhadrachalam,Godavari,2026-02-15 01:00:00+00:00,45.167391076751095,NORMAL,47.5,48.5,53.0,17.66865,80.87403,GDBDCL_2026-02-15T01:00:00+0000_45.1674
GDBDCL,Godavari at Bhadrachalam,Godavari,2026-02-15 02:00:00+00:00,45.19476349145426,NORMAL,47.5,48.5,53.0,17.66865,80.87403,GDBDCL_2026-02-15T02:00:00+0000_45.1948
GDBDCL,Godavari at Bhadrachalam,Godavari,2026-02-15 03:00:00+00:00,45.178117235895485,NORMAL,47.5,48.5,53.0,17.66865,80.87403,GDBDCL_2026-02-15T03:00:00+0000_45.1781
GDBDCL,Godavari at Bhadrachalam,Godavari,2026-02-15 04:00:00+00:00,45.1264644891252,NORMAL,47.5,48.5,53.0,17.66865,80.87403,GDBDCL_2026-02-15T04:00:00+0000_45.1265
GDBDCL,Godavari at Bhadrachalam,Godavari,2026-02-15 05:00:00+00:00,45.14830811252581,NORMAL,47.5,48.5,53.0,17.66865,80.87403,GDBDCL_2026-02-15T05:00:00+0000_45.1483
GDBDCL,Godavari at Bhadrachalam,Godavari,2026-02-15 06:00:00+00:00,45.080156855576575,NORMAL,47.5,48.5,53.0,17.66865,80.87403,GDBDCL_2026-02-15T06:00:00+0000_45.0802
GDBDCL,Godavari at Bhadrachalam,Godavari,2026-02-15 07:00:00+00:00,45.10450941708715,NORMAL,47.5,48.5,53.0,17.66865,80.87403,GDBDCL_2026-02-15T07:00:00+0000_45.1045
GDBDCL,Godavari at Bhadrachalam,Godavari,2026-02-15 08:00:00+00:00,45.02126369184244,NORMAL,47.5,48.5,53.0,17.66865,80.87403,GDBDCL_2026-02-15T08:00:00+0000_45.0213
GDBDCL,Godavari at Bhadrachalam,Godavari,2026-02-15 09:00:00+00:00,44.95967305007986,NORMAL,47.5,48.5,53.0,17.66865,80.87403,GDBDCL_2026-02-15T09:00:00+0000_44.9597
GDBDCL,Godavari at Bhadrachalam,Godavari,2026-02-15 10:00:00+00:00,44.96021759089548,NORMAL,47.5,48.5,53.0,17.66865,80.87403,GDBDCL_2026-02-15T10:00:00+0000_44.9602
GDBDCL,Godavari at Bhadrachalam,Godavari,2026-02-15 11:00:00+00:00,44.96106942563076,NORMAL,47.5,48.5,53.0,17.66865,80.87403,GDBDCL_2026-02-15T11:00:00+0000_44.9611
GDBDCL,Godavari at Bhadrachalam,Godavari,2026-02-15 12:00:00+00:00,44.90842151854393,NORMAL,47.5,48.5,53.0,17.66865,80.87403,GDBDCL_2026-02-15T12:00:00+0000_44.9084
GDBDCL,Godavari at Bhadrachalam,Godavari,2026-02-15 13:00:00+00:00,44.95171271463007,NORMAL,47.5,48.5,53.0,17.66865,80.87403,GDBDCL_2026-02-15T13:00:00+0000_44.9517
GDBDCL,Godavari at Bhadrachalam,Godavari,2026-02-15 14:00:00+00:00,44.87936566285678,NORMAL,47.5,48.5,53.0,17.66865,80.87403,GDBDCL_2026-02-15T14:00:00+0000_44.8794
GDBDCL,Godavari at Bhadrachalam,Godavari,2026-02-15 15:00:00+00:00,44.91018921697557,NORMAL,47.5,48.5,53.0,17.66865,80.87403,GDBDCL_2026-02-15T15:00:00+0000_44.9102
GDBDCL,Godavari at Bhadrachalam,Godavari,2026-02-15 16:00:00+00:00,44.92950341416796,NORMAL,47.5,48.5,53.0,17.66865,80.87403,GDBDCL_2026-02-15T16:00:00+0000_44.9295
GDBDCL,Godavari at Bhadrachalam,Godavari,2026-02-15 17:00:00+00:00,44.92923110850489,NORMAL,47.5,48.5,53.0,17.66865,80.87403,GDBDCL_2026-02-15T17:00:00+0000_44.9292
GDBDCL,Godavari at Bhadrachalam,Godavari,2026-02-15 18:00:00+00:00,45.015945020991175,NORMAL,47.5,48.5,53.0,17.66865,80.87403,GDBDCL_2026-02-15T18:00:00+0000_45.0159
GDBDCL,Godavari at Bhadrachalam,Godavari,2026-02-15 19:00:00+00:00,45.031872919058046,NORMAL,47.5,48.5,53.0,17.66865,80.87403,GDBDCL_2026-02-15T19:00:00+0000_45.0319
GDBDCL,Godavari at Bhadrachalam,Godavari,2026-02-15 20:00:00+00:00,45.07914872486788,NORMAL,47.5,48.5,53.0,17.66865,80.87403,GDBDCL_2026-02-15T20:00:00+0000_45.0791
GDBDCL,Godavari at Bhadrachalam,Godavari,2026-02-15 21:00:00+00:00,45.06616109606685,NORMAL,47.5,48.5,53.0,17.66865,80.87403,GDBDCL_2026-02-15T21:00:00+0000_45.0662
GDBDCL,Godavari at Bhadrachalam,Godavari,2026-02-15 22:00:00+00:00,45.09066222499288,NORMAL,47.5,48.5,53.0,17.66865,80.87403,GDBDCL_2026-02-15T22:00:00+0000_45.0907
GDBDCL,Godavari at Bhadrachalam,Godavari,2026-02-15 23:00:00+00:00,45.20085956898424,NORMAL,47.5,48.5,53.0,17.66865,80.87403,GDBDCL_2026-02-15T23:00:00+0000_45.2009
GDBDCL,Godavari at Bhadrachalam,Godavari,2026-02-16 00:00:00+00:00,45.21997789651,NORMAL,47.5,48.5,53.0,17.66865,80.87403,GDBDCL_2026-02-16T00:00:00+0000_45.2200
GDBDCL,Godavari at Bhadrachalam,Godavari,2026-02-16 01:00:00+00:00,45.23119157392777,NORMAL,47.5,48.5,53.0,17.66865,80.87403,GDBDCL_2026-02-16T01:00:00+0000_45.2312
GDBDCL,Godavari at Bhadrachalam,Godavari,2026-02-16 02:00:00+00:00,45.14535262966497,NORMAL,47.5,48.5,53.0,17.66865,80.87403,GDBDCL_2026-02-16T02:00:00+0000_45.1454
GDBDCL,Godavari at Bhadrachalam,Godavari,2026-02-16 03:00:00+00:00,45.15488523584583,NORMAL,47.5,48.5,53.0,17.66865,80.87403,GDBDCL_2026-02-16T03:00:00+0000_45.1549
GDBDCL,Godavari at Bhadrachalam,Godavari,2026-02-16 04:00:00+00:00,45.172002136777046,NORMAL,47.5,48.5,53.0,17.66865,80.87403,GDBDCL_2026-02-16T04:00:00+0000_45.1720
GDBDCL,Godavari at Bhadrachalam,Godavari,2026-02-16 05:00:00+00:00,45.10701396903468,NORMAL,47.5,48.5,53.0,17.66865,80.87403,GDBDCL_2026-02-16T05:00:00+0000_45.1070
GDBDCL,Godavari at Bhadrachalam,Godavari,2026-02-16 06:00:00+00:00,45.14158869557732,NORMAL,47.5,48.5,53.0,17.66865,80.87403,GDBDCL_2026-02-16T06:00:00+0000_45.1416
GDBDCL,Godavari at Bhadrachalam,Godavari,2026-02-16 07:00:00+00:00,45.09962960363196,NORMAL,47.5,48.5,53.0,17.66865,80.87403,GDBDCL_2026-02-16T07:00:00+0000_45.0996
GDBDCL,Godavari at Bhadrachalam,Godavari,2026-02-16 08:00:00+00:00,45.01478544912997,NORMAL,47.5,48.5,53.0,17.66865,80.87403,GDBDCL_2026-02-16T08:00:00+0000_45.0148
GDBDCL,Godavari at Bhadrachalam,Godavari,2026-02-16 09:00:00+00:00,45.015533727047,NORMAL,47.5,48.5,53.0,17.66865,80.87403,GDBDCL_2026-02-16T09:00:00+0000_45.0155
GDBDCL,Godavari at Bhadrachalam,Godavari,2026-02-16 10:00:00+00:00,44.91839108607149,NORMAL,47.5,48.5,53.0,17.66865,80.87403,GDBDCL_2026-02-16T10:00:00+0000_44.9184
GDBDCL,Godavari at Bhadrachalam,Godavari,2026-02-16 11:00:00+00:00,44.977019295300586,NORMAL,47.5,48.5,53.0,17.66865,80.87403,GDBDCL_2026-02-16T11:00:00+0000_44.9770
GDBDCL,Godavari at Bhadrachalam,Godavari,2026-02-16 12:00:00+00:00,44.890353536584485,NORMAL,47.5,48.5,53.0,17.66865,80.87403,GDBDCL_2026-02-16T12:00:00+0000_44.8904
GDBDCL,Godavari at Bhadrachalam,Godavari,2026-02-16 13:00:00+00:00,44.91746609454615,NORMAL,47.5,48.5,53.0,17.66865,80.87403,GDBDCL_2026-02-16T13:00:00+0000_44.9175
GDBDCL,Godavari at Bhadrachalam,Godavari,2026-02-16 14:00:00+00:00,44.905926033201055,NORMAL,47.5,48.5,53.0,17.66865,80.87403,GDBDCL_2026-02-16T14:00:00+0000_44.9059
GDBDCL,Godavari at Bhadrachalam,Godavari,2026-02-16 15:00:00+00:00,44.89685527029997,NORMAL,47.5,48.5,53.0,17.66865,80.87403,GDBDCL_2026-02-16T15:00:00+0000_44.8969
GDBDCL,Godavari at Bhadrachalam,Godavari,2026-02-16 16:00:00+00:00,44.91560132739334,NORMAL,47.5,48.5,53.0,17.66865,80.87403,GDBDCL_2026-02-16T16:00:00+0000_44.9156
GDBDCL,Godavari at Bhadrachalam,Godavari,2026-02-16 17:00:00+00:00,44.93891287854956,NORMAL,47.5,48.5,53.0,17.66865,80.87403,GDBDCL_2026-02-16T17:00:00+0000_44.9389
GDBDCL,Godavari at Bhadrachalam,Godavari,2026-02-16 18:00:00+00:00,45.02042582989036,NORMAL,47.5,48.5,53.0,17.66865,80.87403,GDBDCL_2026-02-16T18:00:00+0000_45.0204
GDBDCL,Godavari at Bhadrachalam,Godavari,2026-02-16 19:00:00+00:00,45.01939053604888,NORMAL,47.5,48.5,53.0,17.66865,80.87403,GDBDCL_2026-02-16T19:00:00+0000_45.0194
GDBDCL,Godavari at Bhadrachalam,Godavari,2026-02-16 20:00:00+00:00,45.02788577512692,NORMAL,47.5,48.5,53.0,17.66865,80.87403,GDBDCL_2026-02-16T20:00:00+0000_45.0279
GDBDCL,Godavari at Bhadrachalam,Godavari,2026-02-16 21:00:00+00:00,45.14426572461679,NORMAL,47.5,48.5,53.0,17.66865,80.87403,GDBDCL_2026-02-16T21:00:00+0000_45.1443
GDBDCL,Godavari at Bhadrachalam,Godavari,2026-02-16 22:00:00+00:00,45.12796088728383,NORMAL,47.5,48.5,53.0,17.66865,80.87403,GDBDCL_2026-02-16T22:00:00+0000_45.1280
GDBDCL,Godavari at Bhadrachalam,Godavari,2026-02-16 23:00:00+00:00,45.15491036906344,NORMAL,47.5,48.5,53.0,17.66865,80.87403,GDBDCL_2026-02-16T23:00:00+0000_45.1549
GDBDCL,Godavari at Bhadrachalam,Godavari,2026-02-17 00:00:00+00:00,45.13854679811417,NORMAL,47.5,48.5,53.0,17.66865,80.87403,GDBDCL_2026-02-17T00:00:00+0000_45.1385
GDBDCL,Godavari at Bhadrachalam,Godavari,2026-02-17 01:00:00+00:00,45.175551570704194,NORMAL,47.5,48.5,53.0,17.66865,80.87403,GDBDCL_2026-02-17T01:00:00+0000_45.1756
GDBDCL,Godavari at Bhadrachalam,Godavari,2026-02-17 02:00:00+00:00,45.15085557328186,NORMAL,47.5,48.5,53.0,17.66865,80.87403,GDBDCL_2026-02-17T02:00:00+0000_45.1509
GDBDCL,Godavari at Bhadrachalam,Godavari,2026-02-17 03:00:00+00:00,45.17881148274731,NORMAL,47.5,48.5,53.0,17.66865,80.87403,GDBDCL_2026-02-17T03:00:00+0000_45.1788
GDBDCL,Godavari at Bhadrachalam,Godavari,2026-02-17 04:00:00+00:00,45.14989665134289,NORMAL,47.5,48.5,53.0,17.66865,80.87403,GDBDCL_2026-02-17T04:00:00+0000_45.1499
GDBDCL,Godavari at Bhadrachalam,Godavari,2026-02-17 05:00:00+00:00,45.100475450639145,NORMAL,47.5,48.5,53.0,17.66865,80.87403,GDBDCL_2026-02-17T05:00:00+0000_45.1005
GDBDCL,Godavari at Bhadrachalam,Godavari,2026-02-17 06:00:00+00:00,45.11924502882731,NORMAL,47.5,48.5,53.0,17.66865,80.87403,GDBDCL_2026-02-17T06:00:00+0000_45.1192
GDBDCL,Godavari at Bhadrachalam,Godavari,2026-02-17 07:00:00+00:00,45.03359351069137,NORMAL,47.5,48.5,53.0,17.66865,80.87403,GDBDCL_2026-02-17T07:00:00+0000_45.0336
GDBDCL,Godavari at Bhadrachalam,Godavari,2026-02-17 08:00:00+00:00,45.007763019542026,NORMAL,47.5,48.5,53.0,17.66865,80.87403,GDBDCL_2026-02-17T08:00:00+0000_45.0078
GDBDCL,Godavari at Bhadrachalam,Godavari,2026-02-17 09:00:00+00:00,45.00209125547708,NORMAL,47.5,48.5,53.0,17.66865,80.87403,GDBDCL_2026-02-17T09:00:00+0000_45.0021
GDBDCL,Godavari at Bhadrachalam,Godavari,2026-02-17 10:00:00+00:00,44.930705032066896,NORMAL,47.5,48.5,53.0,17.66865,80.87403,GDBDCL_2026-02-17T10:00:00+0000_44.9307
GDBDCL,Godavari at Bhadrachalam,Godavari,2026-02-17 11:00:00+00:00,44.89855096167636,NORMAL,47.5,48.5,53.0,17.66865,80.87403,GDBDCL_2026-02-17T11:00:00+0000_44.8986
GDBDCL,Godavari at Bhadrachalam,Godavari,2026-02-17 12:00:00+00:00,44.9102006078713,NORMAL,47.5,48.5,53.0,17.66865,80.87403,GDBDCL_2026-02-17T12:00:00+0000_44.9102
GDBDCL,Godavari at Bhadrachalam,Godavari,2026-02-17 13:00:00+00:00,44.96108662620241,NORMAL,47.5,48.5,53.0,17.66865,80.87403,GDBDCL_2026-02-17T13:00:00+0000_44.9611
GDBDCL,Godavari at Bhadrachalam,Godavari,2026-02-17 14:00:00+00:00,44.95758177324402,NORMAL,47.5,48.5,53.0,17.66865,80.87403,GDBDCL_2026-02-17T14:00:00+0000_44.9576
GDBDCL,Godavari at Bhadrachalam,Godavari,2026-02-17 15:00:00+00:00,44.93841246892085,NORMAL,47.5,48.5,53.0,17.66865,80.87403,GDBDCL_2026-02-17T15:00:00+0000_44.9384
GDBDCL,Godavari at Bhadrachalam,Godavari,2026-02-17 16:00:00+00:00,44.95595070050807,NORMAL,47.5,48.5,53.0,17.66865,80.87403,GDBDCL_2026-02-17T16:00:00+0000_44.9560
GDBDCL,Godavari at Bhadrachalam,Godavari,2026-02-17 17:00:00+00:00,44.93463873031224,NORMAL,47.5,48.5,53.0,17.66865,80.87403,GDBDCL_2026-02-17T17:00:00+0000_44.9346
GDBDCL,Godavari at Bhadrachalam,Godavari,2026-02-17 18:00:00+00:00,45.01706043008184,NORMAL,47.5,48.5,53.0,17.66865,80.87403,GDBDCL_2026-02-17T18:00:00+0000_45.0171
GDBDCL,Godavari at Bhadrachalam,Godavari,2026-02-17 19:00:00+00:00,45.06902979619193,NORMAL,47.5,48.5,53.0,17.66865,80.87403,GDBDCL_2026-02-17T19:00:00+0000_45.0690
GDBDCL,Godavari at Bhadrachalam,Godavari,2026-02-17 20:00:00+00:00,45.11123266438703,NORMAL,47.5,48.5,53.0,17.66865,80.87403,GDBDCL_2026-02-17T20:00:00+0000_45.1112
GDBDCL,Godavari at Bhadrachalam,Godavari,2026-02-17 21:00:00+00:00,45.07523091983011,NORMAL,47.5,48.5,53.0,17.66865,80.87403,GDBDCL_2026-02-17T21:00:00+0000_45.0752
GDBDCL,Godavari at Bhadrachalam,Godavari,2026-02-17 22:00:00+00:00,45.184275720980345,NORMAL,47.5,48.5,53.0,17.66865,80.87403,GDBDCL_2026-02-17T22:00:00+0000_45.1843
GDBDCL,Godavari at Bhadrachalam,Godavari,2026-02-17 23:00:00+00:00,45.143739410921874,NORMAL,47.5,48.5,53.0,17.66865,80.87403,GDBDCL_2026-02-17T23:00:00+0000_45.1437
GDBDCL,Godavari at Bhadrachalam,Godavari,2026-02-18 00:00:00+00:00,45.23718316935293,NORMAL,47.5,48.5,53.0,17.66865,80.87403,GDBDCL_2026-02-18T00:00:00+0000_45.2372
GDBDCL,Godavari at Bhadrachalam,Godavari,2026-02-18 01:00:00+00:00,45.20793901754915,NORMAL,47.5,48.5,53.0,17.66865,80.87403,GDBDCL_2026-02-18T01:00:00+0000_45.2079
GDBDCL,Godavari at Bhadrachalam,Godavari,2026-02-18 02:00:00+00:00,45.23918880086176,NORMAL,47.5,48.5,53.0,17.66865,80.87403,GDBDCL_2026-02-18T02:00:00+0000_45.2392
GDBDCL,Godavari at Bhadrachalam,Godavari,2026-02-18 03:00:00+00:00,45.17848867827912,NORMAL,47.5,48.5,53.0,17.66865,80.87403,GDBDCL_2026-02-18T03:00:00+0000_45.1785
GDBDCL,Godavari at Bhadrachalam,Godavari,2026-02-18 04:00:00+00:00,45.159287767740175,NORMAL,47.5,48.5,53.0,17.66865,80.87403,GDBDCL_2026-02-18T04:00:00+0000_45.1593
GDBDCL,Godavari at Bhadrachalam,Godavari,2026-02-18 05:00:00+00:00,45.113305724477776,NORMAL,47.5,48.5,53.0,17.66865,80.87403,GDBDCL_2026-02-18T05:00:00+0000_45.1133
GDBDCL,Godavari at Bhadrachalam,Godavari,2026-02-18 06:00:00+00:00,45.0966657272844,NORMAL,47.5,48.5,53.0,17.66865,80.87403,GDBDCL_2026-02-18T06:00:00+0000_45.0967
GDBDCL,Godavari at Bhadrachalam,Godavari,2026-02-18 07:00:00+00:00,45.04861887368382,NORMAL,47.5,48.5,53.0,17.66865,80.87403,GDBDCL_2026-02-18T07:00:00+0000_45.0486
GDBDCL,Godavari at Bhadrachalam,Godavari,2026-02-18 08:00:00+00:00,45.08784291123268,NORMAL,47.5,48.5,53.0,17.66865,80.87403,GDBDCL_2026-02-18T08:00:00+0000_45.0878
GDBDCL,Godavari at Bhadrachalam,Godavari,2026-02-18 09:00:00+00:00,45.00868770578833,NORMAL,47.5,48.5,53.0,17.66865,80.87403,GDBDCL_2026-02-18T09:00:00+0000_45.0087
GDBDCL,Godavari at Bhadrachalam,Godavari,2026-02-18 10:00:00+00:00,44.97471969592305,NORMAL,47.5,48.5,53.0,17.66865,80.87403,GDBDCL_2026-02-18T10:00:00+0000_44.9747
GDBDCL,Godavari at Bhadrachalam,Godavari,2026-02-18 11:00:00+00:00,44.92415472208108,NORMAL,47.5,48.5,53.0,17.66865,80.87403,GDBDCL_2026-02-18T11:00:00+0000_44.9242
GDBDCL,Godavari at Bhadrachalam,Godavari,2026-02-18 12:00:00+00:00,44.92148020562967,NORMAL,47.5,48.5,53.0,17.66865,80.87403,GDBDCL_2026-02-18T12:00:00+0000_44.9215
GDBDCL,Godavari at Bhadrachalam,Godavari,2026-02-18 13:00:00+00:00,44.96576169672272,NORMAL,47.5,48.5,53.0,17.66865,80.87403,GDBDCL_2026-02-18T13:00:00+0000_44.9658
GDBDCL,Godavari at Bhadrachalam,Godavari,2026-02-18 14:00:00+00:00,44.90937769774702,NORMAL,47.5,48.5,53.0,17.66865,80.87403,GDBDCL_2026-02-18T14:00:00+0000_44.9094
GDBDCL,Godavari at Bhadrachalam,Godavari,2026-02-18 15:00:00+00:00,44.91011645540391,NORMAL,47.5,48.5,53.0,17.66865,80.87403,GDBDCL_2026-02-18T15:00:00+0000_44.9101
GDBDCL,Godavari at Bhadrachalam,Godavari,2026-02-18 16:00:00+00:00,44.92358866489526,NORMAL,47.5,48.5,53.0,17.66865,80.87403,GDBDCL_2026-02-18T16:00:00+0000_44.9236
GDBDCL,Godavari at Bhadrachalam,Godavari,2026-02-18 17:00:00+00:00,45.00289209276135,NORMAL,47.5,48.5,53.0,17.66865,80.87403,GDBDCL_2026-02-18T17:00:00+0000_45.0029
GDBDCL,Godavari at Bhadrachalam,Godavari,2026-02-18 18:00:00+00:00,44.98015012553832,NORMAL,47.5,48.5,53.0,17.66865,80.87403,GDBDCL_2026-02-18T18:00:00+0000_44.9802
GDBDCL,Godavari at Bhadrachalam,Godavari,2026-02-18 19:00:00+00:00,45.06148192162157,NORMAL,47.5,48.5,53.0,17.66865,80.87403,GDBDCL_2026-02-18T19:00:00+0000_45.0615
GDBDCL,Godavari at Bhadrachalam,Godavari,2026-02-18 20:00:00+00:00,45.035087277536206,NORMAL,47.5,48.5,53.0,17.66865,80.87403,GDBDCL_2026-02-18T20:00:00+0000_45.0351
GDBDCL,Godavari at Bhadrachalam,Godavari,2026-02-18 21:00:00+00:00,45.14301924690508,NORMAL,47.5,48.5,53.0,17.66865,80.87403,GDBDCL_2026-02-18T21:00:00+0000_45.1430
GDBDCL,Godavari at Bhadrachalam,Godavari,2026-02-18 22:00:00+00:00,45.14418240733238,NORMAL,47.5,48.5,53.0,17.66865,80.87403,GDBDCL_2026-02-18T22:00:00+0000_45.1442
GDBDCL,Godavari at Bhadrachalam,Godavari,2026-02-18 23:00:00+00:00,45.12502517023768,NORMAL,47.5,48.5,53.0,17.66865,80.87403,GDBDCL_2026-02-18T23:00:00+0000_45.1250
GDBDCL,Godavari at Bhadrachalam,Godavari,2026-02-19 00:00:00+00:00,45.146974852638486,NORMAL,47.5,48.5,53.0,17.66865,80.87403,GDBDCL_2026-02-19T00:00:00+0000_45.1470
GDBDCL,Godavari at Bhadrachalam,Godavari,2026-02-19 01:00:00+00:00,45.21231893766905,NORMAL,47.5,48.5,53.0,17.66865,80.87403,GDBDCL_2026-02-19T01:00:00+0000_45.2123
GDBDCL,Godavari at Bhadrachalam,Godavari,2026-02-19 02:00:00+00:00,45.21589963597992,NORMAL,47.5,48.5,53.0,17.66865,80.87403,GDBDCL_2026-02-19T02:00:00+0000_45.2159
GDBDCL,Godavari at Bhadrachalam,Godavari,2026-02-19 03:00:00+00:00,45.16860882478605,NORMAL,47.5,48.5,53.0,17.66865,80.87403,GDBDCL_2026-02-19T03:00:00+0000_45.1686
GDBDCL,Godavari at Bhadrachalam,Godavari,2026-02-19 04:00:00+00:00,45.22203722329425,NORMAL,47.5,48.5,53.0,17.66865,80.87403,GDBDCL_2026-02-19T04:00:00+0000_45.2220
GDBDCL,Godavari at Bhadrachalam,Godavari,2026-02-19 05:00:00+00:00,45.14505789273534,NORMAL,47.5,48.5,53.0,17.66865,80.87403,GDBDCL_2026-02-19T05:00:00+0000_45.1451
GDBDCL,Godavari at Bhadrachalam,Godavari,2026-02-19 06:00:00+00:00,45.13088405952804,NORMAL,47.5,48.5,53.0,17.66865,80.87403,GDBDCL_2026-02-19T06:00:00+0000_45.1309
GDBDCL,Godavari at Bhadrachalam,Godavari,2026-02-19 07:00:00+00:00,45.06698750957727,NORMAL,47.5,48.5,53.0,17.66865,80.87403,GDBDCL_2026-02-19T07:00:00+0000_45.0670
GDBDCL,Godavari at Bhadrachalam,Godavari,2026-02-19 08:00:00+00:00,45.04144568273997,NORMAL,47.5,48.5,53.0,17.66865,80.87403,GDBDCL_2026-02-19T08:00:00+0000_45.0414
GDBDCL,Godavari at Bhadrachalam,Godavari,2026-02-19 09:00:00+00:00,44.97192412637889,NORMAL,47.5,48.5,53.0,17.66865,80.87403,GDBDCL_2026-02-19T09:00:00+0000_44.9719
GDBDCL,Godavari at Bhadrachalam,Godavari,2026-02-19 10:00:00+00:00,44.93973226878324,NORMAL,47.5,48.5,53.0,17.66865,80.87403,GDBDCL_2026-02-19T10:00:00+0000_44.9397
GDBDCL,Godavari at Bhadrachalam,Godavari,2026-02-19 11:00:00+00:00,44.911819541325,NORMAL,47.5,48.5,53.0,17.66865,80.87403,GDBDCL_2026-02-19T11:00:00+0000_44.9118
GDBDCL,Godavari at Bhadrachalam,Godavari,2026-02-19 12:00:00+00:00,44.91495113745013,NORMAL,47.5,48.5,53.0,17.66865,80.87403,GDBDCL_2026-02-19T12:00:00+0000_44.9150
GDBDCL,Godavari at Bhadrachalam,Godavari,2026-02-19 13:00:00+00:00,44.90539191445153,NORMAL,47.5,48.5,53.0,17.66865,80.87403,GDBDCL_2026-02-19T13:00:00+0000_44.9054
GDBDCL,Godavari at Bhadrachalam,Godavari,2026-02-19 14:00:00+00:00,44.96288365914968,NORMAL,47.5,48.5,53.0,17.66865,80.87403,GDBDCL_2026-02-19T14:00:00+0000_44.9629
GDBDCL,Godavari at Bhadrachalam,Godavari,2026-02-19 15:00:00+00:00,44.94772287632595,NORMAL,47.5,48.5,53.0,17.66865,80.87403,GDBDCL_2026-02-19T15:00:00+0000_44.9477
GDBDCL,Godavari at Bhadrachalam,Godavari,2026-02-19 16:00:00+00:00,44.91509905905602,NORMAL,47.5,48.5,53.0,17.66865,80.87403,GDBDCL_2026-02-19T16:00:00+0000_44.9151
GDBDCL,Godavari at Bhadrachalam,Godavari,2026-02-19 17:00:00+00:00,45.00286963176749,NORMAL,47.5,48.5,53.0,17.66865,80.87403,GDBDCL_2026-02-19T17:00:00+0000_45.0029
GDBDCL,Godavari at Bhadrachalam,Godavari,2026-02-19 18:00:00+00:00,45.02648944593641,NORMAL,47.5,48.5,53.0,17.66865,80.87403,GDBDCL_2026-02-19T18:00:00+0000_45.0265
GDBDCL,Godavari at Bhadrachalam,Godavari,2026-02-19 19:00:00+00:00,44.99298081026986,NORMAL,47.5,48.5,53.0,17.66865,80.87403,GDBDCL_2026-02-19T19:00:00+0000_44.9930
GDBDCL,Godavari at Bhadrachalam,Godavari,2026-02-19 20:00:00+00:00,45.032296729446976,NORMAL,47.5,48.5,53.0,17.66865,80.87403,GDBDCL_2026-02-19T20:00:00+0000_45.0323
GDBDCL,Godavari at Bhadrachalam,Godavari,2026-02-19 21:00:00+00:00,45.16049364436799,NORMAL,47.5,48.5,53.0,17.66865,80.87403,GDBDCL_2026-02-19T21:00:00+0000_45.1605
GDBDCL,Godavari at Bhadrachalam,Godavari,2026-02-19 22:00:00+00:00,45.17991367298735,NORMAL,47.5,48.5,53.0,17.66865,80.87403,GDBDCL_2026-02-19T22:00:00+0000_45.1799
GDBDCL,Godavari at Bhadrachalam,Godavari,2026-02-19 23:00:00+00:00,45.21094163714542,NORMAL,47.5,48.5,53.0,17.66865,80.87403,GDBDCL_2026-02-19T23:00:00+0000_45.2109
GDBDCL,Godavari at Bhadrachalam,Godavari,2026-02-20 00:00:00+00:00,45.239620878537934,NORMAL,47.5,48.5,53.0,17.66865,80.87403,GDBDCL_2026-02-20T00:00:00+0000_45.2396
GDBDCL,Godavari at Bhadrachalam,Godavari,2026-02-20 01:00:00+00:00,45.17428425795885,NORMAL,47.5,48.5,53.0,17.66865,80.87403,GDBDCL_2026-02-20T01:00:00+0000_45.1743
GDBDCL,Godavari at Bhadrachalam,Godavari,2026-02-20 02:00:00+00:00,45.16265025784578,NORMAL,47.5,48.5,53.0,17.66865,80.87403,GDBDCL_2026-02-20T02:00:00+0000_45.1627
GDBDCL,Godavari at Bhadrachalam,Godavari,2026-02-20 03:00:00+00:00,45.23573821723068,NORMAL,47.5,48.5,53.0,17.66865,80.87403,GDBDCL_2026-02-20T03:00:00+0000_45.2357
GDBDCL,Godavari at Bhadrachalam,Godavari,2026-02-20 04:00:00+00:00,45.1521091779018,NORMAL,47.5,48.5,53.0,17.66865,80.87403,GDBDCL_2026-02-20T04:00:00+0000_45.1521
GDBDCL,Godavari at Bhadrachalam,Godavari,2026-02-20 05:00:00+00:00,45.13924024759791,NORMAL,47.5,48.5,53.0,17.66865,80.87403,GDBDCL_2026-02-20T05:00:00+0000_45.1392
GDBDCL,Godavari at Bhadrachalam,Godavari,2026-02-20 06:00:00+00:00,,,47.5,48.5,53.0,17.66865,80.87403,GDBDCL_2026-02-20T06:00:00+0000_
GDBDCL,Godavari at Bhadrachalam,Godavari,2026-02-20 07:00:00+00:00,45.09145697181475,NORMAL,47.5,48.5,53.0,17.66865,80.87403,GDBDCL_2026-02-20T07:00:00+0000_45.0915
GDBDCL,Godavari at Bhadrachalam,Godavari,2026-02-20 08:00:00+00:00,45.007794286877,NORMAL,47.5,48.5,53.0,17.66865,80.87403,GDBDCL_2026-02-20T08:00:00+0000_45.0078
GDBDCL,Godavari at Bhadrachalam,Godavari,2026-02-20 09:00:00+00:00,45.05869661430633,NORMAL,47.5,48.5,53.0,17.66865,80.87403,GDBDCL_2026-02-20T09:00:00+0000_45.0587
GDBDCL,Godavari at Bhadrachalam,Godavari,2026-02-20 10:00:00+00:00,45.0078079265449,NORMAL,47.5,48.5,53.0,17.66865,80.87403,GDBDCL_2026-02-20T10:00:00+0000_45.0078
GDBDCL,Godavari at Bhadrachalam,Godavari,2026-02-20 11:00:00+00:00,45.0017759070548,NORMAL,47.5,48.5,53.0,17.66865,80.87403,GDBDCL_2026-02-20T11:00:00+0000_45.0018
GDBDCL,Godavari at Bhadrachalam,Godavari,2026-02-20 12:00:00+00:00,44.980374678093504,NORMAL,47.5,48.5,53.0,17.66865,80.87403,GDBDCL_2026-02-20T12:00:00+0000_44.9804
GDBDCL,Godavari at Bhadrachalam,Godavari,2026-02-20 13:00:00+00:00,44.94223143091953,NORMAL,47.5,48.5,53.0,17.66865,80.87403,GDBDCL_2026-02-20T13:00:00+0000_44.9422
GDBDCL,Godavari at Bhadrachalam,Godavari,2026-02-20 14:00:00+00:00,44.95649331716031,NORMAL,47.5,48.5,53.0,17.66865,80.87403,GDBDCL_2026-02-20T14:00:00+0000_44.9565
GDBDCL,Godavari at Bhadrachalam,Godavari,2026-02-20 15:00:00+00:00,44.9146776706014,NORMAL,47.5,48.5,53.0,17.66865,80.87403,GDBDCL_2026-02-20T15:00:00+0000_44.9147
GDBDCL,Godavari at Bhadrachalam,Godavari,2026-02-20 16:00:00+00:00,44.98120130228917,NORMAL,47.5,48.5,53.0,17.66865,80.87403,GDBDCL_2026-02-20T16:00:00+0000_44.9812
GDBDCL,Godavari at Bhadrachalam,Godavari,2026-02-20 17:00:00+00:00,44.937696015126896,NORMAL,47.5,48.5,53.0,17.66865,80.87403,GDBDCL_2026-02-20T17:00:00+0000_44.9377
GDBDCL,Godavari at Bhadrachalam,Godavari,2026-02-20 18:00:00+00:00,45.04083323271207,NORMAL,47.5,48.5,53.0,17.66865,80.87403,GDBDCL_2026-02-20T18:00:00+0000_45.0408
GDBDCL,Godavari at Bhadrachalam,Godavari,2026-02-20 19:00:00+00:00,45.034762246577856,NORMAL,47.5,48.5,53.0,17.66865,80.87403,GDBDCL_2026-02-20T19:00:00+0000_45.0348
GDBDCL,Godavari at Bhadrachalam,Godavari,2026-02-20 20:00:00+00:00,45.05102193133149,NORMAL,47.5,48.5,53.0,17.66865,80.87403,GDBDCL_2026-02-20T20:00:00+0000_45.0510
GDBDCL,Godavari at Bhadrachalam,Godavari,2026-02-20 21:00:00+00:00,45.131948939832085,NORMAL,47.5,48.5,53.0,17.66865,80.87403,GDBDCL_2026-02-20T21:00:00+0000_45.1319
GDBDCL,Godavari at Bhadrachalam,Godavari,2026-02-20 22:00:00+00:00,45.182274008354135,NORMAL,47.5,48.5,53.0,17.66865,80.87403,GDBDCL_2026-02-20T22:00:00+0000_45.1823
GDBDCL,Godavari at Bhadrachalam,Godavari,2026-02-20 23:00:00+00:00,45.21406949088044,NORMAL,47.5,48.5,53.0,17.66865,80.87403,GDBDCL_2026-02-20T23:00:00+0000_45.2141
GDBDCL,Godavari at Bhadrachalam,Godavari,2026-02-21 00:00:00+00:00,45.25435854145251,NORMAL,47.5,48.5,53.0,17.66865,80.87403,GDBDCL_2026-02-21T00:00:00+0000_45.2544
GDBDCL,Godavari at Bhadrachalam,Godavari,2026-02-21 01:00:00+00:00,45.19612051962199,NORMAL,47.5,48.5,53.0,17.66865,80.87403,GDBDCL_2026-02-21T01:00:00+0000_45.1961
GDBDCL,Godavari at Bhadrachalam,Godavari,2026-02-21 02:00:00+00:00,45.21600022244181,NORMAL,47.5,48.5,53.0,17.66865,80.87403,GDBDCL_2026-02-21T02:00:00+0000_45.2160
GDBDCL,Godavari at Bhadrachalam,Godavari,2026-02-21 03:00:00+00:00,45.17419824323061,NORMAL,47.5,48.5,53.0,17.66865,80.87403,GDBDCL_2026-02-21T03:00:00+0000_45.1742
GDBDCL,Godavari at Bhadrachalam,Godavari,2026-02-21 04:00:00+00:00,45.16371409490616,NORMAL,47.5,48.5,53.0,17.66865,80.87403,GDBDCL_2026-02-21T04:00:00+0000_45.1637
GDBDCL,Godavari at Bhadrachalam,Godavari,2026-02-21 05:00:00+00:00,45.16028922403798,NORMAL,47.5,48.5,53.0,17.66865,80.87403,GDBDCL_2026-02-21T05:00:00+0000_45.1603
GDBDCL,Godavari at Bhadrachalam,Godavari,2026-02-21 06:00:00+00:00,45.17381867575233,NORMAL,47.5,48.5,53.0,17.66865,80.87403,GDBDCL_2026-02-21T06:00:00+0000_45.1738
GDBDCL,Godavari at Bhadrachalam,Godavari,2026-02-21 07:00:00+00:00,45.047701566567085,NORMAL,47.5,48.5,53.0,17.66865,80.87403,GDBDCL_2026-02-21T07:00:00+0000_45.0477
GDBDCL,Godavari at Bhadrachalam,Godavari,2026-02-21 08:00:00+00:00,45.05037542686202,NORMAL,47.5,48.5,53.0,17.66865,80.87403,GDBDCL_2026-02-21T08:00:00+0000_45.0504
GDBDCL,Godavari at Bhadrachalam,Godavari,2026-02-21 09:00:00+00:00,44.99860690232584,NORMAL,47.5,48.5,53.0,17.66865,80.87403,GDBDCL_2026-02-21T09:00:00+0000_44.9986
GDBDCL,Godavari at Bhadrachalam,Godavari,2026-02-21 10:00:00+00:00,45.03408059237098,NORMAL,47.5,48.5,53.0,17.66865,80.87403,GDBDCL_2026-02-21T10:00:00+0000_45.0341
GDBDCL,Godavari at Bhadrachalam,Godavari,2026-02-21 11:00:00+00:00,44.99843020710657,NORMAL,47.5,48.5,53.0,17.66865,80.87403,GDBDCL_2026-02-21T11:00:00+0000_44.9984
GDBDCL,Godavari at Bhadrachalam,Godavari,2026-02-21 12:00:00+00:00,44.92446020164002,NORMAL,47.5,48.5,53.0,17.66865,80.87403,GDBDCL_2026-02-21T12:00:00+0000_44.9245
GDBDCL,Godavari at Bhadrachalam,Godavari,2026-02-21 13:00:00+00:00,44.8939883607624,NORMAL,47.5,48.5,53.0,17.66865,80.87403,GDBDCL_2026-02-21T13:00:00+0000_44.8940
GDBDCL,Godavari at Bhadrachalam,Godavari,2026-02-21 14:00:00+00:00,44.91891931532634,NORMAL,47.5,48.5,53.0,17.66865,80.87403,GDBDCL_2026-02-21T14:00:00+0000_44.9189
GDBDCL,Godavari at Bhadrachalam,Godavari,2026-02-21 15:00:00+00:00,44.90093680384015,NORMAL,47.5,48.5,53.0,17.66865,80.87403,GDBDCL_2026-02-21T15:00:00+0000_44.9009
GDBDCL,Godavari at Bhadrachalam,Godavari,2026-02-21 16:00:00+00:00,44.9258749511003,NORMAL,47.5,48.5,53.0,17.66865,80.87403,GDBDCL_2026-02-21T16:00:00+0000_44.9259
GDBDCL,Godavari at Bhadrachalam,Godavari,2026-02-21 17:00:00+00:00,44.94056813748503,NORMAL,47.5,48.5,53.0,17.66865,80.87403,GDBDCL_2026-02-21T17:00:00+0000_44.9406
GDBDCL,Godavari at Bhadrachalam,Godavari,2026-02-21 18:00:00+00:00,45.050559938688,NORMAL,47.5,48.5,53.0,17.66865,80.87403,GDBDCL_2026-02-21T18:00:00+0000_45.0506
GDBDCL,Godavari at Bhadrachalam,Godavari,2026-02-21 19:00:00+00:00,45.04411277447813,NORMAL,47.5,48.5,53.0,17.66865,80.87403,GDBDCL_2026-02-21T19:00:00+0000_45.0441
GDBDCL,Godavari at Bhadrachalam,Godavari,2026-02-21 20:00:00+00:00,45.08510219844045,NORMAL,47.5,48.5,53.0,17.66865,80.87403,GDBDCL_2026-02-21T20:00:00+0000_45.0851
GDBDCL,Godavari at Bhadrachalam,Godavari,2026-02-21 21:00:00+00:00,45.13712193871992,NORMAL,47.5,48.5,53.0,17.66865,80.87403,GDBDCL_2026-02-21T21:00:00+0000_45.1371
GDBDCL,Godavari at Bhadrachalam,Godavari,2026-02-21 22:00:00+00:00,45.19933114954792,NORMAL,47.5,48.5,53.0,17.66865,80.87403,GDBDCL_2026-02-21T22:00:00+0000_45.1993
GDBDCL,Godavari at Bhadrachalam,Godavari,2026-02-21 23:00:00+00:00,45.16176783958856,NORMAL,47.5,48.5,53.0,17.66865,80.87403,GDBDCL_2026-02-21T23:00:00+0000_45.1618
GDBDCL,Godavari at Bhadrachalam,Godavari,2026-02-22 00:00:00+00:00,45.244654339914646,NORMAL,47.5,48.5,53.0,17.66865,80.87403,GDBDCL_2026-02-22T00:00:00+0000_45.2447
GDBDCL,Godavari at Bhadrachalam,Godavari,2026-02-22 01:00:00+00:00,45.25292309907847,NORMAL,47.5,48.5,53.0,17.66865,80.87403,GDBDCL_2026-02-22T01:00:00+0000_45.2529
GDBDCL,Godavari at Bhadrachalam,Godavari,2026-02-22 02:00:00+00:00,,,47.5,48.5,53.0,17.66865,80.87403,GDBDCL_2026-02-22T02:00:00+0000_
GDBDCL,Godavari at Bhadrachalam,Godavari,2026-02-22 03:00:00+00:00,45.18267384613935,NORMAL,47.5,48.5,53.0,17.66865,80.87403,GDBDCL_2026-02-22T03:00:00+0000_45.1827
GDBDCL,Godavari at Bhadrachalam,Godavari,2026-02-22 04:00:00+00:00,45.22483247793985,NORMAL,47.5,48.5,53.0,17.66865,80.87403,GDBDCL_2026-02-22T04:00:00+0000_45.2248
GDBDCL,Godavari at Bhadrachalam,Godavari,2026-02-22 05:00:00+00:00,45.13524007120147,NORMAL,47.5,48.5,53.0,17.66865,80.87403,GDBDCL_2026-02-22T05:00:00+0000_45.1352
GDBDCL,Godavari at Bhadrachalam,Godavari,2026-02-22 06:00:00+00:00,45.17542952068062,NORMAL,47.5,48.5,53.0,17.66865,80.87403,GDBDCL_2026-02-22T06:00:00+0000_45.1754
GDBDCL,Godavari at Bhadrachalam,Godavari,2026-02-22 07:00:00+00:00,45.14482299875013,NORMAL,47.5,48.5,53.0,17.66865,80.87403,GDBDCL_2026-02-22T07:00:00+0000_45.1448
GDBDCL,Godavari at Bhadrachalam,Godavari,2026-02-22 08:00:00+00:00,45.05364264507696,NORMAL,47.5,48.5,53.0,17.66865,80.87403,GDBDCL_2026-02-22T08:00:00+0000_45.0536
GDBDCL,Godavari at Bhadrachalam,Godavari,2026-02-22 09:00:00+00:00,47.15271954801317,NORMAL,47.5,48.5,53.0,17.66865,80.87403,GDBDCL_2026-02-22T09:00:00+0000_47.1527
GDBDCL,Godavari at Bhadrachalam,Godavari,2026-02-22 10:00:00+00:00,46.91399547904988,NORMAL,47.5,48.5,53.0,17.66865,80.87403,GDBDCL_2026-02-22T10:00:00+0000_46.9140
GDBDCL,Godavari at Bhadrachalam,Godavari,2026-02-22 11:00:00+00:00,46.69569082997125,NORMAL,47.5,48.5,53.0,17.66865,80.87403,GDBDCL_2026-02-22T11:00:00+0000_46.6957
GDBDCL,Godavari at Bhadrachalam,Godavari,2026-02-22 12:00:00+00:00,,,47.5,48.5,53.0,17.66865,80.87403,GDBDCL_2026-02-22T12:00:00+0000_
GDBDCL,Godavari at Bhadrachalam,Godavari,2026-02-22 13:00:00+00:00,46.388772030569456,NORMAL,47.5,48.5,53.0,17.66865,80.87403,GDBDCL_2026-02-22T13:00:00+0000_46.3888
GDBDCL,Godavari at Bhadrachalam,Godavari,2026-02-22 14:00:00+00:00,44.93701786120752,NORMAL,47.5,48.5,53.0,17.66865,80.87403,GDBDCL_2026-02-22T14:00:00+0000_44.9370
GDBDCL,Godavari at Bhadrachalam,Godavari,2026-02-22 15:00:00+00:00,44.97039047247316,NORMAL,47.5,48.5,53.0,17.66865,80.87403,GDBDCL_2026-02-22T15:00:00+0000_44.9704
GDBDCL,Godavari at Bhadrachalam,Godavari,2026-02-22 16:00:00+00:00,44.99031968867938,NORMAL,47.5,48.5,53.0,17.66865,80.87403,GDBDCL_2026-02-22T16:00:00+0000_44.9903
GDBDCL,Godavari at Bhadrachalam,Godavari,2026-02-22 17:00:00+00:00,44.99453843080706,NORMAL,47.5,48.5,53.0,17.66865,80.87403,GDBDCL_2026-02-22T17:00:00+0000_44.9945
GDBDCL,Godavari at Bhadrachalam,Godavari,2026-02-22 18:00:00+00:00,45.049932104363286,NORMAL,47.5,48.5,53.0,17.66865,80.87403,GDBDCL_2026-02-22T18:00:00+0000_45.0499
GDBDCL,Godavari at Bhadrachalam,Godavari,2026-02-22 19:00:00+00:00,45.08260687805243,NORMAL,47.5,48.5,53.0,17.66865,80.87403,GDBDCL_2026-02-22T19:00:00+0000_45.0826
GDBDCL,Godavari at Bhadrachalam,Godavari,2026-02-22 20:00:00+00:00,45.0932913052401,NORMAL,47.5,48.5,53.0,17.66865,80.87403,GDBDCL_2026-02-22T20:00:00+0000_45.0933
GDBDCL,Godavari at Bhadrachalam,Godavari,2026-02-22 21:00:00+00:00,45.156995666603976,NORMAL,47.5,48.5,53.0,17.66865,80.87403,GDBDCL_2026-02-22T21:00:00+0000_45.1570
GDBDCL,Godavari at Bhadrachalam,Godavari,2026-02-22 22:00:00+00:00,45.192071291896696,NORMAL,47.5,48.5,53.0,17.66865,80.87403,GDBDCL_2026-02-22T22:00:00+0000_45.1921
GDBDCL,Godavari at Bhadrachalam,Godavari,2026-02-22 23:00:00+00:00,45.19917726075101,NORMAL,47.5,48.5,53.0,17.66865,80.87403,GDBDCL_2026-02-22T23:00:00+0000_45.1992
GDBDCL,Godavari at Bhadrachalam,Godavari,2026-02-23 00:00:00+00:00,45.25382958180741,NORMAL,47.5,48.5,53.0,17.66865,80.87403,GDBDCL_2026-02-23T00:00:00+0000_45.2538
GDBDCL,Godavari at Bhadrachalam,Godavari,2026-02-23 01:00:00+00:00,45.27125802093054,NORMAL,47.5,48.5,53.0,17.66865,80.87403,GDBDCL_2026-02-23T01:00:00+0000_45.2713
GDBDCL,Godavari at Bhadrachalam,Godavari,2026-02-23 02:00:00+00:00,45.26955108348587,NORMAL,47.5,48.5,53.0,17.66865,80.87403,GDBDCL_2026-02-23T02:00:00+0000_45.2696
GDBDCL,Godavari at Bhadrachalam,Godavari,2026-02-23 03:00:00+00:00,45.21877757501385,NORMAL,47.5,48.5,53.0,17.66865,80.87403,GDBDCL_2026-02-23T03:00:00+0000_45.2188
GDBDCL,Godavari at Bhadrachalam,Godavari,2026-02-23 04:00:00+00:00,45.22094423732846,NORMAL,47.5,48.5,53.0,17.66865,80.87403,GDBDCL_2026-02-23T04:00:00+0000_45.2209
GDBDCL,Godavari at Bhadrachalam,Godavari,2026-02-23 05:00:00+00:00,45.167215156891366,NORMAL,47.5,48.5,53.0,17.66865,80.87403,GDBDCL_2026-02-23T05:00:00+0000_45.1672
GDBDCL,Godavari at Bhadrachalam,Godavari,2026-02-23 06:00:00+00:00,45.09536510677406,NORMAL,47.5,48.5,53.0,17.66865,80.87403,GDBDCL_2026-02-23T06:00:00+0000_45.0954
GDBDCL,Godavari at Bhadrachalam,Godavari,2026-02-23 07:00:00+00:00,45.14309253156905,NORMAL,47.5,48.5,53.0,17.66865,80.87403,GDBDCL_2026-02-23T07:00:00+0000_45.1431
GDBDCL,Godavari at Bhadrachalam,Godavari,2026-02-23 08:00:00+00:00,45.06623477440476,NORMAL,47.5,48.5,53.0,17.66865,80.87403,GDBDCL_2026-02-23T08:00:00+0000_45.0662
GDBDCL,Godavari at Bhadrachalam,Godavari,2026-02-23 09:00:00+00:00,45.08209931691515,NORMAL,47.5,48.5,53.0,17.66865,80.87403,GDBDCL_2026-02-23T09:00:00+0000_45.0821
GDBDCL,Godavari at Bhadrachalam,Godavari,2026-02-23 10:00:00+00:00,45.017256363073805,NORMAL,47.5,48.5,53.0,17.66865,80.87403,GDBDCL_2026-02-23T10:00:00+0000_45.0173
GDBDCL,Godavari at Bhadrachalam,Godavari,2026-02-23 11:00:00+00:00,45.00467716970266,NORMAL,47.5,48.5,53.0,17.66865,80.87403,GDBDCL_2026-02-23T11:00:00+0000_45.0047
GDBDCL,Godavari at Bhadrachalam,Godavari,2026-02-23 12:00:00+00:00,45.005797107788815,NORMAL,47.5,48.5,53.0,17.66865,80.87403,GDBDCL_2026-02-23T12:00:00+0000_45.0058
GDBDCL,Godavari at Bhadrachalam,Godavari,2026-02-23 13:00:00+00:00,44.94424240256026,NORMAL,47.5,48.5,53.0,17.66865,80.87403,GDBDCL_2026-02-23T13:00:00+0000_44.9442
GDBDCL,Godavari at Bhadrachalam,Godavari,2026-02-23 14:00:00+00:00,44.95859535623207,NORMAL,47.5,48.5,53.0,17.66865,80.87403,GDBDCL_2026-02-23T14:00:00+0000_44.9586
GDBDCL,Godavari at Bhadrachalam,Godavari,2026-02-23 15:00:00+00:00,44.99888569974031,NORMAL,47.5,48.5,53.0,17.66865,80.87403,GDBDCL_2026-02-23T15:00:00+0000_44.9989
GDBDCL,Godavari at Bhadrachalam,Godavari,2026-02-23 16:00:00+00:00,44.92923589580585,NORMAL,47.5,48.5,53.0,17.66865,80.87403,GDBDCL_2026-02-23T16:00:00+0000_44.9292
GDBDCL,Godavari at Bhadrachalam,Godavari,2026-02-23 17:00:00+00:00,44.95248424785443,NORMAL,47.5,48.5,53.0,17.66865,80.87403,GDBDCL_2026-02-23T17:00:00+0000_44.9525
GDBDCL,Godavari at Bhadrachalam,Godavari,2026-02-23 18:00:00+00:00,44.99350697457059,NORMAL,47.5,48.5,53.0,17.66865,80.87403,GDBDCL_2026-02-23T18:00:00+0000_44.9935
GDBDCL,Godavari at Bhadrachalam,Godavari,2026-02-23 19:00:00+00:00,45.06585925724872,NORMAL,47.5,48.5,53.0,17.66865,80.87403,GDBDCL_2026-02-23T19:00:00+0000_45.0659
GDBDCL,Godavari at Bhadrachalam,Godavari,2026-02-23 20:00:00+00:00,45.08910453326493,NORMAL,47.5,48.5,53.0,17.66865,80.87403,GDBDCL_2026-02-23T20:00:00+0000_45.0891
GDBDCL,Godavari at Bhadrachalam,Godavari,2026-02-23 21:00:00+00:00,45.155147272446335,NORMAL,47.5,48.5,53.0,17.66865,80.87403,GDBDCL_2026-02-23T21:00:00+0000_45.1551
GDBDCL,Godavari at Bhadrachalam,Godavari,2026-02-23 22:00:00+00:00,45.135304934449714,NORMAL,47.5,48.5,53.0,17.66865,80.87403,GDBDCL_2026-02-23T22:00:00+0000_45.1353
GDBDCL,Godavari at Bhadrachalam,Godavari,2026-02-23 23:00:00+00:00,45.23774973172813,NORMAL,47.5,48.5,53.0,17.66865,80.87403,GDBDCL_2026-02-23T23:00:00+0000_45.2377
GDBDCL,Godavari at Bhadrachalam,Godavari,2026-02-24 00:00:00+00:00,45.178983342643136,NORMAL,47.5,48.5,53.0,17.66865,80.87403,GDBDCL_2026-02-24T00:00:00+0000_45.1790
GDBDCL,Godavari at Bhadrachalam,Godavari,2026-02-24 01:00:00+00:00,45.22784518134274,NORMAL,47.5,48.5,53.0,17.66865,80.87403,GDBDCL_2026-02-24T01:00:00+0000_45.2278
GDBDCL,Godavari at Bhadrachalam,Godavari,2026-02-24 02:00:00+00:00,45.2535558220758,NORMAL,47.5,48.5,53.0,17.66865,80.87403,GDBDCL_2026-02-24T02:00:00+0000_45.2536
GDBDCL,Godavari at Bhadrachalam,Godavari,2026-02-24 03:00:00+00:00,45.18441544525771,NORMAL,47.5,48.5,53.0,17.66865,80.87403,GDBDCL_2026-02-24T03:00:00+0000_45.1844
GDBDCL,Godavari at Bhadrachalam,Godavari,2026-02-24 04:00:00+00:00,45.18380742992255,NORMAL,47.5,48.5,53.0,17.66865,80.87403,GDBDCL_2026-02-24T04:00:00+0000_45.1838
GDBDCL,Godavari at Bhadrachalam,Godavari,2026-02-24 05:00:00+00:00,45.21753075027086,NORMAL,47.5,48.5,53.0,17.66865,80.87403,GDBDCL_2026-02-24T05:00:00+0000_45.2175
GDBDCL,Godavari at Bhadrachalam,Godavari,2026-02-24 06:00:00+00:00,45.15262586191413,NORMAL,47.5,48.5,53.0,17.66865,80.87403,GDBDCL_2026-02-24T06:00:00+0000_45.1526
GDBDCL,Godavari at Bhadrachalam,Godavari,2026-02-24 07:00:00+00:00,45.14136859769223,NORMAL,47.5,48.5,53.0,17.66865,80.87403,GDBDCL_2026-02-24T07:00:00+0000_45.1414
GDBDCL,Godavari at Bhadrachalam,Godavari,2026-02-24 08:00:00+00:00,45.04088185662255,NORMAL,47.5,48.5,53.0,17.66865,80.87403,GDBDCL_2026-02-24T08:00:00+0000_45.0409
GDBDCL,Godavari at Bhadrachalam,Godavari,2026-02-24 09:00:00+00:00,45.08308455656445,NORMAL,47.5,48.5,53.0,17.66865,80.87403,GDBDCL_2026-02-24T09:00:00+0000_45.0831
GDBDCL,Godavari at Bhadrachalam,Godavari,2026-02-24 10:00:00+00:00,44.97782229830943,NORMAL,47.5,48.5,53.0,17.66865,80.87403,GDBDCL_2026-02-24T10:00:00+0000_44.9778
GDBDCL,Godavari at Bhadrachalam,Godavari,2026-02-24 11:00:00+00:00,44.93289473452007,NORMAL,47.5,48.5,53.0,17.66865,80.87403,GDBDCL_2026-02-24T11:00:00+0000_44.9329
GDBDCL,Godavari at Bhadrachalam,Godavari,2026-02-24 12:00:00+00:00,47.02664580732374,NORMAL,47.5,48.5,53.0,17.66865,80.87403,GDBDCL_2026-02-24T12:00:00+0000_47.0266
GDBDCL,Godavari at Bhadrachalam,Godavari,2026-02-24 13:00:00+00:00,46.847508751725314,NORMAL,47.5,48.5,53.0,17.66865,80.87403,GDBDCL_2026-02-24T13:00:00+0000_46.8475
GDBDCL,Godavari at Bhadrachalam,Godavari,2026-02-24 14:00:00+00:00,46.62183827797998,NORMAL,47.5,48.5,53.0,17.66865,80.87403,GDBDCL_2026-02-24T14:00:00+0000_46.6218
GDBDCL,Godavari at Bhadrachalam,Godavari,2026-02-24 15:00:00+00:00,46.436253995317045,NORMAL,47.5,48.5,53.0,17.66865,80.87403,GDBDCL_2026-02-24T15:00:00+0000_46.4363
GDBDCL,Godavari at Bhadrachalam,Godavari,2026-02-24 16:00:00+00:00,46.38423215276266,NORMAL,47.5,48.5,53.0,17.66865,80.87403,GDBDCL_2026-02-24T16:00:00+0000_46.3842
GDBDCL,Godavari at Bhadrachalam,Godavari,2026-02-24 17:00:00+00:00,46.21799944235645,NORMAL,47.5,48.5,53.0,17.66865,80.87403,GDBDCL_2026-02-24T17:00:00+0000_46.2180
GDBDCL,Godavari at Bhadrachalam,Godavari,2026-02-24 18:00:00+00:00,46.149345773265125,NORMAL,47.5,48.5,53.0,17.66865,80.87403,GDBDCL_2026-02-24T18:00:00+0000_46.1493
GDBDCL,Godavari at Bhadrachalam,Godavari,2026-02-24 19:00:00+00:00,45.09176071657878,NORMAL,47.5,48.5,53.0,17.66865,80.87403,GDBDCL_2026-02-24T19:00:00+0000_45.0918
GDBDCL,Godavari at Bhadrachalam,Godavari,2026-02-24 20:00:00+00:00,45.149550758731806,NORMAL,47.5,48.5,53.0,17.66865,80.87403,GDBDCL_2026-02-24T20:00:00+0000_45.1496
GDBDCL,Godavari at Bhadrachalam,Godavari,2026-02-24 21:00:00+00:00,45.13624127010768,NORMAL,47.5,48.5,53.0,17.66865,80.87403,GDBDCL_2026-02-24T21:00:00+0000_45.1362
GDBDCL,Godavari at Bhadrachalam,Godavari,2026-02-24 22:00:00+00:00,45.14586362219952,NORMAL,47.5,48.5,53.0,17.66865,80.87403,GDBDCL_2026-02-24T22:00:00+0000_45.1459
GDBDCL,Godavari at Bhadrachalam,Godavari,2026-02-24 23:00:00+00:00,45.1793701945309,NORMAL,47.5,48.5,53.0,17.66865,80.87403,GDBDCL_2026-02-24T23:00:00+0000_45.1794
GDBDCL,Godavari at Bhadrachalam,Godavari,2026-02-25 00:00:00+00:00,45.25045911296973,NORMAL,47.5,48.5,53.0,17.66865,80.87403,GDBDCL_2026-02-25T00:00:00+0000_45.2505
GDBDCL,Godavari at Bhadrachalam,Godavari,2026-02-25 01:00:00+00:00,45.21059614280327,NORMAL,47.5,48.5,53.0,17.66865,80.87403,GDBDCL_2026-02-25T01:00:00+0000_45.2106
GDBDCL,Godavari at Bhadrachalam,Godavari,2026-02-25 02:00:00+00:00,45.23772837574422,NORMAL,47.5,48.5,53.0,17.66865,80.87403,GDBDCL_2026-02-25T02:00:00+0000_45.2377
GDBDCL,Godavari at Bhadrachalam,Godavari,2026-02-25 03:00:00+00:00,45.17967978038999,NORMAL,47.5,48.5,53.0,17.66865,80.87403,GDBDCL_2026-02-25T03:00:00+0000_45.1797
GDBDCL,Godavari at Bhadrachalam,Godavari,2026-02-25 04:00:00+00:00,45.18150624372019,NORMAL,47.5,48.5,53.0,17.66865,80.87403,GDBDCL_2026-02-25T04:00:00+0000_45.1815
GDBDCL,Godavari at Bhadrachalam,Godavari,2026-02-25 05:00:00+00:00,45.17814213356797,NORMAL,47.5,48.5,53.0,17.66865,80.87403,GDBDCL_2026-02-25T05:00:00+0000_45.1781
GDBDCL,Godavari at Bhadrachalam,Godavari,2026-02-25 06:00:00+00:00,45.20309209009501,NORMAL,47.5,48.5,53.0,17.66865,80.87403,GDBDCL_2026-02-25T06:00:00+0000_45.2031
GDBDCL,Godavari at Bhadrachalam,Godavari,2026-02-25 07:00:00+00:00,45.11725432173829,NORMAL,47.5,48.5,53.0,17.66865,80.87403,GDBDCL_2026-02-25T07:00:00+0000_45.1173
GDBDCL,Godavari at Bhadrachalam,Godavari,2026-02-25 08:00:00+00:00,45.07102339241164,NORMAL,47.5,48.5,53.0,17.66865,80.87403,GDBDCL_2026-02-25T08:00:00+0000_45.0710
GDBDCL,Godavari at Bhadrachalam,Godavari,2026-02-25 09:00:00+00:00,45.029822979462615,NORMAL,47.5,48.5,53.0,17.66865,80.87403,GDBDCL_2026-02-25T09:00:00+0000_45.0298
GDBDCL,Godavari at Bhadrachalam,Godavari,2026-02-25 10:00:00+00:00,45.01575113630197,NORMAL,47.5,48.5,53.0,17.66865,80.87403,GDBDCL_2026-02-25T10:00:00+0000_45.0158
GDBDCL,Godavari at Bhadrachalam,Godavari,2026-02-25 11:00:00+00:00,45.02528337879108,NORMAL,47.5,48.5,53.0,17.66865,80.87403,GDBDCL_2026-02-25T11:00:00+0000_45.0253
GDBDCL,Godavari at Bhadrachalam,Godavari,2026-02-25 12:00:00+00:00,44.943976654252,NORMAL,47.5,48.5,53.0,17.66865,80.87403,GDBDCL_2026-02-25T12:00:00+0000_44.9440
GDBDCL,Godavari at Bhadrachalam,Godavari,2026-02-25 13:00:00+00:00,44.98727583704241,NORMAL,47.5,48.5,53.0,17.66865,80.87403,GDBDCL_2026-02-25T13:00:00+0000_44.9873
GDBDCL,Godavari at Bhadrachalam,Godavari,2026-02-25 14:00:00+00:00,44.993258899759766,NORMAL,47.5,48.5,53.0,17.66865,80.87403,GDBDCL_2026-02-25T14:00:00+0000_44.9933
GDBDCL,Godavari at Bhadrachalam,Godavari,2026-02-25 15:00:00+00:00,44.9502168760898,NORMAL,47.5,48.5,53.0,17.66865,80.87403,GDBDCL_2026-02-25T15:00:00+0000_44.9502
GDBDCL,Godavari at Bhadrachalam,Godavari,2026-02-25 16:00:00+00:00,45.00371410052391,NORMAL,47.5,48.5,53.0,17.66865,80.87403,GDBDCL_2026-02-25T16:00:00+0000_45.0037
GDBDCL,Godavari at Bhadrachalam,Godavari,2026-02-25 17:00:00+00:00,45.01316758735732,NORMAL,47.5,48.5,53.0,17.66865,80.87403,GDBDCL_2026-02-25T17:00:00+0000_45.0132
GDBDCL,Godavari at Bhadrachalam,Godavari,2026-02-25 18:00:00+00:00,45.06996926729913,NORMAL,47.5,48.5,53.0,17.66865,80.87403,GDBDCL_2026-02-25T18:00:00+0000_45.0700
GDBDCL,Godavari at Bhadrachalam,Godavari,2026-02-25 19:00:00+00:00,45.03511955819782,NORMAL,47.5,48.5,53.0,17.66865,80.87403,GDBDCL_2026-02-25T19:00:00+0000_45.0351
GDBDCL,Godavari at Bhadrachalam,Godavari,2026-02-25 20:00:00+00:00,45.07556098308449,NORMAL,47.5,48.5,53.0,17.66865,80.87403,GDBDCL_2026-02-25T20:00:00+0000_45.0756
GDBDCL,Godavari at Bhadrachalam,Godavari,2026-02-25 21:00:00+00:00,45.13605650623088,NORMAL,47.5,48.5,53.0,17.66865,80.87403,GDBDCL_2026-02-25T21:00:00+0000_45.1361
GDBDCL,Godavari at Bhadrachalam,Godavari,2026-02-25 22:00:00+00:00,45.15706575017659,NORMAL,47.5,48.5,53.0,17.66865,80.87403,GDBDCL_2026-02-25T22:00:00+0000_45.1571
GDBDCL,Godavari at Bhadrachalam,Godavari,2026-02-25 23:00:00+00:00,45.16271692405146,NORMAL,47.5,48.5,53.0,17.66865,80.87403,GDBDCL_2026-02-25T23:00:00+0000_45.1627
GDBDCL,Godavari at Bhadrachalam,Godavari,2026-02-26 00:00:00+00:00,45.20113116844114,NORMAL,47.5,48.5,53.0,17.66865,80.87403,GDBDCL_2026-02-26T00:00:00+0000_45.2011
GDBDCL,Godavari at Bhadrachalam,Godavari,2026-02-26 01:00:00+00:00,45.20364628979964,NORMAL,47.5,48.5,53.0,17.66865,80.87403,GDBDCL_2026-02-26T01:00:00+0000_45.2036
GDBDCL,Godavari at Bhadrachalam,Godavari,2026-02-26 02:00:00+00:00,45.20436808092879,NORMAL,47.5,48.5,53.0,17.66865,80.87403,GDBDCL_2026-02-26T02:00:00+0000_45.2044
GDBDCL,Godavari at Bhadrachalam,Godavari,2026-02-26 03:00:00+00:00,45.20827982062252,NORMAL,47.5,48.5,53.0,17.66865,80.87403,GDBDCL_2026-02-26T03:00:00+0000_45.2083
GDBDCL,Godavari at Bhadrachalam,Godavari,2026-02-26 04:00:00+00:00,45.17107611520082,NORMAL,47.5,48.5,53.0,17.66865,80.87403,GDBDCL_2026-02-26T04:00:00+0000_45.1711
GDBDCL,Godavari at Bhadrachalam,Godavari,2026-02-26 05:00:00+00:00,45.21683574761886,NORMAL,47.5,48.5,53.0,17.66865,80.87403,GDBDCL_2026-02-26T05:00:00+0000_45.2168
GDBDCL,Godavari at Bhadrachalam,Godavari,2026-02-26 06:00:00+00:00,45.13111401124058,NORMAL,47.5,48.5,53.0,17.66865,80.87403,GDBDCL_2026-02-26T06:00:00+0000_45.1311
GDBDCL,Godavari at Bhadrachalam,Godavari,2026-02-26 07:00:00+00:00,45.15030149761315,NORMAL,47.5,48.5,53.0,17.66865,80.87403,GDBDCL_2026-02-26T07:00:00+0000_45.1503
GDBDCL,Godavari at Bhadrachalam,Godavari,2026-02-26 08:00:00+00:00,45.0391806329097,NORMAL,47.5,48.5,53.0,17.66865,80.87403,GDBDCL_2026-02-26T08:00:00+0000_45.0392
GDBDCL,Godavari at Bhadrachalam,Godavari,2026-02-26 09:00:00+00:00,45.05100264470347,NORMAL,47.5,48.5,53.0,17.66865,80.87403,GDBDCL_2026-02-26T09:00:00+0000_45.0510
GDBDCL,Godavari at Bhadrachalam,Godavari,2026-02-26 10:00:00+00:00,45.04575810284928,NORMAL,47.5,48.5,53.0,17.66865,80.87403,GDBDCL_2026-02-26T10:00:00+0000_45.0458
GDBDCL,Godavari at Bhadrachalam,Godavari,2026-02-26 11:00:00+00:00,45.04081887393038,NORMAL,47.5,48.5,53.0,17.66865,80.87403,GDBDCL_2026-02-26T11:00:00+0000_45.0408
GDBDCL,Godavari at Bhadrachalam,Godavari,2026-02-26 12:00:00+00:00,44.99598054115948,NORMAL,47.5,48.5,53.0,17.66865,80.87403,GDBDCL_2026-02-26T12:00:00+0000_44.9960
GDBDCL,Godavari at Bhadrachalam,Godavari,2026-02-26 13:00:00+00:00,44.93217117530074,NORMAL,47.5,48.5,53.0,17.66865,80.87403,GDBDCL_2026-02-26T13:00:00+0000_44.9322
GDBDCL,Godavari at Bhadrachalam,Godavari,2026-02-26 14:00:00+00:00,44.96736836517641,NORMAL,47.5,48.5,53.0,17.66865,80.87403,GDBDCL_2026-02-26T14:00:00+0000_44.9674
GDBDCL,Godavari at Bhadrachalam,Godavari,2026-02-26 15:00:00+00:00,44.9302678531721,NORMAL,47.5,48.5,53.0,17.66865,80.87403,GDBDCL_2026-02-26T15:00:00+0000_44.9303
GDBDCL,Godavari at Bhadrachalam,Godavari,2026-02-26 16:00:00+00:00,45.029351558844624,NORMAL,47.5,48.5,53.0,17.66865,80.87403,GDBDCL_2026-02-26T16:00:00+0000_45.0294
GDBDCL,Godavari at Bhadrachalam,Godavari,2026-02-26 17:00:00+00:00,45.04896720906505,NORMAL,47.5,48.5,53.0,17.66865,80.87403,GDBDCL_2026-02-26T17:00:00+0000_45.0490
GDBDCL,Godavari at Bhadrachalam,Godavari,2026-02-26 18:00:00+00:00,45.04229623581611,NORMAL,47.5,48.5,53.0,17.66865,80.87403,GDBDCL_2026-02-26T18:00:00+0000_45.0423
GDBDCL,Godavari at Bhadrachalam,Godavari,2026-02-26 19:00:00+00:00,45.06109910880832,NORMAL,47.5,48.5,53.0,17.66865,80.87403,GDBDCL_2026-02-26T19:00:00+0000_45.0611
GDBDCL,Godavari at Bhadrachalam,Godavari,2026-02-26 20:00:00+00:00,45.12553824503803,NORMAL,47.5,48.5,53.0,17.66865,80.87403,GDBDCL_2026-02-26T20:00:00+0000_45.1255
GDBDCL,Godavari at Bhadrachalam,Godavari,2026-02-26 21:00:00+00:00,45.160341960416055,NORMAL,47.5,48.5,53.0,17.66865,80.87403,GDBDCL_2026-02-26T21:00:00+0000_45.1603
GDBDCL,Godavari at Bhadrachalam,Godavari,2026-02-26 22:00:00+00:00,45.18488154828841,NORMAL,47.5,48.5,53.0,17.66865,80.87403,GDBDCL_2026-02-26T22:00:00+0000_45.1849
GDBDCL,Godavari at Bhadrachalam,Godavari,2026-02-26 23:00:00+00:00,45.20858581966513,NORMAL,47.5,48.5,53.0,17.66865,80.87403,GDBDCL_2026-02-26T23:00:00+0000_45.2086
GDBDCL,Godavari at Bhadrachalam,Godavari,2026-02-27 00:00:00+00:00,45.22608984302002,NORMAL,47.5,48.5,53.0,17.66865,80.87403,GDBDCL_2026-02-27T00:00:00+0000_45.2261
GDBDCL,Godavari at Bhadrachalam,Godavari,2026-02-27 01:00:00+00:00,45.23761078832989,NORMAL,47.5,48.5,53.0,17.66865,80.87403,GDBDCL_2026-02-27T01:00:00+0000_45.2376
GDBDCL,Godavari at Bhadrachalam,Godavari,2026-02-27 02:00:00+00:00,45.21790963682923,NORMAL,47.5,48.5,53.0,17.66865,80.87403,GDBDCL_2026-02-27T02:00:00+0000_45.2179
GDBDCL,Godavari at Bhadrachalam,Godavari,2026-02-27 03:00:00+00:00,45.23615945123303,NORMAL,47.5,48.5,53.0,17.66865,80.87403,GDBDCL_2026-02-27T03:00:00+0000_45.2362
GDBDCL,Godavari at Bhadrachalam,Godavari,2026-02-27 04:00:00+00:00,45.18986889537514,NORMAL,47.5,48.5,53.0,17.66865,80.87403,GDBDCL_2026-02-27T04:00:00+0000_45.1899
GDBDCL,Godavari at Bhadrachalam,Godavari,2026-02-27 05:00:00+00:00,45.196954691000414,NORMAL,47.5,48.5,53.0,17.66865,80.87403,GDBDCL_2026-02-27T05:00:00+0000_45.1970
GDBDCL,Godavari at Bhadrachalam,Godavari,2026-02-27 06:00:00+00:00,45.20472067989819,NORMAL,47.5,48.5,53.0,17.66865,80.87403,GDBDCL_2026-02-27T06:00:00+0000_45.2047
GDBDCL,Godavari at Bhadrachalam,Godavari,2026-02-27 07:00:00+00:00,45.08763584255545,NORMAL,47.5,48.5,53.0,17.66865,80.87403,GDBDCL_2026-02-27T07:00:00+0000_45.0876
GDBDCL,Godavari at Bhadrachalam,Godavari,2026-02-27 08:00:00+00:00,45.08502363101888,NORMAL,47.5,48.5,53.0,17.66865,80.87403,GDBDCL_2026-02-27T08:00:00+0000_45.0850
GDBDCL,Godavari at Bhadrachalam,Godavari,2026-02-27 09:00:00+00:00,45.1006871064916,NORMAL,47.5,48.5,53.0,17.66865,80.87403,GDBDCL_2026-02-27T09:00:00+0000_45.1007
GDBDCL,Godavari at Bhadrachalam,Godavari,2026-02-27 10:00:00+00:00,44.99807528315768,NORMAL,47.5,48.5,53.0,17.66865,80.87403,GDBDCL_2026-02-27T10:00:00+0000_44.9981
GDBDCL,Godavari at Bhadrachalam,Godavari,2026-02-27 11:00:00+00:00,45.03630173319989,NORMAL,47.5,48.5,53.0,17.66865,80.87403,GDBDCL_2026-02-27T11:00:00+0000_45.0363
GDBDCL,Godavari at Bhadrachalam,Godavari,2026-02-27 12:00:00+00:00,44.99681743608194,NORMAL,47.5,48.5,53.0,17.66865,80.87403,GDBDCL_2026-02-27T12:00:00+0000_44.9968
GDBDCL,Godavari at Bhadrachalam,Godavari,2026-02-27 13:00:00+00:00,45.00522121643351,NORMAL,47.5,48.5,53.0,17.66865,80.87403,GDBDCL_2026-02-27T13:00:00+0000_45.0052
GDBDCL,Godavari at Bhadrachalam,Godavari,2026-02-27 14:00:00+00:00,44.99194066260061,NORMAL,47.5,48.5,53.0,17.66865,80.87403,GDBDCL_2026-02-27T14:00:00+0000_44.9919
GDBDCL,Godavari at Bhadrachalam,Godavari,2026-02-27 15:00:00+00:00,45.00324829615919,NORMAL,47.5,48.5,53.0,17.66865,80.87403,GDBDCL_2026-02-27T15:00:00+0000_45.0032
GDBDCL,Godavari at Bhadrachalam,Godavari,2026-02-27 16:00:00+00:00,44.98387539477394,NORMAL,47.5,48.5,53.0,17.66865,80.87403,GDBDCL_2026-02-27T16:00:00+0000_44.9839
GDBDCL,Godavari at Bhadrachalam,Godavari,2026-02-27 17:00:00+00:00,44.99891213735731,NORMAL,47.5,48.5,53.0,17.66865,80.87403,GDBDCL_2026-02-27T17:00:00+0000_44.9989
GDBDCL,Godavari at Bhadrachalam,Godavari,2026-02-27 18:00:00+00:00,45.04883799169423,NORMAL,47.5,48.5,53.0,17.66865,80.87403,GDBDCL_2026-02-27T18:00:00+0000_45.0488
GDBDCL,Godavari at Bhadrachalam,Godavari,2026-02-27 19:00:00+00:00,45.11883813031185,NORMAL,47.5,48.5,53.0,17.66865,80.87403,GDBDCL_2026-02-27T19:00:00+0000_45.1188
GDBDCL,Godavari at Bhadrachalam,Godavari,2026-02-27 20:00:00+00:00,45.092101270171256,NORMAL,47.5,48.5,53.0,17.66865,80.87403,GDBDCL_2026-02-27T20:00:00+0000_45.0921
GDBDCL,Godavari at Bhadrachalam,Godavari,2026-02-27 21:00:00+00:00,45.14100837516336,NORMAL,47.5,48.5,53.0,17.66865,80.87403,GDBDCL_2026-02-27T21:00:00+0000_45.1410
GDBDCL,Godavari at Bhadrachalam,Godavari,2026-02-27 22:00:00+00:00,45.169699344488826,NORMAL,47.5,48.5,53.0,17.66865,80.87403,GDBDCL_2026-02-27T22:00:00+0000_45.1697
GDBDCL,Godavari at Bhadrachalam,Godavari,2026-02-27 23:00:00+00:00,45.245211712474976,NORMAL,47.5,48.5,53.0,17.66865,80.87403,GDBDCL_2026-02-27T23:00:00+0000_45.2452
GDBDCL,Godavari at Bhadrachalam,Godavari,2026-02-28 00:00:00+00:00,45.23736992379385,NORMAL,47.5,48.5,53.0,17.66865,80.87403,GDBDCL_2026-02-28T00:00:00+0000_45.2374
GDBDCL,Godavari at Bhadrachalam,Godavari,2026-02-28 01:00:00+00:00,45.28421846789112,NORMAL,47.5,48.5,53.0,17.66865,80.87403,GDBDCL_2026-02-28T01:00:00+0000_45.2842
GDBDCL,Godavari at Bhadrachalam,Godavari,2026-02-28 02:00:00+00:00,45.27353136067414,NORMAL,47.5,48.5,53.0,17.66865,80.87403,GDBDCL_2026-02-28T02:00:00+0000_45.2735
GDBDCL,Godavari at Bhadrachalam,Godavari,2026-02-28 03:00:00+00:00,45.25143927178044,NORMAL,47.5,48.5,53.0,17.66865,80.87403,GDBDCL_2026-02-28T03:00:00+0000_45.2514
GDBDCL,Godavari at Bhadrachalam,Godavari,2026-02-28 04:00:00+00:00,45.244591484312416,NORMAL,47.5,48.5,53.0,17.66865,80.87403,GDBDCL_2026-02-28T04:00:00+0000_45.2446
GDBDCL,Godavari at Bhadrachalam,Godavari,2026-02-28 05:00:00+00:00,45.21880213480728,NORMAL,47.5,48.5,53.0,17.66865,80.87403,GDBDCL_2026-02-28T05:00:00+0000_45.2188
GDBDCL,Godavari at Bhadrachalam,Godavari,2026-02-28 06:00:00+00:00,45.1324470601273,NORMAL,47.5,48.5,53.0,17.66865,80.87403,GDBDCL_2026-02-28T06:00:00+0000_45.1324
GDBDCL,Godavari at Bhadrachalam,Godavari,2026-02-28 07:00:00+00:00,45.11078861289535,NORMAL,47.5,48.5,53.0,17.66865,80.87403,GDBDCL_2026-02-28T07:00:00+0000_45.1108
GDBDCL,Godavari at Bhadrachalam,Godavari,2026-02-28 08:00:00+00:00,45.0924819592234,NORMAL,47.5,48.5,53.0,17.66865,80.87403,GDBDCL_2026-02-28T08:00:00+0000_45.0925
GDBDCL,Godavari at Bhadrachalam,Godavari,2026-02-28 09:00:00+00:00,45.06621640613816,NORMAL,47.5,48.5,53.0,17.66865,80.87403,GDBDCL_2026-02-28T09:00:00+0000_45.0662
GDBDCL,Godavari at Bhadrachalam,Godavari,2026-02-28 10:00:00+00:00,45.04230770575138,NORMAL,47.5,48.5,53.0,17.66865,80.87403,GDBDCL_2026-02-28T10:00:00+0000_45.0423
GDBDCL,Godavari at Bhadrachalam,Godavari,2026-02-28 11:00:00+00:00,44.9766140872052,NORMAL,47.5,48.5,53.0,17.66865,80.87403,GDBDCL_2026-02-28T11:00:00+0000_44.9766
GDBDCL,Godavari at Bhadrachalam,Godavari,2026-02-28 12:00:00+00:00,45.03290972457776,NORMAL,47.5,48.5,53.0,17.66865,80.87403,GDBDCL_2026-02-28T12:00:00+0000_45.0329
GDBDCL,Godavari at Bhadrachalam,Godavari,2026-02-28 13:00:00+00:00,44.928529385697146,NORMAL,47.5,48.5,53.0,17.66865,80.87403,GDBDCL_2026-02-28T13:00:00+0000_44.9285
GDBDCL,Godavari at Bhadrachalam,Godavari,2026-02-28 14:00:00+00:00,44.962062730450725,NORMAL,47.5,48.5,53.0,17.66865,80.87403,GDBDCL_2026-02-28T14:00:00+0000_44.9621
GDBDCL,Godavari at Bhadrachalam,Godavari,2026-02-28 15:00:00+00:00,45.00975892682191,NORMAL,47.5,48.5,53.0,17.66865,80.87403,GDBDCL_2026-02-28T15:00:00+0000_45.0098
GDBDCL,Godavari at Bhadrachalam,Godavari,2026-02-28 16:00:00+00:00,45.02038734002306,NORMAL,47.5,48.5,53.0,17.66865,80.87403,GDBDCL_2026-02-28T16:00:00+0000_45.0204
GDBDCL,Godavari at Bhadrachalam,Godavari,2026-02-28 17:00:00+00:00,44.98950513554281,NORMAL,47.5,48.5,53.0,17.66865,80.87403,GDBDCL_2026-02-28T17:00:00+0000_44.9895
GDBDCL,Godavari at Bhadrachalam,Godavari,2026-02-28 18:00:00+00:00,45.0247305394952,NORMAL,47.5,48.5,53.0,17.66865,80.87403,GDBDCL_2026-02-28T18:00:00+0000_45.0247
GDBDCL,Godavari at Bhadrachalam,Godavari,2026-02-28 19:00:00+00:00,45.050221632273214,NORMAL,47.5,48.5,53.0,17.66865,80.87403,GDBDCL_2026-02-28T19:00:00+0000_45.0502
GDBDCL,Godavari at Bhadrachalam,Godavari,2026-02-28 20:00:00+00:00,45.16222412256041,NORMAL,47.5,48.5,53.0,17.66865,80.87403,GDBDCL_2026-02-28T20:00:00+0000_45.1622
GDBDCL,Godavari at Bhadrachalam,Godavari,2026-02-28 21:00:00+00:00,45.12678808316083,NORMAL,47.5,48.5,53.0,17.66865,80.87403,GDBDCL_2026-02-28T21:00:00+0000_45.1268
GDBDCL,Godavari at Bhadrachalam,Godavari,2026-02-28 22:00:00+00:00,45.19532637593182,NORMAL,47.5,48.5,53.0,17.66865,80.87403,GDBDCL_2026-02-28T22:00:00+0000_45.1953
GDBDCL,Godavari at Bhadrachalam,Godavari,2026-02-28 23:00:00+00:00,45.24650282459515,NORMAL,47.5,48.5,53.0,17.66865,80.87403,GDBDCL_2026-02-28T23:00:00+0000_45.2465
GDBDCL,Godavari at Bhadrachalam,Godavari,2026-03-01 00:00:00+00:00,45.26094337287654,NORMAL,47.5,48.5,53.0,17.66865,80.87403,GDBDCL_2026-03-01T00:00:00+0000_45.2609
GDBDCL,Godavari at Bhadrachalam,Godavari,2026-03-01 01:00:00+00:00,45.305696400020935,NORMAL,47.5,48.5,53.0,17.66865,80.87403,GDBDCL_2026-03-01T01:00:00+0000_45.3057
GDBDCL,Godavari at Bhadrachalam,Godavari,2026-03-01 02:00:00+00:00,45.23164125071668,NORMAL,47.5,48.5,53.0,17.66865,80.87403,GDBDCL_2026-03-01T02:00:00+0000_45.2316
GDBDCL,Godavari at Bhadrachalam,Godavari,2026-03-01 03:00:00+00:00,45.28246954553008,NORMAL,47.5,48.5,53.0,17.66865,80.87403,GDBDCL_2026-03-01T03:00:00+0000_45.2825
GDBDCL,Godavari at Bhadrachalam,Godavari,2026-03-01 04:00:00+00:00,45.23951454643797,NORMAL,47.5,48.5,53.0,17.66865,80.87403,GDBDCL_2026-03-01T04:00:00+0000_45.2395
GDBDCL,Godavari at Bhadrachalam,Godavari,2026-03-01 05:00:00+00:00,,,47.5,48.5,53.0,17.66865,80.87403,GDBDCL_2026-03-01T05:00:00+0000_
GDBDCL,Godavari at Bhadrachalam,Godavari,2026-03-01 06:00:00+00:00,45.18299973946441,NORMAL,47.5,48.5,53.0,17.66865,80.87403,GDBDCL_2026-03-01T06:00:00+0000_45.1830
GDBDCL,Godavari at Bhadrachalam,Godavari,2026-03-01 07:00:00+00:00,45.11513543175517,NORMAL,47.5,48.5,53.0,17.66865,80.87403,GDBDCL_2026-03-01T07:00:00+0000_45.1151
GDBDCL,Godavari at Bhadrachalam,Godavari,2026-03-01 08:00:00+00:00,45.07831206550404,NORMAL,47.5,48.5,53.0,17.66865,80.87403,GDBDCL_2026-03-01T08:00:00+0000_45.0783
GDBDCL,Godavari at Bhadrachalam,Godavari,2026-03-01 09:00:00+00:00,45.076030753123135,NORMAL,47.5,48.5,53.0,17.66865,80.87403,GDBDCL_2026-03-01T09:00:00+0000_45.0760
GDBDCL,Godavari at Bhadrachalam,Godavari,2026-03-01 10:00:00+00:00,45.06302235134248,NORMAL,47.5,48.5,53.0,17.66865,80.87403,GDBDCL_2026-03-01T10:00:00+0000_45.0630
GDBDCL,Godavari at Bhadrachalam,Godavari,2026-03-01 11:00:00+00:00,45.05174575747963,NORMAL,47.5,48.5,53.0,17.66865,80.87403,GDBDCL_2026-03-01T11:00:00+0000_45.0517
GDBDCL,Godavari at Bhadrachalam,Godavari,2026-03-01 12:00:00+00:00,45.02956515077255,NORMAL,47.5,48.5,53.0,17.66865,80.87403,GDBDCL_2026-03-01T12:00:00+0000_45.0296
GDBDCL,Godavari at Bhadrachalam,Godavari,2026-03-01 13:00:00+00:00,45.02040200718992,NORMAL,47.5,48.5,53.0,17.66865,80.87403,GDBDCL_2026-03-01T13:00:00+0000_45.0204
GDBDCL,Godavari at Bhadrachalam,Godavari,2026-03-01 14:00:00+00:00,44.93437935525692,NORMAL,47.5,48.5,53.0,17.66865,80.87403,GDBDCL_2026-03-01T14:00:00+0000_44.9344
GDBDCL,Godavari at Bhadrachalam,Godavari,2026-03-01 15:00:00+00:00,44.94845319821297,NORMAL,47.5,48.5,53.0,17.66865,80.87403,GDBDCL_2026-03-01T15:00:00+0000_44.9485
GDBDCL,Godavari at Bhadrachalam,Godavari,2026-03-01 16:00:00+00:00,45.01066351526085,NORMAL,47.5,48.5,53.0,17.66865,80.87403,GDBDCL_2026-03-01T16:00:00+0000_45.0107
GDBDCL,Godavari at Bhadrachalam,Godavari,2026-03-01 17:00:00+00:00,45.07791377288551,NORMAL,47.5,48.5,53.0,17.66865,80.87403,GDBDCL_2026-03-01T17:00:00+0000_45.0779
GDBDCL,Godavari at Bhadrachalam,Godavari,2026-03-01 18:00:00+00:00,45.01807817580008,NORMAL,47.5,48.5,53.0,17.66865,80.87403,GDBDCL_2026-03-01T18:00:00+0000_45.0181
GDBDCL,Godavari at Bhadrachalam,Godavari,2026-03-01 19:00:00+00:00,45.14651120013937,NORMAL,47.5,48.5,53.0,17.66865,80.87403,GDBDCL_2026-03-01T19:00:00+0000_45.1465
GDBDCL,Godavari at Bhadrachalam,Godavari,2026-03-01 20:00:00+00:00,45.15181434781762,NORMAL,47.5,48.5,53.0,17.66865,80.87403,GDBDCL_2026-03-01T20:00:00+0000_45.1518
GDBDCL,Godavari at Bhadrachalam,Godavari,2026-03-01 21:00:00+00:00,45.16929863715389,NORMAL,47.5,48.5,53.0,17.66865,80.87403,GDBDCL_2026-03-01T21:00:00+0000_45.1693
GDBDCL,Godavari at Bhadrachalam,Godavari,2026-03-01 22:00:00+00:00,45.25162296852764,NORMAL,47.5,48.5,53.0,17.66865,80.87403,GDBDCL_2026-03-01T22:00:00+0000_45.2516
GDBDCL,Godavari at Bhadrachalam,Godavari,2026-03-01 23:00:00+00:00,45.25127226249933,NORMAL,47.5,48.5,53.0,17.66865,80.87403,GDBDCL_2026-03-01T23:00:00+0000_45.2513
GDBDCL,Godavari at Bhadrachalam,Godavari,2026-03-02 00:00:00+00:00,45.26863443141304,NORMAL,47.5,48.5,53.0,17.66865,80.87403,GDBDCL_2026-03-02T00:00:00+0000_45.2686
GDBDCL,Godavari at Bhadrachalam,Godavari,2026-03-02 01:00:00+00:00,45.29074445099591,NORMAL,47.5,48.5,53.0,17.66865,80.87403,GDBDCL_2026-03-02T01:00:00+0000_45.2907
GDBDCL,Godavari at Bhadrachalam,Godavari,2026-03-02 02:00:00+00:00,45.2353234386506,NORMAL,47.5,48.5,53.0,17.66865,80.87403,GDBDCL_2026-03-02T02:00:00+0000_45.2353
GDBDCL,Godavari at Bhadrachalam,Godavari,2026-03-02 03:00:00+00:00,45.28191480181229,NORMAL,47.5,48.5,53.0,17.66865,80.87403,GDBDCL_2026-03-02T03:00:00+0000_45.2819
GDBDCL,Godavari at Bhadrachalam,Godavari,2026-03-02 04:00:00+00:00,45.250629690422606,NORMAL,47.5,48.5,53.0,17.66865,80.87403,GDBDCL_2026-03-02T04:00:00+0000_45.2506
GDBDCL,Godavari at Bhadrachalam,Godavari,2026-03-02 05:00:00+00:00,45.23787265154672,NORMAL,47.5,48.5,53.0,17.66865,80.87403,GDBDCL_2026-03-02T05:00:00+0000_45.2379
GDBDCL,Godavari at Bhadrachalam,Godavari,2026-03-02 06:00:00+00:00,45.2203397634165,NORMAL,47.5,48.5,53.0,17.66865,80.87403,GDBDCL_2026-03-02T06:00:00+0000_45.2203
GDBDCL,Godavari at Bhadrachalam,Godavari,2026-03-02 07:00:00+00:00,45.1682523843191,NORMAL,47.5,48.5,53.0,17.66865,80.87403,GDBDCL_2026-03-02T07:00:00+0000_45.1683
GDBDCL,Godavari at Bhadrachalam,Godavari,2026-03-02 08:00:00+00:00,45.0806075503055,NORMAL,47.5,48.5,53.0,17.66865,80.87403,GDBDCL_2026-03-02T08:00:00+0000_45.0806
GDBDCL,Godavari at Bhadrachalam,Godavari,2026-03-02 09:00:00+00:00,45.10935551207212,NORMAL,47.5,48.5,53.0,17.66865,80.87403,GDBDCL_2026-03-02T09:00:00+0000_45.1094
GDBDCL,Godavari at Bhadrachalam,Godavari,2026-03-02 10:00:00+00:00,45.07440576978466,NORMAL,47.5,48.5,53.0,17.66865,80.87403,GDBDCL_2026-03-02T10:00:00+0000_45.0744
GDBDCL,Godavari at Bhadrachalam,Godavari,2026-03-02 11:00:00+00:00,44.9881413034249,NORMAL,47.5,48.5,53.0,17.66865,80.87403,GDBDCL_2026-03-02T11:00:00+0000_44.9881
GDBDCL,Godavari at Bhadrachalam,Godavari,2026-03-02 12:00:00+00:00,45.02868136859144,NORMAL,47.5,48.5,53.0,17.66865,80.87403,GDBDCL_2026-03-02T12:00:00+0000_45.0287
GDBDCL,Godavari at Bhadrachalam,Godavari,2026-03-02 13:00:00+00:00,44.94885858357782,NORMAL,47.5,48.5,53.0,17.66865,80.87403,GDBDCL_2026-03-02T13:00:00+0000_44.9489
GDBDCL,Godavari at Bhadrachalam,Godavari,2026-03-02 14:00:00+00:00,45.01218625785466,NORMAL,47.5,48.5,53.0,17.66865,80.87403,GDBDCL_2026-03-02T14:00:00+0000_45.0122
GDBDCL,Godavari at Bhadrachalam,Godavari,2026-03-02 15:00:00+00:00,44.99678616482588,NORMAL,47.5,48.5,53.0,17.66865,80.87403,GDBDCL_2026-03-02T15:00:00+0000_44.9968
GDBDCL,Godavari at Bhadrachalam,Godavari,2026-03-02 16:00:00+00:00,45.01260406367391,NORMAL,47.5,48.5,53.0,17.66865,80.87403,GDBDCL_2026-03-02T16:00:00+0000_45.0126
GDBDCL,Godavari at Bhadrachalam,Godavari,2026-03-02 17:00:00+00:00,45.07406349536408,NORMAL,47.5,48.5,53.0,17.66865,80.87403,GDBDCL_2026-03-02T17:00:00+0000_45.0741
GDBDCL,Godavari at Bhadrachalam,Godavari,2026-03-02 18:00:00+00:00,45.034210718666266,NORMAL,47.5,48.5,53.0,17.66865,80.87403,GDBDCL_2026-03-02T18:00:00+0000_45.0342
GDBDCL,Godavari at Bhadrachalam,Godavari,2026-03-02 19:00:00+00:00,45.11117255712728,NORMAL,47.5,48.5,53.0,17.66865,80.87403,GDBDCL_2026-03-02T19:00:00+0000_45.1112
GDBDCL,Godavari at Bhadrachalam,Godavari,2026-03-02 20:00:00+00:00,45.12302906791015,NORMAL,47.5,48.5,53.0,17.66865,80.87403,GDBDCL_2026-03-02T20:00:00+0000_45.1230
GDBDCL,Godavari at Bhadrachalam,Godavari,2026-03-02 21:00:00+00:00,45.228197087628175,NORMAL,47.5,48.5,53.0,17.66865,80.87403,GDBDCL_2026-03-02T21:00:00+0000_45.2282
GDBDCL,Godavari at Bhadrachalam,Godavari,2026-03-02 22:00:00+00:00,45.2132626876294,NORMAL,47.5,48.5,53.0,17.66865,80.87403,GDBDCL_2026-03-02T22:00:00+0000_45.2133
GDBDCL,Godavari at Bhadrachalam,Godavari,2026-03-02 23:00:00+00:00,45.218514589180735,NORMAL,47.5,48.5,53.0,17.66865,80.87403,GDBDCL_2026-03-02T23:00:00+0000_45.2185
GDBDCL,Godavari at Bhadrachalam,Godavari,2026-03-03 00:00:00+00:00,45.28484969161557,NORMAL,47.5,48.5,53.0,17.66865,80.87403,GDBDCL_2026-03-03T00:00:00+0000_45.2848
GDBDCL,Godavari at Bhadrachalam,Godavari,2026-03-03 01:00:00+00:00,45.297113347638174,NORMAL,47.5,48.5,53.0,17.66865,80.87403,GDBDCL_2026-03-03T01:00:00+0000_45.2971
GDBDCL,Godavari at Bhadrachalam,Godavari,2026-03-03 02:00:00+00:00,45.28166686811328,NORMAL,47.5,48.5,53.0,17.66865,80.87403,GDBDCL_2026-03-03T02:00:00+0000_45.2817
GDBDCL,Godavari at Bhadrachalam,Godavari,2026-03-03 03:00:00+00:00,45.27343867557277,NORMAL,47.5,48.5,53.0,17.66865,80.87403,GDBDCL_2026-03-03T03:00:00+0000_45.2734
GDBDCL,Godavari at Bhadrachalam,Godavari,2026-03-03 04:00:00+00:00,45.20360944024913,NORMAL,47.5,48.5,53.0,17.66865,80.87403,GDBDCL_2026-03-03T04:00:00+0000_45.2036
GDBDCL,Godavari at Bhadrachalam,Godavari,2026-03-03 05:00:00+00:00,45.234949039386606,NORMAL,47.5,48.5,53.0,17.66865,80.87403,GDBDCL_2026-03-03T05:00:00+0000_45.2349
GDBDCL,Godavari at Bhadrachalam,Godavari,2026-03-03 06:00:00+00:00,45.20615140889294,NORMAL,47.5,48.5,53.0,17.66865,80.87403,GDBDCL_2026-03-03T06:00:00+0000_45.2062
GDBDCL,Godavari at Bhadrachalam,Godavari,2026-03-03 07:00:00+00:00,45.150428109972005,NORMAL,47.5,48.5,53.0,17.66865,80.87403,GDBDCL_2026-03-03T07:00:00+0000_45.1504
GDBDCL,Godavari at Bhadrachalam,Godavari,2026-03-03 08:00:00+00:00,45.13117247554757,NORMAL,47.5,48.5,53.0,17.66865,80.87403,GDBDCL_2026-03-03T08:00:00+0000_45.1312
GDBDCL,Godavari at Bhadrachalam,Godavari,2026-03-03 09:00:00+00:00,45.12838191969578,NORMAL,47.5,48.5,53.0,17.66865,80.87403,GDBDCL_2026-03-03T09:00:00+0000_45.1284
GDBDCL,Godavari at Bhadrachalam,Godavari,2026-03-03 10:00:00+00:00,45.05270076842189,NORMAL,47.5,48.5,53.0,17.66865,80.87403,GDBDCL_2026-03-03T10:00:00+0000_45.0527
GDBDCL,Godavari at Bhadrachalam,Godavari,2026-03-03 11:00:00+00:00,45.069221023596015,NORMAL,47.5,48.5,53.0,17.66865,80.87403,GDBDCL_2026-03-03T11:00:00+0000_45.0692
GDBDCL,Godavari at Bhadrachalam,Godavari,2026-03-03 12:00:00+00:00,44.99715610742295,NORMAL,47.5,48.5,53.0,17.66865,80.87403,GDBDCL_2026-03-03T12:00:00+0000_44.9972
GDBDCL,Godavari at Bhadrachalam,Godavari,2026-03-03 13:00:00+00:00,45.00235565342628,NORMAL,47.5,48.5,53.0,17.66865,80.87403,GDBDCL_2026-03-03T13:00:00+0000_45.0024
GDBDCL,Godavari at Bhadrachalam,Godavari,2026-03-03 14:00:00+00:00,45.02043641289845,NORMAL,47.5,48.5,53.0,17.66865,80.87403,GDBDCL_2026-03-03T14:00:00+0000_45.0204
GDBDCL,Godavari at Bhadrachalam,Godavari,2026-03-03 15:00:00+00:00,45.0285574193617,NORMAL,47.5,48.5,53.0,17.66865,80.87403,GDBDCL_2026-03-03T15:00:00+0000_45.0286
GDBDCL,Godavari at Bhadrachalam,Godavari,2026-03-03 16:00:00+00:00,45.01255446633422,NORMAL,47.5,48.5,53.0,17.66865,80.87403,GDBDCL_2026-03-03T16:00:00+0000_45.0126
GDBDCL,Godavari at Bhadrachalam,Godavari,2026-03-03 17:00:00+00:00,45.00588661753208,NORMAL,47.5,48.5,53.0,17.66865,80.87403,GDBDCL_2026-03-03T17:00:00+0000_45.0059
GDBDCL,Godavari at Bhadrachalam,Godavari,2026-03-03 18:00:00+00:00,45.06129535525066,NORMAL,47.5,48.5,53.0,17.66865,80.87403,GDBDCL_2026-03-03T18:00:00+0000_45.0613
GDBDCL,Godavari at Bhadrachalam,Godavari,2026-03-03 19:00:00+00:00,45.10329383396029,NORMAL,47.5,48.5,53.0,17.66865,80.87403,GDBDCL_2026-03-03T19:00:00+0000_45.1033
GDBDCL,Godavari at Bhadrachalam,Godavari,2026-03-03 20:00:00+00:00,45.11669580067474,NORMAL,47.5,48.5,53.0,17.66865,80.87403,GDBDCL_2026-03-03T20:00:00+0000_45.1167
GDBDCL,Godavari at Bhadrachalam,Godavari,2026-03-03 21:00:00+00:00,45.21410988775098,NORMAL,47.5,48.5,53.0,17.66865,80.87403,GDBDCL_2026-03-03T21:00:00+0000_45.2141
GDBDCL,Godavari at Bhadrachalam,Godavari,2026-03-03 22:00:00+00:00,45.25251546224583,NORMAL,47.5,48.5,53.0,17.66865,80.87403,GDBDCL_2026-03-03T22:00:00+0000_45.2525
GDBDCL,Godavari at Bhadrachalam,Godavari,2026-03-03 23:00:00+00:00,45.20009486618013,NORMAL,47.5,48.5,53.0,17.66865,80.87403,GDBDCL_2026-03-03T23:00:00+0000_45.2001
GDBDCL,Godavari at Bhadrachalam,Godavari,2026-03-04 00:00:00+00:00,45.2554957524945,NORMAL,47.5,48.5,53.0,17.66865,80.87403,GDBDCL_2026-03-04T00:00:00+0000_45.2555
GDBDCL,Godavari at Bhadrachalam,Godavari,2026-03-04 01:00:00+00:00,45.3280980374724,NORMAL,47.5,48.5,53.0,17.66865,80.87403,GDBDCL_2026-03-04T01:00:00+0000_45.3281
GDBDCL,Godavari at Bhadrachalam,Godavari,2026-03-04 02:00:00+00:00,45.31870927435043,NORMAL,47.5,48.5,53.0,17.66865,80.87403,GDBDCL_2026-03-04T02:00:00+0000_45.3187
GDBDCL,Godavari at Bhadrachalam,Godavari,2026-03-04 03:00:00+00:00,45.27467907237277,NORMAL,47.5,48.5,53.0,17.66865,80.87403,GDBDCL_2026-03-04T03:00:00+0000_45.2747
GDBDCL,Godavari at Bhadrachalam,Godavari,2026-03-04 04:00:00+00:00,,,47.5,48.5,53.0,17.66865,80.87403,GDBDCL_2026-03-04T04:00:00+0000_
GDBDCL,Godavari at Bhadrachalam,Godavari,2026-03-04 05:00:00+00:00,45.26438406708601,NORMAL,47.5,48.5,53.0,17.66865,80.87403,GDBDCL_2026-03-04T05:00:00+0000_45.2644
GDBDCL,Godavari at Bhadrachalam,Godavari,2026-03-04 06:00:00+00:00,45.16357885873843,NORMAL,47.5,48.5,53.0,17.66865,80.87403,GDBDCL_2026-03-04T06:00:00+0000_45.1636
GDBDCL,Godavari at Bhadrachalam,Godavari,2026-03-04 07:00:00+00:00,45.19293751680499,NORMAL,47.5,48.5,53.0,17.66865,80.87403,GDBDCL_2026-03-04T07:00:00+0000_45.1929
GDBDCL,Godavari at Bhadrachalam,Godavari,2026-03-04 08:00:00+00:00,45.11217380063326,NORMAL,47.5,48.5,53.0,17.66865,80.87403,GDBDCL_2026-03-04T08:00:00+0000_45.1122
GDBDCL,Godavari at Bhadrachalam,Godavari,2026-03-04 09:00:00+00:00,45.13233697479483,NORMAL,47.5,48.5,53.0,17.66865,80.87403,GDBDCL_2026-03-04T09:00:00+0000_45.1323
GDBDCL,Godavari at Bhadrachalam,Godavari,2026-03-04 10:00:00+00:00,45.09033339026154,NORMAL,47.5,48.5,53.0,17.66865,80.87403,GDBDCL_2026-03-04T10:00:00+0000_45.0903
GDBDCL,Godavari at Bhadrachalam,Godavari,2026-03-04 11:00:00+00:00,45.07594658027022,NORMAL,47.5,48.5,53.0,17.66865,80.87403,GDBDCL_2026-03-04T11:00:00+0000_45.0759
GDBDCL,Godavari at Bhadrachalam,Godavari,2026-03-04 12:00:00+00:00,44.98812198427427,NORMAL,47.5,48.5,53.0,17.66865,80.87403,GDBDCL_2026-03-04T12:00:00+0000_44.9881
GDBDCL,Godavari at Bhadrachalam,Godavari,2026-03-04 13:00:00+00:00,44.97924013450967,NORMAL,47.5,48.5,53.0,17.66865,80.87403,GDBDCL_2026-03-04T13:00:00+0000_44.9792
GDBDCL,Godavari at Bhadrachalam,Godavari,2026-03-04 14:00:00+00:00,44.987659519518985,NORMAL,47.5,48.5,53.0,17.66865,80.87403,GDBDCL_2026-03-04T14:00:00+0000_44.9877
GDBDCL,Godavari at Bhadrachalam,Godavari,2026-03-04 15:00:00+00:00,45.02672970661351,NORMAL,47.5,48.5,53.0,17.66865,80.87403,GDBDCL_2026-03-04T15:00:00+0000_45.0267
GDBDCL,Godavari at Bhadrachalam,Godavari,2026-03-04 16:00:00+00:00,45.06722393509426,NORMAL,47.5,48.5,53.0,17.66865,80.87403,GDBDCL_2026-03-04T16:00:00+0000_45.0672
GDBDCL,Godavari at Bhadrachalam,Godavari,2026-03-04 17:00:00+00:00,45.04217593373755,NORMAL,47.5,48.5,53.0,17.66865,80.87403,GDBDCL_2026-03-04T17:00:00+0000_45.0422
GDBDCL,Godavari at Bhadrachalam,Godavari,2026-03-04 18:00:00+00:00,45.06477515015834,NORMAL,47.5,48.5,53.0,17.66865,80.87403,GDBDCL_2026-03-04T18:00:00+0000_45.0648
GDBDCL,Godavari at Bhadrachalam,Godavari,2026-03-04 19:00:00+00:00,45.07662622215914,NORMAL,47.5,48.5,53.0,17.66865,80.87403,GDBDCL_2026-03-04T19:00:00+0000_45.0766
GDBDCL,Godavari at Bhadrachalam,Godavari,2026-03-04 20:00:00+00:00,45.14645408988993,NORMAL,47.5,48.5,53.0,17.66865,80.87403,GDBDCL_2026-03-04T20:00:00+0000_45.1465
GDBDCL,Godavari at Bhadrachalam,Godavari,2026-03-04 21:00:00+00:00,45.152556815831765,NORMAL,47.5,48.5,53.0,17.66865,80.87403,GDBDCL_2026-03-04T21:00:00+0000_45.1526
GDBDCL,Godavari at Bhadrachalam,Godavari,2026-03-04 22:00:00+00:00,45.21525390883309,NORMAL,47.5,48.5,53.0,17.66865,80.87403,GDBDCL_2026-03-04T22:00:00+0000_45.2153
GDBDCL,Godavari at Bhadrachalam,Godavari,2026-03-04 23:00:00+00:00,45.2430077370578,NORMAL,47.5,48.5,53.0,17.66865,80.87403,GDBDCL_2026-03-04T23:00:00+0000_45.2430
GDBDCL,Godavari at Bhadrachalam,Godavari,2026-03-05 00:00:00+00:00,45.25133503720235,NORMAL,47.5,48.5,53.0,17.66865,80.87403,GDBDCL_2026-03-05T00:00:00+0000_45.2513
GDBDCL,Godavari at Bhadrachalam,Godavari,2026-03-05 01:00:00+00:00,45.238466656041794,NORMAL,47.5,48.5,53.0,17.66865,80.87403,GDBDCL_2026-03-05T01:00:00+0000_45.2385
GDBDCL,Godavari at Bhadrachalam,Godavari,2026-03-05 02:00:00+00:00,45.29372415742413,NORMAL,47.5,48.5,53.0,17.66865,80.87403,GDBDCL_2026-03-05T02:00:00+0000_45.2937
GDBDCL,Godavari at Bhadrachalam,Godavari,2026-03-05 03:00:00+00:00,45.32275280388512,NORMAL,47.5,48.5,53.0,17.66865,80.87403,GDBDCL_2026-03-05T03:00:00+0000_45.3228
GDBDCL,Godavari at Bhadrachalam,Godavari,2026-03-05 04:00:00+00:00,45.300611464136665,NORMAL,47.5,48.5,53.0,17.66865,80.87403,GDBDCL_2026-03-05T04:00:00+0000_45.3006
GDBDCL,Godavari at Bhadrachalam,Godavari,2026-03-05 05:00:00+00:00,45.1899396998595,NORMAL,47.5,48.5,53.0,17.66865,80.87403,GDBDCL_2026-03-05T05:00:00+0000_45.1899
GDBDCL,Godavari at Bhadrachalam,Godavari,2026-03-05 06:00:00+00:00,45.21375252044119,NORMAL,47.5,48.5,53.0,17.66865,80.87403,GDBDCL_2026-03-05T06:00:00+0000_45.2138
GDBDCL,Godavari at Bhadrachalam,Godavari,2026-03-05 07:00:00+00:00,45.13370196802093,NORMAL,47.5,48.5,53.0,17.66865,80.87403,GDBDCL_2026-03-05T07:00:00+0000_45.1337
GDBDCL,Godavari at Bhadrachalam,Godavari,2026-03-05 08:00:00+00:00,45.13321351059734,NORMAL,47.5,48.5,53.0,17.66865,80.87403,GDBDCL_2026-03-05T08:00:00+0000_45.1332
GDBDCL,Godavari at Bhadrachalam,Godavari,2026-03-05 09:00:00+00:00,45.13424149137852,NORMAL,47.5,48.5,53.0,17.66865,80.87403,GDBDCL_2026-03-05T09:00:00+0000_45.1342
GDBDCL,Godavari at Bhadrachalam,Godavari,2026-03-05 10:00:00+00:00,45.06650752631674,NORMAL,47.5,48.5,53.0,17.66865,80.87403,GDBDCL_2026-03-05T10:00:00+0000_45.0665
GDBDCL,Godavari at Bhadrachalam,Godavari,2026-03-05 11:00:00+00:00,45.02015319503566,NORMAL,47.5,48.5,53.0,17.66865,80.87403,GDBDCL_2026-03-05T11:00:00+0000_45.0202
GDBDCL,Godavari at Bhadrachalam,Godavari,2026-03-05 12:00:00+00:00,45.0584749334372,NORMAL,47.5,48.5,53.0,17.66865,80.87403,GDBDCL_2026-03-05T12:00:00+0000_45.0585
GDBDCL,Godavari at Bhadrachalam,Godavari,2026-03-05 13:00:00+00:00,45.04254379594228,NORMAL,47.5,48.5,53.0,17.66865,80.87403,GDBDCL_2026-03-05T13:00:00+0000_45.0425
GDBDCL,Godavari at Bhadrachalam,Godavari,2026-03-05 14:00:00+00:00,45.04723980400795,NORMAL,47.5,48.5,53.0,17.66865,80.87403,GDBDCL_2026-03-05T14:00:00+0000_45.0472
GDBDCL,Godavari at Bhadrachalam,Godavari,2026-03-05 15:00:00+00:00,47.108467931421615,NORMAL,47.5,48.5,53.0,17.66865,80.87403,GDBDCL_2026-03-05T15:00:00+0000_47.1085
GDBDCL,Godavari at Bhadrachalam,Godavari,2026-03-05 16:00:00+00:00,46.9110941515728,NORMAL,47.5,48.5,53.0,17.66865,80.87403,GDBDCL_2026-03-05T16:00:00+0000_46.9111
GDBDCL,Godavari at Bhadrachalam,Godavari,2026-03-05 17:00:00+00:00,46.73930606058352,NORMAL,47.5,48.5,53.0,17.66865,80.87403,GDBDCL_2026-03-05T17:00:00+0000_46.7393
GDBDCL,Godavari at Bhadrachalam,Godavari,2026-03-05 18:00:00+00:00,46.56382240682738,NORMAL,47.5,48.5,53.0,17.66865,80.87403,GDBDCL_2026-03-05T18:00:00+0000_46.5638
GDBDCL,Godavari at Bhadrachalam,Godavari,2026-03-05 19:00:00+00:00,46.531383236471605,NORMAL,47.5,48.5,53.0,17.66865,80.87403,GDBDCL_2026-03-05T19:00:00+0000_46.5314
GDBDCL,Godavari at Bhadrachalam,Godavari,2026-03-05 20:00:00+00:00,46.40829874669894,NORMAL,47.5,48.5,53.0,17.66865,80.87403,GDBDCL_2026-03-05T20:00:00+0000_46.4083
GDBDCL,Godavari at Bhadrachalam,Godavari,2026-03-05 21:00:00+00:00,46.31157484566487,NORMAL,47.5,48.5,53.0,17.66865,80.87403,GDBDCL_2026-03-05T21:00:00+0000_46.3116
GDBDCL,Godavari at Bhadrachalam,Godavari,2026-03-05 22:00:00+00:00,45.262090384767205,NORMAL,47.5,48.5,53.0,17.66865,80.87403,GDBDCL_2026-03-05T22:00:00+0000_45.2621
GDBDCL,Godavari at Bhadrachalam,Godavari,2026-03-05 23:00:00+00:00,45.29119006669488,NORMAL,47.5,48.5,53.0,17.66865,80.87403,GDBDCL_2026-03-05T23:00:00+0000_45.2912
GDBDCL,Godavari at Bhadrachalam,Godavari,2026-03-06 00:00:00+00:00,45.25293560041317,NORMAL,47.5,48.5,53.0,17.66865,80.87403,GDBDCL_2026-03-06T00:00:00+0000_45.2529
GDBDCL,Godavari at Bhadrachalam,Godavari,2026-03-06 01:00:00+00:00,45.27059800665279,NORMAL,47.5,48.5,53.0,17.66865,80.87403,GDBDCL_2026-03-06T01:00:00+0000_45.2706
GDBDCL,Godavari at Bhadrachalam,Godavari,2026-03-06 02:00:00+00:00,45.290879020290056,NORMAL,47.5,48.5,53.0,17.66865,80.87403,GDBDCL_2026-03-06T02:00:00+0000_45.2909
GDBDCL,Godavari at Bhadrachalam,Godavari,2026-03-06 03:00:00+00:00,45.265149421445216,NORMAL,47.5,48.5,53.0,17.66865,80.87403,GDBDCL_2026-03-06T03:00:00+0000_45.2651
GDBDCL,Godavari at Bhadrachalam,Godavari,2026-03-06 04:00:00+00:00,45.31517175565524,NORMAL,47.5,48.5,53.0,17.66865,80.87403,GDBDCL_2026-03-06T04:00:00+0000_45.3152
GDBDCL,Godavari at Bhadrachalam,Godavari,2026-03-06 05:00:00+00:00,45.28656132962725,NORMAL,47.5,48.5,53.0,17.66865,80.87403,GDBDCL_2026-03-06T05:00:00+0000_45.2866
GDBDCL,Godavari at Bhadrachalam,Godavari,2026-03-06 06:00:00+00:00,45.23221845918293,NORMAL,47.5,48.5,53.0,17.66865,80.87403,GDBDCL_2026-03-06T06:00:00+0000_45.2322
GDBDCL,Godavari at Bhadrachalam,Godavari,2026-03-06 07:00:00+00:00,45.16160556348006,NORMAL,47.5,48.5,53.0,17.66865,80.87403,GDBDCL_2026-03-06T07:00:00+0000_45.1616
GDBDCL,Godavari at Bhadrachalam,Godavari,2026-03-06 08:00:00+00:00,45.09673726935989,NORMAL,47.5,48.5,53.0,17.66865,80.87403,GDBDCL_2026-03-06T08:00:00+0000_45.0967
GDBDCL,Godavari at Bhadrachalam,Godavari,2026-03-06 09:00:00+00:00,45.06019662100344,NORMAL,47.5,48.5,53.0,17.66865,80.87403,GDBDCL_2026-03-06T09:00:00+0000_45.0602
GDBDCL,Godavari at Bhadrachalam,Godavari,2026-03-06 10:00:00+00:00,45.08501982950715,NORMAL,47.5,48.5,53.0,17.66865,80.87403,GDBDCL_2026-03-06T10:00:00+0000_45.0850
GDBDCL,Godavari at Bhadrachalam,Godavari,2026-03-06 11:00:00+00:00,45.050391355068975,NORMAL,47.5,48.5,53.0,17.66865,80.87403,GDBDCL_2026-03-06T11:00:00+0000_45.0504
GDBDCL,Godavari at Bhadrachalam,Godavari,2026-03-06 12:00:00+00:00,44.99497075264095,NORMAL,47.5,48.5,53.0,17.66865,80.87403,GDBDCL_2026-03-06T12:00:00+0000_44.9950
GDBDCL,Godavari at Bhadrachalam,Godavari,2026-03-06 13:00:00+00:00,45.034157682160206,NORMAL,47.5,48.5,53.0,17.66865,80.87403,GDBDCL_2026-03-06T13:00:00+0000_45.0342
GDBDCL,Godavari at Bhadrachalam,Godavari,2026-03-06 14:00:00+00:00,,,47.5,48.5,53.0,17.66865,80.87403,GDBDCL_2026-03-06T14:00:00+0000_
GDBDCL,Godavari at Bhadrachalam,Godavari,2026-03-06 15:00:00+00:00,44.98234746842077,NORMAL,47.5,48.5,53.0,17.66865,80.87403,GDBDCL_2026-03-06T15:00:00+0000_44.9823
GDBDCL,Godavari at Bhadrachalam,Godavari,2026-03-06 16:00:00+00:00,45.07281040305927,NORMAL,47.5,48.5,53.0,17.66865,80.87403,GDBDCL_2026-03-06T16:00:00+0000_45.0728
GDBDCL,Godavari at Bhadrachalam,Godavari,2026-03-06 17:00:00+00:00,45.01936171482495,NORMAL,47.5,48.5,53.0,17.66865,80.87403,GDBDCL_2026-03-06T17:00:00+0000_45.0194
GDBDCL,Godavari at Bhadrachalam,Godavari,2026-03-06 18:00:00+00:00,47.70310616292131,WARNING,47.5,48.5,53.0,17.66865,80.87403,GDBDCL_2026-03-06T18:00:00+0000_47.7031
GDBDCL,Godavari at Bhadrachalam,Godavari,2026-03-06 19:00:00+00:00,47.51159335339217,WARNING,47.5,48.5,53.0,17.66865,80.87403,GDBDCL_2026-03-06T19:00:00+0000_47.5116
GDBDCL,Godavari at Bhadrachalam,Godavari,2026-03-06 20:00:00+00:00,45.18766994935082,NORMAL,47.5,48.5,53.0,17.66865,80.87403,GDBDCL_2026-03-06T20:00:00+0000_45.1877
GDBDCL,Godavari at Bhadrachalam,Godavari,2026-03-06 21:00:00+00:00,45.231190173772255,NORMAL,47.5,48.5,53.0,17.66865,80.87403,GDBDCL_2026-03-06T21:00:00+0000_45.2312
GDBDCL,Godavari at Bhadrachalam,Godavari,2026-03-06 22:00:00+00:00,45.23960275703564,NORMAL,47.5,48.5,53.0,17.66865,80.87403,GDBDCL_2026-03-06T22:00:00+0000_45.2396
GDBDCL,Godavari at Bhadrachalam,Godavari,2026-03-06 23:00:00+00:00,45.26876895468385,NORMAL,47.5,48.5,53.0,17.66865,80.87403,GDBDCL_2026-03-06T23:00:00+0000_45.2688
GDBDCL,Godavari at Bhadrachalam,Godavari,2026-03-07 00:00:00+00:00,45.29257828222799,NORMAL,47.5,48.5,53.0,17.66865,80.87403,GDBDCL_2026-03-07T00:00:00+0000_45.2926
GDBDCL,Godavari at Bhadrachalam,Godavari,2026-03-07 01:00:00+00:00,45.3352951068758,NORMAL,47.5,48.5,53.0,17.66865,80.87403,GDBDCL_2026-03-07T01:00:00+0000_45.3353
GDBDCL,Godavari at Bhadrachalam,Godavari,2026-03-07 02:00:00+00:00,45.25633523911236,NORMAL,47.5,48.5,53.0,17.66865,80.87403,GDBDCL_2026-03-07T02:00:00+0000_45.2563
GDBDCL,Godavari at Bhadrachalam,Godavari,2026-03-07 03:00:00+00:00,45.25241350343646,NORMAL,47.5,48.5,53.0,17.66865,80.87403,GDBDCL_2026-03-07T03:00:00+0000_45.2524
GDBDCL,Godavari at Bhadrachalam,Godavari,2026-03-07 04:00:00+00:00,45.29362561790495,NORMAL,47.5,48.5,53.0,17.66865,80.87403,GDBDCL_2026-03-07T04:00:00+0000_45.2936
GDBDCL,Godavari at Bhadrachalam,Godavari,2026-03-07 05:00:00+00:00,45.25699683667532,NORMAL,47.5,48.5,53.0,17.66865,80.87403,GDBDCL_2026-03-07T05:00:00+0000_45.2570
GDBDCL,Godavari at Bhadrachalam,Godavari,2026-03-07 06:00:00+00:00,45.184983872485546,NORMAL,47.5,48.5,53.0,17.66865,80.87403,GDBDCL_2026-03-07T06:00:00+0000_45.1850
GDBDCL,Godavari at Bhadrachalam,Godavari,2026-03-07 07:00:00+00:00,45.19841585702636,NORMAL,47.5,48.5,53.0,17.66865,80.87403,GDBDCL_2026-03-07T07:00:00+0000_45.1984
GDBDCL,Godavari at Bhadrachalam,Godavari,2026-03-07 08:00:00+00:00,45.18067229414879,NORMAL,47.5,48.5,53.0,17.66865,80.87403,GDBDCL_2026-03-07T08:00:00+0000_45.1807
GDBDCL,Godavari at Bhadrachalam,Godavari,2026-03-07 09:00:00+00:00,,,47.5,48.5,53.0,17.66865,80.87403,GDBDCL_2026-03-07T09:00:00+0000_
GDBDCL,Godavari at Bhadrachalam,Godavari,2026-03-07 10:00:00+00:00,46.36627862122239,NORMAL,47.5,48.5,53.0,17.66865,80.87403,GDBDCL_2026-03-07T10:00:00+0000_46.3663
GDBDCL,Godavari at Bhadrachalam,Godavari,2026-03-07 11:00:00+00:00,46.26815010772337,NORMAL,47.5,48.5,53.0,17.66865,80.87403,GDBDCL_2026-03-07T11:00:00+0000_46.2682
GDBDCL,Godavari at Bhadrachalam,Godavari,2026-03-07 12:00:00+00:00,46.08419544533743,NORMAL,47.5,48.5,53.0,17.66865,80.87403,GDBDCL_2026-03-07T12:00:00+0000_46.0842
GDBDCL,Godavari at Bhadrachalam,Godavari,2026-03-07 13:00:00+00:00,45.99503146984382,NORMAL,47.5,48.5,53.0,17.66865,80.87403,GDBDCL_2026-03-07T13:00:00+0000_45.9950
GDBDCL,Godavari at Bhadrachalam,Godavari,2026-03-07 14:00:00+00:00,45.85121825909933,NORMAL,47.5,48.5,53.0,17.66865,80.87403,GDBDCL_2026-03-07T14:00:00+0000_45.8512
GDBDCL,Godavari at Bhadrachalam,Godavari,2026-03-07 15:00:00+00:00,45.80143805856661,NORMAL,47.5,48.5,53.0,17.66865,80.87403,GDBDCL_2026-03-07T15:00:00+0000_45.8014
GDBDCL,Godavari at Bhadrachalam,Godavari,2026-03-07 16:00:00+00:00,45.04197182385386,NORMAL,47.5,48.5,53.0,17.66865,80.87403,GDBDCL_2026-03-07T16:00:00+0000_45.0420
GDBDCL,Godavari at Bhadrachalam,Godavari,2026-03-07 17:00:00+00:00,45.04539407685496,NORMAL,47.5,48.5,53.0,17.66865,80.87403,GDBDCL_2026-03-07T17:00:00+0000_45.0454
GDBDCL,Godavari at Bhadrachalam,Godavari,2026-03-07 18:00:00+00:00,45.14628673892266,NORMAL,47.5,48.5,53.0,17.66865,80.87403,GDBDCL_2026-03-07T18:00:00+0000_45.1463
GDBDCL,Godavari at Bhadrachalam,Godavari,2026-03-07 19:00:00+00:00,45.11534395332121,NORMAL,47.5,48.5,53.0,17.66865,80.87403,GDBDCL_2026-03-07T19:00:00+0000_45.1153
GDBDCL,Godavari at Bhadrachalam,Godavari,2026-03-07 20:00:00+00:00,45.13760196519552,NORMAL,47.5,48.5,53.0,17.66865,80.87403,GDBDCL_2026-03-07T20:00:00+0000_45.1376
GDBDCL,Godavari at Bhadrachalam,Godavari,2026-03-07 21:00:00+00:00,45.20755671933041,NORMAL,47.5,48.5,53.0,17.66865,80.87403,GDBDCL_2026-03-07T21:00:00+0000_45.2076
GDBDCL,Godavari at Bhadrachalam,Godavari,2026-03-07 22:00:00+00:00,45.21368998558907,NORMAL,47.5,48.5,53.0,17.66865,80.87403,GDBDCL_2026-03-07T22:00:00+0000_45.2137
GDBDCL,Godavari at Bhadrachalam,Godavari,2026-03-07 23:00:00+00:00,45.27979356474442,NORMAL,47.5,48.5,53.0,17.66865,80.87403,GDBDCL_2026-03-07T23:00:00+0000_45.2798
GDBDCL,Godavari at Bhadrachalam,Godavari,2026-03-08 00:00:00+00:00,45.2710597913712,NORMAL,47.5,48.5,53.0,17.66865,80.87403,GDBDCL_2026-03-08T00:00:00+0000_45.2711
GDBDCL,Godavari at Bhadrachalam,Godavari,2026-03-08 01:00:00+00:00,45.27303099328241,NORMAL,47.5,48.5,53.0,17.66865,80.87403,GDBDCL_2026-03-08T01:00:00+0000_45.2730
GDBDCL,Godavari at Bhadrachalam,Godavari,2026-03-08 02:00:00+00:00,45.3116824894169,NORMAL,47.5,48.5,53.0,17.66865,80.87403,GDBDCL_2026-03-08T02:00:00+0000_45.3117
GDBDCL,Godavari at Bhadrachalam,Godavari,2026-03-08 03:00:00+00:00,45.33015642239118,NORMAL,47.5,48.5,53.0,17.66865,80.87403,GDBDCL_2026-03-08T03:00:00+0000_45.3302
GDBDCL,Godavari at Bhadrachalam,Godavari,2026-03-08 04:00:00+00:00,45.305604293587066,NORMAL,47.5,48.5,53.0,17.66865,80.87403,GDBDCL_2026-03-08T04:00:00+0000_45.3056
GDBDCL,Godavari at Bhadrachalam,Godavari,2026-03-08 05:00:00+00:00,45.26427113123,NORMAL,47.5,48.5,53.0,17.66865,80.87403,GDBDCL_2026-03-08T05:00:00+0000_45.2643
GDBDCL,Godavari at Bhadrachalam,Godavari,2026-03-08 06:00:00+00:00,45.27002724711676,NORMAL,47.5,48.5,53.0,17.66865,80.87403,GDBDCL_2026-03-08T06:00:00+0000_45.2700
GDBDCL,Godavari at Bhadrachalam,Godavari,2026-03-08 07:00:00+00:00,45.2235502251971,NORMAL,47.5,48.5,53.0,17.66865,80.87403,GDBDCL_2026-03-08T07:00:00+0000_45.2236
GDBDCL,Godavari at Bhadrachalam,Godavari,2026-03-08 08:00:00+00:00,45.13993710745186,NORMAL,47.5,48.5,53.0,17.66865,80.87403,GDBDCL_2026-03-08T08:00:00+0000_45.1399
GDBDCL,Godavari at Bhadrachalam,Godavari,2026-03-08 09:00:00+00:00,45.10582078013308,NORMAL,47.5,48.5,53.0,17.66865,80.87403,GDBDCL_2026-03-08T09:00:00+0000_45.1058
GDBDCL,Godavari at Bhadrachalam,Godavari,2026-03-08 10:00:00+00:00,45.042752668508335,NORMAL,47.5,48.5,53.0,17.66865,80.87403,GDBDCL_2026-03-08T10:00:00+0000_45.0428
GDBDCL,Godavari at Bhadrachalam,Godavari,2026-03-08 11:00:00+00:00,45.08376777252058,NORMAL,47.5,48.5,53.0,17.66865,80.87403,GDBDCL_2026-03-08T11:00:00+0000_45.0838
GDBDCL,Godavari at Bhadrachalam,Godavari,2026-03-08 12:00:00+00:00,45.0839622505824,NORMAL,47.5,48.5,53.0,17.66865,80.87403,GDBDCL_2026-03-08T12:00:00+0000_45.0840
GDBDCL,Godavari at Bhadrachalam,Godavari,2026-03-08 13:00:00+00:00,45.01607466125698,NORMAL,47.5,48.5,53.0,17.66865,80.87403,GDBDCL_2026-03-08T13:00:00+0000_45.0161
GDBDCL,Godavari at Bhadrachalam,Godavari,2026-03-08 14:00:00+00:00,45.02313050449308,NORMAL,47.5,48.5,53.0,17.66865,80.87403,GDBDCL_2026-03-08T14:00:00+0000_45.0231
GDBDCL,Godavari at Bhadrachalam,Godavari,2026-03-08 15:00:00+00:00,44.99772794519459,NORMAL,47.5,48.5,53.0,17.66865,80.87403,GDBDCL_2026-03-08T15:00:00+0000_44.9977
GDBDCL,Godavari at Bhadrachalam,Godavari,2026-03-08 16:00:00+00:00,45.01784194274929,NORMAL,47.5,48.5,53.0,17.66865,80.87403,GDBDCL_2026-03-08T16:00:00+0000_45.0178
GDBDCL,Godavari at Bhadrachalam,Godavari,2026-03-08 17:00:00+00:00,45.113093036960905,NORMAL,47.5,48.5,53.0,17.66865,80.87403,GDBDCL_2026-03-08T17:00:00+0000_45.1131
GDBDCL,Godavari at Bhadrachalam,Godavari,2026-03-08 18:00:00+00:00,45.13268227321185,NORMAL,47.5,48.5,53.0,17.66865,80.87403,GDBDCL_2026-03-08T18:00:00+0000_45.1327
GDBDCL,Godavari at Bhadrachalam,Godavari,2026-03-08 19:00:00+00:00,45.121681686365854,NORMAL,47.5,48.5,53.0,17.66865,80.87403,GDBDCL_2026-03-08T19:00:00+0000_45.1217
GDBDCL,Godavari at Bhadrachalam,Godavari,2026-03-08 20:00:00+00:00,45.23129629041696,NORMAL,47.5,48.5,53.0,17.66865,80.87403,GDBDCL_2026-03-08T20:00:00+0000_45.2313
GDBDCL,Godavari at Bhadrachalam,Godavari,2026-03-08 21:00:00+00:00,45.26573810432144,NORMAL,47.5,48.5,53.0,17.66865,80.87403,GDBDCL_2026-03-08T21:00:00+0000_45.2657
GDBDCL,Godavari at Bhadrachalam,Godavari,2026-03-08 22:00:00+00:00,,,47.5,48.5,53.0,17.66865,80.87403,GDBDCL_2026-03-08T22:00:00+0000_
GDBDCL,Godavari at Bhadrachalam,Godavari,2026-03-08 23:00:00+00:00,45.249424118742745,NORMAL,47.5,48.5,53.0,17.66865,80.87403,GDBDCL_2026-03-08T23:00:00+0000_45.2494
GDBDCL,Godavari at Bhadrachalam,Godavari,2026-03-09 00:00:00+00:00,45.28715128955869,NORMAL,47.5,48.5,53.0,17.66865,80.87403,GDBDCL_2026-03-09T00:00:00+0000_45.2872
GDBDCL,Godavari at Bhadrachalam,Godavari,2026-03-09 01:00:00+00:00,45.287497705912905,NORMAL,47.5,48.5,53.0,17.66865,80.87403,GDBDCL_2026-03-09T01:00:00+0000_45.2875
GDBDCL,Godavari at Bhadrachalam,Godavari,2026-03-09 02:00:00+00:00,45.32931950417325,NORMAL,47.5,48.5,53.0,17.66865,80.87403,GDBDCL_2026-03-09T02:00:00+0000_45.3293
GDBDCL,Godavari at Bhadrachalam,Godavari,2026-03-09 03:00:00+00:00,45.328333912726194,NORMAL,47.5,48.5,53.0,17.66865,80.87403,GDBDCL_2026-03-09T03:00:00+0000_45.3283
GDBDCL,Godavari at Bhadrachalam,Godavari,2026-03-09 04:00:00+00:00,45.27863904338077,NORMAL,47.5,48.5,53.0,17.66865,80.87403,GDBDCL_2026-03-09T04:00:00+0000_45.2786
GDBDCL,Godavari at Bhadrachalam,Godavari,2026-03-09 05:00:00+00:00,45.23747904487585,NORMAL,47.5,48.5,53.0,17.66865,80.87403,GDBDCL_2026-03-09T05:00:00+0000_45.2375
GDBDCL,Godavari at Bhadrachalam,Godavari,2026-03-09 06:00:00+00:00,45.25657770553064,NORMAL,47.5,48.5,53.0,17.66865,80.87403,GDBDCL_2026-03-09T06:00:00+0000_45.2566
GDBDCL,Godavari at Bhadrachalam,Godavari,2026-03-09 07:00:00+00:00,45.14961392904827,NORMAL,47.5,48.5,53.0,17.66865,80.87403,GDBDCL_2026-03-09T07:00:00+0000_45.1496
GDBDCL,Godavari at Bhadrachalam,Godavari,2026-03-09 08:00:00+00:00,45.15155908593572,NORMAL,47.5,48.5,53.0,17.66865,80.87403,GDBDCL_2026-03-09T08:00:00+0000_45.1516
GDBDCL,Godavari at Bhadrachalam,Godavari,2026-03-09 09:00:00+00:00,45.13955735196714,NORMAL,47.5,48.5,53.0,17.66865,80.87403,GDBDCL_2026-03-09T09:00:00+0000_45.1396
GDBDCL,Godavari at Bhadrachalam,Godavari,2026-03-09 10:00:00+00:00,45.08361112740022,NORMAL,47.5,48.5,53.0,17.66865,80.87403,GDBDCL_2026-03-09T10:00:00+0000_45.0836
GDBDCL,Godavari at Bhadrachalam,Godavari,2026-03-09 11:00:00+00:00,45.09108605858968,NORMAL,47.5,48.5,53.0,17.66865,80.87403,GDBDCL_2026-03-09T11:00:00+0000_45.0911
GDBDCL,Godavari at Bhadrachalam,Godavari,2026-03-09 12:00:00+00:00,45.01989588240336,NORMAL,47.5,48.5,53.0,17.66865,80.87403,GDBDCL_2026-03-09T12:00:00+0000_45.0199
GDBDCL,Godavari at Bhadrachalam,Godavari,2026-03-09 13:00:00+00:00,45.04469402258062,NORMAL,47.5,48.5,53.0,17.66865,80.87403,GDBDCL_2026-03-09T13:00:00+0000_45.0447
GDBDCL,Godavari at Bhadrachalam,Godavari,2026-03-09 14:00:00+00:00,45.026722197198765,NORMAL,47.5,48.5,53.0,17.66865,80.87403,GDBDCL_2026-03-09T14:00:00+0000_45.0267
GDBDCL,Godavari at Bhadrachalam,Godavari,2026-03-09 15:00:00+00:00,45.08759620417906,NORMAL,47.5,48.5,53.0,17.66865,80.87403,GDBDCL_2026-03-09T15:00:00+0000_45.0876
GDBDCL,Godavari at Bhadrachalam,Godavari,2026-03-09 16:00:00+00:00,45.01469828103904,NORMAL,47.5,48.5,53.0,17.66865,80.87403,GDBDCL_2026-03-09T16:00:00+0000_45.0147
GDBDCL,Godavari at Bhadrachalam,Godavari,2026-03-09 17:00:00+00:00,45.07100281568071,NORMAL,47.5,48.5,53.0,17.66865,80.87403,GDBDCL_2026-03-09T17:00:00+0000_45.0710
GDBDCL,Godavari at Bhadrachalam,Godavari,2026-03-09 18:00:00+00:00,45.11036937432228,NORMAL,47.5,48.5,53.0,17.66865,80.87403,GDBDCL_2026-03-09T18:00:00+0000_45.1104
GDBDCL,Godavari at Bhadrachalam,Godavari,2026-03-09 19:00:00+00:00,45.12145379132743,NORMAL,47.5,48.5,53.0,17.66865,80.87403,GDBDCL_2026-03-09T19:00:00+0000_45.1215
GDBDCL,Godavari at Bhadrachalam,Godavari,2026-03-09 20:00:00+00:00,45.20197550211631,NORMAL,47.5,48.5,53.0,17.66865,80.87403,GDBDCL_2026-03-09T20:00:00+0000_45.2020
GDBDCL,Godavari at Bhadrachalam,Godavari,2026-03-09 21:00:00+00:00,45.20333383761831,NORMAL,47.5,48.5,53.0,17.66865,80.87403,GDBDCL_2026-03-09T21:00:00+0000_45.2033
GDBDCL,Godavari at Bhadrachalam,Godavari,2026-03-09 22:00:00+00:00,45.29889934227899,NORMAL,47.5,48.5,53.0,17.66865,80.87403,GDBDCL_2026-03-09T22:00:00+0000_45.2989
GDBDCL,Godavari at Bhadrachalam,Godavari,2026-03-09 23:00:00+00:00,45.267505288882646,NORMAL,47.5,48.5,53.0,17.66865,80.87403,GDBDCL_2026-03-09T23:00:00+0000_45.2675
GDBDCL,Godavari at Bhadrachalam,Godavari,2026-03-10 00:00:00+00:00,45.316940784379085,NORMAL,47.5,48.5,53.0,17.66865,80.87403,GDBDCL_2026-03-10T00:00:00+0000_45.3169
GDBDCL,Godavari at Bhadrachalam,Godavari,2026-03-10 01:00:00+00:00,45.28674755891462,NORMAL,47.5,48.5,53.0,17.66865,80.87403,GDBDCL_2026-03-10T01:00:00+0000_45.2867
GDBDCL,Godavari at Bhadrachalam,Godavari,2026-03-10 02:00:00+00:00,45.35496680802368,NORMAL,47.5,48.5,53.0,17.66865,80.87403,GDBDCL_2026-03-10T02:00:00+0000_45.3550
GDBDCL,Godavari at Bhadrachalam,Godavari,2026-03-10 03:00:00+00:00,45.28889754564676,NORMAL,47.5,48.5,53.0,17.66865,80.87403,GDBDCL_2026-03-10T03:00:00+0000_45.2889
GDBDCL,Godavari at Bhadrachalam,Godavari,2026-03-10 04:00:00+00:00,45.28588452310022,NORMAL,47.5,48.5,53.0,17.66865,80.87403,GDBDCL_2026-03-10T04:00:00+0000_45.2859
GDBDCL,Godavari at Bhadrachalam,Godavari,2026-03-10 05:00:00+00:00,45.24560036797947,NORMAL,47.5,48.5,53.0,17.66865,80.87403,GDBDCL_2026-03-10T05:00:00+0000_45.2456
GDBDCL,Godavari at Bhadrachalam,Godavari,2026-03-10 06:00:00+00:00,45.28158003209038,NORMAL,47.5,48.5,53.0,17.66865,80.87403,GDBDCL_2026-03-10T06:00:00+0000_45.2816
GDBDCL,Godavari at Bhadrachalam,Godavari,2026-03-10 07:00:00+00:00,45.23641260619027,NORMAL,47.5,48.5,53.0,17.66865,80.87403,GDBDCL_2026-03-10T07:00:00+0000_45.2364
GDBDCL,Godavari at Bhadrachalam,Godavari,2026-03-10 08:00:00+00:00,45.13072932863386,NORMAL,47.5,48.5,53.0,17.66865,80.87403,GDBDCL_2026-03-10T08:00:00+0000_45.1307
GDBDCL,Godavari at Bhadrachalam,Godavari,2026-03-10 09:00:00+00:00,45.088996198199865,NORMAL,47.5,48.5,53.0,17.66865,80.87403,GDBDCL_2026-03-10T09:00:00+0000_45.0890
GDBDCL,Godavari at Bhadrachalam,Godavari,2026-03-10 10:00:00+00:00,45.12055201909608,NORMAL,47.5,48.5,53.0,17.66865,80.87403,GDBDCL_2026-03-10T10:00:00+0000_45.1206
GDBDCL,Godavari at Bhadrachalam,Godavari,2026-03-10 11:00:00+00:00,45.07334100489271,NORMAL,47.5,48.5,53.0,17.66865,80.87403,GDBDCL_2026-03-10T11:00:00+0000_45.0733
GDBDCL,Godavari at Bhadrachalam,Godavari,2026-03-10 12:00:00+00:00,45.08638561354574,NORMAL,47.5,48.5,53.0,17.66865,80.87403,GDBDCL_2026-03-10T12:00:00+0000_45.0864
GDBDCL,Godavari at Bhadrachalam,Godavari,2026-03-10 13:00:00+00:00,45.08438772118121,NORMAL,47.5,48.5,53.0,17.66865,80.87403,GDBDCL_2026-03-10T13:00:00+0000_45.0844
GDBDCL,Godavari at Bhadrachalam,Godavari,2026-03-10 14:00:00+00:00,45.03840755564271,NORMAL,47.5,48.5,53.0,17.66865,80.87403,GDBDCL_2026-03-10T14:00:00+0000_45.0384
GDBDCL,Godavari at Bhadrachalam,Godavari,2026-03-10 15:00:00+00:00,44.99952095124417,NORMAL,47.5,48.5,53.0,17.66865,80.87403,GDBDCL_2026-03-10T15:00:00+0000_44.9995
GDBDCL,Godavari at Bhadrachalam,Godavari,2026-03-10 16:00:00+00:00,45.0253586956853,NORMAL,47.5,48.5,53.0,17.66865,80.87403,GDBDCL_2026-03-10T16:00:00+0000_45.0254
GDBDCL,Godavari at Bhadrachalam,Godavari,2026-03-10 17:00:00+00:00,45.08726471910504,NORMAL,47.5,48.5,53.0,17.66865,80.87403,GDBDCL_2026-03-10T17:00:00+0000_45.0873
GDBDCL,Godavari at Bhadrachalam,Godavari,2026-03-10 18:00:00+00:00,45.119626224287984,NORMAL,47.5,48.5,53.0,17.66865,80.87403,GDBDCL_2026-03-10T18:00:00+0000_45.1196
GDBDCL,Godavari at Bhadrachalam,Godavari,2026-03-10 19:00:00+00:00,45.19053515302272,NORMAL,47.5,48.5,53.0,17.66865,80.87403,GDBDCL_2026-03-10T19:00:00+0000_45.1905
GDBDCL,Godavari at Bhadrachalam,Godavari,2026-03-10 20:00:00+00:00,45.18614266414918,NORMAL,47.5,48.5,53.0,17.66865,80.87403,GDBDCL_2026-03-10T20:00:00+0000_45.1861
GDBDCL,Godavari at Bhadrachalam,Godavari,2026-03-10 21:00:00+00:00,45.278157658067975,NORMAL,47.5,48.5,53.0,17.66865,80.87403,GDBDCL_2026-03-10T21:00:00+0000_45.2782
GDBDCL,Godavari at Bhadrachalam,Godavari,2026-03-10 22:00:00+00:00,45.26021322446323,NORMAL,47.5,48.5,53.0,17.66865,80.87403,GDBDCL_2026-03-10T22:00:00+0000_45.2602
GDBDCL,Godavari at Bhadrachalam,Godavari,2026-03-10 23:00:00+00:00,45.2852544079458,NORMAL,47.5,48.5,53.0,17.66865,80.87403,GDBDCL_2026-03-10T23:00:00+0000_45.2853
GDBDCL,Godavari at Bhadrachalam,Godavari,2026-03-11 00:00:00+00:00,45.33271006326002,NORMAL,47.5,48.5,53.0,17.66865,80.87403,GDBDCL_2026-03-11T00:00:00+0000_45.3327
GDBDCL,Godavari at Bhadrachalam,Godavari,2026-03-11 01:00:00+00:00,45.30231639060145,NORMAL,47.5,48.5,53.0,17.66865,80.87403,GDBDCL_2026-03-11T01:00:00+0000_45.3023
GDBDCL,Godavari at Bhadrachalam,Godavari,2026-03-11 02:00:00+00:00,45.348221405726825,NORMAL,47.5,48.5,53.0,17.66865,80.87403,GDBDCL_2026-03-11T02:00:00+0000_45.3482
GDBDCL,Godavari at Bhadrachalam,Godavari,2026-03-11 03:00:00+00:00,45.27139973555085,NORMAL,47.5,48.5,53.0,17.66865,80.87403,GDBDCL_2026-03-11T03:00:00+0000_45.2714
GDBDCL,Godavari at Bhadrachalam,Godavari,2026-03-11 04:00:00+00:00,45.34517142567728,NORMAL,47.5,48.5,53.0,17.66865,80.87403,GDBDCL_2026-03-11T04:00:00+0000_45.3452
GDBDCL,Godavari at Bhadrachalam,Godavari,2026-03-11 05:00:00+00:00,45.246299294267786,NORMAL,47.5,48.5,53.0,17.66865,80.87403,GDBDCL_2026-03-11T05:00:00+0000_45.2463
GDBDCL,Godavari at Bhadrachalam,Godavari,2026-03-11 06:00:00+00:00,45.23111508109776,NORMAL,47.5,48.5,53.0,17.66865,80.87403,GDBDCL_2026-03-11T06:00:00+0000_45.2311
GDBDCL,Godavari at Bhadrachalam,Godavari,2026-03-11 07:00:00+00:00,45.21083894377491,NORMAL,47.5,48.5,53.0,17.66865,80.87403,GDBDCL_2026-03-11T07:00:00+0000_45.2108
GDBDCL,Godavari at Bhadrachalam,Godavari,2026-03-11 08:00:00+00:00,45.19451650765573,NORMAL,47.5,48.5,53.0,17.66865,80.87403,GDBDCL_2026-03-11T08:00:00+0000_45.1945
GDBDCL,Godavari at Bhadrachalam,Godavari,2026-03-11 09:00:00+00:00,45.16388166336936,NORMAL,47.5,48.5,53.0,17.66865,80.87403,GDBDCL_2026-03-11T09:00:00+0000_45.1639
GDBDCL,Godavari at Bhadrachalam,Godavari,2026-03-11 10:00:00+00:00,45.09839427915789,NORMAL,47.5,48.5,53.0,17.66865,80.87403,GDBDCL_2026-03-11T10:00:00+0000_45.0984
GDBDCL,Godavari at Bhadrachalam,Godavari,2026-03-11 11:00:00+00:00,45.07755575104815,NORMAL,47.5,48.5,53.0,17.66865,80.87403,GDBDCL_2026-03-11T11:00:00+0000_45.0776
GDBDCL,Godavari at Bhadrachalam,Godavari,2026-03-11 12:00:00+00:00,45.08674377162395,NORMAL,47.5,48.5,53.0,17.66865,80.87403,GDBDCL_2026-03-11T12:00:00+0000_45.0867
GDBDCL,Godavari at Bhadrachalam,Godavari,2026-03-11 13:00:00+00:00,45.0419451989504,NORMAL,47.5,48.5,53.0,17.66865,80.87403,GDBDCL_2026-03-11T13:00:00+0000_45.0419
GDBDCL,Godavari at Bhadrachalam,Godavari,2026-03-11 14:00:00+00:00,,,47.5,48.5,53.0,17.66865,80.87403,GDBDCL_2026-03-11T14:00:00+0000_
GDBDCL,Godavari at Bhadrachalam,Godavari,2026-03-11 15:00:00+00:00,45.09198759543013,NORMAL,47.5,48.5,53.0,17.66865,80.87403,GDBDCL_2026-03-11T15:00:00+0000_45.0920
GDBDCL,Godavari at Bhadrachalam,Godavari,2026-03-11 16:00:00+00:00,45.05096530788949,NORMAL,47.5,48.5,53.0,17.66865,80.87403,GDBDCL_2026-03-11T16:00:00+0000_45.0510
GDBDCL,Godavari at Bhadrachalam,Godavari,2026-03-11 17:00:00+00:00,45.07410680753142,NORMAL,47.5,48.5,53.0,17.66865,80.87403,GDBDCL_2026-03-11T17:00:00+0000_45.0741
GDBDCL,Godavari at Bhadrachalam,Godavari,2026-03-11 18:00:00+00:00,45.09559010238054,NORMAL,47.5,48.5,53.0,17.66865,80.87403,GDBDCL_2026-03-11T18:00:00+0000_45.0956
GDBDCL,Godavari at Bhadrachalam,Godavari,2026-03-11 19:00:00+00:00,45.1242088508474,NORMAL,47.5,48.5,53.0,17.66865,80.87403,GDBDCL_2026-03-11T19:00:00+0000_45.1242
GDBDCL,Godavari at Bhadrachalam,Godavari,2026-03-11 20:00:00+00:00,45.21256232171934,NORMAL,47.5,48.5,53.0,17.66865,80.87403,GDBDCL_2026-03-11T20:00:00+0000_45.2126
GDBDCL,Godavari at Bhadrachalam,Godavari,2026-03-11 21:00:00+00:00,45.22705905095334,NORMAL,47.5,48.5,53.0,17.66865,80.87403,GDBDCL_2026-03-11T21:00:00+0000_45.2271
GDBDCL,Godavari at Bhadrachalam,Godavari,2026-03-11 22:00:00+00:00,45.30214909280196,NORMAL,47.5,48.5,53.0,17.66865,80.87403,GDBDCL_2026-03-11T22:00:00+0000_45.3021
GDBDCL,Godavari at Bhadrachalam,Godavari,2026-03-11 23:00:00+00:00,45.26329064529083,NORMAL,47.5,48.5,53.0,17.66865,80.87403,GDBDCL_2026-03-11T23:00:00+0000_45.2633
GDBDCL,Godavari at Bhadrachalam,Godavari,2026-03-12 00:00:00+00:00,45.27457475404817,NORMAL,47.5,48.5,53.0,17.66865,80.87403,GDBDCL_2026-03-12T00:00:00+0000_45.2746
GDBDCL,Godavari at Bhadrachalam,Godavari,2026-03-12 01:00:00+00:00,45.29378056826916,NORMAL,47.5,48.5,53.0,17.66865,80.87403,GDBDCL_2026-03-12T01:00:00+0000_45.2938
GDBDCL,Godavari at Bhadrachalam,Godavari,2026-03-12 02:00:00+00:00,45.29166126158016,NORMAL,47.5,48.5,53.0,17.66865,80.87403,GDBDCL_2026-03-12T02:00:00+0000_45.2917
GDBDCL,Godavari at Bhadrachalam,Godavari,2026-03-12 03:00:00+00:00,45.29467697633271,NORMAL,47.5,48.5,53.0,17.66865,80.87403,GDBDCL_2026-03-12T03:00:00+0000_45.2947
GDBDCL,Godavari at Bhadrachalam,Godavari,2026-03-12 04:00:00+00:00,45.32819471494288,NORMAL,47.5,48.5,53.0,17.66865,80.87403,GDBDCL_2026-03-12T04:00:00+0000_45.3282
GDBDCL,Godavari at Bhadrachalam,Godavari,2026-03-12 05:00:00+00:00,45.29371352013213,NORMAL,47.5,48.5,53.0,17.66865,80.87403,GDBDCL_2026-03-12T05:00:00+0000_45.2937
GDBDCL,Godavari at Bhadrachalam,Godavari,2026-03-12 06:00:00+00:00,45.21836045859156,NORMAL,47.5,48.5,53.0,17.66865,80.87403,GDBDCL_2026-03-12T06:00:00+0000_45.2184
GDBDCL,Godavari at Bhadrachalam,Godavari,2026-03-12 07:00:00+00:00,45.20526440299576,NORMAL,47.5,48.5,53.0,17.66865,80.87403,GDBDCL_2026-03-12T07:00:00+0000_45.2053
GDBDCL,Godavari at Bhadrachalam,Godavari,2026-03-12 08:00:00+00:00,45.22262514779421,NORMAL,47.5,48.5,53.0,17.66865,80.87403,GDBDCL_2026-03-12T08:00:00+0000_45.2226
GDBDCL,Godavari at Bhadrachalam,Godavari,2026-03-12 09:00:00+00:00,45.16406176625804,NORMAL,47.5,48.5,53.0,17.66865,80.87403,GDBDCL_2026-03-12T09:00:00+0000_45.1641
GDBDCL,Godavari at Bhadrachalam,Godavari,2026-03-12 10:00:00+00:00,45.0883656030515,NORMAL,47.5,48.5,53.0,17.66865,80.87403,GDBDCL_2026-03-12T10:00:00+0000_45.0884
GDBDCL,Godavari at Bhadrachalam,Godavari,2026-03-12 11:00:00+00:00,45.12651460257186,NORMAL,47.5,48.5,53.0,17.66865,80.87403,GDBDCL_2026-03-12T11:00:00+0000_45.1265
GDBDCL,Godavari at Bhadrachalam,Godavari,2026-03-12 12:00:00+00:00,45.05612909355226,NORMAL,47.5,48.5,53.0,17.66865,80.87403,GDBDCL_2026-03-12T12:00:00+0000_45.0561
GDBDCL,Godavari at Bhadrachalam,Godavari,2026-03-12 13:00:00+00:00,45.030891842690885,NORMAL,47.5,48.5,53.0,17.66865,80.87403,GDBDCL_2026-03-12T13:00:00+0000_45.0309
GDBDCL,Godavari at Bhadrachalam,Godavari,2026-03-12 14:00:00+00:00,45.07937484650957,NORMAL,47.5,48.5,53.0,17.66865,80.87403,GDBDCL_2026-03-12T14:00:00+0000_45.0794
GDBDCL,Godavari at Bhadrachalam,Godavari,2026-03-12 15:00:00+00:00,45.02336270628826,NORMAL,47.5,48.5,53.0,17.66865,80.87403,GDBDCL_2026-03-12T15:00:00+0000_45.0234
GDBDCL,Godavari at Bhadrachalam,Godavari,2026-03-12 16:00:00+00:00,45.08073722238424,NORMAL,47.5,48.5,53.0,17.66865,80.87403,GDBDCL_2026-03-12T16:00:00+0000_45.0807
GDBDCL,Godavari at Bhadrachalam,Godavari,2026-03-12 17:00:00+00:00,45.10448085421902,NORMAL,47.5,48.5,53.0,17.66865,80.87403,GDBDCL_2026-03-12T17:00:00+0000_45.1045
GDBDCL,Godavari at Bhadrachalam,Godavari,2026-03-12 18:00:00+00:00,45.184107164420425,NORMAL,47.5,48.5,53.0,17.66865,80.87403,GDBDCL_2026-03-12T18:00:00+0000_45.1841
GDBDCL,Godavari at Bhadrachalam,Godavari,2026-03-12 19:00:00+00:00,45.1573269463771,NORMAL,47.5,48.5,53.0,17.66865,80.87403,GDBDCL_2026-03-12T19:00:00+0000_45.1573
GDBDCL,Godavari at Bhadrachalam,Godavari,2026-03-12 20:00:00+00:00,45.166783594126656,NORMAL,47.5,48.5,53.0,17.66865,80.87403,GDBDCL_2026-03-12T20:00:00+0000_45.1668
GDBDCL,Godavari at Bhadrachalam,Godavari,2026-03-12 21:00:00+00:00,45.2516892876067,NORMAL,47.5,48.5,53.0,17.66865,80.87403,GDBDCL_2026-03-12T21:00:00+0000_45.2517
GDBDCL,Godavari at Bhadrachalam,Godavari,2026-03-12 22:00:00+00:00,45.25726694678334,NORMAL,47.5,48.5,53.0,17.66865,80.87403,GDBDCL_2026-03-12T22:00:00+0000_45.2573
GDBDCL,Godavari at Bhadrachalam,Godavari,2026-03-12 23:00:00+00:00,45.28238728348414,NORMAL,47.5,48.5,53.0,17.66865,80.87403,GDBDCL_2026-03-12T23:00:00+0000_45.2824
GDBDCL,Godavari at Bhadrachalam,Godavari,2026-03-13 00:00:00+00:00,45.34454643528125,NORMAL,47.5,48.5,53.0,17.66865,80.87403,GDBDCL_2026-03-13T00:00:00+0000_45.3445
GDBDCL,Godavari at Bhadrachalam,Godavari,2026-03-13 01:00:00+00:00,45.29397944187533,NORMAL,47.5,48.5,53.0,17.66865,80.87403,GDBDCL_2026-03-13T01:00:00+0000_45.2940
GDBDCL,Godavari at Bhadrachalam,Godavari,2026-03-13 02:00:00+00:00,45.32600420044298,NORMAL,47.5,48.5,53.0,17.66865,80.87403,GDBDCL_2026-03-13T02:00:00+0000_45.3260
GDBDCL,Godavari at Bhadrachalam,Godavari,2026-03-13 03:00:00+00:00,45.339785423965886,NORMAL,47.5,48.5,53.0,17.66865,80.87403,GDBDCL_2026-03-13T03:00:00+0000_45.3398
GDBDCL,Godavari at Bhadrachalam,Godavari,2026-03-13 04:00:00+00:00,45.3015390522435,NORMAL,47.5,48.5,53.0,17.66865,80.87403,GDBDCL_2026-03-13T04:00:00+0000_45.3015
GDBDCL,Godavari at Bhadrachalam,Godavari,2026-03-13 05:00:00+00:00,45.326093734574926,NORMAL,47.5,48.5,53.0,17.66865,80.87403,GDBDCL_2026-03-13T05:00:00+0000_45.3261
GDBDCL,Godavari at Bhadrachalam,Godavari,2026-03-13 06:00:00+00:00,45.23280898817956,NORMAL,47.5,48.5,53.0,17.66865,80.87403,GDBDCL_2026-03-13T06:00:00+0000_45.2328
GDBDCL,Godavari at Bhadrachalam,Godavari,2026-03-13 07:00:00+00:00,45.17059816209864,NORMAL,47.5,48.5,53.0,17.66865,80.87403,GDBDCL_2026-03-13T07:00:00+0000_45.1706
GDBDCL,Godavari at Bhadrachalam,Godavari,2026-03-13 08:00:00+00:00,,,47.5,48.5,53.0,17.66865,80.87403,GDBDCL_2026-03-13T08:00:00+0000_
GDBDCL,Godavari at Bhadrachalam,Godavari,2026-03-13 09:00:00+00:00,45.1936716322537,NORMAL,47.5,48.5,53.0,17.66865,80.87403,GDBDCL_2026-03-13T09:00:00+0000_45.1937
GDBDCL,Godavari at Bhadrachalam,Godavari,2026-03-13 10:00:00+00:00,45.07078155942816,NORMAL,47.5,48.5,53.0,17.66865,80.87403,GDBDCL_2026-03-13T10:00:00+0000_45.0708
GDBDCL,Godavari at Bhadrachalam,Godavari,2026-03-13 11:00:00+00:00,45.04448837611907,NORMAL,47.5,48.5,53.0,17.66865,80.87403,GDBDCL_2026-03-13T11:00:00+0000_45.0445
GDBDCL,Godavari at Bhadrachalam,Godavari,2026-03-13 12:00:00+00:00,45.102520270479786,NORMAL,47.5,48.5,53.0,17.66865,80.87403,GDBDCL_2026-03-13T12:00:00+0000_45.1025
GDBDCL,Godavari at Bhadrachalam,Godavari,2026-03-13 13:00:00+00:00,45.07226403575275,NORMAL,47.5,48.5,53.0,17.66865,80.87403,GDBDCL_2026-03-13T13:00:00+0000_45.0723
GDBDCL,Godavari at Bhadrachalam,Godavari,2026-03-13 14:00:00+00:00,45.0296758051043,NORMAL,47.5,48.5,53.0,17.66865,80.87403,GDBDCL_2026-03-13T14:00:00+0000_45.0297
GDBDCL,Godavari at Bhadrachalam,Godavari,2026-03-13 15:00:00+00:00,45.02152243946443,NORMAL,47.5,48.5,53.0,17.66865,80.87403,GDBDCL_2026-03-13T15:00:00+0000_45.0215
GDBDCL,Godavari at Bhadrachalam,Godavari,2026-03-13 16:00:00+00:00,45.06426828556347,NORMAL,47.5,48.5,53.0,17.66865,80.87403,GDBDCL_2026-03-13T16:00:00+0000_45.0643
GDBDCL,Godavari at Bhadrachalam,Godavari,2026-03-13 17:00:00+00:00,45.12225353090427,NORMAL,47.5,48.5,53.0,17.66865,80.87403,GDBDCL_2026-03-13T17:00:00+0000_45.1223
GDBDCL,Godavari at Bhadrachalam,Godavari,2026-03-13 18:00:00+00:00,45.11123972784636,NORMAL,47.5,48.5,53.0,17.66865,80.87403,GDBDCL_2026-03-13T18:00:00+0000_45.1112
GDBDCL,Godavari at Bhadrachalam,Godavari,2026-03-13 19:00:00+00:00,45.21327393106167,NORMAL,47.5,48.5,53.0,17.66865,80.87403,GDBDCL_2026-03-13T19:00:00+0000_45.2133
GDBDCL,Godavari at Bhadrachalam,Godavari,2026-03-13 20:00:00+00:00,45.19831094821386,NORMAL,47.5,48.5,53.0,17.66865,80.87403,GDBDCL_2026-03-13T20:00:00+0000_45.1983
GDBDCL,Godavari at Bhadrachalam,Godavari,2026-03-13 21:00:00+00:00,45.2029685530262,NORMAL,47.5,48.5,53.0,17.66865,80.87403,GDBDCL_2026-03-13T21:00:00+0000_45.2030
GDBDCL,Godavari at Bhadrachalam,Godavari,2026-03-13 22:00:00+00:00,45.31308515995804,NORMAL,47.5,48.5,53.0,17.66865,80.87403,GDBDCL_2026-03-13T22:00:00+0000_45.3131
GDBDCL,Godavari at Bhadrachalam,Godavari,2026-03-13 23:00:00+00:00,45.35710436869309,NORMAL,47.5,48.5,53.0,17.66865,80.87403,GDBDCL_2026-03-13T23:00:00+0000_45.3571
GDBDCL,Godavari at Bhadrachalam,Godavari,2026-03-14 00:00:00+00:00,45.311993232215215,NORMAL,47.5,48.5,53.0,17.66865,80.87403,GDBDCL_2026-03-14T00:00:00+0000_45.3120
GDBDCL,Godavari at Bhadrachalam,Godavari,2026-03-14 01:00:00+00:00,45.3450526744358,NORMAL,47.5,48.5,53.0,17.66865,80.87403,GDBDCL_2026-03-14T01:00:00+0000_45.3451
GDBDCL,Godavari at Bhadrachalam,Godavari,2026-03-14 02:00:00+00:00,45.36153316691051,NORMAL,47.5,48.5,53.0,17.66865,80.87403,GDBDCL_2026-03-14T02:00:00+0000_45.3615
GDBDCL,Godavari at Bhadrachalam,Godavari,2026-03-14 03:00:00+00:00,45.36811511646075,NORMAL,47.5,48.5,53.0,17.66865,80.87403,GDBDCL_2026-03-14T03:00:00+0000_45.3681
GDBDCL,Godavari at Bhadrachalam,Godavari,2026-03-14 04:00:00+00:00,45.32755646550584,NORMAL,47.5,48.5,53.0,17.66865,80.87403,GDBDCL_2026-03-14T04:00:00+0000_45.3276
GDBDCL,Godavari at Bhadrachalam,Godavari,2026-03-14 05:00:00+00:00,45.289925186391706,NORMAL,47.5,48.5,53.0,17.66865,80.87403,GDBDCL_2026-03-14T05:00:00+0000_45.2899
GDBDCL,Godavari at Bhadrachalam,Godavari,2026-03-14 06:00:00+00:00,45.21523433471328,NORMAL,47.5,48.5,53.0,17.66865,80.87403,GDBDCL_2026-03-14T06:00:00+0000_45.2152
GDBDCL,Godavari at Bhadrachalam,Godavari,2026-03-14 07:00:00+00:00,45.21519464656395,NORMAL,47.5,48.5,53.0,17.66865,80.87403,GDBDCL_2026-03-14T07:00:00+0000_45.2152
GDBDCL,Godavari at Bhadrachalam,Godavari,2026-03-14 08:00:00+00:00,46.562854133557465,NORMAL,47.5,48.5,53.0,17.66865,80.87403,GDBDCL_2026-03-14T08:00:00+0000_46.5629
GDBDCL,Godavari at Bhadrachalam,Godavari,2026-03-14 09:00:00+00:00,,,47.5,48.5,53.0,17.66865,80.87403,GDBDCL_2026-03-14T09:00:00+0000_
GDBDCL,Godavari at Bhadrachalam,Godavari,2026-03-14 10:00:00+00:00,46.180071213110125,NORMAL,47.5,48.5,53.0,17.66865,80.87403,GDBDCL_2026-03-14T10:00:00+0000_46.1801
GDBDCL,Godavari at Bhadrachalam,Godavari,2026-03-14 11:00:00+00:00,46.046238187944816,NORMAL,47.5,48.5,53.0,17.66865,80.87403,GDBDCL_2026-03-14T11:00:00+0000_46.0462
GDBDCL,Godavari at Bhadrachalam,Godavari,2026-03-14 12:00:00+00:00,45.95184728715552,NORMAL,47.5,48.5,53.0,17.66865,80.87403,GDBDCL_2026-03-14T12:00:00+0000_45.9518
GDBDCL,Godavari at Bhadrachalam,Godavari,2026-03-14 13:00:00+00:00,45.83238604276253,NORMAL,47.5,48.5,53.0,17.66865,80.87403,GDBDCL_2026-03-14T13:00:00+0000_45.8324
GDBDCL,Godavari at Bhadrachalam,Godavari,2026-03-14 14:00:00+00:00,45.03255482866142,NORMAL,47.5,48.5,53.0,17.66865,80.87403,GDBDCL_2026-03-14T14:00:00+0000_45.0326
GDBDCL,Godavari at Bhadrachalam,Godavari,2026-03-14 15:00:00+00:00,45.10483409918618,NORMAL,47.5,48.5,53.0,17.66865,80.87403,GDBDCL_2026-03-14T15:00:00+0000_45.1048
GDBDCL,Godavari at Bhadrachalam,Godavari,2026-03-14 16:00:00+00:00,45.08130875602774,NORMAL,47.5,48.5,53.0,17.66865,80.87403,GDBDCL_2026-03-14T16:00:00+0000_45.0813
GDBDCL,Godavari at Bhadrachalam,Godavari,2026-03-14 17:00:00+00:00,45.09044165388136,NORMAL,47.5,48.5,53.0,17.66865,80.87403,GDBDCL_2026-03-14T17:00:00+0000_45.0904
GDBDCL,Godavari at Bhadrachalam,Godavari,2026-03-14 18:00:00+00:00,45.18891781968743,NORMAL,47.5,48.5,53.0,17.66865,80.87403,GDBDCL_2026-03-14T18:00:00+0000_45.1889
GDBDCL,Godavari at Bhadrachalam,Godavari,2026-03-14 19:00:00+00:00,45.21720655941808,NORMAL,47.5,48.5,53.0,17.66865,80.87403,GDBDCL_2026-03-14T19:00:00+0000_45.2172
GDBDCL,Godavari at Bhadrachalam,Godavari,2026-03-14 20:00:00+00:00,45.24368918531373,NORMAL,47.5,48.5,53.0,17.66865,80.87403,GDBDCL_2026-03-14T20:00:00+0000_45.2437
GDBDCL,Godavari at Bhadrachalam,Godavari,2026-03-14 21:00:00+00:00,45.268968785440805,NORMAL,47.5,48.5,53.0,17.66865,80.87403,GDBDCL_2026-03-14T21:00:00+0000_45.2690
GDBDCL,Godavari at Bhadrachalam,Godavari,2026-03-14 22:00:00+00:00,45.28290138590861,NORMAL,47.5,48.5,53.0,17.66865,80.87403,GDBDCL_2026-03-14T22:00:00+0000_45.2829
GDBDCL,Godavari at Bhadrachalam,Godavari,2026-03-14 23:00:00+00:00,45.27257773601382,NORMAL,47.5,48.5,53.0,17.66865,80.87403,GDBDCL_2026-03-14T23:00:00+0000_45.2726
GDBDCL,Godavari at Bhadrachalam,Godavari,2026-03-15 00:00:00+00:00,45.2980422799001,NORMAL,47.5,48.5,53.0,17.66865,80.87403,GDBDCL_2026-03-15T00:00:00+0000_45.2980
GDBDCL,Godavari at Bhadrachalam,Godavari,2026-03-15 01:00:00+00:00,45.35480233795786,NORMAL,47.5,48.5,53.0,17.66865,80.87403,GDBDCL_2026-03-15T01:00:00+0000_45.3548
GDBDCL,Godavari at Bhadrachalam,Godavari,2026-03-15 02:00:00+00:00,45.33180539059606,NORMAL,47.5,48.5,53.0,17.66865,80.87403,GDBDCL_2026-03-15T02:00:00+0000_45.3318
GDBDCL,Godavari at Bhadrachalam,Godavari,2026-03-15 03:00:00+00:00,45.30074231788432,NORMAL,47.5,48.5,53.0,17.66865,80.87403,GDBDCL_2026-03-15T03:00:00+0000_45.3007
GDBDCL,Godavari at Bhadrachalam,Godavari,2026-03-15 04:00:00+00:00,45.32311932357281,NORMAL,47.5,48.5,53.0,17.66865,80.87403,GDBDCL_2026-03-15T04:00:00+0000_45.3231
GDBDCL,Godavari at Bhadrachalam,Godavari,2026-03-15 05:00:00+00:00,45.340293148443735,NORMAL,47.5,48.5,53.0,17.66865,80.87403,GDBDCL_2026-03-15T05:00:00+0000_45.3403
GDBDCL,Godavari at Bhadrachalam,Godavari,2026-03-15 06:00:00+00:00,45.229751451924606,NORMAL,47.5,48.5,53.0,17.66865,80.87403,GDBDCL_2026-03-15T06:00:00+0000_45.2298
GDBDCL,Godavari at Bhadrachalam,Godavari,2026-03-15 07:00:00+00:00,45.203564209707615,NORMAL,47.5,48.5,53.0,17.66865,80.87403,GDBDCL_2026-03-15T07:00:00+0000_45.2036
GDBDCL,Godavari at Bhadrachalam,Godavari,2026-03-15 08:00:00+00:00,45.20025889539768,NORMAL,47.5,48.5,53.0,17.66865,80.87403,GDBDCL_2026-03-15T08:00:00+0000_45.2003
GDBDCL,Godavari at Bhadrachalam,Godavari,2026-03-15 09:00:00+00:00,45.20480462459904,NORMAL,47.5,48.5,53.0,17.66865,80.87403,GDBDCL_2026-03-15T09:00:00+0000_45.2048
GDBDCL,Godavari at Bhadrachalam,Godavari,2026-03-15 10:00:00+00:00,45.1561973885127,NORMAL,47.5,48.5,53.0,17.66865,80.87403,GDBDCL_2026-03-15T10:00:00+0000_45.1562
GDBDCL,Godavari at Bhadrachalam,Godavari,2026-03-15 11:00:00+00:00,45.11095380790492,NORMAL,47.5,48.5,53.0,17.66865,80.87403,GDBDCL_2026-03-15T11:00:00+0000_45.1110
GDBDCL,Godavari at Bhadrachalam,Godavari,2026-03-15 12:00:00+00:00,45.041093301385374,NORMAL,47.5,48.5,53.0,17.66865,80.87403,GDBDCL_2026-03-15T12:00:00+0000_45.0411
GDBDCL,Godavari at Bhadrachalam,Godavari,2026-03-15 13:00:00+00:00,45.07550687424132,NORMAL,47.5,48.5,53.0,17.66865,80.87403,GDBDCL_2026-03-15T13:00:00+0000_45.0755
GDBDCL,Godavari at Bhadrachalam,Godavari,2026-03-15 14:00:00+00:00,45.06441161952645,NORMAL,47.5,48.5,53.0,17.66865,80.87403,GDBDCL_2026-03-15T14:00:00+0000_45.0644
GDBDCL,Godavari at Bhadrachalam,Godavari,2026-03-15 15:00:00+00:00,45.10788852165781,NORMAL,47.5,48.5,53.0,17.66865,80.87403,GDBDCL_2026-03-15T15:00:00+0000_45.1079
GDBDCL,Godavari at Bhadrachalam,Godavari,2026-03-15 16:00:00+00:00,45.047521754447445,NORMAL,47.5,48.5,53.0,17.66865,80.87403,GDBDCL_2026-03-15T16:00:00+0000_45.0475
GDBDCL,Godavari at Bhadrachalam,Godavari,2026-03-15 17:00:00+00:00,45.07584064447173,NORMAL,47.5,48.5,53.0,17.66865,80.87403,GDBDCL_2026-03-15T17:00:00+0000_45.0758
GDBDCL,Godavari at Bhadrachalam,Godavari,2026-03-15 18:00:00+00:00,45.178642239575325,NORMAL,47.5,48.5,53.0,17.66865,80.87403,GDBDCL_2026-03-15T18:00:00+0000_45.1786
GDBDCL,Godavari at Bhadrachalam,Godavari,2026-03-15 19:00:00+00:00,45.197965581098615,NORMAL,47.5,48.5,53.0,17.66865,80.87403,GDBDCL_2026-03-15T19:00:00+0000_45.1980
GDBDCL,Godavari at Bhadrachalam,Godavari,2026-03-15 20:00:00+00:00,45.18526071144767,NORMAL,47.5,48.5,53.0,17.66865,80.87403,GDBDCL_2026-03-15T20:00:00+0000_45.1853
GDBDCL,Godavari at Bhadrachalam,Godavari,2026-03-15 21:00:00+00:00,45.26268874842067,NORMAL,47.5,48.5,53.0,17.66865,80.87403,GDBDCL_2026-03-15T21:00:00+0000_45.2627
GDBDCL,Godavari at Bhadrachalam,Godavari,2026-03-15 22:00:00+00:00,45.24571005896762,NORMAL,47.5,48.5,53.0,17.66865,80.87403,GDBDCL_2026-03-15T22:00:00+0000_45.2457
GDBDCL,Godavari at Bhadrachalam,Godavari,2026-03-15 23:00:00+00:00,45.3704185951401,NORMAL,47.5,48.5,53.0,17.66865,80.87403,GDBDCL_2026-03-15T23:00:00+0000_45.3704
GDBDCL,Godavari at Bhadrachalam,Godavari,2026-03-16 00:00:00+00:00,45.32793731637318,NORMAL,47.5,48.5,53.0,17.66865,80.87403,GDBDCL_2026-03-16T00:00:00+0000_45.3279
GDBDCL,Godavari at Bhadrachalam,Godavari,2026-03-16 01:00:00+00:00,45.36680822779385,NORMAL,47.5,48.5,53.0,17.66865,80.87403,GDBDCL_2026-03-16T01:00:00+0000_45.3668
GDBDCL,Godavari at Bhadrachalam,Godavari,2026-03-16 02:00:00+00:00,45.33251739107755,NORMAL,47.5,48.5,53.0,17.66865,80.87403,GDBDCL_2026-03-16T02:00:00+0000_45.3325
GDBDCL,Godavari at Bhadrachalam,Godavari,2026-03-16 03:00:00+00:00,45.396724243010425,NORMAL,47.5,48.5,53.0,17.66865,80.87403,GDBDCL_2026-03-16T03:00:00+0000_45.3967
GDBDCL,Godavari at Bhadrachalam,Godavari,2026-03-16 04:00:00+00:00,45.31792385493205,NORMAL,47.5,48.5,53.0,17.66865,80.87403,GDBDCL_2026-03-16T04:00:00+0000_45.3179
GDBDCL,Godavari at Bhadrachalam,Godavari,2026-03-16 05:00:00+00:00,45.30048554151874,NORMAL,47.5,48.5,53.0,17.66865,80.87403,GDBDCL_2026-03-16T05:00:00+0000_45.3005
GDBDCL,Godavari at Bhadrachalam,Godavari,2026-03-16 06:00:00+00:00,45.26662462741301,NORMAL,47.5,48.5,53.0,17.66865,80.87403,GDBDCL_2026-03-16T06:00:00+0000_45.2666
GDBDCL,Godavari at Bhadrachalam,Godavari,2026-03-16 07:00:00+00:00,45.23085501684237,NORMAL,47.5,48.5,53.0,17.66865,80.87403,GDBDCL_2026-03-16T07:00:00+0000_45.2309
GDBDCL,Godavari at Bhadrachalam,Godavari,2026-03-16 08:00:00+00:00,45.23881005970136,NORMAL,47.5,48.5,53.0,17.66865,80.87403,GDBDCL_2026-03-16T08:00:00+0000_45.2388
GDBDCL,Godavari at Bhadrachalam,Godavari,2026-03-16 09:00:00+00:00,45.18678122637096,NORMAL,47.5,48.5,53.0,17.66865,80.87403,GDBDCL_2026-03-16T09:00:00+0000_45.1868
GDBDCL,Godavari at Bhadrachalam,Godavari,2026-03-16 10:00:00+00:00,45.098470186572,NORMAL,47.5,48.5,53.0,17.66865,80.87403,GDBDCL_2026-03-16T10:00:00+0000_45.0985
GDBDCL,Godavari at Bhadrachalam,Godavari,2026-03-16 11:00:00+00:00,45.13465197697992,NORMAL,47.5,48.5,53.0,17.66865,80.87403,GDBDCL_2026-03-16T11:00:00+0000_45.1347
GDBDCL,Godavari at Bhadrachalam,Godavari,2026-03-16 12:00:00+00:00,45.05586047579851,NORMAL,47.5,48.5,53.0,17.66865,80.87403,GDBDCL_2026-03-16T12:00:00+0000_45.0559
GDBDCL,Godavari at Bhadrachalam,Godavari,2026-03-16 13:00:00+00:00,45.06071439877476,NORMAL,47.5,48.5,53.0,17.66865,80.87403,GDBDCL_2026-03-16T13:00:00+0000_45.0607
GDBDCL,Godavari at Bhadrachalam,Godavari,2026-03-16 14:00:00+00:00,45.10250774897703,NORMAL,47.5,48.5,53.0,17.66865,80.87403,GDBDCL_2026-03-16T14:00:00+0000_45.1025
GDBDCL,Godavari at Bhadrachalam,Godavari,2026-03-16 15:00:00+00:00,45.05137529500116,NORMAL,47.5,48.5,53.0,17.66865,80.87403,GDBDCL_2026-03-16T15:00:00+0000_45.0514
GDBDCL,Godavari at Bhadrachalam,Godavari,2026-03-16 16:00:00+00:00,45.08017460018748,NORMAL,47.5,48.5,53.0,17.66865,80.87403,GDBDCL_2026-03-16T16:00:00+0000_45.0802
GDBDCL,Godavari at Bhadrachalam,Godavari,2026-03-16 17:00:00+00:00,45.09416553265593,NORMAL,47.5,48.5,53.0,17.66865,80.87403,GDBDCL_2026-03-16T17:00:00+0000_45.0942
GDBDCL,Godavari at Bhadrachalam,Godavari,2026-03-16 18:00:00+00:00,45.17536437946183,NORMAL,47.5,48.5,53.0,17.66865,80.87403,GDBDCL_2026-03-16T18:00:00+0000_45.1754
GDBDCL,Godavari at Bhadrachalam,Godavari,2026-03-16 19:00:00+00:00,45.17013483519467,NORMAL,47.5,48.5,53.0,17.66865,80.87403,GDBDCL_2026-03-16T19:00:00+0000_45.1701
GDBDCL,Godavari at Bhadrachalam,Godavari,2026-03-16 20:00:00+00:00,45.26969108249906,NORMAL,47.5,48.5,53.0,17.66865,80.87403,GDBDCL_2026-03-16T20:00:00+0000_45.2697
GDBDCL,Godavari at Bhadrachalam,Godavari,2026-03-16 21:00:00+00:00,45.31322148530774,NORMAL,47.5,48.5,53.0,17.66865,80.87403,GDBDCL_2026-03-16T21:00:00+0000_45.3132
GDBDCL,Godavari at Bhadrachalam,Godavari,2026-03-16 22:00:00+00:00,45.265182783636845,NORMAL,47.5,48.5,53.0,17.66865,80.87403,GDBDCL_2026-03-16T22:00:00+0000_45.2652
GDBDCL,Godavari at Bhadrachalam,Godavari,2026-03-16 23:00:00+00:00,45.375564355209725,NORMAL,47.5,48.5,53.0,17.66865,80.87403,GDBDCL_2026-03-16T23:00:00+0000_45.3756
GDBDCL,Godavari at Bhadrachalam,Godavari,2026-03-17 00:00:00+00:00,45.33094471621863,NORMAL,47.5,48.5,53.0,17.66865,80.87403,GDBDCL_2026-03-17T00:00:00+0000_45.3309
GDBDCL,Godavari at Bhadrachalam,Godavari,2026-03-17 01:00:00+00:00,45.39910848864314,NORMAL,47.5,48.5,53.0,17.66865,80.87403,GDBDCL_2026-03-17T01:00:00+0000_45.3991
GDBDCL,Godavari at Bhadrachalam,Godavari,2026-03-17 02:00:00+00:00,45.33612061735597,NORMAL,47.5,48.5,53.0,17.66865,80.87403,GDBDCL_2026-03-17T02:00:00+0000_45.3361
GDBDCL,Godavari at Bhadrachalam,Godavari,2026-03-17 03:00:00+00:00,45.39472185314658,NORMAL,47.5,48.5,53.0,17.66865,80.87403,GDBDCL_2026-03-17T03:00:00+0000_45.3947
GDBDCL,Godavari at Bhadrachalam,Godavari,2026-03-17 04:00:00+00:00,45.38218123927788,NORMAL,47.5,48.5,53.0,17.66865,80.87403,GDBDCL_2026-03-17T04:00:00+0000_45.3822
GDBDCL,Godavari at Bhadrachalam,Godavari,2026-03-17 05:00:00+00:00,45.36209716591485,NORMAL,47.5,48.5,53.0,17.66865,80.87403,GDBDCL_2026-03-17T05:00:00+0000_45.3621
GDBDCL,Godavari at Bhadrachalam,Godavari,2026-03-17 06:00:00+00:00,45.24501774947663,NORMAL,47.5,48.5,53.0,17.66865,80.87403,GDBDCL_2026-03-17T06:00:00+0000_45.2450
GDBDCL,Godavari at Bhadrachalam,Godavari,2026-03-17 07:00:00+00:00,45.26468110731774,NORMAL,47.5,48.5,53.0,17.66865,80.87403,GDBDCL_2026-03-17T07:00:00+0000_45.2647
GDBDCL,Godavari at Bhadrachalam,Godavari,2026-03-17 08:00:00+00:00,45.252440854000376,NORMAL,47.5,48.5,53.0,17.66865,80.87403,GDBDCL_2026-03-17T08:00:00+0000_45.2524
GDBDCL,Godavari at Bhadrachalam,Godavari,2026-03-17 09:00:00+00:00,45.18620345298789,NORMAL,47.5,48.5,53.0,17.66865,80.87403,GDBDCL_2026-03-17T09:00:00+0000_45.1862
GDBDCL,Godavari at Bhadrachalam,Godavari,2026-03-17 10:00:00+00:00,45.09088506390616,NORMAL,47.5,48.5,53.0,17.66865,80.87403,GDBDCL_2026-03-17T10:00:00+0000_45.0909
GDBDCL,Godavari at Bhadrachalam,Godavari,2026-03-17 11:00:00+00:00,45.10503834091868,NORMAL,47.5,48.5,53.0,17.66865,80.87403,GDBDCL_2026-03-17T11:00:00+0000_45.1050
GDBDCL,Godavari at Bhadrachalam,Godavari,2026-03-17 12:00:00+00:00,45.10382468873368,NORMAL,47.5,48.5,53.0,17.66865,80.87403,GDBDCL_2026-03-17T12:00:00+0000_45.1038
GDBDCL,Godavari at Bhadrachalam,Godavari,2026-03-17 13:00:00+00:00,45.06637122155195,NORMAL,47.5,48.5,53.0,17.66865,80.87403,GDBDCL_2026-03-17T13:00:00+0000_45.0664
GDBDCL,Godavari at Bhadrachalam,Godavari,2026-03-17 14:00:00+00:00,45.12371181930162,NORMAL,47.5,48.5,53.0,17.66865,80.87403,GDBDCL_2026-03-17T14:00:00+0000_45.1237
GDBDCL,Godavari at Bhadrachalam,Godavari,2026-03-17 15:00:00+00:00,45.14114203320071,NORMAL,47.5,48.5,53.0,17.66865,80.87403,GDBDCL_2026-03-17T15:00:00+0000_45.1411
GDBDCL,Godavari at Bhadrachalam,Godavari,2026-03-17 16:00:00+00:00,45.108887263312525,NORMAL,47.5,48.5,53.0,17.66865,80.87403,GDBDCL_2026-03-17T16:00:00+0000_45.1089
GDBDCL,Godavari at Bhadrachalam,Godavari,2026-03-17 17:00:00+00:00,45.15756538001519,NORMAL,47.5,48.5,53.0,17.66865,80.87403,GDBDCL_2026-03-17T17:00:00+0000_45.1576
GDBDCL,Godavari at Bhadrachalam,Godavari,2026-03-17 18:00:00+00:00,45.13933796991207,NORMAL,47.5,48.5,53.0,17.66865,80.87403,GDBDCL_2026-03-17T18:00:00+0000_45.1393
GDBDCL,Godavari at Bhadrachalam,Godavari,2026-03-17 19:00:00+00:00,,,47.5,48.5,53.0,17.66865,80.87403,GDBDCL_2026-03-17T19:00:00+0000_
GDBDCL,Godavari at Bhadrachalam,Godavari,2026-03-17 20:00:00+00:00,45.249470397967535,NORMAL,47.5,48.5,53.0,17.66865,80.87403,GDBDCL_2026-03-17T20:00:00+0000_45.2495
GDBDCL,Godavari at Bhadrachalam,Godavari,2026-03-17 21:00:00+00:00,45.280081583458895,NORMAL,47.5,48.5,53.0,17.66865,80.87403,GDBDCL_2026-03-17T21:00:00+0000_45.2801
GDBDCL,Godavari at Bhadrachalam,Godavari,2026-03-17 22:00:00+00:00,45.26745654692112,NORMAL,47.5,48.5,53.0,17.66865,80.87403,GDBDCL_2026-03-17T22:00:00+0000_45.2675
GDBDCL,Godavari at Bhadrachalam,Godavari,2026-03-17 23:00:00+00:00,45.37055185428844,NORMAL,47.5,48.5,53.0,17.66865,80.87403,GDBDCL_2026-03-17T23:00:00+0000_45.3706
GDBDCL,Godavari at Bhadrachalam,Godavari,2026-03-18 00:00:00+00:00,45.40576898583471,NORMAL,47.5,48.5,53.0,17.66865,80.87403,GDBDCL_2026-03-18T00:00:00+0000_45.4058
GDBDCL,Godavari at Bhadrachalam,Godavari,2026-03-18 01:00:00+00:00,45.3944463525664,NORMAL,47.5,48.5,53.0,17.66865,80.87403,GDBDCL_2026-03-18T01:00:00+0000_45.3944
GDBDCL,Godavari at Bhadrachalam,Godavari,2026-03-18 02:00:00+00:00,45.38926207106311,NORMAL,47.5,48.5,53.0,17.66865,80.87403,GDBDCL_2026-03-18T02:00:00+0000_45.3893
GDBDCL,Godavari at Bhadrachalam,Godavari,2026-03-18 03:00:00+00:00,45.39466887160064,NORMAL,47.5,48.5,53.0,17.66865,80.87403,GDBDCL_2026-03-18T03:00:00+0000_45.3947
GDBDCL,Godavari at Bhadrachalam,Godavari,2026-03-18 04:00:00+00:00,45.352766990683385,NORMAL,47.5,48.5,53.0,17.66865,80.87403,GDBDCL_2026-03-18T04:00:00+0000_45.3528
GDBDCL,Godavari at Bhadrachalam,Godavari,2026-03-18 05:00:00+00:00,45.287314891302906,NORMAL,47.5,48.5,53.0,17.66865,80.87403,GDBDCL_2026-03-18T05:00:00+0000_45.2873
GDBDCL,Godavari at Bhadrachalam,Godavari,2026-03-18 06:00:00+00:00,45.32782601848645,NORMAL,47.5,48.5,53.0,17.66865,80.87403,GDBDCL_2026-03-18T06:00:00+0000_45.3278
GDBDCL,Godavari at Bhadrachalam,Godavari,2026-03-18 07:00:00+00:00,45.269809149955286,NORMAL,47.5,48.5,53.0,17.66865,80.87403,GDBDCL_2026-03-18T07:00:00+0000_45.2698
GDBDCL,Godavari at Bhadrachalam,Godavari,2026-03-18 08:00:00+00:00,45.23753506165362,NORMAL,47.5,48.5,53.0,17.66865,80.87403,GDBDCL_2026-03-18T08:00:00+0000_45.2375
GDBDCL,Godavari at Bhadrachalam,Godavari,2026-03-18 09:00:00+00:00,45.20287610840033,NORMAL,47.5,48.5,53.0,17.66865,80.87403,GDBDCL_2026-03-18T09:00:00+0000_45.2029
GDBDCL,Godavari at Bhadrachalam,Godavari,2026-03-18 10:00:00+00:00,45.17010695453657,NORMAL,47.5,48.5,53.0,17.66865,80.87403,GDBDCL_2026-03-18T10:00:00+0000_45.1701
GDBDCL,Godavari at Bhadrachalam,Godavari,2026-03-18 11:00:00+00:00,45.08755832402996,NORMAL,47.5,48.5,53.0,17.66865,80.87403,GDBDCL_2026-03-18T11:00:00+0000_45.0876
GDBDCL,Godavari at Bhadrachalam,Godavari,2026-03-18 12:00:00+00:00,45.07228405768613,NORMAL,47.5,48.5,53.0,17.66865,80.87403,GDBDCL_2026-03-18T12:00:00+0000_45.0723
GDBDCL,Godavari at Bhadrachalam,Godavari,2026-03-18 13:00:00+00:00,45.14046346915158,NORMAL,47.5,48.5,53.0,17.66865,80.87403,GDBDCL_2026-03-18T13:00:00+0000_45.1405
GDBDCL,Godavari at Bhadrachalam,Godavari,2026-03-18 14:00:00+00:00,45.11436721279773,NORMAL,47.5,48.5,53.0,17.66865,80.87403,GDBDCL_2026-03-18T14:00:00+0000_45.1144
GDBDCL,Godavari at Bhadrachalam,Godavari,2026-03-18 15:00:00+00:00,45.09786428696387,NORMAL,47.5,48.5,53.0,17.66865,80.87403,GDBDCL_2026-03-18T15:00:00+0000_45.0979
GDBDCL,Godavari at Bhadrachalam,Godavari,2026-03-18 16:00:00+00:00,45.12643009857611,NORMAL,47.5,48.5,53.0,17.66865,80.87403,GDBDCL_2026-03-18T16:00:00+0000_45.1264
GDBDCL,Godavari at Bhadrachalam,Godavari,2026-03-18 17:00:00+00:00,45.16504364487371,NORMAL,47.5,48.5,53.0,17.66865,80.87403,GDBDCL_2026-03-18T17:00:00+0000_45.1650
GDBDCL,Godavari at Bhadrachalam,Godavari,2026-03-18 18:00:00+00:00,45.17591285514096,NORMAL,47.5,48.5,53.0,17.66865,80.87403,GDBDCL_2026-03-18T18:00:00+0000_45.1759
GDBDCL,Godavari at Bhadrachalam,Godavari,2026-03-18 19:00:00+00:00,45.18786347272,NORMAL,47.5,48.5,53.0,17.66865,80.87403,GDBDCL_2026-03-18T19:00:00+0000_45.1879
GDBDCL,Godavari at Bhadrachalam,Godavari,2026-03-18 20:00:00+00:00,45.29029959873753,NORMAL,47.5,48.5,53.0,17.66865,80.87403,GDBDCL_2026-03-18T20:00:00+0000_45.2903
GDBDCL,Godavari at Bhadrachalam,Godavari,2026-03-18 21:00:00+00:00,45.25861094721967,NORMAL,47.5,48.5,53.0,17.66865,80.87403,GDBDCL_2026-03-18T21:00:00+0000_45.2586
GDBDCL,Godavari at Bhadrachalam,Godavari,2026-03-18 22:00:00+00:00,45.2919118771836,NORMAL,47.5,48.5,53.0,17.66865,80.87403,GDBDCL_2026-03-18T22:00:00+0000_45.2919
GDBDCL,Godavari at Bhadrachalam,Godavari,2026-03-18 23:00:00+00:00,45.38223291255902,NORMAL,47.5,48.5,53.0,17.66865,80.87403,GDBDCL_2026-03-18T23:00:00+0000_45.3822
GDBDCL,Godavari at Bhadrachalam,Godavari,2026-03-19 00:00:00+00:00,45.37554252194688,NORMAL,47.5,48.5,53.0,17.66865,80.87403,GDBDCL_2026-03-19T00:00:00+0000_45.3755
GDBDCL,Godavari at Bhadrachalam,Godavari,2026-03-19 01:00:00+00:00,45.41030541332799,NORMAL,47.5,48.5,53.0,17.66865,80.87403,GDBDCL_2026-03-19T01:00:00+0000_45.4103
GDBDCL,Godavari at Bhadrachalam,Godavari,2026-03-19 02:00:00+00:00,45.35745472128835,NORMAL,47.5,48.5,53.0,17.66865,80.87403,GDBDCL_2026-03-19T02:00:00+0000_45.3575
GDBDCL,Godavari at Bhadrachalam,Godavari,2026-03-19 03:00:00+00:00,45.39668896709776,NORMAL,47.5,48.5,53.0,17.66865,80.87403,GDBDCL_2026-03-19T03:00:00+0000_45.3967
GDBDCL,Godavari at Bhadrachalam,Godavari,2026-03-19 04:00:00+00:00,45.40100824241608,NORMAL,47.5,48.5,53.0,17.66865,80.87403,GDBDCL_2026-03-19T04:00:00+0000_45.4010
GDBDCL,Godavari at Bhadrachalam,Godavari,2026-03-19 05:00:00+00:00,45.30029790275323,NORMAL,47.5,48.5,53.0,17.66865,80.87403,GDBDCL_2026-03-19T05:00:00+0000_45.3003
GDBDCL,Godavari at Bhadrachalam,Godavari,2026-03-19 06:00:00+00:00,45.259971876712754,NORMAL,47.5,48.5,53.0,17.66865,80.87403,GDBDCL_2026-03-19T06:00:00+0000_45.2600
GDBDCL,Godavari at Bhadrachalam,Godavari,2026-03-19 07:00:00+00:00,45.2975951418512,NORMAL,47.5,48.5,53.0,17.66865,80.87403,GDBDCL_2026-03-19T07:00:00+0000_45.2976
GDBDCL,Godavari at Bhadrachalam,Godavari,2026-03-19 08:00:00+00:00,45.232212879254725,NORMAL,47.5,48.5,53.0,17.66865,80.87403,GDBDCL_2026-03-19T08:00:00+0000_45.2322
GDBDCL,Godavari at Bhadrachalam,Godavari,2026-03-19 09:00:00+00:00,45.17402623573368,NORMAL,47.5,48.5,53.0,17.66865,80.87403,GDBDCL_2026-03-19T09:00:00+0000_45.1740
GDBDCL,Godavari at Bhadrachalam,Godavari,2026-03-19 10:00:00+00:00,45.176075130065975,NORMAL,47.5,48.5,53.0,17.66865,80.87403,GDBDCL_2026-03-19T10:00:00+0000_45.1761
GDBDCL,Godavari at Bhadrachalam,Godavari,2026-03-19 11:00:00+00:00,45.08304904822927,NORMAL,47.5,48.5,53.0,17.66865,80.87403,GDBDCL_2026-03-19T11:00:00+0000_45.0830
GDBDCL,Godavari at Bhadrachalam,Godavari,2026-03-19 12:00:00+00:00,45.095813495050905,NORMAL,47.5,48.5,53.0,17.66865,80.87403,GDBDCL_2026-03-19T12:00:00+0000_45.0958
GDBDCL,Godavari at Bhadrachalam,Godavari,2026-03-19 13:00:00+00:00,45.09725498135569,NORMAL,47.5,48.5,53.0,17.66865,80.87403,GDBDCL_2026-03-19T13:00:00+0000_45.0973
GDBDCL,Godavari at Bhadrachalam,Godavari,2026-03-19 14:00:00+00:00,45.08652494037376,NORMAL,47.5,48.5,53.0,17.66865,80.87403,GDBDCL_2026-03-19T14:00:00+0000_45.0865
GDBDCL,Godavari at Bhadrachalam,Godavari,2026-03-19 15:00:00+00:00,45.10931688447349,NORMAL,47.5,48.5,53.0,17.66865,80.87403,GDBDCL_2026-03-19T15:00:00+0000_45.1093
GDBDCL,Godavari at Bhadrachalam,Godavari,2026-03-19 16:00:00+00:00,45.14479867902292,NORMAL,47.5,48.5,53.0,17.66865,80.87403,GDBDCL_2026-03-19T16:00:00+0000_45.1448
GDBDCL,Godavari at Bhadrachalam,Godavari,2026-03-19 17:00:00+00:00,,,47.5,48.5,53.0,17.66865,80.87403,GDBDCL_2026-03-19T17:00:00+0000_
GDBDCL,Godavari at Bhadrachalam,Godavari,2026-03-19 18:00:00+00:00,45.13814664225738,NORMAL,47.5,48.5,53.0,17.66865,80.87403,GDBDCL_2026-03-19T18:00:00+0000_45.1381
GDBDCL,Godavari at Bhadrachalam,Godavari,2026-03-19 19:00:00+00:00,45.25266786655064,NORMAL,47.5,48.5,53.0,17.66865,80.87403,GDBDCL_2026-03-19T19:00:00+0000_45.2527
GDBDCL,Godavari at Bhadrachalam,Godavari,2026-03-19 20:00:00+00:00,45.20457940108729,NORMAL,47.5,48.5,53.0,17.66865,80.87403,GDBDCL_2026-03-19T20:00:00+0000_45.2046
GDBDCL,Godavari at Bhadrachalam,Godavari,2026-03-19 21:00:00+00:00,45.25834981433791,NORMAL,47.5,48.5,53.0,17.66865,80.87403,GDBDCL_2026-03-19T21:00:00+0000_45.2583
GDBDCL,Godavari at Bhadrachalam,Godavari,2026-03-19 22:00:00+00:00,45.29332764157665,NORMAL,47.5,48.5,53.0,17.66865,80.87403,GDBDCL_2026-03-19T22:00:00+0000_45.2933
GDBDCL,Godavari at Bhadrachalam,Godavari,2026-03-19 23:00:00+00:00,45.35252828347968,NORMAL,47.5,48.5,53.0,17.66865,80.87403,GDBDCL_2026-03-19T23:00:00+0000_45.3525
GDBDCL,Godavari at Bhadrachalam,Godavari,2026-03-20 00:00:00+00:00,45.38865361914752,NORMAL,47.5,48.5,53.0,17.66865,80.87403,GDBDCL_2026-03-20T00:00:00+0000_45.3887
GDBDCL,Godavari at Bhadrachalam,Godavari,2026-03-20 01:00:00+00:00,45.362608711932815,NORMAL,47.5,48.5,53.0,17.66865,80.87403,GDBDCL_2026-03-20T01:00:00+0000_45.3626
GDBDCL,Godavari at Bhadrachalam,Godavari,2026-03-20 02:00:00+00:00,45.40908345036699,NORMAL,47.5,48.5,53.0,17.66865,80.87403,GDBDCL_2026-03-20T02:00:00+0000_45.4091
GDBDCL,Godavari at Bhadrachalam,Godavari,2026-03-20 03:00:00+00:00,45.404649099704926,NORMAL,47.5,48.5,53.0,17.66865,80.87403,GDBDCL_2026-03-20T03:00:00+0000_45.4046
GDBDCL,Godavari at Bhadrachalam,Godavari,2026-03-20 04:00:00+00:00,45.34347721438009,NORMAL,47.5,48.5,53.0,17.66865,80.87403,GDBDCL_2026-03-20T04:00:00+0000_45.3435
GDBDCL,Godavari at Bhadrachalam,Godavari,2026-03-20 05:00:00+00:00,45.3296432135723,NORMAL,47.5,48.5,53.0,17.66865,80.87403,GDBDCL_2026-03-20T05:00:00+0000_45.3296
GDBDCL,Godavari at Bhadrachalam,Godavari,2026-03-20 06:00:00+00:00,45.28708915008704,NORMAL,47.5,48.5,53.0,17.66865,80.87403,GDBDCL_2026-03-20T06:00:00+0000_45.2871
GDBDCL,Godavari at Bhadrachalam,Godavari,2026-03-20 07:00:00+00:00,45.284589379826585,NORMAL,47.5,48.5,53.0,17.66865,80.87403,GDBDCL_2026-03-20T07:00:00+0000_45.2846
GDBDCL,Godavari at Bhadrachalam,Godavari,2026-03-20 08:00:00+00:00,45.21039591245597,NORMAL,47.5,48.5,53.0,17.66865,80.87403,GDBDCL_2026-03-20T08:00:00+0000_45.2104
GDBDCL,Godavari at Bhadrachalam,Godavari,2026-03-20 09:00:00+00:00,45.16541473669803,NORMAL,47.5,48.5,53.0,17.66865,80.87403,GDBDCL_2026-03-20T09:00:00+0000_45.1654
GDBDCL,Godavari at Bhadrachalam,Godavari,2026-03-20 10:00:00+00:00,45.20790089927424,NORMAL,47.5,48.5,53.0,17.66865,80.87403,GDBDCL_2026-03-20T10:00:00+0000_45.2079
GDBDCL,Godavari at Bhadrachalam,Godavari,2026-03-20 11:00:00+00:00,45.11400601484699,NORMAL,47.5,48.5,53.0,17.66865,80.87403,GDBDCL_2026-03-20T11:00:00+0000_45.1140
GDBDCL,Godavari at Bhadrachalam,Godavari,2026-03-20 12:00:00+00:00,45.14226640764503,NORMAL,47.5,48.5,53.0,17.66865,80.87403,GDBDCL_2026-03-20T12:00:00+0000_45.1423
GDBDCL,Godavari at Bhadrachalam,Godavari,2026-03-20 13:00:00+00:00,45.15455452461363,NORMAL,47.5,48.5,53.0,17.66865,80.87403,GDBDCL_2026-03-20T13:00:00+0000_45.1546
GDBDCL,Godavari at Bhadrachalam,Godavari,2026-03-20 14:00:00+00:00,45.09264895558028,NORMAL,47.5,48.5,53.0,17.66865,80.87403,GDBDCL_2026-03-20T14:00:00+0000_45.0926
GDBDCL,Godavari at Bhadrachalam,Godavari,2026-03-20 15:00:00+00:00,45.13480997420525,NORMAL,47.5,48.5,53.0,17.66865,80.87403,GDBDCL_2026-03-20T15:00:00+0000_45.1348
GDBDCL,Godavari at Bhadrachalam,Godavari,2026-03-20 16:00:00+00:00,45.1333271297079,NORMAL,47.5,48.5,53.0,17.66865,80.87403,GDBDCL_2026-03-20T16:00:00+0000_45.1333
GDBDCL,Godavari at Bhadrachalam,Godavari,2026-03-20 17:00:00+00:00,45.20472173830918,NORMAL,47.5,48.5,53.0,17.66865,80.87403,GDBDCL_2026-03-20T17:00:00+0000_45.2047
GDBDCL,Godavari at Bhadrachalam,Godavari,2026-03-20 18:00:00+00:00,45.17477291197898,NORMAL,47.5,48.5,53.0,17.66865,80.87403,GDBDCL_2026-03-20T18:00:00+0000_45.1748
GDBDCL,Godavari at Bhadrachalam,Godavari,2026-03-20 19:00:00+00:00,45.199116328370415,NORMAL,47.5,48.5,53.0,17.66865,80.87403,GDBDCL_2026-03-20T19:00:00+0000_45.1991
GDBDCL,Godavari at Bhadrachalam,Godavari,2026-03-20 20:00:00+00:00,45.23074623256187,NORMAL,47.5,48.5,53.0,17.66865,80.87403,GDBDCL_2026-03-20T20:00:00+0000_45.2307
GDBDCL,Godavari at Bhadrachalam,Godavari,2026-03-20 21:00:00+00:00,45.268991924556005,NORMAL,47.5,48.5,53.0,17.66865,80.87403,GDBDCL_2026-03-20T21:00:00+0000_45.2690
GDBDCL,Godavari at Bhadrachalam,Godavari,2026-03-20 22:00:00+00:00,45.37528172890117,NORMAL,47.5,48.5,53.0,17.66865,80.87403,GDBDCL_2026-03-20T22:00:00+0000_45.3753
GDBDCL,Godavari at Bhadrachalam,Godavari,2026-03-20 23:00:00+00:00,45.318990728635725,NORMAL,47.5,48.5,53.0,17.66865,80.87403,GDBDCL_2026-03-20T23:00:00+0000_45.3190
GDBDCL,Godavari at Bhadrachalam,Godavari,2026-03-21 00:00:00+00:00,45.33256824918447,NORMAL,47.5,48.5,53.0,17.66865,80.87403,GDBDCL_2026-03-21T00:00:00+0000_45.3326
GDBDCL,Godavari at Bhadrachalam,Godavari,2026-03-21 01:00:00+00:00,45.418545269577976,NORMAL,47.5,48.5,53.0,17.66865,80.87403,GDBDCL_2026-03-21T01:00:00+0000_45.4185
GDBDCL,Godavari at Bhadrachalam,Godavari,2026-03-21 02:00:00+00:00,45.40750111243289,NORMAL,47.5,48.5,53.0,17.66865,80.87403,GDBDCL_2026-03-21T02:00:00+0000_45.4075
GDBDCL,Godavari at Bhadrachalam,Godavari,2026-03-21 03:00:00+00:00,45.41079795210778,NORMAL,47.5,48.5,53.0,17.66865,80.87403,GDBDCL_2026-03-21T03:00:00+0000_45.4108
GDBDCL,Godavari at Bhadrachalam,Godavari,2026-03-21 04:00:00+00:00,45.33415742896975,NORMAL,47.5,48.5,53.0,17.66865,80.87403,GDBDCL_2026-03-21T04:00:00+0000_45.3342
GDBDCL,Godavari at Bhadrachalam,Godavari,2026-03-21 05:00:00+00:00,45.307868756138014,NORMAL,47.5,48.5,53.0,17.66865,80.87403,GDBDCL_2026-03-21T05:00:00+0000_45.3079
GDBDCL,Godavari at Bhadrachalam,Godavari,2026-03-21 06:00:00+00:00,45.33469400410047,NORMAL,47.5,48.5,53.0,17.66865,80.87403,GDBDCL_2026-03-21T06:00:00+0000_45.3347
GDBDCL,Godavari at Bhadrachalam,Godavari,2026-03-21 07:00:00+00:00,45.26028556709552,NORMAL,47.5,48.5,53.0,17.66865,80.87403,GDBDCL_2026-03-21T07:00:00+0000_45.2603
GDBDCL,Godavari at Bhadrachalam,Godavari,2026-03-21 08:00:00+00:00,45.18678928590951,NORMAL,47.5,48.5,53.0,17.66865,80.87403,GDBDCL_2026-03-21T08:00:00+0000_45.1868
GDBDCL,Godavari at Bhadrachalam,Godavari,2026-03-21 09:00:00+00:00,45.1668611077787,NORMAL,47.5,48.5,53.0,17.66865,80.87403,GDBDCL_2026-03-21T09:00:00+0000_45.1669
GDBDCL,Godavari at Bhadrachalam,Godavari,2026-03-21 10:00:00+00:00,45.11762189060425,NORMAL,47.5,48.5,53.0,17.66865,80.87403,GDBDCL_2026-03-21T10:00:00+0000_45.1176
GDBDCL,Godavari at Bhadrachalam,Godavari,2026-03-21 11:00:00+00:00,45.13578016423241,NORMAL,47.5,48.5,53.0,17.66865,80.87403,GDBDCL_2026-03-21T11:00:00+0000_45.1358
GDBDCL,Godavari at Bhadrachalam,Godavari,2026-03-21 12:00:00+00:00,45.17111272703212,NORMAL,47.5,48.5,53.0,17.66865,80.87403,GDBDCL_2026-03-21T12:00:00+0000_45.1711
GDBDCL,Godavari at Bhadrachalam,Godavari,2026-03-21 13:00:00+00:00,45.09901072345139,NORMAL,47.5,48.5,53.0,17.66865,80.87403,GDBDCL_2026-03-21T13:00:00+0000_45.0990
GDBDCL,Godavari at Bhadrachalam,Godavari,2026-03-21 14:00:00+00:00,45.14102663481824,NORMAL,47.5,48.5,53.0,17.66865,80.87403,GDBDCL_2026-03-21T14:00:00+0000_45.1410
GDBDCL,Godavari at Bhadrachalam,Godavari,2026-03-21 15:00:00+00:00,45.10971144260271,NORMAL,47.5,48.5,53.0,17.66865,80.87403,GDBDCL_2026-03-21T15:00:00+0000_45.1097
GDBDCL,Godavari at Bhadrachalam,Godavari,2026-03-21 16:00:00+00:00,45.15263739445976,NORMAL,47.5,48.5,53.0,17.66865,80.87403,GDBDCL_2026-03-21T16:00:00+0000_45.1526
GDBDCL,Godavari at Bhadrachalam,Godavari,2026-03-21 17:00:00+00:00,45.15300631893936,NORMAL,47.5,48.5,53.0,17.66865,80.87403,GDBDCL_2026-03-21T17:00:00+0000_45.1530
GDBDCL,Godavari at Bhadrachalam,Godavari,2026-03-21 18:00:00+00:00,45.20281291858759,NORMAL,47.5,48.5,53.0,17.66865,80.87403,GDBDCL_2026-03-21T18:00:00+0000_45.2028
GDBDCL,Godavari at Bhadrachalam,Godavari,2026-03-21 19:00:00+00:00,45.27241978887192,NORMAL,47.5,48.5,53.0,17.66865,80.87403,GDBDCL_2026-03-21T19:00:00+0000_45.2724
GDBDCL,Godavari at Bhadrachalam,Godavari,2026-03-21 20:00:00+00:00,45.22835104828477,NORMAL,47.5,48.5,53.0,17.66865,80.87403,GDBDCL_2026-03-21T20:00:00+0000_45.2284
GDBDCL,Godavari at Bhadrachalam,Godavari,2026-03-21 21:00:00+00:00,45.3417267915364,NORMAL,47.5,48.5,53.0,17.66865,80.87403,GDBDCL_2026-03-21T21:00:00+0000_45.3417
GDBDCL,Godavari at Bhadrachalam,Godavari,2026-03-21 22:00:00+00:00,45.329544259053314,NORMAL,47.5,48.5,53.0,17.66865,80.87403,GDBDCL_2026-03-21T22:00:00+0000_45.3295
GDBDCL,Godavari at Bhadrachalam,Godavari,2026-03-21 23:00:00+00:00,45.38502180622664,NORMAL,47.5,48.5,53.0,17.66865,80.87403,GDBDCL_2026-03-21T23:00:00+0000_45.3850
GDBDCL,Godavari at Bhadrachalam,Godavari,2026-03-22 00:00:00+00:00,45.421254226831,NORMAL,47.5,48.5,53.0,17.66865,80.87403,GDBDCL_2026-03-22T00:00:00+0000_45.4213
GDBDCL,Godavari at Bhadrachalam,Godavari,2026-03-22 01:00:00+00:00,45.416237760048574,NORMAL,47.5,48.5,53.0,17.66865,80.87403,GDBDCL_2026-03-22T01:00:00+0000_45.4162
GDBDCL,Godavari at Bhadrachalam,Godavari,2026-03-22 02:00:00+00:00,45.43900361093189,NORMAL,47.5,48.5,53.0,17.66865,80.87403,GDBDCL_2026-03-22T02:00:00+0000_45.4390
GDBDCL,Godavari at Bhadrachalam,Godavari,2026-03-22 03:00:00+00:00,45.36521015757437,NORMAL,47.5,48.5,53.0,17.66865,80.87403,GDBDCL_2026-03-22T03:00:00+0000_45.3652
GDBDCL,Godavari at Bhadrachalam,Godavari,2026-03-22 04:00:00+00:00,45.37658565461487,NORMAL,47.5,48.5,53.0,17.66865,80.87403,GDBDCL_2026-03-22T04:00:00+0000_45.3766
GDBDCL,Godavari at Bhadrachalam,Godavari,2026-03-22 05:00:00+00:00,45.34907806424069,NORMAL,47.5,48.5,53.0,17.66865,80.87403,GDBDCL_2026-03-22T05:00:00+0000_45.3491
GDBDCL,Godavari at Bhadrachalam,Godavari,2026-03-22 06:00:00+00:00,45.35678679605194,NORMAL,47.5,48.5,53.0,17.66865,80.87403,GDBDCL_2026-03-22T06:00:00+0000_45.3568
GDBDCL,Godavari at Bhadrachalam,Godavari,2026-03-22 07:00:00+00:00,45.24401427900175,NORMAL,47.5,48.5,53.0,17.66865,80.87403,GDBDCL_2026-03-22T07:00:00+0000_45.2440
GDBDCL,Godavari at Bhadrachalam,Godavari,2026-03-22 08:00:00+00:00,45.24433524459872,NORMAL,47.5,48.5,53.0,17.66865,80.87403,GDBDCL_2026-03-22T08:00:00+0000_45.2443
GDBDCL,Godavari at Bhadrachalam,Godavari,2026-03-22 09:00:00+00:00,45.18507465643607,NORMAL,47.5,48.5,53.0,17.66865,80.87403,GDBDCL_2026-03-22T09:00:00+0000_45.1851
GDBDCL,Godavari at Bhadrachalam,Godavari,2026-03-22 10:00:00+00:00,45.20454881019417,NORMAL,47.5,48.5,53.0,17.66865,80.87403,GDBDCL_2026-03-22T10:00:00+0000_45.2045
GDBDCL,Godavari at Bhadrachalam,Godavari,2026-03-22 11:00:00+00:00,,,47.5,48.5,53.0,17.66865,80.87403,GDBDCL_2026-03-22T11:00:00+0000_
GDBDCL,Godavari at Bhadrachalam,Godavari,2026-03-22 12:00:00+00:00,45.09824371215578,NORMAL,47.5,48.5,53.0,17.66865,80.87403,GDBDCL_2026-03-22T12:00:00+0000_45.0982
GDBDCL,Godavari at Bhadrachalam,Godavari,2026-03-22 13:00:00+00:00,45.103185513830695,NORMAL,47.5,48.5,53.0,17.66865,80.87403,GDBDCL_2026-03-22T13:00:00+0000_45.1032
GDBDCL,Godavari at Bhadrachalam,Godavari,2026-03-22 14:00:00+00:00,45.14836540652076,NORMAL,47.5,48.5,53.0,17.66865,80.87403,GDBDCL_2026-03-22T14:00:00+0000_45.1484
GDBDCL,Godavari at Bhadrachalam,Godavari,2026-03-22 15:00:00+00:00,45.07954080468441,NORMAL,47.5,48.5,53.0,17.66865,80.87403,GDBDCL_2026-03-22T15:00:00+0000_45.0795
GDBDCL,Godavari at Bhadrachalam,Godavari,2026-03-22 16:00:00+00:00,45.10216942254404,NORMAL,47.5,48.5,53.0,17.66865,80.87403,GDBDCL_2026-03-22T16:00:00+0000_45.1022
GDBDCL,Godavari at Bhadrachalam,Godavari,2026-03-22 17:00:00+00:00,45.17636629251964,NORMAL,47.5,48.5,53.0,17.66865,80.87403,GDBDCL_2026-03-22T17:00:00+0000_45.1764
GDBDCL,Godavari at Bhadrachalam,Godavari,2026-03-22 18:00:00+00:00,45.1625410250554,NORMAL,47.5,48.5,53.0,17.66865,80.87403,GDBDCL_2026-03-22T18:00:00+0000_45.1625
GDBDCL,Godavari at Bhadrachalam,Godavari,2026-03-22 19:00:00+00:00,45.26163222726899,NORMAL,47.5,48.5,53.0,17.66865,80.87403,GDBDCL_2026-03-22T19:00:00+0000_45.2616
GDBDCL,Godavari at Bhadrachalam,Godavari,2026-03-22 20:00:00+00:00,,,47.5,48.5,53.0,17.66865,80.87403,GDBDCL_2026-03-22T20:00:00+0000_
GDBDCL,Godavari at Bhadrachalam,Godavari,2026-03-22 21:00:00+00:00,45.29307315037761,NORMAL,47.5,48.5,53.0,17.66865,80.87403,GDBDCL_2026-03-22T21:00:00+0000_45.2931
GDBDCL,Godavari at Bhadrachalam,Godavari,2026-03-22 22:00:00+00:00,45.37993643557143,NORMAL,47.5,48.5,53.0,17.66865,80.87403,GDBDCL_2026-03-22T22:00:00+0000_45.3799
GDBDCL,Godavari at Bhadrachalam,Godavari,2026-03-22 23:00:00+00:00,45.332068334077256,NORMAL,47.5,48.5,53.0,17.66865,80.87403,GDBDCL_2026-03-22T23:00:00+0000_45.3321
GDBDCL,Godavari at Bhadrachalam,Godavari,2026-03-23 00:00:00+00:00,45.40702849276611,NORMAL,47.5,48.5,53.0,17.66865,80.87403,GDBDCL_2026-03-23T00:00:00+0000_45.4070
GDBDCL,Godavari at Bhadrachalam,Godavari,2026-03-23 01:00:00+00:00,45.43947781945492,NORMAL,47.5,48.5,53.0,17.66865,80.87403,GDBDCL_2026-03-23T01:00:00+0000_45.4395
GDBDCL,Godavari at Bhadrachalam,Godavari,2026-03-23 02:00:00+00:00,45.4065822025454,NORMAL,47.5,48.5,53.0,17.66865,80.87403,GDBDCL_2026-03-23T02:00:00+0000_45.4066
GDBDCL,Godavari at Bhadrachalam,Godavari,2026-03-23 03:00:00+00:00,45.3645970965752,NORMAL,47.5,48.5,53.0,17.66865,80.87403,GDBDCL_2026-03-23T03:00:00+0000_45.3646
GDBDCL,Godavari at Bhadrachalam,Godavari,2026-03-23 04:00:00+00:00,45.33901890546949,NORMAL,47.5,48.5,53.0,17.66865,80.87403,GDBDCL_2026-03-23T04:00:00+0000_45.3390
GDBDCL,Godavari at Bhadrachalam,Godavari,2026-03-23 05:00:00+00:00,45.33032981343724,NORMAL,47.5,48.5,53.0,17.66865,80.87403,GDBDCL_2026-03-23T05:00:00+0000_45.3303
GDBDCL,Godavari at Bhadrachalam,Godavari,2026-03-23 06:00:00+00:00,45.305838939952686,NORMAL,47.5,48.5,53.0,17.66865,80.87403,GDBDCL_2026-03-23T06:00:00+0000_45.3058
GDBDCL,Godavari at Bhadrachalam,Godavari,2026-03-23 07:00:00+00:00,45.25618929023493,NORMAL,47.5,48.5,53.0,17.66865,80.87403,GDBDCL_2026-03-23T07:00:00+0000_45.2562
GDBDCL,Godavari at Bhadrachalam,Godavari,2026-03-23 08:00:00+00:00,45.228746354925455,NORMAL,47.5,48.5,53.0,17.66865,80.87403,GDBDCL_2026-03-23T08:00:00+0000_45.2287
GDBDCL,Godavari at Bhadrachalam,Godavari,2026-03-23 09:00:00+00:00,45.21062898410344,NORMAL,47.5,48.5,53.0,17.66865,80.87403,GDBDCL_2026-03-23T09:00:00+0000_45.2106
GDBDCL,Godavari at Bhadrachalam,Godavari,2026-03-23 10:00:00+00:00,45.152443987478186,NORMAL,47.5,48.5,53.0,17.66865,80.87403,GDBDCL_2026-03-23T10:00:00+0000_45.1524
GDBDCL,Godavari at Bhadrachalam,Godavari,2026-03-23 11:00:00+00:00,45.19176556893527,NORMAL,47.5,48.5,53.0,17.66865,80.87403,GDBDCL_2026-03-23T11:00:00+0000_45.1918
GDBDCL,Godavari at Bhadrachalam,Godavari,2026-03-23 12:00:00+00:00,45.16646156177319,NORMAL,47.5,48.5,53.0,17.66865,80.87403,GDBDCL_2026-03-23T12:00:00+0000_45.1665
GDBDCL,Godavari at Bhadrachalam,Godavari,2026-03-23 13:00:00+00:00,45.09815146064267,NORMAL,47.5,48.5,53.0,17.66865,80.87403,GDBDCL_2026-03-23T13:00:00+0000_45.0982
GDBDCL,Godavari at Bhadrachalam,Godavari,2026-03-23 14:00:00+00:00,45.07475781647494,NORMAL,47.5,48.5,53.0,17.66865,80.87403,GDBDCL_2026-03-23T14:00:00+0000_45.0748
GDBDCL,Godavari at Bhadrachalam,Godavari,2026-03-23 15:00:00+00:00,45.13402539312293,NORMAL,47.5,48.5,53.0,17.66865,80.87403,GDBDCL_2026-03-23T15:00:00+0000_45.1340
GDBDCL,Godavari at Bhadrachalam,Godavari,2026-03-23 16:00:00+00:00,45.18321591870761,NORMAL,47.5,48.5,53.0,17.66865,80.87403,GDBDCL_2026-03-23T16:00:00+0000_45.1832
GDBDCL,Godavari at Bhadrachalam,Godavari,2026-03-23 17:00:00+00:00,45.21157187541744,NORMAL,47.5,48.5,53.0,17.66865,80.87403,GDBDCL_2026-03-23T17:00:00+0000_45.2116
GDBDCL,Godavari at Bhadrachalam,Godavari,2026-03-23 18:00:00+00:00,45.19098345724788,NORMAL,47.5,48.5,53.0,17.66865,80.87403,GDBDCL_2026-03-23T18:00:00+0000_45.1910
GDBDCL,Godavari at Bhadrachalam,Godavari,2026-03-23 19:00:00+00:00,45.28741035684923,NORMAL,47.5,48.5,53.0,17.66865,80.87403,GDBDCL_2026-03-23T19:00:00+0000_45.2874
GDBDCL,Godavari at Bhadrachalam,Godavari,2026-03-23 20:00:00+00:00,45.26128559002266,NORMAL,47.5,48.5,53.0,17.66865,80.87403,GDBDCL_2026-03-23T20:00:00+0000_45.2613
GDBDCL,Godavari at Bhadrachalam,Godavari,2026-03-23 21:00:00+00:00,45.34913880115349,NORMAL,47.5,48.5,53.0,17.66865,80.87403,GDBDCL_2026-03-23T21:00:00+0000_45.3491
GDBDCL,Godavari at Bhadrachalam,Godavari,2026-03-23 22:00:00+00:00,45.35780100195853,NORMAL,47.5,48.5,53.0,17.66865,80.87403,GDBDCL_2026-03-23T22:00:00+0000_45.3578
GDBDCL,Godavari at Bhadrachalam,Godavari,2026-03-23 23:00:00+00:00,45.32895586220155,NORMAL,47.5,48.5,53.0,17.66865,80.87403,GDBDCL_2026-03-23T23:00:00+0000_45.3290
GDBDCL,Godavari at Bhadrachalam,Godavari,2026-03-24 00:00:00+00:00,45.36387175407001,NORMAL,47.5,48.5,53.0,17.66865,80.87403,GDBDCL_2026-03-24T00:00:00+0000_45.3639
GDBDCL,Godavari at Bhadrachalam,Godavari,2026-03-24 01:00:00+00:00,45.39590291522703,NORMAL,47.5,48.5,53.0,17.66865,80.87403,GDBDCL_2026-03-24T01:00:00+0000_45.3959
GDBDCL,Godavari at Bhadrachalam,Godavari,2026-03-24 02:00:00+00:00,45.40498187969859,NORMAL,47.5,48.5,53.0,17.66865,80.87403,GDBDCL_2026-03-24T02:00:00+0000_45.4050
GDBDCL,Godavari at Bhadrachalam,Godavari,2026-03-24 03:00:00+00:00,45.37860552837046,NORMAL,47.5,48.5,53.0,17.66865,80.87403,GDBDCL_2026-03-24T03:00:00+0000_45.3786
GDBDCL,Godavari at Bhadrachalam,Godavari,2026-03-24 04:00:00+00:00,45.43504922741592,NORMAL,47.5,48.5,53.0,17.66865,80.87403,GDBDCL_2026-03-24T04:00:00+0000_45.4350
GDBDCL,Godavari at Bhadrachalam,Godavari,2026-03-24 05:00:00+00:00,45.33475534576155,NORMAL,47.5,48.5,53.0,17.66865,80.87403,GDBDCL_2026-03-24T05:00:00+0000_45.3348
GDBDCL,Godavari at Bhadrachalam,Godavari,2026-03-24 06:00:00+00:00,48.47404431471031,WARNING,47.5,48.5,53.0,17.66865,80.87403,GDBDCL_2026-03-24T06:00:00+0000_48.4740
GDBDCL,Godavari at Bhadrachalam,Godavari,2026-03-24 07:00:00+00:00,48.14487137581893,WARNING,47.5,48.5,53.0,17.66865,80.87403,GDBDCL_2026-03-24T07:00:00+0000_48.1449
GDBDCL,Godavari at Bhadrachalam,Godavari,2026-03-24 08:00:00+00:00,47.85467193336382,WARNING,47.5,48.5,53.0,17.66865,80.87403,GDBDCL_2026-03-24T08:00:00+0000_47.8547
GDBDCL,Godavari at Bhadrachalam,Godavari,2026-03-24 09:00:00+00:00,45.195469402048616,NORMAL,47.5,48.5,53.0,17.66865,80.87403,GDBDCL_2026-03-24T09:00:00+0000_45.1955
GDBDCL,Godavari at Bhadrachalam,Godavari,2026-03-24 10:00:00+00:00,45.1386669550045,NORMAL,47.5,48.5,53.0,17.66865,80.87403,GDBDCL_2026-03-24T10:00:00+0000_45.1387
GDBDCL,Godavari at Bhadrachalam,Godavari,2026-03-24 11:00:00+00:00,45.18751800679633,NORMAL,47.5,48.5,53.0,17.66865,80.87403,GDBDCL_2026-03-24T11:00:00+0000_45.1875
GDBDCL,Godavari at Bhadrachalam,Godavari,2026-03-24 12:00:00+00:00,45.18332549357925,NORMAL,47.5,48.5,53.0,17.66865,80.87403,GDBDCL_2026-03-24T12:00:00+0000_45.1833
GDBDCL,Godavari at Bhadrachalam,Godavari,2026-03-24 13:00:00+00:00,45.1202511661247,NORMAL,47.5,48.5,53.0,17.66865,80.87403,GDBDCL_2026-03-24T13:00:00+0000_45.1203
GDBDCL,Godavari at Bhadrachalam,Godavari,2026-03-24 14:00:00+00:00,45.09760398325033,NORMAL,47.5,48.5,53.0,17.66865,80.87403,GDBDCL_2026-03-24T14:00:00+0000_45.0976
GDBDCL,Godavari at Bhadrachalam,Godavari,2026-03-24 15:00:00+00:00,45.11712529128476,NORMAL,47.5,48.5,53.0,17.66865,80.87403,GDBDCL_2026-03-24T15:00:00+0000_45.1171
GDBDCL,Godavari at Bhadrachalam,Godavari,2026-03-24 16:00:00+00:00,,,47.5,48.5,53.0,17.66865,80.87403,GDBDCL_2026-03-24T16:00:00+0000_
GDBDCL,Godavari at Bhadrachalam,Godavari,2026-03-24 17:00:00+00:00,45.22785918939167,NORMAL,47.5,48.5,53.0,17.66865,80.87403,GDBDCL_2026-03-24T17:00:00+0000_45.2279
GDBDCL,Godavari at Bhadrachalam,Godavari,2026-03-24 18:00:00+00:00,45.23614759680687,NORMAL,47.5,48.5,53.0,17.66865,80.87403,GDBDCL_2026-03-24T18:00:00+0000_45.2361
GDBDCL,Godavari at Bhadrachalam,Godavari,2026-03-24 19:00:00+00:00,45.294637297228974,NORMAL,47.5,48.5,53.0,17.66865,80.87403,GDBDCL_2026-03-24T19:00:00+0000_45.2946
GDBDCL,Godavari at Bhadrachalam,Godavari,2026-03-24 20:00:00+00:00,45.24186622296808,NORMAL,47.5,48.5,53.0,17.66865,80.87403,GDBDCL_2026-03-24T20:00:00+0000_45.2419
GDBDCL,Godavari at Bhadrachalam,Godavari,2026-03-24 21:00:00+00:00,45.32912743362872,NORMAL,47.5,48.5,53.0,17.66865,80.87403,GDBDCL_2026-03-24T21:00:00+0000_45.3291
GDBDCL,Godavari at Bhadrachalam,Godavari,2026-03-24 22:00:00+00:00,45.32988550619685,NORMAL,47.5,48.5,53.0,17.66865,80.87403,GDBDCL_2026-03-24T22:00:00+0000_45.3299
GDBDCL,Godavari at Bhadrachalam,Godavari,2026-03-24 23:00:00+00:00,45.39318141976087,NORMAL,47.5,48.5,53.0,17.66865,80.87403,GDBDCL_2026-03-24T23:00:00+0000_45.3932
GDBDCL,Godavari at Bhadrachalam,Godavari,2026-03-25 00:00:00+00:00,45.36368660002493,NORMAL,47.5,48.5,53.0,17.66865,80.87403,GDBDCL_2026-03-25T00:00:00+0000_45.3637
GDBDCL,Godavari at Bhadrachalam,Godavari,2026-03-25 01:00:00+00:00,45.44635278922673,NORMAL,47.5,48.5,53.0,17.66865,80.87403,GDBDCL_2026-03-25T01:00:00+0000_45.4464
GDBDCL,Godavari at Bhadrachalam,Godavari,2026-03-25 02:00:00+00:00,45.39730405195503,NORMAL,47.5,48.5,53.0,17.66865,80.87403,GDBDCL_2026-03-25T02:00:00+0000_45.3973
GDBDCL,Godavari at Bhadrachalam,Godavari,2026-03-25 03:00:00+00:00,45.41540240727027,NORMAL,47.5,48.5,53.0,17.66865,80.87403,GDBDCL_2026-03-25T03:00:00+0000_45.4154
GDBDCL,Godavari at Bhadrachalam,Godavari,2026-03-25 04:00:00+00:00,45.404674198764056,NORMAL,47.5,48.5,53.0,17.66865,80.87403,GDBDCL_2026-03-25T04:00:00+0000_45.4047
GDBDCL,Godavari at Bhadrachalam,Godavari,2026-03-25 05:00:00+00:00,45.37178060062799,NORMAL,47.5,48.5,53.0,17.66865,80.87403,GDBDCL_2026-03-25T05:00:00+0000_45.3718
GDBDCL,Godavari at Bhadrachalam,Godavari,2026-03-25 06:00:00+00:00,45.35623012107583,NORMAL,47.5,48.5,53.0,17.66865,80.87403,GDBDCL_2026-03-25T06:00:00+0000_45.3562
GDBDCL,Godavari at Bhadrachalam,Godavari,2026-03-25 07:00:00+00:00,45.34141156033875,NORMAL,47.5,48.5,53.0,17.66865,80.87403,GDBDCL_2026-03-25T07:00:00+0000_45.3414
GDBDCL,Godavari at Bhadrachalam,Godavari,2026-03-25 08:00:00+00:00,45.25258146656955,NORMAL,47.5,48.5,53.0,17.66865,80.87403,GDBDCL_2026-03-25T08:00:00+0000_45.2526
GDBDCL,Godavari at Bhadrachalam,Godavari,2026-03-25 09:00:00+00:00,45.20606077866665,NORMAL,47.5,48.5,53.0,17.66865,80.87403,GDBDCL_2026-03-25T09:00:00+0000_45.2061
GDBDCL,Godavari at Bhadrachalam,Godavari,2026-03-25 10:00:00+00:00,45.18063234972966,NORMAL,47.5,48.5,53.0,17.66865,80.87403,GDBDCL_2026-03-25T10:00:00+0000_45.1806
GDBDCL,Godavari at Bhadrachalam,Godavari,2026-03-25 11:00:00+00:00,45.147461546142495,NORMAL,47.5,48.5,53.0,17.66865,80.87403,GDBDCL_2026-03-25T11:00:00+0000_45.1475
GDBDCL,Godavari at Bhadrachalam,Godavari,2026-03-25 12:00:00+00:00,45.19502308130163,NORMAL,47.5,48.5,53.0,17.66865,80.87403,GDBDCL_2026-03-25T12:00:00+0000_45.1950
GDBDCL,Godavari at Bhadrachalam,Godavari,2026-03-25 13:00:00+00:00,45.16466834260753,NORMAL,47.5,48.5,53.0,17.66865,80.87403,GDBDCL_2026-03-25T13:00:00+0000_45.1647
GDBDCL,Godavari at Bhadrachalam,Godavari,2026-03-25 14:00:00+00:00,45.10909871758188,NORMAL,47.5,48.5,53.0,17.66865,80.87403,GDBDCL_2026-03-25T14:00:00+0000_45.1091
GDBDCL,Godavari at Bhadrachalam,Godavari,2026-03-25 15:00:00+00:00,45.12734893194098,NORMAL,47.5,48.5,53.0,17.66865,80.87403,GDBDCL_2026-03-25T15:00:00+0000_45.1273
GDBDCL,Godavari at Bhadrachalam,Godavari,2026-03-25 16:00:00+00:00,45.15057970405903,NORMAL,47.5,48.5,53.0,17.66865,80.87403,GDBDCL_2026-03-25T16:00:00+0000_45.1506
GDBDCL,Godavari at Bhadrachalam,Godavari,2026-03-25 17:00:00+00:00,45.2400047581852,NORMAL,47.5,48.5,53.0,17.66865,80.87403,GDBDCL_2026-03-25T17:00:00+0000_45.2400
GDBDCL,Godavari at Bhadrachalam,Godavari,2026-03-25 18:00:00+00:00,45.212797096961054,NORMAL,47.5,48.5,53.0,17.66865,80.87403,GDBDCL_2026-03-25T18:00:00+0000_45.2128
GDBDCL,Godavari at Bhadrachalam,Godavari,2026-03-25 19:00:00+00:00,45.26989119024157,NORMAL,47.5,48.5,53.0,17.66865,80.87403,GDBDCL_2026-03-25T19:00:00+0000_45.2699
GDBDCL,Godavari at Bhadrachalam,Godavari,2026-03-25 20:00:00+00:00,45.31269429917534,NORMAL,47.5,48.5,53.0,17.66865,80.87403,GDBDCL_2026-03-25T20:00:00+0000_45.3127
GDBDCL,Godavari at Bhadrachalam,Godavari,2026-03-25 21:00:00+00:00,45.35266325295245,NORMAL,47.5,48.5,53.0,17.66865,80.87403,GDBDCL_2026-03-25T21:00:00+0000_45.3527
GDBDCL,Godavari at Bhadrachalam,Godavari,2026-03-25 22:00:00+00:00,45.34555970432501,NORMAL,47.5,48.5,53.0,17.66865,80.87403,GDBDCL_2026-03-25T22:00:00+0000_45.3456
GDBDCL,Godavari at Bhadrachalam,Godavari,2026-03-25 23:00:00+00:00,45.368120845157456,NORMAL,47.5,48.5,53.0,17.66865,80.87403,GDBDCL_2026-03-25T23:00:00+0000_45.3681
GDBDCL,Godavari at Bhadrachalam,Godavari,2026-03-26 00:00:00+00:00,45.44159669619221,NORMAL,47.5,48.5,53.0,17.66865,80.87403,GDBDCL_2026-03-26T00:00:00+0000_45.4416
GDBDCL,Godavari at Bhadrachalam,Godavari,2026-03-26 01:00:00+00:00,45.40430838400491,NORMAL,47.5,48.5,53.0,17.66865,80.87403,GDBDCL_2026-03-26T01:00:00+0000_45.4043
GDBDCL,Godavari at Bhadrachalam,Godavari,2026-03-26 02:00:00+00:00,45.45179721846604,NORMAL,47.5,48.5,53.0,17.66865,80.87403,GDBDCL_2026-03-26T02:00:00+0000_45.4518
GDBDCL,Godavari at Bhadrachalam,Godavari,2026-03-26 03:00:00+00:00,45.41116433318293,NORMAL,47.5,48.5,53.0,17.66865,80.87403,GDBDCL_2026-03-26T03:00:00+0000_45.4112
GDBDCL,Godavari at Bhadrachalam,Godavari,2026-03-26 04:00:00+00:00,45.39951714078123,NORMAL,47.5,48.5,53.0,17.66865,80.87403,GDBDCL_2026-03-26T04:00:00+0000_45.3995
GDBDCL,Godavari at Bhadrachalam,Godavari,2026-03-26 05:00:00+00:00,45.36125414654352,NORMAL,47.5,48.5,53.0,17.66865,80.87403,GDBDCL_2026-03-26T05:00:00+0000_45.3613
GDBDCL,Godavari at Bhadrachalam,Godavari,2026-03-26 06:00:00+00:00,45.351498775435815,NORMAL,47.5,48.5,53.0,17.66865,80.87403,GDBDCL_2026-03-26T06:00:00+0000_45.3515
GDBDCL,Godavari at Bhadrachalam,Godavari,2026-03-26 07:00:00+00:00,45.283402422667685,NORMAL,47.5,48.5,53.0,17.66865,80.87403,GDBDCL_2026-03-26T07:00:00+0000_45.2834
GDBDCL,Godavari at Bhadrachalam,Godavari,2026-03-26 08:00:00+00:00,,,47.5,48.5,53.0,17.66865,80.87403,GDBDCL_2026-03-26T08:00:00+0000_
GDBDCL,Godavari at Bhadrachalam,Godavari,2026-03-26 09:00:00+00:00,45.27077630589502,NORMAL,47.5,48.5,53.0,17.66865,80.87403,GDBDCL_2026-03-26T09:00:00+0000_45.2708
GDBDCL,Godavari at Bhadrachalam,Godavari,2026-03-26 10:00:00+00:00,45.18057562941707,NORMAL,47.5,48.5,53.0,17.66865,80.87403,GDBDCL_2026-03-26T10:00:00+0000_45.1806
GDBDCL,Godavari at Bhadrachalam,Godavari,2026-03-26 11:00:00+00:00,45.216139007206536,NORMAL,47.5,48.5,53.0,17.66865,80.87403,GDBDCL_2026-03-26T11:00:00+0000_45.2161
GDBDCL,Godavari at Bhadrachalam,Godavari,2026-03-26 12:00:00+00:00,45.18020237466433,NORMAL,47.5,48.5,53.0,17.66865,80.87403,GDBDCL_2026-03-26T12:00:00+0000_45.1802
GDBDCL,Godavari at Bhadrachalam,Godavari,2026-03-26 13:00:00+00:00,45.17912538692178,NORMAL,47.5,48.5,53.0,17.66865,80.87403,GDBDCL_2026-03-26T13:00:00+0000_45.1791
GDBDCL,Godavari at Bhadrachalam,Godavari,2026-03-26 14:00:00+00:00,45.1632544476506,NORMAL,47.5,48.5,53.0,17.66865,80.87403,GDBDCL_2026-03-26T14:00:00+0000_45.1633
GDBDCL,Godavari at Bhadrachalam,Godavari,2026-03-26 15:00:00+00:00,45.15358207320434,NORMAL,47.5,48.5,53.0,17.66865,80.87403,GDBDCL_2026-03-26T15:00:00+0000_45.1536
GDBDCL,Godavari at Bhadrachalam,Godavari,2026-03-26 16:00:00+00:00,45.20698587482289,NORMAL,47.5,48.5,53.0,17.66865,80.87403,GDBDCL_2026-03-26T16:00:00+0000_45.2070
GDBDCL,Godavari at Bhadrachalam,Godavari,2026-03-26 17:00:00+00:00,45.16125961490747,NORMAL,47.5,48.5,53.0,17.66865,80.87403,GDBDCL_2026-03-26T17:00:00+0000_45.1613
GDBDCL,Godavari at Bhadrachalam,Godavari,2026-03-26 18:00:00+00:00,45.198703792760746,NORMAL,47.5,48.5,53.0,17.66865,80.87403,GDBDCL_2026-03-26T18:00:00+0000_45.1987
GDBDCL,Godavari at Bhadrachalam,Godavari,2026-03-26 19:00:00+00:00,45.298058104393256,NORMAL,47.5,48.5,53.0,17.66865,80.87403,GDBDCL_2026-03-26T19:00:00+0000_45.2981
GDBDCL,Godavari at Bhadrachalam,Godavari,2026-03-26 20:00:00+00:00,45.32183461904593,NORMAL,47.5,48.5,53.0,17.66865,80.87403,GDBDCL_2026-03-26T20:00:00+0000_45.3218
GDBDCL,Godavari at Bhadrachalam,Godavari,2026-03-26 21:00:00+00:00,45.33148723996853,NORMAL,47.5,48.5,53.0,17.66865,80.87403,GDBDCL_2026-03-26T21:00:00+0000_45.3315
GDBDCL,Godavari at Bhadrachalam,Godavari,2026-03-26 22:00:00+00:00,45.407265391609485,NORMAL,47.5,48.5,53.0,17.66865,80.87403,GDBDCL_2026-03-26T22:00:00+0000_45.4073
GDBDCL,Godavari at Bhadrachalam,Godavari,2026-03-26 23:00:00+00:00,45.424511892385695,NORMAL,47.5,48.5,53.0,17.66865,80.87403,GDBDCL_2026-03-26T23:00:00+0000_45.4245
GDBDCL,Godavari at Bhadrachalam,Godavari,2026-03-27 00:00:00+00:00,45.41260709206167,NORMAL,47.5,48.5,53.0,17.66865,80.87403,GDBDCL_2026-03-27T00:00:00+0000_45.4126
GDBDCL,Godavari at Bhadrachalam,Godavari,2026-03-27 01:00:00+00:00,45.38433741639678,NORMAL,47.5,48.5,53.0,17.66865,80.87403,GDBDCL_2026-03-27T01:00:00+0000_45.3843
GDBDCL,Godavari at Bhadrachalam,Godavari,2026-03-27 02:00:00+00:00,45.41818076375957,NORMAL,47.5,48.5,53.0,17.66865,80.87403,GDBDCL_2026-03-27T02:00:00+0000_45.4182
GDBDCL,Godavari at Bhadrachalam,Godavari,2026-03-27 03:00:00+00:00,45.41235090476025,NORMAL,47.5,48.5,53.0,17.66865,80.87403,GDBDCL_2026-03-27T03:00:00+0000_45.4124
GDBDCL,Godavari at Bhadrachalam,Godavari,2026-03-27 04:00:00+00:00,45.36507727103239,NORMAL,47.5,48.5,53.0,17.66865,80.87403,GDBDCL_2026-03-27T04:00:00+0000_45.3651
GDBDCL,Godavari at Bhadrachalam,Godavari,2026-03-27 05:00:00+00:00,45.37858971472525,NORMAL,47.5,48.5,53.0,17.66865,80.87403,GDBDCL_2026-03-27T05:00:00+0000_45.3786
GDBDCL,Godavari at Bhadrachalam,Godavari,2026-03-27 06:00:00+00:00,45.31659419970882,NORMAL,47.5,48.5,53.0,17.66865,80.87403,GDBDCL_2026-03-27T06:00:00+0000_45.3166
GDBDCL,Godavari at Bhadrachalam,Godavari,2026-03-27 07:00:00+00:00,45.311748910952815,NORMAL,47.5,48.5,53.0,17.66865,80.87403,GDBDCL_2026-03-27T07:00:00+0000_45.3117
GDBDCL,Godavari at Bhadrachalam,Godavari,2026-03-27 08:00:00+00:00,45.22859087798355,NORMAL,47.5,48.5,53.0,17.66865,80.87403,GDBDCL_2026-03-27T08:00:00+0000_45.2286
GDBDCL,Godavari at Bhadrachalam,Godavari,2026-03-27 09:00:00+00:00,45.2742167338766,NORMAL,47.5,48.5,53.0,17.66865,80.87403,GDBDCL_2026-03-27T09:00:00+0000_45.2742
GDBDCL,Godavari at Bhadrachalam,Godavari,2026-03-27 10:00:00+00:00,45.19454676326984,NORMAL,47.5,48.5,53.0,17.66865,80.87403,GDBDCL_2026-03-27T10:00:00+0000_45.1945
GDBDCL,Godavari at Bhadrachalam,Godavari,2026-03-27 11:00:00+00:00,45.18517072063198,NORMAL,47.5,48.5,53.0,17.66865,80.87403,GDBDCL_2026-03-27T11:00:00+0000_45.1852
GDBDCL,Godavari at Bhadrachalam,Godavari,2026-03-27 12:00:00+00:00,45.162059613488886,NORMAL,47.5,48.5,53.0,17.66865,80.87403,GDBDCL_2026-03-27T12:00:00+0000_45.1621
GDBDCL,Godavari at Bhadrachalam,Godavari,2026-03-27 13:00:00+00:00,46.71687768682609,NORMAL,47.5,48.5,53.0,17.66865,80.87403,GDBDCL_2026-03-27T13:00:00+0000_46.7169
GDBDCL,Godavari at Bhadrachalam,Godavari,2026-03-27 14:00:00+00:00,46.57482779597044,NORMAL,47.5,48.5,53.0,17.66865,80.87403,GDBDCL_2026-03-27T14:00:00+0000_46.5748
GDBDCL,Godavari at Bhadrachalam,Godavari,2026-03-27 15:00:00+00:00,46.441835458808754,NORMAL,47.5,48.5,53.0,17.66865,80.87403,GDBDCL_2026-03-27T15:00:00+0000_46.4418
GDBDCL,Godavari at Bhadrachalam,Godavari,2026-03-27 16:00:00+00:00,46.339993705384174,NORMAL,47.5,48.5,53.0,17.66865,80.87403,GDBDCL_2026-03-27T16:00:00+0000_46.3400
GDBDCL,Godavari at Bhadrachalam,Godavari,2026-03-27 17:00:00+00:00,45.18124395149288,NORMAL,47.5,48.5,53.0,17.66865,80.87403,GDBDCL_2026-03-27T17:00:00+0000_45.1812
GDBDCL,Godavari at Bhadrachalam,Godavari,2026-03-27 18:00:00+00:00,45.23602702176798,NORMAL,47.5,48.5,53.0,17.66865,80.87403,GDBDCL_2026-03-27T18:00:00+0000_45.2360
GDBDCL,Godavari at Bhadrachalam,Godavari,2026-03-27 19:00:00+00:00,45.26883981290601,NORMAL,47.5,48.5,53.0,17.66865,80.87403,GDBDCL_2026-03-27T19:00:00+0000_45.2688
GDBDCL,Godavari at Bhadrachalam,Godavari,2026-03-27 20:00:00+00:00,45.29371341336993,NORMAL,47.5,48.5,53.0,17.66865,80.87403,GDBDCL_2026-03-27T20:00:00+0000_45.2937
GDBDCL,Godavari at Bhadrachalam,Godavari,2026-03-27 21:00:00+00:00,45.33898993204424,NORMAL,47.5,48.5,53.0,17.66865,80.87403,GDBDCL_2026-03-27T21:00:00+0000_45.3390
GDBDCL,Godavari at Bhadrachalam,Godavari,2026-03-27 22:00:00+00:00,45.36590657763912,NORMAL,47.5,48.5,53.0,17.66865,80.87403,GDBDCL_2026-03-27T22:00:00+0000_45.3659
GDBDCL,Godavari at Bhadrachalam,Godavari,2026-03-27 23:00:00+00:00,45.360665500534566,NORMAL,47.5,48.5,53.0,17.66865,80.87403,GDBDCL_2026-03-27T23:00:00+0000_45.3607
GDBDCL,Godavari at Bhadrachalam,Godavari,2026-03-28 00:00:00+00:00,,,47.5,48.5,53.0,17.66865,80.87403,GDBDCL_2026-03-28T00:00:00+0000_
GDBDCL,Godavari at Bhadrachalam,Godavari,2026-03-28 01:00:00+00:00,45.39685252798512,NORMAL,47.5,48.5,53.0,17.66865,80.87403,GDBDCL_2026-03-28T01:00:00+0000_45.3969
GDBDCL,Godavari at Bhadrachalam,Godavari,2026-03-28 02:00:00+00:00,45.4689874892689,NORMAL,47.5,48.5,53.0,17.66865,80.87403,GDBDCL_2026-03-28T02:00:00+0000_45.4690
GDBDCL,Godavari at Bhadrachalam,Godavari,2026-03-28 03:00:00+00:00,45.4441835936655,NORMAL,47.5,48.5,53.0,17.66865,80.87403,GDBDCL_2026-03-28T03:00:00+0000_45.4442
GDBDCL,Godavari at Bhadrachalam,Godavari,2026-03-28 04:00:00+00:00,45.37529496755717,NORMAL,47.5,48.5,53.0,17.66865,80.87403,GDBDCL_2026-03-28T04:00:00+0000_45.3753
GDBDCL,Godavari at Bhadrachalam,Godavari,2026-03-28 05:00:00+00:00,45.4328098631064,NORMAL,47.5,48.5,53.0,17.66865,80.87403,GDBDCL_2026-03-28T05:00:00+0000_45.4328
GDBDCL,Godavari at Bhadrachalam,Godavari,2026-03-28 06:00:00+00:00,45.36444334175335,NORMAL,47.5,48.5,53.0,17.66865,80.87403,GDBDCL_2026-03-28T06:00:00+0000_45.3644
GDBDCL,Godavari at Bhadrachalam,Godavari,2026-03-28 07:00:00+00:00,45.31187571134246,NORMAL,47.5,48.5,53.0,17.66865,80.87403,GDBDCL_2026-03-28T07:00:00+0000_45.3119
GDBDCL,Godavari at Bhadrachalam,Godavari,2026-03-28 08:00:00+00:00,45.328952981487326,NORMAL,47.5,48.5,53.0,17.66865,80.87403,GDBDCL_2026-03-28T08:00:00+0000_45.3290
GDBDCL,Godavari at Bhadrachalam,Godavari,2026-03-28 09:00:00+00:00,45.23222557146963,NORMAL,47.5,48.5,53.0,17.66865,80.87403,GDBDCL_2026-03-28T09:00:00+0000_45.2322
GDBDCL,Godavari at Bhadrachalam,Godavari,2026-03-28 10:00:00+00:00,45.188700729197855,NORMAL,47.5,48.5,53.0,17.66865,80.87403,GDBDCL_2026-03-28T10:00:00+0000_45.1887
GDBDCL,Godavari at Bhadrachalam,Godavari,2026-03-28 11:00:00+00:00,45.14605731455041,NORMAL,47.5,48.5,53.0,17.66865,80.87403,GDBDCL_2026-03-28T11:00:00+0000_45.1461
GDBDCL,Godavari at Bhadrachalam,Godavari,2026-03-28 12:00:00+00:00,45.21140996022235,NORMAL,47.5,48.5,53.0,17.66865,80.87403,GDBDCL_2026-03-28T12:00:00+0000_45.2114
GDBDCL,Godavari at Bhadrachalam,Godavari,2026-03-28 13:00:00+00:00,45.113800007974994,NORMAL,47.5,48.5,53.0,17.66865,80.87403,GDBDCL_2026-03-28T13:00:00+0000_45.1138
GDBDCL,Godavari at Bhadrachalam,Godavari,2026-03-28 14:00:00+00:00,45.139125054657285,NORMAL,47.5,48.5,53.0,17.66865,80.87403,GDBDCL_2026-03-28T14:00:00+0000_45.1391
GDBDCL,Godavari at Bhadrachalam,Godavari,2026-03-28 15:00:00+00:00,45.14787347292824,NORMAL,47.5,48.5,53.0,17.66865,80.87403,GDBDCL_2026-03-28T15:00:00+0000_45.1479
GDBDCL,Godavari at Bhadrachalam,Godavari,2026-03-28 16:00:00+00:00,45.165236256760046,NORMAL,47.5,48.5,53.0,17.66865,80.87403,GDBDCL_2026-03-28T16:00:00+0000_45.1652
GDBDCL,Godavari at Bhadrachalam,Godavari,2026-03-28 17:00:00+00:00,45.21584071758442,NORMAL,47.5,48.5,53.0,17.66865,80.87403,GDBDCL_2026-03-28T17:00:00+0000_45.2158
GDBDCL,Godavari at Bhadrachalam,Godavari,2026-03-28 18:00:00+00:00,45.21543745116374,NORMAL,47.5,48.5,53.0,17.66865,80.87403,GDBDCL_2026-03-28T18:00:00+0000_45.2154
GDBDCL,Godavari at Bhadrachalam,Godavari,2026-03-28 19:00:00+00:00,45.27227876490177,NORMAL,47.5,48.5,53.0,17.66865,80.87403,GDBDCL_2026-03-28T19:00:00+0000_45.2723
GDBDCL,Godavari at Bhadrachalam,Godavari,2026-03-28 20:00:00+00:00,45.30540141848093,NORMAL,47.5,48.5,53.0,17.66865,80.87403,GDBDCL_2026-03-28T20:00:00+0000_45.3054
GDBDCL,Godavari at Bhadrachalam,Godavari,2026-03-28 21:00:00+00:00,45.30743520494271,NORMAL,47.5,48.5,53.0,17.66865,80.87403,GDBDCL_2026-03-28T21:00:00+0000_45.3074
GDBDCL,Godavari at Bhadrachalam,Godavari,2026-03-28 22:00:00+00:00,45.42200818900715,NORMAL,47.5,48.5,53.0,17.66865,80.87403,GDBDCL_2026-03-28T22:00:00+0000_45.4220
GDBDCL,Godavari at Bhadrachalam,Godavari,2026-03-28 23:00:00+00:00,45.42276924573294,NORMAL,47.5,48.5,53.0,17.66865,80.87403,GDBDCL_2026-03-28T23:00:00+0000_45.4228
GDBDCL,Godavari at Bhadrachalam,Godavari,2026-03-29 00:00:00+00:00,45.48402141388041,NORMAL,47.5,48.5,53.0,17.66865,80.87403,GDBDCL_2026-03-29T00:00:00+0000_45.4840
GDBDCL,Godavari at Bhadrachalam,Godavari,2026-03-29 01:00:00+00:00,45.406953165643785,NORMAL,47.5,48.5,53.0,17.66865,80.87403,GDBDCL_2026-03-29T01:00:00+0000_45.4070
GDBDCL,Godavari at Bhadrachalam,Godavari,2026-03-29 02:00:00+00:00,45.4801872918414,NORMAL,47.5,48.5,53.0,17.66865,80.87403,GDBDCL_2026-03-29T02:00:00+0000_45.4802
GDBDCL,Godavari at Bhadrachalam,Godavari,2026-03-29 03:00:00+00:00,45.40969621758928,NORMAL,47.5,48.5,53.0,17.66865,80.87403,GDBDCL_2026-03-29T03:00:00+0000_45.4097
GDBDCL,Godavari at Bhadrachalam,Godavari,2026-03-29 04:00:00+00:00,45.431178507686106,NORMAL,47.5,48.5,53.0,17.66865,80.87403,GDBDCL_2026-03-29T04:00:00+0000_45.4312
GDBDCL,Godavari at Bhadrachalam,Godavari,2026-03-29 05:00:00+00:00,45.402870364013005,NORMAL,47.5,48.5,53.0,17.66865,80.87403,GDBDCL_2026-03-29T05:00:00+0000_45.4029
GDBDCL,Godavari at Bhadrachalam,Godavari,2026-03-29 06:00:00+00:00,45.36337005381195,NORMAL,47.5,48.5,53.0,17.66865,80.87403,GDBDCL_2026-03-29T06:00:00+0000_45.3634
GDBDCL,Godavari at Bhadrachalam,Godavari,2026-03-29 07:00:00+00:00,45.37314175919998,NORMAL,47.5,48.5,53.0,17.66865,80.87403,GDBDCL_2026-03-29T07:00:00+0000_45.3731
GDBDCL,Godavari at Bhadrachalam,Godavari,2026-03-29 08:00:00+00:00,45.24577390803266,NORMAL,47.5,48.5,53.0,17.66865,80.87403,GDBDCL_2026-03-29T08:00:00+0000_45.2458
GDBDCL,Godavari at Bhadrachalam,Godavari,2026-03-29 09:00:00+00:00,45.23292902051608,NORMAL,47.5,48.5,53.0,17.66865,80.87403,GDBDCL_2026-03-29T09:00:00+0000_45.2329
GDBDCL,Godavari at Bhadrachalam,Godavari,2026-03-29 10:00:00+00:00,45.21938978233388,NORMAL,47.5,48.5,53.0,17.66865,80.87403,GDBDCL_2026-03-29T10:00:00+0000_45.2194
GDBDCL,Godavari at Bhadrachalam,Godavari,2026-03-29 11:00:00+00:00,45.23539259778803,NORMAL,47.5,48.5,53.0,17.66865,80.87403,GDBDCL_2026-03-29T11:00:00+0000_45.2354
GDBDCL,Godavari at Bhadrachalam,Godavari,2026-03-29 12:00:00+00:00,45.20500990929794,NORMAL,47.5,48.5,53.0,17.66865,80.87403,GDBDCL_2026-03-29T12:00:00+0000_45.2050
GDBDCL,Godavari at Bhadrachalam,Godavari,2026-03-29 13:00:00+00:00,45.13146603375037,NORMAL,47.5,48.5,53.0,17.66865,80.87403,GDBDCL_2026-03-29T13:00:00+0000_45.1315
GDBDCL,Godavari at Bhadrachalam,Godavari,2026-03-29 14:00:00+00:00,45.18622301023386,NORMAL,47.5,48.5,53.0,17.66865,80.87403,GDBDCL_2026-03-29T14:00:00+0000_45.1862
GDBDCL,Godavari at Bhadrachalam,Godavari,2026-03-29 15:00:00+00:00,45.14722704580531,NORMAL,47.5,48.5,53.0,17.66865,80.87403,GDBDCL_2026-03-29T15:00:00+0000_45.1472
GDBDCL,Godavari at Bhadrachalam,Godavari,2026-03-29 16:00:00+00:00,45.146024087223935,NORMAL,47.5,48.5,53.0,17.66865,80.87403,GDBDCL_2026-03-29T16:00:00+0000_45.1460
GDBDCL,Godavari at Bhadrachalam,Godavari,2026-03-29 17:00:00+00:00,45.20637512168868,NORMAL,47.5,48.5,53.0,17.66865,80.87403,GDBDCL_2026-03-29T17:00:00+0000_45.2064
GDBDCL,Godavari at Bhadrachalam,Godavari,2026-03-29 18:00:00+00:00,,,47.5,48.5,53.0,17.66865,80.87403,GDBDCL_2026-03-29T18:00:00+0000_
GDBDCL,Godavari at Bhadrachalam,Godavari,2026-03-29 19:00:00+00:00,45.32413986076831,NORMAL,47.5,48.5,53.0,17.66865,80.87403,GDBDCL_2026-03-29T19:00:00+0000_45.3241
GDBDCL,Godavari at Bhadrachalam,Godavari,2026-03-29 20:00:00+00:00,45.370340393001335,NORMAL,47.5,48.5,53.0,17.66865,80.87403,GDBDCL_2026-03-29T20:00:00+0000_45.3703
GDBDCL,Godavari at Bhadrachalam,Godavari,2026-03-29 21:00:00+00:00,45.365361923480016,NORMAL,47.5,48.5,53.0,17.66865,80.87403,GDBDCL_2026-03-29T21:00:00+0000_45.3654
GDBDCL,Godavari at Bhadrachalam,Godavari,2026-03-29 22:00:00+00:00,45.38491850297289,NORMAL,47.5,48.5,53.0,17.66865,80.87403,GDBDCL_2026-03-29T22:00:00+0000_45.3849
GDBDCL,Godavari at Bhadrachalam,Godavari,2026-03-29 23:00:00+00:00,45.45502619170601,NORMAL,47.5,48.5,53.0,17.66865,80.87403,GDBDCL_2026-03-29T23:00:00+0000_45.4550
GDBDCL,Godavari at Bhadrachalam,Godavari,2026-03-30 00:00:00+00:00,45.40694861203467,NORMAL,47.5,48.5,53.0,17.66865,80.87403,GDBDCL_2026-03-30T00:00:00+0000_45.4069
GDBDCL,Godavari at Bhadrachalam,Godavari,2026-03-30 01:00:00+00:00,45.41151113796493,NORMAL,47.5,48.5,53.0,17.66865,80.87403,GDBDCL_2026-03-30T01:00:00+0000_45.4115
GDBDCL,Godavari at Bhadrachalam,Godavari,2026-03-30 02:00:00+00:00,45.45022888096354,NORMAL,47.5,48.5,53.0,17.66865,80.87403,GDBDCL_2026-03-30T02:00:00+0000_45.4502
GDBDCL,Godavari at Bhadrachalam,Godavari,2026-03-30 03:00:00+00:00,45.47626162265022,NORMAL,47.5,48.5,53.0,17.66865,80.87403,GDBDCL_2026-03-30T03:00:00+0000_45.4763
GDBDCL,Godavari at Bhadrachalam,Godavari,2026-03-30 04:00:00+00:00,45.41584643706486,NORMAL,47.5,48.5,53.0,17.66865,80.87403,GDBDCL_2026-03-30T04:00:00+0000_45.4158
GDBDCL,Godavari at Bhadrachalam,Godavari,2026-03-30 05:00:00+00:00,45.40135394885316,NORMAL,47.5,48.5,53.0,17.66865,80.87403,GDBDCL_2026-03-30T05:00:00+0000_45.4014
GDBDCL,Godavari at Bhadrachalam,Godavari,2026-03-30 06:00:00+00:00,45.374498021203856,NORMAL,47.5,48.5,53.0,17.66865,80.87403,GDBDCL_2026-03-30T06:00:00+0000_45.3745
GDBDCL,Godavari at Bhadrachalam,Godavari,2026-03-30 07:00:00+00:00,45.297586690851375,NORMAL,47.5,48.5,53.0,17.66865,80.87403,GDBDCL_2026-03-30T07:00:00+0000_45.2976
GDBDCL,Godavari at Bhadrachalam,Godavari,2026-03-30 08:00:00+00:00,45.25544376816077,NORMAL,47.5,48.5,53.0,17.66865,80.87403,GDBDCL_2026-03-30T08:00:00+0000_45.2554
GDBDCL,Godavari at Bhadrachalam,Godavari,2026-03-30 09:00:00+00:00,45.21418700971237,NORMAL,47.5,48.5,53.0,17.66865,80.87403,GDBDCL_2026-03-30T09:00:00+0000_45.2142
GDBDCL,Godavari at Bhadrachalam,Godavari,2026-03-30 10:00:00+00:00,45.208376409379056,NORMAL,47.5,48.5,53.0,17.66865,80.87403,GDBDCL_2026-03-30T10:00:00+0000_45.2084
GDBDCL,Godavari at Bhadrachalam,Godavari,2026-03-30 11:00:00+00:00,45.21679037278719,NORMAL,47.5,48.5,53.0,17.66865,80.87403,GDBDCL_2026-03-30T11:00:00+0000_45.2168
GDBDCL,Godavari at Bhadrachalam,Godavari,2026-03-30 12:00:00+00:00,45.23115839687305,NORMAL,47.5,48.5,53.0,17.66865,80.87403,GDBDCL_2026-03-30T12:00:00+0000_45.2312
GDBDCL,Godavari at Bhadrachalam,Godavari,2026-03-30 13:00:00+00:00,45.1552299693063,NORMAL,47.5,48.5,53.0,17.66865,80.87403,GDBDCL_2026-03-30T13:00:00+0000_45.1552
GDBDCL,Godavari at Bhadrachalam,Godavari,2026-03-30 14:00:00+00:00,45.163529039219306,NORMAL,47.5,48.5,53.0,17.66865,80.87403,GDBDCL_2026-03-30T14:00:00+0000_45.1635
GDBDCL,Godavari at Bhadrachalam,Godavari,2026-03-30 15:00:00+00:00,45.22949541850642,NORMAL,47.5,48.5,53.0,17.66865,80.87403,GDBDCL_2026-03-30T15:00:00+0000_45.2295
GDBDCL,Godavari at Bhadrachalam,Godavari,2026-03-30 16:00:00+00:00,45.24207873077176,NORMAL,47.5,48.5,53.0,17.66865,80.87403,GDBDCL_2026-03-30T16:00:00+0000_45.2421
GDBDCL,Godavari at Bhadrachalam,Godavari,2026-03-30 17:00:00+00:00,45.264597758445,NORMAL,47.5,48.5,53.0,17.66865,80.87403,GDBDCL_2026-03-30T17:00:00+0000_45.2646
GDBDCL,Godavari at Bhadrachalam,Godavari,2026-03-30 18:00:00+00:00,45.26781357385866,NORMAL,47.5,48.5,53.0,17.66865,80.87403,GDBDCL_2026-03-30T18:00:00+0000_45.2678
GDBDCL,Godavari at Bhadrachalam,Godavari,2026-03-30 19:00:00+00:00,45.25578759141704,NORMAL,47.5,48.5,53.0,17.66865,80.87403,GDBDCL_2026-03-30T19:00:00+0000_45.2558
GDBDCL,Godavari at Bhadrachalam,Godavari,2026-03-30 20:00:00+00:00,45.28602840420269,NORMAL,47.5,48.5,53.0,17.66865,80.87403,GDBDCL_2026-03-30T20:00:00+0000_45.2860
GDBDCL,Godavari at Bhadrachalam,Godavari,2026-03-30 21:00:00+00:00,45.38606015644795,NORMAL,47.5,48.5,53.0,17.66865,80.87403,GDBDCL_2026-03-30T21:00:00+0000_45.3861
GDBDCL,Godavari at Bhadrachalam,Godavari,2026-03-30 22:00:00+00:00,47.06064947511811,NORMAL,47.5,48.5,53.0,17.66865,80.87403,GDBDCL_2026-03-30T22:00:00+0000_47.0606
GDBDCL,Godavari at Bhadrachalam,Godavari,2026-03-30 23:00:00+00:00,46.91900766676721,NORMAL,47.5,48.5,53.0,17.66865,80.87403,GDBDCL_2026-03-30T23:00:00+0000_46.9190
GDBDCL,Godavari at Bhadrachalam,Godavari,2026-03-31 00:00:00+00:00,45.4025532521289,NORMAL,47.5,48.5,53.0,17.66865,80.87403,GDBDCL_2026-03-31T00:00:00+0000_45.4026
GDBDCL,Godavari at Bhadrachalam,Godavari,2026-03-31 01:00:00+00:00,45.5068903131975,NORMAL,47.5,48.5,53.0,17.66865,80.87403,GDBDCL_2026-03-31T01:00:00+0000_45.5069
GDBDCL,Godavari at Bhadrachalam,Godavari,2026-03-31 02:00:00+00:00,45.48275648181091,NORMAL,47.5,48.5,53.0,17.66865,80.87403,GDBDCL_2026-03-31T02:00:00+0000_45.4828
GDBDCL,Godavari at Bhadrachalam,Godavari,2026-03-31 03:00:00+00:00,45.4445628207967,NORMAL,47.5,48.5,53.0,17.66865,80.87403,GDBDCL_2026-03-31T03:00:00+0000_45.4446
GDBDCL,Godavari at Bhadrachalam,Godavari,2026-03-31 04:00:00+00:00,45.43568226747317,NORMAL,47.5,48.5,53.0,17.66865,80.87403,GDBDCL_2026-03-31T04:00:00+0000_45.4357
GDBDCL,Godavari at Bhadrachalam,Godavari,2026-03-31 05:00:00+00:00,45.38680919286316,NORMAL,47.5,48.5,53.0,17.66865,80.87403,GDBDCL_2026-03-31T05:00:00+0000_45.3868
GDBDCL,Godavari at Bhadrachalam,Godavari,2026-03-31 06:00:00+00:00,45.358086708389656,NORMAL,47.5,48.5,53.0,17.66865,80.87403,GDBDCL_2026-03-31T06:00:00+0000_45.3581
GDBDCL,Godavari at Bhadrachalam,Godavari,2026-03-31 07:00:00+00:00,45.29431680384098,NORMAL,47.5,48.5,53.0,17.66865,80.87403,GDBDCL_2026-03-31T07:00:00+0000_45.2943
GDBDCL,Godavari at Bhadrachalam,Godavari,2026-03-31 08:00:00+00:00,45.27833238326177,NORMAL,47.5,48.5,53.0,17.66865,80.87403,GDBDCL_2026-03-31T08:00:00+0000_45.2783
GDBDCL,Godavari at Bhadrachalam,Godavari,2026-03-31 09:00:00+00:00,45.31548816545652,NORMAL,47.5,48.5,53.0,17.66865,80.87403,GDBDCL_2026-03-31T09:00:00+0000_45.3155
GDBDCL,Godavari at Bhadrachalam,Godavari,2026-03-31 10:00:00+00:00,45.19146834478296,NORMAL,47.5,48.5,53.0,17.66865,80.87403,GDBDCL_2026-03-31T10:00:00+0000_45.1915
GDBDCL,Godavari at Bhadrachalam,Godavari,2026-03-31 11:00:00+00:00,45.16685783027393,NORMAL,47.5,48.5,53.0,17.66865,80.87403,GDBDCL_2026-03-31T11:00:00+0000_45.1669
GDBDCL,Godavari at Bhadrachalam,Godavari,2026-03-31 12:00:00+00:00,45.20618961871759,NORMAL,47.5,48.5,53.0,17.66865,80.87403,GDBDCL_2026-03-31T12:00:00+0000_45.2062
GDBDCL,Godavari at Bhadrachalam,Godavari,2026-03-31 13:00:00+00:00,45.20779772988557,NORMAL,47.5,48.5,53.0,17.66865,80.87403,GDBDCL_2026-03-31T13:00:00+0000_45.2078
GDBDCL,Godavari at Bhadrachalam,Godavari,2026-03-31 14:00:00+00:00,45.21459034855146,NORMAL,47.5,48.5,53.0,17.66865,80.87403,GDBDCL_2026-03-31T14:00:00+0000_45.2146
GDBDCL,Godavari at Bhadrachalam,Godavari,2026-03-31 15:00:00+00:00,45.23734785365778,NORMAL,47.5,48.5,53.0,17.66865,80.87403,GDBDCL_2026-03-31T15:00:00+0000_45.2373
GDBDCL,Godavari at Bhadrachalam,Godavari,2026-03-31 16:00:00+00:00,45.17017802684196,NORMAL,47.5,48.5,53.0,17.66865,80.87403,GDBDCL_2026-03-31T16:00:00+0000_45.1702
GDBDCL,Godavari at Bhadrachalam,Godavari,2026-03-31 17:00:00+00:00,45.20516350899069,NORMAL,47.5,48.5,53.0,17.66865,80.87403,GDBDCL_2026-03-31T17:00:00+0000_45.2052
GDBDCL,Godavari at Bhadrachalam,Godavari,2026-03-31 18:00:00+00:00,45.28514605797415,NORMAL,47.5,48.5,53.0,17.66865,80.87403,GDBDCL_2026-03-31T18:00:00+0000_45.2851
GDBDCL,Godavari at Bhadrachalam,Godavari,2026-03-31 19:00:00+00:00,45.27907479455946,NORMAL,47.5,48.5,53.0,17.66865,80.87403,GDBDCL_2026-03-31T19:00:00+0000_45.2791
GDBDCL,Godavari at Bhadrachalam,Godavari,2026-03-31 20:00:00+00:00,45.32654159595411,NORMAL,47.5,48.5,53.0,17.66865,80.87403,GDBDCL_2026-03-31T20:00:00+0000_45.3265
GDBDCL,Godavari at Bhadrachalam,Godavari,2026-03-31 21:00:00+00:00,48.76890861115507,DANGER,47.5,48.5,53.0,17.66865,80.87403,GDBDCL_2026-03-31T21:00:00+0000_48.7689
GDBDCL,Godavari at Bhadrachalam,Godavari,2026-03-31 22:00:00+00:00,48.40422126205071,WARNING,47.5,48.5,53.0,17.66865,80.87403,GDBDCL_2026-03-31T22:00:00+0000_48.4042
GDBDCL,Godavari at Bhadrachalam,Godavari,2026-03-31 23:00:00+00:00,48.17332279899729,WARNING,47.5,48.5,53.0,17.66865,80.87403,GDBDCL_2026-03-31T23:00:00+0000_48.1733
GDBDCL,Godavari at Bhadrachalam,Godavari,2026-04-01 00:00:00+00:00,45.43600429862756,NORMAL,47.5,48.5,53.0,17.66865,80.87403,GDBDCL_2026-04-01T00:00:00+0000_45.4360
GDBDCL,Godavari at Bhadrachalam,Godavari,2026-04-01 01:00:00+00:00,45.48418973035597,NORMAL,47.5,48.5,53.0,17.66865,80.87403,GDBDCL_2026-04-01T01:00:00+0000_45.4842
GDBDCL,Godavari at Bhadrachalam,Godavari,2026-04-01 02:00:00+00:00,45.43018218960034,NORMAL,47.5,48.5,53.0,17.66865,80.87403,GDBDCL_2026-04-01T02:00:00+0000_45.4302
GDBDCL,Godavari at Bhadrachalam,Godavari,2026-04-01 03:00:00+00:00,45.46551019458461,NORMAL,47.5,48.5,53.0,17.66865,80.87403,GDBDCL_2026-04-01T03:00:00+0000_45.4655
GDBDCL,Godavari at Bhadrachalam,Godavari,2026-04-01 04:00:00+00:00,45.46115824695364,NORMAL,47.5,48.5,53.0,17.66865,80.87403,GDBDCL_2026-04-01T04:00:00+0000_45.4612
GDBDCL,Godavari at Bhadrachalam,Godavari,2026-04-01 05:00:00+00:00,45.4296349006238,NORMAL,47.5,48.5,53.0,17.66865,80.87403,GDBDCL_2026-04-01T05:00:00+0000_45.4296
GDBDCL,Godavari at Bhadrachalam,Godavari,2026-04-01 06:00:00+00:00,45.38437420503886,NORMAL,47.5,48.5,53.0,17.66865,80.87403,GDBDCL_2026-04-01T06:00:00+0000_45.3844
GDBDCL,Godavari at Bhadrachalam,Godavari,2026-04-01 07:00:00+00:00,45.33026986818094,NORMAL,47.5,48.5,53.0,17.66865,80.87403,GDBDCL_2026-04-01T07:00:00+0000_45.3303
GDBDCL,Godavari at Bhadrachalam,Godavari,2026-04-01 08:00:00+00:00,45.26941619021319,NORMAL,47.5,48.5,53.0,17.66865,80.87403,GDBDCL_2026-04-01T08:00:00+0000_45.2694
GDBDCL,Godavari at Bhadrachalam,Godavari,2026-04-01 09:00:00+00:00,45.27305453079733,NORMAL,47.5,48.5,53.0,17.66865,80.87403,GDBDCL_2026-04-01T09:00:00+0000_45.2731
GDBDCL,Godavari at Bhadrachalam,Godavari,2026-04-01 10:00:00+00:00,45.20877400292987,NORMAL,47.5,48.5,53.0,17.66865,80.87403,GDBDCL_2026-04-01T10:00:00+0000_45.2088
GDBDCL,Godavari at Bhadrachalam,Godavari,2026-04-01 11:00:00+00:00,45.24801901615232,NORMAL,47.5,48.5,53.0,17.66865,80.87403,GDBDCL_2026-04-01T11:00:00+0000_45.2480
GDBDCL,Godavari at Bhadrachalam,Godavari,2026-04-01 12:00:00+00:00,45.24066360356274,NORMAL,47.5,48.5,53.0,17.66865,80.87403,GDBDCL_2026-04-01T12:00:00+0000_45.2407
GDBDCL,Godavari at Bhadrachalam,Godavari,2026-04-01 13:00:00+00:00,45.20501904838998,NORMAL,47.5,48.5,53.0,17.66865,80.87403,GDBDCL_2026-04-01T13:00:00+0000_45.2050
GDBDCL,Godavari at Bhadrachalam,Godavari,2026-04-01 14:00:00+00:00,45.15535322813436,NORMAL,47.5,48.5,53.0,17.66865,80.87403,GDBDCL_2026-04-01T14:00:00+0000_45.1554
GDBDCL,Godavari at Bhadrachalam,Godavari,2026-04-01 15:00:00+00:00,45.20991745695301,NORMAL,47.5,48.5,53.0,17.66865,80.87403,GDBDCL_2026-04-01T15:00:00+0000_45.2099
GDBDCL,Godavari at Bhadrachalam,Godavari,2026-04-01 16:00:00+00:00,45.23047503555842,NORMAL,47.5,48.5,53.0,17.66865,80.87403,GDBDCL_2026-04-01T16:00:00+0000_45.2305
GDBDCL,Godavari at Bhadrachalam,Godavari,2026-04-01 17:00:00+00:00,45.20082087143416,NORMAL,47.5,48.5,53.0,17.66865,80.87403,GDBDCL_2026-04-01T17:00:00+0000_45.2008
GDBDCL,Godavari at Bhadrachalam,Godavari,2026-04-01 18:00:00+00:00,45.24772834042386,NORMAL,47.5,48.5,53.0,17.66865,80.87403,GDBDCL_2026-04-01T18:00:00+0000_45.2477
GDBDCL,Godavari at Bhadrachalam,Godavari,2026-04-01 19:00:00+00:00,45.33605195735596,NORMAL,47.5,48.5,53.0,17.66865,80.87403,GDBDCL_2026-04-01T19:00:00+0000_45.3361
GDBDCL,Godavari at Bhadrachalam,Godavari,2026-04-01 20:00:00+00:00,45.29590542091884,NORMAL,47.5,48.5,53.0,17.66865,80.87403,GDBDCL_2026-04-01T20:00:00+0000_45.2959
GDBDCL,Godavari at Bhadrachalam,Godavari,2026-04-01 21:00:00+00:00,45.40258132100149,NORMAL,47.5,48.5,53.0,17.66865,80.87403,GDBDCL_2026-04-01T21:00:00+0000_45.4026
GDBDCL,Godavari at Bhadrachalam,Godavari,2026-04-01 22:00:00+00:00,45.36988322290119,NORMAL,47.5,48.5,53.0,17.66865,80.87403,GDBDCL_2026-04-01T22:00:00+0000_45.3699
GDBDCL,Godavari at Bhadrachalam,Godavari,2026-04-01 23:00:00+00:00,45.47665642337625,NORMAL,47.5,48.5,53.0,17.66865,80.87403,GDBDCL_2026-04-01T23:00:00+0000_45.4767
GDBDCL,Godavari at Bhadrachalam,Godavari,2026-04-02 00:00:00+00:00,45.450321576092605,NORMAL,47.5,48.5,53.0,17.66865,80.87403,GDBDCL_2026-04-02T00:00:00+0000_45.4503
GDBDCL,Godavari at Bhadrachalam,Godavari,2026-04-02 01:00:00+00:00,45.446505751444725,NORMAL,47.5,48.5,53.0,17.66865,80.87403,GDBDCL_2026-04-02T01:00:00+0000_45.4465
GDBDCL,Godavari at Bhadrachalam,Godavari,2026-04-02 02:00:00+00:00,45.45042547753602,NORMAL,47.5,48.5,53.0,17.66865,80.87403,GDBDCL_2026-04-02T02:00:00+0000_45.4504
GDBDCL,Godavari at Bhadrachalam,Godavari,2026-04-02 03:00:00+00:00,45.50589962996934,NORMAL,47.5,48.5,53.0,17.66865,80.87403,GDBDCL_2026-04-02T03:00:00+0000_45.5059
GDBDCL,Godavari at Bhadrachalam,Godavari,2026-04-02 04:00:00+00:00,45.4865600989288,NORMAL,47.5,48.5,53.0,17.66865,80.87403,GDBDCL_2026-04-02T04:00:00+0000_45.4866
GDBDCL,Godavari at Bhadrachalam,Godavari,2026-04-02 05:00:00+00:00,45.42637116157126,NORMAL,47.5,48.5,53.0,17.66865,80.87403,GDBDCL_2026-04-02T05:00:00+0000_45.4264
GDBDCL,Godavari at Bhadrachalam,Godavari,2026-04-02 06:00:00+00:00,45.39992446820284,NORMAL,47.5,48.5,53.0,17.66865,80.87403,GDBDCL_2026-04-02T06:00:00+0000_45.3999
GDBDCL,Godavari at Bhadrachalam,Godavari,2026-04-02 07:00:00+00:00,45.31359463478703,NORMAL,47.5,48.5,53.0,17.66865,80.87403,GDBDCL_2026-04-02T07:00:00+0000_45.3136
GDBDCL,Godavari at Bhadrachalam,Godavari,2026-04-02 08:00:00+00:00,45.2902285991883,NORMAL,47.5,48.5,53.0,17.66865,80.87403,GDBDCL_2026-04-02T08:00:00+0000_45.2902
GDBDCL,Godavari at Bhadrachalam,Godavari,2026-04-02 09:00:00+00:00,45.253725608611056,NORMAL,47.5,48.5,53.0,17.66865,80.87403,GDBDCL_2026-04-02T09:00:00+0000_45.2537
GDBDCL,Godavari at Bhadrachalam,Godavari,2026-04-02 10:00:00+00:00,45.22026508234248,NORMAL,47.5,48.5,53.0,17.66865,80.87403,GDBDCL_2026-04-02T10:00:00+0000_45.2203
GDBDCL,Godavari at Bhadrachalam,Godavari,2026-04-02 11:00:00+00:00,45.17277955115521,NORMAL,47.5,48.5,53.0,17.66865,80.87403,GDBDCL_2026-04-02T11:00:00+0000_45.1728
GDBDCL,Godavari at Bhadrachalam,Godavari,2026-04-02 12:00:00+00:00,45.15605001681182,NORMAL,47.5,48.5,53.0,17.66865,80.87403,GDBDCL_2026-04-02T12:00:00+0000_45.1561
GDBDCL,Godavari at Bhadrachalam,Godavari,2026-04-02 13:00:00+00:00,45.24013970174606,NORMAL,47.5,48.5,53.0,17.66865,80.87403,GDBDCL_2026-04-02T13:00:00+0000_45.2401
GDBDCL,Godavari at Bhadrachalam,Godavari,2026-04-02 14:00:00+00:00,45.17579567173243,NORMAL,47.5,48.5,53.0,17.66865,80.87403,GDBDCL_2026-04-02T14:00:00+0000_45.1758
GDBDCL,Godavari at Bhadrachalam,Godavari,2026-04-02 15:00:00+00:00,45.1719481804452,NORMAL,47.5,48.5,53.0,17.66865,80.87403,GDBDCL_2026-04-02T15:00:00+0000_45.1719
GDBDCL,Godavari at Bhadrachalam,Godavari,2026-04-02 16:00:00+00:00,45.23317393134291,NORMAL,47.5,48.5,53.0,17.66865,80.87403,GDBDCL_2026-04-02T16:00:00+0000_45.2332
GDBDCL,Godavari at Bhadrachalam,Godavari,2026-04-02 17:00:00+00:00,45.217322476084846,NORMAL,47.5,48.5,53.0,17.66865,80.87403,GDBDCL_2026-04-02T17:00:00+0000_45.2173
GDBDCL,Godavari at Bhadrachalam,Godavari,2026-04-02 18:00:00+00:00,45.25342584498962,NORMAL,47.5,48.5,53.0,17.66865,80.87403,GDBDCL_2026-04-02T18:00:00+0000_45.2534
GDBDCL,Godavari at Bhadrachalam,Godavari,2026-04-02 19:00:00+00:00,45.280174847447206,NORMAL,47.5,48.5,53.0,17.66865,80.87403,GDBDCL_2026-04-02T19:00:00+0000_45.2802
GDBDCL,Godavari at Bhadrachalam,Godavari,2026-04-02 20:00:00+00:00,45.339996414037685,NORMAL,47.5,48.5,53.0,17.66865,80.87403,GDBDCL_2026-04-02T20:00:00+0000_45.3400
GDBDCL,Godavari at Bhadrachalam,Godavari,2026-04-02 21:00:00+00:00,45.38261307607313,NORMAL,47.5,48.5,53.0,17.66865,80.87403,GDBDCL_2026-04-02T21:00:00+0000_45.3826
GDBDCL,Godavari at Bhadrachalam,Godavari,2026-04-02 22:00:00+00:00,45.42575081344443,NORMAL,47.5,48.5,53.0,17.66865,80.87403,GDBDCL_2026-04-02T22:00:00+0000_45.4258
GDBDCL,Godavari at Bhadrachalam,Godavari,2026-04-02 23:00:00+00:00,45.39816269383006,NORMAL,47.5,48.5,53.0,17.66865,80.87403,GDBDCL_2026-04-02T23:00:00+0000_45.3982
GDBDCL,Godavari at Bhadrachalam,Godavari,2026-04-03 00:00:00+00:00,45.42183152975348,NORMAL,47.5,48.5,53.0,17.66865,80.87403,GDBDCL_2026-04-03T00:00:00+0000_45.4218
GDBDCL,Godavari at Bhadrachalam,Godavari,2026-04-03 01:00:00+00:00,45.5151492927694,NORMAL,47.5,48.5,53.0,17.66865,80.87403,GDBDCL_2026-04-03T01:00:00+0000_45.5151
GDBDCL,Godavari at Bhadrachalam,Godavari,2026-04-03 02:00:00+00:00,46.609950304080975,NORMAL,47.5,48.5,53.0,17.66865,80.87403,GDBDCL_2026-04-03T02:00:00+0000_46.6100
GDBDCL,Godavari at Bhadrachalam,Godavari,2026-04-03 03:00:00+00:00,46.46026786467653,NORMAL,47.5,48.5,53.0,17.66865,80.87403,GDBDCL_2026-04-03T03:00:00+0000_46.4603
GDBDCL,Godavari at Bhadrachalam,Godavari,2026-04-03 04:00:00+00:00,46.306617349060936,NORMAL,47.5,48.5,53.0,17.66865,80.87403,GDBDCL_2026-04-03T04:00:00+0000_46.3066
GDBDCL,Godavari at Bhadrachalam,Godavari,2026-04-03 05:00:00+00:00,46.210399897064285,NORMAL,47.5,48.5,53.0,17.66865,80.87403,GDBDCL_2026-04-03T05:00:00+0000_46.2104
GDBDCL,Godavari at Bhadrachalam,Godavari,2026-04-03 06:00:00+00:00,45.44173600963777,NORMAL,47.5,48.5,53.0,17.66865,80.87403,GDBDCL_2026-04-03T06:00:00+0000_45.4417
GDBDCL,Godavari at Bhadrachalam,Godavari,2026-04-03 07:00:00+00:00,45.33951685408306,NORMAL,47.5,48.5,53.0,17.66865,80.87403,GDBDCL_2026-04-03T07:00:00+0000_45.3395
GDBDCL,Godavari at Bhadrachalam,Godavari,2026-04-03 08:00:00+00:00,45.29106391522191,NORMAL,47.5,48.5,53.0,17.66865,80.87403,GDBDCL_2026-04-03T08:00:00+0000_45.2911
GDBDCL,Godavari at Bhadrachalam,Godavari,2026-04-03 09:00:00+00:00,45.32455740265482,NORMAL,47.5,48.5,53.0,17.66865,80.87403,GDBDCL_2026-04-03T09:00:00+0000_45.3246
GDBDCL,Godavari at Bhadrachalam,Godavari,2026-04-03 10:00:00+00:00,45.21069212399559,NORMAL,47.5,48.5,53.0,17.66865,80.87403,GDBDCL_2026-04-03T10:00:00+0000_45.2107
GDBDCL,Godavari at Bhadrachalam,Godavari,2026-04-03 11:00:00+00:00,45.224981999823726,NORMAL,47.5,48.5,53.0,17.66865,80.87403,GDBDCL_2026-04-03T11:00:00+0000_45.2250
GDBDCL,Godavari at Bhadrachalam,Godavari,2026-04-03 12:00:00+00:00,45.18121381366326,NORMAL,47.5,48.5,53.0,17.66865,80.87403,GDBDCL_2026-04-03T12:00:00+0000_45.1812
GDBDCL,Godavari at Bhadrachalam,Godavari,2026-04-03 13:00:00+00:00,45.16571218421856,NORMAL,47.5,48.5,53.0,17.66865,80.87403,GDBDCL_2026-04-03T13:00:00+0000_45.1657
GDBDCL,Godavari at Bhadrachalam,Godavari,2026-04-03 14:00:00+00:00,45.21358113457824,NORMAL,47.5,48.5,53.0,17.66865,80.87403,GDBDCL_2026-04-03T14:00:00+0000_45.2136
GDBDCL,Godavari at Bhadrachalam,Godavari,2026-04-03 15:00:00+00:00,45.20016514284909,NORMAL,47.5,48.5,53.0,17.66865,80.87403,GDBDCL_2026-04-03T15:00:00+0000_45.2002
GDBDCL,Godavari at Bhadrachalam,Godavari,2026-04-03 16:00:00+00:00,,,47.5,48.5,53.0,17.66865,80.87403,GDBDCL_2026-04-03T16:00:00+0000_
GDBDCL,Godavari at Bhadrachalam,Godavari,2026-04-03 17:00:00+00:00,45.27540159541556,NORMAL,47.5,48.5,53.0,17.66865,80.87403,GDBDCL_2026-04-03T17:00:00+0000_45.2754
GDBDCL,Godavari at Bhadrachalam,Godavari,2026-04-03 18:00:00+00:00,45.33038965828928,NORMAL,47.5,48.5,53.0,17.66865,80.87403,GDBDCL_2026-04-03T18:00:00+0000_45.3304
GDBDCL,Godavari at Bhadrachalam,Godavari,2026-04-03 19:00:00+00:00,45.29125154607928,NORMAL,47.5,48.5,53.0,17.66865,80.87403,GDBDCL_2026-04-03T19:00:00+0000_45.2913
GDBDCL,Godavari at Bhadrachalam,Godavari,2026-04-03 20:00:00+00:00,45.36989824897629,NORMAL,47.5,48.5,53.0,17.66865,80.87403,GDBDCL_2026-04-03T20:00:00+0000_45.3699
GDBDCL,Godavari at Bhadrachalam,Godavari,2026-04-03 21:00:00+00:00,45.356534331456295,NORMAL,47.5,48.5,53.0,17.66865,80.87403,GDBDCL_2026-04-03T21:00:00+0000_45.3565
GDBDCL,Godavari at Bhadrachalam,Godavari,2026-04-03 22:00:00+00:00,45.38573544682564,NORMAL,47.5,48.5,53.0,17.66865,80.87403,GDBDCL_2026-04-03T22:00:00+0000_45.3857
GDBDCL,Godavari at Bhadrachalam,Godavari,2026-04-03 23:00:00+00:00,45.43965919673455,NORMAL,47.5,48.5,53.0,17.66865,80.87403,GDBDCL_2026-04-03T23:00:00+0000_45.4397
GDBDCL,Godavari at Bhadrachalam,Godavari,2026-04-04 00:00:00+00:00,45.44126261610855,NORMAL,47.5,48.5,53.0,17.66865,80.87403,GDBDCL_2026-04-04T00:00:00+0000_45.4413
GDBDCL,Godavari at Bhadrachalam,Godavari,2026-04-04 01:00:00+00:00,45.5219745976506,NORMAL,47.5,48.5,53.0,17.66865,80.87403,GDBDCL_2026-04-04T01:00:00+0000_45.5220
GDBDCL,Godavari at Bhadrachalam,Godavari,2026-04-04 02:00:00+00:00,45.49953956108808,NORMAL,47.5,48.5,53.0,17.66865,80.87403,GDBDCL_2026-04-04T02:00:00+0000_45.4995
GDBDCL,Godavari at Bhadrachalam,Godavari,2026-04-04 03:00:00+00:00,45.48501215141174,NORMAL,47.5,48.5,53.0,17.66865,80.87403,GDBDCL_2026-04-04T03:00:00+0000_45.4850
GDBDCL,Godavari at Bhadrachalam,Godavari,2026-04-04 04:00:00+00:00,45.444589322169946,NORMAL,47.5,48.5,53.0,17.66865,80.87403,GDBDCL_2026-04-04T04:00:00+0000_45.4446
GDBDCL,Godavari at Bhadrachalam,Godavari,2026-04-04 05:00:00+00:00,45.389534712777774,NORMAL,47.5,48.5,53.0,17.66865,80.87403,GDBDCL_2026-04-04T05:00:00+0000_45.3895
GDBDCL,Godavari at Bhadrachalam,Godavari,2026-04-04 06:00:00+00:00,45.37913292914964,NORMAL,47.5,48.5,53.0,17.66865,80.87403,GDBDCL_2026-04-04T06:00:00+0000_45.3791
GDBDCL,Godavari at Bhadrachalam,Godavari,2026-04-04 07:00:00+00:00,45.39461841085028,NORMAL,47.5,48.5,53.0,17.66865,80.87403,GDBDCL_2026-04-04T07:00:00+0000_45.3946
GDBDCL,Godavari at Bhadrachalam,Godavari,2026-04-04 08:00:00+00:00,45.3085362257657,NORMAL,47.5,48.5,53.0,17.66865,80.87403,GDBDCL_2026-04-04T08:00:00+0000_45.3085
GDBDCL,Godavari at Bhadrachalam,Godavari,2026-04-04 09:00:00+00:00,45.32002062799371,NORMAL,47.5,48.5,53.0,17.66865,80.87403,GDBDCL_2026-04-04T09:00:00+0000_45.3200
GDBDCL,Godavari at Bhadrachalam,Godavari,2026-04-04 10:00:00+00:00,45.24704777929849,NORMAL,47.5,48.5,53.0,17.66865,80.87403,GDBDCL_2026-04-04T10:00:00+0000_45.2470
GDBDCL,Godavari at Bhadrachalam,Godavari,2026-04-04 11:00:00+00:00,45.22320178604353,NORMAL,47.5,48.5,53.0,17.66865,80.87403,GDBDCL_2026-04-04T11:00:00+0000_45.2232
GDBDCL,Godavari at Bhadrachalam,Godavari,2026-04-04 12:00:00+00:00,45.17299594381975,NORMAL,47.5,48.5,53.0,17.66865,80.87403,GDBDCL_2026-04-04T12:00:00+0000_45.1730
GDBDCL,Godavari at Bhadrachalam,Godavari,2026-04-04 13:00:00+00:00,45.2015252893742,NORMAL,47.5,48.5,53.0,17.66865,80.87403,GDBDCL_2026-04-04T13:00:00+0000_45.2015
GDBDCL,Godavari at Bhadrachalam,Godavari,2026-04-04 14:00:00+00:00,45.24418210976328,NORMAL,47.5,48.5,53.0,17.66865,80.87403,GDBDCL_2026-04-04T14:00:00+0000_45.2442
GDBDCL,Godavari at Bhadrachalam,Godavari,2026-04-04 15:00:00+00:00,45.187061255116944,NORMAL,47.5,48.5,53.0,17.66865,80.87403,GDBDCL_2026-04-04T15:00:00+0000_45.1871
GDBDCL,Godavari at Bhadrachalam,Godavari,2026-04-04 16:00:00+00:00,45.21535482455004,NORMAL,47.5,48.5,53.0,17.66865,80.87403,GDBDCL_2026-04-04T16:00:00+0000_45.2154
GDBDCL,Godavari at Bhadrachalam,Godavari,2026-04-04 17:00:00+00:00,45.2186260752021,NORMAL,47.5,48.5,53.0,17.66865,80.87403,GDBDCL_2026-04-04T17:00:00+0000_45.2186
GDBDCL,Godavari at Bhadrachalam,Godavari,2026-04-04 18:00:00+00:00,45.25138775470757,NORMAL,47.5,48.5,53.0,17.66865,80.87403,GDBDCL_2026-04-04T18:00:00+0000_45.2514
GDBDCL,Godavari at Bhadrachalam,Godavari,2026-04-04 19:00:00+00:00,45.325792524500336,NORMAL,47.5,48.5,53.0,17.66865,80.87403,GDBDCL_2026-04-04T19:00:00+0000_45.3258
GDBDCL,Godavari at Bhadrachalam,Godavari,2026-04-04 20:00:00+00:00,45.3258217741708,NORMAL,47.5,48.5,53.0,17.66865,80.87403,GDBDCL_2026-04-04T20:00:00+0000_45.3258
GDBDCL,Godavari at Bhadrachalam,Godavari,2026-04-04 21:00:00+00:00,45.38446028270896,NORMAL,47.5,48.5,53.0,17.66865,80.87403,GDBDCL_2026-04-04T21:00:00+0000_45.3845
GDBDCL,Godavari at Bhadrachalam,Godavari,2026-04-04 22:00:00+00:00,45.400016996627855,NORMAL,47.5,48.5,53.0,17.66865,80.87403,GDBDCL_2026-04-04T22:00:00+0000_45.4000
GDBDCL,Godavari at Bhadrachalam,Godavari,2026-04-04 23:00:00+00:00,45.43347356353087,NORMAL,47.5,48.5,53.0,17.66865,80.87403,GDBDCL_2026-04-04T23:00:00+0000_45.4335
GDBDCL,Godavari at Bhadrachalam,Godavari,2026-04-05 00:00:00+00:00,45.53238346532704,NORMAL,47.5,48.5,53.0,17.66865,80.87403,GDBDCL_2026-04-05T00:00:00+0000_45.5324
GDBDCL,Godavari at Bhadrachalam,Godavari,2026-04-05 01:00:00+00:00,45.48003835538172,NORMAL,47.5,48.5,53.0,17.66865,80.87403,GDBDCL_2026-04-05T01:00:00+0000_45.4800
GDBDCL,Godavari at Bhadrachalam,Godavari,2026-04-05 02:00:00+00:00,45.458659288658446,NORMAL,47.5,48.5,53.0,17.66865,80.87403,GDBDCL_2026-04-05T02:00:00+0000_45.4587
GDBDCL,Godavari at Bhadrachalam,Godavari,2026-04-05 03:00:00+00:00,45.49588425137898,NORMAL,47.5,48.5,53.0,17.66865,80.87403,GDBDCL_2026-04-05T03:00:00+0000_45.4959
GDBDCL,Godavari at Bhadrachalam,Godavari,2026-04-05 04:00:00+00:00,45.49242030171996,NORMAL,47.5,48.5,53.0,17.66865,80.87403,GDBDCL_2026-04-05T04:00:00+0000_45.4924
GDBDCL,Godavari at Bhadrachalam,Godavari,2026-04-05 05:00:00+00:00,45.44642063881272,NORMAL,47.5,48.5,53.0,17.66865,80.87403,GDBDCL_2026-04-05T05:00:00+0000_45.4464
GDBDCL,Godavari at Bhadrachalam,Godavari,2026-04-05 06:00:00+00:00,45.398197628070015,NORMAL,47.5,48.5,53.0,17.66865,80.87403,GDBDCL_2026-04-05T06:00:00+0000_45.3982
GDBDCL,Godavari at Bhadrachalam,Godavari,2026-04-05 07:00:00+00:00,45.41132693456293,NORMAL,47.5,48.5,53.0,17.66865,80.87403,GDBDCL_2026-04-05T07:00:00+0000_45.4113
GDBDCL,Godavari at Bhadrachalam,Godavari,2026-04-05 08:00:00+00:00,45.34547157627048,NORMAL,47.5,48.5,53.0,17.66865,80.87403,GDBDCL_2026-04-05T08:00:00+0000_45.3455
GDBDCL,Godavari at Bhadrachalam,Godavari,2026-04-05 09:00:00+00:00,45.34215877242181,NORMAL,47.5,48.5,53.0,17.66865,80.87403,GDBDCL_2026-04-05T09:00:00+0000_45.3422
GDBDCL,Godavari at Bhadrachalam,Godavari,2026-04-05 10:00:00+00:00,45.30406168323411,NORMAL,47.5,48.5,53.0,17.66865,80.87403,GDBDCL_2026-04-05T10:00:00+0000_45.3041
GDBDCL,Godavari at Bhadrachalam,Godavari,2026-04-05 11:00:00+00:00,45.2796802121146,NORMAL,47.5,48.5,53.0,17.66865,80.87403,GDBDCL_2026-04-05T11:00:00+0000_45.2797
GDBDCL,Godavari at Bhadrachalam,Godavari,2026-04-05 12:00:00+00:00,45.19453291758706,NORMAL,47.5,48.5,53.0,17.66865,80.87403,GDBDCL_2026-04-05T12:00:00+0000_45.1945
GDBDCL,Godavari at Bhadrachalam,Godavari,2026-04-05 13:00:00+00:00,45.1750180726325,NORMAL,47.5,48.5,53.0,17.66865,80.87403,GDBDCL_2026-04-05T13:00:00+0000_45.1750
GDBDCL,Godavari at Bhadrachalam,Godavari,2026-04-05 14:00:00+00:00,48.55714835350727,DANGER,47.5,48.5,53.0,17.66865,80.87403,GDBDCL_2026-04-05T14:00:00+0000_48.5571
GDBDCL,Godavari at Bhadrachalam,Godavari,2026-04-05 15:00:00+00:00,48.25082824837963,WARNING,47.5,48.5,53.0,17.66865,80.87403,GDBDCL_2026-04-05T15:00:00+0000_48.2508
GDBDCL,Godavari at Bhadrachalam,Godavari,2026-04-05 16:00:00+00:00,47.92510895973948,WARNING,47.5,48.5,53.0,17.66865,80.87403,GDBDCL_2026-04-05T16:00:00+0000_47.9251
GDBDCL,Godavari at Bhadrachalam,Godavari,2026-04-05 17:00:00+00:00,45.23234805908812,NORMAL,47.5,48.5,53.0,17.66865,80.87403,GDBDCL_2026-04-05T17:00:00+0000_45.2323
GDBDCL,Godavari at Bhadrachalam,Godavari,2026-04-05 18:00:00+00:00,45.2516731622307,NORMAL,47.5,48.5,53.0,17.66865,80.87403,GDBDCL_2026-04-05T18:00:00+0000_45.2517
GDBDCL,Godavari at Bhadrachalam,Godavari,2026-04-05 19:00:00+00:00,45.35284326079863,NORMAL,47.5,48.5,53.0,17.66865,80.87403,GDBDCL_2026-04-05T19:00:00+0000_45.3528
GDBDCL,Godavari at Bhadrachalam,Godavari,2026-04-05 20:00:00+00:00,45.36813996462272,NORMAL,47.5,48.5,53.0,17.66865,80.87403,GDBDCL_2026-04-05T20:00:00+0000_45.3681
GDBDCL,Godavari at Bhadrachalam,Godavari,2026-04-05 21:00:00+00:00,45.35586685371693,NORMAL,47.5,48.5,53.0,17.66865,80.87403,GDBDCL_2026-04-05T21:00:00+0000_45.3559
GDBDCL,Godavari at Bhadrachalam,Godavari,2026-04-05 22:00:00+00:00,45.47255186204004,NORMAL,47.5,48.5,53.0,17.66865,80.87403,GDBDCL_2026-04-05T22:00:00+0000_45.4726
GDBDCL,Godavari at Bhadrachalam,Godavari,2026-04-05 23:00:00+00:00,45.45529431102141,NORMAL,47.5,48.5,53.0,17.66865,80.87403,GDBDCL_2026-04-05T23:00:00+0000_45.4553
GDBDCL,Godavari at Bhadrachalam,Godavari,2026-04-06 00:00:00+00:00,45.44808438284908,NORMAL,47.5,48.5,53.0,17.66865,80.87403,GDBDCL_2026-04-06T00:00:00+0000_45.4481
GDBDCL,Godavari at Bhadrachalam,Godavari,2026-04-06 01:00:00+00:00,45.476930416353575,NORMAL,47.5,48.5,53.0,17.66865,80.87403,GDBDCL_2026-04-06T01:00:00+0000_45.4769
GDBDCL,Godavari at Bhadrachalam,Godavari,2026-04-06 02:00:00+00:00,45.46702011837596,NORMAL,47.5,48.5,53.0,17.66865,80.87403,GDBDCL_2026-04-06T02:00:00+0000_45.4670
GDBDCL,Godavari at Bhadrachalam,Godavari,2026-04-06 03:00:00+00:00,45.505708740920525,NORMAL,47.5,48.5,53.0,17.66865,80.87403,GDBDCL_2026-04-06T03:00:00+0000_45.5057
GDBDCL,Godavari at Bhadrachalam,Godavari,2026-04-06 04:00:00+00:00,45.45666907165796,NORMAL,47.5,48.5,53.0,17.66865,80.87403,GDBDCL_2026-04-06T04:00:00+0000_45.4567
GDBDCL,Godavari at Bhadrachalam,Godavari,2026-04-06 05:00:00+00:00,45.40776343477736,NORMAL,47.5,48.5,53.0,17.66865,80.87403,GDBDCL_2026-04-06T05:00:00+0000_45.4078
GDBDCL,Godavari at Bhadrachalam,Godavari,2026-04-06 06:00:00+00:00,45.42362273608937,NORMAL,47.5,48.5,53.0,17.66865,80.87403,GDBDCL_2026-04-06T06:00:00+0000_45.4236
GDBDCL,Godavari at Bhadrachalam,Godavari,2026-04-06 07:00:00+00:00,45.431142594836416,NORMAL,47.5,48.5,53.0,17.66865,80.87403,GDBDCL_2026-04-06T07:00:00+0000_45.4311
GDBDCL,Godavari at Bhadrachalam,Godavari,2026-04-06 08:00:00+00:00,,,47.5,48.5,53.0,17.66865,80.87403,GDBDCL_2026-04-06T08:00:00+0000_
GDBDCL,Godavari at Bhadrachalam,Godavari,2026-04-06 09:00:00+00:00,45.26582083909326,NORMAL,47.5,48.5,53.0,17.66865,80.87403,GDBDCL_2026-04-06T09:00:00+0000_45.2658
GDBDCL,Godavari at Bhadrachalam,Godavari,2026-04-06 10:00:00+00:00,45.31271625422635,NORMAL,47.5,48.5,53.0,17.66865,80.87403,GDBDCL_2026-04-06T10:00:00+0000_45.3127
GDBDCL,Godavari at Bhadrachalam,Godavari,2026-04-06 11:00:00+00:00,45.21011457928312,NORMAL,47.5,48.5,53.0,17.66865,80.87403,GDBDCL_2026-04-06T11:00:00+0000_45.2101
GDBDCL,Godavari at Bhadrachalam,Godavari,2026-04-06 12:00:00+00:00,45.26518400092306,NORMAL,47.5,48.5,53.0,17.66865,80.87403,GDBDCL_2026-04-06T12:00:00+0000_45.2652
GDBDCL,Godavari at Bhadrachalam,Godavari,2026-04-06 13:00:00+00:00,45.2687881692753,NORMAL,47.5,48.5,53.0,17.66865,80.87403,GDBDCL_2026-04-06T13:00:00+0000_45.2688
GDBDCL,Godavari at Bhadrachalam,Godavari,2026-04-06 14:00:00+00:00,45.20974685413904,NORMAL,47.5,48.5,53.0,17.66865,80.87403,GDBDCL_2026-04-06T14:00:00+0000_45.2097
GDBDCL,Godavari at Bhadrachalam,Godavari,2026-04-06 15:00:00+00:00,45.20881603772864,NORMAL,47.5,48.5,53.0,17.66865,80.87403,GDBDCL_2026-04-06T15:00:00+0000_45.2088
GDBDCL,Godavari at Bhadrachalam,Godavari,2026-04-06 16:00:00+00:00,45.24036953699669,NORMAL,47.5,48.5,53.0,17.66865,80.87403,GDBDCL_2026-04-06T16:00:00+0000_45.2404
GDBDCL,Godavari at Bhadrachalam,Godavari,2026-04-06 17:00:00+00:00,45.31622487991695,NORMAL,47.5,48.5,53.0,17.66865,80.87403,GDBDCL_2026-04-06T17:00:00+0000_45.3162
GDBDCL,Godavari at Bhadrachalam,Godavari,2026-04-06 18:00:00+00:00,45.34036570814842,NORMAL,47.5,48.5,53.0,17.66865,80.87403,GDBDCL_2026-04-06T18:00:00+0000_45.3404
GDBDCL,Godavari at Bhadrachalam,Godavari,2026-04-06 19:00:00+00:00,45.36621079007288,NORMAL,47.5,48.5,53.0,17.66865,80.87403,GDBDCL_2026-04-06T19:00:00+0000_45.3662
GDBDCL,Godavari at Bhadrachalam,Godavari,2026-04-06 20:00:00+00:00,45.40634201708232,NORMAL,47.5,48.5,53.0,17.66865,80.87403,GDBDCL_2026-04-06T20:00:00+0000_45.4063
GDBDCL,Godavari at Bhadrachalam,Godavari,2026-04-06 21:00:00+00:00,45.44064682455089,NORMAL,47.5,48.5,53.0,17.66865,80.87403,GDBDCL_2026-04-06T21:00:00+0000_45.4406
GDBDCL,Godavari at Bhadrachalam,Godavari,2026-04-06 22:00:00+00:00,45.43788155697198,NORMAL,47.5,48.5,53.0,17.66865,80.87403,GDBDCL_2026-04-06T22:00:00+0000_45.4379
GDBDCL,Godavari at Bhadrachalam,Godavari,2026-04-06 23:00:00+00:00,45.52068606028791,NORMAL,47.5,48.5,53.0,17.66865,80.87403,GDBDCL_2026-04-06T23:00:00+0000_45.5207
GDBDCL,Godavari at Bhadrachalam,Godavari,2026-04-07 00:00:00+00:00,45.48862849953185,NORMAL,47.5,48.5,53.0,17.66865,80.87403,GDBDCL_2026-04-07T00:00:00+0000_45.4886
GDBDCL,Godavari at Bhadrachalam,Godavari,2026-04-07 01:00:00+00:00,45.52217482199824,NORMAL,47.5,48.5,53.0,17.66865,80.87403,GDBDCL_2026-04-07T01:00:00+0000_45.5222
GDBDCL,Godavari at Bhadrachalam,Godavari,2026-04-07 02:00:00+00:00,45.50637217935528,NORMAL,47.5,48.5,53.0,17.66865,80.87403,GDBDCL_2026-04-07T02:00:00+0000_45.5064
GDBDCL,Godavari at Bhadrachalam,Godavari,2026-04-07 03:00:00+00:00,,,47.5,48.5,53.0,17.66865,80.87403,GDBDCL_2026-04-07T03:00:00+0000_
GDBDCL,Godavari at Bhadrachalam,Godavari,2026-04-07 04:00:00+00:00,45.4667363279695,NORMAL,47.5,48.5,53.0,17.66865,80.87403,GDBDCL_2026-04-07T04:00:00+0000_45.4667
GDBDCL,Godavari at Bhadrachalam,Godavari,2026-04-07 05:00:00+00:00,45.44039404235821,NORMAL,47.5,48.5,53.0,17.66865,80.87403,GDBDCL_2026-04-07T05:00:00+0000_45.4404
GDBDCL,Godavari at Bhadrachalam,Godavari,2026-04-07 06:00:00+00:00,45.37614582023453,NORMAL,47.5,48.5,53.0,17.66865,80.87403,GDBDCL_2026-04-07T06:00:00+0000_45.3761
GDBDCL,Godavari at Bhadrachalam,Godavari,2026-04-07 07:00:00+00:00,45.3585230784081,NORMAL,47.5,48.5,53.0,17.66865,80.87403,GDBDCL_2026-04-07T07:00:00+0000_45.3585
GDBDCL,Godavari at Bhadrachalam,Godavari,2026-04-07 08:00:00+00:00,45.38947868868102,NORMAL,47.5,48.5,53.0,17.66865,80.87403,GDBDCL_2026-04-07T08:00:00+0000_45.3895
GDBDCL,Godavari at Bhadrachalam,Godavari,2026-04-07 09:00:00+00:00,45.301096789026346,NORMAL,47.5,48.5,53.0,17.66865,80.87403,GDBDCL_2026-04-07T09:00:00+0000_45.3011
GDBDCL,Godavari at Bhadrachalam,Godavari,2026-04-07 10:00:00+00:00,45.30277984077686,NORMAL,47.5,48.5,53.0,17.66865,80.87403,GDBDCL_2026-04-07T10:00:00+0000_45.3028
GDBDCL,Godavari at Bhadrachalam,Godavari,2026-04-07 11:00:00+00:00,45.30550502371979,NORMAL,47.5,48.5,53.0,17.66865,80.87403,GDBDCL_2026-04-07T11:00:00+0000_45.3055
GDBDCL,Godavari at Bhadrachalam,Godavari,2026-04-07 12:00:00+00:00,45.21868979075369,NORMAL,47.5,48.5,53.0,17.66865,80.87403,GDBDCL_2026-04-07T12:00:00+0000_45.2187
GDBDCL,Godavari at Bhadrachalam,Godavari,2026-04-07 13:00:00+00:00,45.26743548323625,NORMAL,47.5,48.5,53.0,17.66865,80.87403,GDBDCL_2026-04-07T13:00:00+0000_45.2674
GDBDCL,Godavari at Bhadrachalam,Godavari,2026-04-07 14:00:00+00:00,45.24924237532287,NORMAL,47.5,48.5,53.0,17.66865,80.87403,GDBDCL_2026-04-07T14:00:00+0000_45.2492
GDBDCL,Godavari at Bhadrachalam,Godavari,2026-04-07 15:00:00+00:00,45.20279573750482,NORMAL,47.5,48.5,53.0,17.66865,80.87403,GDBDCL_2026-04-07T15:00:00+0000_45.2028
GDBDCL,Godavari at Bhadrachalam,Godavari,2026-04-07 16:00:00+00:00,45.21841643485398,NORMAL,47.5,48.5,53.0,17.66865,80.87403,GDBDCL_2026-04-07T16:00:00+0000_45.2184
GDBDCL,Godavari at Bhadrachalam,Godavari,2026-04-07 17:00:00+00:00,45.240939835420726,NORMAL,47.5,48.5,53.0,17.66865,80.87403,GDBDCL_2026-04-07T17:00:00+0000_45.2409
GDBDCL,Godavari at Bhadrachalam,Godavari,2026-04-07 18:00:00+00:00,45.28754820270655,NORMAL,47.5,48.5,53.0,17.66865,80.87403,GDBDCL_2026-04-07T18:00:00+0000_45.2875
GDBDCL,Godavari at Bhadrachalam,Godavari,2026-04-07 19:00:00+00:00,45.32917861447929,NORMAL,47.5,48.5,53.0,17.66865,80.87403,GDBDCL_2026-04-07T19:00:00+0000_45.3292
GDBDCL,Godavari at Bhadrachalam,Godavari,2026-04-07 20:00:00+00:00,45.33944840060937,NORMAL,47.5,48.5,53.0,17.66865,80.87403,GDBDCL_2026-04-07T20:00:00+0000_45.3394
GDBDCL,Godavari at Bhadrachalam,Godavari,2026-04-07 21:00:00+00:00,45.44750842515561,NORMAL,47.5,48.5,53.0,17.66865,80.87403,GDBDCL_2026-04-07T21:00:00+0000_45.4475
GDBDCL,Godavari at Bhadrachalam,Godavari,2026-04-07 22:00:00+00:00,45.42072801605215,NORMAL,47.5,48.5,53.0,17.66865,80.87403,GDBDCL_2026-04-07T22:00:00+0000_45.4207
GDBDCL,Godavari at Bhadrachalam,Godavari,2026-04-07 23:00:00+00:00,45.46074110622535,NORMAL,47.5,48.5,53.0,17.66865,80.87403,GDBDCL_2026-04-07T23:00:00+0000_45.4607
GDBDCL,Godavari at Bhadrachalam,Godavari,2026-04-08 00:00:00+00:00,45.51119174451209,NORMAL,47.5,48.5,53.0,17.66865,80.87403,GDBDCL_2026-04-08T00:00:00+0000_45.5112
GDBDCL,Godavari at Bhadrachalam,Godavari,2026-04-08 01:00:00+00:00,45.46608301224376,NORMAL,47.5,48.5,53.0,17.66865,80.87403,GDBDCL_2026-04-08T01:00:00+0000_45.4661
GDBDCL,Godavari at Bhadrachalam,Godavari,2026-04-08 02:00:00+00:00,45.49125884752722,NORMAL,47.5,48.5,53.0,17.66865,80.87403,GDBDCL_2026-04-08T02:00:00+0000_45.4913
GDBDCL,Godavari at Bhadrachalam,Godavari,2026-04-08 03:00:00+00:00,45.49535049017557,NORMAL,47.5,48.5,53.0,17.66865,80.87403,GDBDCL_2026-04-08T03:00:00+0000_45.4954
GDBDCL,Godavari at Bhadrachalam,Godavari,2026-04-08 04:00:00+00:00,45.47611349380844,NORMAL,47.5,48.5,53.0,17.66865,80.87403,GDBDCL_2026-04-08T04:00:00+0000_45.4761
GDBDCL,Godavari at Bhadrachalam,Godavari,2026-04-08 05:00:00+00:00,45.49002518384,NORMAL,47.5,48.5,53.0,17.66865,80.87403,GDBDCL_2026-04-08T05:00:00+0000_45.4900
GDBDCL,Godavari at Bhadrachalam,Godavari,2026-04-08 06:00:00+00:00,45.40955648989345,NORMAL,47.5,48.5,53.0,17.66865,80.87403,GDBDCL_2026-04-08T06:00:00+0000_45.4096
GDBDCL,Godavari at Bhadrachalam,Godavari,2026-04-08 07:00:00+00:00,45.41480669529789,NORMAL,47.5,48.5,53.0,17.66865,80.87403,GDBDCL_2026-04-08T07:00:00+0000_45.4148
GDBDCL,Godavari at Bhadrachalam,Godavari,2026-04-08 08:00:00+00:00,45.3227358423989,NORMAL,47.5,48.5,53.0,17.66865,80.87403,GDBDCL_2026-04-08T08:00:00+0000_45.3227
GDBDCL,Godavari at Bhadrachalam,Godavari,2026-04-08 09:00:00+00:00,45.36596262132985,NORMAL,47.5,48.5,53.0,17.66865,80.87403,GDBDCL_2026-04-08T09:00:00+0000_45.3660
GDBDCL,Godavari at Bhadrachalam,Godavari,2026-04-08 10:00:00+00:00,45.33169151244521,NORMAL,47.5,48.5,53.0,17.66865,80.87403,GDBDCL_2026-04-08T10:00:00+0000_45.3317
GDBDCL,Godavari at Bhadrachalam,Godavari,2026-04-08 11:00:00+00:00,45.25600615190055,NORMAL,47.5,48.5,53.0,17.66865,80.87403,GDBDCL_2026-04-08T11:00:00+0000_45.2560
GDBDCL,Godavari at Bhadrachalam,Godavari,2026-04-08 12:00:00+00:00,45.291268701848,NORMAL,47.5,48.5,53.0,17.66865,80.87403,GDBDCL_2026-04-08T12:00:00+0000_45.2913
GDBDCL,Godavari at Bhadrachalam,Godavari,2026-04-08 13:00:00+00:00,45.27118057189452,NORMAL,47.5,48.5,53.0,17.66865,80.87403,GDBDCL_2026-04-08T13:00:00+0000_45.2712
GDBDCL,Godavari at Bhadrachalam,Godavari,2026-04-08 14:00:00+00:00,45.24446187327809,NORMAL,47.5,48.5,53.0,17.66865,80.87403,GDBDCL_2026-04-08T14:00:00+0000_45.2445
GDBDCL,Godavari at Bhadrachalam,Godavari,2026-04-08 15:00:00+00:00,45.27359428893415,NORMAL,47.5,48.5,53.0,17.66865,80.87403,GDBDCL_2026-04-08T15:00:00+0000_45.2736
GDBDCL,Godavari at Bhadrachalam,Godavari,2026-04-08 16:00:00+00:00,45.22146350152557,NORMAL,47.5,48.5,53.0,17.66865,80.87403,GDBDCL_2026-04-08T16:00:00+0000_45.2215
GDBDCL,Godavari at Bhadrachalam,Godavari,2026-04-08 17:00:00+00:00,45.2592626362265,NORMAL,47.5,48.5,53.0,17.66865,80.87403,GDBDCL_2026-04-08T17:00:00+0000_45.2593
GDBDCL,Godavari at Bhadrachalam,Godavari,2026-04-08 18:00:00+00:00,45.27407094423605,NORMAL,47.5,48.5,53.0,17.66865,80.87403,GDBDCL_2026-04-08T18:00:00+0000_45.2741
GDBDCL,Godavari at Bhadrachalam,Godavari,2026-04-08 19:00:00+00:00,45.33404742308829,NORMAL,47.5,48.5,53.0,17.66865,80.87403,GDBDCL_2026-04-08T19:00:00+0000_45.3340
GDBDCL,Godavari at Bhadrachalam,Godavari,2026-04-08 20:00:00+00:00,45.379777479892894,NORMAL,47.5,48.5,53.0,17.66865,80.87403,GDBDCL_2026-04-08T20:00:00+0000_45.3798
GDBDCL,Godavari at Bhadrachalam,Godavari,2026-04-08 21:00:00+00:00,45.46010585558397,NORMAL,47.5,48.5,53.0,17.66865,80.87403,GDBDCL_2026-04-08T21:00:00+0000_45.4601
GDBDCL,Godavari at Bhadrachalam,Godavari,2026-04-08 22:00:00+00:00,45.49898934636724,NORMAL,47.5,48.5,53.0,17.66865,80.87403,GDBDCL_2026-04-08T22:00:00+0000_45.4990
GDBDCL,Godavari at Bhadrachalam,Godavari,2026-04-08 23:00:00+00:00,45.47666064331252,NORMAL,47.5,48.5,53.0,17.66865,80.87403,GDBDCL_2026-04-08T23:00:00+0000_45.4767
GDBDCL,Godavari at Bhadrachalam,Godavari,2026-04-09 00:00:00+00:00,45.55282716526841,NORMAL,47.5,48.5,53.0,17.66865,80.87403,GDBDCL_2026-04-09T00:00:00+0000_45.5528
GDBDCL,Godavari at Bhadrachalam,Godavari,2026-04-09 01:00:00+00:00,45.5061125016567,NORMAL,47.5,48.5,53.0,17.66865,80.87403,GDBDCL_2026-04-09T01:00:00+0000_45.5061
GDBDCL,Godavari at Bhadrachalam,Godavari,2026-04-09 02:00:00+00:00,45.55216120829349,NORMAL,47.5,48.5,53.0,17.66865,80.87403,GDBDCL_2026-04-09T02:00:00+0000_45.5522
GDBDCL,Godavari at Bhadrachalam,Godavari,2026-04-09 03:00:00+00:00,45.466341744533935,NORMAL,47.5,48.5,53.0,17.66865,80.87403,GDBDCL_2026-04-09T03:00:00+0000_45.4663
GDBDCL,Godavari at Bhadrachalam,Godavari,2026-04-09 04:00:00+00:00,45.47234700979214,NORMAL,47.5,48.5,53.0,17.66865,80.87403,GDBDCL_2026-04-09T04:00:00+0000_45.4723
GDBDCL,Godavari at Bhadrachalam,Godavari,2026-04-09 05:00:00+00:00,45.49150091667496,NORMAL,47.5,48.5,53.0,17.66865,80.87403,GDBDCL_2026-04-09T05:00:00+0000_45.4915
GDBDCL,Godavari at Bhadrachalam,Godavari,2026-04-09 06:00:00+00:00,45.48152303476714,NORMAL,47.5,48.5,53.0,17.66865,80.87403,GDBDCL_2026-04-09T06:00:00+0000_45.4815
GDBDCL,Godavari at Bhadrachalam,Godavari,2026-04-09 07:00:00+00:00,45.426487207039344,NORMAL,47.5,48.5,53.0,17.66865,80.87403,GDBDCL_2026-04-09T07:00:00+0000_45.4265
GDBDCL,Godavari at Bhadrachalam,Godavari,2026-04-09 08:00:00+00:00,45.39459988338783,NORMAL,47.5,48.5,53.0,17.66865,80.87403,GDBDCL_2026-04-09T08:00:00+0000_45.3946
GDBDCL,Godavari at Bhadrachalam,Godavari,2026-04-09 09:00:00+00:00,45.31471270346406,NORMAL,47.5,48.5,53.0,17.66865,80.87403,GDBDCL_2026-04-09T09:00:00+0000_45.3147
GDBDCL,Godavari at Bhadrachalam,Godavari,2026-04-09 10:00:00+00:00,45.272220615115394,NORMAL,47.5,48.5,53.0,17.66865,80.87403,GDBDCL_2026-04-09T10:00:00+0000_45.2722
GDBDCL,Godavari at Bhadrachalam,Godavari,2026-04-09 11:00:00+00:00,45.28980742357894,NORMAL,47.5,48.5,53.0,17.66865,80.87403,GDBDCL_2026-04-09T11:00:00+0000_45.2898
GDBDCL,Godavari at Bhadrachalam,Godavari,2026-04-09 12:00:00+00:00,45.24841570946919,NORMAL,47.5,48.5,53.0,17.66865,80.87403,GDBDCL_2026-04-09T12:00:00+0000_45.2484
GDBDCL,Godavari at Bhadrachalam,Godavari,2026-04-09 13:00:00+00:00,45.25982311794367,NORMAL,47.5,48.5,53.0,17.66865,80.87403,GDBDCL_2026-04-09T13:00:00+0000_45.2598
GDBDCL,Godavari at Bhadrachalam,Godavari,2026-04-09 14:00:00+00:00,45.26853415455154,NORMAL,47.5,48.5,53.0,17.66865,80.87403,GDBDCL_2026-04-09T14:00:00+0000_45.2685
GDBDCL,Godavari at Bhadrachalam,Godavari,2026-04-09 15:00:00+00:00,45.256266325725065,NORMAL,47.5,48.5,53.0,17.66865,80.87403,GDBDCL_2026-04-09T15:00:00+0000_45.2563
GDBDCL,Godavari at Bhadrachalam,Godavari,2026-04-09 16:00:00+00:00,45.31184363451001,NORMAL,47.5,48.5,53.0,17.66865,80.87403,GDBDCL_2026-04-09T16:00:00+0000_45.3118
GDBDCL,Godavari at Bhadrachalam,Godavari,2026-04-09 17:00:00+00:00,45.33829319786886,NORMAL,47.5,48.5,53.0,17.66865,80.87403,GDBDCL_2026-04-09T17:00:00+0000_45.3383
GDBDCL,Godavari at Bhadrachalam,Godavari,2026-04-09 18:00:00+00:00,,,47.5,48.5,53.0,17.66865,80.87403,GDBDCL_2026-04-09T18:00:00+0000_
GDBDCL,Godavari at Bhadrachalam,Godavari,2026-04-09 19:00:00+00:00,45.35386759774936,NORMAL,47.5,48.5,53.0,17.66865,80.87403,GDBDCL_2026-04-09T19:00:00+0000_45.3539
GDBDCL,Godavari at Bhadrachalam,Godavari,2026-04-09 20:00:00+00:00,45.41768649052901,NORMAL,47.5,48.5,53.0,17.66865,80.87403,GDBDCL_2026-04-09T20:00:00+0000_45.4177
GDBDCL,Godavari at Bhadrachalam,Godavari,2026-04-09 21:00:00+00:00,45.47211255022634,NORMAL,47.5,48.5,53.0,17.66865,80.87403,GDBDCL_2026-04-09T21:00:00+0000_45.4721
GDBDCL,Godavari at Bhadrachalam,Godavari,2026-04-09 22:00:00+00:00,45.472479872697946,NORMAL,47.5,48.5,53.0,17.66865,80.87403,GDBDCL_2026-04-09T22:00:00+0000_45.4725
GDBDCL,Godavari at Bhadrachalam,Godavari,2026-04-09 23:00:00+00:00,45.46325500312508,NORMAL,47.5,48.5,53.0,17.66865,80.87403,GDBDCL_2026-04-09T23:00:00+0000_45.4633
GDBDCL,Godavari at Bhadrachalam,Godavari,2026-04-10 00:00:00+00:00,45.56223450094064,NORMAL,47.5,48.5,53.0,17.66865,80.87403,GDBDCL_2026-04-10T00:00:00+0000_45.5622
GDBDCL,Godavari at Bhadrachalam,Godavari,2026-04-10 01:00:00+00:00,45.56444002487848,NORMAL,47.5,48.5,53.0,17.66865,80.87403,GDBDCL_2026-04-10T01:00:00+0000_45.5644
GDBDCL,Godavari at Bhadrachalam,Godavari,2026-04-10 02:00:00+00:00,45.511068002013474,NORMAL,47.5,48.5,53.0,17.66865,80.87403,GDBDCL_2026-04-10T02:00:00+0000_45.5111
GDBDCL,Godavari at Bhadrachalam,Godavari,2026-04-10 03:00:00+00:00,45.53414325340122,NORMAL,47.5,48.5,53.0,17.66865,80.87403,GDBDCL_2026-04-10T03:00:00+0000_45.5341
GDBDCL,Godavari at Bhadrachalam,Godavari,2026-04-10 04:00:00+00:00,45.518168331116215,NORMAL,47.5,48.5,53.0,17.66865,80.87403,GDBDCL_2026-04-10T04:00:00+0000_45.5182
GDBDCL,Godavari at Bhadrachalam,Godavari,2026-04-10 05:00:00+00:00,45.51700747670031,NORMAL,47.5,48.5,53.0,17.66865,80.87403,GDBDCL_2026-04-10T05:00:00+0000_45.5170
GDBDCL,Godavari at Bhadrachalam,Godavari,2026-04-10 06:00:00+00:00,45.48365640542533,NORMAL,47.5,48.5,53.0,17.66865,80.87403,GDBDCL_2026-04-10T06:00:00+0000_45.4837
GDBDCL,Godavari at Bhadrachalam,Godavari,2026-04-10 07:00:00+00:00,45.433588737430114,NORMAL,47.5,48.5,53.0,17.66865,80.87403,GDBDCL_2026-04-10T07:00:00+0000_45.4336
GDBDCL,Godavari at Bhadrachalam,Godavari,2026-04-10 08:00:00+00:00,45.395575723878,NORMAL,47.5,48.5,53.0,17.66865,80.87403,GDBDCL_2026-04-10T08:00:00+0000_45.3956
GDBDCL,Godavari at Bhadrachalam,Godavari,2026-04-10 09:00:00+00:00,45.31746519695053,NORMAL,47.5,48.5,53.0,17.66865,80.87403,GDBDCL_2026-04-10T09:00:00+0000_45.3175
GDBDCL,Godavari at Bhadrachalam,Godavari,2026-04-10 10:00:00+00:00,45.276711404897874,NORMAL,47.5,48.5,53.0,17.66865,80.87403,GDBDCL_2026-04-10T10:00:00+0000_45.2767
GDBDCL,Godavari at Bhadrachalam,Godavari,2026-04-10 11:00:00+00:00,45.26605323466594,NORMAL,47.5,48.5,53.0,17.66865,80.87403,GDBDCL_2026-04-10T11:00:00+0000_45.2661
GDBDCL,Godavari at Bhadrachalam,Godavari,2026-04-10 12:00:00+00:00,45.29221958969544,NORMAL,47.5,48.5,53.0,17.66865,80.87403,GDBDCL_2026-04-10T12:00:00+0000_45.2922
GDBDCL,Godavari at Bhadrachalam,Godavari,2026-04-10 13:00:00+00:00,45.26826667556388,NORMAL,47.5,48.5,53.0,17.66865,80.87403,GDBDCL_2026-04-10T13:00:00+0000_45.2683
GDBDCL,Godavari at Bhadrachalam,Godavari,2026-04-10 14:00:00+00:00,45.23159364502594,NORMAL,47.5,48.5,53.0,17.66865,80.87403,GDBDCL_2026-04-10T14:00:00+0000_45.2316
GDBDCL,Godavari at Bhadrachalam,Godavari,2026-04-10 15:00:00+00:00,45.25103743084557,NORMAL,47.5,48.5,53.0,17.66865,80.87403,GDBDCL_2026-04-10T15:00:00+0000_45.2510
GDBDCL,Godavari at Bhadrachalam,Godavari,2026-04-10 16:00:00+00:00,45.27069971216718,NORMAL,47.5,48.5,53.0,17.66865,80.87403,GDBDCL_2026-04-10T16:00:00+0000_45.2707
GDBDCL,Godavari at Bhadrachalam,Godavari,2026-04-10 17:00:00+00:00,45.32800037353856,NORMAL,47.5,48.5,53.0,17.66865,80.87403,GDBDCL_2026-04-10T17:00:00+0000_45.3280
GDBDCL,Godavari at Bhadrachalam,Godavari,2026-04-10 18:00:00+00:00,45.3026204146768,NORMAL,47.5,48.5,53.0,17.66865,80.87403,GDBDCL_2026-04-10T18:00:00+0000_45.3026
GDBDCL,Godavari at Bhadrachalam,Godavari,2026-04-10 19:00:00+00:00,45.36546979646171,NORMAL,47.5,48.5,53.0,17.66865,80.87403,GDBDCL_2026-04-10T19:00:00+0000_45.3655
GDBDCL,Godavari at Bhadrachalam,Godavari,2026-04-10 20:00:00+00:00,45.37656434523705,NORMAL,47.5,48.5,53.0,17.66865,80.87403,GDBDCL_2026-04-10T20:00:00+0000_45.3766
GDBDCL,Godavari at Bhadrachalam,Godavari,2026-04-10 21:00:00+00:00,45.4755845384872,NORMAL,47.5,48.5,53.0,17.66865,80.87403,GDBDCL_2026-04-10T21:00:00+0000_45.4756
GDBDCL,Godavari at Bhadrachalam,Godavari,2026-04-10 22:00:00+00:00,45.45748231193783,NORMAL,47.5,48.5,53.0,17.66865,80.87403,GDBDCL_2026-04-10T22:00:00+0000_45.4575
GDBDCL,Godavari at Bhadrachalam,Godavari,2026-04-10 23:00:00+00:00,45.48460005612029,NORMAL,47.5,48.5,53.0,17.66865,80.87403,GDBDCL_2026-04-10T23:00:00+0000_45.4846
GDBDCL,Godavari at Bhadrachalam,Godavari,2026-04-11 00:00:00+00:00,45.49369308706265,NORMAL,47.5,48.5,53.0,17.66865,80.87403,GDBDCL_2026-04-11T00:00:00+0000_45.4937
GDBDCL,Godavari at Bhadrachalam,Godavari,2026-04-11 01:00:00+00:00,45.511943929761976,NORMAL,47.5,48.5,53.0,17.66865,80.87403,GDBDCL_2026-04-11T01:00:00+0000_45.5119
GDBDCL,Godavari at Bhadrachalam,Godavari,2026-04-11 02:00:00+00:00,45.484778498463335,NORMAL,47.5,48.5,53.0,17.66865,80.87403,GDBDCL_2026-04-11T02:00:00+0000_45.4848
GDBDCL,Godavari at Bhadrachalam,Godavari,2026-04-11 03:00:00+00:00,45.54741293255483,NORMAL,47.5,48.5,53.0,17.66865,80.87403,GDBDCL_2026-04-11T03:00:00+0000_45.5474
GDBDCL,Godavari at Bhadrachalam,Godavari,2026-04-11 04:00:00+00:00,45.53728191022054,NORMAL,47.5,48.5,53.0,17.66865,80.87403,GDBDCL_2026-04-11T04:00:00+0000_45.5373
GDBDCL,Godavari at Bhadrachalam,Godavari,2026-04-11 05:00:00+00:00,45.51957558565167,NORMAL,47.5,48.5,53.0,17.66865,80.87403,GDBDCL_2026-04-11T05:00:00+0000_45.5196
GDBDCL,Godavari at Bhadrachalam,Godavari,2026-04-11 06:00:00+00:00,45.477988125739095,NORMAL,47.5,48.5,53.0,17.66865,80.87403,GDBDCL_2026-04-11T06:00:00+0000_45.4780
GDBDCL,Godavari at Bhadrachalam,Godavari,2026-04-11 07:00:00+00:00,45.40767296594255,NORMAL,47.5,48.5,53.0,17.66865,80.87403,GDBDCL_2026-04-11T07:00:00+0000_45.4077
GDBDCL,Godavari at Bhadrachalam,Godavari,2026-04-11 08:00:00+00:00,45.33759539585307,NORMAL,47.5,48.5,53.0,17.66865,80.87403,GDBDCL_2026-04-11T08:00:00+0000_45.3376
GDBDCL,Godavari at Bhadrachalam,Godavari,2026-04-11 09:00:00+00:00,45.36100282416675,NORMAL,47.5,48.5,53.0,17.66865,80.87403,GDBDCL_2026-04-11T09:00:00+0000_45.3610
GDBDCL,Godavari at Bhadrachalam,Godavari,2026-04-11 10:00:00+00:00,45.28924861377419,NORMAL,47.5,48.5,53.0,17.66865,80.87403,GDBDCL_2026-04-11T10:00:00+0000_45.2892
GDBDCL,Godavari at Bhadrachalam,Godavari,2026-04-11 11:00:00+00:00,45.23958501476525,NORMAL,47.5,48.5,53.0,17.66865,80.87403,GDBDCL_2026-04-11T11:00:00+0000_45.2396
GDBDCL,Godavari at Bhadrachalam,Godavari,2026-04-11 12:00:00+00:00,45.23398662845268,NORMAL,47.5,48.5,53.0,17.66865,80.87403,GDBDCL_2026-04-11T12:00:00+0000_45.2340
GDBDCL,Godavari at Bhadrachalam,Godavari,2026-04-11 13:00:00+00:00,45.21568667122081,NORMAL,47.5,48.5,53.0,17.66865,80.87403,GDBDCL_2026-04-11T13:00:00+0000_45.2157
GDBDCL,Godavari at Bhadrachalam,Godavari,2026-04-11 14:00:00+00:00,45.28340995365164,NORMAL,47.5,48.5,53.0,17.66865,80.87403,GDBDCL_2026-04-11T14:00:00+0000_45.2834
GDBDCL,Godavari at Bhadrachalam,Godavari,2026-04-11 15:00:00+00:00,45.26047949075182,NORMAL,47.5,48.5,53.0,17.66865,80.87403,GDBDCL_2026-04-11T15:00:00+0000_45.2605
GDBDCL,Godavari at Bhadrachalam,Godavari,2026-04-11 16:00:00+00:00,45.32152630723892,NORMAL,47.5,48.5,53.0,17.66865,80.87403,GDBDCL_2026-04-11T16:00:00+0000_45.3215
GDBDCL,Godavari at Bhadrachalam,Godavari,2026-04-11 17:00:00+00:00,45.31936166524105,NORMAL,47.5,48.5,53.0,17.66865,80.87403,GDBDCL_2026-04-11T17:00:00+0000_45.3194
GDBDCL,Godavari at Bhadrachalam,Godavari,2026-04-11 18:00:00+00:00,45.30721903201093,NORMAL,47.5,48.5,53.0,17.66865,80.87403,GDBDCL_2026-04-11T18:00:00+0000_45.3072
GDBDCL,Godavari at Bhadrachalam,Godavari,2026-04-11 19:00:00+00:00,45.381958016469774,NORMAL,47.5,48.5,53.0,17.66865,80.87403,GDBDCL_2026-04-11T19:00:00+0000_45.3820
GDBDCL,Godavari at Bhadrachalam,Godavari,2026-04-11 20:00:00+00:00,45.36975880337787,NORMAL,47.5,48.5,53.0,17.66865,80.87403,GDBDCL_2026-04-11T20:00:00+0000_45.3698
GDBDCL,Godavari at Bhadrachalam,Godavari,2026-04-11 21:00:00+00:00,45.47756719224737,NORMAL,47.5,48.5,53.0,17.66865,80.87403,GDBDCL_2026-04-11T21:00:00+0000_45.4776
GDBDCL,Godavari at Bhadrachalam,Godavari,2026-04-11 22:00:00+00:00,45.44284308554265,NORMAL,47.5,48.5,53.0,17.66865,80.87403,GDBDCL_2026-04-11T22:00:00+0000_45.4428
GDBDCL,Godavari at Bhadrachalam,Godavari,2026-04-11 23:00:00+00:00,45.460916968699685,NORMAL,47.5,48.5,53.0,17.66865,80.87403,GDBDCL_2026-04-11T23:00:00+0000_45.4609
GDBDCL,Godavari at Bhadrachalam,Godavari,2026-04-12 00:00:00+00:00,45.50056208410641,NORMAL,47.5,48.5,53.0,17.66865,80.87403,GDBDCL_2026-04-12T00:00:00+0000_45.5006
GDBDCL,Godavari at Bhadrachalam,Godavari,2026-04-12 01:00:00+00:00,45.49850647706204,NORMAL,47.5,48.5,53.0,17.66865,80.87403,GDBDCL_2026-04-12T01:00:00+0000_45.4985
GDBDCL,Godavari at Bhadrachalam,Godavari,2026-04-12 02:00:00+00:00,45.54351902507749,NORMAL,47.5,48.5,53.0,17.66865,80.87403,GDBDCL_2026-04-12T02:00:00+0000_45.5435
GDBDCL,Godavari at Bhadrachalam,Godavari,2026-04-12 03:00:00+00:00,45.52741065393224,NORMAL,47.5,48.5,53.0,17.66865,80.87403,GDBDCL_2026-04-12T03:00:00+0000_45.5274
GDBDCL,Godavari at Bhadrachalam,Godavari,2026-04-12 04:00:00+00:00,45.47307213775311,NORMAL,47.5,48.5,53.0,17.66865,80.87403,GDBDCL_2026-04-12T04:00:00+0000_45.4731
GDBDCL,Godavari at Bhadrachalam,Godavari,2026-04-12 05:00:00+00:00,45.45722186420784,NORMAL,47.5,48.5,53.0,17.66865,80.87403,GDBDCL_2026-04-12T05:00:00+0000_45.4572
GDBDCL,Godavari at Bhadrachalam,Godavari,2026-04-12 06:00:00+00:00,45.440094374986366,NORMAL,47.5,48.5,53.0,17.66865,80.87403,GDBDCL_2026-04-12T06:00:00+0000_45.4401
GDBDCL,Godavari at Bhadrachalam,Godavari,2026-04-12 07:00:00+00:00,45.42806769881576,NORMAL,47.5,48.5,53.0,17.66865,80.87403,GDBDCL_2026-04-12T07:00:00+0000_45.4281
GDBDCL,Godavari at Bhadrachalam,Godavari,2026-04-12 08:00:00+00:00,45.382596996672056,NORMAL,47.5,48.5,53.0,17.66865,80.87403,GDBDCL_2026-04-12T08:00:00+0000_45.3826
GDBDCL,Godavari at Bhadrachalam,Godavari,2026-04-12 09:00:00+00:00,45.34818393676036,NORMAL,47.5,48.5,53.0,17.66865,80.87403,GDBDCL_2026-04-12T09:00:00+0000_45.3482
GDBDCL,Godavari at Bhadrachalam,Godavari,2026-04-12 10:00:00+00:00,45.36373297480896,NORMAL,47.5,48.5,53.0,17.66865,80.87403,GDBDCL_2026-04-12T10:00:00+0000_45.3637
GDBDCL,Godavari at Bhadrachalam,Godavari,2026-04-12 11:00:00+00:00,45.272157371767776,NORMAL,47.5,48.5,53.0,17.66865,80.87403,GDBDCL_2026-04-12T11:00:00+0000_45.2722
GDBDCL,Godavari at Bhadrachalam,Godavari,2026-04-12 12:00:00+00:00,45.27321855252407,NORMAL,47.5,48.5,53.0,17.66865,80.87403,GDBDCL_2026-04-12T12:00:00+0000_45.2732
GDBDCL,Godavari at Bhadrachalam,Godavari,2026-04-12 13:00:00+00:00,45.25462447634632,NORMAL,47.5,48.5,53.0,17.66865,80.87403,GDBDCL_2026-04-12T13:00:00+0000_45.2546
GDBDCL,Godavari at Bhadrachalam,Godavari,2026-04-12 14:00:00+00:00,45.253063653312445,NORMAL,47.5,48.5,53.0,17.66865,80.87403,GDBDCL_2026-04-12T14:00:00+0000_45.2531
GDBDCL,Godavari at Bhadrachalam,Godavari,2026-04-12 15:00:00+00:00,45.270958413907344,NORMAL,47.5,48.5,53.0,17.66865,80.87403,GDBDCL_2026-04-12T15:00:00+0000_45.2710
GDBDCL,Godavari at Bhadrachalam,Godavari,2026-04-12 16:00:00+00:00,45.32768915488078,NORMAL,47.5,48.5,53.0,17.66865,80.87403,GDBDCL_2026-04-12T16:00:00+0000_45.3277
GDBDCL,Godavari at Bhadrachalam,Godavari,2026-04-12 17:00:00+00:00,45.35700391643741,NORMAL,47.5,48.5,53.0,17.66865,80.87403,GDBDCL_2026-04-12T17:00:00+0000_45.3570
GDBDCL,Godavari at Bhadrachalam,Godavari,2026-04-12 18:00:00+00:00,45.35915069755799,NORMAL,47.5,48.5,53.0,17.66865,80.87403,GDBDCL_2026-04-12T18:00:00+0000_45.3592
GDBDCL,Godavari at Bhadrachalam,Godavari,2026-04-12 19:00:00+00:00,45.330420686577526,NORMAL,47.5,48.5,53.0,17.66865,80.87403,GDBDCL_2026-04-12T19:00:00+0000_45.3304
GDBDCL,Godavari at Bhadrachalam,Godavari,2026-04-12 20:00:00+00:00,45.4099626102445,NORMAL,47.5,48.5,53.0,17.66865,80.87403,GDBDCL_2026-04-12T20:00:00+0000_45.4100
GDBDCL,Godavari at Bhadrachalam,Godavari,2026-04-12 21:00:00+00:00,45.49056658496843,NORMAL,47.5,48.5,53.0,17.66865,80.87403,GDBDCL_2026-04-12T21:00:00+0000_45.4906
GDBDCL,Godavari at Bhadrachalam,Godavari,2026-04-12 22:00:00+00:00,45.51649641593893,NORMAL,47.5,48.5,53.0,17.66865,80.87403,GDBDCL_2026-04-12T22:00:00+0000_45.5165
GDBDCL,Godavari at Bhadrachalam,Godavari,2026-04-12 23:00:00+00:00,45.5254501165568,NORMAL,47.5,48.5,53.0,17.66865,80.87403,GDBDCL_2026-04-12T23:00:00+0000_45.5255
GDBDCL,Godavari at Bhadrachalam,Godavari,2026-04-13 00:00:00+00:00,45.55372172677915,NORMAL,47.5,48.5,53.0,17.66865,80.87403,GDBDCL_2026-04-13T00:00:00+0000_45.5537
GDBDCL,Godavari at Bhadrachalam,Godavari,2026-04-13 01:00:00+00:00,45.58727876896729,NORMAL,47.5,48.5,53.0,17.66865,80.87403,GDBDCL_2026-04-13T01:00:00+0000_45.5873
GDBDCL,Godavari at Bhadrachalam,Godavari,2026-04-13 02:00:00+00:00,45.54766766883189,NORMAL,47.5,48.5,53.0,17.66865,80.87403,GDBDCL_2026-04-13T02:00:00+0000_45.5477
GDBDCL,Godavari at Bhadrachalam,Godavari,2026-04-13 03:00:00+00:00,45.57796067655682,NORMAL,47.5,48.5,53.0,17.66865,80.87403,GDBDCL_2026-04-13T03:00:00+0000_45.5780
GDBDCL,Godavari at Bhadrachalam,Godavari,2026-04-13 04:00:00+00:00,45.550754267626246,NORMAL,47.5,48.5,53.0,17.66865,80.87403,GDBDCL_2026-04-13T04:00:00+0000_45.5508
GDBDCL,Godavari at Bhadrachalam,Godavari,2026-04-13 05:00:00+00:00,45.47319864486542,NORMAL,47.5,48.5,53.0,17.66865,80.87403,GDBDCL_2026-04-13T05:00:00+0000_45.4732
GDBDCL,Godavari at Bhadrachalam,Godavari,2026-04-13 06:00:00+00:00,45.46037616838994,NORMAL,47.5,48.5,53.0,17.66865,80.87403,GDBDCL_2026-04-13T06:00:00+0000_45.4604
GDBDCL,Godavari at Bhadrachalam,Godavari,2026-04-13 07:00:00+00:00,45.39160033519121,NORMAL,47.5,48.5,53.0,17.66865,80.87403,GDBDCL_2026-04-13T07:00:00+0000_45.3916
GDBDCL,Godavari at Bhadrachalam,Godavari,2026-04-13 08:00:00+00:00,45.40645741382036,NORMAL,47.5,48.5,53.0,17.66865,80.87403,GDBDCL_2026-04-13T08:00:00+0000_45.4065
GDBDCL,Godavari at Bhadrachalam,Godavari,2026-04-13 09:00:00+00:00,45.34709975918485,NORMAL,47.5,48.5,53.0,17.66865,80.87403,GDBDCL_2026-04-13T09:00:00+0000_45.3471
GDBDCL,Godavari at Bhadrachalam,Godavari,2026-04-13 10:00:00+00:00,48.62252799861759,DANGER,47.5,48.5,53.0,17.66865,80.87403,GDBDCL_2026-04-13T10:00:00+0000_48.6225
GDBDCL,Godavari at Bhadrachalam,Godavari,2026-04-13 11:00:00+00:00,48.29612139676108,WARNING,47.5,48.5,53.0,17.66865,80.87403,GDBDCL_2026-04-13T11:00:00+0000_48.2961
GDBDCL,Godavari at Bhadrachalam,Godavari,2026-04-13 12:00:00+00:00,47.942130038704434,WARNING,47.5,48.5,53.0,17.66865,80.87403,GDBDCL_2026-04-13T12:00:00+0000_47.9421
GDBDCL,Godavari at Bhadrachalam,Godavari,2026-04-13 13:00:00+00:00,47.658336907821656,WARNING,47.5,48.5,53.0,17.66865,80.87403,GDBDCL_2026-04-13T13:00:00+0000_47.6583
GDBDCL,Godavari at Bhadrachalam,Godavari,2026-04-13 14:00:00+00:00,47.437490483847824,NORMAL,47.5,48.5,53.0,17.66865,80.87403,GDBDCL_2026-04-13T14:00:00+0000_47.4375
GDBDCL,Godavari at Bhadrachalam,Godavari,2026-04-13 15:00:00+00:00,47.25965144316172,NORMAL,47.5,48.5,53.0,17.66865,80.87403,GDBDCL_2026-04-13T15:00:00+0000_47.2597
GDBDCL,Godavari at Bhadrachalam,Godavari,2026-04-13 16:00:00+00:00,47.02447652157545,NORMAL,47.5,48.5,53.0,17.66865,80.87403,GDBDCL_2026-04-13T16:00:00+0000_47.0245
GDBDCL,Godavari at Bhadrachalam,Godavari,2026-04-13 17:00:00+00:00,45.34426522657906,NORMAL,47.5,48.5,53.0,17.66865,80.87403,GDBDCL_2026-04-13T17:00:00+0000_45.3443
GDBDCL,Godavari at Bhadrachalam,Godavari,2026-04-13 18:00:00+00:00,45.381024565217736,NORMAL,47.5,48.5,53.0,17.66865,80.87403,GDBDCL_2026-04-13T18:00:00+0000_45.3810
GDBDCL,Godavari at Bhadrachalam,Godavari,2026-04-13 19:00:00+00:00,45.35603612415079,NORMAL,47.5,48.5,53.0,17.66865,80.87403,GDBDCL_2026-04-13T19:00:00+0000_45.3560
GDBDCL,Godavari at Bhadrachalam,Godavari,2026-04-13 20:00:00+00:00,45.444800837766486,NORMAL,47.5,48.5,53.0,17.66865,80.87403,GDBDCL_2026-04-13T20:00:00+0000_45.4448
GDBDCL,Godavari at Bhadrachalam,Godavari,2026-04-13 21:00:00+00:00,45.45368223864815,NORMAL,47.5,48.5,53.0,17.66865,80.87403,GDBDCL_2026-04-13T21:00:00+0000_45.4537
GDBDCL,Godavari at Bhadrachalam,Godavari,2026-04-13 22:00:00+00:00,45.4682487236928,NORMAL,47.5,48.5,53.0,17.66865,80.87403,GDBDCL_2026-04-13T22:00:00+0000_45.4682
GDBDCL,Godavari at Bhadrachalam,Godavari,2026-04-13 23:00:00+00:00,45.49377640484739,NORMAL,47.5,48.5,53.0,17.66865,80.87403,GDBDCL_2026-04-13T23:00:00+0000_45.4938
GDBDCL,Godavari at Bhadrachalam,Godavari,2026-04-14 00:00:00+00:00,45.585953917280776,NORMAL,47.5,48.5,53.0,17.66865,80.87403,GDBDCL_2026-04-14T00:00:00+0000_45.5860
GDBDCL,Godavari at Bhadrachalam,Godavari,2026-04-14 01:00:00+00:00,45.53755981085162,NORMAL,47.5,48.5,53.0,17.66865,80.87403,GDBDCL_2026-04-14T01:00:00+0000_45.5376
GDBDCL,Godavari at Bhadrachalam,Godavari,2026-04-14 02:00:00+00:00,45.51292908027874,NORMAL,47.5,48.5,53.0,17.66865,80.87403,GDBDCL_2026-04-14T02:00:00+0000_45.5129
GDBDCL,Godavari at Bhadrachalam,Godavari,2026-04-14 03:00:00+00:00,45.53031856778505,NORMAL,47.5,48.5,53.0,17.66865,80.87403,GDBDCL_2026-04-14T03:00:00+0000_45.5303
GDBDCL,Godavari at Bhadrachalam,Godavari,2026-04-14 04:00:00+00:00,45.4958409175032,NORMAL,47.5,48.5,53.0,17.66865,80.87403,GDBDCL_2026-04-14T04:00:00+0000_45.4958
GDBDCL,Godavari at Bhadrachalam,Godavari,2026-04-14 05:00:00+00:00,45.54720558107248,NORMAL,47.5,48.5,53.0,17.66865,80.87403,GDBDCL_2026-04-14T05:00:00+0000_45.5472
GDBDCL,Godavari at Bhadrachalam,Godavari,2026-04-14 06:00:00+00:00,45.47325906904362,NORMAL,47.5,48.5,53.0,17.66865,80.87403,GDBDCL_2026-04-14T06:00:00+0000_45.4733
GDBDCL,Godavari at Bhadrachalam,Godavari,2026-04-14 07:00:00+00:00,45.38497982120466,NORMAL,47.5,48.5,53.0,17.66865,80.87403,GDBDCL_2026-04-14T07:00:00+0000_45.3850
GDBDCL,Godavari at Bhadrachalam,Godavari,2026-04-14 08:00:00+00:00,45.3701210165022,NORMAL,47.5,48.5,53.0,17.66865,80.87403,GDBDCL_2026-04-14T08:00:00+0000_45.3701
GDBDCL,Godavari at Bhadrachalam,Godavari,2026-04-14 09:00:00+00:00,45.398807824171385,NORMAL,47.5,48.5,53.0,17.66865,80.87403,GDBDCL_2026-04-14T09:00:00+0000_45.3988
GDBDCL,Godavari at Bhadrachalam,Godavari,2026-04-14 10:00:00+00:00,45.3379219139508,NORMAL,47.5,48.5,53.0,17.66865,80.87403,GDBDCL_2026-04-14T10:00:00+0000_45.3379
GDBDCL,Godavari at Bhadrachalam,Godavari,2026-04-14 11:00:00+00:00,45.321097029516274,NORMAL,47.5,48.5,53.0,17.66865,80.87403,GDBDCL_2026-04-14T11:00:00+0000_45.3211
GDBDCL,Godavari at Bhadrachalam,Godavari,2026-04-14 12:00:00+00:00,45.32882498370421,NORMAL,47.5,48.5,53.0,17.66865,80.87403,GDBDCL_2026-04-14T12:00:00+0000_45.3288
GDBDCL,Godavari at Bhadrachalam,Godavari,2026-04-14 13:00:00+00:00,45.291919070644056,NORMAL,47.5,48.5,53.0,17.66865,80.87403,GDBDCL_2026-04-14T13:00:00+0000_45.2919
GDBDCL,Godavari at Bhadrachalam,Godavari,2026-04-14 14:00:00+00:00,45.22545449568988,NORMAL,47.5,48.5,53.0,17.66865,80.87403,GDBDCL_2026-04-14T14:00:00+0000_45.2255
GDBDCL,Godavari at Bhadrachalam,Godavari,2026-04-14 15:00:00+00:00,45.28327181605661,NORMAL,47.5,48.5,53.0,17.66865,80.87403,GDBDCL_2026-04-14T15:00:00+0000_45.2833
GDBDCL,Godavari at Bhadrachalam,Godavari,2026-04-14 16:00:00+00:00,45.26326880680074,NORMAL,47.5,48.5,53.0,17.66865,80.87403,GDBDCL_2026-04-14T16:00:00+0000_45.2633
GDBDCL,Godavari at Bhadrachalam,Godavari,2026-04-14 17:00:00+00:00,45.28503968215345,NORMAL,47.5,48.5,53.0,17.66865,80.87403,GDBDCL_2026-04-14T17:00:00+0000_45.2850
GDBDCL,Godavari at Bhadrachalam,Godavari,2026-04-14 18:00:00+00:00,45.30675870607657,NORMAL,47.5,48.5,53.0,17.66865,80.87403,GDBDCL_2026-04-14T18:00:00+0000_45.3068
GDBDCL,Godavari at Bhadrachalam,Godavari,2026-04-14 19:00:00+00:00,45.36585468104458,NORMAL,47.5,48.5,53.0,17.66865,80.87403,GDBDCL_2026-04-14T19:00:00+0000_45.3659
GDBDCL,Godavari at Bhadrachalam,Godavari,2026-04-14 20:00:00+00:00,45.4515510978437,NORMAL,47.5,48.5,53.0,17.66865,80.87403,GDBDCL_2026-04-14T20:00:00+0000_45.4516
GDBDCL,Godavari at Bhadrachalam,Godavari,2026-04-14 21:00:00+00:00,45.48823959462376,NORMAL,47.5,48.5,53.0,17.66865,80.87403,GDBDCL_2026-04-14T21:00:00+0000_45.4882
GDBDCL,Godavari at Bhadrachalam,Godavari,2026-04-14 22:00:00+00:00,45.50463471577751,NORMAL,47.5,48.5,53.0,17.66865,80.87403,GDBDCL_2026-04-14T22:00:00+0000_45.5046
GDBDCL,Godavari at Bhadrachalam,Godavari,2026-04-14 23:00:00+00:00,45.48904368731132,NORMAL,47.5,48.5,53.0,17.66865,80.87403,GDBDCL_2026-04-14T23:00:00+0000_45.4890
GDBDCL,Godavari at Bhadrachalam,Godavari,2026-04-15 00:00:00+00:00,45.54257708240801,NORMAL,47.5,48.5,53.0,17.66865,80.87403,GDBDCL_2026-04-15T00:00:00+0000_45.5426
GDBDCL,Godavari at Bhadrachalam,Godavari,2026-04-15 01:00:00+00:00,45.54897068291311,NORMAL,47.5,48.5,53.0,17.66865,80.87403,GDBDCL_2026-04-15T01:00:00+0000_45.5490
GDBDCL,Godavari at Bhadrachalam,Godavari,2026-04-15 02:00:00+00:00,45.52670089727873,NORMAL,47.5,48.5,53.0,17.66865,80.87403,GDBDCL_2026-04-15T02:00:00+0000_45.5267
GDBDCL,Godavari at Bhadrachalam,Godavari,2026-04-15 03:00:00+00:00,45.53285192226221,NORMAL,47.5,48.5,53.0,17.66865,80.87403,GDBDCL_2026-04-15T03:00:00+0000_45.5329
GDBDCL,Godavari at Bhadrachalam,Godavari,2026-04-15 04:00:00+00:00,45.49002371523932,NORMAL,47.5,48.5,53.0,17.66865,80.87403,GDBDCL_2026-04-15T04:00:00+0000_45.4900
GDBDCL,Godavari at Bhadrachalam,Godavari,2026-04-15 05:00:00+00:00,45.48475506200434,NORMAL,47.5,48.5,53.0,17.66865,80.87403,GDBDCL_2026-04-15T05:00:00+0000_45.4848
GDBDCL,Godavari at Bhadrachalam,Godavari,2026-04-15 06:00:00+00:00,45.49909980025607,NORMAL,47.5,48.5,53.0,17.66865,80.87403,GDBDCL_2026-04-15T06:00:00+0000_45.4991
GDBDCL,Godavari at Bhadrachalam,Godavari,2026-04-15 07:00:00+00:00,45.45368243627866,NORMAL,47.5,48.5,53.0,17.66865,80.87403,GDBDCL_2026-04-15T07:00:00+0000_45.4537
GDBDCL,Godavari at Bhadrachalam,Godavari,2026-04-15 08:00:00+00:00,45.368466598418514,NORMAL,47.5,48.5,53.0,17.66865,80.87403,GDBDCL_2026-04-15T08:00:00+0000_45.3685
GDBDCL,Godavari at Bhadrachalam,Godavari,2026-04-15 09:00:00+00:00,45.364450749909935,NORMAL,47.5,48.5,53.0,17.66865,80.87403,GDBDCL_2026-04-15T09:00:00+0000_45.3645
GDBDCL,Godavari at Bhadrachalam,Godavari,2026-04-15 10:00:00+00:00,45.31406489786757,NORMAL,47.5,48.5,53.0,17.66865,80.87403,GDBDCL_2026-04-15T10:00:00+0000_45.3141
GDBDCL,Godavari at Bhadrachalam,Godavari,2026-04-15 11:00:00+00:00,45.27787885642619,NORMAL,47.5,48.5,53.0,17.66865,80.87403,GDBDCL_2026-04-15T11:00:00+0000_45.2779
GDBDCL,Godavari at Bhadrachalam,Godavari,2026-04-15 12:00:00+00:00,45.28652752587374,NORMAL,47.5,48.5,53.0,17.66865,80.87403,GDBDCL_2026-04-15T12:00:00+0000_45.2865
GDBDCL,Godavari at Bhadrachalam,Godavari,2026-04-15 13:00:00+00:00,45.23936273361625,NORMAL,47.5,48.5,53.0,17.66865,80.87403,GDBDCL_2026-04-15T13:00:00+0000_45.2394
GDBDCL,Godavari at Bhadrachalam,Godavari,2026-04-15 14:00:00+00:00,45.23459933542181,NORMAL,47.5,48.5,53.0,17.66865,80.87403,GDBDCL_2026-04-15T14:00:00+0000_45.2346
GDBDCL,Godavari at Bhadrachalam,Godavari,2026-04-15 15:00:00+00:00,45.25045763019397,NORMAL,47.5,48.5,53.0,17.66865,80.87403,GDBDCL_2026-04-15T15:00:00+0000_45.2505
GDBDCL,Godavari at Bhadrachalam,Godavari,2026-04-15 16:00:00+00:00,45.25708103967079,NORMAL,47.5,48.5,53.0,17.66865,80.87403,GDBDCL_2026-04-15T16:00:00+0000_45.2571
GDBDCL,Godavari at Bhadrachalam,Godavari,2026-04-15 17:00:00+00:00,45.286058924974384,NORMAL,47.5,48.5,53.0,17.66865,80.87403,GDBDCL_2026-04-15T17:00:00+0000_45.2861
GDBDCL,Godavari at Bhadrachalam,Godavari,2026-04-15 18:00:00+00:00,45.39437226186973,NORMAL,47.5,48.5,53.0,17.66865,80.87403,GDBDCL_2026-04-15T18:00:00+0000_45.3944
GDBDCL,Godavari at Bhadrachalam,Godavari,2026-04-15 19:00:00+00:00,45.41517178826209,NORMAL,47.5,48.5,53.0,17.66865,80.87403,GDBDCL_2026-04-15T19:00:00+0000_45.4152
GDBDCL,Godavari at Bhadrachalam,Godavari,2026-04-15 20:00:00+00:00,45.38563627122073,NORMAL,47.5,48.5,53.0,17.66865,80.87403,GDBDCL_2026-04-15T20:00:00+0000_45.3856
GDBDCL,Godavari at Bhadrachalam,Godavari,2026-04-15 21:00:00+00:00,45.49983871184648,NORMAL,47.5,48.5,53.0,17.66865,80.87403,GDBDCL_2026-04-15T21:00:00+0000_45.4998
GDBDCL,Godavari at Bhadrachalam,Godavari,2026-04-15 22:00:00+00:00,45.546361201890846,NORMAL,47.5,48.5,53.0,17.66865,80.87403,GDBDCL_2026-04-15T22:00:00+0000_45.5464
GDBDCL,Godavari at Bhadrachalam,Godavari,2026-04-15 23:00:00+00:00,45.515660918204,NORMAL,47.5,48.5,53.0,17.66865,80.87403,GDBDCL_2026-04-15T23:00:00+0000_45.5157
GDBDCL,Godavari at Bhadrachalam,Godavari,2026-04-16 00:00:00+00:00,45.544046043299424,NORMAL,47.5,48.5,53.0,17.66865,80.87403,GDBDCL_2026-04-16T00:00:00+0000_45.5440
GDBDCL,Godavari at Bhadrachalam,Godavari,2026-04-16 01:00:00+00:00,45.58744665169144,NORMAL,47.5,48.5,53.0,17.66865,80.87403,GDBDCL_2026-04-16T01:00:00+0000_45.5874
GDBDCL,Godavari at Bhadrachalam,Godavari,2026-04-16 02:00:00+00:00,45.54253965903631,NORMAL,47.5,48.5,53.0,17.66865,80.87403,GDBDCL_2026-04-16T02:00:00+0000_45.5425
GDBDCL,Godavari at Bhadrachalam,Godavari,2026-04-16 03:00:00+00:00,,,47.5,48.5,53.0,17.66865,80.87403,GDBDCL_2026-04-16T03:00:00+0000_
GDBDCL,Godavari at Bhadrachalam,Godavari,2026-04-16 04:00:00+00:00,45.55044086693323,NORMAL,47.5,48.5,53.0,17.66865,80.87403,GDBDCL_2026-04-16T04:00:00+0000_45.5504
GDBDCL,Godavari at Bhadrachalam,Godavari,2026-04-16 05:00:00+00:00,45.50759566273616,NORMAL,47.5,48.5,53.0,17.66865,80.87403,GDBDCL_2026-04-16T05:00:00+0000_45.5076
GDBDCL,Godavari at Bhadrachalam,Godavari,2026-04-16 06:00:00+00:00,45.499530860950586,NORMAL,47.5,48.5,53.0,17.66865,80.87403,GDBDCL_2026-04-16T06:00:00+0000_45.4995
GDBDCL,Godavari at Bhadrachalam,Godavari,2026-04-16 07:00:00+00:00,45.47974965155949,NORMAL,47.5,48.5,53.0,17.66865,80.87403,GDBDCL_2026-04-16T07:00:00+0000_45.4797
GDBDCL,Godavari at Bhadrachalam,Godavari,2026-04-16 08:00:00+00:00,45.38613450298964,NORMAL,47.5,48.5,53.0,17.66865,80.87403,GDBDCL_2026-04-16T08:00:00+0000_45.3861
GDBDCL,Godavari at Bhadrachalam,Godavari,2026-04-16 09:00:00+00:00,45.37272609946197,NORMAL,47.5,48.5,53.0,17.66865,80.87403,GDBDCL_2026-04-16T09:00:00+0000_45.3727
GDBDCL,Godavari at Bhadrachalam,Godavari,2026-04-16 10:00:00+00:00,45.35376054487097,NORMAL,47.5,48.5,53.0,17.66865,80.87403,GDBDCL_2026-04-16T10:00:00+0000_45.3538
GDBDCL,Godavari at Bhadrachalam,Godavari,2026-04-16 11:00:00+00:00,45.32094464518545,NORMAL,47.5,48.5,53.0,17.66865,80.87403,GDBDCL_2026-04-16T11:00:00+0000_45.3209
GDBDCL,Godavari at Bhadrachalam,Godavari,2026-04-16 12:00:00+00:00,45.26857620753349,NORMAL,47.5,48.5,53.0,17.66865,80.87403,GDBDCL_2026-04-16T12:00:00+0000_45.2686
GDBDCL,Godavari at Bhadrachalam,Godavari,2026-04-16 13:00:00+00:00,45.29814238537587,NORMAL,47.5,48.5,53.0,17.66865,80.87403,GDBDCL_2026-04-16T13:00:00+0000_45.2981
GDBDCL,Godavari at Bhadrachalam,Godavari,2026-04-16 14:00:00+00:00,45.30802336627993,NORMAL,47.5,48.5,53.0,17.66865,80.87403,GDBDCL_2026-04-16T14:00:00+0000_45.3080
GDBDCL,Godavari at Bhadrachalam,Godavari,2026-04-16 15:00:00+00:00,45.307064847183895,NORMAL,47.5,48.5,53.0,17.66865,80.87403,GDBDCL_2026-04-16T15:00:00+0000_45.3071
GDBDCL,Godavari at Bhadrachalam,Godavari,2026-04-16 16:00:00+00:00,45.265670758325456,NORMAL,47.5,48.5,53.0,17.66865,80.87403,GDBDCL_2026-04-16T16:00:00+0000_45.2657
GDBDCL,Godavari at Bhadrachalam,Godavari,2026-04-16 17:00:00+00:00,45.29639201535686,NORMAL,47.5,48.5,53.0,17.66865,80.87403,GDBDCL_2026-04-16T17:00:00+0000_45.2964
GDBDCL,Godavari at Bhadrachalam,Godavari,2026-04-16 18:00:00+00:00,45.342648006778894,NORMAL,47.5,48.5,53.0,17.66865,80.87403,GDBDCL_2026-04-16T18:00:00+0000_45.3426
GDBDCL,Godavari at Bhadrachalam,Godavari,2026-04-16 19:00:00+00:00,45.35770870579388,NORMAL,47.5,48.5,53.0,17.66865,80.87403,GDBDCL_2026-04-16T19:00:00+0000_45.3577
GDBDCL,Godavari at Bhadrachalam,Godavari,2026-04-16 20:00:00+00:00,45.44180562873114,NORMAL,47.5,48.5,53.0,17.66865,80.87403,GDBDCL_2026-04-16T20:00:00+0000_45.4418
GDBDCL,Godavari at Bhadrachalam,Godavari,2026-04-16 21:00:00+00:00,45.51237833961731,NORMAL,47.5,48.5,53.0,17.66865,80.87403,GDBDCL_2026-04-16T21:00:00+0000_45.5124
GDBDCL,Godavari at Bhadrachalam,Godavari,2026-04-16 22:00:00+00:00,45.53537136069295,NORMAL,47.5,48.5,53.0,17.66865,80.87403,GDBDCL_2026-04-16T22:00:00+0000_45.5354
GDBDCL,Godavari at Bhadrachalam,Godavari,2026-04-16 23:00:00+00:00,45.55457680543059,NORMAL,47.5,48.5,53.0,17.66865,80.87403,GDBDCL_2026-04-16T23:00:00+0000_45.5546
GDBDCL,Godavari at Bhadrachalam,Godavari,2026-04-17 00:00:00+00:00,45.59842189428423,NORMAL,47.5,48.5,53.0,17.66865,80.87403,GDBDCL_2026-04-17T00:00:00+0000_45.5984
GDBDCL,Godavari at Bhadrachalam,Godavari,2026-04-17 01:00:00+00:00,45.60213114274367,NORMAL,47.5,48.5,53.0,17.66865,80.87403,GDBDCL_2026-04-17T01:00:00+0000_45.6021
GDBDCL,Godavari at Bhadrachalam,Godavari,2026-04-17 02:00:00+00:00,45.609609040794346,NORMAL,47.5,48.5,53.0,17.66865,80.87403,GDBDCL_2026-04-17T02:00:00+0000_45.6096
GDBDCL,Godavari at Bhadrachalam,Godavari,2026-04-17 03:00:00+00:00,45.60651271201315,NORMAL,47.5,48.5,53.0,17.66865,80.87403,GDBDCL_2026-04-17T03:00:00+0000_45.6065
GDBDCL,Godavari at Bhadrachalam,Godavari,2026-04-17 04:00:00+00:00,45.53949016296366,NORMAL,47.5,48.5,53.0,17.66865,80.87403,GDBDCL_2026-04-17T04:00:00+0000_45.5395
GDBDCL,Godavari at Bhadrachalam,Godavari,2026-04-17 05:00:00+00:00,45.57011119629712,NORMAL,47.5,48.5,53.0,17.66865,80.87403,GDBDCL_2026-04-17T05:00:00+0000_45.5701
GDBDCL,Godavari at Bhadrachalam,Godavari,2026-04-17 06:00:00+00:00,45.53186133308641,NORMAL,47.5,48.5,53.0,17.66865,80.87403,GDBDCL_2026-04-17T06:00:00+0000_45.5319
GDBDCL,Godavari at Bhadrachalam,Godavari,2026-04-17 07:00:00+00:00,45.427181953217385,NORMAL,47.5,48.5,53.0,17.66865,80.87403,GDBDCL_2026-04-17T07:00:00+0000_45.4272
GDBDCL,Godavari at Bhadrachalam,Godavari,2026-04-17 08:00:00+00:00,45.41611051588783,NORMAL,47.5,48.5,53.0,17.66865,80.87403,GDBDCL_2026-04-17T08:00:00+0000_45.4161
GDBDCL,Godavari at Bhadrachalam,Godavari,2026-04-17 09:00:00+00:00,45.37417368512212,NORMAL,47.5,48.5,53.0,17.66865,80.87403,GDBDCL_2026-04-17T09:00:00+0000_45.3742
GDBDCL,Godavari at Bhadrachalam,Godavari,2026-04-17 10:00:00+00:00,45.31034388516783,NORMAL,47.5,48.5,53.0,17.66865,80.87403,GDBDCL_2026-04-17T10:00:00+0000_45.3103
GDBDCL,Godavari at Bhadrachalam,Godavari,2026-04-17 11:00:00+00:00,45.30754267896332,NORMAL,47.5,48.5,53.0,17.66865,80.87403,GDBDCL_2026-04-17T11:00:00+0000_45.3075
GDBDCL,Godavari at Bhadrachalam,Godavari,2026-04-17 12:00:00+00:00,45.29134878321603,NORMAL,47.5,48.5,53.0,17.66865,80.87403,GDBDCL_2026-04-17T12:00:00+0000_45.2913
GDBDCL,Godavari at Bhadrachalam,Godavari,2026-04-17 13:00:00+00:00,45.3324135372289,NORMAL,47.5,48.5,53.0,17.66865,80.87403,GDBDCL_2026-04-17T13:00:00+0000_45.3324
GDBDCL,Godavari at Bhadrachalam,Godavari,2026-04-17 14:00:00+00:00,45.26830706091274,NORMAL,47.5,48.5,53.0,17.66865,80.87403,GDBDCL_2026-04-17T14:00:00+0000_45.2683
GDBDCL,Godavari at Bhadrachalam,Godavari,2026-04-17 15:00:00+00:00,,,47.5,48.5,53.0,17.66865,80.87403,GDBDCL_2026-04-17T15:00:00+0000_
GDBDCL,Godavari at Bhadrachalam,Godavari,2026-04-17 16:00:00+00:00,45.30534950103733,NORMAL,47.5,48.5,53.0,17.66865,80.87403,GDBDCL_2026-04-17T16:00:00+0000_45.3053
GDBDCL,Godavari at Bhadrachalam,Godavari,2026-04-17 17:00:00+00:00,45.31418333072669,NORMAL,47.5,48.5,53.0,17.66865,80.87403,GDBDCL_2026-04-17T17:00:00+0000_45.3142
GDBDCL,Godavari at Bhadrachalam,Godavari,2026-04-17 18:00:00+00:00,45.38852565375916,NORMAL,47.5,48.5,53.0,17.66865,80.87403,GDBDCL_2026-04-17T18:00:00+0000_45.3885
GDBDCL,Godavari at Bhadrachalam,Godavari,2026-04-17 19:00:00+00:00,45.46082290499621,NORMAL,47.5,48.5,53.0,17.66865,80.87403,GDBDCL_2026-04-17T19:00:00+0000_45.4608
GDBDCL,Godavari at Bhadrachalam,Godavari,2026-04-17 20:00:00+00:00,45.44093439923243,NORMAL,47.5,48.5,53.0,17.66865,80.87403,GDBDCL_2026-04-17T20:00:00+0000_45.4409
GDBDCL,Godavari at Bhadrachalam,Godavari,2026-04-17 21:00:00+00:00,45.47627373645919,NORMAL,47.5,48.5,53.0,17.66865,80.87403,GDBDCL_2026-04-17T21:00:00+0000_45.4763
GDBDCL,Godavari at Bhadrachalam,Godavari,2026-04-17 22:00:00+00:00,45.50923011494446,NORMAL,47.5,48.5,53.0,17.66865,80.87403,GDBDCL_2026-04-17T22:00:00+0000_45.5092
GDBDCL,Godavari at Bhadrachalam,Godavari,2026-04-17 23:00:00+00:00,45.5389820122794,NORMAL,47.5,48.5,53.0,17.66865,80.87403,GDBDCL_2026-04-17T23:00:00+0000_45.5390
GDBDCL,Godavari at Bhadrachalam,Godavari,2026-04-18 00:00:00+00:00,45.53008106157385,NORMAL,47.5,48.5,53.0,17.66865,80.87403,GDBDCL_2026-04-18T00:00:00+0000_45.5301
GDBDCL,Godavari at Bhadrachalam,Godavari,2026-04-18 01:00:00+00:00,45.56295758857255,NORMAL,47.5,48.5,53.0,17.66865,80.87403,GDBDCL_2026-04-18T01:00:00+0000_45.5630
GDBDCL,Godavari at Bhadrachalam,Godavari,2026-04-18 02:00:00+00:00,45.5416327939984,NORMAL,47.5,48.5,53.0,17.66865,80.87403,GDBDCL_2026-04-18T02:00:00+0000_45.5416
GDBDCL,Godavari at Bhadrachalam,Godavari,2026-04-18 03:00:00+00:00,45.61940115773503,NORMAL,47.5,48.5,53.0,17.66865,80.87403,GDBDCL_2026-04-18T03:00:00+0000_45.6194
GDBDCL,Godavari at Bhadrachalam,Godavari,2026-04-18 04:00:00+00:00,45.59483306961392,NORMAL,47.5,48.5,53.0,17.66865,80.87403,GDBDCL_2026-04-18T04:00:00+0000_45.5948
GDBDCL,Godavari at Bhadrachalam,Godavari,2026-04-18 05:00:00+00:00,45.51740873922215,NORMAL,47.5,48.5,53.0,17.66865,80.87403,GDBDCL_2026-04-18T05:00:00+0000_45.5174
GDBDCL,Godavari at Bhadrachalam,Godavari,2026-04-18 06:00:00+00:00,45.47520727274856,NORMAL,47.5,48.5,53.0,17.66865,80.87403,GDBDCL_2026-04-18T06:00:00+0000_45.4752
GDBDCL,Godavari at Bhadrachalam,Godavari,2026-04-18 07:00:00+00:00,45.44448193832418,NORMAL,47.5,48.5,53.0,17.66865,80.87403,GDBDCL_2026-04-18T07:00:00+0000_45.4445
GDBDCL,Godavari at Bhadrachalam,Godavari,2026-04-18 08:00:00+00:00,45.46928624453061,NORMAL,47.5,48.5,53.0,17.66865,80.87403,GDBDCL_2026-04-18T08:00:00+0000_45.4693
GDBDCL,Godavari at Bhadrachalam,Godavari,2026-04-18 09:00:00+00:00,45.40718611690284,NORMAL,47.5,48.5,53.0,17.66865,80.87403,GDBDCL_2026-04-18T09:00:00+0000_45.4072
GDBDCL,Godavari at Bhadrachalam,Godavari,2026-04-18 10:00:00+00:00,45.32854148632058,NORMAL,47.5,48.5,53.0,17.66865,80.87403,GDBDCL_2026-04-18T10:00:00+0000_45.3285
GDBDCL,Godavari at Bhadrachalam,Godavari,2026-04-18 11:00:00+00:00,45.37180354027886,NORMAL,47.5,48.5,53.0,17.66865,80.87403,GDBDCL_2026-04-18T11:00:00+0000_45.3718
GDBDCL,Godavari at Bhadrachalam,Godavari,2026-04-18 12:00:00+00:00,45.27141167505074,NORMAL,47.5,48.5,53.0,17.66865,80.87403,GDBDCL_2026-04-18T12:00:00+0000_45.2714
GDBDCL,Godavari at Bhadrachalam,Godavari,2026-04-18 13:00:00+00:00,45.33552977324002,NORMAL,47.5,48.5,53.0,17.66865,80.87403,GDBDCL_2026-04-18T13:00:00+0000_45.3355
GDBDCL,Godavari at Bhadrachalam,Godavari,2026-04-18 14:00:00+00:00,45.289116214177184,NORMAL,47.5,48.5,53.0,17.66865,80.87403,GDBDCL_2026-04-18T14:00:00+0000_45.2891
GDBDCL,Godavari at Bhadrachalam,Godavari,2026-04-18 15:00:00+00:00,45.35522036801581,NORMAL,47.5,48.5,53.0,17.66865,80.87403,GDBDCL_2026-04-18T15:00:00+0000_45.3552
GDBDCL,Godavari at Bhadrachalam,Godavari,2026-04-18 16:00:00+00:00,45.31301467729024,NORMAL,47.5,48.5,53.0,17.66865,80.87403,GDBDCL_2026-04-18T16:00:00+0000_45.3130
GDBDCL,Godavari at Bhadrachalam,Godavari,2026-04-18 17:00:00+00:00,45.3062051313408,NORMAL,47.5,48.5,53.0,17.66865,80.87403,GDBDCL_2026-04-18T17:00:00+0000_45.3062
GDBDCL,Godavari at Bhadrachalam,Godavari,2026-04-18 18:00:00+00:00,45.37695574957485,NORMAL,47.5,48.5,53.0,17.66865,80.87403,GDBDCL_2026-04-18T18:00:00+0000_45.3770
GDBDCL,Godavari at Bhadrachalam,Godavari,2026-04-18 19:00:00+00:00,45.45038222337779,NORMAL,47.5,48.5,53.0,17.66865,80.87403,GDBDCL_2026-04-18T19:00:00+0000_45.4504
GDBDCL,Godavari at Bhadrachalam,Godavari,2026-04-18 20:00:00+00:00,45.46863426701654,NORMAL,47.5,48.5,53.0,17.66865,80.87403,GDBDCL_2026-04-18T20:00:00+0000_45.4686
GDBDCL,Godavari at Bhadrachalam,Godavari,2026-04-18 21:00:00+00:00,45.49284406176041,NORMAL,47.5,48.5,53.0,17.66865,80.87403,GDBDCL_2026-04-18T21:00:00+0000_45.4928
GDBDCL,Godavari at Bhadrachalam,Godavari,2026-04-18 22:00:00+00:00,45.486052133546366,NORMAL,47.5,48.5,53.0,17.66865,80.87403,GDBDCL_2026-04-18T22:00:00+0000_45.4861
GDBDCL,Godavari at Bhadrachalam,Godavari,2026-04-18 23:00:00+00:00,45.5664937053018,NORMAL,47.5,48.5,53.0,17.66865,80.87403,GDBDCL_2026-04-18T23:00:00+0000_45.5665
GDBDCL,Godavari at Bhadrachalam,Godavari,2026-04-19 00:00:00+00:00,45.54631869164959,NORMAL,47.5,48.5,53.0,17.66865,80.87403,GDBDCL_2026-04-19T00:00:00+0000_45.5463
GDBDCL,Godavari at Bhadrachalam,Godavari,2026-04-19 01:00:00+00:00,45.574214346008674,NORMAL,47.5,48.5,53.0,17.66865,80.87403,GDBDCL_2026-04-19T01:00:00+0000_45.5742
GDBDCL,Godavari at Bhadrachalam,Godavari,2026-04-19 02:00:00+00:00,45.59742186644757,NORMAL,47.5,48.5,53.0,17.66865,80.87403,GDBDCL_2026-04-19T02:00:00+0000_45.5974
GDBDCL,Godavari at Bhadrachalam,Godavari,2026-04-19 03:00:00+00:00,45.59600949847164,NORMAL,47.5,48.5,53.0,17.66865,80.87403,GDBDCL_2026-04-19T03:00:00+0000_45.5960
GDBDCL,Godavari at Bhadrachalam,Godavari,2026-04-19 04:00:00+00:00,45.5754535490282,NORMAL,47.5,48.5,53.0,17.66865,80.87403,GDBDCL_2026-04-19T04:00:00+0000_45.5755
GDBDCL,Godavari at Bhadrachalam,Godavari,2026-04-19 05:00:00+00:00,45.57163684014728,NORMAL,47.5,48.5,53.0,17.66865,80.87403,GDBDCL_2026-04-19T05:00:00+0000_45.5716
GDBDCL,Godavari at Bhadrachalam,Godavari,2026-04-19 06:00:00+00:00,45.527740906078286,NORMAL,47.5,48.5,53.0,17.66865,80.87403,GDBDCL_2026-04-19T06:00:00+0000_45.5277
GDBDCL,Godavari at Bhadrachalam,Godavari,2026-04-19 07:00:00+00:00,45.42847931700318,NORMAL,47.5,48.5,53.0,17.66865,80.87403,GDBDCL_2026-04-19T07:00:00+0000_45.4285
GDBDCL,Godavari at Bhadrachalam,Godavari,2026-04-19 08:00:00+00:00,45.43773606580392,NORMAL,47.5,48.5,53.0,17.66865,80.87403,GDBDCL_2026-04-19T08:00:00+0000_45.4377
GDBDCL,Godavari at Bhadrachalam,Godavari,2026-04-19 09:00:00+00:00,45.3503927381632,NORMAL,47.5,48.5,53.0,17.66865,80.87403,GDBDCL_2026-04-19T09:00:00+0000_45.3504
GDBDCL,Godavari at Bhadrachalam,Godavari,2026-04-19 10:00:00+00:00,45.35720958340929,NORMAL,47.5,48.5,53.0,17.66865,80.87403,GDBDCL_2026-04-19T10:00:00+0000_45.3572
GDBDCL,Godavari at Bhadrachalam,Godavari,2026-04-19 11:00:00+00:00,45.30087846642111,NORMAL,47.5,48.5,53.0,17.66865,80.87403,GDBDCL_2026-04-19T11:00:00+0000_45.3009
GDBDCL,Godavari at Bhadrachalam,Godavari,2026-04-19 12:00:00+00:00,45.363924226012976,NORMAL,47.5,48.5,53.0,17.66865,80.87403,GDBDCL_2026-04-19T12:00:00+0000_45.3639
GDBDCL,Godavari at Bhadrachalam,Godavari,2026-04-19 13:00:00+00:00,45.33046987477703,NORMAL,47.5,48.5,53.0,17.66865,80.87403,GDBDCL_2026-04-19T13:00:00+0000_45.3305
GDBDCL,Godavari at Bhadrachalam,Godavari,2026-04-19 14:00:00+00:00,45.27810939674728,NORMAL,47.5,48.5,53.0,17.66865,80.87403,GDBDCL_2026-04-19T14:00:00+0000_45.2781
GDBDCL,Godavari at Bhadrachalam,Godavari,2026-04-19 15:00:00+00:00,45.27478612508981,NORMAL,47.5,48.5,53.0,17.66865,80.87403,GDBDCL_2026-04-19T15:00:00+0000_45.2748
GDBDCL,Godavari at Bhadrachalam,Godavari,2026-04-19 16:00:00+00:00,45.29089396635902,NORMAL,47.5,48.5,53.0,17.66865,80.87403,GDBDCL_2026-04-19T16:00:00+0000_45.2909
GDBDCL,Godavari at Bhadrachalam,Godavari,2026-04-19 17:00:00+00:00,45.348252842056624,NORMAL,47.5,48.5,53.0,17.66865,80.87403,GDBDCL_2026-04-19T17:00:00+0000_45.3483
GDBDCL,Godavari at Bhadrachalam,Godavari,2026-04-19 18:00:00+00:00,45.38229950284737,NORMAL,47.5,48.5,53.0,17.66865,80.87403,GDBDCL_2026-04-19T18:00:00+0000_45.3823
GDBDCL,Godavari at Bhadrachalam,Godavari,2026-04-19 19:00:00+00:00,45.43953869182865,NORMAL,47.5,48.5,53.0,17.66865,80.87403,GDBDCL_2026-04-19T19:00:00+0000_45.4395
GDBDCL,Godavari at Bhadrachalam,Godavari,2026-04-19 20:00:00+00:00,45.48164042034423,NORMAL,47.5,48.5,53.0,17.66865,80.87403,GDBDCL_2026-04-19T20:00:00+0000_45.4816
GDBDCL,Godavari at Bhadrachalam,Godavari,2026-04-19 21:00:00+00:00,45.457495621367705,NORMAL,47.5,48.5,53.0,17.66865,80.87403,GDBDCL_2026-04-19T21:00:00+0000_45.4575
GDBDCL,Godavari at Bhadrachalam,Godavari,2026-04-19 22:00:00+00:00,45.56767619392201,NORMAL,47.5,48.5,53.0,17.66865,80.87403,GDBDCL_2026-04-19T22:00:00+0000_45.5677
GDBDCL,Godavari at Bhadrachalam,Godavari,2026-04-19 23:00:00+00:00,45.54956924735333,NORMAL,47.5,48.5,53.0,17.66865,80.87403,GDBDCL_2026-04-19T23:00:00+0000_45.5496
GDBDCL,Godavari at Bhadrachalam,Godavari,2026-04-20 00:00:00+00:00,45.58209237137831,NORMAL,47.5,48.5,53.0,17.66865,80.87403,GDBDCL_2026-04-20T00:00:00+0000_45.5821
GDBDCL,Godavari at Bhadrachalam,Godavari,2026-04-20 01:00:00+00:00,45.56734334020049,NORMAL,47.5,48.5,53.0,17.66865,80.87403,GDBDCL_2026-04-20T01:00:00+0000_45.5673
GDBDCL,Godavari at Bhadrachalam,Godavari,2026-04-20 02:00:00+00:00,45.54535991744561,NORMAL,47.5,48.5,53.0,17.66865,80.87403,GDBDCL_2026-04-20T02:00:00+0000_45.5454
GDBDCL,Godavari at Bhadrachalam,Godavari,2026-04-20 03:00:00+00:00,45.58290667620047,NORMAL,47.5,48.5,53.0,17.66865,80.87403,GDBDCL_2026-04-20T03:00:00+0000_45.5829
GDBDCL,Godavari at Bhadrachalam,Godavari,2026-04-20 04:00:00+00:00,45.606475878060046,NORMAL,47.5,48.5,53.0,17.66865,80.87403,GDBDCL_2026-04-20T04:00:00+0000_45.6065
GDBDCL,Godavari at Bhadrachalam,Godavari,2026-04-20 05:00:00+00:00,45.57799480965453,NORMAL,47.5,48.5,53.0,17.66865,80.87403,GDBDCL_2026-04-20T05:00:00+0000_45.5780
GDBDCL,Godavari at Bhadrachalam,Godavari,2026-04-20 06:00:00+00:00,45.51485962731413,NORMAL,47.5,48.5,53.0,17.66865,80.87403,GDBDCL_2026-04-20T06:00:00+0000_45.5149
GDBDCL,Godavari at Bhadrachalam,Godavari,2026-04-20 07:00:00+00:00,45.43643255680494,NORMAL,47.5,48.5,53.0,17.66865,80.87403,GDBDCL_2026-04-20T07:00:00+0000_45.4364
GDBDCL,Godavari at Bhadrachalam,Godavari,2026-04-20 08:00:00+00:00,45.43495389449356,NORMAL,47.5,48.5,53.0,17.66865,80.87403,GDBDCL_2026-04-20T08:00:00+0000_45.4350
GDBDCL,Godavari at Bhadrachalam,Godavari,2026-04-20 09:00:00+00:00,45.43469149273608,NORMAL,47.5,48.5,53.0,17.66865,80.87403,GDBDCL_2026-04-20T09:00:00+0000_45.4347
GDBDCL,Godavari at Bhadrachalam,Godavari,2026-04-20 10:00:00+00:00,45.38044795880681,NORMAL,47.5,48.5,53.0,17.66865,80.87403,GDBDCL_2026-04-20T10:00:00+0000_45.3804
GDBDCL,Godavari at Bhadrachalam,Godavari,2026-04-20 11:00:00+00:00,45.3661349784712,NORMAL,47.5,48.5,53.0,17.66865,80.87403,GDBDCL_2026-04-20T11:00:00+0000_45.3661
GDBDCL,Godavari at Bhadrachalam,Godavari,2026-04-20 12:00:00+00:00,45.3244698644537,NORMAL,47.5,48.5,53.0,17.66865,80.87403,GDBDCL_2026-04-20T12:00:00+0000_45.3245
GDBDCL,Godavari at Bhadrachalam,Godavari,2026-04-20 13:00:00+00:00,45.3353334683143,NORMAL,47.5,48.5,53.0,17.66865,80.87403,GDBDCL_2026-04-20T13:00:00+0000_45.3353
GDBDCL,Godavari at Bhadrachalam,Godavari,2026-04-20 14:00:00+00:00,45.34739962805591,NORMAL,47.5,48.5,53.0,17.66865,80.87403,GDBDCL_2026-04-20T14:00:00+0000_45.3474
GDBDCL,Godavari at Bhadrachalam,Godavari,2026-04-20 15:00:00+00:00,45.366125961331896,NORMAL,47.5,48.5,53.0,17.66865,80.87403,GDBDCL_2026-04-20T15:00:00+0000_45.3661
GDBDCL,Godavari at Bhadrachalam,Godavari,2026-04-20 16:00:00+00:00,45.30941797727698,NORMAL,47.5,48.5,53.0,17.66865,80.87403,GDBDCL_2026-04-20T16:00:00+0000_45.3094
GDBDCL,Godavari at Bhadrachalam,Godavari,2026-04-20 17:00:00+00:00,45.34191845948448,NORMAL,47.5,48.5,53.0,17.66865,80.87403,GDBDCL_2026-04-20T17:00:00+0000_45.3419
GDBDCL,Godavari at Bhadrachalam,Godavari,2026-04-20 18:00:00+00:00,45.38581312168108,NORMAL,47.5,48.5,53.0,17.66865,80.87403,GDBDCL_2026-04-20T18:00:00+0000_45.3858
GDBDCL,Godavari at Bhadrachalam,Godavari,2026-04-20 19:00:00+00:00,45.47407300953069,NORMAL,47.5,48.5,53.0,17.66865,80.87403,GDBDCL_2026-04-20T19:00:00+0000_45.4741
GDBDCL,Godavari at Bhadrachalam,Godavari,2026-04-20 20:00:00+00:00,45.44242115328504,NORMAL,47.5,48.5,53.0,17.66865,80.87403,GDBDCL_2026-04-20T20:00:00+0000_45.4424
GDBDCL,Godavari at Bhadrachalam,Godavari,2026-04-20 21:00:00+00:00,45.53025563005343,NORMAL,47.5,48.5,53.0,17.66865,80.87403,GDBDCL_2026-04-20T21:00:00+0000_45.5303
GDBDCL,Godavari at Bhadrachalam,Godavari,2026-04-20 22:00:00+00:00,45.51229263471423,NORMAL,47.5,48.5,53.0,17.66865,80.87403,GDBDCL_2026-04-20T22:00:00+0000_45.5123
GDBDCL,Godavari at Bhadrachalam,Godavari,2026-04-20 23:00:00+00:00,45.553559937796976,NORMAL,47.5,48.5,53.0,17.66865,80.87403,GDBDCL_2026-04-20T23:00:00+0000_45.5536
GDBDCL,Godavari at Bhadrachalam,Godavari,2026-04-21 00:00:00+00:00,45.54272929651052,NORMAL,47.5,48.5,53.0,17.66865,80.87403,GDBDCL_2026-04-21T00:00:00+0000_45.5427
GDBDCL,Godavari at Bhadrachalam,Godavari,2026-04-21 01:00:00+00:00,45.56053137697447,NORMAL,47.5,48.5,53.0,17.66865,80.87403,GDBDCL_2026-04-21T01:00:00+0000_45.5605
GDBDCL,Godavari at Bhadrachalam,Godavari,2026-04-21 02:00:00+00:00,45.549141946231344,NORMAL,47.5,48.5,53.0,17.66865,80.87403,GDBDCL_2026-04-21T02:00:00+0000_45.5491
GDBDCL,Godavari at Bhadrachalam,Godavari,2026-04-21 03:00:00+00:00,45.60719693259408,NORMAL,47.5,48.5,53.0,17.66865,80.87403,GDBDCL_2026-04-21T03:00:00+0000_45.6072
GDBDCL,Godavari at Bhadrachalam,Godavari,2026-04-21 04:00:00+00:00,46.66595902902644,NORMAL,47.5,48.5,53.0,17.66865,80.87403,GDBDCL_2026-04-21T04:00:00+0000_46.6660
GDBDCL,Godavari at Bhadrachalam,Godavari,2026-04-21 05:00:00+00:00,46.57957733037969,NORMAL,47.5,48.5,53.0,17.66865,80.87403,GDBDCL_2026-04-21T05:00:00+0000_46.5796
GDBDCL,Godavari at Bhadrachalam,Godavari,2026-04-21 06:00:00+00:00,46.41002102743618,NORMAL,47.5,48.5,53.0,17.66865,80.87403,GDBDCL_2026-04-21T06:00:00+0000_46.4100
GDBDCL,Godavari at Bhadrachalam,Godavari,2026-04-21 07:00:00+00:00,45.43852211588849,NORMAL,47.5,48.5,53.0,17.66865,80.87403,GDBDCL_2026-04-21T07:00:00+0000_45.4385
GDBDCL,Godavari at Bhadrachalam,Godavari,2026-04-21 08:00:00+00:00,45.48278702834025,NORMAL,47.5,48.5,53.0,17.66865,80.87403,GDBDCL_2026-04-21T08:00:00+0000_45.4828
GDBDCL,Godavari at Bhadrachalam,Godavari,2026-04-21 09:00:00+00:00,45.37414339742768,NORMAL,47.5,48.5,53.0,17.66865,80.87403,GDBDCL_2026-04-21T09:00:00+0000_45.3741
GDBDCL,Godavari at Bhadrachalam,Godavari,2026-04-21 10:00:00+00:00,45.369781060196885,NORMAL,47.5,48.5,53.0,17.66865,80.87403,GDBDCL_2026-04-21T10:00:00+0000_45.3698
GDBDCL,Godavari at Bhadrachalam,Godavari,2026-04-21 11:00:00+00:00,45.3445016813916,NORMAL,47.5,48.5,53.0,17.66865,80.87403,GDBDCL_2026-04-21T11:00:00+0000_45.3445
GDBDCL,Godavari at Bhadrachalam,Godavari,2026-04-21 12:00:00+00:00,45.3424141870141,NORMAL,47.5,48.5,53.0,17.66865,80.87403,GDBDCL_2026-04-21T12:00:00+0000_45.3424
GDBDCL,Godavari at Bhadrachalam,Godavari,2026-04-21 13:00:00+00:00,45.34367586833742,NORMAL,47.5,48.5,53.0,17.66865,80.87403,GDBDCL_2026-04-21T13:00:00+0000_45.3437
GDBDCL,Godavari at Bhadrachalam,Godavari,2026-04-21 14:00:00+00:00,45.29052290765138,NORMAL,47.5,48.5,53.0,17.66865,80.87403,GDBDCL_2026-04-21T14:00:00+0000_45.2905
GDBDCL,Godavari at Bhadrachalam,Godavari,2026-04-21 15:00:00+00:00,45.33746920452435,NORMAL,47.5,48.5,53.0,17.66865,80.87403,GDBDCL_2026-04-21T15:00:00+0000_45.3375
GDBDCL,Godavari at Bhadrachalam,Godavari,2026-04-21 16:00:00+00:00,45.393992126453696,NORMAL,47.5,48.5,53.0,17.66865,80.87403,GDBDCL_2026-04-21T16:00:00+0000_45.3940
GDBDCL,Godavari at Bhadrachalam,Godavari,2026-04-21 17:00:00+00:00,45.4119757653385,NORMAL,47.5,48.5,53.0,17.66865,80.87403,GDBDCL_2026-04-21T17:00:00+0000_45.4120
GDBDCL,Godavari at Bhadrachalam,Godavari,2026-04-21 18:00:00+00:00,45.41145440871522,NORMAL,47.5,48.5,53.0,17.66865,80.87403,GDBDCL_2026-04-21T18:00:00+0000_45.4115
GDBDCL,Godavari at Bhadrachalam,Godavari,2026-04-21 19:00:00+00:00,45.47890294015239,NORMAL,47.5,48.5,53.0,17.66865,80.87403,GDBDCL_2026-04-21T19:00:00+0000_45.4789
GDBDCL,Godavari at Bhadrachalam,Godavari,2026-04-21 20:00:00+00:00,45.51950904104876,NORMAL,47.5,48.5,53.0,17.66865,80.87403,GDBDCL_2026-04-21T20:00:00+0000_45.5195
GDBDCL,Godavari at Bhadrachalam,Godavari,2026-04-21 21:00:00+00:00,45.4775347786743,NORMAL,47.5,48.5,53.0,17.66865,80.87403,GDBDCL_2026-04-21T21:00:00+0000_45.4775
GDBDCL,Godavari at Bhadrachalam,Godavari,2026-04-21 22:00:00+00:00,45.532915333919135,NORMAL,47.5,48.5,53.0,17.66865,80.87403,GDBDCL_2026-04-21T22:00:00+0000_45.5329
GDBDCL,Godavari at Bhadrachalam,Godavari,2026-04-21 23:00:00+00:00,45.6083952396377,NORMAL,47.5,48.5,53.0,17.66865,80.87403,GDBDCL_2026-04-21T23:00:00+0000_45.6084
GDBDCL,Godavari at Bhadrachalam,Godavari,2026-04-22 00:00:00+00:00,45.55811283897296,NORMAL,47.5,48.5,53.0,17.66865,80.87403,GDBDCL_2026-04-22T00:00:00+0000_45.5581
GDBDCL,Godavari at Bhadrachalam,Godavari,2026-04-22 01:00:00+00:00,45.64626804506108,NORMAL,47.5,48.5,53.0,17.66865,80.87403,GDBDCL_2026-04-22T01:00:00+0000_45.6463
GDBDCL,Godavari at Bhadrachalam,Godavari,2026-04-22 02:00:00+00:00,45.57290320722844,NORMAL,47.5,48.5,53.0,17.66865,80.87403,GDBDCL_2026-04-22T02:00:00+0000_45.5729
GDBDCL,Godavari at Bhadrachalam,Godavari,2026-04-22 03:00:00+00:00,45.607556407278025,NORMAL,47.5,48.5,53.0,17.66865,80.87403,GDBDCL_2026-04-22T03:00:00+0000_45.6076
GDBDCL,Godavari at Bhadrachalam,Godavari,2026-04-22 04:00:00+00:00,45.61449114085643,NORMAL,47.5,48.5,53.0,17.66865,80.87403,GDBDCL_2026-04-22T04:00:00+0000_45.6145
GDBDCL,Godavari at Bhadrachalam,Godavari,2026-04-22 05:00:00+00:00,45.56478536818985,NORMAL,47.5,48.5,53.0,17.66865,80.87403,GDBDCL_2026-04-22T05:00:00+0000_45.5648
GDBDCL,Godavari at Bhadrachalam,Godavari,2026-04-22 06:00:00+00:00,45.48545983923565,NORMAL,47.5,48.5,53.0,17.66865,80.87403,GDBDCL_2026-04-22T06:00:00+0000_45.4855
GDBDCL,Godavari at Bhadrachalam,Godavari,2026-04-22 07:00:00+00:00,45.49711794338979,NORMAL,47.5,48.5,53.0,17.66865,80.87403,GDBDCL_2026-04-22T07:00:00+0000_45.4971
GDBDCL,Godavari at Bhadrachalam,Godavari,2026-04-22 08:00:00+00:00,45.43392362831872,NORMAL,47.5,48.5,53.0,17.66865,80.87403,GDBDCL_2026-04-22T08:00:00+0000_45.4339
GDBDCL,Godavari at Bhadrachalam,Godavari,2026-04-22 09:00:00+00:00,45.45084635451926,NORMAL,47.5,48.5,53.0,17.66865,80.87403,GDBDCL_2026-04-22T09:00:00+0000_45.4508
GDBDCL,Godavari at Bhadrachalam,Godavari,2026-04-22 10:00:00+00:00,45.42303173544296,NORMAL,47.5,48.5,53.0,17.66865,80.87403,GDBDCL_2026-04-22T10:00:00+0000_45.4230
GDBDCL,Godavari at Bhadrachalam,Godavari,2026-04-22 11:00:00+00:00,,,47.5,48.5,53.0,17.66865,80.87403,GDBDCL_2026-04-22T11:00:00+0000_
GDBDCL,Godavari at Bhadrachalam,Godavari,2026-04-22 12:00:00+00:00,45.38075150067352,NORMAL,47.5,48.5,53.0,17.66865,80.87403,GDBDCL_2026-04-22T12:00:00+0000_45.3808
GDBDCL,Godavari at Bhadrachalam,Godavari,2026-04-22 13:00:00+00:00,45.323805030900935,NORMAL,47.5,48.5,53.0,17.66865,80.87403,GDBDCL_2026-04-22T13:00:00+0000_45.3238
GDBDCL,Godavari at Bhadrachalam,Godavari,2026-04-22 14:00:00+00:00,45.36752648384917,NORMAL,47.5,48.5,53.0,17.66865,80.87403,GDBDCL_2026-04-22T14:00:00+0000_45.3675
GDBDCL,Godavari at Bhadrachalam,Godavari,2026-04-22 15:00:00+00:00,45.344004888367,NORMAL,47.5,48.5,53.0,17.66865,80.87403,GDBDCL_2026-04-22T15:00:00+0000_45.3440
GDBDCL,Godavari at Bhadrachalam,Godavari,2026-04-22 16:00:00+00:00,45.30739447452415,NORMAL,47.5,48.5,53.0,17.66865,80.87403,GDBDCL_2026-04-22T16:00:00+0000_45.3074
GDBDCL,Godavari at Bhadrachalam,Godavari,2026-04-22 17:00:00+00:00,45.3962804066823,NORMAL,47.5,48.5,53.0,17.66865,80.87403,GDBDCL_2026-04-22T17:00:00+0000_45.3963
GDBDCL,Godavari at Bhadrachalam,Godavari,2026-04-22 18:00:00+00:00,45.42156727706555,NORMAL,47.5,48.5,53.0,17.66865,80.87403,GDBDCL_2026-04-22T18:00:00+0000_45.4216
GDBDCL,Godavari at Bhadrachalam,Godavari,2026-04-22 19:00:00+00:00,45.42091714115285,NORMAL,47.5,48.5,53.0,17.66865,80.87403,GDBDCL_2026-04-22T19:00:00+0000_45.4209
GDBDCL,Godavari at Bhadrachalam,Godavari,2026-04-22 20:00:00+00:00,45.51861254621672,NORMAL,47.5,48.5,53.0,17.66865,80.87403,GDBDCL_2026-04-22T20:00:00+0000_45.5186
GDBDCL,Godavari at Bhadrachalam,Godavari,2026-04-22 21:00:00+00:00,45.51549549904777,NORMAL,47.5,48.5,53.0,17.66865,80.87403,GDBDCL_2026-04-22T21:00:00+0000_45.5155
GDBDCL,Godavari at Bhadrachalam,Godavari,2026-04-22 22:00:00+00:00,45.53148721556322,NORMAL,47.5,48.5,53.0,17.66865,80.87403,GDBDCL_2026-04-22T22:00:00+0000_45.5315
GDBDCL,Godavari at Bhadrachalam,Godavari,2026-04-22 23:00:00+00:00,45.59039488657317,NORMAL,47.5,48.5,53.0,17.66865,80.87403,GDBDCL_2026-04-22T23:00:00+0000_45.5904
GDBDCL,Godavari at Bhadrachalam,Godavari,2026-04-23 00:00:00+00:00,45.6404543475054,NORMAL,47.5,48.5,53.0,17.66865,80.87403,GDBDCL_2026-04-23T00:00:00+0000_45.6405
GDBDCL,Godavari at Bhadrachalam,Godavari,2026-04-23 01:00:00+00:00,45.57949363681136,NORMAL,47.5,48.5,53.0,17.66865,80.87403,GDBDCL_2026-04-23T01:00:00+0000_45.5795
GDBDCL,Godavari at Bhadrachalam,Godavari,2026-04-23 02:00:00+00:00,45.65858891962496,NORMAL,47.5,48.5,53.0,17.66865,80.87403,GDBDCL_2026-04-23T02:00:00+0000_45.6586
GDBDCL,Godavari at Bhadrachalam,Godavari,2026-04-23 03:00:00+00:00,45.59404031164899,NORMAL,47.5,48.5,53.0,17.66865,80.87403,GDBDCL_2026-04-23T03:00:00+0000_45.5940
GDBDCL,Godavari at Bhadrachalam,Godavari,2026-04-23 04:00:00+00:00,45.63212684812783,NORMAL,47.5,48.5,53.0,17.66865,80.87403,GDBDCL_2026-04-23T04:00:00+0000_45.6321
GDBDCL,Godavari at Bhadrachalam,Godavari,2026-04-23 05:00:00+00:00,45.5588401215166,NORMAL,47.5,48.5,53.0,17.66865,80.87403,GDBDCL_2026-04-23T05:00:00+0000_45.5588
GDBDCL,Godavari at Bhadrachalam,Godavari,2026-04-23 06:00:00+00:00,45.54115156383643,NORMAL,47.5,48.5,53.0,17.66865,80.87403,GDBDCL_2026-04-23T06:00:00+0000_45.5412
GDBDCL,Godavari at Bhadrachalam,Godavari,2026-04-23 07:00:00+00:00,45.46056212855781,NORMAL,47.5,48.5,53.0,17.66865,80.87403,GDBDCL_2026-04-23T07:00:00+0000_45.4606
GDBDCL,Godavari at Bhadrachalam,Godavari,2026-04-23 08:00:00+00:00,45.40850035956554,NORMAL,47.5,48.5,53.0,17.66865,80.87403,GDBDCL_2026-04-23T08:00:00+0000_45.4085
GDBDCL,Godavari at Bhadrachalam,Godavari,2026-04-23 09:00:00+00:00,45.39984766258153,NORMAL,47.5,48.5,53.0,17.66865,80.87403,GDBDCL_2026-04-23T09:00:00+0000_45.3998
GDBDCL,Godavari at Bhadrachalam,Godavari,2026-04-23 10:00:00+00:00,45.38675705450223,NORMAL,47.5,48.5,53.0,17.66865,80.87403,GDBDCL_2026-04-23T10:00:00+0000_45.3868
GDBDCL,Godavari at Bhadrachalam,Godavari,2026-04-23 11:00:00+00:00,45.3747179434772,NORMAL,47.5,48.5,53.0,17.66865,80.87403,GDBDCL_2026-04-23T11:00:00+0000_45.3747
GDBDCL,Godavari at Bhadrachalam,Godavari,2026-04-23 12:00:00+00:00,45.34103635538464,NORMAL,47.5,48.5,53.0,17.66865,80.87403,GDBDCL_2026-04-23T12:00:00+0000_45.3410
GDBDCL,Godavari at Bhadrachalam,Godavari,2026-04-23 13:00:00+00:00,45.33208446290944,NORMAL,47.5,48.5,53.0,17.66865,80.87403,GDBDCL_2026-04-23T13:00:00+0000_45.3321
GDBDCL,Godavari at Bhadrachalam,Godavari,2026-04-23 14:00:00+00:00,45.31341077055224,NORMAL,47.5,48.5,53.0,17.66865,80.87403,GDBDCL_2026-04-23T14:00:00+0000_45.3134
GDBDCL,Godavari at Bhadrachalam,Godavari,2026-04-23 15:00:00+00:00,45.31054204194368,NORMAL,47.5,48.5,53.0,17.66865,80.87403,GDBDCL_2026-04-23T15:00:00+0000_45.3105
GDBDCL,Godavari at Bhadrachalam,Godavari,2026-04-23 16:00:00+00:00,45.38086593017612,NORMAL,47.5,48.5,53.0,17.66865,80.87403,GDBDCL_2026-04-23T16:00:00+0000_45.3809
GDBDCL,Godavari at Bhadrachalam,Godavari,2026-04-23 17:00:00+00:00,45.3416809314416,NORMAL,47.5,48.5,53.0,17.66865,80.87403,GDBDCL_2026-04-23T17:00:00+0000_45.3417
GDBDCL,Godavari at Bhadrachalam,Godavari,2026-04-23 18:00:00+00:00,45.38902089860363,NORMAL,47.5,48.5,53.0,17.66865,80.87403,GDBDCL_2026-04-23T18:00:00+0000_45.3890
GDBDCL,Godavari at Bhadrachalam,Godavari,2026-04-23 19:00:00+00:00,45.441600475558495,NORMAL,47.5,48.5,53.0,17.66865,80.87403,GDBDCL_2026-04-23T19:00:00+0000_45.4416
GDBDCL,Godavari at Bhadrachalam,Godavari,2026-04-23 20:00:00+00:00,45.53154842061095,NORMAL,47.5,48.5,53.0,17.66865,80.87403,GDBDCL_2026-04-23T20:00:00+0000_45.5315
GDBDCL,Godavari at Bhadrachalam,Godavari,2026-04-23 21:00:00+00:00,45.49055447916752,NORMAL,47.5,48.5,53.0,17.66865,80.87403,GDBDCL_2026-04-23T21:00:00+0000_45.4906
GDBDCL,Godavari at Bhadrachalam,Godavari,2026-04-23 22:00:00+00:00,45.58088861028284,NORMAL,47.5,48.5,53.0,17.66865,80.87403,GDBDCL_2026-04-23T22:00:00+0000_45.5809
GDBDCL,Godavari at Bhadrachalam,Godavari,2026-04-23 23:00:00+00:00,45.53580642977077,NORMAL,47.5,48.5,53.0,17.66865,80.87403,GDBDCL_2026-04-23T23:00:00+0000_45.5358
GDBDCL,Godavari at Bhadrachalam,Godavari,2026-04-24 00:00:00+00:00,45.63065189917586,NORMAL,47.5,48.5,53.0,17.66865,80.87403,GDBDCL_2026-04-24T00:00:00+0000_45.6307
GDBDCL,Godavari at Bhadrachalam,Godavari,2026-04-24 01:00:00+00:00,45.59936943185,NORMAL,47.5,48.5,53.0,17.66865,80.87403,GDBDCL_2026-04-24T01:00:00+0000_45.5994
GDBDCL,Godavari at Bhadrachalam,Godavari,2026-04-24 02:00:00+00:00,45.60589197403348,NORMAL,47.5,48.5,53.0,17.66865,80.87403,GDBDCL_2026-04-24T02:00:00+0000_45.6059
GDBDCL,Godavari at Bhadrachalam,Godavari,2026-04-24 03:00:00+00:00,45.61398121154583,NORMAL,47.5,48.5,53.0,17.66865,80.87403,GDBDCL_2026-04-24T03:00:00+0000_45.6140
GDBDCL,Godavari at Bhadrachalam,Godavari,2026-04-24 04:00:00+00:00,45.583095487578944,NORMAL,47.5,48.5,53.0,17.66865,80.87403,GDBDCL_2026-04-24T04:00:00+0000_45.5831
GDBDCL,Godavari at Bhadrachalam,Godavari,2026-04-24 05:00:00+00:00,45.568612836935785,NORMAL,47.5,48.5,53.0,17.66865,80.87403,GDBDCL_2026-04-24T05:00:00+0000_45.5686
GDBDCL,Godavari at Bhadrachalam,Godavari,2026-04-24 06:00:00+00:00,45.568251934710936,NORMAL,47.5,48.5,53.0,17.66865,80.87403,GDBDCL_2026-04-24T06:00:00+0000_45.5683
GDBDCL,Godavari at Bhadrachalam,Godavari,2026-04-24 07:00:00+00:00,45.5202918294868,NORMAL,47.5,48.5,53.0,17.66865,80.87403,GDBDCL_2026-04-24T07:00:00+0000_45.5203
GDBDCL,Godavari at Bhadrachalam,Godavari,2026-04-24 08:00:00+00:00,45.44282141597459,NORMAL,47.5,48.5,53.0,17.66865,80.87403,GDBDCL_2026-04-24T08:00:00+0000_45.4428
GDBDCL,Godavari at Bhadrachalam,Godavari,2026-04-24 09:00:00+00:00,45.413424964094695,NORMAL,47.5,48.5,53.0,17.66865,80.87403,GDBDCL_2026-04-24T09:00:00+0000_45.4134
GDBDCL,Godavari at Bhadrachalam,Godavari,2026-04-24 10:00:00+00:00,45.35916035617391,NORMAL,47.5,48.5,53.0,17.66865,80.87403,GDBDCL_2026-04-24T10:00:00+0000_45.3592
GDBDCL,Godavari at Bhadrachalam,Godavari,2026-04-24 11:00:00+00:00,45.33109927730846,NORMAL,47.5,48.5,53.0,17.66865,80.87403,GDBDCL_2026-04-24T11:00:00+0000_45.3311
GDBDCL,Godavari at Bhadrachalam,Godavari,2026-04-24 12:00:00+00:00,45.37054094370958,NORMAL,47.5,48.5,53.0,17.66865,80.87403,GDBDCL_2026-04-24T12:00:00+0000_45.3705
GDBDCL,Godavari at Bhadrachalam,Godavari,2026-04-24 13:00:00+00:00,45.298944149847145,NORMAL,47.5,48.5,53.0,17.66865,80.87403,GDBDCL_2026-04-24T13:00:00+0000_45.2989
GDBDCL,Godavari at Bhadrachalam,Godavari,2026-04-24 14:00:00+00:00,45.29142411369136,NORMAL,47.5,48.5,53.0,17.66865,80.87403,GDBDCL_2026-04-24T14:00:00+0000_45.2914
GDBDCL,Godavari at Bhadrachalam,Godavari,2026-04-24 15:00:00+00:00,45.38969663613836,NORMAL,47.5,48.5,53.0,17.66865,80.87403,GDBDCL_2026-04-24T15:00:00+0000_45.3897
GDBDCL,Godavari at Bhadrachalam,Godavari,2026-04-24 16:00:00+00:00,45.35380639538802,NORMAL,47.5,48.5,53.0,17.66865,80.87403,GDBDCL_2026-04-24T16:00:00+0000_45.3538
GDBDCL,Godavari at Bhadrachalam,Godavari,2026-04-24 17:00:00+00:00,45.36563214418037,NORMAL,47.5,48.5,53.0,17.66865,80.87403,GDBDCL_2026-04-24T17:00:00+0000_45.3656
GDBDCL,Godavari at Bhadrachalam,Godavari,2026-04-24 18:00:00+00:00,45.38652967671239,NORMAL,47.5,48.5,53.0,17.66865,80.87403,GDBDCL_2026-04-24T18:00:00+0000_45.3865
GDBDCL,Godavari at Bhadrachalam,Godavari,2026-04-24 19:00:00+00:00,45.49305860826533,NORMAL,47.5,48.5,53.0,17.66865,80.87403,GDBDCL_2026-04-24T19:00:00+0000_45.4931
GDBDCL,Godavari at Bhadrachalam,Godavari,2026-04-24 20:00:00+00:00,45.53716268810211,NORMAL,47.5,48.5,53.0,17.66865,80.87403,GDBDCL_2026-04-24T20:00:00+0000_45.5372
GDBDCL,Godavari at Bhadrachalam,Godavari,2026-04-24 21:00:00+00:00,45.55199827027143,NORMAL,47.5,48.5,53.0,17.66865,80.87403,GDBDCL_2026-04-24T21:00:00+0000_45.5520
GDBDCL,Godavari at Bhadrachalam,Godavari,2026-04-24 22:00:00+00:00,45.52943082095869,NORMAL,47.5,48.5,53.0,17.66865,80.87403,GDBDCL_2026-04-24T22:00:00+0000_45.5294
GDBDCL,Godavari at Bhadrachalam,Godavari,2026-04-24 23:00:00+00:00,45.57463507301685,NORMAL,47.5,48.5,53.0,17.66865,80.87403,GDBDCL_2026-04-24T23:00:00+0000_45.5746
GDBDCL,Godavari at Bhadrachalam,Godavari,2026-04-25 00:00:00+00:00,45.62135287344179,NORMAL,47.5,48.5,53.0,17.66865,80.87403,GDBDCL_2026-04-25T00:00:00+0000_45.6214
GDBDCL,Godavari at Bhadrachalam,Godavari,2026-04-25 01:00:00+00:00,45.62832754121376,NORMAL,47.5,48.5,53.0,17.66865,80.87403,GDBDCL_2026-04-25T01:00:00+0000_45.6283
GDBDCL,Godavari at Bhadrachalam,Godavari,2026-04-25 02:00:00+00:00,45.6447313248508,NORMAL,47.5,48.5,53.0,17.66865,80.87403,GDBDCL_2026-04-25T02:00:00+0000_45.6447
GDBDCL,Godavari at Bhadrachalam,Godavari,2026-04-25 03:00:00+00:00,45.61352459121771,NORMAL,47.5,48.5,53.0,17.66865,80.87403,GDBDCL_2026-04-25T03:00:00+0000_45.6135
GDBDCL,Godavari at Bhadrachalam,Godavari,2026-04-25 04:00:00+00:00,45.55371014907531,NORMAL,47.5,48.5,53.0,17.66865,80.87403,GDBDCL_2026-04-25T04:00:00+0000_45.5537
GDBDCL,Godavari at Bhadrachalam,Godavari,2026-04-25 05:00:00+00:00,45.56703947534975,NORMAL,47.5,48.5,53.0,17.66865,80.87403,GDBDCL_2026-04-25T05:00:00+0000_45.5670
GDBDCL,Godavari at Bhadrachalam,Godavari,2026-04-25 06:00:00+00:00,45.57206721872712,NORMAL,47.5,48.5,53.0,17.66865,80.87403,GDBDCL_2026-04-25T06:00:00+0000_45.5721
GDBDCL,Godavari at Bhadrachalam,Godavari,2026-04-25 07:00:00+00:00,45.53495123089181,NORMAL,47.5,48.5,53.0,17.66865,80.87403,GDBDCL_2026-04-25T07:00:00+0000_45.5350
GDBDCL,Godavari at Bhadrachalam,Godavari,2026-04-25 08:00:00+00:00,45.48893408463376,NORMAL,47.5,48.5,53.0,17.66865,80.87403,GDBDCL_2026-04-25T08:00:00+0000_45.4889
GDBDCL,Godavari at Bhadrachalam,Godavari,2026-04-25 09:00:00+00:00,45.38727859357824,NORMAL,47.5,48.5,53.0,17.66865,80.87403,GDBDCL_2026-04-25T09:00:00+0000_45.3873
GDBDCL,Godavari at Bhadrachalam,Godavari,2026-04-25 10:00:00+00:00,45.37147077880454,NORMAL,47.5,48.5,53.0,17.66865,80.87403,GDBDCL_2026-04-25T10:00:00+0000_45.3715
GDBDCL,Godavari at Bhadrachalam,Godavari,2026-04-25 11:00:00+00:00,45.39135185503452,NORMAL,47.5,48.5,53.0,17.66865,80.87403,GDBDCL_2026-04-25T11:00:00+0000_45.3914
GDBDCL,Godavari at Bhadrachalam,Godavari,2026-04-25 12:00:00+00:00,45.30860335471924,NORMAL,47.5,48.5,53.0,17.66865,80.87403,GDBDCL_2026-04-25T12:00:00+0000_45.3086
GDBDCL,Godavari at Bhadrachalam,Godavari,2026-04-25 13:00:00+00:00,45.32344122275833,NORMAL,47.5,48.5,53.0,17.66865,80.87403,GDBDCL_2026-04-25T13:00:00+0000_45.3234
GDBDCL,Godavari at Bhadrachalam,Godavari,2026-04-25 14:00:00+00:00,45.36194731266505,NORMAL,47.5,48.5,53.0,17.66865,80.87403,GDBDCL_2026-04-25T14:00:00+0000_45.3619
GDBDCL,Godavari at Bhadrachalam,Godavari,2026-04-25 15:00:00+00:00,45.34644994119111,NORMAL,47.5,48.5,53.0,17.66865,80.87403,GDBDCL_2026-04-25T15:00:00+0000_45.3464
GDBDCL,Godavari at Bhadrachalam,Godavari,2026-04-25 16:00:00+00:00,45.347014554923206,NORMAL,47.5,48.5,53.0,17.66865,80.87403,GDBDCL_2026-04-25T16:00:00+0000_45.3470
GDBDCL,Godavari at Bhadrachalam,Godavari,2026-04-25 17:00:00+00:00,45.36932753485675,NORMAL,47.5,48.5,53.0,17.66865,80.87403,GDBDCL_2026-04-25T17:00:00+0000_45.3693
GDBDCL,Godavari at Bhadrachalam,Godavari,2026-04-25 18:00:00+00:00,45.46284334066228,NORMAL,47.5,48.5,53.0,17.66865,80.87403,GDBDCL_2026-04-25T18:00:00+0000_45.4628
GDBDCL,Godavari at Bhadrachalam,Godavari,2026-04-25 19:00:00+00:00,45.44718385483343,NORMAL,47.5,48.5,53.0,17.66865,80.87403,GDBDCL_2026-04-25T19:00:00+0000_45.4472
GDBDCL,Godavari at Bhadrachalam,Godavari,2026-04-25 20:00:00+00:00,45.5234938919291,NORMAL,47.5,48.5,53.0,17.66865,80.87403,GDBDCL_2026-04-25T20:00:00+0000_45.5235
GDBDCL,Godavari at Bhadrachalam,Godavari,2026-04-25 21:00:00+00:00,45.5436667912716,NORMAL,47.5,48.5,53.0,17.66865,80.87403,GDBDCL_2026-04-25T21:00:00+0000_45.5437
GDBDCL,Godavari at Bhadrachalam,Godavari,2026-04-25 22:00:00+00:00,45.584744088658304,NORMAL,47.5,48.5,53.0,17.66865,80.87403,GDBDCL_2026-04-25T22:00:00+0000_45.5847
GDBDCL,Godavari at Bhadrachalam,Godavari,2026-04-25 23:00:00+00:00,45.62380271051475,NORMAL,47.5,48.5,53.0,17.66865,80.87403,GDBDCL_2026-04-25T23:00:00+0000_45.6238
GDBDCL,Godavari at Bhadrachalam,Godavari,2026-04-26 00:00:00+00:00,45.63830489072559,NORMAL,47.5,48.5,53.0,17.66865,80.87403,GDBDCL_2026-04-26T00:00:00+0000_45.6383
GDBDCL,Godavari at Bhadrachalam,Godavari,2026-04-26 01:00:00+00:00,45.61330039544109,NORMAL,47.5,48.5,53.0,17.66865,80.87403,GDBDCL_2026-04-26T01:00:00+0000_45.6133
GDBDCL,Godavari at Bhadrachalam,Godavari,2026-04-26 02:00:00+00:00,45.67468759681877,NORMAL,47.5,48.5,53.0,17.66865,80.87403,GDBDCL_2026-04-26T02:00:00+0000_45.6747
GDBDCL,Godavari at Bhadrachalam,Godavari,2026-04-26 03:00:00+00:00,45.625518748390505,NORMAL,47.5,48.5,53.0,17.66865,80.87403,GDBDCL_2026-04-26T03:00:00+0000_45.6255
GDBDCL,Godavari at Bhadrachalam,Godavari,2026-04-26 04:00:00+00:00,45.63375041184152,NORMAL,47.5,48.5,53.0,17.66865,80.87403,GDBDCL_2026-04-26T04:00:00+0000_45.6338
GDBDCL,Godavari at Bhadrachalam,Godavari,2026-04-26 05:00:00+00:00,45.55589214889252,NORMAL,47.5,48.5,53.0,17.66865,80.87403,GDBDCL_2026-04-26T05:00:00+0000_45.5559
GDBDCL,Godavari at Bhadrachalam,Godavari,2026-04-26 06:00:00+00:00,45.53526079159182,NORMAL,47.5,48.5,53.0,17.66865,80.87403,GDBDCL_2026-04-26T06:00:00+0000_45.5353
GDBDCL,Godavari at Bhadrachalam,Godavari,2026-04-26 07:00:00+00:00,45.501859813555726,NORMAL,47.5,48.5,53.0,17.66865,80.87403,GDBDCL_2026-04-26T07:00:00+0000_45.5019
GDBDCL,Godavari at Bhadrachalam,Godavari,2026-04-26 08:00:00+00:00,45.49453924759965,NORMAL,47.5,48.5,53.0,17.66865,80.87403,GDBDCL_2026-04-26T08:00:00+0000_45.4945
GDBDCL,Godavari at Bhadrachalam,Godavari,2026-04-26 09:00:00+00:00,45.3947791394289,NORMAL,47.5,48.5,53.0,17.66865,80.87403,GDBDCL_2026-04-26T09:00:00+0000_45.3948
GDBDCL,Godavari at Bhadrachalam,Godavari,2026-04-26 10:00:00+00:00,45.42241600001733,NORMAL,47.5,48.5,53.0,17.66865,80.87403,GDBDCL_2026-04-26T10:00:00+0000_45.4224
GDBDCL,Godavari at Bhadrachalam,Godavari,2026-04-26 11:00:00+00:00,45.4212813717519,NORMAL,47.5,48.5,53.0,17.66865,80.87403,GDBDCL_2026-04-26T11:00:00+0000_45.4213
GDBDCL,Godavari at Bhadrachalam,Godavari,2026-04-26 12:00:00+00:00,45.34085751647133,NORMAL,47.5,48.5,53.0,17.66865,80.87403,GDBDCL_2026-04-26T12:00:00+0000_45.3409
GDBDCL,Godavari at Bhadrachalam,Godavari,2026-04-26 13:00:00+00:00,45.31350098083065,NORMAL,47.5,48.5,53.0,17.66865,80.87403,GDBDCL_2026-04-26T13:00:00+0000_45.3135
GDBDCL,Godavari at Bhadrachalam,Godavari,2026-04-26 14:00:00+00:00,45.37946990718978,NORMAL,47.5,48.5,53.0,17.66865,80.87403,GDBDCL_2026-04-26T14:00:00+0000_45.3795
GDBDCL,Godavari at Bhadrachalam,Godavari,2026-04-26 15:00:00+00:00,45.356349103381405,NORMAL,47.5,48.5,53.0,17.66865,80.87403,GDBDCL_2026-04-26T15:00:00+0000_45.3563
GDBDCL,Godavari at Bhadrachalam,Godavari,2026-04-26 16:00:00+00:00,45.37053053603303,NORMAL,47.5,48.5,53.0,17.66865,80.87403,GDBDCL_2026-04-26T16:00:00+0000_45.3705
GDBDCL,Godavari at Bhadrachalam,Godavari,2026-04-26 17:00:00+00:00,45.38280532939512,NORMAL,47.5,48.5,53.0,17.66865,80.87403,GDBDCL_2026-04-26T17:00:00+0000_45.3828
GDBDCL,Godavari at Bhadrachalam,Godavari,2026-04-26 18:00:00+00:00,45.39717778968509,NORMAL,47.5,48.5,53.0,17.66865,80.87403,GDBDCL_2026-04-26T18:00:00+0000_45.3972
GDBDCL,Godavari at Bhadrachalam,Godavari,2026-04-26 19:00:00+00:00,45.45999658081937,NORMAL,47.5,48.5,53.0,17.66865,80.87403,GDBDCL_2026-04-26T19:00:00+0000_45.4600
GDBDCL,Godavari at Bhadrachalam,Godavari,2026-04-26 20:00:00+00:00,45.46059646894676,NORMAL,47.5,48.5,53.0,17.66865,80.87403,GDBDCL_2026-04-26T20:00:00+0000_45.4606
GDBDCL,Godavari at Bhadrachalam,Godavari,2026-04-26 21:00:00+00:00,45.51134825021359,NORMAL,47.5,48.5,53.0,17.66865,80.87403,GDBDCL_2026-04-26T21:00:00+0000_45.5113
GDBDCL,Godavari at Bhadrachalam,Godavari,2026-04-26 22:00:00+00:00,45.55344681038581,NORMAL,47.5,48.5,53.0,17.66865,80.87403,GDBDCL_2026-04-26T22:00:00+0000_45.5534
GDBDCL,Godavari at Bhadrachalam,Godavari,2026-04-26 23:00:00+00:00,45.61988642958776,NORMAL,47.5,48.5,53.0,17.66865,80.87403,GDBDCL_2026-04-26T23:00:00+0000_45.6199
GDBDCL,Godavari at Bhadrachalam,Godavari,2026-04-27 00:00:00+00:00,45.60582868272408,NORMAL,47.5,48.5,53.0,17.66865,80.87403,GDBDCL_2026-04-27T00:00:00+0000_45.6058
GDBDCL,Godavari at Bhadrachalam,Godavari,2026-04-27 01:00:00+00:00,45.63073725254851,NORMAL,47.5,48.5,53.0,17.66865,80.87403,GDBDCL_2026-04-27T01:00:00+0000_45.6307
GDBDCL,Godavari at Bhadrachalam,Godavari,2026-04-27 02:00:00+00:00,45.65398983789322,NORMAL,47.5,48.5,53.0,17.66865,80.87403,GDBDCL_2026-04-27T02:00:00+0000_45.6540
GDBDCL,Godavari at Bhadrachalam,Godavari,2026-04-27 03:00:00+00:00,45.59490792614593,NORMAL,47.5,48.5,53.0,17.66865,80.87403,GDBDCL_2026-04-27T03:00:00+0000_45.5949
GDBDCL,Godavari at Bhadrachalam,Godavari,2026-04-27 04:00:00+00:00,45.62302391982918,NORMAL,47.5,48.5,53.0,17.66865,80.87403,GDBDCL_2026-04-27T04:00:00+0000_45.6230
GDBDCL,Godavari at Bhadrachalam,Godavari,2026-04-27 05:00:00+00:00,45.54446249982899,NORMAL,47.5,48.5,53.0,17.66865,80.87403,GDBDCL_2026-04-27T05:00:00+0000_45.5445
GDBDCL,Godavari at Bhadrachalam,Godavari,2026-04-27 06:00:00+00:00,45.50598178528193,NORMAL,47.5,48.5,53.0,17.66865,80.87403,GDBDCL_2026-04-27T06:00:00+0000_45.5060
GDBDCL,Godavari at Bhadrachalam,Godavari,2026-04-27 07:00:00+00:00,45.47952334505501,NORMAL,47.5,48.5,53.0,17.66865,80.87403,GDBDCL_2026-04-27T07:00:00+0000_45.4795
GDBDCL,Godavari at Bhadrachalam,Godavari,2026-04-27 08:00:00+00:00,45.46292075407604,NORMAL,47.5,48.5,53.0,17.66865,80.87403,GDBDCL_2026-04-27T08:00:00+0000_45.4629
GDBDCL,Godavari at Bhadrachalam,Godavari,2026-04-27 09:00:00+00:00,45.42724371536,NORMAL,47.5,48.5,53.0,17.66865,80.87403,GDBDCL_2026-04-27T09:00:00+0000_45.4272
GDBDCL,Godavari at Bhadrachalam,Godavari,2026-04-27 10:00:00+00:00,45.457944457291255,NORMAL,47.5,48.5,53.0,17.66865,80.87403,GDBDCL_2026-04-27T10:00:00+0000_45.4579
GDBDCL,Godavari at Bhadrachalam,Godavari,2026-04-27 11:00:00+00:00,45.42876820748306,NORMAL,47.5,48.5,53.0,17.66865,80.87403,GDBDCL_2026-04-27T11:00:00+0000_45.4288
GDBDCL,Godavari at Bhadrachalam,Godavari,2026-04-27 12:00:00+00:00,45.33827656241986,NORMAL,47.5,48.5,53.0,17.66865,80.87403,GDBDCL_2026-04-27T12:00:00+0000_45.3383
GDBDCL,Godavari at Bhadrachalam,Godavari,2026-04-27 13:00:00+00:00,45.37642765858372,NORMAL,47.5,48.5,53.0,17.66865,80.87403,GDBDCL_2026-04-27T13:00:00+0000_45.3764
GDBDCL,Godavari at Bhadrachalam,Godavari,2026-04-27 14:00:00+00:00,45.32550854509189,NORMAL,47.5,48.5,53.0,17.66865,80.87403,GDBDCL_2026-04-27T14:00:00+0000_45.3255
GDBDCL,Godavari at Bhadrachalam,Godavari,2026-04-27 15:00:00+00:00,45.40528230698112,NORMAL,47.5,48.5,53.0,17.66865,80.87403,GDBDCL_2026-04-27T15:00:00+0000_45.4053
GDBDCL,Godavari at Bhadrachalam,Godavari,2026-04-27 16:00:00+00:00,45.358128870634246,NORMAL,47.5,48.5,53.0,17.66865,80.87403,GDBDCL_2026-04-27T16:00:00+0000_45.3581
GDBDCL,Godavari at Bhadrachalam,Godavari,2026-04-27 17:00:00+00:00,45.38867757986189,NORMAL,47.5,48.5,53.0,17.66865,80.87403,GDBDCL_2026-04-27T17:00:00+0000_45.3887
GDBDCL,Godavari at Bhadrachalam,Godavari,2026-04-27 18:00:00+00:00,45.477439229454106,NORMAL,47.5,48.5,53.0,17.66865,80.87403,GDBDCL_2026-04-27T18:00:00+0000_45.4774
GDBDCL,Godavari at Bhadrachalam,Godavari,2026-04-27 19:00:00+00:00,45.490864176671465,NORMAL,47.5,48.5,53.0,17.66865,80.87403,GDBDCL_2026-04-27T19:00:00+0000_45.4909
GDBDCL,Godavari at Bhadrachalam,Godavari,2026-04-27 20:00:00+00:00,45.47039186152441,NORMAL,47.5,48.5,53.0,17.66865,80.87403,GDBDCL_2026-04-27T20:00:00+0000_45.4704
GDBDCL,Godavari at Bhadrachalam,Godavari,2026-04-27 21:00:00+00:00,45.5792111816774,NORMAL,47.5,48.5,53.0,17.66865,80.87403,GDBDCL_2026-04-27T21:00:00+0000_45.5792
GDBDCL,Godavari at Bhadrachalam,Godavari,2026-04-27 22:00:00+00:00,45.54221949744564,NORMAL,47.5,48.5,53.0,17.66865,80.87403,GDBDCL_2026-04-27T22:00:00+0000_45.5422
GDBDCL,Godavari at Bhadrachalam,Godavari,2026-04-27 23:00:00+00:00,45.5775490569211,NORMAL,47.5,48.5,53.0,17.66865,80.87403,GDBDCL_2026-04-27T23:00:00+0000_45.5775
GDBDCL,Godavari at Bhadrachalam,Godavari,2026-04-28 00:00:00+00:00,45.62699576993328,NORMAL,47.5,48.5,53.0,17.66865,80.87403,GDBDCL_2026-04-28T00:00:00+0000_45.6270
GDBDCL,Godavari at Bhadrachalam,Godavari,2026-04-28 01:00:00+00:00,45.642680610577806,NORMAL,47.5,48.5,53.0,17.66865,80.87403,GDBDCL_2026-04-28T01:00:00+0000_45.6427
GDBDCL,Godavari at Bhadrachalam,Godavari,2026-04-28 02:00:00+00:00,45.63340365413418,NORMAL,47.5,48.5,53.0,17.66865,80.87403,GDBDCL_2026-04-28T02:00:00+0000_45.6334
GDBDCL,Godavari at Bhadrachalam,Godavari,2026-04-28 03:00:00+00:00,45.60224691716122,NORMAL,47.5,48.5,53.0,17.66865,80.87403,GDBDCL_2026-04-28T03:00:00+0000_45.6022
GDBDCL,Godavari at Bhadrachalam,Godavari,2026-04-28 04:00:00+00:00,45.6053951975937,NORMAL,47.5,48.5,53.0,17.66865,80.87403,GDBDCL_2026-04-28T04:00:00+0000_45.6054
GDBDCL,Godavari at Bhadrachalam,Godavari,2026-04-28 05:00:00+00:00,45.5731906347198,NORMAL,47.5,48.5,53.0,17.66865,80.87403,GDBDCL_2026-04-28T05:00:00+0000_45.5732
GDBDCL,Godavari at Bhadrachalam,Godavari,2026-04-28 06:00:00+00:00,45.60507057282767,NORMAL,47.5,48.5,53.0,17.66865,80.87403,GDBDCL_2026-04-28T06:00:00+0000_45.6051
GDBDCL,Godavari at Bhadrachalam,Godavari,2026-04-28 07:00:00+00:00,45.50800436344525,NORMAL,47.5,48.5,53.0,17.66865,80.87403,GDBDCL_2026-04-28T07:00:00+0000_45.5080
GDBDCL,Godavari at Bhadrachalam,Godavari,2026-04-28 08:00:00+00:00,45.53090628936289,NORMAL,47.5,48.5,53.0,17.66865,80.87403,GDBDCL_2026-04-28T08:00:00+0000_45.5309
GDBDCL,Godavari at Bhadrachalam,Godavari,2026-04-28 09:00:00+00:00,45.47215376432018,NORMAL,47.5,48.5,53.0,17.66865,80.87403,GDBDCL_2026-04-28T09:00:00+0000_45.4722
GDBDCL,Godavari at Bhadrachalam,Godavari,2026-04-28 10:00:00+00:00,45.40915389807001,NORMAL,47.5,48.5,53.0,17.66865,80.87403,GDBDCL_2026-04-28T10:00:00+0000_45.4092
GDBDCL,Godavari at Bhadrachalam,Godavari,2026-04-28 11:00:00+00:00,45.39891764257343,NORMAL,47.5,48.5,53.0,17.66865,80.87403,GDBDCL_2026-04-28T11:00:00+0000_45.3989
GDBDCL,Godavari at Bhadrachalam,Godavari,2026-04-28 12:00:00+00:00,45.41765915379468,NORMAL,47.5,48.5,53.0,17.66865,80.87403,GDBDCL_2026-04-28T12:00:00+0000_45.4177
GDBDCL,Godavari at Bhadrachalam,Godavari,2026-04-28 13:00:00+00:00,45.39107871962847,NORMAL,47.5,48.5,53.0,17.66865,80.87403,GDBDCL_2026-04-28T13:00:00+0000_45.3911
GDBDCL,Godavari at Bhadrachalam,Godavari,2026-04-28 14:00:00+00:00,45.3759329638762,NORMAL,47.5,48.5,53.0,17.66865,80.87403,GDBDCL_2026-04-28T14:00:00+0000_45.3759
GDBDCL,Godavari at Bhadrachalam,Godavari,2026-04-28 15:00:00+00:00,45.40558044008353,NORMAL,47.5,48.5,53.0,17.66865,80.87403,GDBDCL_2026-04-28T15:00:00+0000_45.4056
GDBDCL,Godavari at Bhadrachalam,Godavari,2026-04-28 16:00:00+00:00,45.37584969215116,NORMAL,47.5,48.5,53.0,17.66865,80.87403,GDBDCL_2026-04-28T16:00:00+0000_45.3758
GDBDCL,Godavari at Bhadrachalam,Godavari,2026-04-28 17:00:00+00:00,45.42014936692247,NORMAL,47.5,48.5,53.0,17.66865,80.87403,GDBDCL_2026-04-28T17:00:00+0000_45.4201
GDBDCL,Godavari at Bhadrachalam,Godavari,2026-04-28 18:00:00+00:00,45.43284369220286,NORMAL,47.5,48.5,53.0,17.66865,80.87403,GDBDCL_2026-04-28T18:00:00+0000_45.4328
GDBDCL,Godavari at Bhadrachalam,Godavari,2026-04-28 19:00:00+00:00,45.4874130532769,NORMAL,47.5,48.5,53.0,17.66865,80.87403,GDBDCL_2026-04-28T19:00:00+0000_45.4874
GDBDCL,Godavari at Bhadrachalam,Godavari,2026-04-28 20:00:00+00:00,45.47858154528225,NORMAL,47.5,48.5,53.0,17.66865,80.87403,GDBDCL_2026-04-28T20:00:00+0000_45.4786
GDBDCL,Godavari at Bhadrachalam,Godavari,2026-04-28 21:00:00+00:00,45.538699699456544,NORMAL,47.5,48.5,53.0,17.66865,80.87403,GDBDCL_2026-04-28T21:00:00+0000_45.5387
GDBDCL,Godavari at Bhadrachalam,Godavari,2026-04-28 22:00:00+00:00,45.60468920569292,NORMAL,47.5,48.5,53.0,17.66865,80.87403,GDBDCL_2026-04-28T22:00:00+0000_45.6047
GDBDCL,Godavari at Bhadrachalam,Godavari,2026-04-28 23:00:00+00:00,45.621686608619854,NORMAL,47.5,48.5,53.0,17.66865,80.87403,GDBDCL_2026-04-28T23:00:00+0000_45.6217
GDBDCL,Godavari at Bhadrachalam,Godavari,2026-04-29 00:00:00+00:00,45.619243216388575,NORMAL,47.5,48.5,53.0,17.66865,80.87403,GDBDCL_2026-04-29T00:00:00+0000_45.6192
GDBDCL,Godavari at Bhadrachalam,Godavari,2026-04-29 01:00:00+00:00,45.64364625254864,NORMAL,47.5,48.5,53.0,17.66865,80.87403,GDBDCL_2026-04-29T01:00:00+0000_45.6436
GDBDCL,Godavari at Bhadrachalam,Godavari,2026-04-29 02:00:00+00:00,45.59893261333653,NORMAL,47.5,48.5,53.0,17.66865,80.87403,GDBDCL_2026-04-29T02:00:00+0000_45.5989
GDBDCL,Godavari at Bhadrachalam,Godavari,2026-04-29 03:00:00+00:00,45.663178139525,NORMAL,47.5,48.5,53.0,17.66865,80.87403,GDBDCL_2026-04-29T03:00:00+0000_45.6632
GDBDCL,Godavari at Bhadrachalam,Godavari,2026-04-29 04:00:00+00:00,49.27769786936527,DANGER,47.5,48.5,53.0,17.66865,80.87403,GDBDCL_2026-04-29T04:00:00+0000_49.2777
GDBDCL,Godavari at Bhadrachalam,Godavari,2026-04-29 05:00:00+00:00,48.89323072791139,DANGER,47.5,48.5,53.0,17.66865,80.87403,GDBDCL_2026-04-29T05:00:00+0000_48.8932
GDBDCL,Godavari at Bhadrachalam,Godavari,2026-04-29 06:00:00+00:00,45.60805854504131,NORMAL,47.5,48.5,53.0,17.66865,80.87403,GDBDCL_2026-04-29T06:00:00+0000_45.6081
GDBDCL,Godavari at Bhadrachalam,Godavari,2026-04-29 07:00:00+00:00,45.48981128238357,NORMAL,47.5,48.5,53.0,17.66865,80.87403,GDBDCL_2026-04-29T07:00:00+0000_45.4898
GDBDCL,Godavari at Bhadrachalam,Godavari,2026-04-29 08:00:00+00:00,45.47543813204448,NORMAL,47.5,48.5,53.0,17.66865,80.87403,GDBDCL_2026-04-29T08:00:00+0000_45.4754
GDBDCL,Godavari at Bhadrachalam,Godavari,2026-04-29 09:00:00+00:00,45.473572000557255,NORMAL,47.5,48.5,53.0,17.66865,80.87403,GDBDCL_2026-04-29T09:00:00+0000_45.4736
GDBDCL,Godavari at Bhadrachalam,Godavari,2026-04-29 10:00:00+00:00,45.39036572412852,NORMAL,47.5,48.5,53.0,17.66865,80.87403,GDBDCL_2026-04-29T10:00:00+0000_45.3904
GDBDCL,Godavari at Bhadrachalam,Godavari,2026-04-29 11:00:00+00:00,45.356579532568055,NORMAL,47.5,48.5,53.0,17.66865,80.87403,GDBDCL_2026-04-29T11:00:00+0000_45.3566
GDBDCL,Godavari at Bhadrachalam,Godavari,2026-04-29 12:00:00+00:00,45.36184021097463,NORMAL,47.5,48.5,53.0,17.66865,80.87403,GDBDCL_2026-04-29T12:00:00+0000_45.3618
GDBDCL,Godavari at Bhadrachalam,Godavari,2026-04-29 13:00:00+00:00,45.4063111233009,NORMAL,47.5,48.5,53.0,17.66865,80.87403,GDBDCL_2026-04-29T13:00:00+0000_45.4063
GDBDCL,Godavari at Bhadrachalam,Godavari,2026-04-29 14:00:00+00:00,45.400547691792674,NORMAL,47.5,48.5,53.0,17.66865,80.87403,GDBDCL_2026-04-29T14:00:00+0000_45.4005
GDBDCL,Godavari at Bhadrachalam,Godavari,2026-04-29 15:00:00+00:00,45.39316682564013,NORMAL,47.5,48.5,53.0,17.66865,80.87403,GDBDCL_2026-04-29T15:00:00+0000_45.3932
GDBDCL,Godavari at Bhadrachalam,Godavari,2026-04-29 16:00:00+00:00,45.40304910044232,NORMAL,47.5,48.5,53.0,17.66865,80.87403,GDBDCL_2026-04-29T16:00:00+0000_45.4030
GDBDCL,Godavari at Bhadrachalam,Godavari,2026-04-29 17:00:00+00:00,45.44362964708664,NORMAL,47.5,48.5,53.0,17.66865,80.87403,GDBDCL_2026-04-29T17:00:00+0000_45.4436
GDBDCL,Godavari at Bhadrachalam,Godavari,2026-04-29 18:00:00+00:00,45.41524471002863,NORMAL,47.5,48.5,53.0,17.66865,80.87403,GDBDCL_2026-04-29T18:00:00+0000_45.4152
GDBDCL,Godavari at Bhadrachalam,Godavari,2026-04-29 19:00:00+00:00,,,47.5,48.5,53.0,17.66865,80.87403,GDBDCL_2026-04-29T19:00:00+0000_
GDBDCL,Godavari at Bhadrachalam,Godavari,2026-04-29 20:00:00+00:00,45.5296964587366,NORMAL,47.5,48.5,53.0,17.66865,80.87403,GDBDCL_2026-04-29T20:00:00+0000_45.5297
GDBDCL,Godavari at Bhadrachalam,Godavari,2026-04-29 21:00:00+00:00,45.60384746851356,NORMAL,47.5,48.5,53.0,17.66865,80.87403,GDBDCL_2026-04-29T21:00:00+0000_45.6038
GDBDCL,Godavari at Bhadrachalam,Godavari,2026-04-29 22:00:00+00:00,45.6309484886468,NORMAL,47.5,48.5,53.0,17.66865,80.87403,GDBDCL_2026-04-29T22:00:00+0000_45.6309
GDBDCL,Godavari at Bhadrachalam,Godavari,2026-04-29 23:00:00+00:00,45.63601146241097,NORMAL,47.5,48.5,53.0,17.66865,80.87403,GDBDCL_2026-04-29T23:00:00+0000_45.6360
GDBDCL,Godavari at Bhadrachalam,Godavari,2026-04-30 00:00:00+00:00,45.67477476532428,NORMAL,47.5,48.5,53.0,17.66865,80.87403,GDBDCL_2026-04-30T00:00:00+0000_45.6748
GDBDCL,Godavari at Bhadrachalam,Godavari,2026-04-30 01:00:00+00:00,45.62333422224609,NORMAL,47.5,48.5,53.0,17.66865,80.87403,GDBDCL_2026-04-30T01:00:00+0000_45.6233
GDBDCL,Godavari at Bhadrachalam,Godavari,2026-04-30 02:00:00+00:00,45.65989452832122,NORMAL,47.5,48.5,53.0,17.66865,80.87403,GDBDCL_2026-04-30T02:00:00+0000_45.6599
GDBDCL,Godavari at Bhadrachalam,Godavari,2026-04-30 03:00:00+00:00,45.68932161035475,NORMAL,47.5,48.5,53.0,17.66865,80.87403,GDBDCL_2026-04-30T03:00:00+0000_45.6893
GDBDCL,Godavari at Bhadrachalam,Godavari,2026-04-30 04:00:00+00:00,45.662195607231965,NORMAL,47.5,48.5,53.0,17.66865,80.87403,GDBDCL_2026-04-30T04:00:00+0000_45.6622
GDBDCL,Godavari at Bhadrachalam,Godavari,2026-04-30 05:00:00+00:00,45.606997383052445,NORMAL,47.5,48.5,53.0,17.66865,80.87403,GDBDCL_2026-04-30T05:00:00+0000_45.6070
GDBDCL,Godavari at Bhadrachalam,Godavari,2026-04-30 06:00:00+00:00,45.59264176749348,NORMAL,47.5,48.5,53.0,17.66865,80.87403,GDBDCL_2026-04-30T06:00:00+0000_45.5926
GDBDCL,Godavari at Bhadrachalam,Godavari,2026-04-30 07:00:00+00:00,45.491438456296486,NORMAL,47.5,48.5,53.0,17.66865,80.87403,GDBDCL_2026-04-30T07:00:00+0000_45.4914
GDBDCL,Godavari at Bhadrachalam,Godavari,2026-04-30 08:00:00+00:00,45.46637767518226,NORMAL,47.5,48.5,53.0,17.66865,80.87403,GDBDCL_2026-04-30T08:00:00+0000_45.4664
GDBDCL,Godavari at Bhadrachalam,Godavari,2026-04-30 09:00:00+00:00,45.48281186981399,NORMAL,47.5,48.5,53.0,17.66865,80.87403,GDBDCL_2026-04-30T09:00:00+0000_45.4828
GDBDCL,Godavari at Bhadrachalam,Godavari,2026-04-30 10:00:00+00:00,45.47748788150352,NORMAL,47.5,48.5,53.0,17.66865,80.87403,GDBDCL_2026-04-30T10:00:00+0000_45.4775
GDBDCL,Godavari at Bhadrachalam,Godavari,2026-04-30 11:00:00+00:00,45.42581344942399,NORMAL,47.5,48.5,53.0,17.66865,80.87403,GDBDCL_2026-04-30T11:00:00+0000_45.4258
GDBDCL,Godavari at Bhadrachalam,Godavari,2026-04-30 12:00:00+00:00,45.34649009228498,NORMAL,47.5,48.5,53.0,17.66865,80.87403,GDBDCL_2026-04-30T12:00:00+0000_45.3465
GDBDCL,Godavari at Bhadrachalam,Godavari,2026-04-30 13:00:00+00:00,45.42056200913798,NORMAL,47.5,48.5,53.0,17.66865,80.87403,GDBDCL_2026-04-30T13:00:00+0000_45.4206
GDBDCL,Godavari at Bhadrachalam,Godavari,2026-04-30 14:00:00+00:00,45.38502560604671,NORMAL,47.5,48.5,53.0,17.66865,80.87403,GDBDCL_2026-04-30T14:00:00+0000_45.3850
GDBDCL,Godavari at Bhadrachalam,Godavari,2026-04-30 15:00:00+00:00,45.364525233722496,NORMAL,47.5,48.5,53.0,17.66865,80.87403,GDBDCL_2026-04-30T15:00:00+0000_45.3645
GDBDCL,Godavari at Bhadrachalam,Godavari,2026-04-30 16:00:00+00:00,45.40024342637593,NORMAL,47.5,48.5,53.0,17.66865,80.87403,GDBDCL_2026-04-30T16:00:00+0000_45.4002
GDBDCL,Godavari at Bhadrachalam,Godavari,2026-04-30 17:00:00+00:00,45.43726528516245,NORMAL,47.5,48.5,53.0,17.66865,80.87403,GDBDCL_2026-04-30T17:00:00+0000_45.4373
GDBDCL,Godavari at Bhadrachalam,Godavari,2026-04-30 18:00:00+00:00,45.48169794872285,NORMAL,47.5,48.5,53.0,17.66865,80.87403,GDBDCL_2026-04-30T18:00:00+0000_45.4817
GDBDCL,Godavari at Bhadrachalam,Godavari,2026-04-30 19:00:00+00:00,45.538698429133575,NORMAL,47.5,48.5,53.0,17.66865,80.87403,GDBDCL_2026-04-30T19:00:00+0000_45.5387
GDBDCL,Godavari at Bhadrachalam,Godavari,2026-04-30 20:00:00+00:00,45.55248209173924,NORMAL,47.5,48.5,53.0,17.66865,80.87403,GDBDCL_2026-04-30T20:00:00+0000_45.5525
GDBDCL,Godavari at Bhadrachalam,Godavari,2026-04-30 21:00:00+00:00,45.59191283569742,NORMAL,47.5,48.5,53.0,17.66865,80.87403,GDBDCL_2026-04-30T21:00:00+0000_45.5919
GDBDCL,Godavari at Bhadrachalam,Godavari,2026-04-30 22:00:00+00:00,45.613239235086205,NORMAL,47.5,48.5,53.0,17.66865,80.87403,GDBDCL_2026-04-30T22:00:00+0000_45.6132
GDBDCL,Godavari at Bhadrachalam,Godavari,2026-04-30 23:00:00+00:00,45.65372032463141,NORMAL,47.5,48.5,53.0,17.66865,80.87403,GDBDCL_2026-04-30T23:00:00+0000_45.6537
GDBDCL,Godavari at Bhadrachalam,Godavari,2026-05-01 00:00:00+00:00,45.60015451903579,NORMAL,47.5,48.5,53.0,17.66865,80.87403,GDBDCL_2026-05-01T00:00:00+0000_45.6002
GDBDCL,Godavari at Bhadrachalam,Godavari,2026-05-01 01:00:00+00:00,45.70161770187924,NORMAL,47.5,48.5,53.0,17.66865,80.87403,GDBDCL_2026-05-01T01:00:00+0000_45.7016
GDBDCL,Godavari at Bhadrachalam,Godavari,2026-05-01 02:00:00+00:00,45.62354475188168,NORMAL,47.5,48.5,53.0,17.66865,80.87403,GDBDCL_2026-05-01T02:00:00+0000_45.6235
GDBDCL,Godavari at Bhadrachalam,Godavari,2026-05-01 03:00:00+00:00,45.62333433824829,NORMAL,47.5,48.5,53.0,17.66865,80.87403,GDBDCL_2026-05-01T03:00:00+0000_45.6233
GDBDCL,Godavari at Bhadrachalam,Godavari,2026-05-01 04:00:00+00:00,45.67118509746764,NORMAL,47.5,48.5,53.0,17.66865,80.87403,GDBDCL_2026-05-01T04:00:00+0000_45.6712
GDBDCL,Godavari at Bhadrachalam,Godavari,2026-05-01 05:00:00+00:00,45.60204293462596,NORMAL,47.5,48.5,53.0,17.66865,80.87403,GDBDCL_2026-05-01T05:00:00+0000_45.6020
GDBDCL,Godavari at Bhadrachalam,Godavari,2026-05-01 06:00:00+00:00,45.52602325351892,NORMAL,47.5,48.5,53.0,17.66865,80.87403,GDBDCL_2026-05-01T06:00:00+0000_45.5260
GDBDCL,Godavari at Bhadrachalam,Godavari,2026-05-01 07:00:00+00:00,45.58575372666328,NORMAL,47.5,48.5,53.0,17.66865,80.87403,GDBDCL_2026-05-01T07:00:00+0000_45.5858
GDBDCL,Godavari at Bhadrachalam,Godavari,2026-05-01 08:00:00+00:00,45.52340862031768,NORMAL,47.5,48.5,53.0,17.66865,80.87403,GDBDCL_2026-05-01T08:00:00+0000_45.5234
GDBDCL,Godavari at Bhadrachalam,Godavari,2026-05-01 09:00:00+00:00,45.4532178743368,NORMAL,47.5,48.5,53.0,17.66865,80.87403,GDBDCL_2026-05-01T09:00:00+0000_45.4532
GDBDCL,Godavari at Bhadrachalam,Godavari,2026-05-01 10:00:00+00:00,45.40426572757485,NORMAL,47.5,48.5,53.0,17.66865,80.87403,GDBDCL_2026-05-01T10:00:00+0000_45.4043
GDBDCL,Godavari at Bhadrachalam,Godavari,2026-05-01 11:00:00+00:00,45.35999889485033,NORMAL,47.5,48.5,53.0,17.66865,80.87403,GDBDCL_2026-05-01T11:00:00+0000_45.3600
GDBDCL,Godavari at Bhadrachalam,Godavari,2026-05-01 12:00:00+00:00,45.3417971004299,NORMAL,47.5,48.5,53.0,17.66865,80.87403,GDBDCL_2026-05-01T12:00:00+0000_45.3418
GDBDCL,Godavari at Bhadrachalam,Godavari,2026-05-01 13:00:00+00:00,45.35962927424877,NORMAL,47.5,48.5,53.0,17.66865,80.87403,GDBDCL_2026-05-01T13:00:00+0000_45.3596
GDBDCL,Godavari at Bhadrachalam,Godavari,2026-05-01 14:00:00+00:00,45.34177698686656,NORMAL,47.5,48.5,53.0,17.66865,80.87403,GDBDCL_2026-05-01T14:00:00+0000_45.3418
GDBDCL,Godavari at Bhadrachalam,Godavari,2026-05-01 15:00:00+00:00,45.35864602957289,NORMAL,47.5,48.5,53.0,17.66865,80.87403,GDBDCL_2026-05-01T15:00:00+0000_45.3586
GDBDCL,Godavari at Bhadrachalam,Godavari,2026-05-01 16:00:00+00:00,45.38084144940065,NORMAL,47.5,48.5,53.0,17.66865,80.87403,GDBDCL_2026-05-01T16:00:00+0000_45.3808
GDBDCL,Godavari at Bhadrachalam,Godavari,2026-05-01 17:00:00+00:00,45.436941384967504,NORMAL,47.5,48.5,53.0,17.66865,80.87403,GDBDCL_2026-05-01T17:00:00+0000_45.4369
GDBDCL,Godavari at Bhadrachalam,Godavari,2026-05-01 18:00:00+00:00,45.42654413478724,NORMAL,47.5,48.5,53.0,17.66865,80.87403,GDBDCL_2026-05-01T18:00:00+0000_45.4265
GDBDCL,Godavari at Bhadrachalam,Godavari,2026-05-01 19:00:00+00:00,45.481681492884526,NORMAL,47.5,48.5,53.0,17.66865,80.87403,GDBDCL_2026-05-01T19:00:00+0000_45.4817
GDBDCL,Godavari at Bhadrachalam,Godavari,2026-05-01 20:00:00+00:00,45.54352823711971,NORMAL,47.5,48.5,53.0,17.66865,80.87403,GDBDCL_2026-05-01T20:00:00+0000_45.5435
GDBDCL,Godavari at Bhadrachalam,Godavari,2026-05-01 21:00:00+00:00,45.56599051931622,NORMAL,47.5,48.5,53.0,17.66865,80.87403,GDBDCL_2026-05-01T21:00:00+0000_45.5660
GDBDCL,Godavari at Bhadrachalam,Godavari,2026-05-01 22:00:00+00:00,45.59983402731716,NORMAL,47.5,48.5,53.0,17.66865,80.87403,GDBDCL_2026-05-01T22:00:00+0000_45.5998
GDBDCL,Godavari at Bhadrachalam,Godavari,2026-05-01 23:00:00+00:00,45.62052129225069,NORMAL,47.5,48.5,53.0,17.66865,80.87403,GDBDCL_2026-05-01T23:00:00+0000_45.6205
GDBDCL,Godavari at Bhadrachalam,Godavari,2026-05-02 00:00:00+00:00,45.69795216557752,NORMAL,47.5,48.5,53.0,17.66865,80.87403,GDBDCL_2026-05-02T00:00:00+0000_45.6980
GDBDCL,Godavari at Bhadrachalam,Godavari,2026-05-02 01:00:00+00:00,45.7133027812655,NORMAL,47.5,48.5,53.0,17.66865,80.87403,GDBDCL_2026-05-02T01:00:00+0000_45.7133
GDBDCL,Godavari at Bhadrachalam,Godavari,2026-05-02 02:00:00+00:00,45.66346183822351,NORMAL,47.5,48.5,53.0,17.66865,80.87403,GDBDCL_2026-05-02T02:00:00+0000_45.6635
GDBDCL,Godavari at Bhadrachalam,Godavari,2026-05-02 03:00:00+00:00,45.65949085740833,NORMAL,47.5,48.5,53.0,17.66865,80.87403,GDBDCL_2026-05-02T03:00:00+0000_45.6595
GDBDCL,Godavari at Bhadrachalam,Godavari,2026-05-02 04:00:00+00:00,45.643897222436856,NORMAL,47.5,48.5,53.0,17.66865,80.87403,GDBDCL_2026-05-02T04:00:00+0000_45.6439
GDBDCL,Godavari at Bhadrachalam,Godavari,2026-05-02 05:00:00+00:00,45.63383418594074,NORMAL,47.5,48.5,53.0,17.66865,80.87403,GDBDCL_2026-05-02T05:00:00+0000_45.6338
GDBDCL,Godavari at Bhadrachalam,Godavari,2026-05-02 06:00:00+00:00,45.62296505739473,NORMAL,47.5,48.5,53.0,17.66865,80.87403,GDBDCL_2026-05-02T06:00:00+0000_45.6230
GDBDCL,Godavari at Bhadrachalam,Godavari,2026-05-02 07:00:00+00:00,45.56884744531845,NORMAL,47.5,48.5,53.0,17.66865,80.87403,GDBDCL_2026-05-02T07:00:00+0000_45.5688
GDBDCL,Godavari at Bhadrachalam,Godavari,2026-05-02 08:00:00+00:00,45.55475433991087,NORMAL,47.5,48.5,53.0,17.66865,80.87403,GDBDCL_2026-05-02T08:00:00+0000_45.5548
GDBDCL,Godavari at Bhadrachalam,Godavari,2026-05-02 09:00:00+00:00,45.43492343058559,NORMAL,47.5,48.5,53.0,17.66865,80.87403,GDBDCL_2026-05-02T09:00:00+0000_45.4349
GDBDCL,Godavari at Bhadrachalam,Godavari,2026-05-02 10:00:00+00:00,45.43783716882379,NORMAL,47.5,48.5,53.0,17.66865,80.87403,GDBDCL_2026-05-02T10:00:00+0000_45.4378
GDBDCL,Godavari at Bhadrachalam,Godavari,2026-05-02 11:00:00+00:00,45.421881139771386,NORMAL,47.5,48.5,53.0,17.66865,80.87403,GDBDCL_2026-05-02T11:00:00+0000_45.4219
GDBDCL,Godavari at Bhadrachalam,Godavari,2026-05-02 12:00:00+00:00,45.40804924226027,NORMAL,47.5,48.5,53.0,17.66865,80.87403,GDBDCL_2026-05-02T12:00:00+0000_45.4080
GDBDCL,Godavari at Bhadrachalam,Godavari,2026-05-02 13:00:00+00:00,45.42168201852541,NORMAL,47.5,48.5,53.0,17.66865,80.87403,GDBDCL_2026-05-02T13:00:00+0000_45.4217
GDBDCL,Godavari at Bhadrachalam,Godavari,2026-05-02 14:00:00+00:00,45.37485837083694,NORMAL,47.5,48.5,53.0,17.66865,80.87403,GDBDCL_2026-05-02T14:00:00+0000_45.3749
GDBDCL,Godavari at Bhadrachalam,Godavari,2026-05-02 15:00:00+00:00,45.42495994247683,NORMAL,47.5,48.5,53.0,17.66865,80.87403,GDBDCL_2026-05-02T15:00:00+0000_45.4250
GDBDCL,Godavari at Bhadrachalam,Godavari,2026-05-02 16:00:00+00:00,45.45025016038466,NORMAL,47.5,48.5,53.0,17.66865,80.87403,GDBDCL_2026-05-02T16:00:00+0000_45.4503
GDBDCL,Godavari at Bhadrachalam,Godavari,2026-05-02 17:00:00+00:00,45.387440856999454,NORMAL,47.5,48.5,53.0,17.66865,80.87403,GDBDCL_2026-05-02T17:00:00+0000_45.3874
GDBDCL,Godavari at Bhadrachalam,Godavari,2026-05-02 18:00:00+00:00,45.47073005802813,NORMAL,47.5,48.5,53.0,17.66865,80.87403,GDBDCL_2026-05-02T18:00:00+0000_45.4707
GDBDCL,Godavari at Bhadrachalam,Godavari,2026-05-02 19:00:00+00:00,45.53944915478068,NORMAL,47.5,48.5,53.0,17.66865,80.87403,GDBDCL_2026-05-02T19:00:00+0000_45.5394
GDBDCL,Godavari at Bhadrachalam,Godavari,2026-05-02 20:00:00+00:00,45.52975486496501,NORMAL,47.5,48.5,53.0,17.66865,80.87403,GDBDCL_2026-05-02T20:00:00+0000_45.5298
GDBDCL,Godavari at Bhadrachalam,Godavari,2026-05-02 21:00:00+00:00,45.622943864931095,NORMAL,47.5,48.5,53.0,17.66865,80.87403,GDBDCL_2026-05-02T21:00:00+0000_45.6229
GDBDCL,Godavari at Bhadrachalam,Godavari,2026-05-02 22:00:00+00:00,45.65255975244995,NORMAL,47.5,48.5,53.0,17.66865,80.87403,GDBDCL_2026-05-02T22:00:00+0000_45.6526
GDBDCL,Godavari at Bhadrachalam,Godavari,2026-05-02 23:00:00+00:00,45.67152719912251,NORMAL,47.5,48.5,53.0,17.66865,80.87403,GDBDCL_2026-05-02T23:00:00+0000_45.6715
GDBDCL,Godavari at Bhadrachalam,Godavari,2026-05-03 00:00:00+00:00,45.69306272867938,NORMAL,47.5,48.5,53.0,17.66865,80.87403,GDBDCL_2026-05-03T00:00:00+0000_45.6931
GDBDCL,Godavari at Bhadrachalam,Godavari,2026-05-03 01:00:00+00:00,45.65554343293956,NORMAL,47.5,48.5,53.0,17.66865,80.87403,GDBDCL_2026-05-03T01:00:00+0000_45.6555
GDBDCL,Godavari at Bhadrachalam,Godavari,2026-05-03 02:00:00+00:00,45.71254243955266,NORMAL,47.5,48.5,53.0,17.66865,80.87403,GDBDCL_2026-05-03T02:00:00+0000_45.7125
GDBDCL,Godavari at Bhadrachalam,Godavari,2026-05-03 03:00:00+00:00,45.61133828250794,NORMAL,47.5,48.5,53.0,17.66865,80.87403,GDBDCL_2026-05-03T03:00:00+0000_45.6113
GDBDCL,Godavari at Bhadrachalam,Godavari,2026-05-03 04:00:00+00:00,45.61362551785414,NORMAL,47.5,48.5,53.0,17.66865,80.87403,GDBDCL_2026-05-03T04:00:00+0000_45.6136
GDBDCL,Godavari at Bhadrachalam,Godavari,2026-05-03 05:00:00+00:00,45.5710836837772,NORMAL,47.5,48.5,53.0,17.66865,80.87403,GDBDCL_2026-05-03T05:00:00+0000_45.5711
GDBDCL,Godavari at Bhadrachalam,Godavari,2026-05-03 06:00:00+00:00,45.57637831361847,NORMAL,47.5,48.5,53.0,17.66865,80.87403,GDBDCL_2026-05-03T06:00:00+0000_45.5764
GDBDCL,Godavari at Bhadrachalam,Godavari,2026-05-03 07:00:00+00:00,45.56645504547996,NORMAL,47.5,48.5,53.0,17.66865,80.87403,GDBDCL_2026-05-03T07:00:00+0000_45.5665
GDBDCL,Godavari at Bhadrachalam,Godavari,2026-05-03 08:00:00+00:00,45.46422249613458,NORMAL,47.5,48.5,53.0,17.66865,80.87403,GDBDCL_2026-05-03T08:00:00+0000_45.4642
GDBDCL,Godavari at Bhadrachalam,Godavari,2026-05-03 09:00:00+00:00,48.11324164548083,WARNING,47.5,48.5,53.0,17.66865,80.87403,GDBDCL_2026-05-03T09:00:00+0000_48.1132
GDBDCL,Godavari at Bhadrachalam,Godavari,2026-05-03 10:00:00+00:00,47.81240335331317,WARNING,47.5,48.5,53.0,17.66865,80.87403,GDBDCL_2026-05-03T10:00:00+0000_47.8124
GDBDCL,Godavari at Bhadrachalam,Godavari,2026-05-03 11:00:00+00:00,47.51975125787777,WARNING,47.5,48.5,53.0,17.66865,80.87403,GDBDCL_2026-05-03T11:00:00+0000_47.5198
GDBDCL,Godavari at Bhadrachalam,Godavari,2026-05-03 12:00:00+00:00,45.354429205175904,NORMAL,47.5,48.5,53.0,17.66865,80.87403,GDBDCL_2026-05-03T12:00:00+0000_45.3544
GDBDCL,Godavari at Bhadrachalam,Godavari,2026-05-03 13:00:00+00:00,45.421759331473865,NORMAL,47.5,48.5,53.0,17.66865,80.87403,GDBDCL_2026-05-03T13:00:00+0000_45.4218
GDBDCL,Godavari at Bhadrachalam,Godavari,2026-05-03 14:00:00+00:00,45.34569474834516,NORMAL,47.5,48.5,53.0,17.66865,80.87403,GDBDCL_2026-05-03T14:00:00+0000_45.3457
GDBDCL,Godavari at Bhadrachalam,Godavari,2026-05-03 15:00:00+00:00,45.37329119962204,NORMAL,47.5,48.5,53.0,17.66865,80.87403,GDBDCL_2026-05-03T15:00:00+0000_45.3733
GDBDCL,Godavari at Bhadrachalam,Godavari,2026-05-03 16:00:00+00:00,45.4377996765578,NORMAL,47.5,48.5,53.0,17.66865,80.87403,GDBDCL_2026-05-03T16:00:00+0000_45.4378
GDBDCL,Godavari at Bhadrachalam,Godavari,2026-05-03 17:00:00+00:00,,,47.5,48.5,53.0,17.66865,80.87403,GDBDCL_2026-05-03T17:00:00+0000_
GDBDCL,Godavari at Bhadrachalam,Godavari,2026-05-03 18:00:00+00:00,45.46759207004186,NORMAL,47.5,48.5,53.0,17.66865,80.87403,GDBDCL_2026-05-03T18:00:00+0000_45.4676
GDBDCL,Godavari at Bhadrachalam,Godavari,2026-05-03 19:00:00+00:00,45.48208973931312,NORMAL,47.5,48.5,53.0,17.66865,80.87403,GDBDCL_2026-05-03T19:00:00+0000_45.4821
GDBDCL,Godavari at Bhadrachalam,Godavari,2026-05-03 20:00:00+00:00,45.56190948711262,NORMAL,47.5,48.5,53.0,17.66865,80.87403,GDBDCL_2026-05-03T20:00:00+0000_45.5619
GDBDCL,Godavari at Bhadrachalam,Godavari,2026-05-03 21:00:00+00:00,45.58388194951313,NORMAL,47.5,48.5,53.0,17.66865,80.87403,GDBDCL_2026-05-03T21:00:00+0000_45.5839
GDBDCL,Godavari at Bhadrachalam,Godavari,2026-05-03 22:00:00+00:00,45.6525008047401,NORMAL,47.5,48.5,53.0,17.66865,80.87403,GDBDCL_2026-05-03T22:00:00+0000_45.6525
GDBDCL,Godavari at Bhadrachalam,Godavari,2026-05-03 23:00:00+00:00,45.68795546295205,NORMAL,47.5,48.5,53.0,17.66865,80.87403,GDBDCL_2026-05-03T23:00:00+0000_45.6880
GDBDCL,Godavari at Bhadrachalam,Godavari,2026-05-04 00:00:00+00:00,45.70574507555692,NORMAL,47.5,48.5,53.0,17.66865,80.87403,GDBDCL_2026-05-04T00:00:00+0000_45.7057
GDBDCL,Godavari at Bhadrachalam,Godavari,2026-05-04 01:00:00+00:00,45.660695447636165,NORMAL,47.5,48.5,53.0,17.66865,80.87403,GDBDCL_2026-05-04T01:00:00+0000_45.6607
GDBDCL,Godavari at Bhadrachalam,Godavari,2026-05-04 02:00:00+00:00,45.704866933246,NORMAL,47.5,48.5,53.0,17.66865,80.87403,GDBDCL_2026-05-04T02:00:00+0000_45.7049
GDBDCL,Godavari at Bhadrachalam,Godavari,2026-05-04 03:00:00+00:00,45.63036755089505,NORMAL,47.5,48.5,53.0,17.66865,80.87403,GDBDCL_2026-05-04T03:00:00+0000_45.6304
GDBDCL,Godavari at Bhadrachalam,Godavari,2026-05-04 04:00:00+00:00,45.6743445394164,NORMAL,47.5,48.5,53.0,17.66865,80.87403,GDBDCL_2026-05-04T04:00:00+0000_45.6743
GDBDCL,Godavari at Bhadrachalam,Godavari,2026-05-04 05:00:00+00:00,45.62020537761877,NORMAL,47.5,48.5,53.0,17.66865,80.87403,GDBDCL_2026-05-04T05:00:00+0000_45.6202
GDBDCL,Godavari at Bhadrachalam,Godavari,2026-05-04 06:00:00+00:00,,,47.5,48.5,53.0,17.66865,80.87403,GDBDCL_2026-05-04T06:00:00+0000_
GDBDCL,Godavari at Bhadrachalam,Godavari,2026-05-04 07:00:00+00:00,45.58038516076712,NORMAL,47.5,48.5,53.0,17.66865,80.87403,GDBDCL_2026-05-04T07:00:00+0000_45.5804
GDBDCL,Godavari at Bhadrachalam,Godavari,2026-05-04 08:00:00+00:00,45.54513090408074,NORMAL,47.5,48.5,53.0,17.66865,80.87403,GDBDCL_2026-05-04T08:00:00+0000_45.5451
GDBDCL,Godavari at Bhadrachalam,Godavari,2026-05-04 09:00:00+00:00,45.49564192517466,NORMAL,47.5,48.5,53.0,17.66865,80.87403,GDBDCL_2026-05-04T09:00:00+0000_45.4956
GDBDCL,Godavari at Bhadrachalam,Godavari,2026-05-04 10:00:00+00:00,45.476776416182815,NORMAL,47.5,48.5,53.0,17.66865,80.87403,GDBDCL_2026-05-04T10:00:00+0000_45.4768
GDBDCL,Godavari at Bhadrachalam,Godavari,2026-05-04 11:00:00+00:00,45.38197177418253,NORMAL,47.5,48.5,53.0,17.66865,80.87403,GDBDCL_2026-05-04T11:00:00+0000_45.3820
GDBDCL,Godavari at Bhadrachalam,Godavari,2026-05-04 12:00:00+00:00,45.440181252353305,NORMAL,47.5,48.5,53.0,17.66865,80.87403,GDBDCL_2026-05-04T12:00:00+0000_45.4402
GDBDCL,Godavari at Bhadrachalam,Godavari,2026-05-04 13:00:00+00:00,45.350577833972494,NORMAL,47.5,48.5,53.0,17.66865,80.87403,GDBDCL_2026-05-04T13:00:00+0000_45.3506
GDBDCL,Godavari at Bhadrachalam,Godavari,2026-05-04 14:00:00+00:00,45.40497543258891,NORMAL,47.5,48.5,53.0,17.66865,80.87403,GDBDCL_2026-05-04T14:00:00+0000_45.4050
GDBDCL,Godavari at Bhadrachalam,Godavari,2026-05-04 15:00:00+00:00,45.4317669584502,NORMAL,47.5,48.5,53.0,17.66865,80.87403,GDBDCL_2026-05-04T15:00:00+0000_45.4318
GDBDCL,Godavari at Bhadrachalam,Godavari,2026-05-04 16:00:00+00:00,45.4671070041992,NORMAL,47.5,48.5,53.0,17.66865,80.87403,GDBDCL_2026-05-04T16:00:00+0000_45.4671
GDBDCL,Godavari at Bhadrachalam,Godavari,2026-05-04 17:00:00+00:00,45.4410508366448,NORMAL,47.5,48.5,53.0,17.66865,80.87403,GDBDCL_2026-05-04T17:00:00+0000_45.4411
GDBDCL,Godavari at Bhadrachalam,Godavari,2026-05-04 18:00:00+00:00,45.4785166838647,NORMAL,47.5,48.5,53.0,17.66865,80.87403,GDBDCL_2026-05-04T18:00:00+0000_45.4785
GDBDCL,Godavari at Bhadrachalam,Godavari,2026-05-04 19:00:00+00:00,45.48949419260924,NORMAL,47.5,48.5,53.0,17.66865,80.87403,GDBDCL_2026-05-04T19:00:00+0000_45.4895
GDBDCL,Godavari at Bhadrachalam,Godavari,2026-05-04 20:00:00+00:00,45.53731107009121,NORMAL,47.5,48.5,53.0,17.66865,80.87403,GDBDCL_2026-05-04T20:00:00+0000_45.5373
GDBDCL,Godavari at Bhadrachalam,Godavari,2026-05-04 21:00:00+00:00,45.55739562742306,NORMAL,47.5,48.5,53.0,17.66865,80.87403,GDBDCL_2026-05-04T21:00:00+0000_45.5574
GDBDCL,Godavari at Bhadrachalam,Godavari,2026-05-04 22:00:00+00:00,45.63373589170788,NORMAL,47.5,48.5,53.0,17.66865,80.87403,GDBDCL_2026-05-04T22:00:00+0000_45.6337
GDBDCL,Godavari at Bhadrachalam,Godavari,2026-05-04 23:00:00+00:00,45.60679915903477,NORMAL,47.5,48.5,53.0,17.66865,80.87403,GDBDCL_2026-05-04T23:00:00+0000_45.6068
GDBDCL,Godavari at Bhadrachalam,Godavari,2026-05-05 00:00:00+00:00,45.67138107886824,NORMAL,47.5,48.5,53.0,17.66865,80.87403,GDBDCL_2026-05-05T00:00:00+0000_45.6714
GDBDCL,Godavari at Bhadrachalam,Godavari,2026-05-05 01:00:00+00:00,45.70679181204886,NORMAL,47.5,48.5,53.0,17.66865,80.87403,GDBDCL_2026-05-05T01:00:00+0000_45.7068
GDBDCL,Godavari at Bhadrachalam,Godavari,2026-05-05 02:00:00+00:00,45.65111853945071,NORMAL,47.5,48.5,53.0,17.66865,80.87403,GDBDCL_2026-05-05T02:00:00+0000_45.6511
GDBDCL,Godavari at Bhadrachalam,Godavari,2026-05-05 03:00:00+00:00,45.66324073424411,NORMAL,47.5,48.5,53.0,17.66865,80.87403,GDBDCL_2026-05-05T03:00:00+0000_45.6632
GDBDCL,Godavari at Bhadrachalam,Godavari,2026-05-05 04:00:00+00:00,45.65109318217448,NORMAL,47.5,48.5,53.0,17.66865,80.87403,GDBDCL_2026-05-05T04:00:00+0000_45.6511
GDBDCL,Godavari at Bhadrachalam,Godavari,2026-05-05 05:00:00+00:00,45.62335152743904,NORMAL,47.5,48.5,53.0,17.66865,80.87403,GDBDCL_2026-05-05T05:00:00+0000_45.6234
GDBDCL,Godavari at Bhadrachalam,Godavari,2026-05-05 06:00:00+00:00,45.59993340223376,NORMAL,47.5,48.5,53.0,17.66865,80.87403,GDBDCL_2026-05-05T06:00:00+0000_45.5999
GDBDCL,Godavari at Bhadrachalam,Godavari,2026-05-05 07:00:00+00:00,45.57756687973082,NORMAL,47.5,48.5,53.0,17.66865,80.87403,GDBDCL_2026-05-05T07:00:00+0000_45.5776
GDBDCL,Godavari at Bhadrachalam,Godavari,2026-05-05 08:00:00+00:00,45.54160625205945,NORMAL,47.5,48.5,53.0,17.66865,80.87403,GDBDCL_2026-05-05T08:00:00+0000_45.5416
GDBDCL,Godavari at Bhadrachalam,Godavari,2026-05-05 09:00:00+00:00,45.45768729496134,NORMAL,47.5,48.5,53.0,17.66865,80.87403,GDBDCL_2026-05-05T09:00:00+0000_45.4577
GDBDCL,Godavari at Bhadrachalam,Godavari,2026-05-05 10:00:00+00:00,45.42235333524318,NORMAL,47.5,48.5,53.0,17.66865,80.87403,GDBDCL_2026-05-05T10:00:00+0000_45.4224
GDBDCL,Godavari at Bhadrachalam,Godavari,2026-05-05 11:00:00+00:00,45.40645685128175,NORMAL,47.5,48.5,53.0,17.66865,80.87403,GDBDCL_2026-05-05T11:00:00+0000_45.4065
GDBDCL,Godavari at Bhadrachalam,Godavari,2026-05-05 12:00:00+00:00,45.443440096173006,NORMAL,47.5,48.5,53.0,17.66865,80.87403,GDBDCL_2026-05-05T12:00:00+0000_45.4434
GDBDCL,Godavari at Bhadrachalam,Godavari,2026-05-05 13:00:00+00:00,45.41783171106144,NORMAL,47.5,48.5,53.0,17.66865,80.87403,GDBDCL_2026-05-05T13:00:00+0000_45.4178
GDBDCL,Godavari at Bhadrachalam,Godavari,2026-05-05 14:00:00+00:00,45.40610620652312,NORMAL,47.5,48.5,53.0,17.66865,80.87403,GDBDCL_2026-05-05T14:00:00+0000_45.4061
GDBDCL,Godavari at Bhadrachalam,Godavari,2026-05-05 15:00:00+00:00,45.36269528500532,NORMAL,47.5,48.5,53.0,17.66865,80.87403,GDBDCL_2026-05-05T15:00:00+0000_45.3627
GDBDCL,Godavari at Bhadrachalam,Godavari,2026-05-05 16:00:00+00:00,45.45936988221138,NORMAL,47.5,48.5,53.0,17.66865,80.87403,GDBDCL_2026-05-05T16:00:00+0000_45.4594
GDBDCL,Godavari at Bhadrachalam,Godavari,2026-05-05 17:00:00+00:00,45.434850654925256,NORMAL,47.5,48.5,53.0,17.66865,80.87403,GDBDCL_2026-05-05T17:00:00+0000_45.4349
GDBDCL,Godavari at Bhadrachalam,Godavari,2026-05-05 18:00:00+00:00,45.4482981061707,NORMAL,47.5,48.5,53.0,17.66865,80.87403,GDBDCL_2026-05-05T18:00:00+0000_45.4483
GDBDCL,Godavari at Bhadrachalam,Godavari,2026-05-05 19:00:00+00:00,45.55988430803137,NORMAL,47.5,48.5,53.0,17.66865,80.87403,GDBDCL_2026-05-05T19:00:00+0000_45.5599
GDBDCL,Godavari at Bhadrachalam,Godavari,2026-05-05 20:00:00+00:00,45.52592266011316,NORMAL,47.5,48.5,53.0,17.66865,80.87403,GDBDCL_2026-05-05T20:00:00+0000_45.5259
GDBDCL,Godavari at Bhadrachalam,Godavari,2026-05-05 21:00:00+00:00,45.59236828927778,NORMAL,47.5,48.5,53.0,17.66865,80.87403,GDBDCL_2026-05-05T21:00:00+0000_45.5924
GDBDCL,Godavari at Bhadrachalam,Godavari,2026-05-05 22:00:00+00:00,45.67052465770999,NORMAL,47.5,48.5,53.0,17.66865,80.87403,GDBDCL_2026-05-05T22:00:00+0000_45.6705
GDBDCL,Godavari at Bhadrachalam,Godavari,2026-05-05 23:00:00+00:00,45.65926294975433,NORMAL,47.5,48.5,53.0,17.66865,80.87403,GDBDCL_2026-05-05T23:00:00+0000_45.6593
GDBDCL,Godavari at Bhadrachalam,Godavari,2026-05-06 00:00:00+00:00,45.69276224167027,NORMAL,47.5,48.5,53.0,17.66865,80.87403,GDBDCL_2026-05-06T00:00:00+0000_45.6928
GDBDCL,Godavari at Bhadrachalam,Godavari,2026-05-06 01:00:00+00:00,45.652545507494274,NORMAL,47.5,48.5,53.0,17.66865,80.87403,GDBDCL_2026-05-06T01:00:00+0000_45.6525
GDBDCL,Godavari at Bhadrachalam,Godavari,2026-05-06 02:00:00+00:00,45.69626600109787,NORMAL,47.5,48.5,53.0,17.66865,80.87403,GDBDCL_2026-05-06T02:00:00+0000_45.6963
GDBDCL,Godavari at Bhadrachalam,Godavari,2026-05-06 03:00:00+00:00,45.70335840453262,NORMAL,47.5,48.5,53.0,17.66865,80.87403,GDBDCL_2026-05-06T03:00:00+0000_45.7034
GDBDCL,Godavari at Bhadrachalam,Godavari,2026-05-06 04:00:00+00:00,45.68489630806555,NORMAL,47.5,48.5,53.0,17.66865,80.87403,GDBDCL_2026-05-06T04:00:00+0000_45.6849
GDBDCL,Godavari at Bhadrachalam,Godavari,2026-05-06 05:00:00+00:00,45.65156214541839,NORMAL,47.5,48.5,53.0,17.66865,80.87403,GDBDCL_2026-05-06T05:00:00+0000_45.6516
GDBDCL,Godavari at Bhadrachalam,Godavari,2026-05-06 06:00:00+00:00,45.632992657442486,NORMAL,47.5,48.5,53.0,17.66865,80.87403,GDBDCL_2026-05-06T06:00:00+0000_45.6330
GDBDCL,Godavari at Bhadrachalam,Godavari,2026-05-06 07:00:00+00:00,45.54272128289575,NORMAL,47.5,48.5,53.0,17.66865,80.87403,GDBDCL_2026-05-06T07:00:00+0000_45.5427
GDBDCL,Godavari at Bhadrachalam,Godavari,2026-05-06 08:00:00+00:00,45.524979296064345,NORMAL,47.5,48.5,53.0,17.66865,80.87403,GDBDCL_2026-05-06T08:00:00+0000_45.5250
GDBDCL,Godavari at Bhadrachalam,Godavari,2026-05-06 09:00:00+00:00,45.459041898658434,NORMAL,47.5,48.5,53.0,17.66865,80.87403,GDBDCL_2026-05-06T09:00:00+0000_45.4590
GDBDCL,Godavari at Bhadrachalam,Godavari,2026-05-06 10:00:00+00:00,45.46076260124253,NORMAL,47.5,48.5,53.0,17.66865,80.87403,GDBDCL_2026-05-06T10:00:00+0000_45.4608
GDBDCL,Godavari at Bhadrachalam,Godavari,2026-05-06 11:00:00+00:00,45.42938816871145,NORMAL,47.5,48.5,53.0,17.66865,80.87403,GDBDCL_2026-05-06T11:00:00+0000_45.4294
GDBDCL,Godavari at Bhadrachalam,Godavari,2026-05-06 12:00:00+00:00,45.462014246011705,NORMAL,47.5,48.5,53.0,17.66865,80.87403,GDBDCL_2026-05-06T12:00:00+0000_45.4620
GDBDCL,Godavari at Bhadrachalam,Godavari,2026-05-06 13:00:00+00:00,45.41391239118523,NORMAL,47.5,48.5,53.0,17.66865,80.87403,GDBDCL_2026-05-06T13:00:00+0000_45.4139
GDBDCL,Godavari at Bhadrachalam,Godavari,2026-05-06 14:00:00+00:00,45.35511294754262,NORMAL,47.5,48.5,53.0,17.66865,80.87403,GDBDCL_2026-05-06T14:00:00+0000_45.3551
GDBDCL,Godavari at Bhadrachalam,Godavari,2026-05-06 15:00:00+00:00,45.39918768876751,NORMAL,47.5,48.5,53.0,17.66865,80.87403,GDBDCL_2026-05-06T15:00:00+0000_45.3992
GDBDCL,Godavari at Bhadrachalam,Godavari,2026-05-06 16:00:00+00:00,45.46924393651595,NORMAL,47.5,48.5,53.0,17.66865,80.87403,GDBDCL_2026-05-06T16:00:00+0000_45.4692
GDBDCL,Godavari at Bhadrachalam,Godavari,2026-05-06 17:00:00+00:00,45.50269764378189,NORMAL,47.5,48.5,53.0,17.66865,80.87403,GDBDCL_2026-05-06T17:00:00+0000_45.5027
GDBDCL,Godavari at Bhadrachalam,Godavari,2026-05-06 18:00:00+00:00,45.4824035673758,NORMAL,47.5,48.5,53.0,17.66865,80.87403,GDBDCL_2026-05-06T18:00:00+0000_45.4824
GDBDCL,Godavari at Bhadrachalam,Godavari,2026-05-06 19:00:00+00:00,45.569316842768266,NORMAL,47.5,48.5,53.0,17.66865,80.87403,GDBDCL_2026-05-06T19:00:00+0000_45.5693
GDBDCL,Godavari at Bhadrachalam,Godavari,2026-05-06 20:00:00+00:00,45.51283111297869,NORMAL,47.5,48.5,53.0,17.66865,80.87403,GDBDCL_2026-05-06T20:00:00+0000_45.5128
GDBDCL,Godavari at Bhadrachalam,Godavari,2026-05-06 21:00:00+00:00,45.60050426743528,NORMAL,47.5,48.5,53.0,17.66865,80.87403,GDBDCL_2026-05-06T21:00:00+0000_45.6005
GDBDCL,Godavari at Bhadrachalam,Godavari,2026-05-06 22:00:00+00:00,45.58916233717186,NORMAL,47.5,48.5,53.0,17.66865,80.87403,GDBDCL_2026-05-06T22:00:00+0000_45.5892
GDBDCL,Godavari at Bhadrachalam,Godavari,2026-05-06 23:00:00+00:00,45.70081445551226,NORMAL,47.5,48.5,53.0,17.66865,80.87403,GDBDCL_2026-05-06T23:00:00+0000_45.7008
GDBDCL,Godavari at Bhadrachalam,Godavari,2026-05-07 00:00:00+00:00,45.64276292579667,NORMAL,47.5,48.5,53.0,17.66865,80.87403,GDBDCL_2026-05-07T00:00:00+0000_45.6428
GDBDCL,Godavari at Bhadrachalam,Godavari,2026-05-07 01:00:00+00:00,45.64257064437421,NORMAL,47.5,48.5,53.0,17.66865,80.87403,GDBDCL_2026-05-07T01:00:00+0000_45.6426
GDBDCL,Godavari at Bhadrachalam,Godavari,2026-05-07 02:00:00+00:00,45.673945534353,NORMAL,47.5,48.5,53.0,17.66865,80.87403,GDBDCL_2026-05-07T02:00:00+0000_45.6739
GDBDCL,Godavari at Bhadrachalam,Godavari,2026-05-07 03:00:00+00:00,45.69958393716284,NORMAL,47.5,48.5,53.0,17.66865,80.87403,GDBDCL_2026-05-07T03:00:00+0000_45.6996
GDBDCL,Godavari at Bhadrachalam,Godavari,2026-05-07 04:00:00+00:00,45.64016916614878,NORMAL,47.5,48.5,53.0,17.66865,80.87403,GDBDCL_2026-05-07T04:00:00+0000_45.6402
GDBDCL,Godavari at Bhadrachalam,Godavari,2026-05-07 05:00:00+00:00,45.64630920934098,NORMAL,47.5,48.5,53.0,17.66865,80.87403,GDBDCL_2026-05-07T05:00:00+0000_45.6463
GDBDCL,Godavari at Bhadrachalam,Godavari,2026-05-07 06:00:00+00:00,45.558955800836046,NORMAL,47.5,48.5,53.0,17.66865,80.87403,GDBDCL_2026-05-07T06:00:00+0000_45.5590
GDBDCL,Godavari at Bhadrachalam,Godavari,2026-05-07 07:00:00+00:00,45.58001756775188,NORMAL,47.5,48.5,53.0,17.66865,80.87403,GDBDCL_2026-05-07T07:00:00+0000_45.5800
GDBDCL,Godavari at Bhadrachalam,Godavari,2026-05-07 08:00:00+00:00,45.5428677418268,NORMAL,47.5,48.5,53.0,17.66865,80.87403,GDBDCL_2026-05-07T08:00:00+0000_45.5429
GDBDCL,Godavari at Bhadrachalam,Godavari,2026-05-07 09:00:00+00:00,45.52338722904655,NORMAL,47.5,48.5,53.0,17.66865,80.87403,GDBDCL_2026-05-07T09:00:00+0000_45.5234
GDBDCL,Godavari at Bhadrachalam,Godavari,2026-05-07 10:00:00+00:00,45.46261764183451,NORMAL,47.5,48.5,53.0,17.66865,80.87403,GDBDCL_2026-05-07T10:00:00+0000_45.4626
GDBDCL,Godavari at Bhadrachalam,Godavari,2026-05-07 11:00:00+00:00,45.41041147644695,NORMAL,47.5,48.5,53.0,17.66865,80.87403,GDBDCL_2026-05-07T11:00:00+0000_45.4104
GDBDCL,Godavari at Bhadrachalam,Godavari,2026-05-07 12:00:00+00:00,45.44515281208064,NORMAL,47.5,48.5,53.0,17.66865,80.87403,GDBDCL_2026-05-07T12:00:00+0000_45.4452
GDBDCL,Godavari at Bhadrachalam,Godavari,2026-05-07 13:00:00+00:00,45.36230536399148,NORMAL,47.5,48.5,53.0,17.66865,80.87403,GDBDCL_2026-05-07T13:00:00+0000_45.3623
GDBDCL,Godavari at Bhadrachalam,Godavari,2026-05-07 14:00:00+00:00,45.39437671089143,NORMAL,47.5,48.5,53.0,17.66865,80.87403,GDBDCL_2026-05-07T14:00:00+0000_45.3944
GDBDCL,Godavari at Bhadrachalam,Godavari,2026-05-07 15:00:00+00:00,45.45199059092517,NORMAL,47.5,48.5,53.0,17.66865,80.87403,GDBDCL_2026-05-07T15:00:00+0000_45.4520
GDBDCL,Godavari at Bhadrachalam,Godavari,2026-05-07 16:00:00+00:00,45.45194237041294,NORMAL,47.5,48.5,53.0,17.66865,80.87403,GDBDCL_2026-05-07T16:00:00+0000_45.4519
GDBDCL,Godavari at Bhadrachalam,Godavari,2026-05-07 17:00:00+00:00,45.45039893981436,NORMAL,47.5,48.5,53.0,17.66865,80.87403,GDBDCL_2026-05-07T17:00:00+0000_45.4504
GDBDCL,Godavari at Bhadrachalam,Godavari,2026-05-07 18:00:00+00:00,45.44888033777141,NORMAL,47.5,48.5,53.0,17.66865,80.87403,GDBDCL_2026-05-07T18:00:00+0000_45.4489
GDBDCL,Godavari at Bhadrachalam,Godavari,2026-05-07 19:00:00+00:00,45.55673034566987,NORMAL,47.5,48.5,53.0,17.66865,80.87403,GDBDCL_2026-05-07T19:00:00+0000_45.5567
GDBDCL,Godavari at Bhadrachalam,Godavari,2026-05-07 20:00:00+00:00,45.54996884889832,NORMAL,47.5,48.5,53.0,17.66865,80.87403,GDBDCL_2026-05-07T20:00:00+0000_45.5500
GDBDCL,Godavari at Bhadrachalam,Godavari,2026-05-07 21:00:00+00:00,45.603557591175424,NORMAL,47.5,48.5,53.0,17.66865,80.87403,GDBDCL_2026-05-07T21:00:00+0000_45.6036
GDBDCL,Godavari at Bhadrachalam,Godavari,2026-05-07 22:00:00+00:00,45.63221680389572,NORMAL,47.5,48.5,53.0,17.66865,80.87403,GDBDCL_2026-05-07T22:00:00+0000_45.6322
GDBDCL,Godavari at Bhadrachalam,Godavari,2026-05-07 23:00:00+00:00,45.627112588639,NORMAL,47.5,48.5,53.0,17.66865,80.87403,GDBDCL_2026-05-07T23:00:00+0000_45.6271
GDBDCL,Godavari at Bhadrachalam,Godavari,2026-05-08 00:00:00+00:00,45.671960493526434,NORMAL,47.5,48.5,53.0,17.66865,80.87403,GDBDCL_2026-05-08T00:00:00+0000_45.6720
GDBDCL,Godavari at Bhadrachalam,Godavari,2026-05-08 01:00:00+00:00,45.7023832377409,NORMAL,47.5,48.5,53.0,17.66865,80.87403,GDBDCL_2026-05-08T01:00:00+0000_45.7024
GDBDCL,Godavari at Bhadrachalam,Godavari,2026-05-08 02:00:00+00:00,45.70779613439307,NORMAL,47.5,48.5,53.0,17.66865,80.87403,GDBDCL_2026-05-08T02:00:00+0000_45.7078
GDBDCL,Godavari at Bhadrachalam,Godavari,2026-05-08 03:00:00+00:00,45.63949612692287,NORMAL,47.5,48.5,53.0,17.66865,80.87403,GDBDCL_2026-05-08T03:00:00+0000_45.6395
GDBDCL,Godavari at Bhadrachalam,Godavari,2026-05-08 04:00:00+00:00,45.717747885773576,NORMAL,47.5,48.5,53.0,17.66865,80.87403,GDBDCL_2026-05-08T04:00:00+0000_45.7177
GDBDCL,Godavari at Bhadrachalam,Godavari,2026-05-08 05:00:00+00:00,45.61025269609239,NORMAL,47.5,48.5,53.0,17.66865,80.87403,GDBDCL_2026-05-08T05:00:00+0000_45.6103
GDBDCL,Godavari at Bhadrachalam,Godavari,2026-05-08 06:00:00+00:00,45.64710780895874,NORMAL,47.5,48.5,53.0,17.66865,80.87403,GDBDCL_2026-05-08T06:00:00+0000_45.6471
GDBDCL,Godavari at Bhadrachalam,Godavari,2026-05-08 07:00:00+00:00,45.57568348537664,NORMAL,47.5,48.5,53.0,17.66865,80.87403,GDBDCL_2026-05-08T07:00:00+0000_45.5757
GDBDCL,Godavari at Bhadrachalam,Godavari,2026-05-08 08:00:00+00:00,45.52502709738044,NORMAL,47.5,48.5,53.0,17.66865,80.87403,GDBDCL_2026-05-08T08:00:00+0000_45.5250
GDBDCL,Godavari at Bhadrachalam,Godavari,2026-05-08 09:00:00+00:00,45.49804145549532,NORMAL,47.5,48.5,53.0,17.66865,80.87403,GDBDCL_2026-05-08T09:00:00+0000_45.4980
GDBDCL,Godavari at Bhadrachalam,Godavari,2026-05-08 10:00:00+00:00,45.45296020484402,NORMAL,47.5,48.5,53.0,17.66865,80.87403,GDBDCL_2026-05-08T10:00:00+0000_45.4530
GDBDCL,Godavari at Bhadrachalam,Godavari,2026-05-08 11:00:00+00:00,45.44313798873424,NORMAL,47.5,48.5,53.0,17.66865,80.87403,GDBDCL_2026-05-08T11:00:00+0000_45.4431
GDBDCL,Godavari at Bhadrachalam,Godavari,2026-05-08 12:00:00+00:00,45.474760350745576,NORMAL,47.5,48.5,53.0,17.66865,80.87403,GDBDCL_2026-05-08T12:00:00+0000_45.4748
GDBDCL,Godavari at Bhadrachalam,Godavari,2026-05-08 13:00:00+00:00,45.3845015446379,NORMAL,47.5,48.5,53.0,17.66865,80.87403,GDBDCL_2026-05-08T13:00:00+0000_45.3845
GDBDCL,Godavari at Bhadrachalam,Godavari,2026-05-08 14:00:00+00:00,45.37125294957137,NORMAL,47.5,48.5,53.0,17.66865,80.87403,GDBDCL_2026-05-08T14:00:00+0000_45.3713
GDBDCL,Godavari at Bhadrachalam,Godavari,2026-05-08 15:00:00+00:00,45.38675339824484,NORMAL,47.5,48.5,53.0,17.66865,80.87403,GDBDCL_2026-05-08T15:00:00+0000_45.3868
GDBDCL,Godavari at Bhadrachalam,Godavari,2026-05-08 16:00:00+00:00,45.45718434589299,NORMAL,47.5,48.5,53.0,17.66865,80.87403,GDBDCL_2026-05-08T16:00:00+0000_45.4572
GDBDCL,Godavari at Bhadrachalam,Godavari,2026-05-08 17:00:00+00:00,45.42648523443851,NORMAL,47.5,48.5,53.0,17.66865,80.87403,GDBDCL_2026-05-08T17:00:00+0000_45.4265
GDBDCL,Godavari at Bhadrachalam,Godavari,2026-05-08 18:00:00+00:00,45.4725518572661,NORMAL,47.5,48.5,53.0,17.66865,80.87403,GDBDCL_2026-05-08T18:00:00+0000_45.4726
GDBDCL,Godavari at Bhadrachalam,Godavari,2026-05-08 19:00:00+00:00,45.48703994865126,NORMAL,47.5,48.5,53.0,17.66865,80.87403,GDBDCL_2026-05-08T19:00:00+0000_45.4870
GDBDCL,Godavari at Bhadrachalam,Godavari,2026-05-08 20:00:00+00:00,45.5748355138262,NORMAL,47.5,48.5,53.0,17.66865,80.87403,GDBDCL_2026-05-08T20:00:00+0000_45.5748
GDBDCL,Godavari at Bhadrachalam,Godavari,2026-05-08 21:00:00+00:00,45.64392707725458,NORMAL,47.5,48.5,53.0,17.66865,80.87403,GDBDCL_2026-05-08T21:00:00+0000_45.6439
GDBDCL,Godavari at Bhadrachalam,Godavari,2026-05-08 22:00:00+00:00,45.632887587817685,NORMAL,47.5,48.5,53.0,17.66865,80.87403,GDBDCL_2026-05-08T22:00:00+0000_45.6329
GDBDCL,Godavari at Bhadrachalam,Godavari,2026-05-08 23:00:00+00:00,45.675457222824754,NORMAL,47.5,48.5,53.0,17.66865,80.87403,GDBDCL_2026-05-08T23:00:00+0000_45.6755
GDBDCL,Godavari at Bhadrachalam,Godavari,2026-05-09 00:00:00+00:00,45.69971836095152,NORMAL,47.5,48.5,53.0,17.66865,80.87403,GDBDCL_2026-05-09T00:00:00+0000_45.6997
GDBDCL,Godavari at Bhadrachalam,Godavari,2026-05-09 01:00:00+00:00,45.67483148919532,NORMAL,47.5,48.5,53.0,17.66865,80.87403,GDBDCL_2026-05-09T01:00:00+0000_45.6748
GDBDCL,Godavari at Bhadrachalam,Godavari,2026-05-09 02:00:00+00:00,45.71478260477366,NORMAL,47.5,48.5,53.0,17.66865,80.87403,GDBDCL_2026-05-09T02:00:00+0000_45.7148
GDBDCL,Godavari at Bhadrachalam,Godavari,2026-05-09 03:00:00+00:00,45.6590737493414,NORMAL,47.5,48.5,53.0,17.66865,80.87403,GDBDCL_2026-05-09T03:00:00+0000_45.6591
GDBDCL,Godavari at Bhadrachalam,Godavari,2026-05-09 04:00:00+00:00,45.682108837732905,NORMAL,47.5,48.5,53.0,17.66865,80.87403,GDBDCL_2026-05-09T04:00:00+0000_45.6821
GDBDCL,Godavari at Bhadrachalam,Godavari,2026-05-09 05:00:00+00:00,45.62647419785157,NORMAL,47.5,48.5,53.0,17.66865,80.87403,GDBDCL_2026-05-09T05:00:00+0000_45.6265
GDBDCL,Godavari at Bhadrachalam,Godavari,2026-05-09 06:00:00+00:00,45.622106817409765,NORMAL,47.5,48.5,53.0,17.66865,80.87403,GDBDCL_2026-05-09T06:00:00+0000_45.6221
GDBDCL,Godavari at Bhadrachalam,Godavari,2026-05-09 07:00:00+00:00,45.53901438778478,NORMAL,47.5,48.5,53.0,17.66865,80.87403,GDBDCL_2026-05-09T07:00:00+0000_45.5390
GDBDCL,Godavari at Bhadrachalam,Godavari,2026-05-09 08:00:00+00:00,45.51842798713317,NORMAL,47.5,48.5,53.0,17.66865,80.87403,GDBDCL_2026-05-09T08:00:00+0000_45.5184
GDBDCL,Godavari at Bhadrachalam,Godavari,2026-05-09 09:00:00+00:00,45.47530175956759,NORMAL,47.5,48.5,53.0,17.66865,80.87403,GDBDCL_2026-05-09T09:00:00+0000_45.4753
GDBDCL,Godavari at Bhadrachalam,Godavari,2026-05-09 10:00:00+00:00,45.5256946792624,NORMAL,47.5,48.5,53.0,17.66865,80.87403,GDBDCL_2026-05-09T10:00:00+0000_45.5257
GDBDCL,Godavari at Bhadrachalam,Godavari,2026-05-09 11:00:00+00:00,45.46084015916482,NORMAL,47.5,48.5,53.0,17.66865,80.87403,GDBDCL_2026-05-09T11:00:00+0000_45.4608
GDBDCL,Godavari at Bhadrachalam,Godavari,2026-05-09 12:00:00+00:00,45.387194411050686,NORMAL,47.5,48.5,53.0,17.66865,80.87403,GDBDCL_2026-05-09T12:00:00+0000_45.3872
GDBDCL,Godavari at Bhadrachalam,Godavari,2026-05-09 13:00:00+00:00,45.38372315789583,NORMAL,47.5,48.5,53.0,17.66865,80.87403,GDBDCL_2026-05-09T13:00:00+0000_45.3837
GDBDCL,Godavari at Bhadrachalam,Godavari,2026-05-09 14:00:00+00:00,45.40923197978571,NORMAL,47.5,48.5,53.0,17.66865,80.87403,GDBDCL_2026-05-09T14:00:00+0000_45.4092
GDBDCL,Godavari at Bhadrachalam,Godavari,2026-05-09 15:00:00+00:00,45.41536470704662,NORMAL,47.5,48.5,53.0,17.66865,80.87403,GDBDCL_2026-05-09T15:00:00+0000_45.4154
GDBDCL,Godavari at Bhadrachalam,Godavari,2026-05-09 16:00:00+00:00,45.47569198830332,NORMAL,47.5,48.5,53.0,17.66865,80.87403,GDBDCL_2026-05-09T16:00:00+0000_45.4757
GDBDCL,Godavari at Bhadrachalam,Godavari,2026-05-09 17:00:00+00:00,45.4395666398724,NORMAL,47.5,48.5,53.0,17.66865,80.87403,GDBDCL_2026-05-09T17:00:00+0000_45.4396
GDBDCL,Godavari at Bhadrachalam,Godavari,2026-05-09 18:00:00+00:00,45.5458487373429,NORMAL,47.5,48.5,53.0,17.66865,80.87403,GDBDCL_2026-05-09T18:00:00+0000_45.5458
GDBDCL,Godavari at Bhadrachalam,Godavari,2026-05-09 19:00:00+00:00,45.521972194770726,NORMAL,47.5,48.5,53.0,17.66865,80.87403,GDBDCL_2026-05-09T19:00:00+0000_45.5220
GDBDCL,Godavari at Bhadrachalam,Godavari,2026-05-09 20:00:00+00:00,45.56856917717724,NORMAL,47.5,48.5,53.0,17.66865,80.87403,GDBDCL_2026-05-09T20:00:00+0000_45.5686
GDBDCL,Godavari at Bhadrachalam,Godavari,2026-05-09 21:00:00+00:00,45.6507222411036,NORMAL,47.5,48.5,53.0,17.66865,80.87403,GDBDCL_2026-05-09T21:00:00+0000_45.6507
GDBDCL,Godavari at Bhadrachalam,Godavari,2026-05-09 22:00:00+00:00,45.69330075508984,NORMAL,47.5,48.5,53.0,17.66865,80.87403,GDBDCL_2026-05-09T22:00:00+0000_45.6933
GDBDCL,Godavari at Bhadrachalam,Godavari,2026-05-09 23:00:00+00:00,45.644950701164255,NORMAL,47.5,48.5,53.0,17.66865,80.87403,GDBDCL_2026-05-09T23:00:00+0000_45.6450
GDBDCL,Godavari at Bhadrachalam,Godavari,2026-05-10 00:00:00+00:00,45.67151110966108,NORMAL,47.5,48.5,53.0,17.66865,80.87403,GDBDCL_2026-05-10T00:00:00+0000_45.6715
GDBDCL,Godavari at Bhadrachalam,Godavari,2026-05-10 01:00:00+00:00,45.71070308286006,NORMAL,47.5,48.5,53.0,17.66865,80.87403,GDBDCL_2026-05-10T01:00:00+0000_45.7107
GDBDCL,Godavari at Bhadrachalam,Godavari,2026-05-10 02:00:00+00:00,45.66356379082727,NORMAL,47.5,48.5,53.0,17.66865,80.87403,GDBDCL_2026-05-10T02:00:00+0000_45.6636
GDBDCL,Godavari at Bhadrachalam,Godavari,2026-05-10 03:00:00+00:00,45.72149826513589,NORMAL,47.5,48.5,53.0,17.66865,80.87403,GDBDCL_2026-05-10T03:00:00+0000_45.7215
GDBDCL,Godavari at Bhadrachalam,Godavari,2026-05-10 04:00:00+00:00,45.66054749411946,NORMAL,47.5,48.5,53.0,17.66865,80.87403,GDBDCL_2026-05-10T04:00:00+0000_45.6605
GDBDCL,Godavari at Bhadrachalam,Godavari,2026-05-10 05:00:00+00:00,45.62600465233638,NORMAL,47.5,48.5,53.0,17.66865,80.87403,GDBDCL_2026-05-10T05:00:00+0000_45.6260
GDBDCL,Godavari at Bhadrachalam,Godavari,2026-05-10 06:00:00+00:00,,,47.5,48.5,53.0,17.66865,80.87403,GDBDCL_2026-05-10T06:00:00+0000_
GDBDCL,Godavari at Bhadrachalam,Godavari,2026-05-10 07:00:00+00:00,45.57323046373585,NORMAL,47.5,48.5,53.0,17.66865,80.87403,GDBDCL_2026-05-10T07:00:00+0000_45.5732
GDBDCL,Godavari at Bhadrachalam,Godavari,2026-05-10 08:00:00+00:00,45.51941688461418,NORMAL,47.5,48.5,53.0,17.66865,80.87403,GDBDCL_2026-05-10T08:00:00+0000_45.5194
GDBDCL,Godavari at Bhadrachalam,Godavari,2026-05-10 09:00:00+00:00,45.46941624663848,NORMAL,47.5,48.5,53.0,17.66865,80.87403,GDBDCL_2026-05-10T09:00:00+0000_45.4694
GDBDCL,Godavari at Bhadrachalam,Godavari,2026-05-10 10:00:00+00:00,45.49266253692432,NORMAL,47.5,48.5,53.0,17.66865,80.87403,GDBDCL_2026-05-10T10:00:00+0000_45.4927
GDBDCL,Godavari at Bhadrachalam,Godavari,2026-05-10 11:00:00+00:00,45.49717632221571,NORMAL,47.5,48.5,53.0,17.66865,80.87403,GDBDCL_2026-05-10T11:00:00+0000_45.4972
GDBDCL,Godavari at Bhadrachalam,Godavari,2026-05-10 12:00:00+00:00,45.4508093689048,NORMAL,47.5,48.5,53.0,17.66865,80.87403,GDBDCL_2026-05-10T12:00:00+0000_45.4508
GDBDCL,Godavari at Bhadrachalam,Godavari,2026-05-10 13:00:00+00:00,45.419630733882016,NORMAL,47.5,48.5,53.0,17.66865,80.87403,GDBDCL_2026-05-10T13:00:00+0000_45.4196
GDBDCL,Godavari at Bhadrachalam,Godavari,2026-05-10 14:00:00+00:00,45.40169824620968,NORMAL,47.5,48.5,53.0,17.66865,80.87403,GDBDCL_2026-05-10T14:00:00+0000_45.4017
GDBDCL,Godavari at Bhadrachalam,Godavari,2026-05-10 15:00:00+00:00,45.47179408020898,NORMAL,47.5,48.5,53.0,17.66865,80.87403,GDBDCL_2026-05-10T15:00:00+0000_45.4718
GDBDCL,Godavari at Bhadrachalam,Godavari,2026-05-10 16:00:00+00:00,45.464585512839854,NORMAL,47.5,48.5,53.0,17.66865,80.87403,GDBDCL_2026-05-10T16:00:00+0000_45.4646
GDBDCL,Godavari at Bhadrachalam,Godavari,2026-05-10 17:00:00+00:00,45.49995012748676,NORMAL,47.5,48.5,53.0,17.66865,80.87403,GDBDCL_2026-05-10T17:00:00+0000_45.5000
GDBDCL,Godavari at Bhadrachalam,Godavari,2026-05-10 18:00:00+00:00,45.55701143514882,NORMAL,47.5,48.5,53.0,17.66865,80.87403,GDBDCL_2026-05-10T18:00:00+0000_45.5570
GDBDCL,Godavari at Bhadrachalam,Godavari,2026-05-10 19:00:00+00:00,45.503957980591046,NORMAL,47.5,48.5,53.0,17.66865,80.87403,GDBDCL_2026-05-10T19:00:00+0000_45.5040
GDBDCL,Godavari at Bhadrachalam,Godavari,2026-05-10 20:00:00+00:00,45.62508287530183,NORMAL,47.5,48.5,53.0,17.66865,80.87403,GDBDCL_2026-05-10T20:00:00+0000_45.6251
GDBDCL,Godavari at Bhadrachalam,Godavari,2026-05-10 21:00:00+00:00,45.585642692705584,NORMAL,47.5,48.5,53.0,17.66865,80.87403,GDBDCL_2026-05-10T21:00:00+0000_45.5856
GDBDCL,Godavari at Bhadrachalam,Godavari,2026-05-10 22:00:00+00:00,45.6349401176154,NORMAL,47.5,48.5,53.0,17.66865,80.87403,GDBDCL_2026-05-10T22:00:00+0000_45.6349
GDBDCL,Godavari at Bhadrachalam,Godavari,2026-05-10 23:00:00+00:00,45.66663461831257,NORMAL,47.5,48.5,53.0,17.66865,80.87403,GDBDCL_2026-05-10T23:00:00+0000_45.6666
GDBDCL,Godavari at Bhadrachalam,Godavari,2026-05-11 00:00:00+00:00,45.68036072666903,NORMAL,47.5,48.5,53.0,17.66865,80.87403,GDBDCL_2026-05-11T00:00:00+0000_45.6804
GDBDCL,Godavari at Bhadrachalam,Godavari,2026-05-11 01:00:00+00:00,45.746317858952665,NORMAL,47.5,48.5,53.0,17.66865,80.87403,GDBDCL_2026-05-11T01:00:00+0000_45.7463
GDBDCL,Godavari at Bhadrachalam,Godavari,2026-05-11 02:00:00+00:00,45.751791065771656,NORMAL,47.5,48.5,53.0,17.66865,80.87403,GDBDCL_2026-05-11T02:00:00+0000_45.7518
GDBDCL,Godavari at Bhadrachalam,Godavari,2026-05-11 03:00:00+00:00,45.65540738230804,NORMAL,47.5,48.5,53.0,17.66865,80.87403,GDBDCL_2026-05-11T03:00:00+0000_45.6554
GDBDCL,Godavari at Bhadrachalam,Godavari,2026-05-11 04:00:00+00:00,45.67511924382261,NORMAL,47.5,48.5,53.0,17.66865,80.87403,GDBDCL_2026-05-11T04:00:00+0000_45.6751
GDBDCL,Godavari at Bhadrachalam,Godavari,2026-05-11 05:00:00+00:00,45.6659103962189,NORMAL,47.5,48.5,53.0,17.66865,80.87403,GDBDCL_2026-05-11T05:00:00+0000_45.6659
GDBDCL,Godavari at Bhadrachalam,Godavari,2026-05-11 06:00:00+00:00,45.5853683971401,NORMAL,47.5,48.5,53.0,17.66865,80.87403,GDBDCL_2026-05-11T06:00:00+0000_45.5854
GDBDCL,Godavari at Bhadrachalam,Godavari,2026-05-11 07:00:00+00:00,45.55094445930139,NORMAL,47.5,48.5,53.0,17.66865,80.87403,GDBDCL_2026-05-11T07:00:00+0000_45.5509
GDBDCL,Godavari at Bhadrachalam,Godavari,2026-05-11 08:00:00+00:00,45.56478126100153,NORMAL,47.5,48.5,53.0,17.66865,80.87403,GDBDCL_2026-05-11T08:00:00+0000_45.5648
GDBDCL,Godavari at Bhadrachalam,Godavari,2026-05-11 09:00:00+00:00,45.53085172227291,NORMAL,47.5,48.5,53.0,17.66865,80.87403,GDBDCL_2026-05-11T09:00:00+0000_45.5309
GDBDCL,Godavari at Bhadrachalam,Godavari,2026-05-11 10:00:00+00:00,45.44527005640632,NORMAL,47.5,48.5,53.0,17.66865,80.87403,GDBDCL_2026-05-11T10:00:00+0000_45.4453
GDBDCL,Godavari at Bhadrachalam,Godavari,2026-05-11 11:00:00+00:00,45.41484541043391,NORMAL,47.5,48.5,53.0,17.66865,80.87403,GDBDCL_2026-05-11T11:00:00+0000_45.4148
GDBDCL,Godavari at Bhadrachalam,Godavari,2026-05-11 12:00:00+00:00,45.42448389188989,NORMAL,47.5,48.5,53.0,17.66865,80.87403,GDBDCL_2026-05-11T12:00:00+0000_45.4245
GDBDCL,Godavari at Bhadrachalam,Godavari,2026-05-11 13:00:00+00:00,45.46091803842082,NORMAL,47.5,48.5,53.0,17.66865,80.87403,GDBDCL_2026-05-11T13:00:00+0000_45.4609
GDBDCL,Godavari at Bhadrachalam,Godavari,2026-05-11 14:00:00+00:00,45.38977456871278,NORMAL,47.5,48.5,53.0,17.66865,80.87403,GDBDCL_2026-05-11T14:00:00+0000_45.3898
GDBDCL,Godavari at Bhadrachalam,Godavari,2026-05-11 15:00:00+00:00,45.40632164456001,NORMAL,47.5,48.5,53.0,17.66865,80.87403,GDBDCL_2026-05-11T15:00:00+0000_45.4063
GDBDCL,Godavari at Bhadrachalam,Godavari,2026-05-11 16:00:00+00:00,45.47010083528028,NORMAL,47.5,48.5,53.0,17.66865,80.87403,GDBDCL_2026-05-11T16:00:00+0000_45.4701
GDBDCL,Godavari at Bhadrachalam,Godavari,2026-05-11 17:00:00+00:00,45.5147597822976,NORMAL,47.5,48.5,53.0,17.66865,80.87403,GDBDCL_2026-05-11T17:00:00+0000_45.5148
GDBDCL,Godavari at Bhadrachalam,Godavari,2026-05-11 18:00:00+00:00,45.512288138010064,NORMAL,47.5,48.5,53.0,17.66865,80.87403,GDBDCL_2026-05-11T18:00:00+0000_45.5123
GDBDCL,Godavari at Bhadrachalam,Godavari,2026-05-11 19:00:00+00:00,45.54448806027313,NORMAL,47.5,48.5,53.0,17.66865,80.87403,GDBDCL_2026-05-11T19:00:00+0000_45.5445
GDBDCL,Godavari at Bhadrachalam,Godavari,2026-05-11 20:00:00+00:00,45.59672777625075,NORMAL,47.5,48.5,53.0,17.66865,80.87403,GDBDCL_2026-05-11T20:00:00+0000_45.5967
GDBDCL,Godavari at Bhadrachalam,Godavari,2026-05-11 21:00:00+00:00,45.59425664652935,NORMAL,47.5,48.5,53.0,17.66865,80.87403,GDBDCL_2026-05-11T21:00:00+0000_45.5943
GDBDCL,Godavari at Bhadrachalam,Godavari,2026-05-11 22:00:00+00:00,45.68225752529362,NORMAL,47.5,48.5,53.0,17.66865,80.87403,GDBDCL_2026-05-11T22:00:00+0000_45.6823
GDBDCL,Godavari at Bhadrachalam,Godavari,2026-05-11 23:00:00+00:00,45.67913702593957,NORMAL,47.5,48.5,53.0,17.66865,80.87403,GDBDCL_2026-05-11T23:00:00+0000_45.6791
GDBDCL,Godavari at Bhadrachalam,Godavari,2026-05-12 00:00:00+00:00,45.73038819675813,NORMAL,47.5,48.5,53.0,17.66865,80.87403,GDBDCL_2026-05-12T00:00:00+0000_45.7304
GDBDCL,Godavari at Bhadrachalam,Godavari,2026-05-12 01:00:00+00:00,45.67041011862784,NORMAL,47.5,48.5,53.0,17.66865,80.87403,GDBDCL_2026-05-12T01:00:00+0000_45.6704
GDBDCL,Godavari at Bhadrachalam,Godavari,2026-05-12 02:00:00+00:00,45.76590937830864,NORMAL,47.5,48.5,53.0,17.66865,80.87403,GDBDCL_2026-05-12T02:00:00+0000_45.7659
GDBDCL,Godavari at Bhadrachalam,Godavari,2026-05-12 03:00:00+00:00,45.715601397937135,NORMAL,47.5,48.5,53.0,17.66865,80.87403,GDBDCL_2026-05-12T03:00:00+0000_45.7156
GDBDCL,Godavari at Bhadrachalam,Godavari,2026-05-12 04:00:00+00:00,45.67302465182244,NORMAL,47.5,48.5,53.0,17.66865,80.87403,GDBDCL_2026-05-12T04:00:00+0000_45.6730
GDBDCL,Godavari at Bhadrachalam,Godavari,2026-05-12 05:00:00+00:00,45.66801594128511,NORMAL,47.5,48.5,53.0,17.66865,80.87403,GDBDCL_2026-05-12T05:00:00+0000_45.6680
GDBDCL,Godavari at Bhadrachalam,Godavari,2026-05-12 06:00:00+00:00,45.63704261016792,NORMAL,47.5,48.5,53.0,17.66865,80.87403,GDBDCL_2026-05-12T06:00:00+0000_45.6370
GDBDCL,Godavari at Bhadrachalam,Godavari,2026-05-12 07:00:00+00:00,45.58747252422748,NORMAL,47.5,48.5,53.0,17.66865,80.87403,GDBDCL_2026-05-12T07:00:00+0000_45.5875
GDBDCL,Godavari at Bhadrachalam,Godavari,2026-05-12 08:00:00+00:00,45.60683259964322,NORMAL,47.5,48.5,53.0,17.66865,80.87403,GDBDCL_2026-05-12T08:00:00+0000_45.6068
GDBDCL,Godavari at Bhadrachalam,Godavari,2026-05-12 09:00:00+00:00,45.49989150918591,NORMAL,47.5,48.5,53.0,17.66865,80.87403,GDBDCL_2026-05-12T09:00:00+0000_45.4999
GDBDCL,Godavari at Bhadrachalam,Godavari,2026-05-12 10:00:00+00:00,45.51466343214661,NORMAL,47.5,48.5,53.0,17.66865,80.87403,GDBDCL_2026-05-12T10:00:00+0000_45.5147
GDBDCL,Godavari at Bhadrachalam,Godavari,2026-05-12 11:00:00+00:00,45.48489111794196,NORMAL,47.5,48.5,53.0,17.66865,80.87403,GDBDCL_2026-05-12T11:00:00+0000_45.4849
GDBDCL,Godavari at Bhadrachalam,Godavari,2026-05-12 12:00:00+00:00,45.48851134288528,NORMAL,47.5,48.5,53.0,17.66865,80.87403,GDBDCL_2026-05-12T12:00:00+0000_45.4885
GDBDCL,Godavari at Bhadrachalam,Godavari,2026-05-12 13:00:00+00:00,45.427326520472064,NORMAL,47.5,48.5,53.0,17.66865,80.87403,GDBDCL_2026-05-12T13:00:00+0000_45.4273
GDBDCL,Godavari at Bhadrachalam,Godavari,2026-05-12 14:00:00+00:00,45.48132167164949,NORMAL,47.5,48.5,53.0,17.66865,80.87403,GDBDCL_2026-05-12T14:00:00+0000_45.4813
GDBDCL,Godavari at Bhadrachalam,Godavari,2026-05-12 15:00:00+00:00,45.41056618771269,NORMAL,47.5,48.5,53.0,17.66865,80.87403,GDBDCL_2026-05-12T15:00:00+0000_45.4106
GDBDCL,Godavari at Bhadrachalam,Godavari,2026-05-12 16:00:00+00:00,45.48855917570154,NORMAL,47.5,48.5,53.0,17.66865,80.87403,GDBDCL_2026-05-12T16:00:00+0000_45.4886
GDBDCL,Godavari at Bhadrachalam,Godavari,2026-05-12 17:00:00+00:00,45.46401205721524,NORMAL,47.5,48.5,53.0,17.66865,80.87403,GDBDCL_2026-05-12T17:00:00+0000_45.4640
GDBDCL,Godavari at Bhadrachalam,Godavari,2026-05-12 18:00:00+00:00,45.53687531120893,NORMAL,47.5,48.5,53.0,17.66865,80.87403,GDBDCL_2026-05-12T18:00:00+0000_45.5369
GDBDCL,Godavari at Bhadrachalam,Godavari,2026-05-12 19:00:00+00:00,45.53768504770812,NORMAL,47.5,48.5,53.0,17.66865,80.87403,GDBDCL_2026-05-12T19:00:00+0000_45.5377
GDBDCL,Godavari at Bhadrachalam,Godavari,2026-05-12 20:00:00+00:00,45.59363116260529,NORMAL,47.5,48.5,53.0,17.66865,80.87403,GDBDCL_2026-05-12T20:00:00+0000_45.5936
GDBDCL,Godavari at Bhadrachalam,Godavari,2026-05-12 21:00:00+00:00,45.66654783879763,NORMAL,47.5,48.5,53.0,17.66865,80.87403,GDBDCL_2026-05-12T21:00:00+0000_45.6665
GDBDCL,Godavari at Bhadrachalam,Godavari,2026-05-12 22:00:00+00:00,45.68914429955901,NORMAL,47.5,48.5,53.0,17.66865,80.87403,GDBDCL_2026-05-12T22:00:00+0000_45.6891
GDBDCL,Godavari at Bhadrachalam,Godavari,2026-05-12 23:00:00+00:00,45.716455393738606,NORMAL,47.5,48.5,53.0,17.66865,80.87403,GDBDCL_2026-05-12T23:00:00+0000_45.7165
GDBDCL,Godavari at Bhadrachalam,Godavari,2026-05-13 00:00:00+00:00,45.69615202060766,NORMAL,47.5,48.5,53.0,17.66865,80.87403,GDBDCL_2026-05-13T00:00:00+0000_45.6962
GDBDCL,Godavari at Bhadrachalam,Godavari,2026-05-13 01:00:00+00:00,45.70700704352021,NORMAL,47.5,48.5,53.0,17.66865,80.87403,GDBDCL_2026-05-13T01:00:00+0000_45.7070
GDBDCL,Godavari at Bhadrachalam,Godavari,2026-05-13 02:00:00+00:00,45.69314429948592,NORMAL,47.5,48.5,53.0,17.66865,80.87403,GDBDCL_2026-05-13T02:00:00+0000_45.6931
GDBDCL,Godavari at Bhadrachalam,Godavari,2026-05-13 03:00:00+00:00,45.69668672328314,NORMAL,47.5,48.5,53.0,17.66865,80.87403,GDBDCL_2026-05-13T03:00:00+0000_45.6967
GDBDCL,Godavari at Bhadrachalam,Godavari,2026-05-13 04:00:00+00:00,45.66070288296586,NORMAL,47.5,48.5,53.0,17.66865,80.87403,GDBDCL_2026-05-13T04:00:00+0000_45.6607
GDBDCL,Godavari at Bhadrachalam,Godavari,2026-05-13 05:00:00+00:00,45.65375766278489,NORMAL,47.5,48.5,53.0,17.66865,80.87403,GDBDCL_2026-05-13T05:00:00+0000_45.6538
GDBDCL,Godavari at Bhadrachalam,Godavari,2026-05-13 06:00:00+00:00,45.60870130302626,NORMAL,47.5,48.5,53.0,17.66865,80.87403,GDBDCL_2026-05-13T06:00:00+0000_45.6087
GDBDCL,Godavari at Bhadrachalam,Godavari,2026-05-13 07:00:00+00:00,45.58756394296444,NORMAL,47.5,48.5,53.0,17.66865,80.87403,GDBDCL_2026-05-13T07:00:00+0000_45.5876
GDBDCL,Godavari at Bhadrachalam,Godavari,2026-05-13 08:00:00+00:00,45.517737006372414,NORMAL,47.5,48.5,53.0,17.66865,80.87403,GDBDCL_2026-05-13T08:00:00+0000_45.5177
GDBDCL,Godavari at Bhadrachalam,Godavari,2026-05-13 09:00:00+00:00,45.56027098743712,NORMAL,47.5,48.5,53.0,17.66865,80.87403,GDBDCL_2026-05-13T09:00:00+0000_45.5603
GDBDCL,Godavari at Bhadrachalam,Godavari,2026-05-13 10:00:00+00:00,45.52216625036488,NORMAL,47.5,48.5,53.0,17.66865,80.87403,GDBDCL_2026-05-13T10:00:00+0000_45.5222
GDBDCL,Godavari at Bhadrachalam,Godavari,2026-05-13 11:00:00+00:00,45.46335131546886,NORMAL,47.5,48.5,53.0,17.66865,80.87403,GDBDCL_2026-05-13T11:00:00+0000_45.4634
GDBDCL,Godavari at Bhadrachalam,Godavari,2026-05-13 12:00:00+00:00,45.43402307487907,NORMAL,47.5,48.5,53.0,17.66865,80.87403,GDBDCL_2026-05-13T12:00:00+0000_45.4340
GDBDCL,Godavari at Bhadrachalam,Godavari,2026-05-13 13:00:00+00:00,45.469027295391946,NORMAL,47.5,48.5,53.0,17.66865,80.87403,GDBDCL_2026-05-13T13:00:00+0000_45.4690
GDBDCL,Godavari at Bhadrachalam,Godavari,2026-05-13 14:00:00+00:00,45.40985029895518,NORMAL,47.5,48.5,53.0,17.66865,80.87403,GDBDCL_2026-05-13T14:00:00+0000_45.4099
GDBDCL,Godavari at Bhadrachalam,Godavari,2026-05-13 15:00:00+00:00,45.4894458239384,NORMAL,47.5,48.5,53.0,17.66865,80.87403,GDBDCL_2026-05-13T15:00:00+0000_45.4894
GDBDCL,Godavari at Bhadrachalam,Godavari,2026-05-13 16:00:00+00:00,45.45447964040715,NORMAL,47.5,48.5,53.0,17.66865,80.87403,GDBDCL_2026-05-13T16:00:00+0000_45.4545
GDBDCL,Godavari at Bhadrachalam,Godavari,2026-05-13 17:00:00+00:00,45.52415202600845,NORMAL,47.5,48.5,53.0,17.66865,80.87403,GDBDCL_2026-05-13T17:00:00+0000_45.5242
GDBDCL,Godavari at Bhadrachalam,Godavari,2026-05-13 18:00:00+00:00,45.485576673385005,NORMAL,47.5,48.5,53.0,17.66865,80.87403,GDBDCL_2026-05-13T18:00:00+0000_45.4856
GDBDCL,Godavari at Bhadrachalam,Godavari,2026-05-13 19:00:00+00:00,45.52809203234078,NORMAL,47.5,48.5,53.0,17.66865,80.87403,GDBDCL_2026-05-13T19:00:00+0000_45.5281
GDBDCL,Godavari at Bhadrachalam,Godavari,2026-05-13 20:00:00+00:00,45.63686246556412,NORMAL,47.5,48.5,53.0,17.66865,80.87403,GDBDCL_2026-05-13T20:00:00+0000_45.6369
GDBDCL,Godavari at Bhadrachalam,Godavari,2026-05-13 21:00:00+00:00,45.6659163145853,NORMAL,47.5,48.5,53.0,17.66865,80.87403,GDBDCL_2026-05-13T21:00:00+0000_45.6659
GDBDCL,Godavari at Bhadrachalam,Godavari,2026-05-13 22:00:00+00:00,45.70591433053335,NORMAL,47.5,48.5,53.0,17.66865,80.87403,GDBDCL_2026-05-13T22:00:00+0000_45.7059
GDBDCL,Godavari at Bhadrachalam,Godavari,2026-05-13 23:00:00+00:00,,,47.5,48.5,53.0,17.66865,80.87403,GDBDCL_2026-05-13T23:00:00+0000_
GDBDCL,Godavari at Bhadrachalam,Godavari,2026-05-14 00:00:00+00:00,45.73624805799847,NORMAL,47.5,48.5,53.0,17.66865,80.87403,GDBDCL_2026-05-14T00:00:00+0000_45.7362
GDBDCL,Godavari at Bhadrachalam,Godavari,2026-05-14 01:00:00+00:00,45.72293899819612,NORMAL,47.5,48.5,53.0,17.66865,80.87403,GDBDCL_2026-05-14T01:00:00+0000_45.7229
GDBDCL,Godavari at Bhadrachalam,Godavari,2026-05-14 02:00:00+00:00,45.68057919013133,NORMAL,47.5,48.5,53.0,17.66865,80.87403,GDBDCL_2026-05-14T02:00:00+0000_45.6806
GDBDCL,Godavari at Bhadrachalam,Godavari,2026-05-14 03:00:00+00:00,45.72336273487569,NORMAL,47.5,48.5,53.0,17.66865,80.87403,GDBDCL_2026-05-14T03:00:00+0000_45.7234
GDBDCL,Godavari at Bhadrachalam,Godavari,2026-05-14 04:00:00+00:00,45.70754468573416,NORMAL,47.5,48.5,53.0,17.66865,80.87403,GDBDCL_2026-05-14T04:00:00+0000_45.7075
GDBDCL,Godavari at Bhadrachalam,Godavari,2026-05-14 05:00:00+00:00,45.67482003425915,NORMAL,47.5,48.5,53.0,17.66865,80.87403,GDBDCL_2026-05-14T05:00:00+0000_45.6748
GDBDCL,Godavari at Bhadrachalam,Godavari,2026-05-14 06:00:00+00:00,45.59694519707529,NORMAL,47.5,48.5,53.0,17.66865,80.87403,GDBDCL_2026-05-14T06:00:00+0000_45.5969
GDBDCL,Godavari at Bhadrachalam,Godavari,2026-05-14 07:00:00+00:00,45.56495280024122,NORMAL,47.5,48.5,53.0,17.66865,80.87403,GDBDCL_2026-05-14T07:00:00+0000_45.5650
GDBDCL,Godavari at Bhadrachalam,Godavari,2026-05-14 08:00:00+00:00,45.61401894779021,NORMAL,47.5,48.5,53.0,17.66865,80.87403,GDBDCL_2026-05-14T08:00:00+0000_45.6140
GDBDCL,Godavari at Bhadrachalam,Godavari,2026-05-14 09:00:00+00:00,45.58211964796628,NORMAL,47.5,48.5,53.0,17.66865,80.87403,GDBDCL_2026-05-14T09:00:00+0000_45.5821
GDBDCL,Godavari at Bhadrachalam,Godavari,2026-05-14 10:00:00+00:00,45.51462455022694,NORMAL,47.5,48.5,53.0,17.66865,80.87403,GDBDCL_2026-05-14T10:00:00+0000_45.5146
GDBDCL,Godavari at Bhadrachalam,Godavari,2026-05-14 11:00:00+00:00,45.425905201865646,NORMAL,47.5,48.5,53.0,17.66865,80.87403,GDBDCL_2026-05-14T11:00:00+0000_45.4259
GDBDCL,Godavari at Bhadrachalam,Godavari,2026-05-14 12:00:00+00:00,45.46879107581619,NORMAL,47.5,48.5,53.0,17.66865,80.87403,GDBDCL_2026-05-14T12:00:00+0000_45.4688
GDBDCL,Godavari at Bhadrachalam,Godavari,2026-05-14 13:00:00+00:00,45.40123623917607,NORMAL,47.5,48.5,53.0,17.66865,80.87403,GDBDCL_2026-05-14T13:00:00+0000_45.4012
GDBDCL,Godavari at Bhadrachalam,Godavari,2026-05-14 14:00:00+00:00,45.46097472734378,NORMAL,47.5,48.5,53.0,17.66865,80.87403,GDBDCL_2026-05-14T14:00:00+0000_45.4610
GDBDCL,Godavari at Bhadrachalam,Godavari,2026-05-14 15:00:00+00:00,45.41986910866369,NORMAL,47.5,48.5,53.0,17.66865,80.87403,GDBDCL_2026-05-14T15:00:00+0000_45.4199
GDBDCL,Godavari at Bhadrachalam,Godavari,2026-05-14 16:00:00+00:00,45.4967420482223,NORMAL,47.5,48.5,53.0,17.66865,80.87403,GDBDCL_2026-05-14T16:00:00+0000_45.4967
GDBDCL,Godavari at Bhadrachalam,Godavari,2026-05-14 17:00:00+00:00,45.50508754205544,NORMAL,47.5,48.5,53.0,17.66865,80.87403,GDBDCL_2026-05-14T17:00:00+0000_45.5051
GDBDCL,Godavari at Bhadrachalam,Godavari,2026-05-14 18:00:00+00:00,45.56793473934514,NORMAL,47.5,48.5,53.0,17.66865,80.87403,GDBDCL_2026-05-14T18:00:00+0000_45.5679
GDBDCL,Godavari at Bhadrachalam,Godavari,2026-05-14 19:00:00+00:00,45.57002005241887,NORMAL,47.5,48.5,53.0,17.66865,80.87403,GDBDCL_2026-05-14T19:00:00+0000_45.5700
GDBDCL,Godavari at Bhadrachalam,Godavari,2026-05-14 20:00:00+00:00,45.61161703955823,NORMAL,47.5,48.5,53.0,17.66865,80.87403,GDBDCL_2026-05-14T20:00:00+0000_45.6116
GDBDCL,Godavari at Bhadrachalam,Godavari,2026-05-14 21:00:00+00:00,45.64325612974291,NORMAL,47.5,48.5,53.0,17.66865,80.87403,GDBDCL_2026-05-14T21:00:00+0000_45.6433
GDBDCL,Godavari at Bhadrachalam,Godavari,2026-05-14 22:00:00+00:00,45.67549833379548,NORMAL,47.5,48.5,53.0,17.66865,80.87403,GDBDCL_2026-05-14T22:00:00+0000_45.6755
GDBDCL,Godavari at Bhadrachalam,Godavari,2026-05-14 23:00:00+00:00,45.73098994798743,NORMAL,47.5,48.5,53.0,17.66865,80.87403,GDBDCL_2026-05-14T23:00:00+0000_45.7310
GDBDCL,Godavari at Bhadrachalam,Godavari,2026-05-15 00:00:00+00:00,45.7098786090451,NORMAL,47.5,48.5,53.0,17.66865,80.87403,GDBDCL_2026-05-15T00:00:00+0000_45.7099
GDBDCL,Godavari at Bhadrachalam,Godavari,2026-05-15 01:00:00+00:00,45.71055060034198,NORMAL,47.5,48.5,53.0,17.66865,80.87403,GDBDCL_2026-05-15T01:00:00+0000_45.7106
GDBDCL,Godavari at Bhadrachalam,Godavari,2026-05-15 02:00:00+00:00,45.74493058090579,NORMAL,47.5,48.5,53.0,17.66865,80.87403,GDBDCL_2026-05-15T02:00:00+0000_45.7449
GDBDCL,Godavari at Bhadrachalam,Godavari,2026-05-15 03:00:00+00:00,45.73752629527979,NORMAL,47.5,48.5,53.0,17.66865,80.87403,GDBDCL_2026-05-15T03:00:00+0000_45.7375
GDBDCL,Godavari at Bhadrachalam,Godavari,2026-05-15 04:00:00+00:00,45.70041900072026,NORMAL,47.5,48.5,53.0,17.66865,80.87403,GDBDCL_2026-05-15T04:00:00+0000_45.7004
GDBDCL,Godavari at Bhadrachalam,Godavari,2026-05-15 05:00:00+00:00,45.65484597183337,NORMAL,47.5,48.5,53.0,17.66865,80.87403,GDBDCL_2026-05-15T05:00:00+0000_45.6548
GDBDCL,Godavari at Bhadrachalam,Godavari,2026-05-15 06:00:00+00:00,45.624136494088994,NORMAL,47.5,48.5,53.0,17.66865,80.87403,GDBDCL_2026-05-15T06:00:00+0000_45.6241
GDBDCL,Godavari at Bhadrachalam,Godavari,2026-05-15 07:00:00+00:00,45.63797757175842,NORMAL,47.5,48.5,53.0,17.66865,80.87403,GDBDCL_2026-05-15T07:00:00+0000_45.6380
GDBDCL,Godavari at Bhadrachalam,Godavari,2026-05-15 08:00:00+00:00,45.56203507197043,NORMAL,47.5,48.5,53.0,17.66865,80.87403,GDBDCL_2026-05-15T08:00:00+0000_45.5620
GDBDCL,Godavari at Bhadrachalam,Godavari,2026-05-15 09:00:00+00:00,45.514050825191376,NORMAL,47.5,48.5,53.0,17.66865,80.87403,GDBDCL_2026-05-15T09:00:00+0000_45.5141
GDBDCL,Godavari at Bhadrachalam,Godavari,2026-05-15 10:00:00+00:00,45.50969232660511,NORMAL,47.5,48.5,53.0,17.66865,80.87403,GDBDCL_2026-05-15T10:00:00+0000_45.5097
GDBDCL,Godavari at Bhadrachalam,Godavari,2026-05-15 11:00:00+00:00,45.43778715024075,NORMAL,47.5,48.5,53.0,17.66865,80.87403,GDBDCL_2026-05-15T11:00:00+0000_45.4378
GDBDCL,Godavari at Bhadrachalam,Godavari,2026-05-15 12:00:00+00:00,45.50854771408223,NORMAL,47.5,48.5,53.0,17.66865,80.87403,GDBDCL_2026-05-15T12:00:00+0000_45.5085
GDBDCL,Godavari at Bhadrachalam,Godavari,2026-05-15 13:00:00+00:00,45.49696357314605,NORMAL,47.5,48.5,53.0,17.66865,80.87403,GDBDCL_2026-05-15T13:00:00+0000_45.4970
GDBDCL,Godavari at Bhadrachalam,Godavari,2026-05-15 14:00:00+00:00,45.43998929220924,NORMAL,47.5,48.5,53.0,17.66865,80.87403,GDBDCL_2026-05-15T14:00:00+0000_45.4400
GDBDCL,Godavari at Bhadrachalam,Godavari,2026-05-15 15:00:00+00:00,45.41908212873359,NORMAL,47.5,48.5,53.0,17.66865,80.87403,GDBDCL_2026-05-15T15:00:00+0000_45.4191
GDBDCL,Godavari at Bhadrachalam,Godavari,2026-05-15 16:00:00+00:00,45.46848088969465,NORMAL,47.5,48.5,53.0,17.66865,80.87403,GDBDCL_2026-05-15T16:00:00+0000_45.4685
GDBDCL,Godavari at Bhadrachalam,Godavari,2026-05-15 17:00:00+00:00,45.51039820364596,NORMAL,47.5,48.5,53.0,17.66865,80.87403,GDBDCL_2026-05-15T17:00:00+0000_45.5104
GDBDCL,Godavari at Bhadrachalam,Godavari,2026-05-15 18:00:00+00:00,45.524594797018366,NORMAL,47.5,48.5,53.0,17.66865,80.87403,GDBDCL_2026-05-15T18:00:00+0000_45.5246
GDBDCL,Godavari at Bhadrachalam,Godavari,2026-05-15 19:00:00+00:00,45.52041157032532,NORMAL,47.5,48.5,53.0,17.66865,80.87403,GDBDCL_2026-05-15T19:00:00+0000_45.5204
GDBDCL,Godavari at Bhadrachalam,Godavari,2026-05-15 20:00:00+00:00,45.57797607607346,NORMAL,47.5,48.5,53.0,17.66865,80.87403,GDBDCL_2026-05-15T20:00:00+0000_45.5780
GDBDCL,Godavari at Bhadrachalam,Godavari,2026-05-15 21:00:00+00:00,45.68602323133837,NORMAL,47.5,48.5,53.0,17.66865,80.87403,GDBDCL_2026-05-15T21:00:00+0000_45.6860
GDBDCL,Godavari at Bhadrachalam,Godavari,2026-05-15 22:00:00+00:00,45.64245213967224,NORMAL,47.5,48.5,53.0,17.66865,80.87403,GDBDCL_2026-05-15T22:00:00+0000_45.6425
GDBDCL,Godavari at Bhadrachalam,Godavari,2026-05-15 23:00:00+00:00,45.7195977637878,NORMAL,47.5,48.5,53.0,17.66865,80.87403,GDBDCL_2026-05-15T23:00:00+0000_45.7196
GDBDCL,Godavari at Bhadrachalam,Godavari,2026-05-16 00:00:00+00:00,45.692402676439166,NORMAL,47.5,48.5,53.0,17.66865,80.87403,GDBDCL_2026-05-16T00:00:00+0000_45.6924
GDBDCL,Godavari at Bhadrachalam,Godavari,2026-05-16 01:00:00+00:00,45.70827120900067,NORMAL,47.5,48.5,53.0,17.66865,80.87403,GDBDCL_2026-05-16T01:00:00+0000_45.7083
GDBDCL,Godavari at Bhadrachalam,Godavari,2026-05-16 02:00:00+00:00,45.7802238328461,NORMAL,47.5,48.5,53.0,17.66865,80.87403,GDBDCL_2026-05-16T02:00:00+0000_45.7802
GDBDCL,Godavari at Bhadrachalam,Godavari,2026-05-16 03:00:00+00:00,45.71174778025915,NORMAL,47.5,48.5,53.0,17.66865,80.87403,GDBDCL_2026-05-16T03:00:00+0000_45.7117
GDBDCL,Godavari at Bhadrachalam,Godavari,2026-05-16 04:00:00+00:00,45.72974687600243,NORMAL,47.5,48.5,53.0,17.66865,80.87403,GDBDCL_2026-05-16T04:00:00+0000_45.7297
GDBDCL,Godavari at Bhadrachalam,Godavari,2026-05-16 05:00:00+00:00,45.68378798070382,NORMAL,47.5,48.5,53.0,17.66865,80.87403,GDBDCL_2026-05-16T05:00:00+0000_45.6838
GDBDCL,Godavari at Bhadrachalam,Godavari,2026-05-16 06:00:00+00:00,45.69888831704122,NORMAL,47.5,48.5,53.0,17.66865,80.87403,GDBDCL_2026-05-16T06:00:00+0000_45.6989
GDBDCL,Godavari at Bhadrachalam,Godavari,2026-05-16 07:00:00+00:00,45.58877974490384,NORMAL,47.5,48.5,53.0,17.66865,80.87403,GDBDCL_2026-05-16T07:00:00+0000_45.5888
GDBDCL,Godavari at Bhadrachalam,Godavari,2026-05-16 08:00:00+00:00,45.59269248187904,NORMAL,47.5,48.5,53.0,17.66865,80.87403,GDBDCL_2026-05-16T08:00:00+0000_45.5927
GDBDCL,Godavari at Bhadrachalam,Godavari,2026-05-16 09:00:00+00:00,45.533536519271145,NORMAL,47.5,48.5,53.0,17.66865,80.87403,GDBDCL_2026-05-16T09:00:00+0000_45.5335
GDBDCL,Godavari at Bhadrachalam,Godavari,2026-05-16 10:00:00+00:00,45.51582765973096,NORMAL,47.5,48.5,53.0,17.66865,80.87403,GDBDCL_2026-05-16T10:00:00+0000_45.5158
GDBDCL,Godavari at Bhadrachalam,Godavari,2026-05-16 11:00:00+00:00,45.531659609872975,NORMAL,47.5,48.5,53.0,17.66865,80.87403,GDBDCL_2026-05-16T11:00:00+0000_45.5317
GDBDCL,Godavari at Bhadrachalam,Godavari,2026-05-16 12:00:00+00:00,45.42231877465903,NORMAL,47.5,48.5,53.0,17.66865,80.87403,GDBDCL_2026-05-16T12:00:00+0000_45.4223
GDBDCL,Godavari at Bhadrachalam,Godavari,2026-05-16 13:00:00+00:00,45.41491250939606,NORMAL,47.5,48.5,53.0,17.66865,80.87403,GDBDCL_2026-05-16T13:00:00+0000_45.4149
GDBDCL,Godavari at Bhadrachalam,Godavari,2026-05-16 14:00:00+00:00,45.4046464879472,NORMAL,47.5,48.5,53.0,17.66865,80.87403,GDBDCL_2026-05-16T14:00:00+0000_45.4046
GDBDCL,Godavari at Bhadrachalam,Godavari,2026-05-16 15:00:00+00:00,45.48790474938644,NORMAL,47.5,48.5,53.0,17.66865,80.87403,GDBDCL_2026-05-16T15:00:00+0000_45.4879
GDBDCL,Godavari at Bhadrachalam,Godavari,2026-05-16 16:00:00+00:00,45.513881578253695,NORMAL,47.5,48.5,53.0,17.66865,80.87403,GDBDCL_2026-05-16T16:00:00+0000_45.5139
GDBDCL,Godavari at Bhadrachalam,Godavari,2026-05-16 17:00:00+00:00,45.496403772832046,NORMAL,47.5,48.5,53.0,17.66865,80.87403,GDBDCL_2026-05-16T17:00:00+0000_45.4964
GDBDCL,Godavari at Bhadrachalam,Godavari,2026-05-16 18:00:00+00:00,45.49343510446885,NORMAL,47.5,48.5,53.0,17.66865,80.87403,GDBDCL_2026-05-16T18:00:00+0000_45.4934
GDBDCL,Godavari at Bhadrachalam,Godavari,2026-05-16 19:00:00+00:00,45.615750235157975,NORMAL,47.5,48.5,53.0,17.66865,80.87403,GDBDCL_2026-05-16T19:00:00+0000_45.6158
GDBDCL,Godavari at Bhadrachalam,Godavari,2026-05-16 20:00:00+00:00,45.61241818299214,NORMAL,47.5,48.5,53.0,17.66865,80.87403,GDBDCL_2026-05-16T20:00:00+0000_45.6124
GDBDCL,Godavari at Bhadrachalam,Godavari,2026-05-16 21:00:00+00:00,45.59843922855448,NORMAL,47.5,48.5,53.0,17.66865,80.87403,GDBDCL_2026-05-16T21:00:00+0000_45.5984
GDBDCL,Godavari at Bhadrachalam,Godavari,2026-05-16 22:00:00+00:00,45.65487052922137,NORMAL,47.5,48.5,53.0,17.66865,80.87403,GDBDCL_2026-05-16T22:00:00+0000_45.6549
GDBDCL,Godavari at Bhadrachalam,Godavari,2026-05-16 23:00:00+00:00,45.68299997060793,NORMAL,47.5,48.5,53.0,17.66865,80.87403,GDBDCL_2026-05-16T23:00:00+0000_45.6830
GDBDCL,Godavari at Bhadrachalam,Godavari,2026-05-17 00:00:00+00:00,45.68313560441951,NORMAL,47.5,48.5,53.0,17.66865,80.87403,GDBDCL_2026-05-17T00:00:00+0000_45.6831
GDBDCL,Godavari at Bhadrachalam,Godavari,2026-05-17 01:00:00+00:00,45.71551393657623,NORMAL,47.5,48.5,53.0,17.66865,80.87403,GDBDCL_2026-05-17T01:00:00+0000_45.7155
GDBDCL,Godavari at Bhadrachalam,Godavari,2026-05-17 02:00:00+00:00,45.77861342135087,NORMAL,47.5,48.5,53.0,17.66865,80.87403,GDBDCL_2026-05-17T02:00:00+0000_45.7786
GDBDCL,Godavari at Bhadrachalam,Godavari,2026-05-17 03:00:00+00:00,45.740225470639686,NORMAL,47.5,48.5,53.0,17.66865,80.87403,GDBDCL_2026-05-17T03:00:00+0000_45.7402
GDBDCL,Godavari at Bhadrachalam,Godavari,2026-05-17 04:00:00+00:00,45.757384988504405,NORMAL,47.5,48.5,53.0,17.66865,80.87403,GDBDCL_2026-05-17T04:00:00+0000_45.7574
GDBDCL,Godavari at Bhadrachalam,Godavari,2026-05-17 05:00:00+00:00,45.69347847456292,NORMAL,47.5,48.5,53.0,17.66865,80.87403,GDBDCL_2026-05-17T05:00:00+0000_45.6935
GDBDCL,Godavari at Bhadrachalam,Godavari,2026-05-17 06:00:00+00:00,45.66258511950218,NORMAL,47.5,48.5,53.0,17.66865,80.87403,GDBDCL_2026-05-17T06:00:00+0000_45.6626
GDBDCL,Godavari at Bhadrachalam,Godavari,2026-05-17 07:00:00+00:00,45.576019358527375,NORMAL,47.5,48.5,53.0,17.66865,80.87403,GDBDCL_2026-05-17T07:00:00+0000_45.5760
GDBDCL,Godavari at Bhadrachalam,Godavari,2026-05-17 08:00:00+00:00,45.62844559340007,NORMAL,47.5,48.5,53.0,17.66865,80.87403,GDBDCL_2026-05-17T08:00:00+0000_45.6284
GDBDCL,Godavari at Bhadrachalam,Godavari,2026-05-17 09:00:00+00:00,45.559333260943816,NORMAL,47.5,48.5,53.0,17.66865,80.87403,GDBDCL_2026-05-17T09:00:00+0000_45.5593
GDBDCL,Godavari at Bhadrachalam,Godavari,2026-05-17 10:00:00+00:00,45.48007879980096,NORMAL,47.5,48.5,53.0,17.66865,80.87403,GDBDCL_2026-05-17T10:00:00+0000_45.4801
GDBDCL,Godavari at Bhadrachalam,Godavari,2026-05-17 11:00:00+00:00,45.52878752391816,NORMAL,47.5,48.5,53.0,17.66865,80.87403,GDBDCL_2026-05-17T11:00:00+0000_45.5288
GDBDCL,Godavari at Bhadrachalam,Godavari,2026-05-17 12:00:00+00:00,45.5028219778816,NORMAL,47.5,48.5,53.0,17.66865,80.87403,GDBDCL_2026-05-17T12:00:00+0000_45.5028
GDBDCL,Godavari at Bhadrachalam,Godavari,2026-05-17 13:00:00+00:00,45.50881151930391,NORMAL,47.5,48.5,53.0,17.66865,80.87403,GDBDCL_2026-05-17T13:00:00+0000_45.5088
GDBDCL,Godavari at Bhadrachalam,Godavari,2026-05-17 14:00:00+00:00,45.46691656697727,NORMAL,47.5,48.5,53.0,17.66865,80.87403,GDBDCL_2026-05-17T14:00:00+0000_45.4669
GDBDCL,Godavari at Bhadrachalam,Godavari,2026-05-17 15:00:00+00:00,45.47644466306642,NORMAL,47.5,48.5,53.0,17.66865,80.87403,GDBDCL_2026-05-17T15:00:00+0000_45.4764
GDBDCL,Godavari at Bhadrachalam,Godavari,2026-05-17 16:00:00+00:00,45.44742903089872,NORMAL,47.5,48.5,53.0,17.66865,80.87403,GDBDCL_2026-05-17T16:00:00+0000_45.4474
GDBDCL,Godavari at Bhadrachalam,Godavari,2026-05-17 17:00:00+00:00,45.542014408408825,NORMAL,47.5,48.5,53.0,17.66865,80.87403,GDBDCL_2026-05-17T17:00:00+0000_45.5420
GDBDCL,Godavari at Bhadrachalam,Godavari,2026-05-17 18:00:00+00:00,45.52988206839981,NORMAL,47.5,48.5,53.0,17.66865,80.87403,GDBDCL_2026-05-17T18:00:00+0000_45.5299
GDBDCL,Godavari at Bhadrachalam,Godavari,2026-05-17 19:00:00+00:00,45.54024260510267,NORMAL,47.5,48.5,53.0,17.66865,80.87403,GDBDCL_2026-05-17T19:00:00+0000_45.5402
GDBDCL,Godavari at Bhadrachalam,Godavari,2026-05-17 20:00:00+00:00,45.58428511019656,NORMAL,47.5,48.5,53.0,17.66865,80.87403,GDBDCL_2026-05-17T20:00:00+0000_45.5843
GDBDCL,Godavari at Bhadrachalam,Godavari,2026-05-17 21:00:00+00:00,45.68608845717557,NORMAL,47.5,48.5,53.0,17.66865,80.87403,GDBDCL_2026-05-17T21:00:00+0000_45.6861
GDBDCL,Godavari at Bhadrachalam,Godavari,2026-05-17 22:00:00+00:00,45.72398744597015,NORMAL,47.5,48.5,53.0,17.66865,80.87403,GDBDCL_2026-05-17T22:00:00+0000_45.7240
GDBDCL,Godavari at Bhadrachalam,Godavari,2026-05-17 23:00:00+00:00,45.70414187210231,NORMAL,47.5,48.5,53.0,17.66865,80.87403,GDBDCL_2026-05-17T23:00:00+0000_45.7041
GDBDCL,Godavari at Bhadrachalam,Godavari,2026-05-18 00:00:00+00:00,45.7290624165644,NORMAL,47.5,48.5,53.0,17.66865,80.87403,GDBDCL_2026-05-18T00:00:00+0000_45.7291
GDBDCL,Godavari at Bhadrachalam,Godavari,2026-05-18 01:00:00+00:00,45.70089476101819,NORMAL,47.5,48.5,53.0,17.66865,80.87403,GDBDCL_2026-05-18T01:00:00+0000_45.7009
GDBDCL,Godavari at Bhadrachalam,Godavari,2026-05-18 02:00:00+00:00,45.7127338237323,NORMAL,47.5,48.5,53.0,17.66865,80.87403,GDBDCL_2026-05-18T02:00:00+0000_45.7127
GDBDCL,Godavari at Bhadrachalam,Godavari,2026-05-18 03:00:00+00:00,45.73533536151589,NORMAL,47.5,48.5,53.0,17.66865,80.87403,GDBDCL_2026-05-18T03:00:00+0000_45.7353
GDBDCL,Godavari at Bhadrachalam,Godavari,2026-05-18 04:00:00+00:00,45.706082354409205,NORMAL,47.5,48.5,53.0,17.66865,80.87403,GDBDCL_2026-05-18T04:00:00+0000_45.7061
GDBDCL,Godavari at Bhadrachalam,Godavari,2026-05-18 05:00:00+00:00,45.71599197494903,NORMAL,47.5,48.5,53.0,17.66865,80.87403,GDBDCL_2026-05-18T05:00:00+0000_45.7160
GDBDCL,Godavari at Bhadrachalam,Godavari,2026-05-18 06:00:00+00:00,47.619920845575294,WARNING,47.5,48.5,53.0,17.66865,80.87403,GDBDCL_2026-05-18T06:00:00+0000_47.6199
GDBDCL,Godavari at Bhadrachalam,Godavari,2026-05-18 07:00:00+00:00,47.405896358717456,NORMAL,47.5,48.5,53.0,17.66865,80.87403,GDBDCL_2026-05-18T07:00:00+0000_47.4059
GDBDCL,Godavari at Bhadrachalam,Godavari,2026-05-18 08:00:00+00:00,47.22738511254382,NORMAL,47.5,48.5,53.0,17.66865,80.87403,GDBDCL_2026-05-18T08:00:00+0000_47.2274
GDBDCL,Godavari at Bhadrachalam,Godavari,2026-05-18 09:00:00+00:00,45.58316632650256,NORMAL,47.5,48.5,53.0,17.66865,80.87403,GDBDCL_2026-05-18T09:00:00+0000_45.5832
GDBDCL,Godavari at Bhadrachalam,Godavari,2026-05-18 10:00:00+00:00,45.55956870341828,NORMAL,47.5,48.5,53.0,17.66865,80.87403,GDBDCL_2026-05-18T10:00:00+0000_45.5596
GDBDCL,Godavari at Bhadrachalam,Godavari,2026-05-18 11:00:00+00:00,45.44802918667814,NORMAL,47.5,48.5,53.0,17.66865,80.87403,GDBDCL_2026-05-18T11:00:00+0000_45.4480
GDBDCL,Godavari at Bhadrachalam,Godavari,2026-05-18 12:00:00+00:00,45.463944701401445,NORMAL,47.5,48.5,53.0,17.66865,80.87403,GDBDCL_2026-05-18T12:00:00+0000_45.4639
GDBDCL,Godavari at Bhadrachalam,Godavari,2026-05-18 13:00:00+00:00,45.416682877569805,NORMAL,47.5,48.5,53.0,17.66865,80.87403,GDBDCL_2026-05-18T13:00:00+0000_45.4167
GDBDCL,Godavari at Bhadrachalam,Godavari,2026-05-18 14:00:00+00:00,45.49224221251762,NORMAL,47.5,48.5,53.0,17.66865,80.87403,GDBDCL_2026-05-18T14:00:00+0000_45.4922
GDBDCL,Godavari at Bhadrachalam,Godavari,2026-05-18 15:00:00+00:00,,,47.5,48.5,53.0,17.66865,80.87403,GDBDCL_2026-05-18T15:00:00+0000_
GDBDCL,Godavari at Bhadrachalam,Godavari,2026-05-18 16:00:00+00:00,45.48610155379262,NORMAL,47.5,48.5,53.0,17.66865,80.87403,GDBDCL_2026-05-18T16:00:00+0000_45.4861
GDBDCL,Godavari at Bhadrachalam,Godavari,2026-05-18 17:00:00+00:00,45.5417026319991,NORMAL,47.5,48.5,53.0,17.66865,80.87403,GDBDCL_2026-05-18T17:00:00+0000_45.5417
GDBDCL,Godavari at Bhadrachalam,Godavari,2026-05-18 18:00:00+00:00,45.541258026946416,NORMAL,47.5,48.5,53.0,17.66865,80.87403,GDBDCL_2026-05-18T18:00:00+0000_45.5413
GDBDCL,Godavari at Bhadrachalam,Godavari,2026-05-18 19:00:00+00:00,45.61686190779117,NORMAL,47.5,48.5,53.0,17.66865,80.87403,GDBDCL_2026-05-18T19:00:00+0000_45.6169
GDBDCL,Godavari at Bhadrachalam,Godavari,2026-05-18 20:00:00+00:00,45.653312266528765,NORMAL,47.5,48.5,53.0,17.66865,80.87403,GDBDCL_2026-05-18T20:00:00+0000_45.6533
GDBDCL,Godavari at Bhadrachalam,Godavari,2026-05-18 21:00:00+00:00,45.6417014394884,NORMAL,47.5,48.5,53.0,17.66865,80.87403,GDBDCL_2026-05-18T21:00:00+0000_45.6417
GDBDCL,Godavari at Bhadrachalam,Godavari,2026-05-18 22:00:00+00:00,45.69685472069899,NORMAL,47.5,48.5,53.0,17.66865,80.87403,GDBDCL_2026-05-18T22:00:00+0000_45.6969
GDBDCL,Godavari at Bhadrachalam,Godavari,2026-05-18 23:00:00+00:00,45.71497676020656,NORMAL,47.5,48.5,53.0,17.66865,80.87403,GDBDCL_2026-05-18T23:00:00+0000_45.7150
GDBDCL,Godavari at Bhadrachalam,Godavari,2026-05-19 00:00:00+00:00,45.70426214655364,NORMAL,47.5,48.5,53.0,17.66865,80.87403,GDBDCL_2026-05-19T00:00:00+0000_45.7043
GDBDCL,Godavari at Bhadrachalam,Godavari,2026-05-19 01:00:00+00:00,45.70781418688343,NORMAL,47.5,48.5,53.0,17.66865,80.87403,GDBDCL_2026-05-19T01:00:00+0000_45.7078
GDBDCL,Godavari at Bhadrachalam,Godavari,2026-05-19 02:00:00+00:00,45.7388906949114,NORMAL,47.5,48.5,53.0,17.66865,80.87403,GDBDCL_2026-05-19T02:00:00+0000_45.7389
GDBDCL,Godavari at Bhadrachalam,Godavari,2026-05-19 03:00:00+00:00,45.74792855925385,NORMAL,47.5,48.5,53.0,17.66865,80.87403,GDBDCL_2026-05-19T03:00:00+0000_45.7479
GDBDCL,Godavari at Bhadrachalam,Godavari,2026-05-19 04:00:00+00:00,45.67712940058225,NORMAL,47.5,48.5,53.0,17.66865,80.87403,GDBDCL_2026-05-19T04:00:00+0000_45.6771
GDBDCL,Godavari at Bhadrachalam,Godavari,2026-05-19 05:00:00+00:00,45.7351928289856,NORMAL,47.5,48.5,53.0,17.66865,80.87403,GDBDCL_2026-05-19T05:00:00+0000_45.7352
GDBDCL,Godavari at Bhadrachalam,Godavari,2026-05-19 06:00:00+00:00,45.62251873837258,NORMAL,47.5,48.5,53.0,17.66865,80.87403,GDBDCL_2026-05-19T06:00:00+0000_45.6225
GDBDCL,Godavari at Bhadrachalam,Godavari,2026-05-19 07:00:00+00:00,45.66731759834501,NORMAL,47.5,48.5,53.0,17.66865,80.87403,GDBDCL_2026-05-19T07:00:00+0000_45.6673
GDBDCL,Godavari at Bhadrachalam,Godavari,2026-05-19 08:00:00+00:00,45.60241826784521,NORMAL,47.5,48.5,53.0,17.66865,80.87403,GDBDCL_2026-05-19T08:00:00+0000_45.6024
GDBDCL,Godavari at Bhadrachalam,Godavari,2026-05-19 09:00:00+00:00,45.530809106564654,NORMAL,47.5,48.5,53.0,17.66865,80.87403,GDBDCL_2026-05-19T09:00:00+0000_45.5308
GDBDCL,Godavari at Bhadrachalam,Godavari,2026-05-19 10:00:00+00:00,45.522095453288266,NORMAL,47.5,48.5,53.0,17.66865,80.87403,GDBDCL_2026-05-19T10:00:00+0000_45.5221
GDBDCL,Godavari at Bhadrachalam,Godavari,2026-05-19 11:00:00+00:00,45.46312880574384,NORMAL,47.5,48.5,53.0,17.66865,80.87403,GDBDCL_2026-05-19T11:00:00+0000_45.4631
GDBDCL,Godavari at Bhadrachalam,Godavari,2026-05-19 12:00:00+00:00,45.47322939603352,NORMAL,47.5,48.5,53.0,17.66865,80.87403,GDBDCL_2026-05-19T12:00:00+0000_45.4732
GDBDCL,Godavari at Bhadrachalam,Godavari,2026-05-19 13:00:00+00:00,45.42689833872776,NORMAL,47.5,48.5,53.0,17.66865,80.87403,GDBDCL_2026-05-19T13:00:00+0000_45.4269
GDBDCL,Godavari at Bhadrachalam,Godavari,2026-05-19 14:00:00+00:00,45.46506723739406,NORMAL,47.5,48.5,53.0,17.66865,80.87403,GDBDCL_2026-05-19T14:00:00+0000_45.4651
GDBDCL,Godavari at Bhadrachalam,Godavari,2026-05-19 15:00:00+00:00,45.46566779891931,NORMAL,47.5,48.5,53.0,17.66865,80.87403,GDBDCL_2026-05-19T15:00:00+0000_45.4657
GDBDCL,Godavari at Bhadrachalam,Godavari,2026-05-19 16:00:00+00:00,45.50064074291626,NORMAL,47.5,48.5,53.0,17.66865,80.87403,GDBDCL_2026-05-19T16:00:00+0000_45.5006
GDBDCL,Godavari at Bhadrachalam,Godavari,2026-05-19 17:00:00+00:00,45.54993609936432,NORMAL,47.5,48.5,53.0,17.66865,80.87403,GDBDCL_2026-05-19T17:00:00+0000_45.5499
GDBDCL,Godavari at Bhadrachalam,Godavari,2026-05-19 18:00:00+00:00,45.56989462307831,NORMAL,47.5,48.5,53.0,17.66865,80.87403,GDBDCL_2026-05-19T18:00:00+0000_45.5699
GDBDCL,Godavari at Bhadrachalam,Godavari,2026-05-19 19:00:00+00:00,45.58812100245322,NORMAL,47.5,48.5,53.0,17.66865,80.87403,GDBDCL_2026-05-19T19:00:00+0000_45.5881
GDBDCL,Godavari at Bhadrachalam,Godavari,2026-05-19 20:00:00+00:00,,,47.5,48.5,53.0,17.66865,80.87403,GDBDCL_2026-05-19T20:00:00+0000_
GDBDCL,Godavari at Bhadrachalam,Godavari,2026-05-19 21:00:00+00:00,45.61356534010541,NORMAL,47.5,48.5,53.0,17.66865,80.87403,GDBDCL_2026-05-19T21:00:00+0000_45.6136
GDBDCL,Godavari at Bhadrachalam,Godavari,2026-05-19 22:00:00+00:00,45.66854604697993,NORMAL,47.5,48.5,53.0,17.66865,80.87403,GDBDCL_2026-05-19T22:00:00+0000_45.6685
GDBDCL,Godavari at Bhadrachalam,Godavari,2026-05-19 23:00:00+00:00,45.71203536811914,NORMAL,47.5,48.5,53.0,17.66865,80.87403,GDBDCL_2026-05-19T23:00:00+0000_45.7120
GDBDCL,Godavari at Bhadrachalam,Godavari,2026-05-20 00:00:00+00:00,45.741640521072256,NORMAL,47.5,48.5,53.0,17.66865,80.87403,GDBDCL_2026-05-20T00:00:00+0000_45.7416
GDBDCL,Godavari at Bhadrachalam,Godavari,2026-05-20 01:00:00+00:00,45.71910242416656,NORMAL,47.5,48.5,53.0,17.66865,80.87403,GDBDCL_2026-05-20T01:00:00+0000_45.7191
GDBDCL,Godavari at Bhadrachalam,Godavari,2026-05-20 02:00:00+00:00,45.76578957492619,NORMAL,47.5,48.5,53.0,17.66865,80.87403,GDBDCL_2026-05-20T02:00:00+0000_45.7658
GDBDCL,Godavari at Bhadrachalam,Godavari,2026-05-20 03:00:00+00:00,45.76994137276279,NORMAL,47.5,48.5,53.0,17.66865,80.87403,GDBDCL_2026-05-20T03:00:00+0000_45.7699
GDBDCL,Godavari at Bhadrachalam,Godavari,2026-05-20 04:00:00+00:00,45.74046221580068,NORMAL,47.5,48.5,53.0,17.66865,80.87403,GDBDCL_2026-05-20T04:00:00+0000_45.7405
GDBDCL,Godavari at Bhadrachalam,Godavari,2026-05-20 05:00:00+00:00,45.687030239545486,NORMAL,47.5,48.5,53.0,17.66865,80.87403,GDBDCL_2026-05-20T05:00:00+0000_45.6870
GDBDCL,Godavari at Bhadrachalam,Godavari,2026-05-20 06:00:00+00:00,45.66208016327318,NORMAL,47.5,48.5,53.0,17.66865,80.87403,GDBDCL_2026-05-20T06:00:00+0000_45.6621
GDBDCL,Godavari at Bhadrachalam,Godavari,2026-05-20 07:00:00+00:00,45.67162017730656,NORMAL,47.5,48.5,53.0,17.66865,80.87403,GDBDCL_2026-05-20T07:00:00+0000_45.6716
GDBDCL,Godavari at Bhadrachalam,Godavari,2026-05-20 08:00:00+00:00,45.59500673940435,NORMAL,47.5,48.5,53.0,17.66865,80.87403,GDBDCL_2026-05-20T08:00:00+0000_45.5950
GDBDCL,Godavari at Bhadrachalam,Godavari,2026-05-20 09:00:00+00:00,45.55831060002869,NORMAL,47.5,48.5,53.0,17.66865,80.87403,GDBDCL_2026-05-20T09:00:00+0000_45.5583
GDBDCL,Godavari at Bhadrachalam,Godavari,2026-05-20 10:00:00+00:00,45.53446969073826,NORMAL,47.5,48.5,53.0,17.66865,80.87403,GDBDCL_2026-05-20T10:00:00+0000_45.5345
GDBDCL,Godavari at Bhadrachalam,Godavari,2026-05-20 11:00:00+00:00,45.49254576478932,NORMAL,47.5,48.5,53.0,17.66865,80.87403,GDBDCL_2026-05-20T11:00:00+0000_45.4925
GDBDCL,Godavari at Bhadrachalam,Godavari,2026-05-20 12:00:00+00:00,45.45785594248355,NORMAL,47.5,48.5,53.0,17.66865,80.87403,GDBDCL_2026-05-20T12:00:00+0000_45.4579
GDBDCL,Godavari at Bhadrachalam,Godavari,2026-05-20 13:00:00+00:00,45.455918574848845,NORMAL,47.5,48.5,53.0,17.66865,80.87403,GDBDCL_2026-05-20T13:00:00+0000_45.4559
GDBDCL,Godavari at Bhadrachalam,Godavari,2026-05-20 14:00:00+00:00,45.44532975988262,NORMAL,47.5,48.5,53.0,17.66865,80.87403,GDBDCL_2026-05-20T14:00:00+0000_45.4453
GDBDCL,Godavari at Bhadrachalam,Godavari,2026-05-20 15:00:00+00:00,45.43852813845707,NORMAL,47.5,48.5,53.0,17.66865,80.87403,GDBDCL_2026-05-20T15:00:00+0000_45.4385
GDBDCL,Godavari at Bhadrachalam,Godavari,2026-05-20 16:00:00+00:00,45.46806609461894,NORMAL,47.5,48.5,53.0,17.66865,80.87403,GDBDCL_2026-05-20T16:00:00+0000_45.4681
GDBDCL,Godavari at Bhadrachalam,Godavari,2026-05-20 17:00:00+00:00,45.52862938984615,NORMAL,47.5,48.5,53.0,17.66865,80.87403,GDBDCL_2026-05-20T17:00:00+0000_45.5286
GDBDCL,Godavari at Bhadrachalam,Godavari,2026-05-20 18:00:00+00:00,45.54259826191732,NORMAL,47.5,48.5,53.0,17.66865,80.87403,GDBDCL_2026-05-20T18:00:00+0000_45.5426
GDBDCL,Godavari at Bhadrachalam,Godavari,2026-05-20 19:00:00+00:00,45.61560653541878,NORMAL,47.5,48.5,53.0,17.66865,80.87403,GDBDCL_2026-05-20T19:00:00+0000_45.6156
GDBDCL,Godavari at Bhadrachalam,Godavari,2026-05-20 20:00:00+00:00,45.59901128962655,NORMAL,47.5,48.5,53.0,17.66865,80.87403,GDBDCL_2026-05-20T20:00:00+0000_45.5990
GDBDCL,Godavari at Bhadrachalam,Godavari,2026-05-20 21:00:00+00:00,45.62146617709223,NORMAL,47.5,48.5,53.0,17.66865,80.87403,GDBDCL_2026-05-20T21:00:00+0000_45.6215
GDBDCL,Godavari at Bhadrachalam,Godavari,2026-05-20 22:00:00+00:00,45.72651970630299,NORMAL,47.5,48.5,53.0,17.66865,80.87403,GDBDCL_2026-05-20T22:00:00+0000_45.7265
GDBDCL,Godavari at Bhadrachalam,Godavari,2026-05-20 23:00:00+00:00,45.70042519511484,NORMAL,47.5,48.5,53.0,17.66865,80.87403,GDBDCL_2026-05-20T23:00:00+0000_45.7004
GDBDCL,Godavari at Bhadrachalam,Godavari,2026-05-21 00:00:00+00:00,45.72124469437824,NORMAL,47.5,48.5,53.0,17.66865,80.87403,GDBDCL_2026-05-21T00:00:00+0000_45.7212
GDBDCL,Godavari at Bhadrachalam,Godavari,2026-05-21 01:00:00+00:00,45.76367284950841,NORMAL,47.5,48.5,53.0,17.66865,80.87403,GDBDCL_2026-05-21T01:00:00+0000_45.7637
GDBDCL,Godavari at Bhadrachalam,Godavari,2026-05-21 02:00:00+00:00,45.73842531695633,NORMAL,47.5,48.5,53.0,17.66865,80.87403,GDBDCL_2026-05-21T02:00:00+0000_45.7384
GDBDCL,Godavari at Bhadrachalam,Godavari,2026-05-21 03:00:00+00:00,45.7212009450579,NORMAL,47.5,48.5,53.0,17.66865,80.87403,GDBDCL_2026-05-21T03:00:00+0000_45.7212
GDBDCL,Godavari at Bhadrachalam,Godavari,2026-05-21 04:00:00+00:00,45.765474259584686,NORMAL,47.5,48.5,53.0,17.66865,80.87403,GDBDCL_2026-05-21T04:00:00+0000_45.7655
GDBDCL,Godavari at Bhadrachalam,Godavari,2026-05-21 05:00:00+00:00,45.7523986522518,NORMAL,47.5,48.5,53.0,17.66865,80.87403,GDBDCL_2026-05-21T05:00:00+0000_45.7524
GDBDCL,Godavari at Bhadrachalam,Godavari,2026-05-21 06:00:00+00:00,45.68842869595499,NORMAL,47.5,48.5,53.0,17.66865,80.87403,GDBDCL_2026-05-21T06:00:00+0000_45.6884
GDBDCL,Godavari at Bhadrachalam,Godavari,2026-05-21 07:00:00+00:00,45.603092134217285,NORMAL,47.5,48.5,53.0,17.66865,80.87403,GDBDCL_2026-05-21T07:00:00+0000_45.6031
GDBDCL,Godavari at Bhadrachalam,Godavari,2026-05-21 08:00:00+00:00,45.59036524999917,NORMAL,47.5,48.5,53.0,17.66865,80.87403,GDBDCL_2026-05-21T08:00:00+0000_45.5904
GDBDCL,Godavari at Bhadrachalam,Godavari,2026-05-21 09:00:00+00:00,45.54174566351116,NORMAL,47.5,48.5,53.0,17.66865,80.87403,GDBDCL_2026-05-21T09:00:00+0000_45.5417
GDBDCL,Godavari at Bhadrachalam,Godavari,2026-05-21 10:00:00+00:00,45.51600681525392,NORMAL,47.5,48.5,53.0,17.66865,80.87403,GDBDCL_2026-05-21T10:00:00+0000_45.5160
GDBDCL,Godavari at Bhadrachalam,Godavari,2026-05-21 11:00:00+00:00,45.54876297939067,NORMAL,47.5,48.5,53.0,17.66865,80.87403,GDBDCL_2026-05-21T11:00:00+0000_45.5488
GDBDCL,Godavari at Bhadrachalam,Godavari,2026-05-21 12:00:00+00:00,45.47220601655195,NORMAL,47.5,48.5,53.0,17.66865,80.87403,GDBDCL_2026-05-21T12:00:00+0000_45.4722
GDBDCL,Godavari at Bhadrachalam,Godavari,2026-05-21 13:00:00+00:00,45.46523361741357,NORMAL,47.5,48.5,53.0,17.66865,80.87403,GDBDCL_2026-05-21T13:00:00+0000_45.4652
GDBDCL,Godavari at Bhadrachalam,Godavari,2026-05-21 14:00:00+00:00,45.4511668579424,NORMAL,47.5,48.5,53.0,17.66865,80.87403,GDBDCL_2026-05-21T14:00:00+0000_45.4512
GDBDCL,Godavari at Bhadrachalam,Godavari,2026-05-21 15:00:00+00:00,45.47712625499449,NORMAL,47.5,48.5,53.0,17.66865,80.87403,GDBDCL_2026-05-21T15:00:00+0000_45.4771
GDBDCL,Godavari at Bhadrachalam,Godavari,2026-05-21 16:00:00+00:00,45.49732287437566,NORMAL,47.5,48.5,53.0,17.66865,80.87403,GDBDCL_2026-05-21T16:00:00+0000_45.4973
GDBDCL,Godavari at Bhadrachalam,Godavari,2026-05-21 17:00:00+00:00,45.481436525587846,NORMAL,47.5,48.5,53.0,17.66865,80.87403,GDBDCL_2026-05-21T17:00:00+0000_45.4814
GDBDCL,Godavari at Bhadrachalam,Godavari,2026-05-21 18:00:00+00:00,45.59445107930309,NORMAL,47.5,48.5,53.0,17.66865,80.87403,GDBDCL_2026-05-21T18:00:00+0000_45.5945
GDBDCL,Godavari at Bhadrachalam,Godavari,2026-05-21 19:00:00+00:00,45.63729660601753,NORMAL,47.5,48.5,53.0,17.66865,80.87403,GDBDCL_2026-05-21T19:00:00+0000_45.6373
GDBDCL,Godavari at Bhadrachalam,Godavari,2026-05-21 20:00:00+00:00,45.63296523389201,NORMAL,47.5,48.5,53.0,17.66865,80.87403,GDBDCL_2026-05-21T20:00:00+0000_45.6330
GDBDCL,Godavari at Bhadrachalam,Godavari,2026-05-21 21:00:00+00:00,45.69853370304013,NORMAL,47.5,48.5,53.0,17.66865,80.87403,GDBDCL_2026-05-21T21:00:00+0000_45.6985
GDBDCL,Godavari at Bhadrachalam,Godavari,2026-05-21 22:00:00+00:00,45.67453021991321,NORMAL,47.5,48.5,53.0,17.66865,80.87403,GDBDCL_2026-05-21T22:00:00+0000_45.6745
GDBDCL,Godavari at Bhadrachalam,Godavari,2026-05-21 23:00:00+00:00,45.72545737239855,NORMAL,47.5,48.5,53.0,17.66865,80.87403,GDBDCL_2026-05-21T23:00:00+0000_45.7255
GDBDCL,Godavari at Bhadrachalam,Godavari,2026-05-22 00:00:00+00:00,45.728230314332826,NORMAL,47.5,48.5,53.0,17.66865,80.87403,GDBDCL_2026-05-22T00:00:00+0000_45.7282
GDBDCL,Godavari at Bhadrachalam,Godavari,2026-05-22 01:00:00+00:00,45.7968890100566,NORMAL,47.5,48.5,53.0,17.66865,80.87403,GDBDCL_2026-05-22T01:00:00+0000_45.7969
GDBDCL,Godavari at Bhadrachalam,Godavari,2026-05-22 02:00:00+00:00,45.79553639996943,NORMAL,47.5,48.5,53.0,17.66865,80.87403,GDBDCL_2026-05-22T02:00:00+0000_45.7955
GDBDCL,Godavari at Bhadrachalam,Godavari,2026-05-22 03:00:00+00:00,45.71324744664869,NORMAL,47.5,48.5,53.0,17.66865,80.87403,GDBDCL_2026-05-22T03:00:00+0000_45.7132
GDBDCL,Godavari at Bhadrachalam,Godavari,2026-05-22 04:00:00+00:00,45.74933048261794,NORMAL,47.5,48.5,53.0,17.66865,80.87403,GDBDCL_2026-05-22T04:00:00+0000_45.7493
GDBDCL,Godavari at Bhadrachalam,Godavari,2026-05-22 05:00:00+00:00,45.732486599809576,NORMAL,47.5,48.5,53.0,17.66865,80.87403,GDBDCL_2026-05-22T05:00:00+0000_45.7325
GDBDCL,Godavari at Bhadrachalam,Godavari,2026-05-22 06:00:00+00:00,45.640341745154366,NORMAL,47.5,48.5,53.0,17.66865,80.87403,GDBDCL_2026-05-22T06:00:00+0000_45.6403
GDBDCL,Godavari at Bhadrachalam,Godavari,2026-05-22 07:00:00+00:00,45.6038847765219,NORMAL,47.5,48.5,53.0,17.66865,80.87403,GDBDCL_2026-05-22T07:00:00+0000_45.6039
GDBDCL,Godavari at Bhadrachalam,Godavari,2026-05-22 08:00:00+00:00,45.59143841453102,NORMAL,47.5,48.5,53.0,17.66865,80.87403,GDBDCL_2026-05-22T08:00:00+0000_45.5914
GDBDCL,Godavari at Bhadrachalam,Godavari,2026-05-22 09:00:00+00:00,45.58437547634048,NORMAL,47.5,48.5,53.0,17.66865,80.87403,GDBDCL_2026-05-22T09:00:00+0000_45.5844
GDBDCL,Godavari at Bhadrachalam,Godavari,2026-05-22 10:00:00+00:00,45.50518694617465,NORMAL,47.5,48.5,53.0,17.66865,80.87403,GDBDCL_2026-05-22T10:00:00+0000_45.5052
GDBDCL,Godavari at Bhadrachalam,Godavari,2026-05-22 11:00:00+00:00,45.48441144050566,NORMAL,47.5,48.5,53.0,17.66865,80.87403,GDBDCL_2026-05-22T11:00:00+0000_45.4844
GDBDCL,Godavari at Bhadrachalam,Godavari,2026-05-22 12:00:00+00:00,45.53415581545671,NORMAL,47.5,48.5,53.0,17.66865,80.87403,GDBDCL_2026-05-22T12:00:00+0000_45.5342
GDBDCL,Godavari at Bhadrachalam,Godavari,2026-05-22 13:00:00+00:00,45.45631621009877,NORMAL,47.5,48.5,53.0,17.66865,80.87403,GDBDCL_2026-05-22T13:00:00+0000_45.4563
GDBDCL,Godavari at Bhadrachalam,Godavari,2026-05-22 14:00:00+00:00,45.469648933451,NORMAL,47.5,48.5,53.0,17.66865,80.87403,GDBDCL_2026-05-22T14:00:00+0000_45.4696
GDBDCL,Godavari at Bhadrachalam,Godavari,2026-05-22 15:00:00+00:00,45.50998790650002,NORMAL,47.5,48.5,53.0,17.66865,80.87403,GDBDCL_2026-05-22T15:00:00+0000_45.5100
GDBDCL,Godavari at Bhadrachalam,Godavari,2026-05-22 16:00:00+00:00,45.47027962675024,NORMAL,47.5,48.5,53.0,17.66865,80.87403,GDBDCL_2026-05-22T16:00:00+0000_45.4703
GDBDCL,Godavari at Bhadrachalam,Godavari,2026-05-22 17:00:00+00:00,45.50226443182158,NORMAL,47.5,48.5,53.0,17.66865,80.87403,GDBDCL_2026-05-22T17:00:00+0000_45.5023
GDBDCL,Godavari at Bhadrachalam,Godavari,2026-05-22 18:00:00+00:00,45.592179284165375,NORMAL,47.5,48.5,53.0,17.66865,80.87403,GDBDCL_2026-05-22T18:00:00+0000_45.5922
GDBDCL,Godavari at Bhadrachalam,Godavari,2026-05-22 19:00:00+00:00,45.56720598772982,NORMAL,47.5,48.5,53.0,17.66865,80.87403,GDBDCL_2026-05-22T19:00:00+0000_45.5672
GDBDCL,Godavari at Bhadrachalam,Godavari,2026-05-22 20:00:00+00:00,45.60841087475633,NORMAL,47.5,48.5,53.0,17.66865,80.87403,GDBDCL_2026-05-22T20:00:00+0000_45.6084
GDBDCL,Godavari at Bhadrachalam,Godavari,2026-05-22 21:00:00+00:00,45.68619567106551,NORMAL,47.5,48.5,53.0,17.66865,80.87403,GDBDCL_2026-05-22T21:00:00+0000_45.6862
GDBDCL,Godavari at Bhadrachalam,Godavari,2026-05-22 22:00:00+00:00,45.73899449918268,NORMAL,47.5,48.5,53.0,17.66865,80.87403,GDBDCL_2026-05-22T22:00:00+0000_45.7390
GDBDCL,Godavari at Bhadrachalam,Godavari,2026-05-22 23:00:00+00:00,45.73840736167909,NORMAL,47.5,48.5,53.0,17.66865,80.87403,GDBDCL_2026-05-22T23:00:00+0000_45.7384
GDBDCL,Godavari at Bhadrachalam,Godavari,2026-05-23 00:00:00+00:00,45.74516522304685,NORMAL,47.5,48.5,53.0,17.66865,80.87403,GDBDCL_2026-05-23T00:00:00+0000_45.7452
GDBDCL,Godavari at Bhadrachalam,Godavari,2026-05-23 01:00:00+00:00,45.72126594858538,NORMAL,47.5,48.5,53.0,17.66865,80.87403,GDBDCL_2026-05-23T01:00:00+0000_45.7213
GDBDCL,Godavari at Bhadrachalam,Godavari,2026-05-23 02:00:00+00:00,45.76468100811173,NORMAL,47.5,48.5,53.0,17.66865,80.87403,GDBDCL_2026-05-23T02:00:00+0000_45.7647
GDBDCL,Godavari at Bhadrachalam,Godavari,2026-05-23 03:00:00+00:00,45.74702573838456,NORMAL,47.5,48.5,53.0,17.66865,80.87403,GDBDCL_2026-05-23T03:00:00+0000_45.7470
GDBDCL,Godavari at Bhadrachalam,Godavari,2026-05-23 04:00:00+00:00,45.76611500310851,NORMAL,47.5,48.5,53.0,17.66865,80.87403,GDBDCL_2026-05-23T04:00:00+0000_45.7661
GDBDCL,Godavari at Bhadrachalam,Godavari,2026-05-23 05:00:00+00:00,45.7422743170178,NORMAL,47.5,48.5,53.0,17.66865,80.87403,GDBDCL_2026-05-23T05:00:00+0000_45.7423
GDBDCL,Godavari at Bhadrachalam,Godavari,2026-05-23 06:00:00+00:00,45.63904324961111,NORMAL,47.5,48.5,53.0,17.66865,80.87403,GDBDCL_2026-05-23T06:00:00+0000_45.6390
GDBDCL,Godavari at Bhadrachalam,Godavari,2026-05-23 07:00:00+00:00,45.65593145973256,NORMAL,47.5,48.5,53.0,17.66865,80.87403,GDBDCL_2026-05-23T07:00:00+0000_45.6559
GDBDCL,Godavari at Bhadrachalam,Godavari,2026-05-23 08:00:00+00:00,45.582313452692965,NORMAL,47.5,48.5,53.0,17.66865,80.87403,GDBDCL_2026-05-23T08:00:00+0000_45.5823
GDBDCL,Godavari at Bhadrachalam,Godavari,2026-05-23 09:00:00+00:00,45.61826776539692,NORMAL,47.5,48.5,53.0,17.66865,80.87403,GDBDCL_2026-05-23T09:00:00+0000_45.6183
GDBDCL,Godavari at Bhadrachalam,Godavari,2026-05-23 10:00:00+00:00,45.49803447459692,NORMAL,47.5,48.5,53.0,17.66865,80.87403,GDBDCL_2026-05-23T10:00:00+0000_45.4980
GDBDCL,Godavari at Bhadrachalam,Godavari,2026-05-23 11:00:00+00:00,45.523527235211866,NORMAL,47.5,48.5,53.0,17.66865,80.87403,GDBDCL_2026-05-23T11:00:00+0000_45.5235
GDBDCL,Godavari at Bhadrachalam,Godavari,2026-05-23 12:00:00+00:00,45.52530150055706,NORMAL,47.5,48.5,53.0,17.66865,80.87403,GDBDCL_2026-05-23T12:00:00+0000_45.5253
GDBDCL,Godavari at Bhadrachalam,Godavari,2026-05-23 13:00:00+00:00,45.475901163237616,NORMAL,47.5,48.5,53.0,17.66865,80.87403,GDBDCL_2026-05-23T13:00:00+0000_45.4759
GDBDCL,Godavari at Bhadrachalam,Godavari,2026-05-23 14:00:00+00:00,45.51233560551014,NORMAL,47.5,48.5,53.0,17.66865,80.87403,GDBDCL_2026-05-23T14:00:00+0000_45.5123
GDBDCL,Godavari at Bhadrachalam,Godavari,2026-05-23 15:00:00+00:00,45.45446152820891,NORMAL,47.5,48.5,53.0,17.66865,80.87403,GDBDCL_2026-05-23T15:00:00+0000_45.4545
GDBDCL,Godavari at Bhadrachalam,Godavari,2026-05-23 16:00:00+00:00,45.5434736704547,NORMAL,47.5,48.5,53.0,17.66865,80.87403,GDBDCL_2026-05-23T16:00:00+0000_45.5435
GDBDCL,Godavari at Bhadrachalam,Godavari,2026-05-23 17:00:00+00:00,45.505636935987866,NORMAL,47.5,48.5,53.0,17.66865,80.87403,GDBDCL_2026-05-23T17:00:00+0000_45.5056
GDBDCL,Godavari at Bhadrachalam,Godavari,2026-05-23 18:00:00+00:00,45.5511733059848,NORMAL,47.5,48.5,53.0,17.66865,80.87403,GDBDCL_2026-05-23T18:00:00+0000_45.5512
GDBDCL,Godavari at Bhadrachalam,Godavari,2026-05-23 19:00:00+00:00,45.575638050549166,NORMAL,47.5,48.5,53.0,17.66865,80.87403,GDBDCL_2026-05-23T19:00:00+0000_45.5756
GDBDCL,Godavari at Bhadrachalam,Godavari,2026-05-23 20:00:00+00:00,45.68403756381199,NORMAL,47.5,48.5,53.0,17.66865,80.87403,GDBDCL_2026-05-23T20:00:00+0000_45.6840
GDBDCL,Godavari at Bhadrachalam,Godavari,2026-05-23 21:00:00+00:00,45.71926380341025,NORMAL,47.5,48.5,53.0,17.66865,80.87403,GDBDCL_2026-05-23T21:00:00+0000_45.7193
GDBDCL,Godavari at Bhadrachalam,Godavari,2026-05-23 22:00:00+00:00,45.73345425460859,NORMAL,47.5,48.5,53.0,17.66865,80.87403,GDBDCL_2026-05-23T22:00:00+0000_45.7335
GDBDCL,Godavari at Bhadrachalam,Godavari,2026-05-23 23:00:00+00:00,45.73434954076357,NORMAL,47.5,48.5,53.0,17.66865,80.87403,GDBDCL_2026-05-23T23:00:00+0000_45.7343
GDBDCL,Godavari at Bhadrachalam,Godavari,2026-05-24 00:00:00+00:00,45.73643050215741,NORMAL,47.5,48.5,53.0,17.66865,80.87403,GDBDCL_2026-05-24T00:00:00+0000_45.7364
GDBDCL,Godavari at Bhadrachalam,Godavari,2026-05-24 01:00:00+00:00,45.73944567285064,NORMAL,47.5,48.5,53.0,17.66865,80.87403,GDBDCL_2026-05-24T01:00:00+0000_45.7394
GDBDCL,Godavari at Bhadrachalam,Godavari,2026-05-24 02:00:00+00:00,45.81033825959691,NORMAL,47.5,48.5,53.0,17.66865,80.87403,GDBDCL_2026-05-24T02:00:00+0000_45.8103
GDBDCL,Godavari at Bhadrachalam,Godavari,2026-05-24 03:00:00+00:00,45.80919978880275,NORMAL,47.5,48.5,53.0,17.66865,80.87403,GDBDCL_2026-05-24T03:00:00+0000_45.8092
GDBDCL,Godavari at Bhadrachalam,Godavari,2026-05-24 04:00:00+00:00,45.72702131330377,NORMAL,47.5,48.5,53.0,17.66865,80.87403,GDBDCL_2026-05-24T04:00:00+0000_45.7270
GDBDCL,Godavari at Bhadrachalam,Godavari,2026-05-24 05:00:00+00:00,45.71453826354156,NORMAL,47.5,48.5,53.0,17.66865,80.87403,GDBDCL_2026-05-24T05:00:00+0000_45.7145
GDBDCL,Godavari at Bhadrachalam,Godavari,2026-05-24 06:00:00+00:00,45.72406881195624,NORMAL,47.5,48.5,53.0,17.66865,80.87403,GDBDCL_2026-05-24T06:00:00+0000_45.7241
GDBDCL,Godavari at Bhadrachalam,Godavari,2026-05-24 07:00:00+00:00,45.634525684655614,NORMAL,47.5,48.5,53.0,17.66865,80.87403,GDBDCL_2026-05-24T07:00:00+0000_45.6345
GDBDCL,Godavari at Bhadrachalam,Godavari,2026-05-24 08:00:00+00:00,45.580304757101416,NORMAL,47.5,48.5,53.0,17.66865,80.87403,GDBDCL_2026-05-24T08:00:00+0000_45.5803
GDBDCL,Godavari at Bhadrachalam,Godavari,2026-05-24 09:00:00+00:00,45.54461832066065,NORMAL,47.5,48.5,53.0,17.66865,80.87403,GDBDCL_2026-05-24T09:00:00+0000_45.5446
GDBDCL,Godavari at Bhadrachalam,Godavari,2026-05-24 10:00:00+00:00,45.53456541277224,NORMAL,47.5,48.5,53.0,17.66865,80.87403,GDBDCL_2026-05-24T10:00:00+0000_45.5346
GDBDCL,Godavari at Bhadrachalam,Godavari,2026-05-24 11:00:00+00:00,45.53145375450973,NORMAL,47.5,48.5,53.0,17.66865,80.87403,GDBDCL_2026-05-24T11:00:00+0000_45.5315
GDBDCL,Godavari at Bhadrachalam,Godavari,2026-05-24 12:00:00+00:00,45.5225237102276,NORMAL,47.5,48.5,53.0,17.66865,80.87403,GDBDCL_2026-05-24T12:00:00+0000_45.5225
GDBDCL,Godavari at Bhadrachalam,Godavari,2026-05-24 13:00:00+00:00,45.53180510145585,NORMAL,47.5,48.5,53.0,17.66865,80.87403,GDBDCL_2026-05-24T13:00:00+0000_45.5318
GDBDCL,Godavari at Bhadrachalam,Godavari,2026-05-24 14:00:00+00:00,45.44565213800868,NORMAL,47.5,48.5,53.0,17.66865,80.87403,GDBDCL_2026-05-24T14:00:00+0000_45.4457
GDBDCL,Godavari at Bhadrachalam,Godavari,2026-05-24 15:00:00+00:00,45.48996879241414,NORMAL,47.5,48.5,53.0,17.66865,80.87403,GDBDCL_2026-05-24T15:00:00+0000_45.4900
GDBDCL,Godavari at Bhadrachalam,Godavari,2026-05-24 16:00:00+00:00,45.55123195837167,NORMAL,47.5,48.5,53.0,17.66865,80.87403,GDBDCL_2026-05-24T16:00:00+0000_45.5512
GDBDCL,Godavari at Bhadrachalam,Godavari,2026-05-24 17:00:00+00:00,45.52934434653269,NORMAL,47.5,48.5,53.0,17.66865,80.87403,GDBDCL_2026-05-24T17:00:00+0000_45.5293
GDBDCL,Godavari at Bhadrachalam,Godavari,2026-05-24 18:00:00+00:00,45.552598442612215,NORMAL,47.5,48.5,53.0,17.66865,80.87403,GDBDCL_2026-05-24T18:00:00+0000_45.5526
GDBDCL,Godavari at Bhadrachalam,Godavari,2026-05-24 19:00:00+00:00,45.65671904429672,NORMAL,47.5,48.5,53.0,17.66865,80.87403,GDBDCL_2026-05-24T19:00:00+0000_45.6567
GDBDCL,Godavari at Bhadrachalam,Godavari,2026-05-24 20:00:00+00:00,45.630926575841286,NORMAL,47.5,48.5,53.0,17.66865,80.87403,GDBDCL_2026-05-24T20:00:00+0000_45.6309
GDBDCL,Godavari at Bhadrachalam,Godavari,2026-05-24 21:00:00+00:00,45.71404009075189,NORMAL,47.5,48.5,53.0,17.66865,80.87403,GDBDCL_2026-05-24T21:00:00+0000_45.7140
GDBDCL,Godavari at Bhadrachalam,Godavari,2026-05-24 22:00:00+00:00,45.73425225221408,NORMAL,47.5,48.5,53.0,17.66865,80.87403,GDBDCL_2026-05-24T22:00:00+0000_45.7343
GDBDCL,Godavari at Bhadrachalam,Godavari,2026-05-24 23:00:00+00:00,45.76912497661301,NORMAL,47.5,48.5,53.0,17.66865,80.87403,GDBDCL_2026-05-24T23:00:00+0000_45.7691
GDBDCL,Godavari at Bhadrachalam,Godavari,2026-05-25 00:00:00+00:00,45.73059660376956,NORMAL,47.5,48.5,53.0,17.66865,80.87403,GDBDCL_2026-05-25T00:00:00+0000_45.7306
GDBDCL,Godavari at Bhadrachalam,Godavari,2026-05-25 01:00:00+00:00,45.79611348612768,NORMAL,47.5,48.5,53.0,17.66865,80.87403,GDBDCL_2026-05-25T01:00:00+0000_45.7961
GDBDCL,Godavari at Bhadrachalam,Godavari,2026-05-25 02:00:00+00:00,45.73187050708052,NORMAL,47.5,48.5,53.0,17.66865,80.87403,GDBDCL_2026-05-25T02:00:00+0000_45.7319
GDBDCL,Godavari at Bhadrachalam,Godavari,2026-05-25 03:00:00+00:00,45.78249653779384,NORMAL,47.5,48.5,53.0,17.66865,80.87403,GDBDCL_2026-05-25T03:00:00+0000_45.7825
GDBDCL,Godavari at Bhadrachalam,Godavari,2026-05-25 04:00:00+00:00,45.7521862604308,NORMAL,47.5,48.5,53.0,17.66865,80.87403,GDBDCL_2026-05-25T04:00:00+0000_45.7522
GDBDCL,Godavari at Bhadrachalam,Godavari,2026-05-25 05:00:00+00:00,45.74274328199662,NORMAL,47.5,48.5,53.0,17.66865,80.87403,GDBDCL_2026-05-25T05:00:00+0000_45.7427
GDBDCL,Godavari at Bhadrachalam,Godavari,2026-05-25 06:00:00+00:00,45.6883559178286,NORMAL,47.5,48.5,53.0,17.66865,80.87403,GDBDCL_2026-05-25T06:00:00+0000_45.6884
GDBDCL,Godavari at Bhadrachalam,Godavari,2026-05-25 07:00:00+00:00,45.66098192541283,NORMAL,47.5,48.5,53.0,17.66865,80.87403,GDBDCL_2026-05-25T07:00:00+0000_45.6610
GDBDCL,Godavari at Bhadrachalam,Godavari,2026-05-25 08:00:00+00:00,45.65313119410693,NORMAL,47.5,48.5,53.0,17.66865,80.87403,GDBDCL_2026-05-25T08:00:00+0000_45.6531
GDBDCL,Godavari at Bhadrachalam,Godavari,2026-05-25 09:00:00+00:00,45.61409128934711,NORMAL,47.5,48.5,53.0,17.66865,80.87403,GDBDCL_2026-05-25T09:00:00+0000_45.6141
GDBDCL,Godavari at Bhadrachalam,Godavari,2026-05-25 10:00:00+00:00,45.54399150270479,NORMAL,47.5,48.5,53.0,17.66865,80.87403,GDBDCL_2026-05-25T10:00:00+0000_45.5440
GDBDCL,Godavari at Bhadrachalam,Godavari,2026-05-25 11:00:00+00:00,45.535756989791246,NORMAL,47.5,48.5,53.0,17.66865,80.87403,GDBDCL_2026-05-25T11:00:00+0000_45.5358
GDBDCL,Godavari at Bhadrachalam,Godavari,2026-05-25 12:00:00+00:00,45.49079670295816,NORMAL,47.5,48.5,53.0,17.66865,80.87403,GDBDCL_2026-05-25T12:00:00+0000_45.4908
GDBDCL,Godavari at Bhadrachalam,Godavari,2026-05-25 13:00:00+00:00,45.47686609386231,NORMAL,47.5,48.5,53.0,17.66865,80.87403,GDBDCL_2026-05-25T13:00:00+0000_45.4769
GDBDCL,Godavari at Bhadrachalam,Godavari,2026-05-25 14:00:00+00:00,45.52996302489694,NORMAL,47.5,48.5,53.0,17.66865,80.87403,GDBDCL_2026-05-25T14:00:00+0000_45.5300
GDBDCL,Godavari at Bhadrachalam,Godavari,2026-05-25 15:00:00+00:00,45.51533646755977,NORMAL,47.5,48.5,53.0,17.66865,80.87403,GDBDCL_2026-05-25T15:00:00+0000_45.5153
GDBDCL,Godavari at Bhadrachalam,Godavari,2026-05-25 16:00:00+00:00,45.511325362956406,NORMAL,47.5,48.5,53.0,17.66865,80.87403,GDBDCL_2026-05-25T16:00:00+0000_45.5113
GDBDCL,Godavari at Bhadrachalam,Godavari,2026-05-25 17:00:00+00:00,45.575117381747184,NORMAL,47.5,48.5,53.0,17.66865,80.87403,GDBDCL_2026-05-25T17:00:00+0000_45.5751
GDBDCL,Godavari at Bhadrachalam,Godavari,2026-05-25 18:00:00+00:00,45.58558061615964,NORMAL,47.5,48.5,53.0,17.66865,80.87403,GDBDCL_2026-05-25T18:00:00+0000_45.5856
GDBDCL,Godavari at Bhadrachalam,Godavari,2026-05-25 19:00:00+00:00,45.585795317658,NORMAL,47.5,48.5,53.0,17.66865,80.87403,GDBDCL_2026-05-25T19:00:00+0000_45.5858
GDBDCL,Godavari at Bhadrachalam,Godavari,2026-05-25 20:00:00+00:00,45.59971355789641,NORMAL,47.5,48.5,53.0,17.66865,80.87403,GDBDCL_2026-05-25T20:00:00+0000_45.5997
GDBDCL,Godavari at Bhadrachalam,Godavari,2026-05-25 21:00:00+00:00,45.71320573914332,NORMAL,47.5,48.5,53.0,17.66865,80.87403,GDBDCL_2026-05-25T21:00:00+0000_45.7132
GDBDCL,Godavari at Bhadrachalam,Godavari,2026-05-25 22:00:00+00:00,45.71868144986244,NORMAL,47.5,48.5,53.0,17.66865,80.87403,GDBDCL_2026-05-25T22:00:00+0000_45.7187
GDBDCL,Godavari at Bhadrachalam,Godavari,2026-05-25 23:00:00+00:00,45.70589437325215,NORMAL,47.5,48.5,53.0,17.66865,80.87403,GDBDCL_2026-05-25T23:00:00+0000_45.7059
GDBDCL,Godavari at Bhadrachalam,Godavari,2026-05-26 00:00:00+00:00,45.75092586351586,NORMAL,47.5,48.5,53.0,17.66865,80.87403,GDBDCL_2026-05-26T00:00:00+0000_45.7509
GDBDCL,Godavari at Bhadrachalam,Godavari,2026-05-26 01:00:00+00:00,45.76748229081036,NORMAL,47.5,48.5,53.0,17.66865,80.87403,GDBDCL_2026-05-26T01:00:00+0000_45.7675
GDBDCL,Godavari at Bhadrachalam,Godavari,2026-05-26 02:00:00+00:00,45.73062934048585,NORMAL,47.5,48.5,53.0,17.66865,80.87403,GDBDCL_2026-05-26T02:00:00+0000_45.7306
GDBDCL,Godavari at Bhadrachalam,Godavari,2026-05-26 03:00:00+00:00,45.77652206218321,NORMAL,47.5,48.5,53.0,17.66865,80.87403,GDBDCL_2026-05-26T03:00:00+0000_45.7765
GDBDCL,Godavari at Bhadrachalam,Godavari,2026-05-26 04:00:00+00:00,45.72788123299859,NORMAL,47.5,48.5,53.0,17.66865,80.87403,GDBDCL_2026-05-26T04:00:00+0000_45.7279
GDBDCL,Godavari at Bhadrachalam,Godavari,2026-05-26 05:00:00+00:00,45.72812727089402,NORMAL,47.5,48.5,53.0,17.66865,80.87403,GDBDCL_2026-05-26T05:00:00+0000_45.7281
GDBDCL,Godavari at Bhadrachalam,Godavari,2026-05-26 06:00:00+00:00,45.67034803935542,NORMAL,47.5,48.5,53.0,17.66865,80.87403,GDBDCL_2026-05-26T06:00:00+0000_45.6703
GDBDCL,Godavari at Bhadrachalam,Godavari,2026-05-26 07:00:00+00:00,45.666332859011256,NORMAL,47.5,48.5,53.0,17.66865,80.87403,GDBDCL_2026-05-26T07:00:00+0000_45.6663
GDBDCL,Godavari at Bhadrachalam,Godavari,2026-05-26 08:00:00+00:00,45.62663815074714,NORMAL,47.5,48.5,53.0,17.66865,80.87403,GDBDCL_2026-05-26T08:00:00+0000_45.6266
GDBDCL,Godavari at Bhadrachalam,Godavari,2026-05-26 09:00:00+00:00,45.59253806934912,NORMAL,47.5,48.5,53.0,17.66865,80.87403,GDBDCL_2026-05-26T09:00:00+0000_45.5925
GDBDCL,Godavari at Bhadrachalam,Godavari,2026-05-26 10:00:00+00:00,45.50513280114132,NORMAL,47.5,48.5,53.0,17.66865,80.87403,GDBDCL_2026-05-26T10:00:00+0000_45.5051
GDBDCL,Godavari at Bhadrachalam,Godavari,2026-05-26 11:00:00+00:00,45.54572939178029,NORMAL,47.5,48.5,53.0,17.66865,80.87403,GDBDCL_2026-05-26T11:00:00+0000_45.5457
GDBDCL,Godavari at Bhadrachalam,Godavari,2026-05-26 12:00:00+00:00,45.55500631652042,NORMAL,47.5,48.5,53.0,17.66865,80.87403,GDBDCL_2026-05-26T12:00:00+0000_45.5550
GDBDCL,Godavari at Bhadrachalam,Godavari,2026-05-26 13:00:00+00:00,45.49550642301965,NORMAL,47.5,48.5,53.0,17.66865,80.87403,GDBDCL_2026-05-26T13:00:00+0000_45.4955
GDBDCL,Godavari at Bhadrachalam,Godavari,2026-05-26 14:00:00+00:00,45.50528944403142,NORMAL,47.5,48.5,53.0,17.66865,80.87403,GDBDCL_2026-05-26T14:00:00+0000_45.5053
GDBDCL,Godavari at Bhadrachalam,Godavari,2026-05-26 15:00:00+00:00,45.48859331292486,NORMAL,47.5,48.5,53.0,17.66865,80.87403,GDBDCL_2026-05-26T15:00:00+0000_45.4886
GDBDCL,Godavari at Bhadrachalam,Godavari,2026-05-26 16:00:00+00:00,45.51398757277556,NORMAL,47.5,48.5,53.0,17.66865,80.87403,GDBDCL_2026-05-26T16:00:00+0000_45.5140
GDBDCL,Godavari at Bhadrachalam,Godavari,2026-05-26 17:00:00+00:00,45.59247118092562,NORMAL,47.5,48.5,53.0,17.66865,80.87403,GDBDCL_2026-05-26T17:00:00+0000_45.5925
GDBDCL,Godavari at Bhadrachalam,Godavari,2026-05-26 18:00:00+00:00,45.59578811922358,NORMAL,47.5,48.5,53.0,17.66865,80.87403,GDBDCL_2026-05-26T18:00:00+0000_45.5958
GDBDCL,Godavari at Bhadrachalam,Godavari,2026-05-26 19:00:00+00:00,45.65422688147771,NORMAL,47.5,48.5,53.0,17.66865,80.87403,GDBDCL_2026-05-26T19:00:00+0000_45.6542
GDBDCL,Godavari at Bhadrachalam,Godavari,2026-05-26 20:00:00+00:00,45.65266331522002,NORMAL,47.5,48.5,53.0,17.66865,80.87403,GDBDCL_2026-05-26T20:00:00+0000_45.6527
GDBDCL,Godavari at Bhadrachalam,Godavari,2026-05-26 21:00:00+00:00,45.72478186071465,NORMAL,47.5,48.5,53.0,17.66865,80.87403,GDBDCL_2026-05-26T21:00:00+0000_45.7248
GDBDCL,Godavari at Bhadrachalam,Godavari,2026-05-26 22:00:00+00:00,45.76553520140548,NORMAL,47.5,48.5,53.0,17.66865,80.87403,GDBDCL_2026-05-26T22:00:00+0000_45.7655
GDBDCL,Godavari at Bhadrachalam,Godavari,2026-05-26 23:00:00+00:00,45.72442729696255,NORMAL,47.5,48.5,53.0,17.66865,80.87403,GDBDCL_2026-05-26T23:00:00+0000_45.7244
GDBDCL,Godavari at Bhadrachalam,Godavari,2026-05-27 00:00:00+00:00,45.786358860742126,NORMAL,47.5,48.5,53.0,17.66865,80.87403,GDBDCL_2026-05-27T00:00:00+0000_45.7864
GDBDCL,Godavari at Bhadrachalam,Godavari,2026-05-27 01:00:00+00:00,45.78954692532812,NORMAL,47.5,48.5,53.0,17.66865,80.87403,GDBDCL_2026-05-27T01:00:00+0000_45.7895
GDBDCL,Godavari at Bhadrachalam,Godavari,2026-05-27 02:00:00+00:00,45.787131216416974,NORMAL,47.5,48.5,53.0,17.66865,80.87403,GDBDCL_2026-05-27T02:00:00+0000_45.7871
GDBDCL,Godavari at Bhadrachalam,Godavari,2026-05-27 03:00:00+00:00,45.72446738923568,NORMAL,47.5,48.5,53.0,17.66865,80.87403,GDBDCL_2026-05-27T03:00:00+0000_45.7245
GDBDCL,Godavari at Bhadrachalam,Godavari,2026-05-27 04:00:00+00:00,45.71277787108381,NORMAL,47.5,48.5,53.0,17.66865,80.87403,GDBDCL_2026-05-27T04:00:00+0000_45.7128
GDBDCL,Godavari at Bhadrachalam,Godavari,2026-05-27 05:00:00+00:00,45.72153579337717,NORMAL,47.5,48.5,53.0,17.66865,80.87403,GDBDCL_2026-05-27T05:00:00+0000_45.7215
GDBDCL,Godavari at Bhadrachalam,Godavari,2026-05-27 06:00:00+00:00,45.7023757264038,NORMAL,47.5,48.5,53.0,17.66865,80.87403,GDBDCL_2026-05-27T06:00:00+0000_45.7024
GDBDCL,Godavari at Bhadrachalam,Godavari,2026-05-27 07:00:00+00:00,45.66015578813437,NORMAL,47.5,48.5,53.0,17.66865,80.87403,GDBDCL_2026-05-27T07:00:00+0000_45.6602
GDBDCL,Godavari at Bhadrachalam,Godavari,2026-05-27 08:00:00+00:00,45.61683306681768,NORMAL,47.5,48.5,53.0,17.66865,80.87403,GDBDCL_2026-05-27T08:00:00+0000_45.6168
GDBDCL,Godavari at Bhadrachalam,Godavari,2026-05-27 09:00:00+00:00,45.57176780958974,NORMAL,47.5,48.5,53.0,17.66865,80.87403,GDBDCL_2026-05-27T09:00:00+0000_45.5718
GDBDCL,Godavari at Bhadrachalam,Godavari,2026-05-27 10:00:00+00:00,45.583998998625695,NORMAL,47.5,48.5,53.0,17.66865,80.87403,GDBDCL_2026-05-27T10:00:00+0000_45.5840
GDBDCL,Godavari at Bhadrachalam,Godavari,2026-05-27 11:00:00+00:00,46.95392947048062,NORMAL,47.5,48.5,53.0,17.66865,80.87403,GDBDCL_2026-05-27T11:00:00+0000_46.9539
GDBDCL,Godavari at Bhadrachalam,Godavari,2026-05-27 12:00:00+00:00,46.82890770692727,NORMAL,47.5,48.5,53.0,17.66865,80.87403,GDBDCL_2026-05-27T12:00:00+0000_46.8289
GDBDCL,Godavari at Bhadrachalam,Godavari,2026-05-27 13:00:00+00:00,46.69737710461988,NORMAL,47.5,48.5,53.0,17.66865,80.87403,GDBDCL_2026-05-27T13:00:00+0000_46.6974
GDBDCL,Godavari at Bhadrachalam,Godavari,2026-05-27 14:00:00+00:00,46.56639923299902,NORMAL,47.5,48.5,53.0,17.66865,80.87403,GDBDCL_2026-05-27T14:00:00+0000_46.5664
GDBDCL,Godavari at Bhadrachalam,Godavari,2026-05-27 15:00:00+00:00,46.41441467109359,NORMAL,47.5,48.5,53.0,17.66865,80.87403,GDBDCL_2026-05-27T15:00:00+0000_46.4144
GDBDCL,Godavari at Bhadrachalam,Godavari,2026-05-27 16:00:00+00:00,46.37379286338999,NORMAL,47.5,48.5,53.0,17.66865,80.87403,GDBDCL_2026-05-27T16:00:00+0000_46.3738
GDBDCL,Godavari at Bhadrachalam,Godavari,2026-05-27 17:00:00+00:00,45.54105157662647,NORMAL,47.5,48.5,53.0,17.66865,80.87403,GDBDCL_2026-05-27T17:00:00+0000_45.5411
GDBDCL,Godavari at Bhadrachalam,Godavari,2026-05-27 18:00:00+00:00,45.580635479919984,NORMAL,47.5,48.5,53.0,17.66865,80.87403,GDBDCL_2026-05-27T18:00:00+0000_45.5806
GDBDCL,Godavari at Bhadrachalam,Godavari,2026-05-27 19:00:00+00:00,45.61534824121394,NORMAL,47.5,48.5,53.0,17.66865,80.87403,GDBDCL_2026-05-27T19:00:00+0000_45.6153
GDBDCL,Godavari at Bhadrachalam,Godavari,2026-05-27 20:00:00+00:00,45.66938660115947,NORMAL,47.5,48.5,53.0,17.66865,80.87403,GDBDCL_2026-05-27T20:00:00+0000_45.6694
GDBDCL,Godavari at Bhadrachalam,Godavari,2026-05-27 21:00:00+00:00,45.69628613745435,NORMAL,47.5,48.5,53.0,17.66865,80.87403,GDBDCL_2026-05-27T21:00:00+0000_45.6963
GDBDCL,Godavari at Bhadrachalam,Godavari,2026-05-27 22:00:00+00:00,45.70790700794596,NORMAL,47.5,48.5,53.0,17.66865,80.87403,GDBDCL_2026-05-27T22:00:00+0000_45.7079
GDBDCL,Godavari at Bhadrachalam,Godavari,2026-05-27 23:00:00+00:00,45.73425749350331,NORMAL,47.5,48.5,53.0,17.66865,80.87403,GDBDCL_2026-05-27T23:00:00+0000_45.7343
GDBDCL,Godavari at Bhadrachalam,Godavari,2026-05-28 00:00:00+00:00,45.74486660860141,NORMAL,47.5,48.5,53.0,17.66865,80.87403,GDBDCL_2026-05-28T00:00:00+0000_45.7449
GDBDCL,Godavari at Bhadrachalam,Godavari,2026-05-28 01:00:00+00:00,45.79387372193311,NORMAL,47.5,48.5,53.0,17.66865,80.87403,GDBDCL_2026-05-28T01:00:00+0000_45.7939
GDBDCL,Godavari at Bhadrachalam,Godavari,2026-05-28 02:00:00+00:00,45.780658729863255,NORMAL,47.5,48.5,53.0,17.66865,80.87403,GDBDCL_2026-05-28T02:00:00+0000_45.7807
GDBDCL,Godavari at Bhadrachalam,Godavari,2026-05-28 03:00:00+00:00,45.76757829846418,NORMAL,47.5,48.5,53.0,17.66865,80.87403,GDBDCL_2026-05-28T03:00:00+0000_45.7676
GDBDCL,Godavari at Bhadrachalam,Godavari,2026-05-28 04:00:00+00:00,45.74923395265999,NORMAL,47.5,48.5,53.0,17.66865,80.87403,GDBDCL_2026-05-28T04:00:00+0000_45.7492
GDBDCL,Godavari at Bhadrachalam,Godavari,2026-05-28 05:00:00+00:00,45.77311896568116,NORMAL,47.5,48.5,53.0,17.66865,80.87403,GDBDCL_2026-05-28T05:00:00+0000_45.7731
GDBDCL,Godavari at Bhadrachalam,Godavari,2026-05-28 06:00:00+00:00,45.66076621590996,NORMAL,47.5,48.5,53.0,17.66865,80.87403,GDBDCL_2026-05-28T06:00:00+0000_45.6608
GDBDCL,Godavari at Bhadrachalam,Godavari,2026-05-28 07:00:00+00:00,45.64219180803759,NORMAL,47.5,48.5,53.0,17.66865,80.87403,GDBDCL_2026-05-28T07:00:00+0000_45.6422
GDBDCL,Godavari at Bhadrachalam,Godavari,2026-05-28 08:00:00+00:00,45.60371970501082,NORMAL,47.5,48.5,53.0,17.66865,80.87403,GDBDCL_2026-05-28T08:00:00+0000_45.6037
GDBDCL,Godavari at Bhadrachalam,Godavari,2026-05-28 09:00:00+00:00,45.551524273876886,NORMAL,47.5,48.5,53.0,17.66865,80.87403,GDBDCL_2026-05-28T09:00:00+0000_45.5515
GDBDCL,Godavari at Bhadrachalam,Godavari,2026-05-28 10:00:00+00:00,45.581191477050105,NORMAL,47.5,48.5,53.0,17.66865,80.87403,GDBDCL_2026-05-28T10:00:00+0000_45.5812
GDBDCL,Godavari at Bhadrachalam,Godavari,2026-05-28 11:00:00+00:00,45.51408116237005,NORMAL,47.5,48.5,53.0,17.66865,80.87403,GDBDCL_2026-05-28T11:00:00+0000_45.5141
GDBDCL,Godavari at Bhadrachalam,Godavari,2026-05-28 12:00:00+00:00,45.56282185068735,NORMAL,47.5,48.5,53.0,17.66865,80.87403,GDBDCL_2026-05-28T12:00:00+0000_45.5628
GDBDCL,Godavari at Bhadrachalam,Godavari,2026-05-28 13:00:00+00:00,45.52344744511841,NORMAL,47.5,48.5,53.0,17.66865,80.87403,GDBDCL_2026-05-28T13:00:00+0000_45.5234
GDBDCL,Godavari at Bhadrachalam,Godavari,2026-05-28 14:00:00+00:00,45.4927439478412,NORMAL,47.5,48.5,53.0,17.66865,80.87403,GDBDCL_2026-05-28T14:00:00+0000_45.4927
GDBDCL,Godavari at Bhadrachalam,Godavari,2026-05-28 15:00:00+00:00,45.47375142257759,NORMAL,47.5,48.5,53.0,17.66865,80.87403,GDBDCL_2026-05-28T15:00:00+0000_45.4738
GDBDCL,Godavari at Bhadrachalam,Godavari,2026-05-28 16:00:00+00:00,45.57803202136355,NORMAL,47.5,48.5,53.0,17.66865,80.87403,GDBDCL_2026-05-28T16:00:00+0000_45.5780
GDBDCL,Godavari at Bhadrachalam,Godavari,2026-05-28 17:00:00+00:00,45.51627141899209,NORMAL,47.5,48.5,53.0,17.66865,80.87403,GDBDCL_2026-05-28T17:00:00+0000_45.5163
GDBDCL,Godavari at Bhadrachalam,Godavari,2026-05-28 18:00:00+00:00,45.537093930942845,NORMAL,47.5,48.5,53.0,17.66865,80.87403,GDBDCL_2026-05-28T18:00:00+0000_45.5371
GDBDCL,Godavari at Bhadrachalam,Godavari,2026-05-28 19:00:00+00:00,45.65465283444271,NORMAL,47.5,48.5,53.0,17.66865,80.87403,GDBDCL_2026-05-28T19:00:00+0000_45.6547
GDBDCL,Godavari at Bhadrachalam,Godavari,2026-05-28 20:00:00+00:00,45.65452828312902,NORMAL,47.5,48.5,53.0,17.66865,80.87403,GDBDCL_2026-05-28T20:00:00+0000_45.6545
GDBDCL,Godavari at Bhadrachalam,Godavari,2026-05-28 21:00:00+00:00,45.68608313694589,NORMAL,47.5,48.5,53.0,17.66865,80.87403,GDBDCL_2026-05-28T21:00:00+0000_45.6861
GDBDCL,Godavari at Bhadrachalam,Godavari,2026-05-28 22:00:00+00:00,45.702057762017,NORMAL,47.5,48.5,53.0,17.66865,80.87403,GDBDCL_2026-05-28T22:00:00+0000_45.7021
GDBDCL,Godavari at Bhadrachalam,Godavari,2026-05-28 23:00:00+00:00,,,47.5,48.5,53.0,17.66865,80.87403,GDBDCL_2026-05-28T23:00:00+0000_
GDBDCL,Godavari at Bhadrachalam,Godavari,2026-05-29 00:00:00+00:00,45.78492405899433,NORMAL,47.5,48.5,53.0,17.66865,80.87403,GDBDCL_2026-05-29T00:00:00+0000_45.7849
GDBDCL,Godavari at Bhadrachalam,Godavari,2026-05-29 01:00:00+00:00,45.82155566508279,NORMAL,47.5,48.5,53.0,17.66865,80.87403,GDBDCL_2026-05-29T01:00:00+0000_45.8216
GDBDCL,Godavari at Bhadrachalam,Godavari,2026-05-29 02:00:00+00:00,45.82599537175123,NORMAL,47.5,48.5,53.0,17.66865,80.87403,GDBDCL_2026-05-29T02:00:00+0000_45.8260
GDBDCL,Godavari at Bhadrachalam,Godavari,2026-05-29 03:00:00+00:00,45.809931740392834,NORMAL,47.5,48.5,53.0,17.66865,80.87403,GDBDCL_2026-05-29T03:00:00+0000_45.8099
GDBDCL,Godavari at Bhadrachalam,Godavari,2026-05-29 04:00:00+00:00,45.720570135101866,NORMAL,47.5,48.5,53.0,17.66865,80.87403,GDBDCL_2026-05-29T04:00:00+0000_45.7206
GDBDCL,Godavari at Bhadrachalam,Godavari,2026-05-29 05:00:00+00:00,45.77698603938273,NORMAL,47.5,48.5,53.0,17.66865,80.87403,GDBDCL_2026-05-29T05:00:00+0000_45.7770
GDBDCL,Godavari at Bhadrachalam,Godavari,2026-05-29 06:00:00+00:00,45.699399275170485,NORMAL,47.5,48.5,53.0,17.66865,80.87403,GDBDCL_2026-05-29T06:00:00+0000_45.6994
GDBDCL,Godavari at Bhadrachalam,Godavari,2026-05-29 07:00:00+00:00,45.624304044889605,NORMAL,47.5,48.5,53.0,17.66865,80.87403,GDBDCL_2026-05-29T07:00:00+0000_45.6243
GDBDCL,Godavari at Bhadrachalam,Godavari,2026-05-29 08:00:00+00:00,48.825096715082985,DANGER,47.5,48.5,53.0,17.66865,80.87403,GDBDCL_2026-05-29T08:00:00+0000_48.8251
GDBDCL,Godavari at Bhadrachalam,Godavari,2026-05-29 09:00:00+00:00,48.47517144100238,WARNING,47.5,48.5,53.0,17.66865,80.87403,GDBDCL_2026-05-29T09:00:00+0000_48.4752
GDBDCL,Godavari at Bhadrachalam,Godavari,2026-05-29 10:00:00+00:00,48.14027855985439,WARNING,47.5,48.5,53.0,17.66865,80.87403,GDBDCL_2026-05-29T10:00:00+0000_48.1403
GDBDCL,Godavari at Bhadrachalam,Godavari,2026-05-29 11:00:00+00:00,47.90016620948364,WARNING,47.5,48.5,53.0,17.66865,80.87403,GDBDCL_2026-05-29T11:00:00+0000_47.9002
GDBDCL,Godavari at Bhadrachalam,Godavari,2026-05-29 12:00:00+00:00,47.57282366001797,WARNING,47.5,48.5,53.0,17.66865,80.87403,GDBDCL_2026-05-29T12:00:00+0000_47.5728
GDBDCL,Godavari at Bhadrachalam,Godavari,2026-05-29 13:00:00+00:00,47.37972827423971,NORMAL,47.5,48.5,53.0,17.66865,80.87403,GDBDCL_2026-05-29T13:00:00+0000_47.3797
GDBDCL,Godavari at Bhadrachalam,Godavari,2026-05-29 14:00:00+00:00,,,47.5,48.5,53.0,17.66865,80.87403,GDBDCL_2026-05-29T14:00:00+0000_
GDBDCL,Godavari at Bhadrachalam,Godavari,2026-05-29 15:00:00+00:00,45.51841053710722,NORMAL,47.5,48.5,53.0,17.66865,80.87403,GDBDCL_2026-05-29T15:00:00+0000_45.5184
GDBDCL,Godavari at Bhadrachalam,Godavari,2026-05-29 16:00:00+00:00,45.51739636279927,NORMAL,47.5,48.5,53.0,17.66865,80.87403,GDBDCL_2026-05-29T16:00:00+0000_45.5174
GDBDCL,Godavari at Bhadrachalam,Godavari,2026-05-29 17:00:00+00:00,45.51679747767891,NORMAL,47.5,48.5,53.0,17.66865,80.87403,GDBDCL_2026-05-29T17:00:00+0000_45.5168
GDBDCL,Godavari at Bhadrachalam,Godavari,2026-05-29 18:00:00+00:00,45.5857273900403,NORMAL,47.5,48.5,53.0,17.66865,80.87403,GDBDCL_2026-05-29T18:00:00+0000_45.5857
GDBDCL,Godavari at Bhadrachalam,Godavari,2026-05-29 19:00:00+00:00,45.583682466392816,NORMAL,47.5,48.5,53.0,17.66865,80.87403,GDBDCL_2026-05-29T19:00:00+0000_45.5837
GDBDCL,Godavari at Bhadrachalam,Godavari,2026-05-29 20:00:00+00:00,45.63878951497116,NORMAL,47.5,48.5,53.0,17.66865,80.87403,GDBDCL_2026-05-29T20:00:00+0000_45.6388
GDBDCL,Godavari at Bhadrachalam,Godavari,2026-05-29 21:00:00+00:00,45.713737840480654,NORMAL,47.5,48.5,53.0,17.66865,80.87403,GDBDCL_2026-05-29T21:00:00+0000_45.7137
GDBDCL,Godavari at Bhadrachalam,Godavari,2026-05-29 22:00:00+00:00,,,47.5,48.5,53.0,17.66865,80.87403,GDBDCL_2026-05-29T22:00:00+0000_
GDBDCL,Godavari at Bhadrachalam,Godavari,2026-05-29 23:00:00+00:00,45.77384652127648,NORMAL,47.5,48.5,53.0,17.66865,80.87403,GDBDCL_2026-05-29T23:00:00+0000_45.7738
GDBDCL,Godavari at Bhadrachalam,Godavari,2026-05-30 00:00:00+00:00,45.75960910358205,NORMAL,47.5,48.5,53.0,17.66865,80.87403,GDBDCL_2026-05-30T00:00:00+0000_45.7596
GDBDCL,Godavari at Bhadrachalam,Godavari,2026-05-30 01:00:00+00:00,45.83364814109984,NORMAL,47.5,48.5,53.0,17.66865,80.87403,GDBDCL_2026-05-30T01:00:00+0000_45.8336
GDBDCL,Godavari at Bhadrachalam,Godavari,2026-05-30 02:00:00+00:00,45.79834697882333,NORMAL,47.5,48.5,53.0,17.66865,80.87403,GDBDCL_2026-05-30T02:00:00+0000_45.7983
GDBDCL,Godavari at Bhadrachalam,Godavari,2026-05-30 03:00:00+00:00,45.78255301604342,NORMAL,47.5,48.5,53.0,17.66865,80.87403,GDBDCL_2026-05-30T03:00:00+0000_45.7826
GDBDCL,Godavari at Bhadrachalam,Godavari,2026-05-30 04:00:00+00:00,45.75637627266317,NORMAL,47.5,48.5,53.0,17.66865,80.87403,GDBDCL_2026-05-30T04:00:00+0000_45.7564
GDBDCL,Godavari at Bhadrachalam,Godavari,2026-05-30 05:00:00+00:00,45.68838730557741,NORMAL,47.5,48.5,53.0,17.66865,80.87403,GDBDCL_2026-05-30T05:00:00+0000_45.6884
GDBDCL,Godavari at Bhadrachalam,Godavari,2026-05-30 06:00:00+00:00,45.677993218237766,NORMAL,47.5,48.5,53.0,17.66865,80.87403,GDBDCL_2026-05-30T06:00:00+0000_45.6780
GDBDCL,Godavari at Bhadrachalam,Godavari,2026-05-30 07:00:00+00:00,45.66548224767295,NORMAL,47.5,48.5,53.0,17.66865,80.87403,GDBDCL_2026-05-30T07:00:00+0000_45.6655
GDBDCL,Godavari at Bhadrachalam,Godavari,2026-05-30 08:00:00+00:00,45.623527770167534,NORMAL,47.5,48.5,53.0,17.66865,80.87403,GDBDCL_2026-05-30T08:00:00+0000_45.6235
GDBDCL,Godavari at Bhadrachalam,Godavari,2026-05-30 09:00:00+00:00,45.55670728381811,NORMAL,47.5,48.5,53.0,17.66865,80.87403,GDBDCL_2026-05-30T09:00:00+0000_45.5567
GDBDCL,Godavari at Bhadrachalam,Godavari,2026-05-30 10:00:00+00:00,45.57505490480906,NORMAL,47.5,48.5,53.0,17.66865,80.87403,GDBDCL_2026-05-30T10:00:00+0000_45.5751
GDBDCL,Godavari at Bhadrachalam,Godavari,2026-05-30 11:00:00+00:00,45.5737455383173,NORMAL,47.5,48.5,53.0,17.66865,80.87403,GDBDCL_2026-05-30T11:00:00+0000_45.5737
GDBDCL,Godavari at Bhadrachalam,Godavari,2026-05-30 12:00:00+00:00,45.48066604925356,NORMAL,47.5,48.5,53.0,17.66865,80.87403,GDBDCL_2026-05-30T12:00:00+0000_45.4807
GDBDCL,Godavari at Bhadrachalam,Godavari,2026-05-30 13:00:00+00:00,45.5419900539805,NORMAL,47.5,48.5,53.0,17.66865,80.87403,GDBDCL_2026-05-30T13:00:00+0000_45.5420
GDBDCL,Godavari at Bhadrachalam,Godavari,2026-05-30 14:00:00+00:00,45.539258202846746,NORMAL,47.5,48.5,53.0,17.66865,80.87403,GDBDCL_2026-05-30T14:00:00+0000_45.5393
GDBDCL,Godavari at Bhadrachalam,Godavari,2026-05-30 15:00:00+00:00,45.517629420232616,NORMAL,47.5,48.5,53.0,17.66865,80.87403,GDBDCL_2026-05-30T15:00:00+0000_45.5176
GDBDCL,Godavari at Bhadrachalam,Godavari,2026-05-30 16:00:00+00:00,45.55794119503325,NORMAL,47.5,48.5,53.0,17.66865,80.87403,GDBDCL_2026-05-30T16:00:00+0000_45.5579
GDBDCL,Godavari at Bhadrachalam,Godavari,2026-05-30 17:00:00+00:00,45.58048661842236,NORMAL,47.5,48.5,53.0,17.66865,80.87403,GDBDCL_2026-05-30T17:00:00+0000_45.5805
GDBDCL,Godavari at Bhadrachalam,Godavari,2026-05-30 18:00:00+00:00,45.63043295584397,NORMAL,47.5,48.5,53.0,17.66865,80.87403,GDBDCL_2026-05-30T18:00:00+0000_45.6304
GDBDCL,Godavari at Bhadrachalam,Godavari,2026-05-30 19:00:00+00:00,45.5993718212443,NORMAL,47.5,48.5,53.0,17.66865,80.87403,GDBDCL_2026-05-30T19:00:00+0000_45.5994
GDBDCL,Godavari at Bhadrachalam,Godavari,2026-05-30 20:00:00+00:00,45.61949774233152,NORMAL,47.5,48.5,53.0,17.66865,80.87403,GDBDCL_2026-05-30T20:00:00+0000_45.6195
GDBDCL,Godavari at Bhadrachalam,Godavari,2026-05-30 21:00:00+00:00,45.7118304947155,NORMAL,47.5,48.5,53.0,17.66865,80.87403,GDBDCL_2026-05-30T21:00:00+0000_45.7118
GDBDCL,Godavari at Bhadrachalam,Godavari,2026-05-30 22:00:00+00:00,45.69642340943153,NORMAL,47.5,48.5,53.0,17.66865,80.87403,GDBDCL_2026-05-30T22:00:00+0000_45.6964
GDBDCL,Godavari at Bhadrachalam,Godavari,2026-05-30 23:00:00+00:00,45.75869409375914,NORMAL,47.5,48.5,53.0,17.66865,80.87403,GDBDCL_2026-05-30T23:00:00+0000_45.7587
GDBDCL,Godavari at Bhadrachalam,Godavari,2026-05-31 00:00:00+00:00,45.78652218388208,NORMAL,47.5,48.5,53.0,17.66865,80.87403,GDBDCL_2026-05-31T00:00:00+0000_45.7865
GDBDCL,Godavari at Bhadrachalam,Godavari,2026-05-31 01:00:00+00:00,45.82323825954906,NORMAL,47.5,48.5,53.0,17.66865,80.87403,GDBDCL_2026-05-31T01:00:00+0000_45.8232
GDBDCL,Godavari at Bhadrachalam,Godavari,2026-05-31 02:00:00+00:00,45.74672838780887,NORMAL,47.5,48.5,53.0,17.66865,80.87403,GDBDCL_2026-05-31T02:00:00+0000_45.7467
GDBDCL,Godavari at Bhadrachalam,Godavari,2026-05-31 03:00:00+00:00,45.784264625991504,NORMAL,47.5,48.5,53.0,17.66865,80.87403,GDBDCL_2026-05-31T03:00:00+0000_45.7843
GDBDCL,Godavari at Bhadrachalam,Godavari,2026-05-31 04:00:00+00:00,45.795028750833445,NORMAL,47.5,48.5,53.0,17.66865,80.87403,GDBDCL_2026-05-31T04:00:00+0000_45.7950
GDBDCL,Godavari at Bhadrachalam,Godavari,2026-05-31 05:00:00+00:00,45.7169544528093,NORMAL,47.5,48.5,53.0,17.66865,80.87403,GDBDCL_2026-05-31T05:00:00+0000_45.7170
GDBDCL,Godavari at Bhadrachalam,Godavari,2026-05-31 06:00:00+00:00,45.71966900735987,NORMAL,47.5,48.5,53.0,17.66865,80.87403,GDBDCL_2026-05-31T06:00:00+0000_45.7197
GDBDCL,Godavari at Bhadrachalam,Godavari,2026-05-31 07:00:00+00:00,45.68320558840993,NORMAL,47.5,48.5,53.0,17.66865,80.87403,GDBDCL_2026-05-31T07:00:00+0000_45.6832
GDBDCL,Godavari at Bhadrachalam,Godavari,2026-05-31 08:00:00+00:00,45.63560970013765,NORMAL,47.5,48.5,53.0,17.66865,80.87403,GDBDCL_2026-05-31T08:00:00+0000_45.6356
GDBDCL,Godavari at Bhadrachalam,Godavari,2026-05-31 09:00:00+00:00,45.62358495257753,NORMAL,47.5,48.5,53.0,17.66865,80.87403,GDBDCL_2026-05-31T09:00:00+0000_45.6236
GDBDCL,Godavari at Bhadrachalam,Godavari,2026-05-31 10:00:00+00:00,45.529956809026686,NORMAL,47.5,48.5,53.0,17.66865,80.87403,GDBDCL_2026-05-31T10:00:00+0000_45.5300
GDBDCL,Godavari at Bhadrachalam,Godavari,2026-05-31 11:00:00+00:00,45.53117665661822,NORMAL,47.5,48.5,53.0,17.66865,80.87403,GDBDCL_2026-05-31T11:00:00+0000_45.5312
GDBDCL,Godavari at Bhadrachalam,Godavari,2026-05-31 12:00:00+00:00,45.52368556236207,NORMAL,47.5,48.5,53.0,17.66865,80.87403,GDBDCL_2026-05-31T12:00:00+0000_45.5237
GDBDCL,Godavari at Bhadrachalam,Godavari,2026-05-31 13:00:00+00:00,45.5474388286352,NORMAL,47.5,48.5,53.0,17.66865,80.87403,GDBDCL_2026-05-31T13:00:00+0000_45.5474
GDBDCL,Godavari at Bhadrachalam,Godavari,2026-05-31 14:00:00+00:00,45.469204802994994,NORMAL,47.5,48.5,53.0,17.66865,80.87403,GDBDCL_2026-05-31T14:00:00+0000_45.4692
GDBDCL,Godavari at Bhadrachalam,Godavari,2026-05-31 15:00:00+00:00,45.56192296045726,NORMAL,47.5,48.5,53.0,17.66865,80.87403,GDBDCL_2026-05-31T15:00:00+0000_45.5619
GDBDCL,Godavari at Bhadrachalam,Godavari,2026-05-31 16:00:00+00:00,45.574159990913095,NORMAL,47.5,48.5,53.0,17.66865,80.87403,GDBDCL_2026-05-31T16:00:00+0000_45.5742
GDBDCL,Godavari at Bhadrachalam,Godavari,2026-05-31 17:00:00+00:00,45.582271515311,NORMAL,47.5,48.5,53.0,17.66865,80.87403,GDBDCL_2026-05-31T17:00:00+0000_45.5823
GDBDCL,Godavari at Bhadrachalam,Godavari,2026-05-31 18:00:00+00:00,45.597527950481485,NORMAL,47.5,48.5,53.0,17.66865,80.87403,GDBDCL_2026-05-31T18:00:00+0000_45.5975
GDBDCL,Godavari at Bhadrachalam,Godavari,2026-05-31 19:00:00+00:00,45.66727854725507,NORMAL,47.5,48.5,53.0,17.66865,80.87403,GDBDCL_2026-05-31T19:00:00+0000_45.6673
GDBDCL,Godavari at Bhadrachalam,Godavari,2026-05-31 20:00:00+00:00,45.68847407155763,NORMAL,47.5,48.5,53.0,17.66865,80.87403,GDBDCL_2026-05-31T20:00:00+0000_45.6885
GDBDCL,Godavari at Bhadrachalam,Godavari,2026-05-31 21:00:00+00:00,45.7420830974598,NORMAL,47.5,48.5,53.0,17.66865,80.87403,GDBDCL_2026-05-31T21:00:00+0000_45.7421
GDBDCL,Godavari at Bhadrachalam,Godavari,2026-05-31 22:00:00+00:00,45.70965505419592,NORMAL,47.5,48.5,53.0,17.66865,80.87403,GDBDCL_2026-05-31T22:00:00+0000_45.7097
GDBDCL,Godavari at Bhadrachalam,Godavari,2026-05-31 23:00:00+00:00,45.78882245509158,NORMAL,47.5,48.5,53.0,17.66865,80.87403,GDBDCL_2026-05-31T23:00:00+0000_45.7888
GDBDCL,Godavari at Bhadrachalam,Godavari,2026-06-01 00:00:00+00:00,45.81943167263728,NORMAL,47.5,48.5,53.0,17.66865,80.87403,GDBDCL_2026-06-01T00:00:00+0000_45.8194
GDBDCL,Godavari at Bhadrachalam,Godavari,2026-06-01 01:00:00+00:00,45.80609482044279,NORMAL,47.5,48.5,53.0,17.66865,80.87403,GDBDCL_2026-06-01T01:00:00+0000_45.8061
GDBDCL,Godavari at Bhadrachalam,Godavari,2026-06-01 02:00:00+00:00,45.80615945464724,NORMAL,47.5,48.5,53.0,17.66865,80.87403,GDBDCL_2026-06-01T02:00:00+0000_45.8062
GDBDCL,Godavari at Bhadrachalam,Godavari,2026-06-01 03:00:00+00:00,45.76479314199759,NORMAL,47.5,48.5,53.0,17.66865,80.87403,GDBDCL_2026-06-01T03:00:00+0000_45.7648
GDBDCL,Godavari at Bhadrachalam,Godavari,2026-06-01 04:00:00+00:00,45.794882116784585,NORMAL,47.5,48.5,53.0,17.66865,80.87403,GDBDCL_2026-06-01T04:00:00+0000_45.7949
GDBDCL,Godavari at Bhadrachalam,Godavari,2026-06-01 05:00:00+00:00,45.74828187988537,NORMAL,47.5,48.5,53.0,17.66865,80.87403,GDBDCL_2026-06-01T05:00:00+0000_45.7483
GDBDCL,Godavari at Bhadrachalam,Godavari,2026-06-01 06:00:00+00:00,45.75492765117836,NORMAL,47.5,48.5,53.0,17.66865,80.87403,GDBDCL_2026-06-01T06:00:00+0000_45.7549
GDBDCL,Godavari at Bhadrachalam,Godavari,2026-06-01 07:00:00+00:00,45.68598779853568,NORMAL,47.5,48.5,53.0,17.66865,80.87403,GDBDCL_2026-06-01T07:00:00+0000_45.6860
GDBDCL,Godavari at Bhadrachalam,Godavari,2026-06-01 08:00:00+00:00,45.63177461832575,NORMAL,47.5,48.5,53.0,17.66865,80.87403,GDBDCL_2026-06-01T08:00:00+0000_45.6318
GDBDCL,Godavari at Bhadrachalam,Godavari,2026-06-01 09:00:00+00:00,45.57776580673058,NORMAL,47.5,48.5,53.0,17.66865,80.87403,GDBDCL_2026-06-01T09:00:00+0000_45.5778
GDBDCL,Godavari at Bhadrachalam,Godavari,2026-06-01 10:00:00+00:00,45.587760669246,NORMAL,47.5,48.5,53.0,17.66865,80.87403,GDBDCL_2026-06-01T10:00:00+0000_45.5878
GDBDCL,Godavari at Bhadrachalam,Godavari,2026-06-01 11:00:00+00:00,45.52402121344069,NORMAL,47.5,48.5,53.0,17.66865,80.87403,GDBDCL_2026-06-01T11:00:00+0000_45.5240
GDBDCL,Godavari at Bhadrachalam,Godavari,2026-06-01 12:00:00+00:00,45.56951451266867,NORMAL,47.5,48.5,53.0,17.66865,80.87403,GDBDCL_2026-06-01T12:00:00+0000_45.5695
GDBDCL,Godavari at Bhadrachalam,Godavari,2026-06-01 13:00:00+00:00,45.52086481614016,NORMAL,47.5,48.5,53.0,17.66865,80.87403,GDBDCL_2026-06-01T13:00:00+0000_45.5209
GDBDCL,Godavari at Bhadrachalam,Godavari,2026-06-01 14:00:00+00:00,45.472355316444336,NORMAL,47.5,48.5,53.0,17.66865,80.87403,GDBDCL_2026-06-01T14:00:00+0000_45.4724
GDBDCL,Godavari at Bhadrachalam,Godavari,2026-06-01 15:00:00+00:00,45.476875985638834,NORMAL,47.5,48.5,53.0,17.66865,80.87403,GDBDCL_2026-06-01T15:00:00+0000_45.4769
GDBDCL,Godavari at Bhadrachalam,Godavari,2026-06-01 16:00:00+00:00,45.54460003609126,NORMAL,47.5,48.5,53.0,17.66865,80.87403,GDBDCL_2026-06-01T16:00:00+0000_45.5446
GDBDCL,Godavari at Bhadrachalam,Godavari,2026-06-01 17:00:00+00:00,45.547322978727344,NORMAL,47.5,48.5,53.0,17.66865,80.87403,GDBDCL_2026-06-01T17:00:00+0000_45.5473
GDBDCL,Godavari at Bhadrachalam,Godavari,2026-06-01 18:00:00+00:00,45.554941111497136,NORMAL,47.5,48.5,53.0,17.66865,80.87403,GDBDCL_2026-06-01T18:00:00+0000_45.5549
GDBDCL,Godavari at Bhadrachalam,Godavari,2026-06-01 19:00:00+00:00,45.62515610560766,NORMAL,47.5,48.5,53.0,17.66865,80.87403,GDBDCL_2026-06-01T19:00:00+0000_45.6252
GDBDCL,Godavari at Bhadrachalam,Godavari,2026-06-01 20:00:00+00:00,45.62454446652229,NORMAL,47.5,48.5,53.0,17.66865,80.87403,GDBDCL_2026-06-01T20:00:00+0000_45.6245
GDBDCL,Godavari at Bhadrachalam,Godavari,2026-06-01 21:00:00+00:00,45.74193262112884,NORMAL,47.5,48.5,53.0,17.66865,80.87403,GDBDCL_2026-06-01T21:00:00+0000_45.7419
GDBDCL,Godavari at Bhadrachalam,Godavari,2026-06-01 22:00:00+00:00,45.69876232253657,NORMAL,47.5,48.5,53.0,17.66865,80.87403,GDBDCL_2026-06-01T22:00:00+0000_45.6988
GDBDCL,Godavari at Bhadrachalam,Godavari,2026-06-01 23:00:00+00:00,45.743133436178,NORMAL,47.5,48.5,53.0,17.66865,80.87403,GDBDCL_2026-06-01T23:00:00+0000_45.7431
GDBDCL,Godavari at Bhadrachalam,Godavari,2026-06-02 00:00:00+00:00,45.79357901981565,NORMAL,47.5,48.5,53.0,17.66865,80.87403,GDBDCL_2026-06-02T00:00:00+0000_45.7936
GDBDCL,Godavari at Bhadrachalam,Godavari,2026-06-02 01:00:00+00:00,45.78530346896666,NORMAL,47.5,48.5,53.0,17.66865,80.87403,GDBDCL_2026-06-02T01:00:00+0000_45.7853
GDBDCL,Godavari at Bhadrachalam,Godavari,2026-06-02 02:00:00+00:00,45.81686867572376,NORMAL,47.5,48.5,53.0,17.66865,80.87403,GDBDCL_2026-06-02T02:00:00+0000_45.8169
GDBDCL,Godavari at Bhadrachalam,Godavari,2026-06-02 03:00:00+00:00,45.8384722789451,NORMAL,47.5,48.5,53.0,17.66865,80.87403,GDBDCL_2026-06-02T03:00:00+0000_45.8385
GDBDCL,Godavari at Bhadrachalam,Godavari,2026-06-02 04:00:00+00:00,45.7816783026013,NORMAL,47.5,48.5,53.0,17.66865,80.87403,GDBDCL_2026-06-02T04:00:00+0000_45.7817
GDBDCL,Godavari at Bhadrachalam,Godavari,2026-06-02 05:00:00+00:00,45.73536509630026,NORMAL,47.5,48.5,53.0,17.66865,80.87403,GDBDCL_2026-06-02T05:00:00+0000_45.7354
GDBDCL,Godavari at Bhadrachalam,Godavari,2026-06-02 06:00:00+00:00,45.692477032327226,NORMAL,47.5,48.5,53.0,17.66865,80.87403,GDBDCL_2026-06-02T06:00:00+0000_45.6925
GDBDCL,Godavari at Bhadrachalam,Godavari,2026-06-02 07:00:00+00:00,45.68845765394778,NORMAL,47.5,48.5,53.0,17.66865,80.87403,GDBDCL_2026-06-02T07:00:00+0000_45.6885
GDBDCL,Godavari at Bhadrachalam,Godavari,2026-06-02 08:00:00+00:00,45.66675826282862,NORMAL,47.5,48.5,53.0,17.66865,80.87403,GDBDCL_2026-06-02T08:00:00+0000_45.6668
GDBDCL,Godavari at Bhadrachalam,Godavari,2026-06-02 09:00:00+00:00,45.59498218706719,NORMAL,47.5,48.5,53.0,17.66865,80.87403,GDBDCL_2026-06-02T09:00:00+0000_45.5950
GDBDCL,Godavari at Bhadrachalam,Godavari,2026-06-02 10:00:00+00:00,45.54545662588526,NORMAL,47.5,48.5,53.0,17.66865,80.87403,GDBDCL_2026-06-02T10:00:00+0000_45.5455
GDBDCL,Godavari at Bhadrachalam,Godavari,2026-06-02 11:00:00+00:00,45.50272716435212,NORMAL,47.5,48.5,53.0,17.66865,80.87403,GDBDCL_2026-06-02T11:00:00+0000_45.5027
GDBDCL,Godavari at Bhadrachalam,Godavari,2026-06-02 12:00:00+00:00,45.54473672403154,NORMAL,47.5,48.5,53.0,17.66865,80.87403,GDBDCL_2026-06-02T12:00:00+0000_45.5447
GDBDCL,Godavari at Bhadrachalam,Godavari,2026-06-02 13:00:00+00:00,45.56553587171897,NORMAL,47.5,48.5,53.0,17.66865,80.87403,GDBDCL_2026-06-02T13:00:00+0000_45.5655
GDBDCL,Godavari at Bhadrachalam,Godavari,2026-06-02 14:00:00+00:00,45.53066583366538,NORMAL,47.5,48.5,53.0,17.66865,80.87403,GDBDCL_2026-06-02T14:00:00+0000_45.5307
GDBDCL,Godavari at Bhadrachalam,Godavari,2026-06-02 15:00:00+00:00,45.55287138932798,NORMAL,47.5,48.5,53.0,17.66865,80.87403,GDBDCL_2026-06-02T15:00:00+0000_45.5529
GDBDCL,Godavari at Bhadrachalam,Godavari,2026-06-02 16:00:00+00:00,45.50479049219928,NORMAL,47.5,48.5,53.0,17.66865,80.87403,GDBDCL_2026-06-02T16:00:00+0000_45.5048
GDBDCL,Godavari at Bhadrachalam,Godavari,2026-06-02 17:00:00+00:00,45.59816608658232,NORMAL,47.5,48.5,53.0,17.66865,80.87403,GDBDCL_2026-06-02T17:00:00+0000_45.5982
GDBDCL,Godavari at Bhadrachalam,Godavari,2026-06-02 18:00:00+00:00,45.63642292381239,NORMAL,47.5,48.5,53.0,17.66865,80.87403,GDBDCL_2026-06-02T18:00:00+0000_45.6364
GDBDCL,Godavari at Bhadrachalam,Godavari,2026-06-02 19:00:00+00:00,45.67472266450609,NORMAL,47.5,48.5,53.0,17.66865,80.87403,GDBDCL_2026-06-02T19:00:00+0000_45.6747
GDBDCL,Godavari at Bhadrachalam,Godavari,2026-06-02 20:00:00+00:00,45.63089100612768,NORMAL,47.5,48.5,53.0,17.66865,80.87403,GDBDCL_2026-06-02T20:00:00+0000_45.6309
GDBDCL,Godavari at Bhadrachalam,Godavari,2026-06-02 21:00:00+00:00,45.66582771530383,NORMAL,47.5,48.5,53.0,17.66865,80.87403,GDBDCL_2026-06-02T21:00:00+0000_45.6658
GDBDCL,Godavari at Bhadrachalam,Godavari,2026-06-02 22:00:00+00:00,45.72238594003477,NORMAL,47.5,48.5,53.0,17.66865,80.87403,GDBDCL_2026-06-02T22:00:00+0000_45.7224
GDBDCL,Godavari at Bhadrachalam,Godavari,2026-06-02 23:00:00+00:00,45.73870120046585,NORMAL,47.5,48.5,53.0,17.66865,80.87403,GDBDCL_2026-06-02T23:00:00+0000_45.7387
GDBDCL,Godavari at Bhadrachalam,Godavari,2026-06-03 00:00:00+00:00,45.82977085621241,NORMAL,47.5,48.5,53.0,17.66865,80.87403,GDBDCL_2026-06-03T00:00:00+0000_45.8298
GDBDCL,Godavari at Bhadrachalam,Godavari,2026-06-03 01:00:00+00:00,45.77516914999822,NORMAL,47.5,48.5,53.0,17.66865,80.87403,GDBDCL_2026-06-03T01:00:00+0000_45.7752
GDBDCL,Godavari at Bhadrachalam,Godavari,2026-06-03 02:00:00+00:00,45.81889843138738,NORMAL,47.5,48.5,53.0,17.66865,80.87403,GDBDCL_2026-06-03T02:00:00+0000_45.8189
GDBDCL,Godavari at Bhadrachalam,Godavari,2026-06-03 03:00:00+00:00,45.83575777581117,NORMAL,47.5,48.5,53.0,17.66865,80.87403,GDBDCL_2026-06-03T03:00:00+0000_45.8358
GDBDCL,Godavari at Bhadrachalam,Godavari,2026-06-03 04:00:00+00:00,45.80329492593257,NORMAL,47.5,48.5,53.0,17.66865,80.87403,GDBDCL_2026-06-03T04:00:00+0000_45.8033
GDBDCL,Godavari at Bhadrachalam,Godavari,2026-06-03 05:00:00+00:00,45.70928542467904,NORMAL,47.5,48.5,53.0,17.66865,80.87403,GDBDCL_2026-06-03T05:00:00+0000_45.7093
GDBDCL,Godavari at Bhadrachalam,Godavari,2026-06-03 06:00:00+00:00,45.69255037770583,NORMAL,47.5,48.5,53.0,17.66865,80.87403,GDBDCL_2026-06-03T06:00:00+0000_45.6926
GDBDCL,Godavari at Bhadrachalam,Godavari,2026-06-03 07:00:00+00:00,,,47.5,48.5,53.0,17.66865,80.87403,GDBDCL_2026-06-03T07:00:00+0000_
GDBDCL,Godavari at Bhadrachalam,Godavari,2026-06-03 08:00:00+00:00,45.62047475051566,NORMAL,47.5,48.5,53.0,17.66865,80.87403,GDBDCL_2026-06-03T08:00:00+0000_45.6205
GDBDCL,Godavari at Bhadrachalam,Godavari,2026-06-03 09:00:00+00:00,45.57440812895906,NORMAL,47.5,48.5,53.0,17.66865,80.87403,GDBDCL_2026-06-03T09:00:00+0000_45.5744
GDBDCL,Godavari at Bhadrachalam,Godavari,2026-06-03 10:00:00+00:00,45.6131441802195,NORMAL,47.5,48.5,53.0,17.66865,80.87403,GDBDCL_2026-06-03T10:00:00+0000_45.6131
GDBDCL,Godavari at Bhadrachalam,Godavari,2026-06-03 11:00:00+00:00,45.52067353703989,NORMAL,47.5,48.5,53.0,17.66865,80.87403,GDBDCL_2026-06-03T11:00:00+0000_45.5207
GDBDCL,Godavari at Bhadrachalam,Godavari,2026-06-03 12:00:00+00:00,,,47.5,48.5,53.0,17.66865,80.87403,GDBDCL_2026-06-03T12:00:00+0000_
GDBDCL,Godavari at Bhadrachalam,Godavari,2026-06-03 13:00:00+00:00,45.5675981572049,NORMAL,47.5,48.5,53.0,17.66865,80.87403,GDBDCL_2026-06-03T13:00:00+0000_45.5676
GDBDCL,Godavari at Bhadrachalam,Godavari,2026-06-03 14:00:00+00:00,45.49953413874719,NORMAL,47.5,48.5,53.0,17.66865,80.87403,GDBDCL_2026-06-03T14:00:00+0000_45.4995
GDBDCL,Godavari at Bhadrachalam,Godavari,2026-06-03 15:00:00+00:00,45.56385048847197,NORMAL,47.5,48.5,53.0,17.66865,80.87403,GDBDCL_2026-06-03T15:00:00+0000_45.5639
GDBDCL,Godavari at Bhadrachalam,Godavari,2026-06-03 16:00:00+00:00,45.53911550733056,NORMAL,47.5,48.5,53.0,17.66865,80.87403,GDBDCL_2026-06-03T16:00:00+0000_45.5391
GDBDCL,Godavari at Bhadrachalam,Godavari,2026-06-03 17:00:00+00:00,45.61370922276621,NORMAL,47.5,48.5,53.0,17.66865,80.87403,GDBDCL_2026-06-03T17:00:00+0000_45.6137
GDBDCL,Godavari at Bhadrachalam,Godavari,2026-06-03 18:00:00+00:00,45.647139224611145,NORMAL,47.5,48.5,53.0,17.66865,80.87403,GDBDCL_2026-06-03T18:00:00+0000_45.6471
GDBDCL,Godavari at Bhadrachalam,Godavari,2026-06-03 19:00:00+00:00,45.59241727391678,NORMAL,47.5,48.5,53.0,17.66865,80.87403,GDBDCL_2026-06-03T19:00:00+0000_45.5924
GDBDCL,Godavari at Bhadrachalam,Godavari,2026-06-03 20:00:00+00:00,45.690974374682106,NORMAL,47.5,48.5,53.0,17.66865,80.87403,GDBDCL_2026-06-03T20:00:00+0000_45.6910
GDBDCL,Godavari at Bhadrachalam,Godavari,2026-06-03 21:00:00+00:00,45.69905428262422,NORMAL,47.5,48.5,53.0,17.66865,80.87403,GDBDCL_2026-06-03T21:00:00+0000_45.6991
GDBDCL,Godavari at Bhadrachalam,Godavari,2026-06-03 22:00:00+00:00,45.69753192345363,NORMAL,47.5,48.5,53.0,17.66865,80.87403,GDBDCL_2026-06-03T22:00:00+0000_45.6975
GDBDCL,Godavari at Bhadrachalam,Godavari,2026-06-03 23:00:00+00:00,45.744606022308034,NORMAL,47.5,48.5,53.0,17.66865,80.87403,GDBDCL_2026-06-03T23:00:00+0000_45.7446
GDBDCL,Godavari at Bhadrachalam,Godavari,2026-06-04 00:00:00+00:00,,,47.5,48.5,53.0,17.66865,80.87403,GDBDCL_2026-06-04T00:00:00+0000_
GDBDCL,Godavari at Bhadrachalam,Godavari,2026-06-04 01:00:00+00:00,45.81647207693976,NORMAL,47.5,48.5,53.0,17.66865,80.87403,GDBDCL_2026-06-04T01:00:00+0000_45.8165
GDBDCL,Godavari at Bhadrachalam,Godavari,2026-06-04 02:00:00+00:00,45.77268689231006,NORMAL,47.5,48.5,53.0,17.66865,80.87403,GDBDCL_2026-06-04T02:00:00+0000_45.7727
GDBDCL,Godavari at Bhadrachalam,Godavari,2026-06-04 03:00:00+00:00,45.756156940801816,NORMAL,47.5,48.5,53.0,17.66865,80.87403,GDBDCL_2026-06-04T03:00:00+0000_45.7562
GDBDCL,Godavari at Bhadrachalam,Godavari,2026-06-04 04:00:00+00:00,45.74938087493223,NORMAL,47.5,48.5,53.0,17.66865,80.87403,GDBDCL_2026-06-04T04:00:00+0000_45.7494
GDBDCL,Godavari at Bhadrachalam,Godavari,2026-06-04 05:00:00+00:00,45.74598024852988,NORMAL,47.5,48.5,53.0,17.66865,80.87403,GDBDCL_2026-06-04T05:00:00+0000_45.7460
GDBDCL,Godavari at Bhadrachalam,Godavari,2026-06-04 06:00:00+00:00,45.6784348530017,NORMAL,47.5,48.5,53.0,17.66865,80.87403,GDBDCL_2026-06-04T06:00:00+0000_45.6784
GDBDCL,Godavari at Bhadrachalam,Godavari,2026-06-04 07:00:00+00:00,45.67844236331561,NORMAL,47.5,48.5,53.0,17.66865,80.87403,GDBDCL_2026-06-04T07:00:00+0000_45.6784
GDBDCL,Godavari at Bhadrachalam,Godavari,2026-06-04 08:00:00+00:00,45.61667765019576,NORMAL,47.5,48.5,53.0,17.66865,80.87403,GDBDCL_2026-06-04T08:00:00+0000_45.6167
GDBDCL,Godavari at Bhadrachalam,Godavari,2026-06-04 09:00:00+00:00,45.61004293777455,NORMAL,47.5,48.5,53.0,17.66865,80.87403,GDBDCL_2026-06-04T09:00:00+0000_45.6100
GDBDCL,Godavari at Bhadrachalam,Godavari,2026-06-04 10:00:00+00:00,45.543988799235926,NORMAL,47.5,48.5,53.0,17.66865,80.87403,GDBDCL_2026-06-04T10:00:00+0000_45.5440
GDBDCL,Godavari at Bhadrachalam,Godavari,2026-06-04 11:00:00+00:00,45.57290897918967,NORMAL,47.5,48.5,53.0,17.66865,80.87403,GDBDCL_2026-06-04T11:00:00+0000_45.5729
GDBDCL,Godavari at Bhadrachalam,Godavari,2026-06-04 12:00:00+00:00,45.49868644813015,NORMAL,47.5,48.5,53.0,17.66865,80.87403,GDBDCL_2026-06-04T12:00:00+0000_45.4987
GDBDCL,Godavari at Bhadrachalam,Godavari,2026-06-04 13:00:00+00:00,45.54199185878891,NORMAL,47.5,48.5,53.0,17.66865,80.87403,GDBDCL_2026-06-04T13:00:00+0000_45.5420
GDBDCL,Godavari at Bhadrachalam,Godavari,2026-06-04 14:00:00+00:00,45.56188606784383,NORMAL,47.5,48.5,53.0,17.66865,80.87403,GDBDCL_2026-06-04T14:00:00+0000_45.5619
GDBDCL,Godavari at Bhadrachalam,Godavari,2026-06-04 15:00:00+00:00,45.55331094497159,NORMAL,47.5,48.5,53.0,17.66865,80.87403,GDBDCL_2026-06-04T15:00:00+0000_45.5533
GDBDCL,Godavari at Bhadrachalam,Godavari,2026-06-04 16:00:00+00:00,45.58039745361428,NORMAL,47.5,48.5,53.0,17.66865,80.87403,GDBDCL_2026-06-04T16:00:00+0000_45.5804
GDBDCL,Godavari at Bhadrachalam,Godavari,2026-06-04 17:00:00+00:00,45.57008783793054,NORMAL,47.5,48.5,53.0,17.66865,80.87403,GDBDCL_2026-06-04T17:00:00+0000_45.5701
GDBDCL,Godavari at Bhadrachalam,Godavari,2026-06-04 18:00:00+00:00,45.61981999061428,NORMAL,47.5,48.5,53.0,17.66865,80.87403,GDBDCL_2026-06-04T18:00:00+0000_45.6198
GDBDCL,Godavari at Bhadrachalam,Godavari,2026-06-04 19:00:00+00:00,45.6162792127159,NORMAL,47.5,48.5,53.0,17.66865,80.87403,GDBDCL_2026-06-04T19:00:00+0000_45.6163
GDBDCL,Godavari at Bhadrachalam,Godavari,2026-06-04 20:00:00+00:00,45.654973474539446,NORMAL,47.5,48.5,53.0,17.66865,80.87403,GDBDCL_2026-06-04T20:00:00+0000_45.6550
GDBDCL,Godavari at Bhadrachalam,Godavari,2026-06-04 21:00:00+00:00,45.76159420876981,NORMAL,47.5,48.5,53.0,17.66865,80.87403,GDBDCL_2026-06-04T21:00:00+0000_45.7616
GDBDCL,Godavari at Bhadrachalam,Godavari,2026-06-04 22:00:00+00:00,45.79555861593999,NORMAL,47.5,48.5,53.0,17.66865,80.87403,GDBDCL_2026-06-04T22:00:00+0000_45.7956
GDBDCL,Godavari at Bhadrachalam,Godavari,2026-06-04 23:00:00+00:00,45.80417832855728,NORMAL,47.5,48.5,53.0,17.66865,80.87403,GDBDCL_2026-06-04T23:00:00+0000_45.8042
GDBDCL,Godavari at Bhadrachalam,Godavari,2026-06-05 00:00:00+00:00,45.75655046226096,NORMAL,47.5,48.5,53.0,17.66865,80.87403,GDBDCL_2026-06-05T00:00:00+0000_45.7566
GDBDCL,Godavari at Bhadrachalam,Godavari,2026-06-05 01:00:00+00:00,45.84858230333135,NORMAL,47.5,48.5,53.0,17.66865,80.87403,GDBDCL_2026-06-05T01:00:00+0000_45.8486
GDBDCL,Godavari at Bhadrachalam,Godavari,2026-06-05 02:00:00+00:00,45.77708343837627,NORMAL,47.5,48.5,53.0,17.66865,80.87403,GDBDCL_2026-06-05T02:00:00+0000_45.7771
GDBDCL,Godavari at Bhadrachalam,Godavari,2026-06-05 03:00:00+00:00,45.78942371832907,NORMAL,47.5,48.5,53.0,17.66865,80.87403,GDBDCL_2026-06-05T03:00:00+0000_45.7894
GDBDCL,Godavari at Bhadrachalam,Godavari,2026-06-05 04:00:00+00:00,45.82313683251321,NORMAL,47.5,48.5,53.0,17.66865,80.87403,GDBDCL_2026-06-05T04:00:00+0000_45.8231
GDBDCL,Godavari at Bhadrachalam,Godavari,2026-06-05 05:00:00+00:00,45.77971613054089,NORMAL,47.5,48.5,53.0,17.66865,80.87403,GDBDCL_2026-06-05T05:00:00+0000_45.7797
GDBDCL,Godavari at Bhadrachalam,Godavari,2026-06-05 06:00:00+00:00,45.74973908532801,NORMAL,47.5,48.5,53.0,17.66865,80.87403,GDBDCL_2026-06-05T06:00:00+0000_45.7497
GDBDCL,Godavari at Bhadrachalam,Godavari,2026-06-05 07:00:00+00:00,45.679612090538136,NORMAL,47.5,48.5,53.0,17.66865,80.87403,GDBDCL_2026-06-05T07:00:00+0000_45.6796
GDBDCL,Godavari at Bhadrachalam,Godavari,2026-06-05 08:00:00+00:00,45.65887250556477,NORMAL,47.5,48.5,53.0,17.66865,80.87403,GDBDCL_2026-06-05T08:00:00+0000_45.6589
GDBDCL,Godavari at Bhadrachalam,Godavari,2026-06-05 09:00:00+00:00,45.58121851166878,NORMAL,47.5,48.5,53.0,17.66865,80.87403,GDBDCL_2026-06-05T09:00:00+0000_45.5812
GDBDCL,Godavari at Bhadrachalam,Godavari,2026-06-05 10:00:00+00:00,45.55429101582033,NORMAL,47.5,48.5,53.0,17.66865,80.87403,GDBDCL_2026-06-05T10:00:00+0000_45.5543
GDBDCL,Godavari at Bhadrachalam,Godavari,2026-06-05 11:00:00+00:00,45.583063288745386,NORMAL,47.5,48.5,53.0,17.66865,80.87403,GDBDCL_2026-06-05T11:00:00+0000_45.5831
GDBDCL,Godavari at Bhadrachalam,Godavari,2026-06-05 12:00:00+00:00,45.51299006293396,NORMAL,47.5,48.5,53.0,17.66865,80.87403,GDBDCL_2026-06-05T12:00:00+0000_45.5130
GDBDCL,Godavari at Bhadrachalam,Godavari,2026-06-05 13:00:00+00:00,45.52454715601867,NORMAL,47.5,48.5,53.0,17.66865,80.87403,GDBDCL_2026-06-05T13:00:00+0000_45.5245
GDBDCL,Godavari at Bhadrachalam,Godavari,2026-06-05 14:00:00+00:00,45.574320160363136,NORMAL,47.5,48.5,53.0,17.66865,80.87403,GDBDCL_2026-06-05T14:00:00+0000_45.5743
GDBDCL,Godavari at Bhadrachalam,Godavari,2026-06-05 15:00:00+00:00,45.54013265242026,NORMAL,47.5,48.5,53.0,17.66865,80.87403,GDBDCL_2026-06-05T15:00:00+0000_45.5401
GDBDCL,Godavari at Bhadrachalam,Godavari,2026-06-05 16:00:00+00:00,45.55525444476855,NORMAL,47.5,48.5,53.0,17.66865,80.87403,GDBDCL_2026-06-05T16:00:00+0000_45.5553
GDBDCL,Godavari at Bhadrachalam,Godavari,2026-06-05 17:00:00+00:00,45.54131287681872,NORMAL,47.5,48.5,53.0,17.66865,80.87403,GDBDCL_2026-06-05T17:00:00+0000_45.5413
GDBDCL,Godavari at Bhadrachalam,Godavari,2026-06-05 18:00:00+00:00,45.59348651778126,NORMAL,47.5,48.5,53.0,17.66865,80.87403,GDBDCL_2026-06-05T18:00:00+0000_45.5935
GDBDCL,Godavari at Bhadrachalam,Godavari,2026-06-05 19:00:00+00:00,45.60289127631273,NORMAL,47.5,48.5,53.0,17.66865,80.87403,GDBDCL_2026-06-05T19:00:00+0000_45.6029
GDBDCL,Godavari at Bhadrachalam,Godavari,2026-06-05 20:00:00+00:00,45.64220286081676,NORMAL,47.5,48.5,53.0,17.66865,80.87403,GDBDCL_2026-06-05T20:00:00+0000_45.6422
GDBDCL,Godavari at Bhadrachalam,Godavari,2026-06-05 21:00:00+00:00,45.7574641229642,NORMAL,47.5,48.5,53.0,17.66865,80.87403,GDBDCL_2026-06-05T21:00:00+0000_45.7575
GDBDCL,Godavari at Bhadrachalam,Godavari,2026-06-05 22:00:00+00:00,45.723461532279885,NORMAL,47.5,48.5,53.0,17.66865,80.87403,GDBDCL_2026-06-05T22:00:00+0000_45.7235
GDBDCL,Godavari at Bhadrachalam,Godavari,2026-06-05 23:00:00+00:00,45.80039735683587,NORMAL,47.5,48.5,53.0,17.66865,80.87403,GDBDCL_2026-06-05T23:00:00+0000_45.8004
GDBDCL,Godavari at Bhadrachalam,Godavari,2026-06-06 00:00:00+00:00,45.821732671278056,NORMAL,47.5,48.5,53.0,17.66865,80.87403,GDBDCL_2026-06-06T00:00:00+0000_45.8217
GDBDCL,Godavari at Bhadrachalam,Godavari,2026-06-06 01:00:00+00:00,45.81279051704229,NORMAL,47.5,48.5,53.0,17.66865,80.87403,GDBDCL_2026-06-06T01:00:00+0000_45.8128
GDBDCL,Godavari at Bhadrachalam,Godavari,2026-06-06 02:00:00+00:00,45.7762499090036,NORMAL,47.5,48.5,53.0,17.66865,80.87403,GDBDCL_2026-06-06T02:00:00+0000_45.7762
GDBDCL,Godavari at Bhadrachalam,Godavari,2026-06-06 03:00:00+00:00,45.81153127335594,NORMAL,47.5,48.5,53.0,17.66865,80.87403,GDBDCL_2026-06-06T03:00:00+0000_45.8115
GDBDCL,Godavari at Bhadrachalam,Godavari,2026-06-06 04:00:00+00:00,45.75696870355829,NORMAL,47.5,48.5,53.0,17.66865,80.87403,GDBDCL_2026-06-06T04:00:00+0000_45.7570
GDBDCL,Godavari at Bhadrachalam,Godavari,2026-06-06 05:00:00+00:00,45.7980654244947,NORMAL,47.5,48.5,53.0,17.66865,80.87403,GDBDCL_2026-06-06T05:00:00+0000_45.7981
GDBDCL,Godavari at Bhadrachalam,Godavari,2026-06-06 06:00:00+00:00,45.717320587821504,NORMAL,47.5,48.5,53.0,17.66865,80.87403,GDBDCL_2026-06-06T06:00:00+0000_45.7173
GDBDCL,Godavari at Bhadrachalam,Godavari,2026-06-06 07:00:00+00:00,45.72592126515547,NORMAL,47.5,48.5,53.0,17.66865,80.87403,GDBDCL_2026-06-06T07:00:00+0000_45.7259
GDBDCL,Godavari at Bhadrachalam,Godavari,2026-06-06 08:00:00+00:00,45.7010300160966,NORMAL,47.5,48.5,53.0,17.66865,80.87403,GDBDCL_2026-06-06T08:00:00+0000_45.7010
GDBDCL,Godavari at Bhadrachalam,Godavari,2026-06-06 09:00:00+00:00,45.59495327204319,NORMAL,47.5,48.5,53.0,17.66865,80.87403,GDBDCL_2026-06-06T09:00:00+0000_45.5950
GDBDCL,Godavari at Bhadrachalam,Godavari,2026-06-06 10:00:00+00:00,45.56884992274808,NORMAL,47.5,48.5,53.0,17.66865,80.87403,GDBDCL_2026-06-06T10:00:00+0000_45.5688
GDBDCL,Godavari at Bhadrachalam,Godavari,2026-06-06 11:00:00+00:00,45.57609909758393,NORMAL,47.5,48.5,53.0,17.66865,80.87403,GDBDCL_2026-06-06T11:00:00+0000_45.5761
GDBDCL,Godavari at Bhadrachalam,Godavari,2026-06-06 12:00:00+00:00,45.56808877726738,NORMAL,47.5,48.5,53.0,17.66865,80.87403,GDBDCL_2026-06-06T12:00:00+0000_45.5681
GDBDCL,Godavari at Bhadrachalam,Godavari,2026-06-06 13:00:00+00:00,45.54269993877483,NORMAL,47.5,48.5,53.0,17.66865,80.87403,GDBDCL_2026-06-06T13:00:00+0000_45.5427
GDBDCL,Godavari at Bhadrachalam,Godavari,2026-06-06 14:00:00+00:00,45.54804998129561,NORMAL,47.5,48.5,53.0,17.66865,80.87403,GDBDCL_2026-06-06T14:00:00+0000_45.5480
GDBDCL,Godavari at Bhadrachalam,Godavari,2026-06-06 15:00:00+00:00,45.50176585611548,NORMAL,47.5,48.5,53.0,17.66865,80.87403,GDBDCL_2026-06-06T15:00:00+0000_45.5018
GDBDCL,Godavari at Bhadrachalam,Godavari,2026-06-06 16:00:00+00:00,45.55443294492563,NORMAL,47.5,48.5,53.0,17.66865,80.87403,GDBDCL_2026-06-06T16:00:00+0000_45.5544
GDBDCL,Godavari at Bhadrachalam,Godavari,2026-06-06 17:00:00+00:00,45.57106309035048,NORMAL,47.5,48.5,53.0,17.66865,80.87403,GDBDCL_2026-06-06T17:00:00+0000_45.5711
GDBDCL,Godavari at Bhadrachalam,Godavari,2026-06-06 18:00:00+00:00,45.62704504657224,NORMAL,47.5,48.5,53.0,17.66865,80.87403,GDBDCL_2026-06-06T18:00:00+0000_45.6270
GDBDCL,Godavari at Bhadrachalam,Godavari,2026-06-06 19:00:00+00:00,45.68292102272628,NORMAL,47.5,48.5,53.0,17.66865,80.87403,GDBDCL_2026-06-06T19:00:00+0000_45.6829
GDBDCL,Godavari at Bhadrachalam,Godavari,2026-06-06 20:00:00+00:00,47.87202427157185,WARNING,47.5,48.5,53.0,17.66865,80.87403,GDBDCL_2026-06-06T20:00:00+0000_47.8720
GDBDCL,Godavari at Bhadrachalam,Godavari,2026-06-06 21:00:00+00:00,47.73753067182085,WARNING,47.5,48.5,53.0,17.66865,80.87403,GDBDCL_2026-06-06T21:00:00+0000_47.7375
GDBDCL,Godavari at Bhadrachalam,Godavari,2026-06-06 22:00:00+00:00,47.53647732046353,WARNING,47.5,48.5,53.0,17.66865,80.87403,GDBDCL_2026-06-06T22:00:00+0000_47.5365
GDBDCL,Godavari at Bhadrachalam,Godavari,2026-06-06 23:00:00+00:00,47.35151302204398,NORMAL,47.5,48.5,53.0,17.66865,80.87403,GDBDCL_2026-06-06T23:00:00+0000_47.3515
GDBDCL,Godavari at Bhadrachalam,Godavari,2026-06-07 00:00:00+00:00,45.78244076843926,NORMAL,47.5,48.5,53.0,17.66865,80.87403,GDBDCL_2026-06-07T00:00:00+0000_45.7824
GDBDCL,Godavari at Bhadrachalam,Godavari,2026-06-07 01:00:00+00:00,45.800187445986325,NORMAL,47.5,48.5,53.0,17.66865,80.87403,GDBDCL_2026-06-07T01:00:00+0000_45.8002
GDBDCL,Godavari at Bhadrachalam,Godavari,2026-06-07 02:00:00+00:00,45.79503483413645,NORMAL,47.5,48.5,53.0,17.66865,80.87403,GDBDCL_2026-06-07T02:00:00+0000_45.7950
GDBDCL,Godavari at Bhadrachalam,Godavari,2026-06-07 03:00:00+00:00,45.75840412222963,NORMAL,47.5,48.5,53.0,17.66865,80.87403,GDBDCL_2026-06-07T03:00:00+0000_45.7584
GDBDCL,Godavari at Bhadrachalam,Godavari,2026-06-07 04:00:00+00:00,45.82400130298811,NORMAL,47.5,48.5,53.0,17.66865,80.87403,GDBDCL_2026-06-07T04:00:00+0000_45.8240
GDBDCL,Godavari at Bhadrachalam,Godavari,2026-06-07 05:00:00+00:00,45.741436662666445,NORMAL,47.5,48.5,53.0,17.66865,80.87403,GDBDCL_2026-06-07T05:00:00+0000_45.7414
GDBDCL,Godavari at Bhadrachalam,Godavari,2026-06-07 06:00:00+00:00,45.75265835167424,NORMAL,47.5,48.5,53.0,17.66865,80.87403,GDBDCL_2026-06-07T06:00:00+0000_45.7527
GDBDCL,Godavari at Bhadrachalam,Godavari,2026-06-07 07:00:00+00:00,45.65412166662759,NORMAL,47.5,48.5,53.0,17.66865,80.87403,GDBDCL_2026-06-07T07:00:00+0000_45.6541
GDBDCL,Godavari at Bhadrachalam,Godavari,2026-06-07 08:00:00+00:00,45.60614102319837,NORMAL,47.5,48.5,53.0,17.66865,80.87403,GDBDCL_2026-06-07T08:00:00+0000_45.6061
GDBDCL,Godavari at Bhadrachalam,Godavari,2026-06-07 09:00:00+00:00,45.62796660853475,NORMAL,47.5,48.5,53.0,17.66865,80.87403,GDBDCL_2026-06-07T09:00:00+0000_45.6280
GDBDCL,Godavari at Bhadrachalam,Godavari,2026-06-07 10:00:00+00:00,45.623324297197456,NORMAL,47.5,48.5,53.0,17.66865,80.87403,GDBDCL_2026-06-07T10:00:00+0000_45.6233
GDBDCL,Godavari at Bhadrachalam,Godavari,2026-06-07 11:00:00+00:00,45.5883474109411,NORMAL,47.5,48.5,53.0,17.66865,80.87403,GDBDCL_2026-06-07T11:00:00+0000_45.5883
GDBDCL,Godavari at Bhadrachalam,Godavari,2026-06-07 12:00:00+00:00,45.591434932799785,NORMAL,47.5,48.5,53.0,17.66865,80.87403,GDBDCL_2026-06-07T12:00:00+0000_45.5914
GDBDCL,Godavari at Bhadrachalam,Godavari,2026-06-07 13:00:00+00:00,45.52237311753005,NORMAL,47.5,48.5,53.0,17.66865,80.87403,GDBDCL_2026-06-07T13:00:00+0000_45.5224
GDBDCL,Godavari at Bhadrachalam,Godavari,2026-06-07 14:00:00+00:00,45.50043651005005,NORMAL,47.5,48.5,53.0,17.66865,80.87403,GDBDCL_2026-06-07T14:00:00+0000_45.5004
GDBDCL,Godavari at Bhadrachalam,Godavari,2026-06-07 15:00:00+00:00,45.523921215263385,NORMAL,47.5,48.5,53.0,17.66865,80.87403,GDBDCL_2026-06-07T15:00:00+0000_45.5239
GDBDCL,Godavari at Bhadrachalam,Godavari,2026-06-07 16:00:00+00:00,45.58405233043332,NORMAL,47.5,48.5,53.0,17.66865,80.87403,GDBDCL_2026-06-07T16:00:00+0000_45.5841
GDBDCL,Godavari at Bhadrachalam,Godavari,2026-06-07 17:00:00+00:00,45.55720439390485,NORMAL,47.5,48.5,53.0,17.66865,80.87403,GDBDCL_2026-06-07T17:00:00+0000_45.5572
GDBDCL,Godavari at Bhadrachalam,Godavari,2026-06-07 18:00:00+00:00,45.62955963473089,NORMAL,47.5,48.5,53.0,17.66865,80.87403,GDBDCL_2026-06-07T18:00:00+0000_45.6296
GDBDCL,Godavari at Bhadrachalam,Godavari,2026-06-07 19:00:00+00:00,45.6406316092245,NORMAL,47.5,48.5,53.0,17.66865,80.87403,GDBDCL_2026-06-07T19:00:00+0000_45.6406
GDBDCL,Godavari at Bhadrachalam,Godavari,2026-06-07 20:00:00+00:00,45.71951635918195,NORMAL,47.5,48.5,53.0,17.66865,80.87403,GDBDCL_2026-06-07T20:00:00+0000_45.7195
GDBDCL,Godavari at Bhadrachalam,Godavari,2026-06-07 21:00:00+00:00,45.74449065012154,NORMAL,47.5,48.5,53.0,17.66865,80.87403,GDBDCL_2026-06-07T21:00:00+0000_45.7445
GDBDCL,Godavari at Bhadrachalam,Godavari,2026-06-07 22:00:00+00:00,45.766236219283904,NORMAL,47.5,48.5,53.0,17.66865,80.87403,GDBDCL_2026-06-07T22:00:00+0000_45.7662
GDBDCL,Godavari at Bhadrachalam,Godavari,2026-06-07 23:00:00+00:00,45.83167824648602,NORMAL,47.5,48.5,53.0,17.66865,80.87403,GDBDCL_2026-06-07T23:00:00+0000_45.8317
GDBDCL,Godavari at Bhadrachalam,Godavari,2026-06-08 00:00:00+00:00,45.804267697896805,NORMAL,47.5,48.5,53.0,17.66865,80.87403,GDBDCL_2026-06-08T00:00:00+0000_45.8043
GDBDCL,Godavari at Bhadrachalam,Godavari,2026-06-08 01:00:00+00:00,45.817545249077575,NORMAL,47.5,48.5,53.0,17.66865,80.87403,GDBDCL_2026-06-08T01:00:00+0000_45.8175
GDBDCL,Godavari at Bhadrachalam,Godavari,2026-06-08 02:00:00+00:00,,,47.5,48.5,53.0,17.66865,80.87403,GDBDCL_2026-06-08T02:00:00+0000_
GDBDCL,Godavari at Bhadrachalam,Godavari,2026-06-08 03:00:00+00:00,45.8069369038608,NORMAL,47.5,48.5,53.0,17.66865,80.87403,GDBDCL_2026-06-08T03:00:00+0000_45.8069
GDBDCL,Godavari at Bhadrachalam,Godavari,2026-06-08 04:00:00+00:00,45.83297395525232,NORMAL,47.5,48.5,53.0,17.66865,80.87403,GDBDCL_2026-06-08T04:00:00+0000_45.8330
GDBDCL,Godavari at Bhadrachalam,Godavari,2026-06-08 05:00:00+00:00,45.81112925108949,NORMAL,47.5,48.5,53.0,17.66865,80.87403,GDBDCL_2026-06-08T05:00:00+0000_45.8111
GDBDCL,Godavari at Bhadrachalam,Godavari,2026-06-08 06:00:00+00:00,45.75824602096746,NORMAL,47.5,48.5,53.0,17.66865,80.87403,GDBDCL_2026-06-08T06:00:00+0000_45.7582
GDBDCL,Godavari at Bhadrachalam,Godavari,2026-06-08 07:00:00+00:00,45.68035943339062,NORMAL,47.5,48.5,53.0,17.66865,80.87403,GDBDCL_2026-06-08T07:00:00+0000_45.6804
GDBDCL,Godavari at Bhadrachalam,Godavari,2026-06-08 08:00:00+00:00,45.67815732203872,NORMAL,47.5,48.5,53.0,17.66865,80.87403,GDBDCL_2026-06-08T08:00:00+0000_45.6782
GDBDCL,Godavari at Bhadrachalam,Godavari,2026-06-08 09:00:00+00:00,45.59141337169218,NORMAL,47.5,48.5,53.0,17.66865,80.87403,GDBDCL_2026-06-08T09:00:00+0000_45.5914
GDBDCL,Godavari at Bhadrachalam,Godavari,2026-06-08 10:00:00+00:00,45.54679653158411,NORMAL,47.5,48.5,53.0,17.66865,80.87403,GDBDCL_2026-06-08T10:00:00+0000_45.5468
GDBDCL,Godavari at Bhadrachalam,Godavari,2026-06-08 11:00:00+00:00,45.58328981701112,NORMAL,47.5,48.5,53.0,17.66865,80.87403,GDBDCL_2026-06-08T11:00:00+0000_45.5833
GDBDCL,Godavari at Bhadrachalam,Godavari,2026-06-08 12:00:00+00:00,45.50734542611032,NORMAL,47.5,48.5,53.0,17.66865,80.87403,GDBDCL_2026-06-08T12:00:00+0000_45.5073
GDBDCL,Godavari at Bhadrachalam,Godavari,2026-06-08 13:00:00+00:00,45.492728279141005,NORMAL,47.5,48.5,53.0,17.66865,80.87403,GDBDCL_2026-06-08T13:00:00+0000_45.4927
GDBDCL,Godavari at Bhadrachalam,Godavari,2026-06-08 14:00:00+00:00,45.5128351747334,NORMAL,47.5,48.5,53.0,17.66865,80.87403,GDBDCL_2026-06-08T14:00:00+0000_45.5128
GDBDCL,Godavari at Bhadrachalam,Godavari,2026-06-08 15:00:00+00:00,45.58057486057763,NORMAL,47.5,48.5,53.0,17.66865,80.87403,GDBDCL_2026-06-08T15:00:00+0000_45.5806
GDBDCL,Godavari at Bhadrachalam,Godavari,2026-06-08 16:00:00+00:00,45.53715521053712,NORMAL,47.5,48.5,53.0,17.66865,80.87403,GDBDCL_2026-06-08T16:00:00+0000_45.5372
GDBDCL,Godavari at Bhadrachalam,Godavari,2026-06-08 17:00:00+00:00,45.57732843823556,NORMAL,47.5,48.5,53.0,17.66865,80.87403,GDBDCL_2026-06-08T17:00:00+0000_45.5773
GDBDCL,Godavari at Bhadrachalam,Godavari,2026-06-08 18:00:00+00:00,45.63747018964224,NORMAL,47.5,48.5,53.0,17.66865,80.87403,GDBDCL_2026-06-08T18:00:00+0000_45.6375
GDBDCL,Godavari at Bhadrachalam,Godavari,2026-06-08 19:00:00+00:00,45.62778547599343,NORMAL,47.5,48.5,53.0,17.66865,80.87403,GDBDCL_2026-06-08T19:00:00+0000_45.6278
GDBDCL,Godavari at Bhadrachalam,Godavari,2026-06-08 20:00:00+00:00,45.669475008598354,NORMAL,47.5,48.5,53.0,17.66865,80.87403,GDBDCL_2026-06-08T20:00:00+0000_45.6695
GDBDCL,Godavari at Bhadrachalam,Godavari,2026-06-08 21:00:00+00:00,45.76134236798363,NORMAL,47.5,48.5,53.0,17.66865,80.87403,GDBDCL_2026-06-08T21:00:00+0000_45.7613
GDBDCL,Godavari at Bhadrachalam,Godavari,2026-06-08 22:00:00+00:00,45.70890289168543,NORMAL,47.5,48.5,53.0,17.66865,80.87403,GDBDCL_2026-06-08T22:00:00+0000_45.7089
GDBDCL,Godavari at Bhadrachalam,Godavari,2026-06-08 23:00:00+00:00,45.75773546498724,NORMAL,47.5,48.5,53.0,17.66865,80.87403,GDBDCL_2026-06-08T23:00:00+0000_45.7577
GDBDCL,Godavari at Bhadrachalam,Godavari,2026-06-09 00:00:00+00:00,45.80501127878712,NORMAL,47.5,48.5,53.0,17.66865,80.87403,GDBDCL_2026-06-09T00:00:00+0000_45.8050
GDBDCL,Godavari at Bhadrachalam,Godavari,2026-06-09 01:00:00+00:00,45.85428073055242,NORMAL,47.5,48.5,53.0,17.66865,80.87403,GDBDCL_2026-06-09T01:00:00+0000_45.8543
GDBDCL,Godavari at Bhadrachalam,Godavari,2026-06-09 02:00:00+00:00,45.79268576847648,NORMAL,47.5,48.5,53.0,17.66865,80.87403,GDBDCL_2026-06-09T02:00:00+0000_45.7927
GDBDCL,Godavari at Bhadrachalam,Godavari,2026-06-09 03:00:00+00:00,45.840723712228765,NORMAL,47.5,48.5,53.0,17.66865,80.87403,GDBDCL_2026-06-09T03:00:00+0000_45.8407
GDBDCL,Godavari at Bhadrachalam,Godavari,2026-06-09 04:00:00+00:00,45.77291848031487,NORMAL,47.5,48.5,53.0,17.66865,80.87403,GDBDCL_2026-06-09T04:00:00+0000_45.7729
GDBDCL,Godavari at Bhadrachalam,Godavari,2026-06-09 05:00:00+00:00,45.79003754139562,NORMAL,47.5,48.5,53.0,17.66865,80.87403,GDBDCL_2026-06-09T05:00:00+0000_45.7900
GDBDCL,Godavari at Bhadrachalam,Godavari,2026-06-09 06:00:00+00:00,45.74822467825968,NORMAL,47.5,48.5,53.0,17.66865,80.87403,GDBDCL_2026-06-09T06:00:00+0000_45.7482
GDBDCL,Godavari at Bhadrachalam,Godavari,2026-06-09 07:00:00+00:00,45.712238864051024,NORMAL,47.5,48.5,53.0,17.66865,80.87403,GDBDCL_2026-06-09T07:00:00+0000_45.7122
GDBDCL,Godavari at Bhadrachalam,Godavari,2026-06-09 08:00:00+00:00,45.64424961052557,NORMAL,47.5,48.5,53.0,17.66865,80.87403,GDBDCL_2026-06-09T08:00:00+0000_45.6442
GDBDCL,Godavari at Bhadrachalam,Godavari,2026-06-09 09:00:00+00:00,45.58352943992392,NORMAL,47.5,48.5,53.0,17.66865,80.87403,GDBDCL_2026-06-09T09:00:00+0000_45.5835
GDBDCL,Godavari at Bhadrachalam,Godavari,2026-06-09 10:00:00+00:00,45.60681023828042,NORMAL,47.5,48.5,53.0,17.66865,80.87403,GDBDCL_2026-06-09T10:00:00+0000_45.6068
GDBDCL,Godavari at Bhadrachalam,Godavari,2026-06-09 11:00:00+00:00,45.53821362290447,NORMAL,47.5,48.5,53.0,17.66865,80.87403,GDBDCL_2026-06-09T11:00:00+0000_45.5382
GDBDCL,Godavari at Bhadrachalam,Godavari,2026-06-09 12:00:00+00:00,45.56020255864893,NORMAL,47.5,48.5,53.0,17.66865,80.87403,GDBDCL_2026-06-09T12:00:00+0000_45.5602
GDBDCL,Godavari at Bhadrachalam,Godavari,2026-06-09 13:00:00+00:00,45.53962960245496,NORMAL,47.5,48.5,53.0,17.66865,80.87403,GDBDCL_2026-06-09T13:00:00+0000_45.5396
GDBDCL,Godavari at Bhadrachalam,Godavari,2026-06-09 14:00:00+00:00,45.55662550896411,NORMAL,47.5,48.5,53.0,17.66865,80.87403,GDBDCL_2026-06-09T14:00:00+0000_45.5566
GDBDCL,Godavari at Bhadrachalam,Godavari,2026-06-09 15:00:00+00:00,45.51087972788017,NORMAL,47.5,48.5,53.0,17.66865,80.87403,GDBDCL_2026-06-09T15:00:00+0000_45.5109
GDBDCL,Godavari at Bhadrachalam,Godavari,2026-06-09 16:00:00+00:00,45.5989400013386,NORMAL,47.5,48.5,53.0,17.66865,80.87403,GDBDCL_2026-06-09T16:00:00+0000_45.5989
GDBDCL,Godavari at Bhadrachalam,Godavari,2026-06-09 17:00:00+00:00,45.56093474810294,NORMAL,47.5,48.5,53.0,17.66865,80.87403,GDBDCL_2026-06-09T17:00:00+0000_45.5609
GDBDCL,Godavari at Bhadrachalam,Godavari,2026-06-09 18:00:00+00:00,45.594629798177166,NORMAL,47.5,48.5,53.0,17.66865,80.87403,GDBDCL_2026-06-09T18:00:00+0000_45.5946
GDBDCL,Godavari at Bhadrachalam,Godavari,2026-06-09 19:00:00+00:00,45.671372137167246,NORMAL,47.5,48.5,53.0,17.66865,80.87403,GDBDCL_2026-06-09T19:00:00+0000_45.6714
GDBDCL,Godavari at Bhadrachalam,Godavari,2026-06-09 20:00:00+00:00,45.738827011729335,NORMAL,47.5,48.5,53.0,17.66865,80.87403,GDBDCL_2026-06-09T20:00:00+0000_45.7388
GDBDCL,Godavari at Bhadrachalam,Godavari,2026-06-09 21:00:00+00:00,45.70790557578896,NORMAL,47.5,48.5,53.0,17.66865,80.87403,GDBDCL_2026-06-09T21:00:00+0000_45.7079
GDBDCL,Godavari at Bhadrachalam,Godavari,2026-06-09 22:00:00+00:00,45.73874298071821,NORMAL,47.5,48.5,53.0,17.66865,80.87403,GDBDCL_2026-06-09T22:00:00+0000_45.7387
GDBDCL,Godavari at Bhadrachalam,Godavari,2026-06-09 23:00:00+00:00,45.79968607212623,NORMAL,47.5,48.5,53.0,17.66865,80.87403,GDBDCL_2026-06-09T23:00:00+0000_45.7997
GDBDCL,Godavari at Bhadrachalam,Godavari,2026-06-10 00:00:00+00:00,45.852299439622286,NORMAL,47.5,48.5,53.0,17.66865,80.87403,GDBDCL_2026-06-10T00:00:00+0000_45.8523
GDBDCL,Godavari at Bhadrachalam,Godavari,2026-06-10 01:00:00+00:00,45.81561139732825,NORMAL,47.5,48.5,53.0,17.66865,80.87403,GDBDCL_2026-06-10T01:00:00+0000_45.8156
GDBDCL,Godavari at Bhadrachalam,Godavari,2026-06-10 02:00:00+00:00,45.86403119353706,NORMAL,47.5,48.5,53.0,17.66865,80.87403,GDBDCL_2026-06-10T02:00:00+0000_45.8640
GDBDCL,Godavari at Bhadrachalam,Godavari,2026-06-10 03:00:00+00:00,45.76613041045936,NORMAL,47.5,48.5,53.0,17.66865,80.87403,GDBDCL_2026-06-10T03:00:00+0000_45.7661
GDBDCL,Godavari at Bhadrachalam,Godavari,2026-06-10 04:00:00+00:00,45.76273705336744,NORMAL,47.5,48.5,53.0,17.66865,80.87403,GDBDCL_2026-06-10T04:00:00+0000_45.7627
GDBDCL,Godavari at Bhadrachalam,Godavari,2026-06-10 05:00:00+00:00,45.77294145094828,NORMAL,47.5,48.5,53.0,17.66865,80.87403,GDBDCL_2026-06-10T05:00:00+0000_45.7729
GDBDCL,Godavari at Bhadrachalam,Godavari,2026-06-10 06:00:00+00:00,45.73006183941017,NORMAL,47.5,48.5,53.0,17.66865,80.87403,GDBDCL_2026-06-10T06:00:00+0000_45.7301
GDBDCL,Godavari at Bhadrachalam,Godavari,2026-06-10 07:00:00+00:00,45.65042569528786,NORMAL,47.5,48.5,53.0,17.66865,80.87403,GDBDCL_2026-06-10T07:00:00+0000_45.6504
GDBDCL,Godavari at Bhadrachalam,Godavari,2026-06-10 08:00:00+00:00,45.63723308808434,NORMAL,47.5,48.5,53.0,17.66865,80.87403,GDBDCL_2026-06-10T08:00:00+0000_45.6372
GDBDCL,Godavari at Bhadrachalam,Godavari,2026-06-10 09:00:00+00:00,45.60036627951164,NORMAL,47.5,48.5,53.0,17.66865,80.87403,GDBDCL_2026-06-10T09:00:00+0000_45.6004
GDBDCL,Godavari at Bhadrachalam,Godavari,2026-06-10 10:00:00+00:00,45.60390390859068,NORMAL,47.5,48.5,53.0,17.66865,80.87403,GDBDCL_2026-06-10T10:00:00+0000_45.6039
GDBDCL,Godavari at Bhadrachalam,Godavari,2026-06-10 11:00:00+00:00,45.56192576167203,NORMAL,47.5,48.5,53.0,17.66865,80.87403,GDBDCL_2026-06-10T11:00:00+0000_45.5619
GDBDCL,Godavari at Bhadrachalam,Godavari,2026-06-10 12:00:00+00:00,45.55083254852432,NORMAL,47.5,48.5,53.0,17.66865,80.87403,GDBDCL_2026-06-10T12:00:00+0000_45.5508
GDBDCL,Godavari at Bhadrachalam,Godavari,2026-06-10 13:00:00+00:00,45.53620909330344,NORMAL,47.5,48.5,53.0,17.66865,80.87403,GDBDCL_2026-06-10T13:00:00+0000_45.5362
GDBDCL,Godavari at Bhadrachalam,Godavari,2026-06-10 14:00:00+00:00,45.52098264646531,NORMAL,47.5,48.5,53.0,17.66865,80.87403,GDBDCL_2026-06-10T14:00:00+0000_45.5210
GDBDCL,Godavari at Bhadrachalam,Godavari,2026-06-10 15:00:00+00:00,45.53721563923301,NORMAL,47.5,48.5,53.0,17.66865,80.87403,GDBDCL_2026-06-10T15:00:00+0000_45.5372
GDBDCL,Godavari at Bhadrachalam,Godavari,2026-06-10 16:00:00+00:00,45.58917304858336,NORMAL,47.5,48.5,53.0,17.66865,80.87403,GDBDCL_2026-06-10T16:00:00+0000_45.5892
GDBDCL,Godavari at Bhadrachalam,Godavari,2026-06-10 17:00:00+00:00,45.62306086277593,NORMAL,47.5,48.5,53.0,17.66865,80.87403,GDBDCL_2026-06-10T17:00:00+0000_45.6231
GDBDCL,Godavari at Bhadrachalam,Godavari,2026-06-10 18:00:00+00:00,45.62695489039962,NORMAL,47.5,48.5,53.0,17.66865,80.87403,GDBDCL_2026-06-10T18:00:00+0000_45.6270
GDBDCL,Godavari at Bhadrachalam,Godavari,2026-06-10 19:00:00+00:00,45.67695477102796,NORMAL,47.5,48.5,53.0,17.66865,80.87403,GDBDCL_2026-06-10T19:00:00+0000_45.6770
GDBDCL,Godavari at Bhadrachalam,Godavari,2026-06-10 20:00:00+00:00,45.73182933803146,NORMAL,47.5,48.5,53.0,17.66865,80.87403,GDBDCL_2026-06-10T20:00:00+0000_45.7318
GDBDCL,Godavari at Bhadrachalam,Godavari,2026-06-10 21:00:00+00:00,45.724295941914285,NORMAL,47.5,48.5,53.0,17.66865,80.87403,GDBDCL_2026-06-10T21:00:00+0000_45.7243
GDBDCL,Godavari at Bhadrachalam,Godavari,2026-06-10 22:00:00+00:00,45.71809034984644,NORMAL,47.5,48.5,53.0,17.66865,80.87403,GDBDCL_2026-06-10T22:00:00+0000_45.7181
GDBDCL,Godavari at Bhadrachalam,Godavari,2026-06-10 23:00:00+00:00,45.80153741991433,NORMAL,47.5,48.5,53.0,17.66865,80.87403,GDBDCL_2026-06-10T23:00:00+0000_45.8015
GDBDCL,Godavari at Bhadrachalam,Godavari,2026-06-11 00:00:00+00:00,45.80845500035121,NORMAL,47.5,48.5,53.0,17.66865,80.87403,GDBDCL_2026-06-11T00:00:00+0000_45.8085
GDBDCL,Godavari at Bhadrachalam,Godavari,2026-06-11 01:00:00+00:00,45.86597559144868,NORMAL,47.5,48.5,53.0,17.66865,80.87403,GDBDCL_2026-06-11T01:00:00+0000_45.8660
GDBDCL,Godavari at Bhadrachalam,Godavari,2026-06-11 02:00:00+00:00,45.84853591679467,NORMAL,47.5,48.5,53.0,17.66865,80.87403,GDBDCL_2026-06-11T02:00:00+0000_45.8485
GDBDCL,Godavari at Bhadrachalam,Godavari,2026-06-11 03:00:00+00:00,45.82033754251774,NORMAL,47.5,48.5,53.0,17.66865,80.87403,GDBDCL_2026-06-11T03:00:00+0000_45.8203
GDBDCL,Godavari at Bhadrachalam,Godavari,2026-06-11 04:00:00+00:00,45.74426884513328,NORMAL,47.5,48.5,53.0,17.66865,80.87403,GDBDCL_2026-06-11T04:00:00+0000_45.7443
GDBDCL,Godavari at Bhadrachalam,Godavari,2026-06-11 05:00:00+00:00,45.80514524196766,NORMAL,47.5,48.5,53.0,17.66865,80.87403,GDBDCL_2026-06-11T05:00:00+0000_45.8051
GDBDCL,Godavari at Bhadrachalam,Godavari,2026-06-11 06:00:00+00:00,45.72743617430972,NORMAL,47.5,48.5,53.0,17.66865,80.87403,GDBDCL_2026-06-11T06:00:00+0000_45.7274
GDBDCL,Godavari at Bhadrachalam,Godavari,2026-06-11 07:00:00+00:00,45.706392280612896,NORMAL,47.5,48.5,53.0,17.66865,80.87403,GDBDCL_2026-06-11T07:00:00+0000_45.7064
GDBDCL,Godavari at Bhadrachalam,Godavari,2026-06-11 08:00:00+00:00,45.64195538481458,NORMAL,47.5,48.5,53.0,17.66865,80.87403,GDBDCL_2026-06-11T08:00:00+0000_45.6420
GDBDCL,Godavari at Bhadrachalam,Godavari,2026-06-11 09:00:00+00:00,45.623455396674544,NORMAL,47.5,48.5,53.0,17.66865,80.87403,GDBDCL_2026-06-11T09:00:00+0000_45.6235
GDBDCL,Godavari at Bhadrachalam,Godavari,2026-06-11 10:00:00+00:00,,,47.5,48.5,53.0,17.66865,80.87403,GDBDCL_2026-06-11T10:00:00+0000_
GDBDCL,Godavari at Bhadrachalam,Godavari,2026-06-11 11:00:00+00:00,45.54798179318825,NORMAL,47.5,48.5,53.0,17.66865,80.87403,GDBDCL_2026-06-11T11:00:00+0000_45.5480
GDBDCL,Godavari at Bhadrachalam,Godavari,2026-06-11 12:00:00+00:00,45.57478057167809,NORMAL,47.5,48.5,53.0,17.66865,80.87403,GDBDCL_2026-06-11T12:00:00+0000_45.5748
GDBDCL,Godavari at Bhadrachalam,Godavari,2026-06-11 13:00:00+00:00,45.532342390685145,NORMAL,47.5,48.5,53.0,17.66865,80.87403,GDBDCL_2026-06-11T13:00:00+0000_45.5323
GDBDCL,Godavari at Bhadrachalam,Godavari,2026-06-11 14:00:00+00:00,45.49309665042375,NORMAL,47.5,48.5,53.0,17.66865,80.87403,GDBDCL_2026-06-11T14:00:00+0000_45.4931
GDBDCL,Godavari at Bhadrachalam,Godavari,2026-06-11 15:00:00+00:00,45.52603854395906,NORMAL,47.5,48.5,53.0,17.66865,80.87403,GDBDCL_2026-06-11T15:00:00+0000_45.5260
GDBDCL,Godavari at Bhadrachalam,Godavari,2026-06-11 16:00:00+00:00,45.52459005354925,NORMAL,47.5,48.5,53.0,17.66865,80.87403,GDBDCL_2026-06-11T16:00:00+0000_45.5246
GDBDCL,Godavari at Bhadrachalam,Godavari,2026-06-11 17:00:00+00:00,45.58300629705762,NORMAL,47.5,48.5,53.0,17.66865,80.87403,GDBDCL_2026-06-11T17:00:00+0000_45.5830
GDBDCL,Godavari at Bhadrachalam,Godavari,2026-06-11 18:00:00+00:00,45.58610432739447,NORMAL,47.5,48.5,53.0,17.66865,80.87403,GDBDCL_2026-06-11T18:00:00+0000_45.5861
GDBDCL,Godavari at Bhadrachalam,Godavari,2026-06-11 19:00:00+00:00,45.70396240663968,NORMAL,47.5,48.5,53.0,17.66865,80.87403,GDBDCL_2026-06-11T19:00:00+0000_45.7040
GDBDCL,Godavari at Bhadrachalam,Godavari,2026-06-11 20:00:00+00:00,45.681492944160645,NORMAL,47.5,48.5,53.0,17.66865,80.87403,GDBDCL_2026-06-11T20:00:00+0000_45.6815
GDBDCL,Godavari at Bhadrachalam,Godavari,2026-06-11 21:00:00+00:00,45.70725491396959,NORMAL,47.5,48.5,53.0,17.66865,80.87403,GDBDCL_2026-06-11T21:00:00+0000_45.7073
GDBDCL,Godavari at Bhadrachalam,Godavari,2026-06-11 22:00:00+00:00,45.775719648237896,NORMAL,47.5,48.5,53.0,17.66865,80.87403,GDBDCL_2026-06-11T22:00:00+0000_45.7757
GDBDCL,Godavari at Bhadrachalam,Godavari,2026-06-11 23:00:00+00:00,45.825604046374586,NORMAL,47.5,48.5,53.0,17.66865,80.87403,GDBDCL_2026-06-11T23:00:00+0000_45.8256
GDBDCL,Godavari at Bhadrachalam,Godavari,2026-06-12 00:00:00+00:00,45.77684105039869,NORMAL,47.5,48.5,53.0,17.66865,80.87403,GDBDCL_2026-06-12T00:00:00+0000_45.7768
GDBDCL,Godavari at Bhadrachalam,Godavari,2026-06-12 01:00:00+00:00,45.82271734005637,NORMAL,47.5,48.5,53.0,17.66865,80.87403,GDBDCL_2026-06-12T01:00:00+0000_45.8227
GDBDCL,Godavari at Bhadrachalam,Godavari,2026-06-12 02:00:00+00:00,45.778273869589206,NORMAL,47.5,48.5,53.0,17.66865,80.87403,GDBDCL_2026-06-12T02:00:00+0000_45.7783
GDBDCL,Godavari at Bhadrachalam,Godavari,2026-06-12 03:00:00+00:00,45.80863148874201,NORMAL,47.5,48.5,53.0,17.66865,80.87403,GDBDCL_2026-06-12T03:00:00+0000_45.8086
GDBDCL,Godavari at Bhadrachalam,Godavari,2026-06-12 04:00:00+00:00,45.774601892332605,NORMAL,47.5,48.5,53.0,17.66865,80.87403,GDBDCL_2026-06-12T04:00:00+0000_45.7746
GDBDCL,Godavari at Bhadrachalam,Godavari,2026-06-12 05:00:00+00:00,45.815110815757805,NORMAL,47.5,48.5,53.0,17.66865,80.87403,GDBDCL_2026-06-12T05:00:00+0000_45.8151
GDBDCL,Godavari at Bhadrachalam,Godavari,2026-06-12 06:00:00+00:00,45.75215006665439,NORMAL,47.5,48.5,53.0,17.66865,80.87403,GDBDCL_2026-06-12T06:00:00+0000_45.7522
GDBDCL,Godavari at Bhadrachalam,Godavari,2026-06-12 07:00:00+00:00,45.73392321472839,NORMAL,47.5,48.5,53.0,17.66865,80.87403,GDBDCL_2026-06-12T07:00:00+0000_45.7339
GDBDCL,Godavari at Bhadrachalam,Godavari,2026-06-12 08:00:00+00:00,45.65880115860732,NORMAL,47.5,48.5,53.0,17.66865,80.87403,GDBDCL_2026-06-12T08:00:00+0000_45.6588
GDBDCL,Godavari at Bhadrachalam,Godavari,2026-06-12 09:00:00+00:00,45.63971558107983,NORMAL,47.5,48.5,53.0,17.66865,80.87403,GDBDCL_2026-06-12T09:00:00+0000_45.6397
GDBDCL,Godavari at Bhadrachalam,Godavari,2026-06-12 10:00:00+00:00,45.59386768765321,NORMAL,47.5,48.5,53.0,17.66865,80.87403,GDBDCL_2026-06-12T10:00:00+0000_45.5939
GDBDCL,Godavari at Bhadrachalam,Godavari,2026-06-12 11:00:00+00:00,45.55995355060184,NORMAL,47.5,48.5,53.0,17.66865,80.87403,GDBDCL_2026-06-12T11:00:00+0000_45.5600
GDBDCL,Godavari at Bhadrachalam,Godavari,2026-06-12 12:00:00+00:00,45.52369552394818,NORMAL,47.5,48.5,53.0,17.66865,80.87403,GDBDCL_2026-06-12T12:00:00+0000_45.5237
GDBDCL,Godavari at Bhadrachalam,Godavari,2026-06-12 13:00:00+00:00,45.51322998072546,NORMAL,47.5,48.5,53.0,17.66865,80.87403,GDBDCL_2026-06-12T13:00:00+0000_45.5132
GDBDCL,Godavari at Bhadrachalam,Godavari,2026-06-12 14:00:00+00:00,45.55559672483927,NORMAL,47.5,48.5,53.0,17.66865,80.87403,GDBDCL_2026-06-12T14:00:00+0000_45.5556
GDBDCL,Godavari at Bhadrachalam,Godavari,2026-06-12 15:00:00+00:00,45.563303430929416,NORMAL,47.5,48.5,53.0,17.66865,80.87403,GDBDCL_2026-06-12T15:00:00+0000_45.5633
GDBDCL,Godavari at Bhadrachalam,Godavari,2026-06-12 16:00:00+00:00,45.60245399805547,NORMAL,47.5,48.5,53.0,17.66865,80.87403,GDBDCL_2026-06-12T16:00:00+0000_45.6025
GDBDCL,Godavari at Bhadrachalam,Godavari,2026-06-12 17:00:00+00:00,45.63974407064918,NORMAL,47.5,48.5,53.0,17.66865,80.87403,GDBDCL_2026-06-12T17:00:00+0000_45.6397
GDBDCL,Godavari at Bhadrachalam,Godavari,2026-06-12 18:00:00+00:00,45.57900534615025,NORMAL,47.5,48.5,53.0,17.66865,80.87403,GDBDCL_2026-06-12T18:00:00+0000_45.5790
GDBDCL,Godavari at Bhadrachalam,Godavari,2026-06-12 19:00:00+00:00,45.64255790865277,NORMAL,47.5,48.5,53.0,17.66865,80.87403,GDBDCL_2026-06-12T19:00:00+0000_45.6426
GDBDCL,Godavari at Bhadrachalam,Godavari,2026-06-12 20:00:00+00:00,45.711777880147565,NORMAL,47.5,48.5,53.0,17.66865,80.87403,GDBDCL_2026-06-12T20:00:00+0000_45.7118
GDBDCL,Godavari at Bhadrachalam,Godavari,2026-06-12 21:00:00+00:00,45.7035007466656,NORMAL,47.5,48.5,53.0,17.66865,80.87403,GDBDCL_2026-06-12T21:00:00+0000_45.7035
GDBDCL,Godavari at Bhadrachalam,Godavari,2026-06-12 22:00:00+00:00,45.78159721258346,NORMAL,47.5,48.5,53.0,17.66865,80.87403,GDBDCL_2026-06-12T22:00:00+0000_45.7816
GDBDCL,Godavari at Bhadrachalam,Godavari,2026-06-12 23:00:00+00:00,45.743656949143,NORMAL,47.5,48.5,53.0,17.66865,80.87403,GDBDCL_2026-06-12T23:00:00+0000_45.7437
GDBDCL,Godavari at Bhadrachalam,Godavari,2026-06-13 00:00:00+00:00,45.80700879421756,NORMAL,47.5,48.5,53.0,17.66865,80.87403,GDBDCL_2026-06-13T00:00:00+0000_45.8070
GDBDCL,Godavari at Bhadrachalam,Godavari,2026-06-13 01:00:00+00:00,45.79082707510221,NORMAL,47.5,48.5,53.0,17.66865,80.87403,GDBDCL_2026-06-13T01:00:00+0000_45.7908
GDBDCL,Godavari at Bhadrachalam,Godavari,2026-06-13 02:00:00+00:00,45.82653434260387,NORMAL,47.5,48.5,53.0,17.66865,80.87403,GDBDCL_2026-06-13T02:00:00+0000_45.8265
GDBDCL,Godavari at Bhadrachalam,Godavari,2026-06-13 03:00:00+00:00,45.8456709761544,NORMAL,47.5,48.5,53.0,17.66865,80.87403,GDBDCL_2026-06-13T03:00:00+0000_45.8457
GDBDCL,Godavari at Bhadrachalam,Godavari,2026-06-13 04:00:00+00:00,45.81921989177491,NORMAL,47.5,48.5,53.0,17.66865,80.87403,GDBDCL_2026-06-13T04:00:00+0000_45.8192
GDBDCL,Godavari at Bhadrachalam,Godavari,2026-06-13 05:00:00+00:00,45.7932997142787,NORMAL,47.5,48.5,53.0,17.66865,80.87403,GDBDCL_2026-06-13T05:00:00+0000_45.7933
GDBDCL,Godavari at Bhadrachalam,Godavari,2026-06-13 06:00:00+00:00,45.73780720638728,NORMAL,47.5,48.5,53.0,17.66865,80.87403,GDBDCL_2026-06-13T06:00:00+0000_45.7378
GDBDCL,Godavari at Bhadrachalam,Godavari,2026-06-13 07:00:00+00:00,45.66596429747021,NORMAL,47.5,48.5,53.0,17.66865,80.87403,GDBDCL_2026-06-13T07:00:00+0000_45.6660
GDBDCL,Godavari at Bhadrachalam,Godavari,2026-06-13 08:00:00+00:00,45.627920476814765,NORMAL,47.5,48.5,53.0,17.66865,80.87403,GDBDCL_2026-06-13T08:00:00+0000_45.6279
GDBDCL,Godavari at Bhadrachalam,Godavari,2026-06-13 09:00:00+00:00,45.66479524897206,NORMAL,47.5,48.5,53.0,17.66865,80.87403,GDBDCL_2026-06-13T09:00:00+0000_45.6648
GDBDCL,Godavari at Bhadrachalam,Godavari,2026-06-13 10:00:00+00:00,45.57477473251672,NORMAL,47.5,48.5,53.0,17.66865,80.87403,GDBDCL_2026-06-13T10:00:00+0000_45.5748
GDBDCL,Godavari at Bhadrachalam,Godavari,2026-06-13 11:00:00+00:00,45.62258903555311,NORMAL,47.5,48.5,53.0,17.66865,80.87403,GDBDCL_2026-06-13T11:00:00+0000_45.6226
GDBDCL,Godavari at Bhadrachalam,Godavari,2026-06-13 12:00:00+00:00,45.55650072768165,NORMAL,47.5,48.5,53.0,17.66865,80.87403,GDBDCL_2026-06-13T12:00:00+0000_45.5565
GDBDCL,Godavari at Bhadrachalam,Godavari,2026-06-13 13:00:00+00:00,45.58867988689611,NORMAL,47.5,48.5,53.0,17.66865,80.87403,GDBDCL_2026-06-13T13:00:00+0000_45.5887
GDBDCL,Godavari at Bhadrachalam,Godavari,2026-06-13 14:00:00+00:00,45.546331377895314,NORMAL,47.5,48.5,53.0,17.66865,80.87403,GDBDCL_2026-06-13T14:00:00+0000_45.5463
GDBDCL,Godavari at Bhadrachalam,Godavari,2026-06-13 15:00:00+00:00,45.60026983825382,NORMAL,47.5,48.5,53.0,17.66865,80.87403,GDBDCL_2026-06-13T15:00:00+0000_45.6003
GDBDCL,Godavari at Bhadrachalam,Godavari,2026-06-13 16:00:00+00:00,45.592742476776245,NORMAL,47.5,48.5,53.0,17.66865,80.87403,GDBDCL_2026-06-13T16:00:00+0000_45.5927
GDBDCL,Godavari at Bhadrachalam,Godavari,2026-06-13 17:00:00+00:00,45.59629308858247,NORMAL,47.5,48.5,53.0,17.66865,80.87403,GDBDCL_2026-06-13T17:00:00+0000_45.5963
GDBDCL,Godavari at Bhadrachalam,Godavari,2026-06-13 18:00:00+00:00,45.638776665464434,NORMAL,47.5,48.5,53.0,17.66865,80.87403,GDBDCL_2026-06-13T18:00:00+0000_45.6388
GDBDCL,Godavari at Bhadrachalam,Godavari,2026-06-13 19:00:00+00:00,45.68343140361095,NORMAL,47.5,48.5,53.0,17.66865,80.87403,GDBDCL_2026-06-13T19:00:00+0000_45.6834
GDBDCL,Godavari at Bhadrachalam,Godavari,2026-06-13 20:00:00+00:00,45.74471689702174,NORMAL,47.5,48.5,53.0,17.66865,80.87403,GDBDCL_2026-06-13T20:00:00+0000_45.7447
GDBDCL,Godavari at Bhadrachalam,Godavari,2026-06-13 21:00:00+00:00,45.738075623978126,NORMAL,47.5,48.5,53.0,17.66865,80.87403,GDBDCL_2026-06-13T21:00:00+0000_45.7381
GDBDCL,Godavari at Bhadrachalam,Godavari,2026-06-13 22:00:00+00:00,45.801480730550736,NORMAL,47.5,48.5,53.0,17.66865,80.87403,GDBDCL_2026-06-13T22:00:00+0000_45.8015
GDBDCL,Godavari at Bhadrachalam,Godavari,2026-06-13 23:00:00+00:00,45.75171647199545,NORMAL,47.5,48.5,53.0,17.66865,80.87403,GDBDCL_2026-06-13T23:00:00+0000_45.7517
GDBDCL,Godavari at Bhadrachalam,Godavari,2026-06-14 00:00:00+00:00,45.78643549198986,NORMAL,47.5,48.5,53.0,17.66865,80.87403,GDBDCL_2026-06-14T00:00:00+0000_45.7864
GDBDCL,Godavari at Bhadrachalam,Godavari,2026-06-14 01:00:00+00:00,,,47.5,48.5,53.0,17.66865,80.87403,GDBDCL_2026-06-14T01:00:00+0000_
GDBDCL,Godavari at Bhadrachalam,Godavari,2026-06-14 02:00:00+00:00,45.817374786839125,NORMAL,47.5,48.5,53.0,17.66865,80.87403,GDBDCL_2026-06-14T02:00:00+0000_45.8174
GDBDCL,Godavari at Bhadrachalam,Godavari,2026-06-14 03:00:00+00:00,45.83743582942957,NORMAL,47.5,48.5,53.0,17.66865,80.87403,GDBDCL_2026-06-14T03:00:00+0000_45.8374
GDBDCL,Godavari at Bhadrachalam,Godavari,2026-06-14 04:00:00+00:00,45.81694643755117,NORMAL,47.5,48.5,53.0,17.66865,80.87403,GDBDCL_2026-06-14T04:00:00+0000_45.8169
GDBDCL,Godavari at Bhadrachalam,Godavari,2026-06-14 05:00:00+00:00,45.81206085644866,NORMAL,47.5,48.5,53.0,17.66865,80.87403,GDBDCL_2026-06-14T05:00:00+0000_45.8121
GDBDCL,Godavari at Bhadrachalam,Godavari,2026-06-14 06:00:00+00:00,45.76108659346784,NORMAL,47.5,48.5,53.0,17.66865,80.87403,GDBDCL_2026-06-14T06:00:00+0000_45.7611
GDBDCL,Godavari at Bhadrachalam,Godavari,2026-06-14 07:00:00+00:00,45.72904703955491,NORMAL,47.5,48.5,53.0,17.66865,80.87403,GDBDCL_2026-06-14T07:00:00+0000_45.7290
GDBDCL,Godavari at Bhadrachalam,Godavari,2026-06-14 08:00:00+00:00,45.68698596634658,NORMAL,47.5,48.5,53.0,17.66865,80.87403,GDBDCL_2026-06-14T08:00:00+0000_45.6870
GDBDCL,Godavari at Bhadrachalam,Godavari,2026-06-14 09:00:00+00:00,45.675877901390464,NORMAL,47.5,48.5,53.0,17.66865,80.87403,GDBDCL_2026-06-14T09:00:00+0000_45.6759
GDBDCL,Godavari at Bhadrachalam,Godavari,2026-06-14 10:00:00+00:00,,,47.5,48.5,53.0,17.66865,80.87403,GDBDCL_2026-06-14T10:00:00+0000_
GDBDCL,Godavari at Bhadrachalam,Godavari,2026-06-14 11:00:00+00:00,45.61921951845734,NORMAL,47.5,48.5,53.0,17.66865,80.87403,GDBDCL_2026-06-14T11:00:00+0000_45.6192
GDBDCL,Godavari at Bhadrachalam,Godavari,2026-06-14 12:00:00+00:00,45.55274593700597,NORMAL,47.5,48.5,53.0,17.66865,80.87403,GDBDCL_2026-06-14T12:00:00+0000_45.5527
GDBDCL,Godavari at Bhadrachalam,Godavari,2026-06-14 13:00:00+00:00,45.55292929209826,NORMAL,47.5,48.5,53.0,17.66865,80.87403,GDBDCL_2026-06-14T13:00:00+0000_45.5529
GDBDCL,Godavari at Bhadrachalam,Godavari,2026-06-14 14:00:00+00:00,45.511847581438765,NORMAL,47.5,48.5,53.0,17.66865,80.87403,GDBDCL_2026-06-14T14:00:00+0000_45.5118
GDBDCL,Godavari at Bhadrachalam,Godavari,2026-06-14 15:00:00+00:00,45.576302571174445,NORMAL,47.5,48.5,53.0,17.66865,80.87403,GDBDCL_2026-06-14T15:00:00+0000_45.5763
GDBDCL,Godavari at Bhadrachalam,Godavari,2026-06-14 16:00:00+00:00,45.52157476901509,NORMAL,47.5,48.5,53.0,17.66865,80.87403,GDBDCL_2026-06-14T16:00:00+0000_45.5216
GDBDCL,Godavari at Bhadrachalam,Godavari,2026-06-14 17:00:00+00:00,45.60825955885283,NORMAL,47.5,48.5,53.0,17.66865,80.87403,GDBDCL_2026-06-14T17:00:00+0000_45.6083
GDBDCL,Godavari at Bhadrachalam,Godavari,2026-06-14 18:00:00+00:00,45.61896943314154,NORMAL,47.5,48.5,53.0,17.66865,80.87403,GDBDCL_2026-06-14T18:00:00+0000_45.6190
GDBDCL,Godavari at Bhadrachalam,Godavari,2026-06-14 19:00:00+00:00,45.62574293827096,NORMAL,47.5,48.5,53.0,17.66865,80.87403,GDBDCL_2026-06-14T19:00:00+0000_45.6257
GDBDCL,Godavari at Bhadrachalam,Godavari,2026-06-14 20:00:00+00:00,45.68478066674143,NORMAL,47.5,48.5,53.0,17.66865,80.87403,GDBDCL_2026-06-14T20:00:00+0000_45.6848
GDBDCL,Godavari at Bhadrachalam,Godavari,2026-06-14 21:00:00+00:00,45.74877873255969,NORMAL,47.5,48.5,53.0,17.66865,80.87403,GDBDCL_2026-06-14T21:00:00+0000_45.7488
GDBDCL,Godavari at Bhadrachalam,Godavari,2026-06-14 22:00:00+00:00,45.781611467796736,NORMAL,47.5,48.5,53.0,17.66865,80.87403,GDBDCL_2026-06-14T22:00:00+0000_45.7816
GDBDCL,Godavari at Bhadrachalam,Godavari,2026-06-14 23:00:00+00:00,45.79164953671507,NORMAL,47.5,48.5,53.0,17.66865,80.87403,GDBDCL_2026-06-14T23:00:00+0000_45.7916
GDBDCL,Godavari at Bhadrachalam,Godavari,2026-06-15 00:00:00+00:00,45.86334462433989,NORMAL,47.5,48.5,53.0,17.66865,80.87403,GDBDCL_2026-06-15T00:00:00+0000_45.8633
GDBDCL,Godavari at Bhadrachalam,Godavari,2026-06-15 01:00:00+00:00,45.78414749549004,NORMAL,47.5,48.5,53.0,17.66865,80.87403,GDBDCL_2026-06-15T01:00:00+0000_45.7841
GDBDCL,Godavari at Bhadrachalam,Godavari,2026-06-15 02:00:00+00:00,45.8475070006844,NORMAL,47.5,48.5,53.0,17.66865,80.87403,GDBDCL_2026-06-15T02:00:00+0000_45.8475
GDBDCL,Godavari at Bhadrachalam,Godavari,2026-06-15 03:00:00+00:00,48.361472833707786,WARNING,47.5,48.5,53.0,17.66865,80.87403,GDBDCL_2026-06-15T03:00:00+0000_48.3615
GDBDCL,Godavari at Bhadrachalam,Godavari,2026-06-15 04:00:00+00:00,48.090371557723216,WARNING,47.5,48.5,53.0,17.66865,80.87403,GDBDCL_2026-06-15T04:00:00+0000_48.0904
GDBDCL,Godavari at Bhadrachalam,Godavari,2026-06-15 05:00:00+00:00,47.83507309626324,WARNING,47.5,48.5,53.0,17.66865,80.87403,GDBDCL_2026-06-15T05:00:00+0000_47.8351
GDBDCL,Godavari at Bhadrachalam,Godavari,2026-06-15 06:00:00+00:00,47.58990213752942,WARNING,47.5,48.5,53.0,17.66865,80.87403,GDBDCL_2026-06-15T06:00:00+0000_47.5899
GDBDCL,Godavari at Bhadrachalam,Godavari,2026-06-15 07:00:00+00:00,47.33061631866781,NORMAL,47.5,48.5,53.0,17.66865,80.87403,GDBDCL_2026-06-15T07:00:00+0000_47.3306
GDBDCL,Godavari at Bhadrachalam,Godavari,2026-06-15 08:00:00+00:00,47.172099541516296,NORMAL,47.5,48.5,53.0,17.66865,80.87403,GDBDCL_2026-06-15T08:00:00+0000_47.1721
GDBDCL,Godavari at Bhadrachalam,Godavari,2026-06-15 09:00:00+00:00,46.93240076177796,NORMAL,47.5,48.5,53.0,17.66865,80.87403,GDBDCL_2026-06-15T09:00:00+0000_46.9324
GDBDCL,Godavari at Bhadrachalam,Godavari,2026-06-15 10:00:00+00:00,45.55825652403544,NORMAL,47.5,48.5,53.0,17.66865,80.87403,GDBDCL_2026-06-15T10:00:00+0000_45.5583
GDBDCL,Godavari at Bhadrachalam,Godavari,2026-06-15 11:00:00+00:00,45.590272808728,NORMAL,47.5,48.5,53.0,17.66865,80.87403,GDBDCL_2026-06-15T11:00:00+0000_45.5903
GDBDCL,Godavari at Bhadrachalam,Godavari,2026-06-15 12:00:00+00:00,45.56295172205802,NORMAL,47.5,48.5,53.0,17.66865,80.87403,GDBDCL_2026-06-15T12:00:00+0000_45.5630
GDBDCL,Godavari at Bhadrachalam,Godavari,2026-06-15 13:00:00+00:00,45.59252442800891,NORMAL,47.5,48.5,53.0,17.66865,80.87403,GDBDCL_2026-06-15T13:00:00+0000_45.5925
GDBDCL,Godavari at Bhadrachalam,Godavari,2026-06-15 14:00:00+00:00,45.5874593504776,NORMAL,47.5,48.5,53.0,17.66865,80.87403,GDBDCL_2026-06-15T14:00:00+0000_45.5875
GDBDCL,Godavari at Bhadrachalam,Godavari,2026-06-15 15:00:00+00:00,45.58608049652933,NORMAL,47.5,48.5,53.0,17.66865,80.87403,GDBDCL_2026-06-15T15:00:00+0000_45.5861
GDBDCL,Godavari at Bhadrachalam,Godavari,2026-06-15 16:00:00+00:00,45.53759292390566,NORMAL,47.5,48.5,53.0,17.66865,80.87403,GDBDCL_2026-06-15T16:00:00+0000_45.5376
GDBDCL,Godavari at Bhadrachalam,Godavari,2026-06-15 17:00:00+00:00,45.56378686770674,NORMAL,47.5,48.5,53.0,17.66865,80.87403,GDBDCL_2026-06-15T17:00:00+0000_45.5638
GDBDCL,Godavari at Bhadrachalam,Godavari,2026-06-15 18:00:00+00:00,45.621803624683096,NORMAL,47.5,48.5,53.0,17.66865,80.87403,GDBDCL_2026-06-15T18:00:00+0000_45.6218
GDBDCL,Godavari at Bhadrachalam,Godavari,2026-06-15 19:00:00+00:00,45.692612909731146,NORMAL,47.5,48.5,53.0,17.66865,80.87403,GDBDCL_2026-06-15T19:00:00+0000_45.6926
GDBDCL,Godavari at Bhadrachalam,Godavari,2026-06-15 20:00:00+00:00,45.73008977932937,NORMAL,47.5,48.5,53.0,17.66865,80.87403,GDBDCL_2026-06-15T20:00:00+0000_45.7301
GDBDCL,Godavari at Bhadrachalam,Godavari,2026-06-15 21:00:00+00:00,45.71110358116151,NORMAL,47.5,48.5,53.0,17.66865,80.87403,GDBDCL_2026-06-15T21:00:00+0000_45.7111
GDBDCL,Godavari at Bhadrachalam,Godavari,2026-06-15 22:00:00+00:00,45.77832915063373,NORMAL,47.5,48.5,53.0,17.66865,80.87403,GDBDCL_2026-06-15T22:00:00+0000_45.7783
GDBDCL,Godavari at Bhadrachalam,Godavari,2026-06-15 23:00:00+00:00,45.77018879105155,NORMAL,47.5,48.5,53.0,17.66865,80.87403,GDBDCL_2026-06-15T23:00:00+0000_45.7702
GDBDCL,Godavari at Bhadrachalam,Godavari,2026-06-16 00:00:00+00:00,45.846326533206735,NORMAL,47.5,48.5,53.0,17.66865,80.87403,GDBDCL_2026-06-16T00:00:00+0000_45.8463
GDBDCL,Godavari at Bhadrachalam,Godavari,2026-06-16 01:00:00+00:00,45.79540943982887,NORMAL,47.5,48.5,53.0,17.66865,80.87403,GDBDCL_2026-06-16T01:00:00+0000_45.7954
GDBDCL,Godavari at Bhadrachalam,Godavari,2026-06-16 02:00:00+00:00,45.79106312593171,NORMAL,47.5,48.5,53.0,17.66865,80.87403,GDBDCL_2026-06-16T02:00:00+0000_45.7911
GDBDCL,Godavari at Bhadrachalam,Godavari,2026-06-16 03:00:00+00:00,45.85596929583816,NORMAL,47.5,48.5,53.0,17.66865,80.87403,GDBDCL_2026-06-16T03:00:00+0000_45.8560
GDBDCL,Godavari at Bhadrachalam,Godavari,2026-06-16 04:00:00+00:00,45.841685191418335,NORMAL,47.5,48.5,53.0,17.66865,80.87403,GDBDCL_2026-06-16T04:00:00+0000_45.8417
GDBDCL,Godavari at Bhadrachalam,Godavari,2026-06-16 05:00:00+00:00,45.73792851852221,NORMAL,47.5,48.5,53.0,17.66865,80.87403,GDBDCL_2026-06-16T05:00:00+0000_45.7379
GDBDCL,Godavari at Bhadrachalam,Godavari,2026-06-16 06:00:00+00:00,45.79121033704238,NORMAL,47.5,48.5,53.0,17.66865,80.87403,GDBDCL_2026-06-16T06:00:00+0000_45.7912
GDBDCL,Godavari at Bhadrachalam,Godavari,2026-06-16 07:00:00+00:00,45.70887455837138,NORMAL,47.5,48.5,53.0,17.66865,80.87403,GDBDCL_2026-06-16T07:00:00+0000_45.7089
GDBDCL,Godavari at Bhadrachalam,Godavari,2026-06-16 08:00:00+00:00,,,47.5,48.5,53.0,17.66865,80.87403,GDBDCL_2026-06-16T08:00:00+0000_
GDBDCL,Godavari at Bhadrachalam,Godavari,2026-06-16 09:00:00+00:00,45.60038210616533,NORMAL,47.5,48.5,53.0,17.66865,80.87403,GDBDCL_2026-06-16T09:00:00+0000_45.6004
GDBDCL,Godavari at Bhadrachalam,Godavari,2026-06-16 10:00:00+00:00,45.57853905900394,NORMAL,47.5,48.5,53.0,17.66865,80.87403,GDBDCL_2026-06-16T10:00:00+0000_45.5785
GDBDCL,Godavari at Bhadrachalam,Godavari,2026-06-16 11:00:00+00:00,45.604834239523,NORMAL,47.5,48.5,53.0,17.66865,80.87403,GDBDCL_2026-06-16T11:00:00+0000_45.6048
GDBDCL,Godavari at Bhadrachalam,Godavari,2026-06-16 12:00:00+00:00,45.53997020113481,NORMAL,47.5,48.5,53.0,17.66865,80.87403,GDBDCL_2026-06-16T12:00:00+0000_45.5400
GDBDCL,Godavari at Bhadrachalam,Godavari,2026-06-16 13:00:00+00:00,45.52761865912236,NORMAL,47.5,48.5,53.0,17.66865,80.87403,GDBDCL_2026-06-16T13:00:00+0000_45.5276
GDBDCL,Godavari at Bhadrachalam,Godavari,2026-06-16 14:00:00+00:00,45.57523054540431,NORMAL,47.5,48.5,53.0,17.66865,80.87403,GDBDCL_2026-06-16T14:00:00+0000_45.5752
GDBDCL,Godavari at Bhadrachalam,Godavari,2026-06-16 15:00:00+00:00,45.53371310780231,NORMAL,47.5,48.5,53.0,17.66865,80.87403,GDBDCL_2026-06-16T15:00:00+0000_45.5337
GDBDCL,Godavari at Bhadrachalam,Godavari,2026-06-16 16:00:00+00:00,45.52676697380204,NORMAL,47.5,48.5,53.0,17.66865,80.87403,GDBDCL_2026-06-16T16:00:00+0000_45.5268
GDBDCL,Godavari at Bhadrachalam,Godavari,2026-06-16 17:00:00+00:00,45.58268679386443,NORMAL,47.5,48.5,53.0,17.66865,80.87403,GDBDCL_2026-06-16T17:00:00+0000_45.5827
GDBDCL,Godavari at Bhadrachalam,Godavari,2026-06-16 18:00:00+00:00,45.63888392467292,NORMAL,47.5,48.5,53.0,17.66865,80.87403,GDBDCL_2026-06-16T18:00:00+0000_45.6389
GDBDCL,Godavari at Bhadrachalam,Godavari,2026-06-16 19:00:00+00:00,45.687185420708886,NORMAL,47.5,48.5,53.0,17.66865,80.87403,GDBDCL_2026-06-16T19:00:00+0000_45.6872
GDBDCL,Godavari at Bhadrachalam,Godavari,2026-06-16 20:00:00+00:00,45.71373923573034,NORMAL,47.5,48.5,53.0,17.66865,80.87403,GDBDCL_2026-06-16T20:00:00+0000_45.7137
GDBDCL,Godavari at Bhadrachalam,Godavari,2026-06-16 21:00:00+00:00,45.76087317874856,NORMAL,47.5,48.5,53.0,17.66865,80.87403,GDBDCL_2026-06-16T21:00:00+0000_45.7609
GDBDCL,Godavari at Bhadrachalam,Godavari,2026-06-16 22:00:00+00:00,45.73875481623901,NORMAL,47.5,48.5,53.0,17.66865,80.87403,GDBDCL_2026-06-16T22:00:00+0000_45.7388
GDBDCL,Godavari at Bhadrachalam,Godavari,2026-06-16 23:00:00+00:00,45.80618460056661,NORMAL,47.5,48.5,53.0,17.66865,80.87403,GDBDCL_2026-06-16T23:00:00+0000_45.8062
GDBDCL,Godavari at Bhadrachalam,Godavari,2026-06-17 00:00:00+00:00,45.81480360584568,NORMAL,47.5,48.5,53.0,17.66865,80.87403,GDBDCL_2026-06-17T00:00:00+0000_45.8148
GDBDCL,Godavari at Bhadrachalam,Godavari,2026-06-17 01:00:00+00:00,45.85797120692977,NORMAL,47.5,48.5,53.0,17.66865,80.87403,GDBDCL_2026-06-17T01:00:00+0000_45.8580
GDBDCL,Godavari at Bhadrachalam,Godavari,2026-06-17 02:00:00+00:00,45.86145870930204,NORMAL,47.5,48.5,53.0,17.66865,80.87403,GDBDCL_2026-06-17T02:00:00+0000_45.8615
GDBDCL,Godavari at Bhadrachalam,Godavari,2026-06-17 03:00:00+00:00,45.79621749171376,NORMAL,47.5,48.5,53.0,17.66865,80.87403,GDBDCL_2026-06-17T03:00:00+0000_45.7962
GDBDCL,Godavari at Bhadrachalam,Godavari,2026-06-17 04:00:00+00:00,45.823716973053486,NORMAL,47.5,48.5,53.0,17.66865,80.87403,GDBDCL_2026-06-17T04:00:00+0000_45.8237
GDBDCL,Godavari at Bhadrachalam,Godavari,2026-06-17 05:00:00+00:00,45.78544664654143,NORMAL,47.5,48.5,53.0,17.66865,80.87403,GDBDCL_2026-06-17T05:00:00+0000_45.7854
GDBDCL,Godavari at Bhadrachalam,Godavari,2026-06-17 06:00:00+00:00,45.69940286600944,NORMAL,47.5,48.5,53.0,17.66865,80.87403,GDBDCL_2026-06-17T06:00:00+0000_45.6994
GDBDCL,Godavari at Bhadrachalam,Godavari,2026-06-17 07:00:00+00:00,45.72907389233628,NORMAL,47.5,48.5,53.0,17.66865,80.87403,GDBDCL_2026-06-17T07:00:00+0000_45.7291
GDBDCL,Godavari at Bhadrachalam,Godavari,2026-06-17 08:00:00+00:00,45.7001942958508,NORMAL,47.5,48.5,53.0,17.66865,80.87403,GDBDCL_2026-06-17T08:00:00+0000_45.7002
GDBDCL,Godavari at Bhadrachalam,Godavari,2026-06-17 09:00:00+00:00,45.62914024307622,NORMAL,47.5,48.5,53.0,17.66865,80.87403,GDBDCL_2026-06-17T09:00:00+0000_45.6291
GDBDCL,Godavari at Bhadrachalam,Godavari,2026-06-17 10:00:00+00:00,45.56022958954343,NORMAL,47.5,48.5,53.0,17.66865,80.87403,GDBDCL_2026-06-17T10:00:00+0000_45.5602
GDBDCL,Godavari at Bhadrachalam,Godavari,2026-06-17 11:00:00+00:00,49.1182034015004,DANGER,47.5,48.5,53.0,17.66865,80.87403,GDBDCL_2026-06-17T11:00:00+0000_49.1182
GDBDCL,Godavari at Bhadrachalam,Godavari,2026-06-17 12:00:00+00:00,48.8260108714188,DANGER,47.5,48.5,53.0,17.66865,80.87403,GDBDCL_2026-06-17T12:00:00+0000_48.8260
GDBDCL,Godavari at Bhadrachalam,Godavari,2026-06-17 13:00:00+00:00,48.42762034283546,WARNING,47.5,48.5,53.0,17.66865,80.87403,GDBDCL_2026-06-17T13:00:00+0000_48.4276
GDBDCL,Godavari at Bhadrachalam,Godavari,2026-06-17 14:00:00+00:00,45.546804143581895,NORMAL,47.5,48.5,53.0,17.66865,80.87403,GDBDCL_2026-06-17T14:00:00+0000_45.5468
GDBDCL,Godavari at Bhadrachalam,Godavari,2026-06-17 15:00:00+00:00,45.59321557783751,NORMAL,47.5,48.5,53.0,17.66865,80.87403,GDBDCL_2026-06-17T15:00:00+0000_45.5932
GDBDCL,Godavari at Bhadrachalam,Godavari,2026-06-17 16:00:00+00:00,45.54932723309094,NORMAL,47.5,48.5,53.0,17.66865,80.87403,GDBDCL_2026-06-17T16:00:00+0000_45.5493
GDBDCL,Godavari at Bhadrachalam,Godavari,2026-06-17 17:00:00+00:00,45.61301245456899,NORMAL,47.5,48.5,53.0,17.66865,80.87403,GDBDCL_2026-06-17T17:00:00+0000_45.6130
GDBDCL,Godavari at Bhadrachalam,Godavari,2026-06-17 18:00:00+00:00,45.65669348038998,NORMAL,47.5,48.5,53.0,17.66865,80.87403,GDBDCL_2026-06-17T18:00:00+0000_45.6567
GDBDCL,Godavari at Bhadrachalam,Godavari,2026-06-17 19:00:00+00:00,45.69838308139381,NORMAL,47.5,48.5,53.0,17.66865,80.87403,GDBDCL_2026-06-17T19:00:00+0000_45.6984
GDBDCL,Godavari at Bhadrachalam,Godavari,2026-06-17 20:00:00+00:00,45.75167533339612,NORMAL,47.5,48.5,53.0,17.66865,80.87403,GDBDCL_2026-06-17T20:00:00+0000_45.7517
GDBDCL,Godavari at Bhadrachalam,Godavari,2026-06-17 21:00:00+00:00,45.77109594068877,NORMAL,47.5,48.5,53.0,17.66865,80.87403,GDBDCL_2026-06-17T21:00:00+0000_45.7711
GDBDCL,Godavari at Bhadrachalam,Godavari,2026-06-17 22:00:00+00:00,45.7271421622701,NORMAL,47.5,48.5,53.0,17.66865,80.87403,GDBDCL_2026-06-17T22:00:00+0000_45.7271
GDBDCL,Godavari at Bhadrachalam,Godavari,2026-06-17 23:00:00+00:00,45.796047106353065,NORMAL,47.5,48.5,53.0,17.66865,80.87403,GDBDCL_2026-06-17T23:00:00+0000_45.7960
GDBDCL,Godavari at Bhadrachalam,Godavari,2026-06-18 00:00:00+00:00,45.7952947391322,NORMAL,47.5,48.5,53.0,17.66865,80.87403,GDBDCL_2026-06-18T00:00:00+0000_45.7953
GDBDCL,Godavari at Bhadrachalam,Godavari,2026-06-18 01:00:00+00:00,45.861862964858574,NORMAL,47.5,48.5,53.0,17.66865,80.87403,GDBDCL_2026-06-18T01:00:00+0000_45.8619
GDBDCL,Godavari at Bhadrachalam,Godavari,2026-06-18 02:00:00+00:00,45.87155069982086,NORMAL,47.5,48.5,53.0,17.66865,80.87403,GDBDCL_2026-06-18T02:00:00+0000_45.8716
GDBDCL,Godavari at Bhadrachalam,Godavari,2026-06-18 03:00:00+00:00,45.81842331112894,NORMAL,47.5,48.5,53.0,17.66865,80.87403,GDBDCL_2026-06-18T03:00:00+0000_45.8184
GDBDCL,Godavari at Bhadrachalam,Godavari,2026-06-18 04:00:00+00:00,45.81818735513729,NORMAL,47.5,48.5,53.0,17.66865,80.87403,GDBDCL_2026-06-18T04:00:00+0000_45.8182
GDBDCL,Godavari at Bhadrachalam,Godavari,2026-06-18 05:00:00+00:00,45.73912548563792,NORMAL,47.5,48.5,53.0,17.66865,80.87403,GDBDCL_2026-06-18T05:00:00+0000_45.7391
GDBDCL,Godavari at Bhadrachalam,Godavari,2026-06-18 06:00:00+00:00,45.73962691692727,NORMAL,47.5,48.5,53.0,17.66865,80.87403,GDBDCL_2026-06-18T06:00:00+0000_45.7396
GDBDCL,Godavari at Bhadrachalam,Godavari,2026-06-18 07:00:00+00:00,45.67046126717733,NORMAL,47.5,48.5,53.0,17.66865,80.87403,GDBDCL_2026-06-18T07:00:00+0000_45.6705
GDBDCL,Godavari at Bhadrachalam,Godavari,2026-06-18 08:00:00+00:00,45.65084326815087,NORMAL,47.5,48.5,53.0,17.66865,80.87403,GDBDCL_2026-06-18T08:00:00+0000_45.6508
GDBDCL,Godavari at Bhadrachalam,Godavari,2026-06-18 09:00:00+00:00,45.63009855994773,NORMAL,47.5,48.5,53.0,17.66865,80.87403,GDBDCL_2026-06-18T09:00:00+0000_45.6301
GDBDCL,Godavari at Bhadrachalam,Godavari,2026-06-18 10:00:00+00:00,45.61804126710046,NORMAL,47.5,48.5,53.0,17.66865,80.87403,GDBDCL_2026-06-18T10:00:00+0000_45.6180
GDBDCL,Godavari at Bhadrachalam,Godavari,2026-06-18 11:00:00+00:00,45.61001962759621,NORMAL,47.5,48.5,53.0,17.66865,80.87403,GDBDCL_2026-06-18T11:00:00+0000_45.6100
GDBDCL,Godavari at Bhadrachalam,Godavari,2026-06-18 12:00:00+00:00,45.57513350170613,NORMAL,47.5,48.5,53.0,17.66865,80.87403,GDBDCL_2026-06-18T12:00:00+0000_45.5751
GDBDCL,Godavari at Bhadrachalam,Godavari,2026-06-18 13:00:00+00:00,45.58475476733173,NORMAL,47.5,48.5,53.0,17.66865,80.87403,GDBDCL_2026-06-18T13:00:00+0000_45.5848
GDBDCL,Godavari at Bhadrachalam,Godavari,2026-06-18 14:00:00+00:00,45.53863867327252,NORMAL,47.5,48.5,53.0,17.66865,80.87403,GDBDCL_2026-06-18T14:00:00+0000_45.5386
GDBDCL,Godavari at Bhadrachalam,Godavari,2026-06-18 15:00:00+00:00,45.590150752555616,NORMAL,47.5,48.5,53.0,17.66865,80.87403,GDBDCL_2026-06-18T15:00:00+0000_45.5902
GDBDCL,Godavari at Bhadrachalam,Godavari,2026-06-18 16:00:00+00:00,45.58516499453947,NORMAL,47.5,48.5,53.0,17.66865,80.87403,GDBDCL_2026-06-18T16:00:00+0000_45.5852
GDBDCL,Godavari at Bhadrachalam,Godavari,2026-06-18 17:00:00+00:00,45.60015474957335,NORMAL,47.5,48.5,53.0,17.66865,80.87403,GDBDCL_2026-06-18T17:00:00+0000_45.6002
GDBDCL,Godavari at Bhadrachalam,Godavari,2026-06-18 18:00:00+00:00,45.6092839389424,NORMAL,47.5,48.5,53.0,17.66865,80.87403,GDBDCL_2026-06-18T18:00:00+0000_45.6093
GDBDCL,Godavari at Bhadrachalam,Godavari,2026-06-18 19:00:00+00:00,45.69290873648693,NORMAL,47.5,48.5,53.0,17.66865,80.87403,GDBDCL_2026-06-18T19:00:00+0000_45.6929
GDBDCL,Godavari at Bhadrachalam,Godavari,2026-06-18 20:00:00+00:00,45.69555811413185,NORMAL,47.5,48.5,53.0,17.66865,80.87403,GDBDCL_2026-06-18T20:00:00+0000_45.6956
GDBDCL,Godavari at Bhadrachalam,Godavari,2026-06-18 21:00:00+00:00,45.71237908779189,NORMAL,47.5,48.5,53.0,17.66865,80.87403,GDBDCL_2026-06-18T21:00:00+0000_45.7124
GDBDCL,Godavari at Bhadrachalam,Godavari,2026-06-18 22:00:00+00:00,45.79785942720876,NORMAL,47.5,48.5,53.0,17.66865,80.87403,GDBDCL_2026-06-18T22:00:00+0000_45.7979
GDBDCL,Godavari at Bhadrachalam,Godavari,2026-06-18 23:00:00+00:00,,,47.5,48.5,53.0,17.66865,80.87403,GDBDCL_2026-06-18T23:00:00+0000_
GDBDCL,Godavari at Bhadrachalam,Godavari,2026-06-19 00:00:00+00:00,,,47.5,48.5,53.0,17.66865,80.87403,GDBDCL_2026-06-19T00:00:00+0000_
GDBDCL,Godavari at Bhadrachalam,Godavari,2026-06-19 01:00:00+00:00,45.81242058093139,NORMAL,47.5,48.5,53.0,17.66865,80.87403,GDBDCL_2026-06-19T01:00:00+0000_45.8124
GDBDCL,Godavari at Bhadrachalam,Godavari,2026-06-19 02:00:00+00:00,45.7828300351739,NORMAL,47.5,48.5,53.0,17.66865,80.87403,GDBDCL_2026-06-19T02:00:00+0000_45.7828
GDBDCL,Godavari at Bhadrachalam,Godavari,2026-06-19 03:00:00+00:00,45.84130891259188,NORMAL,47.5,48.5,53.0,17.66865,80.87403,GDBDCL_2026-06-19T03:00:00+0000_45.8413
GDBDCL,Godavari at Bhadrachalam,Godavari,2026-06-19 04:00:00+00:00,45.77919662331896,NORMAL,47.5,48.5,53.0,17.66865,80.87403,GDBDCL_2026-06-19T04:00:00+0000_45.7792
GDBDCL,Godavari at Bhadrachalam,Godavari,2026-06-19 05:00:00+00:00,45.73810850385815,NORMAL,47.5,48.5,53.0,17.66865,80.87403,GDBDCL_2026-06-19T05:00:00+0000_45.7381
GDBDCL,Godavari at Bhadrachalam,Godavari,2026-06-19 06:00:00+00:00,45.74200277945374,NORMAL,47.5,48.5,53.0,17.66865,80.87403,GDBDCL_2026-06-19T06:00:00+0000_45.7420
GDBDCL,Godavari at Bhadrachalam,Godavari,2026-06-19 07:00:00+00:00,45.682410294486345,NORMAL,47.5,48.5,53.0,17.66865,80.87403,GDBDCL_2026-06-19T07:00:00+0000_45.6824
GDBDCL,Godavari at Bhadrachalam,Godavari,2026-06-19 08:00:00+00:00,45.70078663549623,NORMAL,47.5,48.5,53.0,17.66865,80.87403,GDBDCL_2026-06-19T08:00:00+0000_45.7008
GDBDCL,Godavari at Bhadrachalam,Godavari,2026-06-19 09:00:00+00:00,45.63877444024688,NORMAL,47.5,48.5,53.0,17.66865,80.87403,GDBDCL_2026-06-19T09:00:00+0000_45.6388
GDBDCL,Godavari at Bhadrachalam,Godavari,2026-06-19 10:00:00+00:00,45.64919650680819,NORMAL,47.5,48.5,53.0,17.66865,80.87403,GDBDCL_2026-06-19T10:00:00+0000_45.6492
GDBDCL,Godavari at Bhadrachalam,Godavari,2026-06-19 11:00:00+00:00,45.56908091152474,NORMAL,47.5,48.5,53.0,17.66865,80.87403,GDBDCL_2026-06-19T11:00:00+0000_45.5691
GDBDCL,Godavari at Bhadrachalam,Godavari,2026-06-19 12:00:00+00:00,45.54522928064405,NORMAL,47.5,48.5,53.0,17.66865,80.87403,GDBDCL_2026-06-19T12:00:00+0000_45.5452
GDBDCL,Godavari at Bhadrachalam,Godavari,2026-06-19 13:00:00+00:00,45.52747257625914,NORMAL,47.5,48.5,53.0,17.66865,80.87403,GDBDCL_2026-06-19T13:00:00+0000_45.5275
GDBDCL,Godavari at Bhadrachalam,Godavari,2026-06-19 14:00:00+00:00,45.5322054781102,NORMAL,47.5,48.5,53.0,17.66865,80.87403,GDBDCL_2026-06-19T14:00:00+0000_45.5322
GDBDCL,Godavari at Bhadrachalam,Godavari,2026-06-19 15:00:00+00:00,45.576732920597244,NORMAL,47.5,48.5,53.0,17.66865,80.87403,GDBDCL_2026-06-19T15:00:00+0000_45.5767
GDBDCL,Godavari at Bhadrachalam,Godavari,2026-06-19 16:00:00+00:00,45.62525712614121,NORMAL,47.5,48.5,53.0,17.66865,80.87403,GDBDCL_2026-06-19T16:00:00+0000_45.6253
GDBDCL,Godavari at Bhadrachalam,Godavari,2026-06-19 17:00:00+00:00,45.65318201084792,NORMAL,47.5,48.5,53.0,17.66865,80.87403,GDBDCL_2026-06-19T17:00:00+0000_45.6532
GDBDCL,Godavari at Bhadrachalam,Godavari,2026-06-19 18:00:00+00:00,45.63229583379548,NORMAL,47.5,48.5,53.0,17.66865,80.87403,GDBDCL_2026-06-19T18:00:00+0000_45.6323
GDBDCL,Godavari at Bhadrachalam,Godavari,2026-06-19 19:00:00+00:00,45.71421631048297,NORMAL,47.5,48.5,53.0,17.66865,80.87403,GDBDCL_2026-06-19T19:00:00+0000_45.7142
GDBDCL,Godavari at Bhadrachalam,Godavari,2026-06-19 20:00:00+00:00,45.75090009684864,NORMAL,47.5,48.5,53.0,17.66865,80.87403,GDBDCL_2026-06-19T20:00:00+0000_45.7509
GDBDCL,Godavari at Bhadrachalam,Godavari,2026-06-19 21:00:00+00:00,45.72836623896435,NORMAL,47.5,48.5,53.0,17.66865,80.87403,GDBDCL_2026-06-19T21:00:00+0000_45.7284
GDBDCL,Godavari at Bhadrachalam,Godavari,2026-06-19 22:00:00+00:00,45.81836387214283,NORMAL,47.5,48.5,53.0,17.66865,80.87403,GDBDCL_2026-06-19T22:00:00+0000_45.8184
GDBDCL,Godavari at Bhadrachalam,Godavari,2026-06-19 23:00:00+00:00,45.851224159267765,NORMAL,47.5,48.5,53.0,17.66865,80.87403,GDBDCL_2026-06-19T23:00:00+0000_45.8512
GDBDCL,Godavari at Bhadrachalam,Godavari,2026-06-20 00:00:00+00:00,45.85083450933918,NORMAL,47.5,48.5,53.0,17.66865,80.87403,GDBDCL_2026-06-20T00:00:00+0000_45.8508
GDBDCL,Godavari at Bhadrachalam,Godavari,2026-06-20 01:00:00+00:00,45.839992172734696,NORMAL,47.5,48.5,53.0,17.66865,80.87403,GDBDCL_2026-06-20T01:00:00+0000_45.8400
GDBDCL,Godavari at Bhadrachalam,Godavari,2026-06-20 02:00:00+00:00,45.88057451420902,NORMAL,47.5,48.5,53.0,17.66865,80.87403,GDBDCL_2026-06-20T02:00:00+0000_45.8806
GDBDCL,Godavari at Bhadrachalam,Godavari,2026-06-20 03:00:00+00:00,45.82893145594589,NORMAL,47.5,48.5,53.0,17.66865,80.87403,GDBDCL_2026-06-20T03:00:00+0000_45.8289
GDBDCL,Godavari at Bhadrachalam,Godavari,2026-06-20 04:00:00+00:00,45.78684810727289,NORMAL,47.5,48.5,53.0,17.66865,80.87403,GDBDCL_2026-06-20T04:00:00+0000_45.7868
GDBDCL,Godavari at Bhadrachalam,Godavari,2026-06-20 05:00:00+00:00,45.76866739094535,NORMAL,47.5,48.5,53.0,17.66865,80.87403,GDBDCL_2026-06-20T05:00:00+0000_45.7687
GDBDCL,Godavari at Bhadrachalam,Godavari,2026-06-20 06:00:00+00:00,45.765074739207954,NORMAL,47.5,48.5,53.0,17.66865,80.87403,GDBDCL_2026-06-20T06:00:00+0000_45.7651
GDBDCL,Godavari at Bhadrachalam,Godavari,2026-06-20 07:00:00+00:00,45.72716661710321,NORMAL,47.5,48.5,53.0,17.66865,80.87403,GDBDCL_2026-06-20T07:00:00+0000_45.7272
GDBDCL,Godavari at Bhadrachalam,Godavari,2026-06-20 08:00:00+00:00,45.66093323246579,NORMAL,47.5,48.5,53.0,17.66865,80.87403,GDBDCL_2026-06-20T08:00:00+0000_45.6609
GDBDCL,Godavari at Bhadrachalam,Godavari,2026-06-20 09:00:00+00:00,45.62352906279814,NORMAL,47.5,48.5,53.0,17.66865,80.87403,GDBDCL_2026-06-20T09:00:00+0000_45.6235
GDBDCL,Godavari at Bhadrachalam,Godavari,2026-06-20 10:00:00+00:00,45.62929155309331,NORMAL,47.5,48.5,53.0,17.66865,80.87403,GDBDCL_2026-06-20T10:00:00+0000_45.6293
GDBDCL,Godavari at Bhadrachalam,Godavari,2026-06-20 11:00:00+00:00,45.6141057552642,NORMAL,47.5,48.5,53.0,17.66865,80.87403,GDBDCL_2026-06-20T11:00:00+0000_45.6141
GDBDCL,Godavari at Bhadrachalam,Godavari,2026-06-20 12:00:00+00:00,45.53962528652751,NORMAL,47.5,48.5,53.0,17.66865,80.87403,GDBDCL_2026-06-20T12:00:00+0000_45.5396
GDBDCL,Godavari at Bhadrachalam,Godavari,2026-06-20 13:00:00+00:00,45.52252616324213,NORMAL,47.5,48.5,53.0,17.66865,80.87403,GDBDCL_2026-06-20T13:00:00+0000_45.5225
GDBDCL,Godavari at Bhadrachalam,Godavari,2026-06-20 14:00:00+00:00,45.53119121379277,NORMAL,47.5,48.5,53.0,17.66865,80.87403,GDBDCL_2026-06-20T14:00:00+0000_45.5312
GDBDCL,Godavari at Bhadrachalam,Godavari,2026-06-20 15:00:00+00:00,45.57020894753154,NORMAL,47.5,48.5,53.0,17.66865,80.87403,GDBDCL_2026-06-20T15:00:00+0000_45.5702
GDBDCL,Godavari at Bhadrachalam,Godavari,2026-06-20 16:00:00+00:00,45.580587400945234,NORMAL,47.5,48.5,53.0,17.66865,80.87403,GDBDCL_2026-06-20T16:00:00+0000_45.5806
GDBDCL,Godavari at Bhadrachalam,Godavari,2026-06-20 17:00:00+00:00,45.57295170182389,NORMAL,47.5,48.5,53.0,17.66865,80.87403,GDBDCL_2026-06-20T17:00:00+0000_45.5730
GDBDCL,Godavari at Bhadrachalam,Godavari,2026-06-20 18:00:00+00:00,45.67470795296133,NORMAL,47.5,48.5,53.0,17.66865,80.87403,GDBDCL_2026-06-20T18:00:00+0000_45.6747
GDBDCL,Godavari at Bhadrachalam,Godavari,2026-06-20 19:00:00+00:00,45.67361666614981,NORMAL,47.5,48.5,53.0,17.66865,80.87403,GDBDCL_2026-06-20T19:00:00+0000_45.6736
GDBDCL,Godavari at Bhadrachalam,Godavari,2026-06-20 20:00:00+00:00,45.68443953179855,NORMAL,47.5,48.5,53.0,17.66865,80.87403,GDBDCL_2026-06-20T20:00:00+0000_45.6844
GDBDCL,Godavari at Bhadrachalam,Godavari,2026-06-20 21:00:00+00:00,45.754736615977976,NORMAL,47.5,48.5,53.0,17.66865,80.87403,GDBDCL_2026-06-20T21:00:00+0000_45.7547
GDBDCL,Godavari at Bhadrachalam,Godavari,2026-06-20 22:00:00+00:00,45.79355857927205,NORMAL,47.5,48.5,53.0,17.66865,80.87403,GDBDCL_2026-06-20T22:00:00+0000_45.7936
GDBDCL,Godavari at Bhadrachalam,Godavari,2026-06-20 23:00:00+00:00,45.81039717138373,NORMAL,47.5,48.5,53.0,17.66865,80.87403,GDBDCL_2026-06-20T23:00:00+0000_45.8104
GDBDCL,Godavari at Bhadrachalam,Godavari,2026-06-21 00:00:00+00:00,45.79362204311582,NORMAL,47.5,48.5,53.0,17.66865,80.87403,GDBDCL_2026-06-21T00:00:00+0000_45.7936
GDBDCL,Godavari at Bhadrachalam,Godavari,2026-06-21 01:00:00+00:00,45.84945862480987,NORMAL,47.5,48.5,53.0,17.66865,80.87403,GDBDCL_2026-06-21T01:00:00+0000_45.8495
GDBDCL,Godavari at Bhadrachalam,Godavari,2026-06-21 02:00:00+00:00,45.86280514940163,NORMAL,47.5,48.5,53.0,17.66865,80.87403,GDBDCL_2026-06-21T02:00:00+0000_45.8628
GDBDCL,Godavari at Bhadrachalam,Godavari,2026-06-21 03:00:00+00:00,45.784732926668376,NORMAL,47.5,48.5,53.0,17.66865,80.87403,GDBDCL_2026-06-21T03:00:00+0000_45.7847
GDBDCL,Godavari at Bhadrachalam,Godavari,2026-06-21 04:00:00+00:00,45.79456897499608,NORMAL,47.5,48.5,53.0,17.66865,80.87403,GDBDCL_2026-06-21T04:00:00+0000_45.7946
GDBDCL,Godavari at Bhadrachalam,Godavari,2026-06-21 05:00:00+00:00,45.81617552894805,NORMAL,47.5,48.5,53.0,17.66865,80.87403,GDBDCL_2026-06-21T05:00:00+0000_45.8162
GDBDCL,Godavari at Bhadrachalam,Godavari,2026-06-21 06:00:00+00:00,45.701139891405454,NORMAL,47.5,48.5,53.0,17.66865,80.87403,GDBDCL_2026-06-21T06:00:00+0000_45.7011
GDBDCL,Godavari at Bhadrachalam,Godavari,2026-06-21 07:00:00+00:00,45.752740642559885,NORMAL,47.5,48.5,53.0,17.66865,80.87403,GDBDCL_2026-06-21T07:00:00+0000_45.7527
GDBDCL,Godavari at Bhadrachalam,Godavari,2026-06-21 08:00:00+00:00,45.71383230622271,NORMAL,47.5,48.5,53.0,17.66865,80.87403,GDBDCL_2026-06-21T08:00:00+0000_45.7138
GDBDCL,Godavari at Bhadrachalam,Godavari,2026-06-21 09:00:00+00:00,45.67208531458129,NORMAL,47.5,48.5,53.0,17.66865,80.87403,GDBDCL_2026-06-21T09:00:00+0000_45.6721
GDBDCL,Godavari at Bhadrachalam,Godavari,2026-06-21 10:00:00+00:00,45.62356226928763,NORMAL,47.5,48.5,53.0,17.66865,80.87403,GDBDCL_2026-06-21T10:00:00+0000_45.6236
GDBDCL,Godavari at Bhadrachalam,Godavari,2026-06-21 11:00:00+00:00,45.5361866573136,NORMAL,47.5,48.5,53.0,17.66865,80.87403,GDBDCL_2026-06-21T11:00:00+0000_45.5362
GDBDCL,Godavari at Bhadrachalam,Godavari,2026-06-21 12:00:00+00:00,45.59674991934828,NORMAL,47.5,48.5,53.0,17.66865,80.87403,GDBDCL_2026-06-21T12:00:00+0000_45.5967
GDBDCL,Godavari at Bhadrachalam,Godavari,2026-06-21 13:00:00+00:00,45.581220630576624,NORMAL,47.5,48.5,53.0,17.66865,80.87403,GDBDCL_2026-06-21T13:00:00+0000_45.5812
GDBDCL,Godavari at Bhadrachalam,Godavari,2026-06-21 14:00:00+00:00,45.51869185295422,NORMAL,47.5,48.5,53.0,17.66865,80.87403,GDBDCL_2026-06-21T14:00:00+0000_45.5187
GDBDCL,Godavari at Bhadrachalam,Godavari,2026-06-21 15:00:00+00:00,45.59148911837631,NORMAL,47.5,48.5,53.0,17.66865,80.87403,GDBDCL_2026-06-21T15:00:00+0000_45.5915
GDBDCL,Godavari at Bhadrachalam,Godavari,2026-06-21 16:00:00+00:00,45.56866359309193,NORMAL,47.5,48.5,53.0,17.66865,80.87403,GDBDCL_2026-06-21T16:00:00+0000_45.5687
GDBDCL,Godavari at Bhadrachalam,Godavari,2026-06-21 17:00:00+00:00,45.629832186980025,NORMAL,47.5,48.5,53.0,17.66865,80.87403,GDBDCL_2026-06-21T17:00:00+0000_45.6298
GDBDCL,Godavari at Bhadrachalam,Godavari,2026-06-21 18:00:00+00:00,45.62177988767672,NORMAL,47.5,48.5,53.0,17.66865,80.87403,GDBDCL_2026-06-21T18:00:00+0000_45.6218
GDBDCL,Godavari at Bhadrachalam,Godavari,2026-06-21 19:00:00+00:00,46.939849491328246,NORMAL,47.5,48.5,53.0,17.66865,80.87403,GDBDCL_2026-06-21T19:00:00+0000_46.9398
GDBDCL,Godavari at Bhadrachalam,Godavari,2026-06-21 20:00:00+00:00,46.83781085619412,NORMAL,47.5,48.5,53.0,17.66865,80.87403,GDBDCL_2026-06-21T20:00:00+0000_46.8378
GDBDCL,Godavari at Bhadrachalam,Godavari,2026-06-21 21:00:00+00:00,46.72456229017188,NORMAL,47.5,48.5,53.0,17.66865,80.87403,GDBDCL_2026-06-21T21:00:00+0000_46.7246
GDBDCL,Godavari at Bhadrachalam,Godavari,2026-06-21 22:00:00+00:00,46.68505360986265,NORMAL,47.5,48.5,53.0,17.66865,80.87403,GDBDCL_2026-06-21T22:00:00+0000_46.6851
GDBDCL,Godavari at Bhadrachalam,Godavari,2026-06-21 23:00:00+00:00,46.66688175451964,NORMAL,47.5,48.5,53.0,17.66865,80.87403,GDBDCL_2026-06-21T23:00:00+0000_46.6669
GDBDCL,Godavari at Bhadrachalam,Godavari,2026-06-22 00:00:00+00:00,45.82809570567337,NORMAL,47.5,48.5,53.0,17.66865,80.87403,GDBDCL_2026-06-22T00:00:00+0000_45.8281
GDBDCL,Godavari at Bhadrachalam,Godavari,2026-06-22 01:00:00+00:00,45.85028370493829,NORMAL,47.5,48.5,53.0,17.66865,80.87403,GDBDCL_2026-06-22T01:00:00+0000_45.8503
GDBDCL,Godavari at Bhadrachalam,Godavari,2026-06-22 02:00:00+00:00,45.851883154703145,NORMAL,47.5,48.5,53.0,17.66865,80.87403,GDBDCL_2026-06-22T02:00:00+0000_45.8519
GDBDCL,Godavari at Bhadrachalam,Godavari,2026-06-22 03:00:00+00:00,45.82010391916784,NORMAL,47.5,48.5,53.0,17.66865,80.87403,GDBDCL_2026-06-22T03:00:00+0000_45.8201
GDBDCL,Godavari at Bhadrachalam,Godavari,2026-06-22 04:00:00+00:00,45.84222762317382,NORMAL,47.5,48.5,53.0,17.66865,80.87403,GDBDCL_2026-06-22T04:00:00+0000_45.8422
GDBDCL,Godavari at Bhadrachalam,Godavari,2026-06-22 05:00:00+00:00,45.75333887141407,NORMAL,47.5,48.5,53.0,17.66865,80.87403,GDBDCL_2026-06-22T05:00:00+0000_45.7533
GDBDCL,Godavari at Bhadrachalam,Godavari,2026-06-22 06:00:00+00:00,45.72631870283324,NORMAL,47.5,48.5,53.0,17.66865,80.87403,GDBDCL_2026-06-22T06:00:00+0000_45.7263
GDBDCL,Godavari at Bhadrachalam,Godavari,2026-06-22 07:00:00+00:00,45.74655167018281,NORMAL,47.5,48.5,53.0,17.66865,80.87403,GDBDCL_2026-06-22T07:00:00+0000_45.7466
GDBDCL,Godavari at Bhadrachalam,Godavari,2026-06-22 08:00:00+00:00,45.67113676719824,NORMAL,47.5,48.5,53.0,17.66865,80.87403,GDBDCL_2026-06-22T08:00:00+0000_45.6711
GDBDCL,Godavari at Bhadrachalam,Godavari,2026-06-22 09:00:00+00:00,45.68997904577211,NORMAL,47.5,48.5,53.0,17.66865,80.87403,GDBDCL_2026-06-22T09:00:00+0000_45.6900
GDBDCL,Godavari at Bhadrachalam,Godavari,2026-06-22 10:00:00+00:00,45.651042800277445,NORMAL,47.5,48.5,53.0,17.66865,80.87403,GDBDCL_2026-06-22T10:00:00+0000_45.6510
GDBDCL,Godavari at Bhadrachalam,Godavari,2026-06-22 11:00:00+00:00,45.572361357473696,NORMAL,47.5,48.5,53.0,17.66865,80.87403,GDBDCL_2026-06-22T11:00:00+0000_45.5724
GDBDCL,Godavari at Bhadrachalam,Godavari,2026-06-22 12:00:00+00:00,45.51605719325807,NORMAL,47.5,48.5,53.0,17.66865,80.87403,GDBDCL_2026-06-22T12:00:00+0000_45.5161
GDBDCL,Godavari at Bhadrachalam,Godavari,2026-06-22 13:00:00+00:00,45.5112973159563,NORMAL,47.5,48.5,53.0,17.66865,80.87403,GDBDCL_2026-06-22T13:00:00+0000_45.5113
GDBDCL,Godavari at Bhadrachalam,Godavari,2026-06-22 14:00:00+00:00,45.60163975507641,NORMAL,47.5,48.5,53.0,17.66865,80.87403,GDBDCL_2026-06-22T14:00:00+0000_45.6016
GDBDCL,Godavari at Bhadrachalam,Godavari,2026-06-22 15:00:00+00:00,45.60747954300853,NORMAL,47.5,48.5,53.0,17.66865,80.87403,GDBDCL_2026-06-22T15:00:00+0000_45.6075
GDBDCL,Godavari at Bhadrachalam,Godavari,2026-06-22 16:00:00+00:00,45.59963626039286,NORMAL,47.5,48.5,53.0,17.66865,80.87403,GDBDCL_2026-06-22T16:00:00+0000_45.5996
GDBDCL,Godavari at Bhadrachalam,Godavari,2026-06-22 17:00:00+00:00,45.611093590642014,NORMAL,47.5,48.5,53.0,17.66865,80.87403,GDBDCL_2026-06-22T17:00:00+0000_45.6111
GDBDCL,Godavari at Bhadrachalam,Godavari,2026-06-22 18:00:00+00:00,45.64807870838444,NORMAL,47.5,48.5,53.0,17.66865,80.87403,GDBDCL_2026-06-22T18:00:00+0000_45.6481
GDBDCL,Godavari at Bhadrachalam,Godavari,2026-06-22 19:00:00+00:00,45.68057777524197,NORMAL,47.5,48.5,53.0,17.66865,80.87403,GDBDCL_2026-06-22T19:00:00+0000_45.6806
GDBDCL,Godavari at Bhadrachalam,Godavari,2026-06-22 20:00:00+00:00,45.66440016938101,NORMAL,47.5,48.5,53.0,17.66865,80.87403,GDBDCL_2026-06-22T20:00:00+0000_45.6644
GDBDCL,Godavari at Bhadrachalam,Godavari,2026-06-22 21:00:00+00:00,45.70949037722782,NORMAL,47.5,48.5,53.0,17.66865,80.87403,GDBDCL_2026-06-22T21:00:00+0000_45.7095
GDBDCL,Godavari at Bhadrachalam,Godavari,2026-06-22 22:00:00+00:00,45.78837990437978,NORMAL,47.5,48.5,53.0,17.66865,80.87403,GDBDCL_2026-06-22T22:00:00+0000_45.7884
GDBDCL,Godavari at Bhadrachalam,Godavari,2026-06-22 23:00:00+00:00,45.81057894689354,NORMAL,47.5,48.5,53.0,17.66865,80.87403,GDBDCL_2026-06-22T23:00:00+0000_45.8106
GDBDCL,Godavari at Bhadrachalam,Godavari,2026-06-23 00:00:00+00:00,45.83009331627901,NORMAL,47.5,48.5,53.0,17.66865,80.87403,GDBDCL_2026-06-23T00:00:00+0000_45.8301
GDBDCL,Godavari at Bhadrachalam,Godavari,2026-06-23 01:00:00+00:00,45.84874557404108,NORMAL,47.5,48.5,53.0,17.66865,80.87403,GDBDCL_2026-06-23T01:00:00+0000_45.8487
GDBDCL,Godavari at Bhadrachalam,Godavari,2026-06-23 02:00:00+00:00,45.87665214300877,NORMAL,47.5,48.5,53.0,17.66865,80.87403,GDBDCL_2026-06-23T02:00:00+0000_45.8767
GDBDCL,Godavari at Bhadrachalam,Godavari,2026-06-23 03:00:00+00:00,45.8471031453767,NORMAL,47.5,48.5,53.0,17.66865,80.87403,GDBDCL_2026-06-23T03:00:00+0000_45.8471
GDBDCL,Godavari at Bhadrachalam,Godavari,2026-06-23 04:00:00+00:00,45.775435772085714,NORMAL,47.5,48.5,53.0,17.66865,80.87403,GDBDCL_2026-06-23T04:00:00+0000_45.7754
GDBDCL,Godavari at Bhadrachalam,Godavari,2026-06-23 05:00:00+00:00,45.738734686266575,NORMAL,47.5,48.5,53.0,17.66865,80.87403,GDBDCL_2026-06-23T05:00:00+0000_45.7387
GDBDCL,Godavari at Bhadrachalam,Godavari,2026-06-23 06:00:00+00:00,45.71691470493231,NORMAL,47.5,48.5,53.0,17.66865,80.87403,GDBDCL_2026-06-23T06:00:00+0000_45.7169
GDBDCL,Godavari at Bhadrachalam,Godavari,2026-06-23 07:00:00+00:00,45.671790728263296,NORMAL,47.5,48.5,53.0,17.66865,80.87403,GDBDCL_2026-06-23T07:00:00+0000_45.6718
GDBDCL,Godavari at Bhadrachalam,Godavari,2026-06-23 08:00:00+00:00,45.72484127204892,NORMAL,47.5,48.5,53.0,17.66865,80.87403,GDBDCL_2026-06-23T08:00:00+0000_45.7248
GDBDCL,Godavari at Bhadrachalam,Godavari,2026-06-23 09:00:00+00:00,45.65387175323958,NORMAL,47.5,48.5,53.0,17.66865,80.87403,GDBDCL_2026-06-23T09:00:00+0000_45.6539
GDBDCL,Godavari at Bhadrachalam,Godavari,2026-06-23 10:00:00+00:00,45.64772042625725,NORMAL,47.5,48.5,53.0,17.66865,80.87403,GDBDCL_2026-06-23T10:00:00+0000_45.6477
GDBDCL,Godavari at Bhadrachalam,Godavari,2026-06-23 11:00:00+00:00,45.562057690732765,NORMAL,47.5,48.5,53.0,17.66865,80.87403,GDBDCL_2026-06-23T11:00:00+0000_45.5621
GDBDCL,Godavari at Bhadrachalam,Godavari,2026-06-23 12:00:00+00:00,45.55344068642541,NORMAL,47.5,48.5,53.0,17.66865,80.87403,GDBDCL_2026-06-23T12:00:00+0000_45.5534
GDBDCL,Godavari at Bhadrachalam,Godavari,2026-06-23 13:00:00+00:00,45.50596648463848,NORMAL,47.5,48.5,53.0,17.66865,80.87403,GDBDCL_2026-06-23T13:00:00+0000_45.5060
GDBDCL,Godavari at Bhadrachalam,Godavari,2026-06-23 14:00:00+00:00,45.58637817206282,NORMAL,47.5,48.5,53.0,17.66865,80.87403,GDBDCL_2026-06-23T14:00:00+0000_45.5864
GDBDCL,Godavari at Bhadrachalam,Godavari,2026-06-23 15:00:00+00:00,,,47.5,48.5,53.0,17.66865,80.87403,GDBDCL_2026-06-23T15:00:00+0000_
GDBDCL,Godavari at Bhadrachalam,Godavari,2026-06-23 16:00:00+00:00,45.56413087003269,NORMAL,47.5,48.5,53.0,17.66865,80.87403,GDBDCL_2026-06-23T16:00:00+0000_45.5641
GDBDCL,Godavari at Bhadrachalam,Godavari,2026-06-23 17:00:00+00:00,45.64085887749891,NORMAL,47.5,48.5,53.0,17.66865,80.87403,GDBDCL_2026-06-23T17:00:00+0000_45.6409
GDBDCL,Godavari at Bhadrachalam,Godavari,2026-06-23 18:00:00+00:00,45.626405197546674,NORMAL,47.5,48.5,53.0,17.66865,80.87403,GDBDCL_2026-06-23T18:00:00+0000_45.6264
GDBDCL,Godavari at Bhadrachalam,Godavari,2026-06-23 19:00:00+00:00,45.62530893689269,NORMAL,47.5,48.5,53.0,17.66865,80.87403,GDBDCL_2026-06-23T19:00:00+0000_45.6253
GDBDCL,Godavari at Bhadrachalam,Godavari,2026-06-23 20:00:00+00:00,45.66556534217086,NORMAL,47.5,48.5,53.0,17.66865,80.87403,GDBDCL_2026-06-23T20:00:00+0000_45.6656
GDBDCL,Godavari at Bhadrachalam,Godavari,2026-06-23 21:00:00+00:00,45.78195577144569,NORMAL,47.5,48.5,53.0,17.66865,80.87403,GDBDCL_2026-06-23T21:00:00+0000_45.7820
GDBDCL,Godavari at Bhadrachalam,Godavari,2026-06-23 22:00:00+00:00,45.78116293386904,NORMAL,47.5,48.5,53.0,17.66865,80.87403,GDBDCL_2026-06-23T22:00:00+0000_45.7812
GDBDCL,Godavari at Bhadrachalam,Godavari,2026-06-23 23:00:00+00:00,45.78862520627646,NORMAL,47.5,48.5,53.0,17.66865,80.87403,GDBDCL_2026-06-23T23:00:00+0000_45.7886
GDBDCL,Godavari at Bhadrachalam,Godavari,2026-06-24 00:00:00+00:00,45.83356133209201,NORMAL,47.5,48.5,53.0,17.66865,80.87403,GDBDCL_2026-06-24T00:00:00+0000_45.8336
GDBDCL,Godavari at Bhadrachalam,Godavari,2026-06-24 01:00:00+00:00,45.81022146744784,NORMAL,47.5,48.5,53.0,17.66865,80.87403,GDBDCL_2026-06-24T01:00:00+0000_45.8102
GDBDCL,Godavari at Bhadrachalam,Godavari,2026-06-24 02:00:00+00:00,45.80231381431198,NORMAL,47.5,48.5,53.0,17.66865,80.87403,GDBDCL_2026-06-24T02:00:00+0000_45.8023
GDBDCL,Godavari at Bhadrachalam,Godavari,2026-06-24 03:00:00+00:00,48.56531851220183,DANGER,47.5,48.5,53.0,17.66865,80.87403,GDBDCL_2026-06-24T03:00:00+0000_48.5653
GDBDCL,Godavari at Bhadrachalam,Godavari,2026-06-24 04:00:00+00:00,48.28304358304131,WARNING,47.5,48.5,53.0,17.66865,80.87403,GDBDCL_2026-06-24T04:00:00+0000_48.2830
GDBDCL,Godavari at Bhadrachalam,Godavari,2026-06-24 05:00:00+00:00,47.983536615918574,WARNING,47.5,48.5,53.0,17.66865,80.87403,GDBDCL_2026-06-24T05:00:00+0000_47.9835
GDBDCL,Godavari at Bhadrachalam,Godavari,2026-06-24 06:00:00+00:00,47.77388027512865,WARNING,47.5,48.5,53.0,17.66865,80.87403,GDBDCL_2026-06-24T06:00:00+0000_47.7739
GDBDCL,Godavari at Bhadrachalam,Godavari,2026-06-24 07:00:00+00:00,47.48351611903274,NORMAL,47.5,48.5,53.0,17.66865,80.87403,GDBDCL_2026-06-24T07:00:00+0000_47.4835
GDBDCL,Godavari at Bhadrachalam,Godavari,2026-06-24 08:00:00+00:00,47.28634759369419,NORMAL,47.5,48.5,53.0,17.66865,80.87403,GDBDCL_2026-06-24T08:00:00+0000_47.2863
GDBDCL,Godavari at Bhadrachalam,Godavari,2026-06-24 09:00:00+00:00,47.09371937267058,NORMAL,47.5,48.5,53.0,17.66865,80.87403,GDBDCL_2026-06-24T09:00:00+0000_47.0937
GDBDCL,Godavari at Bhadrachalam,Godavari,2026-06-24 10:00:00+00:00,45.59660978817559,NORMAL,47.5,48.5,53.0,17.66865,80.87403,GDBDCL_2026-06-24T10:00:00+0000_45.5966
GDBDCL,Godavari at Bhadrachalam,Godavari,2026-06-24 11:00:00+00:00,45.576627100141934,NORMAL,47.5,48.5,53.0,17.66865,80.87403,GDBDCL_2026-06-24T11:00:00+0000_45.5766
GDBDCL,Godavari at Bhadrachalam,Godavari,2026-06-24 12:00:00+00:00,45.52521781006221,NORMAL,47.5,48.5,53.0,17.66865,80.87403,GDBDCL_2026-06-24T12:00:00+0000_45.5252
GDBDCL,Godavari at Bhadrachalam,Godavari,2026-06-24 13:00:00+00:00,45.56036543731423,NORMAL,47.5,48.5,53.0,17.66865,80.87403,GDBDCL_2026-06-24T13:00:00+0000_45.5604
GDBDCL,Godavari at Bhadrachalam,Godavari,2026-06-24 14:00:00+00:00,45.55073156610609,NORMAL,47.5,48.5,53.0,17.66865,80.87403,GDBDCL_2026-06-24T14:00:00+0000_45.5507
GDBDCL,Godavari at Bhadrachalam,Godavari,2026-06-24 15:00:00+00:00,45.5854409445165,NORMAL,47.5,48.5,53.0,17.66865,80.87403,GDBDCL_2026-06-24T15:00:00+0000_45.5854
GDBDCL,Godavari at Bhadrachalam,Godavari,2026-06-24 16:00:00+00:00,45.56262506432901,NORMAL,47.5,48.5,53.0,17.66865,80.87403,GDBDCL_2026-06-24T16:00:00+0000_45.5626
GDBDCL,Godavari at Bhadrachalam,Godavari,2026-06-24 17:00:00+00:00,45.60782991042741,NORMAL,47.5,48.5,53.0,17.66865,80.87403,GDBDCL_2026-06-24T17:00:00+0000_45.6078
GDBDCL,Godavari at Bhadrachalam,Godavari,2026-06-24 18:00:00+00:00,45.63294267122996,NORMAL,47.5,48.5,53.0,17.66865,80.87403,GDBDCL_2026-06-24T18:00:00+0000_45.6329
GDBDCL,Godavari at Bhadrachalam,Godavari,2026-06-24 19:00:00+00:00,45.68379214834559,NORMAL,47.5,48.5,53.0,17.66865,80.87403,GDBDCL_2026-06-24T19:00:00+0000_45.6838
GDBDCL,Godavari at Bhadrachalam,Godavari,2026-06-24 20:00:00+00:00,45.73953395366027,NORMAL,47.5,48.5,53.0,17.66865,80.87403,GDBDCL_2026-06-24T20:00:00+0000_45.7395
GDBDCL,Godavari at Bhadrachalam,Godavari,2026-06-24 21:00:00+00:00,45.77638627501371,NORMAL,47.5,48.5,53.0,17.66865,80.87403,GDBDCL_2026-06-24T21:00:00+0000_45.7764
GDBDCL,Godavari at Bhadrachalam,Godavari,2026-06-24 22:00:00+00:00,45.7799017417566,NORMAL,47.5,48.5,53.0,17.66865,80.87403,GDBDCL_2026-06-24T22:00:00+0000_45.7799
GDBDCL,Godavari at Bhadrachalam,Godavari,2026-06-24 23:00:00+00:00,45.79764641628274,NORMAL,47.5,48.5,53.0,17.66865,80.87403,GDBDCL_2026-06-24T23:00:00+0000_45.7976
GDBDCL,Godavari at Bhadrachalam,Godavari,2026-06-25 00:00:00+00:00,45.795017905505006,NORMAL,47.5,48.5,53.0,17.66865,80.87403,GDBDCL_2026-06-25T00:00:00+0000_45.7950
GDBDCL,Godavari at Bhadrachalam,Godavari,2026-06-25 01:00:00+00:00,45.82341386591599,NORMAL,47.5,48.5,53.0,17.66865,80.87403,GDBDCL_2026-06-25T01:00:00+0000_45.8234
GDBDCL,Godavari at Bhadrachalam,Godavari,2026-06-25 02:00:00+00:00,,,47.5,48.5,53.0,17.66865,80.87403,GDBDCL_2026-06-25T02:00:00+0000_
GDBDCL,Godavari at Bhadrachalam,Godavari,2026-06-25 03:00:00+00:00,45.83303422047013,NORMAL,47.5,48.5,53.0,17.66865,80.87403,GDBDCL_2026-06-25T03:00:00+0000_45.8330
GDBDCL,Godavari at Bhadrachalam,Godavari,2026-06-25 04:00:00+00:00,45.81260676288931,NORMAL,47.5,48.5,53.0,17.66865,80.87403,GDBDCL_2026-06-25T04:00:00+0000_45.8126
GDBDCL,Godavari at Bhadrachalam,Godavari,2026-06-25 05:00:00+00:00,45.83169820252073,NORMAL,47.5,48.5,53.0,17.66865,80.87403,GDBDCL_2026-06-25T05:00:00+0000_45.8317
GDBDCL,Godavari at Bhadrachalam,Godavari,2026-06-25 06:00:00+00:00,45.7918412001449,NORMAL,47.5,48.5,53.0,17.66865,80.87403,GDBDCL_2026-06-25T06:00:00+0000_45.7918
GDBDCL,Godavari at Bhadrachalam,Godavari,2026-06-25 07:00:00+00:00,45.758934065844194,NORMAL,47.5,48.5,53.0,17.66865,80.87403,GDBDCL_2026-06-25T07:00:00+0000_45.7589
GDBDCL,Godavari at Bhadrachalam,Godavari,2026-06-25 08:00:00+00:00,45.66707737069277,NORMAL,47.5,48.5,53.0,17.66865,80.87403,GDBDCL_2026-06-25T08:00:00+0000_45.6671
GDBDCL,Godavari at Bhadrachalam,Godavari,2026-06-25 09:00:00+00:00,45.64876749648051,NORMAL,47.5,48.5,53.0,17.66865,80.87403,GDBDCL_2026-06-25T09:00:00+0000_45.6488
GDBDCL,Godavari at Bhadrachalam,Godavari,2026-06-25 10:00:00+00:00,45.57374354352437,NORMAL,47.5,48.5,53.0,17.66865,80.87403,GDBDCL_2026-06-25T10:00:00+0000_45.5737
GDBDCL,Godavari at Bhadrachalam,Godavari,2026-06-25 11:00:00+00:00,45.62037435322198,NORMAL,47.5,48.5,53.0,17.66865,80.87403,GDBDCL_2026-06-25T11:00:00+0000_45.6204
GDBDCL,Godavari at Bhadrachalam,Godavari,2026-06-25 12:00:00+00:00,45.5439265165956,NORMAL,47.5,48.5,53.0,17.66865,80.87403,GDBDCL_2026-06-25T12:00:00+0000_45.5439
GDBDCL,Godavari at Bhadrachalam,Godavari,2026-06-25 13:00:00+00:00,45.55300004791799,NORMAL,47.5,48.5,53.0,17.66865,80.87403,GDBDCL_2026-06-25T13:00:00+0000_45.5530
GDBDCL,Godavari at Bhadrachalam,Godavari,2026-06-25 14:00:00+00:00,45.51932261614615,NORMAL,47.5,48.5,53.0,17.66865,80.87403,GDBDCL_2026-06-25T14:00:00+0000_45.5193
GDBDCL,Godavari at Bhadrachalam,Godavari,2026-06-25 15:00:00+00:00,45.53943194762852,NORMAL,47.5,48.5,53.0,17.66865,80.87403,GDBDCL_2026-06-25T15:00:00+0000_45.5394
GDBDCL,Godavari at Bhadrachalam,Godavari,2026-06-25 16:00:00+00:00,,,47.5,48.5,53.0,17.66865,80.87403,GDBDCL_2026-06-25T16:00:00+0000_
GDBDCL,Godavari at Bhadrachalam,Godavari,2026-06-25 17:00:00+00:00,45.628778931338935,NORMAL,47.5,48.5,53.0,17.66865,80.87403,GDBDCL_2026-06-25T17:00:00+0000_45.6288
GDBDCL,Godavari at Bhadrachalam,Godavari,2026-06-25 18:00:00+00:00,45.64225837688465,NORMAL,47.5,48.5,53.0,17.66865,80.87403,GDBDCL_2026-06-25T18:00:00+0000_45.6423
GDBDCL,Godavari at Bhadrachalam,Godavari,2026-06-25 19:00:00+00:00,45.71036525752762,NORMAL,47.5,48.5,53.0,17.66865,80.87403,GDBDCL_2026-06-25T19:00:00+0000_45.7104
GDBDCL,Godavari at Bhadrachalam,Godavari,2026-06-25 20:00:00+00:00,45.70869824621138,NORMAL,47.5,48.5,53.0,17.66865,80.87403,GDBDCL_2026-06-25T20:00:00+0000_45.7087
GDBDCL,Godavari at Bhadrachalam,Godavari,2026-06-25 21:00:00+00:00,45.72399588946856,NORMAL,47.5,48.5,53.0,17.66865,80.87403,GDBDCL_2026-06-25T21:00:00+0000_45.7240
GDBDCL,Godavari at Bhadrachalam,Godavari,2026-06-25 22:00:00+00:00,45.80047807134329,NORMAL,47.5,48.5,53.0,17.66865,80.87403,GDBDCL_2026-06-25T22:00:00+0000_45.8005
GDBDCL,Godavari at Bhadrachalam,Godavari,2026-06-25 23:00:00+00:00,45.786571333519085,NORMAL,47.5,48.5,53.0,17.66865,80.87403,GDBDCL_2026-06-25T23:00:00+0000_45.7866
GDBDCL,Godavari at Bhadrachalam,Godavari,2026-06-26 00:00:00+00:00,45.85628852610449,NORMAL,47.5,48.5,53.0,17.66865,80.87403,GDBDCL_2026-06-26T00:00:00+0000_45.8563
GDBDCL,Godavari at Bhadrachalam,Godavari,2026-06-26 01:00:00+00:00,45.81505599650874,NORMAL,47.5,48.5,53.0,17.66865,80.87403,GDBDCL_2026-06-26T01:00:00+0000_45.8151
GDBDCL,Godavari at Bhadrachalam,Godavari,2026-06-26 02:00:00+00:00,45.803474729238886,NORMAL,47.5,48.5,53.0,17.66865,80.87403,GDBDCL_2026-06-26T02:00:00+0000_45.8035
GDBDCL,Godavari at Bhadrachalam,Godavari,2026-06-26 03:00:00+00:00,45.789300920646994,NORMAL,47.5,48.5,53.0,17.66865,80.87403,GDBDCL_2026-06-26T03:00:00+0000_45.7893
GDBDCL,Godavari at Bhadrachalam,Godavari,2026-06-26 04:00:00+00:00,45.7766907762657,NORMAL,47.5,48.5,53.0,17.66865,80.87403,GDBDCL_2026-06-26T04:00:00+0000_45.7767
GDBDCL,Godavari at Bhadrachalam,Godavari,2026-06-26 05:00:00+00:00,45.756193208382754,NORMAL,47.5,48.5,53.0,17.66865,80.87403,GDBDCL_2026-06-26T05:00:00+0000_45.7562
GDBDCL,Godavari at Bhadrachalam,Godavari,2026-06-26 06:00:00+00:00,45.79794287621409,NORMAL,47.5,48.5,53.0,17.66865,80.87403,GDBDCL_2026-06-26T06:00:00+0000_45.7979
GDBDCL,Godavari at Bhadrachalam,Godavari,2026-06-26 07:00:00+00:00,45.70205136929546,NORMAL,47.5,48.5,53.0,17.66865,80.87403,GDBDCL_2026-06-26T07:00:00+0000_45.7021
GDBDCL,Godavari at Bhadrachalam,Godavari,2026-06-26 08:00:00+00:00,45.71104957484809,NORMAL,47.5,48.5,53.0,17.66865,80.87403,GDBDCL_2026-06-26T08:00:00+0000_45.7110
GDBDCL,Godavari at Bhadrachalam,Godavari,2026-06-26 09:00:00+00:00,,,47.5,48.5,53.0,17.66865,80.87403,GDBDCL_2026-06-26T09:00:00+0000_
GDBDCL,Godavari at Bhadrachalam,Godavari,2026-06-26 10:00:00+00:00,45.610614222816544,NORMAL,47.5,48.5,53.0,17.66865,80.87403,GDBDCL_2026-06-26T10:00:00+0000_45.6106
GDBDCL,Godavari at Bhadrachalam,Godavari,2026-06-26 11:00:00+00:00,45.542751664024514,NORMAL,47.5,48.5,53.0,17.66865,80.87403,GDBDCL_2026-06-26T11:00:00+0000_45.5428
GDBDCL,Godavari at Bhadrachalam,Godavari,2026-06-26 12:00:00+00:00,45.56841121844637,NORMAL,47.5,48.5,53.0,17.66865,80.87403,GDBDCL_2026-06-26T12:00:00+0000_45.5684
GDBDCL,Godavari at Bhadrachalam,Godavari,2026-06-26 13:00:00+00:00,45.51333759253527,NORMAL,47.5,48.5,53.0,17.66865,80.87403,GDBDCL_2026-06-26T13:00:00+0000_45.5133
GDBDCL,Godavari at Bhadrachalam,Godavari,2026-06-26 14:00:00+00:00,45.5722814524682,NORMAL,47.5,48.5,53.0,17.66865,80.87403,GDBDCL_2026-06-26T14:00:00+0000_45.5723
GDBDCL,Godavari at Bhadrachalam,Godavari,2026-06-26 15:00:00+00:00,45.60688854461171,NORMAL,47.5,48.5,53.0,17.66865,80.87403,GDBDCL_2026-06-26T15:00:00+0000_45.6069
GDBDCL,Godavari at Bhadrachalam,Godavari,2026-06-26 16:00:00+00:00,45.57362390343695,NORMAL,47.5,48.5,53.0,17.66865,80.87403,GDBDCL_2026-06-26T16:00:00+0000_45.5736
GDBDCL,Godavari at Bhadrachalam,Godavari,2026-06-26 17:00:00+00:00,45.612356059597474,NORMAL,47.5,48.5,53.0,17.66865,80.87403,GDBDCL_2026-06-26T17:00:00+0000_45.6124
GDBDCL,Godavari at Bhadrachalam,Godavari,2026-06-26 18:00:00+00:00,45.61943254329649,NORMAL,47.5,48.5,53.0,17.66865,80.87403,GDBDCL_2026-06-26T18:00:00+0000_45.6194
GDBDCL,Godavari at Bhadrachalam,Godavari,2026-06-26 19:00:00+00:00,45.62728896060545,NORMAL,47.5,48.5,53.0,17.66865,80.87403,GDBDCL_2026-06-26T19:00:00+0000_45.6273
GDBDCL,Godavari at Bhadrachalam,Godavari,2026-06-26 20:00:00+00:00,45.69436396311899,NORMAL,47.5,48.5,53.0,17.66865,80.87403,GDBDCL_2026-06-26T20:00:00+0000_45.6944
GDBDCL,Godavari at Bhadrachalam,Godavari,2026-06-26 21:00:00+00:00,45.76098609836055,NORMAL,47.5,48.5,53.0,17.66865,80.87403,GDBDCL_2026-06-26T21:00:00+0000_45.7610
GDBDCL,Godavari at Bhadrachalam,Godavari,2026-06-26 22:00:00+00:00,45.78372351284236,NORMAL,47.5,48.5,53.0,17.66865,80.87403,GDBDCL_2026-06-26T22:00:00+0000_45.7837
GDBDCL,Godavari at Bhadrachalam,Godavari,2026-06-26 23:00:00+00:00,,,47.5,48.5,53.0,17.66865,80.87403,GDBDCL_2026-06-26T23:00:00+0000_
GDBDCL,Godavari at Bhadrachalam,Godavari,2026-06-27 00:00:00+00:00,45.81322581598285,NORMAL,47.5,48.5,53.0,17.66865,80.87403,GDBDCL_2026-06-27T00:00:00+0000_45.8132
GDBDCL,Godavari at Bhadrachalam,Godavari,2026-06-27 01:00:00+00:00,45.82932770968906,NORMAL,47.5,48.5,53.0,17.66865,80.87403,GDBDCL_2026-06-27T01:00:00+0000_45.8293
GDBDCL,Godavari at Bhadrachalam,Godavari,2026-06-27 02:00:00+00:00,45.88106710326033,NORMAL,47.5,48.5,53.0,17.66865,80.87403,GDBDCL_2026-06-27T02:00:00+0000_45.8811
GDBDCL,Godavari at Bhadrachalam,Godavari,2026-06-27 03:00:00+00:00,45.87493954004606,NORMAL,47.5,48.5,53.0,17.66865,80.87403,GDBDCL_2026-06-27T03:00:00+0000_45.8749
GDBDCL,Godavari at Bhadrachalam,Godavari,2026-06-27 04:00:00+00:00,45.80876648453589,NORMAL,47.5,48.5,53.0,17.66865,80.87403,GDBDCL_2026-06-27T04:00:00+0000_45.8088
GDBDCL,Godavari at Bhadrachalam,Godavari,2026-06-27 05:00:00+00:00,,,47.5,48.5,53.0,17.66865,80.87403,GDBDCL_2026-06-27T05:00:00+0000_
GDBDCL,Godavari at Bhadrachalam,Godavari,2026-06-27 06:00:00+00:00,45.79470489498456,NORMAL,47.5,48.5,53.0,17.66865,80.87403,GDBDCL_2026-06-27T06:00:00+0000_45.7947
GDBDCL,Godavari at Bhadrachalam,Godavari,2026-06-27 07:00:00+00:00,45.68320721333304,NORMAL,47.5,48.5,53.0,17.66865,80.87403,GDBDCL_2026-06-27T07:00:00+0000_45.6832
GDBDCL,Godavari at Bhadrachalam,Godavari,2026-06-27 08:00:00+00:00,45.639073601750816,NORMAL,47.5,48.5,53.0,17.66865,80.87403,GDBDCL_2026-06-27T08:00:00+0000_45.6391
GDBDCL,Godavari at Bhadrachalam,Godavari,2026-06-27 09:00:00+00:00,45.6432242831171,NORMAL,47.5,48.5,53.0,17.66865,80.87403,GDBDCL_2026-06-27T09:00:00+0000_45.6432
GDBDCL,Godavari at Bhadrachalam,Godavari,2026-06-27 10:00:00+00:00,45.61751099939495,NORMAL,47.5,48.5,53.0,17.66865,80.87403,GDBDCL_2026-06-27T10:00:00+0000_45.6175
GDBDCL,Godavari at Bhadrachalam,Godavari,2026-06-27 11:00:00+00:00,45.59537864400907,NORMAL,47.5,48.5,53.0,17.66865,80.87403,GDBDCL_2026-06-27T11:00:00+0000_45.5954
GDBDCL,Godavari at Bhadrachalam,Godavari,2026-06-27 12:00:00+00:00,45.61094831134547,NORMAL,47.5,48.5,53.0,17.66865,80.87403,GDBDCL_2026-06-27T12:00:00+0000_45.6109
GDBDCL,Godavari at Bhadrachalam,Godavari,2026-06-27 13:00:00+00:00,45.53605984251082,NORMAL,47.5,48.5,53.0,17.66865,80.87403,GDBDCL_2026-06-27T13:00:00+0000_45.5361
GDBDCL,Godavari at Bhadrachalam,Godavari,2026-06-27 14:00:00+00:00,45.53080723092177,NORMAL,47.5,48.5,53.0,17.66865,80.87403,GDBDCL_2026-06-27T14:00:00+0000_45.5308
GDBDCL,Godavari at Bhadrachalam,Godavari,2026-06-27 15:00:00+00:00,45.59318685419349,NORMAL,47.5,48.5,53.0,17.66865,80.87403,GDBDCL_2026-06-27T15:00:00+0000_45.5932
GDBDCL,Godavari at Bhadrachalam,Godavari,2026-06-27 16:00:00+00:00,45.55601618600237,NORMAL,47.5,48.5,53.0,17.66865,80.87403,GDBDCL_2026-06-27T16:00:00+0000_45.5560
GDBDCL,Godavari at Bhadrachalam,Godavari,2026-06-27 17:00:00+00:00,45.64853242465719,NORMAL,47.5,48.5,53.0,17.66865,80.87403,GDBDCL_2026-06-27T17:00:00+0000_45.6485
GDBDCL,Godavari at Bhadrachalam,Godavari,2026-06-27 18:00:00+00:00,45.63857140846675,NORMAL,47.5,48.5,53.0,17.66865,80.87403,GDBDCL_2026-06-27T18:00:00+0000_45.6386
GDBDCL,Godavari at Bhadrachalam,Godavari,2026-06-27 19:00:00+00:00,45.67486559843128,NORMAL,47.5,48.5,53.0,17.66865,80.87403,GDBDCL_2026-06-27T19:00:00+0000_45.6749
GDBDCL,Godavari at Bhadrachalam,Godavari,2026-06-27 20:00:00+00:00,45.74396345999746,NORMAL,47.5,48.5,53.0,17.66865,80.87403,GDBDCL_2026-06-27T20:00:00+0000_45.7440
GDBDCL,Godavari at Bhadrachalam,Godavari,2026-06-27 21:00:00+00:00,45.73161872855471,NORMAL,47.5,48.5,53.0,17.66865,80.87403,GDBDCL_2026-06-27T21:00:00+0000_45.7316
GDBDCL,Godavari at Bhadrachalam,Godavari,2026-06-27 22:00:00+00:00,45.79696361708779,NORMAL,47.5,48.5,53.0,17.66865,80.87403,GDBDCL_2026-06-27T22:00:00+0000_45.7970
GDBDCL,Godavari at Bhadrachalam,Godavari,2026-06-27 23:00:00+00:00,45.79195614570386,NORMAL,47.5,48.5,53.0,17.66865,80.87403,GDBDCL_2026-06-27T23:00:00+0000_45.7920
GDBDCL,Godavari at Bhadrachalam,Godavari,2026-06-28 00:00:00+00:00,45.84864017134157,NORMAL,47.5,48.5,53.0,17.66865,80.87403,GDBDCL_2026-06-28T00:00:00+0000_45.8486
GDBDCL,Godavari at Bhadrachalam,Godavari,2026-06-28 01:00:00+00:00,45.876391343763416,NORMAL,47.5,48.5,53.0,17.66865,80.87403,GDBDCL_2026-06-28T01:00:00+0000_45.8764
GDBDCL,Godavari at Bhadrachalam,Godavari,2026-06-28 02:00:00+00:00,45.79251831474983,NORMAL,47.5,48.5,53.0,17.66865,80.87403,GDBDCL_2026-06-28T02:00:00+0000_45.7925
GDBDCL,Godavari at Bhadrachalam,Godavari,2026-06-28 03:00:00+00:00,45.837634842508784,NORMAL,47.5,48.5,53.0,17.66865,80.87403,GDBDCL_2026-06-28T03:00:00+0000_45.8376
GDBDCL,Godavari at Bhadrachalam,Godavari,2026-06-28 04:00:00+00:00,45.80312022177697,NORMAL,47.5,48.5,53.0,17.66865,80.87403,GDBDCL_2026-06-28T04:00:00+0000_45.8031
GDBDCL,Godavari at Bhadrachalam,Godavari,2026-06-28 05:00:00+00:00,45.75737931324596,NORMAL,47.5,48.5,53.0,17.66865,80.87403,GDBDCL_2026-06-28T05:00:00+0000_45.7574
GDBDCL,Godavari at Bhadrachalam,Godavari,2026-06-28 06:00:00+00:00,45.73623502868296,NORMAL,47.5,48.5,53.0,17.66865,80.87403,GDBDCL_2026-06-28T06:00:00+0000_45.7362
GDBDCL,Godavari at Bhadrachalam,Godavari,2026-06-28 07:00:00+00:00,45.7441900051233,NORMAL,47.5,48.5,53.0,17.66865,80.87403,GDBDCL_2026-06-28T07:00:00+0000_45.7442
GDBDCL,Godavari at Bhadrachalam,Godavari,2026-06-28 08:00:00+00:00,,,47.5,48.5,53.0,17.66865,80.87403,GDBDCL_2026-06-28T08:00:00+0000_
GDBDCL,Godavari at Bhadrachalam,Godavari,2026-06-28 09:00:00+00:00,45.65039887597716,NORMAL,47.5,48.5,53.0,17.66865,80.87403,GDBDCL_2026-06-28T09:00:00+0000_45.6504
GDBDCL,Godavari at Bhadrachalam,Godavari,2026-06-28 10:00:00+00:00,45.59625795103054,NORMAL,47.5,48.5,53.0,17.66865,80.87403,GDBDCL_2026-06-28T10:00:00+0000_45.5963
GDBDCL,Godavari at Bhadrachalam,Godavari,2026-06-28 11:00:00+00:00,45.58301158126621,NORMAL,47.5,48.5,53.0,17.66865,80.87403,GDBDCL_2026-06-28T11:00:00+0000_45.5830
GDBDCL,Godavari at Bhadrachalam,Godavari,2026-06-28 12:00:00+00:00,45.5869024073701,NORMAL,47.5,48.5,53.0,17.66865,80.87403,GDBDCL_2026-06-28T12:00:00+0000_45.5869
GDBDCL,Godavari at Bhadrachalam,Godavari,2026-06-28 13:00:00+00:00,45.52608226617196,NORMAL,47.5,48.5,53.0,17.66865,80.87403,GDBDCL_2026-06-28T13:00:00+0000_45.5261
GDBDCL,Godavari at Bhadrachalam,Godavari,2026-06-28 14:00:00+00:00,45.53795377792871,NORMAL,47.5,48.5,53.0,17.66865,80.87403,GDBDCL_2026-06-28T14:00:00+0000_45.5380
GDBDCL,Godavari at Bhadrachalam,Godavari,2026-06-28 15:00:00+00:00,45.53763989235663,NORMAL,47.5,48.5,53.0,17.66865,80.87403,GDBDCL_2026-06-28T15:00:00+0000_45.5376
GDBDCL,Godavari at Bhadrachalam,Godavari,2026-06-28 16:00:00+00:00,45.59676579855723,NORMAL,47.5,48.5,53.0,17.66865,80.87403,GDBDCL_2026-06-28T16:00:00+0000_45.5968
GDBDCL,Godavari at Bhadrachalam,Godavari,2026-06-28 17:00:00+00:00,45.57764754816164,NORMAL,47.5,48.5,53.0,17.66865,80.87403,GDBDCL_2026-06-28T17:00:00+0000_45.5776
GDBDCL,Godavari at Bhadrachalam,Godavari,2026-06-28 18:00:00+00:00,45.61093809718496,NORMAL,47.5,48.5,53.0,17.66865,80.87403,GDBDCL_2026-06-28T18:00:00+0000_45.6109
GDBDCL,Godavari at Bhadrachalam,Godavari,2026-06-28 19:00:00+00:00,48.16078365328548,WARNING,47.5,48.5,53.0,17.66865,80.87403,GDBDCL_2026-06-28T19:00:00+0000_48.1608
GDBDCL,Godavari at Bhadrachalam,Godavari,2026-06-28 20:00:00+00:00,47.92155634612031,WARNING,47.5,48.5,53.0,17.66865,80.87403,GDBDCL_2026-06-28T20:00:00+0000_47.9216
GDBDCL,Godavari at Bhadrachalam,Godavari,2026-06-28 21:00:00+00:00,45.779404606359385,NORMAL,47.5,48.5,53.0,17.66865,80.87403,GDBDCL_2026-06-28T21:00:00+0000_45.7794
GDBDCL,Godavari at Bhadrachalam,Godavari,2026-06-28 22:00:00+00:00,45.754016011914366,NORMAL,47.5,48.5,53.0,17.66865,80.87403,GDBDCL_2026-06-28T22:00:00+0000_45.7540
GDBDCL,Godavari at Bhadrachalam,Godavari,2026-06-28 23:00:00+00:00,45.786966660999546,NORMAL,47.5,48.5,53.0,17.66865,80.87403,GDBDCL_2026-06-28T23:00:00+0000_45.7870
GDBDCL,Godavari at Bhadrachalam,Godavari,2026-06-29 00:00:00+00:00,45.86346861928124,NORMAL,47.5,48.5,53.0,17.66865,80.87403,GDBDCL_2026-06-29T00:00:00+0000_45.8635
GDBDCL,Godavari at Bhadrachalam,Godavari,2026-06-29 01:00:00+00:00,45.87970228840216,NORMAL,47.5,48.5,53.0,17.66865,80.87403,GDBDCL_2026-06-29T01:00:00+0000_45.8797
GDBDCL,Godavari at Bhadrachalam,Godavari,2026-06-29 02:00:00+00:00,45.83476664584621,NORMAL,47.5,48.5,53.0,17.66865,80.87403,GDBDCL_2026-06-29T02:00:00+0000_45.8348
GDBDCL,Godavari at Bhadrachalam,Godavari,2026-06-29 03:00:00+00:00,45.79113878074489,NORMAL,47.5,48.5,53.0,17.66865,80.87403,GDBDCL_2026-06-29T03:00:00+0000_45.7911
GDBDCL,Godavari at Bhadrachalam,Godavari,2026-06-29 04:00:00+00:00,45.773341784872656,NORMAL,47.5,48.5,53.0,17.66865,80.87403,GDBDCL_2026-06-29T04:00:00+0000_45.7733
GDBDCL,Godavari at Bhadrachalam,Godavari,2026-06-29 05:00:00+00:00,45.77964035858082,NORMAL,47.5,48.5,53.0,17.66865,80.87403,GDBDCL_2026-06-29T05:00:00+0000_45.7796
GDBDCL,Godavari at Bhadrachalam,Godavari,2026-06-29 06:00:00+00:00,45.75029309720463,NORMAL,47.5,48.5,53.0,17.66865,80.87403,GDBDCL_2026-06-29T06:00:00+0000_45.7503
GDBDCL,Godavari at Bhadrachalam,Godavari,2026-06-29 07:00:00+00:00,45.74908182743637,NORMAL,47.5,48.5,53.0,17.66865,80.87403,GDBDCL_2026-06-29T07:00:00+0000_45.7491
GDBDCL,Godavari at Bhadrachalam,Godavari,2026-06-29 08:00:00+00:00,45.66692705365948,NORMAL,47.5,48.5,53.0,17.66865,80.87403,GDBDCL_2026-06-29T08:00:00+0000_45.6669
GDBDCL,Godavari at Bhadrachalam,Godavari,2026-06-29 09:00:00+00:00,45.66455820187407,NORMAL,47.5,48.5,53.0,17.66865,80.87403,GDBDCL_2026-06-29T09:00:00+0000_45.6646
GDBDCL,Godavari at Bhadrachalam,Godavari,2026-06-29 10:00:00+00:00,45.59312196274688,NORMAL,47.5,48.5,53.0,17.66865,80.87403,GDBDCL_2026-06-29T10:00:00+0000_45.5931
GDBDCL,Godavari at Bhadrachalam,Godavari,2026-06-29 11:00:00+00:00,45.63349987082838,NORMAL,47.5,48.5,53.0,17.66865,80.87403,GDBDCL_2026-06-29T11:00:00+0000_45.6335
GDBDCL,Godavari at Bhadrachalam,Godavari,2026-06-29 12:00:00+00:00,45.54877736239082,NORMAL,47.5,48.5,53.0,17.66865,80.87403,GDBDCL_2026-06-29T12:00:00+0000_45.5488
GDBDCL,Godavari at Bhadrachalam,Godavari,2026-06-29 13:00:00+00:00,45.568259385645526,NORMAL,47.5,48.5,53.0,17.66865,80.87403,GDBDCL_2026-06-29T13:00:00+0000_45.5683
GDBDCL,Godavari at Bhadrachalam,Godavari,2026-06-29 14:00:00+00:00,45.59487034573922,NORMAL,47.5,48.5,53.0,17.66865,80.87403,GDBDCL_2026-06-29T14:00:00+0000_45.5949
GDBDCL,Godavari at Bhadrachalam,Godavari,2026-06-29 15:00:00+00:00,45.55662251777771,NORMAL,47.5,48.5,53.0,17.66865,80.87403,GDBDCL_2026-06-29T15:00:00+0000_45.5566
GDBDCL,Godavari at Bhadrachalam,Godavari,2026-06-29 16:00:00+00:00,45.56725778846413,NORMAL,47.5,48.5,53.0,17.66865,80.87403,GDBDCL_2026-06-29T16:00:00+0000_45.5673
GDBDCL,Godavari at Bhadrachalam,Godavari,2026-06-29 17:00:00+00:00,45.576656243808586,NORMAL,47.5,48.5,53.0,17.66865,80.87403,GDBDCL_2026-06-29T17:00:00+0000_45.5767
GDBDCL,Godavari at Bhadrachalam,Godavari,2026-06-29 18:00:00+00:00,45.60777203306412,NORMAL,47.5,48.5,53.0,17.66865,80.87403,GDBDCL_2026-06-29T18:00:00+0000_45.6078
GDBDCL,Godavari at Bhadrachalam,Godavari,2026-06-29 19:00:00+00:00,45.67310092117516,NORMAL,47.5,48.5,53.0,17.66865,80.87403,GDBDCL_2026-06-29T19:00:00+0000_45.6731
GDBDCL,Godavari at Bhadrachalam,Godavari,2026-06-29 20:00:00+00:00,45.71875374719981,NORMAL,47.5,48.5,53.0,17.66865,80.87403,GDBDCL_2026-06-29T20:00:00+0000_45.7188
GDBDCL,Godavari at Bhadrachalam,Godavari,2026-06-29 21:00:00+00:00,45.716469778924846,NORMAL,47.5,48.5,53.0,17.66865,80.87403,GDBDCL_2026-06-29T21:00:00+0000_45.7165
GDBDCL,Godavari at Bhadrachalam,Godavari,2026-06-29 22:00:00+00:00,45.73989461425134,NORMAL,47.5,48.5,53.0,17.66865,80.87403,GDBDCL_2026-06-29T22:00:00+0000_45.7399
GDBDCL,Godavari at Bhadrachalam,Godavari,2026-06-29 23:00:00+00:00,45.790944122092654,NORMAL,47.5,48.5,53.0,17.66865,80.87403,GDBDCL_2026-06-29T23:00:00+0000_45.7909
GDBDCL,Godavari at Bhadrachalam,Godavari,2026-06-30 00:00:00+00:00,45.83037239758782,NORMAL,47.5,48.5,53.0,17.66865,80.87403,GDBDCL_2026-06-30T00:00:00+0000_45.8304
GDBDCL,Godavari at Bhadrachalam,Godavari,2026-06-30 01:00:00+00:00,45.793968382610856,NORMAL,47.5,48.5,53.0,17.66865,80.87403,GDBDCL_2026-06-30T01:00:00+0000_45.7940
GDBDCL,Godavari at Bhadrachalam,Godavari,2026-06-30 02:00:00+00:00,45.87828232061305,NORMAL,47.5,48.5,53.0,17.66865,80.87403,GDBDCL_2026-06-30T02:00:00+0000_45.8783
GDBDCL,Godavari at Bhadrachalam,Godavari,2026-06-30 03:00:00+00:00,45.87642200237504,NORMAL,47.5,48.5,53.0,17.66865,80.87403,GDBDCL_2026-06-30T03:00:00+0000_45.8764
GDBDCL,Godavari at Bhadrachalam,Godavari,2026-06-30 04:00:00+00:00,45.77758859807484,NORMAL,47.5,48.5,53.0,17.66865,80.87403,GDBDCL_2026-06-30T04:00:00+0000_45.7776
GDBDCL,Godavari at Bhadrachalam,Godavari,2026-06-30 05:00:00+00:00,45.73386608723282,NORMAL,47.5,48.5,53.0,17.66865,80.87403,GDBDCL_2026-06-30T05:00:00+0000_45.7339
GDBDCL,Godavari at Bhadrachalam,Godavari,2026-06-30 06:00:00+00:00,45.76697571606924,NORMAL,47.5,48.5,53.0,17.66865,80.87403,GDBDCL_2026-06-30T06:00:00+0000_45.7670
GDBDCL,Godavari at Bhadrachalam,Godavari,2026-06-30 07:00:00+00:00,45.67767470154209,NORMAL,47.5,48.5,53.0,17.66865,80.87403,GDBDCL_2026-06-30T07:00:00+0000_45.6777
GDBDCL,Godavari at Bhadrachalam,Godavari,2026-06-30 08:00:00+00:00,45.68163706314973,NORMAL,47.5,48.5,53.0,17.66865,80.87403,GDBDCL_2026-06-30T08:00:00+0000_45.6816
GDBDCL,Godavari at Bhadrachalam,Godavari,2026-06-30 09:00:00+00:00,45.66832842324751,NORMAL,47.5,48.5,53.0,17.66865,80.87403,GDBDCL_2026-06-30T09:00:00+0000_45.6683
GDBDCL,Godavari at Bhadrachalam,Godavari,2026-06-30 10:00:00+00:00,45.62464373994303,NORMAL,47.5,48.5,53.0,17.66865,80.87403,GDBDCL_2026-06-30T10:00:00+0000_45.6246
GDBDCL,Godavari at Bhadrachalam,Godavari,2026-06-30 11:00:00+00:00,45.599537056022,NORMAL,47.5,48.5,53.0,17.66865,80.87403,GDBDCL_2026-06-30T11:00:00+0000_45.5995
GDBDCL,Godavari at Bhadrachalam,Godavari,2026-06-30 12:00:00+00:00,45.558863426181816,NORMAL,47.5,48.5,53.0,17.66865,80.87403,GDBDCL_2026-06-30T12:00:00+0000_45.5589
GDBDCL,Godavari at Bhadrachalam,Godavari,2026-06-30 13:00:00+00:00,45.55212548571794,NORMAL,47.5,48.5,53.0,17.66865,80.87403,GDBDCL_2026-06-30T13:00:00+0000_45.5521
GDBDCL,Godavari at Bhadrachalam,Godavari,2026-06-30 14:00:00+00:00,45.58329595299233,NORMAL,47.5,48.5,53.0,17.66865,80.87403,GDBDCL_2026-06-30T14:00:00+0000_45.5833
GDBDCL,Godavari at Bhadrachalam,Godavari,2026-06-30 15:00:00+00:00,45.566339886496365,NORMAL,47.5,48.5,53.0,17.66865,80.87403,GDBDCL_2026-06-30T15:00:00+0000_45.5663
GDBDCL,Godavari at Bhadrachalam,Godavari,2026-06-30 16:00:00+00:00,45.552481449092845,NORMAL,47.5,48.5,53.0,17.66865,80.87403,GDBDCL_2026-06-30T16:00:00+0000_45.5525
GDBDCL,Godavari at Bhadrachalam,Godavari,2026-06-30 17:00:00+00:00,45.608382608539806,NORMAL,47.5,48.5,53.0,17.66865,80.87403,GDBDCL_2026-06-30T17:00:00+0000_45.6084
GDBDCL,Godavari at Bhadrachalam,Godavari,2026-06-30 18:00:00+00:00,45.68323031384427,NORMAL,47.5,48.5,53.0,17.66865,80.87403,GDBDCL_2026-06-30T18:00:00+0000_45.6832
GDBDCL,Godavari at Bhadrachalam,Godavari,2026-06-30 19:00:00+00:00,45.6656654725199,NORMAL,47.5,48.5,53.0,17.66865,80.87403,GDBDCL_2026-06-30T19:00:00+0000_45.6657
GDBDCL,Godavari at Bhadrachalam,Godavari,2026-06-30 20:00:00+00:00,45.72078455344061,NORMAL,47.5,48.5,53.0,17.66865,80.87403,GDBDCL_2026-06-30T20:00:00+0000_45.7208
GDBDCL,Godavari at Bhadrachalam,Godavari,2026-06-30 21:00:00+00:00,45.78274939598703,NORMAL,47.5,48.5,53.0,17.66865,80.87403,GDBDCL_2026-06-30T21:00:00+0000_45.7827
GDBDCL,Godavari at Bhadrachalam,Godavari,2026-06-30 22:00:00+00:00,45.7929151921352,NORMAL,47.5,48.5,53.0,17.66865,80.87403,GDBDCL_2026-06-30T22:00:00+0000_45.7929
GDBDCL,Godavari at Bhadrachalam,Godavari,2026-06-30 23:00:00+00:00,45.8397280150598,NORMAL,47.5,48.5,53.0,17.66865,80.87403,GDBDCL_2026-06-30T23:00:00+0000_45.8397
GDBDCL,Godavari at Bhadrachalam,Godavari,2026-07-01 00:00:00+00:00,45.86452182021874,NORMAL,47.5,48.5,53.0,17.66865,80.87403,GDBDCL_2026-07-01T00:00:00+0000_45.8645
GDBDCL,Godavari at Bhadrachalam,Godavari,2026-07-01 01:00:00+00:00,45.86824515833828,NORMAL,47.5,48.5,53.0,17.66865,80.87403,GDBDCL_2026-07-01T01:00:00+0000_45.8682
GDBDCL,Godavari at Bhadrachalam,Godavari,2026-07-01 02:00:00+00:00,45.81751621538618,NORMAL,47.5,48.5,53.0,17.66865,80.87403,GDBDCL_2026-07-01T02:00:00+0000_45.8175
GDBDCL,Godavari at Bhadrachalam,Godavari,2026-07-01 03:00:00+00:00,45.834938113179696,NORMAL,47.5,48.5,53.0,17.66865,80.87403,GDBDCL_2026-07-01T03:00:00+0000_45.8349
GDBDCL,Godavari at Bhadrachalam,Godavari,2026-07-01 04:00:00+00:00,45.77223165318747,NORMAL,47.5,48.5,53.0,17.66865,80.87403,GDBDCL_2026-07-01T04:00:00+0000_45.7722
GDBDCL,Godavari at Bhadrachalam,Godavari,2026-07-01 05:00:00+00:00,,,47.5,48.5,53.0,17.66865,80.87403,GDBDCL_2026-07-01T05:00:00+0000_
GDBDCL,Godavari at Bhadrachalam,Godavari,2026-07-01 06:00:00+00:00,45.774803476149,NORMAL,47.5,48.5,53.0,17.66865,80.87403,GDBDCL_2026-07-01T06:00:00+0000_45.7748
GDBDCL,Godavari at Bhadrachalam,Godavari,2026-07-01 07:00:00+00:00,45.73206204502698,NORMAL,47.5,48.5,53.0,17.66865,80.87403,GDBDCL_2026-07-01T07:00:00+0000_45.7321
GDBDCL,Godavari at Bhadrachalam,Godavari,2026-07-01 08:00:00+00:00,45.64346074512324,NORMAL,47.5,48.5,53.0,17.66865,80.87403,GDBDCL_2026-07-01T08:00:00+0000_45.6435
GDBDCL,Godavari at Bhadrachalam,Godavari,2026-07-01 09:00:00+00:00,45.64691464744177,NORMAL,47.5,48.5,53.0,17.66865,80.87403,GDBDCL_2026-07-01T09:00:00+0000_45.6469
GDBDCL,Godavari at Bhadrachalam,Godavari,2026-07-01 10:00:00+00:00,45.59295341903361,NORMAL,47.5,48.5,53.0,17.66865,80.87403,GDBDCL_2026-07-01T10:00:00+0000_45.5930
GDBDCL,Godavari at Bhadrachalam,Godavari,2026-07-01 11:00:00+00:00,45.61583236066069,NORMAL,47.5,48.5,53.0,17.66865,80.87403,GDBDCL_2026-07-01T11:00:00+0000_45.6158
GDBDCL,Godavari at Bhadrachalam,Godavari,2026-07-01 12:00:00+00:00,45.53610408351637,NORMAL,47.5,48.5,53.0,17.66865,80.87403,GDBDCL_2026-07-01T12:00:00+0000_45.5361
GDBDCL,Godavari at Bhadrachalam,Godavari,2026-07-01 13:00:00+00:00,45.55911235571816,NORMAL,47.5,48.5,53.0,17.66865,80.87403,GDBDCL_2026-07-01T13:00:00+0000_45.5591
GDBDCL,Godavari at Bhadrachalam,Godavari,2026-07-01 14:00:00+00:00,45.50909261513624,NORMAL,47.5,48.5,53.0,17.66865,80.87403,GDBDCL_2026-07-01T14:00:00+0000_45.5091
GDBDCL,Godavari at Bhadrachalam,Godavari,2026-07-01 15:00:00+00:00,45.58544561989176,NORMAL,47.5,48.5,53.0,17.66865,80.87403,GDBDCL_2026-07-01T15:00:00+0000_45.5854
GDBDCL,Godavari at Bhadrachalam,Godavari,2026-07-01 16:00:00+00:00,45.60916515693564,NORMAL,47.5,48.5,53.0,17.66865,80.87403,GDBDCL_2026-07-01T16:00:00+0000_45.6092
GDBDCL,Godavari at Bhadrachalam,Godavari,2026-07-01 17:00:00+00:00,45.57113979697867,NORMAL,47.5,48.5,53.0,17.66865,80.87403,GDBDCL_2026-07-01T17:00:00+0000_45.5711
GDBDCL,Godavari at Bhadrachalam,Godavari,2026-07-01 18:00:00+00:00,45.59881546079956,NORMAL,47.5,48.5,53.0,17.66865,80.87403,GDBDCL_2026-07-01T18:00:00+0000_45.5988
GDBDCL,Godavari at Bhadrachalam,Godavari,2026-07-01 19:00:00+00:00,45.69026493865576,NORMAL,47.5,48.5,53.0,17.66865,80.87403,GDBDCL_2026-07-01T19:00:00+0000_45.6903
GDBDCL,Godavari at Bhadrachalam,Godavari,2026-07-01 20:00:00+00:00,45.735761916340095,NORMAL,47.5,48.5,53.0,17.66865,80.87403,GDBDCL_2026-07-01T20:00:00+0000_45.7358
GDBDCL,Godavari at Bhadrachalam,Godavari,2026-07-01 21:00:00+00:00,45.75962275399791,NORMAL,47.5,48.5,53.0,17.66865,80.87403,GDBDCL_2026-07-01T21:00:00+0000_45.7596
GDBDCL,Godavari at Bhadrachalam,Godavari,2026-07-01 22:00:00+00:00,45.75066950540216,NORMAL,47.5,48.5,53.0,17.66865,80.87403,GDBDCL_2026-07-01T22:00:00+0000_45.7507
GDBDCL,Godavari at Bhadrachalam,Godavari,2026-07-01 23:00:00+00:00,45.76219896367418,NORMAL,47.5,48.5,53.0,17.66865,80.87403,GDBDCL_2026-07-01T23:00:00+0000_45.7622
GDBDCL,Godavari at Bhadrachalam,Godavari,2026-07-02 00:00:00+00:00,45.79644348995546,NORMAL,47.5,48.5,53.0,17.66865,80.87403,GDBDCL_2026-07-02T00:00:00+0000_45.7964
GDBDCL,Godavari at Bhadrachalam,Godavari,2026-07-02 01:00:00+00:00,45.84616387131235,NORMAL,47.5,48.5,53.0,17.66865,80.87403,GDBDCL_2026-07-02T01:00:00+0000_45.8462
GDBDCL,Godavari at Bhadrachalam,Godavari,2026-07-02 02:00:00+00:00,45.825918325215305,NORMAL,47.5,48.5,53.0,17.66865,80.87403,GDBDCL_2026-07-02T02:00:00+0000_45.8259
GDBDCL,Godavari at Bhadrachalam,Godavari,2026-07-02 03:00:00+00:00,45.826336766892176,NORMAL,47.5,48.5,53.0,17.66865,80.87403,GDBDCL_2026-07-02T03:00:00+0000_45.8263
GDBDCL,Godavari at Bhadrachalam,Godavari,2026-07-02 04:00:00+00:00,45.83628081686769,NORMAL,47.5,48.5,53.0,17.66865,80.87403,GDBDCL_2026-07-02T04:00:00+0000_45.8363
GDBDCL,Godavari at Bhadrachalam,Godavari,2026-07-02 05:00:00+00:00,45.73897166389708,NORMAL,47.5,48.5,53.0,17.66865,80.87403,GDBDCL_2026-07-02T05:00:00+0000_45.7390
GDBDCL,Godavari at Bhadrachalam,Godavari,2026-07-02 06:00:00+00:00,45.741751003256375,NORMAL,47.5,48.5,53.0,17.66865,80.87403,GDBDCL_2026-07-02T06:00:00+0000_45.7418
GDBDCL,Godavari at Bhadrachalam,Godavari,2026-07-02 07:00:00+00:00,45.714132513125456,NORMAL,47.5,48.5,53.0,17.66865,80.87403,GDBDCL_2026-07-02T07:00:00+0000_45.7141
GDBDCL,Godavari at Bhadrachalam,Godavari,2026-07-02 08:00:00+00:00,45.64149694125658,NORMAL,47.5,48.5,53.0,17.66865,80.87403,GDBDCL_2026-07-02T08:00:00+0000_45.6415
GDBDCL,Godavari at Bhadrachalam,Godavari,2026-07-02 09:00:00+00:00,45.63498111682433,NORMAL,47.5,48.5,53.0,17.66865,80.87403,GDBDCL_2026-07-02T09:00:00+0000_45.6350
GDBDCL,Godavari at Bhadrachalam,Godavari,2026-07-02 10:00:00+00:00,45.58583048654905,NORMAL,47.5,48.5,53.0,17.66865,80.87403,GDBDCL_2026-07-02T10:00:00+0000_45.5858
GDBDCL,Godavari at Bhadrachalam,Godavari,2026-07-02 11:00:00+00:00,45.62530280211973,NORMAL,47.5,48.5,53.0,17.66865,80.87403,GDBDCL_2026-07-02T11:00:00+0000_45.6253
GDBDCL,Godavari at Bhadrachalam,Godavari,2026-07-02 12:00:00+00:00,45.57940717262145,NORMAL,47.5,48.5,53.0,17.66865,80.87403,GDBDCL_2026-07-02T12:00:00+0000_45.5794
GDBDCL,Godavari at Bhadrachalam,Godavari,2026-07-02 13:00:00+00:00,45.551969826929295,NORMAL,47.5,48.5,53.0,17.66865,80.87403,GDBDCL_2026-07-02T13:00:00+0000_45.5520
GDBDCL,Godavari at Bhadrachalam,Godavari,2026-07-02 14:00:00+00:00,45.53311496052492,NORMAL,47.5,48.5,53.0,17.66865,80.87403,GDBDCL_2026-07-02T14:00:00+0000_45.5331
GDBDCL,Godavari at Bhadrachalam,Godavari,2026-07-02 15:00:00+00:00,45.54368994435045,NORMAL,47.5,48.5,53.0,17.66865,80.87403,GDBDCL_2026-07-02T15:00:00+0000_45.5437
GDBDCL,Godavari at Bhadrachalam,Godavari,2026-07-02 16:00:00+00:00,45.59652290607645,NORMAL,47.5,48.5,53.0,17.66865,80.87403,GDBDCL_2026-07-02T16:00:00+0000_45.5965
GDBDCL,Godavari at Bhadrachalam,Godavari,2026-07-02 17:00:00+00:00,45.5764279120188,NORMAL,47.5,48.5,53.0,17.66865,80.87403,GDBDCL_2026-07-02T17:00:00+0000_45.5764
GDBDCL,Godavari at Bhadrachalam,Godavari,2026-07-02 18:00:00+00:00,45.66133502028105,NORMAL,47.5,48.5,53.0,17.66865,80.87403,GDBDCL_2026-07-02T18:00:00+0000_45.6613
GDBDCL,Godavari at Bhadrachalam,Godavari,2026-07-02 19:00:00+00:00,45.70388820837445,NORMAL,47.5,48.5,53.0,17.66865,80.87403,GDBDCL_2026-07-02T19:00:00+0000_45.7039
GDBDCL,Godavari at Bhadrachalam,Godavari,2026-07-02 20:00:00+00:00,45.730024381169336,NORMAL,47.5,48.5,53.0,17.66865,80.87403,GDBDCL_2026-07-02T20:00:00+0000_45.7300
GDBDCL,Godavari at Bhadrachalam,Godavari,2026-07-02 21:00:00+00:00,45.74080419727949,NORMAL,47.5,48.5,53.0,17.66865,80.87403,GDBDCL_2026-07-02T21:00:00+0000_45.7408
GDBDCL,Godavari at Bhadrachalam,Godavari,2026-07-02 22:00:00+00:00,45.75534502224031,NORMAL,47.5,48.5,53.0,17.66865,80.87403,GDBDCL_2026-07-02T22:00:00+0000_45.7553
GDBDCL,Godavari at Bhadrachalam,Godavari,2026-07-02 23:00:00+00:00,45.80993624999,NORMAL,47.5,48.5,53.0,17.66865,80.87403,GDBDCL_2026-07-02T23:00:00+0000_45.8099
GDBDCL,Godavari at Bhadrachalam,Godavari,2026-07-03 00:00:00+00:00,45.828041920202665,NORMAL,47.5,48.5,53.0,17.66865,80.87403,GDBDCL_2026-07-03T00:00:00+0000_45.8280
GDBDCL,Godavari at Bhadrachalam,Godavari,2026-07-03 01:00:00+00:00,45.81677769752381,NORMAL,47.5,48.5,53.0,17.66865,80.87403,GDBDCL_2026-07-03T01:00:00+0000_45.8168
GDBDCL,Godavari at Bhadrachalam,Godavari,2026-07-03 02:00:00+00:00,45.85306329916385,NORMAL,47.5,48.5,53.0,17.66865,80.87403,GDBDCL_2026-07-03T02:00:00+0000_45.8531
GDBDCL,Godavari at Bhadrachalam,Godavari,2026-07-03 03:00:00+00:00,45.7865865650921,NORMAL,47.5,48.5,53.0,17.66865,80.87403,GDBDCL_2026-07-03T03:00:00+0000_45.7866
GDBDCL,Godavari at Bhadrachalam,Godavari,2026-07-03 04:00:00+00:00,45.76780943334808,NORMAL,47.5,48.5,53.0,17.66865,80.87403,GDBDCL_2026-07-03T04:00:00+0000_45.7678
GDBDCL,Godavari at Bhadrachalam,Godavari,2026-07-03 05:00:00+00:00,45.81551114171869,NORMAL,47.5,48.5,53.0,17.66865,80.87403,GDBDCL_2026-07-03T05:00:00+0000_45.8155
GDBDCL,Godavari at Bhadrachalam,Godavari,2026-07-03 06:00:00+00:00,45.78739075527035,NORMAL,47.5,48.5,53.0,17.66865,80.87403,GDBDCL_2026-07-03T06:00:00+0000_45.7874
GDBDCL,Godavari at Bhadrachalam,Godavari,2026-07-03 07:00:00+00:00,45.73977950406842,NORMAL,47.5,48.5,53.0,17.66865,80.87403,GDBDCL_2026-07-03T07:00:00+0000_45.7398
GDBDCL,Godavari at Bhadrachalam,Godavari,2026-07-03 08:00:00+00:00,45.68532594741204,NORMAL,47.5,48.5,53.0,17.66865,80.87403,GDBDCL_2026-07-03T08:00:00+0000_45.6853
GDBDCL,Godavari at Bhadrachalam,Godavari,2026-07-03 09:00:00+00:00,45.616187828028735,NORMAL,47.5,48.5,53.0,17.66865,80.87403,GDBDCL_2026-07-03T09:00:00+0000_45.6162
GDBDCL,Godavari at Bhadrachalam,Godavari,2026-07-03 10:00:00+00:00,45.62989766956895,NORMAL,47.5,48.5,53.0,17.66865,80.87403,GDBDCL_2026-07-03T10:00:00+0000_45.6299
GDBDCL,Godavari at Bhadrachalam,Godavari,2026-07-03 11:00:00+00:00,45.581750265437066,NORMAL,47.5,48.5,53.0,17.66865,80.87403,GDBDCL_2026-07-03T11:00:00+0000_45.5818
GDBDCL,Godavari at Bhadrachalam,Godavari,2026-07-03 12:00:00+00:00,45.534116149519136,NORMAL,47.5,48.5,53.0,17.66865,80.87403,GDBDCL_2026-07-03T12:00:00+0000_45.5341
GDBDCL,Godavari at Bhadrachalam,Godavari,2026-07-03 13:00:00+00:00,45.53398717509298,NORMAL,47.5,48.5,53.0,17.66865,80.87403,GDBDCL_2026-07-03T13:00:00+0000_45.5340
GDBDCL,Godavari at Bhadrachalam,Godavari,2026-07-03 14:00:00+00:00,45.57948831967941,NORMAL,47.5,48.5,53.0,17.66865,80.87403,GDBDCL_2026-07-03T14:00:00+0000_45.5795
GDBDCL,Godavari at Bhadrachalam,Godavari,2026-07-03 15:00:00+00:00,45.52087508571476,NORMAL,47.5,48.5,53.0,17.66865,80.87403,GDBDCL_2026-07-03T15:00:00+0000_45.5209
GDBDCL,Godavari at Bhadrachalam,Godavari,2026-07-03 16:00:00+00:00,45.55715095125472,NORMAL,47.5,48.5,53.0,17.66865,80.87403,GDBDCL_2026-07-03T16:00:00+0000_45.5572
GDBDCL,Godavari at Bhadrachalam,Godavari,2026-07-03 17:00:00+00:00,45.58569108893509,NORMAL,47.5,48.5,53.0,17.66865,80.87403,GDBDCL_2026-07-03T17:00:00+0000_45.5857
GDBDCL,Godavari at Bhadrachalam,Godavari,2026-07-03 18:00:00+00:00,45.66219739927746,NORMAL,47.5,48.5,53.0,17.66865,80.87403,GDBDCL_2026-07-03T18:00:00+0000_45.6622
GDBDCL,Godavari at Bhadrachalam,Godavari,2026-07-03 19:00:00+00:00,45.6328777047659,NORMAL,47.5,48.5,53.0,17.66865,80.87403,GDBDCL_2026-07-03T19:00:00+0000_45.6329
GDBDCL,Godavari at Bhadrachalam,Godavari,2026-07-03 20:00:00+00:00,45.74084279522432,NORMAL,47.5,48.5,53.0,17.66865,80.87403,GDBDCL_2026-07-03T20:00:00+0000_45.7408
GDBDCL,Godavari at Bhadrachalam,Godavari,2026-07-03 21:00:00+00:00,45.700800520346185,NORMAL,47.5,48.5,53.0,17.66865,80.87403,GDBDCL_2026-07-03T21:00:00+0000_45.7008
GDBDCL,Godavari at Bhadrachalam,Godavari,2026-07-03 22:00:00+00:00,45.76213278949047,NORMAL,47.5,48.5,53.0,17.66865,80.87403,GDBDCL_2026-07-03T22:00:00+0000_45.7621
GDBDCL,Godavari at Bhadrachalam,Godavari,2026-07-03 23:00:00+00:00,45.83193793096665,NORMAL,47.5,48.5,53.0,17.66865,80.87403,GDBDCL_2026-07-03T23:00:00+0000_45.8319
GDBDCL,Godavari at Bhadrachalam,Godavari,2026-07-04 00:00:00+00:00,45.83910402201564,NORMAL,47.5,48.5,53.0,17.66865,80.87403,GDBDCL_2026-07-04T00:00:00+0000_45.8391
GDBDCL,Godavari at Bhadrachalam,Godavari,2026-07-04 01:00:00+00:00,45.79580977268344,NORMAL,47.5,48.5,53.0,17.66865,80.87403,GDBDCL_2026-07-04T01:00:00+0000_45.7958
GDBDCL,Godavari at Bhadrachalam,Godavari,2026-07-04 02:00:00+00:00,45.84679668083253,NORMAL,47.5,48.5,53.0,17.66865,80.87403,GDBDCL_2026-07-04T02:00:00+0000_45.8468
GDBDCL,Godavari at Bhadrachalam,Godavari,2026-07-04 03:00:00+00:00,45.86549506839583,NORMAL,47.5,48.5,53.0,17.66865,80.87403,GDBDCL_2026-07-04T03:00:00+0000_45.8655
GDBDCL,Godavari at Bhadrachalam,Godavari,2026-07-04 04:00:00+00:00,45.83770519505583,NORMAL,47.5,48.5,53.0,17.66865,80.87403,GDBDCL_2026-07-04T04:00:00+0000_45.8377
GDBDCL,Godavari at Bhadrachalam,Godavari,2026-07-04 05:00:00+00:00,45.791072650664894,NORMAL,47.5,48.5,53.0,17.66865,80.87403,GDBDCL_2026-07-04T05:00:00+0000_45.7911
GDBDCL,Godavari at Bhadrachalam,Godavari,2026-07-04 06:00:00+00:00,45.733356603796295,NORMAL,47.5,48.5,53.0,17.66865,80.87403,GDBDCL_2026-07-04T06:00:00+0000_45.7334
GDBDCL,Godavari at Bhadrachalam,Godavari,2026-07-04 07:00:00+00:00,45.719101145475335,NORMAL,47.5,48.5,53.0,17.66865,80.87403,GDBDCL_2026-07-04T07:00:00+0000_45.7191
GDBDCL,Godavari at Bhadrachalam,Godavari,2026-07-04 08:00:00+00:00,45.71424661722822,NORMAL,47.5,48.5,53.0,17.66865,80.87403,GDBDCL_2026-07-04T08:00:00+0000_45.7142
GDBDCL,Godavari at Bhadrachalam,Godavari,2026-07-04 09:00:00+00:00,45.63149317406192,NORMAL,47.5,48.5,53.0,17.66865,80.87403,GDBDCL_2026-07-04T09:00:00+0000_45.6315
GDBDCL,Godavari at Bhadrachalam,Godavari,2026-07-04 10:00:00+00:00,45.6186026758368,NORMAL,47.5,48.5,53.0,17.66865,80.87403,GDBDCL_2026-07-04T10:00:00+0000_45.6186
GDBDCL,Godavari at Bhadrachalam,Godavari,2026-07-04 11:00:00+00:00,45.61764607428504,NORMAL,47.5,48.5,53.0,17.66865,80.87403,GDBDCL_2026-07-04T11:00:00+0000_45.6176
GDBDCL,Godavari at Bhadrachalam,Godavari,2026-07-04 12:00:00+00:00,45.58872040669629,NORMAL,47.5,48.5,53.0,17.66865,80.87403,GDBDCL_2026-07-04T12:00:00+0000_45.5887
GDBDCL,Godavari at Bhadrachalam,Godavari,2026-07-04 13:00:00+00:00,45.56176519084585,NORMAL,47.5,48.5,53.0,17.66865,80.87403,GDBDCL_2026-07-04T13:00:00+0000_45.5618
GDBDCL,Godavari at Bhadrachalam,Godavari,2026-07-04 14:00:00+00:00,45.548435355970014,NORMAL,47.5,48.5,53.0,17.66865,80.87403,GDBDCL_2026-07-04T14:00:00+0000_45.5484
GDBDCL,Godavari at Bhadrachalam,Godavari,2026-07-04 15:00:00+00:00,45.54855205777931,NORMAL,47.5,48.5,53.0,17.66865,80.87403,GDBDCL_2026-07-04T15:00:00+0000_45.5486
GDBDCL,Godavari at Bhadrachalam,Godavari,2026-07-04 16:00:00+00:00,45.60120351041616,NORMAL,47.5,48.5,53.0,17.66865,80.87403,GDBDCL_2026-07-04T16:00:00+0000_45.6012
GDBDCL,Godavari at Bhadrachalam,Godavari,2026-07-04 17:00:00+00:00,45.65171895718995,NORMAL,47.5,48.5,53.0,17.66865,80.87403,GDBDCL_2026-07-04T17:00:00+0000_45.6517
GDBDCL,Godavari at Bhadrachalam,Godavari,2026-07-04 18:00:00+00:00,45.62469195820148,NORMAL,47.5,48.5,53.0,17.66865,80.87403,GDBDCL_2026-07-04T18:00:00+0000_45.6247
GDBDCL,Godavari at Bhadrachalam,Godavari,2026-07-04 19:00:00+00:00,45.67967837275132,NORMAL,47.5,48.5,53.0,17.66865,80.87403,GDBDCL_2026-07-04T19:00:00+0000_45.6797
GDBDCL,Godavari at Bhadrachalam,Godavari,2026-07-04 20:00:00+00:00,45.66655797015243,NORMAL,47.5,48.5,53.0,17.66865,80.87403,GDBDCL_2026-07-04T20:00:00+0000_45.6666
GDBDCL,Godavari at Bhadrachalam,Godavari,2026-07-04 21:00:00+00:00,45.71186896511952,NORMAL,47.5,48.5,53.0,17.66865,80.87403,GDBDCL_2026-07-04T21:00:00+0000_45.7119
GDBDCL,Godavari at Bhadrachalam,Godavari,2026-07-04 22:00:00+00:00,45.80091625237696,NORMAL,47.5,48.5,53.0,17.66865,80.87403,GDBDCL_2026-07-04T22:00:00+0000_45.8009
GDBDCL,Godavari at Bhadrachalam,Godavari,2026-07-04 23:00:00+00:00,45.75871383392185,NORMAL,47.5,48.5,53.0,17.66865,80.87403,GDBDCL_2026-07-04T23:00:00+0000_45.7587
GDBDCL,Godavari at Bhadrachalam,Godavari,2026-07-05 00:00:00+00:00,45.8270038827268,NORMAL,47.5,48.5,53.0,17.66865,80.87403,GDBDCL_2026-07-05T00:00:00+0000_45.8270
GDBDCL,Godavari at Bhadrachalam,Godavari,2026-07-05 01:00:00+00:00,45.8674747384036,NORMAL,47.5,48.5,53.0,17.66865,80.87403,GDBDCL_2026-07-05T01:00:00+0000_45.8675
GDBDCL,Godavari at Bhadrachalam,Godavari,2026-07-05 02:00:00+00:00,45.82086381778304,NORMAL,47.5,48.5,53.0,17.66865,80.87403,GDBDCL_2026-07-05T02:00:00+0000_45.8209
GDBDCL,Godavari at Bhadrachalam,Godavari,2026-07-05 03:00:00+00:00,45.79087214076291,NORMAL,47.5,48.5,53.0,17.66865,80.87403,GDBDCL_2026-07-05T03:00:00+0000_45.7909
GDBDCL,Godavari at Bhadrachalam,Godavari,2026-07-05 04:00:00+00:00,45.80210683400741,NORMAL,47.5,48.5,53.0,17.66865,80.87403,GDBDCL_2026-07-05T04:00:00+0000_45.8021
GDBDCL,Godavari at Bhadrachalam,Godavari,2026-07-05 05:00:00+00:00,45.763097166053726,NORMAL,47.5,48.5,53.0,17.66865,80.87403,GDBDCL_2026-07-05T05:00:00+0000_45.7631
GDBDCL,Godavari at Bhadrachalam,Godavari,2026-07-05 06:00:00+00:00,45.739345040817405,NORMAL,47.5,48.5,53.0,17.66865,80.87403,GDBDCL_2026-07-05T06:00:00+0000_45.7393
GDBDCL,Godavari at Bhadrachalam,Godavari,2026-07-05 07:00:00+00:00,45.71865671626484,NORMAL,47.5,48.5,53.0,17.66865,80.87403,GDBDCL_2026-07-05T07:00:00+0000_45.7187
GDBDCL,Godavari at Bhadrachalam,Godavari,2026-07-05 08:00:00+00:00,45.66790004958845,NORMAL,47.5,48.5,53.0,17.66865,80.87403,GDBDCL_2026-07-05T08:00:00+0000_45.6679
GDBDCL,Godavari at Bhadrachalam,Godavari,2026-07-05 09:00:00+00:00,45.65600885405289,NORMAL,47.5,48.5,53.0,17.66865,80.87403,GDBDCL_2026-07-05T09:00:00+0000_45.6560
GDBDCL,Godavari at Bhadrachalam,Godavari,2026-07-05 10:00:00+00:00,45.56325411234566,NORMAL,47.5,48.5,53.0,17.66865,80.87403,GDBDCL_2026-07-05T10:00:00+0000_45.5633
GDBDCL,Godavari at Bhadrachalam,Godavari,2026-07-05 11:00:00+00:00,45.564191942374734,NORMAL,47.5,48.5,53.0,17.66865,80.87403,GDBDCL_2026-07-05T11:00:00+0000_45.5642
GDBDCL,Godavari at Bhadrachalam,Godavari,2026-07-05 12:00:00+00:00,45.56131335159074,NORMAL,47.5,48.5,53.0,17.66865,80.87403,GDBDCL_2026-07-05T12:00:00+0000_45.5613
GDBDCL,Godavari at Bhadrachalam,Godavari,2026-07-05 13:00:00+00:00,45.553790486863576,NORMAL,47.5,48.5,53.0,17.66865,80.87403,GDBDCL_2026-07-05T13:00:00+0000_45.5538
GDBDCL,Godavari at Bhadrachalam,Godavari,2026-07-05 14:00:00+00:00,45.57940801334606,NORMAL,47.5,48.5,53.0,17.66865,80.87403,GDBDCL_2026-07-05T14:00:00+0000_45.5794
GDBDCL,Godavari at Bhadrachalam,Godavari,2026-07-05 15:00:00+00:00,45.60460290613227,NORMAL,47.5,48.5,53.0,17.66865,80.87403,GDBDCL_2026-07-05T15:00:00+0000_45.6046
GDBDCL,Godavari at Bhadrachalam,Godavari,2026-07-05 16:00:00+00:00,45.62505482997433,NORMAL,47.5,48.5,53.0,17.66865,80.87403,GDBDCL_2026-07-05T16:00:00+0000_45.6251
GDBDCL,Godavari at Bhadrachalam,Godavari,2026-07-05 17:00:00+00:00,45.6364532489113,NORMAL,47.5,48.5,53.0,17.66865,80.87403,GDBDCL_2026-07-05T17:00:00+0000_45.6365
GDBDCL,Godavari at Bhadrachalam,Godavari,2026-07-05 18:00:00+00:00,45.61198272069228,NORMAL,47.5,48.5,53.0,17.66865,80.87403,GDBDCL_2026-07-05T18:00:00+0000_45.6120
GDBDCL,Godavari at Bhadrachalam,Godavari,2026-07-05 19:00:00+00:00,45.65714621503443,NORMAL,47.5,48.5,53.0,17.66865,80.87403,GDBDCL_2026-07-05T19:00:00+0000_45.6571
GDBDCL,Godavari at Bhadrachalam,Godavari,2026-07-05 20:00:00+00:00,45.74297843641598,NORMAL,47.5,48.5,53.0,17.66865,80.87403,GDBDCL_2026-07-05T20:00:00+0000_45.7430
GDBDCL,Godavari at Bhadrachalam,Godavari,2026-07-05 21:00:00+00:00,45.77362759208199,NORMAL,47.5,48.5,53.0,17.66865,80.87403,GDBDCL_2026-07-05T21:00:00+0000_45.7736
GDBDCL,Godavari at Bhadrachalam,Godavari,2026-07-05 22:00:00+00:00,45.794161683947,NORMAL,47.5,48.5,53.0,17.66865,80.87403,GDBDCL_2026-07-05T22:00:00+0000_45.7942
GDBDCL,Godavari at Bhadrachalam,Godavari,2026-07-05 23:00:00+00:00,45.76071964672883,NORMAL,47.5,48.5,53.0,17.66865,80.87403,GDBDCL_2026-07-05T23:00:00+0000_45.7607
GDBDCL,Godavari at Bhadrachalam,Godavari,2026-07-06 00:00:00+00:00,45.807066838585015,NORMAL,47.5,48.5,53.0,17.66865,80.87403,GDBDCL_2026-07-06T00:00:00+0000_45.8071
GDBDCL,Godavari at Bhadrachalam,Godavari,2026-07-06 01:00:00+00:00,45.80058290715773,NORMAL,47.5,48.5,53.0,17.66865,80.87403,GDBDCL_2026-07-06T01:00:00+0000_45.8006
GDBDCL,Godavari at Bhadrachalam,Godavari,2026-07-06 02:00:00+00:00,45.79500546128716,NORMAL,47.5,48.5,53.0,17.66865,80.87403,GDBDCL_2026-07-06T02:00:00+0000_45.7950
GDBDCL,Godavari at Bhadrachalam,Godavari,2026-07-06 03:00:00+00:00,45.83938238901795,NORMAL,47.5,48.5,53.0,17.66865,80.87403,GDBDCL_2026-07-06T03:00:00+0000_45.8394
GDBDCL,Godavari at Bhadrachalam,Godavari,2026-07-06 04:00:00+00:00,45.79121682548652,NORMAL,47.5,48.5,53.0,17.66865,80.87403,GDBDCL_2026-07-06T04:00:00+0000_45.7912
GDBDCL,Godavari at Bhadrachalam,Godavari,2026-07-06 05:00:00+00:00,45.75483498993957,NORMAL,47.5,48.5,53.0,17.66865,80.87403,GDBDCL_2026-07-06T05:00:00+0000_45.7548
GDBDCL,Godavari at Bhadrachalam,Godavari,2026-07-06 06:00:00+00:00,45.7205767351685,NORMAL,47.5,48.5,53.0,17.66865,80.87403,GDBDCL_2026-07-06T06:00:00+0000_45.7206
GDBDCL,Godavari at Bhadrachalam,Godavari,2026-07-06 07:00:00+00:00,45.692924923259085,NORMAL,47.5,48.5,53.0,17.66865,80.87403,GDBDCL_2026-07-06T07:00:00+0000_45.6929
GDBDCL,Godavari at Bhadrachalam,Godavari,2026-07-06 08:00:00+00:00,45.64019068066132,NORMAL,47.5,48.5,53.0,17.66865,80.87403,GDBDCL_2026-07-06T08:00:00+0000_45.6402
GDBDCL,Godavari at Bhadrachalam,Godavari,2026-07-06 09:00:00+00:00,45.65945466312573,NORMAL,47.5,48.5,53.0,17.66865,80.87403,GDBDCL_2026-07-06T09:00:00+0000_45.6595
GDBDCL,Godavari at Bhadrachalam,Godavari,2026-07-06 10:00:00+00:00,45.56381924211706,NORMAL,47.5,48.5,53.0,17.66865,80.87403,GDBDCL_2026-07-06T10:00:00+0000_45.5638
GDBDCL,Godavari at Bhadrachalam,Godavari,2026-07-06 11:00:00+00:00,45.578104074957686,NORMAL,47.5,48.5,53.0,17.66865,80.87403,GDBDCL_2026-07-06T11:00:00+0000_45.5781
GDBDCL,Godavari at Bhadrachalam,Godavari,2026-07-06 12:00:00+00:00,45.51978750726322,NORMAL,47.5,48.5,53.0,17.66865,80.87403,GDBDCL_2026-07-06T12:00:00+0000_45.5198
GDBDCL,Godavari at Bhadrachalam,Godavari,2026-07-06 13:00:00+00:00,,,47.5,48.5,53.0,17.66865,80.87403,GDBDCL_2026-07-06T13:00:00+0000_
GDBDCL,Godavari at Bhadrachalam,Godavari,2026-07-06 14:00:00+00:00,45.55572950406543,NORMAL,47.5,48.5,53.0,17.66865,80.87403,GDBDCL_2026-07-06T14:00:00+0000_45.5557
GDBDCL,Godavari at Bhadrachalam,Godavari,2026-07-06 15:00:00+00:00,48.564727885729255,DANGER,47.5,48.5,53.0,17.66865,80.87403,GDBDCL_2026-07-06T15:00:00+0000_48.5647
GDBDCL,Godavari at Bhadrachalam,Godavari,2026-07-06 16:00:00+00:00,48.219794919481394,WARNING,47.5,48.5,53.0,17.66865,80.87403,GDBDCL_2026-07-06T16:00:00+0000_48.2198
GDBDCL,Godavari at Bhadrachalam,Godavari,2026-07-06 17:00:00+00:00,48.01573992764875,WARNING,47.5,48.5,53.0,17.66865,80.87403,GDBDCL_2026-07-06T17:00:00+0000_48.0157
GDBDCL,Godavari at Bhadrachalam,Godavari,2026-07-06 18:00:00+00:00,47.79817351813544,WARNING,47.5,48.5,53.0,17.66865,80.87403,GDBDCL_2026-07-06T18:00:00+0000_47.7982
GDBDCL,Godavari at Bhadrachalam,Godavari,2026-07-06 19:00:00+00:00,45.68860486475219,NORMAL,47.5,48.5,53.0,17.66865,80.87403,GDBDCL_2026-07-06T19:00:00+0000_45.6886
GDBDCL,Godavari at Bhadrachalam,Godavari,2026-07-06 20:00:00+00:00,45.68251649480936,NORMAL,47.5,48.5,53.0,17.66865,80.87403,GDBDCL_2026-07-06T20:00:00+0000_45.6825
GDBDCL,Godavari at Bhadrachalam,Godavari,2026-07-06 21:00:00+00:00,45.75902120456101,NORMAL,47.5,48.5,53.0,17.66865,80.87403,GDBDCL_2026-07-06T21:00:00+0000_45.7590
GDBDCL,Godavari at Bhadrachalam,Godavari,2026-07-06 22:00:00+00:00,45.80153123872729,NORMAL,47.5,48.5,53.0,17.66865,80.87403,GDBDCL_2026-07-06T22:00:00+0000_45.8015
GDBDCL,Godavari at Bhadrachalam,Godavari,2026-07-06 23:00:00+00:00,45.7903662973795,NORMAL,47.5,48.5,53.0,17.66865,80.87403,GDBDCL_2026-07-06T23:00:00+0000_45.7904
GDBDCL,Godavari at Bhadrachalam,Godavari,2026-07-07 00:00:00+00:00,45.80181884707131,NORMAL,47.5,48.5,53.0,17.66865,80.87403,GDBDCL_2026-07-07T00:00:00+0000_45.8018
GDBDCL,Godavari at Bhadrachalam,Godavari,2026-07-07 01:00:00+00:00,45.785812263255785,NORMAL,47.5,48.5,53.0,17.66865,80.87403,GDBDCL_2026-07-07T01:00:00+0000_45.7858
GDBDCL,Godavari at Bhadrachalam,Godavari,2026-07-07 02:00:00+00:00,,,47.5,48.5,53.0,17.66865,80.87403,GDBDCL_2026-07-07T02:00:00+0000_
GDBDCL,Godavari at Bhadrachalam,Godavari,2026-07-07 03:00:00+00:00,45.80816135577247,NORMAL,47.5,48.5,53.0,17.66865,80.87403,GDBDCL_2026-07-07T03:00:00+0000_45.8082
GDBDCL,Godavari at Bhadrachalam,Godavari,2026-07-07 04:00:00+00:00,45.81622136368088,NORMAL,47.5,48.5,53.0,17.66865,80.87403,GDBDCL_2026-07-07T04:00:00+0000_45.8162
GDBDCL,Godavari at Bhadrachalam,Godavari,2026-07-07 05:00:00+00:00,45.74023139987961,NORMAL,47.5,48.5,53.0,17.66865,80.87403,GDBDCL_2026-07-07T05:00:00+0000_45.7402
GDBDCL,Godavari at Bhadrachalam,Godavari,2026-07-07 06:00:00+00:00,45.7737611614543,NORMAL,47.5,48.5,53.0,17.66865,80.87403,GDBDCL_2026-07-07T06:00:00+0000_45.7738
GDBDCL,Godavari at Bhadrachalam,Godavari,2026-07-07 07:00:00+00:00,45.679911570955575,NORMAL,47.5,48.5,53.0,17.66865,80.87403,GDBDCL_2026-07-07T07:00:00+0000_45.6799
GDBDCL,Godavari at Bhadrachalam,Godavari,2026-07-07 08:00:00+00:00,45.66985357944348,NORMAL,47.5,48.5,53.0,17.66865,80.87403,GDBDCL_2026-07-07T08:00:00+0000_45.6699
GDBDCL,Godavari at Bhadrachalam,Godavari,2026-07-07 09:00:00+00:00,45.64975754776216,NORMAL,47.5,48.5,53.0,17.66865,80.87403,GDBDCL_2026-07-07T09:00:00+0000_45.6498
GDBDCL,Godavari at Bhadrachalam,Godavari,2026-07-07 10:00:00+00:00,45.58699051493195,NORMAL,47.5,48.5,53.0,17.66865,80.87403,GDBDCL_2026-07-07T10:00:00+0000_45.5870
GDBDCL,Godavari at Bhadrachalam,Godavari,2026-07-07 11:00:00+00:00,45.56690790290042,NORMAL,47.5,48.5,53.0,17.66865,80.87403,GDBDCL_2026-07-07T11:00:00+0000_45.5669
GDBDCL,Godavari at Bhadrachalam,Godavari,2026-07-07 12:00:00+00:00,45.594562461868286,NORMAL,47.5,48.5,53.0,17.66865,80.87403,GDBDCL_2026-07-07T12:00:00+0000_45.5946
GDBDCL,Godavari at Bhadrachalam,Godavari,2026-07-07 13:00:00+00:00,45.55915327197096,NORMAL,47.5,48.5,53.0,17.66865,80.87403,GDBDCL_2026-07-07T13:00:00+0000_45.5592
GDBDCL,Godavari at Bhadrachalam,Godavari,2026-07-07 14:00:00+00:00,45.55160188742876,NORMAL,47.5,48.5,53.0,17.66865,80.87403,GDBDCL_2026-07-07T14:00:00+0000_45.5516
GDBDCL,Godavari at Bhadrachalam,Godavari,2026-07-07 15:00:00+00:00,45.55571665120386,NORMAL,47.5,48.5,53.0,17.66865,80.87403,GDBDCL_2026-07-07T15:00:00+0000_45.5557
GDBDCL,Godavari at Bhadrachalam,Godavari,2026-07-07 16:00:00+00:00,45.61424981209269,NORMAL,47.5,48.5,53.0,17.66865,80.87403,GDBDCL_2026-07-07T16:00:00+0000_45.6142
GDBDCL,Godavari at Bhadrachalam,Godavari,2026-07-07 17:00:00+00:00,45.61905743173665,NORMAL,47.5,48.5,53.0,17.66865,80.87403,GDBDCL_2026-07-07T17:00:00+0000_45.6191
GDBDCL,Godavari at Bhadrachalam,Godavari,2026-07-07 18:00:00+00:00,45.618949366849066,NORMAL,47.5,48.5,53.0,17.66865,80.87403,GDBDCL_2026-07-07T18:00:00+0000_45.6189
GDBDCL,Godavari at Bhadrachalam,Godavari,2026-07-07 19:00:00+00:00,45.63321777014939,NORMAL,47.5,48.5,53.0,17.66865,80.87403,GDBDCL_2026-07-07T19:00:00+0000_45.6332
GDBDCL,Godavari at Bhadrachalam,Godavari,2026-07-07 20:00:00+00:00,45.73264590061582,NORMAL,47.5,48.5,53.0,17.66865,80.87403,GDBDCL_2026-07-07T20:00:00+0000_45.7326
GDBDCL,Godavari at Bhadrachalam,Godavari,2026-07-07 21:00:00+00:00,45.74009108162974,NORMAL,47.5,48.5,53.0,17.66865,80.87403,GDBDCL_2026-07-07T21:00:00+0000_45.7401
GDBDCL,Godavari at Bhadrachalam,Godavari,2026-07-07 22:00:00+00:00,45.804925511460574,NORMAL,47.5,48.5,53.0,17.66865,80.87403,GDBDCL_2026-07-07T22:00:00+0000_45.8049
GDBDCL,Godavari at Bhadrachalam,Godavari,2026-07-07 23:00:00+00:00,45.780527750013576,NORMAL,47.5,48.5,53.0,17.66865,80.87403,GDBDCL_2026-07-07T23:00:00+0000_45.7805
GDBDCL,Godavari at Bhadrachalam,Godavari,2026-07-08 00:00:00+00:00,45.85262313389904,NORMAL,47.5,48.5,53.0,17.66865,80.87403,GDBDCL_2026-07-08T00:00:00+0000_45.8526
GDBDCL,Godavari at Bhadrachalam,Godavari,2026-07-08 01:00:00+00:00,45.805690078618255,NORMAL,47.5,48.5,53.0,17.66865,80.87403,GDBDCL_2026-07-08T01:00:00+0000_45.8057
GDBDCL,Godavari at Bhadrachalam,Godavari,2026-07-08 02:00:00+00:00,45.78779143786622,NORMAL,47.5,48.5,53.0,17.66865,80.87403,GDBDCL_2026-07-08T02:00:00+0000_45.7878
GDBDCL,Godavari at Bhadrachalam,Godavari,2026-07-08 03:00:00+00:00,45.786550504339424,NORMAL,47.5,48.5,53.0,17.66865,80.87403,GDBDCL_2026-07-08T03:00:00+0000_45.7866
GDBDCL,Godavari at Bhadrachalam,Godavari,2026-07-08 04:00:00+00:00,45.77430529118269,NORMAL,47.5,48.5,53.0,17.66865,80.87403,GDBDCL_2026-07-08T04:00:00+0000_45.7743
GDBDCL,Godavari at Bhadrachalam,Godavari,2026-07-08 05:00:00+00:00,45.81692135239533,NORMAL,47.5,48.5,53.0,17.66865,80.87403,GDBDCL_2026-07-08T05:00:00+0000_45.8169
GDBDCL,Godavari at Bhadrachalam,Godavari,2026-07-08 06:00:00+00:00,45.734856909506746,NORMAL,47.5,48.5,53.0,17.66865,80.87403,GDBDCL_2026-07-08T06:00:00+0000_45.7349
GDBDCL,Godavari at Bhadrachalam,Godavari,2026-07-08 07:00:00+00:00,45.74821693815325,NORMAL,47.5,48.5,53.0,17.66865,80.87403,GDBDCL_2026-07-08T07:00:00+0000_45.7482
GDBDCL,Godavari at Bhadrachalam,Godavari,2026-07-08 08:00:00+00:00,45.629463433808986,NORMAL,47.5,48.5,53.0,17.66865,80.87403,GDBDCL_2026-07-08T08:00:00+0000_45.6295
GDBDCL,Godavari at Bhadrachalam,Godavari,2026-07-08 09:00:00+00:00,45.66256865090843,NORMAL,47.5,48.5,53.0,17.66865,80.87403,GDBDCL_2026-07-08T09:00:00+0000_45.6626
GDBDCL,Godavari at Bhadrachalam,Godavari,2026-07-08 10:00:00+00:00,45.571225194008086,NORMAL,47.5,48.5,53.0,17.66865,80.87403,GDBDCL_2026-07-08T10:00:00+0000_45.5712
GDBDCL,Godavari at Bhadrachalam,Godavari,2026-07-08 11:00:00+00:00,45.61182192269578,NORMAL,47.5,48.5,53.0,17.66865,80.87403,GDBDCL_2026-07-08T11:00:00+0000_45.6118
GDBDCL,Godavari at Bhadrachalam,Godavari,2026-07-08 12:00:00+00:00,45.58080186488024,NORMAL,47.5,48.5,53.0,17.66865,80.87403,GDBDCL_2026-07-08T12:00:00+0000_45.5808
GDBDCL,Godavari at Bhadrachalam,Godavari,2026-07-08 13:00:00+00:00,45.54900123507879,NORMAL,47.5,48.5,53.0,17.66865,80.87403,GDBDCL_2026-07-08T13:00:00+0000_45.5490
GDBDCL,Godavari at Bhadrachalam,Godavari,2026-07-08 14:00:00+00:00,45.59185294340619,NORMAL,47.5,48.5,53.0,17.66865,80.87403,GDBDCL_2026-07-08T14:00:00+0000_45.5919
GDBDCL,Godavari at Bhadrachalam,Godavari,2026-07-08 15:00:00+00:00,45.5834384266638,NORMAL,47.5,48.5,53.0,17.66865,80.87403,GDBDCL_2026-07-08T15:00:00+0000_45.5834
GDBDCL,Godavari at Bhadrachalam,Godavari,2026-07-08 16:00:00+00:00,45.57029316749296,NORMAL,47.5,48.5,53.0,17.66865,80.87403,GDBDCL_2026-07-08T16:00:00+0000_45.5703
GDBDCL,Godavari at Bhadrachalam,Godavari,2026-07-08 17:00:00+00:00,45.62693714797564,NORMAL,47.5,48.5,53.0,17.66865,80.87403,GDBDCL_2026-07-08T17:00:00+0000_45.6269
GDBDCL,Godavari at Bhadrachalam,Godavari,2026-07-08 18:00:00+00:00,45.65332739850104,NORMAL,47.5,48.5,53.0,17.66865,80.87403,GDBDCL_2026-07-08T18:00:00+0000_45.6533
GDBDCL,Godavari at Bhadrachalam,Godavari,2026-07-08 19:00:00+00:00,45.687368338523925,NORMAL,47.5,48.5,53.0,17.66865,80.87403,GDBDCL_2026-07-08T19:00:00+0000_45.6874
GDBDCL,Godavari at Bhadrachalam,Godavari,2026-07-08 20:00:00+00:00,45.68290738521768,NORMAL,47.5,48.5,53.0,17.66865,80.87403,GDBDCL_2026-07-08T20:00:00+0000_45.6829
GDBDCL,Godavari at Bhadrachalam,Godavari,2026-07-08 21:00:00+00:00,45.7715551090028,NORMAL,47.5,48.5,53.0,17.66865,80.87403,GDBDCL_2026-07-08T21:00:00+0000_45.7716
GDBDCL,Godavari at Bhadrachalam,Godavari,2026-07-08 22:00:00+00:00,45.78704285745117,NORMAL,47.5,48.5,53.0,17.66865,80.87403,GDBDCL_2026-07-08T22:00:00+0000_45.7870
GDBDCL,Godavari at Bhadrachalam,Godavari,2026-07-08 23:00:00+00:00,45.75742865273613,NORMAL,47.5,48.5,53.0,17.66865,80.87403,GDBDCL_2026-07-08T23:00:00+0000_45.7574
GDBDCL,Godavari at Bhadrachalam,Godavari,2026-07-09 00:00:00+00:00,45.81599463110383,NORMAL,47.5,48.5,53.0,17.66865,80.87403,GDBDCL_2026-07-09T00:00:00+0000_45.8160
GDBDCL,Godavari at Bhadrachalam,Godavari,2026-07-09 01:00:00+00:00,45.84073679082452,NORMAL,47.5,48.5,53.0,17.66865,80.87403,GDBDCL_2026-07-09T01:00:00+0000_45.8407
GDBDCL,Godavari at Bhadrachalam,Godavari,2026-07-09 02:00:00+00:00,45.84943511826975,NORMAL,47.5,48.5,53.0,17.66865,80.87403,GDBDCL_2026-07-09T02:00:00+0000_45.8494
GDBDCL,Godavari at Bhadrachalam,Godavari,2026-07-09 03:00:00+00:00,45.855278807700266,NORMAL,47.5,48.5,53.0,17.66865,80.87403,GDBDCL_2026-07-09T03:00:00+0000_45.8553
GDBDCL,Godavari at Bhadrachalam,Godavari,2026-07-09 04:00:00+00:00,45.76029401103972,NORMAL,47.5,48.5,53.0,17.66865,80.87403,GDBDCL_2026-07-09T04:00:00+0000_45.7603
GDBDCL,Godavari at Bhadrachalam,Godavari,2026-07-09 05:00:00+00:00,45.76399760897746,NORMAL,47.5,48.5,53.0,17.66865,80.87403,GDBDCL_2026-07-09T05:00:00+0000_45.7640
GDBDCL,Godavari at Bhadrachalam,Godavari,2026-07-09 06:00:00+00:00,45.717768354498325,NORMAL,47.5,48.5,53.0,17.66865,80.87403,GDBDCL_2026-07-09T06:00:00+0000_45.7178
GDBDCL,Godavari at Bhadrachalam,Godavari,2026-07-09 07:00:00+00:00,45.66341341236058,NORMAL,47.5,48.5,53.0,17.66865,80.87403,GDBDCL_2026-07-09T07:00:00+0000_45.6634
GDBDCL,Godavari at Bhadrachalam,Godavari,2026-07-09 08:00:00+00:00,45.65122466833583,NORMAL,47.5,48.5,53.0,17.66865,80.87403,GDBDCL_2026-07-09T08:00:00+0000_45.6512
GDBDCL,Godavari at Bhadrachalam,Godavari,2026-07-09 09:00:00+00:00,45.63636076492129,NORMAL,47.5,48.5,53.0,17.66865,80.87403,GDBDCL_2026-07-09T09:00:00+0000_45.6364
GDBDCL,Godavari at Bhadrachalam,Godavari,2026-07-09 10:00:00+00:00,45.63482132493481,NORMAL,47.5,48.5,53.0,17.66865,80.87403,GDBDCL_2026-07-09T10:00:00+0000_45.6348
GDBDCL,Godavari at Bhadrachalam,Godavari,2026-07-09 11:00:00+00:00,45.62248979542582,NORMAL,47.5,48.5,53.0,17.66865,80.87403,GDBDCL_2026-07-09T11:00:00+0000_45.6225
GDBDCL,Godavari at Bhadrachalam,Godavari,2026-07-09 12:00:00+00:00,45.57742735753746,NORMAL,47.5,48.5,53.0,17.66865,80.87403,GDBDCL_2026-07-09T12:00:00+0000_45.5774
GDBDCL,Godavari at Bhadrachalam,Godavari,2026-07-09 13:00:00+00:00,45.56503780145085,NORMAL,47.5,48.5,53.0,17.66865,80.87403,GDBDCL_2026-07-09T13:00:00+0000_45.5650
GDBDCL,Godavari at Bhadrachalam,Godavari,2026-07-09 14:00:00+00:00,45.54259625821166,NORMAL,47.5,48.5,53.0,17.66865,80.87403,GDBDCL_2026-07-09T14:00:00+0000_45.5426
GDBDCL,Godavari at Bhadrachalam,Godavari,2026-07-09 15:00:00+00:00,45.5978546927115,NORMAL,47.5,48.5,53.0,17.66865,80.87403,GDBDCL_2026-07-09T15:00:00+0000_45.5979
GDBDCL,Godavari at Bhadrachalam,Godavari,2026-07-09 16:00:00+00:00,45.589350234111286,NORMAL,47.5,48.5,53.0,17.66865,80.87403,GDBDCL_2026-07-09T16:00:00+0000_45.5894
GDBDCL,Godavari at Bhadrachalam,Godavari,2026-07-09 17:00:00+00:00,45.55498262436672,NORMAL,47.5,48.5,53.0,17.66865,80.87403,GDBDCL_2026-07-09T17:00:00+0000_45.5550
GDBDCL,Godavari at Bhadrachalam,Godavari,2026-07-09 18:00:00+00:00,45.6699036833763,NORMAL,47.5,48.5,53.0,17.66865,80.87403,GDBDCL_2026-07-09T18:00:00+0000_45.6699
GDBDCL,Godavari at Bhadrachalam,Godavari,2026-07-09 19:00:00+00:00,45.67444837713773,NORMAL,47.5,48.5,53.0,17.66865,80.87403,GDBDCL_2026-07-09T19:00:00+0000_45.6744
GDBDCL,Godavari at Bhadrachalam,Godavari,2026-07-09 20:00:00+00:00,45.66013358854074,NORMAL,47.5,48.5,53.0,17.66865,80.87403,GDBDCL_2026-07-09T20:00:00+0000_45.6601
GDBDCL,Godavari at Bhadrachalam,Godavari,2026-07-09 21:00:00+00:00,45.77785191444684,NORMAL,47.5,48.5,53.0,17.66865,80.87403,GDBDCL_2026-07-09T21:00:00+0000_45.7779
GDBDCL,Godavari at Bhadrachalam,Godavari,2026-07-09 22:00:00+00:00,49.62634040092635,DANGER,47.5,48.5,53.0,17.66865,80.87403,GDBDCL_2026-07-09T22:00:00+0000_49.6263
GDBDCL,Godavari at Bhadrachalam,Godavari,2026-07-09 23:00:00+00:00,49.31837876458927,DANGER,47.5,48.5,53.0,17.66865,80.87403,GDBDCL_2026-07-09T23:00:00+0000_49.3184
GDBDCL,Godavari at Bhadrachalam,Godavari,2026-07-10 00:00:00+00:00,45.83014580128037,NORMAL,47.5,48.5,53.0,17.66865,80.87403,GDBDCL_2026-07-10T00:00:00+0000_45.8301
GDBDCL,Godavari at Bhadrachalam,Godavari,2026-07-10 01:00:00+00:00,45.82725350305274,NORMAL,47.5,48.5,53.0,17.66865,80.87403,GDBDCL_2026-07-10T01:00:00+0000_45.8273
GDBDCL,Godavari at Bhadrachalam,Godavari,2026-07-10 02:00:00+00:00,45.81903718835672,NORMAL,47.5,48.5,53.0,17.66865,80.87403,GDBDCL_2026-07-10T02:00:00+0000_45.8190
GDBDCL,Godavari at Bhadrachalam,Godavari,2026-07-10 03:00:00+00:00,45.82465676745656,NORMAL,47.5,48.5,53.0,17.66865,80.87403,GDBDCL_2026-07-10T03:00:00+0000_45.8247
GDBDCL,Godavari at Bhadrachalam,Godavari,2026-07-10 04:00:00+00:00,,,47.5,48.5,53.0,17.66865,80.87403,GDBDCL_2026-07-10T04:00:00+0000_
GDBDCL,Godavari at Bhadrachalam,Godavari,2026-07-10 05:00:00+00:00,45.79662238167976,NORMAL,47.5,48.5,53.0,17.66865,80.87403,GDBDCL_2026-07-10T05:00:00+0000_45.7966
GDBDCL,Godavari at Bhadrachalam,Godavari,2026-07-10 06:00:00+00:00,45.74071044776792,NORMAL,47.5,48.5,53.0,17.66865,80.87403,GDBDCL_2026-07-10T06:00:00+0000_45.7407
GDBDCL,Godavari at Bhadrachalam,Godavari,2026-07-10 07:00:00+00:00,45.72677906220352,NORMAL,47.5,48.5,53.0,17.66865,80.87403,GDBDCL_2026-07-10T07:00:00+0000_45.7268
GDBDCL,Godavari at Bhadrachalam,Godavari,2026-07-10 08:00:00+00:00,45.6223686435679,NORMAL,47.5,48.5,53.0,17.66865,80.87403,GDBDCL_2026-07-10T08:00:00+0000_45.6224
GDBDCL,Godavari at Bhadrachalam,Godavari,2026-07-10 09:00:00+00:00,45.67640761025814,NORMAL,47.5,48.5,53.0,17.66865,80.87403,GDBDCL_2026-07-10T09:00:00+0000_45.6764
GDBDCL,Godavari at Bhadrachalam,Godavari,2026-07-10 10:00:00+00:00,45.635014078915226,NORMAL,47.5,48.5,53.0,17.66865,80.87403,GDBDCL_2026-07-10T10:00:00+0000_45.6350
GDBDCL,Godavari at Bhadrachalam,Godavari,2026-07-10 11:00:00+00:00,45.5443511795233,NORMAL,47.5,48.5,53.0,17.66865,80.87403,GDBDCL_2026-07-10T11:00:00+0000_45.5444
GDBDCL,Godavari at Bhadrachalam,Godavari,2026-07-10 12:00:00+00:00,45.55319558673417,NORMAL,47.5,48.5,53.0,17.66865,80.87403,GDBDCL_2026-07-10T12:00:00+0000_45.5532
GDBDCL,Godavari at Bhadrachalam,Godavari,2026-07-10 13:00:00+00:00,45.52266272977998,NORMAL,47.5,48.5,53.0,17.66865,80.87403,GDBDCL_2026-07-10T13:00:00+0000_45.5227
GDBDCL,Godavari at Bhadrachalam,Godavari,2026-07-10 14:00:00+00:00,45.568776129059735,NORMAL,47.5,48.5,53.0,17.66865,80.87403,GDBDCL_2026-07-10T14:00:00+0000_45.5688
GDBDCL,Godavari at Bhadrachalam,Godavari,2026-07-10 15:00:00+00:00,45.526386793041496,NORMAL,47.5,48.5,53.0,17.66865,80.87403,GDBDCL_2026-07-10T15:00:00+0000_45.5264
GDBDCL,Godavari at Bhadrachalam,Godavari,2026-07-10 16:00:00+00:00,45.59138626130526,NORMAL,47.5,48.5,53.0,17.66865,80.87403,GDBDCL_2026-07-10T16:00:00+0000_45.5914
GDBDCL,Godavari at Bhadrachalam,Godavari,2026-07-10 17:00:00+00:00,,,47.5,48.5,53.0,17.66865,80.87403,GDBDCL_2026-07-10T17:00:00+0000_
GDBDCL,Godavari at Bhadrachalam,Godavari,2026-07-10 18:00:00+00:00,45.60079450201061,NORMAL,47.5,48.5,53.0,17.66865,80.87403,GDBDCL_2026-07-10T18:00:00+0000_45.6008
GDBDCL,Godavari at Bhadrachalam,Godavari,2026-07-10 19:00:00+00:00,45.64489206239534,NORMAL,47.5,48.5,53.0,17.66865,80.87403,GDBDCL_2026-07-10T19:00:00+0000_45.6449
GDBDCL,Godavari at Bhadrachalam,Godavari,2026-07-10 20:00:00+00:00,45.65739371076133,NORMAL,47.5,48.5,53.0,17.66865,80.87403,GDBDCL_2026-07-10T20:00:00+0000_45.6574
GDBDCL,Godavari at Bhadrachalam,Godavari,2026-07-10 21:00:00+00:00,45.72331918267649,NORMAL,47.5,48.5,53.0,17.66865,80.87403,GDBDCL_2026-07-10T21:00:00+0000_45.7233
GDBDCL,Godavari at Bhadrachalam,Godavari,2026-07-10 22:00:00+00:00,45.74709070473532,NORMAL,47.5,48.5,53.0,17.66865,80.87403,GDBDCL_2026-07-10T22:00:00+0000_45.7471
GDBDCL,Godavari at Bhadrachalam,Godavari,2026-07-10 23:00:00+00:00,45.824148993024245,NORMAL,47.5,48.5,53.0,17.66865,80.87403,GDBDCL_2026-07-10T23:00:00+0000_45.8241
GDBDCL,Godavari at Bhadrachalam,Godavari,2026-07-11 00:00:00+00:00,45.852528230611256,NORMAL,47.5,48.5,53.0,17.66865,80.87403,GDBDCL_2026-07-11T00:00:00+0000_45.8525
GDBDCL,Godavari at Bhadrachalam,Godavari,2026-07-11 01:00:00+00:00,45.823145863511776,NORMAL,47.5,48.5,53.0,17.66865,80.87403,GDBDCL_2026-07-11T01:00:00+0000_45.8231
GDBDCL,Godavari at Bhadrachalam,Godavari,2026-07-11 02:00:00+00:00,45.87060637883204,NORMAL,47.5,48.5,53.0,17.66865,80.87403,GDBDCL_2026-07-11T02:00:00+0000_45.8706
GDBDCL,Godavari at Bhadrachalam,Godavari,2026-07-11 03:00:00+00:00,49.35297699198183,DANGER,47.5,48.5,53.0,17.66865,80.87403,GDBDCL_2026-07-11T03:00:00+0000_49.3530
GDBDCL,Godavari at Bhadrachalam,Godavari,2026-07-11 04:00:00+00:00,48.97381427139962,DANGER,47.5,48.5,53.0,17.66865,80.87403,GDBDCL_2026-07-11T04:00:00+0000_48.9738
GDBDCL,Godavari at Bhadrachalam,Godavari,2026-07-11 05:00:00+00:00,48.67528172897245,DANGER,47.5,48.5,53.0,17.66865,80.87403,GDBDCL_2026-07-11T05:00:00+0000_48.6753
GDBDCL,Godavari at Bhadrachalam,Godavari,2026-07-11 06:00:00+00:00,48.32857574302793,WARNING,47.5,48.5,53.0,17.66865,80.87403,GDBDCL_2026-07-11T06:00:00+0000_48.3286
GDBDCL,Godavari at Bhadrachalam,Godavari,2026-07-11 07:00:00+00:00,48.05288540767979,WARNING,47.5,48.5,53.0,17.66865,80.87403,GDBDCL_2026-07-11T07:00:00+0000_48.0529
GDBDCL,Godavari at Bhadrachalam,Godavari,2026-07-11 08:00:00+00:00,47.80851943325038,WARNING,47.5,48.5,53.0,17.66865,80.87403,GDBDCL_2026-07-11T08:00:00+0000_47.8085
GDBDCL,Godavari at Bhadrachalam,Godavari,2026-07-11 09:00:00+00:00,47.53233672345652,WARNING,47.5,48.5,53.0,17.66865,80.87403,GDBDCL_2026-07-11T09:00:00+0000_47.5323
GDBDCL,Godavari at Bhadrachalam,Godavari,2026-07-11 10:00:00+00:00,45.570126013950265,NORMAL,47.5,48.5,53.0,17.66865,80.87403,GDBDCL_2026-07-11T10:00:00+0000_45.5701
GDBDCL,Godavari at Bhadrachalam,Godavari,2026-07-11 11:00:00+00:00,45.53782979920706,NORMAL,47.5,48.5,53.0,17.66865,80.87403,GDBDCL_2026-07-11T11:00:00+0000_45.5378
GDBDCL,Godavari at Bhadrachalam,Godavari,2026-07-11 12:00:00+00:00,45.573767773054456,NORMAL,47.5,48.5,53.0,17.66865,80.87403,GDBDCL_2026-07-11T12:00:00+0000_45.5738
GDBDCL,Godavari at Bhadrachalam,Godavari,2026-07-11 13:00:00+00:00,,,47.5,48.5,53.0,17.66865,80.87403,GDBDCL_2026-07-11T13:00:00+0000_
GDBDCL,Godavari at Bhadrachalam,Godavari,2026-07-11 14:00:00+00:00,45.55099588330176,NORMAL,47.5,48.5,53.0,17.66865,80.87403,GDBDCL_2026-07-11T14:00:00+0000_45.5510
GDBDCL,Godavari at Bhadrachalam,Godavari,2026-07-11 15:00:00+00:00,45.54112002031731,NORMAL,47.5,48.5,53.0,17.66865,80.87403,GDBDCL_2026-07-11T15:00:00+0000_45.5411
GDBDCL,Godavari at Bhadrachalam,Godavari,2026-07-11 16:00:00+00:00,45.59301286437727,NORMAL,47.5,48.5,53.0,17.66865,80.87403,GDBDCL_2026-07-11T16:00:00+0000_45.5930
GDBDCL,Godavari at Bhadrachalam,Godavari,2026-07-11 17:00:00+00:00,45.57400395944819,NORMAL,47.5,48.5,53.0,17.66865,80.87403,GDBDCL_2026-07-11T17:00:00+0000_45.5740
GDBDCL,Godavari at Bhadrachalam,Godavari,2026-07-11 18:00:00+00:00,45.606080518686255,NORMAL,47.5,48.5,53.0,17.66865,80.87403,GDBDCL_2026-07-11T18:00:00+0000_45.6061
GDBDCL,Godavari at Bhadrachalam,Godavari,2026-07-11 19:00:00+00:00,45.62448024713157,NORMAL,47.5,48.5,53.0,17.66865,80.87403,GDBDCL_2026-07-11T19:00:00+0000_45.6245
GDBDCL,Godavari at Bhadrachalam,Godavari,2026-07-11 20:00:00+00:00,45.7045414829059,NORMAL,47.5,48.5,53.0,17.66865,80.87403,GDBDCL_2026-07-11T20:00:00+0000_45.7045
GDBDCL,Godavari at Bhadrachalam,Godavari,2026-07-11 21:00:00+00:00,45.76433156662522,NORMAL,47.5,48.5,53.0,17.66865,80.87403,GDBDCL_2026-07-11T21:00:00+0000_45.7643
GDBDCL,Godavari at Bhadrachalam,Godavari,2026-07-11 22:00:00+00:00,45.78172179440583,NORMAL,47.5,48.5,53.0,17.66865,80.87403,GDBDCL_2026-07-11T22:00:00+0000_45.7817
GDBDCL,Godavari at Bhadrachalam,Godavari,2026-07-11 23:00:00+00:00,45.82513264952066,NORMAL,47.5,48.5,53.0,17.66865,80.87403,GDBDCL_2026-07-11T23:00:00+0000_45.8251
GDBDCL,Godavari at Bhadrachalam,Godavari,2026-07-12 00:00:00+00:00,45.85028902821356,NORMAL,47.5,48.5,53.0,17.66865,80.87403,GDBDCL_2026-07-12T00:00:00+0000_45.8503
GDBDCL,Godavari at Bhadrachalam,Godavari,2026-07-12 01:00:00+00:00,45.81329737039918,NORMAL,47.5,48.5,53.0,17.66865,80.87403,GDBDCL_2026-07-12T01:00:00+0000_45.8133
GDBDCL,Godavari at Bhadrachalam,Godavari,2026-07-12 02:00:00+00:00,45.78531612466002,NORMAL,47.5,48.5,53.0,17.66865,80.87403,GDBDCL_2026-07-12T02:00:00+0000_45.7853
GDBDCL,Godavari at Bhadrachalam,Godavari,2026-07-12 03:00:00+00:00,45.79184462237569,NORMAL,47.5,48.5,53.0,17.66865,80.87403,GDBDCL_2026-07-12T03:00:00+0000_45.7918
GDBDCL,Godavari at Bhadrachalam,Godavari,2026-07-12 04:00:00+00:00,45.76474468083162,NORMAL,47.5,48.5,53.0,17.66865,80.87403,GDBDCL_2026-07-12T04:00:00+0000_45.7647
GDBDCL,Godavari at Bhadrachalam,Godavari,2026-07-12 05:00:00+00:00,45.75886453404748,NORMAL,47.5,48.5,53.0,17.66865,80.87403,GDBDCL_2026-07-12T05:00:00+0000_45.7589
GDBDCL,Godavari at Bhadrachalam,Godavari,2026-07-12 06:00:00+00:00,45.71140229271743,NORMAL,47.5,48.5,53.0,17.66865,80.87403,GDBDCL_2026-07-12T06:00:00+0000_45.7114
GDBDCL,Godavari at Bhadrachalam,Godavari,2026-07-12 07:00:00+00:00,45.7296126127756,NORMAL,47.5,48.5,53.0,17.66865,80.87403,GDBDCL_2026-07-12T07:00:00+0000_45.7296
GDBDCL,Godavari at Bhadrachalam,Godavari,2026-07-12 08:00:00+00:00,45.71130434373548,NORMAL,47.5,48.5,53.0,17.66865,80.87403,GDBDCL_2026-07-12T08:00:00+0000_45.7113
GDBDCL,Godavari at Bhadrachalam,Godavari,2026-07-12 09:00:00+00:00,45.59507189222189,NORMAL,47.5,48.5,53.0,17.66865,80.87403,GDBDCL_2026-07-12T09:00:00+0000_45.5951
GDBDCL,Godavari at Bhadrachalam,Godavari,2026-07-12 10:00:00+00:00,45.63150965400431,NORMAL,47.5,48.5,53.0,17.66865,80.87403,GDBDCL_2026-07-12T10:00:00+0000_45.6315
GDBDCL,Godavari at Bhadrachalam,Godavari,2026-07-12 11:00:00+00:00,45.59191997168848,NORMAL,47.5,48.5,53.0,17.66865,80.87403,GDBDCL_2026-07-12T11:00:00+0000_45.5919
GDBDCL,Godavari at Bhadrachalam,Godavari,2026-07-12 12:00:00+00:00,45.519129541877696,NORMAL,47.5,48.5,53.0,17.66865,80.87403,GDBDCL_2026-07-12T12:00:00+0000_45.5191
GDBDCL,Godavari at Bhadrachalam,Godavari,2026-07-12 13:00:00+00:00,45.5734787150874,NORMAL,47.5,48.5,53.0,17.66865,80.87403,GDBDCL_2026-07-12T13:00:00+0000_45.5735
GDBDCL,Godavari at Bhadrachalam,Godavari,2026-07-12 14:00:00+00:00,45.591149373771565,NORMAL,47.5,48.5,53.0,17.66865,80.87403,GDBDCL_2026-07-12T14:00:00+0000_45.5911
GDBDCL,Godavari at Bhadrachalam,Godavari,2026-07-12 15:00:00+00:00,45.54042208512839,NORMAL,47.5,48.5,53.0,17.66865,80.87403,GDBDCL_2026-07-12T15:00:00+0000_45.5404
GDBDCL,Godavari at Bhadrachalam,Godavari,2026-07-12 16:00:00+00:00,45.59083624441461,NORMAL,47.5,48.5,53.0,17.66865,80.87403,GDBDCL_2026-07-12T16:00:00+0000_45.5908
GDBDCL,Godavari at Bhadrachalam,Godavari,2026-07-12 17:00:00+00:00,45.63613704505372,NORMAL,47.5,48.5,53.0,17.66865,80.87403,GDBDCL_2026-07-12T17:00:00+0000_45.6361
GDBDCL,Godavari at Bhadrachalam,Godavari,2026-07-12 18:00:00+00:00,45.57826719644895,NORMAL,47.5,48.5,53.0,17.66865,80.87403,GDBDCL_2026-07-12T18:00:00+0000_45.5783
GDBDCL,Godavari at Bhadrachalam,Godavari,2026-07-12 19:00:00+00:00,45.6868674733236,NORMAL,47.5,48.5,53.0,17.66865,80.87403,GDBDCL_2026-07-12T19:00:00+0000_45.6869
GDBDCL,Godavari at Bhadrachalam,Godavari,2026-07-12 20:00:00+00:00,45.69200721426222,NORMAL,47.5,48.5,53.0,17.66865,80.87403,GDBDCL_2026-07-12T20:00:00+0000_45.6920
GDBDCL,Godavari at Bhadrachalam,Godavari,2026-07-12 21:00:00+00:00,45.732685370389895,NORMAL,47.5,48.5,53.0,17.66865,80.87403,GDBDCL_2026-07-12T21:00:00+0000_45.7327
GDBDCL,Godavari at Bhadrachalam,Godavari,2026-07-12 22:00:00+00:00,45.745516618391946,NORMAL,47.5,48.5,53.0,17.66865,80.87403,GDBDCL_2026-07-12T22:00:00+0000_45.7455
GDBDCL,Godavari at Bhadrachalam,Godavari,2026-07-12 23:00:00+00:00,45.77560752218029,NORMAL,47.5,48.5,53.0,17.66865,80.87403,GDBDCL_2026-07-12T23:00:00+0000_45.7756
GDBDCL,Godavari at Bhadrachalam,Godavari,2026-07-13 00:00:00+00:00,,,47.5,48.5,53.0,17.66865,80.87403,GDBDCL_2026-07-13T00:00:00+0000_
GDBDCL,Godavari at Bhadrachalam,Godavari,2026-07-13 01:00:00+00:00,45.8196804850094,NORMAL,47.5,48.5,53.0,17.66865,80.87403,GDBDCL_2026-07-13T01:00:00+0000_45.8197
GDBDCL,Godavari at Bhadrachalam,Godavari,2026-07-13 02:00:00+00:00,45.80211578155404,NORMAL,47.5,48.5,53.0,17.66865,80.87403,GDBDCL_2026-07-13T02:00:00+0000_45.8021
GDBDCL,Godavari at Bhadrachalam,Godavari,2026-07-13 03:00:00+00:00,45.858499074337466,NORMAL,47.5,48.5,53.0,17.66865,80.87403,GDBDCL_2026-07-13T03:00:00+0000_45.8585
GDBDCL,Godavari at Bhadrachalam,Godavari,2026-07-13 04:00:00+00:00,45.779562684662686,NORMAL,47.5,48.5,53.0,17.66865,80.87403,GDBDCL_2026-07-13T04:00:00+0000_45.7796
GDBDCL,Godavari at Bhadrachalam,Godavari,2026-07-13 05:00:00+00:00,45.73300874654705,NORMAL,47.5,48.5,53.0,17.66865,80.87403,GDBDCL_2026-07-13T05:00:00+0000_45.7330
GDBDCL,Godavari at Bhadrachalam,Godavari,2026-07-13 06:00:00+00:00,45.75854866946087,NORMAL,47.5,48.5,53.0,17.66865,80.87403,GDBDCL_2026-07-13T06:00:00+0000_45.7585
GDBDCL,Godavari at Bhadrachalam,Godavari,2026-07-13 07:00:00+00:00,45.66799797585181,NORMAL,47.5,48.5,53.0,17.66865,80.87403,GDBDCL_2026-07-13T07:00:00+0000_45.6680
GDBDCL,Godavari at Bhadrachalam,Godavari,2026-07-13 08:00:00+00:00,45.65341990105189,NORMAL,47.5,48.5,53.0,17.66865,80.87403,GDBDCL_2026-07-13T08:00:00+0000_45.6534
GDBDCL,Godavari at Bhadrachalam,Godavari,2026-07-13 09:00:00+00:00,45.649553135453736,NORMAL,47.5,48.5,53.0,17.66865,80.87403,GDBDCL_2026-07-13T09:00:00+0000_45.6496
GDBDCL,Godavari at Bhadrachalam,Godavari,2026-07-13 10:00:00+00:00,45.60133264591367,NORMAL,47.5,48.5,53.0,17.66865,80.87403,GDBDCL_2026-07-13T10:00:00+0000_45.6013
GDBDCL,Godavari at Bhadrachalam,Godavari,2026-07-13 11:00:00+00:00,45.551391976532045,NORMAL,47.5,48.5,53.0,17.66865,80.87403,GDBDCL_2026-07-13T11:00:00+0000_45.5514
GDBDCL,Godavari at Bhadrachalam,Godavari,2026-07-13 12:00:00+00:00,45.53234165785345,NORMAL,47.5,48.5,53.0,17.66865,80.87403,GDBDCL_2026-07-13T12:00:00+0000_45.5323
GDBDCL,Godavari at Bhadrachalam,Godavari,2026-07-13 13:00:00+00:00,,,47.5,48.5,53.0,17.66865,80.87403,GDBDCL_2026-07-13T13:00:00+0000_
GDBDCL,Godavari at Bhadrachalam,Godavari,2026-07-13 14:00:00+00:00,45.50584902960856,NORMAL,47.5,48.5,53.0,17.66865,80.87403,GDBDCL_2026-07-13T14:00:00+0000_45.5058
GDBDCL,Godavari at Bhadrachalam,Godavari,2026-07-13 15:00:00+00:00,45.53957062594043,NORMAL,47.5,48.5,53.0,17.66865,80.87403,GDBDCL_2026-07-13T15:00:00+0000_45.5396
GDBDCL,Godavari at Bhadrachalam,Godavari,2026-07-13 16:00:00+00:00,45.55516010011648,NORMAL,47.5,48.5,53.0,17.66865,80.87403,GDBDCL_2026-07-13T16:00:00+0000_45.5552
GDBDCL,Godavari at Bhadrachalam,Godavari,2026-07-13 17:00:00+00:00,45.590526306366655,NORMAL,47.5,48.5,53.0,17.66865,80.87403,GDBDCL_2026-07-13T17:00:00+0000_45.5905
GDBDCL,Godavari at Bhadrachalam,Godavari,2026-07-13 18:00:00+00:00,45.589180066526566,NORMAL,47.5,48.5,53.0,17.66865,80.87403,GDBDCL_2026-07-13T18:00:00+0000_45.5892
GDBDCL,Godavari at Bhadrachalam,Godavari,2026-07-13 19:00:00+00:00,45.61672491931104,NORMAL,47.5,48.5,53.0,17.66865,80.87403,GDBDCL_2026-07-13T19:00:00+0000_45.6167
GDBDCL,Godavari at Bhadrachalam,Godavari,2026-07-13 20:00:00+00:00,45.68176438254034,NORMAL,47.5,48.5,53.0,17.66865,80.87403,GDBDCL_2026-07-13T20:00:00+0000_45.6818
GDBDCL,Godavari at Bhadrachalam,Godavari,2026-07-13 21:00:00+00:00,45.70273736169419,NORMAL,47.5,48.5,53.0,17.66865,80.87403,GDBDCL_2026-07-13T21:00:00+0000_45.7027
GDBDCL,Godavari at Bhadrachalam,Godavari,2026-07-13 22:00:00+00:00,45.7827773865714,NORMAL,47.5,48.5,53.0,17.66865,80.87403,GDBDCL_2026-07-13T22:00:00+0000_45.7828
GDBDCL,Godavari at Bhadrachalam,Godavari,2026-07-13 23:00:00+00:00,45.80041277792009,NORMAL,47.5,48.5,53.0,17.66865,80.87403,GDBDCL_2026-07-13T23:00:00+0000_45.8004
GDBDCL,Godavari at Bhadrachalam,Godavari,2026-07-14 00:00:00+00:00,45.78459974592769,NORMAL,47.5,48.5,53.0,17.66865,80.87403,GDBDCL_2026-07-14T00:00:00+0000_45.7846
GDBDCL,Godavari at Bhadrachalam,Godavari,2026-07-14 01:00:00+00:00,45.81987571681019,NORMAL,47.5,48.5,53.0,17.66865,80.87403,GDBDCL_2026-07-14T01:00:00+0000_45.8199
GDBDCL,Godavari at Bhadrachalam,Godavari,2026-07-14 02:00:00+00:00,45.860691156112175,NORMAL,47.5,48.5,53.0,17.66865,80.87403,GDBDCL_2026-07-14T02:00:00+0000_45.8607
GDBDCL,Godavari at Bhadrachalam,Godavari,2026-07-14 03:00:00+00:00,45.8185070430347,NORMAL,47.5,48.5,53.0,17.66865,80.87403,GDBDCL_2026-07-14T03:00:00+0000_45.8185
GDBDCL,Godavari at Bhadrachalam,Godavari,2026-07-14 04:00:00+00:00,45.84090641816986,NORMAL,47.5,48.5,53.0,17.66865,80.87403,GDBDCL_2026-07-14T04:00:00+0000_45.8409
GDBDCL,Godavari at Bhadrachalam,Godavari,2026-07-14 05:00:00+00:00,45.7793378669437,NORMAL,47.5,48.5,53.0,17.66865,80.87403,GDBDCL_2026-07-14T05:00:00+0000_45.7793
GDBDCL,Godavari at Bhadrachalam,Godavari,2026-07-14 06:00:00+00:00,45.70585396405849,NORMAL,47.5,48.5,53.0,17.66865,80.87403,GDBDCL_2026-07-14T06:00:00+0000_45.7059
GDBDCL,Godavari at Bhadrachalam,Godavari,2026-07-14 07:00:00+00:00,45.744522808793405,NORMAL,47.5,48.5,53.0,17.66865,80.87403,GDBDCL_2026-07-14T07:00:00+0000_45.7445
GDBDCL,Godavari at Bhadrachalam,Godavari,2026-07-14 08:00:00+00:00,45.6750745159971,NORMAL,47.5,48.5,53.0,17.66865,80.87403,GDBDCL_2026-07-14T08:00:00+0000_45.6751
GDBDCL,Godavari at Bhadrachalam,Godavari,2026-07-14 09:00:00+00:00,45.62288306310664,NORMAL,47.5,48.5,53.0,17.66865,80.87403,GDBDCL_2026-07-14T09:00:00+0000_45.6229
GDBDCL,Godavari at Bhadrachalam,Godavari,2026-07-14 10:00:00+00:00,45.61103722306363,NORMAL,47.5,48.5,53.0,17.66865,80.87403,GDBDCL_2026-07-14T10:00:00+0000_45.6110
GDBDCL,Godavari at Bhadrachalam,Godavari,2026-07-14 11:00:00+00:00,45.60181910029653,NORMAL,47.5,48.5,53.0,17.66865,80.87403,GDBDCL_2026-07-14T11:00:00+0000_45.6018
GDBDCL,Godavari at Bhadrachalam,Godavari,2026-07-14 12:00:00+00:00,45.52039242582224,NORMAL,47.5,48.5,53.0,17.66865,80.87403,GDBDCL_2026-07-14T12:00:00+0000_45.5204
GDBDCL,Godavari at Bhadrachalam,Godavari,2026-07-14 13:00:00+00:00,45.58286374851415,NORMAL,47.5,48.5,53.0,17.66865,80.87403,GDBDCL_2026-07-14T13:00:00+0000_45.5829
GDBDCL,Godavari at Bhadrachalam,Godavari,2026-07-14 14:00:00+00:00,45.58530418259459,NORMAL,47.5,48.5,53.0,17.66865,80.87403,GDBDCL_2026-07-14T14:00:00+0000_45.5853
GDBDCL,Godavari at Bhadrachalam,Godavari,2026-07-14 15:00:00+00:00,45.52176115099181,NORMAL,47.5,48.5,53.0,17.66865,80.87403,GDBDCL_2026-07-14T15:00:00+0000_45.5218
GDBDCL,Godavari at Bhadrachalam,Godavari,2026-07-14 16:00:00+00:00,45.56338040561384,NORMAL,47.5,48.5,53.0,17.66865,80.87403,GDBDCL_2026-07-14T16:00:00+0000_45.5634
GDBDCL,Godavari at Bhadrachalam,Godavari,2026-07-14 17:00:00+00:00,45.57324327769384,NORMAL,47.5,48.5,53.0,17.66865,80.87403,GDBDCL_2026-07-14T17:00:00+0000_45.5732
GDBDCL,Godavari at Bhadrachalam,Godavari,2026-07-14 18:00:00+00:00,45.60568532417996,NORMAL,47.5,48.5,53.0,17.66865,80.87403,GDBDCL_2026-07-14T18:00:00+0000_45.6057
GDBDCL,Godavari at Bhadrachalam,Godavari,2026-07-14 19:00:00+00:00,45.6877873559089,NORMAL,47.5,48.5,53.0,17.66865,80.87403,GDBDCL_2026-07-14T19:00:00+0000_45.6878
GDBDCL,Godavari at Bhadrachalam,Godavari,2026-07-14 20:00:00+00:00,45.725766046954334,NORMAL,47.5,48.5,53.0,17.66865,80.87403,GDBDCL_2026-07-14T20:00:00+0000_45.7258
GDBDCL,Godavari at Bhadrachalam,Godavari,2026-07-14 21:00:00+00:00,45.728846539166106,NORMAL,47.5,48.5,53.0,17.66865,80.87403,GDBDCL_2026-07-14T21:00:00+0000_45.7288
GDBDCL,Godavari at Bhadrachalam,Godavari,2026-07-14 22:00:00+00:00,45.723725221357206,NORMAL,47.5,48.5,53.0,17.66865,80.87403,GDBDCL_2026-07-14T22:00:00+0000_45.7237
GDBDCL,Godavari at Bhadrachalam,Godavari,2026-07-14 23:00:00+00:00,45.769119717747735,NORMAL,47.5,48.5,53.0,17.66865,80.87403,GDBDCL_2026-07-14T23:00:00+0000_45.7691
GDBDCL,Godavari at Bhadrachalam,Godavari,2026-07-15 00:00:00+00:00,45.84238122543338,NORMAL,47.5,48.5,53.0,17.66865,80.87403,GDBDCL_2026-07-15T00:00:00+0000_45.8424
GDBDCL,Godavari at Bhadrachalam,Godavari,2026-07-15 01:00:00+00:00,45.86054728528327,NORMAL,47.5,48.5,53.0,17.66865,80.87403,GDBDCL_2026-07-15T01:00:00+0000_45.8605
GDBDCL,Godavari at Bhadrachalam,Godavari,2026-07-15 02:00:00+00:00,45.8069725923088,NORMAL,47.5,48.5,53.0,17.66865,80.87403,GDBDCL_2026-07-15T02:00:00+0000_45.8070
GDBDCL,Godavari at Bhadrachalam,Godavari,2026-07-15 03:00:00+00:00,45.770072075580615,NORMAL,47.5,48.5,53.0,17.66865,80.87403,GDBDCL_2026-07-15T03:00:00+0000_45.7701
GDBDCL,Godavari at Bhadrachalam,Godavari,2026-07-15 04:00:00+00:00,45.80138026263724,NORMAL,47.5,48.5,53.0,17.66865,80.87403,GDBDCL_2026-07-15T04:00:00+0000_45.8014
GDBDCL,Godavari at Bhadrachalam,Godavari,2026-07-15 05:00:00+00:00,45.75234942310178,NORMAL,47.5,48.5,53.0,17.66865,80.87403,GDBDCL_2026-07-15T05:00:00+0000_45.7523
GDBDCL,Godavari at Bhadrachalam,Godavari,2026-07-15 06:00:00+00:00,45.69022477082708,NORMAL,47.5,48.5,53.0,17.66865,80.87403,GDBDCL_2026-07-15T06:00:00+0000_45.6902
GDBDCL,Godavari at Bhadrachalam,Godavari,2026-07-15 07:00:00+00:00,45.69847091212768,NORMAL,47.5,48.5,53.0,17.66865,80.87403,GDBDCL_2026-07-15T07:00:00+0000_45.6985
GDBDCL,Godavari at Bhadrachalam,Godavari,2026-07-15 08:00:00+00:00,45.67599487102596,NORMAL,47.5,48.5,53.0,17.66865,80.87403,GDBDCL_2026-07-15T08:00:00+0000_45.6760
GDBDCL,Godavari at Bhadrachalam,Godavari,2026-07-15 09:00:00+00:00,45.61532821497834,NORMAL,47.5,48.5,53.0,17.66865,80.87403,GDBDCL_2026-07-15T09:00:00+0000_45.6153
GDBDCL,Godavari at Bhadrachalam,Godavari,2026-07-15 10:00:00+00:00,45.5815647092122,NORMAL,47.5,48.5,53.0,17.66865,80.87403,GDBDCL_2026-07-15T10:00:00+0000_45.5816
GDBDCL,Godavari at Bhadrachalam,Godavari,2026-07-15 11:00:00+00:00,45.52280660724365,NORMAL,47.5,48.5,53.0,17.66865,80.87403,GDBDCL_2026-07-15T11:00:00+0000_45.5228
GDBDCL,Godavari at Bhadrachalam,Godavari,2026-07-15 12:00:00+00:00,45.57460961549153,NORMAL,47.5,48.5,53.0,17.66865,80.87403,GDBDCL_2026-07-15T12:00:00+0000_45.5746
GDBDCL,Godavari at Bhadrachalam,Godavari,2026-07-15 13:00:00+00:00,45.48777005296756,NORMAL,47.5,48.5,53.0,17.66865,80.87403,GDBDCL_2026-07-15T13:00:00+0000_45.4878
GDBDCL,Godavari at Bhadrachalam,Godavari,2026-07-15 14:00:00+00:00,48.37252661192071,WARNING,47.5,48.5,53.0,17.66865,80.87403,GDBDCL_2026-07-15T14:00:00+0000_48.3725
GDBDCL,Godavari at Bhadrachalam,Godavari,2026-07-15 15:00:00+00:00,48.07662762258528,WARNING,47.5,48.5,53.0,17.66865,80.87403,GDBDCL_2026-07-15T15:00:00+0000_48.0766
GDBDCL,Godavari at Bhadrachalam,Godavari,2026-07-15 16:00:00+00:00,47.78092165373122,WARNING,47.5,48.5,53.0,17.66865,80.87403,GDBDCL_2026-07-15T16:00:00+0000_47.7809
GDBDCL,Godavari at Bhadrachalam,Godavari,2026-07-15 17:00:00+00:00,47.61954669937335,WARNING,47.5,48.5,53.0,17.66865,80.87403,GDBDCL_2026-07-15T17:00:00+0000_47.6195
GDBDCL,Godavari at Bhadrachalam,Godavari,2026-07-15 18:00:00+00:00,47.49086440401078,NORMAL,47.5,48.5,53.0,17.66865,80.87403,GDBDCL_2026-07-15T18:00:00+0000_47.4909
GDBDCL,Godavari at Bhadrachalam,Godavari,2026-07-15 19:00:00+00:00,47.28455525231244,NORMAL,47.5,48.5,53.0,17.66865,80.87403,GDBDCL_2026-07-15T19:00:00+0000_47.2846
GDBDCL,Godavari at Bhadrachalam,Godavari,2026-07-15 20:00:00+00:00,47.1916306303936,NORMAL,47.5,48.5,53.0,17.66865,80.87403,GDBDCL_2026-07-15T20:00:00+0000_47.1916
GDBDCL,Godavari at Bhadrachalam,Godavari,2026-07-15 21:00:00+00:00,45.77780661691227,NORMAL,47.5,48.5,53.0,17.66865,80.87403,GDBDCL_2026-07-15T21:00:00+0000_45.7778
GDBDCL,Godavari at Bhadrachalam,Godavari,2026-07-15 22:00:00+00:00,45.73871271321748,NORMAL,47.5,48.5,53.0,17.66865,80.87403,GDBDCL_2026-07-15T22:00:00+0000_45.7387
GDBDCL,Godavari at Bhadrachalam,Godavari,2026-07-15 23:00:00+00:00,45.83155201218192,NORMAL,47.5,48.5,53.0,17.66865,80.87403,GDBDCL_2026-07-15T23:00:00+0000_45.8316
GDBDCL,Godavari at Bhadrachalam,Godavari,2026-07-16 00:00:00+00:00,45.80810709332979,NORMAL,47.5,48.5,53.0,17.66865,80.87403,GDBDCL_2026-07-16T00:00:00+0000_45.8081
GDBDCL,Godavari at Bhadrachalam,Godavari,2026-07-16 01:00:00+00:00,,,47.5,48.5,53.0,17.66865,80.87403,GDBDCL_2026-07-16T01:00:00+0000_
GDBDCL,Godavari at Bhadrachalam,Godavari,2026-07-16 02:00:00+00:00,45.86092719577412,NORMAL,47.5,48.5,53.0,17.66865,80.87403,GDBDCL_2026-07-16T02:00:00+0000_45.8609
GDBDCL,Godavari at Bhadrachalam,Godavari,2026-07-16 03:00:00+00:00,45.83306321664539,NORMAL,47.5,48.5,53.0,17.66865,80.87403,GDBDCL_2026-07-16T03:00:00+0000_45.8331
GDBDCL,Godavari at Bhadrachalam,Godavari,2026-07-16 04:00:00+00:00,45.80896742064848,NORMAL,47.5,48.5,53.0,17.66865,80.87403,GDBDCL_2026-07-16T04:00:00+0000_45.8090
GDBDCL,Godavari at Bhadrachalam,Godavari,2026-07-16 05:00:00+00:00,45.77467449828116,NORMAL,47.5,48.5,53.0,17.66865,80.87403,GDBDCL_2026-07-16T05:00:00+0000_45.7747
GDBDCL,Godavari at Bhadrachalam,Godavari,2026-07-16 06:00:00+00:00,45.698738150534126,NORMAL,47.5,48.5,53.0,17.66865,80.87403,GDBDCL_2026-07-16T06:00:00+0000_45.6987
GDBDCL,Godavari at Bhadrachalam,Godavari,2026-07-16 07:00:00+00:00,45.70016559756901,NORMAL,47.5,48.5,53.0,17.66865,80.87403,GDBDCL_2026-07-16T07:00:00+0000_45.7002
GDBDCL,Godavari at Bhadrachalam,Godavari,2026-07-16 08:00:00+00:00,45.663310610919766,NORMAL,47.5,48.5,53.0,17.66865,80.87403,GDBDCL_2026-07-16T08:00:00+0000_45.6633
GDBDCL,Godavari at Bhadrachalam,Godavari,2026-07-16 09:00:00+00:00,45.612021368738326,NORMAL,47.5,48.5,53.0,17.66865,80.87403,GDBDCL_2026-07-16T09:00:00+0000_45.6120
GDBDCL,Godavari at Bhadrachalam,Godavari,2026-07-16 10:00:00+00:00,48.121236745384685,WARNING,47.5,48.5,53.0,17.66865,80.87403,GDBDCL_2026-07-16T10:00:00+0000_48.1212
GDBDCL,Godavari at Bhadrachalam,Godavari,2026-07-16 11:00:00+00:00,47.81032107228876,WARNING,47.5,48.5,53.0,17.66865,80.87403,GDBDCL_2026-07-16T11:00:00+0000_47.8103
GDBDCL,Godavari at Bhadrachalam,Godavari,2026-07-16 12:00:00+00:00,47.581204258939096,WARNING,47.5,48.5,53.0,17.66865,80.87403,GDBDCL_2026-07-16T12:00:00+0000_47.5812
GDBDCL,Godavari at Bhadrachalam,Godavari,2026-07-16 13:00:00+00:00,47.35543727031186,NORMAL,47.5,48.5,53.0,17.66865,80.87403,GDBDCL_2026-07-16T13:00:00+0000_47.3554
GDBDCL,Godavari at Bhadrachalam,Godavari,2026-07-16 14:00:00+00:00,45.49622379117955,NORMAL,47.5,48.5,53.0,17.66865,80.87403,GDBDCL_2026-07-16T14:00:00+0000_45.4962
GDBDCL,Godavari at Bhadrachalam,Godavari,2026-07-16 15:00:00+00:00,45.49387235974542,NORMAL,47.5,48.5,53.0,17.66865,80.87403,GDBDCL_2026-07-16T15:00:00+0000_45.4939
GDBDCL,Godavari at Bhadrachalam,Godavari,2026-07-16 16:00:00+00:00,45.57054026547637,NORMAL,47.5,48.5,53.0,17.66865,80.87403,GDBDCL_2026-07-16T16:00:00+0000_45.5705
GDBDCL,Godavari at Bhadrachalam,Godavari,2026-07-16 17:00:00+00:00,45.54548782180071,NORMAL,47.5,48.5,53.0,17.66865,80.87403,GDBDCL_2026-07-16T17:00:00+0000_45.5455
GDBDCL,Godavari at Bhadrachalam,Godavari,2026-07-16 18:00:00+00:00,45.63113022846338,NORMAL,47.5,48.5,53.0,17.66865,80.87403,GDBDCL_2026-07-16T18:00:00+0000_45.6311
GDBDCL,Godavari at Bhadrachalam,Godavari,2026-07-16 19:00:00+00:00,45.6766718602861,NORMAL,47.5,48.5,53.0,17.66865,80.87403,GDBDCL_2026-07-16T19:00:00+0000_45.6767
GDBDCL,Godavari at Bhadrachalam,Godavari,2026-07-16 20:00:00+00:00,45.71477065623789,NORMAL,47.5,48.5,53.0,17.66865,80.87403,GDBDCL_2026-07-16T20:00:00+0000_45.7148
GDBDCL,Godavari at Bhadrachalam,Godavari,2026-07-16 21:00:00+00:00,45.76289068216819,NORMAL,47.5,48.5,53.0,17.66865,80.87403,GDBDCL_2026-07-16T21:00:00+0000_45.7629
GDBDCL,Godavari at Bhadrachalam,Godavari,2026-07-16 22:00:00+00:00,45.76924717929819,NORMAL,47.5,48.5,53.0,17.66865,80.87403,GDBDCL_2026-07-16T22:00:00+0000_45.7692
GDBDCL,Godavari at Bhadrachalam,Godavari,2026-07-16 23:00:00+00:00,45.827180242420326,NORMAL,47.5,48.5,53.0,17.66865,80.87403,GDBDCL_2026-07-16T23:00:00+0000_45.8272
GDBDCL,Godavari at Bhadrachalam,Godavari,2026-07-17 00:00:00+00:00,45.81274607562903,NORMAL,47.5,48.5,53.0,17.66865,80.87403,GDBDCL_2026-07-17T00:00:00+0000_45.8127
GDBDCL,Godavari at Bhadrachalam,Godavari,2026-07-17 01:00:00+00:00,45.79751293610848,NORMAL,47.5,48.5,53.0,17.66865,80.87403,GDBDCL_2026-07-17T01:00:00+0000_45.7975
GDBDCL,Godavari at Bhadrachalam,Godavari,2026-07-17 02:00:00+00:00,45.82671906712801,NORMAL,47.5,48.5,53.0,17.66865,80.87403,GDBDCL_2026-07-17T02:00:00+0000_45.8267
GDBDCL,Godavari at Bhadrachalam,Godavari,2026-07-17 03:00:00+00:00,,,47.5,48.5,53.0,17.66865,80.87403,GDBDCL_2026-07-17T03:00:00+0000_
GDBDCL,Godavari at Bhadrachalam,Godavari,2026-07-17 04:00:00+00:00,,,47.5,48.5,53.0,17.66865,80.87403,GDBDCL_2026-07-17T04:00:00+0000_
GDBDCL,Godavari at Bhadrachalam,Godavari,2026-07-17 05:00:00+00:00,45.72168274482874,NORMAL,47.5,48.5,53.0,17.66865,80.87403,GDBDCL_2026-07-17T05:00:00+0000_45.7217
GDBDCL,Godavari at Bhadrachalam,Godavari,2026-07-17 06:00:00+00:00,45.734616570241,NORMAL,47.5,48.5,53.0,17.66865,80.87403,GDBDCL_2026-07-17T06:00:00+0000_45.7346
GDBDCL,Godavari at Bhadrachalam,Godavari,2026-07-17 07:00:00+00:00,45.6609611223623,NORMAL,47.5,48.5,53.0,17.66865,80.87403,GDBDCL_2026-07-17T07:00:00+0000_45.6610
GDBDCL,Godavari at Bhadrachalam,Godavari,2026-07-17 08:00:00+00:00,45.675947130275794,NORMAL,47.5,48.5,53.0,17.66865,80.87403,GDBDCL_2026-07-17T08:00:00+0000_45.6759
GDBDCL,Godavari at Bhadrachalam,Godavari,2026-07-17 09:00:00+00:00,45.57409091443864,NORMAL,47.5,48.5,53.0,17.66865,80.87403,GDBDCL_2026-07-17T09:00:00+0000_45.5741
GDBDCL,Godavari at Bhadrachalam,Godavari,2026-07-17 10:00:00+00:00,45.59620587482267,NORMAL,47.5,48.5,53.0,17.66865,80.87403,GDBDCL_2026-07-17T10:00:00+0000_45.5962
GDBDCL,Godavari at Bhadrachalam,Godavari,2026-07-17 11:00:00+00:00,45.59162411616407,NORMAL,47.5,48.5,53.0,17.66865,80.87403,GDBDCL_2026-07-17T11:00:00+0000_45.5916
GDBDCL,Godavari at Bhadrachalam,Godavari,2026-07-17 12:00:00+00:00,45.52794511543633,NORMAL,47.5,48.5,53.0,17.66865,80.87403,GDBDCL_2026-07-17T12:00:00+0000_45.5279
GDBDCL,Godavari at Bhadrachalam,Godavari,2026-07-17 13:00:00+00:00,45.49376697394824,NORMAL,47.5,48.5,53.0,17.66865,80.87403,GDBDCL_2026-07-17T13:00:00+0000_45.4938
GDBDCL,Godavari at Bhadrachalam,Godavari,2026-07-17 14:00:00+00:00,45.57029832688188,NORMAL,47.5,48.5,53.0,17.66865,80.87403,GDBDCL_2026-07-17T14:00:00+0000_45.5703
GDBDCL,Godavari at Bhadrachalam,Godavari,2026-07-17 15:00:00+00:00,45.5729538546319,NORMAL,47.5,48.5,53.0,17.66865,80.87403,GDBDCL_2026-07-17T15:00:00+0000_45.5730
GDBDCL,Godavari at Bhadrachalam,Godavari,2026-07-17 16:00:00+00:00,46.40528155993789,NORMAL,47.5,48.5,53.0,17.66865,80.87403,GDBDCL_2026-07-17T16:00:00+0000_46.4053
GDBDCL,Godavari at Bhadrachalam,Godavari,2026-07-17 17:00:00+00:00,46.39020058776477,NORMAL,47.5,48.5,53.0,17.66865,80.87403,GDBDCL_2026-07-17T17:00:00+0000_46.3902
GDBDCL,Godavari at Bhadrachalam,Godavari,2026-07-17 18:00:00+00:00,46.36685991003058,NORMAL,47.5,48.5,53.0,17.66865,80.87403,GDBDCL_2026-07-17T18:00:00+0000_46.3669
GDBDCL,Godavari at Bhadrachalam,Godavari,2026-07-17 19:00:00+00:00,45.67730964829848,NORMAL,47.5,48.5,53.0,17.66865,80.87403,GDBDCL_2026-07-17T19:00:00+0000_45.6773
GDBDCL,Godavari at Bhadrachalam,Godavari,2026-07-17 20:00:00+00:00,45.67392683405354,NORMAL,47.5,48.5,53.0,17.66865,80.87403,GDBDCL_2026-07-17T20:00:00+0000_45.6739
GDBDCL,Godavari at Bhadrachalam,Godavari,2026-07-17 21:00:00+00:00,45.73478897576693,NORMAL,47.5,48.5,53.0,17.66865,80.87403,GDBDCL_2026-07-17T21:00:00+0000_45.7348
GDBDCL,Godavari at Bhadrachalam,Godavari,2026-07-17 22:00:00+00:00,45.78886433258821,NORMAL,47.5,48.5,53.0,17.66865,80.87403,GDBDCL_2026-07-17T22:00:00+0000_45.7889
GDBDCL,Godavari at Bhadrachalam,Godavari,2026-07-17 23:00:00+00:00,45.741961209200966,NORMAL,47.5,48.5,53.0,17.66865,80.87403,GDBDCL_2026-07-17T23:00:00+0000_45.7420
GDBDCL,Godavari at Bhadrachalam,Godavari,2026-07-18 00:00:00+00:00,45.82372875891126,NORMAL,47.5,48.5,53.0,17.66865,80.87403,GDBDCL_2026-07-18T00:00:00+0000_45.8237
GDBDCL,Godavari at Bhadrachalam,Godavari,2026-07-18 01:00:00+00:00,45.80148250451047,NORMAL,47.5,48.5,53.0,17.66865,80.87403,GDBDCL_2026-07-18T01:00:00+0000_45.8015
GDBDCL,Godavari at Bhadrachalam,Godavari,2026-07-18 02:00:00+00:00,45.80196186831451,NORMAL,47.5,48.5,53.0,17.66865,80.87403,GDBDCL_2026-07-18T02:00:00+0000_45.8020
GDBDCL,Godavari at Bhadrachalam,Godavari,2026-07-18 03:00:00+00:00,45.82106990467325,NORMAL,47.5,48.5,53.0,17.66865,80.87403,GDBDCL_2026-07-18T03:00:00+0000_45.8211
GDBDCL,Godavari at Bhadrachalam,Godavari,2026-07-18 04:00:00+00:00,45.77454389245476,NORMAL,47.5,48.5,53.0,17.66865,80.87403,GDBDCL_2026-07-18T04:00:00+0000_45.7745
GDBDCL,Godavari at Bhadrachalam,Godavari,2026-07-18 05:00:00+00:00,45.78071286732081,NORMAL,47.5,48.5,53.0,17.66865,80.87403,GDBDCL_2026-07-18T05:00:00+0000_45.7807
GDBDCL,Godavari at Bhadrachalam,Godavari,2026-07-18 06:00:00+00:00,45.75208636047574,NORMAL,47.5,48.5,53.0,17.66865,80.87403,GDBDCL_2026-07-18T06:00:00+0000_45.7521
GDBDCL,Godavari at Bhadrachalam,Godavari,2026-07-18 07:00:00+00:00,45.66061461962239,NORMAL,47.5,48.5,53.0,17.66865,80.87403,GDBDCL_2026-07-18T07:00:00+0000_45.6606
GDBDCL,Godavari at Bhadrachalam,Godavari,2026-07-18 08:00:00+00:00,45.612209010767295,NORMAL,47.5,48.5,53.0,17.66865,80.87403,GDBDCL_2026-07-18T08:00:00+0000_45.6122
GDBDCL,Godavari at Bhadrachalam,Godavari,2026-07-18 09:00:00+00:00,45.66675611938263,NORMAL,47.5,48.5,53.0,17.66865,80.87403,GDBDCL_2026-07-18T09:00:00+0000_45.6668
GDBDCL,Godavari at Bhadrachalam,Godavari,2026-07-18 10:00:00+00:00,45.54814716483632,NORMAL,47.5,48.5,53.0,17.66865,80.87403,GDBDCL_2026-07-18T10:00:00+0000_45.5481
GDBDCL,Godavari at Bhadrachalam,Godavari,2026-07-18 11:00:00+00:00,45.52963387219659,NORMAL,47.5,48.5,53.0,17.66865,80.87403,GDBDCL_2026-07-18T11:00:00+0000_45.5296
GDBDCL,Godavari at Bhadrachalam,Godavari,2026-07-18 12:00:00+00:00,45.52689715284239,NORMAL,47.5,48.5,53.0,17.66865,80.87403,GDBDCL_2026-07-18T12:00:00+0000_45.5269
GDBDCL,Godavari at Bhadrachalam,Godavari,2026-07-18 13:00:00+00:00,45.54203659985892,NORMAL,47.5,48.5,53.0,17.66865,80.87403,GDBDCL_2026-07-18T13:00:00+0000_45.5420
GDBDCL,Godavari at Bhadrachalam,Godavari,2026-07-18 14:00:00+00:00,45.504987830617296,NORMAL,47.5,48.5,53.0,17.66865,80.87403,GDBDCL_2026-07-18T14:00:00+0000_45.5050
GDBDCL,Godavari at Bhadrachalam,Godavari,2026-07-18 15:00:00+00:00,45.56903184886717,NORMAL,47.5,48.5,53.0,17.66865,80.87403,GDBDCL_2026-07-18T15:00:00+0000_45.5690
GDBDCL,Godavari at Bhadrachalam,Godavari,2026-07-18 16:00:00+00:00,45.58275033477285,NORMAL,47.5,48.5,53.0,17.66865,80.87403,GDBDCL_2026-07-18T16:00:00+0000_45.5828
GDBDCL,Godavari at Bhadrachalam,Godavari,2026-07-18 17:00:00+00:00,45.53385184046255,NORMAL,47.5,48.5,53.0,17.66865,80.87403,GDBDCL_2026-07-18T17:00:00+0000_45.5339
GDBDCL,Godavari at Bhadrachalam,Godavari,2026-07-18 18:00:00+00:00,45.642652850048975,NORMAL,47.5,48.5,53.0,17.66865,80.87403,GDBDCL_2026-07-18T18:00:00+0000_45.6427
GDBDCL,Godavari at Bhadrachalam,Godavari,2026-07-18 19:00:00+00:00,45.65745909271386,NORMAL,47.5,48.5,53.0,17.66865,80.87403,GDBDCL_2026-07-18T19:00:00+0000_45.6575
GDBDCL,Godavari at Bhadrachalam,Godavari,2026-07-18 20:00:00+00:00,45.7304544927619,NORMAL,47.5,48.5,53.0,17.66865,80.87403,GDBDCL_2026-07-18T20:00:00+0000_45.7305
GDBDCL,Godavari at Bhadrachalam,Godavari,2026-07-18 21:00:00+00:00,45.717006265957785,NORMAL,47.5,48.5,53.0,17.66865,80.87403,GDBDCL_2026-07-18T21:00:00+0000_45.7170
GDBDCL,Godavari at Bhadrachalam,Godavari,2026-07-18 22:00:00+00:00,45.797301749674304,NORMAL,47.5,48.5,53.0,17.66865,80.87403,GDBDCL_2026-07-18T22:00:00+0000_45.7973
GDBDCL,Godavari at Bhadrachalam,Godavari,2026-07-18 23:00:00+00:00,45.79692793449223,NORMAL,47.5,48.5,53.0,17.66865,80.87403,GDBDCL_2026-07-18T23:00:00+0000_45.7969
GDBDCL,Godavari at Bhadrachalam,Godavari,2026-07-19 00:00:00+00:00,45.78944899649277,NORMAL,47.5,48.5,53.0,17.66865,80.87403,GDBDCL_2026-07-19T00:00:00+0000_45.7894
GDBDCL,Godavari at Bhadrachalam,Godavari,2026-07-19 01:00:00+00:00,45.793006507520246,NORMAL,47.5,48.5,53.0,17.66865,80.87403,GDBDCL_2026-07-19T01:00:00+0000_45.7930
GDBDCL,Godavari at Bhadrachalam,Godavari,2026-07-19 02:00:00+00:00,45.823582240032,NORMAL,47.5,48.5,53.0,17.66865,80.87403,GDBDCL_2026-07-19T02:00:00+0000_45.8236
GDBDCL,Godavari at Bhadrachalam,Godavari,2026-07-19 03:00:00+00:00,45.80965318061824,NORMAL,47.5,48.5,53.0,17.66865,80.87403,GDBDCL_2026-07-19T03:00:00+0000_45.8097
GDBDCL,Godavari at Bhadrachalam,Godavari,2026-07-19 04:00:00+00:00,45.80720679947833,NORMAL,47.5,48.5,53.0,17.66865,80.87403,GDBDCL_2026-07-19T04:00:00+0000_45.8072
GDBDCL,Godavari at Bhadrachalam,Godavari,2026-07-19 05:00:00+00:00,46.82916427951041,NORMAL,47.5,48.5,53.0,17.66865,80.87403,GDBDCL_2026-07-19T05:00:00+0000_46.8292
GDBDCL,Godavari at Bhadrachalam,Godavari,2026-07-19 06:00:00+00:00,46.66131738183967,NORMAL,47.5,48.5,53.0,17.66865,80.87403,GDBDCL_2026-07-19T06:00:00+0000_46.6613
GDBDCL,Godavari at Bhadrachalam,Godavari,2026-07-19 07:00:00+00:00,46.50845490682362,NORMAL,47.5,48.5,53.0,17.66865,80.87403,GDBDCL_2026-07-19T07:00:00+0000_46.5085
GDBDCL,Godavari at Bhadrachalam,Godavari,2026-07-19 08:00:00+00:00,46.429683384227225,NORMAL,47.5,48.5,53.0,17.66865,80.87403,GDBDCL_2026-07-19T08:00:00+0000_46.4297
GDBDCL,Godavari at Bhadrachalam,Godavari,2026-07-19 09:00:00+00:00,46.3432862823519,NORMAL,47.5,48.5,53.0,17.66865,80.87403,GDBDCL_2026-07-19T09:00:00+0000_46.3433
GDBDCL,Godavari at Bhadrachalam,Godavari,2026-07-19 10:00:00+00:00,46.15474551382255,NORMAL,47.5,48.5,53.0,17.66865,80.87403,GDBDCL_2026-07-19T10:00:00+0000_46.1547
GDBDCL,Godavari at Bhadrachalam,Godavari,2026-07-19 11:00:00+00:00,45.55243240784148,NORMAL,47.5,48.5,53.0,17.66865,80.87403,GDBDCL_2026-07-19T11:00:00+0000_45.5524
GDBDCL,Godavari at Bhadrachalam,Godavari,2026-07-19 12:00:00+00:00,45.58836614064852,NORMAL,47.5,48.5,53.0,17.66865,80.87403,GDBDCL_2026-07-19T12:00:00+0000_45.5884
GDBDCL,Godavari at Bhadrachalam,Godavari,2026-07-19 13:00:00+00:00,45.5744409111192,NORMAL,47.5,48.5,53.0,17.66865,80.87403,GDBDCL_2026-07-19T13:00:00+0000_45.5744
GDBDCL,Godavari at Bhadrachalam,Godavari,2026-07-19 14:00:00+00:00,45.555963693642624,NORMAL,47.5,48.5,53.0,17.66865,80.87403,GDBDCL_2026-07-19T14:00:00+0000_45.5560
GDBDCL,Godavari at Bhadrachalam,Godavari,2026-07-19 15:00:00+00:00,45.53486416427564,NORMAL,47.5,48.5,53.0,17.66865,80.87403,GDBDCL_2026-07-19T15:00:00+0000_45.5349
GDBDCL,Godavari at Bhadrachalam,Godavari,2026-07-19 16:00:00+00:00,45.52050445627002,NORMAL,47.5,48.5,53.0,17.66865,80.87403,GDBDCL_2026-07-19T16:00:00+0000_45.5205
GDBDCL,Godavari at Bhadrachalam,Godavari,2026-07-19 17:00:00+00:00,45.55972296354348,NORMAL,47.5,48.5,53.0,17.66865,80.87403,GDBDCL_2026-07-19T17:00:00+0000_45.5597
GDBDCL,Godavari at Bhadrachalam,Godavari,2026-07-19 18:00:00+00:00,45.64728256566632,NORMAL,47.5,48.5,53.0,17.66865,80.87403,GDBDCL_2026-07-19T18:00:00+0000_45.6473
GDBDCL,Godavari at Bhadrachalam,Godavari,2026-07-19 19:00:00+00:00,,,47.5,48.5,53.0,17.66865,80.87403,GDBDCL_2026-07-19T19:00:00+0000_
GDBDCL,Godavari at Bhadrachalam,Godavari,2026-07-19 20:00:00+00:00,45.715229509032014,NORMAL,47.5,48.5,53.0,17.66865,80.87403,GDBDCL_2026-07-19T20:00:00+0000_45.7152
GDBDCL,Godavari at Bhadrachalam,Godavari,2026-07-19 21:00:00+00:00,45.763574228110535,NORMAL,47.5,48.5,53.0,17.66865,80.87403,GDBDCL_2026-07-19T21:00:00+0000_45.7636
GDBDCL,Godavari at Bhadrachalam,Godavari,2026-07-19 22:00:00+00:00,45.78006767129348,NORMAL,47.5,48.5,53.0,17.66865,80.87403,GDBDCL_2026-07-19T22:00:00+0000_45.7801
GDBDCL,Godavari at Bhadrachalam,Godavari,2026-07-19 23:00:00+00:00,45.81722827673569,NORMAL,47.5,48.5,53.0,17.66865,80.87403,GDBDCL_2026-07-19T23:00:00+0000_45.8172
GDBDCL,Godavari at Bhadrachalam,Godavari,2026-07-20 00:00:00+00:00,45.81124851602758,NORMAL,47.5,48.5,53.0,17.66865,80.87403,GDBDCL_2026-07-20T00:00:00+0000_45.8112
GDBDCL,Godavari at Bhadrachalam,Godavari,2026-07-20 01:00:00+00:00,45.82226887969546,NORMAL,47.5,48.5,53.0,17.66865,80.87403,GDBDCL_2026-07-20T01:00:00+0000_45.8223
GDBDCL,Godavari at Bhadrachalam,Godavari,2026-07-20 02:00:00+00:00,45.78226033259124,NORMAL,47.5,48.5,53.0,17.66865,80.87403,GDBDCL_2026-07-20T02:00:00+0000_45.7823
GDBDCL,Godavari at Bhadrachalam,Godavari,2026-07-20 03:00:00+00:00,45.84221389604389,NORMAL,47.5,48.5,53.0,17.66865,80.87403,GDBDCL_2026-07-20T03:00:00+0000_45.8422
GDBDCL,Godavari at Bhadrachalam,Godavari,2026-07-20 04:00:00+00:00,45.75795257334964,NORMAL,47.5,48.5,53.0,17.66865,80.87403,GDBDCL_2026-07-20T04:00:00+0000_45.7580
GDBDCL,Godavari at Bhadrachalam,Godavari,2026-07-20 05:00:00+00:00,45.71098717408584,NORMAL,47.5,48.5,53.0,17.66865,80.87403,GDBDCL_2026-07-20T05:00:00+0000_45.7110
GDBDCL,Godavari at Bhadrachalam,Godavari,2026-07-20 06:00:00+00:00,45.75851496967448,NORMAL,47.5,48.5,53.0,17.66865,80.87403,GDBDCL_2026-07-20T06:00:00+0000_45.7585
GDBDCL,Godavari at Bhadrachalam,Godavari,2026-07-20 07:00:00+00:00,45.71725360143992,NORMAL,47.5,48.5,53.0,17.66865,80.87403,GDBDCL_2026-07-20T07:00:00+0000_45.7173
GDBDCL,Godavari at Bhadrachalam,Godavari,2026-07-20 08:00:00+00:00,45.67706593547483,NORMAL,47.5,48.5,53.0,17.66865,80.87403,GDBDCL_2026-07-20T08:00:00+0000_45.6771
GDBDCL,Godavari at Bhadrachalam,Godavari,2026-07-20 09:00:00+00:00,45.56687814948725,NORMAL,47.5,48.5,53.0,17.66865,80.87403,GDBDCL_2026-07-20T09:00:00+0000_45.5669
GDBDCL,Godavari at Bhadrachalam,Godavari,2026-07-20 10:00:00+00:00,45.53528654535937,NORMAL,47.5,48.5,53.0,17.66865,80.87403,GDBDCL_2026-07-20T10:00:00+0000_45.5353
GDBDCL,Godavari at Bhadrachalam,Godavari,2026-07-20 11:00:00+00:00,,,47.5,48.5,53.0,17.66865,80.87403,GDBDCL_2026-07-20T11:00:00+0000_
GDBDCL,Godavari at Bhadrachalam,Godavari,2026-07-20 12:00:00+00:00,,,47.5,48.5,53.0,17.66865,80.87403,GDBDCL_2026-07-20T12:00:00+0000_
GDBDCL,Godavari at Bhadrachalam,Godavari,2026-07-20 13:00:00+00:00,45.5711584736703,NORMAL,47.5,48.5,53.0,17.66865,80.87403,GDBDCL_2026-07-20T13:00:00+0000_45.5712
GDBDCL,Godavari at Bhadrachalam,Godavari,2026-07-20 14:00:00+00:00,45.51736048178785,NORMAL,47.5,48.5,53.0,17.66865,80.87403,GDBDCL_2026-07-20T14:00:00+0000_45.5174
GDBDCL,Godavari at Bhadrachalam,Godavari,2026-07-20 15:00:00+00:00,45.55898885054641,NORMAL,47.5,48.5,53.0,17.66865,80.87403,GDBDCL_2026-07-20T15:00:00+0000_45.5590
GDBDCL,Godavari at Bhadrachalam,Godavari,2026-07-20 16:00:00+00:00,45.54164225641852,NORMAL,47.5,48.5,53.0,17.66865,80.87403,GDBDCL_2026-07-20T16:00:00+0000_45.5416
GDBDCL,Godavari at Bhadrachalam,Godavari,2026-07-20 17:00:00+00:00,45.54439299165137,NORMAL,47.5,48.5,53.0,17.66865,80.87403,GDBDCL_2026-07-20T17:00:00+0000_45.5444
GDBDCL,Godavari at Bhadrachalam,Godavari,2026-07-20 18:00:00+00:00,45.602852644982086,NORMAL,47.5,48.5,53.0,17.66865,80.87403,GDBDCL_2026-07-20T18:00:00+0000_45.6029
GDBDCL,Godavari at Bhadrachalam,Godavari,2026-07-20 19:00:00+00:00,45.619396917005474,NORMAL,47.5,48.5,53.0,17.66865,80.87403,GDBDCL_2026-07-20T19:00:00+0000_45.6194
GDBDCL,Godavari at Bhadrachalam,Godavari,2026-07-20 20:00:00+00:00,45.685202888619344,NORMAL,47.5,48.5,53.0,17.66865,80.87403,GDBDCL_2026-07-20T20:00:00+0000_45.6852
GDBDCL,Godavari at Bhadrachalam,Godavari,2026-07-20 21:00:00+00:00,45.67550571401348,NORMAL,47.5,48.5,53.0,17.66865,80.87403,GDBDCL_2026-07-20T21:00:00+0000_45.6755
GDBDCL,Godavari at Bhadrachalam,Godavari,2026-07-20 22:00:00+00:00,45.76909662087861,NORMAL,47.5,48.5,53.0,17.66865,80.87403,GDBDCL_2026-07-20T22:00:00+0000_45.7691
GDBDCL,Godavari at Bhadrachalam,Godavari,2026-07-20 23:00:00+00:00,45.74816827890268,NORMAL,47.5,48.5,53.0,17.66865,80.87403,GDBDCL_2026-07-20T23:00:00+0000_45.7482
GDBDCL,Godavari at Bhadrachalam,Godavari,2026-07-21 00:00:00+00:00,45.7542836461006,NORMAL,47.5,48.5,53.0,17.66865,80.87403,GDBDCL_2026-07-21T00:00:00+0000_45.7543
GDBDCL,Godavari at Bhadrachalam,Godavari,2026-07-21 01:00:00+00:00,45.8216850386519,NORMAL,47.5,48.5,53.0,17.66865,80.87403,GDBDCL_2026-07-21T01:00:00+0000_45.8217
GDBDCL,Godavari at Bhadrachalam,Godavari,2026-07-21 02:00:00+00:00,45.7988164875138,NORMAL,47.5,48.5,53.0,17.66865,80.87403,GDBDCL_2026-07-21T02:00:00+0000_45.7988
GDBDCL,Godavari at Bhadrachalam,Godavari,2026-07-21 03:00:00+00:00,45.83933596672959,NORMAL,47.5,48.5,53.0,17.66865,80.87403,GDBDCL_2026-07-21T03:00:00+0000_45.8393
GDBDCL,Godavari at Bhadrachalam,Godavari,2026-07-21 04:00:00+00:00,45.77715542801269,NORMAL,47.5,48.5,53.0,17.66865,80.87403,GDBDCL_2026-07-21T04:00:00+0000_45.7772
GDBDCL,Godavari at Bhadrachalam,Godavari,2026-07-21 05:00:00+00:00,45.79928855656209,NORMAL,47.5,48.5,53.0,17.66865,80.87403,GDBDCL_2026-07-21T05:00:00+0000_45.7993
GDBDCL,Godavari at Bhadrachalam,Godavari,2026-07-21 06:00:00+00:00,45.70424077834565,NORMAL,47.5,48.5,53.0,17.66865,80.87403,GDBDCL_2026-07-21T06:00:00+0000_45.7042
GDBDCL,Godavari at Bhadrachalam,Godavari,2026-07-21 07:00:00+00:00,45.658494332928335,NORMAL,47.5,48.5,53.0,17.66865,80.87403,GDBDCL_2026-07-21T07:00:00+0000_45.6585
GDBDCL,Godavari at Bhadrachalam,Godavari,2026-07-21 08:00:00+00:00,45.60382728917237,NORMAL,47.5,48.5,53.0,17.66865,80.87403,GDBDCL_2026-07-21T08:00:00+0000_45.6038
GDBDCL,Godavari at Bhadrachalam,Godavari,2026-07-21 09:00:00+00:00,45.63886518925947,NORMAL,47.5,48.5,53.0,17.66865,80.87403,GDBDCL_2026-07-21T09:00:00+0000_45.6389
GDBDCL,Godavari at Bhadrachalam,Godavari,2026-07-21 10:00:00+00:00,45.5723658196131,NORMAL,47.5,48.5,53.0,17.66865,80.87403,GDBDCL_2026-07-21T10:00:00+0000_45.5724
GDBDCL,Godavari at Bhadrachalam,Godavari,2026-07-21 11:00:00+00:00,45.54083424316837,NORMAL,47.5,48.5,53.0,17.66865,80.87403,GDBDCL_2026-07-21T11:00:00+0000_45.5408
GDBDCL,Godavari at Bhadrachalam,Godavari,2026-07-21 12:00:00+00:00,45.541322782540966,NORMAL,47.5,48.5,53.0,17.66865,80.87403,GDBDCL_2026-07-21T12:00:00+0000_45.5413
GDBDCL,Godavari at Bhadrachalam,Godavari,2026-07-21 13:00:00+00:00,45.53561347121247,NORMAL,47.5,48.5,53.0,17.66865,80.87403,GDBDCL_2026-07-21T13:00:00+0000_45.5356
GDBDCL,Godavari at Bhadrachalam,Godavari,2026-07-21 14:00:00+00:00,45.55672189322561,NORMAL,47.5,48.5,53.0,17.66865,80.87403,GDBDCL_2026-07-21T14:00:00+0000_45.5567
GDBDCL,Godavari at Bhadrachalam,Godavari,2026-07-21 15:00:00+00:00,45.57312167243225,NORMAL,47.5,48.5,53.0,17.66865,80.87403,GDBDCL_2026-07-21T15:00:00+0000_45.5731
GDBDCL,Godavari at Bhadrachalam,Godavari,2026-07-21 16:00:00+00:00,45.52546305913704,NORMAL,47.5,48.5,53.0,17.66865,80.87403,GDBDCL_2026-07-21T16:00:00+0000_45.5255
GDBDCL,Godavari at Bhadrachalam,Godavari,2026-07-21 17:00:00+00:00,45.580434023663024,NORMAL,47.5,48.5,53.0,17.66865,80.87403,GDBDCL_2026-07-21T17:00:00+0000_45.5804
GDBDCL,Godavari at Bhadrachalam,Godavari,2026-07-21 18:00:00+00:00,45.57300949549781,NORMAL,47.5,48.5,53.0,17.66865,80.87403,GDBDCL_2026-07-21T18:00:00+0000_45.5730
GDBDCL,Godavari at Bhadrachalam,Godavari,2026-07-21 19:00:00+00:00,45.60605665131617,NORMAL,47.5,48.5,53.0,17.66865,80.87403,GDBDCL_2026-07-21T19:00:00+0000_45.6061
GDBDCL,Godavari at Bhadrachalam,Godavari,2026-07-21 20:00:00+00:00,45.72305739678473,NORMAL,47.5,48.5,53.0,17.66865,80.87403,GDBDCL_2026-07-21T20:00:00+0000_45.7231
GDBDCL,Godavari at Bhadrachalam,Godavari,2026-07-21 21:00:00+00:00,45.764101607732535,NORMAL,47.5,48.5,53.0,17.66865,80.87403,GDBDCL_2026-07-21T21:00:00+0000_45.7641
GDBDCL,Godavari at Bhadrachalam,Godavari,2026-07-21 22:00:00+00:00,45.772821702688944,NORMAL,47.5,48.5,53.0,17.66865,80.87403,GDBDCL_2026-07-21T22:00:00+0000_45.7728
GDBDCL,Godavari at Bhadrachalam,Godavari,2026-07-21 23:00:00+00:00,45.81207764016086,NORMAL,47.5,48.5,53.0,17.66865,80.87403,GDBDCL_2026-07-21T23:00:00+0000_45.8121
GDBDCL,Godavari at Bhadrachalam,Godavari,2026-07-22 00:00:00+00:00,45.79525361112869,NORMAL,47.5,48.5,53.0,17.66865,80.87403,GDBDCL_2026-07-22T00:00:00+0000_45.7953
GDBDCL,Godavari at Bhadrachalam,Godavari,2026-07-22 01:00:00+00:00,45.75653662424944,NORMAL,47.5,48.5,53.0,17.66865,80.87403,GDBDCL_2026-07-22T01:00:00+0000_45.7565
GDBDCL,Godavari at Bhadrachalam,Godavari,2026-07-22 02:00:00+00:00,45.75779408065838,NORMAL,47.5,48.5,53.0,17.66865,80.87403,GDBDCL_2026-07-22T02:00:00+0000_45.7578
GDBDCL,Godavari at Bhadrachalam,Godavari,2026-07-22 03:00:00+00:00,45.75804274055525,NORMAL,47.5,48.5,53.0,17.66865,80.87403,GDBDCL_2026-07-22T03:00:00+0000_45.7580
GDBDCL,Godavari at Bhadrachalam,Godavari,2026-07-22 04:00:00+00:00,45.728007823603306,NORMAL,47.5,48.5,53.0,17.66865,80.87403,GDBDCL_2026-07-22T04:00:00+0000_45.7280
GDBDCL,Godavari at Bhadrachalam,Godavari,2026-07-22 05:00:00+00:00,45.79255702575912,NORMAL,47.5,48.5,53.0,17.66865,80.87403,GDBDCL_2026-07-22T05:00:00+0000_45.7926
GDBDCL,Godavari at Bhadrachalam,Godavari,2026-07-22 06:00:00+00:00,45.76458079865536,NORMAL,47.5,48.5,53.0,17.66865,80.87403,GDBDCL_2026-07-22T06:00:00+0000_45.7646
GDBDCL,Godavari at Bhadrachalam,Godavari,2026-07-22 07:00:00+00:00,45.656882187074565,NORMAL,47.5,48.5,53.0,17.66865,80.87403,GDBDCL_2026-07-22T07:00:00+0000_45.6569
GDBDCL,Godavari at Bhadrachalam,Godavari,2026-07-22 08:00:00+00:00,45.62640408772455,NORMAL,47.5,48.5,53.0,17.66865,80.87403,GDBDCL_2026-07-22T08:00:00+0000_45.6264
GDBDCL,Godavari at Bhadrachalam,Godavari,2026-07-22 09:00:00+00:00,45.65571016923348,NORMAL,47.5,48.5,53.0,17.66865,80.87403,GDBDCL_2026-07-22T09:00:00+0000_45.6557
GDBDCL,Godavari at Bhadrachalam,Godavari,2026-07-22 10:00:00+00:00,45.60257572344382,NORMAL,47.5,48.5,53.0,17.66865,80.87403,GDBDCL_2026-07-22T10:00:00+0000_45.6026
GDBDCL,Godavari at Bhadrachalam,Godavari,2026-07-22 11:00:00+00:00,45.59440289268915,NORMAL,47.5,48.5,53.0,17.66865,80.87403,GDBDCL_2026-07-22T11:00:00+0000_45.5944
GDBDCL,Godavari at Bhadrachalam,Godavari,2026-07-22 12:00:00+00:00,45.56052018251064,NORMAL,47.5,48.5,53.0,17.66865,80.87403,GDBDCL_2026-07-22T12:00:00+0000_45.5605
GDBDCL,Godavari at Bhadrachalam,Godavari,2026-07-22 13:00:00+00:00,45.48339514456246,NORMAL,47.5,48.5,53.0,17.66865,80.87403,GDBDCL_2026-07-22T13:00:00+0000_45.4834
GDBDCL,Godavari at Bhadrachalam,Godavari,2026-07-22 14:00:00+00:00,45.50152652350494,NORMAL,47.5,48.5,53.0,17.66865,80.87403,GDBDCL_2026-07-22T14:00:00+0000_45.5015
GDBDCL,Godavari at Bhadrachalam,Godavari,2026-07-22 15:00:00+00:00,45.55070495111782,NORMAL,47.5,48.5,53.0,17.66865,80.87403,GDBDCL_2026-07-22T15:00:00+0000_45.5507
GDBDCL,Godavari at Bhadrachalam,Godavari,2026-07-22 16:00:00+00:00,45.51325336588085,NORMAL,47.5,48.5,53.0,17.66865,80.87403,GDBDCL_2026-07-22T16:00:00+0000_45.5133
GDBDCL,Godavari at Bhadrachalam,Godavari,2026-07-22 17:00:00+00:00,45.542997370115415,NORMAL,47.5,48.5,53.0,17.66865,80.87403,GDBDCL_2026-07-22T17:00:00+0000_45.5430
GDBDCL,Godavari at Bhadrachalam,Godavari,2026-07-22 18:00:00+00:00,45.6148694016272,NORMAL,47.5,48.5,53.0,17.66865,80.87403,GDBDCL_2026-07-22T18:00:00+0000_45.6149
GDBDCL,Godavari at Bhadrachalam,Godavari,2026-07-22 19:00:00+00:00,45.63019238293315,NORMAL,47.5,48.5,53.0,17.66865,80.87403,GDBDCL_2026-07-22T19:00:00+0000_45.6302
GDBDCL,Godavari at Bhadrachalam,Godavari,2026-07-22 20:00:00+00:00,45.71392094629997,NORMAL,47.5,48.5,53.0,17.66865,80.87403,GDBDCL_2026-07-22T20:00:00+0000_45.7139
GDBDCL,Godavari at Bhadrachalam,Godavari,2026-07-22 21:00:00+00:00,45.736598632622126,NORMAL,47.5,48.5,53.0,17.66865,80.87403,GDBDCL_2026-07-22T21:00:00+0000_45.7366
GDBDCL,Godavari at Bhadrachalam,Godavari,2026-07-22 22:00:00+00:00,45.706913700975385,NORMAL,47.5,48.5,53.0,17.66865,80.87403,GDBDCL_2026-07-22T22:00:00+0000_45.7069
GDBDCL,Godavari at Bhadrachalam,Godavari,2026-07-22 23:00:00+00:00,45.78532726103098,NORMAL,47.5,48.5,53.0,17.66865,80.87403,GDBDCL_2026-07-22T23:00:00+0000_45.7853
GDBDCL,Godavari at Bhadrachalam,Godavari,2026-07-23 00:00:00+00:00,45.73776306659741,NORMAL,47.5,48.5,53.0,17.66865,80.87403,GDBDCL_2026-07-23T00:00:00+0000_45.7378
GDBDCL,Godavari at Bhadrachalam,Godavari,2026-07-23 01:00:00+00:00,45.76323541144961,NORMAL,47.5,48.5,53.0,17.66865,80.87403,GDBDCL_2026-07-23T01:00:00+0000_45.7632
GDBDCL,Godavari at Bhadrachalam,Godavari,2026-07-23 02:00:00+00:00,45.80974887355296,NORMAL,47.5,48.5,53.0,17.66865,80.87403,GDBDCL_2026-07-23T02:00:00+0000_45.8097
GDBDCL,Godavari at Bhadrachalam,Godavari,2026-07-23 03:00:00+00:00,45.792656235728,NORMAL,47.5,48.5,53.0,17.66865,80.87403,GDBDCL_2026-07-23T03:00:00+0000_45.7927
GDBDCL,Godavari at Bhadrachalam,Godavari,2026-07-23 04:00:00+00:00,45.72448072332143,NORMAL,47.5,48.5,53.0,17.66865,80.87403,GDBDCL_2026-07-23T04:00:00+0000_45.7245
GDBDCL,Godavari at Bhadrachalam,Godavari,2026-07-23 05:00:00+00:00,45.782768184080055,NORMAL,47.5,48.5,53.0,17.66865,80.87403,GDBDCL_2026-07-23T05:00:00+0000_45.7828
GDBDCL,Godavari at Bhadrachalam,Godavari,2026-07-23 06:00:00+00:00,45.72382321917145,NORMAL,47.5,48.5,53.0,17.66865,80.87403,GDBDCL_2026-07-23T06:00:00+0000_45.7238
GDBDCL,Godavari at Bhadrachalam,Godavari,2026-07-23 07:00:00+00:00,45.65779474358583,NORMAL,47.5,48.5,53.0,17.66865,80.87403,GDBDCL_2026-07-23T07:00:00+0000_45.6578
GDBDCL,Godavari at Bhadrachalam,Godavari,2026-07-23 08:00:00+00:00,45.64192044632252,NORMAL,47.5,48.5,53.0,17.66865,80.87403,GDBDCL_2026-07-23T08:00:00+0000_45.6419
GDBDCL,Godavari at Bhadrachalam,Godavari,2026-07-23 09:00:00+00:00,45.60242118603163,NORMAL,47.5,48.5,53.0,17.66865,80.87403,GDBDCL_2026-07-23T09:00:00+0000_45.6024
GDBDCL,Godavari at Bhadrachalam,Godavari,2026-07-23 10:00:00+00:00,45.53431396801531,NORMAL,47.5,48.5,53.0,17.66865,80.87403,GDBDCL_2026-07-23T10:00:00+0000_45.5343
GDBDCL,Godavari at Bhadrachalam,Godavari,2026-07-23 11:00:00+00:00,45.57638349625786,NORMAL,47.5,48.5,53.0,17.66865,80.87403,GDBDCL_2026-07-23T11:00:00+0000_45.5764
GDBDCL,Godavari at Bhadrachalam,Godavari,2026-07-23 12:00:00+00:00,45.53806710721936,NORMAL,47.5,48.5,53.0,17.66865,80.87403,GDBDCL_2026-07-23T12:00:00+0000_45.5381
GDBDCL,Godavari at Bhadrachalam,Godavari,2026-07-23 13:00:00+00:00,45.51038761786823,NORMAL,47.5,48.5,53.0,17.66865,80.87403,GDBDCL_2026-07-23T13:00:00+0000_45.5104
GDBDCL,Godavari at Bhadrachalam,Godavari,2026-07-23 14:00:00+00:00,45.53210584745556,NORMAL,47.5,48.5,53.0,17.66865,80.87403,GDBDCL_2026-07-23T14:00:00+0000_45.5321
GDBDCL,Godavari at Bhadrachalam,Godavari,2026-07-23 15:00:00+00:00,45.53248731887769,NORMAL,47.5,48.5,53.0,17.66865,80.87403,GDBDCL_2026-07-23T15:00:00+0000_45.5325
GDBDCL,Godavari at Bhadrachalam,Godavari,2026-07-23 16:00:00+00:00,45.56332995673448,NORMAL,47.5,48.5,53.0,17.66865,80.87403,GDBDCL_2026-07-23T16:00:00+0000_45.5633
GDBDCL,Godavari at Bhadrachalam,Godavari,2026-07-23 17:00:00+00:00,45.58117997708875,NORMAL,47.5,48.5,53.0,17.66865,80.87403,GDBDCL_2026-07-23T17:00:00+0000_45.5812
GDBDCL,Godavari at Bhadrachalam,Godavari,2026-07-23 18:00:00+00:00,45.61947179163703,NORMAL,47.5,48.5,53.0,17.66865,80.87403,GDBDCL_2026-07-23T18:00:00+0000_45.6195
GDBDCL,Godavari at Bhadrachalam,Godavari,2026-07-23 19:00:00+00:00,45.62349508218532,NORMAL,47.5,48.5,53.0,17.66865,80.87403,GDBDCL_2026-07-23T19:00:00+0000_45.6235
GDBDCL,Godavari at Bhadrachalam,Godavari,2026-07-23 20:00:00+00:00,45.71284189743668,NORMAL,47.5,48.5,53.0,17.66865,80.87403,GDBDCL_2026-07-23T20:00:00+0000_45.7128
GDBDCL,Godavari at Bhadrachalam,Godavari,2026-07-23 21:00:00+00:00,45.7071335224648,NORMAL,47.5,48.5,53.0,17.66865,80.87403,GDBDCL_2026-07-23T21:00:00+0000_45.7071
GDBDCL,Godavari at Bhadrachalam,Godavari,2026-07-23 22:00:00+00:00,45.75490434716045,NORMAL,47.5,48.5,53.0,17.66865,80.87403,GDBDCL_2026-07-23T22:00:00+0000_45.7549
GDBDCL,Godavari at Bhadrachalam,Godavari,2026-07-23 23:00:00+00:00,45.78134390954481,NORMAL,47.5,48.5,53.0,17.66865,80.87403,GDBDCL_2026-07-23T23:00:00+0000_45.7813
GDBDCL,Godavari at Bhadrachalam,Godavari,2026-07-24 00:00:00+00:00,45.82084215484181,NORMAL,47.5,48.5,53.0,17.66865,80.87403,GDBDCL_2026-07-24T00:00:00+0000_45.8208
GDBDCL,Godavari at Bhadrachalam,Godavari,2026-07-24 01:00:00+00:00,45.84301378599664,NORMAL,47.5,48.5,53.0,17.66865,80.87403,GDBDCL_2026-07-24T01:00:00+0000_45.8430
GDBDCL,Godavari at Bhadrachalam,Godavari,2026-07-24 02:00:00+00:00,45.80938081410193,NORMAL,47.5,48.5,53.0,17.66865,80.87403,GDBDCL_2026-07-24T02:00:00+0000_45.8094
GDBDCL,Godavari at Bhadrachalam,Godavari,2026-07-24 03:00:00+00:00,45.80077726059049,NORMAL,47.5,48.5,53.0,17.66865,80.87403,GDBDCL_2026-07-24T03:00:00+0000_45.8008
GDBDCL,Godavari at Bhadrachalam,Godavari,2026-07-24 04:00:00+00:00,45.786555258496655,NORMAL,47.5,48.5,53.0,17.66865,80.87403,GDBDCL_2026-07-24T04:00:00+0000_45.7866
GDBDCL,Godavari at Bhadrachalam,Godavari,2026-07-24 05:00:00+00:00,,,47.5,48.5,53.0,17.66865,80.87403,GDBDCL_2026-07-24T05:00:00+0000_
GDBDCL,Godavari at Bhadrachalam,Godavari,2026-07-24 06:00:00+00:00,45.71812711231171,NORMAL,47.5,48.5,53.0,17.66865,80.87403,GDBDCL_2026-07-24T06:00:00+0000_45.7181
GDBDCL,Godavari at Bhadrachalam,Godavari,2026-07-24 07:00:00+00:00,45.64696332360917,NORMAL,47.5,48.5,53.0,17.66865,80.87403,GDBDCL_2026-07-24T07:00:00+0000_45.6470
GDBDCL,Godavari at Bhadrachalam,Godavari,2026-07-24 08:00:00+00:00,45.64508036257608,NORMAL,47.5,48.5,53.0,17.66865,80.87403,GDBDCL_2026-07-24T08:00:00+0000_45.6451
GDBDCL,Godavari at Bhadrachalam,Godavari,2026-07-24 09:00:00+00:00,45.5766398549861,NORMAL,47.5,48.5,53.0,17.66865,80.87403,GDBDCL_2026-07-24T09:00:00+0000_45.5766
GDBDCL,Godavari at Bhadrachalam,Godavari,2026-07-24 10:00:00+00:00,45.56519833231887,NORMAL,47.5,48.5,53.0,17.66865,80.87403,GDBDCL_2026-07-24T10:00:00+0000_45.5652
GDBDCL,Godavari at Bhadrachalam,Godavari,2026-07-24 11:00:00+00:00,45.56655926945947,NORMAL,47.5,48.5,53.0,17.66865,80.87403,GDBDCL_2026-07-24T11:00:00+0000_45.5666
GDBDCL,Godavari at Bhadrachalam,Godavari,2026-07-24 12:00:00+00:00,45.51799579721112,NORMAL,47.5,48.5,53.0,17.66865,80.87403,GDBDCL_2026-07-24T12:00:00+0000_45.5180
GDBDCL,Godavari at Bhadrachalam,Godavari,2026-07-24 13:00:00+00:00,45.54553065881217,NORMAL,47.5,48.5,53.0,17.66865,80.87403,GDBDCL_2026-07-24T13:00:00+0000_45.5455
GDBDCL,Godavari at Bhadrachalam,Godavari,2026-07-24 14:00:00+00:00,45.51809051204255,NORMAL,47.5,48.5,53.0,17.66865,80.87403,GDBDCL_2026-07-24T14:00:00+0000_45.5181
GDBDCL,Godavari at Bhadrachalam,Godavari,2026-07-24 15:00:00+00:00,45.49676742791529,NORMAL,47.5,48.5,53.0,17.66865,80.87403,GDBDCL_2026-07-24T15:00:00+0000_45.4968
GDBDCL,Godavari at Bhadrachalam,Godavari,2026-07-24 16:00:00+00:00,45.521090038744056,NORMAL,47.5,48.5,53.0,17.66865,80.87403,GDBDCL_2026-07-24T16:00:00+0000_45.5211
GDBDCL,Godavari at Bhadrachalam,Godavari,2026-07-24 17:00:00+00:00,45.53247009190307,NORMAL,47.5,48.5,53.0,17.66865,80.87403,GDBDCL_2026-07-24T17:00:00+0000_45.5325
GDBDCL,Godavari at Bhadrachalam,Godavari,2026-07-24 18:00:00+00:00,45.557462885300495,NORMAL,47.5,48.5,53.0,17.66865,80.87403,GDBDCL_2026-07-24T18:00:00+0000_45.5575
GDBDCL,Godavari at Bhadrachalam,Godavari,2026-07-24 19:00:00+00:00,45.65736949604902,NORMAL,47.5,48.5,53.0,17.66865,80.87403,GDBDCL_2026-07-24T19:00:00+0000_45.6574
GDBDCL,Godavari at Bhadrachalam,Godavari,2026-07-24 20:00:00+00:00,45.71382521212014,NORMAL,47.5,48.5,53.0,17.66865,80.87403,GDBDCL_2026-07-24T20:00:00+0000_45.7138
GDBDCL,Godavari at Bhadrachalam,Godavari,2026-07-24 21:00:00+00:00,45.66331219586241,NORMAL,47.5,48.5,53.0,17.66865,80.87403,GDBDCL_2026-07-24T21:00:00+0000_45.6633
GDBDCL,Godavari at Bhadrachalam,Godavari,2026-07-24 22:00:00+00:00,45.76551553534547,NORMAL,47.5,48.5,53.0,17.66865,80.87403,GDBDCL_2026-07-24T22:00:00+0000_45.7655
GDBDCL,Godavari at Bhadrachalam,Godavari,2026-07-24 23:00:00+00:00,45.810848241894455,NORMAL,47.5,48.5,53.0,17.66865,80.87403,GDBDCL_2026-07-24T23:00:00+0000_45.8108
GDBDCL,Godavari at Bhadrachalam,Godavari,2026-07-25 00:00:00+00:00,45.76840049910596,NORMAL,47.5,48.5,53.0,17.66865,80.87403,GDBDCL_2026-07-25T00:00:00+0000_45.7684
GDBDCL,Godavari at Bhadrachalam,Godavari,2026-07-25 01:00:00+00:00,45.74901247609304,NORMAL,47.5,48.5,53.0,17.66865,80.87403,GDBDCL_2026-07-25T01:00:00+0000_45.7490
GDBDCL,Godavari at Bhadrachalam,Godavari,2026-07-25 02:00:00+00:00,45.743463278373234,NORMAL,47.5,48.5,53.0,17.66865,80.87403,GDBDCL_2026-07-25T02:00:00+0000_45.7435
GDBDCL,Godavari at Bhadrachalam,Godavari,2026-07-25 03:00:00+00:00,45.75891344321779,NORMAL,47.5,48.5,53.0,17.66865,80.87403,GDBDCL_2026-07-25T03:00:00+0000_45.7589
GDBDCL,Godavari at Bhadrachalam,Godavari,2026-07-25 04:00:00+00:00,45.75631888065475,NORMAL,47.5,48.5,53.0,17.66865,80.87403,GDBDCL_2026-07-25T04:00:00+0000_45.7563
GDBDCL,Godavari at Bhadrachalam,Godavari,2026-07-25 05:00:00+00:00,45.79009350952211,NORMAL,47.5,48.5,53.0,17.66865,80.87403,GDBDCL_2026-07-25T05:00:00+0000_45.7901
GDBDCL,Godavari at Bhadrachalam,Godavari,2026-07-25 06:00:00+00:00,45.69392948985108,NORMAL,47.5,48.5,53.0,17.66865,80.87403,GDBDCL_2026-07-25T06:00:00+0000_45.6939
GDBDCL,Godavari at Bhadrachalam,Godavari,2026-07-25 07:00:00+00:00,45.69466594245427,NORMAL,47.5,48.5,53.0,17.66865,80.87403,GDBDCL_2026-07-25T07:00:00+0000_45.6947
GDBDCL,Godavari at Bhadrachalam,Godavari,2026-07-25 08:00:00+00:00,45.62203771743745,NORMAL,47.5,48.5,53.0,17.66865,80.87403,GDBDCL_2026-07-25T08:00:00+0000_45.6220
GDBDCL,Godavari at Bhadrachalam,Godavari,2026-07-25 09:00:00+00:00,45.60762882520121,NORMAL,47.5,48.5,53.0,17.66865,80.87403,GDBDCL_2026-07-25T09:00:00+0000_45.6076
GDBDCL,Godavari at Bhadrachalam,Godavari,2026-07-25 10:00:00+00:00,45.56817645960618,NORMAL,47.5,48.5,53.0,17.66865,80.87403,GDBDCL_2026-07-25T10:00:00+0000_45.5682
GDBDCL,Godavari at Bhadrachalam,Godavari,2026-07-25 11:00:00+00:00,45.534568013417264,NORMAL,47.5,48.5,53.0,17.66865,80.87403,GDBDCL_2026-07-25T11:00:00+0000_45.5346
GDBDCL,Godavari at Bhadrachalam,Godavari,2026-07-25 12:00:00+00:00,45.51098695128272,NORMAL,47.5,48.5,53.0,17.66865,80.87403,GDBDCL_2026-07-25T12:00:00+0000_45.5110
GDBDCL,Godavari at Bhadrachalam,Godavari,2026-07-25 13:00:00+00:00,45.49479683199712,NORMAL,47.5,48.5,53.0,17.66865,80.87403,GDBDCL_2026-07-25T13:00:00+0000_45.4948
GDBDCL,Godavari at Bhadrachalam,Godavari,2026-07-25 14:00:00+00:00,45.54040480716989,NORMAL,47.5,48.5,53.0,17.66865,80.87403,GDBDCL_2026-07-25T14:00:00+0000_45.5404
GDBDCL,Godavari at Bhadrachalam,Godavari,2026-07-25 15:00:00+00:00,45.546461777538575,NORMAL,47.5,48.5,53.0,17.66865,80.87403,GDBDCL_2026-07-25T15:00:00+0000_45.5465
GDBDCL,Godavari at Bhadrachalam,Godavari,2026-07-25 16:00:00+00:00,45.57161240270297,NORMAL,47.5,48.5,53.0,17.66865,80.87403,GDBDCL_2026-07-25T16:00:00+0000_45.5716
GDBDCL,Godavari at Bhadrachalam,Godavari,2026-07-25 17:00:00+00:00,45.59861184891231,NORMAL,47.5,48.5,53.0,17.66865,80.87403,GDBDCL_2026-07-25T17:00:00+0000_45.5986
GDBDCL,Godavari at Bhadrachalam,Godavari,2026-07-25 18:00:00+00:00,45.63846778138326,NORMAL,47.5,48.5,53.0,17.66865,80.87403,GDBDCL_2026-07-25T18:00:00+0000_45.6385
GDBDCL,Godavari at Bhadrachalam,Godavari,2026-07-25 19:00:00+00:00,45.66031256739109,NORMAL,47.5,48.5,53.0,17.66865,80.87403,GDBDCL_2026-07-25T19:00:00+0000_45.6603
GDBDCL,Godavari at Bhadrachalam,Godavari,2026-07-25 20:00:00+00:00,45.69126842728208,NORMAL,47.5,48.5,53.0,17.66865,80.87403,GDBDCL_2026-07-25T20:00:00+0000_45.6913
GDBDCL,Godavari at Bhadrachalam,Godavari,2026-07-25 21:00:00+00:00,45.67795873982011,NORMAL,47.5,48.5,53.0,17.66865,80.87403,GDBDCL_2026-07-25T21:00:00+0000_45.6780
GDBDCL,Godavari at Bhadrachalam,Godavari,2026-07-25 22:00:00+00:00,45.723457509497486,NORMAL,47.5,48.5,53.0,17.66865,80.87403,GDBDCL_2026-07-25T22:00:00+0000_45.7235
GDBDCL,Godavari at Bhadrachalam,Godavari,2026-07-25 23:00:00+00:00,45.798851183212776,NORMAL,47.5,48.5,53.0,17.66865,80.87403,GDBDCL_2026-07-25T23:00:00+0000_45.7989
GDBDCL,Godavari at Bhadrachalam,Godavari,2026-07-26 00:00:00+00:00,45.79625386274571,NORMAL,47.5,48.5,53.0,17.66865,80.87403,GDBDCL_2026-07-26T00:00:00+0000_45.7963
GDBDCL,Godavari at Bhadrachalam,Godavari,2026-07-26 01:00:00+00:00,45.79284810778968,NORMAL,47.5,48.5,53.0,17.66865,80.87403,GDBDCL_2026-07-26T01:00:00+0000_45.7928
GDBDCL,Godavari at Bhadrachalam,Godavari,2026-07-26 02:00:00+00:00,45.79780480164172,NORMAL,47.5,48.5,53.0,17.66865,80.87403,GDBDCL_2026-07-26T02:00:00+0000_45.7978
GDBDCL,Godavari at Bhadrachalam,Godavari,2026-07-26 03:00:00+00:00,45.77695402430258,NORMAL,47.5,48.5,53.0,17.66865,80.87403,GDBDCL_2026-07-26T03:00:00+0000_45.7770
GDBDCL,Godavari at Bhadrachalam,Godavari,2026-07-26 04:00:00+00:00,45.75976869865785,NORMAL,47.5,48.5,53.0,17.66865,80.87403,GDBDCL_2026-07-26T04:00:00+0000_45.7598
GDBDCL,Godavari at Bhadrachalam,Godavari,2026-07-26 05:00:00+00:00,45.7509472367633,NORMAL,47.5,48.5,53.0,17.66865,80.87403,GDBDCL_2026-07-26T05:00:00+0000_45.7509
GDBDCL,Godavari at Bhadrachalam,Godavari,2026-07-26 06:00:00+00:00,45.74721330804826,NORMAL,47.5,48.5,53.0,17.66865,80.87403,GDBDCL_2026-07-26T06:00:00+0000_45.7472
GDBDCL,Godavari at Bhadrachalam,Godavari,2026-07-26 07:00:00+00:00,45.63310871656562,NORMAL,47.5,48.5,53.0,17.66865,80.87403,GDBDCL_2026-07-26T07:00:00+0000_45.6331
GDBDCL,Godavari at Bhadrachalam,Godavari,2026-07-26 08:00:00+00:00,45.58560534994457,NORMAL,47.5,48.5,53.0,17.66865,80.87403,GDBDCL_2026-07-26T08:00:00+0000_45.5856
GDBDCL,Godavari at Bhadrachalam,Godavari,2026-07-26 09:00:00+00:00,45.60364836924788,NORMAL,47.5,48.5,53.0,17.66865,80.87403,GDBDCL_2026-07-26T09:00:00+0000_45.6036
GDBDCL,Godavari at Bhadrachalam,Godavari,2026-07-26 10:00:00+00:00,45.59425901916392,NORMAL,47.5,48.5,53.0,17.66865,80.87403,GDBDCL_2026-07-26T10:00:00+0000_45.5943
GDBDCL,Godavari at Bhadrachalam,Godavari,2026-07-26 11:00:00+00:00,45.57921111369672,NORMAL,47.5,48.5,53.0,17.66865,80.87403,GDBDCL_2026-07-26T11:00:00+0000_45.5792
GDBDCL,Godavari at Bhadrachalam,Godavari,2026-07-26 12:00:00+00:00,45.50625440235225,NORMAL,47.5,48.5,53.0,17.66865,80.87403,GDBDCL_2026-07-26T12:00:00+0000_45.5063
GDBDCL,Godavari at Bhadrachalam,Godavari,2026-07-26 13:00:00+00:00,45.54865656119069,NORMAL,47.5,48.5,53.0,17.66865,80.87403,GDBDCL_2026-07-26T13:00:00+0000_45.5487
GDBDCL,Godavari at Bhadrachalam,Godavari,2026-07-26 14:00:00+00:00,45.4957019746877,NORMAL,47.5,48.5,53.0,17.66865,80.87403,GDBDCL_2026-07-26T14:00:00+0000_45.4957
GDBDCL,Godavari at Bhadrachalam,Godavari,2026-07-26 15:00:00+00:00,45.53184467038901,NORMAL,47.5,48.5,53.0,17.66865,80.87403,GDBDCL_2026-07-26T15:00:00+0000_45.5318
GDBDCL,Godavari at Bhadrachalam,Godavari,2026-07-26 16:00:00+00:00,45.50661784495983,NORMAL,47.5,48.5,53.0,17.66865,80.87403,GDBDCL_2026-07-26T16:00:00+0000_45.5066
GDBDCL,Godavari at Bhadrachalam,Godavari,2026-07-26 17:00:00+00:00,45.57501206210553,NORMAL,47.5,48.5,53.0,17.66865,80.87403,GDBDCL_2026-07-26T17:00:00+0000_45.5750
GDBDCL,Godavari at Bhadrachalam,Godavari,2026-07-26 18:00:00+00:00,45.545723712401966,NORMAL,47.5,48.5,53.0,17.66865,80.87403,GDBDCL_2026-07-26T18:00:00+0000_45.5457
GDBDCL,Godavari at Bhadrachalam,Godavari,2026-07-26 19:00:00+00:00,45.638809531120486,NORMAL,47.5,48.5,53.0,17.66865,80.87403,GDBDCL_2026-07-26T19:00:00+0000_45.6388
GDBDCL,Godavari at Bhadrachalam,Godavari,2026-07-26 20:00:00+00:00,45.67012933317201,NORMAL,47.5,48.5,53.0,17.66865,80.87403,GDBDCL_2026-07-26T20:00:00+0000_45.6701
GDBDCL,Godavari at Bhadrachalam,Godavari,2026-07-26 21:00:00+00:00,45.701746642830855,NORMAL,47.5,48.5,53.0,17.66865,80.87403,GDBDCL_2026-07-26T21:00:00+0000_45.7017
GDBDCL,Godavari at Bhadrachalam,Godavari,2026-07-26 22:00:00+00:00,45.78034495539953,NORMAL,47.5,48.5,53.0,17.66865,80.87403,GDBDCL_2026-07-26T22:00:00+0000_45.7803
GDBDCL,Godavari at Bhadrachalam,Godavari,2026-07-26 23:00:00+00:00,45.77921029867929,NORMAL,47.5,48.5,53.0,17.66865,80.87403,GDBDCL_2026-07-26T23:00:00+0000_45.7792
GDBDCL,Godavari at Bhadrachalam,Godavari,2026-07-27 00:00:00+00:00,45.78369151358715,NORMAL,47.5,48.5,53.0,17.66865,80.87403,GDBDCL_2026-07-27T00:00:00+0000_45.7837
GDBDCL,Godavari at Bhadrachalam,Godavari,2026-07-27 01:00:00+00:00,45.80476766767934,NORMAL,47.5,48.5,53.0,17.66865,80.87403,GDBDCL_2026-07-27T01:00:00+0000_45.8048
GDBDCL,Godavari at Bhadrachalam,Godavari,2026-07-27 02:00:00+00:00,45.80763169267845,NORMAL,47.5,48.5,53.0,17.66865,80.87403,GDBDCL_2026-07-27T02:00:00+0000_45.8076
GDBDCL,Godavari at Bhadrachalam,Godavari,2026-07-27 03:00:00+00:00,48.719548553779326,DANGER,47.5,48.5,53.0,17.66865,80.87403,GDBDCL_2026-07-27T03:00:00+0000_48.7195
GDBDCL,Godavari at Bhadrachalam,Godavari,2026-07-27 04:00:00+00:00,48.35453748231187,WARNING,47.5,48.5,53.0,17.66865,80.87403,GDBDCL_2026-07-27T04:00:00+0000_48.3545
GDBDCL,Godavari at Bhadrachalam,Godavari,2026-07-27 05:00:00+00:00,48.08518514204405,WARNING,47.5,48.5,53.0,17.66865,80.87403,GDBDCL_2026-07-27T05:00:00+0000_48.0852
GDBDCL,Godavari at Bhadrachalam,Godavari,2026-07-27 06:00:00+00:00,47.78355002908363,WARNING,47.5,48.5,53.0,17.66865,80.87403,GDBDCL_2026-07-27T06:00:00+0000_47.7836
GDBDCL,Godavari at Bhadrachalam,Godavari,2026-07-27 07:00:00+00:00,47.59888525904455,WARNING,47.5,48.5,53.0,17.66865,80.87403,GDBDCL_2026-07-27T07:00:00+0000_47.5989
GDBDCL,Godavari at Bhadrachalam,Godavari,2026-07-27 08:00:00+00:00,47.30536683101583,NORMAL,47.5,48.5,53.0,17.66865,80.87403,GDBDCL_2026-07-27T08:00:00+0000_47.3054
GDBDCL,Godavari at Bhadrachalam,Godavari,2026-07-27 09:00:00+00:00,47.162318761404734,NORMAL,47.5,48.5,53.0,17.66865,80.87403,GDBDCL_2026-07-27T09:00:00+0000_47.1623
GDBDCL,Godavari at Bhadrachalam,Godavari,2026-07-27 10:00:00+00:00,45.51564742528775,NORMAL,47.5,48.5,53.0,17.66865,80.87403,GDBDCL_2026-07-27T10:00:00+0000_45.5156
GDBDCL,Godavari at Bhadrachalam,Godavari,2026-07-27 11:00:00+00:00,45.5269649607779,NORMAL,47.5,48.5,53.0,17.66865,80.87403,GDBDCL_2026-07-27T11:00:00+0000_45.5270
GDBDCL,Godavari at Bhadrachalam,Godavari,2026-07-27 12:00:00+00:00,45.53515474363984,NORMAL,47.5,48.5,53.0,17.66865,80.87403,GDBDCL_2026-07-27T12:00:00+0000_45.5352
GDBDCL,Godavari at Bhadrachalam,Godavari,2026-07-27 13:00:00+00:00,45.55401138125477,NORMAL,47.5,48.5,53.0,17.66865,80.87403,GDBDCL_2026-07-27T13:00:00+0000_45.5540
GDBDCL,Godavari at Bhadrachalam,Godavari,2026-07-27 14:00:00+00:00,45.52056570765816,NORMAL,47.5,48.5,53.0,17.66865,80.87403,GDBDCL_2026-07-27T14:00:00+0000_45.5206
GDBDCL,Godavari at Bhadrachalam,Godavari,2026-07-27 15:00:00+00:00,45.48990671382937,NORMAL,47.5,48.5,53.0,17.66865,80.87403,GDBDCL_2026-07-27T15:00:00+0000_45.4899
GDBDCL,Godavari at Bhadrachalam,Godavari,2026-07-27 16:00:00+00:00,45.50830841742869,NORMAL,47.5,48.5,53.0,17.66865,80.87403,GDBDCL_2026-07-27T16:00:00+0000_45.5083
GDBDCL,Godavari at Bhadrachalam,Godavari,2026-07-27 17:00:00+00:00,45.5408478010018,NORMAL,47.5,48.5,53.0,17.66865,80.87403,GDBDCL_2026-07-27T17:00:00+0000_45.5408
GDBDCL,Godavari at Bhadrachalam,Godavari,2026-07-27 18:00:00+00:00,45.55242123190564,NORMAL,47.5,48.5,53.0,17.66865,80.87403,GDBDCL_2026-07-27T18:00:00+0000_45.5524
GDBDCL,Godavari at Bhadrachalam,Godavari,2026-07-27 19:00:00+00:00,45.6704781228883,NORMAL,47.5,48.5,53.0,17.66865,80.87403,GDBDCL_2026-07-27T19:00:00+0000_45.6705
GDBDCL,Godavari at Bhadrachalam,Godavari,2026-07-27 20:00:00+00:00,45.62953493719175,NORMAL,47.5,48.5,53.0,17.66865,80.87403,GDBDCL_2026-07-27T20:00:00+0000_45.6295
GDBDCL,Godavari at Bhadrachalam,Godavari,2026-07-27 21:00:00+00:00,45.66750889263975,NORMAL,47.5,48.5,53.0,17.66865,80.87403,GDBDCL_2026-07-27T21:00:00+0000_45.6675
GDBDCL,Godavari at Bhadrachalam,Godavari,2026-07-27 22:00:00+00:00,45.70844881386505,NORMAL,47.5,48.5,53.0,17.66865,80.87403,GDBDCL_2026-07-27T22:00:00+0000_45.7084
GDBDCL,Godavari at Bhadrachalam,Godavari,2026-07-27 23:00:00+00:00,45.74868000990996,NORMAL,47.5,48.5,53.0,17.66865,80.87403,GDBDCL_2026-07-27T23:00:00+0000_45.7487
GDBDCL,Godavari at Bhadrachalam,Godavari,2026-07-28 00:00:00+00:00,45.78823950606941,NORMAL,47.5,48.5,53.0,17.66865,80.87403,GDBDCL_2026-07-28T00:00:00+0000_45.7882
GDBDCL,Godavari at Bhadrachalam,Godavari,2026-07-28 01:00:00+00:00,45.77978955082202,NORMAL,47.5,48.5,53.0,17.66865,80.87403,GDBDCL_2026-07-28T01:00:00+0000_45.7798
GDBDCL,Godavari at Bhadrachalam,Godavari,2026-07-28 02:00:00+00:00,45.8224846182289,NORMAL,47.5,48.5,53.0,17.66865,80.87403,GDBDCL_2026-07-28T02:00:00+0000_45.8225
GDBDCL,Godavari at Bhadrachalam,Godavari,2026-07-28 03:00:00+00:00,45.736254966758175,NORMAL,47.5,48.5,53.0,17.66865,80.87403,GDBDCL_2026-07-28T03:00:00+0000_45.7363
GDBDCL,Godavari at Bhadrachalam,Godavari,2026-07-28 04:00:00+00:00,45.786249014672265,NORMAL,47.5,48.5,53.0,17.66865,80.87403,GDBDCL_2026-07-28T04:00:00+0000_45.7862
GDBDCL,Godavari at Bhadrachalam,Godavari,2026-07-28 05:00:00+00:00,45.770249708530166,NORMAL,47.5,48.5,53.0,17.66865,80.87403,GDBDCL_2026-07-28T05:00:00+0000_45.7702
GDBDCL,Godavari at Bhadrachalam,Godavari,2026-07-28 06:00:00+00:00,45.7305612328802,NORMAL,47.5,48.5,53.0,17.66865,80.87403,GDBDCL_2026-07-28T06:00:00+0000_45.7306
GDBDCL,Godavari at Bhadrachalam,Godavari,2026-07-28 07:00:00+00:00,45.6293621987742,NORMAL,47.5,48.5,53.0,17.66865,80.87403,GDBDCL_2026-07-28T07:00:00+0000_45.6294
GDBDCL,Godavari at Bhadrachalam,Godavari,2026-07-28 08:00:00+00:00,45.58366871531141,NORMAL,47.5,48.5,53.0,17.66865,80.87403,GDBDCL_2026-07-28T08:00:00+0000_45.5837
GDBDCL,Godavari at Bhadrachalam,Godavari,2026-07-28 09:00:00+00:00,45.54831674322729,NORMAL,47.5,48.5,53.0,17.66865,80.87403,GDBDCL_2026-07-28T09:00:00+0000_45.5483
GDBDCL,Godavari at Bhadrachalam,Godavari,2026-07-28 10:00:00+00:00,45.51429852394815,NORMAL,47.5,48.5,53.0,17.66865,80.87403,GDBDCL_2026-07-28T10:00:00+0000_45.5143
GDBDCL,Godavari at Bhadrachalam,Godavari,2026-07-28 11:00:00+00:00,45.536660964255056,NORMAL,47.5,48.5,53.0,17.66865,80.87403,GDBDCL_2026-07-28T11:00:00+0000_45.5367
GDBDCL,Godavari at Bhadrachalam,Godavari,2026-07-28 12:00:00+00:00,45.49179884806487,NORMAL,47.5,48.5,53.0,17.66865,80.87403,GDBDCL_2026-07-28T12:00:00+0000_45.4918
GDBDCL,Godavari at Bhadrachalam,Godavari,2026-07-28 13:00:00+00:00,45.50454015286749,NORMAL,47.5,48.5,53.0,17.66865,80.87403,GDBDCL_2026-07-28T13:00:00+0000_45.5045
GDBDCL,Godavari at Bhadrachalam,Godavari,2026-07-28 14:00:00+00:00,45.46681208767716,NORMAL,47.5,48.5,53.0,17.66865,80.87403,GDBDCL_2026-07-28T14:00:00+0000_45.4668
GDBDCL,Godavari at Bhadrachalam,Godavari,2026-07-28 15:00:00+00:00,45.505795120481984,NORMAL,47.5,48.5,53.0,17.66865,80.87403,GDBDCL_2026-07-28T15:00:00+0000_45.5058
GDBDCL,Godavari at Bhadrachalam,Godavari,2026-07-28 16:00:00+00:00,45.52267860125245,NORMAL,47.5,48.5,53.0,17.66865,80.87403,GDBDCL_2026-07-28T16:00:00+0000_45.5227
GDBDCL,Godavari at Bhadrachalam,Godavari,2026-07-28 17:00:00+00:00,45.5792191844787,NORMAL,47.5,48.5,53.0,17.66865,80.87403,GDBDCL_2026-07-28T17:00:00+0000_45.5792
GDBDCL,Godavari at Bhadrachalam,Godavari,2026-07-28 18:00:00+00:00,45.57858977171172,NORMAL,47.5,48.5,53.0,17.66865,80.87403,GDBDCL_2026-07-28T18:00:00+0000_45.5786
GDBDCL,Godavari at Bhadrachalam,Godavari,2026-07-28 19:00:00+00:00,45.618868655290186,NORMAL,47.5,48.5,53.0,17.66865,80.87403,GDBDCL_2026-07-28T19:00:00+0000_45.6189
GDBDCL,Godavari at Bhadrachalam,Godavari,2026-07-28 20:00:00+00:00,45.63407044517516,NORMAL,47.5,48.5,53.0,17.66865,80.87403,GDBDCL_2026-07-28T20:00:00+0000_45.6341
GDBDCL,Godavari at Bhadrachalam,Godavari,2026-07-28 21:00:00+00:00,45.72919859501456,NORMAL,47.5,48.5,53.0,17.66865,80.87403,GDBDCL_2026-07-28T21:00:00+0000_45.7292
GDBDCL,Godavari at Bhadrachalam,Godavari,2026-07-28 22:00:00+00:00,45.6887762507408,NORMAL,47.5,48.5,53.0,17.66865,80.87403,GDBDCL_2026-07-28T22:00:00+0000_45.6888
GDBDCL,Godavari at Bhadrachalam,Godavari,2026-07-28 23:00:00+00:00,45.77599196725462,NORMAL,47.5,48.5,53.0,17.66865,80.87403,GDBDCL_2026-07-28T23:00:00+0000_45.7760
GDBDCL,Godavari at Bhadrachalam,Godavari,2026-07-29 00:00:00+00:00,45.8016831623258,NORMAL,47.5,48.5,53.0,17.66865,80.87403,GDBDCL_2026-07-29T00:00:00+0000_45.8017
GDBDCL,Godavari at Bhadrachalam,Godavari,2026-07-29 01:00:00+00:00,45.76603923823156,NORMAL,47.5,48.5,53.0,17.66865,80.87403,GDBDCL_2026-07-29T01:00:00+0000_45.7660
GDBDCL,Godavari at Bhadrachalam,Godavari,2026-07-29 02:00:00+00:00,45.74423372557269,NORMAL,47.5,48.5,53.0,17.66865,80.87403,GDBDCL_2026-07-29T02:00:00+0000_45.7442
GDBDCL,Godavari at Bhadrachalam,Godavari,2026-07-29 03:00:00+00:00,45.79631714293927,NORMAL,47.5,48.5,53.0,17.66865,80.87403,GDBDCL_2026-07-29T03:00:00+0000_45.7963
GDBDCL,Godavari at Bhadrachalam,Godavari,2026-07-29 04:00:00+00:00,45.78759740744953,NORMAL,47.5,48.5,53.0,17.66865,80.87403,GDBDCL_2026-07-29T04:00:00+0000_45.7876
GDBDCL,Godavari at Bhadrachalam,Godavari,2026-07-29 05:00:00+00:00,45.68680422169295,NORMAL,47.5,48.5,53.0,17.66865,80.87403,GDBDCL_2026-07-29T05:00:00+0000_45.6868
GDBDCL,Godavari at Bhadrachalam,Godavari,2026-07-29 06:00:00+00:00,45.72561542690993,NORMAL,47.5,48.5,53.0,17.66865,80.87403,GDBDCL_2026-07-29T06:00:00+0000_45.7256
GDBDCL,Godavari at Bhadrachalam,Godavari,2026-07-29 07:00:00+00:00,45.64972780305604,NORMAL,47.5,48.5,53.0,17.66865,80.87403,GDBDCL_2026-07-29T07:00:00+0000_45.6497
GDBDCL,Godavari at Bhadrachalam,Godavari,2026-07-29 08:00:00+00:00,45.59567745418008,NORMAL,47.5,48.5,53.0,17.66865,80.87403,GDBDCL_2026-07-29T08:00:00+0000_45.5957
GDBDCL,Godavari at Bhadrachalam,Godavari,2026-07-29 09:00:00+00:00,45.54665597669345,NORMAL,47.5,48.5,53.0,17.66865,80.87403,GDBDCL_2026-07-29T09:00:00+0000_45.5467
GDBDCL,Godavari at Bhadrachalam,Godavari,2026-07-29 10:00:00+00:00,45.57847444276682,NORMAL,47.5,48.5,53.0,17.66865,80.87403,GDBDCL_2026-07-29T10:00:00+0000_45.5785
GDBDCL,Godavari at Bhadrachalam,Godavari,2026-07-29 11:00:00+00:00,45.56986122230212,NORMAL,47.5,48.5,53.0,17.66865,80.87403,GDBDCL_2026-07-29T11:00:00+0000_45.5699
GDBDCL,Godavari at Bhadrachalam,Godavari,2026-07-29 12:00:00+00:00,,,47.5,48.5,53.0,17.66865,80.87403,GDBDCL_2026-07-29T12:00:00+0000_
GDBDCL,Godavari at Bhadrachalam,Godavari,2026-07-29 13:00:00+00:00,45.54224332101008,NORMAL,47.5,48.5,53.0,17.66865,80.87403,GDBDCL_2026-07-29T13:00:00+0000_45.5422
GDBDCL,Godavari at Bhadrachalam,Godavari,2026-07-29 14:00:00+00:00,45.50943310310112,NORMAL,47.5,48.5,53.0,17.66865,80.87403,GDBDCL_2026-07-29T14:00:00+0000_45.5094
GDBDCL,Godavari at Bhadrachalam,Godavari,2026-07-29 15:00:00+00:00,45.52201236266655,NORMAL,47.5,48.5,53.0,17.66865,80.87403,GDBDCL_2026-07-29T15:00:00+0000_45.5220
GDBDCL,Godavari at Bhadrachalam,Godavari,2026-07-29 16:00:00+00:00,45.51584913096854,NORMAL,47.5,48.5,53.0,17.66865,80.87403,GDBDCL_2026-07-29T16:00:00+0000_45.5158
GDBDCL,Godavari at Bhadrachalam,Godavari,2026-07-29 17:00:00+00:00,45.5881958722336,NORMAL,47.5,48.5,53.0,17.66865,80.87403,GDBDCL_2026-07-29T17:00:00+0000_45.5882
GDBDCL,Godavari at Bhadrachalam,Godavari,2026-07-29 18:00:00+00:00,45.627092385409725,NORMAL,47.5,48.5,53.0,17.66865,80.87403,GDBDCL_2026-07-29T18:00:00+0000_45.6271
GDBDCL,Godavari at Bhadrachalam,Godavari,2026-07-29 19:00:00+00:00,45.63186309420264,NORMAL,47.5,48.5,53.0,17.66865,80.87403,GDBDCL_2026-07-29T19:00:00+0000_45.6319
GDBDCL,Godavari at Bhadrachalam,Godavari,2026-07-29 20:00:00+00:00,45.62523705895833,NORMAL,47.5,48.5,53.0,17.66865,80.87403,GDBDCL_2026-07-29T20:00:00+0000_45.6252
GDBDCL,Godavari at Bhadrachalam,Godavari,2026-07-29 21:00:00+00:00,45.6905638744557,NORMAL,47.5,48.5,53.0,17.66865,80.87403,GDBDCL_2026-07-29T21:00:00+0000_45.6906
GDBDCL,Godavari at Bhadrachalam,Godavari,2026-07-29 22:00:00+00:00,45.6796672679843,NORMAL,47.5,48.5,53.0,17.66865,80.87403,GDBDCL_2026-07-29T22:00:00+0000_45.6797
GDBDCL,Godavari at Bhadrachalam,Godavari,2026-07-29 23:00:00+00:00,45.7414063524443,NORMAL,47.5,48.5,53.0,17.66865,80.87403,GDBDCL_2026-07-29T23:00:00+0000_45.7414
GDBDCL,Godavari at Bhadrachalam,Godavari,2026-07-30 00:00:00+00:00,45.72616585009297,NORMAL,47.5,48.5,53.0,17.66865,80.87403,GDBDCL_2026-07-30T00:00:00+0000_45.7262
GDBDCL,Godavari at Bhadrachalam,Godavari,2026-07-30 01:00:00+00:00,45.77623105845696,NORMAL,47.5,48.5,53.0,17.66865,80.87403,GDBDCL_2026-07-30T01:00:00+0000_45.7762
GDBDCL,Godavari at Bhadrachalam,Godavari,2026-07-30 02:00:00+00:00,45.81529651512764,NORMAL,47.5,48.5,53.0,17.66865,80.87403,GDBDCL_2026-07-30T02:00:00+0000_45.8153
GDBDCL,Godavari at Bhadrachalam,Godavari,2026-07-30 03:00:00+00:00,45.75257113775804,NORMAL,47.5,48.5,53.0,17.66865,80.87403,GDBDCL_2026-07-30T03:00:00+0000_45.7526
GDBDCL,Godavari at Bhadrachalam,Godavari,2026-07-30 04:00:00+00:00,45.78905667878577,NORMAL,47.5,48.5,53.0,17.66865,80.87403,GDBDCL_2026-07-30T04:00:00+0000_45.7891
GDBDCL,Godavari at Bhadrachalam,Godavari,2026-07-30 05:00:00+00:00,45.705253694604735,NORMAL,47.5,48.5,53.0,17.66865,80.87403,GDBDCL_2026-07-30T05:00:00+0000_45.7053
GDBDCL,Godavari at Bhadrachalam,Godavari,2026-07-30 06:00:00+00:00,45.670358205705725,NORMAL,47.5,48.5,53.0,17.66865,80.87403,GDBDCL_2026-07-30T06:00:00+0000_45.6704
GDBDCL,Godavari at Bhadrachalam,Godavari,2026-07-30 07:00:00+00:00,45.68186219292335,NORMAL,47.5,48.5,53.0,17.66865,80.87403,GDBDCL_2026-07-30T07:00:00+0000_45.6819
GDBDCL,Godavari at Bhadrachalam,Godavari,2026-07-30 08:00:00+00:00,45.610780202581445,NORMAL,47.5,48.5,53.0,17.66865,80.87403,GDBDCL_2026-07-30T08:00:00+0000_45.6108
GDBDCL,Godavari at Bhadrachalam,Godavari,2026-07-30 09:00:00+00:00,45.61286545899394,NORMAL,47.5,48.5,53.0,17.66865,80.87403,GDBDCL_2026-07-30T09:00:00+0000_45.6129
GDBDCL,Godavari at Bhadrachalam,Godavari,2026-07-30 10:00:00+00:00,45.5324684597026,NORMAL,47.5,48.5,53.0,17.66865,80.87403,GDBDCL_2026-07-30T10:00:00+0000_45.5325
GDBDCL,Godavari at Bhadrachalam,Godavari,2026-07-30 11:00:00+00:00,45.55367593406684,NORMAL,47.5,48.5,53.0,17.66865,80.87403,GDBDCL_2026-07-30T11:00:00+0000_45.5537
GDBDCL,Godavari at Bhadrachalam,Godavari,2026-07-30 12:00:00+00:00,45.46080351829598,NORMAL,47.5,48.5,53.0,17.66865,80.87403,GDBDCL_2026-07-30T12:00:00+0000_45.4608
GDBDCL,Godavari at Bhadrachalam,Godavari,2026-07-30 13:00:00+00:00,,,47.5,48.5,53.0,17.66865,80.87403,GDBDCL_2026-07-30T13:00:00+0000_
GDBDCL,Godavari at Bhadrachalam,Godavari,2026-07-30 14:00:00+00:00,45.463614526456254,NORMAL,47.5,48.5,53.0,17.66865,80.87403,GDBDCL_2026-07-30T14:00:00+0000_45.4636
GDBDCL,Godavari at Bhadrachalam,Godavari,2026-07-30 15:00:00+00:00,,,47.5,48.5,53.0,17.66865,80.87403,GDBDCL_2026-07-30T15:00:00+0000_
GDBDCL,Godavari at Bhadrachalam,Godavari,2026-07-30 16:00:00+00:00,45.51326734727208,NORMAL,47.5,48.5,53.0,17.66865,80.87403,GDBDCL_2026-07-30T16:00:00+0000_45.5133
GDBDCL,Godavari at Bhadrachalam,Godavari,2026-07-30 17:00:00+00:00,45.58561196273642,NORMAL,47.5,48.5,53.0,17.66865,80.87403,GDBDCL_2026-07-30T17:00:00+0000_45.5856
GDBDCL,Godavari at Bhadrachalam,Godavari,2026-07-30 18:00:00+00:00,45.576702140721245,NORMAL,47.5,48.5,53.0,17.66865,80.87403,GDBDCL_2026-07-30T18:00:00+0000_45.5767
GDBDCL,Godavari at Bhadrachalam,Godavari,2026-07-30 19:00:00+00:00,45.61954377677612,NORMAL,47.5,48.5,53.0,17.66865,80.87403,GDBDCL_2026-07-30T19:00:00+0000_45.6195
GDBDCL,Godavari at Bhadrachalam,Godavari,2026-07-30 20:00:00+00:00,45.68694019717695,NORMAL,47.5,48.5,53.0,17.66865,80.87403,GDBDCL_2026-07-30T20:00:00+0000_45.6869
GDBDCL,Godavari at Bhadrachalam,Godavari,2026-07-30 21:00:00+00:00,45.69270109138156,NORMAL,47.5,48.5,53.0,17.66865,80.87403,GDBDCL_2026-07-30T21:00:00+0000_45.6927
GDBDCL,Godavari at Bhadrachalam,Godavari,2026-07-30 22:00:00+00:00,45.71330752933975,NORMAL,47.5,48.5,53.0,17.66865,80.87403,GDBDCL_2026-07-30T22:00:00+0000_45.7133
GDBDCL,Godavari at Bhadrachalam,Godavari,2026-07-30 23:00:00+00:00,45.73515052185124,NORMAL,47.5,48.5,53.0,17.66865,80.87403,GDBDCL_2026-07-30T23:00:00+0000_45.7352
GDBDCL,Godavari at Bhadrachalam,Godavari,2026-07-31 00:00:00+00:00,45.7463769106275,NORMAL,47.5,48.5,53.0,17.66865,80.87403,GDBDCL_2026-07-31T00:00:00+0000_45.7464
GDBDCL,Godavari at Bhadrachalam,Godavari,2026-07-31 01:00:00+00:00,45.76465475458957,NORMAL,47.5,48.5,53.0,17.66865,80.87403,GDBDCL_2026-07-31T01:00:00+0000_45.7647
GDBDCL,Godavari at Bhadrachalam,Godavari,2026-07-31 02:00:00+00:00,45.76989244245384,NORMAL,47.5,48.5,53.0,17.66865,80.87403,GDBDCL_2026-07-31T02:00:00+0000_45.7699
GDBDCL,Godavari at Bhadrachalam,Godavari,2026-07-31 03:00:00+00:00,45.76899100162523,NORMAL,47.5,48.5,53.0,17.66865,80.87403,GDBDCL_2026-07-31T03:00:00+0000_45.7690
GDBDCL,Godavari at Bhadrachalam,Godavari,2026-07-31 04:00:00+00:00,45.79393934772132,NORMAL,47.5,48.5,53.0,17.66865,80.87403,GDBDCL_2026-07-31T04:00:00+0000_45.7939
GDBDCL,Godavari at Bhadrachalam,Godavari,2026-07-31 05:00:00+00:00,45.75304386262133,NORMAL,47.5,48.5,53.0,17.66865,80.87403,GDBDCL_2026-07-31T05:00:00+0000_45.7530
GDBDCL,Godavari at Bhadrachalam,Godavari,2026-07-31 06:00:00+00:00,47.33881721900375,NORMAL,47.5,48.5,53.0,17.66865,80.87403,GDBDCL_2026-07-31T06:00:00+0000_47.3388
GDBDCL,Godavari at Bhadrachalam,Godavari,2026-07-31 07:00:00+00:00,47.20031411027371,NORMAL,47.5,48.5,53.0,17.66865,80.87403,GDBDCL_2026-07-31T07:00:00+0000_47.2003
GDBDCL,Godavari at Bhadrachalam,Godavari,2026-07-31 08:00:00+00:00,46.95702661973633,NORMAL,47.5,48.5,53.0,17.66865,80.87403,GDBDCL_2026-07-31T08:00:00+0000_46.9570
GDBDCL,Godavari at Bhadrachalam,Godavari,2026-07-31 09:00:00+00:00,46.77555709576455,NORMAL,47.5,48.5,53.0,17.66865,80.87403,GDBDCL_2026-07-31T09:00:00+0000_46.7756
GDBDCL,Godavari at Bhadrachalam,Godavari,2026-07-31 10:00:00+00:00,46.67011350744548,NORMAL,47.5,48.5,53.0,17.66865,80.87403,GDBDCL_2026-07-31T10:00:00+0000_46.6701
GDBDCL,Godavari at Bhadrachalam,Godavari,2026-07-31 11:00:00+00:00,45.51725210448673,NORMAL,47.5,48.5,53.0,17.66865,80.87403,GDBDCL_2026-07-31T11:00:00+0000_45.5173
GDBDCL,Godavari at Bhadrachalam,Godavari,2026-07-31 12:00:00+00:00,45.45338822917381,NORMAL,47.5,48.5,53.0,17.66865,80.87403,GDBDCL_2026-07-31T12:00:00+0000_45.4534
GDBDCL,Godavari at Bhadrachalam,Godavari,2026-07-31 13:00:00+00:00,45.44834597284641,NORMAL,47.5,48.5,53.0,17.66865,80.87403,GDBDCL_2026-07-31T13:00:00+0000_45.4483
GDBDCL,Godavari at Bhadrachalam,Godavari,2026-07-31 14:00:00+00:00,45.45610822590098,NORMAL,47.5,48.5,53.0,17.66865,80.87403,GDBDCL_2026-07-31T14:00:00+0000_45.4561
GDBDCL,Godavari at Bhadrachalam,Godavari,2026-07-31 15:00:00+00:00,45.49857054331245,NORMAL,47.5,48.5,53.0,17.66865,80.87403,GDBDCL_2026-07-31T15:00:00+0000_45.4986
GDBDCL,Godavari at Bhadrachalam,Godavari,2026-07-31 16:00:00+00:00,45.48871947625476,NORMAL,47.5,48.5,53.0,17.66865,80.87403,GDBDCL_2026-07-31T16:00:00+0000_45.4887
GDBDCL,Godavari at Bhadrachalam,Godavari,2026-07-31 17:00:00+00:00,45.51430528845863,NORMAL,47.5,48.5,53.0,17.66865,80.87403,GDBDCL_2026-07-31T17:00:00+0000_45.5143
GDBDCL,Godavari at Bhadrachalam,Godavari,2026-07-31 18:00:00+00:00,45.594400630526536,NORMAL,47.5,48.5,53.0,17.66865,80.87403,GDBDCL_2026-07-31T18:00:00+0000_45.5944
GDBDCL,Godavari at Bhadrachalam,Godavari,2026-07-31 19:00:00+00:00,45.58411312937086,NORMAL,47.5,48.5,53.0,17.66865,80.87403,GDBDCL_2026-07-31T19:00:00+0000_45.5841
GDBDCL,Godavari at Bhadrachalam,Godavari,2026-07-31 20:00:00+00:00,45.6911337208813,NORMAL,47.5,48.5,53.0,17.66865,80.87403,GDBDCL_2026-07-31T20:00:00+0000_45.6911
GDBDCL,Godavari at Bhadrachalam,Godavari,2026-07-31 21:00:00+00:00,45.728492773675214,NORMAL,47.5,48.5,53.0,17.66865,80.87403,GDBDCL_2026-07-31T21:00:00+0000_45.7285
GDBDCL,Godavari at Bhadrachalam,Godavari,2026-07-31 22:00:00+00:00,45.71502192670077,NORMAL,47.5,48.5,53.0,17.66865,80.87403,GDBDCL_2026-07-31T22:00:00+0000_45.7150
GDBDCL,Godavari at Bhadrachalam,Godavari,2026-07-31 23:00:00+00:00,45.77352362428688,NORMAL,47.5,48.5,53.0,17.66865,80.87403,GDBDCL_2026-07-31T23:00:00+0000_45.7735
GDBDCL,Godavari at Bhadrachalam,Godavari,2026-08-01 00:00:00+00:00,45.725963746459314,NORMAL,47.5,48.5,53.0,17.66865,80.87403,GDBDCL_2026-08-01T00:00:00+0000_45.7260
GDBDCL,Godavari at Bhadrachalam,Godavari,2026-08-01 01:00:00+00:00,45.77584673376915,NORMAL,47.5,48.5,53.0,17.66865,80.87403,GDBDCL_2026-08-01T01:00:00+0000_45.7758
GDBDCL,Godavari at Bhadrachalam,Godavari,2026-08-01 02:00:00+00:00,45.75312913278686,NORMAL,47.5,48.5,53.0,17.66865,80.87403,GDBDCL_2026-08-01T02:00:00+0000_45.7531
GDBDCL,Godavari at Bhadrachalam,Godavari,2026-08-01 03:00:00+00:00,45.80909081708377,NORMAL,47.5,48.5,53.0,17.66865,80.87403,GDBDCL_2026-08-01T03:00:00+0000_45.8091
GDBDCL,Godavari at Bhadrachalam,Godavari,2026-08-01 04:00:00+00:00,45.787335404306425,NORMAL,47.5,48.5,53.0,17.66865,80.87403,GDBDCL_2026-08-01T04:00:00+0000_45.7873
GDBDCL,Godavari at Bhadrachalam,Godavari,2026-08-01 05:00:00+00:00,45.75980532139442,NORMAL,47.5,48.5,53.0,17.66865,80.87403,GDBDCL_2026-08-01T05:00:00+0000_45.7598
GDBDCL,Godavari at Bhadrachalam,Godavari,2026-08-01 06:00:00+00:00,45.70936084617095,NORMAL,47.5,48.5,53.0,17.66865,80.87403,GDBDCL_2026-08-01T06:00:00+0000_45.7094
GDBDCL,Godavari at Bhadrachalam,Godavari,2026-08-01 07:00:00+00:00,45.642311371490266,NORMAL,47.5,48.5,53.0,17.66865,80.87403,GDBDCL_2026-08-01T07:00:00+0000_45.6423
GDBDCL,Godavari at Bhadrachalam,Godavari,2026-08-01 08:00:00+00:00,45.57041541308855,NORMAL,47.5,48.5,53.0,17.66865,80.87403,GDBDCL_2026-08-01T08:00:00+0000_45.5704
GDBDCL,Godavari at Bhadrachalam,Godavari,2026-08-01 09:00:00+00:00,45.561324455445614,NORMAL,47.5,48.5,53.0,17.66865,80.87403,GDBDCL_2026-08-01T09:00:00+0000_45.5613
GDBDCL,Godavari at Bhadrachalam,Godavari,2026-08-01 10:00:00+00:00,45.5155342454122,NORMAL,47.5,48.5,53.0,17.66865,80.87403,GDBDCL_2026-08-01T10:00:00+0000_45.5155
GDBDCL,Godavari at Bhadrachalam,Godavari,2026-08-01 11:00:00+00:00,45.4874030593788,NORMAL,47.5,48.5,53.0,17.66865,80.87403,GDBDCL_2026-08-01T11:00:00+0000_45.4874
GDBDCL,Godavari at Bhadrachalam,Godavari,2026-08-01 12:00:00+00:00,45.48531823131258,NORMAL,47.5,48.5,53.0,17.66865,80.87403,GDBDCL_2026-08-01T12:00:00+0000_45.4853
GDBDCL,Godavari at Bhadrachalam,Godavari,2026-08-01 13:00:00+00:00,45.51396600751573,NORMAL,47.5,48.5,53.0,17.66865,80.87403,GDBDCL_2026-08-01T13:00:00+0000_45.5140
GDBDCL,Godavari at Bhadrachalam,Godavari,2026-08-01 14:00:00+00:00,45.4749098261684,NORMAL,47.5,48.5,53.0,17.66865,80.87403,GDBDCL_2026-08-01T14:00:00+0000_45.4749
GDBDCL,Godavari at Bhadrachalam,Godavari,2026-08-01 15:00:00+00:00,45.4911396861349,NORMAL,47.5,48.5,53.0,17.66865,80.87403,GDBDCL_2026-08-01T15:00:00+0000_45.4911
GDBDCL,Godavari at Bhadrachalam,Godavari,2026-08-01 16:00:00+00:00,45.50945247038819,NORMAL,47.5,48.5,53.0,17.66865,80.87403,GDBDCL_2026-08-01T16:00:00+0000_45.5095
GDBDCL,Godavari at Bhadrachalam,Godavari,2026-08-01 17:00:00+00:00,45.522542356943,NORMAL,47.5,48.5,53.0,17.66865,80.87403,GDBDCL_2026-08-01T17:00:00+0000_45.5225
GDBDCL,Godavari at Bhadrachalam,Godavari,2026-08-01 18:00:00+00:00,45.5823871940081,NORMAL,47.5,48.5,53.0,17.66865,80.87403,GDBDCL_2026-08-01T18:00:00+0000_45.5824
GDBDCL,Godavari at Bhadrachalam,Godavari,2026-08-01 19:00:00+00:00,45.62202622517014,NORMAL,47.5,48.5,53.0,17.66865,80.87403,GDBDCL_2026-08-01T19:00:00+0000_45.6220
GDBDCL,Godavari at Bhadrachalam,Godavari,2026-08-01 20:00:00+00:00,45.68330813650498,NORMAL,47.5,48.5,53.0,17.66865,80.87403,GDBDCL_2026-08-01T20:00:00+0000_45.6833
GDBDCL,Godavari at Bhadrachalam,Godavari,2026-08-01 21:00:00+00:00,45.721981933179016,NORMAL,47.5,48.5,53.0,17.66865,80.87403,GDBDCL_2026-08-01T21:00:00+0000_45.7220
GDBDCL,Godavari at Bhadrachalam,Godavari,2026-08-01 22:00:00+00:00,45.697334873775866,NORMAL,47.5,48.5,53.0,17.66865,80.87403,GDBDCL_2026-08-01T22:00:00+0000_45.6973
GDBDCL,Godavari at Bhadrachalam,Godavari,2026-08-01 23:00:00+00:00,45.75292938517604,NORMAL,47.5,48.5,53.0,17.66865,80.87403,GDBDCL_2026-08-01T23:00:00+0000_45.7529
GDBDCL,Godavari at Bhadrachalam,Godavari,2026-08-02 00:00:00+00:00,45.73925322636542,NORMAL,47.5,48.5,53.0,17.66865,80.87403,GDBDCL_2026-08-02T00:00:00+0000_45.7393
GDBDCL,Godavari at Bhadrachalam,Godavari,2026-08-02 01:00:00+00:00,45.80523830941378,NORMAL,47.5,48.5,53.0,17.66865,80.87403,GDBDCL_2026-08-02T01:00:00+0000_45.8052
GDBDCL,Godavari at Bhadrachalam,Godavari,2026-08-02 02:00:00+00:00,45.74768365415452,NORMAL,47.5,48.5,53.0,17.66865,80.87403,GDBDCL_2026-08-02T02:00:00+0000_45.7477
GDBDCL,Godavari at Bhadrachalam,Godavari,2026-08-02 03:00:00+00:00,45.76686372270199,NORMAL,47.5,48.5,53.0,17.66865,80.87403,GDBDCL_2026-08-02T03:00:00+0000_45.7669
GDBDCL,Godavari at Bhadrachalam,Godavari,2026-08-02 04:00:00+00:00,45.7643237029595,NORMAL,47.5,48.5,53.0,17.66865,80.87403,GDBDCL_2026-08-02T04:00:00+0000_45.7643
GDBDCL,Godavari at Bhadrachalam,Godavari,2026-08-02 05:00:00+00:00,45.6728348033267,NORMAL,47.5,48.5,53.0,17.66865,80.87403,GDBDCL_2026-08-02T05:00:00+0000_45.6728
GDBDCL,Godavari at Bhadrachalam,Godavari,2026-08-02 06:00:00+00:00,45.67427121999606,NORMAL,47.5,48.5,53.0,17.66865,80.87403,GDBDCL_2026-08-02T06:00:00+0000_45.6743
GDBDCL,Godavari at Bhadrachalam,Godavari,2026-08-02 07:00:00+00:00,45.60886312981203,NORMAL,47.5,48.5,53.0,17.66865,80.87403,GDBDCL_2026-08-02T07:00:00+0000_45.6089
GDBDCL,Godavari at Bhadrachalam,Godavari,2026-08-02 08:00:00+00:00,45.64366818134589,NORMAL,47.5,48.5,53.0,17.66865,80.87403,GDBDCL_2026-08-02T08:00:00+0000_45.6437
GDBDCL,Godavari at Bhadrachalam,Godavari,2026-08-02 09:00:00+00:00,45.61495146879656,NORMAL,47.5,48.5,53.0,17.66865,80.87403,GDBDCL_2026-08-02T09:00:00+0000_45.6150
GDBDCL,Godavari at Bhadrachalam,Godavari,2026-08-02 10:00:00+00:00,45.560686011151375,NORMAL,47.5,48.5,53.0,17.66865,80.87403,GDBDCL_2026-08-02T10:00:00+0000_45.5607
GDBDCL,Godavari at Bhadrachalam,Godavari,2026-08-02 11:00:00+00:00,45.53613370024611,NORMAL,47.5,48.5,53.0,17.66865,80.87403,GDBDCL_2026-08-02T11:00:00+0000_45.5361
GDBDCL,Godavari at Bhadrachalam,Godavari,2026-08-02 12:00:00+00:00,45.452371554963214,NORMAL,47.5,48.5,53.0,17.66865,80.87403,GDBDCL_2026-08-02T12:00:00+0000_45.4524
GDBDCL,Godavari at Bhadrachalam,Godavari,2026-08-02 13:00:00+00:00,45.44949063788504,NORMAL,47.5,48.5,53.0,17.66865,80.87403,GDBDCL_2026-08-02T13:00:00+0000_45.4495
GDBDCL,Godavari at Bhadrachalam,Godavari,2026-08-02 14:00:00+00:00,45.51256168793984,NORMAL,47.5,48.5,53.0,17.66865,80.87403,GDBDCL_2026-08-02T14:00:00+0000_45.5126
GDBDCL,Godavari at Bhadrachalam,Godavari,2026-08-02 15:00:00+00:00,45.53454291666824,NORMAL,47.5,48.5,53.0,17.66865,80.87403,GDBDCL_2026-08-02T15:00:00+0000_45.5345
GDBDCL,Godavari at Bhadrachalam,Godavari,2026-08-02 16:00:00+00:00,45.50828777050574,NORMAL,47.5,48.5,53.0,17.66865,80.87403,GDBDCL_2026-08-02T16:00:00+0000_45.5083
GDBDCL,Godavari at Bhadrachalam,Godavari,2026-08-02 17:00:00+00:00,45.55189669984884,NORMAL,47.5,48.5,53.0,17.66865,80.87403,GDBDCL_2026-08-02T17:00:00+0000_45.5519
GDBDCL,Godavari at Bhadrachalam,Godavari,2026-08-02 18:00:00+00:00,45.54586795736404,NORMAL,47.5,48.5,53.0,17.66865,80.87403,GDBDCL_2026-08-02T18:00:00+0000_45.5459
GDBDCL,Godavari at Bhadrachalam,Godavari,2026-08-02 19:00:00+00:00,47.80467214579679,WARNING,47.5,48.5,53.0,17.66865,80.87403,GDBDCL_2026-08-02T19:00:00+0000_47.8047
GDBDCL,Godavari at Bhadrachalam,Godavari,2026-08-02 20:00:00+00:00,47.6778686380989,WARNING,47.5,48.5,53.0,17.66865,80.87403,GDBDCL_2026-08-02T20:00:00+0000_47.6779
GDBDCL,Godavari at Bhadrachalam,Godavari,2026-08-02 21:00:00+00:00,47.50304611569838,WARNING,47.5,48.5,53.0,17.66865,80.87403,GDBDCL_2026-08-02T21:00:00+0000_47.5030
GDBDCL,Godavari at Bhadrachalam,Godavari,2026-08-02 22:00:00+00:00,47.37941077948806,NORMAL,47.5,48.5,53.0,17.66865,80.87403,GDBDCL_2026-08-02T22:00:00+0000_47.3794
GDBDCL,Godavari at Bhadrachalam,Godavari,2026-08-02 23:00:00+00:00,47.17961860111974,NORMAL,47.5,48.5,53.0,17.66865,80.87403,GDBDCL_2026-08-02T23:00:00+0000_47.1796
GDBDCL,Godavari at Bhadrachalam,Godavari,2026-08-03 00:00:00+00:00,45.7019542423172,NORMAL,47.5,48.5,53.0,17.66865,80.87403,GDBDCL_2026-08-03T00:00:00+0000_45.7020
GDBDCL,Godavari at Bhadrachalam,Godavari,2026-08-03 01:00:00+00:00,45.73526961243548,NORMAL,47.5,48.5,53.0,17.66865,80.87403,GDBDCL_2026-08-03T01:00:00+0000_45.7353
GDBDCL,Godavari at Bhadrachalam,Godavari,2026-08-03 02:00:00+00:00,45.7328216614021,NORMAL,47.5,48.5,53.0,17.66865,80.87403,GDBDCL_2026-08-03T02:00:00+0000_45.7328
GDBDCL,Godavari at Bhadrachalam,Godavari,2026-08-03 03:00:00+00:00,45.77846146939562,NORMAL,47.5,48.5,53.0,17.66865,80.87403,GDBDCL_2026-08-03T03:00:00+0000_45.7785
GDBDCL,Godavari at Bhadrachalam,Godavari,2026-08-03 04:00:00+00:00,45.70439389942933,NORMAL,47.5,48.5,53.0,17.66865,80.87403,GDBDCL_2026-08-03T04:00:00+0000_45.7044
GDBDCL,Godavari at Bhadrachalam,Godavari,2026-08-03 05:00:00+00:00,45.70139724737716,NORMAL,47.5,48.5,53.0,17.66865,80.87403,GDBDCL_2026-08-03T05:00:00+0000_45.7014
GDBDCL,Godavari at Bhadrachalam,Godavari,2026-08-03 06:00:00+00:00,45.66623577414348,NORMAL,47.5,48.5,53.0,17.66865,80.87403,GDBDCL_2026-08-03T06:00:00+0000_45.6662
GDBDCL,Godavari at Bhadrachalam,Godavari,2026-08-03 07:00:00+00:00,45.64426075976391,NORMAL,47.5,48.5,53.0,17.66865,80.87403,GDBDCL_2026-08-03T07:00:00+0000_45.6443
GDBDCL,Godavari at Bhadrachalam,Godavari,2026-08-03 08:00:00+00:00,45.62417525384931,NORMAL,47.5,48.5,53.0,17.66865,80.87403,GDBDCL_2026-08-03T08:00:00+0000_45.6242
GDBDCL,Godavari at Bhadrachalam,Godavari,2026-08-03 09:00:00+00:00,45.58104622634062,NORMAL,47.5,48.5,53.0,17.66865,80.87403,GDBDCL_2026-08-03T09:00:00+0000_45.5810
GDBDCL,Godavari at Bhadrachalam,Godavari,2026-08-03 10:00:00+00:00,45.57424005457055,NORMAL,47.5,48.5,53.0,17.66865,80.87403,GDBDCL_2026-08-03T10:00:00+0000_45.5742
GDBDCL,Godavari at Bhadrachalam,Godavari,2026-08-03 11:00:00+00:00,45.47724751016381,NORMAL,47.5,48.5,53.0,17.66865,80.87403,GDBDCL_2026-08-03T11:00:00+0000_45.4772
GDBDCL,Godavari at Bhadrachalam,Godavari,2026-08-03 12:00:00+00:00,45.534035473914784,NORMAL,47.5,48.5,53.0,17.66865,80.87403,GDBDCL_2026-08-03T12:00:00+0000_45.5340
GDBDCL,Godavari at Bhadrachalam,Godavari,2026-08-03 13:00:00+00:00,45.49915459406221,NORMAL,47.5,48.5,53.0,17.66865,80.87403,GDBDCL_2026-08-03T13:00:00+0000_45.4992
GDBDCL,Godavari at Bhadrachalam,Godavari,2026-08-03 14:00:00+00:00,45.51990961593262,NORMAL,47.5,48.5,53.0,17.66865,80.87403,GDBDCL_2026-08-03T14:00:00+0000_45.5199
GDBDCL,Godavari at Bhadrachalam,Godavari,2026-08-03 15:00:00+00:00,45.532322806892566,NORMAL,47.5,48.5,53.0,17.66865,80.87403,GDBDCL_2026-08-03T15:00:00+0000_45.5323
GDBDCL,Godavari at Bhadrachalam,Godavari,2026-08-03 16:00:00+00:00,45.47548360559591,NORMAL,47.5,48.5,53.0,17.66865,80.87403,GDBDCL_2026-08-03T16:00:00+0000_45.4755
GDBDCL,Godavari at Bhadrachalam,Godavari,2026-08-03 17:00:00+00:00,45.52119160259892,NORMAL,47.5,48.5,53.0,17.66865,80.87403,GDBDCL_2026-08-03T17:00:00+0000_45.5212
GDBDCL,Godavari at Bhadrachalam,Godavari,2026-08-03 18:00:00+00:00,45.55590288507896,NORMAL,47.5,48.5,53.0,17.66865,80.87403,GDBDCL_2026-08-03T18:00:00+0000_45.5559
GDBDCL,Godavari at Bhadrachalam,Godavari,2026-08-03 19:00:00+00:00,45.62536608912679,NORMAL,47.5,48.5,53.0,17.66865,80.87403,GDBDCL_2026-08-03T19:00:00+0000_45.6254
GDBDCL,Godavari at Bhadrachalam,Godavari,2026-08-03 20:00:00+00:00,45.634405398791785,NORMAL,47.5,48.5,53.0,17.66865,80.87403,GDBDCL_2026-08-03T20:00:00+0000_45.6344
GDBDCL,Godavari at Bhadrachalam,Godavari,2026-08-03 21:00:00+00:00,45.67129344324916,NORMAL,47.5,48.5,53.0,17.66865,80.87403,GDBDCL_2026-08-03T21:00:00+0000_45.6713
GDBDCL,Godavari at Bhadrachalam,Godavari,2026-08-03 22:00:00+00:00,45.70633187149785,NORMAL,47.5,48.5,53.0,17.66865,80.87403,GDBDCL_2026-08-03T22:00:00+0000_45.7063
GDBDCL,Godavari at Bhadrachalam,Godavari,2026-08-03 23:00:00+00:00,45.71946944691502,NORMAL,47.5,48.5,53.0,17.66865,80.87403,GDBDCL_2026-08-03T23:00:00+0000_45.7195
GDBDCL,Godavari at Bhadrachalam,Godavari,2026-08-04 00:00:00+00:00,45.71597256839243,NORMAL,47.5,48.5,53.0,17.66865,80.87403,GDBDCL_2026-08-04T00:00:00+0000_45.7160
GDBDCL,Godavari at Bhadrachalam,Godavari,2026-08-04 01:00:00+00:00,45.77957282215358,NORMAL,47.5,48.5,53.0,17.66865,80.87403,GDBDCL_2026-08-04T01:00:00+0000_45.7796
GDBDCL,Godavari at Bhadrachalam,Godavari,2026-08-04 02:00:00+00:00,45.78404943964471,NORMAL,47.5,48.5,53.0,17.66865,80.87403,GDBDCL_2026-08-04T02:00:00+0000_45.7840
GDBDCL,Godavari at Bhadrachalam,Godavari,2026-08-04 03:00:00+00:00,45.76080271695753,NORMAL,47.5,48.5,53.0,17.66865,80.87403,GDBDCL_2026-08-04T03:00:00+0000_45.7608
GDBDCL,Godavari at Bhadrachalam,Godavari,2026-08-04 04:00:00+00:00,45.70341996080947,NORMAL,47.5,48.5,53.0,17.66865,80.87403,GDBDCL_2026-08-04T04:00:00+0000_45.7034
GDBDCL,Godavari at Bhadrachalam,Godavari,2026-08-04 05:00:00+00:00,45.72936836502517,NORMAL,47.5,48.5,53.0,17.66865,80.87403,GDBDCL_2026-08-04T05:00:00+0000_45.7294
GDBDCL,Godavari at Bhadrachalam,Godavari,2026-08-04 06:00:00+00:00,45.669445521723325,NORMAL,47.5,48.5,53.0,17.66865,80.87403,GDBDCL_2026-08-04T06:00:00+0000_45.6694
GDBDCL,Godavari at Bhadrachalam,Godavari,2026-08-04 07:00:00+00:00,45.67875874215746,NORMAL,47.5,48.5,53.0,17.66865,80.87403,GDBDCL_2026-08-04T07:00:00+0000_45.6788
GDBDCL,Godavari at Bhadrachalam,Godavari,2026-08-04 08:00:00+00:00,45.620925102414674,NORMAL,47.5,48.5,53.0,17.66865,80.87403,GDBDCL_2026-08-04T08:00:00+0000_45.6209
GDBDCL,Godavari at Bhadrachalam,Godavari,2026-08-04 09:00:00+00:00,45.59471405039369,NORMAL,47.5,48.5,53.0,17.66865,80.87403,GDBDCL_2026-08-04T09:00:00+0000_45.5947
GDBDCL,Godavari at Bhadrachalam,Godavari,2026-08-04 10:00:00+00:00,45.48548943118808,NORMAL,47.5,48.5,53.0,17.66865,80.87403,GDBDCL_2026-08-04T10:00:00+0000_45.4855
GDBDCL,Godavari at Bhadrachalam,Godavari,2026-08-04 11:00:00+00:00,45.49215699844599,NORMAL,47.5,48.5,53.0,17.66865,80.87403,GDBDCL_2026-08-04T11:00:00+0000_45.4922
GDBDCL,Godavari at Bhadrachalam,Godavari,2026-08-04 12:00:00+00:00,45.46046238749358,NORMAL,47.5,48.5,53.0,17.66865,80.87403,GDBDCL_2026-08-04T12:00:00+0000_45.4605
GDBDCL,Godavari at Bhadrachalam,Godavari,2026-08-04 13:00:00+00:00,45.472950562925085,NORMAL,47.5,48.5,53.0,17.66865,80.87403,GDBDCL_2026-08-04T13:00:00+0000_45.4730
GDBDCL,Godavari at Bhadrachalam,Godavari,2026-08-04 14:00:00+00:00,45.50142513755627,NORMAL,47.5,48.5,53.0,17.66865,80.87403,GDBDCL_2026-08-04T14:00:00+0000_45.5014
GDBDCL,Godavari at Bhadrachalam,Godavari,2026-08-04 15:00:00+00:00,45.4423201285736,NORMAL,47.5,48.5,53.0,17.66865,80.87403,GDBDCL_2026-08-04T15:00:00+0000_45.4423
GDBDCL,Godavari at Bhadrachalam,Godavari,2026-08-04 16:00:00+00:00,45.486083331644,NORMAL,47.5,48.5,53.0,17.66865,80.87403,GDBDCL_2026-08-04T16:00:00+0000_45.4861
GDBDCL,Godavari at Bhadrachalam,Godavari,2026-08-04 17:00:00+00:00,45.49880489123259,NORMAL,47.5,48.5,53.0,17.66865,80.87403,GDBDCL_2026-08-04T17:00:00+0000_45.4988
GDBDCL,Godavari at Bhadrachalam,Godavari,2026-08-04 18:00:00+00:00,45.57738086588905,NORMAL,47.5,48.5,53.0,17.66865,80.87403,GDBDCL_2026-08-04T18:00:00+0000_45.5774
GDBDCL,Godavari at Bhadrachalam,Godavari,2026-08-04 19:00:00+00:00,45.54807418882141,NORMAL,47.5,48.5,53.0,17.66865,80.87403,GDBDCL_2026-08-04T19:00:00+0000_45.5481
GDBDCL,Godavari at Bhadrachalam,Godavari,2026-08-04 20:00:00+00:00,45.58655451023082,NORMAL,47.5,48.5,53.0,17.66865,80.87403,GDBDCL_2026-08-04T20:00:00+0000_45.5866
GDBDCL,Godavari at Bhadrachalam,Godavari,2026-08-04 21:00:00+00:00,45.68164284774885,NORMAL,47.5,48.5,53.0,17.66865,80.87403,GDBDCL_2026-08-04T21:00:00+0000_45.6816
GDBDCL,Godavari at Bhadrachalam,Godavari,2026-08-04 22:00:00+00:00,45.7329855862198,NORMAL,47.5,48.5,53.0,17.66865,80.87403,GDBDCL_2026-08-04T22:00:00+0000_45.7330
GDBDCL,Godavari at Bhadrachalam,Godavari,2026-08-04 23:00:00+00:00,45.76526869218423,NORMAL,47.5,48.5,53.0,17.66865,80.87403,GDBDCL_2026-08-04T23:00:00+0000_45.7653
GDBDCL,Godavari at Bhadrachalam,Godavari,2026-08-05 00:00:00+00:00,45.737584895892674,NORMAL,47.5,48.5,53.0,17.66865,80.87403,GDBDCL_2026-08-05T00:00:00+0000_45.7376
GDBDCL,Godavari at Bhadrachalam,Godavari,2026-08-05 01:00:00+00:00,45.70330056578107,NORMAL,47.5,48.5,53.0,17.66865,80.87403,GDBDCL_2026-08-05T01:00:00+0000_45.7033
GDBDCL,Godavari at Bhadrachalam,Godavari,2026-08-05 02:00:00+00:00,45.7556114264721,NORMAL,47.5,48.5,53.0,17.66865,80.87403,GDBDCL_2026-08-05T02:00:00+0000_45.7556
GDBDCL,Godavari at Bhadrachalam,Godavari,2026-08-05 03:00:00+00:00,45.7250126364219,NORMAL,47.5,48.5,53.0,17.66865,80.87403,GDBDCL_2026-08-05T03:00:00+0000_45.7250
GDBDCL,Godavari at Bhadrachalam,Godavari,2026-08-05 04:00:00+00:00,45.755617420114206,NORMAL,47.5,48.5,53.0,17.66865,80.87403,GDBDCL_2026-08-05T04:00:00+0000_45.7556
GDBDCL,Godavari at Bhadrachalam,Godavari,2026-08-05 05:00:00+00:00,45.68677498503981,NORMAL,47.5,48.5,53.0,17.66865,80.87403,GDBDCL_2026-08-05T05:00:00+0000_45.6868
GDBDCL,Godavari at Bhadrachalam,Godavari,2026-08-05 06:00:00+00:00,45.61918354845509,NORMAL,47.5,48.5,53.0,17.66865,80.87403,GDBDCL_2026-08-05T06:00:00+0000_45.6192
GDBDCL,Godavari at Bhadrachalam,Godavari,2026-08-05 07:00:00+00:00,45.61208340610822,NORMAL,47.5,48.5,53.0,17.66865,80.87403,GDBDCL_2026-08-05T07:00:00+0000_45.6121
GDBDCL,Godavari at Bhadrachalam,Godavari,2026-08-05 08:00:00+00:00,45.64207289517125,NORMAL,47.5,48.5,53.0,17.66865,80.87403,GDBDCL_2026-08-05T08:00:00+0000_45.6421
GDBDCL,Godavari at Bhadrachalam,Godavari,2026-08-05 09:00:00+00:00,45.58180870285028,NORMAL,47.5,48.5,53.0,17.66865,80.87403,GDBDCL_2026-08-05T09:00:00+0000_45.5818
GDBDCL,Godavari at Bhadrachalam,Godavari,2026-08-05 10:00:00+00:00,45.551058431600616,NORMAL,47.5,48.5,53.0,17.66865,80.87403,GDBDCL_2026-08-05T10:00:00+0000_45.5511
GDBDCL,Godavari at Bhadrachalam,Godavari,2026-08-05 11:00:00+00:00,45.531110408226674,NORMAL,47.5,48.5,53.0,17.66865,80.87403,GDBDCL_2026-08-05T11:00:00+0000_45.5311
GDBDCL,Godavari at Bhadrachalam,Godavari,2026-08-05 12:00:00+00:00,45.46300156087837,NORMAL,47.5,48.5,53.0,17.66865,80.87403,GDBDCL_2026-08-05T12:00:00+0000_45.4630
GDBDCL,Godavari at Bhadrachalam,Godavari,2026-08-05 13:00:00+00:00,45.46055001917264,NORMAL,47.5,48.5,53.0,17.66865,80.87403,GDBDCL_2026-08-05T13:00:00+0000_45.4606
GDBDCL,Godavari at Bhadrachalam,Godavari,2026-08-05 14:00:00+00:00,45.51447500789253,NORMAL,47.5,48.5,53.0,17.66865,80.87403,GDBDCL_2026-08-05T14:00:00+0000_45.5145
GDBDCL,Godavari at Bhadrachalam,Godavari,2026-08-05 15:00:00+00:00,45.48677584263361,NORMAL,47.5,48.5,53.0,17.66865,80.87403,GDBDCL_2026-08-05T15:00:00+0000_45.4868
GDBDCL,Godavari at Bhadrachalam,Godavari,2026-08-05 16:00:00+00:00,45.50232694509074,NORMAL,47.5,48.5,53.0,17.66865,80.87403,GDBDCL_2026-08-05T16:00:00+0000_45.5023
GDBDCL,Godavari at Bhadrachalam,Godavari,2026-08-05 17:00:00+00:00,,,47.5,48.5,53.0,17.66865,80.87403,GDBDCL_2026-08-05T17:00:00+0000_
GDBDCL,Godavari at Bhadrachalam,Godavari,2026-08-05 18:00:00+00:00,45.54030140590089,NORMAL,47.5,48.5,53.0,17.66865,80.87403,GDBDCL_2026-08-05T18:00:00+0000_45.5403
GDBDCL,Godavari at Bhadrachalam,Godavari,2026-08-05 19:00:00+00:00,45.63133714156541,NORMAL,47.5,48.5,53.0,17.66865,80.87403,GDBDCL_2026-08-05T19:00:00+0000_45.6313
GDBDCL,Godavari at Bhadrachalam,Godavari,2026-08-05 20:00:00+00:00,45.60723054408152,NORMAL,47.5,48.5,53.0,17.66865,80.87403,GDBDCL_2026-08-05T20:00:00+0000_45.6072
GDBDCL,Godavari at Bhadrachalam,Godavari,2026-08-05 21:00:00+00:00,45.64095332930344,NORMAL,47.5,48.5,53.0,17.66865,80.87403,GDBDCL_2026-08-05T21:00:00+0000_45.6410
GDBDCL,Godavari at Bhadrachalam,Godavari,2026-08-05 22:00:00+00:00,45.68286046761815,NORMAL,47.5,48.5,53.0,17.66865,80.87403,GDBDCL_2026-08-05T22:00:00+0000_45.6829
GDBDCL,Godavari at Bhadrachalam,Godavari,2026-08-05 23:00:00+00:00,45.73960112081249,NORMAL,47.5,48.5,53.0,17.66865,80.87403,GDBDCL_2026-08-05T23:00:00+0000_45.7396
GDBDCL,Godavari at Bhadrachalam,Godavari,2026-08-06 00:00:00+00:00,45.76353232289617,NORMAL,47.5,48.5,53.0,17.66865,80.87403,GDBDCL_2026-08-06T00:00:00+0000_45.7635
GDBDCL,Godavari at Bhadrachalam,Godavari,2026-08-06 01:00:00+00:00,45.69962526816733,NORMAL,47.5,48.5,53.0,17.66865,80.87403,GDBDCL_2026-08-06T01:00:00+0000_45.6996
GDBDCL,Godavari at Bhadrachalam,Godavari,2026-08-06 02:00:00+00:00,45.759909881017165,NORMAL,47.5,48.5,53.0,17.66865,80.87403,GDBDCL_2026-08-06T02:00:00+0000_45.7599
GDBDCL,Godavari at Bhadrachalam,Godavari,2026-08-06 03:00:00+00:00,45.78731346306144,NORMAL,47.5,48.5,53.0,17.66865,80.87403,GDBDCL_2026-08-06T03:00:00+0000_45.7873
GDBDCL,Godavari at Bhadrachalam,Godavari,2026-08-06 04:00:00+00:00,45.76138420118787,NORMAL,47.5,48.5,53.0,17.66865,80.87403,GDBDCL_2026-08-06T04:00:00+0000_45.7614
GDBDCL,Godavari at Bhadrachalam,Godavari,2026-08-06 05:00:00+00:00,45.72623552610701,NORMAL,47.5,48.5,53.0,17.66865,80.87403,GDBDCL_2026-08-06T05:00:00+0000_45.7262
GDBDCL,Godavari at Bhadrachalam,Godavari,2026-08-06 06:00:00+00:00,45.63515148620728,NORMAL,47.5,48.5,53.0,17.66865,80.87403,GDBDCL_2026-08-06T06:00:00+0000_45.6352
GDBDCL,Godavari at Bhadrachalam,Godavari,2026-08-06 07:00:00+00:00,,,47.5,48.5,53.0,17.66865,80.87403,GDBDCL_2026-08-06T07:00:00+0000_
GDBDCL,Godavari at Bhadrachalam,Godavari,2026-08-06 08:00:00+00:00,45.56330088706434,NORMAL,47.5,48.5,53.0,17.66865,80.87403,GDBDCL_2026-08-06T08:00:00+0000_45.5633
GDBDCL,Godavari at Bhadrachalam,Godavari,2026-08-06 09:00:00+00:00,45.52876804698859,NORMAL,47.5,48.5,53.0,17.66865,80.87403,GDBDCL_2026-08-06T09:00:00+0000_45.5288
GDBDCL,Godavari at Bhadrachalam,Godavari,2026-08-06 10:00:00+00:00,45.56657413777026,NORMAL,47.5,48.5,53.0,17.66865,80.87403,GDBDCL_2026-08-06T10:00:00+0000_45.5666
GDBDCL,Godavari at Bhadrachalam,Godavari,2026-08-06 11:00:00+00:00,45.48574822310397,NORMAL,47.5,48.5,53.0,17.66865,80.87403,GDBDCL_2026-08-06T11:00:00+0000_45.4857
GDBDCL,Godavari at Bhadrachalam,Godavari,2026-08-06 12:00:00+00:00,45.44521473757565,NORMAL,47.5,48.5,53.0,17.66865,80.87403,GDBDCL_2026-08-06T12:00:00+0000_45.4452
GDBDCL,Godavari at Bhadrachalam,Godavari,2026-08-06 13:00:00+00:00,45.48620237599948,NORMAL,47.5,48.5,53.0,17.66865,80.87403,GDBDCL_2026-08-06T13:00:00+0000_45.4862
GDBDCL,Godavari at Bhadrachalam,Godavari,2026-08-06 14:00:00+00:00,45.47605993657343,NORMAL,47.5,48.5,53.0,17.66865,80.87403,GDBDCL_2026-08-06T14:00:00+0000_45.4761
GDBDCL,Godavari at Bhadrachalam,Godavari,2026-08-06 15:00:00+00:00,45.43476846456522,NORMAL,47.5,48.5,53.0,17.66865,80.87403,GDBDCL_2026-08-06T15:00:00+0000_45.4348
GDBDCL,Godavari at Bhadrachalam,Godavari,2026-08-06 16:00:00+00:00,45.508431894918,NORMAL,47.5,48.5,53.0,17.66865,80.87403,GDBDCL_2026-08-06T16:00:00+0000_45.5084
GDBDCL,Godavari at Bhadrachalam,Godavari,2026-08-06 17:00:00+00:00,45.5078586969422,NORMAL,47.5,48.5,53.0,17.66865,80.87403,GDBDCL_2026-08-06T17:00:00+0000_45.5079
GDBDCL,Godavari at Bhadrachalam,Godavari,2026-08-06 18:00:00+00:00,45.5510216042528,NORMAL,47.5,48.5,53.0,17.66865,80.87403,GDBDCL_2026-08-06T18:00:00+0000_45.5510
GDBDCL,Godavari at Bhadrachalam,Godavari,2026-08-06 19:00:00+00:00,45.61823689288304,NORMAL,47.5,48.5,53.0,17.66865,80.87403,GDBDCL_2026-08-06T19:00:00+0000_45.6182
GDBDCL,Godavari at Bhadrachalam,Godavari,2026-08-06 20:00:00+00:00,45.64973884278367,NORMAL,47.5,48.5,53.0,17.66865,80.87403,GDBDCL_2026-08-06T20:00:00+0000_45.6497
GDBDCL,Godavari at Bhadrachalam,Godavari,2026-08-06 21:00:00+00:00,45.677339779126456,NORMAL,47.5,48.5,53.0,17.66865,80.87403,GDBDCL_2026-08-06T21:00:00+0000_45.6773
GDBDCL,Godavari at Bhadrachalam,Godavari,2026-08-06 22:00:00+00:00,45.66486331347887,NORMAL,47.5,48.5,53.0,17.66865,80.87403,GDBDCL_2026-08-06T22:00:00+0000_45.6649
GDBDCL,Godavari at Bhadrachalam,Godavari,2026-08-06 23:00:00+00:00,45.7408569366887,NORMAL,47.5,48.5,53.0,17.66865,80.87403,GDBDCL_2026-08-06T23:00:00+0000_45.7409
GDBDCL,Godavari at Bhadrachalam,Godavari,2026-08-07 00:00:00+00:00,45.70879408561298,NORMAL,47.5,48.5,53.0,17.66865,80.87403,GDBDCL_2026-08-07T00:00:00+0000_45.7088
GDBDCL,Godavari at Bhadrachalam,Godavari,2026-08-07 01:00:00+00:00,45.77279258303675,NORMAL,47.5,48.5,53.0,17.66865,80.87403,GDBDCL_2026-08-07T01:00:00+0000_45.7728
GDBDCL,Godavari at Bhadrachalam,Godavari,2026-08-07 02:00:00+00:00,45.75963747418554,NORMAL,47.5,48.5,53.0,17.66865,80.87403,GDBDCL_2026-08-07T02:00:00+0000_45.7596
GDBDCL,Godavari at Bhadrachalam,Godavari,2026-08-07 03:00:00+00:00,45.748892728177815,NORMAL,47.5,48.5,53.0,17.66865,80.87403,GDBDCL_2026-08-07T03:00:00+0000_45.7489
GDBDCL,Godavari at Bhadrachalam,Godavari,2026-08-07 04:00:00+00:00,45.7641578818908,NORMAL,47.5,48.5,53.0,17.66865,80.87403,GDBDCL_2026-08-07T04:00:00+0000_45.7642
GDBDCL,Godavari at Bhadrachalam,Godavari,2026-08-07 05:00:00+00:00,45.64598724679216,NORMAL,47.5,48.5,53.0,17.66865,80.87403,GDBDCL_2026-08-07T05:00:00+0000_45.6460
GDBDCL,Godavari at Bhadrachalam,Godavari,2026-08-07 06:00:00+00:00,45.65488804179324,NORMAL,47.5,48.5,53.0,17.66865,80.87403,GDBDCL_2026-08-07T06:00:00+0000_45.6549
GDBDCL,Godavari at Bhadrachalam,Godavari,2026-08-07 07:00:00+00:00,,,47.5,48.5,53.0,17.66865,80.87403,GDBDCL_2026-08-07T07:00:00+0000_
GDBDCL,Godavari at Bhadrachalam,Godavari,2026-08-07 08:00:00+00:00,45.555911444376775,NORMAL,47.5,48.5,53.0,17.66865,80.87403,GDBDCL_2026-08-07T08:00:00+0000_45.5559
GDBDCL,Godavari at Bhadrachalam,Godavari,2026-08-07 09:00:00+00:00,45.52005893766748,NORMAL,47.5,48.5,53.0,17.66865,80.87403,GDBDCL_2026-08-07T09:00:00+0000_45.5201
GDBDCL,Godavari at Bhadrachalam,Godavari,2026-08-07 10:00:00+00:00,45.55117533064754,NORMAL,47.5,48.5,53.0,17.66865,80.87403,GDBDCL_2026-08-07T10:00:00+0000_45.5512
GDBDCL,Godavari at Bhadrachalam,Godavari,2026-08-07 11:00:00+00:00,45.499489386335725,NORMAL,47.5,48.5,53.0,17.66865,80.87403,GDBDCL_2026-08-07T11:00:00+0000_45.4995
GDBDCL,Godavari at Bhadrachalam,Godavari,2026-08-07 12:00:00+00:00,45.46528422026427,NORMAL,47.5,48.5,53.0,17.66865,80.87403,GDBDCL_2026-08-07T12:00:00+0000_45.4653
GDBDCL,Godavari at Bhadrachalam,Godavari,2026-08-07 13:00:00+00:00,45.45370561606212,NORMAL,47.5,48.5,53.0,17.66865,80.87403,GDBDCL_2026-08-07T13:00:00+0000_45.4537
GDBDCL,Godavari at Bhadrachalam,Godavari,2026-08-07 14:00:00+00:00,45.48407648915428,NORMAL,47.5,48.5,53.0,17.66865,80.87403,GDBDCL_2026-08-07T14:00:00+0000_45.4841
GDBDCL,Godavari at Bhadrachalam,Godavari,2026-08-07 15:00:00+00:00,45.44196586192112,NORMAL,47.5,48.5,53.0,17.66865,80.87403,GDBDCL_2026-08-07T15:00:00+0000_45.4420
GDBDCL,Godavari at Bhadrachalam,Godavari,2026-08-07 16:00:00+00:00,47.78242728111159,WARNING,47.5,48.5,53.0,17.66865,80.87403,GDBDCL_2026-08-07T16:00:00+0000_47.7824
GDBDCL,Godavari at Bhadrachalam,Godavari,2026-08-07 17:00:00+00:00,47.55844563840559,WARNING,47.5,48.5,53.0,17.66865,80.87403,GDBDCL_2026-08-07T17:00:00+0000_47.5584
GDBDCL,Godavari at Bhadrachalam,Godavari,2026-08-07 18:00:00+00:00,45.594161197316495,NORMAL,47.5,48.5,53.0,17.66865,80.87403,GDBDCL_2026-08-07T18:00:00+0000_45.5942
GDBDCL,Godavari at Bhadrachalam,Godavari,2026-08-07 19:00:00+00:00,45.54605711330664,NORMAL,47.5,48.5,53.0,17.66865,80.87403,GDBDCL_2026-08-07T19:00:00+0000_45.5461
GDBDCL,Godavari at Bhadrachalam,Godavari,2026-08-07 20:00:00+00:00,45.63213772900053,NORMAL,47.5,48.5,53.0,17.66865,80.87403,GDBDCL_2026-08-07T20:00:00+0000_45.6321
GDBDCL,Godavari at Bhadrachalam,Godavari,2026-08-07 21:00:00+00:00,45.65209947710529,NORMAL,47.5,48.5,53.0,17.66865,80.87403,GDBDCL_2026-08-07T21:00:00+0000_45.6521
GDBDCL,Godavari at Bhadrachalam,Godavari,2026-08-07 22:00:00+00:00,45.701329531128295,NORMAL,47.5,48.5,53.0,17.66865,80.87403,GDBDCL_2026-08-07T22:00:00+0000_45.7013
GDBDCL,Godavari at Bhadrachalam,Godavari,2026-08-07 23:00:00+00:00,45.7169179507012,NORMAL,47.5,48.5,53.0,17.66865,80.87403,GDBDCL_2026-08-07T23:00:00+0000_45.7169
GDBDCL,Godavari at Bhadrachalam,Godavari,2026-08-08 00:00:00+00:00,45.76453127172721,NORMAL,47.5,48.5,53.0,17.66865,80.87403,GDBDCL_2026-08-08T00:00:00+0000_45.7645
GDBDCL,Godavari at Bhadrachalam,Godavari,2026-08-08 01:00:00+00:00,45.74811290264071,NORMAL,47.5,48.5,53.0,17.66865,80.87403,GDBDCL_2026-08-08T01:00:00+0000_45.7481
GDBDCL,Godavari at Bhadrachalam,Godavari,2026-08-08 02:00:00+00:00,45.78086656577374,NORMAL,47.5,48.5,53.0,17.66865,80.87403,GDBDCL_2026-08-08T02:00:00+0000_45.7809
GDBDCL,Godavari at Bhadrachalam,Godavari,2026-08-08 03:00:00+00:00,45.70136322422876,NORMAL,47.5,48.5,53.0,17.66865,80.87403,GDBDCL_2026-08-08T03:00:00+0000_45.7014
GDBDCL,Godavari at Bhadrachalam,Godavari,2026-08-08 04:00:00+00:00,45.70624629131412,NORMAL,47.5,48.5,53.0,17.66865,80.87403,GDBDCL_2026-08-08T04:00:00+0000_45.7062
GDBDCL,Godavari at Bhadrachalam,Godavari,2026-08-08 05:00:00+00:00,45.72832565813373,NORMAL,47.5,48.5,53.0,17.66865,80.87403,GDBDCL_2026-08-08T05:00:00+0000_45.7283
GDBDCL,Godavari at Bhadrachalam,Godavari,2026-08-08 06:00:00+00:00,45.631736774751765,NORMAL,47.5,48.5,53.0,17.66865,80.87403,GDBDCL_2026-08-08T06:00:00+0000_45.6317
GDBDCL,Godavari at Bhadrachalam,Godavari,2026-08-08 07:00:00+00:00,45.66822679395769,NORMAL,47.5,48.5,53.0,17.66865,80.87403,GDBDCL_2026-08-08T07:00:00+0000_45.6682
GDBDCL,Godavari at Bhadrachalam,Godavari,2026-08-08 08:00:00+00:00,45.62405602964369,NORMAL,47.5,48.5,53.0,17.66865,80.87403,GDBDCL_2026-08-08T08:00:00+0000_45.6241
GDBDCL,Godavari at Bhadrachalam,Godavari,2026-08-08 09:00:00+00:00,45.57991517976373,NORMAL,47.5,48.5,53.0,17.66865,80.87403,GDBDCL_2026-08-08T09:00:00+0000_45.5799
GDBDCL,Godavari at Bhadrachalam,Godavari,2026-08-08 10:00:00+00:00,45.514579446444415,NORMAL,47.5,48.5,53.0,17.66865,80.87403,GDBDCL_2026-08-08T10:00:00+0000_45.5146
GDBDCL,Godavari at Bhadrachalam,Godavari,2026-08-08 11:00:00+00:00,45.461741889276624,NORMAL,47.5,48.5,53.0,17.66865,80.87403,GDBDCL_2026-08-08T11:00:00+0000_45.4617
GDBDCL,Godavari at Bhadrachalam,Godavari,2026-08-08 12:00:00+00:00,45.43224164293624,NORMAL,47.5,48.5,53.0,17.66865,80.87403,GDBDCL_2026-08-08T12:00:00+0000_45.4322
GDBDCL,Godavari at Bhadrachalam,Godavari,2026-08-08 13:00:00+00:00,45.489046664668834,NORMAL,47.5,48.5,53.0,17.66865,80.87403,GDBDCL_2026-08-08T13:00:00+0000_45.4890
GDBDCL,Godavari at Bhadrachalam,Godavari,2026-08-08 14:00:00+00:00,45.46008980359308,NORMAL,47.5,48.5,53.0,17.66865,80.87403,GDBDCL_2026-08-08T14:00:00+0000_45.4601
GDBDCL,Godavari at Bhadrachalam,Godavari,2026-08-08 15:00:00+00:00,45.44436193665127,NORMAL,47.5,48.5,53.0,17.66865,80.87403,GDBDCL_2026-08-08T15:00:00+0000_45.4444
GDBDCL,Godavari at Bhadrachalam,Godavari,2026-08-08 16:00:00+00:00,45.4371159656113,NORMAL,47.5,48.5,53.0,17.66865,80.87403,GDBDCL_2026-08-08T16:00:00+0000_45.4371
GDBDCL,Godavari at Bhadrachalam,Godavari,2026-08-08 17:00:00+00:00,,,47.5,48.5,53.0,17.66865,80.87403,GDBDCL_2026-08-08T17:00:00+0000_
GDBDCL,Godavari at Bhadrachalam,Godavari,2026-08-08 18:00:00+00:00,45.51427286523482,NORMAL,47.5,48.5,53.0,17.66865,80.87403,GDBDCL_2026-08-08T18:00:00+0000_45.5143
GDBDCL,Godavari at Bhadrachalam,Godavari,2026-08-08 19:00:00+00:00,45.53169235003949,NORMAL,47.5,48.5,53.0,17.66865,80.87403,GDBDCL_2026-08-08T19:00:00+0000_45.5317
GDBDCL,Godavari at Bhadrachalam,Godavari,2026-08-08 20:00:00+00:00,45.6329727683457,NORMAL,47.5,48.5,53.0,17.66865,80.87403,GDBDCL_2026-08-08T20:00:00+0000_45.6330
GDBDCL,Godavari at Bhadrachalam,Godavari,2026-08-08 21:00:00+00:00,45.63217000632714,NORMAL,47.5,48.5,53.0,17.66865,80.87403,GDBDCL_2026-08-08T21:00:00+0000_45.6322
GDBDCL,Godavari at Bhadrachalam,Godavari,2026-08-08 22:00:00+00:00,45.72036286460805,NORMAL,47.5,48.5,53.0,17.66865,80.87403,GDBDCL_2026-08-08T22:00:00+0000_45.7204
GDBDCL,Godavari at Bhadrachalam,Godavari,2026-08-08 23:00:00+00:00,,,47.5,48.5,53.0,17.66865,80.87403,GDBDCL_2026-08-08T23:00:00+0000_
GDBDCL,Godavari at Bhadrachalam,Godavari,2026-08-09 00:00:00+00:00,45.71560356166253,NORMAL,47.5,48.5,53.0,17.66865,80.87403,GDBDCL_2026-08-09T00:00:00+0000_45.7156
GDBDCL,Godavari at Bhadrachalam,Godavari,2026-08-09 01:00:00+00:00,45.74926273923377,NORMAL,47.5,48.5,53.0,17.66865,80.87403,GDBDCL_2026-08-09T01:00:00+0000_45.7493
GDBDCL,Godavari at Bhadrachalam,Godavari,2026-08-09 02:00:00+00:00,45.744019684217534,NORMAL,47.5,48.5,53.0,17.66865,80.87403,GDBDCL_2026-08-09T02:00:00+0000_45.7440
GDBDCL,Godavari at Bhadrachalam,Godavari,2026-08-09 03:00:00+00:00,45.762023680146434,NORMAL,47.5,48.5,53.0,17.66865,80.87403,GDBDCL_2026-08-09T03:00:00+0000_45.7620
GDBDCL,Godavari at Bhadrachalam,Godavari,2026-08-09 04:00:00+00:00,45.700188506777565,NORMAL,47.5,48.5,53.0,17.66865,80.87403,GDBDCL_2026-08-09T04:00:00+0000_45.7002
GDBDCL,Godavari at Bhadrachalam,Godavari,2026-08-09 05:00:00+00:00,45.66251184201682,NORMAL,47.5,48.5,53.0,17.66865,80.87403,GDBDCL_2026-08-09T05:00:00+0000_45.6625
GDBDCL,Godavari at Bhadrachalam,Godavari,2026-08-09 06:00:00+00:00,45.67901672476973,NORMAL,47.5,48.5,53.0,17.66865,80.87403,GDBDCL_2026-08-09T06:00:00+0000_45.6790
GDBDCL,Godavari at Bhadrachalam,Godavari,2026-08-09 07:00:00+00:00,45.60918193120954,NORMAL,47.5,48.5,53.0,17.66865,80.87403,GDBDCL_2026-08-09T07:00:00+0000_45.6092
GDBDCL,Godavari at Bhadrachalam,Godavari,2026-08-09 08:00:00+00:00,45.62561072426687,NORMAL,47.5,48.5,53.0,17.66865,80.87403,GDBDCL_2026-08-09T08:00:00+0000_45.6256
GDBDCL,Godavari at Bhadrachalam,Godavari,2026-08-09 09:00:00+00:00,45.53355899064693,NORMAL,47.5,48.5,53.0,17.66865,80.87403,GDBDCL_2026-08-09T09:00:00+0000_45.5336
GDBDCL,Godavari at Bhadrachalam,Godavari,2026-08-09 10:00:00+00:00,45.485387302092896,NORMAL,47.5,48.5,53.0,17.66865,80.87403,GDBDCL_2026-08-09T10:00:00+0000_45.4854
GDBDCL,Godavari at Bhadrachalam,Godavari,2026-08-09 11:00:00+00:00,,,47.5,48.5,53.0,17.66865,80.87403,GDBDCL_2026-08-09T11:00:00+0000_
GDBDCL,Godavari at Bhadrachalam,Godavari,2026-08-09 12:00:00+00:00,45.42272519330112,NORMAL,47.5,48.5,53.0,17.66865,80.87403,GDBDCL_2026-08-09T12:00:00+0000_45.4227
GDBDCL,Godavari at Bhadrachalam,Godavari,2026-08-09 13:00:00+00:00,45.40683968352499,NORMAL,47.5,48.5,53.0,17.66865,80.87403,GDBDCL_2026-08-09T13:00:00+0000_45.4068
GDBDCL,Godavari at Bhadrachalam,Godavari,2026-08-09 14:00:00+00:00,45.48535724776551,NORMAL,47.5,48.5,53.0,17.66865,80.87403,GDBDCL_2026-08-09T14:00:00+0000_45.4854
GDBDCL,Godavari at Bhadrachalam,Godavari,2026-08-09 15:00:00+00:00,45.46171052291545,NORMAL,47.5,48.5,53.0,17.66865,80.87403,GDBDCL_2026-08-09T15:00:00+0000_45.4617
GDBDCL,Godavari at Bhadrachalam,Godavari,2026-08-09 16:00:00+00:00,45.4443626979968,NORMAL,47.5,48.5,53.0,17.66865,80.87403,GDBDCL_2026-08-09T16:00:00+0000_45.4444
GDBDCL,Godavari at Bhadrachalam,Godavari,2026-08-09 17:00:00+00:00,45.48174908939497,NORMAL,47.5,48.5,53.0,17.66865,80.87403,GDBDCL_2026-08-09T17:00:00+0000_45.4817
GDBDCL,Godavari at Bhadrachalam,Godavari,2026-08-09 18:00:00+00:00,45.50863757422137,NORMAL,47.5,48.5,53.0,17.66865,80.87403,GDBDCL_2026-08-09T18:00:00+0000_45.5086
GDBDCL,Godavari at Bhadrachalam,Godavari,2026-08-09 19:00:00+00:00,45.61407457557691,NORMAL,47.5,48.5,53.0,17.66865,80.87403,GDBDCL_2026-08-09T19:00:00+0000_45.6141
GDBDCL,Godavari at Bhadrachalam,Godavari,2026-08-09 20:00:00+00:00,45.657342294003584,NORMAL,47.5,48.5,53.0,17.66865,80.87403,GDBDCL_2026-08-09T20:00:00+0000_45.6573
GDBDCL,Godavari at Bhadrachalam,Godavari,2026-08-09 21:00:00+00:00,45.60064762398331,NORMAL,47.5,48.5,53.0,17.66865,80.87403,GDBDCL_2026-08-09T21:00:00+0000_45.6006
GDBDCL,Godavari at Bhadrachalam,Godavari,2026-08-09 22:00:00+00:00,,,47.5,48.5,53.0,17.66865,80.87403,GDBDCL_2026-08-09T22:00:00+0000_
GDBDCL,Godavari at Bhadrachalam,Godavari,2026-08-09 23:00:00+00:00,45.659769954783535,NORMAL,47.5,48.5,53.0,17.66865,80.87403,GDBDCL_2026-08-09T23:00:00+0000_45.6598
GDBDCL,Godavari at Bhadrachalam,Godavari,2026-08-10 00:00:00+00:00,45.76368222230097,NORMAL,47.5,48.5,53.0,17.66865,80.87403,GDBDCL_2026-08-10T00:00:00+0000_45.7637
GDBDCL,Godavari at Bhadrachalam,Godavari,2026-08-10 01:00:00+00:00,45.69447299984414,NORMAL,47.5,48.5,53.0,17.66865,80.87403,GDBDCL_2026-08-10T01:00:00+0000_45.6945
GDBDCL,Godavari at Bhadrachalam,Godavari,2026-08-10 02:00:00+00:00,45.7454399701585,NORMAL,47.5,48.5,53.0,17.66865,80.87403,GDBDCL_2026-08-10T02:00:00+0000_45.7454
GDBDCL,Godavari at Bhadrachalam,Godavari,2026-08-10 03:00:00+00:00,45.71890554404025,NORMAL,47.5,48.5,53.0,17.66865,80.87403,GDBDCL_2026-08-10T03:00:00+0000_45.7189
GDBDCL,Godavari at Bhadrachalam,Godavari,2026-08-10 04:00:00+00:00,45.68685380409376,NORMAL,47.5,48.5,53.0,17.66865,80.87403,GDBDCL_2026-08-10T04:00:00+0000_45.6869
GDBDCL,Godavari at Bhadrachalam,Godavari,2026-08-10 05:00:00+00:00,45.64927417021517,NORMAL,47.5,48.5,53.0,17.66865,80.87403,GDBDCL_2026-08-10T05:00:00+0000_45.6493
GDBDCL,Godavari at Bhadrachalam,Godavari,2026-08-10 06:00:00+00:00,45.67389234681008,NORMAL,47.5,48.5,53.0,17.66865,80.87403,GDBDCL_2026-08-10T06:00:00+0000_45.6739
GDBDCL,Godavari at Bhadrachalam,Godavari,2026-08-10 07:00:00+00:00,45.63803946361619,NORMAL,47.5,48.5,53.0,17.66865,80.87403,GDBDCL_2026-08-10T07:00:00+0000_45.6380
GDBDCL,Godavari at Bhadrachalam,Godavari,2026-08-10 08:00:00+00:00,45.53417634780496,NORMAL,47.5,48.5,53.0,17.66865,80.87403,GDBDCL_2026-08-10T08:00:00+0000_45.5342
GDBDCL,Godavari at Bhadrachalam,Godavari,2026-08-10 09:00:00+00:00,45.5612129124219,NORMAL,47.5,48.5,53.0,17.66865,80.87403,GDBDCL_2026-08-10T09:00:00+0000_45.5612
GDBDCL,Godavari at Bhadrachalam,Godavari,2026-08-10 10:00:00+00:00,45.49624840372918,NORMAL,47.5,48.5,53.0,17.66865,80.87403,GDBDCL_2026-08-10T10:00:00+0000_45.4962
GDBDCL,Godavari at Bhadrachalam,Godavari,2026-08-10 11:00:00+00:00,,,47.5,48.5,53.0,17.66865,80.87403,GDBDCL_2026-08-10T11:00:00+0000_
GDBDCL,Godavari at Bhadrachalam,Godavari,2026-08-10 12:00:00+00:00,45.44064348545151,NORMAL,47.5,48.5,53.0,17.66865,80.87403,GDBDCL_2026-08-10T12:00:00+0000_45.4406
GDBDCL,Godavari at Bhadrachalam,Godavari,2026-08-10 13:00:00+00:00,45.40045339259612,NORMAL,47.5,48.5,53.0,17.66865,80.87403,GDBDCL_2026-08-10T13:00:00+0000_45.4005
GDBDCL,Godavari at Bhadrachalam,Godavari,2026-08-10 14:00:00+00:00,45.43850097989938,NORMAL,47.5,48.5,53.0,17.66865,80.87403,GDBDCL_2026-08-10T14:00:00+0000_45.4385
GDBDCL,Godavari at Bhadrachalam,Godavari,2026-08-10 15:00:00+00:00,45.44746135793845,NORMAL,47.5,48.5,53.0,17.66865,80.87403,GDBDCL_2026-08-10T15:00:00+0000_45.4475
GDBDCL,Godavari at Bhadrachalam,Godavari,2026-08-10 16:00:00+00:00,45.44366489517287,NORMAL,47.5,48.5,53.0,17.66865,80.87403,GDBDCL_2026-08-10T16:00:00+0000_45.4437
GDBDCL,Godavari at Bhadrachalam,Godavari,2026-08-10 17:00:00+00:00,45.474606445428286,NORMAL,47.5,48.5,53.0,17.66865,80.87403,GDBDCL_2026-08-10T17:00:00+0000_45.4746
GDBDCL,Godavari at Bhadrachalam,Godavari,2026-08-10 18:00:00+00:00,45.56623053718389,NORMAL,47.5,48.5,53.0,17.66865,80.87403,GDBDCL_2026-08-10T18:00:00+0000_45.5662
GDBDCL,Godavari at Bhadrachalam,Godavari,2026-08-10 19:00:00+00:00,45.59737904022656,NORMAL,47.5,48.5,53.0,17.66865,80.87403,GDBDCL_2026-08-10T19:00:00+0000_45.5974
GDBDCL,Godavari at Bhadrachalam,Godavari,2026-08-10 20:00:00+00:00,45.63113200101431,NORMAL,47.5,48.5,53.0,17.66865,80.87403,GDBDCL_2026-08-10T20:00:00+0000_45.6311
GDBDCL,Godavari at Bhadrachalam,Godavari,2026-08-10 21:00:00+00:00,45.61566999556179,NORMAL,47.5,48.5,53.0,17.66865,80.87403,GDBDCL_2026-08-10T21:00:00+0000_45.6157
GDBDCL,Godavari at Bhadrachalam,Godavari,2026-08-10 22:00:00+00:00,45.63122876464257,NORMAL,47.5,48.5,53.0,17.66865,80.87403,GDBDCL_2026-08-10T22:00:00+0000_45.6312
GDBDCL,Godavari at Bhadrachalam,Godavari,2026-08-10 23:00:00+00:00,45.68990450576123,NORMAL,47.5,48.5,53.0,17.66865,80.87403,GDBDCL_2026-08-10T23:00:00+0000_45.6899
GDBDCL,Godavari at Bhadrachalam,Godavari,2026-08-11 00:00:00+00:00,45.689206378892834,NORMAL,47.5,48.5,53.0,17.66865,80.87403,GDBDCL_2026-08-11T00:00:00+0000_45.6892
GDBDCL,Godavari at Bhadrachalam,Godavari,2026-08-11 01:00:00+00:00,45.74186768012894,NORMAL,47.5,48.5,53.0,17.66865,80.87403,GDBDCL_2026-08-11T01:00:00+0000_45.7419
GDBDCL,Godavari at Bhadrachalam,Godavari,2026-08-11 02:00:00+00:00,45.72351914104004,NORMAL,47.5,48.5,53.0,17.66865,80.87403,GDBDCL_2026-08-11T02:00:00+0000_45.7235
GDBDCL,Godavari at Bhadrachalam,Godavari,2026-08-11 03:00:00+00:00,45.74988924378098,NORMAL,47.5,48.5,53.0,17.66865,80.87403,GDBDCL_2026-08-11T03:00:00+0000_45.7499
GDBDCL,Godavari at Bhadrachalam,Godavari,2026-08-11 04:00:00+00:00,45.68388851619906,NORMAL,47.5,48.5,53.0,17.66865,80.87403,GDBDCL_2026-08-11T04:00:00+0000_45.6839
GDBDCL,Godavari at Bhadrachalam,Godavari,2026-08-11 05:00:00+00:00,45.66792102031008,NORMAL,47.5,48.5,53.0,17.66865,80.87403,GDBDCL_2026-08-11T05:00:00+0000_45.6679
GDBDCL,Godavari at Bhadrachalam,Godavari,2026-08-11 06:00:00+00:00,45.65506848205131,NORMAL,47.5,48.5,53.0,17.66865,80.87403,GDBDCL_2026-08-11T06:00:00+0000_45.6551
GDBDCL,Godavari at Bhadrachalam,Godavari,2026-08-11 07:00:00+00:00,45.60309690832047,NORMAL,47.5,48.5,53.0,17.66865,80.87403,GDBDCL_2026-08-11T07:00:00+0000_45.6031
GDBDCL,Godavari at Bhadrachalam,Godavari,2026-08-11 08:00:00+00:00,45.5278948910785,NORMAL,47.5,48.5,53.0,17.66865,80.87403,GDBDCL_2026-08-11T08:00:00+0000_45.5279
GDBDCL,Godavari at Bhadrachalam,Godavari,2026-08-11 09:00:00+00:00,45.55979442511503,NORMAL,47.5,48.5,53.0,17.66865,80.87403,GDBDCL_2026-08-11T09:00:00+0000_45.5598
GDBDCL,Godavari at Bhadrachalam,Godavari,2026-08-11 10:00:00+00:00,45.541073492843566,NORMAL,47.5,48.5,53.0,17.66865,80.87403,GDBDCL_2026-08-11T10:00:00+0000_45.5411
GDBDCL,Godavari at Bhadrachalam,Godavari,2026-08-11 11:00:00+00:00,45.48238196274088,NORMAL,47.5,48.5,53.0,17.66865,80.87403,GDBDCL_2026-08-11T11:00:00+0000_45.4824
GDBDCL,Godavari at Bhadrachalam,Godavari,2026-08-11 12:00:00+00:00,45.48038345625231,NORMAL,47.5,48.5,53.0,17.66865,80.87403,GDBDCL_2026-08-11T12:00:00+0000_45.4804
GDBDCL,Godavari at Bhadrachalam,Godavari,2026-08-11 13:00:00+00:00,45.41253234568616,NORMAL,47.5,48.5,53.0,17.66865,80.87403,GDBDCL_2026-08-11T13:00:00+0000_45.4125
GDBDCL,Godavari at Bhadrachalam,Godavari,2026-08-11 14:00:00+00:00,45.4015540524809,NORMAL,47.5,48.5,53.0,17.66865,80.87403,GDBDCL_2026-08-11T14:00:00+0000_45.4016
GDBDCL,Godavari at Bhadrachalam,Godavari,2026-08-11 15:00:00+00:00,45.46209975849782,NORMAL,47.5,48.5,53.0,17.66865,80.87403,GDBDCL_2026-08-11T15:00:00+0000_45.4621
GDBDCL,Godavari at Bhadrachalam,Godavari,2026-08-11 16:00:00+00:00,45.44972361151617,NORMAL,47.5,48.5,53.0,17.66865,80.87403,GDBDCL_2026-08-11T16:00:00+0000_45.4497
GDBDCL,Godavari at Bhadrachalam,Godavari,2026-08-11 17:00:00+00:00,,,47.5,48.5,53.0,17.66865,80.87403,GDBDCL_2026-08-11T17:00:00+0000_
GDBDCL,Godavari at Bhadrachalam,Godavari,2026-08-11 18:00:00+00:00,45.48751762408958,NORMAL,47.5,48.5,53.0,17.66865,80.87403,GDBDCL_2026-08-11T18:00:00+0000_45.4875
GDBDCL,Godavari at Bhadrachalam,Godavari,2026-08-11 19:00:00+00:00,,,47.5,48.5,53.0,17.66865,80.87403,GDBDCL_2026-08-11T19:00:00+0000_
GDBDCL,Godavari at Bhadrachalam,Godavari,2026-08-11 20:00:00+00:00,45.60911219705542,NORMAL,47.5,48.5,53.0,17.66865,80.87403,GDBDCL_2026-08-11T20:00:00+0000_45.6091
GDBDCL,Godavari at Bhadrachalam,Godavari,2026-08-11 21:00:00+00:00,45.60646600740355,NORMAL,47.5,48.5,53.0,17.66865,80.87403,GDBDCL_2026-08-11T21:00:00+0000_45.6065
GDBDCL,Godavari at Bhadrachalam,Godavari,2026-08-11 22:00:00+00:00,45.66946265574999,NORMAL,47.5,48.5,53.0,17.66865,80.87403,GDBDCL_2026-08-11T22:00:00+0000_45.6695
GDBDCL,Godavari at Bhadrachalam,Godavari,2026-08-11 23:00:00+00:00,45.64853129040373,NORMAL,47.5,48.5,53.0,17.66865,80.87403,GDBDCL_2026-08-11T23:00:00+0000_45.6485
GDBDCL,Godavari at Bhadrachalam,Godavari,2026-08-12 00:00:00+00:00,45.67485208758765,NORMAL,47.5,48.5,53.0,17.66865,80.87403,GDBDCL_2026-08-12T00:00:00+0000_45.6749
GDBDCL,Godavari at Bhadrachalam,Godavari,2026-08-12 01:00:00+00:00,45.76680086568746,NORMAL,47.5,48.5,53.0,17.66865,80.87403,GDBDCL_2026-08-12T01:00:00+0000_45.7668
GDBDCL,Godavari at Bhadrachalam,Godavari,2026-08-12 02:00:00+00:00,45.77035744831153,NORMAL,47.5,48.5,53.0,17.66865,80.87403,GDBDCL_2026-08-12T02:00:00+0000_45.7704
GDBDCL,Godavari at Bhadrachalam,Godavari,2026-08-12 03:00:00+00:00,45.675285147259466,NORMAL,47.5,48.5,53.0,17.66865,80.87403,GDBDCL_2026-08-12T03:00:00+0000_45.6753
GDBDCL,Godavari at Bhadrachalam,Godavari,2026-08-12 04:00:00+00:00,45.65001091142503,NORMAL,47.5,48.5,53.0,17.66865,80.87403,GDBDCL_2026-08-12T04:00:00+0000_45.6500
GDBDCL,Godavari at Bhadrachalam,Godavari,2026-08-12 05:00:00+00:00,45.67024079981341,NORMAL,47.5,48.5,53.0,17.66865,80.87403,GDBDCL_2026-08-12T05:00:00+0000_45.6702
GDBDCL,Godavari at Bhadrachalam,Godavari,2026-08-12 06:00:00+00:00,45.60721915921451,NORMAL,47.5,48.5,53.0,17.66865,80.87403,GDBDCL_2026-08-12T06:00:00+0000_45.6072
GDBDCL,Godavari at Bhadrachalam,Godavari,2026-08-12 07:00:00+00:00,45.57727627194637,NORMAL,47.5,48.5,53.0,17.66865,80.87403,GDBDCL_2026-08-12T07:00:00+0000_45.5773
GDBDCL,Godavari at Bhadrachalam,Godavari,2026-08-12 08:00:00+00:00,45.60653051218569,NORMAL,47.5,48.5,53.0,17.66865,80.87403,GDBDCL_2026-08-12T08:00:00+0000_45.6065
GDBDCL,Godavari at Bhadrachalam,Godavari,2026-08-12 09:00:00+00:00,45.49663101850269,NORMAL,47.5,48.5,53.0,17.66865,80.87403,GDBDCL_2026-08-12T09:00:00+0000_45.4966
GDBDCL,Godavari at Bhadrachalam,Godavari,2026-08-12 10:00:00+00:00,45.47945541056048,NORMAL,47.5,48.5,53.0,17.66865,80.87403,GDBDCL_2026-08-12T10:00:00+0000_45.4795
GDBDCL,Godavari at Bhadrachalam,Godavari,2026-08-12 11:00:00+00:00,45.516674283285546,NORMAL,47.5,48.5,53.0,17.66865,80.87403,GDBDCL_2026-08-12T11:00:00+0000_45.5167
GDBDCL,Godavari at Bhadrachalam,Godavari,2026-08-12 12:00:00+00:00,45.46955193386974,NORMAL,47.5,48.5,53.0,17.66865,80.87403,GDBDCL_2026-08-12T12:00:00+0000_45.4696
GDBDCL,Godavari at Bhadrachalam,Godavari,2026-08-12 13:00:00+00:00,,,47.5,48.5,53.0,17.66865,80.87403,GDBDCL_2026-08-12T13:00:00+0000_
GDBDCL,Godavari at Bhadrachalam,Godavari,2026-08-12 14:00:00+00:00,45.48864335273029,NORMAL,47.5,48.5,53.0,17.66865,80.87403,GDBDCL_2026-08-12T14:00:00+0000_45.4886
GDBDCL,Godavari at Bhadrachalam,Godavari,2026-08-12 15:00:00+00:00,45.48273693277881,NORMAL,47.5,48.5,53.0,17.66865,80.87403,GDBDCL_2026-08-12T15:00:00+0000_45.4827
GDBDCL,Godavari at Bhadrachalam,Godavari,2026-08-12 16:00:00+00:00,45.47550727849444,NORMAL,47.5,48.5,53.0,17.66865,80.87403,GDBDCL_2026-08-12T16:00:00+0000_45.4755
GDBDCL,Godavari at Bhadrachalam,Godavari,2026-08-12 17:00:00+00:00,45.44750054693429,NORMAL,47.5,48.5,53.0,17.66865,80.87403,GDBDCL_2026-08-12T17:00:00+0000_45.4475
GDBDCL,Godavari at Bhadrachalam,Godavari,2026-08-12 18:00:00+00:00,45.48322654375837,NORMAL,47.5,48.5,53.0,17.66865,80.87403,GDBDCL_2026-08-12T18:00:00+0000_45.4832
GDBDCL,Godavari at Bhadrachalam,Godavari,2026-08-12 19:00:00+00:00,45.58793055509977,NORMAL,47.5,48.5,53.0,17.66865,80.87403,GDBDCL_2026-08-12T19:00:00+0000_45.5879
GDBDCL,Godavari at Bhadrachalam,Godavari,2026-08-12 20:00:00+00:00,45.588727478243456,NORMAL,47.5,48.5,53.0,17.66865,80.87403,GDBDCL_2026-08-12T20:00:00+0000_45.5887
GDBDCL,Godavari at Bhadrachalam,Godavari,2026-08-12 21:00:00+00:00,45.66180894417545,NORMAL,47.5,48.5,53.0,17.66865,80.87403,GDBDCL_2026-08-12T21:00:00+0000_45.6618
GDBDCL,Godavari at Bhadrachalam,Godavari,2026-08-12 22:00:00+00:00,45.7089789257115,NORMAL,47.5,48.5,53.0,17.66865,80.87403,GDBDCL_2026-08-12T22:00:00+0000_45.7090
GDBDCL,Godavari at Bhadrachalam,Godavari,2026-08-12 23:00:00+00:00,45.65930708521566,NORMAL,47.5,48.5,53.0,17.66865,80.87403,GDBDCL_2026-08-12T23:00:00+0000_45.6593
GDBDCL,Godavari at Bhadrachalam,Godavari,2026-08-13 00:00:00+00:00,45.68391657644486,NORMAL,47.5,48.5,53.0,17.66865,80.87403,GDBDCL_2026-08-13T00:00:00+0000_45.6839
GDBDCL,Godavari at Bhadrachalam,Godavari,2026-08-13 01:00:00+00:00,45.7504839622232,NORMAL,47.5,48.5,53.0,17.66865,80.87403,GDBDCL_2026-08-13T01:00:00+0000_45.7505
GDBDCL,Godavari at Bhadrachalam,Godavari,2026-08-13 02:00:00+00:00,45.67364774254394,NORMAL,47.5,48.5,53.0,17.66865,80.87403,GDBDCL_2026-08-13T02:00:00+0000_45.6736
GDBDCL,Godavari at Bhadrachalam,Godavari,2026-08-13 03:00:00+00:00,45.72431834556778,NORMAL,47.5,48.5,53.0,17.66865,80.87403,GDBDCL_2026-08-13T03:00:00+0000_45.7243
GDBDCL,Godavari at Bhadrachalam,Godavari,2026-08-13 04:00:00+00:00,45.64997948148272,NORMAL,47.5,48.5,53.0,17.66865,80.87403,GDBDCL_2026-08-13T04:00:00+0000_45.6500
GDBDCL,Godavari at Bhadrachalam,Godavari,2026-08-13 05:00:00+00:00,45.630401594094536,NORMAL,47.5,48.5,53.0,17.66865,80.87403,GDBDCL_2026-08-13T05:00:00+0000_45.6304
GDBDCL,Godavari at Bhadrachalam,Godavari,2026-08-13 06:00:00+00:00,45.63415226970002,NORMAL,47.5,48.5,53.0,17.66865,80.87403,GDBDCL_2026-08-13T06:00:00+0000_45.6342
GDBDCL,Godavari at Bhadrachalam,Godavari,2026-08-13 07:00:00+00:00,45.58149376428215,NORMAL,47.5,48.5,53.0,17.66865,80.87403,GDBDCL_2026-08-13T07:00:00+0000_45.5815
GDBDCL,Godavari at Bhadrachalam,Godavari,2026-08-13 08:00:00+00:00,45.59655297069112,NORMAL,47.5,48.5,53.0,17.66865,80.87403,GDBDCL_2026-08-13T08:00:00+0000_45.5966
GDBDCL,Godavari at Bhadrachalam,Godavari,2026-08-13 09:00:00+00:00,45.49199073417715,NORMAL,47.5,48.5,53.0,17.66865,80.87403,GDBDCL_2026-08-13T09:00:00+0000_45.4920
GDBDCL,Godavari at Bhadrachalam,Godavari,2026-08-13 10:00:00+00:00,45.441966810833,NORMAL,47.5,48.5,53.0,17.66865,80.87403,GDBDCL_2026-08-13T10:00:00+0000_45.4420
GDBDCL,Godavari at Bhadrachalam,Godavari,2026-08-13 11:00:00+00:00,45.48901107386862,NORMAL,47.5,48.5,53.0,17.66865,80.87403,GDBDCL_2026-08-13T11:00:00+0000_45.4890
GDBDCL,Godavari at Bhadrachalam,Godavari,2026-08-13 12:00:00+00:00,45.43885604304425,NORMAL,47.5,48.5,53.0,17.66865,80.87403,GDBDCL_2026-08-13T12:00:00+0000_45.4389
GDBDCL,Godavari at Bhadrachalam,Godavari,2026-08-13 13:00:00+00:00,45.47817342653341,NORMAL,47.5,48.5,53.0,17.66865,80.87403,GDBDCL_2026-08-13T13:00:00+0000_45.4782
GDBDCL,Godavari at Bhadrachalam,Godavari,2026-08-13 14:00:00+00:00,45.46185509638456,NORMAL,47.5,48.5,53.0,17.66865,80.87403,GDBDCL_2026-08-13T14:00:00+0000_45.4619
GDBDCL,Godavari at Bhadrachalam,Godavari,2026-08-13 15:00:00+00:00,45.46318047169602,NORMAL,47.5,48.5,53.0,17.66865,80.87403,GDBDCL_2026-08-13T15:00:00+0000_45.4632
GDBDCL,Godavari at Bhadrachalam,Godavari,2026-08-13 16:00:00+00:00,45.49703831995394,NORMAL,47.5,48.5,53.0,17.66865,80.87403,GDBDCL_2026-08-13T16:00:00+0000_45.4970
GDBDCL,Godavari at Bhadrachalam,Godavari,2026-08-13 17:00:00+00:00,45.53178317635722,NORMAL,47.5,48.5,53.0,17.66865,80.87403,GDBDCL_2026-08-13T17:00:00+0000_45.5318
GDBDCL,Godavari at Bhadrachalam,Godavari,2026-08-13 18:00:00+00:00,45.55307028363056,NORMAL,47.5,48.5,53.0,17.66865,80.87403,GDBDCL_2026-08-13T18:00:00+0000_45.5531
GDBDCL,Godavari at Bhadrachalam,Godavari,2026-08-13 19:00:00+00:00,45.51607069999146,NORMAL,47.5,48.5,53.0,17.66865,80.87403,GDBDCL_2026-08-13T19:00:00+0000_45.5161
GDBDCL,Godavari at Bhadrachalam,Godavari,2026-08-13 20:00:00+00:00,45.55682759146068,NORMAL,47.5,48.5,53.0,17.66865,80.87403,GDBDCL_2026-08-13T20:00:00+0000_45.5568
GDBDCL,Godavari at Bhadrachalam,Godavari,2026-08-13 21:00:00+00:00,45.63636236086773,NORMAL,47.5,48.5,53.0,17.66865,80.87403,GDBDCL_2026-08-13T21:00:00+0000_45.6364
GDBDCL,Godavari at Bhadrachalam,Godavari,2026-08-13 22:00:00+00:00,45.66813363302804,NORMAL,47.5,48.5,53.0,17.66865,80.87403,GDBDCL_2026-08-13T22:00:00+0000_45.6681
GDBDCL,Godavari at Bhadrachalam,Godavari,2026-08-13 23:00:00+00:00,45.67878340148338,NORMAL,47.5,48.5,53.0,17.66865,80.87403,GDBDCL_2026-08-13T23:00:00+0000_45.6788
GDBDCL,Godavari at Bhadrachalam,Godavari,2026-08-14 00:00:00+00:00,45.68724656178814,NORMAL,47.5,48.5,53.0,17.66865,80.87403,GDBDCL_2026-08-14T00:00:00+0000_45.6872
GDBDCL,Godavari at Bhadrachalam,Godavari,2026-08-14 01:00:00+00:00,45.74284507109871,NORMAL,47.5,48.5,53.0,17.66865,80.87403,GDBDCL_2026-08-14T01:00:00+0000_45.7428
GDBDCL,Godavari at Bhadrachalam,Godavari,2026-08-14 02:00:00+00:00,45.67993596408625,NORMAL,47.5,48.5,53.0,17.66865,80.87403,GDBDCL_2026-08-14T02:00:00+0000_45.6799
GDBDCL,Godavari at Bhadrachalam,Godavari,2026-08-14 03:00:00+00:00,45.65704361871916,NORMAL,47.5,48.5,53.0,17.66865,80.87403,GDBDCL_2026-08-14T03:00:00+0000_45.6570
GDBDCL,Godavari at Bhadrachalam,Godavari,2026-08-14 04:00:00+00:00,45.70327258641673,NORMAL,47.5,48.5,53.0,17.66865,80.87403,GDBDCL_2026-08-14T04:00:00+0000_45.7033
GDBDCL,Godavari at Bhadrachalam,Godavari,2026-08-14 05:00:00+00:00,45.67782100953563,NORMAL,47.5,48.5,53.0,17.66865,80.87403,GDBDCL_2026-08-14T05:00:00+0000_45.6778
GDBDCL,Godavari at Bhadrachalam,Godavari,2026-08-14 06:00:00+00:00,45.62689432781367,NORMAL,47.5,48.5,53.0,17.66865,80.87403,GDBDCL_2026-08-14T06:00:00+0000_45.6269
GDBDCL,Godavari at Bhadrachalam,Godavari,2026-08-14 07:00:00+00:00,45.60403017085636,NORMAL,47.5,48.5,53.0,17.66865,80.87403,GDBDCL_2026-08-14T07:00:00+0000_45.6040
GDBDCL,Godavari at Bhadrachalam,Godavari,2026-08-14 08:00:00+00:00,45.52696675381423,NORMAL,47.5,48.5,53.0,17.66865,80.87403,GDBDCL_2026-08-14T08:00:00+0000_45.5270
GDBDCL,Godavari at Bhadrachalam,Godavari,2026-08-14 09:00:00+00:00,45.49589701182034,NORMAL,47.5,48.5,53.0,17.66865,80.87403,GDBDCL_2026-08-14T09:00:00+0000_45.4959
GDBDCL,Godavari at Bhadrachalam,Godavari,2026-08-14 10:00:00+00:00,45.49271014271597,NORMAL,47.5,48.5,53.0,17.66865,80.87403,GDBDCL_2026-08-14T10:00:00+0000_45.4927
GDBDCL,Godavari at Bhadrachalam,Godavari,2026-08-14 11:00:00+00:00,45.45217153303005,NORMAL,47.5,48.5,53.0,17.66865,80.87403,GDBDCL_2026-08-14T11:00:00+0000_45.4522
GDBDCL,Godavari at Bhadrachalam,Godavari,2026-08-14 12:00:00+00:00,45.427111757854206,NORMAL,47.5,48.5,53.0,17.66865,80.87403,GDBDCL_2026-08-14T12:00:00+0000_45.4271
GDBDCL,Godavari at Bhadrachalam,Godavari,2026-08-14 13:00:00+00:00,45.40840849731413,NORMAL,47.5,48.5,53.0,17.66865,80.87403,GDBDCL_2026-08-14T13:00:00+0000_45.4084
GDBDCL,Godavari at Bhadrachalam,Godavari,2026-08-14 14:00:00+00:00,45.40007911202033,NORMAL,47.5,48.5,53.0,17.66865,80.87403,GDBDCL_2026-08-14T14:00:00+0000_45.4001
GDBDCL,Godavari at Bhadrachalam,Godavari,2026-08-14 15:00:00+00:00,45.47241319523298,NORMAL,47.5,48.5,53.0,17.66865,80.87403,GDBDCL_2026-08-14T15:00:00+0000_45.4724
GDBDCL,Godavari at Bhadrachalam,Godavari,2026-08-14 16:00:00+00:00,45.40784944562646,NORMAL,47.5,48.5,53.0,17.66865,80.87403,GDBDCL_2026-08-14T16:00:00+0000_45.4078
GDBDCL,Godavari at Bhadrachalam,Godavari,2026-08-14 17:00:00+00:00,45.49307431211839,NORMAL,47.5,48.5,53.0,17.66865,80.87403,GDBDCL_2026-08-14T17:00:00+0000_45.4931
GDBDCL,Godavari at Bhadrachalam,Godavari,2026-08-14 18:00:00+00:00,45.51187390513908,NORMAL,47.5,48.5,53.0,17.66865,80.87403,GDBDCL_2026-08-14T18:00:00+0000_45.5119
GDBDCL,Godavari at Bhadrachalam,Godavari,2026-08-14 19:00:00+00:00,45.50306207228638,NORMAL,47.5,48.5,53.0,17.66865,80.87403,GDBDCL_2026-08-14T19:00:00+0000_45.5031
GDBDCL,Godavari at Bhadrachalam,Godavari,2026-08-14 20:00:00+00:00,45.53726251576391,NORMAL,47.5,48.5,53.0,17.66865,80.87403,GDBDCL_2026-08-14T20:00:00+0000_45.5373
GDBDCL,Godavari at Bhadrachalam,Godavari,2026-08-14 21:00:00+00:00,45.65499998331761,NORMAL,47.5,48.5,53.0,17.66865,80.87403,GDBDCL_2026-08-14T21:00:00+0000_45.6550
GDBDCL,Godavari at Bhadrachalam,Godavari,2026-08-14 22:00:00+00:00,45.62361202484847,NORMAL,47.5,48.5,53.0,17.66865,80.87403,GDBDCL_2026-08-14T22:00:00+0000_45.6236
GDBDCL,Godavari at Bhadrachalam,Godavari,2026-08-14 23:00:00+00:00,45.70326968115721,NORMAL,47.5,48.5,53.0,17.66865,80.87403,GDBDCL_2026-08-14T23:00:00+0000_45.7033
GDBDCL,Godavari at Bhadrachalam,Godavari,2026-08-15 00:00:00+00:00,45.7329016710929,NORMAL,47.5,48.5,53.0,17.66865,80.87403,GDBDCL_2026-08-15T00:00:00+0000_45.7329
GDBDCL,Godavari at Bhadrachalam,Godavari,2026-08-15 01:00:00+00:00,45.65910787684839,NORMAL,47.5,48.5,53.0,17.66865,80.87403,GDBDCL_2026-08-15T01:00:00+0000_45.6591
GDBDCL,Godavari at Bhadrachalam,Godavari,2026-08-15 02:00:00+00:00,45.70963690832821,NORMAL,47.5,48.5,53.0,17.66865,80.87403,GDBDCL_2026-08-15T02:00:00+0000_45.7096
GDBDCL,Godavari at Bhadrachalam,Godavari,2026-08-15 03:00:00+00:00,45.68874329162023,NORMAL,47.5,48.5,53.0,17.66865,80.87403,GDBDCL_2026-08-15T03:00:00+0000_45.6887
GDBDCL,Godavari at Bhadrachalam,Godavari,2026-08-15 04:00:00+00:00,45.68710866420168,NORMAL,47.5,48.5,53.0,17.66865,80.87403,GDBDCL_2026-08-15T04:00:00+0000_45.6871
GDBDCL,Godavari at Bhadrachalam,Godavari,2026-08-15 05:00:00+00:00,45.65474193790183,NORMAL,47.5,48.5,53.0,17.66865,80.87403,GDBDCL_2026-08-15T05:00:00+0000_45.6547
GDBDCL,Godavari at Bhadrachalam,Godavari,2026-08-15 06:00:00+00:00,45.65555664183768,NORMAL,47.5,48.5,53.0,17.66865,80.87403,GDBDCL_2026-08-15T06:00:00+0000_45.6556
GDBDCL,Godavari at Bhadrachalam,Godavari,2026-08-15 07:00:00+00:00,45.60825998559758,NORMAL,47.5,48.5,53.0,17.66865,80.87403,GDBDCL_2026-08-15T07:00:00+0000_45.6083
GDBDCL,Godavari at Bhadrachalam,Godavari,2026-08-15 08:00:00+00:00,45.504031107339415,NORMAL,47.5,48.5,53.0,17.66865,80.87403,GDBDCL_2026-08-15T08:00:00+0000_45.5040
GDBDCL,Godavari at Bhadrachalam,Godavari,2026-08-15 09:00:00+00:00,45.49646399290458,NORMAL,47.5,48.5,53.0,17.66865,80.87403,GDBDCL_2026-08-15T09:00:00+0000_45.4965
GDBDCL,Godavari at Bhadrachalam,Godavari,2026-08-15 10:00:00+00:00,45.49238286612188,NORMAL,47.5,48.5,53.0,17.66865,80.87403,GDBDCL_2026-08-15T10:00:00+0000_45.4924
GDBDCL,Godavari at Bhadrachalam,Godavari,2026-08-15 11:00:00+00:00,45.48879536006309,NORMAL,47.5,48.5,53.0,17.66865,80.87403,GDBDCL_2026-08-15T11:00:00+0000_45.4888
GDBDCL,Godavari at Bhadrachalam,Godavari,2026-08-15 12:00:00+00:00,45.41736713794077,NORMAL,47.5,48.5,53.0,17.66865,80.87403,GDBDCL_2026-08-15T12:00:00+0000_45.4174
GDBDCL,Godavari at Bhadrachalam,Godavari,2026-08-15 13:00:00+00:00,45.384663277031216,NORMAL,47.5,48.5,53.0,17.66865,80.87403,GDBDCL_2026-08-15T13:00:00+0000_45.3847
GDBDCL,Godavari at Bhadrachalam,Godavari,2026-08-15 14:00:00+00:00,45.43955024322678,NORMAL,47.5,48.5,53.0,17.66865,80.87403,GDBDCL_2026-08-15T14:00:00+0000_45.4396
GDBDCL,Godavari at Bhadrachalam,Godavari,2026-08-15 15:00:00+00:00,45.46194047626387,NORMAL,47.5,48.5,53.0,17.66865,80.87403,GDBDCL_2026-08-15T15:00:00+0000_45.4619
GDBDCL,Godavari at Bhadrachalam,Godavari,2026-08-15 16:00:00+00:00,45.45603382011336,NORMAL,47.5,48.5,53.0,17.66865,80.87403,GDBDCL_2026-08-15T16:00:00+0000_45.4560
GDBDCL,Godavari at Bhadrachalam,Godavari,2026-08-15 17:00:00+00:00,45.50348868327247,NORMAL,47.5,48.5,53.0,17.66865,80.87403,GDBDCL_2026-08-15T17:00:00+0000_45.5035
GDBDCL,Godavari at Bhadrachalam,Godavari,2026-08-15 18:00:00+00:00,45.54583708932488,NORMAL,47.5,48.5,53.0,17.66865,80.87403,GDBDCL_2026-08-15T18:00:00+0000_45.5458
GDBDCL,Godavari at Bhadrachalam,Godavari,2026-08-15 19:00:00+00:00,45.51070828174878,NORMAL,47.5,48.5,53.0,17.66865,80.87403,GDBDCL_2026-08-15T19:00:00+0000_45.5107
GDBDCL,Godavari at Bhadrachalam,Godavari,2026-08-15 20:00:00+00:00,45.58410817229127,NORMAL,47.5,48.5,53.0,17.66865,80.87403,GDBDCL_2026-08-15T20:00:00+0000_45.5841
GDBDCL,Godavari at Bhadrachalam,Godavari,2026-08-15 21:00:00+00:00,45.592929498097526,NORMAL,47.5,48.5,53.0,17.66865,80.87403,GDBDCL_2026-08-15T21:00:00+0000_45.5929
GDBDCL,Godavari at Bhadrachalam,Godavari,2026-08-15 22:00:00+00:00,45.656185667046906,NORMAL,47.5,48.5,53.0,17.66865,80.87403,GDBDCL_2026-08-15T22:00:00+0000_45.6562
GDBDCL,Godavari at Bhadrachalam,Godavari,2026-08-15 23:00:00+00:00,45.67959918318385,NORMAL,47.5,48.5,53.0,17.66865,80.87403,GDBDCL_2026-08-15T23:00:00+0000_45.6796
GDBDCL,Godavari at Bhadrachalam,Godavari,2026-08-16 00:00:00+00:00,45.6655196448343,NORMAL,47.5,48.5,53.0,17.66865,80.87403,GDBDCL_2026-08-16T00:00:00+0000_45.6655
GDBDCL,Godavari at Bhadrachalam,Godavari,2026-08-16 01:00:00+00:00,45.67092354532902,NORMAL,47.5,48.5,53.0,17.66865,80.87403,GDBDCL_2026-08-16T01:00:00+0000_45.6709
GDBDCL,Godavari at Bhadrachalam,Godavari,2026-08-16 02:00:00+00:00,45.65956198583278,NORMAL,47.5,48.5,53.0,17.66865,80.87403,GDBDCL_2026-08-16T02:00:00+0000_45.6596
GDBDCL,Godavari at Bhadrachalam,Godavari,2026-08-16 03:00:00+00:00,45.71981135945808,NORMAL,47.5,48.5,53.0,17.66865,80.87403,GDBDCL_2026-08-16T03:00:00+0000_45.7198
GDBDCL,Godavari at Bhadrachalam,Godavari,2026-08-16 04:00:00+00:00,45.63820321692681,NORMAL,47.5,48.5,53.0,17.66865,80.87403,GDBDCL_2026-08-16T04:00:00+0000_45.6382
GDBDCL,Godavari at Bhadrachalam,Godavari,2026-08-16 05:00:00+00:00,45.63347568609763,NORMAL,47.5,48.5,53.0,17.66865,80.87403,GDBDCL_2026-08-16T05:00:00+0000_45.6335
GDBDCL,Godavari at Bhadrachalam,Godavari,2026-08-16 06:00:00+00:00,45.58421443498675,NORMAL,47.5,48.5,53.0,17.66865,80.87403,GDBDCL_2026-08-16T06:00:00+0000_45.5842
GDBDCL,Godavari at Bhadrachalam,Godavari,2026-08-16 07:00:00+00:00,45.53136730687714,NORMAL,47.5,48.5,53.0,17.66865,80.87403,GDBDCL_2026-08-16T07:00:00+0000_45.5314
GDBDCL,Godavari at Bhadrachalam,Godavari,2026-08-16 08:00:00+00:00,45.5325060423196,NORMAL,47.5,48.5,53.0,17.66865,80.87403,GDBDCL_2026-08-16T08:00:00+0000_45.5325
GDBDCL,Godavari at Bhadrachalam,Godavari,2026-08-16 09:00:00+00:00,45.47726490581381,NORMAL,47.5,48.5,53.0,17.66865,80.87403,GDBDCL_2026-08-16T09:00:00+0000_45.4773
GDBDCL,Godavari at Bhadrachalam,Godavari,2026-08-16 10:00:00+00:00,45.51838636522056,NORMAL,47.5,48.5,53.0,17.66865,80.87403,GDBDCL_2026-08-16T10:00:00+0000_45.5184
GDBDCL,Godavari at Bhadrachalam,Godavari,2026-08-16 11:00:00+00:00,45.49495176337516,NORMAL,47.5,48.5,53.0,17.66865,80.87403,GDBDCL_2026-08-16T11:00:00+0000_45.4950
GDBDCL,Godavari at Bhadrachalam,Godavari,2026-08-16 12:00:00+00:00,45.43226357772675,NORMAL,47.5,48.5,53.0,17.66865,80.87403,GDBDCL_2026-08-16T12:00:00+0000_45.4323
GDBDCL,Godavari at Bhadrachalam,Godavari,2026-08-16 13:00:00+00:00,45.3783153428694,NORMAL,47.5,48.5,53.0,17.66865,80.87403,GDBDCL_2026-08-16T13:00:00+0000_45.3783
GDBDCL,Godavari at Bhadrachalam,Godavari,2026-08-16 14:00:00+00:00,45.44091047759987,NORMAL,47.5,48.5,53.0,17.66865,80.87403,GDBDCL_2026-08-16T14:00:00+0000_45.4409
GDBDCL,Godavari at Bhadrachalam,Godavari,2026-08-16 15:00:00+00:00,45.41121849023299,NORMAL,47.5,48.5,53.0,17.66865,80.87403,GDBDCL_2026-08-16T15:00:00+0000_45.4112
GDBDCL,Godavari at Bhadrachalam,Godavari,2026-08-16 16:00:00+00:00,45.43851141272505,NORMAL,47.5,48.5,53.0,17.66865,80.87403,GDBDCL_2026-08-16T16:00:00+0000_45.4385
GDBDCL,Godavari at Bhadrachalam,Godavari,2026-08-16 17:00:00+00:00,45.47768930448149,NORMAL,47.5,48.5,53.0,17.66865,80.87403,GDBDCL_2026-08-16T17:00:00+0000_45.4777
GDBDCL,Godavari at Bhadrachalam,Godavari,2026-08-16 18:00:00+00:00,45.52619089291196,NORMAL,47.5,48.5,53.0,17.66865,80.87403,GDBDCL_2026-08-16T18:00:00+0000_45.5262
GDBDCL,Godavari at Bhadrachalam,Godavari,2026-08-16 19:00:00+00:00,45.586894585400415,NORMAL,47.5,48.5,53.0,17.66865,80.87403,GDBDCL_2026-08-16T19:00:00+0000_45.5869
GDBDCL,Godavari at Bhadrachalam,Godavari,2026-08-16 20:00:00+00:00,45.58853656419668,NORMAL,47.5,48.5,53.0,17.66865,80.87403,GDBDCL_2026-08-16T20:00:00+0000_45.5885
GDBDCL,Godavari at Bhadrachalam,Godavari,2026-08-16 21:00:00+00:00,45.60679014957896,NORMAL,47.5,48.5,53.0,17.66865,80.87403,GDBDCL_2026-08-16T21:00:00+0000_45.6068
GDBDCL,Godavari at Bhadrachalam,Godavari,2026-08-16 22:00:00+00:00,45.68365084381964,NORMAL,47.5,48.5,53.0,17.66865,80.87403,GDBDCL_2026-08-16T22:00:00+0000_45.6837
GDBDCL,Godavari at Bhadrachalam,Godavari,2026-08-16 23:00:00+00:00,45.62825123857127,NORMAL,47.5,48.5,53.0,17.66865,80.87403,GDBDCL_2026-08-16T23:00:00+0000_45.6283
GDBDCL,Godavari at Bhadrachalam,Godavari,2026-08-17 00:00:00+00:00,45.69008662218143,NORMAL,47.5,48.5,53.0,17.66865,80.87403,GDBDCL_2026-08-17T00:00:00+0000_45.6901
GDBDCL,Godavari at Bhadrachalam,Godavari,2026-08-17 01:00:00+00:00,45.72612793502945,NORMAL,47.5,48.5,53.0,17.66865,80.87403,GDBDCL_2026-08-17T01:00:00+0000_45.7261
GDBDCL,Godavari at Bhadrachalam,Godavari,2026-08-17 02:00:00+00:00,45.708566731640445,NORMAL,47.5,48.5,53.0,17.66865,80.87403,GDBDCL_2026-08-17T02:00:00+0000_45.7086
GDBDCL,Godavari at Bhadrachalam,Godavari,2026-08-17 03:00:00+00:00,45.637026197026906,NORMAL,47.5,48.5,53.0,17.66865,80.87403,GDBDCL_2026-08-17T03:00:00+0000_45.6370
GDBDCL,Godavari at Bhadrachalam,Godavari,2026-08-17 04:00:00+00:00,45.64409593182136,NORMAL,47.5,48.5,53.0,17.66865,80.87403,GDBDCL_2026-08-17T04:00:00+0000_45.6441
GDBDCL,Godavari at Bhadrachalam,Godavari,2026-08-17 05:00:00+00:00,45.628082361866376,NORMAL,47.5,48.5,53.0,17.66865,80.87403,GDBDCL_2026-08-17T05:00:00+0000_45.6281
GDBDCL,Godavari at Bhadrachalam,Godavari,2026-08-17 06:00:00+00:00,45.62464757405109,NORMAL,47.5,48.5,53.0,17.66865,80.87403,GDBDCL_2026-08-17T06:00:00+0000_45.6246
GDBDCL,Godavari at Bhadrachalam,Godavari,2026-08-17 07:00:00+00:00,45.61553451523654,NORMAL,47.5,48.5,53.0,17.66865,80.87403,GDBDCL_2026-08-17T07:00:00+0000_45.6155
GDBDCL,Godavari at Bhadrachalam,Godavari,2026-08-17 08:00:00+00:00,45.512209931009984,NORMAL,47.5,48.5,53.0,17.66865,80.87403,GDBDCL_2026-08-17T08:00:00+0000_45.5122
GDBDCL,Godavari at Bhadrachalam,Godavari,2026-08-17 09:00:00+00:00,45.47100575259499,NORMAL,47.5,48.5,53.0,17.66865,80.87403,GDBDCL_2026-08-17T09:00:00+0000_45.4710
GDBDCL,Godavari at Bhadrachalam,Godavari,2026-08-17 10:00:00+00:00,45.42215025520166,NORMAL,47.5,48.5,53.0,17.66865,80.87403,GDBDCL_2026-08-17T10:00:00+0000_45.4222
GDBDCL,Godavari at Bhadrachalam,Godavari,2026-08-17 11:00:00+00:00,45.40548125067896,NORMAL,47.5,48.5,53.0,17.66865,80.87403,GDBDCL_2026-08-17T11:00:00+0000_45.4055
GDBDCL,Godavari at Bhadrachalam,Godavari,2026-08-17 12:00:00+00:00,45.43577483509845,NORMAL,47.5,48.5,53.0,17.66865,80.87403,GDBDCL_2026-08-17T12:00:00+0000_45.4358
GDBDCL,Godavari at Bhadrachalam,Godavari,2026-08-17 13:00:00+00:00,48.074074579985925,WARNING,47.5,48.5,53.0,17.66865,80.87403,GDBDCL_2026-08-17T13:00:00+0000_48.0741
GDBDCL,Godavari at Bhadrachalam,Godavari,2026-08-17 14:00:00+00:00,47.83286643797989,WARNING,47.5,48.5,53.0,17.66865,80.87403,GDBDCL_2026-08-17T14:00:00+0000_47.8329
GDBDCL,Godavari at Bhadrachalam,Godavari,2026-08-17 15:00:00+00:00,45.40291812751307,NORMAL,47.5,48.5,53.0,17.66865,80.87403,GDBDCL_2026-08-17T15:00:00+0000_45.4029
GDBDCL,Godavari at Bhadrachalam,Godavari,2026-08-17 16:00:00+00:00,45.48926553668506,NORMAL,47.5,48.5,53.0,17.66865,80.87403,GDBDCL_2026-08-17T16:00:00+0000_45.4893
GDBDCL,Godavari at Bhadrachalam,Godavari,2026-08-17 17:00:00+00:00,45.44046975290791,NORMAL,47.5,48.5,53.0,17.66865,80.87403,GDBDCL_2026-08-17T17:00:00+0000_45.4405
GDBDCL,Godavari at Bhadrachalam,Godavari,2026-08-17 18:00:00+00:00,45.50140620063245,NORMAL,47.5,48.5,53.0,17.66865,80.87403,GDBDCL_2026-08-17T18:00:00+0000_45.5014
GDBDCL,Godavari at Bhadrachalam,Godavari,2026-08-17 19:00:00+00:00,45.54006575858437,NORMAL,47.5,48.5,53.0,17.66865,80.87403,GDBDCL_2026-08-17T19:00:00+0000_45.5401
GDBDCL,Godavari at Bhadrachalam,Godavari,2026-08-17 19:00:00+00:00,43.76006575858437,NORMAL,45.72,48.77,55.66,17.66865,80.87403,GDBDCL_2026-08-17T19:00:00+0000_43.7601
GDBDCL,Godavari at Bhadrachalam,Godavari,2026-08-17 20:00:00+00:00,43.81741797923567,NORMAL,45.72,48.77,55.66,17.66865,80.87403,GDBDCL_2026-08-17T20:00:00+0000_43.8174
GDBDCL,Godavari at Bhadrachalam,Godavari,2026-08-17 21:00:00+00:00,43.85437390031995,NORMAL,45.72,48.77,55.66,17.66865,80.87403,GDBDCL_2026-08-17T21:00:00+0000_43.8544
GDBDCL,Godavari at Bhadrachalam,Godavari,2026-08-17 22:00:00+00:00,43.90556988114759,NORMAL,45.72,48.77,55.66,17.66865,80.87403,GDBDCL_2026-08-17T22:00:00+0000_43.9056
GDBDCL,Godavari at Bhadrachalam,Godavari,2026-08-17 23:00:00+00:00,43.89142831130912,NORMAL,45.72,48.77,55.66,17.66865,80.87403,GDBDCL_2026-08-17T23:00:00+0000_43.8914
GDBDCL,Godavari at Bhadrachalam,Godavari,2026-08-18 00:00:00+00:00,43.84995547277273,NORMAL,45.72,48.77,55.66,17.66865,80.87403,GDBDCL_2026-08-18T00:00:00+0000_43.8500
GDBDCL,Godavari at Bhadrachalam,Godavari,2026-08-18 01:00:00+00:00,43.92574452387552,NORMAL,45.72,48.77,55.66,17.66865,80.87403,GDBDCL_2026-08-18T01:00:00+0000_43.9257
GDBDCL,Godavari at Bhadrachalam,Godavari,2026-08-18 02:00:00+00:00,43.94665571421038,NORMAL,45.72,48.77,55.66,17.66865,80.87403,GDBDCL_2026-08-18T02:00:00+0000_43.9467
GDBDCL,Godavari at Bhadrachalam,Godavari,2026-08-18 03:00:00+00:00,43.92050798048094,NORMAL,45.72,48.77,55.66,17.66865,80.87403,GDBDCL_2026-08-18T03:00:00+0000_43.9205
GDBDCL,Godavari at Bhadrachalam,Godavari,2026-08-18 04:00:00+00:00,43.836147116558976,NORMAL,45.72,48.77,55.66,17.66865,80.87403,GDBDCL_2026-08-18T04:00:00+0000_43.8361
GDBDCL,Godavari at Bhadrachalam,Godavari,2026-08-18 05:00:00+00:00,43.81260731529833,NORMAL,45.72,48.77,55.66,17.66865,80.87403,GDBDCL_2026-08-18T05:00:00+0000_43.8126
GDBDCL,Godavari at Bhadrachalam,Godavari,2026-08-18 06:00:00+00:00,43.813257523394455,NORMAL,45.72,48.77,55.66,17.66865,80.87403,GDBDCL_2026-08-18T06:00:00+0000_43.8133
GDBDCL,Godavari at Bhadrachalam,Godavari,2026-08-18 07:00:00+00:00,43.75935916218733,NORMAL,45.72,48.77,55.66,17.66865,80.87403,GDBDCL_2026-08-18T07:00:00+0000_43.7594
GDBDCL,Godavari at Bhadrachalam,Godavari,2026-08-18 08:00:00+00:00,43.79645854013185,NORMAL,45.72,48.77,55.66,17.66865,80.87403,GDBDCL_2026-08-18T08:00:00+0000_43.7965
GDBDCL,Godavari at Bhadrachalam,Godavari,2026-08-18 09:00:00+00:00,,,45.72,48.77,55.66,17.66865,80.87403,GDBDCL_2026-08-18T09:00:00+0000_
GDBDCL,Godavari at Bhadrachalam,Godavari,2026-08-18 10:00:00+00:00,43.698609607994726,NORMAL,45.72,48.77,55.66,17.66865,80.87403,GDBDCL_2026-08-18T10:00:00+0000_43.6986
