station_code,station_name,basin_name,timestamp,water_level,flood_status,warning_level,danger_level,high_flood_level,latitude,longitude,dedup_key
KRSNWDP,Krishna at Wadenepally,Krishna,2026-01-01 00:00:00+00:00,15.985004156455808,NORMAL,18.45,19.84,23.07,16.7944,80.07247,KRSNWDP_2026-01-01T00:00:00+0000_15.9850
KRSNWDP,Krishna at Wadenepally,Krishna,2026-01-01 01:00:00+00:00,16.024103197029085,NORMAL,18.45,19.84,23.07,16.7944,80.07247,KRSNWDP_2026-01-01T01:00:00+0000_16.0241
KRSNWDP,Krishna at Wadenepally,Krishna,2026-01-01 02:00:00+00:00,16.005531511784756,NORMAL,18.45,19.84,23.07,16.7944,80.07247,KRSNWDP_2026-01-01T02:00:00+0000_16.0055
KRSNWDP,Krishna at Wadenepally,Krishna,2026-01-01 03:00:00+00:00,15.926554322263364,NORMAL,18.45,19.84,23.07,16.7944,80.07247,KRSNWDP_2026-01-01T03:00:00+0000_15.9266
KRSNWDP,Krishna at Wadenepally,Krishna,2026-01-01 04:00:00+00:00,15.857258790254106,NORMAL,18.45,19.84,23.07,16.7944,80.07247,KRSNWDP_2026-01-01T04:00:00+0000_15.8573
KRSNWDP,Krishna at Wadenepally,Krishna,2026-01-01 05:00:00+00:00,15.873671486054407,NORMAL,18.45,19.84,23.07,16.7944,80.07247,KRSNWDP_2026-01-01T05:00:00+0000_15.8737
KRSNWDP,Krishna at Wadenepally,Krishna,2026-01-01 06:00:00+00:00,15.764578632297736,NORMAL,18.45,19.84,23.07,16.7944,80.07247,KRSNWDP_2026-01-01T06:00:00+0000_15.7646
KRSNWDP,Krishna at Wadenepally,Krishna,2026-01-01 07:00:00+00:00,15.779994676967746,NORMAL,18.45,19.84,23.07,16.7944,80.07247,KRSNWDP_2026-01-01T07:00:00+0000_15.7800
KRSNWDP,Krishna at Wadenepally,Krishna,2026-01-01 08:00:00+00:00,15.652337252012885,NORMAL,18.45,19.84,23.07,16.7944,80.07247,KRSNWDP_2026-01-01T08:00:00+0000_15.6523
KRSNWDP,Krishna at Wadenepally,Krishna,2026-01-01 09:00:00+00:00,15.63461089946357,NORMAL,18.45,19.84,23.07,16.7944,80.07247,KRSNWDP_2026-01-01T09:00:00+0000_15.6346
KRSNWDP,Krishna at Wadenepally,Krishna,2026-01-01 10:00:00+00:00,15.643958965660486,NORMAL,18.45,19.84,23.07,16.7944,80.07247,KRSNWDP_2026-01-01T10:00:00+0000_15.6440
KRSNWDP,Krishna at Wadenepally,Krishna,2026-01-01 11:00:00+00:00,15.632926604980147,NORMAL,18.45,19.84,23.07,16.7944,80.07247,KRSNWDP_2026-01-01T11:00:00+0000_15.6329
KRSNWDP,Krishna at Wadenepally,Krishna,2026-01-01 12:00:00+00:00,15.5843114221447,NORMAL,18.45,19.84,23.07,16.7944,80.07247,KRSNWDP_2026-01-01T12:00:00+0000_15.5843
KRSNWDP,Krishna at Wadenepally,Krishna,2026-01-01 13:00:00+00:00,15.61814520592582,NORMAL,18.45,19.84,23.07,16.7944,80.07247,KRSNWDP_2026-01-01T13:00:00+0000_15.6181
KRSNWDP,Krishna at Wadenepally,Krishna,2026-01-01 14:00:00+00:00,15.672399031496058,NORMAL,18.45,19.84,23.07,16.7944,80.07247,KRSNWDP_2026-01-01T14:00:00+0000_15.6724
KRSNWDP,Krishna at Wadenepally,Krishna,2026-01-01 15:00:00+00:00,18.92080489538339,WARNING,18.45,19.84,23.07,16.7944,80.07247,KRSNWDP_2026-01-01T15:00:00+0000_18.9208
KRSNWDP,Krishna at Wadenepally,Krishna,2026-01-01 16:00:00+00:00,18.586402381355025,WARNING,18.45,19.84,23.07,16.7944,80.07247,KRSNWDP_2026-01-01T16:00:00+0000_18.5864
KRSNWDP,Krishna at Wadenepally,Krishna,2026-01-01 17:00:00+00:00,18.32455137590697,NORMAL,18.45,19.84,23.07,16.7944,80.07247,KRSNWDP_2026-01-01T17:00:00+0000_18.3246
KRSNWDP,Krishna at Wadenepally,Krishna,2026-01-01 18:00:00+00:00,18.15263565561092,NORMAL,18.45,19.84,23.07,16.7944,80.07247,KRSNWDP_2026-01-01T18:00:00+0000_18.1526
KRSNWDP,Krishna at Wadenepally,Krishna,2026-01-01 19:00:00+00:00,17.933546448171384,NORMAL,18.45,19.84,23.07,16.7944,80.07247,KRSNWDP_2026-01-01T19:00:00+0000_17.9335
KRSNWDP,Krishna at Wadenepally,Krishna,2026-01-01 20:00:00+00:00,15.975858137333148,NORMAL,18.45,19.84,23.07,16.7944,80.07247,KRSNWDP_2026-01-01T20:00:00+0000_15.9759
KRSNWDP,Krishna at Wadenepally,Krishna,2026-01-01 21:00:00+00:00,15.940526319671996,NORMAL,18.45,19.84,23.07,16.7944,80.07247,KRSNWDP_2026-01-01T21:00:00+0000_15.9405
KRSNWDP,Krishna at Wadenepally,Krishna,2026-01-01 22:00:00+00:00,15.99620044361416,NORMAL,18.45,19.84,23.07,16.7944,80.07247,KRSNWDP_2026-01-01T22:00:00+0000_15.9962
KRSNWDP,Krishna at Wadenepally,Krishna,2026-01-01 23:00:00+00:00,15.968580756483298,NORMAL,18.45,19.84,23.07,16.7944,80.07247,KRSNWDP_2026-01-01T23:00:00+0000_15.9686
KRSNWDP,Krishna at Wadenepally,Krishna,2026-01-02 00:00:00+00:00,15.989319798050117,NORMAL,18.45,19.84,23.07,16.7944,80.07247,KRSNWDP_2026-01-02T00:00:00+0000_15.9893
KRSNWDP,Krishna at Wadenepally,Krishna,2026-01-02 01:00:00+00:00,16.023361916728664,NORMAL,18.45,19.84,23.07,16.7944,80.07247,KRSNWDP_2026-01-02T01:00:00+0000_16.0234
KRSNWDP,Krishna at Wadenepally,Krishna,2026-01-02 02:00:00+00:00,15.97525539962892,NORMAL,18.45,19.84,23.07,16.7944,80.07247,KRSNWDP_2026-01-02T02:00:00+0000_15.9753
KRSNWDP,Krishna at Wadenepally,Krishna,2026-01-02 03:00:00+00:00,15.942169972163432,NORMAL,18.45,19.84,23.07,16.7944,80.07247,KRSNWDP_2026-01-02T03:00:00+0000_15.9422
KRSNWDP,Krishna at Wadenepally,Krishna,2026-01-02 04:00:00+00:00,15.858023110409343,NORMAL,18.45,19.84,23.07,16.7944,80.07247,KRSNWDP_2026-01-02T04:00:00+0000_15.8580
KRSNWDP,Krishna at Wadenepally,Krishna,2026-01-02 05:00:00+00:00,18.979507417672068,WARNING,18.45,19.84,23.07,16.7944,80.07247,KRSNWDP_2026-01-02T05:00:00+0000_18.9795
KRSNWDP,Krishna at Wadenepally,Krishna,2026-01-02 06:00:00+00:00,18.604054084413903,WARNING,18.45,19.84,23.07,16.7944,80.07247,KRSNWDP_2026-01-02T06:00:00+0000_18.6041
KRSNWDP,Krishna at Wadenepally,Krishna,2026-01-02 07:00:00+00:00,18.291218395253743,NORMAL,18.45,19.84,23.07,16.7944,80.07247,KRSNWDP_2026-01-02T07:00:00+0000_18.2912
KRSNWDP,Krishna at Wadenepally,Krishna,2026-01-02 08:00:00+00:00,17.923973936084995,NORMAL,18.45,19.84,23.07,16.7944,80.07247,KRSNWDP_2026-01-02T08:00:00+0000_17.9240
KRSNWDP,Krishna at Wadenepally,Krishna,2026-01-02 09:00:00+00:00,17.708002358130628,NORMAL,18.45,19.84,23.07,16.7944,80.07247,KRSNWDP_2026-01-02T09:00:00+0000_17.7080
KRSNWDP,Krishna at Wadenepally,Krishna,2026-01-02 10:00:00+00:00,17.48239079907911,NORMAL,18.45,19.84,23.07,16.7944,80.07247,KRSNWDP_2026-01-02T10:00:00+0000_17.4824
KRSNWDP,Krishna at Wadenepally,Krishna,2026-01-02 11:00:00+00:00,17.273815189526776,NORMAL,18.45,19.84,23.07,16.7944,80.07247,KRSNWDP_2026-01-02T11:00:00+0000_17.2738
KRSNWDP,Krishna at Wadenepally,Krishna,2026-01-02 12:00:00+00:00,15.617618694942838,NORMAL,18.45,19.84,23.07,16.7944,80.07247,KRSNWDP_2026-01-02T12:00:00+0000_15.6176
KRSNWDP,Krishna at Wadenepally,Krishna,2026-01-02 13:00:00+00:00,15.635964129284416,NORMAL,18.45,19.84,23.07,16.7944,80.07247,KRSNWDP_2026-01-02T13:00:00+0000_15.6360
KRSNWDP,Krishna at Wadenepally,Krishna,2026-01-02 14:00:00+00:00,15.636427661101742,NORMAL,18.45,19.84,23.07,16.7944,80.07247,KRSNWDP_2026-01-02T14:00:00+0000_15.6364
KRSNWDP,Krishna at Wadenepally,Krishna,2026-01-02 15:00:00+00:00,15.70685114589501,NORMAL,18.45,19.84,23.07,16.7944,80.07247,KRSNWDP_2026-01-02T15:00:00+0000_15.7069
KRSNWDP,Krishna at Wadenepally,Krishna,2026-01-02 16:00:00+00:00,15.728944552440495,NORMAL,18.45,19.84,23.07,16.7944,80.07247,KRSNWDP_2026-01-02T16:00:00+0000_15.7289
KRSNWDP,Krishna at Wadenepally,Krishna,2026-01-02 17:00:00+00:00,15.797205350843992,NORMAL,18.45,19.84,23.07,16.7944,80.07247,KRSNWDP_2026-01-02T17:00:00+0000_15.7972
KRSNWDP,Krishna at Wadenepally,Krishna,2026-01-02 18:00:00+00:00,15.80697175554892,NORMAL,18.45,19.84,23.07,16.7944,80.07247,KRSNWDP_2026-01-02T18:00:00+0000_15.8070
KRSNWDP,Krishna at Wadenepally,Krishna,2026-01-02 19:00:00+00:00,15.900370504469803,NORMAL,18.45,19.84,23.07,16.7944,80.07247,KRSNWDP_2026-01-02T19:00:00+0000_15.9004
KRSNWDP,Krishna at Wadenepally,Krishna,2026-01-02 20:00:00+00:00,15.900148109083894,NORMAL,18.45,19.84,23.07,16.7944,80.07247,KRSNWDP_2026-01-02T20:00:00+0000_15.9001
KRSNWDP,Krishna at Wadenepally,Krishna,2026-01-02 21:00:00+00:00,15.922669835327849,NORMAL,18.45,19.84,23.07,16.7944,80.07247,KRSNWDP_2026-01-02T21:00:00+0000_15.9227
KRSNWDP,Krishna at Wadenepally,Krishna,2026-01-02 22:00:00+00:00,15.997010339284158,NORMAL,18.45,19.84,23.07,16.7944,80.07247,KRSNWDP_2026-01-02T22:00:00+0000_15.9970
KRSNWDP,Krishna at Wadenepally,Krishna,2026-01-02 23:00:00+00:00,16.02974315140884,NORMAL,18.45,19.84,23.07,16.7944,80.07247,KRSNWDP_2026-01-02T23:00:00+0000_16.0297
KRSNWDP,Krishna at Wadenepally,Krishna,2026-01-03 00:00:00+00:00,,,18.45,19.84,23.07,16.7944,80.07247,KRSNWDP_2026-01-03T00:00:00+0000_
KRSNWDP,Krishna at Wadenepally,Krishna,2026-01-03 01:00:00+00:00,15.989934466110578,NORMAL,18.45,19.84,23.07,16.7944,80.07247,KRSNWDP_2026-01-03T01:00:00+0000_15.9899
KRSNWDP,Krishna at Wadenepally,Krishna,2026-01-03 02:00:00+00:00,15.925288202672446,NORMAL,18.45,19.84,23.07,16.7944,80.07247,KRSNWDP_2026-01-03T02:00:00+0000_15.9253
KRSNWDP,Krishna at Wadenepally,Krishna,2026-01-03 03:00:00+00:00,15.938709757597556,NORMAL,18.45,19.84,23.07,16.7944,80.07247,KRSNWDP_2026-01-03T03:00:00+0000_15.9387
KRSNWDP,Krishna at Wadenepally,Krishna,2026-01-03 04:00:00+00:00,15.917083280818408,NORMAL,18.45,19.84,23.07,16.7944,80.07247,KRSNWDP_2026-01-03T04:00:00+0000_15.9171
KRSNWDP,Krishna at Wadenepally,Krishna,2026-01-03 05:00:00+00:00,15.86367631352716,NORMAL,18.45,19.84,23.07,16.7944,80.07247,KRSNWDP_2026-01-03T05:00:00+0000_15.8637
KRSNWDP,Krishna at Wadenepally,Krishna,2026-01-03 06:00:00+00:00,15.801307494305371,NORMAL,18.45,19.84,23.07,16.7944,80.07247,KRSNWDP_2026-01-03T06:00:00+0000_15.8013
KRSNWDP,Krishna at Wadenepally,Krishna,2026-01-03 07:00:00+00:00,15.746243313301129,NORMAL,18.45,19.84,23.07,16.7944,80.07247,KRSNWDP_2026-01-03T07:00:00+0000_15.7462
KRSNWDP,Krishna at Wadenepally,Krishna,2026-01-03 08:00:00+00:00,15.733291097985006,NORMAL,18.45,19.84,23.07,16.7944,80.07247,KRSNWDP_2026-01-03T08:00:00+0000_15.7333
KRSNWDP,Krishna at Wadenepally,Krishna,2026-01-03 09:00:00+00:00,15.657303998844965,NORMAL,18.45,19.84,23.07,16.7944,80.07247,KRSNWDP_2026-01-03T09:00:00+0000_15.6573
KRSNWDP,Krishna at Wadenepally,Krishna,2026-01-03 10:00:00+00:00,15.672537470878266,NORMAL,18.45,19.84,23.07,16.7944,80.07247,KRSNWDP_2026-01-03T10:00:00+0000_15.6725
KRSNWDP,Krishna at Wadenepally,Krishna,2026-01-03 11:00:00+00:00,,,18.45,19.84,23.07,16.7944,80.07247,KRSNWDP_2026-01-03T11:00:00+0000_
KRSNWDP,Krishna at Wadenepally,Krishna,2026-01-03 12:00:00+00:00,15.651571409487309,NORMAL,18.45,19.84,23.07,16.7944,80.07247,KRSNWDP_2026-01-03T12:00:00+0000_15.6516
KRSNWDP,Krishna at Wadenepally,Krishna,2026-01-03 13:00:00+00:00,15.641111925966472,NORMAL,18.45,19.84,23.07,16.7944,80.07247,KRSNWDP_2026-01-03T13:00:00+0000_15.6411
KRSNWDP,Krishna at Wadenepally,Krishna,2026-01-03 14:00:00+00:00,15.652498488874407,NORMAL,18.45,19.84,23.07,16.7944,80.07247,KRSNWDP_2026-01-03T14:00:00+0000_15.6525
KRSNWDP,Krishna at Wadenepally,Krishna,2026-01-03 15:00:00+00:00,15.73235131572585,NORMAL,18.45,19.84,23.07,16.7944,80.07247,KRSNWDP_2026-01-03T15:00:00+0000_15.7324
KRSNWDP,Krishna at Wadenepally,Krishna,2026-01-03 16:00:00+00:00,15.711235292754443,NORMAL,18.45,19.84,23.07,16.7944,80.07247,KRSNWDP_2026-01-03T16:00:00+0000_15.7112
KRSNWDP,Krishna at Wadenepally,Krishna,2026-01-03 17:00:00+00:00,15.782776292556909,NORMAL,18.45,19.84,23.07,16.7944,80.07247,KRSNWDP_2026-01-03T17:00:00+0000_15.7828
KRSNWDP,Krishna at Wadenepally,Krishna,2026-01-03 18:00:00+00:00,15.861274596958433,NORMAL,18.45,19.84,23.07,16.7944,80.07247,KRSNWDP_2026-01-03T18:00:00+0000_15.8613
KRSNWDP,Krishna at Wadenepally,Krishna,2026-01-03 19:00:00+00:00,15.895304087974395,NORMAL,18.45,19.84,23.07,16.7944,80.07247,KRSNWDP_2026-01-03T19:00:00+0000_15.8953
KRSNWDP,Krishna at Wadenepally,Krishna,2026-01-03 20:00:00+00:00,15.900237832800348,NORMAL,18.45,19.84,23.07,16.7944,80.07247,KRSNWDP_2026-01-03T20:00:00+0000_15.9002
KRSNWDP,Krishna at Wadenepally,Krishna,2026-01-03 21:00:00+00:00,15.961801133049038,NORMAL,18.45,19.84,23.07,16.7944,80.07247,KRSNWDP_2026-01-03T21:00:00+0000_15.9618
KRSNWDP,Krishna at Wadenepally,Krishna,2026-01-03 22:00:00+00:00,16.000726384158355,NORMAL,18.45,19.84,23.07,16.7944,80.07247,KRSNWDP_2026-01-03T22:00:00+0000_16.0007
KRSNWDP,Krishna at Wadenepally,Krishna,2026-01-03 23:00:00+00:00,15.957927109393516,NORMAL,18.45,19.84,23.07,16.7944,80.07247,KRSNWDP_2026-01-03T23:00:00+0000_15.9579
KRSNWDP,Krishna at Wadenepally,Krishna,2026-01-04 00:00:00+00:00,15.96566947019639,NORMAL,18.45,19.84,23.07,16.7944,80.07247,KRSNWDP_2026-01-04T00:00:00+0000_15.9657
KRSNWDP,Krishna at Wadenepally,Krishna,2026-01-04 01:00:00+00:00,15.992345549324456,NORMAL,18.45,19.84,23.07,16.7944,80.07247,KRSNWDP_2026-01-04T01:00:00+0000_15.9923
KRSNWDP,Krishna at Wadenepally,Krishna,2026-01-04 02:00:00+00:00,15.955108275982012,NORMAL,18.45,19.84,23.07,16.7944,80.07247,KRSNWDP_2026-01-04T02:00:00+0000_15.9551
KRSNWDP,Krishna at Wadenepally,Krishna,2026-01-04 03:00:00+00:00,15.9201409739631,NORMAL,18.45,19.84,23.07,16.7944,80.07247,KRSNWDP_2026-01-04T03:00:00+0000_15.9201
KRSNWDP,Krishna at Wadenepally,Krishna,2026-01-04 04:00:00+00:00,15.915524880392129,NORMAL,18.45,19.84,23.07,16.7944,80.07247,KRSNWDP_2026-01-04T04:00:00+0000_15.9155
KRSNWDP,Krishna at Wadenepally,Krishna,2026-01-04 05:00:00+00:00,15.866611603324287,NORMAL,18.45,19.84,23.07,16.7944,80.07247,KRSNWDP_2026-01-04T05:00:00+0000_15.8666
KRSNWDP,Krishna at Wadenepally,Krishna,2026-01-04 06:00:00+00:00,15.763448062265285,NORMAL,18.45,19.84,23.07,16.7944,80.07247,KRSNWDP_2026-01-04T06:00:00+0000_15.7634
KRSNWDP,Krishna at Wadenepally,Krishna,2026-01-04 07:00:00+00:00,15.74066027663774,NORMAL,18.45,19.84,23.07,16.7944,80.07247,KRSNWDP_2026-01-04T07:00:00+0000_15.7407
KRSNWDP,Krishna at Wadenepally,Krishna,2026-01-04 08:00:00+00:00,15.659250497691447,NORMAL,18.45,19.84,23.07,16.7944,80.07247,KRSNWDP_2026-01-04T08:00:00+0000_15.6593
KRSNWDP,Krishna at Wadenepally,Krishna,2026-01-04 09:00:00+00:00,15.656071872042224,NORMAL,18.45,19.84,23.07,16.7944,80.07247,KRSNWDP_2026-01-04T09:00:00+0000_15.6561
KRSNWDP,Krishna at Wadenepally,Krishna,2026-01-04 10:00:00+00:00,15.64998529329747,NORMAL,18.45,19.84,23.07,16.7944,80.07247,KRSNWDP_2026-01-04T10:00:00+0000_15.6500
KRSNWDP,Krishna at Wadenepally,Krishna,2026-01-04 11:00:00+00:00,15.663240367070472,NORMAL,18.45,19.84,23.07,16.7944,80.07247,KRSNWDP_2026-01-04T11:00:00+0000_15.6632
KRSNWDP,Krishna at Wadenepally,Krishna,2026-01-04 12:00:00+00:00,15.667178558037737,NORMAL,18.45,19.84,23.07,16.7944,80.07247,KRSNWDP_2026-01-04T12:00:00+0000_15.6672
KRSNWDP,Krishna at Wadenepally,Krishna,2026-01-04 13:00:00+00:00,15.666915972853907,NORMAL,18.45,19.84,23.07,16.7944,80.07247,KRSNWDP_2026-01-04T13:00:00+0000_15.6669
KRSNWDP,Krishna at Wadenepally,Krishna,2026-01-04 14:00:00+00:00,15.67986061899858,NORMAL,18.45,19.84,23.07,16.7944,80.07247,KRSNWDP_2026-01-04T14:00:00+0000_15.6799
KRSNWDP,Krishna at Wadenepally,Krishna,2026-01-04 15:00:00+00:00,15.720617631359769,NORMAL,18.45,19.84,23.07,16.7944,80.07247,KRSNWDP_2026-01-04T15:00:00+0000_15.7206
KRSNWDP,Krishna at Wadenepally,Krishna,2026-01-04 16:00:00+00:00,15.796374959597332,NORMAL,18.45,19.84,23.07,16.7944,80.07247,KRSNWDP_2026-01-04T16:00:00+0000_15.7964
KRSNWDP,Krishna at Wadenepally,Krishna,2026-01-04 17:00:00+00:00,15.780234716535968,NORMAL,18.45,19.84,23.07,16.7944,80.07247,KRSNWDP_2026-01-04T17:00:00+0000_15.7802
KRSNWDP,Krishna at Wadenepally,Krishna,2026-01-04 18:00:00+00:00,15.862084621075375,NORMAL,18.45,19.84,23.07,16.7944,80.07247,KRSNWDP_2026-01-04T18:00:00+0000_15.8621
KRSNWDP,Krishna at Wadenepally,Krishna,2026-01-04 19:00:00+00:00,15.916505541350576,NORMAL,18.45,19.84,23.07,16.7944,80.07247,KRSNWDP_2026-01-04T19:00:00+0000_15.9165
KRSNWDP,Krishna at Wadenepally,Krishna,2026-01-04 20:00:00+00:00,15.954537548505913,NORMAL,18.45,19.84,23.07,16.7944,80.07247,KRSNWDP_2026-01-04T20:00:00+0000_15.9545
KRSNWDP,Krishna at Wadenepally,Krishna,2026-01-04 21:00:00+00:00,16.00459662549708,NORMAL,18.45,19.84,23.07,16.7944,80.07247,KRSNWDP_2026-01-04T21:00:00+0000_16.0046
KRSNWDP,Krishna at Wadenepally,Krishna,2026-01-04 22:00:00+00:00,16.02457433189948,NORMAL,18.45,19.84,23.07,16.7944,80.07247,KRSNWDP_2026-01-04T22:00:00+0000_16.0246
KRSNWDP,Krishna at Wadenepally,Krishna,2026-01-04 23:00:00+00:00,15.973919525315996,NORMAL,18.45,19.84,23.07,16.7944,80.07247,KRSNWDP_2026-01-04T23:00:00+0000_15.9739
KRSNWDP,Krishna at Wadenepally,Krishna,2026-01-05 00:00:00+00:00,16.027423566279563,NORMAL,18.45,19.84,23.07,16.7944,80.07247,KRSNWDP_2026-01-05T00:00:00+0000_16.0274
KRSNWDP,Krishna at Wadenepally,Krishna,2026-01-05 01:00:00+00:00,16.038706978538208,NORMAL,18.45,19.84,23.07,16.7944,80.07247,KRSNWDP_2026-01-05T01:00:00+0000_16.0387
KRSNWDP,Krishna at Wadenepally,Krishna,2026-01-05 02:00:00+00:00,15.92465807560821,NORMAL,18.45,19.84,23.07,16.7944,80.07247,KRSNWDP_2026-01-05T02:00:00+0000_15.9247
KRSNWDP,Krishna at Wadenepally,Krishna,2026-01-05 03:00:00+00:00,15.957072360820792,NORMAL,18.45,19.84,23.07,16.7944,80.07247,KRSNWDP_2026-01-05T03:00:00+0000_15.9571
KRSNWDP,Krishna at Wadenepally,Krishna,2026-01-05 04:00:00+00:00,15.916603141171429,NORMAL,18.45,19.84,23.07,16.7944,80.07247,KRSNWDP_2026-01-05T04:00:00+0000_15.9166
KRSNWDP,Krishna at Wadenepally,Krishna,2026-01-05 05:00:00+00:00,15.830834021835075,NORMAL,18.45,19.84,23.07,16.7944,80.07247,KRSNWDP_2026-01-05T05:00:00+0000_15.8308
KRSNWDP,Krishna at Wadenepally,Krishna,2026-01-05 06:00:00+00:00,15.821874175991116,NORMAL,18.45,19.84,23.07,16.7944,80.07247,KRSNWDP_2026-01-05T06:00:00+0000_15.8219
KRSNWDP,Krishna at Wadenepally,Krishna,2026-01-05 07:00:00+00:00,15.725697714497192,NORMAL,18.45,19.84,23.07,16.7944,80.07247,KRSNWDP_2026-01-05T07:00:00+0000_15.7257
KRSNWDP,Krishna at Wadenepally,Krishna,2026-01-05 08:00:00+00:00,15.71688535804394,NORMAL,18.45,19.84,23.07,16.7944,80.07247,KRSNWDP_2026-01-05T08:00:00+0000_15.7169
KRSNWDP,Krishna at Wadenepally,Krishna,2026-01-05 09:00:00+00:00,15.701559456099176,NORMAL,18.45,19.84,23.07,16.7944,80.07247,KRSNWDP_2026-01-05T09:00:00+0000_15.7016
KRSNWDP,Krishna at Wadenepally,Krishna,2026-01-05 10:00:00+00:00,15.64764148062114,NORMAL,18.45,19.84,23.07,16.7944,80.07247,KRSNWDP_2026-01-05T10:00:00+0000_15.6476
KRSNWDP,Krishna at Wadenepally,Krishna,2026-01-05 11:00:00+00:00,15.595075319403891,NORMAL,18.45,19.84,23.07,16.7944,80.07247,KRSNWDP_2026-01-05T11:00:00+0000_15.5951
KRSNWDP,Krishna at Wadenepally,Krishna,2026-01-05 12:00:00+00:00,15.605294407549822,NORMAL,18.45,19.84,23.07,16.7944,80.07247,KRSNWDP_2026-01-05T12:00:00+0000_15.6053
KRSNWDP,Krishna at Wadenepally,Krishna,2026-01-05 13:00:00+00:00,15.670186282088562,NORMAL,18.45,19.84,23.07,16.7944,80.07247,KRSNWDP_2026-01-05T13:00:00+0000_15.6702
KRSNWDP,Krishna at Wadenepally,Krishna,2026-01-05 14:00:00+00:00,15.67309907416062,NORMAL,18.45,19.84,23.07,16.7944,80.07247,KRSNWDP_2026-01-05T14:00:00+0000_15.6731
KRSNWDP,Krishna at Wadenepally,Krishna,2026-01-05 15:00:00+00:00,15.712203536188763,NORMAL,18.45,19.84,23.07,16.7944,80.07247,KRSNWDP_2026-01-05T15:00:00+0000_15.7122
KRSNWDP,Krishna at Wadenepally,Krishna,2026-01-05 16:00:00+00:00,15.714615349684388,NORMAL,18.45,19.84,23.07,16.7944,80.07247,KRSNWDP_2026-01-05T16:00:00+0000_15.7146
KRSNWDP,Krishna at Wadenepally,Krishna,2026-01-05 17:00:00+00:00,15.80898449583368,NORMAL,18.45,19.84,23.07,16.7944,80.07247,KRSNWDP_2026-01-05T17:00:00+0000_15.8090
KRSNWDP,Krishna at Wadenepally,Krishna,2026-01-05 18:00:00+00:00,15.81452898832326,NORMAL,18.45,19.84,23.07,16.7944,80.07247,KRSNWDP_2026-01-05T18:00:00+0000_15.8145
KRSNWDP,Krishna at Wadenepally,Krishna,2026-01-05 19:00:00+00:00,15.917560566206443,NORMAL,18.45,19.84,23.07,16.7944,80.07247,KRSNWDP_2026-01-05T19:00:00+0000_15.9176
KRSNWDP,Krishna at Wadenepally,Krishna,2026-01-05 20:00:00+00:00,15.901419205593982,NORMAL,18.45,19.84,23.07,16.7944,80.07247,KRSNWDP_2026-01-05T20:00:00+0000_15.9014
KRSNWDP,Krishna at Wadenepally,Krishna,2026-01-05 21:00:00+00:00,16.01775076351918,NORMAL,18.45,19.84,23.07,16.7944,80.07247,KRSNWDP_2026-01-05T21:00:00+0000_16.0178
KRSNWDP,Krishna at Wadenepally,Krishna,2026-01-05 22:00:00+00:00,16.0344493135505,NORMAL,18.45,19.84,23.07,16.7944,80.07247,KRSNWDP_2026-01-05T22:00:00+0000_16.0344
KRSNWDP,Krishna at Wadenepally,Krishna,2026-01-05 23:00:00+00:00,16.039827271737387,NORMAL,18.45,19.84,23.07,16.7944,80.07247,KRSNWDP_2026-01-05T23:00:00+0000_16.0398
KRSNWDP,Krishna at Wadenepally,Krishna,2026-01-06 00:00:00+00:00,16.015355672147802,NORMAL,18.45,19.84,23.07,16.7944,80.07247,KRSNWDP_2026-01-06T00:00:00+0000_16.0154
KRSNWDP,Krishna at Wadenepally,Krishna,2026-01-06 01:00:00+00:00,15.961669330463655,NORMAL,18.45,19.84,23.07,16.7944,80.07247,KRSNWDP_2026-01-06T01:00:00+0000_15.9617
KRSNWDP,Krishna at Wadenepally,Krishna,2026-01-06 02:00:00+00:00,15.919463026399084,NORMAL,18.45,19.84,23.07,16.7944,80.07247,KRSNWDP_2026-01-06T02:00:00+0000_15.9195
KRSNWDP,Krishna at Wadenepally,Krishna,2026-01-06 03:00:00+00:00,15.9561991837104,NORMAL,18.45,19.84,23.07,16.7944,80.07247,KRSNWDP_2026-01-06T03:00:00+0000_15.9562
KRSNWDP,Krishna at Wadenepally,Krishna,2026-01-06 04:00:00+00:00,15.93594744133288,NORMAL,18.45,19.84,23.07,16.7944,80.07247,KRSNWDP_2026-01-06T04:00:00+0000_15.9359
KRSNWDP,Krishna at Wadenepally,Krishna,2026-01-06 05:00:00+00:00,15.883428173175922,NORMAL,18.45,19.84,23.07,16.7944,80.07247,KRSNWDP_2026-01-06T05:00:00+0000_15.8834
KRSNWDP,Krishna at Wadenepally,Krishna,2026-01-06 06:00:00+00:00,15.82326213047259,NORMAL,18.45,19.84,23.07,16.7944,80.07247,KRSNWDP_2026-01-06T06:00:00+0000_15.8233
KRSNWDP,Krishna at Wadenepally,Krishna,2026-01-06 07:00:00+00:00,15.773741649708988,NORMAL,18.45,19.84,23.07,16.7944,80.07247,KRSNWDP_2026-01-06T07:00:00+0000_15.7737
KRSNWDP,Krishna at Wadenepally,Krishna,2026-01-06 08:00:00+00:00,15.694546700502924,NORMAL,18.45,19.84,23.07,16.7944,80.07247,KRSNWDP_2026-01-06T08:00:00+0000_15.6945
KRSNWDP,Krishna at Wadenepally,Krishna,2026-01-06 09:00:00+00:00,15.677550554462082,NORMAL,18.45,19.84,23.07,16.7944,80.07247,KRSNWDP_2026-01-06T09:00:00+0000_15.6776
KRSNWDP,Krishna at Wadenepally,Krishna,2026-01-06 10:00:00+00:00,15.651538805067863,NORMAL,18.45,19.84,23.07,16.7944,80.07247,KRSNWDP_2026-01-06T10:00:00+0000_15.6515
KRSNWDP,Krishna at Wadenepally,Krishna,2026-01-06 11:00:00+00:00,15.674994445852032,NORMAL,18.45,19.84,23.07,16.7944,80.07247,KRSNWDP_2026-01-06T11:00:00+0000_15.6750
KRSNWDP,Krishna at Wadenepally,Krishna,2026-01-06 12:00:00+00:00,15.606530966838768,NORMAL,18.45,19.84,23.07,16.7944,80.07247,KRSNWDP_2026-01-06T12:00:00+0000_15.6065
KRSNWDP,Krishna at Wadenepally,Krishna,2026-01-06 13:00:00+00:00,15.654767207207556,NORMAL,18.45,19.84,23.07,16.7944,80.07247,KRSNWDP_2026-01-06T13:00:00+0000_15.6548
KRSNWDP,Krishna at Wadenepally,Krishna,2026-01-06 14:00:00+00:00,15.656991476427072,NORMAL,18.45,19.84,23.07,16.7944,80.07247,KRSNWDP_2026-01-06T14:00:00+0000_15.6570
KRSNWDP,Krishna at Wadenepally,Krishna,2026-01-06 15:00:00+00:00,15.684427399605852,NORMAL,18.45,19.84,23.07,16.7944,80.07247,KRSNWDP_2026-01-06T15:00:00+0000_15.6844
KRSNWDP,Krishna at Wadenepally,Krishna,2026-01-06 16:00:00+00:00,15.72906282956273,NORMAL,18.45,19.84,23.07,16.7944,80.07247,KRSNWDP_2026-01-06T16:00:00+0000_15.7291
KRSNWDP,Krishna at Wadenepally,Krishna,2026-01-06 17:00:00+00:00,15.821947526041969,NORMAL,18.45,19.84,23.07,16.7944,80.07247,KRSNWDP_2026-01-06T17:00:00+0000_15.8219
KRSNWDP,Krishna at Wadenepally,Krishna,2026-01-06 18:00:00+00:00,15.893477398184755,NORMAL,18.45,19.84,23.07,16.7944,80.07247,KRSNWDP_2026-01-06T18:00:00+0000_15.8935
KRSNWDP,Krishna at Wadenepally,Krishna,2026-01-06 19:00:00+00:00,15.85297053976364,NORMAL,18.45,19.84,23.07,16.7944,80.07247,KRSNWDP_2026-01-06T19:00:00+0000_15.8530
KRSNWDP,Krishna at Wadenepally,Krishna,2026-01-06 20:00:00+00:00,15.98616264107837,NORMAL,18.45,19.84,23.07,16.7944,80.07247,KRSNWDP_2026-01-06T20:00:00+0000_15.9862
KRSNWDP,Krishna at Wadenepally,Krishna,2026-01-06 21:00:00+00:00,15.991277879343828,NORMAL,18.45,19.84,23.07,16.7944,80.07247,KRSNWDP_2026-01-06T21:00:00+0000_15.9913
KRSNWDP,Krishna at Wadenepally,Krishna,2026-01-06 22:00:00+00:00,16.01618125483537,NORMAL,18.45,19.84,23.07,16.7944,80.07247,KRSNWDP_2026-01-06T22:00:00+0000_16.0162
KRSNWDP,Krishna at Wadenepally,Krishna,2026-01-06 23:00:00+00:00,16.011311554851453,NORMAL,18.45,19.84,23.07,16.7944,80.07247,KRSNWDP_2026-01-06T23:00:00+0000_16.0113
KRSNWDP,Krishna at Wadenepally,Krishna,2026-01-07 00:00:00+00:00,15.971101672986558,NORMAL,18.45,19.84,23.07,16.7944,80.07247,KRSNWDP_2026-01-07T00:00:00+0000_15.9711
KRSNWDP,Krishna at Wadenepally,Krishna,2026-01-07 01:00:00+00:00,15.995614471931724,NORMAL,18.45,19.84,23.07,16.7944,80.07247,KRSNWDP_2026-01-07T01:00:00+0000_15.9956
KRSNWDP,Krishna at Wadenepally,Krishna,2026-01-07 02:00:00+00:00,15.93283433457949,NORMAL,18.45,19.84,23.07,16.7944,80.07247,KRSNWDP_2026-01-07T02:00:00+0000_15.9328
KRSNWDP,Krishna at Wadenepally,Krishna,2026-01-07 03:00:00+00:00,15.931264588153343,NORMAL,18.45,19.84,23.07,16.7944,80.07247,KRSNWDP_2026-01-07T03:00:00+0000_15.9313
KRSNWDP,Krishna at Wadenepally,Krishna,2026-01-07 04:00:00+00:00,15.939828901300444,NORMAL,18.45,19.84,23.07,16.7944,80.07247,KRSNWDP_2026-01-07T04:00:00+0000_15.9398
KRSNWDP,Krishna at Wadenepally,Krishna,2026-01-07 05:00:00+00:00,15.794231587729048,NORMAL,18.45,19.84,23.07,16.7944,80.07247,KRSNWDP_2026-01-07T05:00:00+0000_15.7942
KRSNWDP,Krishna at Wadenepally,Krishna,2026-01-07 06:00:00+00:00,15.796340741322158,NORMAL,18.45,19.84,23.07,16.7944,80.07247,KRSNWDP_2026-01-07T06:00:00+0000_15.7963
KRSNWDP,Krishna at Wadenepally,Krishna,2026-01-07 07:00:00+00:00,15.770115745829624,NORMAL,18.45,19.84,23.07,16.7944,80.07247,KRSNWDP_2026-01-07T07:00:00+0000_15.7701
KRSNWDP,Krishna at Wadenepally,Krishna,2026-01-07 08:00:00+00:00,15.731338727011444,NORMAL,18.45,19.84,23.07,16.7944,80.07247,KRSNWDP_2026-01-07T08:00:00+0000_15.7313
KRSNWDP,Krishna at Wadenepally,Krishna,2026-01-07 09:00:00+00:00,15.63759154064136,NORMAL,18.45,19.84,23.07,16.7944,80.07247,KRSNWDP_2026-01-07T09:00:00+0000_15.6376
KRSNWDP,Krishna at Wadenepally,Krishna,2026-01-07 10:00:00+00:00,15.651583268996095,NORMAL,18.45,19.84,23.07,16.7944,80.07247,KRSNWDP_2026-01-07T10:00:00+0000_15.6516
KRSNWDP,Krishna at Wadenepally,Krishna,2026-01-07 11:00:00+00:00,15.619190046895715,NORMAL,18.45,19.84,23.07,16.7944,80.07247,KRSNWDP_2026-01-07T11:00:00+0000_15.6192
KRSNWDP,Krishna at Wadenepally,Krishna,2026-01-07 12:00:00+00:00,15.627318837975483,NORMAL,18.45,19.84,23.07,16.7944,80.07247,KRSNWDP_2026-01-07T12:00:00+0000_15.6273
KRSNWDP,Krishna at Wadenepally,Krishna,2026-01-07 13:00:00+00:00,16.97762393763456,NORMAL,18.45,19.84,23.07,16.7944,80.07247,KRSNWDP_2026-01-07T13:00:00+0000_16.9776
KRSNWDP,Krishna at Wadenepally,Krishna,2026-01-07 14:00:00+00:00,16.84933064886917,NORMAL,18.45,19.84,23.07,16.7944,80.07247,KRSNWDP_2026-01-07T14:00:00+0000_16.8493
KRSNWDP,Krishna at Wadenepally,Krishna,2026-01-07 15:00:00+00:00,15.703274492159382,NORMAL,18.45,19.84,23.07,16.7944,80.07247,KRSNWDP_2026-01-07T15:00:00+0000_15.7033
KRSNWDP,Krishna at Wadenepally,Krishna,2026-01-07 16:00:00+00:00,15.748559012605998,NORMAL,18.45,19.84,23.07,16.7944,80.07247,KRSNWDP_2026-01-07T16:00:00+0000_15.7486
KRSNWDP,Krishna at Wadenepally,Krishna,2026-01-07 17:00:00+00:00,15.830621506966793,NORMAL,18.45,19.84,23.07,16.7944,80.07247,KRSNWDP_2026-01-07T17:00:00+0000_15.8306
KRSNWDP,Krishna at Wadenepally,Krishna,2026-01-07 18:00:00+00:00,15.875899909605684,NORMAL,18.45,19.84,23.07,16.7944,80.07247,KRSNWDP_2026-01-07T18:00:00+0000_15.8759
KRSNWDP,Krishna at Wadenepally,Krishna,2026-01-07 19:00:00+00:00,15.875205675408647,NORMAL,18.45,19.84,23.07,16.7944,80.07247,KRSNWDP_2026-01-07T19:00:00+0000_15.8752
KRSNWDP,Krishna at Wadenepally,Krishna,2026-01-07 20:00:00+00:00,15.915186129194582,NORMAL,18.45,19.84,23.07,16.7944,80.07247,KRSNWDP_2026-01-07T20:00:00+0000_15.9152
KRSNWDP,Krishna at Wadenepally,Krishna,2026-01-07 21:00:00+00:00,15.971887867122575,NORMAL,18.45,19.84,23.07,16.7944,80.07247,KRSNWDP_2026-01-07T21:00:00+0000_15.9719
KRSNWDP,Krishna at Wadenepally,Krishna,2026-01-07 22:00:00+00:00,15.989244482881263,NORMAL,18.45,19.84,23.07,16.7944,80.07247,KRSNWDP_2026-01-07T22:00:00+0000_15.9892
KRSNWDP,Krishna at Wadenepally,Krishna,2026-01-07 23:00:00+00:00,15.995921388953883,NORMAL,18.45,19.84,23.07,16.7944,80.07247,KRSNWDP_2026-01-07T23:00:00+0000_15.9959
KRSNWDP,Krishna at Wadenepally,Krishna,2026-01-08 00:00:00+00:00,16.042789562351757,NORMAL,18.45,19.84,23.07,16.7944,80.07247,KRSNWDP_2026-01-08T00:00:00+0000_16.0428
KRSNWDP,Krishna at Wadenepally,Krishna,2026-01-08 01:00:00+00:00,15.98583855902552,NORMAL,18.45,19.84,23.07,16.7944,80.07247,KRSNWDP_2026-01-08T01:00:00+0000_15.9858
KRSNWDP,Krishna at Wadenepally,Krishna,2026-01-08 02:00:00+00:00,15.973638705786996,NORMAL,18.45,19.84,23.07,16.7944,80.07247,KRSNWDP_2026-01-08T02:00:00+0000_15.9736
KRSNWDP,Krishna at Wadenepally,Krishna,2026-01-08 03:00:00+00:00,15.911699303635537,NORMAL,18.45,19.84,23.07,16.7944,80.07247,KRSNWDP_2026-01-08T03:00:00+0000_15.9117
KRSNWDP,Krishna at Wadenepally,Krishna,2026-01-08 04:00:00+00:00,15.912279306797684,NORMAL,18.45,19.84,23.07,16.7944,80.07247,KRSNWDP_2026-01-08T04:00:00+0000_15.9123
KRSNWDP,Krishna at Wadenepally,Krishna,2026-01-08 05:00:00+00:00,15.88897461492115,NORMAL,18.45,19.84,23.07,16.7944,80.07247,KRSNWDP_2026-01-08T05:00:00+0000_15.8890
KRSNWDP,Krishna at Wadenepally,Krishna,2026-01-08 06:00:00+00:00,15.76393587569595,NORMAL,18.45,19.84,23.07,16.7944,80.07247,KRSNWDP_2026-01-08T06:00:00+0000_15.7639
KRSNWDP,Krishna at Wadenepally,Krishna,2026-01-08 07:00:00+00:00,15.750813514467596,NORMAL,18.45,19.84,23.07,16.7944,80.07247,KRSNWDP_2026-01-08T07:00:00+0000_15.7508
KRSNWDP,Krishna at Wadenepally,Krishna,2026-01-08 08:00:00+00:00,15.712293932681971,NORMAL,18.45,19.84,23.07,16.7944,80.07247,KRSNWDP_2026-01-08T08:00:00+0000_15.7123
KRSNWDP,Krishna at Wadenepally,Krishna,2026-01-08 09:00:00+00:00,15.67368144638567,NORMAL,18.45,19.84,23.07,16.7944,80.07247,KRSNWDP_2026-01-08T09:00:00+0000_15.6737
KRSNWDP,Krishna at Wadenepally,Krishna,2026-01-08 10:00:00+00:00,15.596686579727166,NORMAL,18.45,19.84,23.07,16.7944,80.07247,KRSNWDP_2026-01-08T10:00:00+0000_15.5967
KRSNWDP,Krishna at Wadenepally,Krishna,2026-01-08 11:00:00+00:00,15.649198029591266,NORMAL,18.45,19.84,23.07,16.7944,80.07247,KRSNWDP_2026-01-08T11:00:00+0000_15.6492
KRSNWDP,Krishna at Wadenepally,Krishna,2026-01-08 12:00:00+00:00,15.643236802208278,NORMAL,18.45,19.84,23.07,16.7944,80.07247,KRSNWDP_2026-01-08T12:00:00+0000_15.6432
KRSNWDP,Krishna at Wadenepally,Krishna,2026-01-08 13:00:00+00:00,15.66231040596654,NORMAL,18.45,19.84,23.07,16.7944,80.07247,KRSNWDP_2026-01-08T13:00:00+0000_15.6623
KRSNWDP,Krishna at Wadenepally,Krishna,2026-01-08 14:00:00+00:00,15.6484888052115,NORMAL,18.45,19.84,23.07,16.7944,80.07247,KRSNWDP_2026-01-08T14:00:00+0000_15.6485
KRSNWDP,Krishna at Wadenepally,Krishna,2026-01-08 15:00:00+00:00,15.714764927212943,NORMAL,18.45,19.84,23.07,16.7944,80.07247,KRSNWDP_2026-01-08T15:00:00+0000_15.7148
KRSNWDP,Krishna at Wadenepally,Krishna,2026-01-08 16:00:00+00:00,15.7315521936861,NORMAL,18.45,19.84,23.07,16.7944,80.07247,KRSNWDP_2026-01-08T16:00:00+0000_15.7316
KRSNWDP,Krishna at Wadenepally,Krishna,2026-01-08 17:00:00+00:00,15.753730451266286,NORMAL,18.45,19.84,23.07,16.7944,80.07247,KRSNWDP_2026-01-08T17:00:00+0000_15.7537
KRSNWDP,Krishna at Wadenepally,Krishna,2026-01-08 18:00:00+00:00,15.877439153744954,NORMAL,18.45,19.84,23.07,16.7944,80.07247,KRSNWDP_2026-01-08T18:00:00+0000_15.8774
KRSNWDP,Krishna at Wadenepally,Krishna,2026-01-08 19:00:00+00:00,15.94949623705696,NORMAL,18.45,19.84,23.07,16.7944,80.07247,KRSNWDP_2026-01-08T19:00:00+0000_15.9495
KRSNWDP,Krishna at Wadenepally,Krishna,2026-01-08 20:00:00+00:00,15.962832537751003,NORMAL,18.45,19.84,23.07,16.7944,80.07247,KRSNWDP_2026-01-08T20:00:00+0000_15.9628
KRSNWDP,Krishna at Wadenepally,Krishna,2026-01-08 21:00:00+00:00,15.953526231629263,NORMAL,18.45,19.84,23.07,16.7944,80.07247,KRSNWDP_2026-01-08T21:00:00+0000_15.9535
KRSNWDP,Krishna at Wadenepally,Krishna,2026-01-08 22:00:00+00:00,15.960663647573416,NORMAL,18.45,19.84,23.07,16.7944,80.07247,KRSNWDP_2026-01-08T22:00:00+0000_15.9607
KRSNWDP,Krishna at Wadenepally,Krishna,2026-01-08 23:00:00+00:00,15.987856727910987,NORMAL,18.45,19.84,23.07,16.7944,80.07247,KRSNWDP_2026-01-08T23:00:00+0000_15.9879
KRSNWDP,Krishna at Wadenepally,Krishna,2026-01-09 00:00:00+00:00,16.013454110939147,NORMAL,18.45,19.84,23.07,16.7944,80.07247,KRSNWDP_2026-01-09T00:00:00+0000_16.0135
KRSNWDP,Krishna at Wadenepally,Krishna,2026-01-09 01:00:00+00:00,15.971436593815971,NORMAL,18.45,19.84,23.07,16.7944,80.07247,KRSNWDP_2026-01-09T01:00:00+0000_15.9714
KRSNWDP,Krishna at Wadenepally,Krishna,2026-01-09 02:00:00+00:00,15.971355091085782,NORMAL,18.45,19.84,23.07,16.7944,80.07247,KRSNWDP_2026-01-09T02:00:00+0000_15.9714
KRSNWDP,Krishna at Wadenepally,Krishna,2026-01-09 03:00:00+00:00,15.978137383137009,NORMAL,18.45,19.84,23.07,16.7944,80.07247,KRSNWDP_2026-01-09T03:00:00+0000_15.9781
KRSNWDP,Krishna at Wadenepally,Krishna,2026-01-09 04:00:00+00:00,15.892913812431546,NORMAL,18.45,19.84,23.07,16.7944,80.07247,KRSNWDP_2026-01-09T04:00:00+0000_15.8929
KRSNWDP,Krishna at Wadenepally,Krishna,2026-01-09 05:00:00+00:00,15.80742292524928,NORMAL,18.45,19.84,23.07,16.7944,80.07247,KRSNWDP_2026-01-09T05:00:00+0000_15.8074
KRSNWDP,Krishna at Wadenepally,Krishna,2026-01-09 06:00:00+00:00,15.776161485852692,NORMAL,18.45,19.84,23.07,16.7944,80.07247,KRSNWDP_2026-01-09T06:00:00+0000_15.7762
KRSNWDP,Krishna at Wadenepally,Krishna,2026-01-09 07:00:00+00:00,15.752659826102668,NORMAL,18.45,19.84,23.07,16.7944,80.07247,KRSNWDP_2026-01-09T07:00:00+0000_15.7527
KRSNWDP,Krishna at Wadenepally,Krishna,2026-01-09 08:00:00+00:00,15.737409455457083,NORMAL,18.45,19.84,23.07,16.7944,80.07247,KRSNWDP_2026-01-09T08:00:00+0000_15.7374
KRSNWDP,Krishna at Wadenepally,Krishna,2026-01-09 09:00:00+00:00,15.675269667158965,NORMAL,18.45,19.84,23.07,16.7944,80.07247,KRSNWDP_2026-01-09T09:00:00+0000_15.6753
KRSNWDP,Krishna at Wadenepally,Krishna,2026-01-09 10:00:00+00:00,15.671435260265786,NORMAL,18.45,19.84,23.07,16.7944,80.07247,KRSNWDP_2026-01-09T10:00:00+0000_15.6714
KRSNWDP,Krishna at Wadenepally,Krishna,2026-01-09 11:00:00+00:00,15.672152112725849,NORMAL,18.45,19.84,23.07,16.7944,80.07247,KRSNWDP_2026-01-09T11:00:00+0000_15.6722
KRSNWDP,Krishna at Wadenepally,Krishna,2026-01-09 12:00:00+00:00,15.6598074474852,NORMAL,18.45,19.84,23.07,16.7944,80.07247,KRSNWDP_2026-01-09T12:00:00+0000_15.6598
KRSNWDP,Krishna at Wadenepally,Krishna,2026-01-09 13:00:00+00:00,15.620945099157275,NORMAL,18.45,19.84,23.07,16.7944,80.07247,KRSNWDP_2026-01-09T13:00:00+0000_15.6209
KRSNWDP,Krishna at Wadenepally,Krishna,2026-01-09 14:00:00+00:00,,,18.45,19.84,23.07,16.7944,80.07247,KRSNWDP_2026-01-09T14:00:00+0000_
KRSNWDP,Krishna at Wadenepally,Krishna,2026-01-09 15:00:00+00:00,15.68369222022597,NORMAL,18.45,19.84,23.07,16.7944,80.07247,KRSNWDP_2026-01-09T15:00:00+0000_15.6837
KRSNWDP,Krishna at Wadenepally,Krishna,2026-01-09 16:00:00+00:00,15.79946874959228,NORMAL,18.45,19.84,23.07,16.7944,80.07247,KRSNWDP_2026-01-09T16:00:00+0000_15.7995
KRSNWDP,Krishna at Wadenepally,Krishna,2026-01-09 17:00:00+00:00,15.7970195052147,NORMAL,18.45,19.84,23.07,16.7944,80.07247,KRSNWDP_2026-01-09T17:00:00+0000_15.7970
KRSNWDP,Krishna at Wadenepally,Krishna,2026-01-09 18:00:00+00:00,15.89698500407066,NORMAL,18.45,19.84,23.07,16.7944,80.07247,KRSNWDP_2026-01-09T18:00:00+0000_15.8970
KRSNWDP,Krishna at Wadenepally,Krishna,2026-01-09 19:00:00+00:00,15.885067253266818,NORMAL,18.45,19.84,23.07,16.7944,80.07247,KRSNWDP_2026-01-09T19:00:00+0000_15.8851
KRSNWDP,Krishna at Wadenepally,Krishna,2026-01-09 20:00:00+00:00,,,18.45,19.84,23.07,16.7944,80.07247,KRSNWDP_2026-01-09T20:00:00+0000_
KRSNWDP,Krishna at Wadenepally,Krishna,2026-01-09 21:00:00+00:00,15.993198381591991,NORMAL,18.45,19.84,23.07,16.7944,80.07247,KRSNWDP_2026-01-09T21:00:00+0000_15.9932
KRSNWDP,Krishna at Wadenepally,Krishna,2026-01-09 22:00:00+00:00,16.027089531930432,NORMAL,18.45,19.84,23.07,16.7944,80.07247,KRSNWDP_2026-01-09T22:00:00+0000_16.0271
KRSNWDP,Krishna at Wadenepally,Krishna,2026-01-09 23:00:00+00:00,16.03556688366801,NORMAL,18.45,19.84,23.07,16.7944,80.07247,KRSNWDP_2026-01-09T23:00:00+0000_16.0356
KRSNWDP,Krishna at Wadenepally,Krishna,2026-01-10 00:00:00+00:00,15.982287409209286,NORMAL,18.45,19.84,23.07,16.7944,80.07247,KRSNWDP_2026-01-10T00:00:00+0000_15.9823
KRSNWDP,Krishna at Wadenepally,Krishna,2026-01-10 01:00:00+00:00,15.96244892946432,NORMAL,18.45,19.84,23.07,16.7944,80.07247,KRSNWDP_2026-01-10T01:00:00+0000_15.9624
KRSNWDP,Krishna at Wadenepally,Krishna,2026-01-10 02:00:00+00:00,15.98911597165886,NORMAL,18.45,19.84,23.07,16.7944,80.07247,KRSNWDP_2026-01-10T02:00:00+0000_15.9891
KRSNWDP,Krishna at Wadenepally,Krishna,2026-01-10 03:00:00+00:00,15.905354658999904,NORMAL,18.45,19.84,23.07,16.7944,80.07247,KRSNWDP_2026-01-10T03:00:00+0000_15.9054
KRSNWDP,Krishna at Wadenepally,Krishna,2026-01-10 04:00:00+00:00,15.931361956013353,NORMAL,18.45,19.84,23.07,16.7944,80.07247,KRSNWDP_2026-01-10T04:00:00+0000_15.9314
KRSNWDP,Krishna at Wadenepally,Krishna,2026-01-10 05:00:00+00:00,15.807087185955565,NORMAL,18.45,19.84,23.07,16.7944,80.07247,KRSNWDP_2026-01-10T05:00:00+0000_15.8071
KRSNWDP,Krishna at Wadenepally,Krishna,2026-01-10 06:00:00+00:00,15.77465112633192,NORMAL,18.45,19.84,23.07,16.7944,80.07247,KRSNWDP_2026-01-10T06:00:00+0000_15.7747
KRSNWDP,Krishna at Wadenepally,Krishna,2026-01-10 07:00:00+00:00,15.797891952229248,NORMAL,18.45,19.84,23.07,16.7944,80.07247,KRSNWDP_2026-01-10T07:00:00+0000_15.7979
KRSNWDP,Krishna at Wadenepally,Krishna,2026-01-10 08:00:00+00:00,15.757995515710553,NORMAL,18.45,19.84,23.07,16.7944,80.07247,KRSNWDP_2026-01-10T08:00:00+0000_15.7580
KRSNWDP,Krishna at Wadenepally,Krishna,2026-01-10 09:00:00+00:00,15.653216968044909,NORMAL,18.45,19.84,23.07,16.7944,80.07247,KRSNWDP_2026-01-10T09:00:00+0000_15.6532
KRSNWDP,Krishna at Wadenepally,Krishna,2026-01-10 10:00:00+00:00,15.68307876851274,NORMAL,18.45,19.84,23.07,16.7944,80.07247,KRSNWDP_2026-01-10T10:00:00+0000_15.6831
KRSNWDP,Krishna at Wadenepally,Krishna,2026-01-10 11:00:00+00:00,15.654480139740958,NORMAL,18.45,19.84,23.07,16.7944,80.07247,KRSNWDP_2026-01-10T11:00:00+0000_15.6545
KRSNWDP,Krishna at Wadenepally,Krishna,2026-01-10 12:00:00+00:00,15.639086576629328,NORMAL,18.45,19.84,23.07,16.7944,80.07247,KRSNWDP_2026-01-10T12:00:00+0000_15.6391
KRSNWDP,Krishna at Wadenepally,Krishna,2026-01-10 13:00:00+00:00,15.608932849227497,NORMAL,18.45,19.84,23.07,16.7944,80.07247,KRSNWDP_2026-01-10T13:00:00+0000_15.6089
KRSNWDP,Krishna at Wadenepally,Krishna,2026-01-10 14:00:00+00:00,15.70310070561974,NORMAL,18.45,19.84,23.07,16.7944,80.07247,KRSNWDP_2026-01-10T14:00:00+0000_15.7031
KRSNWDP,Krishna at Wadenepally,Krishna,2026-01-10 15:00:00+00:00,15.73790657777498,NORMAL,18.45,19.84,23.07,16.7944,80.07247,KRSNWDP_2026-01-10T15:00:00+0000_15.7379
KRSNWDP,Krishna at Wadenepally,Krishna,2026-01-10 16:00:00+00:00,15.731617189435722,NORMAL,18.45,19.84,23.07,16.7944,80.07247,KRSNWDP_2026-01-10T16:00:00+0000_15.7316
KRSNWDP,Krishna at Wadenepally,Krishna,2026-01-10 17:00:00+00:00,15.820236485108165,NORMAL,18.45,19.84,23.07,16.7944,80.07247,KRSNWDP_2026-01-10T17:00:00+0000_15.8202
KRSNWDP,Krishna at Wadenepally,Krishna,2026-01-10 18:00:00+00:00,15.85153087345265,NORMAL,18.45,19.84,23.07,16.7944,80.07247,KRSNWDP_2026-01-10T18:00:00+0000_15.8515
KRSNWDP,Krishna at Wadenepally,Krishna,2026-01-10 19:00:00+00:00,15.928261823004425,NORMAL,18.45,19.84,23.07,16.7944,80.07247,KRSNWDP_2026-01-10T19:00:00+0000_15.9283
KRSNWDP,Krishna at Wadenepally,Krishna,2026-01-10 20:00:00+00:00,15.910829852809416,NORMAL,18.45,19.84,23.07,16.7944,80.07247,KRSNWDP_2026-01-10T20:00:00+0000_15.9108
KRSNWDP,Krishna at Wadenepally,Krishna,2026-01-10 21:00:00+00:00,15.967195507651963,NORMAL,18.45,19.84,23.07,16.7944,80.07247,KRSNWDP_2026-01-10T21:00:00+0000_15.9672
KRSNWDP,Krishna at Wadenepally,Krishna,2026-01-10 22:00:00+00:00,15.996310789280914,NORMAL,18.45,19.84,23.07,16.7944,80.07247,KRSNWDP_2026-01-10T22:00:00+0000_15.9963
KRSNWDP,Krishna at Wadenepally,Krishna,2026-01-10 23:00:00+00:00,16.030503592875764,NORMAL,18.45,19.84,23.07,16.7944,80.07247,KRSNWDP_2026-01-10T23:00:00+0000_16.0305
KRSNWDP,Krishna at Wadenepally,Krishna,2026-01-11 00:00:00+00:00,16.03496922199698,NORMAL,18.45,19.84,23.07,16.7944,80.07247,KRSNWDP_2026-01-11T00:00:00+0000_16.0350
KRSNWDP,Krishna at Wadenepally,Krishna,2026-01-11 01:00:00+00:00,16.014458012479828,NORMAL,18.45,19.84,23.07,16.7944,80.07247,KRSNWDP_2026-01-11T01:00:00+0000_16.0145
KRSNWDP,Krishna at Wadenepally,Krishna,2026-01-11 02:00:00+00:00,15.999957202438637,NORMAL,18.45,19.84,23.07,16.7944,80.07247,KRSNWDP_2026-01-11T02:00:00+0000_16.0000
KRSNWDP,Krishna at Wadenepally,Krishna,2026-01-11 03:00:00+00:00,15.905926060393895,NORMAL,18.45,19.84,23.07,16.7944,80.07247,KRSNWDP_2026-01-11T03:00:00+0000_15.9059
KRSNWDP,Krishna at Wadenepally,Krishna,2026-01-11 04:00:00+00:00,15.884108080283315,NORMAL,18.45,19.84,23.07,16.7944,80.07247,KRSNWDP_2026-01-11T04:00:00+0000_15.8841
KRSNWDP,Krishna at Wadenepally,Krishna,2026-01-11 05:00:00+00:00,15.802844603707236,NORMAL,18.45,19.84,23.07,16.7944,80.07247,KRSNWDP_2026-01-11T05:00:00+0000_15.8028
KRSNWDP,Krishna at Wadenepally,Krishna,2026-01-11 06:00:00+00:00,15.807073875933444,NORMAL,18.45,19.84,23.07,16.7944,80.07247,KRSNWDP_2026-01-11T06:00:00+0000_15.8071
KRSNWDP,Krishna at Wadenepally,Krishna,2026-01-11 07:00:00+00:00,15.798170376315436,NORMAL,18.45,19.84,23.07,16.7944,80.07247,KRSNWDP_2026-01-11T07:00:00+0000_15.7982
KRSNWDP,Krishna at Wadenepally,Krishna,2026-01-11 08:00:00+00:00,15.743551630195157,NORMAL,18.45,19.84,23.07,16.7944,80.07247,KRSNWDP_2026-01-11T08:00:00+0000_15.7436
KRSNWDP,Krishna at Wadenepally,Krishna,2026-01-11 09:00:00+00:00,15.69034320526167,NORMAL,18.45,19.84,23.07,16.7944,80.07247,KRSNWDP_2026-01-11T09:00:00+0000_15.6903
KRSNWDP,Krishna at Wadenepally,Krishna,2026-01-11 10:00:00+00:00,15.610787032427108,NORMAL,18.45,19.84,23.07,16.7944,80.07247,KRSNWDP_2026-01-11T10:00:00+0000_15.6108
KRSNWDP,Krishna at Wadenepally,Krishna,2026-01-11 11:00:00+00:00,15.64592357352736,NORMAL,18.45,19.84,23.07,16.7944,80.07247,KRSNWDP_2026-01-11T11:00:00+0000_15.6459
KRSNWDP,Krishna at Wadenepally,Krishna,2026-01-11 12:00:00+00:00,15.608432773077256,NORMAL,18.45,19.84,23.07,16.7944,80.07247,KRSNWDP_2026-01-11T12:00:00+0000_15.6084
KRSNWDP,Krishna at Wadenepally,Krishna,2026-01-11 13:00:00+00:00,15.671972388097137,NORMAL,18.45,19.84,23.07,16.7944,80.07247,KRSNWDP_2026-01-11T13:00:00+0000_15.6720
KRSNWDP,Krishna at Wadenepally,Krishna,2026-01-11 14:00:00+00:00,15.63329654952977,NORMAL,18.45,19.84,23.07,16.7944,80.07247,KRSNWDP_2026-01-11T14:00:00+0000_15.6333
KRSNWDP,Krishna at Wadenepally,Krishna,2026-01-11 15:00:00+00:00,15.739605436656392,NORMAL,18.45,19.84,23.07,16.7944,80.07247,KRSNWDP_2026-01-11T15:00:00+0000_15.7396
KRSNWDP,Krishna at Wadenepally,Krishna,2026-01-11 16:00:00+00:00,15.757094907499532,NORMAL,18.45,19.84,23.07,16.7944,80.07247,KRSNWDP_2026-01-11T16:00:00+0000_15.7571
KRSNWDP,Krishna at Wadenepally,Krishna,2026-01-11 17:00:00+00:00,15.837034613490411,NORMAL,18.45,19.84,23.07,16.7944,80.07247,KRSNWDP_2026-01-11T17:00:00+0000_15.8370
KRSNWDP,Krishna at Wadenepally,Krishna,2026-01-11 18:00:00+00:00,15.845357422959545,NORMAL,18.45,19.84,23.07,16.7944,80.07247,KRSNWDP_2026-01-11T18:00:00+0000_15.8454
KRSNWDP,Krishna at Wadenepally,Krishna,2026-01-11 19:00:00+00:00,15.948017773478162,NORMAL,18.45,19.84,23.07,16.7944,80.07247,KRSNWDP_2026-01-11T19:00:00+0000_15.9480
KRSNWDP,Krishna at Wadenepally,Krishna,2026-01-11 20:00:00+00:00,15.91450655063922,NORMAL,18.45,19.84,23.07,16.7944,80.07247,KRSNWDP_2026-01-11T20:00:00+0000_15.9145
KRSNWDP,Krishna at Wadenepally,Krishna,2026-01-11 21:00:00+00:00,15.98267137721242,NORMAL,18.45,19.84,23.07,16.7944,80.07247,KRSNWDP_2026-01-11T21:00:00+0000_15.9827
KRSNWDP,Krishna at Wadenepally,Krishna,2026-01-11 22:00:00+00:00,16.025508522279075,NORMAL,18.45,19.84,23.07,16.7944,80.07247,KRSNWDP_2026-01-11T22:00:00+0000_16.0255
KRSNWDP,Krishna at Wadenepally,Krishna,2026-01-11 23:00:00+00:00,16.039361672126155,NORMAL,18.45,19.84,23.07,16.7944,80.07247,KRSNWDP_2026-01-11T23:00:00+0000_16.0394
KRSNWDP,Krishna at Wadenepally,Krishna,2026-01-12 00:00:00+00:00,16.046345085418977,NORMAL,18.45,19.84,23.07,16.7944,80.07247,KRSNWDP_2026-01-12T00:00:00+0000_16.0463
KRSNWDP,Krishna at Wadenepally,Krishna,2026-01-12 01:00:00+00:00,16.04829581023161,NORMAL,18.45,19.84,23.07,16.7944,80.07247,KRSNWDP_2026-01-12T01:00:00+0000_16.0483
KRSNWDP,Krishna at Wadenepally,Krishna,2026-01-12 02:00:00+00:00,15.99869148872711,NORMAL,18.45,19.84,23.07,16.7944,80.07247,KRSNWDP_2026-01-12T02:00:00+0000_15.9987
KRSNWDP,Krishna at Wadenepally,Krishna,2026-01-12 03:00:00+00:00,15.898316550976125,NORMAL,18.45,19.84,23.07,16.7944,80.07247,KRSNWDP_2026-01-12T03:00:00+0000_15.8983
KRSNWDP,Krishna at Wadenepally,Krishna,2026-01-12 04:00:00+00:00,15.870522777095642,NORMAL,18.45,19.84,23.07,16.7944,80.07247,KRSNWDP_2026-01-12T04:00:00+0000_15.8705
KRSNWDP,Krishna at Wadenepally,Krishna,2026-01-12 05:00:00+00:00,15.810665505124769,NORMAL,18.45,19.84,23.07,16.7944,80.07247,KRSNWDP_2026-01-12T05:00:00+0000_15.8107
KRSNWDP,Krishna at Wadenepally,Krishna,2026-01-12 06:00:00+00:00,15.766951137740492,NORMAL,18.45,19.84,23.07,16.7944,80.07247,KRSNWDP_2026-01-12T06:00:00+0000_15.7670
KRSNWDP,Krishna at Wadenepally,Krishna,2026-01-12 07:00:00+00:00,15.772555253301134,NORMAL,18.45,19.84,23.07,16.7944,80.07247,KRSNWDP_2026-01-12T07:00:00+0000_15.7726
KRSNWDP,Krishna at Wadenepally,Krishna,2026-01-12 08:00:00+00:00,15.714012686871545,NORMAL,18.45,19.84,23.07,16.7944,80.07247,KRSNWDP_2026-01-12T08:00:00+0000_15.7140
KRSNWDP,Krishna at Wadenepally,Krishna,2026-01-12 09:00:00+00:00,15.672355117348951,NORMAL,18.45,19.84,23.07,16.7944,80.07247,KRSNWDP_2026-01-12T09:00:00+0000_15.6724
KRSNWDP,Krishna at Wadenepally,Krishna,2026-01-12 10:00:00+00:00,,,18.45,19.84,23.07,16.7944,80.07247,KRSNWDP_2026-01-12T10:00:00+0000_
KRSNWDP,Krishna at Wadenepally,Krishna,2026-01-12 11:00:00+00:00,15.660815805252447,NORMAL,18.45,19.84,23.07,16.7944,80.07247,KRSNWDP_2026-01-12T11:00:00+0000_15.6608
KRSNWDP,Krishna at Wadenepally,Krishna,2026-01-12 12:00:00+00:00,15.625071680243034,NORMAL,18.45,19.84,23.07,16.7944,80.07247,KRSNWDP_2026-01-12T12:00:00+0000_15.6251
KRSNWDP,Krishna at Wadenepally,Krishna,2026-01-12 13:00:00+00:00,15.672026288861096,NORMAL,18.45,19.84,23.07,16.7944,80.07247,KRSNWDP_2026-01-12T13:00:00+0000_15.6720
KRSNWDP,Krishna at Wadenepally,Krishna,2026-01-12 14:00:00+00:00,15.723812755008428,NORMAL,18.45,19.84,23.07,16.7944,80.07247,KRSNWDP_2026-01-12T14:00:00+0000_15.7238
KRSNWDP,Krishna at Wadenepally,Krishna,2026-01-12 15:00:00+00:00,15.716190996480826,NORMAL,18.45,19.84,23.07,16.7944,80.07247,KRSNWDP_2026-01-12T15:00:00+0000_15.7162
KRSNWDP,Krishna at Wadenepally,Krishna,2026-01-12 16:00:00+00:00,15.78129399560107,NORMAL,18.45,19.84,23.07,16.7944,80.07247,KRSNWDP_2026-01-12T16:00:00+0000_15.7813
KRSNWDP,Krishna at Wadenepally,Krishna,2026-01-12 17:00:00+00:00,15.781907836720196,NORMAL,18.45,19.84,23.07,16.7944,80.07247,KRSNWDP_2026-01-12T17:00:00+0000_15.7819
KRSNWDP,Krishna at Wadenepally,Krishna,2026-01-12 18:00:00+00:00,15.90919117518067,NORMAL,18.45,19.84,23.07,16.7944,80.07247,KRSNWDP_2026-01-12T18:00:00+0000_15.9092
KRSNWDP,Krishna at Wadenepally,Krishna,2026-01-12 19:00:00+00:00,15.91736860956932,NORMAL,18.45,19.84,23.07,16.7944,80.07247,KRSNWDP_2026-01-12T19:00:00+0000_15.9174
KRSNWDP,Krishna at Wadenepally,Krishna,2026-01-12 20:00:00+00:00,15.944802927727675,NORMAL,18.45,19.84,23.07,16.7944,80.07247,KRSNWDP_2026-01-12T20:00:00+0000_15.9448
KRSNWDP,Krishna at Wadenepally,Krishna,2026-01-12 21:00:00+00:00,15.943590904887142,NORMAL,18.45,19.84,23.07,16.7944,80.07247,KRSNWDP_2026-01-12T21:00:00+0000_15.9436
KRSNWDP,Krishna at Wadenepally,Krishna,2026-01-12 22:00:00+00:00,16.048146055284967,NORMAL,18.45,19.84,23.07,16.7944,80.07247,KRSNWDP_2026-01-12T22:00:00+0000_16.0481
KRSNWDP,Krishna at Wadenepally,Krishna,2026-01-12 23:00:00+00:00,16.04733043136828,NORMAL,18.45,19.84,23.07,16.7944,80.07247,KRSNWDP_2026-01-12T23:00:00+0000_16.0473
KRSNWDP,Krishna at Wadenepally,Krishna,2026-01-13 00:00:00+00:00,16.01572372934962,NORMAL,18.45,19.84,23.07,16.7944,80.07247,KRSNWDP_2026-01-13T00:00:00+0000_16.0157
KRSNWDP,Krishna at Wadenepally,Krishna,2026-01-13 01:00:00+00:00,16.02955294970518,NORMAL,18.45,19.84,23.07,16.7944,80.07247,KRSNWDP_2026-01-13T01:00:00+0000_16.0296
KRSNWDP,Krishna at Wadenepally,Krishna,2026-01-13 02:00:00+00:00,16.02595741574478,NORMAL,18.45,19.84,23.07,16.7944,80.07247,KRSNWDP_2026-01-13T02:00:00+0000_16.0260
KRSNWDP,Krishna at Wadenepally,Krishna,2026-01-13 03:00:00+00:00,15.910059745879334,NORMAL,18.45,19.84,23.07,16.7944,80.07247,KRSNWDP_2026-01-13T03:00:00+0000_15.9101
KRSNWDP,Krishna at Wadenepally,Krishna,2026-01-13 04:00:00+00:00,15.86452547513792,NORMAL,18.45,19.84,23.07,16.7944,80.07247,KRSNWDP_2026-01-13T04:00:00+0000_15.8645
KRSNWDP,Krishna at Wadenepally,Krishna,2026-01-13 05:00:00+00:00,15.841293232883238,NORMAL,18.45,19.84,23.07,16.7944,80.07247,KRSNWDP_2026-01-13T05:00:00+0000_15.8413
KRSNWDP,Krishna at Wadenepally,Krishna,2026-01-13 06:00:00+00:00,15.815158984546764,NORMAL,18.45,19.84,23.07,16.7944,80.07247,KRSNWDP_2026-01-13T06:00:00+0000_15.8152
KRSNWDP,Krishna at Wadenepally,Krishna,2026-01-13 07:00:00+00:00,15.802379009732247,NORMAL,18.45,19.84,23.07,16.7944,80.07247,KRSNWDP_2026-01-13T07:00:00+0000_15.8024
KRSNWDP,Krishna at Wadenepally,Krishna,2026-01-13 08:00:00+00:00,15.742086838457936,NORMAL,18.45,19.84,23.07,16.7944,80.07247,KRSNWDP_2026-01-13T08:00:00+0000_15.7421
KRSNWDP,Krishna at Wadenepally,Krishna,2026-01-13 09:00:00+00:00,15.72042289557475,NORMAL,18.45,19.84,23.07,16.7944,80.07247,KRSNWDP_2026-01-13T09:00:00+0000_15.7204
KRSNWDP,Krishna at Wadenepally,Krishna,2026-01-13 10:00:00+00:00,15.63501759558071,NORMAL,18.45,19.84,23.07,16.7944,80.07247,KRSNWDP_2026-01-13T10:00:00+0000_15.6350
KRSNWDP,Krishna at Wadenepally,Krishna,2026-01-13 11:00:00+00:00,15.615860787562951,NORMAL,18.45,19.84,23.07,16.7944,80.07247,KRSNWDP_2026-01-13T11:00:00+0000_15.6159
KRSNWDP,Krishna at Wadenepally,Krishna,2026-01-13 12:00:00+00:00,15.653902655303677,NORMAL,18.45,19.84,23.07,16.7944,80.07247,KRSNWDP_2026-01-13T12:00:00+0000_15.6539
KRSNWDP,Krishna at Wadenepally,Krishna,2026-01-13 13:00:00+00:00,15.64968901238809,NORMAL,18.45,19.84,23.07,16.7944,80.07247,KRSNWDP_2026-01-13T13:00:00+0000_15.6497
KRSNWDP,Krishna at Wadenepally,Krishna,2026-01-13 14:00:00+00:00,15.70986868559705,NORMAL,18.45,19.84,23.07,16.7944,80.07247,KRSNWDP_2026-01-13T14:00:00+0000_15.7099
KRSNWDP,Krishna at Wadenepally,Krishna,2026-01-13 15:00:00+00:00,15.695594260724274,NORMAL,18.45,19.84,23.07,16.7944,80.07247,KRSNWDP_2026-01-13T15:00:00+0000_15.6956
KRSNWDP,Krishna at Wadenepally,Krishna,2026-01-13 16:00:00+00:00,15.73620139260769,NORMAL,18.45,19.84,23.07,16.7944,80.07247,KRSNWDP_2026-01-13T16:00:00+0000_15.7362
KRSNWDP,Krishna at Wadenepally,Krishna,2026-01-13 17:00:00+00:00,15.79216035993034,NORMAL,18.45,19.84,23.07,16.7944,80.07247,KRSNWDP_2026-01-13T17:00:00+0000_15.7922
KRSNWDP,Krishna at Wadenepally,Krishna,2026-01-13 18:00:00+00:00,15.81247868279758,NORMAL,18.45,19.84,23.07,16.7944,80.07247,KRSNWDP_2026-01-13T18:00:00+0000_15.8125
KRSNWDP,Krishna at Wadenepally,Krishna,2026-01-13 19:00:00+00:00,15.937121115639137,NORMAL,18.45,19.84,23.07,16.7944,80.07247,KRSNWDP_2026-01-13T19:00:00+0000_15.9371
KRSNWDP,Krishna at Wadenepally,Krishna,2026-01-13 20:00:00+00:00,15.909660660565418,NORMAL,18.45,19.84,23.07,16.7944,80.07247,KRSNWDP_2026-01-13T20:00:00+0000_15.9097
KRSNWDP,Krishna at Wadenepally,Krishna,2026-01-13 21:00:00+00:00,15.971463883004644,NORMAL,18.45,19.84,23.07,16.7944,80.07247,KRSNWDP_2026-01-13T21:00:00+0000_15.9715
KRSNWDP,Krishna at Wadenepally,Krishna,2026-01-13 22:00:00+00:00,15.962006138244917,NORMAL,18.45,19.84,23.07,16.7944,80.07247,KRSNWDP_2026-01-13T22:00:00+0000_15.9620
KRSNWDP,Krishna at Wadenepally,Krishna,2026-01-13 23:00:00+00:00,16.046941250728498,NORMAL,18.45,19.84,23.07,16.7944,80.07247,KRSNWDP_2026-01-13T23:00:00+0000_16.0469
KRSNWDP,Krishna at Wadenepally,Krishna,2026-01-14 00:00:00+00:00,16.033652430203976,NORMAL,18.45,19.84,23.07,16.7944,80.07247,KRSNWDP_2026-01-14T00:00:00+0000_16.0337
KRSNWDP,Krishna at Wadenepally,Krishna,2026-01-14 01:00:00+00:00,15.99140805286024,NORMAL,18.45,19.84,23.07,16.7944,80.07247,KRSNWDP_2026-01-14T01:00:00+0000_15.9914
KRSNWDP,Krishna at Wadenepally,Krishna,2026-01-14 02:00:00+00:00,16.025968208338238,NORMAL,18.45,19.84,23.07,16.7944,80.07247,KRSNWDP_2026-01-14T02:00:00+0000_16.0260
KRSNWDP,Krishna at Wadenepally,Krishna,2026-01-14 03:00:00+00:00,15.91638299030176,NORMAL,18.45,19.84,23.07,16.7944,80.07247,KRSNWDP_2026-01-14T03:00:00+0000_15.9164
KRSNWDP,Krishna at Wadenepally,Krishna,2026-01-14 04:00:00+00:00,15.859187102834834,NORMAL,18.45,19.84,23.07,16.7944,80.07247,KRSNWDP_2026-01-14T04:00:00+0000_15.8592
KRSNWDP,Krishna at Wadenepally,Krishna,2026-01-14 05:00:00+00:00,15.834201823325442,NORMAL,18.45,19.84,23.07,16.7944,80.07247,KRSNWDP_2026-01-14T05:00:00+0000_15.8342
KRSNWDP,Krishna at Wadenepally,Krishna,2026-01-14 06:00:00+00:00,15.81492242179054,NORMAL,18.45,19.84,23.07,16.7944,80.07247,KRSNWDP_2026-01-14T06:00:00+0000_15.8149
KRSNWDP,Krishna at Wadenepally,Krishna,2026-01-14 07:00:00+00:00,15.764156904377268,NORMAL,18.45,19.84,23.07,16.7944,80.07247,KRSNWDP_2026-01-14T07:00:00+0000_15.7642
KRSNWDP,Krishna at Wadenepally,Krishna,2026-01-14 08:00:00+00:00,15.766035441068617,NORMAL,18.45,19.84,23.07,16.7944,80.07247,KRSNWDP_2026-01-14T08:00:00+0000_15.7660
KRSNWDP,Krishna at Wadenepally,Krishna,2026-01-14 09:00:00+00:00,15.69712658981764,NORMAL,18.45,19.84,23.07,16.7944,80.07247,KRSNWDP_2026-01-14T09:00:00+0000_15.6971
KRSNWDP,Krishna at Wadenepally,Krishna,2026-01-14 10:00:00+00:00,15.60838706223926,NORMAL,18.45,19.84,23.07,16.7944,80.07247,KRSNWDP_2026-01-14T10:00:00+0000_15.6084
KRSNWDP,Krishna at Wadenepally,Krishna,2026-01-14 11:00:00+00:00,15.611460532463914,NORMAL,18.45,19.84,23.07,16.7944,80.07247,KRSNWDP_2026-01-14T11:00:00+0000_15.6115
KRSNWDP,Krishna at Wadenepally,Krishna,2026-01-14 12:00:00+00:00,15.641102677592183,NORMAL,18.45,19.84,23.07,16.7944,80.07247,KRSNWDP_2026-01-14T12:00:00+0000_15.6411
KRSNWDP,Krishna at Wadenepally,Krishna,2026-01-14 13:00:00+00:00,15.625785266386483,NORMAL,18.45,19.84,23.07,16.7944,80.07247,KRSNWDP_2026-01-14T13:00:00+0000_15.6258
KRSNWDP,Krishna at Wadenepally,Krishna,2026-01-14 14:00:00+00:00,15.661623705954728,NORMAL,18.45,19.84,23.07,16.7944,80.07247,KRSNWDP_2026-01-14T14:00:00+0000_15.6616
KRSNWDP,Krishna at Wadenepally,Krishna,2026-01-14 15:00:00+00:00,15.742144667425151,NORMAL,18.45,19.84,23.07,16.7944,80.07247,KRSNWDP_2026-01-14T15:00:00+0000_15.7421
KRSNWDP,Krishna at Wadenepally,Krishna,2026-01-14 16:00:00+00:00,15.72918807424285,NORMAL,18.45,19.84,23.07,16.7944,80.07247,KRSNWDP_2026-01-14T16:00:00+0000_15.7292
KRSNWDP,Krishna at Wadenepally,Krishna,2026-01-14 17:00:00+00:00,15.765623253171258,NORMAL,18.45,19.84,23.07,16.7944,80.07247,KRSNWDP_2026-01-14T17:00:00+0000_15.7656
KRSNWDP,Krishna at Wadenepally,Krishna,2026-01-14 18:00:00+00:00,15.893395973479889,NORMAL,18.45,19.84,23.07,16.7944,80.07247,KRSNWDP_2026-01-14T18:00:00+0000_15.8934
KRSNWDP,Krishna at Wadenepally,Krishna,2026-01-14 19:00:00+00:00,15.93680921488921,NORMAL,18.45,19.84,23.07,16.7944,80.07247,KRSNWDP_2026-01-14T19:00:00+0000_15.9368
KRSNWDP,Krishna at Wadenepally,Krishna,2026-01-14 20:00:00+00:00,15.96287923998828,NORMAL,18.45,19.84,23.07,16.7944,80.07247,KRSNWDP_2026-01-14T20:00:00+0000_15.9629
KRSNWDP,Krishna at Wadenepally,Krishna,2026-01-14 21:00:00+00:00,16.03206385325522,NORMAL,18.45,19.84,23.07,16.7944,80.07247,KRSNWDP_2026-01-14T21:00:00+0000_16.0321
KRSNWDP,Krishna at Wadenepally,Krishna,2026-01-14 22:00:00+00:00,15.989545111039067,NORMAL,18.45,19.84,23.07,16.7944,80.07247,KRSNWDP_2026-01-14T22:00:00+0000_15.9895
KRSNWDP,Krishna at Wadenepally,Krishna,2026-01-14 23:00:00+00:00,16.04965736840472,NORMAL,18.45,19.84,23.07,16.7944,80.07247,KRSNWDP_2026-01-14T23:00:00+0000_16.0497
KRSNWDP,Krishna at Wadenepally,Krishna,2026-01-15 00:00:00+00:00,16.046255090664364,NORMAL,18.45,19.84,23.07,16.7944,80.07247,KRSNWDP_2026-01-15T00:00:00+0000_16.0463
KRSNWDP,Krishna at Wadenepally,Krishna,2026-01-15 01:00:00+00:00,16.007788878716788,NORMAL,18.45,19.84,23.07,16.7944,80.07247,KRSNWDP_2026-01-15T01:00:00+0000_16.0078
KRSNWDP,Krishna at Wadenepally,Krishna,2026-01-15 02:00:00+00:00,16.005125694952895,NORMAL,18.45,19.84,23.07,16.7944,80.07247,KRSNWDP_2026-01-15T02:00:00+0000_16.0051
KRSNWDP,Krishna at Wadenepally,Krishna,2026-01-15 03:00:00+00:00,15.916830682902038,NORMAL,18.45,19.84,23.07,16.7944,80.07247,KRSNWDP_2026-01-15T03:00:00+0000_15.9168
KRSNWDP,Krishna at Wadenepally,Krishna,2026-01-15 04:00:00+00:00,15.86726713055958,NORMAL,18.45,19.84,23.07,16.7944,80.07247,KRSNWDP_2026-01-15T04:00:00+0000_15.8673
KRSNWDP,Krishna at Wadenepally,Krishna,2026-01-15 05:00:00+00:00,15.839497371739307,NORMAL,18.45,19.84,23.07,16.7944,80.07247,KRSNWDP_2026-01-15T05:00:00+0000_15.8395
KRSNWDP,Krishna at Wadenepally,Krishna,2026-01-15 06:00:00+00:00,15.831763486963986,NORMAL,18.45,19.84,23.07,16.7944,80.07247,KRSNWDP_2026-01-15T06:00:00+0000_15.8318
KRSNWDP,Krishna at Wadenepally,Krishna,2026-01-15 07:00:00+00:00,15.718512260712506,NORMAL,18.45,19.84,23.07,16.7944,80.07247,KRSNWDP_2026-01-15T07:00:00+0000_15.7185
KRSNWDP,Krishna at Wadenepally,Krishna,2026-01-15 08:00:00+00:00,15.669072103187103,NORMAL,18.45,19.84,23.07,16.7944,80.07247,KRSNWDP_2026-01-15T08:00:00+0000_15.6691
KRSNWDP,Krishna at Wadenepally,Krishna,2026-01-15 09:00:00+00:00,15.672036290489784,NORMAL,18.45,19.84,23.07,16.7944,80.07247,KRSNWDP_2026-01-15T09:00:00+0000_15.6720
KRSNWDP,Krishna at Wadenepally,Krishna,2026-01-15 10:00:00+00:00,15.61523370379271,NORMAL,18.45,19.84,23.07,16.7944,80.07247,KRSNWDP_2026-01-15T10:00:00+0000_15.6152
KRSNWDP,Krishna at Wadenepally,Krishna,2026-01-15 11:00:00+00:00,15.62808090753412,NORMAL,18.45,19.84,23.07,16.7944,80.07247,KRSNWDP_2026-01-15T11:00:00+0000_15.6281
KRSNWDP,Krishna at Wadenepally,Krishna,2026-01-15 12:00:00+00:00,15.666359179679043,NORMAL,18.45,19.84,23.07,16.7944,80.07247,KRSNWDP_2026-01-15T12:00:00+0000_15.6664
KRSNWDP,Krishna at Wadenepally,Krishna,2026-01-15 13:00:00+00:00,15.656841308204418,NORMAL,18.45,19.84,23.07,16.7944,80.07247,KRSNWDP_2026-01-15T13:00:00+0000_15.6568
KRSNWDP,Krishna at Wadenepally,Krishna,2026-01-15 14:00:00+00:00,15.65608429430919,NORMAL,18.45,19.84,23.07,16.7944,80.07247,KRSNWDP_2026-01-15T14:00:00+0000_15.6561
KRSNWDP,Krishna at Wadenepally,Krishna,2026-01-15 15:00:00+00:00,15.689689629417629,NORMAL,18.45,19.84,23.07,16.7944,80.07247,KRSNWDP_2026-01-15T15:00:00+0000_15.6897
KRSNWDP,Krishna at Wadenepally,Krishna,2026-01-15 16:00:00+00:00,15.726831289513672,NORMAL,18.45,19.84,23.07,16.7944,80.07247,KRSNWDP_2026-01-15T16:00:00+0000_15.7268
KRSNWDP,Krishna at Wadenepally,Krishna,2026-01-15 17:00:00+00:00,15.832968131411848,NORMAL,18.45,19.84,23.07,16.7944,80.07247,KRSNWDP_2026-01-15T17:00:00+0000_15.8330
KRSNWDP,Krishna at Wadenepally,Krishna,2026-01-15 18:00:00+00:00,15.878177000580878,NORMAL,18.45,19.84,23.07,16.7944,80.07247,KRSNWDP_2026-01-15T18:00:00+0000_15.8782
KRSNWDP,Krishna at Wadenepally,Krishna,2026-01-15 19:00:00+00:00,15.935982151993905,NORMAL,18.45,19.84,23.07,16.7944,80.07247,KRSNWDP_2026-01-15T19:00:00+0000_15.9360
KRSNWDP,Krishna at Wadenepally,Krishna,2026-01-15 20:00:00+00:00,15.946591821033463,NORMAL,18.45,19.84,23.07,16.7944,80.07247,KRSNWDP_2026-01-15T20:00:00+0000_15.9466
KRSNWDP,Krishna at Wadenepally,Krishna,2026-01-15 21:00:00+00:00,16.039764925866507,NORMAL,18.45,19.84,23.07,16.7944,80.07247,KRSNWDP_2026-01-15T21:00:00+0000_16.0398
KRSNWDP,Krishna at Wadenepally,Krishna,2026-01-15 22:00:00+00:00,15.992043598130794,NORMAL,18.45,19.84,23.07,16.7944,80.07247,KRSNWDP_2026-01-15T22:00:00+0000_15.9920
KRSNWDP,Krishna at Wadenepally,Krishna,2026-01-15 23:00:00+00:00,16.019805026687973,NORMAL,18.45,19.84,23.07,16.7944,80.07247,KRSNWDP_2026-01-15T23:00:00+0000_16.0198
KRSNWDP,Krishna at Wadenepally,Krishna,2026-01-16 00:00:00+00:00,16.073843450041025,NORMAL,18.45,19.84,23.07,16.7944,80.07247,KRSNWDP_2026-01-16T00:00:00+0000_16.0738
KRSNWDP,Krishna at Wadenepally,Krishna,2026-01-16 01:00:00+00:00,16.043799657893178,NORMAL,18.45,19.84,23.07,16.7944,80.07247,KRSNWDP_2026-01-16T01:00:00+0000_16.0438
KRSNWDP,Krishna at Wadenepally,Krishna,2026-01-16 02:00:00+00:00,15.983332440962927,NORMAL,18.45,19.84,23.07,16.7944,80.07247,KRSNWDP_2026-01-16T02:00:00+0000_15.9833
KRSNWDP,Krishna at Wadenepally,Krishna,2026-01-16 03:00:00+00:00,15.905813647026642,NORMAL,18.45,19.84,23.07,16.7944,80.07247,KRSNWDP_2026-01-16T03:00:00+0000_15.9058
KRSNWDP,Krishna at Wadenepally,Krishna,2026-01-16 04:00:00+00:00,15.89990080712306,NORMAL,18.45,19.84,23.07,16.7944,80.07247,KRSNWDP_2026-01-16T04:00:00+0000_15.8999
KRSNWDP,Krishna at Wadenepally,Krishna,2026-01-16 05:00:00+00:00,15.867360227509648,NORMAL,18.45,19.84,23.07,16.7944,80.07247,KRSNWDP_2026-01-16T05:00:00+0000_15.8674
KRSNWDP,Krishna at Wadenepally,Krishna,2026-01-16 06:00:00+00:00,15.82393525946443,NORMAL,18.45,19.84,23.07,16.7944,80.07247,KRSNWDP_2026-01-16T06:00:00+0000_15.8239
KRSNWDP,Krishna at Wadenepally,Krishna,2026-01-16 07:00:00+00:00,15.793921593191238,NORMAL,18.45,19.84,23.07,16.7944,80.07247,KRSNWDP_2026-01-16T07:00:00+0000_15.7939
KRSNWDP,Krishna at Wadenepally,Krishna,2026-01-16 08:00:00+00:00,15.748715210517982,NORMAL,18.45,19.84,23.07,16.7944,80.07247,KRSNWDP_2026-01-16T08:00:00+0000_15.7487
KRSNWDP,Krishna at Wadenepally,Krishna,2026-01-16 09:00:00+00:00,15.661373010768598,NORMAL,18.45,19.84,23.07,16.7944,80.07247,KRSNWDP_2026-01-16T09:00:00+0000_15.6614
KRSNWDP,Krishna at Wadenepally,Krishna,2026-01-16 10:00:00+00:00,15.637156541232104,NORMAL,18.45,19.84,23.07,16.7944,80.07247,KRSNWDP_2026-01-16T10:00:00+0000_15.6372
KRSNWDP,Krishna at Wadenepally,Krishna,2026-01-16 11:00:00+00:00,15.631372527557396,NORMAL,18.45,19.84,23.07,16.7944,80.07247,KRSNWDP_2026-01-16T11:00:00+0000_15.6314
KRSNWDP,Krishna at Wadenepally,Krishna,2026-01-16 12:00:00+00:00,15.64597260399112,NORMAL,18.45,19.84,23.07,16.7944,80.07247,KRSNWDP_2026-01-16T12:00:00+0000_15.6460
KRSNWDP,Krishna at Wadenepally,Krishna,2026-01-16 13:00:00+00:00,15.69027055921185,NORMAL,18.45,19.84,23.07,16.7944,80.07247,KRSNWDP_2026-01-16T13:00:00+0000_15.6903
KRSNWDP,Krishna at Wadenepally,Krishna,2026-01-16 14:00:00+00:00,15.6617877537113,NORMAL,18.45,19.84,23.07,16.7944,80.07247,KRSNWDP_2026-01-16T14:00:00+0000_15.6618
KRSNWDP,Krishna at Wadenepally,Krishna,2026-01-16 15:00:00+00:00,15.685339702044017,NORMAL,18.45,19.84,23.07,16.7944,80.07247,KRSNWDP_2026-01-16T15:00:00+0000_15.6853
KRSNWDP,Krishna at Wadenepally,Krishna,2026-01-16 16:00:00+00:00,15.724896794935075,NORMAL,18.45,19.84,23.07,16.7944,80.07247,KRSNWDP_2026-01-16T16:00:00+0000_15.7249
KRSNWDP,Krishna at Wadenepally,Krishna,2026-01-16 17:00:00+00:00,15.841463377916178,NORMAL,18.45,19.84,23.07,16.7944,80.07247,KRSNWDP_2026-01-16T17:00:00+0000_15.8415
KRSNWDP,Krishna at Wadenepally,Krishna,2026-01-16 18:00:00+00:00,15.895940662151592,NORMAL,18.45,19.84,23.07,16.7944,80.07247,KRSNWDP_2026-01-16T18:00:00+0000_15.8959
KRSNWDP,Krishna at Wadenepally,Krishna,2026-01-16 19:00:00+00:00,15.868037700269651,NORMAL,18.45,19.84,23.07,16.7944,80.07247,KRSNWDP_2026-01-16T19:00:00+0000_15.8680
KRSNWDP,Krishna at Wadenepally,Krishna,2026-01-16 20:00:00+00:00,15.980937300601946,NORMAL,18.45,19.84,23.07,16.7944,80.07247,KRSNWDP_2026-01-16T20:00:00+0000_15.9809
KRSNWDP,Krishna at Wadenepally,Krishna,2026-01-16 21:00:00+00:00,16.03960991828249,NORMAL,18.45,19.84,23.07,16.7944,80.07247,KRSNWDP_2026-01-16T21:00:00+0000_16.0396
KRSNWDP,Krishna at Wadenepally,Krishna,2026-01-16 22:00:00+00:00,15.980026834922713,NORMAL,18.45,19.84,23.07,16.7944,80.07247,KRSNWDP_2026-01-16T22:00:00+0000_15.9800
KRSNWDP,Krishna at Wadenepally,Krishna,2026-01-16 23:00:00+00:00,17.006531095181174,NORMAL,18.45,19.84,23.07,16.7944,80.07247,KRSNWDP_2026-01-16T23:00:00+0000_17.0065
KRSNWDP,Krishna at Wadenepally,Krishna,2026-01-17 00:00:00+00:00,16.009902222137573,NORMAL,18.45,19.84,23.07,16.7944,80.07247,KRSNWDP_2026-01-17T00:00:00+0000_16.0099
KRSNWDP,Krishna at Wadenepally,Krishna,2026-01-17 01:00:00+00:00,16.01297430665022,NORMAL,18.45,19.84,23.07,16.7944,80.07247,KRSNWDP_2026-01-17T01:00:00+0000_16.0130
KRSNWDP,Krishna at Wadenepally,Krishna,2026-01-17 02:00:00+00:00,16.028068508337604,NORMAL,18.45,19.84,23.07,16.7944,80.07247,KRSNWDP_2026-01-17T02:00:00+0000_16.0281
KRSNWDP,Krishna at Wadenepally,Krishna,2026-01-17 03:00:00+00:00,15.969185058743951,NORMAL,18.45,19.84,23.07,16.7944,80.07247,KRSNWDP_2026-01-17T03:00:00+0000_15.9692
KRSNWDP,Krishna at Wadenepally,Krishna,2026-01-17 04:00:00+00:00,15.88603354615736,NORMAL,18.45,19.84,23.07,16.7944,80.07247,KRSNWDP_2026-01-17T04:00:00+0000_15.8860
KRSNWDP,Krishna at Wadenepally,Krishna,2026-01-17 05:00:00+00:00,,,18.45,19.84,23.07,16.7944,80.07247,KRSNWDP_2026-01-17T05:00:00+0000_
KRSNWDP,Krishna at Wadenepally,Krishna,2026-01-17 06:00:00+00:00,15.798393494850194,NORMAL,18.45,19.84,23.07,16.7944,80.07247,KRSNWDP_2026-01-17T06:00:00+0000_15.7984
KRSNWDP,Krishna at Wadenepally,Krishna,2026-01-17 07:00:00+00:00,15.816171652652155,NORMAL,18.45,19.84,23.07,16.7944,80.07247,KRSNWDP_2026-01-17T07:00:00+0000_15.8162
KRSNWDP,Krishna at Wadenepally,Krishna,2026-01-17 08:00:00+00:00,15.76236975140753,NORMAL,18.45,19.84,23.07,16.7944,80.07247,KRSNWDP_2026-01-17T08:00:00+0000_15.7624
KRSNWDP,Krishna at Wadenepally,Krishna,2026-01-17 09:00:00+00:00,15.696610031028138,NORMAL,18.45,19.84,23.07,16.7944,80.07247,KRSNWDP_2026-01-17T09:00:00+0000_15.6966
KRSNWDP,Krishna at Wadenepally,Krishna,2026-01-17 10:00:00+00:00,15.703602387890005,NORMAL,18.45,19.84,23.07,16.7944,80.07247,KRSNWDP_2026-01-17T10:00:00+0000_15.7036
KRSNWDP,Krishna at Wadenepally,Krishna,2026-01-17 11:00:00+00:00,15.641337734193163,NORMAL,18.45,19.84,23.07,16.7944,80.07247,KRSNWDP_2026-01-17T11:00:00+0000_15.6413
KRSNWDP,Krishna at Wadenepally,Krishna,2026-01-17 12:00:00+00:00,15.63042714695889,NORMAL,18.45,19.84,23.07,16.7944,80.07247,KRSNWDP_2026-01-17T12:00:00+0000_15.6304
KRSNWDP,Krishna at Wadenepally,Krishna,2026-01-17 13:00:00+00:00,15.692737473135148,NORMAL,18.45,19.84,23.07,16.7944,80.07247,KRSNWDP_2026-01-17T13:00:00+0000_15.6927
KRSNWDP,Krishna at Wadenepally,Krishna,2026-01-17 14:00:00+00:00,15.724046570934693,NORMAL,18.45,19.84,23.07,16.7944,80.07247,KRSNWDP_2026-01-17T14:00:00+0000_15.7240
KRSNWDP,Krishna at Wadenepally,Krishna,2026-01-17 15:00:00+00:00,15.72871167252295,NORMAL,18.45,19.84,23.07,16.7944,80.07247,KRSNWDP_2026-01-17T15:00:00+0000_15.7287
KRSNWDP,Krishna at Wadenepally,Krishna,2026-01-17 16:00:00+00:00,15.758728678682449,NORMAL,18.45,19.84,23.07,16.7944,80.07247,KRSNWDP_2026-01-17T16:00:00+0000_15.7587
KRSNWDP,Krishna at Wadenepally,Krishna,2026-01-17 17:00:00+00:00,15.779196720613028,NORMAL,18.45,19.84,23.07,16.7944,80.07247,KRSNWDP_2026-01-17T17:00:00+0000_15.7792
KRSNWDP,Krishna at Wadenepally,Krishna,2026-01-17 18:00:00+00:00,15.84529567106185,NORMAL,18.45,19.84,23.07,16.7944,80.07247,KRSNWDP_2026-01-17T18:00:00+0000_15.8453
KRSNWDP,Krishna at Wadenepally,Krishna,2026-01-17 19:00:00+00:00,15.916659056780174,NORMAL,18.45,19.84,23.07,16.7944,80.07247,KRSNWDP_2026-01-17T19:00:00+0000_15.9167
KRSNWDP,Krishna at Wadenepally,Krishna,2026-01-17 20:00:00+00:00,15.947220155097334,NORMAL,18.45,19.84,23.07,16.7944,80.07247,KRSNWDP_2026-01-17T20:00:00+0000_15.9472
KRSNWDP,Krishna at Wadenepally,Krishna,2026-01-17 21:00:00+00:00,15.997753162497238,NORMAL,18.45,19.84,23.07,16.7944,80.07247,KRSNWDP_2026-01-17T21:00:00+0000_15.9978
KRSNWDP,Krishna at Wadenepally,Krishna,2026-01-17 22:00:00+00:00,15.995028433920544,NORMAL,18.45,19.84,23.07,16.7944,80.07247,KRSNWDP_2026-01-17T22:00:00+0000_15.9950
KRSNWDP,Krishna at Wadenepally,Krishna,2026-01-17 23:00:00+00:00,16.061154891776535,NORMAL,18.45,19.84,23.07,16.7944,80.07247,KRSNWDP_2026-01-17T23:00:00+0000_16.0612
KRSNWDP,Krishna at Wadenepally,Krishna,2026-01-18 00:00:00+00:00,15.997208082770488,NORMAL,18.45,19.84,23.07,16.7944,80.07247,KRSNWDP_2026-01-18T00:00:00+0000_15.9972
KRSNWDP,Krishna at Wadenepally,Krishna,2026-01-18 01:00:00+00:00,15.992454769424828,NORMAL,18.45,19.84,23.07,16.7944,80.07247,KRSNWDP_2026-01-18T01:00:00+0000_15.9925
KRSNWDP,Krishna at Wadenepally,Krishna,2026-01-18 02:00:00+00:00,15.974512091995225,NORMAL,18.45,19.84,23.07,16.7944,80.07247,KRSNWDP_2026-01-18T02:00:00+0000_15.9745
KRSNWDP,Krishna at Wadenepally,Krishna,2026-01-18 03:00:00+00:00,15.93417744112561,NORMAL,18.45,19.84,23.07,16.7944,80.07247,KRSNWDP_2026-01-18T03:00:00+0000_15.9342
KRSNWDP,Krishna at Wadenepally,Krishna,2026-01-18 04:00:00+00:00,15.902323912064832,NORMAL,18.45,19.84,23.07,16.7944,80.07247,KRSNWDP_2026-01-18T04:00:00+0000_15.9023
KRSNWDP,Krishna at Wadenepally,Krishna,2026-01-18 05:00:00+00:00,15.84624972176043,NORMAL,18.45,19.84,23.07,16.7944,80.07247,KRSNWDP_2026-01-18T05:00:00+0000_15.8462
KRSNWDP,Krishna at Wadenepally,Krishna,2026-01-18 06:00:00+00:00,15.8008803683451,NORMAL,18.45,19.84,23.07,16.7944,80.07247,KRSNWDP_2026-01-18T06:00:00+0000_15.8009
KRSNWDP,Krishna at Wadenepally,Krishna,2026-01-18 07:00:00+00:00,15.745864620785271,NORMAL,18.45,19.84,23.07,16.7944,80.07247,KRSNWDP_2026-01-18T07:00:00+0000_15.7459
KRSNWDP,Krishna at Wadenepally,Krishna,2026-01-18 08:00:00+00:00,15.768014569689475,NORMAL,18.45,19.84,23.07,16.7944,80.07247,KRSNWDP_2026-01-18T08:00:00+0000_15.7680
KRSNWDP,Krishna at Wadenepally,Krishna,2026-01-18 09:00:00+00:00,15.646209540009416,NORMAL,18.45,19.84,23.07,16.7944,80.07247,KRSNWDP_2026-01-18T09:00:00+0000_15.6462
KRSNWDP,Krishna at Wadenepally,Krishna,2026-01-18 10:00:00+00:00,15.66357312281218,NORMAL,18.45,19.84,23.07,16.7944,80.07247,KRSNWDP_2026-01-18T10:00:00+0000_15.6636
KRSNWDP,Krishna at Wadenepally,Krishna,2026-01-18 11:00:00+00:00,15.675374994681109,NORMAL,18.45,19.84,23.07,16.7944,80.07247,KRSNWDP_2026-01-18T11:00:00+0000_15.6754
KRSNWDP,Krishna at Wadenepally,Krishna,2026-01-18 12:00:00+00:00,15.655468399269262,NORMAL,18.45,19.84,23.07,16.7944,80.07247,KRSNWDP_2026-01-18T12:00:00+0000_15.6555
KRSNWDP,Krishna at Wadenepally,Krishna,2026-01-18 13:00:00+00:00,15.677006407559547,NORMAL,18.45,19.84,23.07,16.7944,80.07247,KRSNWDP_2026-01-18T13:00:00+0000_15.6770
KRSNWDP,Krishna at Wadenepally,Krishna,2026-01-18 14:00:00+00:00,15.705019816717224,NORMAL,18.45,19.84,23.07,16.7944,80.07247,KRSNWDP_2026-01-18T14:00:00+0000_15.7050
KRSNWDP,Krishna at Wadenepally,Krishna,2026-01-18 15:00:00+00:00,15.757446668050113,NORMAL,18.45,19.84,23.07,16.7944,80.07247,KRSNWDP_2026-01-18T15:00:00+0000_15.7574
KRSNWDP,Krishna at Wadenepally,Krishna,2026-01-18 16:00:00+00:00,15.75820050376186,NORMAL,18.45,19.84,23.07,16.7944,80.07247,KRSNWDP_2026-01-18T16:00:00+0000_15.7582
KRSNWDP,Krishna at Wadenepally,Krishna,2026-01-18 17:00:00+00:00,15.845886463101523,NORMAL,18.45,19.84,23.07,16.7944,80.07247,KRSNWDP_2026-01-18T17:00:00+0000_15.8459
KRSNWDP,Krishna at Wadenepally,Krishna,2026-01-18 18:00:00+00:00,15.83171648783318,NORMAL,18.45,19.84,23.07,16.7944,80.07247,KRSNWDP_2026-01-18T18:00:00+0000_15.8317
KRSNWDP,Krishna at Wadenepally,Krishna,2026-01-18 19:00:00+00:00,,,18.45,19.84,23.07,16.7944,80.07247,KRSNWDP_2026-01-18T19:00:00+0000_
KRSNWDP,Krishna at Wadenepally,Krishna,2026-01-18 20:00:00+00:00,15.970051237549429,NORMAL,18.45,19.84,23.07,16.7944,80.07247,KRSNWDP_2026-01-18T20:00:00+0000_15.9701
KRSNWDP,Krishna at Wadenepally,Krishna,2026-01-18 21:00:00+00:00,15.97645601275152,NORMAL,18.45,19.84,23.07,16.7944,80.07247,KRSNWDP_2026-01-18T21:00:00+0000_15.9765
KRSNWDP,Krishna at Wadenepally,Krishna,2026-01-18 22:00:00+00:00,16.03839966794377,NORMAL,18.45,19.84,23.07,16.7944,80.07247,KRSNWDP_2026-01-18T22:00:00+0000_16.0384
KRSNWDP,Krishna at Wadenepally,Krishna,2026-01-18 23:00:00+00:00,16.06437151479013,NORMAL,18.45,19.84,23.07,16.7944,80.07247,KRSNWDP_2026-01-18T23:00:00+0000_16.0644
KRSNWDP,Krishna at Wadenepally,Krishna,2026-01-19 00:00:00+00:00,16.00805538314312,NORMAL,18.45,19.84,23.07,16.7944,80.07247,KRSNWDP_2026-01-19T00:00:00+0000_16.0081
KRSNWDP,Krishna at Wadenepally,Krishna,2026-01-19 01:00:00+00:00,16.002737441726325,NORMAL,18.45,19.84,23.07,16.7944,80.07247,KRSNWDP_2026-01-19T01:00:00+0000_16.0027
KRSNWDP,Krishna at Wadenepally,Krishna,2026-01-19 02:00:00+00:00,16.01825283673197,NORMAL,18.45,19.84,23.07,16.7944,80.07247,KRSNWDP_2026-01-19T02:00:00+0000_16.0183
KRSNWDP,Krishna at Wadenepally,Krishna,2026-01-19 03:00:00+00:00,15.961752094364186,NORMAL,18.45,19.84,23.07,16.7944,80.07247,KRSNWDP_2026-01-19T03:00:00+0000_15.9618
KRSNWDP,Krishna at Wadenepally,Krishna,2026-01-19 04:00:00+00:00,15.88219869849137,NORMAL,18.45,19.84,23.07,16.7944,80.07247,KRSNWDP_2026-01-19T04:00:00+0000_15.8822
KRSNWDP,Krishna at Wadenepally,Krishna,2026-01-19 05:00:00+00:00,15.82552624688229,NORMAL,18.45,19.84,23.07,16.7944,80.07247,KRSNWDP_2026-01-19T05:00:00+0000_15.8255
KRSNWDP,Krishna at Wadenepally,Krishna,2026-01-19 06:00:00+00:00,15.848745421260388,NORMAL,18.45,19.84,23.07,16.7944,80.07247,KRSNWDP_2026-01-19T06:00:00+0000_15.8487
KRSNWDP,Krishna at Wadenepally,Krishna,2026-01-19 07:00:00+00:00,15.74776321457584,NORMAL,18.45,19.84,23.07,16.7944,80.07247,KRSNWDP_2026-01-19T07:00:00+0000_15.7478
KRSNWDP,Krishna at Wadenepally,Krishna,2026-01-19 08:00:00+00:00,15.702469297574195,NORMAL,18.45,19.84,23.07,16.7944,80.07247,KRSNWDP_2026-01-19T08:00:00+0000_15.7025
KRSNWDP,Krishna at Wadenepally,Krishna,2026-01-19 09:00:00+00:00,15.716523883935336,NORMAL,18.45,19.84,23.07,16.7944,80.07247,KRSNWDP_2026-01-19T09:00:00+0000_15.7165
KRSNWDP,Krishna at Wadenepally,Krishna,2026-01-19 10:00:00+00:00,15.690073748247874,NORMAL,18.45,19.84,23.07,16.7944,80.07247,KRSNWDP_2026-01-19T10:00:00+0000_15.6901
KRSNWDP,Krishna at Wadenepally,Krishna,2026-01-19 11:00:00+00:00,15.619641736888587,NORMAL,18.45,19.84,23.07,16.7944,80.07247,KRSNWDP_2026-01-19T11:00:00+0000_15.6196
KRSNWDP,Krishna at Wadenepally,Krishna,2026-01-19 12:00:00+00:00,15.675766122674265,NORMAL,18.45,19.84,23.07,16.7944,80.07247,KRSNWDP_2026-01-19T12:00:00+0000_15.6758
KRSNWDP,Krishna at Wadenepally,Krishna,2026-01-19 13:00:00+00:00,15.709073152277336,NORMAL,18.45,19.84,23.07,16.7944,80.07247,KRSNWDP_2026-01-19T13:00:00+0000_15.7091
KRSNWDP,Krishna at Wadenepally,Krishna,2026-01-19 14:00:00+00:00,15.696060232140423,NORMAL,18.45,19.84,23.07,16.7944,80.07247,KRSNWDP_2026-01-19T14:00:00+0000_15.6961
KRSNWDP,Krishna at Wadenepally,Krishna,2026-01-19 15:00:00+00:00,15.741953449105504,NORMAL,18.45,19.84,23.07,16.7944,80.07247,KRSNWDP_2026-01-19T15:00:00+0000_15.7420
KRSNWDP,Krishna at Wadenepally,Krishna,2026-01-19 16:00:00+00:00,15.774927224011504,NORMAL,18.45,19.84,23.07,16.7944,80.07247,KRSNWDP_2026-01-19T16:00:00+0000_15.7749
KRSNWDP,Krishna at Wadenepally,Krishna,2026-01-19 17:00:00+00:00,15.867213492237692,NORMAL,18.45,19.84,23.07,16.7944,80.07247,KRSNWDP_2026-01-19T17:00:00+0000_15.8672
KRSNWDP,Krishna at Wadenepally,Krishna,2026-01-19 18:00:00+00:00,15.84854721755678,NORMAL,18.45,19.84,23.07,16.7944,80.07247,KRSNWDP_2026-01-19T18:00:00+0000_15.8485
KRSNWDP,Krishna at Wadenepally,Krishna,2026-01-19 19:00:00+00:00,15.892173674007523,NORMAL,18.45,19.84,23.07,16.7944,80.07247,KRSNWDP_2026-01-19T19:00:00+0000_15.8922
KRSNWDP,Krishna at Wadenepally,Krishna,2026-01-19 20:00:00+00:00,15.98320674018838,NORMAL,18.45,19.84,23.07,16.7944,80.07247,KRSNWDP_2026-01-19T20:00:00+0000_15.9832
KRSNWDP,Krishna at Wadenepally,Krishna,2026-01-19 21:00:00+00:00,16.038165806213353,NORMAL,18.45,19.84,23.07,16.7944,80.07247,KRSNWDP_2026-01-19T21:00:00+0000_16.0382
KRSNWDP,Krishna at Wadenepally,Krishna,2026-01-19 22:00:00+00:00,15.993406819345616,NORMAL,18.45,19.84,23.07,16.7944,80.07247,KRSNWDP_2026-01-19T22:00:00+0000_15.9934
KRSNWDP,Krishna at Wadenepally,Krishna,2026-01-19 23:00:00+00:00,16.008185844908624,NORMAL,18.45,19.84,23.07,16.7944,80.07247,KRSNWDP_2026-01-19T23:00:00+0000_16.0082
KRSNWDP,Krishna at Wadenepally,Krishna,2026-01-20 00:00:00+00:00,16.06645264412827,NORMAL,18.45,19.84,23.07,16.7944,80.07247,KRSNWDP_2026-01-20T00:00:00+0000_16.0665
KRSNWDP,Krishna at Wadenepally,Krishna,2026-01-20 01:00:00+00:00,16.04377338088087,NORMAL,18.45,19.84,23.07,16.7944,80.07247,KRSNWDP_2026-01-20T01:00:00+0000_16.0438
KRSNWDP,Krishna at Wadenepally,Krishna,2026-01-20 02:00:00+00:00,15.95645583440554,NORMAL,18.45,19.84,23.07,16.7944,80.07247,KRSNWDP_2026-01-20T02:00:00+0000_15.9565
KRSNWDP,Krishna at Wadenepally,Krishna,2026-01-20 03:00:00+00:00,15.961381330030417,NORMAL,18.45,19.84,23.07,16.7944,80.07247,KRSNWDP_2026-01-20T03:00:00+0000_15.9614
KRSNWDP,Krishna at Wadenepally,Krishna,2026-01-20 04:00:00+00:00,15.90696914603889,NORMAL,18.45,19.84,23.07,16.7944,80.07247,KRSNWDP_2026-01-20T04:00:00+0000_15.9070
KRSNWDP,Krishna at Wadenepally,Krishna,2026-01-20 05:00:00+00:00,15.911386855353006,NORMAL,18.45,19.84,23.07,16.7944,80.07247,KRSNWDP_2026-01-20T05:00:00+0000_15.9114
KRSNWDP,Krishna at Wadenepally,Krishna,2026-01-20 06:00:00+00:00,15.86605974838635,NORMAL,18.45,19.84,23.07,16.7944,80.07247,KRSNWDP_2026-01-20T06:00:00+0000_15.8661
KRSNWDP,Krishna at Wadenepally,Krishna,2026-01-20 07:00:00+00:00,15.789231833551824,NORMAL,18.45,19.84,23.07,16.7944,80.07247,KRSNWDP_2026-01-20T07:00:00+0000_15.7892
KRSNWDP,Krishna at Wadenepally,Krishna,2026-01-20 08:00:00+00:00,15.6913552421009,NORMAL,18.45,19.84,23.07,16.7944,80.07247,KRSNWDP_2026-01-20T08:00:00+0000_15.6914
KRSNWDP,Krishna at Wadenepally,Krishna,2026-01-20 09:00:00+00:00,15.723338711523176,NORMAL,18.45,19.84,23.07,16.7944,80.07247,KRSNWDP_2026-01-20T09:00:00+0000_15.7233
KRSNWDP,Krishna at Wadenepally,Krishna,2026-01-20 10:00:00+00:00,15.720095599760716,NORMAL,18.45,19.84,23.07,16.7944,80.07247,KRSNWDP_2026-01-20T10:00:00+0000_15.7201
KRSNWDP,Krishna at Wadenepally,Krishna,2026-01-20 11:00:00+00:00,15.659926888661031,NORMAL,18.45,19.84,23.07,16.7944,80.07247,KRSNWDP_2026-01-20T11:00:00+0000_15.6599
KRSNWDP,Krishna at Wadenepally,Krishna,2026-01-20 12:00:00+00:00,15.682418442680024,NORMAL,18.45,19.84,23.07,16.7944,80.07247,KRSNWDP_2026-01-20T12:00:00+0000_15.6824
KRSNWDP,Krishna at Wadenepally,Krishna,2026-01-20 13:00:00+00:00,15.672315385308572,NORMAL,18.45,19.84,23.07,16.7944,80.07247,KRSNWDP_2026-01-20T13:00:00+0000_15.6723
KRSNWDP,Krishna at Wadenepally,Krishna,2026-01-20 14:00:00+00:00,15.705503318320408,NORMAL,18.45,19.84,23.07,16.7944,80.07247,KRSNWDP_2026-01-20T14:00:00+0000_15.7055
KRSNWDP,Krishna at Wadenepally,Krishna,2026-01-20 15:00:00+00:00,,,18.45,19.84,23.07,16.7944,80.07247,KRSNWDP_2026-01-20T15:00:00+0000_
KRSNWDP,Krishna at Wadenepally,Krishna,2026-01-20 16:00:00+00:00,15.827228078224271,NORMAL,18.45,19.84,23.07,16.7944,80.07247,KRSNWDP_2026-01-20T16:00:00+0000_15.8272
KRSNWDP,Krishna at Wadenepally,Krishna,2026-01-20 17:00:00+00:00,15.8155110327332,NORMAL,18.45,19.84,23.07,16.7944,80.07247,KRSNWDP_2026-01-20T17:00:00+0000_15.8155
KRSNWDP,Krishna at Wadenepally,Krishna,2026-01-20 18:00:00+00:00,15.832799763205632,NORMAL,18.45,19.84,23.07,16.7944,80.07247,KRSNWDP_2026-01-20T18:00:00+0000_15.8328
KRSNWDP,Krishna at Wadenepally,Krishna,2026-01-20 19:00:00+00:00,15.88455575431095,NORMAL,18.45,19.84,23.07,16.7944,80.07247,KRSNWDP_2026-01-20T19:00:00+0000_15.8846
KRSNWDP,Krishna at Wadenepally,Krishna,2026-01-20 20:00:00+00:00,16.006393346158184,NORMAL,18.45,19.84,23.07,16.7944,80.07247,KRSNWDP_2026-01-20T20:00:00+0000_16.0064
KRSNWDP,Krishna at Wadenepally,Krishna,2026-01-20 21:00:00+00:00,15.95854706966781,NORMAL,18.45,19.84,23.07,16.7944,80.07247,KRSNWDP_2026-01-20T21:00:00+0000_15.9585
KRSNWDP,Krishna at Wadenepally,Krishna,2026-01-20 22:00:00+00:00,16.032768794208174,NORMAL,18.45,19.84,23.07,16.7944,80.07247,KRSNWDP_2026-01-20T22:00:00+0000_16.0328
KRSNWDP,Krishna at Wadenepally,Krishna,2026-01-20 23:00:00+00:00,16.01045125717957,NORMAL,18.45,19.84,23.07,16.7944,80.07247,KRSNWDP_2026-01-20T23:00:00+0000_16.0105
KRSNWDP,Krishna at Wadenepally,Krishna,2026-01-21 00:00:00+00:00,16.052936457020344,NORMAL,18.45,19.84,23.07,16.7944,80.07247,KRSNWDP_2026-01-21T00:00:00+0000_16.0529
KRSNWDP,Krishna at Wadenepally,Krishna,2026-01-21 01:00:00+00:00,16.03986417858353,NORMAL,18.45,19.84,23.07,16.7944,80.07247,KRSNWDP_2026-01-21T01:00:00+0000_16.0399
KRSNWDP,Krishna at Wadenepally,Krishna,2026-01-21 02:00:00+00:00,15.975011869027698,NORMAL,18.45,19.84,23.07,16.7944,80.07247,KRSNWDP_2026-01-21T02:00:00+0000_15.9750
KRSNWDP,Krishna at Wadenepally,Krishna,2026-01-21 03:00:00+00:00,15.918016533089752,NORMAL,18.45,19.84,23.07,16.7944,80.07247,KRSNWDP_2026-01-21T03:00:00+0000_15.9180
KRSNWDP,Krishna at Wadenepally,Krishna,2026-01-21 04:00:00+00:00,15.89068065945196,NORMAL,18.45,19.84,23.07,16.7944,80.07247,KRSNWDP_2026-01-21T04:00:00+0000_15.8907
KRSNWDP,Krishna at Wadenepally,Krishna,2026-01-21 05:00:00+00:00,15.868010583149404,NORMAL,18.45,19.84,23.07,16.7944,80.07247,KRSNWDP_2026-01-21T05:00:00+0000_15.8680
KRSNWDP,Krishna at Wadenepally,Krishna,2026-01-21 06:00:00+00:00,15.836065293160118,NORMAL,18.45,19.84,23.07,16.7944,80.07247,KRSNWDP_2026-01-21T06:00:00+0000_15.8361
KRSNWDP,Krishna at Wadenepally,Krishna,2026-01-21 07:00:00+00:00,15.803686210377696,NORMAL,18.45,19.84,23.07,16.7944,80.07247,KRSNWDP_2026-01-21T07:00:00+0000_15.8037
KRSNWDP,Krishna at Wadenepally,Krishna,2026-01-21 08:00:00+00:00,15.760373983746623,NORMAL,18.45,19.84,23.07,16.7944,80.07247,KRSNWDP_2026-01-21T08:00:00+0000_15.7604
KRSNWDP,Krishna at Wadenepally,Krishna,2026-01-21 09:00:00+00:00,15.716018219561557,NORMAL,18.45,19.84,23.07,16.7944,80.07247,KRSNWDP_2026-01-21T09:00:00+0000_15.7160
KRSNWDP,Krishna at Wadenepally,Krishna,2026-01-21 10:00:00+00:00,15.658284944824567,NORMAL,18.45,19.84,23.07,16.7944,80.07247,KRSNWDP_2026-01-21T10:00:00+0000_15.6583
KRSNWDP,Krishna at Wadenepally,Krishna,2026-01-21 11:00:00+00:00,15.622847048598135,NORMAL,18.45,19.84,23.07,16.7944,80.07247,KRSNWDP_2026-01-21T11:00:00+0000_15.6228
KRSNWDP,Krishna at Wadenepally,Krishna,2026-01-21 12:00:00+00:00,15.619116384758144,NORMAL,18.45,19.84,23.07,16.7944,80.07247,KRSNWDP_2026-01-21T12:00:00+0000_15.6191
KRSNWDP,Krishna at Wadenepally,Krishna,2026-01-21 13:00:00+00:00,15.659642267053002,NORMAL,18.45,19.84,23.07,16.7944,80.07247,KRSNWDP_2026-01-21T13:00:00+0000_15.6596
KRSNWDP,Krishna at Wadenepally,Krishna,2026-01-21 14:00:00+00:00,,,18.45,19.84,23.07,16.7944,80.07247,KRSNWDP_2026-01-21T14:00:00+0000_
KRSNWDP,Krishna at Wadenepally,Krishna,2026-01-21 15:00:00+00:00,15.697285192419628,NORMAL,18.45,19.84,23.07,16.7944,80.07247,KRSNWDP_2026-01-21T15:00:00+0000_15.6973
KRSNWDP,Krishna at Wadenepally,Krishna,2026-01-21 16:00:00+00:00,15.756138064596426,NORMAL,18.45,19.84,23.07,16.7944,80.07247,KRSNWDP_2026-01-21T16:00:00+0000_15.7561
KRSNWDP,Krishna at Wadenepally,Krishna,2026-01-21 17:00:00+00:00,15.821350345914352,NORMAL,18.45,19.84,23.07,16.7944,80.07247,KRSNWDP_2026-01-21T17:00:00+0000_15.8214
KRSNWDP,Krishna at Wadenepally,Krishna,2026-01-21 18:00:00+00:00,15.840033648597387,NORMAL,18.45,19.84,23.07,16.7944,80.07247,KRSNWDP_2026-01-21T18:00:00+0000_15.8400
KRSNWDP,Krishna at Wadenepally,Krishna,2026-01-21 19:00:00+00:00,15.977052096927752,NORMAL,18.45,19.84,23.07,16.7944,80.07247,KRSNWDP_2026-01-21T19:00:00+0000_15.9771
KRSNWDP,Krishna at Wadenepally,Krishna,2026-01-21 20:00:00+00:00,16.004245828900846,NORMAL,18.45,19.84,23.07,16.7944,80.07247,KRSNWDP_2026-01-21T20:00:00+0000_16.0042
KRSNWDP,Krishna at Wadenepally,Krishna,2026-01-21 21:00:00+00:00,16.05663021035438,NORMAL,18.45,19.84,23.07,16.7944,80.07247,KRSNWDP_2026-01-21T21:00:00+0000_16.0566
KRSNWDP,Krishna at Wadenepally,Krishna,2026-01-21 22:00:00+00:00,16.035437886427623,NORMAL,18.45,19.84,23.07,16.7944,80.07247,KRSNWDP_2026-01-21T22:00:00+0000_16.0354
KRSNWDP,Krishna at Wadenepally,Krishna,2026-01-21 23:00:00+00:00,16.080802582889827,NORMAL,18.45,19.84,23.07,16.7944,80.07247,KRSNWDP_2026-01-21T23:00:00+0000_16.0808
KRSNWDP,Krishna at Wadenepally,Krishna,2026-01-22 00:00:00+00:00,16.084518888745222,NORMAL,18.45,19.84,23.07,16.7944,80.07247,KRSNWDP_2026-01-22T00:00:00+0000_16.0845
KRSNWDP,Krishna at Wadenepally,Krishna,2026-01-22 01:00:00+00:00,16.04175132145664,NORMAL,18.45,19.84,23.07,16.7944,80.07247,KRSNWDP_2026-01-22T01:00:00+0000_16.0418
KRSNWDP,Krishna at Wadenepally,Krishna,2026-01-22 02:00:00+00:00,16.01456247926271,NORMAL,18.45,19.84,23.07,16.7944,80.07247,KRSNWDP_2026-01-22T02:00:00+0000_16.0146
KRSNWDP,Krishna at Wadenepally,Krishna,2026-01-22 03:00:00+00:00,16.00916390564911,NORMAL,18.45,19.84,23.07,16.7944,80.07247,KRSNWDP_2026-01-22T03:00:00+0000_16.0092
KRSNWDP,Krishna at Wadenepally,Krishna,2026-01-22 04:00:00+00:00,15.968676227154068,NORMAL,18.45,19.84,23.07,16.7944,80.07247,KRSNWDP_2026-01-22T04:00:00+0000_15.9687
KRSNWDP,Krishna at Wadenepally,Krishna,2026-01-22 05:00:00+00:00,15.839573128841364,NORMAL,18.45,19.84,23.07,16.7944,80.07247,KRSNWDP_2026-01-22T05:00:00+0000_15.8396
KRSNWDP,Krishna at Wadenepally,Krishna,2026-01-22 06:00:00+00:00,15.852298712271727,NORMAL,18.45,19.84,23.07,16.7944,80.07247,KRSNWDP_2026-01-22T06:00:00+0000_15.8523
KRSNWDP,Krishna at Wadenepally,Krishna,2026-01-22 07:00:00+00:00,15.771347273116657,NORMAL,18.45,19.84,23.07,16.7944,80.07247,KRSNWDP_2026-01-22T07:00:00+0000_15.7713
KRSNWDP,Krishna at Wadenepally,Krishna,2026-01-22 08:00:00+00:00,15.723142463169909,NORMAL,18.45,19.84,23.07,16.7944,80.07247,KRSNWDP_2026-01-22T08:00:00+0000_15.7231
KRSNWDP,Krishna at Wadenepally,Krishna,2026-01-22 09:00:00+00:00,15.739396424740994,NORMAL,18.45,19.84,23.07,16.7944,80.07247,KRSNWDP_2026-01-22T09:00:00+0000_15.7394
KRSNWDP,Krishna at Wadenepally,Krishna,2026-01-22 10:00:00+00:00,15.63640226642589,NORMAL,18.45,19.84,23.07,16.7944,80.07247,KRSNWDP_2026-01-22T10:00:00+0000_15.6364
KRSNWDP,Krishna at Wadenepally,Krishna,2026-01-22 11:00:00+00:00,15.665185111579934,NORMAL,18.45,19.84,23.07,16.7944,80.07247,KRSNWDP_2026-01-22T11:00:00+0000_15.6652
KRSNWDP,Krishna at Wadenepally,Krishna,2026-01-22 12:00:00+00:00,15.717119279747752,NORMAL,18.45,19.84,23.07,16.7944,80.07247,KRSNWDP_2026-01-22T12:00:00+0000_15.7171
KRSNWDP,Krishna at Wadenepally,Krishna,2026-01-22 13:00:00+00:00,15.687412758922376,NORMAL,18.45,19.84,23.07,16.7944,80.07247,KRSNWDP_2026-01-22T13:00:00+0000_15.6874
KRSNWDP,Krishna at Wadenepally,Krishna,2026-01-22 14:00:00+00:00,15.684992996993037,NORMAL,18.45,19.84,23.07,16.7944,80.07247,KRSNWDP_2026-01-22T14:00:00+0000_15.6850
KRSNWDP,Krishna at Wadenepally,Krishna,2026-01-22 15:00:00+00:00,15.788209810652116,NORMAL,18.45,19.84,23.07,16.7944,80.07247,KRSNWDP_2026-01-22T15:00:00+0000_15.7882
KRSNWDP,Krishna at Wadenepally,Krishna,2026-01-22 16:00:00+00:00,15.835954154166684,NORMAL,18.45,19.84,23.07,16.7944,80.07247,KRSNWDP_2026-01-22T16:00:00+0000_15.8360
KRSNWDP,Krishna at Wadenepally,Krishna,2026-01-22 17:00:00+00:00,15.85666022529585,NORMAL,18.45,19.84,23.07,16.7944,80.07247,KRSNWDP_2026-01-22T17:00:00+0000_15.8567
KRSNWDP,Krishna at Wadenepally,Krishna,2026-01-22 18:00:00+00:00,15.845936644504611,NORMAL,18.45,19.84,23.07,16.7944,80.07247,KRSNWDP_2026-01-22T18:00:00+0000_15.8459
KRSNWDP,Krishna at Wadenepally,Krishna,2026-01-22 19:00:00+00:00,15.914014759492431,NORMAL,18.45,19.84,23.07,16.7944,80.07247,KRSNWDP_2026-01-22T19:00:00+0000_15.9140
KRSNWDP,Krishna at Wadenepally,Krishna,2026-01-22 20:00:00+00:00,15.970917821357672,NORMAL,18.45,19.84,23.07,16.7944,80.07247,KRSNWDP_2026-01-22T20:00:00+0000_15.9709
KRSNWDP,Krishna at Wadenepally,Krishna,2026-01-22 21:00:00+00:00,16.034427746370426,NORMAL,18.45,19.84,23.07,16.7944,80.07247,KRSNWDP_2026-01-22T21:00:00+0000_16.0344
KRSNWDP,Krishna at Wadenepally,Krishna,2026-01-22 22:00:00+00:00,16.076427404834387,NORMAL,18.45,19.84,23.07,16.7944,80.07247,KRSNWDP_2026-01-22T22:00:00+0000_16.0764
KRSNWDP,Krishna at Wadenepally,Krishna,2026-01-22 23:00:00+00:00,16.006113306246966,NORMAL,18.45,19.84,23.07,16.7944,80.07247,KRSNWDP_2026-01-22T23:00:00+0000_16.0061
KRSNWDP,Krishna at Wadenepally,Krishna,2026-01-23 00:00:00+00:00,16.08352426997372,NORMAL,18.45,19.84,23.07,16.7944,80.07247,KRSNWDP_2026-01-23T00:00:00+0000_16.0835
KRSNWDP,Krishna at Wadenepally,Krishna,2026-01-23 01:00:00+00:00,16.040599745331903,NORMAL,18.45,19.84,23.07,16.7944,80.07247,KRSNWDP_2026-01-23T01:00:00+0000_16.0406
KRSNWDP,Krishna at Wadenepally,Krishna,2026-01-23 02:00:00+00:00,15.959201602260334,NORMAL,18.45,19.84,23.07,16.7944,80.07247,KRSNWDP_2026-01-23T02:00:00+0000_15.9592
KRSNWDP,Krishna at Wadenepally,Krishna,2026-01-23 03:00:00+00:00,16.005135040684742,NORMAL,18.45,19.84,23.07,16.7944,80.07247,KRSNWDP_2026-01-23T03:00:00+0000_16.0051
KRSNWDP,Krishna at Wadenepally,Krishna,2026-01-23 04:00:00+00:00,15.930234345061228,NORMAL,18.45,19.84,23.07,16.7944,80.07247,KRSNWDP_2026-01-23T04:00:00+0000_15.9302
KRSNWDP,Krishna at Wadenepally,Krishna,2026-01-23 05:00:00+00:00,15.906945608331624,NORMAL,18.45,19.84,23.07,16.7944,80.07247,KRSNWDP_2026-01-23T05:00:00+0000_15.9069
KRSNWDP,Krishna at Wadenepally,Krishna,2026-01-23 06:00:00+00:00,15.8293754928762,NORMAL,18.45,19.84,23.07,16.7944,80.07247,KRSNWDP_2026-01-23T06:00:00+0000_15.8294
KRSNWDP,Krishna at Wadenepally,Krishna,2026-01-23 07:00:00+00:00,15.814831062122078,NORMAL,18.45,19.84,23.07,16.7944,80.07247,KRSNWDP_2026-01-23T07:00:00+0000_15.8148
KRSNWDP,Krishna at Wadenepally,Krishna,2026-01-23 08:00:00+00:00,15.79101634801993,NORMAL,18.45,19.84,23.07,16.7944,80.07247,KRSNWDP_2026-01-23T08:00:00+0000_15.7910
KRSNWDP,Krishna at Wadenepally,Krishna,2026-01-23 09:00:00+00:00,15.68867464402842,NORMAL,18.45,19.84,23.07,16.7944,80.07247,KRSNWDP_2026-01-23T09:00:00+0000_15.6887
KRSNWDP,Krishna at Wadenepally,Krishna,2026-01-23 10:00:00+00:00,15.72094244401639,NORMAL,18.45,19.84,23.07,16.7944,80.07247,KRSNWDP_2026-01-23T10:00:00+0000_15.7209
KRSNWDP,Krishna at Wadenepally,Krishna,2026-01-23 11:00:00+00:00,15.664966929153373,NORMAL,18.45,19.84,23.07,16.7944,80.07247,KRSNWDP_2026-01-23T11:00:00+0000_15.6650
KRSNWDP,Krishna at Wadenepally,Krishna,2026-01-23 12:00:00+00:00,15.665277909899896,NORMAL,18.45,19.84,23.07,16.7944,80.07247,KRSNWDP_2026-01-23T12:00:00+0000_15.6653
KRSNWDP,Krishna at Wadenepally,Krishna,2026-01-23 13:00:00+00:00,15.671864847277584,NORMAL,18.45,19.84,23.07,16.7944,80.07247,KRSNWDP_2026-01-23T13:00:00+0000_15.6719
KRSNWDP,Krishna at Wadenepally,Krishna,2026-01-23 14:00:00+00:00,15.691134194649834,NORMAL,18.45,19.84,23.07,16.7944,80.07247,KRSNWDP_2026-01-23T14:00:00+0000_15.6911
KRSNWDP,Krishna at Wadenepally,Krishna,2026-01-23 15:00:00+00:00,15.780980651299336,NORMAL,18.45,19.84,23.07,16.7944,80.07247,KRSNWDP_2026-01-23T15:00:00+0000_15.7810
KRSNWDP,Krishna at Wadenepally,Krishna,2026-01-23 16:00:00+00:00,15.812476836826416,NORMAL,18.45,19.84,23.07,16.7944,80.07247,KRSNWDP_2026-01-23T16:00:00+0000_15.8125
KRSNWDP,Krishna at Wadenepally,Krishna,2026-01-23 17:00:00+00:00,15.882025510071262,NORMAL,18.45,19.84,23.07,16.7944,80.07247,KRSNWDP_2026-01-23T17:00:00+0000_15.8820
KRSNWDP,Krishna at Wadenepally,Krishna,2026-01-23 18:00:00+00:00,15.920753405524428,NORMAL,18.45,19.84,23.07,16.7944,80.07247,KRSNWDP_2026-01-23T18:00:00+0000_15.9208
KRSNWDP,Krishna at Wadenepally,Krishna,2026-01-23 19:00:00+00:00,15.933981669833544,NORMAL,18.45,19.84,23.07,16.7944,80.07247,KRSNWDP_2026-01-23T19:00:00+0000_15.9340
KRSNWDP,Krishna at Wadenepally,Krishna,2026-01-23 20:00:00+00:00,17.288777558290427,NORMAL,18.45,19.84,23.07,16.7944,80.07247,KRSNWDP_2026-01-23T20:00:00+0000_17.2888
KRSNWDP,Krishna at Wadenepally,Krishna,2026-01-23 21:00:00+00:00,17.19863446443736,NORMAL,18.45,19.84,23.07,16.7944,80.07247,KRSNWDP_2026-01-23T21:00:00+0000_17.1986
KRSNWDP,Krishna at Wadenepally,Krishna,2026-01-23 22:00:00+00:00,16.058750887304235,NORMAL,18.45,19.84,23.07,16.7944,80.07247,KRSNWDP_2026-01-23T22:00:00+0000_16.0588
KRSNWDP,Krishna at Wadenepally,Krishna,2026-01-23 23:00:00+00:00,16.032160488781443,NORMAL,18.45,19.84,23.07,16.7944,80.07247,KRSNWDP_2026-01-23T23:00:00+0000_16.0322
KRSNWDP,Krishna at Wadenepally,Krishna,2026-01-24 00:00:00+00:00,16.02696234625506,NORMAL,18.45,19.84,23.07,16.7944,80.07247,KRSNWDP_2026-01-24T00:00:00+0000_16.0270
KRSNWDP,Krishna at Wadenepally,Krishna,2026-01-24 01:00:00+00:00,16.026708108691302,NORMAL,18.45,19.84,23.07,16.7944,80.07247,KRSNWDP_2026-01-24T01:00:00+0000_16.0267
KRSNWDP,Krishna at Wadenepally,Krishna,2026-01-24 02:00:00+00:00,16.042659229080353,NORMAL,18.45,19.84,23.07,16.7944,80.07247,KRSNWDP_2026-01-24T02:00:00+0000_16.0427
KRSNWDP,Krishna at Wadenepally,Krishna,2026-01-24 03:00:00+00:00,15.937352071061424,NORMAL,18.45,19.84,23.07,16.7944,80.07247,KRSNWDP_2026-01-24T03:00:00+0000_15.9374
KRSNWDP,Krishna at Wadenepally,Krishna,2026-01-24 04:00:00+00:00,15.931174039082114,NORMAL,18.45,19.84,23.07,16.7944,80.07247,KRSNWDP_2026-01-24T04:00:00+0000_15.9312
KRSNWDP,Krishna at Wadenepally,Krishna,2026-01-24 05:00:00+00:00,15.839181511349535,NORMAL,18.45,19.84,23.07,16.7944,80.07247,KRSNWDP_2026-01-24T05:00:00+0000_15.8392
KRSNWDP,Krishna at Wadenepally,Krishna,2026-01-24 06:00:00+00:00,15.874251007974737,NORMAL,18.45,19.84,23.07,16.7944,80.07247,KRSNWDP_2026-01-24T06:00:00+0000_15.8743
KRSNWDP,Krishna at Wadenepally,Krishna,2026-01-24 07:00:00+00:00,15.825376085892197,NORMAL,18.45,19.84,23.07,16.7944,80.07247,KRSNWDP_2026-01-24T07:00:00+0000_15.8254
KRSNWDP,Krishna at Wadenepally,Krishna,2026-01-24 08:00:00+00:00,15.762212704127384,NORMAL,18.45,19.84,23.07,16.7944,80.07247,KRSNWDP_2026-01-24T08:00:00+0000_15.7622
KRSNWDP,Krishna at Wadenepally,Krishna,2026-01-24 09:00:00+00:00,15.68779057881049,NORMAL,18.45,19.84,23.07,16.7944,80.07247,KRSNWDP_2026-01-24T09:00:00+0000_15.6878
KRSNWDP,Krishna at Wadenepally,Krishna,2026-01-24 10:00:00+00:00,15.649779831736424,NORMAL,18.45,19.84,23.07,16.7944,80.07247,KRSNWDP_2026-01-24T10:00:00+0000_15.6498
KRSNWDP,Krishna at Wadenepally,Krishna,2026-01-24 11:00:00+00:00,,,18.45,19.84,23.07,16.7944,80.07247,KRSNWDP_2026-01-24T11:00:00+0000_
KRSNWDP,Krishna at Wadenepally,Krishna,2026-01-24 12:00:00+00:00,15.701101857820545,NORMAL,18.45,19.84,23.07,16.7944,80.07247,KRSNWDP_2026-01-24T12:00:00+0000_15.7011
KRSNWDP,Krishna at Wadenepally,Krishna,2026-01-24 13:00:00+00:00,15.680416012087989,NORMAL,18.45,19.84,23.07,16.7944,80.07247,KRSNWDP_2026-01-24T13:00:00+0000_15.6804
KRSNWDP,Krishna at Wadenepally,Krishna,2026-01-24 14:00:00+00:00,15.695950630168944,NORMAL,18.45,19.84,23.07,16.7944,80.07247,KRSNWDP_2026-01-24T14:00:00+0000_15.6960
KRSNWDP,Krishna at Wadenepally,Krishna,2026-01-24 15:00:00+00:00,15.767727723060483,NORMAL,18.45,19.84,23.07,16.7944,80.07247,KRSNWDP_2026-01-24T15:00:00+0000_15.7677
KRSNWDP,Krishna at Wadenepally,Krishna,2026-01-24 16:00:00+00:00,15.753275603525188,NORMAL,18.45,19.84,23.07,16.7944,80.07247,KRSNWDP_2026-01-24T16:00:00+0000_15.7533
KRSNWDP,Krishna at Wadenepally,Krishna,2026-01-24 17:00:00+00:00,15.814287567872915,NORMAL,18.45,19.84,23.07,16.7944,80.07247,KRSNWDP_2026-01-24T17:00:00+0000_15.8143
KRSNWDP,Krishna at Wadenepally,Krishna,2026-01-24 18:00:00+00:00,15.927492441189688,NORMAL,18.45,19.84,23.07,16.7944,80.07247,KRSNWDP_2026-01-24T18:00:00+0000_15.9275
KRSNWDP,Krishna at Wadenepally,Krishna,2026-01-24 19:00:00+00:00,15.974471788797455,NORMAL,18.45,19.84,23.07,16.7944,80.07247,KRSNWDP_2026-01-24T19:00:00+0000_15.9745
KRSNWDP,Krishna at Wadenepally,Krishna,2026-01-24 20:00:00+00:00,15.941603908025009,NORMAL,18.45,19.84,23.07,16.7944,80.07247,KRSNWDP_2026-01-24T20:00:00+0000_15.9416
KRSNWDP,Krishna at Wadenepally,Krishna,2026-01-24 21:00:00+00:00,15.974734686063986,NORMAL,18.45,19.84,23.07,16.7944,80.07247,KRSNWDP_2026-01-24T21:00:00+0000_15.9747
KRSNWDP,Krishna at Wadenepally,Krishna,2026-01-24 22:00:00+00:00,16.07062489127462,NORMAL,18.45,19.84,23.07,16.7944,80.07247,KRSNWDP_2026-01-24T22:00:00+0000_16.0706
KRSNWDP,Krishna at Wadenepally,Krishna,2026-01-24 23:00:00+00:00,16.033833656196332,NORMAL,18.45,19.84,23.07,16.7944,80.07247,KRSNWDP_2026-01-24T23:00:00+0000_16.0338
KRSNWDP,Krishna at Wadenepally,Krishna,2026-01-25 00:00:00+00:00,16.040940870188344,NORMAL,18.45,19.84,23.07,16.7944,80.07247,KRSNWDP_2026-01-25T00:00:00+0000_16.0409
KRSNWDP,Krishna at Wadenepally,Krishna,2026-01-25 01:00:00+00:00,16.02135213921925,NORMAL,18.45,19.84,23.07,16.7944,80.07247,KRSNWDP_2026-01-25T01:00:00+0000_16.0214
KRSNWDP,Krishna at Wadenepally,Krishna,2026-01-25 02:00:00+00:00,15.974079807455192,NORMAL,18.45,19.84,23.07,16.7944,80.07247,KRSNWDP_2026-01-25T02:00:00+0000_15.9741
KRSNWDP,Krishna at Wadenepally,Krishna,2026-01-25 03:00:00+00:00,16.019153562849546,NORMAL,18.45,19.84,23.07,16.7944,80.07247,KRSNWDP_2026-01-25T03:00:00+0000_16.0192
KRSNWDP,Krishna at Wadenepally,Krishna,2026-01-25 04:00:00+00:00,15.96525923943915,NORMAL,18.45,19.84,23.07,16.7944,80.07247,KRSNWDP_2026-01-25T04:00:00+0000_15.9653
KRSNWDP,Krishna at Wadenepally,Krishna,2026-01-25 05:00:00+00:00,15.862083174720912,NORMAL,18.45,19.84,23.07,16.7944,80.07247,KRSNWDP_2026-01-25T05:00:00+0000_15.8621
KRSNWDP,Krishna at Wadenepally,Krishna,2026-01-25 06:00:00+00:00,15.797740378961429,NORMAL,18.45,19.84,23.07,16.7944,80.07247,KRSNWDP_2026-01-25T06:00:00+0000_15.7977
KRSNWDP,Krishna at Wadenepally,Krishna,2026-01-25 07:00:00+00:00,15.774119974265265,NORMAL,18.45,19.84,23.07,16.7944,80.07247,KRSNWDP_2026-01-25T07:00:00+0000_15.7741
KRSNWDP,Krishna at Wadenepally,Krishna,2026-01-25 08:00:00+00:00,15.723834673737148,NORMAL,18.45,19.84,23.07,16.7944,80.07247,KRSNWDP_2026-01-25T08:00:00+0000_15.7238
KRSNWDP,Krishna at Wadenepally,Krishna,2026-01-25 09:00:00+00:00,15.753108494806249,NORMAL,18.45,19.84,23.07,16.7944,80.07247,KRSNWDP_2026-01-25T09:00:00+0000_15.7531
KRSNWDP,Krishna at Wadenepally,Krishna,2026-01-25 10:00:00+00:00,15.69260759439114,NORMAL,18.45,19.84,23.07,16.7944,80.07247,KRSNWDP_2026-01-25T10:00:00+0000_15.6926
KRSNWDP,Krishna at Wadenepally,Krishna,2026-01-25 11:00:00+00:00,15.642747177919592,NORMAL,18.45,19.84,23.07,16.7944,80.07247,KRSNWDP_2026-01-25T11:00:00+0000_15.6427
KRSNWDP,Krishna at Wadenepally,Krishna,2026-01-25 12:00:00+00:00,15.639292923014947,NORMAL,18.45,19.84,23.07,16.7944,80.07247,KRSNWDP_2026-01-25T12:00:00+0000_15.6393
KRSNWDP,Krishna at Wadenepally,Krishna,2026-01-25 13:00:00+00:00,15.644987310476465,NORMAL,18.45,19.84,23.07,16.7944,80.07247,KRSNWDP_2026-01-25T13:00:00+0000_15.6450
KRSNWDP,Krishna at Wadenepally,Krishna,2026-01-25 14:00:00+00:00,15.764895593954355,NORMAL,18.45,19.84,23.07,16.7944,80.07247,KRSNWDP_2026-01-25T14:00:00+0000_15.7649
KRSNWDP,Krishna at Wadenepally,Krishna,2026-01-25 15:00:00+00:00,15.73691347951642,NORMAL,18.45,19.84,23.07,16.7944,80.07247,KRSNWDP_2026-01-25T15:00:00+0000_15.7369
KRSNWDP,Krishna at Wadenepally,Krishna,2026-01-25 16:00:00+00:00,,,18.45,19.84,23.07,16.7944,80.07247,KRSNWDP_2026-01-25T16:00:00+0000_
KRSNWDP,Krishna at Wadenepally,Krishna,2026-01-25 17:00:00+00:00,15.89644101498679,NORMAL,18.45,19.84,23.07,16.7944,80.07247,KRSNWDP_2026-01-25T17:00:00+0000_15.8964
KRSNWDP,Krishna at Wadenepally,Krishna,2026-01-25 18:00:00+00:00,15.897175462954536,NORMAL,18.45,19.84,23.07,16.7944,80.07247,KRSNWDP_2026-01-25T18:00:00+0000_15.8972
KRSNWDP,Krishna at Wadenepally,Krishna,2026-01-25 19:00:00+00:00,15.927168034263468,NORMAL,18.45,19.84,23.07,16.7944,80.07247,KRSNWDP_2026-01-25T19:00:00+0000_15.9272
KRSNWDP,Krishna at Wadenepally,Krishna,2026-01-25 20:00:00+00:00,15.97480412100436,NORMAL,18.45,19.84,23.07,16.7944,80.07247,KRSNWDP_2026-01-25T20:00:00+0000_15.9748
KRSNWDP,Krishna at Wadenepally,Krishna,2026-01-25 21:00:00+00:00,16.05024330003317,NORMAL,18.45,19.84,23.07,16.7944,80.07247,KRSNWDP_2026-01-25T21:00:00+0000_16.0502
KRSNWDP,Krishna at Wadenepally,Krishna,2026-01-25 22:00:00+00:00,16.052865892783817,NORMAL,18.45,19.84,23.07,16.7944,80.07247,KRSNWDP_2026-01-25T22:00:00+0000_16.0529
KRSNWDP,Krishna at Wadenepally,Krishna,2026-01-25 23:00:00+00:00,16.097238793093133,NORMAL,18.45,19.84,23.07,16.7944,80.07247,KRSNWDP_2026-01-25T23:00:00+0000_16.0972
KRSNWDP,Krishna at Wadenepally,Krishna,2026-01-26 00:00:00+00:00,16.038514220083524,NORMAL,18.45,19.84,23.07,16.7944,80.07247,KRSNWDP_2026-01-26T00:00:00+0000_16.0385
KRSNWDP,Krishna at Wadenepally,Krishna,2026-01-26 01:00:00+00:00,16.080806498631627,NORMAL,18.45,19.84,23.07,16.7944,80.07247,KRSNWDP_2026-01-26T01:00:00+0000_16.0808
KRSNWDP,Krishna at Wadenepally,Krishna,2026-01-26 02:00:00+00:00,16.001357574562743,NORMAL,18.45,19.84,23.07,16.7944,80.07247,KRSNWDP_2026-01-26T02:00:00+0000_16.0014
KRSNWDP,Krishna at Wadenepally,Krishna,2026-01-26 03:00:00+00:00,16.022595992008487,NORMAL,18.45,19.84,23.07,16.7944,80.07247,KRSNWDP_2026-01-26T03:00:00+0000_16.0226
KRSNWDP,Krishna at Wadenepally,Krishna,2026-01-26 04:00:00+00:00,15.977631714232263,NORMAL,18.45,19.84,23.07,16.7944,80.07247,KRSNWDP_2026-01-26T04:00:00+0000_15.9776
KRSNWDP,Krishna at Wadenepally,Krishna,2026-01-26 05:00:00+00:00,15.908118922771072,NORMAL,18.45,19.84,23.07,16.7944,80.07247,KRSNWDP_2026-01-26T05:00:00+0000_15.9081
KRSNWDP,Krishna at Wadenepally,Krishna,2026-01-26 06:00:00+00:00,15.8462576385523,NORMAL,18.45,19.84,23.07,16.7944,80.07247,KRSNWDP_2026-01-26T06:00:00+0000_15.8463
KRSNWDP,Krishna at Wadenepally,Krishna,2026-01-26 07:00:00+00:00,15.79363258342371,NORMAL,18.45,19.84,23.07,16.7944,80.07247,KRSNWDP_2026-01-26T07:00:00+0000_15.7936
KRSNWDP,Krishna at Wadenepally,Krishna,2026-01-26 08:00:00+00:00,,,18.45,19.84,23.07,16.7944,80.07247,KRSNWDP_2026-01-26T08:00:00+0000_
KRSNWDP,Krishna at Wadenepally,Krishna,2026-01-26 09:00:00+00:00,15.691757985182356,NORMAL,18.45,19.84,23.07,16.7944,80.07247,KRSNWDP_2026-01-26T09:00:00+0000_15.6918
KRSNWDP,Krishna at Wadenepally,Krishna,2026-01-26 10:00:00+00:00,15.665356729902228,NORMAL,18.45,19.84,23.07,16.7944,80.07247,KRSNWDP_2026-01-26T10:00:00+0000_15.6654
KRSNWDP,Krishna at Wadenepally,Krishna,2026-01-26 11:00:00+00:00,15.651282965315456,NORMAL,18.45,19.84,23.07,16.7944,80.07247,KRSNWDP_2026-01-26T11:00:00+0000_15.6513
KRSNWDP,Krishna at Wadenepally,Krishna,2026-01-26 12:00:00+00:00,15.683578597162134,NORMAL,18.45,19.84,23.07,16.7944,80.07247,KRSNWDP_2026-01-26T12:00:00+0000_15.6836
KRSNWDP,Krishna at Wadenepally,Krishna,2026-01-26 13:00:00+00:00,15.696691982443028,NORMAL,18.45,19.84,23.07,16.7944,80.07247,KRSNWDP_2026-01-26T13:00:00+0000_15.6967
KRSNWDP,Krishna at Wadenepally,Krishna,2026-01-26 14:00:00+00:00,15.704200263809112,NORMAL,18.45,19.84,23.07,16.7944,80.07247,KRSNWDP_2026-01-26T14:00:00+0000_15.7042
KRSNWDP,Krishna at Wadenepally,Krishna,2026-01-26 15:00:00+00:00,15.781053280745637,NORMAL,18.45,19.84,23.07,16.7944,80.07247,KRSNWDP_2026-01-26T15:00:00+0000_15.7811
KRSNWDP,Krishna at Wadenepally,Krishna,2026-01-26 16:00:00+00:00,15.794505955864176,NORMAL,18.45,19.84,23.07,16.7944,80.07247,KRSNWDP_2026-01-26T16:00:00+0000_15.7945
KRSNWDP,Krishna at Wadenepally,Krishna,2026-01-26 17:00:00+00:00,15.87592196350074,NORMAL,18.45,19.84,23.07,16.7944,80.07247,KRSNWDP_2026-01-26T17:00:00+0000_15.8759
KRSNWDP,Krishna at Wadenepally,Krishna,2026-01-26 18:00:00+00:00,15.855037490084186,NORMAL,18.45,19.84,23.07,16.7944,80.07247,KRSNWDP_2026-01-26T18:00:00+0000_15.8550
KRSNWDP,Krishna at Wadenepally,Krishna,2026-01-26 19:00:00+00:00,15.929133385933635,NORMAL,18.45,19.84,23.07,16.7944,80.07247,KRSNWDP_2026-01-26T19:00:00+0000_15.9291
KRSNWDP,Krishna at Wadenepally,Krishna,2026-01-26 20:00:00+00:00,15.975984453576473,NORMAL,18.45,19.84,23.07,16.7944,80.07247,KRSNWDP_2026-01-26T20:00:00+0000_15.9760
KRSNWDP,Krishna at Wadenepally,Krishna,2026-01-26 21:00:00+00:00,15.991862495657037,NORMAL,18.45,19.84,23.07,16.7944,80.07247,KRSNWDP_2026-01-26T21:00:00+0000_15.9919
KRSNWDP,Krishna at Wadenepally,Krishna,2026-01-26 22:00:00+00:00,16.061684433413667,NORMAL,18.45,19.84,23.07,16.7944,80.07247,KRSNWDP_2026-01-26T22:00:00+0000_16.0617
KRSNWDP,Krishna at Wadenepally,Krishna,2026-01-26 23:00:00+00:00,16.02287324049142,NORMAL,18.45,19.84,23.07,16.7944,80.07247,KRSNWDP_2026-01-26T23:00:00+0000_16.0229
KRSNWDP,Krishna at Wadenepally,Krishna,2026-01-27 00:00:00+00:00,16.07902169380469,NORMAL,18.45,19.84,23.07,16.7944,80.07247,KRSNWDP_2026-01-27T00:00:00+0000_16.0790
KRSNWDP,Krishna at Wadenepally,Krishna,2026-01-27 01:00:00+00:00,16.03593258579564,NORMAL,18.45,19.84,23.07,16.7944,80.07247,KRSNWDP_2026-01-27T01:00:00+0000_16.0359
KRSNWDP,Krishna at Wadenepally,Krishna,2026-01-27 02:00:00+00:00,16.06576532838678,NORMAL,18.45,19.84,23.07,16.7944,80.07247,KRSNWDP_2026-01-27T02:00:00+0000_16.0658
KRSNWDP,Krishna at Wadenepally,Krishna,2026-01-27 03:00:00+00:00,16.006475701982488,NORMAL,18.45,19.84,23.07,16.7944,80.07247,KRSNWDP_2026-01-27T03:00:00+0000_16.0065
KRSNWDP,Krishna at Wadenepally,Krishna,2026-01-27 04:00:00+00:00,15.959833121006268,NORMAL,18.45,19.84,23.07,16.7944,80.07247,KRSNWDP_2026-01-27T04:00:00+0000_15.9598
KRSNWDP,Krishna at Wadenepally,Krishna,2026-01-27 05:00:00+00:00,15.85596456960564,NORMAL,18.45,19.84,23.07,16.7944,80.07247,KRSNWDP_2026-01-27T05:00:00+0000_15.8560
KRSNWDP,Krishna at Wadenepally,Krishna,2026-01-27 06:00:00+00:00,15.846489483723632,NORMAL,18.45,19.84,23.07,16.7944,80.07247,KRSNWDP_2026-01-27T06:00:00+0000_15.8465
KRSNWDP,Krishna at Wadenepally,Krishna,2026-01-27 07:00:00+00:00,15.848430742057475,NORMAL,18.45,19.84,23.07,16.7944,80.07247,KRSNWDP_2026-01-27T07:00:00+0000_15.8484
KRSNWDP,Krishna at Wadenepally,Krishna,2026-01-27 08:00:00+00:00,15.750801762014094,NORMAL,18.45,19.84,23.07,16.7944,80.07247,KRSNWDP_2026-01-27T08:00:00+0000_15.7508
KRSNWDP,Krishna at Wadenepally,Krishna,2026-01-27 09:00:00+00:00,15.709091516648163,NORMAL,18.45,19.84,23.07,16.7944,80.07247,KRSNWDP_2026-01-27T09:00:00+0000_15.7091
KRSNWDP,Krishna at Wadenepally,Krishna,2026-01-27 10:00:00+00:00,15.72518728165604,NORMAL,18.45,19.84,23.07,16.7944,80.07247,KRSNWDP_2026-01-27T10:00:00+0000_15.7252
KRSNWDP,Krishna at Wadenepally,Krishna,2026-01-27 11:00:00+00:00,15.703407549541428,NORMAL,18.45,19.84,23.07,16.7944,80.07247,KRSNWDP_2026-01-27T11:00:00+0000_15.7034
KRSNWDP,Krishna at Wadenepally,Krishna,2026-01-27 12:00:00+00:00,15.671818653754162,NORMAL,18.45,19.84,23.07,16.7944,80.07247,KRSNWDP_2026-01-27T12:00:00+0000_15.6718
KRSNWDP,Krishna at Wadenepally,Krishna,2026-01-27 13:00:00+00:00,15.749315895221455,NORMAL,18.45,19.84,23.07,16.7944,80.07247,KRSNWDP_2026-01-27T13:00:00+0000_15.7493
KRSNWDP,Krishna at Wadenepally,Krishna,2026-01-27 14:00:00+00:00,15.71733944382312,NORMAL,18.45,19.84,23.07,16.7944,80.07247,KRSNWDP_2026-01-27T14:00:00+0000_15.7173
KRSNWDP,Krishna at Wadenepally,Krishna,2026-01-27 15:00:00+00:00,17.225269831511003,NORMAL,18.45,19.84,23.07,16.7944,80.07247,KRSNWDP_2026-01-27T15:00:00+0000_17.2253
KRSNWDP,Krishna at Wadenepally,Krishna,2026-01-27 16:00:00+00:00,17.093693833183544,NORMAL,18.45,19.84,23.07,16.7944,80.07247,KRSNWDP_2026-01-27T16:00:00+0000_17.0937
KRSNWDP,Krishna at Wadenepally,Krishna,2026-01-27 17:00:00+00:00,16.97810467341848,NORMAL,18.45,19.84,23.07,16.7944,80.07247,KRSNWDP_2026-01-27T17:00:00+0000_16.9781
KRSNWDP,Krishna at Wadenepally,Krishna,2026-01-27 18:00:00+00:00,16.984099588226663,NORMAL,18.45,19.84,23.07,16.7944,80.07247,KRSNWDP_2026-01-27T18:00:00+0000_16.9841
KRSNWDP,Krishna at Wadenepally,Krishna,2026-01-27 19:00:00+00:00,16.899906283672088,NORMAL,18.45,19.84,23.07,16.7944,80.07247,KRSNWDP_2026-01-27T19:00:00+0000_16.8999
KRSNWDP,Krishna at Wadenepally,Krishna,2026-01-27 20:00:00+00:00,16.865214533324725,NORMAL,18.45,19.84,23.07,16.7944,80.07247,KRSNWDP_2026-01-27T20:00:00+0000_16.8652
KRSNWDP,Krishna at Wadenepally,Krishna,2026-01-27 21:00:00+00:00,16.76760248268894,NORMAL,18.45,19.84,23.07,16.7944,80.07247,KRSNWDP_2026-01-27T21:00:00+0000_16.7676
KRSNWDP,Krishna at Wadenepally,Krishna,2026-01-27 22:00:00+00:00,16.08830989370115,NORMAL,18.45,19.84,23.07,16.7944,80.07247,KRSNWDP_2026-01-27T22:00:00+0000_16.0883
KRSNWDP,Krishna at Wadenepally,Krishna,2026-01-27 23:00:00+00:00,16.0993533674096,NORMAL,18.45,19.84,23.07,16.7944,80.07247,KRSNWDP_2026-01-27T23:00:00+0000_16.0994
KRSNWDP,Krishna at Wadenepally,Krishna,2026-01-28 00:00:00+00:00,16.034100349278777,NORMAL,18.45,19.84,23.07,16.7944,80.07247,KRSNWDP_2026-01-28T00:00:00+0000_16.0341
KRSNWDP,Krishna at Wadenepally,Krishna,2026-01-28 01:00:00+00:00,16.095694791666247,NORMAL,18.45,19.84,23.07,16.7944,80.07247,KRSNWDP_2026-01-28T01:00:00+0000_16.0957
KRSNWDP,Krishna at Wadenepally,Krishna,2026-01-28 02:00:00+00:00,16.036226082632325,NORMAL,18.45,19.84,23.07,16.7944,80.07247,KRSNWDP_2026-01-28T02:00:00+0000_16.0362
KRSNWDP,Krishna at Wadenepally,Krishna,2026-01-28 03:00:00+00:00,15.999286314957851,NORMAL,18.45,19.84,23.07,16.7944,80.07247,KRSNWDP_2026-01-28T03:00:00+0000_15.9993
KRSNWDP,Krishna at Wadenepally,Krishna,2026-01-28 04:00:00+00:00,15.987471975955746,NORMAL,18.45,19.84,23.07,16.7944,80.07247,KRSNWDP_2026-01-28T04:00:00+0000_15.9875
KRSNWDP,Krishna at Wadenepally,Krishna,2026-01-28 05:00:00+00:00,15.90950130688114,NORMAL,18.45,19.84,23.07,16.7944,80.07247,KRSNWDP_2026-01-28T05:00:00+0000_15.9095
KRSNWDP,Krishna at Wadenepally,Krishna,2026-01-28 06:00:00+00:00,,,18.45,19.84,23.07,16.7944,80.07247,KRSNWDP_2026-01-28T06:00:00+0000_
KRSNWDP,Krishna at Wadenepally,Krishna,2026-01-28 07:00:00+00:00,15.77713289702776,NORMAL,18.45,19.84,23.07,16.7944,80.07247,KRSNWDP_2026-01-28T07:00:00+0000_15.7771
KRSNWDP,Krishna at Wadenepally,Krishna,2026-01-28 08:00:00+00:00,15.794212786566645,NORMAL,18.45,19.84,23.07,16.7944,80.07247,KRSNWDP_2026-01-28T08:00:00+0000_15.7942
KRSNWDP,Krishna at Wadenepally,Krishna,2026-01-28 09:00:00+00:00,15.775159503714535,NORMAL,18.45,19.84,23.07,16.7944,80.07247,KRSNWDP_2026-01-28T09:00:00+0000_15.7752
KRSNWDP,Krishna at Wadenepally,Krishna,2026-01-28 10:00:00+00:00,15.73844662509116,NORMAL,18.45,19.84,23.07,16.7944,80.07247,KRSNWDP_2026-01-28T10:00:00+0000_15.7384
KRSNWDP,Krishna at Wadenepally,Krishna,2026-01-28 11:00:00+00:00,15.73721270646299,NORMAL,18.45,19.84,23.07,16.7944,80.07247,KRSNWDP_2026-01-28T11:00:00+0000_15.7372
KRSNWDP,Krishna at Wadenepally,Krishna,2026-01-28 12:00:00+00:00,15.683778473971984,NORMAL,18.45,19.84,23.07,16.7944,80.07247,KRSNWDP_2026-01-28T12:00:00+0000_15.6838
KRSNWDP,Krishna at Wadenepally,Krishna,2026-01-28 13:00:00+00:00,15.752052948724527,NORMAL,18.45,19.84,23.07,16.7944,80.07247,KRSNWDP_2026-01-28T13:00:00+0000_15.7521
KRSNWDP,Krishna at Wadenepally,Krishna,2026-01-28 14:00:00+00:00,15.768304639751577,NORMAL,18.45,19.84,23.07,16.7944,80.07247,KRSNWDP_2026-01-28T14:00:00+0000_15.7683
KRSNWDP,Krishna at Wadenepally,Krishna,2026-01-28 15:00:00+00:00,15.766062770655749,NORMAL,18.45,19.84,23.07,16.7944,80.07247,KRSNWDP_2026-01-28T15:00:00+0000_15.7661
KRSNWDP,Krishna at Wadenepally,Krishna,2026-01-28 16:00:00+00:00,15.846181021117578,NORMAL,18.45,19.84,23.07,16.7944,80.07247,KRSNWDP_2026-01-28T16:00:00+0000_15.8462
KRSNWDP,Krishna at Wadenepally,Krishna,2026-01-28 17:00:00+00:00,15.81351523699115,NORMAL,18.45,19.84,23.07,16.7944,80.07247,KRSNWDP_2026-01-28T17:00:00+0000_15.8135
KRSNWDP,Krishna at Wadenepally,Krishna,2026-01-28 18:00:00+00:00,15.942222020216107,NORMAL,18.45,19.84,23.07,16.7944,80.07247,KRSNWDP_2026-01-28T18:00:00+0000_15.9422
KRSNWDP,Krishna at Wadenepally,Krishna,2026-01-28 19:00:00+00:00,15.985518542984169,NORMAL,18.45,19.84,23.07,16.7944,80.07247,KRSNWDP_2026-01-28T19:00:00+0000_15.9855
KRSNWDP,Krishna at Wadenepally,Krishna,2026-01-28 20:00:00+00:00,16.027246247576052,NORMAL,18.45,19.84,23.07,16.7944,80.07247,KRSNWDP_2026-01-28T20:00:00+0000_16.0272
KRSNWDP,Krishna at Wadenepally,Krishna,2026-01-28 21:00:00+00:00,16.039382787031915,NORMAL,18.45,19.84,23.07,16.7944,80.07247,KRSNWDP_2026-01-28T21:00:00+0000_16.0394
KRSNWDP,Krishna at Wadenepally,Krishna,2026-01-28 22:00:00+00:00,16.076823641999447,NORMAL,18.45,19.84,23.07,16.7944,80.07247,KRSNWDP_2026-01-28T22:00:00+0000_16.0768
KRSNWDP,Krishna at Wadenepally,Krishna,2026-01-28 23:00:00+00:00,16.08877562955149,NORMAL,18.45,19.84,23.07,16.7944,80.07247,KRSNWDP_2026-01-28T23:00:00+0000_16.0888
KRSNWDP,Krishna at Wadenepally,Krishna,2026-01-29 00:00:00+00:00,16.110248434020825,NORMAL,18.45,19.84,23.07,16.7944,80.07247,KRSNWDP_2026-01-29T00:00:00+0000_16.1102
KRSNWDP,Krishna at Wadenepally,Krishna,2026-01-29 01:00:00+00:00,16.05155340232903,NORMAL,18.45,19.84,23.07,16.7944,80.07247,KRSNWDP_2026-01-29T01:00:00+0000_16.0516
KRSNWDP,Krishna at Wadenepally,Krishna,2026-01-29 02:00:00+00:00,16.07501649873869,NORMAL,18.45,19.84,23.07,16.7944,80.07247,KRSNWDP_2026-01-29T02:00:00+0000_16.0750
KRSNWDP,Krishna at Wadenepally,Krishna,2026-01-29 03:00:00+00:00,16.034832413374627,NORMAL,18.45,19.84,23.07,16.7944,80.07247,KRSNWDP_2026-01-29T03:00:00+0000_16.0348
KRSNWDP,Krishna at Wadenepally,Krishna,2026-01-29 04:00:00+00:00,15.959737744570146,NORMAL,18.45,19.84,23.07,16.7944,80.07247,KRSNWDP_2026-01-29T04:00:00+0000_15.9597
KRSNWDP,Krishna at Wadenepally,Krishna,2026-01-29 05:00:00+00:00,15.95276870584508,NORMAL,18.45,19.84,23.07,16.7944,80.07247,KRSNWDP_2026-01-29T05:00:00+0000_15.9528
KRSNWDP,Krishna at Wadenepally,Krishna,2026-01-29 06:00:00+00:00,15.854267212715143,NORMAL,18.45,19.84,23.07,16.7944,80.07247,KRSNWDP_2026-01-29T06:00:00+0000_15.8543
KRSNWDP,Krishna at Wadenepally,Krishna,2026-01-29 07:00:00+00:00,15.77336211103338,NORMAL,18.45,19.84,23.07,16.7944,80.07247,KRSNWDP_2026-01-29T07:00:00+0000_15.7734
KRSNWDP,Krishna at Wadenepally,Krishna,2026-01-29 08:00:00+00:00,15.766117536820849,NORMAL,18.45,19.84,23.07,16.7944,80.07247,KRSNWDP_2026-01-29T08:00:00+0000_15.7661
KRSNWDP,Krishna at Wadenepally,Krishna,2026-01-29 09:00:00+00:00,15.686212912421563,NORMAL,18.45,19.84,23.07,16.7944,80.07247,KRSNWDP_2026-01-29T09:00:00+0000_15.6862
KRSNWDP,Krishna at Wadenepally,Krishna,2026-01-29 10:00:00+00:00,15.692511786670485,NORMAL,18.45,19.84,23.07,16.7944,80.07247,KRSNWDP_2026-01-29T10:00:00+0000_15.6925
KRSNWDP,Krishna at Wadenepally,Krishna,2026-01-29 11:00:00+00:00,15.667779411140376,NORMAL,18.45,19.84,23.07,16.7944,80.07247,KRSNWDP_2026-01-29T11:00:00+0000_15.6678
KRSNWDP,Krishna at Wadenepally,Krishna,2026-01-29 12:00:00+00:00,15.669387208051935,NORMAL,18.45,19.84,23.07,16.7944,80.07247,KRSNWDP_2026-01-29T12:00:00+0000_15.6694
KRSNWDP,Krishna at Wadenepally,Krishna,2026-01-29 13:00:00+00:00,15.690011509284208,NORMAL,18.45,19.84,23.07,16.7944,80.07247,KRSNWDP_2026-01-29T13:00:00+0000_15.6900
KRSNWDP,Krishna at Wadenepally,Krishna,2026-01-29 14:00:00+00:00,15.779446308550831,NORMAL,18.45,19.84,23.07,16.7944,80.07247,KRSNWDP_2026-01-29T14:00:00+0000_15.7794
KRSNWDP,Krishna at Wadenepally,Krishna,2026-01-29 15:00:00+00:00,15.804273884276842,NORMAL,18.45,19.84,23.07,16.7944,80.07247,KRSNWDP_2026-01-29T15:00:00+0000_15.8043
KRSNWDP,Krishna at Wadenepally,Krishna,2026-01-29 16:00:00+00:00,15.799289063109898,NORMAL,18.45,19.84,23.07,16.7944,80.07247,KRSNWDP_2026-01-29T16:00:00+0000_15.7993
KRSNWDP,Krishna at Wadenepally,Krishna,2026-01-29 17:00:00+00:00,15.855464871551508,NORMAL,18.45,19.84,23.07,16.7944,80.07247,KRSNWDP_2026-01-29T17:00:00+0000_15.8555
KRSNWDP,Krishna at Wadenepally,Krishna,2026-01-29 18:00:00+00:00,15.933329902863672,NORMAL,18.45,19.84,23.07,16.7944,80.07247,KRSNWDP_2026-01-29T18:00:00+0000_15.9333
KRSNWDP,Krishna at Wadenepally,Krishna,2026-01-29 19:00:00+00:00,15.930068422521964,NORMAL,18.45,19.84,23.07,16.7944,80.07247,KRSNWDP_2026-01-29T19:00:00+0000_15.9301
KRSNWDP,Krishna at Wadenepally,Krishna,2026-01-29 20:00:00+00:00,17.65124326348648,NORMAL,18.45,19.84,23.07,16.7944,80.07247,KRSNWDP_2026-01-29T20:00:00+0000_17.6512
KRSNWDP,Krishna at Wadenepally,Krishna,2026-01-29 21:00:00+00:00,17.49135189812481,NORMAL,18.45,19.84,23.07,16.7944,80.07247,KRSNWDP_2026-01-29T21:00:00+0000_17.4914
KRSNWDP,Krishna at Wadenepally,Krishna,2026-01-29 22:00:00+00:00,16.088286946568985,NORMAL,18.45,19.84,23.07,16.7944,80.07247,KRSNWDP_2026-01-29T22:00:00+0000_16.0883
KRSNWDP,Krishna at Wadenepally,Krishna,2026-01-29 23:00:00+00:00,16.067008536476553,NORMAL,18.45,19.84,23.07,16.7944,80.07247,KRSNWDP_2026-01-29T23:00:00+0000_16.0670
KRSNWDP,Krishna at Wadenepally,Krishna,2026-01-30 00:00:00+00:00,16.090100049004583,NORMAL,18.45,19.84,23.07,16.7944,80.07247,KRSNWDP_2026-01-30T00:00:00+0000_16.0901
KRSNWDP,Krishna at Wadenepally,Krishna,2026-01-30 01:00:00+00:00,16.076913935616815,NORMAL,18.45,19.84,23.07,16.7944,80.07247,KRSNWDP_2026-01-30T01:00:00+0000_16.0769
KRSNWDP,Krishna at Wadenepally,Krishna,2026-01-30 02:00:00+00:00,16.05825702182854,NORMAL,18.45,19.84,23.07,16.7944,80.07247,KRSNWDP_2026-01-30T02:00:00+0000_16.0583
KRSNWDP,Krishna at Wadenepally,Krishna,2026-01-30 03:00:00+00:00,15.974365394095049,NORMAL,18.45,19.84,23.07,16.7944,80.07247,KRSNWDP_2026-01-30T03:00:00+0000_15.9744
KRSNWDP,Krishna at Wadenepally,Krishna,2026-01-30 04:00:00+00:00,,,18.45,19.84,23.07,16.7944,80.07247,KRSNWDP_2026-01-30T04:00:00+0000_
KRSNWDP,Krishna at Wadenepally,Krishna,2026-01-30 05:00:00+00:00,15.860550641595037,NORMAL,18.45,19.84,23.07,16.7944,80.07247,KRSNWDP_2026-01-30T05:00:00+0000_15.8606
KRSNWDP,Krishna at Wadenepally,Krishna,2026-01-30 06:00:00+00:00,15.84874448803484,NORMAL,18.45,19.84,23.07,16.7944,80.07247,KRSNWDP_2026-01-30T06:00:00+0000_15.8487
KRSNWDP,Krishna at Wadenepally,Krishna,2026-01-30 07:00:00+00:00,15.768439460020597,NORMAL,18.45,19.84,23.07,16.7944,80.07247,KRSNWDP_2026-01-30T07:00:00+0000_15.7684
KRSNWDP,Krishna at Wadenepally,Krishna,2026-01-30 08:00:00+00:00,15.741881376338595,NORMAL,18.45,19.84,23.07,16.7944,80.07247,KRSNWDP_2026-01-30T08:00:00+0000_15.7419
KRSNWDP,Krishna at Wadenepally,Krishna,2026-01-30 09:00:00+00:00,15.712137524227268,NORMAL,18.45,19.84,23.07,16.7944,80.07247,KRSNWDP_2026-01-30T09:00:00+0000_15.7121
KRSNWDP,Krishna at Wadenepally,Krishna,2026-01-30 10:00:00+00:00,15.72547146718138,NORMAL,18.45,19.84,23.07,16.7944,80.07247,KRSNWDP_2026-01-30T10:00:00+0000_15.7255
KRSNWDP,Krishna at Wadenepally,Krishna,2026-01-30 11:00:00+00:00,15.71972059471856,NORMAL,18.45,19.84,23.07,16.7944,80.07247,KRSNWDP_2026-01-30T11:00:00+0000_15.7197
KRSNWDP,Krishna at Wadenepally,Krishna,2026-01-30 12:00:00+00:00,15.73906795556075,NORMAL,18.45,19.84,23.07,16.7944,80.07247,KRSNWDP_2026-01-30T12:00:00+0000_15.7391
KRSNWDP,Krishna at Wadenepally,Krishna,2026-01-30 13:00:00+00:00,15.699708188829296,NORMAL,18.45,19.84,23.07,16.7944,80.07247,KRSNWDP_2026-01-30T13:00:00+0000_15.6997
KRSNWDP,Krishna at Wadenepally,Krishna,2026-01-30 14:00:00+00:00,15.752581888909278,NORMAL,18.45,19.84,23.07,16.7944,80.07247,KRSNWDP_2026-01-30T14:00:00+0000_15.7526
KRSNWDP,Krishna at Wadenepally,Krishna,2026-01-30 15:00:00+00:00,15.770592630583252,NORMAL,18.45,19.84,23.07,16.7944,80.07247,KRSNWDP_2026-01-30T15:00:00+0000_15.7706
KRSNWDP,Krishna at Wadenepally,Krishna,2026-01-30 16:00:00+00:00,15.835872349900882,NORMAL,18.45,19.84,23.07,16.7944,80.07247,KRSNWDP_2026-01-30T16:00:00+0000_15.8359
KRSNWDP,Krishna at Wadenepally,Krishna,2026-01-30 17:00:00+00:00,15.906026432352183,NORMAL,18.45,19.84,23.07,16.7944,80.07247,KRSNWDP_2026-01-30T17:00:00+0000_15.9060
KRSNWDP,Krishna at Wadenepally,Krishna,2026-01-30 18:00:00+00:00,15.886461784846306,NORMAL,18.45,19.84,23.07,16.7944,80.07247,KRSNWDP_2026-01-30T18:00:00+0000_15.8865
KRSNWDP,Krishna at Wadenepally,Krishna,2026-01-30 19:00:00+00:00,15.986096359018102,NORMAL,18.45,19.84,23.07,16.7944,80.07247,KRSNWDP_2026-01-30T19:00:00+0000_15.9861
KRSNWDP,Krishna at Wadenepally,Krishna,2026-01-30 20:00:00+00:00,15.980063858041774,NORMAL,18.45,19.84,23.07,16.7944,80.07247,KRSNWDP_2026-01-30T20:00:00+0000_15.9801
KRSNWDP,Krishna at Wadenepally,Krishna,2026-01-30 21:00:00+00:00,16.031149588429727,NORMAL,18.45,19.84,23.07,16.7944,80.07247,KRSNWDP_2026-01-30T21:00:00+0000_16.0311
KRSNWDP,Krishna at Wadenepally,Krishna,2026-01-30 22:00:00+00:00,16.11237061854461,NORMAL,18.45,19.84,23.07,16.7944,80.07247,KRSNWDP_2026-01-30T22:00:00+0000_16.1124
KRSNWDP,Krishna at Wadenepally,Krishna,2026-01-30 23:00:00+00:00,16.087290399539608,NORMAL,18.45,19.84,23.07,16.7944,80.07247,KRSNWDP_2026-01-30T23:00:00+0000_16.0873
KRSNWDP,Krishna at Wadenepally,Krishna,2026-01-31 00:00:00+00:00,16.11987197096268,NORMAL,18.45,19.84,23.07,16.7944,80.07247,KRSNWDP_2026-01-31T00:00:00+0000_16.1199
KRSNWDP,Krishna at Wadenepally,Krishna,2026-01-31 01:00:00+00:00,16.10332303592107,NORMAL,18.45,19.84,23.07,16.7944,80.07247,KRSNWDP_2026-01-31T01:00:00+0000_16.1033
KRSNWDP,Krishna at Wadenepally,Krishna,2026-01-31 02:00:00+00:00,16.077463672741068,NORMAL,18.45,19.84,23.07,16.7944,80.07247,KRSNWDP_2026-01-31T02:00:00+0000_16.0775
KRSNWDP,Krishna at Wadenepally,Krishna,2026-01-31 03:00:00+00:00,15.957082030221857,NORMAL,18.45,19.84,23.07,16.7944,80.07247,KRSNWDP_2026-01-31T03:00:00+0000_15.9571
KRSNWDP,Krishna at Wadenepally,Krishna,2026-01-31 04:00:00+00:00,15.9186668290465,NORMAL,18.45,19.84,23.07,16.7944,80.07247,KRSNWDP_2026-01-31T04:00:00+0000_15.9187
KRSNWDP,Krishna at Wadenepally,Krishna,2026-01-31 05:00:00+00:00,,,18.45,19.84,23.07,16.7944,80.07247,KRSNWDP_2026-01-31T05:00:00+0000_
KRSNWDP,Krishna at Wadenepally,Krishna,2026-01-31 06:00:00+00:00,15.816295621020483,NORMAL,18.45,19.84,23.07,16.7944,80.07247,KRSNWDP_2026-01-31T06:00:00+0000_15.8163
KRSNWDP,Krishna at Wadenepally,Krishna,2026-01-31 07:00:00+00:00,15.782269477845896,NORMAL,18.45,19.84,23.07,16.7944,80.07247,KRSNWDP_2026-01-31T07:00:00+0000_15.7823
KRSNWDP,Krishna at Wadenepally,Krishna,2026-01-31 08:00:00+00:00,15.774213828681855,NORMAL,18.45,19.84,23.07,16.7944,80.07247,KRSNWDP_2026-01-31T08:00:00+0000_15.7742
KRSNWDP,Krishna at Wadenepally,Krishna,2026-01-31 09:00:00+00:00,15.735474089373994,NORMAL,18.45,19.84,23.07,16.7944,80.07247,KRSNWDP_2026-01-31T09:00:00+0000_15.7355
KRSNWDP,Krishna at Wadenepally,Krishna,2026-01-31 10:00:00+00:00,15.758798843956594,NORMAL,18.45,19.84,23.07,16.7944,80.07247,KRSNWDP_2026-01-31T10:00:00+0000_15.7588
KRSNWDP,Krishna at Wadenepally,Krishna,2026-01-31 11:00:00+00:00,15.700394188813148,NORMAL,18.45,19.84,23.07,16.7944,80.07247,KRSNWDP_2026-01-31T11:00:00+0000_15.7004
KRSNWDP,Krishna at Wadenepally,Krishna,2026-01-31 12:00:00+00:00,15.665951206307875,NORMAL,18.45,19.84,23.07,16.7944,80.07247,KRSNWDP_2026-01-31T12:00:00+0000_15.6660
KRSNWDP,Krishna at Wadenepally,Krishna,2026-01-31 13:00:00+00:00,15.743705533411374,NORMAL,18.45,19.84,23.07,16.7944,80.07247,KRSNWDP_2026-01-31T13:00:00+0000_15.7437
KRSNWDP,Krishna at Wadenepally,Krishna,2026-01-31 14:00:00+00:00,15.732813637248356,NORMAL,18.45,19.84,23.07,16.7944,80.07247,KRSNWDP_2026-01-31T14:00:00+0000_15.7328
KRSNWDP,Krishna at Wadenepally,Krishna,2026-01-31 15:00:00+00:00,15.767181960535456,NORMAL,18.45,19.84,23.07,16.7944,80.07247,KRSNWDP_2026-01-31T15:00:00+0000_15.7672
KRSNWDP,Krishna at Wadenepally,Krishna,2026-01-31 16:00:00+00:00,15.778599302554474,NORMAL,18.45,19.84,23.07,16.7944,80.07247,KRSNWDP_2026-01-31T16:00:00+0000_15.7786
KRSNWDP,Krishna at Wadenepally,Krishna,2026-01-31 17:00:00+00:00,15.872942244327144,NORMAL,18.45,19.84,23.07,16.7944,80.07247,KRSNWDP_2026-01-31T17:00:00+0000_15.8729
KRSNWDP,Krishna at Wadenepally,Krishna,2026-01-31 18:00:00+00:00,15.939480758114296,NORMAL,18.45,19.84,23.07,16.7944,80.07247,KRSNWDP_2026-01-31T18:00:00+0000_15.9395
KRSNWDP,Krishna at Wadenepally,Krishna,2026-01-31 19:00:00+00:00,16.01130080590818,NORMAL,18.45,19.84,23.07,16.7944,80.07247,KRSNWDP_2026-01-31T19:00:00+0000_16.0113
KRSNWDP,Krishna at Wadenepally,Krishna,2026-01-31 20:00:00+00:00,16.04647078579476,NORMAL,18.45,19.84,23.07,16.7944,80.07247,KRSNWDP_2026-01-31T20:00:00+0000_16.0465
KRSNWDP,Krishna at Wadenepally,Krishna,2026-01-31 21:00:00+00:00,16.06888519975265,NORMAL,18.45,19.84,23.07,16.7944,80.07247,KRSNWDP_2026-01-31T21:00:00+0000_16.0689
KRSNWDP,Krishna at Wadenepally,Krishna,2026-01-31 22:00:00+00:00,16.042785894635482,NORMAL,18.45,19.84,23.07,16.7944,80.07247,KRSNWDP_2026-01-31T22:00:00+0000_16.0428
KRSNWDP,Krishna at Wadenepally,Krishna,2026-01-31 23:00:00+00:00,16.045450322946387,NORMAL,18.45,19.84,23.07,16.7944,80.07247,KRSNWDP_2026-01-31T23:00:00+0000_16.0455
KRSNWDP,Krishna at Wadenepally,Krishna,2026-02-01 00:00:00+00:00,16.074832677073058,NORMAL,18.45,19.84,23.07,16.7944,80.07247,KRSNWDP_2026-02-01T00:00:00+0000_16.0748
KRSNWDP,Krishna at Wadenepally,Krishna,2026-02-01 01:00:00+00:00,16.06142057133076,NORMAL,18.45,19.84,23.07,16.7944,80.07247,KRSNWDP_2026-02-01T01:00:00+0000_16.0614
KRSNWDP,Krishna at Wadenepally,Krishna,2026-02-01 02:00:00+00:00,16.081706377319037,NORMAL,18.45,19.84,23.07,16.7944,80.07247,KRSNWDP_2026-02-01T02:00:00+0000_16.0817
KRSNWDP,Krishna at Wadenepally,Krishna,2026-02-01 03:00:00+00:00,15.993665093095697,NORMAL,18.45,19.84,23.07,16.7944,80.07247,KRSNWDP_2026-02-01T03:00:00+0000_15.9937
KRSNWDP,Krishna at Wadenepally,Krishna,2026-02-01 04:00:00+00:00,15.92531338822846,NORMAL,18.45,19.84,23.07,16.7944,80.07247,KRSNWDP_2026-02-01T04:00:00+0000_15.9253
KRSNWDP,Krishna at Wadenepally,Krishna,2026-02-01 05:00:00+00:00,15.883644483196338,NORMAL,18.45,19.84,23.07,16.7944,80.07247,KRSNWDP_2026-02-01T05:00:00+0000_15.8836
KRSNWDP,Krishna at Wadenepally,Krishna,2026-02-01 06:00:00+00:00,15.81751275751557,NORMAL,18.45,19.84,23.07,16.7944,80.07247,KRSNWDP_2026-02-01T06:00:00+0000_15.8175
KRSNWDP,Krishna at Wadenepally,Krishna,2026-02-01 07:00:00+00:00,15.812954759258,NORMAL,18.45,19.84,23.07,16.7944,80.07247,KRSNWDP_2026-02-01T07:00:00+0000_15.8130
KRSNWDP,Krishna at Wadenepally,Krishna,2026-02-01 08:00:00+00:00,15.77641320916244,NORMAL,18.45,19.84,23.07,16.7944,80.07247,KRSNWDP_2026-02-01T08:00:00+0000_15.7764
KRSNWDP,Krishna at Wadenepally,Krishna,2026-02-01 09:00:00+00:00,15.750609406416476,NORMAL,18.45,19.84,23.07,16.7944,80.07247,KRSNWDP_2026-02-01T09:00:00+0000_15.7506
KRSNWDP,Krishna at Wadenepally,Krishna,2026-02-01 10:00:00+00:00,15.705994521003166,NORMAL,18.45,19.84,23.07,16.7944,80.07247,KRSNWDP_2026-02-01T10:00:00+0000_15.7060
KRSNWDP,Krishna at Wadenepally,Krishna,2026-02-01 11:00:00+00:00,15.743605473971565,NORMAL,18.45,19.84,23.07,16.7944,80.07247,KRSNWDP_2026-02-01T11:00:00+0000_15.7436
KRSNWDP,Krishna at Wadenepally,Krishna,2026-02-01 12:00:00+00:00,,,18.45,19.84,23.07,16.7944,80.07247,KRSNWDP_2026-02-01T12:00:00+0000_
KRSNWDP,Krishna at Wadenepally,Krishna,2026-02-01 13:00:00+00:00,15.687523534636105,NORMAL,18.45,19.84,23.07,16.7944,80.07247,KRSNWDP_2026-02-01T13:00:00+0000_15.6875
KRSNWDP,Krishna at Wadenepally,Krishna,2026-02-01 14:00:00+00:00,15.75050887239898,NORMAL,18.45,19.84,23.07,16.7944,80.07247,KRSNWDP_2026-02-01T14:00:00+0000_15.7505
KRSNWDP,Krishna at Wadenepally,Krishna,2026-02-01 15:00:00+00:00,15.738676682815504,NORMAL,18.45,19.84,23.07,16.7944,80.07247,KRSNWDP_2026-02-01T15:00:00+0000_15.7387
KRSNWDP,Krishna at Wadenepally,Krishna,2026-02-01 16:00:00+00:00,15.844110033653978,NORMAL,18.45,19.84,23.07,16.7944,80.07247,KRSNWDP_2026-02-01T16:00:00+0000_15.8441
KRSNWDP,Krishna at Wadenepally,Krishna,2026-02-01 17:00:00+00:00,15.842250102323437,NORMAL,18.45,19.84,23.07,16.7944,80.07247,KRSNWDP_2026-02-01T17:00:00+0000_15.8423
KRSNWDP,Krishna at Wadenepally,Krishna,2026-02-01 18:00:00+00:00,,,18.45,19.84,23.07,16.7944,80.07247,KRSNWDP_2026-02-01T18:00:00+0000_
KRSNWDP,Krishna at Wadenepally,Krishna,2026-02-01 19:00:00+00:00,17.75527368142881,NORMAL,18.45,19.84,23.07,16.7944,80.07247,KRSNWDP_2026-02-01T19:00:00+0000_17.7553
KRSNWDP,Krishna at Wadenepally,Krishna,2026-02-01 20:00:00+00:00,15.994158422283853,NORMAL,18.45,19.84,23.07,16.7944,80.07247,KRSNWDP_2026-02-01T20:00:00+0000_15.9942
KRSNWDP,Krishna at Wadenepally,Krishna,2026-02-01 21:00:00+00:00,16.0705857146514,NORMAL,18.45,19.84,23.07,16.7944,80.07247,KRSNWDP_2026-02-01T21:00:00+0000_16.0706
KRSNWDP,Krishna at Wadenepally,Krishna,2026-02-01 22:00:00+00:00,16.06531150436513,NORMAL,18.45,19.84,23.07,16.7944,80.07247,KRSNWDP_2026-02-01T22:00:00+0000_16.0653
KRSNWDP,Krishna at Wadenepally,Krishna,2026-02-01 23:00:00+00:00,16.059506075347375,NORMAL,18.45,19.84,23.07,16.7944,80.07247,KRSNWDP_2026-02-01T23:00:00+0000_16.0595
KRSNWDP,Krishna at Wadenepally,Krishna,2026-02-02 00:00:00+00:00,16.07609125782246,NORMAL,18.45,19.84,23.07,16.7944,80.07247,KRSNWDP_2026-02-02T00:00:00+0000_16.0761
KRSNWDP,Krishna at Wadenepally,Krishna,2026-02-02 01:00:00+00:00,16.1041822619988,NORMAL,18.45,19.84,23.07,16.7944,80.07247,KRSNWDP_2026-02-02T01:00:00+0000_16.1042
KRSNWDP,Krishna at Wadenepally,Krishna,2026-02-02 02:00:00+00:00,16.005815583680672,NORMAL,18.45,19.84,23.07,16.7944,80.07247,KRSNWDP_2026-02-02T02:00:00+0000_16.0058
KRSNWDP,Krishna at Wadenepally,Krishna,2026-02-02 03:00:00+00:00,16.038679570229423,NORMAL,18.45,19.84,23.07,16.7944,80.07247,KRSNWDP_2026-02-02T03:00:00+0000_16.0387
KRSNWDP,Krishna at Wadenepally,Krishna,2026-02-02 04:00:00+00:00,15.93477827005765,NORMAL,18.45,19.84,23.07,16.7944,80.07247,KRSNWDP_2026-02-02T04:00:00+0000_15.9348
KRSNWDP,Krishna at Wadenepally,Krishna,2026-02-02 05:00:00+00:00,15.951576148903465,NORMAL,18.45,19.84,23.07,16.7944,80.07247,KRSNWDP_2026-02-02T05:00:00+0000_15.9516
KRSNWDP,Krishna at Wadenepally,Krishna,2026-02-02 06:00:00+00:00,15.91052566795133,NORMAL,18.45,19.84,23.07,16.7944,80.07247,KRSNWDP_2026-02-02T06:00:00+0000_15.9105
KRSNWDP,Krishna at Wadenepally,Krishna,2026-02-02 07:00:00+00:00,15.86692246767587,NORMAL,18.45,19.84,23.07,16.7944,80.07247,KRSNWDP_2026-02-02T07:00:00+0000_15.8669
KRSNWDP,Krishna at Wadenepally,Krishna,2026-02-02 08:00:00+00:00,15.788436166440691,NORMAL,18.45,19.84,23.07,16.7944,80.07247,KRSNWDP_2026-02-02T08:00:00+0000_15.7884
KRSNWDP,Krishna at Wadenepally,Krishna,2026-02-02 09:00:00+00:00,15.763166463287176,NORMAL,18.45,19.84,23.07,16.7944,80.07247,KRSNWDP_2026-02-02T09:00:00+0000_15.7632
KRSNWDP,Krishna at Wadenepally,Krishna,2026-02-02 10:00:00+00:00,15.75524624620856,NORMAL,18.45,19.84,23.07,16.7944,80.07247,KRSNWDP_2026-02-02T10:00:00+0000_15.7552
KRSNWDP,Krishna at Wadenepally,Krishna,2026-02-02 11:00:00+00:00,15.67971473898684,NORMAL,18.45,19.84,23.07,16.7944,80.07247,KRSNWDP_2026-02-02T11:00:00+0000_15.6797
KRSNWDP,Krishna at Wadenepally,Krishna,2026-02-02 12:00:00+00:00,15.714091125301485,NORMAL,18.45,19.84,23.07,16.7944,80.07247,KRSNWDP_2026-02-02T12:00:00+0000_15.7141
KRSNWDP,Krishna at Wadenepally,Krishna,2026-02-02 13:00:00+00:00,15.756794226862024,NORMAL,18.45,19.84,23.07,16.7944,80.07247,KRSNWDP_2026-02-02T13:00:00+0000_15.7568
KRSNWDP,Krishna at Wadenepally,Krishna,2026-02-02 14:00:00+00:00,15.797534567286403,NORMAL,18.45,19.84,23.07,16.7944,80.07247,KRSNWDP_2026-02-02T14:00:00+0000_15.7975
KRSNWDP,Krishna at Wadenepally,Krishna,2026-02-02 15:00:00+00:00,15.762140091885044,NORMAL,18.45,19.84,23.07,16.7944,80.07247,KRSNWDP_2026-02-02T15:00:00+0000_15.7621
KRSNWDP,Krishna at Wadenepally,Krishna,2026-02-02 16:00:00+00:00,15.86962609165135,NORMAL,18.45,19.84,23.07,16.7944,80.07247,KRSNWDP_2026-02-02T16:00:00+0000_15.8696
KRSNWDP,Krishna at Wadenepally,Krishna,2026-02-02 17:00:00+00:00,15.85259145795599,NORMAL,18.45,19.84,23.07,16.7944,80.07247,KRSNWDP_2026-02-02T17:00:00+0000_15.8526
KRSNWDP,Krishna at Wadenepally,Krishna,2026-02-02 18:00:00+00:00,15.936015751176946,NORMAL,18.45,19.84,23.07,16.7944,80.07247,KRSNWDP_2026-02-02T18:00:00+0000_15.9360
KRSNWDP,Krishna at Wadenepally,Krishna,2026-02-02 19:00:00+00:00,16.01132063370543,NORMAL,18.45,19.84,23.07,16.7944,80.07247,KRSNWDP_2026-02-02T19:00:00+0000_16.0113
KRSNWDP,Krishna at Wadenepally,Krishna,2026-02-02 20:00:00+00:00,16.038642001092395,NORMAL,18.45,19.84,23.07,16.7944,80.07247,KRSNWDP_2026-02-02T20:00:00+0000_16.0386
KRSNWDP,Krishna at Wadenepally,Krishna,2026-02-02 21:00:00+00:00,16.019654169860537,NORMAL,18.45,19.84,23.07,16.7944,80.07247,KRSNWDP_2026-02-02T21:00:00+0000_16.0197
KRSNWDP,Krishna at Wadenepally,Krishna,2026-02-02 22:00:00+00:00,16.092097705347776,NORMAL,18.45,19.84,23.07,16.7944,80.07247,KRSNWDP_2026-02-02T22:00:00+0000_16.0921
KRSNWDP,Krishna at Wadenepally,Krishna,2026-02-02 23:00:00+00:00,16.099925059299846,NORMAL,18.45,19.84,23.07,16.7944,80.07247,KRSNWDP_2026-02-02T23:00:00+0000_16.0999
KRSNWDP,Krishna at Wadenepally,Krishna,2026-02-03 00:00:00+00:00,16.086046703445586,NORMAL,18.45,19.84,23.07,16.7944,80.07247,KRSNWDP_2026-02-03T00:00:00+0000_16.0860
KRSNWDP,Krishna at Wadenepally,Krishna,2026-02-03 01:00:00+00:00,16.128067686936436,NORMAL,18.45,19.84,23.07,16.7944,80.07247,KRSNWDP_2026-02-03T01:00:00+0000_16.1281
KRSNWDP,Krishna at Wadenepally,Krishna,2026-02-03 02:00:00+00:00,16.02990863796432,NORMAL,18.45,19.84,23.07,16.7944,80.07247,KRSNWDP_2026-02-03T02:00:00+0000_16.0299
KRSNWDP,Krishna at Wadenepally,Krishna,2026-02-03 03:00:00+00:00,16.05479190552989,NORMAL,18.45,19.84,23.07,16.7944,80.07247,KRSNWDP_2026-02-03T03:00:00+0000_16.0548
KRSNWDP,Krishna at Wadenepally,Krishna,2026-02-03 04:00:00+00:00,15.94649627127028,NORMAL,18.45,19.84,23.07,16.7944,80.07247,KRSNWDP_2026-02-03T04:00:00+0000_15.9465
KRSNWDP,Krishna at Wadenepally,Krishna,2026-02-03 05:00:00+00:00,15.940119283303122,NORMAL,18.45,19.84,23.07,16.7944,80.07247,KRSNWDP_2026-02-03T05:00:00+0000_15.9401
KRSNWDP,Krishna at Wadenepally,Krishna,2026-02-03 06:00:00+00:00,15.890170543102906,NORMAL,18.45,19.84,23.07,16.7944,80.07247,KRSNWDP_2026-02-03T06:00:00+0000_15.8902
KRSNWDP,Krishna at Wadenepally,Krishna,2026-02-03 07:00:00+00:00,15.801942224442447,NORMAL,18.45,19.84,23.07,16.7944,80.07247,KRSNWDP_2026-02-03T07:00:00+0000_15.8019
KRSNWDP,Krishna at Wadenepally,Krishna,2026-02-03 08:00:00+00:00,15.81455479190778,NORMAL,18.45,19.84,23.07,16.7944,80.07247,KRSNWDP_2026-02-03T08:00:00+0000_15.8146
KRSNWDP,Krishna at Wadenepally,Krishna,2026-02-03 09:00:00+00:00,15.720615393273174,NORMAL,18.45,19.84,23.07,16.7944,80.07247,KRSNWDP_2026-02-03T09:00:00+0000_15.7206
KRSNWDP,Krishna at Wadenepally,Krishna,2026-02-03 10:00:00+00:00,15.760428312337654,NORMAL,18.45,19.84,23.07,16.7944,80.07247,KRSNWDP_2026-02-03T10:00:00+0000_15.7604
KRSNWDP,Krishna at Wadenepally,Krishna,2026-02-03 11:00:00+00:00,15.72270739798997,NORMAL,18.45,19.84,23.07,16.7944,80.07247,KRSNWDP_2026-02-03T11:00:00+0000_15.7227
KRSNWDP,Krishna at Wadenepally,Krishna,2026-02-03 12:00:00+00:00,15.714803779499515,NORMAL,18.45,19.84,23.07,16.7944,80.07247,KRSNWDP_2026-02-03T12:00:00+0000_15.7148
KRSNWDP,Krishna at Wadenepally,Krishna,2026-02-03 13:00:00+00:00,15.7105245874024,NORMAL,18.45,19.84,23.07,16.7944,80.07247,KRSNWDP_2026-02-03T13:00:00+0000_15.7105
KRSNWDP,Krishna at Wadenepally,Krishna,2026-02-03 14:00:00+00:00,15.793407278832923,NORMAL,18.45,19.84,23.07,16.7944,80.07247,KRSNWDP_2026-02-03T14:00:00+0000_15.7934
KRSNWDP,Krishna at Wadenepally,Krishna,2026-02-03 15:00:00+00:00,15.749695237803268,NORMAL,18.45,19.84,23.07,16.7944,80.07247,KRSNWDP_2026-02-03T15:00:00+0000_15.7497
KRSNWDP,Krishna at Wadenepally,Krishna,2026-02-03 16:00:00+00:00,15.86031207652622,NORMAL,18.45,19.84,23.07,16.7944,80.07247,KRSNWDP_2026-02-03T16:00:00+0000_15.8603
KRSNWDP,Krishna at Wadenepally,Krishna,2026-02-03 17:00:00+00:00,15.847050908245132,NORMAL,18.45,19.84,23.07,16.7944,80.07247,KRSNWDP_2026-02-03T17:00:00+0000_15.8471
KRSNWDP,Krishna at Wadenepally,Krishna,2026-02-03 18:00:00+00:00,15.9397837078204,NORMAL,18.45,19.84,23.07,16.7944,80.07247,KRSNWDP_2026-02-03T18:00:00+0000_15.9398
KRSNWDP,Krishna at Wadenepally,Krishna,2026-02-03 19:00:00+00:00,15.979782660327492,NORMAL,18.45,19.84,23.07,16.7944,80.07247,KRSNWDP_2026-02-03T19:00:00+0000_15.9798
KRSNWDP,Krishna at Wadenepally,Krishna,2026-02-03 20:00:00+00:00,16.040442670974173,NORMAL,18.45,19.84,23.07,16.7944,80.07247,KRSNWDP_2026-02-03T20:00:00+0000_16.0404
KRSNWDP,Krishna at Wadenepally,Krishna,2026-02-03 21:00:00+00:00,16.065978445194933,NORMAL,18.45,19.84,23.07,16.7944,80.07247,KRSNWDP_2026-02-03T21:00:00+0000_16.0660
KRSNWDP,Krishna at Wadenepally,Krishna,2026-02-03 22:00:00+00:00,16.07293289191578,NORMAL,18.45,19.84,23.07,16.7944,80.07247,KRSNWDP_2026-02-03T22:00:00+0000_16.0729
KRSNWDP,Krishna at Wadenepally,Krishna,2026-02-03 23:00:00+00:00,16.087323029675,NORMAL,18.45,19.84,23.07,16.7944,80.07247,KRSNWDP_2026-02-03T23:00:00+0000_16.0873
KRSNWDP,Krishna at Wadenepally,Krishna,2026-02-04 00:00:00+00:00,16.110927428174858,NORMAL,18.45,19.84,23.07,16.7944,80.07247,KRSNWDP_2026-02-04T00:00:00+0000_16.1109
KRSNWDP,Krishna at Wadenepally,Krishna,2026-02-04 01:00:00+00:00,16.05414771041238,NORMAL,18.45,19.84,23.07,16.7944,80.07247,KRSNWDP_2026-02-04T01:00:00+0000_16.0541
KRSNWDP,Krishna at Wadenepally,Krishna,2026-02-04 02:00:00+00:00,16.09411281865587,NORMAL,18.45,19.84,23.07,16.7944,80.07247,KRSNWDP_2026-02-04T02:00:00+0000_16.0941
KRSNWDP,Krishna at Wadenepally,Krishna,2026-02-04 03:00:00+00:00,16.000424991970934,NORMAL,18.45,19.84,23.07,16.7944,80.07247,KRSNWDP_2026-02-04T03:00:00+0000_16.0004
KRSNWDP,Krishna at Wadenepally,Krishna,2026-02-04 04:00:00+00:00,15.999318558332217,NORMAL,18.45,19.84,23.07,16.7944,80.07247,KRSNWDP_2026-02-04T04:00:00+0000_15.9993
KRSNWDP,Krishna at Wadenepally,Krishna,2026-02-04 05:00:00+00:00,15.921872590377232,NORMAL,18.45,19.84,23.07,16.7944,80.07247,KRSNWDP_2026-02-04T05:00:00+0000_15.9219
KRSNWDP,Krishna at Wadenepally,Krishna,2026-02-04 06:00:00+00:00,15.887332604980466,NORMAL,18.45,19.84,23.07,16.7944,80.07247,KRSNWDP_2026-02-04T06:00:00+0000_15.8873
KRSNWDP,Krishna at Wadenepally,Krishna,2026-02-04 07:00:00+00:00,15.799057586433335,NORMAL,18.45,19.84,23.07,16.7944,80.07247,KRSNWDP_2026-02-04T07:00:00+0000_15.7991
KRSNWDP,Krishna at Wadenepally,Krishna,2026-02-04 08:00:00+00:00,15.77348307526397,NORMAL,18.45,19.84,23.07,16.7944,80.07247,KRSNWDP_2026-02-04T08:00:00+0000_15.7735
KRSNWDP,Krishna at Wadenepally,Krishna,2026-02-04 09:00:00+00:00,15.806022269600136,NORMAL,18.45,19.84,23.07,16.7944,80.07247,KRSNWDP_2026-02-04T09:00:00+0000_15.8060
KRSNWDP,Krishna at Wadenepally,Krishna,2026-02-04 10:00:00+00:00,15.776949198395144,NORMAL,18.45,19.84,23.07,16.7944,80.07247,KRSNWDP_2026-02-04T10:00:00+0000_15.7769
KRSNWDP,Krishna at Wadenepally,Krishna,2026-02-04 11:00:00+00:00,15.701688694363556,NORMAL,18.45,19.84,23.07,16.7944,80.07247,KRSNWDP_2026-02-04T11:00:00+0000_15.7017
KRSNWDP,Krishna at Wadenepally,Krishna,2026-02-04 12:00:00+00:00,15.729982895390458,NORMAL,18.45,19.84,23.07,16.7944,80.07247,KRSNWDP_2026-02-04T12:00:00+0000_15.7300
KRSNWDP,Krishna at Wadenepally,Krishna,2026-02-04 13:00:00+00:00,15.783906572201015,NORMAL,18.45,19.84,23.07,16.7944,80.07247,KRSNWDP_2026-02-04T13:00:00+0000_15.7839
KRSNWDP,Krishna at Wadenepally,Krishna,2026-02-04 14:00:00+00:00,15.717293276116571,NORMAL,18.45,19.84,23.07,16.7944,80.07247,KRSNWDP_2026-02-04T14:00:00+0000_15.7173
KRSNWDP,Krishna at Wadenepally,Krishna,2026-02-04 15:00:00+00:00,15.832342808962078,NORMAL,18.45,19.84,23.07,16.7944,80.07247,KRSNWDP_2026-02-04T15:00:00+0000_15.8323
KRSNWDP,Krishna at Wadenepally,Krishna,2026-02-04 16:00:00+00:00,15.816192913912422,NORMAL,18.45,19.84,23.07,16.7944,80.07247,KRSNWDP_2026-02-04T16:00:00+0000_15.8162
KRSNWDP,Krishna at Wadenepally,Krishna,2026-02-04 17:00:00+00:00,,,18.45,19.84,23.07,16.7944,80.07247,KRSNWDP_2026-02-04T17:00:00+0000_
KRSNWDP,Krishna at Wadenepally,Krishna,2026-02-04 18:00:00+00:00,15.944202766957714,NORMAL,18.45,19.84,23.07,16.7944,80.07247,KRSNWDP_2026-02-04T18:00:00+0000_15.9442
KRSNWDP,Krishna at Wadenepally,Krishna,2026-02-04 19:00:00+00:00,15.98364929752871,NORMAL,18.45,19.84,23.07,16.7944,80.07247,KRSNWDP_2026-02-04T19:00:00+0000_15.9836
KRSNWDP,Krishna at Wadenepally,Krishna,2026-02-04 20:00:00+00:00,15.97839107015816,NORMAL,18.45,19.84,23.07,16.7944,80.07247,KRSNWDP_2026-02-04T20:00:00+0000_15.9784
KRSNWDP,Krishna at Wadenepally,Krishna,2026-02-04 21:00:00+00:00,16.093432458555654,NORMAL,18.45,19.84,23.07,16.7944,80.07247,KRSNWDP_2026-02-04T21:00:00+0000_16.0934
KRSNWDP,Krishna at Wadenepally,Krishna,2026-02-04 22:00:00+00:00,16.084731756289205,NORMAL,18.45,19.84,23.07,16.7944,80.07247,KRSNWDP_2026-02-04T22:00:00+0000_16.0847
KRSNWDP,Krishna at Wadenepally,Krishna,2026-02-04 23:00:00+00:00,16.133964871048683,NORMAL,18.45,19.84,23.07,16.7944,80.07247,KRSNWDP_2026-02-04T23:00:00+0000_16.1340
KRSNWDP,Krishna at Wadenepally,Krishna,2026-02-05 00:00:00+00:00,16.105220142399595,NORMAL,18.45,19.84,23.07,16.7944,80.07247,KRSNWDP_2026-02-05T00:00:00+0000_16.1052
KRSNWDP,Krishna at Wadenepally,Krishna,2026-02-05 01:00:00+00:00,16.069102030352713,NORMAL,18.45,19.84,23.07,16.7944,80.07247,KRSNWDP_2026-02-05T01:00:00+0000_16.0691
KRSNWDP,Krishna at Wadenepally,Krishna,2026-02-05 02:00:00+00:00,16.0551201841282,NORMAL,18.45,19.84,23.07,16.7944,80.07247,KRSNWDP_2026-02-05T02:00:00+0000_16.0551
KRSNWDP,Krishna at Wadenepally,Krishna,2026-02-05 03:00:00+00:00,16.00729528488296,NORMAL,18.45,19.84,23.07,16.7944,80.07247,KRSNWDP_2026-02-05T03:00:00+0000_16.0073
KRSNWDP,Krishna at Wadenepally,Krishna,2026-02-05 04:00:00+00:00,15.97887436325708,NORMAL,18.45,19.84,23.07,16.7944,80.07247,KRSNWDP_2026-02-05T04:00:00+0000_15.9789
KRSNWDP,Krishna at Wadenepally,Krishna,2026-02-05 05:00:00+00:00,15.957608591691976,NORMAL,18.45,19.84,23.07,16.7944,80.07247,KRSNWDP_2026-02-05T05:00:00+0000_15.9576
KRSNWDP,Krishna at Wadenepally,Krishna,2026-02-05 06:00:00+00:00,15.90701211788123,NORMAL,18.45,19.84,23.07,16.7944,80.07247,KRSNWDP_2026-02-05T06:00:00+0000_15.9070
KRSNWDP,Krishna at Wadenepally,Krishna,2026-02-05 07:00:00+00:00,15.848853332192052,NORMAL,18.45,19.84,23.07,16.7944,80.07247,KRSNWDP_2026-02-05T07:00:00+0000_15.8489
KRSNWDP,Krishna at Wadenepally,Krishna,2026-02-05 08:00:00+00:00,15.775391286915124,NORMAL,18.45,19.84,23.07,16.7944,80.07247,KRSNWDP_2026-02-05T08:00:00+0000_15.7754
KRSNWDP,Krishna at Wadenepally,Krishna,2026-02-05 09:00:00+00:00,15.783870996587176,NORMAL,18.45,19.84,23.07,16.7944,80.07247,KRSNWDP_2026-02-05T09:00:00+0000_15.7839
KRSNWDP,Krishna at Wadenepally,Krishna,2026-02-05 10:00:00+00:00,15.719700093546589,NORMAL,18.45,19.84,23.07,16.7944,80.07247,KRSNWDP_2026-02-05T10:00:00+0000_15.7197
KRSNWDP,Krishna at Wadenepally,Krishna,2026-02-05 11:00:00+00:00,,,18.45,19.84,23.07,16.7944,80.07247,KRSNWDP_2026-02-05T11:00:00+0000_
KRSNWDP,Krishna at Wadenepally,Krishna,2026-02-05 12:00:00+00:00,15.697861915320608,NORMAL,18.45,19.84,23.07,16.7944,80.07247,KRSNWDP_2026-02-05T12:00:00+0000_15.6979
KRSNWDP,Krishna at Wadenepally,Krishna,2026-02-05 13:00:00+00:00,15.74861891177258,NORMAL,18.45,19.84,23.07,16.7944,80.07247,KRSNWDP_2026-02-05T13:00:00+0000_15.7486
KRSNWDP,Krishna at Wadenepally,Krishna,2026-02-05 14:00:00+00:00,15.743349212313312,NORMAL,18.45,19.84,23.07,16.7944,80.07247,KRSNWDP_2026-02-05T14:00:00+0000_15.7433
KRSNWDP,Krishna at Wadenepally,Krishna,2026-02-05 15:00:00+00:00,15.818647451485358,NORMAL,18.45,19.84,23.07,16.7944,80.07247,KRSNWDP_2026-02-05T15:00:00+0000_15.8186
KRSNWDP,Krishna at Wadenepally,Krishna,2026-02-05 16:00:00+00:00,15.82537232626586,NORMAL,18.45,19.84,23.07,16.7944,80.07247,KRSNWDP_2026-02-05T16:00:00+0000_15.8254
KRSNWDP,Krishna at Wadenepally,Krishna,2026-02-05 17:00:00+00:00,15.87276078482211,NORMAL,18.45,19.84,23.07,16.7944,80.07247,KRSNWDP_2026-02-05T17:00:00+0000_15.8728
KRSNWDP,Krishna at Wadenepally,Krishna,2026-02-05 18:00:00+00:00,15.908864210907248,NORMAL,18.45,19.84,23.07,16.7944,80.07247,KRSNWDP_2026-02-05T18:00:00+0000_15.9089
KRSNWDP,Krishna at Wadenepally,Krishna,2026-02-05 19:00:00+00:00,15.947323706160718,NORMAL,18.45,19.84,23.07,16.7944,80.07247,KRSNWDP_2026-02-05T19:00:00+0000_15.9473
KRSNWDP,Krishna at Wadenepally,Krishna,2026-02-05 20:00:00+00:00,16.051243111718446,NORMAL,18.45,19.84,23.07,16.7944,80.07247,KRSNWDP_2026-02-05T20:00:00+0000_16.0512
KRSNWDP,Krishna at Wadenepally,Krishna,2026-02-05 21:00:00+00:00,16.076607624630444,NORMAL,18.45,19.84,23.07,16.7944,80.07247,KRSNWDP_2026-02-05T21:00:00+0000_16.0766
KRSNWDP,Krishna at Wadenepally,Krishna,2026-02-05 22:00:00+00:00,16.11819029155494,NORMAL,18.45,19.84,23.07,16.7944,80.07247,KRSNWDP_2026-02-05T22:00:00+0000_16.1182
KRSNWDP,Krishna at Wadenepally,Krishna,2026-02-05 23:00:00+00:00,16.15141978292252,NORMAL,18.45,19.84,23.07,16.7944,80.07247,KRSNWDP_2026-02-05T23:00:00+0000_16.1514
KRSNWDP,Krishna at Wadenepally,Krishna,2026-02-06 00:00:00+00:00,16.068667104490686,NORMAL,18.45,19.84,23.07,16.7944,80.07247,KRSNWDP_2026-02-06T00:00:00+0000_16.0687
KRSNWDP,Krishna at Wadenepally,Krishna,2026-02-06 01:00:00+00:00,16.137223418346753,NORMAL,18.45,19.84,23.07,16.7944,80.07247,KRSNWDP_2026-02-06T01:00:00+0000_16.1372
KRSNWDP,Krishna at Wadenepally,Krishna,2026-02-06 02:00:00+00:00,16.018657850899878,NORMAL,18.45,19.84,23.07,16.7944,80.07247,KRSNWDP_2026-02-06T02:00:00+0000_16.0187
KRSNWDP,Krishna at Wadenepally,Krishna,2026-02-06 03:00:00+00:00,16.045710235137104,NORMAL,18.45,19.84,23.07,16.7944,80.07247,KRSNWDP_2026-02-06T03:00:00+0000_16.0457
KRSNWDP,Krishna at Wadenepally,Krishna,2026-02-06 04:00:00+00:00,15.966466383424718,NORMAL,18.45,19.84,23.07,16.7944,80.07247,KRSNWDP_2026-02-06T04:00:00+0000_15.9665
KRSNWDP,Krishna at Wadenepally,Krishna,2026-02-06 05:00:00+00:00,15.932232321747987,NORMAL,18.45,19.84,23.07,16.7944,80.07247,KRSNWDP_2026-02-06T05:00:00+0000_15.9322
KRSNWDP,Krishna at Wadenepally,Krishna,2026-02-06 06:00:00+00:00,15.859741473528134,NORMAL,18.45,19.84,23.07,16.7944,80.07247,KRSNWDP_2026-02-06T06:00:00+0000_15.8597
KRSNWDP,Krishna at Wadenepally,Krishna,2026-02-06 07:00:00+00:00,15.885329625397558,NORMAL,18.45,19.84,23.07,16.7944,80.07247,KRSNWDP_2026-02-06T07:00:00+0000_15.8853
KRSNWDP,Krishna at Wadenepally,Krishna,2026-02-06 08:00:00+00:00,15.758701951057196,NORMAL,18.45,19.84,23.07,16.7944,80.07247,KRSNWDP_2026-02-06T08:00:00+0000_15.7587
KRSNWDP,Krishna at Wadenepally,Krishna,2026-02-06 09:00:00+00:00,15.716393485358424,NORMAL,18.45,19.84,23.07,16.7944,80.07247,KRSNWDP_2026-02-06T09:00:00+0000_15.7164
KRSNWDP,Krishna at Wadenepally,Krishna,2026-02-06 10:00:00+00:00,15.739392509481382,NORMAL,18.45,19.84,23.07,16.7944,80.07247,KRSNWDP_2026-02-06T10:00:00+0000_15.7394
KRSNWDP,Krishna at Wadenepally,Krishna,2026-02-06 11:00:00+00:00,15.731001852898748,NORMAL,18.45,19.84,23.07,16.7944,80.07247,KRSNWDP_2026-02-06T11:00:00+0000_15.7310
KRSNWDP,Krishna at Wadenepally,Krishna,2026-02-06 12:00:00+00:00,15.780843913609688,NORMAL,18.45,19.84,23.07,16.7944,80.07247,KRSNWDP_2026-02-06T12:00:00+0000_15.7808
KRSNWDP,Krishna at Wadenepally,Krishna,2026-02-06 13:00:00+00:00,15.774056832415845,NORMAL,18.45,19.84,23.07,16.7944,80.07247,KRSNWDP_2026-02-06T13:00:00+0000_15.7741
KRSNWDP,Krishna at Wadenepally,Krishna,2026-02-06 14:00:00+00:00,15.755604071568673,NORMAL,18.45,19.84,23.07,16.7944,80.07247,KRSNWDP_2026-02-06T14:00:00+0000_15.7556
KRSNWDP,Krishna at Wadenepally,Krishna,2026-02-06 15:00:00+00:00,15.854412139597022,NORMAL,18.45,19.84,23.07,16.7944,80.07247,KRSNWDP_2026-02-06T15:00:00+0000_15.8544
KRSNWDP,Krishna at Wadenepally,Krishna,2026-02-06 16:00:00+00:00,15.802666674830729,NORMAL,18.45,19.84,23.07,16.7944,80.07247,KRSNWDP_2026-02-06T16:00:00+0000_15.8027
KRSNWDP,Krishna at Wadenepally,Krishna,2026-02-06 17:00:00+00:00,15.887149209928015,NORMAL,18.45,19.84,23.07,16.7944,80.07247,KRSNWDP_2026-02-06T17:00:00+0000_15.8871
KRSNWDP,Krishna at Wadenepally,Krishna,2026-02-06 18:00:00+00:00,15.904749915311031,NORMAL,18.45,19.84,23.07,16.7944,80.07247,KRSNWDP_2026-02-06T18:00:00+0000_15.9047
KRSNWDP,Krishna at Wadenepally,Krishna,2026-02-06 19:00:00+00:00,15.995744087793677,NORMAL,18.45,19.84,23.07,16.7944,80.07247,KRSNWDP_2026-02-06T19:00:00+0000_15.9957
KRSNWDP,Krishna at Wadenepally,Krishna,2026-02-06 20:00:00+00:00,15.998598296854508,NORMAL,18.45,19.84,23.07,16.7944,80.07247,KRSNWDP_2026-02-06T20:00:00+0000_15.9986
KRSNWDP,Krishna at Wadenepally,Krishna,2026-02-06 21:00:00+00:00,16.07734250382528,NORMAL,18.45,19.84,23.07,16.7944,80.07247,KRSNWDP_2026-02-06T21:00:00+0000_16.0773
KRSNWDP,Krishna at Wadenepally,Krishna,2026-02-06 22:00:00+00:00,16.062215503381495,NORMAL,18.45,19.84,23.07,16.7944,80.07247,KRSNWDP_2026-02-06T22:00:00+0000_16.0622
KRSNWDP,Krishna at Wadenepally,Krishna,2026-02-06 23:00:00+00:00,16.089128650299177,NORMAL,18.45,19.84,23.07,16.7944,80.07247,KRSNWDP_2026-02-06T23:00:00+0000_16.0891
KRSNWDP,Krishna at Wadenepally,Krishna,2026-02-07 00:00:00+00:00,16.11291861591168,NORMAL,18.45,19.84,23.07,16.7944,80.07247,KRSNWDP_2026-02-07T00:00:00+0000_16.1129
KRSNWDP,Krishna at Wadenepally,Krishna,2026-02-07 01:00:00+00:00,16.083208792313933,NORMAL,18.45,19.84,23.07,16.7944,80.07247,KRSNWDP_2026-02-07T01:00:00+0000_16.0832
KRSNWDP,Krishna at Wadenepally,Krishna,2026-02-07 02:00:00+00:00,16.070585751659106,NORMAL,18.45,19.84,23.07,16.7944,80.07247,KRSNWDP_2026-02-07T02:00:00+0000_16.0706
KRSNWDP,Krishna at Wadenepally,Krishna,2026-02-07 03:00:00+00:00,16.032212670067192,NORMAL,18.45,19.84,23.07,16.7944,80.07247,KRSNWDP_2026-02-07T03:00:00+0000_16.0322
KRSNWDP,Krishna at Wadenepally,Krishna,2026-02-07 04:00:00+00:00,15.98007808349725,NORMAL,18.45,19.84,23.07,16.7944,80.07247,KRSNWDP_2026-02-07T04:00:00+0000_15.9801
KRSNWDP,Krishna at Wadenepally,Krishna,2026-02-07 05:00:00+00:00,15.913144226109743,NORMAL,18.45,19.84,23.07,16.7944,80.07247,KRSNWDP_2026-02-07T05:00:00+0000_15.9131
KRSNWDP,Krishna at Wadenepally,Krishna,2026-02-07 06:00:00+00:00,15.853200688351947,NORMAL,18.45,19.84,23.07,16.7944,80.07247,KRSNWDP_2026-02-07T06:00:00+0000_15.8532
KRSNWDP,Krishna at Wadenepally,Krishna,2026-02-07 07:00:00+00:00,15.81050498297601,NORMAL,18.45,19.84,23.07,16.7944,80.07247,KRSNWDP_2026-02-07T07:00:00+0000_15.8105
KRSNWDP,Krishna at Wadenepally,Krishna,2026-02-07 08:00:00+00:00,15.785828940757066,NORMAL,18.45,19.84,23.07,16.7944,80.07247,KRSNWDP_2026-02-07T08:00:00+0000_15.7858
KRSNWDP,Krishna at Wadenepally,Krishna,2026-02-07 09:00:00+00:00,15.76072638145278,NORMAL,18.45,19.84,23.07,16.7944,80.07247,KRSNWDP_2026-02-07T09:00:00+0000_15.7607
KRSNWDP,Krishna at Wadenepally,Krishna,2026-02-07 10:00:00+00:00,15.76506234880341,NORMAL,18.45,19.84,23.07,16.7944,80.07247,KRSNWDP_2026-02-07T10:00:00+0000_15.7651
KRSNWDP,Krishna at Wadenepally,Krishna,2026-02-07 11:00:00+00:00,15.770543680913727,NORMAL,18.45,19.84,23.07,16.7944,80.07247,KRSNWDP_2026-02-07T11:00:00+0000_15.7705
KRSNWDP,Krishna at Wadenepally,Krishna,2026-02-07 12:00:00+00:00,15.779812034334569,NORMAL,18.45,19.84,23.07,16.7944,80.07247,KRSNWDP_2026-02-07T12:00:00+0000_15.7798
KRSNWDP,Krishna at Wadenepally,Krishna,2026-02-07 13:00:00+00:00,15.734163039875783,NORMAL,18.45,19.84,23.07,16.7944,80.07247,KRSNWDP_2026-02-07T13:00:00+0000_15.7342
KRSNWDP,Krishna at Wadenepally,Krishna,2026-02-07 14:00:00+00:00,15.7532740136087,NORMAL,18.45,19.84,23.07,16.7944,80.07247,KRSNWDP_2026-02-07T14:00:00+0000_15.7533
KRSNWDP,Krishna at Wadenepally,Krishna,2026-02-07 15:00:00+00:00,15.78750442654429,NORMAL,18.45,19.84,23.07,16.7944,80.07247,KRSNWDP_2026-02-07T15:00:00+0000_15.7875
KRSNWDP,Krishna at Wadenepally,Krishna,2026-02-07 16:00:00+00:00,15.806791682167477,NORMAL,18.45,19.84,23.07,16.7944,80.07247,KRSNWDP_2026-02-07T16:00:00+0000_15.8068
KRSNWDP,Krishna at Wadenepally,Krishna,2026-02-07 17:00:00+00:00,15.899468101228765,NORMAL,18.45,19.84,23.07,16.7944,80.07247,KRSNWDP_2026-02-07T17:00:00+0000_15.8995
KRSNWDP,Krishna at Wadenepally,Krishna,2026-02-07 18:00:00+00:00,15.952104711608678,NORMAL,18.45,19.84,23.07,16.7944,80.07247,KRSNWDP_2026-02-07T18:00:00+0000_15.9521
KRSNWDP,Krishna at Wadenepally,Krishna,2026-02-07 19:00:00+00:00,16.004791390057516,NORMAL,18.45,19.84,23.07,16.7944,80.07247,KRSNWDP_2026-02-07T19:00:00+0000_16.0048
KRSNWDP,Krishna at Wadenepally,Krishna,2026-02-07 20:00:00+00:00,16.08878871985961,NORMAL,18.45,19.84,23.07,16.7944,80.07247,KRSNWDP_2026-02-07T20:00:00+0000_16.0888
KRSNWDP,Krishna at Wadenepally,Krishna,2026-02-07 21:00:00+00:00,16.09501035365879,NORMAL,18.45,19.84,23.07,16.7944,80.07247,KRSNWDP_2026-02-07T21:00:00+0000_16.0950
KRSNWDP,Krishna at Wadenepally,Krishna,2026-02-07 22:00:00+00:00,16.133233992763458,NORMAL,18.45,19.84,23.07,16.7944,80.07247,KRSNWDP_2026-02-07T22:00:00+0000_16.1332
KRSNWDP,Krishna at Wadenepally,Krishna,2026-02-07 23:00:00+00:00,16.062966005925713,NORMAL,18.45,19.84,23.07,16.7944,80.07247,KRSNWDP_2026-02-07T23:00:00+0000_16.0630
KRSNWDP,Krishna at Wadenepally,Krishna,2026-02-08 00:00:00+00:00,16.153177745613867,NORMAL,18.45,19.84,23.07,16.7944,80.07247,KRSNWDP_2026-02-08T00:00:00+0000_16.1532
KRSNWDP,Krishna at Wadenepally,Krishna,2026-02-08 01:00:00+00:00,16.06510393246837,NORMAL,18.45,19.84,23.07,16.7944,80.07247,KRSNWDP_2026-02-08T01:00:00+0000_16.0651
KRSNWDP,Krishna at Wadenepally,Krishna,2026-02-08 02:00:00+00:00,16.104157006496614,NORMAL,18.45,19.84,23.07,16.7944,80.07247,KRSNWDP_2026-02-08T02:00:00+0000_16.1042
KRSNWDP,Krishna at Wadenepally,Krishna,2026-02-08 03:00:00+00:00,16.090972099038023,NORMAL,18.45,19.84,23.07,16.7944,80.07247,KRSNWDP_2026-02-08T03:00:00+0000_16.0910
KRSNWDP,Krishna at Wadenepally,Krishna,2026-02-08 04:00:00+00:00,15.96694780019916,NORMAL,18.45,19.84,23.07,16.7944,80.07247,KRSNWDP_2026-02-08T04:00:00+0000_15.9669
KRSNWDP,Krishna at Wadenepally,Krishna,2026-02-08 05:00:00+00:00,15.978837593002018,NORMAL,18.45,19.84,23.07,16.7944,80.07247,KRSNWDP_2026-02-08T05:00:00+0000_15.9788
KRSNWDP,Krishna at Wadenepally,Krishna,2026-02-08 06:00:00+00:00,15.92718323449895,NORMAL,18.45,19.84,23.07,16.7944,80.07247,KRSNWDP_2026-02-08T06:00:00+0000_15.9272
KRSNWDP,Krishna at Wadenepally,Krishna,2026-02-08 07:00:00+00:00,16.792670338149865,NORMAL,18.45,19.84,23.07,16.7944,80.07247,KRSNWDP_2026-02-08T07:00:00+0000_16.7927
KRSNWDP,Krishna at Wadenepally,Krishna,2026-02-08 08:00:00+00:00,16.589716705088808,NORMAL,18.45,19.84,23.07,16.7944,80.07247,KRSNWDP_2026-02-08T08:00:00+0000_16.5897
KRSNWDP,Krishna at Wadenepally,Krishna,2026-02-08 09:00:00+00:00,16.552242255959722,NORMAL,18.45,19.84,23.07,16.7944,80.07247,KRSNWDP_2026-02-08T09:00:00+0000_16.5522
KRSNWDP,Krishna at Wadenepally,Krishna,2026-02-08 10:00:00+00:00,15.715980141909691,NORMAL,18.45,19.84,23.07,16.7944,80.07247,KRSNWDP_2026-02-08T10:00:00+0000_15.7160
KRSNWDP,Krishna at Wadenepally,Krishna,2026-02-08 11:00:00+00:00,15.764744376858888,NORMAL,18.45,19.84,23.07,16.7944,80.07247,KRSNWDP_2026-02-08T11:00:00+0000_15.7647
KRSNWDP,Krishna at Wadenepally,Krishna,2026-02-08 12:00:00+00:00,15.73967437828852,NORMAL,18.45,19.84,23.07,16.7944,80.07247,KRSNWDP_2026-02-08T12:00:00+0000_15.7397
KRSNWDP,Krishna at Wadenepally,Krishna,2026-02-08 13:00:00+00:00,15.7408821871817,NORMAL,18.45,19.84,23.07,16.7944,80.07247,KRSNWDP_2026-02-08T13:00:00+0000_15.7409
KRSNWDP,Krishna at Wadenepally,Krishna,2026-02-08 14:00:00+00:00,15.768906431990462,NORMAL,18.45,19.84,23.07,16.7944,80.07247,KRSNWDP_2026-02-08T14:00:00+0000_15.7689
KRSNWDP,Krishna at Wadenepally,Krishna,2026-02-08 15:00:00+00:00,15.853615976477002,NORMAL,18.45,19.84,23.07,16.7944,80.07247,KRSNWDP_2026-02-08T15:00:00+0000_15.8536
KRSNWDP,Krishna at Wadenepally,Krishna,2026-02-08 16:00:00+00:00,15.900981196061707,NORMAL,18.45,19.84,23.07,16.7944,80.07247,KRSNWDP_2026-02-08T16:00:00+0000_15.9010
KRSNWDP,Krishna at Wadenepally,Krishna,2026-02-08 17:00:00+00:00,15.92056763620928,NORMAL,18.45,19.84,23.07,16.7944,80.07247,KRSNWDP_2026-02-08T17:00:00+0000_15.9206
KRSNWDP,Krishna at Wadenepally,Krishna,2026-02-08 18:00:00+00:00,16.00044715473911,NORMAL,18.45,19.84,23.07,16.7944,80.07247,KRSNWDP_2026-02-08T18:00:00+0000_16.0004
KRSNWDP,Krishna at Wadenepally,Krishna,2026-02-08 19:00:00+00:00,16.031347907943868,NORMAL,18.45,19.84,23.07,16.7944,80.07247,KRSNWDP_2026-02-08T19:00:00+0000_16.0313
KRSNWDP,Krishna at Wadenepally,Krishna,2026-02-08 20:00:00+00:00,16.05319874670818,NORMAL,18.45,19.84,23.07,16.7944,80.07247,KRSNWDP_2026-02-08T20:00:00+0000_16.0532
KRSNWDP,Krishna at Wadenepally,Krishna,2026-02-08 21:00:00+00:00,16.04943780578053,NORMAL,18.45,19.84,23.07,16.7944,80.07247,KRSNWDP_2026-02-08T21:00:00+0000_16.0494
KRSNWDP,Krishna at Wadenepally,Krishna,2026-02-08 22:00:00+00:00,16.111470451873387,NORMAL,18.45,19.84,23.07,16.7944,80.07247,KRSNWDP_2026-02-08T22:00:00+0000_16.1115
KRSNWDP,Krishna at Wadenepally,Krishna,2026-02-08 23:00:00+00:00,16.074211270897084,NORMAL,18.45,19.84,23.07,16.7944,80.07247,KRSNWDP_2026-02-08T23:00:00+0000_16.0742
KRSNWDP,Krishna at Wadenepally,Krishna,2026-02-09 00:00:00+00:00,16.072159368676783,NORMAL,18.45,19.84,23.07,16.7944,80.07247,KRSNWDP_2026-02-09T00:00:00+0000_16.0722
KRSNWDP,Krishna at Wadenepally,Krishna,2026-02-09 01:00:00+00:00,16.065186369032634,NORMAL,18.45,19.84,23.07,16.7944,80.07247,KRSNWDP_2026-02-09T01:00:00+0000_16.0652
KRSNWDP,Krishna at Wadenepally,Krishna,2026-02-09 02:00:00+00:00,16.095280816974352,NORMAL,18.45,19.84,23.07,16.7944,80.07247,KRSNWDP_2026-02-09T02:00:00+0000_16.0953
KRSNWDP,Krishna at Wadenepally,Krishna,2026-02-09 03:00:00+00:00,16.042795794947832,NORMAL,18.45,19.84,23.07,16.7944,80.07247,KRSNWDP_2026-02-09T03:00:00+0000_16.0428
KRSNWDP,Krishna at Wadenepally,Krishna,2026-02-09 04:00:00+00:00,15.980030345289917,NORMAL,18.45,19.84,23.07,16.7944,80.07247,KRSNWDP_2026-02-09T04:00:00+0000_15.9800
KRSNWDP,Krishna at Wadenepally,Krishna,2026-02-09 05:00:00+00:00,15.90676274205479,NORMAL,18.45,19.84,23.07,16.7944,80.07247,KRSNWDP_2026-02-09T05:00:00+0000_15.9068
KRSNWDP,Krishna at Wadenepally,Krishna,2026-02-09 06:00:00+00:00,15.88973751485258,NORMAL,18.45,19.84,23.07,16.7944,80.07247,KRSNWDP_2026-02-09T06:00:00+0000_15.8897
KRSNWDP,Krishna at Wadenepally,Krishna,2026-02-09 07:00:00+00:00,15.84743237193856,NORMAL,18.45,19.84,23.07,16.7944,80.07247,KRSNWDP_2026-02-09T07:00:00+0000_15.8474
KRSNWDP,Krishna at Wadenepally,Krishna,2026-02-09 08:00:00+00:00,15.855193350955476,NORMAL,18.45,19.84,23.07,16.7944,80.07247,KRSNWDP_2026-02-09T08:00:00+0000_15.8552
KRSNWDP,Krishna at Wadenepally,Krishna,2026-02-09 09:00:00+00:00,15.828517939012254,NORMAL,18.45,19.84,23.07,16.7944,80.07247,KRSNWDP_2026-02-09T09:00:00+0000_15.8285
KRSNWDP,Krishna at Wadenepally,Krishna,2026-02-09 10:00:00+00:00,15.773969223672967,NORMAL,18.45,19.84,23.07,16.7944,80.07247,KRSNWDP_2026-02-09T10:00:00+0000_15.7740
KRSNWDP,Krishna at Wadenepally,Krishna,2026-02-09 11:00:00+00:00,15.767144603049095,NORMAL,18.45,19.84,23.07,16.7944,80.07247,KRSNWDP_2026-02-09T11:00:00+0000_15.7671
KRSNWDP,Krishna at Wadenepally,Krishna,2026-02-09 12:00:00+00:00,15.70177890990796,NORMAL,18.45,19.84,23.07,16.7944,80.07247,KRSNWDP_2026-02-09T12:00:00+0000_15.7018
KRSNWDP,Krishna at Wadenepally,Krishna,2026-02-09 13:00:00+00:00,15.754107979097196,NORMAL,18.45,19.84,23.07,16.7944,80.07247,KRSNWDP_2026-02-09T13:00:00+0000_15.7541
KRSNWDP,Krishna at Wadenepally,Krishna,2026-02-09 14:00:00+00:00,15.762618185422507,NORMAL,18.45,19.84,23.07,16.7944,80.07247,KRSNWDP_2026-02-09T14:00:00+0000_15.7626
KRSNWDP,Krishna at Wadenepally,Krishna,2026-02-09 15:00:00+00:00,15.838053792954293,NORMAL,18.45,19.84,23.07,16.7944,80.07247,KRSNWDP_2026-02-09T15:00:00+0000_15.8381
KRSNWDP,Krishna at Wadenepally,Krishna,2026-02-09 16:00:00+00:00,15.889418143717611,NORMAL,18.45,19.84,23.07,16.7944,80.07247,KRSNWDP_2026-02-09T16:00:00+0000_15.8894
KRSNWDP,Krishna at Wadenepally,Krishna,2026-02-09 17:00:00+00:00,15.86310761511784,NORMAL,18.45,19.84,23.07,16.7944,80.07247,KRSNWDP_2026-02-09T17:00:00+0000_15.8631
KRSNWDP,Krishna at Wadenepally,Krishna,2026-02-09 18:00:00+00:00,15.984819043872022,NORMAL,18.45,19.84,23.07,16.7944,80.07247,KRSNWDP_2026-02-09T18:00:00+0000_15.9848
KRSNWDP,Krishna at Wadenepally,Krishna,2026-02-09 19:00:00+00:00,16.044575647744217,NORMAL,18.45,19.84,23.07,16.7944,80.07247,KRSNWDP_2026-02-09T19:00:00+0000_16.0446
KRSNWDP,Krishna at Wadenepally,Krishna,2026-02-09 20:00:00+00:00,16.07940828658657,NORMAL,18.45,19.84,23.07,16.7944,80.07247,KRSNWDP_2026-02-09T20:00:00+0000_16.0794
KRSNWDP,Krishna at Wadenepally,Krishna,2026-02-09 21:00:00+00:00,16.08528474985495,NORMAL,18.45,19.84,23.07,16.7944,80.07247,KRSNWDP_2026-02-09T21:00:00+0000_16.0853
KRSNWDP,Krishna at Wadenepally,Krishna,2026-02-09 22:00:00+00:00,16.136573219901855,NORMAL,18.45,19.84,23.07,16.7944,80.07247,KRSNWDP_2026-02-09T22:00:00+0000_16.1366
KRSNWDP,Krishna at Wadenepally,Krishna,2026-02-09 23:00:00+00:00,16.1719429715465,NORMAL,18.45,19.84,23.07,16.7944,80.07247,KRSNWDP_2026-02-09T23:00:00+0000_16.1719
KRSNWDP,Krishna at Wadenepally,Krishna,2026-02-10 00:00:00+00:00,16.1349719835352,NORMAL,18.45,19.84,23.07,16.7944,80.07247,KRSNWDP_2026-02-10T00:00:00+0000_16.1350
KRSNWDP,Krishna at Wadenepally,Krishna,2026-02-10 01:00:00+00:00,16.07547384582774,NORMAL,18.45,19.84,23.07,16.7944,80.07247,KRSNWDP_2026-02-10T01:00:00+0000_16.0755
KRSNWDP,Krishna at Wadenepally,Krishna,2026-02-10 02:00:00+00:00,16.06443372282405,NORMAL,18.45,19.84,23.07,16.7944,80.07247,KRSNWDP_2026-02-10T02:00:00+0000_16.0644
KRSNWDP,Krishna at Wadenepally,Krishna,2026-02-10 03:00:00+00:00,16.06303353350436,NORMAL,18.45,19.84,23.07,16.7944,80.07247,KRSNWDP_2026-02-10T03:00:00+0000_16.0630
KRSNWDP,Krishna at Wadenepally,Krishna,2026-02-10 04:00:00+00:00,16.048013647415022,NORMAL,18.45,19.84,23.07,16.7944,80.07247,KRSNWDP_2026-02-10T04:00:00+0000_16.0480
KRSNWDP,Krishna at Wadenepally,Krishna,2026-02-10 05:00:00+00:00,19.531879763820125,WARNING,18.45,19.84,23.07,16.7944,80.07247,KRSNWDP_2026-02-10T05:00:00+0000_19.5319
KRSNWDP,Krishna at Wadenepally,Krishna,2026-02-10 06:00:00+00:00,19.10421167177636,WARNING,18.45,19.84,23.07,16.7944,80.07247,KRSNWDP_2026-02-10T06:00:00+0000_19.1042
KRSNWDP,Krishna at Wadenepally,Krishna,2026-02-10 07:00:00+00:00,18.71704122501513,WARNING,18.45,19.84,23.07,16.7944,80.07247,KRSNWDP_2026-02-10T07:00:00+0000_18.7170
KRSNWDP,Krishna at Wadenepally,Krishna,2026-02-10 08:00:00+00:00,18.41256969692697,NORMAL,18.45,19.84,23.07,16.7944,80.07247,KRSNWDP_2026-02-10T08:00:00+0000_18.4126
KRSNWDP,Krishna at Wadenepally,Krishna,2026-02-10 09:00:00+00:00,18.17908191511729,NORMAL,18.45,19.84,23.07,16.7944,80.07247,KRSNWDP_2026-02-10T09:00:00+0000_18.1791
KRSNWDP,Krishna at Wadenepally,Krishna,2026-02-10 10:00:00+00:00,17.879942780477702,NORMAL,18.45,19.84,23.07,16.7944,80.07247,KRSNWDP_2026-02-10T10:00:00+0000_17.8799
KRSNWDP,Krishna at Wadenepally,Krishna,2026-02-10 11:00:00+00:00,17.603724057519138,NORMAL,18.45,19.84,23.07,16.7944,80.07247,KRSNWDP_2026-02-10T11:00:00+0000_17.6037
KRSNWDP,Krishna at Wadenepally,Krishna,2026-02-10 12:00:00+00:00,15.73646917419199,NORMAL,18.45,19.84,23.07,16.7944,80.07247,KRSNWDP_2026-02-10T12:00:00+0000_15.7365
KRSNWDP,Krishna at Wadenepally,Krishna,2026-02-10 13:00:00+00:00,15.73835062265078,NORMAL,18.45,19.84,23.07,16.7944,80.07247,KRSNWDP_2026-02-10T13:00:00+0000_15.7384
KRSNWDP,Krishna at Wadenepally,Krishna,2026-02-10 14:00:00+00:00,15.751446786286593,NORMAL,18.45,19.84,23.07,16.7944,80.07247,KRSNWDP_2026-02-10T14:00:00+0000_15.7514
KRSNWDP,Krishna at Wadenepally,Krishna,2026-02-10 15:00:00+00:00,15.85225915203088,NORMAL,18.45,19.84,23.07,16.7944,80.07247,KRSNWDP_2026-02-10T15:00:00+0000_15.8523
KRSNWDP,Krishna at Wadenepally,Krishna,2026-02-10 16:00:00+00:00,15.834699614401904,NORMAL,18.45,19.84,23.07,16.7944,80.07247,KRSNWDP_2026-02-10T16:00:00+0000_15.8347
KRSNWDP,Krishna at Wadenepally,Krishna,2026-02-10 17:00:00+00:00,15.910456310145117,NORMAL,18.45,19.84,23.07,16.7944,80.07247,KRSNWDP_2026-02-10T17:00:00+0000_15.9105
KRSNWDP,Krishna at Wadenepally,Krishna,2026-02-10 18:00:00+00:00,15.92069640788913,NORMAL,18.45,19.84,23.07,16.7944,80.07247,KRSNWDP_2026-02-10T18:00:00+0000_15.9207
KRSNWDP,Krishna at Wadenepally,Krishna,2026-02-10 19:00:00+00:00,16.0645804127602,NORMAL,18.45,19.84,23.07,16.7944,80.07247,KRSNWDP_2026-02-10T19:00:00+0000_16.0646
KRSNWDP,Krishna at Wadenepally,Krishna,2026-02-10 20:00:00+00:00,16.078107257630897,NORMAL,18.45,19.84,23.07,16.7944,80.07247,KRSNWDP_2026-02-10T20:00:00+0000_16.0781
KRSNWDP,Krishna at Wadenepally,Krishna,2026-02-10 21:00:00+00:00,16.05029345862633,NORMAL,18.45,19.84,23.07,16.7944,80.07247,KRSNWDP_2026-02-10T21:00:00+0000_16.0503
KRSNWDP,Krishna at Wadenepally,Krishna,2026-02-10 22:00:00+00:00,16.136613212975924,NORMAL,18.45,19.84,23.07,16.7944,80.07247,KRSNWDP_2026-02-10T22:00:00+0000_16.1366
KRSNWDP,Krishna at Wadenepally,Krishna,2026-02-10 23:00:00+00:00,16.08713741335005,NORMAL,18.45,19.84,23.07,16.7944,80.07247,KRSNWDP_2026-02-10T23:00:00+0000_16.0871
KRSNWDP,Krishna at Wadenepally,Krishna,2026-02-11 00:00:00+00:00,16.154330415158036,NORMAL,18.45,19.84,23.07,16.7944,80.07247,KRSNWDP_2026-02-11T00:00:00+0000_16.1543
KRSNWDP,Krishna at Wadenepally,Krishna,2026-02-11 01:00:00+00:00,16.166328634572377,NORMAL,18.45,19.84,23.07,16.7944,80.07247,KRSNWDP_2026-02-11T01:00:00+0000_16.1663
KRSNWDP,Krishna at Wadenepally,Krishna,2026-02-11 02:00:00+00:00,16.06751083574209,NORMAL,18.45,19.84,23.07,16.7944,80.07247,KRSNWDP_2026-02-11T02:00:00+0000_16.0675
KRSNWDP,Krishna at Wadenepally,Krishna,2026-02-11 03:00:00+00:00,16.029365827788773,NORMAL,18.45,19.84,23.07,16.7944,80.07247,KRSNWDP_2026-02-11T03:00:00+0000_16.0294
KRSNWDP,Krishna at Wadenepally,Krishna,2026-02-11 04:00:00+00:00,15.994534297845345,NORMAL,18.45,19.84,23.07,16.7944,80.07247,KRSNWDP_2026-02-11T04:00:00+0000_15.9945
KRSNWDP,Krishna at Wadenepally,Krishna,2026-02-11 05:00:00+00:00,16.015209294217446,NORMAL,18.45,19.84,23.07,16.7944,80.07247,KRSNWDP_2026-02-11T05:00:00+0000_16.0152
KRSNWDP,Krishna at Wadenepally,Krishna,2026-02-11 06:00:00+00:00,15.932506098082374,NORMAL,18.45,19.84,23.07,16.7944,80.07247,KRSNWDP_2026-02-11T06:00:00+0000_15.9325
KRSNWDP,Krishna at Wadenepally,Krishna,2026-02-11 07:00:00+00:00,15.907298336105058,NORMAL,18.45,19.84,23.07,16.7944,80.07247,KRSNWDP_2026-02-11T07:00:00+0000_15.9073
KRSNWDP,Krishna at Wadenepally,Krishna,2026-02-11 08:00:00+00:00,15.84542796397713,NORMAL,18.45,19.84,23.07,16.7944,80.07247,KRSNWDP_2026-02-11T08:00:00+0000_15.8454
KRSNWDP,Krishna at Wadenepally,Krishna,2026-02-11 09:00:00+00:00,15.770933442464782,NORMAL,18.45,19.84,23.07,16.7944,80.07247,KRSNWDP_2026-02-11T09:00:00+0000_15.7709
KRSNWDP,Krishna at Wadenepally,Krishna,2026-02-11 10:00:00+00:00,15.719590895427991,NORMAL,18.45,19.84,23.07,16.7944,80.07247,KRSNWDP_2026-02-11T10:00:00+0000_15.7196
KRSNWDP,Krishna at Wadenepally,Krishna,2026-02-11 11:00:00+00:00,15.77158569424237,NORMAL,18.45,19.84,23.07,16.7944,80.07247,KRSNWDP_2026-02-11T11:00:00+0000_15.7716
KRSNWDP,Krishna at Wadenepally,Krishna,2026-02-11 12:00:00+00:00,15.74722234555678,NORMAL,18.45,19.84,23.07,16.7944,80.07247,KRSNWDP_2026-02-11T12:00:00+0000_15.7472
KRSNWDP,Krishna at Wadenepally,Krishna,2026-02-11 13:00:00+00:00,15.80573010581579,NORMAL,18.45,19.84,23.07,16.7944,80.07247,KRSNWDP_2026-02-11T13:00:00+0000_15.8057
KRSNWDP,Krishna at Wadenepally,Krishna,2026-02-11 14:00:00+00:00,15.770544365656656,NORMAL,18.45,19.84,23.07,16.7944,80.07247,KRSNWDP_2026-02-11T14:00:00+0000_15.7705
KRSNWDP,Krishna at Wadenepally,Krishna,2026-02-11 15:00:00+00:00,15.793485746919414,NORMAL,18.45,19.84,23.07,16.7944,80.07247,KRSNWDP_2026-02-11T15:00:00+0000_15.7935
KRSNWDP,Krishna at Wadenepally,Krishna,2026-02-11 16:00:00+00:00,15.86334398952317,NORMAL,18.45,19.84,23.07,16.7944,80.07247,KRSNWDP_2026-02-11T16:00:00+0000_15.8633
KRSNWDP,Krishna at Wadenepally,Krishna,2026-02-11 17:00:00+00:00,15.97019857663838,NORMAL,18.45,19.84,23.07,16.7944,80.07247,KRSNWDP_2026-02-11T17:00:00+0000_15.9702
KRSNWDP,Krishna at Wadenepally,Krishna,2026-02-11 18:00:00+00:00,15.998765281365658,NORMAL,18.45,19.84,23.07,16.7944,80.07247,KRSNWDP_2026-02-11T18:00:00+0000_15.9988
KRSNWDP,Krishna at Wadenepally,Krishna,2026-02-11 19:00:00+00:00,16.01695598551975,NORMAL,18.45,19.84,23.07,16.7944,80.07247,KRSNWDP_2026-02-11T19:00:00+0000_16.0170
KRSNWDP,Krishna at Wadenepally,Krishna,2026-02-11 20:00:00+00:00,16.064125280182928,NORMAL,18.45,19.84,23.07,16.7944,80.07247,KRSNWDP_2026-02-11T20:00:00+0000_16.0641
KRSNWDP,Krishna at Wadenepally,Krishna,2026-02-11 21:00:00+00:00,16.109994074674574,NORMAL,18.45,19.84,23.07,16.7944,80.07247,KRSNWDP_2026-02-11T21:00:00+0000_16.1100
KRSNWDP,Krishna at Wadenepally,Krishna,2026-02-11 22:00:00+00:00,16.087693166593088,NORMAL,18.45,19.84,23.07,16.7944,80.07247,KRSNWDP_2026-02-11T22:00:00+0000_16.0877
KRSNWDP,Krishna at Wadenepally,Krishna,2026-02-11 23:00:00+00:00,16.127445370454918,NORMAL,18.45,19.84,23.07,16.7944,80.07247,KRSNWDP_2026-02-11T23:00:00+0000_16.1274
KRSNWDP,Krishna at Wadenepally,Krishna,2026-02-12 00:00:00+00:00,16.104642303895503,NORMAL,18.45,19.84,23.07,16.7944,80.07247,KRSNWDP_2026-02-12T00:00:00+0000_16.1046
KRSNWDP,Krishna at Wadenepally,Krishna,2026-02-12 01:00:00+00:00,16.162260954994565,NORMAL,18.45,19.84,23.07,16.7944,80.07247,KRSNWDP_2026-02-12T01:00:00+0000_16.1623
KRSNWDP,Krishna at Wadenepally,Krishna,2026-02-12 02:00:00+00:00,16.05307554385322,NORMAL,18.45,19.84,23.07,16.7944,80.07247,KRSNWDP_2026-02-12T02:00:00+0000_16.0531
KRSNWDP,Krishna at Wadenepally,Krishna,2026-02-12 03:00:00+00:00,16.09197716471149,NORMAL,18.45,19.84,23.07,16.7944,80.07247,KRSNWDP_2026-02-12T03:00:00+0000_16.0920
KRSNWDP,Krishna at Wadenepally,Krishna,2026-02-12 04:00:00+00:00,16.0316107780711,NORMAL,18.45,19.84,23.07,16.7944,80.07247,KRSNWDP_2026-02-12T04:00:00+0000_16.0316
KRSNWDP,Krishna at Wadenepally,Krishna,2026-02-12 05:00:00+00:00,15.967528338537548,NORMAL,18.45,19.84,23.07,16.7944,80.07247,KRSNWDP_2026-02-12T05:00:00+0000_15.9675
KRSNWDP,Krishna at Wadenepally,Krishna,2026-02-12 06:00:00+00:00,15.941972378122584,NORMAL,18.45,19.84,23.07,16.7944,80.07247,KRSNWDP_2026-02-12T06:00:00+0000_15.9420
KRSNWDP,Krishna at Wadenepally,Krishna,2026-02-12 07:00:00+00:00,15.866738955657665,NORMAL,18.45,19.84,23.07,16.7944,80.07247,KRSNWDP_2026-02-12T07:00:00+0000_15.8667
KRSNWDP,Krishna at Wadenepally,Krishna,2026-02-12 08:00:00+00:00,15.867701850966965,NORMAL,18.45,19.84,23.07,16.7944,80.07247,KRSNWDP_2026-02-12T08:00:00+0000_15.8677
KRSNWDP,Krishna at Wadenepally,Krishna,2026-02-12 09:00:00+00:00,15.749538102631162,NORMAL,18.45,19.84,23.07,16.7944,80.07247,KRSNWDP_2026-02-12T09:00:00+0000_15.7495
KRSNWDP,Krishna at Wadenepally,Krishna,2026-02-12 10:00:00+00:00,15.73974757751578,NORMAL,18.45,19.84,23.07,16.7944,80.07247,KRSNWDP_2026-02-12T10:00:00+0000_15.7397
KRSNWDP,Krishna at Wadenepally,Krishna,2026-02-12 11:00:00+00:00,15.714198694173891,NORMAL,18.45,19.84,23.07,16.7944,80.07247,KRSNWDP_2026-02-12T11:00:00+0000_15.7142
KRSNWDP,Krishna at Wadenepally,Krishna,2026-02-12 12:00:00+00:00,15.750619513529571,NORMAL,18.45,19.84,23.07,16.7944,80.07247,KRSNWDP_2026-02-12T12:00:00+0000_15.7506
KRSNWDP,Krishna at Wadenepally,Krishna,2026-02-12 13:00:00+00:00,15.79513087274846,NORMAL,18.45,19.84,23.07,16.7944,80.07247,KRSNWDP_2026-02-12T13:00:00+0000_15.7951
KRSNWDP,Krishna at Wadenepally,Krishna,2026-02-12 14:00:00+00:00,,,18.45,19.84,23.07,16.7944,80.07247,KRSNWDP_2026-02-12T14:00:00+0000_
KRSNWDP,Krishna at Wadenepally,Krishna,2026-02-12 15:00:00+00:00,15.832575737926602,NORMAL,18.45,19.84,23.07,16.7944,80.07247,KRSNWDP_2026-02-12T15:00:00+0000_15.8326
KRSNWDP,Krishna at Wadenepally,Krishna,2026-02-12 16:00:00+00:00,15.831522512462223,NORMAL,18.45,19.84,23.07,16.7944,80.07247,KRSNWDP_2026-02-12T16:00:00+0000_15.8315
KRSNWDP,Krishna at Wadenepally,Krishna,2026-02-12 17:00:00+00:00,15.902313499994134,NORMAL,18.45,19.84,23.07,16.7944,80.07247,KRSNWDP_2026-02-12T17:00:00+0000_15.9023
KRSNWDP,Krishna at Wadenepally,Krishna,2026-02-12 18:00:00+00:00,15.96025588775466,NORMAL,18.45,19.84,23.07,16.7944,80.07247,KRSNWDP_2026-02-12T18:00:00+0000_15.9603
KRSNWDP,Krishna at Wadenepally,Krishna,2026-02-12 19:00:00+00:00,16.04318130261234,NORMAL,18.45,19.84,23.07,16.7944,80.07247,KRSNWDP_2026-02-12T19:00:00+0000_16.0432
KRSNWDP,Krishna at Wadenepally,Krishna,2026-02-12 20:00:00+00:00,16.035653456625436,NORMAL,18.45,19.84,23.07,16.7944,80.07247,KRSNWDP_2026-02-12T20:00:00+0000_16.0357
KRSNWDP,Krishna at Wadenepally,Krishna,2026-02-12 21:00:00+00:00,16.08675046463777,NORMAL,18.45,19.84,23.07,16.7944,80.07247,KRSNWDP_2026-02-12T21:00:00+0000_16.0868
KRSNWDP,Krishna at Wadenepally,Krishna,2026-02-12 22:00:00+00:00,16.083646797196636,NORMAL,18.45,19.84,23.07,16.7944,80.07247,KRSNWDP_2026-02-12T22:00:00+0000_16.0836
KRSNWDP,Krishna at Wadenepally,Krishna,2026-02-12 23:00:00+00:00,16.15348316000364,NORMAL,18.45,19.84,23.07,16.7944,80.07247,KRSNWDP_2026-02-12T23:00:00+0000_16.1535
KRSNWDP,Krishna at Wadenepally,Krishna,2026-02-13 00:00:00+00:00,16.1364999021474,NORMAL,18.45,19.84,23.07,16.7944,80.07247,KRSNWDP_2026-02-13T00:00:00+0000_16.1365
KRSNWDP,Krishna at Wadenepally,Krishna,2026-02-13 01:00:00+00:00,16.173868242370812,NORMAL,18.45,19.84,23.07,16.7944,80.07247,KRSNWDP_2026-02-13T01:00:00+0000_16.1739
KRSNWDP,Krishna at Wadenepally,Krishna,2026-02-13 02:00:00+00:00,16.15320193859117,NORMAL,18.45,19.84,23.07,16.7944,80.07247,KRSNWDP_2026-02-13T02:00:00+0000_16.1532
KRSNWDP,Krishna at Wadenepally,Krishna,2026-02-13 03:00:00+00:00,16.060112602571888,NORMAL,18.45,19.84,23.07,16.7944,80.07247,KRSNWDP_2026-02-13T03:00:00+0000_16.0601
KRSNWDP,Krishna at Wadenepally,Krishna,2026-02-13 04:00:00+00:00,16.065715278394336,NORMAL,18.45,19.84,23.07,16.7944,80.07247,KRSNWDP_2026-02-13T04:00:00+0000_16.0657
KRSNWDP,Krishna at Wadenepally,Krishna,2026-02-13 05:00:00+00:00,15.97055152790481,NORMAL,18.45,19.84,23.07,16.7944,80.07247,KRSNWDP_2026-02-13T05:00:00+0000_15.9706
KRSNWDP,Krishna at Wadenepally,Krishna,2026-02-13 06:00:00+00:00,15.92610485598605,NORMAL,18.45,19.84,23.07,16.7944,80.07247,KRSNWDP_2026-02-13T06:00:00+0000_15.9261
KRSNWDP,Krishna at Wadenepally,Krishna,2026-02-13 07:00:00+00:00,15.868833490770944,NORMAL,18.45,19.84,23.07,16.7944,80.07247,KRSNWDP_2026-02-13T07:00:00+0000_15.8688
KRSNWDP,Krishna at Wadenepally,Krishna,2026-02-13 08:00:00+00:00,15.878187183700543,NORMAL,18.45,19.84,23.07,16.7944,80.07247,KRSNWDP_2026-02-13T08:00:00+0000_15.8782
KRSNWDP,Krishna at Wadenepally,Krishna,2026-02-13 09:00:00+00:00,15.825261499835978,NORMAL,18.45,19.84,23.07,16.7944,80.07247,KRSNWDP_2026-02-13T09:00:00+0000_15.8253
KRSNWDP,Krishna at Wadenepally,Krishna,2026-02-13 10:00:00+00:00,15.814427420233796,NORMAL,18.45,19.84,23.07,16.7944,80.07247,KRSNWDP_2026-02-13T10:00:00+0000_15.8144
KRSNWDP,Krishna at Wadenepally,Krishna,2026-02-13 11:00:00+00:00,15.788956905650071,NORMAL,18.45,19.84,23.07,16.7944,80.07247,KRSNWDP_2026-02-13T11:00:00+0000_15.7890
KRSNWDP,Krishna at Wadenepally,Krishna,2026-02-13 12:00:00+00:00,15.739392568136587,NORMAL,18.45,19.84,23.07,16.7944,80.07247,KRSNWDP_2026-02-13T12:00:00+0000_15.7394
KRSNWDP,Krishna at Wadenepally,Krishna,2026-02-13 13:00:00+00:00,15.73830379642247,NORMAL,18.45,19.84,23.07,16.7944,80.07247,KRSNWDP_2026-02-13T13:00:00+0000_15.7383
KRSNWDP,Krishna at Wadenepally,Krishna,2026-02-13 14:00:00+00:00,15.835442256011198,NORMAL,18.45,19.84,23.07,16.7944,80.07247,KRSNWDP_2026-02-13T14:00:00+0000_15.8354
KRSNWDP,Krishna at Wadenepally,Krishna,2026-02-13 15:00:00+00:00,15.836098936607517,NORMAL,18.45,19.84,23.07,16.7944,80.07247,KRSNWDP_2026-02-13T15:00:00+0000_15.8361
KRSNWDP,Krishna at Wadenepally,Krishna,2026-02-13 16:00:00+00:00,15.86359264082776,NORMAL,18.45,19.84,23.07,16.7944,80.07247,KRSNWDP_2026-02-13T16:00:00+0000_15.8636
KRSNWDP,Krishna at Wadenepally,Krishna,2026-02-13 17:00:00+00:00,15.891645591819014,NORMAL,18.45,19.84,23.07,16.7944,80.07247,KRSNWDP_2026-02-13T17:00:00+0000_15.8916
KRSNWDP,Krishna at Wadenepally,Krishna,2026-02-13 18:00:00+00:00,16.0295451403246,NORMAL,18.45,19.84,23.07,16.7944,80.07247,KRSNWDP_2026-02-13T18:00:00+0000_16.0295
KRSNWDP,Krishna at Wadenepally,Krishna,2026-02-13 19:00:00+00:00,16.050988507808857,NORMAL,18.45,19.84,23.07,16.7944,80.07247,KRSNWDP_2026-02-13T19:00:00+0000_16.0510
KRSNWDP,Krishna at Wadenepally,Krishna,2026-02-13 20:00:00+00:00,16.059612637157795,NORMAL,18.45,19.84,23.07,16.7944,80.07247,KRSNWDP_2026-02-13T20:00:00+0000_16.0596
KRSNWDP,Krishna at Wadenepally,Krishna,2026-02-13 21:00:00+00:00,16.132922960032896,NORMAL,18.45,19.84,23.07,16.7944,80.07247,KRSNWDP_2026-02-13T21:00:00+0000_16.1329
KRSNWDP,Krishna at Wadenepally,Krishna,2026-02-13 22:00:00+00:00,16.09821826942344,NORMAL,18.45,19.84,23.07,16.7944,80.07247,KRSNWDP_2026-02-13T22:00:00+0000_16.0982
KRSNWDP,Krishna at Wadenepally,Krishna,2026-02-13 23:00:00+00:00,16.09790614593375,NORMAL,18.45,19.84,23.07,16.7944,80.07247,KRSNWDP_2026-02-13T23:00:00+0000_16.0979
KRSNWDP,Krishna at Wadenepally,Krishna,2026-02-14 00:00:00+00:00,16.148448829803733,NORMAL,18.45,19.84,23.07,16.7944,80.07247,KRSNWDP_2026-02-14T00:00:00+0000_16.1484
KRSNWDP,Krishna at Wadenepally,Krishna,2026-02-14 01:00:00+00:00,16.15288799842136,NORMAL,18.45,19.84,23.07,16.7944,80.07247,KRSNWDP_2026-02-14T01:00:00+0000_16.1529
KRSNWDP,Krishna at Wadenepally,Krishna,2026-02-14 02:00:00+00:00,16.14197775425841,NORMAL,18.45,19.84,23.07,16.7944,80.07247,KRSNWDP_2026-02-14T02:00:00+0000_16.1420
KRSNWDP,Krishna at Wadenepally,Krishna,2026-02-14 03:00:00+00:00,16.096878629016313,NORMAL,18.45,19.84,23.07,16.7944,80.07247,KRSNWDP_2026-02-14T03:00:00+0000_16.0969
KRSNWDP,Krishna at Wadenepally,Krishna,2026-02-14 04:00:00+00:00,15.994989213647631,NORMAL,18.45,19.84,23.07,16.7944,80.07247,KRSNWDP_2026-02-14T04:00:00+0000_15.9950
KRSNWDP,Krishna at Wadenepally,Krishna,2026-02-14 05:00:00+00:00,15.956787982934632,NORMAL,18.45,19.84,23.07,16.7944,80.07247,KRSNWDP_2026-02-14T05:00:00+0000_15.9568
KRSNWDP,Krishna at Wadenepally,Krishna,2026-02-14 06:00:00+00:00,15.892700224043532,NORMAL,18.45,19.84,23.07,16.7944,80.07247,KRSNWDP_2026-02-14T06:00:00+0000_15.8927
KRSNWDP,Krishna at Wadenepally,Krishna,2026-02-14 07:00:00+00:00,15.888239799043683,NORMAL,18.45,19.84,23.07,16.7944,80.07247,KRSNWDP_2026-02-14T07:00:00+0000_15.8882
KRSNWDP,Krishna at Wadenepally,Krishna,2026-02-14 08:00:00+00:00,15.809550830932592,NORMAL,18.45,19.84,23.07,16.7944,80.07247,KRSNWDP_2026-02-14T08:00:00+0000_15.8096
KRSNWDP,Krishna at Wadenepally,Krishna,2026-02-14 09:00:00+00:00,15.778729285047232,NORMAL,18.45,19.84,23.07,16.7944,80.07247,KRSNWDP_2026-02-14T09:00:00+0000_15.7787
KRSNWDP,Krishna at Wadenepally,Krishna,2026-02-14 10:00:00+00:00,15.788939394317229,NORMAL,18.45,19.84,23.07,16.7944,80.07247,KRSNWDP_2026-02-14T10:00:00+0000_15.7889
KRSNWDP,Krishna at Wadenepally,Krishna,2026-02-14 11:00:00+00:00,,,18.45,19.84,23.07,16.7944,80.07247,KRSNWDP_2026-02-14T11:00:00+0000_
KRSNWDP,Krishna at Wadenepally,Krishna,2026-02-14 12:00:00+00:00,15.725527826027296,NORMAL,18.45,19.84,23.07,16.7944,80.07247,KRSNWDP_2026-02-14T12:00:00+0000_15.7255
KRSNWDP,Krishna at Wadenepally,Krishna,2026-02-14 13:00:00+00:00,15.786277602705722,NORMAL,18.45,19.84,23.07,16.7944,80.07247,KRSNWDP_2026-02-14T13:00:00+0000_15.7863
KRSNWDP,Krishna at Wadenepally,Krishna,2026-02-14 14:00:00+00:00,15.825953397944344,NORMAL,18.45,19.84,23.07,16.7944,80.07247,KRSNWDP_2026-02-14T14:00:00+0000_15.8260
KRSNWDP,Krishna at Wadenepally,Krishna,2026-02-14 15:00:00+00:00,15.883870597521405,NORMAL,18.45,19.84,23.07,16.7944,80.07247,KRSNWDP_2026-02-14T15:00:00+0000_15.8839
KRSNWDP,Krishna at Wadenepally,Krishna,2026-02-14 16:00:00+00:00,15.88440539884445,NORMAL,18.45,19.84,23.07,16.7944,80.07247,KRSNWDP_2026-02-14T16:00:00+0000_15.8844
KRSNWDP,Krishna at Wadenepally,Krishna,2026-02-14 17:00:00+00:00,15.964982206208283,NORMAL,18.45,19.84,23.07,16.7944,80.07247,KRSNWDP_2026-02-14T17:00:00+0000_15.9650
KRSNWDP,Krishna at Wadenepally,Krishna,2026-02-14 18:00:00+00:00,15.953664869505362,NORMAL,18.45,19.84,23.07,16.7944,80.07247,KRSNWDP_2026-02-14T18:00:00+0000_15.9537
KRSNWDP,Krishna at Wadenepally,Krishna,2026-02-14 19:00:00+00:00,16.023647036827594,NORMAL,18.45,19.84,23.07,16.7944,80.07247,KRSNWDP_2026-02-14T19:00:00+0000_16.0236
KRSNWDP,Krishna at Wadenepally,Krishna,2026-02-14 20:00:00+00:00,16.05337158411953,NORMAL,18.45,19.84,23.07,16.7944,80.07247,KRSNWDP_2026-02-14T20:00:00+0000_16.0534
KRSNWDP,Krishna at Wadenepally,Krishna,2026-02-14 21:00:00+00:00,16.077463838119172,NORMAL,18.45,19.84,23.07,16.7944,80.07247,KRSNWDP_2026-02-14T21:00:00+0000_16.0775
KRSNWDP,Krishna at Wadenepally,Krishna,2026-02-14 22:00:00+00:00,16.112477327635645,NORMAL,18.45,19.84,23.07,16.7944,80.07247,KRSNWDP_2026-02-14T22:00:00+0000_16.1125
KRSNWDP,Krishna at Wadenepally,Krishna,2026-02-14 23:00:00+00:00,16.17183634535701,NORMAL,18.45,19.84,23.07,16.7944,80.07247,KRSNWDP_2026-02-14T23:00:00+0000_16.1718
KRSNWDP,Krishna at Wadenepally,Krishna,2026-02-15 00:00:00+00:00,16.15704286034601,NORMAL,18.45,19.84,23.07,16.7944,80.07247,KRSNWDP_2026-02-15T00:00:00+0000_16.1570
KRSNWDP,Krishna at Wadenepally,Krishna,2026-02-15 01:00:00+00:00,16.155206014692908,NORMAL,18.45,19.84,23.07,16.7944,80.07247,KRSNWDP_2026-02-15T01:00:00+0000_16.1552
KRSNWDP,Krishna at Wadenepally,Krishna,2026-02-15 02:00:00+00:00,16.11264496969422,NORMAL,18.45,19.84,23.07,16.7944,80.07247,KRSNWDP_2026-02-15T02:00:00+0000_16.1126
KRSNWDP,Krishna at Wadenepally,Krishna,2026-02-15 03:00:00+00:00,16.05453646256507,NORMAL,18.45,19.84,23.07,16.7944,80.07247,KRSNWDP_2026-02-15T03:00:00+0000_16.0545
KRSNWDP,Krishna at Wadenepally,Krishna,2026-02-15 04:00:00+00:00,16.067987896382256,NORMAL,18.45,19.84,23.07,16.7944,80.07247,KRSNWDP_2026-02-15T04:00:00+0000_16.0680
KRSNWDP,Krishna at Wadenepally,Krishna,2026-02-15 05:00:00+00:00,16.016240058062653,NORMAL,18.45,19.84,23.07,16.7944,80.07247,KRSNWDP_2026-02-15T05:00:00+0000_16.0162
KRSNWDP,Krishna at Wadenepally,Krishna,2026-02-15 06:00:00+00:00,15.895226642765511,NORMAL,18.45,19.84,23.07,16.7944,80.07247,KRSNWDP_2026-02-15T06:00:00+0000_15.8952
KRSNWDP,Krishna at Wadenepally,Krishna,2026-02-15 07:00:00+00:00,15.873583548081047,NORMAL,18.45,19.84,23.07,16.7944,80.07247,KRSNWDP_2026-02-15T07:00:00+0000_15.8736
KRSNWDP,Krishna at Wadenepally,Krishna,2026-02-15 08:00:00+00:00,15.867162275143183,NORMAL,18.45,19.84,23.07,16.7944,80.07247,KRSNWDP_2026-02-15T08:00:00+0000_15.8672
KRSNWDP,Krishna at Wadenepally,Krishna,2026-02-15 09:00:00+00:00,15.82065204114772,NORMAL,18.45,19.84,23.07,16.7944,80.07247,KRSNWDP_2026-02-15T09:00:00+0000_15.8207
KRSNWDP,Krishna at Wadenepally,Krishna,2026-02-15 10:00:00+00:00,15.756404731210788,NORMAL,18.45,19.84,23.07,16.7944,80.07247,KRSNWDP_2026-02-15T10:00:00+0000_15.7564
KRSNWDP,Krishna at Wadenepally,Krishna,2026-02-15 11:00:00+00:00,15.756201461037223,NORMAL,18.45,19.84,23.07,16.7944,80.07247,KRSNWDP_2026-02-15T11:00:00+0000_15.7562
KRSNWDP,Krishna at Wadenepally,Krishna,2026-02-15 12:00:00+00:00,15.80408866745319,NORMAL,18.45,19.84,23.07,16.7944,80.07247,KRSNWDP_2026-02-15T12:00:00+0000_15.8041
KRSNWDP,Krishna at Wadenepally,Krishna,2026-02-15 13:00:00+00:00,15.80678608721483,NORMAL,18.45,19.84,23.07,16.7944,80.07247,KRSNWDP_2026-02-15T13:00:00+0000_15.8068
KRSNWDP,Krishna at Wadenepally,Krishna,2026-02-15 14:00:00+00:00,15.863877405735312,NORMAL,18.45,19.84,23.07,16.7944,80.07247,KRSNWDP_2026-02-15T14:00:00+0000_15.8639
KRSNWDP,Krishna at Wadenepally,Krishna,2026-02-15 15:00:00+00:00,15.880943080480558,NORMAL,18.45,19.84,23.07,16.7944,80.07247,KRSNWDP_2026-02-15T15:00:00+0000_15.8809
KRSNWDP,Krishna at Wadenepally,Krishna,2026-02-15 16:00:00+00:00,15.85347623357993,NORMAL,18.45,19.84,23.07,16.7944,80.07247,KRSNWDP_2026-02-15T16:00:00+0000_15.8535
KRSNWDP,Krishna at Wadenepally,Krishna,2026-02-15 17:00:00+00:00,15.987319406844332,NORMAL,18.45,19.84,23.07,16.7944,80.07247,KRSNWDP_2026-02-15T17:00:00+0000_15.9873
KRSNWDP,Krishna at Wadenepally,Krishna,2026-02-15 18:00:00+00:00,15.972976181635456,NORMAL,18.45,19.84,23.07,16.7944,80.07247,KRSNWDP_2026-02-15T18:00:00+0000_15.9730
KRSNWDP,Krishna at Wadenepally,Krishna,2026-02-15 19:00:00+00:00,15.996116659672412,NORMAL,18.45,19.84,23.07,16.7944,80.07247,KRSNWDP_2026-02-15T19:00:00+0000_15.9961
KRSNWDP,Krishna at Wadenepally,Krishna,2026-02-15 20:00:00+00:00,16.090495500264666,NORMAL,18.45,19.84,23.07,16.7944,80.07247,KRSNWDP_2026-02-15T20:00:00+0000_16.0905
KRSNWDP,Krishna at Wadenepally,Krishna,2026-02-15 21:00:00+00:00,16.13433451003989,NORMAL,18.45,19.84,23.07,16.7944,80.07247,KRSNWDP_2026-02-15T21:00:00+0000_16.1343
KRSNWDP,Krishna at Wadenepally,Krishna,2026-02-15 22:00:00+00:00,16.11106382440821,NORMAL,18.45,19.84,23.07,16.7944,80.07247,KRSNWDP_2026-02-15T22:00:00+0000_16.1111
KRSNWDP,Krishna at Wadenepally,Krishna,2026-02-15 23:00:00+00:00,16.176510803057877,NORMAL,18.45,19.84,23.07,16.7944,80.07247,KRSNWDP_2026-02-15T23:00:00+0000_16.1765
KRSNWDP,Krishna at Wadenepally,Krishna,2026-02-16 00:00:00+00:00,16.114591219287043,NORMAL,18.45,19.84,23.07,16.7944,80.07247,KRSNWDP_2026-02-16T00:00:00+0000_16.1146
KRSNWDP,Krishna at Wadenepally,Krishna,2026-02-16 01:00:00+00:00,16.140509368801702,NORMAL,18.45,19.84,23.07,16.7944,80.07247,KRSNWDP_2026-02-16T01:00:00+0000_16.1405
KRSNWDP,Krishna at Wadenepally,Krishna,2026-02-16 02:00:00+00:00,16.096283987061998,NORMAL,18.45,19.84,23.07,16.7944,80.07247,KRSNWDP_2026-02-16T02:00:00+0000_16.0963
KRSNWDP,Krishna at Wadenepally,Krishna,2026-02-16 03:00:00+00:00,16.08731601425565,NORMAL,18.45,19.84,23.07,16.7944,80.07247,KRSNWDP_2026-02-16T03:00:00+0000_16.0873
KRSNWDP,Krishna at Wadenepally,Krishna,2026-02-16 04:00:00+00:00,16.041942220621287,NORMAL,18.45,19.84,23.07,16.7944,80.07247,KRSNWDP_2026-02-16T04:00:00+0000_16.0419
KRSNWDP,Krishna at Wadenepally,Krishna,2026-02-16 05:00:00+00:00,15.999946257192605,NORMAL,18.45,19.84,23.07,16.7944,80.07247,KRSNWDP_2026-02-16T05:00:00+0000_15.9999
KRSNWDP,Krishna at Wadenepally,Krishna,2026-02-16 06:00:00+00:00,,,18.45,19.84,23.07,16.7944,80.07247,KRSNWDP_2026-02-16T06:00:00+0000_
KRSNWDP,Krishna at Wadenepally,Krishna,2026-02-16 07:00:00+00:00,15.87527396488061,NORMAL,18.45,19.84,23.07,16.7944,80.07247,KRSNWDP_2026-02-16T07:00:00+0000_15.8753
KRSNWDP,Krishna at Wadenepally,Krishna,2026-02-16 08:00:00+00:00,15.813751995064742,NORMAL,18.45,19.84,23.07,16.7944,80.07247,KRSNWDP_2026-02-16T08:00:00+0000_15.8138
KRSNWDP,Krishna at Wadenepally,Krishna,2026-02-16 09:00:00+00:00,15.829297267515438,NORMAL,18.45,19.84,23.07,16.7944,80.07247,KRSNWDP_2026-02-16T09:00:00+0000_15.8293
KRSNWDP,Krishna at Wadenepally,Krishna,2026-02-16 10:00:00+00:00,15.810134179197847,NORMAL,18.45,19.84,23.07,16.7944,80.07247,KRSNWDP_2026-02-16T10:00:00+0000_15.8101
KRSNWDP,Krishna at Wadenepally,Krishna,2026-02-16 11:00:00+00:00,15.803763800050596,NORMAL,18.45,19.84,23.07,16.7944,80.07247,KRSNWDP_2026-02-16T11:00:00+0000_15.8038
KRSNWDP,Krishna at Wadenepally,Krishna,2026-02-16 12:00:00+00:00,15.782877686171412,NORMAL,18.45,19.84,23.07,16.7944,80.07247,KRSNWDP_2026-02-16T12:00:00+0000_15.7829
KRSNWDP,Krishna at Wadenepally,Krishna,2026-02-16 13:00:00+00:00,15.778240677414374,NORMAL,18.45,19.84,23.07,16.7944,80.07247,KRSNWDP_2026-02-16T13:00:00+0000_15.7782
KRSNWDP,Krishna at Wadenepally,Krishna,2026-02-16 14:00:00+00:00,15.827690667034837,NORMAL,18.45,19.84,23.07,16.7944,80.07247,KRSNWDP_2026-02-16T14:00:00+0000_15.8277
KRSNWDP,Krishna at Wadenepally,Krishna,2026-02-16 15:00:00+00:00,15.899383910766968,NORMAL,18.45,19.84,23.07,16.7944,80.07247,KRSNWDP_2026-02-16T15:00:00+0000_15.8994
KRSNWDP,Krishna at Wadenepally,Krishna,2026-02-16 16:00:00+00:00,15.909564754035808,NORMAL,18.45,19.84,23.07,16.7944,80.07247,KRSNWDP_2026-02-16T16:00:00+0000_15.9096
KRSNWDP,Krishna at Wadenepally,Krishna,2026-02-16 17:00:00+00:00,15.987411639247131,NORMAL,18.45,19.84,23.07,16.7944,80.07247,KRSNWDP_2026-02-16T17:00:00+0000_15.9874
KRSNWDP,Krishna at Wadenepally,Krishna,2026-02-16 18:00:00+00:00,16.049469138488274,NORMAL,18.45,19.84,23.07,16.7944,80.07247,KRSNWDP_2026-02-16T18:00:00+0000_16.0495
KRSNWDP,Krishna at Wadenepally,Krishna,2026-02-16 19:00:00+00:00,16.083581848882584,NORMAL,18.45,19.84,23.07,16.7944,80.07247,KRSNWDP_2026-02-16T19:00:00+0000_16.0836
KRSNWDP,Krishna at Wadenepally,Krishna,2026-02-16 20:00:00+00:00,16.09122495577572,NORMAL,18.45,19.84,23.07,16.7944,80.07247,KRSNWDP_2026-02-16T20:00:00+0000_16.0912
KRSNWDP,Krishna at Wadenepally,Krishna,2026-02-16 21:00:00+00:00,16.083809064573018,NORMAL,18.45,19.84,23.07,16.7944,80.07247,KRSNWDP_2026-02-16T21:00:00+0000_16.0838
KRSNWDP,Krishna at Wadenepally,Krishna,2026-02-16 22:00:00+00:00,16.185785657653266,NORMAL,18.45,19.84,23.07,16.7944,80.07247,KRSNWDP_2026-02-16T22:00:00+0000_16.1858
KRSNWDP,Krishna at Wadenepally,Krishna,2026-02-16 23:00:00+00:00,16.15440241904373,NORMAL,18.45,19.84,23.07,16.7944,80.07247,KRSNWDP_2026-02-16T23:00:00+0000_16.1544
KRSNWDP,Krishna at Wadenepally,Krishna,2026-02-17 00:00:00+00:00,16.1543063155473,NORMAL,18.45,19.84,23.07,16.7944,80.07247,KRSNWDP_2026-02-17T00:00:00+0000_16.1543
KRSNWDP,Krishna at Wadenepally,Krishna,2026-02-17 01:00:00+00:00,16.143688180776763,NORMAL,18.45,19.84,23.07,16.7944,80.07247,KRSNWDP_2026-02-17T01:00:00+0000_16.1437
KRSNWDP,Krishna at Wadenepally,Krishna,2026-02-17 02:00:00+00:00,16.15412707169543,NORMAL,18.45,19.84,23.07,16.7944,80.07247,KRSNWDP_2026-02-17T02:00:00+0000_16.1541
KRSNWDP,Krishna at Wadenepally,Krishna,2026-02-17 03:00:00+00:00,16.118415337483388,NORMAL,18.45,19.84,23.07,16.7944,80.07247,KRSNWDP_2026-02-17T03:00:00+0000_16.1184
KRSNWDP,Krishna at Wadenepally,Krishna,2026-02-17 04:00:00+00:00,16.05349353511475,NORMAL,18.45,19.84,23.07,16.7944,80.07247,KRSNWDP_2026-02-17T04:00:00+0000_16.0535
KRSNWDP,Krishna at Wadenepally,Krishna,2026-02-17 05:00:00+00:00,16.019925334329887,NORMAL,18.45,19.84,23.07,16.7944,80.07247,KRSNWDP_2026-02-17T05:00:00+0000_16.0199
KRSNWDP,Krishna at Wadenepally,Krishna,2026-02-17 06:00:00+00:00,15.99378682417914,NORMAL,18.45,19.84,23.07,16.7944,80.07247,KRSNWDP_2026-02-17T06:00:00+0000_15.9938
KRSNWDP,Krishna at Wadenepally,Krishna,2026-02-17 07:00:00+00:00,,,18.45,19.84,23.07,16.7944,80.07247,KRSNWDP_2026-02-17T07:00:00+0000_
KRSNWDP,Krishna at Wadenepally,Krishna,2026-02-17 08:00:00+00:00,15.852125451147137,NORMAL,18.45,19.84,23.07,16.7944,80.07247,KRSNWDP_2026-02-17T08:00:00+0000_15.8521
KRSNWDP,Krishna at Wadenepally,Krishna,2026-02-17 09:00:00+00:00,15.810966830325444,NORMAL,18.45,19.84,23.07,16.7944,80.07247,KRSNWDP_2026-02-17T09:00:00+0000_15.8110
KRSNWDP,Krishna at Wadenepally,Krishna,2026-02-17 10:00:00+00:00,15.760635241879337,NORMAL,18.45,19.84,23.07,16.7944,80.07247,KRSNWDP_2026-02-17T10:00:00+0000_15.7606
KRSNWDP,Krishna at Wadenepally,Krishna,2026-02-17 11:00:00+00:00,15.745412516785237,NORMAL,18.45,19.84,23.07,16.7944,80.07247,KRSNWDP_2026-02-17T11:00:00+0000_15.7454
KRSNWDP,Krishna at Wadenepally,Krishna,2026-02-17 12:00:00+00:00,15.75886630352386,NORMAL,18.45,19.84,23.07,16.7944,80.07247,KRSNWDP_2026-02-17T12:00:00+0000_15.7589
KRSNWDP,Krishna at Wadenepally,Krishna,2026-02-17 13:00:00+00:00,15.849602895742526,NORMAL,18.45,19.84,23.07,16.7944,80.07247,KRSNWDP_2026-02-17T13:00:00+0000_15.8496
KRSNWDP,Krishna at Wadenepally,Krishna,2026-02-17 14:00:00+00:00,15.814319798268508,NORMAL,18.45,19.84,23.07,16.7944,80.07247,KRSNWDP_2026-02-17T14:00:00+0000_15.8143
KRSNWDP,Krishna at Wadenepally,Krishna,2026-02-17 15:00:00+00:00,15.869990590980192,NORMAL,18.45,19.84,23.07,16.7944,80.07247,KRSNWDP_2026-02-17T15:00:00+0000_15.8700
KRSNWDP,Krishna at Wadenepally,Krishna,2026-02-17 16:00:00+00:00,15.952980582109667,NORMAL,18.45,19.84,23.07,16.7944,80.07247,KRSNWDP_2026-02-17T16:00:00+0000_15.9530
KRSNWDP,Krishna at Wadenepally,Krishna,2026-02-17 17:00:00+00:00,15.91353531394296,NORMAL,18.45,19.84,23.07,16.7944,80.07247,KRSNWDP_2026-02-17T17:00:00+0000_15.9135
KRSNWDP,Krishna at Wadenepally,Krishna,2026-02-17 18:00:00+00:00,16.021265381402294,NORMAL,18.45,19.84,23.07,16.7944,80.07247,KRSNWDP_2026-02-17T18:00:00+0000_16.0213
KRSNWDP,Krishna at Wadenepally,Krishna,2026-02-17 19:00:00+00:00,16.086762274742096,NORMAL,18.45,19.84,23.07,16.7944,80.07247,KRSNWDP_2026-02-17T19:00:00+0000_16.0868
KRSNWDP,Krishna at Wadenepally,Krishna,2026-02-17 20:00:00+00:00,16.101076108873897,NORMAL,18.45,19.84,23.07,16.7944,80.07247,KRSNWDP_2026-02-17T20:00:00+0000_16.1011
KRSNWDP,Krishna at Wadenepally,Krishna,2026-02-17 21:00:00+00:00,16.128485850815256,NORMAL,18.45,19.84,23.07,16.7944,80.07247,KRSNWDP_2026-02-17T21:00:00+0000_16.1285
KRSNWDP,Krishna at Wadenepally,Krishna,2026-02-17 22:00:00+00:00,16.11441750152757,NORMAL,18.45,19.84,23.07,16.7944,80.07247,KRSNWDP_2026-02-17T22:00:00+0000_16.1144
KRSNWDP,Krishna at Wadenepally,Krishna,2026-02-17 23:00:00+00:00,16.193889418103446,NORMAL,18.45,19.84,23.07,16.7944,80.07247,KRSNWDP_2026-02-17T23:00:00+0000_16.1939
KRSNWDP,Krishna at Wadenepally,Krishna,2026-02-18 00:00:00+00:00,16.126508501102414,NORMAL,18.45,19.84,23.07,16.7944,80.07247,KRSNWDP_2026-02-18T00:00:00+0000_16.1265
KRSNWDP,Krishna at Wadenepally,Krishna,2026-02-18 01:00:00+00:00,16.16956786468696,NORMAL,18.45,19.84,23.07,16.7944,80.07247,KRSNWDP_2026-02-18T01:00:00+0000_16.1696
KRSNWDP,Krishna at Wadenepally,Krishna,2026-02-18 02:00:00+00:00,17.03064399798325,NORMAL,18.45,19.84,23.07,16.7944,80.07247,KRSNWDP_2026-02-18T02:00:00+0000_17.0306
KRSNWDP,Krishna at Wadenepally,Krishna,2026-02-18 03:00:00+00:00,16.88999868585124,NORMAL,18.45,19.84,23.07,16.7944,80.07247,KRSNWDP_2026-02-18T03:00:00+0000_16.8900
KRSNWDP,Krishna at Wadenepally,Krishna,2026-02-18 04:00:00+00:00,16.769026495985702,NORMAL,18.45,19.84,23.07,16.7944,80.07247,KRSNWDP_2026-02-18T04:00:00+0000_16.7690
KRSNWDP,Krishna at Wadenepally,Krishna,2026-02-18 05:00:00+00:00,16.59534512496762,NORMAL,18.45,19.84,23.07,16.7944,80.07247,KRSNWDP_2026-02-18T05:00:00+0000_16.5953
KRSNWDP,Krishna at Wadenepally,Krishna,2026-02-18 06:00:00+00:00,15.913904636267542,NORMAL,18.45,19.84,23.07,16.7944,80.07247,KRSNWDP_2026-02-18T06:00:00+0000_15.9139
KRSNWDP,Krishna at Wadenepally,Krishna,2026-02-18 07:00:00+00:00,15.928391832389412,NORMAL,18.45,19.84,23.07,16.7944,80.07247,KRSNWDP_2026-02-18T07:00:00+0000_15.9284
KRSNWDP,Krishna at Wadenepally,Krishna,2026-02-18 08:00:00+00:00,15.841632889036417,NORMAL,18.45,19.84,23.07,16.7944,80.07247,KRSNWDP_2026-02-18T08:00:00+0000_15.8416
KRSNWDP,Krishna at Wadenepally,Krishna,2026-02-18 09:00:00+00:00,15.853452033957884,NORMAL,18.45,19.84,23.07,16.7944,80.07247,KRSNWDP_2026-02-18T09:00:00+0000_15.8535
KRSNWDP,Krishna at Wadenepally,Krishna,2026-02-18 10:00:00+00:00,15.803555040354968,NORMAL,18.45,19.84,23.07,16.7944,80.07247,KRSNWDP_2026-02-18T10:00:00+0000_15.8036
KRSNWDP,Krishna at Wadenepally,Krishna,2026-02-18 11:00:00+00:00,15.79412883506928,NORMAL,18.45,19.84,23.07,16.7944,80.07247,KRSNWDP_2026-02-18T11:00:00+0000_15.7941
KRSNWDP,Krishna at Wadenepally,Krishna,2026-02-18 12:00:00+00:00,15.845109535684324,NORMAL,18.45,19.84,23.07,16.7944,80.07247,KRSNWDP_2026-02-18T12:00:00+0000_15.8451
KRSNWDP,Krishna at Wadenepally,Krishna,2026-02-18 13:00:00+00:00,15.848471502880956,NORMAL,18.45,19.84,23.07,16.7944,80.07247,KRSNWDP_2026-02-18T13:00:00+0000_15.8485
KRSNWDP,Krishna at Wadenepally,Krishna,2026-02-18 14:00:00+00:00,15.86736349517012,NORMAL,18.45,19.84,23.07,16.7944,80.07247,KRSNWDP_2026-02-18T14:00:00+0000_15.8674
KRSNWDP,Krishna at Wadenepally,Krishna,2026-02-18 15:00:00+00:00,15.8828834544514,NORMAL,18.45,19.84,23.07,16.7944,80.07247,KRSNWDP_2026-02-18T15:00:00+0000_15.8829
KRSNWDP,Krishna at Wadenepally,Krishna,2026-02-18 16:00:00+00:00,15.96018540026396,NORMAL,18.45,19.84,23.07,16.7944,80.07247,KRSNWDP_2026-02-18T16:00:00+0000_15.9602
KRSNWDP,Krishna at Wadenepally,Krishna,2026-02-18 17:00:00+00:00,15.941535227444904,NORMAL,18.45,19.84,23.07,16.7944,80.07247,KRSNWDP_2026-02-18T17:00:00+0000_15.9415
KRSNWDP,Krishna at Wadenepally,Krishna,2026-02-18 18:00:00+00:00,16.004558769551416,NORMAL,18.45,19.84,23.07,16.7944,80.07247,KRSNWDP_2026-02-18T18:00:00+0000_16.0046
KRSNWDP,Krishna at Wadenepally,Krishna,2026-02-18 19:00:00+00:00,16.047409986064714,NORMAL,18.45,19.84,23.07,16.7944,80.07247,KRSNWDP_2026-02-18T19:00:00+0000_16.0474
KRSNWDP,Krishna at Wadenepally,Krishna,2026-02-18 20:00:00+00:00,16.133786327160916,NORMAL,18.45,19.84,23.07,16.7944,80.07247,KRSNWDP_2026-02-18T20:00:00+0000_16.1338
KRSNWDP,Krishna at Wadenepally,Krishna,2026-02-18 21:00:00+00:00,16.172383507180154,NORMAL,18.45,19.84,23.07,16.7944,80.07247,KRSNWDP_2026-02-18T21:00:00+0000_16.1724
KRSNWDP,Krishna at Wadenepally,Krishna,2026-02-18 22:00:00+00:00,16.112190705450846,NORMAL,18.45,19.84,23.07,16.7944,80.07247,KRSNWDP_2026-02-18T22:00:00+0000_16.1122
KRSNWDP,Krishna at Wadenepally,Krishna,2026-02-18 23:00:00+00:00,16.183058196357262,NORMAL,18.45,19.84,23.07,16.7944,80.07247,KRSNWDP_2026-02-18T23:00:00+0000_16.1831
KRSNWDP,Krishna at Wadenepally,Krishna,2026-02-19 00:00:00+00:00,16.143642838705475,NORMAL,18.45,19.84,23.07,16.7944,80.07247,KRSNWDP_2026-02-19T00:00:00+0000_16.1436
KRSNWDP,Krishna at Wadenepally,Krishna,2026-02-19 01:00:00+00:00,16.166128002378954,NORMAL,18.45,19.84,23.07,16.7944,80.07247,KRSNWDP_2026-02-19T01:00:00+0000_16.1661
KRSNWDP,Krishna at Wadenepally,Krishna,2026-02-19 02:00:00+00:00,16.098251555539775,NORMAL,18.45,19.84,23.07,16.7944,80.07247,KRSNWDP_2026-02-19T02:00:00+0000_16.0983
KRSNWDP,Krishna at Wadenepally,Krishna,2026-02-19 03:00:00+00:00,16.096065741601006,NORMAL,18.45,19.84,23.07,16.7944,80.07247,KRSNWDP_2026-02-19T03:00:00+0000_16.0961
KRSNWDP,Krishna at Wadenepally,Krishna,2026-02-19 04:00:00+00:00,16.081399669200838,NORMAL,18.45,19.84,23.07,16.7944,80.07247,KRSNWDP_2026-02-19T04:00:00+0000_16.0814
KRSNWDP,Krishna at Wadenepally,Krishna,2026-02-19 05:00:00+00:00,15.970242378487775,NORMAL,18.45,19.84,23.07,16.7944,80.07247,KRSNWDP_2026-02-19T05:00:00+0000_15.9702
KRSNWDP,Krishna at Wadenepally,Krishna,2026-02-19 06:00:00+00:00,15.93833128863615,NORMAL,18.45,19.84,23.07,16.7944,80.07247,KRSNWDP_2026-02-19T06:00:00+0000_15.9383
KRSNWDP,Krishna at Wadenepally,Krishna,2026-02-19 07:00:00+00:00,18.573332031065497,WARNING,18.45,19.84,23.07,16.7944,80.07247,KRSNWDP_2026-02-19T07:00:00+0000_18.5733
KRSNWDP,Krishna at Wadenepally,Krishna,2026-02-19 08:00:00+00:00,18.31278460527756,NORMAL,18.45,19.84,23.07,16.7944,80.07247,KRSNWDP_2026-02-19T08:00:00+0000_18.3128
KRSNWDP,Krishna at Wadenepally,Krishna,2026-02-19 09:00:00+00:00,17.996879972447527,NORMAL,18.45,19.84,23.07,16.7944,80.07247,KRSNWDP_2026-02-19T09:00:00+0000_17.9969
KRSNWDP,Krishna at Wadenepally,Krishna,2026-02-19 10:00:00+00:00,15.839170971714411,NORMAL,18.45,19.84,23.07,16.7944,80.07247,KRSNWDP_2026-02-19T10:00:00+0000_15.8392
KRSNWDP,Krishna at Wadenepally,Krishna,2026-02-19 11:00:00+00:00,15.753223877118936,NORMAL,18.45,19.84,23.07,16.7944,80.07247,KRSNWDP_2026-02-19T11:00:00+0000_15.7532
KRSNWDP,Krishna at Wadenepally,Krishna,2026-02-19 12:00:00+00:00,15.825437936297147,NORMAL,18.45,19.84,23.07,16.7944,80.07247,KRSNWDP_2026-02-19T12:00:00+0000_15.8254
KRSNWDP,Krishna at Wadenepally,Krishna,2026-02-19 13:00:00+00:00,15.865429805805832,NORMAL,18.45,19.84,23.07,16.7944,80.07247,KRSNWDP_2026-02-19T13:00:00+0000_15.8654
KRSNWDP,Krishna at Wadenepally,Krishna,2026-02-19 14:00:00+00:00,15.827105984006788,NORMAL,18.45,19.84,23.07,16.7944,80.07247,KRSNWDP_2026-02-19T14:00:00+0000_15.8271
KRSNWDP,Krishna at Wadenepally,Krishna,2026-02-19 15:00:00+00:00,15.917193751652894,NORMAL,18.45,19.84,23.07,16.7944,80.07247,KRSNWDP_2026-02-19T15:00:00+0000_15.9172
KRSNWDP,Krishna at Wadenepally,Krishna,2026-02-19 16:00:00+00:00,15.962295204049916,NORMAL,18.45,19.84,23.07,16.7944,80.07247,KRSNWDP_2026-02-19T16:00:00+0000_15.9623
KRSNWDP,Krishna at Wadenepally,Krishna,2026-02-19 17:00:00+00:00,15.964181523263251,NORMAL,18.45,19.84,23.07,16.7944,80.07247,KRSNWDP_2026-02-19T17:00:00+0000_15.9642
KRSNWDP,Krishna at Wadenepally,Krishna,2026-02-19 18:00:00+00:00,15.996496072276786,NORMAL,18.45,19.84,23.07,16.7944,80.07247,KRSNWDP_2026-02-19T18:00:00+0000_15.9965
KRSNWDP,Krishna at Wadenepally,Krishna,2026-02-19 19:00:00+00:00,16.084426918858657,NORMAL,18.45,19.84,23.07,16.7944,80.07247,KRSNWDP_2026-02-19T19:00:00+0000_16.0844
KRSNWDP,Krishna at Wadenepally,Krishna,2026-02-19 20:00:00+00:00,16.05950255987791,NORMAL,18.45,19.84,23.07,16.7944,80.07247,KRSNWDP_2026-02-19T20:00:00+0000_16.0595
KRSNWDP,Krishna at Wadenepally,Krishna,2026-02-19 21:00:00+00:00,16.111011916700246,NORMAL,18.45,19.84,23.07,16.7944,80.07247,KRSNWDP_2026-02-19T21:00:00+0000_16.1110
KRSNWDP,Krishna at Wadenepally,Krishna,2026-02-19 22:00:00+00:00,16.18831621574639,NORMAL,18.45,19.84,23.07,16.7944,80.07247,KRSNWDP_2026-02-19T22:00:00+0000_16.1883
KRSNWDP,Krishna at Wadenepally,Krishna,2026-02-19 23:00:00+00:00,16.193061827805636,NORMAL,18.45,19.84,23.07,16.7944,80.07247,KRSNWDP_2026-02-19T23:00:00+0000_16.1931
KRSNWDP,Krishna at Wadenepally,Krishna,2026-02-20 00:00:00+00:00,17.244469842951464,NORMAL,18.45,19.84,23.07,16.7944,80.07247,KRSNWDP_2026-02-20T00:00:00+0000_17.2445
KRSNWDP,Krishna at Wadenepally,Krishna,2026-02-20 01:00:00+00:00,17.11663540363415,NORMAL,18.45,19.84,23.07,16.7944,80.07247,KRSNWDP_2026-02-20T01:00:00+0000_17.1166
KRSNWDP,Krishna at Wadenepally,Krishna,2026-02-20 02:00:00+00:00,16.92618112918064,NORMAL,18.45,19.84,23.07,16.7944,80.07247,KRSNWDP_2026-02-20T02:00:00+0000_16.9262
KRSNWDP,Krishna at Wadenepally,Krishna,2026-02-20 03:00:00+00:00,16.8734433698889,NORMAL,18.45,19.84,23.07,16.7944,80.07247,KRSNWDP_2026-02-20T03:00:00+0000_16.8734
KRSNWDP,Krishna at Wadenepally,Krishna,2026-02-20 04:00:00+00:00,16.691858153112392,NORMAL,18.45,19.84,23.07,16.7944,80.07247,KRSNWDP_2026-02-20T04:00:00+0000_16.6919
KRSNWDP,Krishna at Wadenepally,Krishna,2026-02-20 05:00:00+00:00,16.621631404979826,NORMAL,18.45,19.84,23.07,16.7944,80.07247,KRSNWDP_2026-02-20T05:00:00+0000_16.6216
KRSNWDP,Krishna at Wadenepally,Krishna,2026-02-20 06:00:00+00:00,16.00868725763428,NORMAL,18.45,19.84,23.07,16.7944,80.07247,KRSNWDP_2026-02-20T06:00:00+0000_16.0087
KRSNWDP,Krishna at Wadenepally,Krishna,2026-02-20 07:00:00+00:00,15.871090746031198,NORMAL,18.45,19.84,23.07,16.7944,80.07247,KRSNWDP_2026-02-20T07:00:00+0000_15.8711
KRSNWDP,Krishna at Wadenepally,Krishna,2026-02-20 08:00:00+00:00,15.84529238475022,NORMAL,18.45,19.84,23.07,16.7944,80.07247,KRSNWDP_2026-02-20T08:00:00+0000_15.8453
KRSNWDP,Krishna at Wadenepally,Krishna,2026-02-20 09:00:00+00:00,15.816194729323632,NORMAL,18.45,19.84,23.07,16.7944,80.07247,KRSNWDP_2026-02-20T09:00:00+0000_15.8162
KRSNWDP,Krishna at Wadenepally,Krishna,2026-02-20 10:00:00+00:00,15.864991152271717,NORMAL,18.45,19.84,23.07,16.7944,80.07247,KRSNWDP_2026-02-20T10:00:00+0000_15.8650
KRSNWDP,Krishna at Wadenepally,Krishna,2026-02-20 11:00:00+00:00,15.822805673440062,NORMAL,18.45,19.84,23.07,16.7944,80.07247,KRSNWDP_2026-02-20T11:00:00+0000_15.8228
KRSNWDP,Krishna at Wadenepally,Krishna,2026-02-20 12:00:00+00:00,15.809673222102289,NORMAL,18.45,19.84,23.07,16.7944,80.07247,KRSNWDP_2026-02-20T12:00:00+0000_15.8097
KRSNWDP,Krishna at Wadenepally,Krishna,2026-02-20 13:00:00+00:00,15.772200196440451,NORMAL,18.45,19.84,23.07,16.7944,80.07247,KRSNWDP_2026-02-20T13:00:00+0000_15.7722
KRSNWDP,Krishna at Wadenepally,Krishna,2026-02-20 14:00:00+00:00,15.87614060121618,NORMAL,18.45,19.84,23.07,16.7944,80.07247,KRSNWDP_2026-02-20T14:00:00+0000_15.8761
KRSNWDP,Krishna at Wadenepally,Krishna,2026-02-20 15:00:00+00:00,15.92385010795126,NORMAL,18.45,19.84,23.07,16.7944,80.07247,KRSNWDP_2026-02-20T15:00:00+0000_15.9239
KRSNWDP,Krishna at Wadenepally,Krishna,2026-02-20 16:00:00+00:00,15.936286148817247,NORMAL,18.45,19.84,23.07,16.7944,80.07247,KRSNWDP_2026-02-20T16:00:00+0000_15.9363
KRSNWDP,Krishna at Wadenepally,Krishna,2026-02-20 17:00:00+00:00,16.00142519227728,NORMAL,18.45,19.84,23.07,16.7944,80.07247,KRSNWDP_2026-02-20T17:00:00+0000_16.0014
KRSNWDP,Krishna at Wadenepally,Krishna,2026-02-20 18:00:00+00:00,16.025893707735428,NORMAL,18.45,19.84,23.07,16.7944,80.07247,KRSNWDP_2026-02-20T18:00:00+0000_16.0259
KRSNWDP,Krishna at Wadenepally,Krishna,2026-02-20 19:00:00+00:00,16.113604455217178,NORMAL,18.45,19.84,23.07,16.7944,80.07247,KRSNWDP_2026-02-20T19:00:00+0000_16.1136
KRSNWDP,Krishna at Wadenepally,Krishna,2026-02-20 20:00:00+00:00,,,18.45,19.84,23.07,16.7944,80.07247,KRSNWDP_2026-02-20T20:00:00+0000_
KRSNWDP,Krishna at Wadenepally,Krishna,2026-02-20 21:00:00+00:00,16.144091585479373,NORMAL,18.45,19.84,23.07,16.7944,80.07247,KRSNWDP_2026-02-20T21:00:00+0000_16.1441
KRSNWDP,Krishna at Wadenepally,Krishna,2026-02-20 22:00:00+00:00,16.127523626875146,NORMAL,18.45,19.84,23.07,16.7944,80.07247,KRSNWDP_2026-02-20T22:00:00+0000_16.1275
KRSNWDP,Krishna at Wadenepally,Krishna,2026-02-20 23:00:00+00:00,16.20263514605711,NORMAL,18.45,19.84,23.07,16.7944,80.07247,KRSNWDP_2026-02-20T23:00:00+0000_16.2026
KRSNWDP,Krishna at Wadenepally,Krishna,2026-02-21 00:00:00+00:00,16.154362109758996,NORMAL,18.45,19.84,23.07,16.7944,80.07247,KRSNWDP_2026-02-21T00:00:00+0000_16.1544
KRSNWDP,Krishna at Wadenepally,Krishna,2026-02-21 01:00:00+00:00,16.17570321654784,NORMAL,18.45,19.84,23.07,16.7944,80.07247,KRSNWDP_2026-02-21T01:00:00+0000_16.1757
KRSNWDP,Krishna at Wadenepally,Krishna,2026-02-21 02:00:00+00:00,16.147439681500273,NORMAL,18.45,19.84,23.07,16.7944,80.07247,KRSNWDP_2026-02-21T02:00:00+0000_16.1474
KRSNWDP,Krishna at Wadenepally,Krishna,2026-02-21 03:00:00+00:00,16.077798586605002,NORMAL,18.45,19.84,23.07,16.7944,80.07247,KRSNWDP_2026-02-21T03:00:00+0000_16.0778
KRSNWDP,Krishna at Wadenepally,Krishna,2026-02-21 04:00:00+00:00,16.033113441099264,NORMAL,18.45,19.84,23.07,16.7944,80.07247,KRSNWDP_2026-02-21T04:00:00+0000_16.0331
KRSNWDP,Krishna at Wadenepally,Krishna,2026-02-21 05:00:00+00:00,16.05328128608661,NORMAL,18.45,19.84,23.07,16.7944,80.07247,KRSNWDP_2026-02-21T05:00:00+0000_16.0533
KRSNWDP,Krishna at Wadenepally,Krishna,2026-02-21 06:00:00+00:00,16.014194720917974,NORMAL,18.45,19.84,23.07,16.7944,80.07247,KRSNWDP_2026-02-21T06:00:00+0000_16.0142
KRSNWDP,Krishna at Wadenepally,Krishna,2026-02-21 07:00:00+00:00,15.904345384934688,NORMAL,18.45,19.84,23.07,16.7944,80.07247,KRSNWDP_2026-02-21T07:00:00+0000_15.9043
KRSNWDP,Krishna at Wadenepally,Krishna,2026-02-21 08:00:00+00:00,15.857540864972751,NORMAL,18.45,19.84,23.07,16.7944,80.07247,KRSNWDP_2026-02-21T08:00:00+0000_15.8575
KRSNWDP,Krishna at Wadenepally,Krishna,2026-02-21 09:00:00+00:00,15.842923761955753,NORMAL,18.45,19.84,23.07,16.7944,80.07247,KRSNWDP_2026-02-21T09:00:00+0000_15.8429
KRSNWDP,Krishna at Wadenepally,Krishna,2026-02-21 10:00:00+00:00,15.825563127092614,NORMAL,18.45,19.84,23.07,16.7944,80.07247,KRSNWDP_2026-02-21T10:00:00+0000_15.8256
KRSNWDP,Krishna at Wadenepally,Krishna,2026-02-21 11:00:00+00:00,15.834379378969132,NORMAL,18.45,19.84,23.07,16.7944,80.07247,KRSNWDP_2026-02-21T11:00:00+0000_15.8344
KRSNWDP,Krishna at Wadenepally,Krishna,2026-02-21 12:00:00+00:00,15.76870329260344,NORMAL,18.45,19.84,23.07,16.7944,80.07247,KRSNWDP_2026-02-21T12:00:00+0000_15.7687
KRSNWDP,Krishna at Wadenepally,Krishna,2026-02-21 13:00:00+00:00,15.84832918142355,NORMAL,18.45,19.84,23.07,16.7944,80.07247,KRSNWDP_2026-02-21T13:00:00+0000_15.8483
KRSNWDP,Krishna at Wadenepally,Krishna,2026-02-21 14:00:00+00:00,15.879316012883066,NORMAL,18.45,19.84,23.07,16.7944,80.07247,KRSNWDP_2026-02-21T14:00:00+0000_15.8793
KRSNWDP,Krishna at Wadenepally,Krishna,2026-02-21 15:00:00+00:00,15.89742316875029,NORMAL,18.45,19.84,23.07,16.7944,80.07247,KRSNWDP_2026-02-21T15:00:00+0000_15.8974
KRSNWDP,Krishna at Wadenepally,Krishna,2026-02-21 16:00:00+00:00,,,18.45,19.84,23.07,16.7944,80.07247,KRSNWDP_2026-02-21T16:00:00+0000_
KRSNWDP,Krishna at Wadenepally,Krishna,2026-02-21 17:00:00+00:00,15.977951215823234,NORMAL,18.45,19.84,23.07,16.7944,80.07247,KRSNWDP_2026-02-21T17:00:00+0000_15.9780
KRSNWDP,Krishna at Wadenepally,Krishna,2026-02-21 18:00:00+00:00,15.9944191654067,NORMAL,18.45,19.84,23.07,16.7944,80.07247,KRSNWDP_2026-02-21T18:00:00+0000_15.9944
KRSNWDP,Krishna at Wadenepally,Krishna,2026-02-21 19:00:00+00:00,16.10109251778217,NORMAL,18.45,19.84,23.07,16.7944,80.07247,KRSNWDP_2026-02-21T19:00:00+0000_16.1011
KRSNWDP,Krishna at Wadenepally,Krishna,2026-02-21 20:00:00+00:00,16.14635547042388,NORMAL,18.45,19.84,23.07,16.7944,80.07247,KRSNWDP_2026-02-21T20:00:00+0000_16.1464
KRSNWDP,Krishna at Wadenepally,Krishna,2026-02-21 21:00:00+00:00,16.194820249081463,NORMAL,18.45,19.84,23.07,16.7944,80.07247,KRSNWDP_2026-02-21T21:00:00+0000_16.1948
KRSNWDP,Krishna at Wadenepally,Krishna,2026-02-21 22:00:00+00:00,16.22437864241335,NORMAL,18.45,19.84,23.07,16.7944,80.07247,KRSNWDP_2026-02-21T22:00:00+0000_16.2244
KRSNWDP,Krishna at Wadenepally,Krishna,2026-02-21 23:00:00+00:00,16.188434430587883,NORMAL,18.45,19.84,23.07,16.7944,80.07247,KRSNWDP_2026-02-21T23:00:00+0000_16.1884
KRSNWDP,Krishna at Wadenepally,Krishna,2026-02-22 00:00:00+00:00,16.243103822015275,NORMAL,18.45,19.84,23.07,16.7944,80.07247,KRSNWDP_2026-02-22T00:00:00+0000_16.2431
KRSNWDP,Krishna at Wadenepally,Krishna,2026-02-22 01:00:00+00:00,16.20293257730247,NORMAL,18.45,19.84,23.07,16.7944,80.07247,KRSNWDP_2026-02-22T01:00:00+0000_16.2029
KRSNWDP,Krishna at Wadenepally,Krishna,2026-02-22 02:00:00+00:00,16.165023876295933,NORMAL,18.45,19.84,23.07,16.7944,80.07247,KRSNWDP_2026-02-22T02:00:00+0000_16.1650
KRSNWDP,Krishna at Wadenepally,Krishna,2026-02-22 03:00:00+00:00,16.112964050587816,NORMAL,18.45,19.84,23.07,16.7944,80.07247,KRSNWDP_2026-02-22T03:00:00+0000_16.1130
KRSNWDP,Krishna at Wadenepally,Krishna,2026-02-22 04:00:00+00:00,16.11464596751165,NORMAL,18.45,19.84,23.07,16.7944,80.07247,KRSNWDP_2026-02-22T04:00:00+0000_16.1146
KRSNWDP,Krishna at Wadenepally,Krishna,2026-02-22 05:00:00+00:00,16.064947351622653,NORMAL,18.45,19.84,23.07,16.7944,80.07247,KRSNWDP_2026-02-22T05:00:00+0000_16.0649
KRSNWDP,Krishna at Wadenepally,Krishna,2026-02-22 06:00:00+00:00,15.937274560902484,NORMAL,18.45,19.84,23.07,16.7944,80.07247,KRSNWDP_2026-02-22T06:00:00+0000_15.9373
KRSNWDP,Krishna at Wadenepally,Krishna,2026-02-22 07:00:00+00:00,15.899546818073867,NORMAL,18.45,19.84,23.07,16.7944,80.07247,KRSNWDP_2026-02-22T07:00:00+0000_15.8995
KRSNWDP,Krishna at Wadenepally,Krishna,2026-02-22 08:00:00+00:00,15.907805938326623,NORMAL,18.45,19.84,23.07,16.7944,80.07247,KRSNWDP_2026-02-22T08:00:00+0000_15.9078
KRSNWDP,Krishna at Wadenepally,Krishna,2026-02-22 09:00:00+00:00,15.809390251233651,NORMAL,18.45,19.84,23.07,16.7944,80.07247,KRSNWDP_2026-02-22T09:00:00+0000_15.8094
KRSNWDP,Krishna at Wadenepally,Krishna,2026-02-22 10:00:00+00:00,15.833354125673198,NORMAL,18.45,19.84,23.07,16.7944,80.07247,KRSNWDP_2026-02-22T10:00:00+0000_15.8334
KRSNWDP,Krishna at Wadenepally,Krishna,2026-02-22 11:00:00+00:00,15.868092526387324,NORMAL,18.45,19.84,23.07,16.7944,80.07247,KRSNWDP_2026-02-22T11:00:00+0000_15.8681
KRSNWDP,Krishna at Wadenepally,Krishna,2026-02-22 12:00:00+00:00,15.80770683309806,NORMAL,18.45,19.84,23.07,16.7944,80.07247,KRSNWDP_2026-02-22T12:00:00+0000_15.8077
KRSNWDP,Krishna at Wadenepally,Krishna,2026-02-22 13:00:00+00:00,15.837450597674128,NORMAL,18.45,19.84,23.07,16.7944,80.07247,KRSNWDP_2026-02-22T13:00:00+0000_15.8375
KRSNWDP,Krishna at Wadenepally,Krishna,2026-02-22 14:00:00+00:00,15.842376004916696,NORMAL,18.45,19.84,23.07,16.7944,80.07247,KRSNWDP_2026-02-22T14:00:00+0000_15.8424
KRSNWDP,Krishna at Wadenepally,Krishna,2026-02-22 15:00:00+00:00,15.9219486193935,NORMAL,18.45,19.84,23.07,16.7944,80.07247,KRSNWDP_2026-02-22T15:00:00+0000_15.9219
KRSNWDP,Krishna at Wadenepally,Krishna,2026-02-22 16:00:00+00:00,15.916733811355291,NORMAL,18.45,19.84,23.07,16.7944,80.07247,KRSNWDP_2026-02-22T16:00:00+0000_15.9167
KRSNWDP,Krishna at Wadenepally,Krishna,2026-02-22 17:00:00+00:00,15.968171391377776,NORMAL,18.45,19.84,23.07,16.7944,80.07247,KRSNWDP_2026-02-22T17:00:00+0000_15.9682
KRSNWDP,Krishna at Wadenepally,Krishna,2026-02-22 18:00:00+00:00,16.033178369725963,NORMAL,18.45,19.84,23.07,16.7944,80.07247,KRSNWDP_2026-02-22T18:00:00+0000_16.0332
KRSNWDP,Krishna at Wadenepally,Krishna,2026-02-22 19:00:00+00:00,16.072588902386194,NORMAL,18.45,19.84,23.07,16.7944,80.07247,KRSNWDP_2026-02-22T19:00:00+0000_16.0726
KRSNWDP,Krishna at Wadenepally,Krishna,2026-02-22 20:00:00+00:00,16.12939460961449,NORMAL,18.45,19.84,23.07,16.7944,80.07247,KRSNWDP_2026-02-22T20:00:00+0000_16.1294
KRSNWDP,Krishna at Wadenepally,Krishna,2026-02-22 21:00:00+00:00,16.158280075604793,NORMAL,18.45,19.84,23.07,16.7944,80.07247,KRSNWDP_2026-02-22T21:00:00+0000_16.1583
KRSNWDP,Krishna at Wadenepally,Krishna,2026-02-22 22:00:00+00:00,16.16933013490746,NORMAL,18.45,19.84,23.07,16.7944,80.07247,KRSNWDP_2026-02-22T22:00:00+0000_16.1693
KRSNWDP,Krishna at Wadenepally,Krishna,2026-02-22 23:00:00+00:00,16.167120550983615,NORMAL,18.45,19.84,23.07,16.7944,80.07247,KRSNWDP_2026-02-22T23:00:00+0000_16.1671
KRSNWDP,Krishna at Wadenepally,Krishna,2026-02-23 00:00:00+00:00,16.23116837721643,NORMAL,18.45,19.84,23.07,16.7944,80.07247,KRSNWDP_2026-02-23T00:00:00+0000_16.2312
KRSNWDP,Krishna at Wadenepally,Krishna,2026-02-23 01:00:00+00:00,16.161570402289534,NORMAL,18.45,19.84,23.07,16.7944,80.07247,KRSNWDP_2026-02-23T01:00:00+0000_16.1616
KRSNWDP,Krishna at Wadenepally,Krishna,2026-02-23 02:00:00+00:00,16.14492339985138,NORMAL,18.45,19.84,23.07,16.7944,80.07247,KRSNWDP_2026-02-23T02:00:00+0000_16.1449
KRSNWDP,Krishna at Wadenepally,Krishna,2026-02-23 03:00:00+00:00,16.07800973610564,NORMAL,18.45,19.84,23.07,16.7944,80.07247,KRSNWDP_2026-02-23T03:00:00+0000_16.0780
KRSNWDP,Krishna at Wadenepally,Krishna,2026-02-23 04:00:00+00:00,16.10208330084533,NORMAL,18.45,19.84,23.07,16.7944,80.07247,KRSNWDP_2026-02-23T04:00:00+0000_16.1021
KRSNWDP,Krishna at Wadenepally,Krishna,2026-02-23 05:00:00+00:00,16.061375519639192,NORMAL,18.45,19.84,23.07,16.7944,80.07247,KRSNWDP_2026-02-23T05:00:00+0000_16.0614
KRSNWDP,Krishna at Wadenepally,Krishna,2026-02-23 06:00:00+00:00,15.968666129734585,NORMAL,18.45,19.84,23.07,16.7944,80.07247,KRSNWDP_2026-02-23T06:00:00+0000_15.9687
KRSNWDP,Krishna at Wadenepally,Krishna,2026-02-23 07:00:00+00:00,15.932022642059284,NORMAL,18.45,19.84,23.07,16.7944,80.07247,KRSNWDP_2026-02-23T07:00:00+0000_15.9320
KRSNWDP,Krishna at Wadenepally,Krishna,2026-02-23 08:00:00+00:00,15.871417702992565,NORMAL,18.45,19.84,23.07,16.7944,80.07247,KRSNWDP_2026-02-23T08:00:00+0000_15.8714
KRSNWDP,Krishna at Wadenepally,Krishna,2026-02-23 09:00:00+00:00,15.899073557656491,NORMAL,18.45,19.84,23.07,16.7944,80.07247,KRSNWDP_2026-02-23T09:00:00+0000_15.8991
KRSNWDP,Krishna at Wadenepally,Krishna,2026-02-23 10:00:00+00:00,15.839500227452262,NORMAL,18.45,19.84,23.07,16.7944,80.07247,KRSNWDP_2026-02-23T10:00:00+0000_15.8395
KRSNWDP,Krishna at Wadenepally,Krishna,2026-02-23 11:00:00+00:00,15.84688101325423,NORMAL,18.45,19.84,23.07,16.7944,80.07247,KRSNWDP_2026-02-23T11:00:00+0000_15.8469
KRSNWDP,Krishna at Wadenepally,Krishna,2026-02-23 12:00:00+00:00,15.84262068138045,NORMAL,18.45,19.84,23.07,16.7944,80.07247,KRSNWDP_2026-02-23T12:00:00+0000_15.8426
KRSNWDP,Krishna at Wadenepally,Krishna,2026-02-23 13:00:00+00:00,15.881201531599316,NORMAL,18.45,19.84,23.07,16.7944,80.07247,KRSNWDP_2026-02-23T13:00:00+0000_15.8812
KRSNWDP,Krishna at Wadenepally,Krishna,2026-02-23 14:00:00+00:00,15.853427985636998,NORMAL,18.45,19.84,23.07,16.7944,80.07247,KRSNWDP_2026-02-23T14:00:00+0000_15.8534
KRSNWDP,Krishna at Wadenepally,Krishna,2026-02-23 15:00:00+00:00,15.866785739088083,NORMAL,18.45,19.84,23.07,16.7944,80.07247,KRSNWDP_2026-02-23T15:00:00+0000_15.8668
KRSNWDP,Krishna at Wadenepally,Krishna,2026-02-23 16:00:00+00:00,15.972583822116752,NORMAL,18.45,19.84,23.07,16.7944,80.07247,KRSNWDP_2026-02-23T16:00:00+0000_15.9726
KRSNWDP,Krishna at Wadenepally,Krishna,2026-02-23 17:00:00+00:00,,,18.45,19.84,23.07,16.7944,80.07247,KRSNWDP_2026-02-23T17:00:00+0000_
KRSNWDP,Krishna at Wadenepally,Krishna,2026-02-23 18:00:00+00:00,16.080141013597032,NORMAL,18.45,19.84,23.07,16.7944,80.07247,KRSNWDP_2026-02-23T18:00:00+0000_16.0801
KRSNWDP,Krishna at Wadenepally,Krishna,2026-02-23 19:00:00+00:00,16.070221908019306,NORMAL,18.45,19.84,23.07,16.7944,80.07247,KRSNWDP_2026-02-23T19:00:00+0000_16.0702
KRSNWDP,Krishna at Wadenepally,Krishna,2026-02-23 20:00:00+00:00,16.103879693131848,NORMAL,18.45,19.84,23.07,16.7944,80.07247,KRSNWDP_2026-02-23T20:00:00+0000_16.1039
KRSNWDP,Krishna at Wadenepally,Krishna,2026-02-23 21:00:00+00:00,16.204865224920024,NORMAL,18.45,19.84,23.07,16.7944,80.07247,KRSNWDP_2026-02-23T21:00:00+0000_16.2049
KRSNWDP,Krishna at Wadenepally,Krishna,2026-02-23 22:00:00+00:00,16.149800671984767,NORMAL,18.45,19.84,23.07,16.7944,80.07247,KRSNWDP_2026-02-23T22:00:00+0000_16.1498
KRSNWDP,Krishna at Wadenepally,Krishna,2026-02-23 23:00:00+00:00,16.245165124128597,NORMAL,18.45,19.84,23.07,16.7944,80.07247,KRSNWDP_2026-02-23T23:00:00+0000_16.2452
KRSNWDP,Krishna at Wadenepally,Krishna,2026-02-24 00:00:00+00:00,16.221398983900468,NORMAL,18.45,19.84,23.07,16.7944,80.07247,KRSNWDP_2026-02-24T00:00:00+0000_16.2214
KRSNWDP,Krishna at Wadenepally,Krishna,2026-02-24 01:00:00+00:00,16.229095902847572,NORMAL,18.45,19.84,23.07,16.7944,80.07247,KRSNWDP_2026-02-24T01:00:00+0000_16.2291
KRSNWDP,Krishna at Wadenepally,Krishna,2026-02-24 02:00:00+00:00,16.174792515654897,NORMAL,18.45,19.84,23.07,16.7944,80.07247,KRSNWDP_2026-02-24T02:00:00+0000_16.1748
KRSNWDP,Krishna at Wadenepally,Krishna,2026-02-24 03:00:00+00:00,16.18020814026483,NORMAL,18.45,19.84,23.07,16.7944,80.07247,KRSNWDP_2026-02-24T03:00:00+0000_16.1802
KRSNWDP,Krishna at Wadenepally,Krishna,2026-02-24 04:00:00+00:00,16.139059486945012,NORMAL,18.45,19.84,23.07,16.7944,80.07247,KRSNWDP_2026-02-24T04:00:00+0000_16.1391
KRSNWDP,Krishna at Wadenepally,Krishna,2026-02-24 05:00:00+00:00,16.060741034982026,NORMAL,18.45,19.84,23.07,16.7944,80.07247,KRSNWDP_2026-02-24T05:00:00+0000_16.0607
KRSNWDP,Krishna at Wadenepally,Krishna,2026-02-24 06:00:00+00:00,15.94757947994134,NORMAL,18.45,19.84,23.07,16.7944,80.07247,KRSNWDP_2026-02-24T06:00:00+0000_15.9476
KRSNWDP,Krishna at Wadenepally,Krishna,2026-02-24 07:00:00+00:00,15.960282866053866,NORMAL,18.45,19.84,23.07,16.7944,80.07247,KRSNWDP_2026-02-24T07:00:00+0000_15.9603
KRSNWDP,Krishna at Wadenepally,Krishna,2026-02-24 08:00:00+00:00,15.92643823106454,NORMAL,18.45,19.84,23.07,16.7944,80.07247,KRSNWDP_2026-02-24T08:00:00+0000_15.9264
KRSNWDP,Krishna at Wadenepally,Krishna,2026-02-24 09:00:00+00:00,,,18.45,19.84,23.07,16.7944,80.07247,KRSNWDP_2026-02-24T09:00:00+0000_
KRSNWDP,Krishna at Wadenepally,Krishna,2026-02-24 10:00:00+00:00,15.832091748807285,NORMAL,18.45,19.84,23.07,16.7944,80.07247,KRSNWDP_2026-02-24T10:00:00+0000_15.8321
KRSNWDP,Krishna at Wadenepally,Krishna,2026-02-24 11:00:00+00:00,15.871302541638096,NORMAL,18.45,19.84,23.07,16.7944,80.07247,KRSNWDP_2026-02-24T11:00:00+0000_15.8713
KRSNWDP,Krishna at Wadenepally,Krishna,2026-02-24 12:00:00+00:00,15.809341659460792,NORMAL,18.45,19.84,23.07,16.7944,80.07247,KRSNWDP_2026-02-24T12:00:00+0000_15.8093
KRSNWDP,Krishna at Wadenepally,Krishna,2026-02-24 13:00:00+00:00,15.853280524168468,NORMAL,18.45,19.84,23.07,16.7944,80.07247,KRSNWDP_2026-02-24T13:00:00+0000_15.8533
KRSNWDP,Krishna at Wadenepally,Krishna,2026-02-24 14:00:00+00:00,15.913248925849688,NORMAL,18.45,19.84,23.07,16.7944,80.07247,KRSNWDP_2026-02-24T14:00:00+0000_15.9132
KRSNWDP,Krishna at Wadenepally,Krishna,2026-02-24 15:00:00+00:00,15.888100762025989,NORMAL,18.45,19.84,23.07,16.7944,80.07247,KRSNWDP_2026-02-24T15:00:00+0000_15.8881
KRSNWDP,Krishna at Wadenepally,Krishna,2026-02-24 16:00:00+00:00,15.989339300393386,NORMAL,18.45,19.84,23.07,16.7944,80.07247,KRSNWDP_2026-02-24T16:00:00+0000_15.9893
KRSNWDP,Krishna at Wadenepally,Krishna,2026-02-24 17:00:00+00:00,15.958522236780311,NORMAL,18.45,19.84,23.07,16.7944,80.07247,KRSNWDP_2026-02-24T17:00:00+0000_15.9585
KRSNWDP,Krishna at Wadenepally,Krishna,2026-02-24 18:00:00+00:00,16.01885220554803,NORMAL,18.45,19.84,23.07,16.7944,80.07247,KRSNWDP_2026-02-24T18:00:00+0000_16.0189
KRSNWDP,Krishna at Wadenepally,Krishna,2026-02-24 19:00:00+00:00,16.07697233001621,NORMAL,18.45,19.84,23.07,16.7944,80.07247,KRSNWDP_2026-02-24T19:00:00+0000_16.0770
KRSNWDP,Krishna at Wadenepally,Krishna,2026-02-24 20:00:00+00:00,16.099660633185238,NORMAL,18.45,19.84,23.07,16.7944,80.07247,KRSNWDP_2026-02-24T20:00:00+0000_16.0997
KRSNWDP,Krishna at Wadenepally,Krishna,2026-02-24 21:00:00+00:00,16.150299674044188,NORMAL,18.45,19.84,23.07,16.7944,80.07247,KRSNWDP_2026-02-24T21:00:00+0000_16.1503
KRSNWDP,Krishna at Wadenepally,Krishna,2026-02-24 22:00:00+00:00,16.211981015521644,NORMAL,18.45,19.84,23.07,16.7944,80.07247,KRSNWDP_2026-02-24T22:00:00+0000_16.2120
KRSNWDP,Krishna at Wadenepally,Krishna,2026-02-24 23:00:00+00:00,16.235164820467137,NORMAL,18.45,19.84,23.07,16.7944,80.07247,KRSNWDP_2026-02-24T23:00:00+0000_16.2352
KRSNWDP,Krishna at Wadenepally,Krishna,2026-02-25 00:00:00+00:00,16.17811962915263,NORMAL,18.45,19.84,23.07,16.7944,80.07247,KRSNWDP_2026-02-25T00:00:00+0000_16.1781
KRSNWDP,Krishna at Wadenepally,Krishna,2026-02-25 01:00:00+00:00,16.18212984980783,NORMAL,18.45,19.84,23.07,16.7944,80.07247,KRSNWDP_2026-02-25T01:00:00+0000_16.1821
KRSNWDP,Krishna at Wadenepally,Krishna,2026-02-25 02:00:00+00:00,16.140689916555694,NORMAL,18.45,19.84,23.07,16.7944,80.07247,KRSNWDP_2026-02-25T02:00:00+0000_16.1407
KRSNWDP,Krishna at Wadenepally,Krishna,2026-02-25 03:00:00+00:00,16.15390253984387,NORMAL,18.45,19.84,23.07,16.7944,80.07247,KRSNWDP_2026-02-25T03:00:00+0000_16.1539
KRSNWDP,Krishna at Wadenepally,Krishna,2026-02-25 04:00:00+00:00,16.11698835778517,NORMAL,18.45,19.84,23.07,16.7944,80.07247,KRSNWDP_2026-02-25T04:00:00+0000_16.1170
KRSNWDP,Krishna at Wadenepally,Krishna,2026-02-25 05:00:00+00:00,16.09631343804036,NORMAL,18.45,19.84,23.07,16.7944,80.07247,KRSNWDP_2026-02-25T05:00:00+0000_16.0963
KRSNWDP,Krishna at Wadenepally,Krishna,2026-02-25 06:00:00+00:00,16.00619745920582,NORMAL,18.45,19.84,23.07,16.7944,80.07247,KRSNWDP_2026-02-25T06:00:00+0000_16.0062
KRSNWDP,Krishna at Wadenepally,Krishna,2026-02-25 07:00:00+00:00,,,18.45,19.84,23.07,16.7944,80.07247,KRSNWDP_2026-02-25T07:00:00+0000_
KRSNWDP,Krishna at Wadenepally,Krishna,2026-02-25 08:00:00+00:00,15.86976992591559,NORMAL,18.45,19.84,23.07,16.7944,80.07247,KRSNWDP_2026-02-25T08:00:00+0000_15.8698
KRSNWDP,Krishna at Wadenepally,Krishna,2026-02-25 09:00:00+00:00,15.919492585188657,NORMAL,18.45,19.84,23.07,16.7944,80.07247,KRSNWDP_2026-02-25T09:00:00+0000_15.9195
KRSNWDP,Krishna at Wadenepally,Krishna,2026-02-25 10:00:00+00:00,15.884289004541278,NORMAL,18.45,19.84,23.07,16.7944,80.07247,KRSNWDP_2026-02-25T10:00:00+0000_15.8843
KRSNWDP,Krishna at Wadenepally,Krishna,2026-02-25 11:00:00+00:00,15.867445286225436,NORMAL,18.45,19.84,23.07,16.7944,80.07247,KRSNWDP_2026-02-25T11:00:00+0000_15.8674
KRSNWDP,Krishna at Wadenepally,Krishna,2026-02-25 12:00:00+00:00,15.822094096047351,NORMAL,18.45,19.84,23.07,16.7944,80.07247,KRSNWDP_2026-02-25T12:00:00+0000_15.8221
KRSNWDP,Krishna at Wadenepally,Krishna,2026-02-25 13:00:00+00:00,15.880673501042166,NORMAL,18.45,19.84,23.07,16.7944,80.07247,KRSNWDP_2026-02-25T13:00:00+0000_15.8807
KRSNWDP,Krishna at Wadenepally,Krishna,2026-02-25 14:00:00+00:00,15.916756602188624,NORMAL,18.45,19.84,23.07,16.7944,80.07247,KRSNWDP_2026-02-25T14:00:00+0000_15.9168
KRSNWDP,Krishna at Wadenepally,Krishna,2026-02-25 15:00:00+00:00,15.874716030223263,NORMAL,18.45,19.84,23.07,16.7944,80.07247,KRSNWDP_2026-02-25T15:00:00+0000_15.8747
KRSNWDP,Krishna at Wadenepally,Krishna,2026-02-25 16:00:00+00:00,15.98406740309976,NORMAL,18.45,19.84,23.07,16.7944,80.07247,KRSNWDP_2026-02-25T16:00:00+0000_15.9841
KRSNWDP,Krishna at Wadenepally,Krishna,2026-02-25 17:00:00+00:00,16.052539446115524,NORMAL,18.45,19.84,23.07,16.7944,80.07247,KRSNWDP_2026-02-25T17:00:00+0000_16.0525
KRSNWDP,Krishna at Wadenepally,Krishna,2026-02-25 18:00:00+00:00,16.02996454049912,NORMAL,18.45,19.84,23.07,16.7944,80.07247,KRSNWDP_2026-02-25T18:00:00+0000_16.0300
KRSNWDP,Krishna at Wadenepally,Krishna,2026-02-25 19:00:00+00:00,16.14666385370568,NORMAL,18.45,19.84,23.07,16.7944,80.07247,KRSNWDP_2026-02-25T19:00:00+0000_16.1467
KRSNWDP,Krishna at Wadenepally,Krishna,2026-02-25 20:00:00+00:00,16.145104242901798,NORMAL,18.45,19.84,23.07,16.7944,80.07247,KRSNWDP_2026-02-25T20:00:00+0000_16.1451
KRSNWDP,Krishna at Wadenepally,Krishna,2026-02-25 21:00:00+00:00,16.137671865879142,NORMAL,18.45,19.84,23.07,16.7944,80.07247,KRSNWDP_2026-02-25T21:00:00+0000_16.1377
KRSNWDP,Krishna at Wadenepally,Krishna,2026-02-25 22:00:00+00:00,16.241362918487436,NORMAL,18.45,19.84,23.07,16.7944,80.07247,KRSNWDP_2026-02-25T22:00:00+0000_16.2414
KRSNWDP,Krishna at Wadenepally,Krishna,2026-02-25 23:00:00+00:00,16.17430256640303,NORMAL,18.45,19.84,23.07,16.7944,80.07247,KRSNWDP_2026-02-25T23:00:00+0000_16.1743
KRSNWDP,Krishna at Wadenepally,Krishna,2026-02-26 00:00:00+00:00,16.178794772719485,NORMAL,18.45,19.84,23.07,16.7944,80.07247,KRSNWDP_2026-02-26T00:00:00+0000_16.1788
KRSNWDP,Krishna at Wadenepally,Krishna,2026-02-26 01:00:00+00:00,16.189420175480308,NORMAL,18.45,19.84,23.07,16.7944,80.07247,KRSNWDP_2026-02-26T01:00:00+0000_16.1894
KRSNWDP,Krishna at Wadenepally,Krishna,2026-02-26 02:00:00+00:00,16.214594161964534,NORMAL,18.45,19.84,23.07,16.7944,80.07247,KRSNWDP_2026-02-26T02:00:00+0000_16.2146
KRSNWDP,Krishna at Wadenepally,Krishna,2026-02-26 03:00:00+00:00,,,18.45,19.84,23.07,16.7944,80.07247,KRSNWDP_2026-02-26T03:00:00+0000_
KRSNWDP,Krishna at Wadenepally,Krishna,2026-02-26 04:00:00+00:00,16.129828837747635,NORMAL,18.45,19.84,23.07,16.7944,80.07247,KRSNWDP_2026-02-26T04:00:00+0000_16.1298
KRSNWDP,Krishna at Wadenepally,Krishna,2026-02-26 05:00:00+00:00,16.026814465499562,NORMAL,18.45,19.84,23.07,16.7944,80.07247,KRSNWDP_2026-02-26T05:00:00+0000_16.0268
KRSNWDP,Krishna at Wadenepally,Krishna,2026-02-26 06:00:00+00:00,16.03392545029049,NORMAL,18.45,19.84,23.07,16.7944,80.07247,KRSNWDP_2026-02-26T06:00:00+0000_16.0339
KRSNWDP,Krishna at Wadenepally,Krishna,2026-02-26 07:00:00+00:00,16.004518385431496,NORMAL,18.45,19.84,23.07,16.7944,80.07247,KRSNWDP_2026-02-26T07:00:00+0000_16.0045
KRSNWDP,Krishna at Wadenepally,Krishna,2026-02-26 08:00:00+00:00,15.951882689916667,NORMAL,18.45,19.84,23.07,16.7944,80.07247,KRSNWDP_2026-02-26T08:00:00+0000_15.9519
KRSNWDP,Krishna at Wadenepally,Krishna,2026-02-26 09:00:00+00:00,15.9029843008246,NORMAL,18.45,19.84,23.07,16.7944,80.07247,KRSNWDP_2026-02-26T09:00:00+0000_15.9030
KRSNWDP,Krishna at Wadenepally,Krishna,2026-02-26 10:00:00+00:00,15.90404998162283,NORMAL,18.45,19.84,23.07,16.7944,80.07247,KRSNWDP_2026-02-26T10:00:00+0000_15.9040
KRSNWDP,Krishna at Wadenepally,Krishna,2026-02-26 11:00:00+00:00,15.86305942064672,NORMAL,18.45,19.84,23.07,16.7944,80.07247,KRSNWDP_2026-02-26T11:00:00+0000_15.8631
KRSNWDP,Krishna at Wadenepally,Krishna,2026-02-26 12:00:00+00:00,15.85451508484832,NORMAL,18.45,19.84,23.07,16.7944,80.07247,KRSNWDP_2026-02-26T12:00:00+0000_15.8545
KRSNWDP,Krishna at Wadenepally,Krishna,2026-02-26 13:00:00+00:00,15.840751780531232,NORMAL,18.45,19.84,23.07,16.7944,80.07247,KRSNWDP_2026-02-26T13:00:00+0000_15.8408
KRSNWDP,Krishna at Wadenepally,Krishna,2026-02-26 14:00:00+00:00,15.89339325218484,NORMAL,18.45,19.84,23.07,16.7944,80.07247,KRSNWDP_2026-02-26T14:00:00+0000_15.8934
KRSNWDP,Krishna at Wadenepally,Krishna,2026-02-26 15:00:00+00:00,15.91772268496765,NORMAL,18.45,19.84,23.07,16.7944,80.07247,KRSNWDP_2026-02-26T15:00:00+0000_15.9177
KRSNWDP,Krishna at Wadenepally,Krishna,2026-02-26 16:00:00+00:00,15.96896956471203,NORMAL,18.45,19.84,23.07,16.7944,80.07247,KRSNWDP_2026-02-26T16:00:00+0000_15.9690
KRSNWDP,Krishna at Wadenepally,Krishna,2026-02-26 17:00:00+00:00,16.006756624381385,NORMAL,18.45,19.84,23.07,16.7944,80.07247,KRSNWDP_2026-02-26T17:00:00+0000_16.0068
KRSNWDP,Krishna at Wadenepally,Krishna,2026-02-26 18:00:00+00:00,16.107403977766815,NORMAL,18.45,19.84,23.07,16.7944,80.07247,KRSNWDP_2026-02-26T18:00:00+0000_16.1074
KRSNWDP,Krishna at Wadenepally,Krishna,2026-02-26 19:00:00+00:00,16.12765730871435,NORMAL,18.45,19.84,23.07,16.7944,80.07247,KRSNWDP_2026-02-26T19:00:00+0000_16.1277
KRSNWDP,Krishna at Wadenepally,Krishna,2026-02-26 20:00:00+00:00,,,18.45,19.84,23.07,16.7944,80.07247,KRSNWDP_2026-02-26T20:00:00+0000_
KRSNWDP,Krishna at Wadenepally,Krishna,2026-02-26 21:00:00+00:00,16.158123954256908,NORMAL,18.45,19.84,23.07,16.7944,80.07247,KRSNWDP_2026-02-26T21:00:00+0000_16.1581
KRSNWDP,Krishna at Wadenepally,Krishna,2026-02-26 22:00:00+00:00,16.176357387142907,NORMAL,18.45,19.84,23.07,16.7944,80.07247,KRSNWDP_2026-02-26T22:00:00+0000_16.1764
KRSNWDP,Krishna at Wadenepally,Krishna,2026-02-26 23:00:00+00:00,16.22051144786658,NORMAL,18.45,19.84,23.07,16.7944,80.07247,KRSNWDP_2026-02-26T23:00:00+0000_16.2205
KRSNWDP,Krishna at Wadenepally,Krishna,2026-02-27 00:00:00+00:00,16.248291520632343,NORMAL,18.45,19.84,23.07,16.7944,80.07247,KRSNWDP_2026-02-27T00:00:00+0000_16.2483
KRSNWDP,Krishna at Wadenepally,Krishna,2026-02-27 01:00:00+00:00,16.2570821756337,NORMAL,18.45,19.84,23.07,16.7944,80.07247,KRSNWDP_2026-02-27T01:00:00+0000_16.2571
KRSNWDP,Krishna at Wadenepally,Krishna,2026-02-27 02:00:00+00:00,16.16425874646988,NORMAL,18.45,19.84,23.07,16.7944,80.07247,KRSNWDP_2026-02-27T02:00:00+0000_16.1643
KRSNWDP,Krishna at Wadenepally,Krishna,2026-02-27 03:00:00+00:00,16.200393239398853,NORMAL,18.45,19.84,23.07,16.7944,80.07247,KRSNWDP_2026-02-27T03:00:00+0000_16.2004
KRSNWDP,Krishna at Wadenepally,Krishna,2026-02-27 04:00:00+00:00,16.082728728698516,NORMAL,18.45,19.84,23.07,16.7944,80.07247,KRSNWDP_2026-02-27T04:00:00+0000_16.0827
KRSNWDP,Krishna at Wadenepally,Krishna,2026-02-27 05:00:00+00:00,16.103394814234218,NORMAL,18.45,19.84,23.07,16.7944,80.07247,KRSNWDP_2026-02-27T05:00:00+0000_16.1034
KRSNWDP,Krishna at Wadenepally,Krishna,2026-02-27 06:00:00+00:00,16.044171833874056,NORMAL,18.45,19.84,23.07,16.7944,80.07247,KRSNWDP_2026-02-27T06:00:00+0000_16.0442
KRSNWDP,Krishna at Wadenepally,Krishna,2026-02-27 07:00:00+00:00,15.941936607346532,NORMAL,18.45,19.84,23.07,16.7944,80.07247,KRSNWDP_2026-02-27T07:00:00+0000_15.9419
KRSNWDP,Krishna at Wadenepally,Krishna,2026-02-27 08:00:00+00:00,15.91974847149444,NORMAL,18.45,19.84,23.07,16.7944,80.07247,KRSNWDP_2026-02-27T08:00:00+0000_15.9197
KRSNWDP,Krishna at Wadenepally,Krishna,2026-02-27 09:00:00+00:00,15.845508503917724,NORMAL,18.45,19.84,23.07,16.7944,80.07247,KRSNWDP_2026-02-27T09:00:00+0000_15.8455
KRSNWDP,Krishna at Wadenepally,Krishna,2026-02-27 10:00:00+00:00,15.821042428715746,NORMAL,18.45,19.84,23.07,16.7944,80.07247,KRSNWDP_2026-02-27T10:00:00+0000_15.8210
KRSNWDP,Krishna at Wadenepally,Krishna,2026-02-27 11:00:00+00:00,15.816295712307491,NORMAL,18.45,19.84,23.07,16.7944,80.07247,KRSNWDP_2026-02-27T11:00:00+0000_15.8163
KRSNWDP,Krishna at Wadenepally,Krishna,2026-02-27 12:00:00+00:00,15.803369869153627,NORMAL,18.45,19.84,23.07,16.7944,80.07247,KRSNWDP_2026-02-27T12:00:00+0000_15.8034
KRSNWDP,Krishna at Wadenepally,Krishna,2026-02-27 13:00:00+00:00,15.843090038337284,NORMAL,18.45,19.84,23.07,16.7944,80.07247,KRSNWDP_2026-02-27T13:00:00+0000_15.8431
KRSNWDP,Krishna at Wadenepally,Krishna,2026-02-27 14:00:00+00:00,15.870226575856918,NORMAL,18.45,19.84,23.07,16.7944,80.07247,KRSNWDP_2026-02-27T14:00:00+0000_15.8702
KRSNWDP,Krishna at Wadenepally,Krishna,2026-02-27 15:00:00+00:00,15.914258661197556,NORMAL,18.45,19.84,23.07,16.7944,80.07247,KRSNWDP_2026-02-27T15:00:00+0000_15.9143
KRSNWDP,Krishna at Wadenepally,Krishna,2026-02-27 16:00:00+00:00,15.972179105254863,NORMAL,18.45,19.84,23.07,16.7944,80.07247,KRSNWDP_2026-02-27T16:00:00+0000_15.9722
KRSNWDP,Krishna at Wadenepally,Krishna,2026-02-27 17:00:00+00:00,16.04548073143557,NORMAL,18.45,19.84,23.07,16.7944,80.07247,KRSNWDP_2026-02-27T17:00:00+0000_16.0455
KRSNWDP,Krishna at Wadenepally,Krishna,2026-02-27 18:00:00+00:00,19.82642449232733,WARNING,18.45,19.84,23.07,16.7944,80.07247,KRSNWDP_2026-02-27T18:00:00+0000_19.8264
KRSNWDP,Krishna at Wadenepally,Krishna,2026-02-27 19:00:00+00:00,19.45831710180329,WARNING,18.45,19.84,23.07,16.7944,80.07247,KRSNWDP_2026-02-27T19:00:00+0000_19.4583
KRSNWDP,Krishna at Wadenepally,Krishna,2026-02-27 20:00:00+00:00,19.170798141987586,WARNING,18.45,19.84,23.07,16.7944,80.07247,KRSNWDP_2026-02-27T20:00:00+0000_19.1708
KRSNWDP,Krishna at Wadenepally,Krishna,2026-02-27 21:00:00+00:00,16.143667212876476,NORMAL,18.45,19.84,23.07,16.7944,80.07247,KRSNWDP_2026-02-27T21:00:00+0000_16.1437
KRSNWDP,Krishna at Wadenepally,Krishna,2026-02-27 22:00:00+00:00,16.171803462597467,NORMAL,18.45,19.84,23.07,16.7944,80.07247,KRSNWDP_2026-02-27T22:00:00+0000_16.1718
KRSNWDP,Krishna at Wadenepally,Krishna,2026-02-27 23:00:00+00:00,16.26435866705917,NORMAL,18.45,19.84,23.07,16.7944,80.07247,KRSNWDP_2026-02-27T23:00:00+0000_16.2644
KRSNWDP,Krishna at Wadenepally,Krishna,2026-02-28 00:00:00+00:00,16.284544995149844,NORMAL,18.45,19.84,23.07,16.7944,80.07247,KRSNWDP_2026-02-28T00:00:00+0000_16.2845
KRSNWDP,Krishna at Wadenepally,Krishna,2026-02-28 01:00:00+00:00,16.24781573180394,NORMAL,18.45,19.84,23.07,16.7944,80.07247,KRSNWDP_2026-02-28T01:00:00+0000_16.2478
KRSNWDP,Krishna at Wadenepally,Krishna,2026-02-28 02:00:00+00:00,16.198730352506328,NORMAL,18.45,19.84,23.07,16.7944,80.07247,KRSNWDP_2026-02-28T02:00:00+0000_16.1987
KRSNWDP,Krishna at Wadenepally,Krishna,2026-02-28 03:00:00+00:00,16.116686739880933,NORMAL,18.45,19.84,23.07,16.7944,80.07247,KRSNWDP_2026-02-28T03:00:00+0000_16.1167
KRSNWDP,Krishna at Wadenepally,Krishna,2026-02-28 04:00:00+00:00,16.129685055831395,NORMAL,18.45,19.84,23.07,16.7944,80.07247,KRSNWDP_2026-02-28T04:00:00+0000_16.1297
KRSNWDP,Krishna at Wadenepally,Krishna,2026-02-28 05:00:00+00:00,16.042908823327164,NORMAL,18.45,19.84,23.07,16.7944,80.07247,KRSNWDP_2026-02-28T05:00:00+0000_16.0429
KRSNWDP,Krishna at Wadenepally,Krishna,2026-02-28 06:00:00+00:00,16.046303526622015,NORMAL,18.45,19.84,23.07,16.7944,80.07247,KRSNWDP_2026-02-28T06:00:00+0000_16.0463
KRSNWDP,Krishna at Wadenepally,Krishna,2026-02-28 07:00:00+00:00,15.951791185987926,NORMAL,18.45,19.84,23.07,16.7944,80.07247,KRSNWDP_2026-02-28T07:00:00+0000_15.9518
KRSNWDP,Krishna at Wadenepally,Krishna,2026-02-28 08:00:00+00:00,15.879880271339474,NORMAL,18.45,19.84,23.07,16.7944,80.07247,KRSNWDP_2026-02-28T08:00:00+0000_15.8799
KRSNWDP,Krishna at Wadenepally,Krishna,2026-02-28 09:00:00+00:00,15.935924336348853,NORMAL,18.45,19.84,23.07,16.7944,80.07247,KRSNWDP_2026-02-28T09:00:00+0000_15.9359
KRSNWDP,Krishna at Wadenepally,Krishna,2026-02-28 10:00:00+00:00,15.843464417858566,NORMAL,18.45,19.84,23.07,16.7944,80.07247,KRSNWDP_2026-02-28T10:00:00+0000_15.8435
KRSNWDP,Krishna at Wadenepally,Krishna,2026-02-28 11:00:00+00:00,15.819365401808689,NORMAL,18.45,19.84,23.07,16.7944,80.07247,KRSNWDP_2026-02-28T11:00:00+0000_15.8194
KRSNWDP,Krishna at Wadenepally,Krishna,2026-02-28 12:00:00+00:00,15.865017151610838,NORMAL,18.45,19.84,23.07,16.7944,80.07247,KRSNWDP_2026-02-28T12:00:00+0000_15.8650
KRSNWDP,Krishna at Wadenepally,Krishna,2026-02-28 13:00:00+00:00,15.87536471937635,NORMAL,18.45,19.84,23.07,16.7944,80.07247,KRSNWDP_2026-02-28T13:00:00+0000_15.8754
KRSNWDP,Krishna at Wadenepally,Krishna,2026-02-28 14:00:00+00:00,15.947465818538316,NORMAL,18.45,19.84,23.07,16.7944,80.07247,KRSNWDP_2026-02-28T14:00:00+0000_15.9475
KRSNWDP,Krishna at Wadenepally,Krishna,2026-02-28 15:00:00+00:00,15.94110372799654,NORMAL,18.45,19.84,23.07,16.7944,80.07247,KRSNWDP_2026-02-28T15:00:00+0000_15.9411
KRSNWDP,Krishna at Wadenepally,Krishna,2026-02-28 16:00:00+00:00,16.003062226263193,NORMAL,18.45,19.84,23.07,16.7944,80.07247,KRSNWDP_2026-02-28T16:00:00+0000_16.0031
KRSNWDP,Krishna at Wadenepally,Krishna,2026-02-28 17:00:00+00:00,16.000844766643706,NORMAL,18.45,19.84,23.07,16.7944,80.07247,KRSNWDP_2026-02-28T17:00:00+0000_16.0008
KRSNWDP,Krishna at Wadenepally,Krishna,2026-02-28 18:00:00+00:00,19.14361368717847,WARNING,18.45,19.84,23.07,16.7944,80.07247,KRSNWDP_2026-02-28T18:00:00+0000_19.1436
KRSNWDP,Krishna at Wadenepally,Krishna,2026-02-28 19:00:00+00:00,18.91921013022972,WARNING,18.45,19.84,23.07,16.7944,80.07247,KRSNWDP_2026-02-28T19:00:00+0000_18.9192
KRSNWDP,Krishna at Wadenepally,Krishna,2026-02-28 20:00:00+00:00,18.681544168102548,WARNING,18.45,19.84,23.07,16.7944,80.07247,KRSNWDP_2026-02-28T20:00:00+0000_18.6815
KRSNWDP,Krishna at Wadenepally,Krishna,2026-02-28 21:00:00+00:00,18.478726363572942,WARNING,18.45,19.84,23.07,16.7944,80.07247,KRSNWDP_2026-02-28T21:00:00+0000_18.4787
KRSNWDP,Krishna at Wadenepally,Krishna,2026-02-28 22:00:00+00:00,18.249745150140967,NORMAL,18.45,19.84,23.07,16.7944,80.07247,KRSNWDP_2026-02-28T22:00:00+0000_18.2497
KRSNWDP,Krishna at Wadenepally,Krishna,2026-02-28 23:00:00+00:00,18.058724234830937,NORMAL,18.45,19.84,23.07,16.7944,80.07247,KRSNWDP_2026-02-28T23:00:00+0000_18.0587
KRSNWDP,Krishna at Wadenepally,Krishna,2026-03-01 00:00:00+00:00,16.25840637397742,NORMAL,18.45,19.84,23.07,16.7944,80.07247,KRSNWDP_2026-03-01T00:00:00+0000_16.2584
KRSNWDP,Krishna at Wadenepally,Krishna,2026-03-01 01:00:00+00:00,16.247181028704127,NORMAL,18.45,19.84,23.07,16.7944,80.07247,KRSNWDP_2026-03-01T01:00:00+0000_16.2472
KRSNWDP,Krishna at Wadenepally,Krishna,2026-03-01 02:00:00+00:00,16.23061062615976,NORMAL,18.45,19.84,23.07,16.7944,80.07247,KRSNWDP_2026-03-01T02:00:00+0000_16.2306
KRSNWDP,Krishna at Wadenepally,Krishna,2026-03-01 03:00:00+00:00,,,18.45,19.84,23.07,16.7944,80.07247,KRSNWDP_2026-03-01T03:00:00+0000_
KRSNWDP,Krishna at Wadenepally,Krishna,2026-03-01 04:00:00+00:00,16.102626752265486,NORMAL,18.45,19.84,23.07,16.7944,80.07247,KRSNWDP_2026-03-01T04:00:00+0000_16.1026
KRSNWDP,Krishna at Wadenepally,Krishna,2026-03-01 05:00:00+00:00,16.121170576897303,NORMAL,18.45,19.84,23.07,16.7944,80.07247,KRSNWDP_2026-03-01T05:00:00+0000_16.1212
KRSNWDP,Krishna at Wadenepally,Krishna,2026-03-01 06:00:00+00:00,15.992694751159426,NORMAL,18.45,19.84,23.07,16.7944,80.07247,KRSNWDP_2026-03-01T06:00:00+0000_15.9927
KRSNWDP,Krishna at Wadenepally,Krishna,2026-03-01 07:00:00+00:00,15.958314406259676,NORMAL,18.45,19.84,23.07,16.7944,80.07247,KRSNWDP_2026-03-01T07:00:00+0000_15.9583
KRSNWDP,Krishna at Wadenepally,Krishna,2026-03-01 08:00:00+00:00,15.934147309397924,NORMAL,18.45,19.84,23.07,16.7944,80.07247,KRSNWDP_2026-03-01T08:00:00+0000_15.9341
KRSNWDP,Krishna at Wadenepally,Krishna,2026-03-01 09:00:00+00:00,15.856072415128594,NORMAL,18.45,19.84,23.07,16.7944,80.07247,KRSNWDP_2026-03-01T09:00:00+0000_15.8561
KRSNWDP,Krishna at Wadenepally,Krishna,2026-03-01 10:00:00+00:00,15.906069497863626,NORMAL,18.45,19.84,23.07,16.7944,80.07247,KRSNWDP_2026-03-01T10:00:00+0000_15.9061
KRSNWDP,Krishna at Wadenepally,Krishna,2026-03-01 11:00:00+00:00,,,18.45,19.84,23.07,16.7944,80.07247,KRSNWDP_2026-03-01T11:00:00+0000_
KRSNWDP,Krishna at Wadenepally,Krishna,2026-03-01 12:00:00+00:00,15.896886751624788,NORMAL,18.45,19.84,23.07,16.7944,80.07247,KRSNWDP_2026-03-01T12:00:00+0000_15.8969
KRSNWDP,Krishna at Wadenepally,Krishna,2026-03-01 13:00:00+00:00,15.855124603774971,NORMAL,18.45,19.84,23.07,16.7944,80.07247,KRSNWDP_2026-03-01T13:00:00+0000_15.8551
KRSNWDP,Krishna at Wadenepally,Krishna,2026-03-01 14:00:00+00:00,15.949595301555185,NORMAL,18.45,19.84,23.07,16.7944,80.07247,KRSNWDP_2026-03-01T14:00:00+0000_15.9496
KRSNWDP,Krishna at Wadenepally,Krishna,2026-03-01 15:00:00+00:00,15.905276289745512,NORMAL,18.45,19.84,23.07,16.7944,80.07247,KRSNWDP_2026-03-01T15:00:00+0000_15.9053
KRSNWDP,Krishna at Wadenepally,Krishna,2026-03-01 16:00:00+00:00,16.000074741419887,NORMAL,18.45,19.84,23.07,16.7944,80.07247,KRSNWDP_2026-03-01T16:00:00+0000_16.0001
KRSNWDP,Krishna at Wadenepally,Krishna,2026-03-01 17:00:00+00:00,16.05045641529633,NORMAL,18.45,19.84,23.07,16.7944,80.07247,KRSNWDP_2026-03-01T17:00:00+0000_16.0505
KRSNWDP,Krishna at Wadenepally,Krishna,2026-03-01 18:00:00+00:00,16.106722904185524,NORMAL,18.45,19.84,23.07,16.7944,80.07247,KRSNWDP_2026-03-01T18:00:00+0000_16.1067
KRSNWDP,Krishna at Wadenepally,Krishna,2026-03-01 19:00:00+00:00,16.10297130502713,NORMAL,18.45,19.84,23.07,16.7944,80.07247,KRSNWDP_2026-03-01T19:00:00+0000_16.1030
KRSNWDP,Krishna at Wadenepally,Krishna,2026-03-01 20:00:00+00:00,16.16357254650302,NORMAL,18.45,19.84,23.07,16.7944,80.07247,KRSNWDP_2026-03-01T20:00:00+0000_16.1636
KRSNWDP,Krishna at Wadenepally,Krishna,2026-03-01 21:00:00+00:00,16.18386192892174,NORMAL,18.45,19.84,23.07,16.7944,80.07247,KRSNWDP_2026-03-01T21:00:00+0000_16.1839
KRSNWDP,Krishna at Wadenepally,Krishna,2026-03-01 22:00:00+00:00,16.202206913837077,NORMAL,18.45,19.84,23.07,16.7944,80.07247,KRSNWDP_2026-03-01T22:00:00+0000_16.2022
KRSNWDP,Krishna at Wadenepally,Krishna,2026-03-01 23:00:00+00:00,16.290831465137614,NORMAL,18.45,19.84,23.07,16.7944,80.07247,KRSNWDP_2026-03-01T23:00:00+0000_16.2908
KRSNWDP,Krishna at Wadenepally,Krishna,2026-03-02 00:00:00+00:00,16.23879471965474,NORMAL,18.45,19.84,23.07,16.7944,80.07247,KRSNWDP_2026-03-02T00:00:00+0000_16.2388
KRSNWDP,Krishna at Wadenepally,Krishna,2026-03-02 01:00:00+00:00,16.249710778806257,NORMAL,18.45,19.84,23.07,16.7944,80.07247,KRSNWDP_2026-03-02T01:00:00+0000_16.2497
KRSNWDP,Krishna at Wadenepally,Krishna,2026-03-02 02:00:00+00:00,16.16189280839177,NORMAL,18.45,19.84,23.07,16.7944,80.07247,KRSNWDP_2026-03-02T02:00:00+0000_16.1619
KRSNWDP,Krishna at Wadenepally,Krishna,2026-03-02 03:00:00+00:00,16.20963850316212,NORMAL,18.45,19.84,23.07,16.7944,80.07247,KRSNWDP_2026-03-02T03:00:00+0000_16.2096
KRSNWDP,Krishna at Wadenepally,Krishna,2026-03-02 04:00:00+00:00,16.128048084851983,NORMAL,18.45,19.84,23.07,16.7944,80.07247,KRSNWDP_2026-03-02T04:00:00+0000_16.1280
KRSNWDP,Krishna at Wadenepally,Krishna,2026-03-02 05:00:00+00:00,16.113742910664097,NORMAL,18.45,19.84,23.07,16.7944,80.07247,KRSNWDP_2026-03-02T05:00:00+0000_16.1137
KRSNWDP,Krishna at Wadenepally,Krishna,2026-03-02 06:00:00+00:00,16.052147870459375,NORMAL,18.45,19.84,23.07,16.7944,80.07247,KRSNWDP_2026-03-02T06:00:00+0000_16.0521
KRSNWDP,Krishna at Wadenepally,Krishna,2026-03-02 07:00:00+00:00,15.974768168334876,NORMAL,18.45,19.84,23.07,16.7944,80.07247,KRSNWDP_2026-03-02T07:00:00+0000_15.9748
KRSNWDP,Krishna at Wadenepally,Krishna,2026-03-02 08:00:00+00:00,15.934345490122974,NORMAL,18.45,19.84,23.07,16.7944,80.07247,KRSNWDP_2026-03-02T08:00:00+0000_15.9343
KRSNWDP,Krishna at Wadenepally,Krishna,2026-03-02 09:00:00+00:00,15.859298577166385,NORMAL,18.45,19.84,23.07,16.7944,80.07247,KRSNWDP_2026-03-02T09:00:00+0000_15.8593
KRSNWDP,Krishna at Wadenepally,Krishna,2026-03-02 10:00:00+00:00,15.83956029788482,NORMAL,18.45,19.84,23.07,16.7944,80.07247,KRSNWDP_2026-03-02T10:00:00+0000_15.8396
KRSNWDP,Krishna at Wadenepally,Krishna,2026-03-02 11:00:00+00:00,15.887373637768569,NORMAL,18.45,19.84,23.07,16.7944,80.07247,KRSNWDP_2026-03-02T11:00:00+0000_15.8874
KRSNWDP,Krishna at Wadenepally,Krishna,2026-03-02 12:00:00+00:00,15.885424968579962,NORMAL,18.45,19.84,23.07,16.7944,80.07247,KRSNWDP_2026-03-02T12:00:00+0000_15.8854
KRSNWDP,Krishna at Wadenepally,Krishna,2026-03-02 13:00:00+00:00,15.930251487630978,NORMAL,18.45,19.84,23.07,16.7944,80.07247,KRSNWDP_2026-03-02T13:00:00+0000_15.9303
KRSNWDP,Krishna at Wadenepally,Krishna,2026-03-02 14:00:00+00:00,15.91466538882152,NORMAL,18.45,19.84,23.07,16.7944,80.07247,KRSNWDP_2026-03-02T14:00:00+0000_15.9147
KRSNWDP,Krishna at Wadenepally,Krishna,2026-03-02 15:00:00+00:00,15.929580753557396,NORMAL,18.45,19.84,23.07,16.7944,80.07247,KRSNWDP_2026-03-02T15:00:00+0000_15.9296
KRSNWDP,Krishna at Wadenepally,Krishna,2026-03-02 16:00:00+00:00,16.038032415296893,NORMAL,18.45,19.84,23.07,16.7944,80.07247,KRSNWDP_2026-03-02T16:00:00+0000_16.0380
KRSNWDP,Krishna at Wadenepally,Krishna,2026-03-02 17:00:00+00:00,16.008113242793943,NORMAL,18.45,19.84,23.07,16.7944,80.07247,KRSNWDP_2026-03-02T17:00:00+0000_16.0081
KRSNWDP,Krishna at Wadenepally,Krishna,2026-03-02 18:00:00+00:00,16.09646678303347,NORMAL,18.45,19.84,23.07,16.7944,80.07247,KRSNWDP_2026-03-02T18:00:00+0000_16.0965
KRSNWDP,Krishna at Wadenepally,Krishna,2026-03-02 19:00:00+00:00,16.149286222433922,NORMAL,18.45,19.84,23.07,16.7944,80.07247,KRSNWDP_2026-03-02T19:00:00+0000_16.1493
KRSNWDP,Krishna at Wadenepally,Krishna,2026-03-02 20:00:00+00:00,16.195134919266604,NORMAL,18.45,19.84,23.07,16.7944,80.07247,KRSNWDP_2026-03-02T20:00:00+0000_16.1951
KRSNWDP,Krishna at Wadenepally,Krishna,2026-03-02 21:00:00+00:00,16.24184686032438,NORMAL,18.45,19.84,23.07,16.7944,80.07247,KRSNWDP_2026-03-02T21:00:00+0000_16.2418
KRSNWDP,Krishna at Wadenepally,Krishna,2026-03-02 22:00:00+00:00,16.21492542412204,NORMAL,18.45,19.84,23.07,16.7944,80.07247,KRSNWDP_2026-03-02T22:00:00+0000_16.2149
KRSNWDP,Krishna at Wadenepally,Krishna,2026-03-02 23:00:00+00:00,16.251599424782118,NORMAL,18.45,19.84,23.07,16.7944,80.07247,KRSNWDP_2026-03-02T23:00:00+0000_16.2516
KRSNWDP,Krishna at Wadenepally,Krishna,2026-03-03 00:00:00+00:00,16.234609488318334,NORMAL,18.45,19.84,23.07,16.7944,80.07247,KRSNWDP_2026-03-03T00:00:00+0000_16.2346
KRSNWDP,Krishna at Wadenepally,Krishna,2026-03-03 01:00:00+00:00,16.27299645190189,NORMAL,18.45,19.84,23.07,16.7944,80.07247,KRSNWDP_2026-03-03T01:00:00+0000_16.2730
KRSNWDP,Krishna at Wadenepally,Krishna,2026-03-03 02:00:00+00:00,16.214059115543858,NORMAL,18.45,19.84,23.07,16.7944,80.07247,KRSNWDP_2026-03-03T02:00:00+0000_16.2141
KRSNWDP,Krishna at Wadenepally,Krishna,2026-03-03 03:00:00+00:00,16.144999933400978,NORMAL,18.45,19.84,23.07,16.7944,80.07247,KRSNWDP_2026-03-03T03:00:00+0000_16.1450
KRSNWDP,Krishna at Wadenepally,Krishna,2026-03-03 04:00:00+00:00,16.14561556208672,NORMAL,18.45,19.84,23.07,16.7944,80.07247,KRSNWDP_2026-03-03T04:00:00+0000_16.1456
KRSNWDP,Krishna at Wadenepally,Krishna,2026-03-03 05:00:00+00:00,16.117815490350598,NORMAL,18.45,19.84,23.07,16.7944,80.07247,KRSNWDP_2026-03-03T05:00:00+0000_16.1178
KRSNWDP,Krishna at Wadenepally,Krishna,2026-03-03 06:00:00+00:00,16.036390713787256,NORMAL,18.45,19.84,23.07,16.7944,80.07247,KRSNWDP_2026-03-03T06:00:00+0000_16.0364
KRSNWDP,Krishna at Wadenepally,Krishna,2026-03-03 07:00:00+00:00,16.0200414404883,NORMAL,18.45,19.84,23.07,16.7944,80.07247,KRSNWDP_2026-03-03T07:00:00+0000_16.0200
KRSNWDP,Krishna at Wadenepally,Krishna,2026-03-03 08:00:00+00:00,15.978355906026689,NORMAL,18.45,19.84,23.07,16.7944,80.07247,KRSNWDP_2026-03-03T08:00:00+0000_15.9784
KRSNWDP,Krishna at Wadenepally,Krishna,2026-03-03 09:00:00+00:00,15.88648099564947,NORMAL,18.45,19.84,23.07,16.7944,80.07247,KRSNWDP_2026-03-03T09:00:00+0000_15.8865
KRSNWDP,Krishna at Wadenepally,Krishna,2026-03-03 10:00:00+00:00,15.907445768717048,NORMAL,18.45,19.84,23.07,16.7944,80.07247,KRSNWDP_2026-03-03T10:00:00+0000_15.9074
KRSNWDP,Krishna at Wadenepally,Krishna,2026-03-03 11:00:00+00:00,15.868765791814376,NORMAL,18.45,19.84,23.07,16.7944,80.07247,KRSNWDP_2026-03-03T11:00:00+0000_15.8688
KRSNWDP,Krishna at Wadenepally,Krishna,2026-03-03 12:00:00+00:00,15.84507278816592,NORMAL,18.45,19.84,23.07,16.7944,80.07247,KRSNWDP_2026-03-03T12:00:00+0000_15.8451
KRSNWDP,Krishna at Wadenepally,Krishna,2026-03-03 13:00:00+00:00,15.875935047978178,NORMAL,18.45,19.84,23.07,16.7944,80.07247,KRSNWDP_2026-03-03T13:00:00+0000_15.8759
KRSNWDP,Krishna at Wadenepally,Krishna,2026-03-03 14:00:00+00:00,15.967641325684964,NORMAL,18.45,19.84,23.07,16.7944,80.07247,KRSNWDP_2026-03-03T14:00:00+0000_15.9676
KRSNWDP,Krishna at Wadenepally,Krishna,2026-03-03 15:00:00+00:00,15.917379397502932,NORMAL,18.45,19.84,23.07,16.7944,80.07247,KRSNWDP_2026-03-03T15:00:00+0000_15.9174
KRSNWDP,Krishna at Wadenepally,Krishna,2026-03-03 16:00:00+00:00,15.982380989335097,NORMAL,18.45,19.84,23.07,16.7944,80.07247,KRSNWDP_2026-03-03T16:00:00+0000_15.9824
KRSNWDP,Krishna at Wadenepally,Krishna,2026-03-03 17:00:00+00:00,16.060479225330468,NORMAL,18.45,19.84,23.07,16.7944,80.07247,KRSNWDP_2026-03-03T17:00:00+0000_16.0605
KRSNWDP,Krishna at Wadenepally,Krishna,2026-03-03 18:00:00+00:00,16.066378873426853,NORMAL,18.45,19.84,23.07,16.7944,80.07247,KRSNWDP_2026-03-03T18:00:00+0000_16.0664
KRSNWDP,Krishna at Wadenepally,Krishna,2026-03-03 19:00:00+00:00,16.118100109305093,NORMAL,18.45,19.84,23.07,16.7944,80.07247,KRSNWDP_2026-03-03T19:00:00+0000_16.1181
KRSNWDP,Krishna at Wadenepally,Krishna,2026-03-03 20:00:00+00:00,16.208328381768773,NORMAL,18.45,19.84,23.07,16.7944,80.07247,KRSNWDP_2026-03-03T20:00:00+0000_16.2083
KRSNWDP,Krishna at Wadenepally,Krishna,2026-03-03 21:00:00+00:00,16.26009993983806,NORMAL,18.45,19.84,23.07,16.7944,80.07247,KRSNWDP_2026-03-03T21:00:00+0000_16.2601
KRSNWDP,Krishna at Wadenepally,Krishna,2026-03-03 22:00:00+00:00,16.228877975165304,NORMAL,18.45,19.84,23.07,16.7944,80.07247,KRSNWDP_2026-03-03T22:00:00+0000_16.2289
KRSNWDP,Krishna at Wadenepally,Krishna,2026-03-03 23:00:00+00:00,16.23266460759795,NORMAL,18.45,19.84,23.07,16.7944,80.07247,KRSNWDP_2026-03-03T23:00:00+0000_16.2327
KRSNWDP,Krishna at Wadenepally,Krishna,2026-03-04 00:00:00+00:00,16.233460827389354,NORMAL,18.45,19.84,23.07,16.7944,80.07247,KRSNWDP_2026-03-04T00:00:00+0000_16.2335
KRSNWDP,Krishna at Wadenepally,Krishna,2026-03-04 01:00:00+00:00,16.274483817417554,NORMAL,18.45,19.84,23.07,16.7944,80.07247,KRSNWDP_2026-03-04T01:00:00+0000_16.2745
KRSNWDP,Krishna at Wadenepally,Krishna,2026-03-04 02:00:00+00:00,16.262248111917433,NORMAL,18.45,19.84,23.07,16.7944,80.07247,KRSNWDP_2026-03-04T02:00:00+0000_16.2622
KRSNWDP,Krishna at Wadenepally,Krishna,2026-03-04 03:00:00+00:00,16.149355806987014,NORMAL,18.45,19.84,23.07,16.7944,80.07247,KRSNWDP_2026-03-04T03:00:00+0000_16.1494
KRSNWDP,Krishna at Wadenepally,Krishna,2026-03-04 04:00:00+00:00,16.096177293078085,NORMAL,18.45,19.84,23.07,16.7944,80.07247,KRSNWDP_2026-03-04T04:00:00+0000_16.0962
KRSNWDP,Krishna at Wadenepally,Krishna,2026-03-04 05:00:00+00:00,16.062608862575757,NORMAL,18.45,19.84,23.07,16.7944,80.07247,KRSNWDP_2026-03-04T05:00:00+0000_16.0626
KRSNWDP,Krishna at Wadenepally,Krishna,2026-03-04 06:00:00+00:00,16.05318827010669,NORMAL,18.45,19.84,23.07,16.7944,80.07247,KRSNWDP_2026-03-04T06:00:00+0000_16.0532
KRSNWDP,Krishna at Wadenepally,Krishna,2026-03-04 07:00:00+00:00,16.01862731791109,NORMAL,18.45,19.84,23.07,16.7944,80.07247,KRSNWDP_2026-03-04T07:00:00+0000_16.0186
KRSNWDP,Krishna at Wadenepally,Krishna,2026-03-04 08:00:00+00:00,15.939346590743858,NORMAL,18.45,19.84,23.07,16.7944,80.07247,KRSNWDP_2026-03-04T08:00:00+0000_15.9393
KRSNWDP,Krishna at Wadenepally,Krishna,2026-03-04 09:00:00+00:00,15.915025115318874,NORMAL,18.45,19.84,23.07,16.7944,80.07247,KRSNWDP_2026-03-04T09:00:00+0000_15.9150
KRSNWDP,Krishna at Wadenepally,Krishna,2026-03-04 10:00:00+00:00,15.926390759642832,NORMAL,18.45,19.84,23.07,16.7944,80.07247,KRSNWDP_2026-03-04T10:00:00+0000_15.9264
KRSNWDP,Krishna at Wadenepally,Krishna,2026-03-04 11:00:00+00:00,15.87272614366626,NORMAL,18.45,19.84,23.07,16.7944,80.07247,KRSNWDP_2026-03-04T11:00:00+0000_15.8727
KRSNWDP,Krishna at Wadenepally,Krishna,2026-03-04 12:00:00+00:00,15.889378554772016,NORMAL,18.45,19.84,23.07,16.7944,80.07247,KRSNWDP_2026-03-04T12:00:00+0000_15.8894
KRSNWDP,Krishna at Wadenepally,Krishna,2026-03-04 13:00:00+00:00,15.90789660605992,NORMAL,18.45,19.84,23.07,16.7944,80.07247,KRSNWDP_2026-03-04T13:00:00+0000_15.9079
KRSNWDP,Krishna at Wadenepally,Krishna,2026-03-04 14:00:00+00:00,15.942286142663727,NORMAL,18.45,19.84,23.07,16.7944,80.07247,KRSNWDP_2026-03-04T14:00:00+0000_15.9423
KRSNWDP,Krishna at Wadenepally,Krishna,2026-03-04 15:00:00+00:00,15.968863088940893,NORMAL,18.45,19.84,23.07,16.7944,80.07247,KRSNWDP_2026-03-04T15:00:00+0000_15.9689
KRSNWDP,Krishna at Wadenepally,Krishna,2026-03-04 16:00:00+00:00,16.015381891310227,NORMAL,18.45,19.84,23.07,16.7944,80.07247,KRSNWDP_2026-03-04T16:00:00+0000_16.0154
KRSNWDP,Krishna at Wadenepally,Krishna,2026-03-04 17:00:00+00:00,16.07836484147961,NORMAL,18.45,19.84,23.07,16.7944,80.07247,KRSNWDP_2026-03-04T17:00:00+0000_16.0784
KRSNWDP,Krishna at Wadenepally,Krishna,2026-03-04 18:00:00+00:00,16.053445221614712,NORMAL,18.45,19.84,23.07,16.7944,80.07247,KRSNWDP_2026-03-04T18:00:00+0000_16.0534
KRSNWDP,Krishna at Wadenepally,Krishna,2026-03-04 19:00:00+00:00,16.107622630103908,NORMAL,18.45,19.84,23.07,16.7944,80.07247,KRSNWDP_2026-03-04T19:00:00+0000_16.1076
KRSNWDP,Krishna at Wadenepally,Krishna,2026-03-04 20:00:00+00:00,16.223644518499658,NORMAL,18.45,19.84,23.07,16.7944,80.07247,KRSNWDP_2026-03-04T20:00:00+0000_16.2236
KRSNWDP,Krishna at Wadenepally,Krishna,2026-03-04 21:00:00+00:00,16.243973917842794,NORMAL,18.45,19.84,23.07,16.7944,80.07247,KRSNWDP_2026-03-04T21:00:00+0000_16.2440
KRSNWDP,Krishna at Wadenepally,Krishna,2026-03-04 22:00:00+00:00,16.262439946061043,NORMAL,18.45,19.84,23.07,16.7944,80.07247,KRSNWDP_2026-03-04T22:00:00+0000_16.2624
KRSNWDP,Krishna at Wadenepally,Krishna,2026-03-04 23:00:00+00:00,16.31095818886491,NORMAL,18.45,19.84,23.07,16.7944,80.07247,KRSNWDP_2026-03-04T23:00:00+0000_16.3110
KRSNWDP,Krishna at Wadenepally,Krishna,2026-03-05 00:00:00+00:00,16.303666717540654,NORMAL,18.45,19.84,23.07,16.7944,80.07247,KRSNWDP_2026-03-05T00:00:00+0000_16.3037
KRSNWDP,Krishna at Wadenepally,Krishna,2026-03-05 01:00:00+00:00,16.272444405440837,NORMAL,18.45,19.84,23.07,16.7944,80.07247,KRSNWDP_2026-03-05T01:00:00+0000_16.2724
KRSNWDP,Krishna at Wadenepally,Krishna,2026-03-05 02:00:00+00:00,16.197139064366837,NORMAL,18.45,19.84,23.07,16.7944,80.07247,KRSNWDP_2026-03-05T02:00:00+0000_16.1971
KRSNWDP,Krishna at Wadenepally,Krishna,2026-03-05 03:00:00+00:00,16.20784116041796,NORMAL,18.45,19.84,23.07,16.7944,80.07247,KRSNWDP_2026-03-05T03:00:00+0000_16.2078
KRSNWDP,Krishna at Wadenepally,Krishna,2026-03-05 04:00:00+00:00,16.17556389858446,NORMAL,18.45,19.84,23.07,16.7944,80.07247,KRSNWDP_2026-03-05T04:00:00+0000_16.1756
KRSNWDP,Krishna at Wadenepally,Krishna,2026-03-05 05:00:00+00:00,16.140134096940574,NORMAL,18.45,19.84,23.07,16.7944,80.07247,KRSNWDP_2026-03-05T05:00:00+0000_16.1401
KRSNWDP,Krishna at Wadenepally,Krishna,2026-03-05 06:00:00+00:00,16.027992203799972,NORMAL,18.45,19.84,23.07,16.7944,80.07247,KRSNWDP_2026-03-05T06:00:00+0000_16.0280
KRSNWDP,Krishna at Wadenepally,Krishna,2026-03-05 07:00:00+00:00,16.029067532747327,NORMAL,18.45,19.84,23.07,16.7944,80.07247,KRSNWDP_2026-03-05T07:00:00+0000_16.0291
KRSNWDP,Krishna at Wadenepally,Krishna,2026-03-05 08:00:00+00:00,15.95120593639017,NORMAL,18.45,19.84,23.07,16.7944,80.07247,KRSNWDP_2026-03-05T08:00:00+0000_15.9512
KRSNWDP,Krishna at Wadenepally,Krishna,2026-03-05 09:00:00+00:00,15.908828452635936,NORMAL,18.45,19.84,23.07,16.7944,80.07247,KRSNWDP_2026-03-05T09:00:00+0000_15.9088
KRSNWDP,Krishna at Wadenepally,Krishna,2026-03-05 10:00:00+00:00,15.952686598242767,NORMAL,18.45,19.84,23.07,16.7944,80.07247,KRSNWDP_2026-03-05T10:00:00+0000_15.9527
KRSNWDP,Krishna at Wadenepally,Krishna,2026-03-05 11:00:00+00:00,15.908134463564522,NORMAL,18.45,19.84,23.07,16.7944,80.07247,KRSNWDP_2026-03-05T11:00:00+0000_15.9081
KRSNWDP,Krishna at Wadenepally,Krishna,2026-03-05 12:00:00+00:00,15.891512481963304,NORMAL,18.45,19.84,23.07,16.7944,80.07247,KRSNWDP_2026-03-05T12:00:00+0000_15.8915
KRSNWDP,Krishna at Wadenepally,Krishna,2026-03-05 13:00:00+00:00,15.94330074935401,NORMAL,18.45,19.84,23.07,16.7944,80.07247,KRSNWDP_2026-03-05T13:00:00+0000_15.9433
KRSNWDP,Krishna at Wadenepally,Krishna,2026-03-05 14:00:00+00:00,15.898945966784572,NORMAL,18.45,19.84,23.07,16.7944,80.07247,KRSNWDP_2026-03-05T14:00:00+0000_15.8989
KRSNWDP,Krishna at Wadenepally,Krishna,2026-03-05 15:00:00+00:00,15.977644026675858,NORMAL,18.45,19.84,23.07,16.7944,80.07247,KRSNWDP_2026-03-05T15:00:00+0000_15.9776
KRSNWDP,Krishna at Wadenepally,Krishna,2026-03-05 16:00:00+00:00,15.987719871999284,NORMAL,18.45,19.84,23.07,16.7944,80.07247,KRSNWDP_2026-03-05T16:00:00+0000_15.9877
KRSNWDP,Krishna at Wadenepally,Krishna,2026-03-05 17:00:00+00:00,16.062105545923355,NORMAL,18.45,19.84,23.07,16.7944,80.07247,KRSNWDP_2026-03-05T17:00:00+0000_16.0621
KRSNWDP,Krishna at Wadenepally,Krishna,2026-03-05 18:00:00+00:00,16.079544087398403,NORMAL,18.45,19.84,23.07,16.7944,80.07247,KRSNWDP_2026-03-05T18:00:00+0000_16.0795
KRSNWDP,Krishna at Wadenepally,Krishna,2026-03-05 19:00:00+00:00,16.184913352309163,NORMAL,18.45,19.84,23.07,16.7944,80.07247,KRSNWDP_2026-03-05T19:00:00+0000_16.1849
KRSNWDP,Krishna at Wadenepally,Krishna,2026-03-05 20:00:00+00:00,16.193489153439476,NORMAL,18.45,19.84,23.07,16.7944,80.07247,KRSNWDP_2026-03-05T20:00:00+0000_16.1935
KRSNWDP,Krishna at Wadenepally,Krishna,2026-03-05 21:00:00+00:00,16.239092181344528,NORMAL,18.45,19.84,23.07,16.7944,80.07247,KRSNWDP_2026-03-05T21:00:00+0000_16.2391
KRSNWDP,Krishna at Wadenepally,Krishna,2026-03-05 22:00:00+00:00,16.251454679336522,NORMAL,18.45,19.84,23.07,16.7944,80.07247,KRSNWDP_2026-03-05T22:00:00+0000_16.2515
KRSNWDP,Krishna at Wadenepally,Krishna,2026-03-05 23:00:00+00:00,16.317180621907553,NORMAL,18.45,19.84,23.07,16.7944,80.07247,KRSNWDP_2026-03-05T23:00:00+0000_16.3172
KRSNWDP,Krishna at Wadenepally,Krishna,2026-03-06 00:00:00+00:00,16.254163472316748,NORMAL,18.45,19.84,23.07,16.7944,80.07247,KRSNWDP_2026-03-06T00:00:00+0000_16.2542
KRSNWDP,Krishna at Wadenepally,Krishna,2026-03-06 01:00:00+00:00,16.238954501561963,NORMAL,18.45,19.84,23.07,16.7944,80.07247,KRSNWDP_2026-03-06T01:00:00+0000_16.2390
KRSNWDP,Krishna at Wadenepally,Krishna,2026-03-06 02:00:00+00:00,16.18671336836231,NORMAL,18.45,19.84,23.07,16.7944,80.07247,KRSNWDP_2026-03-06T02:00:00+0000_16.1867
KRSNWDP,Krishna at Wadenepally,Krishna,2026-03-06 03:00:00+00:00,16.248709552238548,NORMAL,18.45,19.84,23.07,16.7944,80.07247,KRSNWDP_2026-03-06T03:00:00+0000_16.2487
KRSNWDP,Krishna at Wadenepally,Krishna,2026-03-06 04:00:00+00:00,16.110930013049686,NORMAL,18.45,19.84,23.07,16.7944,80.07247,KRSNWDP_2026-03-06T04:00:00+0000_16.1109
KRSNWDP,Krishna at Wadenepally,Krishna,2026-03-06 05:00:00+00:00,16.15537736353561,NORMAL,18.45,19.84,23.07,16.7944,80.07247,KRSNWDP_2026-03-06T05:00:00+0000_16.1554
KRSNWDP,Krishna at Wadenepally,Krishna,2026-03-06 06:00:00+00:00,16.084475599956594,NORMAL,18.45,19.84,23.07,16.7944,80.07247,KRSNWDP_2026-03-06T06:00:00+0000_16.0845
KRSNWDP,Krishna at Wadenepally,Krishna,2026-03-06 07:00:00+00:00,15.97924565226676,NORMAL,18.45,19.84,23.07,16.7944,80.07247,KRSNWDP_2026-03-06T07:00:00+0000_15.9792
KRSNWDP,Krishna at Wadenepally,Krishna,2026-03-06 08:00:00+00:00,16.011481305118654,NORMAL,18.45,19.84,23.07,16.7944,80.07247,KRSNWDP_2026-03-06T08:00:00+0000_16.0115
KRSNWDP,Krishna at Wadenepally,Krishna,2026-03-06 09:00:00+00:00,15.888933354056052,NORMAL,18.45,19.84,23.07,16.7944,80.07247,KRSNWDP_2026-03-06T09:00:00+0000_15.8889
KRSNWDP,Krishna at Wadenepally,Krishna,2026-03-06 10:00:00+00:00,15.909154532848838,NORMAL,18.45,19.84,23.07,16.7944,80.07247,KRSNWDP_2026-03-06T10:00:00+0000_15.9092
KRSNWDP,Krishna at Wadenepally,Krishna,2026-03-06 11:00:00+00:00,15.941349094662511,NORMAL,18.45,19.84,23.07,16.7944,80.07247,KRSNWDP_2026-03-06T11:00:00+0000_15.9413
KRSNWDP,Krishna at Wadenepally,Krishna,2026-03-06 12:00:00+00:00,15.857854159391188,NORMAL,18.45,19.84,23.07,16.7944,80.07247,KRSNWDP_2026-03-06T12:00:00+0000_15.8579
KRSNWDP,Krishna at Wadenepally,Krishna,2026-03-06 13:00:00+00:00,15.936145429236166,NORMAL,18.45,19.84,23.07,16.7944,80.07247,KRSNWDP_2026-03-06T13:00:00+0000_15.9361
KRSNWDP,Krishna at Wadenepally,Krishna,2026-03-06 14:00:00+00:00,15.909811508995665,NORMAL,18.45,19.84,23.07,16.7944,80.07247,KRSNWDP_2026-03-06T14:00:00+0000_15.9098
KRSNWDP,Krishna at Wadenepally,Krishna,2026-03-06 15:00:00+00:00,15.949631989843352,NORMAL,18.45,19.84,23.07,16.7944,80.07247,KRSNWDP_2026-03-06T15:00:00+0000_15.9496
KRSNWDP,Krishna at Wadenepally,Krishna,2026-03-06 16:00:00+00:00,15.978295301739212,NORMAL,18.45,19.84,23.07,16.7944,80.07247,KRSNWDP_2026-03-06T16:00:00+0000_15.9783
KRSNWDP,Krishna at Wadenepally,Krishna,2026-03-06 17:00:00+00:00,16.095683909749336,NORMAL,18.45,19.84,23.07,16.7944,80.07247,KRSNWDP_2026-03-06T17:00:00+0000_16.0957
KRSNWDP,Krishna at Wadenepally,Krishna,2026-03-06 18:00:00+00:00,16.107094357562502,NORMAL,18.45,19.84,23.07,16.7944,80.07247,KRSNWDP_2026-03-06T18:00:00+0000_16.1071
KRSNWDP,Krishna at Wadenepally,Krishna,2026-03-06 19:00:00+00:00,16.141525764911833,NORMAL,18.45,19.84,23.07,16.7944,80.07247,KRSNWDP_2026-03-06T19:00:00+0000_16.1415
KRSNWDP,Krishna at Wadenepally,Krishna,2026-03-06 20:00:00+00:00,16.246432165944412,NORMAL,18.45,19.84,23.07,16.7944,80.07247,KRSNWDP_2026-03-06T20:00:00+0000_16.2464
KRSNWDP,Krishna at Wadenepally,Krishna,2026-03-06 21:00:00+00:00,16.20081871912669,NORMAL,18.45,19.84,23.07,16.7944,80.07247,KRSNWDP_2026-03-06T21:00:00+0000_16.2008
KRSNWDP,Krishna at Wadenepally,Krishna,2026-03-06 22:00:00+00:00,16.225606313624375,NORMAL,18.45,19.84,23.07,16.7944,80.07247,KRSNWDP_2026-03-06T22:00:00+0000_16.2256
KRSNWDP,Krishna at Wadenepally,Krishna,2026-03-06 23:00:00+00:00,16.306138249693735,NORMAL,18.45,19.84,23.07,16.7944,80.07247,KRSNWDP_2026-03-06T23:00:00+0000_16.3061
KRSNWDP,Krishna at Wadenepally,Krishna,2026-03-07 00:00:00+00:00,16.258990298376577,NORMAL,18.45,19.84,23.07,16.7944,80.07247,KRSNWDP_2026-03-07T00:00:00+0000_16.2590
KRSNWDP,Krishna at Wadenepally,Krishna,2026-03-07 01:00:00+00:00,16.312545094809238,NORMAL,18.45,19.84,23.07,16.7944,80.07247,KRSNWDP_2026-03-07T01:00:00+0000_16.3125
KRSNWDP,Krishna at Wadenepally,Krishna,2026-03-07 02:00:00+00:00,16.260547236010925,NORMAL,18.45,19.84,23.07,16.7944,80.07247,KRSNWDP_2026-03-07T02:00:00+0000_16.2605
KRSNWDP,Krishna at Wadenepally,Krishna,2026-03-07 03:00:00+00:00,16.22191183819088,NORMAL,18.45,19.84,23.07,16.7944,80.07247,KRSNWDP_2026-03-07T03:00:00+0000_16.2219
KRSNWDP,Krishna at Wadenepally,Krishna,2026-03-07 04:00:00+00:00,16.19509985784542,NORMAL,18.45,19.84,23.07,16.7944,80.07247,KRSNWDP_2026-03-07T04:00:00+0000_16.1951
KRSNWDP,Krishna at Wadenepally,Krishna,2026-03-07 05:00:00+00:00,19.51391551293745,WARNING,18.45,19.84,23.07,16.7944,80.07247,KRSNWDP_2026-03-07T05:00:00+0000_19.5139
KRSNWDP,Krishna at Wadenepally,Krishna,2026-03-07 06:00:00+00:00,19.117747031054627,WARNING,18.45,19.84,23.07,16.7944,80.07247,KRSNWDP_2026-03-07T06:00:00+0000_19.1177
KRSNWDP,Krishna at Wadenepally,Krishna,2026-03-07 07:00:00+00:00,18.731311447485066,WARNING,18.45,19.84,23.07,16.7944,80.07247,KRSNWDP_2026-03-07T07:00:00+0000_18.7313
KRSNWDP,Krishna at Wadenepally,Krishna,2026-03-07 08:00:00+00:00,18.3787069069552,NORMAL,18.45,19.84,23.07,16.7944,80.07247,KRSNWDP_2026-03-07T08:00:00+0000_18.3787
KRSNWDP,Krishna at Wadenepally,Krishna,2026-03-07 09:00:00+00:00,15.9339154505395,NORMAL,18.45,19.84,23.07,16.7944,80.07247,KRSNWDP_2026-03-07T09:00:00+0000_15.9339
KRSNWDP,Krishna at Wadenepally,Krishna,2026-03-07 10:00:00+00:00,15.942117972060544,NORMAL,18.45,19.84,23.07,16.7944,80.07247,KRSNWDP_2026-03-07T10:00:00+0000_15.9421
KRSNWDP,Krishna at Wadenepally,Krishna,2026-03-07 11:00:00+00:00,15.937860815497617,NORMAL,18.45,19.84,23.07,16.7944,80.07247,KRSNWDP_2026-03-07T11:00:00+0000_15.9379
KRSNWDP,Krishna at Wadenepally,Krishna,2026-03-07 12:00:00+00:00,15.866661881334814,NORMAL,18.45,19.84,23.07,16.7944,80.07247,KRSNWDP_2026-03-07T12:00:00+0000_15.8667
KRSNWDP,Krishna at Wadenepally,Krishna,2026-03-07 13:00:00+00:00,15.875387829110467,NORMAL,18.45,19.84,23.07,16.7944,80.07247,KRSNWDP_2026-03-07T13:00:00+0000_15.8754
KRSNWDP,Krishna at Wadenepally,Krishna,2026-03-07 14:00:00+00:00,15.936365058855984,NORMAL,18.45,19.84,23.07,16.7944,80.07247,KRSNWDP_2026-03-07T14:00:00+0000_15.9364
KRSNWDP,Krishna at Wadenepally,Krishna,2026-03-07 15:00:00+00:00,15.966694655088808,NORMAL,18.45,19.84,23.07,16.7944,80.07247,KRSNWDP_2026-03-07T15:00:00+0000_15.9667
KRSNWDP,Krishna at Wadenepally,Krishna,2026-03-07 16:00:00+00:00,16.004542753462964,NORMAL,18.45,19.84,23.07,16.7944,80.07247,KRSNWDP_2026-03-07T16:00:00+0000_16.0045
KRSNWDP,Krishna at Wadenepally,Krishna,2026-03-07 17:00:00+00:00,,,18.45,19.84,23.07,16.7944,80.07247,KRSNWDP_2026-03-07T17:00:00+0000_
KRSNWDP,Krishna at Wadenepally,Krishna,2026-03-07 18:00:00+00:00,16.09008565965716,NORMAL,18.45,19.84,23.07,16.7944,80.07247,KRSNWDP_2026-03-07T18:00:00+0000_16.0901
KRSNWDP,Krishna at Wadenepally,Krishna,2026-03-07 19:00:00+00:00,16.141431476055235,NORMAL,18.45,19.84,23.07,16.7944,80.07247,KRSNWDP_2026-03-07T19:00:00+0000_16.1414
KRSNWDP,Krishna at Wadenepally,Krishna,2026-03-07 20:00:00+00:00,16.26288269263002,NORMAL,18.45,19.84,23.07,16.7944,80.07247,KRSNWDP_2026-03-07T20:00:00+0000_16.2629
KRSNWDP,Krishna at Wadenepally,Krishna,2026-03-07 21:00:00+00:00,16.241768497801736,NORMAL,18.45,19.84,23.07,16.7944,80.07247,KRSNWDP_2026-03-07T21:00:00+0000_16.2418
KRSNWDP,Krishna at Wadenepally,Krishna,2026-03-07 22:00:00+00:00,16.30686451644991,NORMAL,18.45,19.84,23.07,16.7944,80.07247,KRSNWDP_2026-03-07T22:00:00+0000_16.3069
KRSNWDP,Krishna at Wadenepally,Krishna,2026-03-07 23:00:00+00:00,16.299908393493304,NORMAL,18.45,19.84,23.07,16.7944,80.07247,KRSNWDP_2026-03-07T23:00:00+0000_16.2999
KRSNWDP,Krishna at Wadenepally,Krishna,2026-03-08 00:00:00+00:00,16.301069282740006,NORMAL,18.45,19.84,23.07,16.7944,80.07247,KRSNWDP_2026-03-08T00:00:00+0000_16.3011
KRSNWDP,Krishna at Wadenepally,Krishna,2026-03-08 01:00:00+00:00,16.29193363405787,NORMAL,18.45,19.84,23.07,16.7944,80.07247,KRSNWDP_2026-03-08T01:00:00+0000_16.2919
KRSNWDP,Krishna at Wadenepally,Krishna,2026-03-08 02:00:00+00:00,,,18.45,19.84,23.07,16.7944,80.07247,KRSNWDP_2026-03-08T02:00:00+0000_
KRSNWDP,Krishna at Wadenepally,Krishna,2026-03-08 03:00:00+00:00,16.212986807067463,NORMAL,18.45,19.84,23.07,16.7944,80.07247,KRSNWDP_2026-03-08T03:00:00+0000_16.2130
KRSNWDP,Krishna at Wadenepally,Krishna,2026-03-08 04:00:00+00:00,16.136974487503792,NORMAL,18.45,19.84,23.07,16.7944,80.07247,KRSNWDP_2026-03-08T04:00:00+0000_16.1370
KRSNWDP,Krishna at Wadenepally,Krishna,2026-03-08 05:00:00+00:00,16.105950041453248,NORMAL,18.45,19.84,23.07,16.7944,80.07247,KRSNWDP_2026-03-08T05:00:00+0000_16.1060
KRSNWDP,Krishna at Wadenepally,Krishna,2026-03-08 06:00:00+00:00,16.07663657509219,NORMAL,18.45,19.84,23.07,16.7944,80.07247,KRSNWDP_2026-03-08T06:00:00+0000_16.0766
KRSNWDP,Krishna at Wadenepally,Krishna,2026-03-08 07:00:00+00:00,15.990651354221932,NORMAL,18.45,19.84,23.07,16.7944,80.07247,KRSNWDP_2026-03-08T07:00:00+0000_15.9907
KRSNWDP,Krishna at Wadenepally,Krishna,2026-03-08 08:00:00+00:00,15.958431737153894,NORMAL,18.45,19.84,23.07,16.7944,80.07247,KRSNWDP_2026-03-08T08:00:00+0000_15.9584
KRSNWDP,Krishna at Wadenepally,Krishna,2026-03-08 09:00:00+00:00,15.938174577549312,NORMAL,18.45,19.84,23.07,16.7944,80.07247,KRSNWDP_2026-03-08T09:00:00+0000_15.9382
KRSNWDP,Krishna at Wadenepally,Krishna,2026-03-08 10:00:00+00:00,15.96087121435621,NORMAL,18.45,19.84,23.07,16.7944,80.07247,KRSNWDP_2026-03-08T10:00:00+0000_15.9609
KRSNWDP,Krishna at Wadenepally,Krishna,2026-03-08 11:00:00+00:00,15.911016987149283,NORMAL,18.45,19.84,23.07,16.7944,80.07247,KRSNWDP_2026-03-08T11:00:00+0000_15.9110
KRSNWDP,Krishna at Wadenepally,Krishna,2026-03-08 12:00:00+00:00,15.872954472818105,NORMAL,18.45,19.84,23.07,16.7944,80.07247,KRSNWDP_2026-03-08T12:00:00+0000_15.8730
KRSNWDP,Krishna at Wadenepally,Krishna,2026-03-08 13:00:00+00:00,15.959281145973522,NORMAL,18.45,19.84,23.07,16.7944,80.07247,KRSNWDP_2026-03-08T13:00:00+0000_15.9593
KRSNWDP,Krishna at Wadenepally,Krishna,2026-03-08 14:00:00+00:00,15.92705589237564,NORMAL,18.45,19.84,23.07,16.7944,80.07247,KRSNWDP_2026-03-08T14:00:00+0000_15.9271
KRSNWDP,Krishna at Wadenepally,Krishna,2026-03-08 15:00:00+00:00,15.94910915115714,NORMAL,18.45,19.84,23.07,16.7944,80.07247,KRSNWDP_2026-03-08T15:00:00+0000_15.9491
KRSNWDP,Krishna at Wadenepally,Krishna,2026-03-08 16:00:00+00:00,16.07686460682013,NORMAL,18.45,19.84,23.07,16.7944,80.07247,KRSNWDP_2026-03-08T16:00:00+0000_16.0769
KRSNWDP,Krishna at Wadenepally,Krishna,2026-03-08 17:00:00+00:00,16.120887919422685,NORMAL,18.45,19.84,23.07,16.7944,80.07247,KRSNWDP_2026-03-08T17:00:00+0000_16.1209
KRSNWDP,Krishna at Wadenepally,Krishna,2026-03-08 18:00:00+00:00,16.175496435913598,NORMAL,18.45,19.84,23.07,16.7944,80.07247,KRSNWDP_2026-03-08T18:00:00+0000_16.1755
KRSNWDP,Krishna at Wadenepally,Krishna,2026-03-08 19:00:00+00:00,16.18742847999471,NORMAL,18.45,19.84,23.07,16.7944,80.07247,KRSNWDP_2026-03-08T19:00:00+0000_16.1874
KRSNWDP,Krishna at Wadenepally,Krishna,2026-03-08 20:00:00+00:00,16.181899008306058,NORMAL,18.45,19.84,23.07,16.7944,80.07247,KRSNWDP_2026-03-08T20:00:00+0000_16.1819
KRSNWDP,Krishna at Wadenepally,Krishna,2026-03-08 21:00:00+00:00,16.253638349961765,NORMAL,18.45,19.84,23.07,16.7944,80.07247,KRSNWDP_2026-03-08T21:00:00+0000_16.2536
KRSNWDP,Krishna at Wadenepally,Krishna,2026-03-08 22:00:00+00:00,16.3039103380022,NORMAL,18.45,19.84,23.07,16.7944,80.07247,KRSNWDP_2026-03-08T22:00:00+0000_16.3039
KRSNWDP,Krishna at Wadenepally,Krishna,2026-03-08 23:00:00+00:00,16.247000474817938,NORMAL,18.45,19.84,23.07,16.7944,80.07247,KRSNWDP_2026-03-08T23:00:00+0000_16.2470
KRSNWDP,Krishna at Wadenepally,Krishna,2026-03-09 00:00:00+00:00,16.330885272492836,NORMAL,18.45,19.84,23.07,16.7944,80.07247,KRSNWDP_2026-03-09T00:00:00+0000_16.3309
KRSNWDP,Krishna at Wadenepally,Krishna,2026-03-09 01:00:00+00:00,16.274295443682156,NORMAL,18.45,19.84,23.07,16.7944,80.07247,KRSNWDP_2026-03-09T01:00:00+0000_16.2743
KRSNWDP,Krishna at Wadenepally,Krishna,2026-03-09 02:00:00+00:00,16.27499232912176,NORMAL,18.45,19.84,23.07,16.7944,80.07247,KRSNWDP_2026-03-09T02:00:00+0000_16.2750
KRSNWDP,Krishna at Wadenepally,Krishna,2026-03-09 03:00:00+00:00,16.267330982321127,NORMAL,18.45,19.84,23.07,16.7944,80.07247,KRSNWDP_2026-03-09T03:00:00+0000_16.2673
KRSNWDP,Krishna at Wadenepally,Krishna,2026-03-09 04:00:00+00:00,16.153014016265267,NORMAL,18.45,19.84,23.07,16.7944,80.07247,KRSNWDP_2026-03-09T04:00:00+0000_16.1530
KRSNWDP,Krishna at Wadenepally,Krishna,2026-03-09 05:00:00+00:00,16.168596787522098,NORMAL,18.45,19.84,23.07,16.7944,80.07247,KRSNWDP_2026-03-09T05:00:00+0000_16.1686
KRSNWDP,Krishna at Wadenepally,Krishna,2026-03-09 06:00:00+00:00,16.10200055479259,NORMAL,18.45,19.84,23.07,16.7944,80.07247,KRSNWDP_2026-03-09T06:00:00+0000_16.1020
KRSNWDP,Krishna at Wadenepally,Krishna,2026-03-09 07:00:00+00:00,16.004729955857957,NORMAL,18.45,19.84,23.07,16.7944,80.07247,KRSNWDP_2026-03-09T07:00:00+0000_16.0047
KRSNWDP,Krishna at Wadenepally,Krishna,2026-03-09 08:00:00+00:00,16.022444132355467,NORMAL,18.45,19.84,23.07,16.7944,80.07247,KRSNWDP_2026-03-09T08:00:00+0000_16.0224
KRSNWDP,Krishna at Wadenepally,Krishna,2026-03-09 09:00:00+00:00,15.994746454090215,NORMAL,18.45,19.84,23.07,16.7944,80.07247,KRSNWDP_2026-03-09T09:00:00+0000_15.9947
KRSNWDP,Krishna at Wadenepally,Krishna,2026-03-09 10:00:00+00:00,15.8962515884277,NORMAL,18.45,19.84,23.07,16.7944,80.07247,KRSNWDP_2026-03-09T10:00:00+0000_15.8963
KRSNWDP,Krishna at Wadenepally,Krishna,2026-03-09 11:00:00+00:00,15.899096872331237,NORMAL,18.45,19.84,23.07,16.7944,80.07247,KRSNWDP_2026-03-09T11:00:00+0000_15.8991
KRSNWDP,Krishna at Wadenepally,Krishna,2026-03-09 12:00:00+00:00,15.898149658362,NORMAL,18.45,19.84,23.07,16.7944,80.07247,KRSNWDP_2026-03-09T12:00:00+0000_15.8981
KRSNWDP,Krishna at Wadenepally,Krishna,2026-03-09 13:00:00+00:00,15.932298023187789,NORMAL,18.45,19.84,23.07,16.7944,80.07247,KRSNWDP_2026-03-09T13:00:00+0000_15.9323
KRSNWDP,Krishna at Wadenepally,Krishna,2026-03-09 14:00:00+00:00,15.96507019480374,NORMAL,18.45,19.84,23.07,16.7944,80.07247,KRSNWDP_2026-03-09T14:00:00+0000_15.9651
KRSNWDP,Krishna at Wadenepally,Krishna,2026-03-09 15:00:00+00:00,15.979040525761926,NORMAL,18.45,19.84,23.07,16.7944,80.07247,KRSNWDP_2026-03-09T15:00:00+0000_15.9790
KRSNWDP,Krishna at Wadenepally,Krishna,2026-03-09 16:00:00+00:00,15.9935365622868,NORMAL,18.45,19.84,23.07,16.7944,80.07247,KRSNWDP_2026-03-09T16:00:00+0000_15.9935
KRSNWDP,Krishna at Wadenepally,Krishna,2026-03-09 17:00:00+00:00,16.052940011972023,NORMAL,18.45,19.84,23.07,16.7944,80.07247,KRSNWDP_2026-03-09T17:00:00+0000_16.0529
KRSNWDP,Krishna at Wadenepally,Krishna,2026-03-09 18:00:00+00:00,16.160551921257465,NORMAL,18.45,19.84,23.07,16.7944,80.07247,KRSNWDP_2026-03-09T18:00:00+0000_16.1606
KRSNWDP,Krishna at Wadenepally,Krishna,2026-03-09 19:00:00+00:00,16.197215970112115,NORMAL,18.45,19.84,23.07,16.7944,80.07247,KRSNWDP_2026-03-09T19:00:00+0000_16.1972
KRSNWDP,Krishna at Wadenepally,Krishna,2026-03-09 20:00:00+00:00,16.19228556631117,NORMAL,18.45,19.84,23.07,16.7944,80.07247,KRSNWDP_2026-03-09T20:00:00+0000_16.1923
KRSNWDP,Krishna at Wadenepally,Krishna,2026-03-09 21:00:00+00:00,16.271147963579768,NORMAL,18.45,19.84,23.07,16.7944,80.07247,KRSNWDP_2026-03-09T21:00:00+0000_16.2711
KRSNWDP,Krishna at Wadenepally,Krishna,2026-03-09 22:00:00+00:00,16.325654463857443,NORMAL,18.45,19.84,23.07,16.7944,80.07247,KRSNWDP_2026-03-09T22:00:00+0000_16.3257
KRSNWDP,Krishna at Wadenepally,Krishna,2026-03-09 23:00:00+00:00,16.317333992201018,NORMAL,18.45,19.84,23.07,16.7944,80.07247,KRSNWDP_2026-03-09T23:00:00+0000_16.3173
KRSNWDP,Krishna at Wadenepally,Krishna,2026-03-10 00:00:00+00:00,16.309949349139266,NORMAL,18.45,19.84,23.07,16.7944,80.07247,KRSNWDP_2026-03-10T00:00:00+0000_16.3099
KRSNWDP,Krishna at Wadenepally,Krishna,2026-03-10 01:00:00+00:00,16.28996541445747,NORMAL,18.45,19.84,23.07,16.7944,80.07247,KRSNWDP_2026-03-10T01:00:00+0000_16.2900
KRSNWDP,Krishna at Wadenepally,Krishna,2026-03-10 02:00:00+00:00,16.22693617572351,NORMAL,18.45,19.84,23.07,16.7944,80.07247,KRSNWDP_2026-03-10T02:00:00+0000_16.2269
KRSNWDP,Krishna at Wadenepally,Krishna,2026-03-10 03:00:00+00:00,16.18967948862298,NORMAL,18.45,19.84,23.07,16.7944,80.07247,KRSNWDP_2026-03-10T03:00:00+0000_16.1897
KRSNWDP,Krishna at Wadenepally,Krishna,2026-03-10 04:00:00+00:00,16.1715531121334,NORMAL,18.45,19.84,23.07,16.7944,80.07247,KRSNWDP_2026-03-10T04:00:00+0000_16.1716
KRSNWDP,Krishna at Wadenepally,Krishna,2026-03-10 05:00:00+00:00,16.169183342886775,NORMAL,18.45,19.84,23.07,16.7944,80.07247,KRSNWDP_2026-03-10T05:00:00+0000_16.1692
KRSNWDP,Krishna at Wadenepally,Krishna,2026-03-10 06:00:00+00:00,16.090028033081733,NORMAL,18.45,19.84,23.07,16.7944,80.07247,KRSNWDP_2026-03-10T06:00:00+0000_16.0900
KRSNWDP,Krishna at Wadenepally,Krishna,2026-03-10 07:00:00+00:00,16.070520027402964,NORMAL,18.45,19.84,23.07,16.7944,80.07247,KRSNWDP_2026-03-10T07:00:00+0000_16.0705
KRSNWDP,Krishna at Wadenepally,Krishna,2026-03-10 08:00:00+00:00,15.974083766099405,NORMAL,18.45,19.84,23.07,16.7944,80.07247,KRSNWDP_2026-03-10T08:00:00+0000_15.9741
KRSNWDP,Krishna at Wadenepally,Krishna,2026-03-10 09:00:00+00:00,,,18.45,19.84,23.07,16.7944,80.07247,KRSNWDP_2026-03-10T09:00:00+0000_
KRSNWDP,Krishna at Wadenepally,Krishna,2026-03-10 10:00:00+00:00,15.889635963932202,NORMAL,18.45,19.84,23.07,16.7944,80.07247,KRSNWDP_2026-03-10T10:00:00+0000_15.8896
KRSNWDP,Krishna at Wadenepally,Krishna,2026-03-10 11:00:00+00:00,15.9300604323822,NORMAL,18.45,19.84,23.07,16.7944,80.07247,KRSNWDP_2026-03-10T11:00:00+0000_15.9301
KRSNWDP,Krishna at Wadenepally,Krishna,2026-03-10 12:00:00+00:00,15.929600779734994,NORMAL,18.45,19.84,23.07,16.7944,80.07247,KRSNWDP_2026-03-10T12:00:00+0000_15.9296
KRSNWDP,Krishna at Wadenepally,Krishna,2026-03-10 13:00:00+00:00,15.892291370519706,NORMAL,18.45,19.84,23.07,16.7944,80.07247,KRSNWDP_2026-03-10T13:00:00+0000_15.8923
KRSNWDP,Krishna at Wadenepally,Krishna,2026-03-10 14:00:00+00:00,15.932455738220735,NORMAL,18.45,19.84,23.07,16.7944,80.07247,KRSNWDP_2026-03-10T14:00:00+0000_15.9325
KRSNWDP,Krishna at Wadenepally,Krishna,2026-03-10 15:00:00+00:00,15.968863787419762,NORMAL,18.45,19.84,23.07,16.7944,80.07247,KRSNWDP_2026-03-10T15:00:00+0000_15.9689
KRSNWDP,Krishna at Wadenepally,Krishna,2026-03-10 16:00:00+00:00,16.079137964093775,NORMAL,18.45,19.84,23.07,16.7944,80.07247,KRSNWDP_2026-03-10T16:00:00+0000_16.0791
KRSNWDP,Krishna at Wadenepally,Krishna,2026-03-10 17:00:00+00:00,16.140727409126185,NORMAL,18.45,19.84,23.07,16.7944,80.07247,KRSNWDP_2026-03-10T17:00:00+0000_16.1407
KRSNWDP,Krishna at Wadenepally,Krishna,2026-03-10 18:00:00+00:00,16.163263369025163,NORMAL,18.45,19.84,23.07,16.7944,80.07247,KRSNWDP_2026-03-10T18:00:00+0000_16.1633
KRSNWDP,Krishna at Wadenepally,Krishna,2026-03-10 19:00:00+00:00,16.193849491082474,NORMAL,18.45,19.84,23.07,16.7944,80.07247,KRSNWDP_2026-03-10T19:00:00+0000_16.1938
KRSNWDP,Krishna at Wadenepally,Krishna,2026-03-10 20:00:00+00:00,16.25168229983912,NORMAL,18.45,19.84,23.07,16.7944,80.07247,KRSNWDP_2026-03-10T20:00:00+0000_16.2517
KRSNWDP,Krishna at Wadenepally,Krishna,2026-03-10 21:00:00+00:00,16.23571476960524,NORMAL,18.45,19.84,23.07,16.7944,80.07247,KRSNWDP_2026-03-10T21:00:00+0000_16.2357
KRSNWDP,Krishna at Wadenepally,Krishna,2026-03-10 22:00:00+00:00,16.275596474496837,NORMAL,18.45,19.84,23.07,16.7944,80.07247,KRSNWDP_2026-03-10T22:00:00+0000_16.2756
KRSNWDP,Krishna at Wadenepally,Krishna,2026-03-10 23:00:00+00:00,16.3209220556153,NORMAL,18.45,19.84,23.07,16.7944,80.07247,KRSNWDP_2026-03-10T23:00:00+0000_16.3209
KRSNWDP,Krishna at Wadenepally,Krishna,2026-03-11 00:00:00+00:00,16.318035627704987,NORMAL,18.45,19.84,23.07,16.7944,80.07247,KRSNWDP_2026-03-11T00:00:00+0000_16.3180
KRSNWDP,Krishna at Wadenepally,Krishna,2026-03-11 01:00:00+00:00,19.77477036978846,WARNING,18.45,19.84,23.07,16.7944,80.07247,KRSNWDP_2026-03-11T01:00:00+0000_19.7748
KRSNWDP,Krishna at Wadenepally,Krishna,2026-03-11 02:00:00+00:00,19.40363658616088,WARNING,18.45,19.84,23.07,16.7944,80.07247,KRSNWDP_2026-03-11T02:00:00+0000_19.4036
KRSNWDP,Krishna at Wadenepally,Krishna,2026-03-11 03:00:00+00:00,19.03903060074981,WARNING,18.45,19.84,23.07,16.7944,80.07247,KRSNWDP_2026-03-11T03:00:00+0000_19.0390
KRSNWDP,Krishna at Wadenepally,Krishna,2026-03-11 04:00:00+00:00,18.71457975625392,WARNING,18.45,19.84,23.07,16.7944,80.07247,KRSNWDP_2026-03-11T04:00:00+0000_18.7146
KRSNWDP,Krishna at Wadenepally,Krishna,2026-03-11 05:00:00+00:00,18.36539559693017,NORMAL,18.45,19.84,23.07,16.7944,80.07247,KRSNWDP_2026-03-11T05:00:00+0000_18.3654
KRSNWDP,Krishna at Wadenepally,Krishna,2026-03-11 06:00:00+00:00,16.119303962529084,NORMAL,18.45,19.84,23.07,16.7944,80.07247,KRSNWDP_2026-03-11T06:00:00+0000_16.1193
KRSNWDP,Krishna at Wadenepally,Krishna,2026-03-11 07:00:00+00:00,16.009608760258228,NORMAL,18.45,19.84,23.07,16.7944,80.07247,KRSNWDP_2026-03-11T07:00:00+0000_16.0096
KRSNWDP,Krishna at Wadenepally,Krishna,2026-03-11 08:00:00+00:00,15.966284483563124,NORMAL,18.45,19.84,23.07,16.7944,80.07247,KRSNWDP_2026-03-11T08:00:00+0000_15.9663
KRSNWDP,Krishna at Wadenepally,Krishna,2026-03-11 09:00:00+00:00,15.983021406986598,NORMAL,18.45,19.84,23.07,16.7944,80.07247,KRSNWDP_2026-03-11T09:00:00+0000_15.9830
KRSNWDP,Krishna at Wadenepally,Krishna,2026-03-11 10:00:00+00:00,15.993429773288796,NORMAL,18.45,19.84,23.07,16.7944,80.07247,KRSNWDP_2026-03-11T10:00:00+0000_15.9934
KRSNWDP,Krishna at Wadenepally,Krishna,2026-03-11 11:00:00+00:00,15.912036208926867,NORMAL,18.45,19.84,23.07,16.7944,80.07247,KRSNWDP_2026-03-11T11:00:00+0000_15.9120
KRSNWDP,Krishna at Wadenepally,Krishna,2026-03-11 12:00:00+00:00,15.984761813832815,NORMAL,18.45,19.84,23.07,16.7944,80.07247,KRSNWDP_2026-03-11T12:00:00+0000_15.9848
KRSNWDP,Krishna at Wadenepally,Krishna,2026-03-11 13:00:00+00:00,15.900272222195918,NORMAL,18.45,19.84,23.07,16.7944,80.07247,KRSNWDP_2026-03-11T13:00:00+0000_15.9003
KRSNWDP,Krishna at Wadenepally,Krishna,2026-03-11 14:00:00+00:00,15.950771461132152,NORMAL,18.45,19.84,23.07,16.7944,80.07247,KRSNWDP_2026-03-11T14:00:00+0000_15.9508
KRSNWDP,Krishna at Wadenepally,Krishna,2026-03-11 15:00:00+00:00,15.978585282450709,NORMAL,18.45,19.84,23.07,16.7944,80.07247,KRSNWDP_2026-03-11T15:00:00+0000_15.9786
KRSNWDP,Krishna at Wadenepally,Krishna,2026-03-11 16:00:00+00:00,16.071274727035505,NORMAL,18.45,19.84,23.07,16.7944,80.07247,KRSNWDP_2026-03-11T16:00:00+0000_16.0713
KRSNWDP,Krishna at Wadenepally,Krishna,2026-03-11 17:00:00+00:00,16.05774556570216,NORMAL,18.45,19.84,23.07,16.7944,80.07247,KRSNWDP_2026-03-11T17:00:00+0000_16.0577
KRSNWDP,Krishna at Wadenepally,Krishna,2026-03-11 18:00:00+00:00,16.10675674357865,NORMAL,18.45,19.84,23.07,16.7944,80.07247,KRSNWDP_2026-03-11T18:00:00+0000_16.1068
KRSNWDP,Krishna at Wadenepally,Krishna,2026-03-11 19:00:00+00:00,16.241610877859962,NORMAL,18.45,19.84,23.07,16.7944,80.07247,KRSNWDP_2026-03-11T19:00:00+0000_16.2416
KRSNWDP,Krishna at Wadenepally,Krishna,2026-03-11 20:00:00+00:00,16.25353014180663,NORMAL,18.45,19.84,23.07,16.7944,80.07247,KRSNWDP_2026-03-11T20:00:00+0000_16.2535
KRSNWDP,Krishna at Wadenepally,Krishna,2026-03-11 21:00:00+00:00,16.32302453811971,NORMAL,18.45,19.84,23.07,16.7944,80.07247,KRSNWDP_2026-03-11T21:00:00+0000_16.3230
KRSNWDP,Krishna at Wadenepally,Krishna,2026-03-11 22:00:00+00:00,16.312349011596915,NORMAL,18.45,19.84,23.07,16.7944,80.07247,KRSNWDP_2026-03-11T22:00:00+0000_16.3123
KRSNWDP,Krishna at Wadenepally,Krishna,2026-03-11 23:00:00+00:00,16.32087330139826,NORMAL,18.45,19.84,23.07,16.7944,80.07247,KRSNWDP_2026-03-11T23:00:00+0000_16.3209
KRSNWDP,Krishna at Wadenepally,Krishna,2026-03-12 00:00:00+00:00,16.32959798102703,NORMAL,18.45,19.84,23.07,16.7944,80.07247,KRSNWDP_2026-03-12T00:00:00+0000_16.3296
KRSNWDP,Krishna at Wadenepally,Krishna,2026-03-12 01:00:00+00:00,16.282319518675063,NORMAL,18.45,19.84,23.07,16.7944,80.07247,KRSNWDP_2026-03-12T01:00:00+0000_16.2823
KRSNWDP,Krishna at Wadenepally,Krishna,2026-03-12 02:00:00+00:00,16.289965465295218,NORMAL,18.45,19.84,23.07,16.7944,80.07247,KRSNWDP_2026-03-12T02:00:00+0000_16.2900
KRSNWDP,Krishna at Wadenepally,Krishna,2026-03-12 03:00:00+00:00,16.265894554116265,NORMAL,18.45,19.84,23.07,16.7944,80.07247,KRSNWDP_2026-03-12T03:00:00+0000_16.2659
KRSNWDP,Krishna at Wadenepally,Krishna,2026-03-12 04:00:00+00:00,16.166481066860722,NORMAL,18.45,19.84,23.07,16.7944,80.07247,KRSNWDP_2026-03-12T04:00:00+0000_16.1665
KRSNWDP,Krishna at Wadenepally,Krishna,2026-03-12 05:00:00+00:00,16.147942611352068,NORMAL,18.45,19.84,23.07,16.7944,80.07247,KRSNWDP_2026-03-12T05:00:00+0000_16.1479
KRSNWDP,Krishna at Wadenepally,Krishna,2026-03-12 06:00:00+00:00,16.071655217968008,NORMAL,18.45,19.84,23.07,16.7944,80.07247,KRSNWDP_2026-03-12T06:00:00+0000_16.0717
KRSNWDP,Krishna at Wadenepally,Krishna,2026-03-12 07:00:00+00:00,16.09559259005334,NORMAL,18.45,19.84,23.07,16.7944,80.07247,KRSNWDP_2026-03-12T07:00:00+0000_16.0956
KRSNWDP,Krishna at Wadenepally,Krishna,2026-03-12 08:00:00+00:00,15.999955432453516,NORMAL,18.45,19.84,23.07,16.7944,80.07247,KRSNWDP_2026-03-12T08:00:00+0000_16.0000
KRSNWDP,Krishna at Wadenepally,Krishna,2026-03-12 09:00:00+00:00,15.962954605214724,NORMAL,18.45,19.84,23.07,16.7944,80.07247,KRSNWDP_2026-03-12T09:00:00+0000_15.9630
KRSNWDP,Krishna at Wadenepally,Krishna,2026-03-12 10:00:00+00:00,15.968403970097794,NORMAL,18.45,19.84,23.07,16.7944,80.07247,KRSNWDP_2026-03-12T10:00:00+0000_15.9684
KRSNWDP,Krishna at Wadenepally,Krishna,2026-03-12 11:00:00+00:00,15.968933604909882,NORMAL,18.45,19.84,23.07,16.7944,80.07247,KRSNWDP_2026-03-12T11:00:00+0000_15.9689
KRSNWDP,Krishna at Wadenepally,Krishna,2026-03-12 12:00:00+00:00,15.991504051990976,NORMAL,18.45,19.84,23.07,16.7944,80.07247,KRSNWDP_2026-03-12T12:00:00+0000_15.9915
KRSNWDP,Krishna at Wadenepally,Krishna,2026-03-12 13:00:00+00:00,15.99152664218084,NORMAL,18.45,19.84,23.07,16.7944,80.07247,KRSNWDP_2026-03-12T13:00:00+0000_15.9915
KRSNWDP,Krishna at Wadenepally,Krishna,2026-03-12 14:00:00+00:00,15.943321836710076,NORMAL,18.45,19.84,23.07,16.7944,80.07247,KRSNWDP_2026-03-12T14:00:00+0000_15.9433
KRSNWDP,Krishna at Wadenepally,Krishna,2026-03-12 15:00:00+00:00,16.050272303621625,NORMAL,18.45,19.84,23.07,16.7944,80.07247,KRSNWDP_2026-03-12T15:00:00+0000_16.0503
KRSNWDP,Krishna at Wadenepally,Krishna,2026-03-12 16:00:00+00:00,16.098295076871654,NORMAL,18.45,19.84,23.07,16.7944,80.07247,KRSNWDP_2026-03-12T16:00:00+0000_16.0983
KRSNWDP,Krishna at Wadenepally,Krishna,2026-03-12 17:00:00+00:00,16.059786996561673,NORMAL,18.45,19.84,23.07,16.7944,80.07247,KRSNWDP_2026-03-12T17:00:00+0000_16.0598
KRSNWDP,Krishna at Wadenepally,Krishna,2026-03-12 18:00:00+00:00,16.125432233532678,NORMAL,18.45,19.84,23.07,16.7944,80.07247,KRSNWDP_2026-03-12T18:00:00+0000_16.1254
KRSNWDP,Krishna at Wadenepally,Krishna,2026-03-12 19:00:00+00:00,19.13733561260982,WARNING,18.45,19.84,23.07,16.7944,80.07247,KRSNWDP_2026-03-12T19:00:00+0000_19.1373
KRSNWDP,Krishna at Wadenepally,Krishna,2026-03-12 20:00:00+00:00,18.84444891146473,WARNING,18.45,19.84,23.07,16.7944,80.07247,KRSNWDP_2026-03-12T20:00:00+0000_18.8444
KRSNWDP,Krishna at Wadenepally,Krishna,2026-03-12 21:00:00+00:00,,,18.45,19.84,23.07,16.7944,80.07247,KRSNWDP_2026-03-12T21:00:00+0000_
KRSNWDP,Krishna at Wadenepally,Krishna,2026-03-12 22:00:00+00:00,18.40207199925637,NORMAL,18.45,19.84,23.07,16.7944,80.07247,KRSNWDP_2026-03-12T22:00:00+0000_18.4021
KRSNWDP,Krishna at Wadenepally,Krishna,2026-03-12 23:00:00+00:00,18.25688510738336,NORMAL,18.45,19.84,23.07,16.7944,80.07247,KRSNWDP_2026-03-12T23:00:00+0000_18.2569
KRSNWDP,Krishna at Wadenepally,Krishna,2026-03-13 00:00:00+00:00,16.311898896033618,NORMAL,18.45,19.84,23.07,16.7944,80.07247,KRSNWDP_2026-03-13T00:00:00+0000_16.3119
KRSNWDP,Krishna at Wadenepally,Krishna,2026-03-13 01:00:00+00:00,16.35768633899579,NORMAL,18.45,19.84,23.07,16.7944,80.07247,KRSNWDP_2026-03-13T01:00:00+0000_16.3577
KRSNWDP,Krishna at Wadenepally,Krishna,2026-03-13 02:00:00+00:00,16.25738650455566,NORMAL,18.45,19.84,23.07,16.7944,80.07247,KRSNWDP_2026-03-13T02:00:00+0000_16.2574
KRSNWDP,Krishna at Wadenepally,Krishna,2026-03-13 03:00:00+00:00,16.251896070915105,NORMAL,18.45,19.84,23.07,16.7944,80.07247,KRSNWDP_2026-03-13T03:00:00+0000_16.2519
KRSNWDP,Krishna at Wadenepally,Krishna,2026-03-13 04:00:00+00:00,16.161071061166062,NORMAL,18.45,19.84,23.07,16.7944,80.07247,KRSNWDP_2026-03-13T04:00:00+0000_16.1611
KRSNWDP,Krishna at Wadenepally,Krishna,2026-03-13 05:00:00+00:00,16.1935357898451,NORMAL,18.45,19.84,23.07,16.7944,80.07247,KRSNWDP_2026-03-13T05:00:00+0000_16.1935
KRSNWDP,Krishna at Wadenepally,Krishna,2026-03-13 06:00:00+00:00,16.137540945625794,NORMAL,18.45,19.84,23.07,16.7944,80.07247,KRSNWDP_2026-03-13T06:00:00+0000_16.1375
KRSNWDP,Krishna at Wadenepally,Krishna,2026-03-13 07:00:00+00:00,16.074909632619274,NORMAL,18.45,19.84,23.07,16.7944,80.07247,KRSNWDP_2026-03-13T07:00:00+0000_16.0749
KRSNWDP,Krishna at Wadenepally,Krishna,2026-03-13 08:00:00+00:00,15.983228504921891,NORMAL,18.45,19.84,23.07,16.7944,80.07247,KRSNWDP_2026-03-13T08:00:00+0000_15.9832
KRSNWDP,Krishna at Wadenepally,Krishna,2026-03-13 09:00:00+00:00,16.013291631912217,NORMAL,18.45,19.84,23.07,16.7944,80.07247,KRSNWDP_2026-03-13T09:00:00+0000_16.0133
KRSNWDP,Krishna at Wadenepally,Krishna,2026-03-13 10:00:00+00:00,16.00792677707379,NORMAL,18.45,19.84,23.07,16.7944,80.07247,KRSNWDP_2026-03-13T10:00:00+0000_16.0079
KRSNWDP,Krishna at Wadenepally,Krishna,2026-03-13 11:00:00+00:00,15.9792088713903,NORMAL,18.45,19.84,23.07,16.7944,80.07247,KRSNWDP_2026-03-13T11:00:00+0000_15.9792
KRSNWDP,Krishna at Wadenepally,Krishna,2026-03-13 12:00:00+00:00,19.211138301899755,WARNING,18.45,19.84,23.07,16.7944,80.07247,KRSNWDP_2026-03-13T12:00:00+0000_19.2111
KRSNWDP,Krishna at Wadenepally,Krishna,2026-03-13 13:00:00+00:00,18.846029417648424,WARNING,18.45,19.84,23.07,16.7944,80.07247,KRSNWDP_2026-03-13T13:00:00+0000_18.8460
KRSNWDP,Krishna at Wadenepally,Krishna,2026-03-13 14:00:00+00:00,18.5600718036664,WARNING,18.45,19.84,23.07,16.7944,80.07247,KRSNWDP_2026-03-13T14:00:00+0000_18.5601
KRSNWDP,Krishna at Wadenepally,Krishna,2026-03-13 15:00:00+00:00,18.343008828329527,NORMAL,18.45,19.84,23.07,16.7944,80.07247,KRSNWDP_2026-03-13T15:00:00+0000_18.3430
KRSNWDP,Krishna at Wadenepally,Krishna,2026-03-13 16:00:00+00:00,18.188405548101684,NORMAL,18.45,19.84,23.07,16.7944,80.07247,KRSNWDP_2026-03-13T16:00:00+0000_18.1884
KRSNWDP,Krishna at Wadenepally,Krishna,2026-03-13 17:00:00+00:00,17.97740441232936,NORMAL,18.45,19.84,23.07,16.7944,80.07247,KRSNWDP_2026-03-13T17:00:00+0000_17.9774
KRSNWDP,Krishna at Wadenepally,Krishna,2026-03-13 18:00:00+00:00,17.872985865162438,NORMAL,18.45,19.84,23.07,16.7944,80.07247,KRSNWDP_2026-03-13T18:00:00+0000_17.8730
KRSNWDP,Krishna at Wadenepally,Krishna,2026-03-13 19:00:00+00:00,16.21925428471195,NORMAL,18.45,19.84,23.07,16.7944,80.07247,KRSNWDP_2026-03-13T19:00:00+0000_16.2193
KRSNWDP,Krishna at Wadenepally,Krishna,2026-03-13 20:00:00+00:00,16.294698797456057,NORMAL,18.45,19.84,23.07,16.7944,80.07247,KRSNWDP_2026-03-13T20:00:00+0000_16.2947
KRSNWDP,Krishna at Wadenepally,Krishna,2026-03-13 21:00:00+00:00,16.257795376512465,NORMAL,18.45,19.84,23.07,16.7944,80.07247,KRSNWDP_2026-03-13T21:00:00+0000_16.2578
KRSNWDP,Krishna at Wadenepally,Krishna,2026-03-13 22:00:00+00:00,16.34138296520361,NORMAL,18.45,19.84,23.07,16.7944,80.07247,KRSNWDP_2026-03-13T22:00:00+0000_16.3414
KRSNWDP,Krishna at Wadenepally,Krishna,2026-03-13 23:00:00+00:00,16.28240284923494,NORMAL,18.45,19.84,23.07,16.7944,80.07247,KRSNWDP_2026-03-13T23:00:00+0000_16.2824
KRSNWDP,Krishna at Wadenepally,Krishna,2026-03-14 00:00:00+00:00,16.303762630233628,NORMAL,18.45,19.84,23.07,16.7944,80.07247,KRSNWDP_2026-03-14T00:00:00+0000_16.3038
KRSNWDP,Krishna at Wadenepally,Krishna,2026-03-14 01:00:00+00:00,16.269245567309394,NORMAL,18.45,19.84,23.07,16.7944,80.07247,KRSNWDP_2026-03-14T01:00:00+0000_16.2692
KRSNWDP,Krishna at Wadenepally,Krishna,2026-03-14 02:00:00+00:00,16.294429959707458,NORMAL,18.45,19.84,23.07,16.7944,80.07247,KRSNWDP_2026-03-14T02:00:00+0000_16.2944
KRSNWDP,Krishna at Wadenepally,Krishna,2026-03-14 03:00:00+00:00,16.219273900665517,NORMAL,18.45,19.84,23.07,16.7944,80.07247,KRSNWDP_2026-03-14T03:00:00+0000_16.2193
KRSNWDP,Krishna at Wadenepally,Krishna,2026-03-14 04:00:00+00:00,16.237090817332515,NORMAL,18.45,19.84,23.07,16.7944,80.07247,KRSNWDP_2026-03-14T04:00:00+0000_16.2371
KRSNWDP,Krishna at Wadenepally,Krishna,2026-03-14 05:00:00+00:00,16.120860287320426,NORMAL,18.45,19.84,23.07,16.7944,80.07247,KRSNWDP_2026-03-14T05:00:00+0000_16.1209
KRSNWDP,Krishna at Wadenepally,Krishna,2026-03-14 06:00:00+00:00,16.158430352864038,NORMAL,18.45,19.84,23.07,16.7944,80.07247,KRSNWDP_2026-03-14T06:00:00+0000_16.1584
KRSNWDP,Krishna at Wadenepally,Krishna,2026-03-14 07:00:00+00:00,16.080676960980643,NORMAL,18.45,19.84,23.07,16.7944,80.07247,KRSNWDP_2026-03-14T07:00:00+0000_16.0807
KRSNWDP,Krishna at Wadenepally,Krishna,2026-03-14 08:00:00+00:00,16.04552670424371,NORMAL,18.45,19.84,23.07,16.7944,80.07247,KRSNWDP_2026-03-14T08:00:00+0000_16.0455
KRSNWDP,Krishna at Wadenepally,Krishna,2026-03-14 09:00:00+00:00,16.00624302000752,NORMAL,18.45,19.84,23.07,16.7944,80.07247,KRSNWDP_2026-03-14T09:00:00+0000_16.0062
KRSNWDP,Krishna at Wadenepally,Krishna,2026-03-14 10:00:00+00:00,15.933709398067512,NORMAL,18.45,19.84,23.07,16.7944,80.07247,KRSNWDP_2026-03-14T10:00:00+0000_15.9337
KRSNWDP,Krishna at Wadenepally,Krishna,2026-03-14 11:00:00+00:00,15.94083274098282,NORMAL,18.45,19.84,23.07,16.7944,80.07247,KRSNWDP_2026-03-14T11:00:00+0000_15.9408
KRSNWDP,Krishna at Wadenepally,Krishna,2026-03-14 12:00:00+00:00,15.95782479180115,NORMAL,18.45,19.84,23.07,16.7944,80.07247,KRSNWDP_2026-03-14T12:00:00+0000_15.9578
KRSNWDP,Krishna at Wadenepally,Krishna,2026-03-14 13:00:00+00:00,15.982604319528026,NORMAL,18.45,19.84,23.07,16.7944,80.07247,KRSNWDP_2026-03-14T13:00:00+0000_15.9826
KRSNWDP,Krishna at Wadenepally,Krishna,2026-03-14 14:00:00+00:00,15.998670834797094,NORMAL,18.45,19.84,23.07,16.7944,80.07247,KRSNWDP_2026-03-14T14:00:00+0000_15.9987
KRSNWDP,Krishna at Wadenepally,Krishna,2026-03-14 15:00:00+00:00,16.03407669611105,NORMAL,18.45,19.84,23.07,16.7944,80.07247,KRSNWDP_2026-03-14T15:00:00+0000_16.0341
KRSNWDP,Krishna at Wadenepally,Krishna,2026-03-14 16:00:00+00:00,16.057252612848885,NORMAL,18.45,19.84,23.07,16.7944,80.07247,KRSNWDP_2026-03-14T16:00:00+0000_16.0573
KRSNWDP,Krishna at Wadenepally,Krishna,2026-03-14 17:00:00+00:00,16.095002082860184,NORMAL,18.45,19.84,23.07,16.7944,80.07247,KRSNWDP_2026-03-14T17:00:00+0000_16.0950
KRSNWDP,Krishna at Wadenepally,Krishna,2026-03-14 18:00:00+00:00,16.124167071985585,NORMAL,18.45,19.84,23.07,16.7944,80.07247,KRSNWDP_2026-03-14T18:00:00+0000_16.1242
KRSNWDP,Krishna at Wadenepally,Krishna,2026-03-14 19:00:00+00:00,16.241461332204814,NORMAL,18.45,19.84,23.07,16.7944,80.07247,KRSNWDP_2026-03-14T19:00:00+0000_16.2415
KRSNWDP,Krishna at Wadenepally,Krishna,2026-03-14 20:00:00+00:00,16.298163877718682,NORMAL,18.45,19.84,23.07,16.7944,80.07247,KRSNWDP_2026-03-14T20:00:00+0000_16.2982
KRSNWDP,Krishna at Wadenepally,Krishna,2026-03-14 21:00:00+00:00,16.31037356565082,NORMAL,18.45,19.84,23.07,16.7944,80.07247,KRSNWDP_2026-03-14T21:00:00+0000_16.3104
KRSNWDP,Krishna at Wadenepally,Krishna,2026-03-14 22:00:00+00:00,16.29520340877279,NORMAL,18.45,19.84,23.07,16.7944,80.07247,KRSNWDP_2026-03-14T22:00:00+0000_16.2952
KRSNWDP,Krishna at Wadenepally,Krishna,2026-03-14 23:00:00+00:00,16.376467263872193,NORMAL,18.45,19.84,23.07,16.7944,80.07247,KRSNWDP_2026-03-14T23:00:00+0000_16.3765
KRSNWDP,Krishna at Wadenepally,Krishna,2026-03-15 00:00:00+00:00,16.334862412399502,NORMAL,18.45,19.84,23.07,16.7944,80.07247,KRSNWDP_2026-03-15T00:00:00+0000_16.3349
KRSNWDP,Krishna at Wadenepally,Krishna,2026-03-15 01:00:00+00:00,16.36651642606197,NORMAL,18.45,19.84,23.07,16.7944,80.07247,KRSNWDP_2026-03-15T01:00:00+0000_16.3665
KRSNWDP,Krishna at Wadenepally,Krishna,2026-03-15 02:00:00+00:00,16.26058482245616,NORMAL,18.45,19.84,23.07,16.7944,80.07247,KRSNWDP_2026-03-15T02:00:00+0000_16.2606
KRSNWDP,Krishna at Wadenepally,Krishna,2026-03-15 03:00:00+00:00,16.238328084428712,NORMAL,18.45,19.84,23.07,16.7944,80.07247,KRSNWDP_2026-03-15T03:00:00+0000_16.2383
KRSNWDP,Krishna at Wadenepally,Krishna,2026-03-15 04:00:00+00:00,16.26978065277716,NORMAL,18.45,19.84,23.07,16.7944,80.07247,KRSNWDP_2026-03-15T04:00:00+0000_16.2698
KRSNWDP,Krishna at Wadenepally,Krishna,2026-03-15 05:00:00+00:00,16.173901437211896,NORMAL,18.45,19.84,23.07,16.7944,80.07247,KRSNWDP_2026-03-15T05:00:00+0000_16.1739
KRSNWDP,Krishna at Wadenepally,Krishna,2026-03-15 06:00:00+00:00,16.129767313480123,NORMAL,18.45,19.84,23.07,16.7944,80.07247,KRSNWDP_2026-03-15T06:00:00+0000_16.1298
KRSNWDP,Krishna at Wadenepally,Krishna,2026-03-15 07:00:00+00:00,16.118829025466244,NORMAL,18.45,19.84,23.07,16.7944,80.07247,KRSNWDP_2026-03-15T07:00:00+0000_16.1188
KRSNWDP,Krishna at Wadenepally,Krishna,2026-03-15 08:00:00+00:00,16.058665060430183,NORMAL,18.45,19.84,23.07,16.7944,80.07247,KRSNWDP_2026-03-15T08:00:00+0000_16.0587
KRSNWDP,Krishna at Wadenepally,Krishna,2026-03-15 09:00:00+00:00,16.007678138345216,NORMAL,18.45,19.84,23.07,16.7944,80.07247,KRSNWDP_2026-03-15T09:00:00+0000_16.0077
KRSNWDP,Krishna at Wadenepally,Krishna,2026-03-15 10:00:00+00:00,15.94209813422666,NORMAL,18.45,19.84,23.07,16.7944,80.07247,KRSNWDP_2026-03-15T10:00:00+0000_15.9421
KRSNWDP,Krishna at Wadenepally,Krishna,2026-03-15 11:00:00+00:00,15.956134215418198,NORMAL,18.45,19.84,23.07,16.7944,80.07247,KRSNWDP_2026-03-15T11:00:00+0000_15.9561
KRSNWDP,Krishna at Wadenepally,Krishna,2026-03-15 12:00:00+00:00,15.952961326527744,NORMAL,18.45,19.84,23.07,16.7944,80.07247,KRSNWDP_2026-03-15T12:00:00+0000_15.9530
KRSNWDP,Krishna at Wadenepally,Krishna,2026-03-15 13:00:00+00:00,15.968065472084591,NORMAL,18.45,19.84,23.07,16.7944,80.07247,KRSNWDP_2026-03-15T13:00:00+0000_15.9681
KRSNWDP,Krishna at Wadenepally,Krishna,2026-03-15 14:00:00+00:00,15.988119484507305,NORMAL,18.45,19.84,23.07,16.7944,80.07247,KRSNWDP_2026-03-15T14:00:00+0000_15.9881
KRSNWDP,Krishna at Wadenepally,Krishna,2026-03-15 15:00:00+00:00,16.009132898398555,NORMAL,18.45,19.84,23.07,16.7944,80.07247,KRSNWDP_2026-03-15T15:00:00+0000_16.0091
KRSNWDP,Krishna at Wadenepally,Krishna,2026-03-15 16:00:00+00:00,16.09601034926141,NORMAL,18.45,19.84,23.07,16.7944,80.07247,KRSNWDP_2026-03-15T16:00:00+0000_16.0960
KRSNWDP,Krishna at Wadenepally,Krishna,2026-03-15 17:00:00+00:00,16.099797406223686,NORMAL,18.45,19.84,23.07,16.7944,80.07247,KRSNWDP_2026-03-15T17:00:00+0000_16.0998
KRSNWDP,Krishna at Wadenepally,Krishna,2026-03-15 18:00:00+00:00,16.150149143835407,NORMAL,18.45,19.84,23.07,16.7944,80.07247,KRSNWDP_2026-03-15T18:00:00+0000_16.1501
KRSNWDP,Krishna at Wadenepally,Krishna,2026-03-15 19:00:00+00:00,16.208179258259612,NORMAL,18.45,19.84,23.07,16.7944,80.07247,KRSNWDP_2026-03-15T19:00:00+0000_16.2082
KRSNWDP,Krishna at Wadenepally,Krishna,2026-03-15 20:00:00+00:00,16.275186551105143,NORMAL,18.45,19.84,23.07,16.7944,80.07247,KRSNWDP_2026-03-15T20:00:00+0000_16.2752
KRSNWDP,Krishna at Wadenepally,Krishna,2026-03-15 21:00:00+00:00,16.352076537266747,NORMAL,18.45,19.84,23.07,16.7944,80.07247,KRSNWDP_2026-03-15T21:00:00+0000_16.3521
KRSNWDP,Krishna at Wadenepally,Krishna,2026-03-15 22:00:00+00:00,16.308506418368623,NORMAL,18.45,19.84,23.07,16.7944,80.07247,KRSNWDP_2026-03-15T22:00:00+0000_16.3085
KRSNWDP,Krishna at Wadenepally,Krishna,2026-03-15 23:00:00+00:00,,,18.45,19.84,23.07,16.7944,80.07247,KRSNWDP_2026-03-15T23:00:00+0000_
KRSNWDP,Krishna at Wadenepally,Krishna,2026-03-16 00:00:00+00:00,16.3127400008813,NORMAL,18.45,19.84,23.07,16.7944,80.07247,KRSNWDP_2026-03-16T00:00:00+0000_16.3127
KRSNWDP,Krishna at Wadenepally,Krishna,2026-03-16 01:00:00+00:00,16.329071856312655,NORMAL,18.45,19.84,23.07,16.7944,80.07247,KRSNWDP_2026-03-16T01:00:00+0000_16.3291
KRSNWDP,Krishna at Wadenepally,Krishna,2026-03-16 02:00:00+00:00,16.279152364529537,NORMAL,18.45,19.84,23.07,16.7944,80.07247,KRSNWDP_2026-03-16T02:00:00+0000_16.2792
KRSNWDP,Krishna at Wadenepally,Krishna,2026-03-16 03:00:00+00:00,16.30505222701581,NORMAL,18.45,19.84,23.07,16.7944,80.07247,KRSNWDP_2026-03-16T03:00:00+0000_16.3051
KRSNWDP,Krishna at Wadenepally,Krishna,2026-03-16 04:00:00+00:00,16.264493653640635,NORMAL,18.45,19.84,23.07,16.7944,80.07247,KRSNWDP_2026-03-16T04:00:00+0000_16.2645
KRSNWDP,Krishna at Wadenepally,Krishna,2026-03-16 05:00:00+00:00,16.15223928832878,NORMAL,18.45,19.84,23.07,16.7944,80.07247,KRSNWDP_2026-03-16T05:00:00+0000_16.1522
KRSNWDP,Krishna at Wadenepally,Krishna,2026-03-16 06:00:00+00:00,16.160093776132495,NORMAL,18.45,19.84,23.07,16.7944,80.07247,KRSNWDP_2026-03-16T06:00:00+0000_16.1601
KRSNWDP,Krishna at Wadenepally,Krishna,2026-03-16 07:00:00+00:00,16.061800090489637,NORMAL,18.45,19.84,23.07,16.7944,80.07247,KRSNWDP_2026-03-16T07:00:00+0000_16.0618
KRSNWDP,Krishna at Wadenepally,Krishna,2026-03-16 08:00:00+00:00,16.02632536207313,NORMAL,18.45,19.84,23.07,16.7944,80.07247,KRSNWDP_2026-03-16T08:00:00+0000_16.0263
KRSNWDP,Krishna at Wadenepally,Krishna,2026-03-16 09:00:00+00:00,16.032258976080637,NORMAL,18.45,19.84,23.07,16.7944,80.07247,KRSNWDP_2026-03-16T09:00:00+0000_16.0323
KRSNWDP,Krishna at Wadenepally,Krishna,2026-03-16 10:00:00+00:00,16.029312736355553,NORMAL,18.45,19.84,23.07,16.7944,80.07247,KRSNWDP_2026-03-16T10:00:00+0000_16.0293
KRSNWDP,Krishna at Wadenepally,Krishna,2026-03-16 11:00:00+00:00,15.954734615333836,NORMAL,18.45,19.84,23.07,16.7944,80.07247,KRSNWDP_2026-03-16T11:00:00+0000_15.9547
KRSNWDP,Krishna at Wadenepally,Krishna,2026-03-16 12:00:00+00:00,15.929881782810163,NORMAL,18.45,19.84,23.07,16.7944,80.07247,KRSNWDP_2026-03-16T12:00:00+0000_15.9299
KRSNWDP,Krishna at Wadenepally,Krishna,2026-03-16 13:00:00+00:00,15.997941631867551,NORMAL,18.45,19.84,23.07,16.7944,80.07247,KRSNWDP_2026-03-16T13:00:00+0000_15.9979
KRSNWDP,Krishna at Wadenepally,Krishna,2026-03-16 14:00:00+00:00,15.99096065361427,NORMAL,18.45,19.84,23.07,16.7944,80.07247,KRSNWDP_2026-03-16T14:00:00+0000_15.9910
KRSNWDP,Krishna at Wadenepally,Krishna,2026-03-16 15:00:00+00:00,16.01156851553729,NORMAL,18.45,19.84,23.07,16.7944,80.07247,KRSNWDP_2026-03-16T15:00:00+0000_16.0116
KRSNWDP,Krishna at Wadenepally,Krishna,2026-03-16 16:00:00+00:00,16.110398007830437,NORMAL,18.45,19.84,23.07,16.7944,80.07247,KRSNWDP_2026-03-16T16:00:00+0000_16.1104
KRSNWDP,Krishna at Wadenepally,Krishna,2026-03-16 17:00:00+00:00,16.133346716837647,NORMAL,18.45,19.84,23.07,16.7944,80.07247,KRSNWDP_2026-03-16T17:00:00+0000_16.1333
KRSNWDP,Krishna at Wadenepally,Krishna,2026-03-16 18:00:00+00:00,16.171910790766912,NORMAL,18.45,19.84,23.07,16.7944,80.07247,KRSNWDP_2026-03-16T18:00:00+0000_16.1719
KRSNWDP,Krishna at Wadenepally,Krishna,2026-03-16 19:00:00+00:00,16.218911040444148,NORMAL,18.45,19.84,23.07,16.7944,80.07247,KRSNWDP_2026-03-16T19:00:00+0000_16.2189
KRSNWDP,Krishna at Wadenepally,Krishna,2026-03-16 20:00:00+00:00,16.2614975115498,NORMAL,18.45,19.84,23.07,16.7944,80.07247,KRSNWDP_2026-03-16T20:00:00+0000_16.2615
KRSNWDP,Krishna at Wadenepally,Krishna,2026-03-16 21:00:00+00:00,16.324523961777814,NORMAL,18.45,19.84,23.07,16.7944,80.07247,KRSNWDP_2026-03-16T21:00:00+0000_16.3245
KRSNWDP,Krishna at Wadenepally,Krishna,2026-03-16 22:00:00+00:00,16.353860228748164,NORMAL,18.45,19.84,23.07,16.7944,80.07247,KRSNWDP_2026-03-16T22:00:00+0000_16.3539
KRSNWDP,Krishna at Wadenepally,Krishna,2026-03-16 23:00:00+00:00,16.346646360981275,NORMAL,18.45,19.84,23.07,16.7944,80.07247,KRSNWDP_2026-03-16T23:00:00+0000_16.3466
KRSNWDP,Krishna at Wadenepally,Krishna,2026-03-17 00:00:00+00:00,16.367841649629252,NORMAL,18.45,19.84,23.07,16.7944,80.07247,KRSNWDP_2026-03-17T00:00:00+0000_16.3678
KRSNWDP,Krishna at Wadenepally,Krishna,2026-03-17 01:00:00+00:00,16.379238046315184,NORMAL,18.45,19.84,23.07,16.7944,80.07247,KRSNWDP_2026-03-17T01:00:00+0000_16.3792
KRSNWDP,Krishna at Wadenepally,Krishna,2026-03-17 02:00:00+00:00,16.35095743245021,NORMAL,18.45,19.84,23.07,16.7944,80.07247,KRSNWDP_2026-03-17T02:00:00+0000_16.3510
KRSNWDP,Krishna at Wadenepally,Krishna,2026-03-17 03:00:00+00:00,16.308273437474153,NORMAL,18.45,19.84,23.07,16.7944,80.07247,KRSNWDP_2026-03-17T03:00:00+0000_16.3083
KRSNWDP,Krishna at Wadenepally,Krishna,2026-03-17 04:00:00+00:00,16.214092964553146,NORMAL,18.45,19.84,23.07,16.7944,80.07247,KRSNWDP_2026-03-17T04:00:00+0000_16.2141
KRSNWDP,Krishna at Wadenepally,Krishna,2026-03-17 05:00:00+00:00,16.17869833793205,NORMAL,18.45,19.84,23.07,16.7944,80.07247,KRSNWDP_2026-03-17T05:00:00+0000_16.1787
KRSNWDP,Krishna at Wadenepally,Krishna,2026-03-17 06:00:00+00:00,,,18.45,19.84,23.07,16.7944,80.07247,KRSNWDP_2026-03-17T06:00:00+0000_
KRSNWDP,Krishna at Wadenepally,Krishna,2026-03-17 07:00:00+00:00,16.07302619042324,NORMAL,18.45,19.84,23.07,16.7944,80.07247,KRSNWDP_2026-03-17T07:00:00+0000_16.0730
KRSNWDP,Krishna at Wadenepally,Krishna,2026-03-17 08:00:00+00:00,16.09480664219199,NORMAL,18.45,19.84,23.07,16.7944,80.07247,KRSNWDP_2026-03-17T08:00:00+0000_16.0948
KRSNWDP,Krishna at Wadenepally,Krishna,2026-03-17 09:00:00+00:00,16.01046191348265,NORMAL,18.45,19.84,23.07,16.7944,80.07247,KRSNWDP_2026-03-17T09:00:00+0000_16.0105
KRSNWDP,Krishna at Wadenepally,Krishna,2026-03-17 10:00:00+00:00,,,18.45,19.84,23.07,16.7944,80.07247,KRSNWDP_2026-03-17T10:00:00+0000_
KRSNWDP,Krishna at Wadenepally,Krishna,2026-03-17 11:00:00+00:00,15.932562811664196,NORMAL,18.45,19.84,23.07,16.7944,80.07247,KRSNWDP_2026-03-17T11:00:00+0000_15.9326
KRSNWDP,Krishna at Wadenepally,Krishna,2026-03-17 12:00:00+00:00,15.932730261982636,NORMAL,18.45,19.84,23.07,16.7944,80.07247,KRSNWDP_2026-03-17T12:00:00+0000_15.9327
KRSNWDP,Krishna at Wadenepally,Krishna,2026-03-17 13:00:00+00:00,15.961386560619983,NORMAL,18.45,19.84,23.07,16.7944,80.07247,KRSNWDP_2026-03-17T13:00:00+0000_15.9614
KRSNWDP,Krishna at Wadenepally,Krishna,2026-03-17 14:00:00+00:00,16.068549326644344,NORMAL,18.45,19.84,23.07,16.7944,80.07247,KRSNWDP_2026-03-17T14:00:00+0000_16.0685
KRSNWDP,Krishna at Wadenepally,Krishna,2026-03-17 15:00:00+00:00,16.091517862798376,NORMAL,18.45,19.84,23.07,16.7944,80.07247,KRSNWDP_2026-03-17T15:00:00+0000_16.0915
KRSNWDP,Krishna at Wadenepally,Krishna,2026-03-17 16:00:00+00:00,16.120458369093893,NORMAL,18.45,19.84,23.07,16.7944,80.07247,KRSNWDP_2026-03-17T16:00:00+0000_16.1205
KRSNWDP,Krishna at Wadenepally,Krishna,2026-03-17 17:00:00+00:00,16.145990048372287,NORMAL,18.45,19.84,23.07,16.7944,80.07247,KRSNWDP_2026-03-17T17:00:00+0000_16.1460
KRSNWDP,Krishna at Wadenepally,Krishna,2026-03-17 18:00:00+00:00,16.18611477070144,NORMAL,18.45,19.84,23.07,16.7944,80.07247,KRSNWDP_2026-03-17T18:00:00+0000_16.1861
KRSNWDP,Krishna at Wadenepally,Krishna,2026-03-17 19:00:00+00:00,,,18.45,19.84,23.07,16.7944,80.07247,KRSNWDP_2026-03-17T19:00:00+0000_
KRSNWDP,Krishna at Wadenepally,Krishna,2026-03-17 20:00:00+00:00,16.245866527931124,NORMAL,18.45,19.84,23.07,16.7944,80.07247,KRSNWDP_2026-03-17T20:00:00+0000_16.2459
KRSNWDP,Krishna at Wadenepally,Krishna,2026-03-17 21:00:00+00:00,16.299874966279383,NORMAL,18.45,19.84,23.07,16.7944,80.07247,KRSNWDP_2026-03-17T21:00:00+0000_16.2999
KRSNWDP,Krishna at Wadenepally,Krishna,2026-03-17 22:00:00+00:00,16.311962280079218,NORMAL,18.45,19.84,23.07,16.7944,80.07247,KRSNWDP_2026-03-17T22:00:00+0000_16.3120
KRSNWDP,Krishna at Wadenepally,Krishna,2026-03-17 23:00:00+00:00,16.314085756371842,NORMAL,18.45,19.84,23.07,16.7944,80.07247,KRSNWDP_2026-03-17T23:00:00+0000_16.3141
KRSNWDP,Krishna at Wadenepally,Krishna,2026-03-18 00:00:00+00:00,,,18.45,19.84,23.07,16.7944,80.07247,KRSNWDP_2026-03-18T00:00:00+0000_
KRSNWDP,Krishna at Wadenepally,Krishna,2026-03-18 01:00:00+00:00,16.308905290730273,NORMAL,18.45,19.84,23.07,16.7944,80.07247,KRSNWDP_2026-03-18T01:00:00+0000_16.3089
KRSNWDP,Krishna at Wadenepally,Krishna,2026-03-18 02:00:00+00:00,16.331888003721318,NORMAL,18.45,19.84,23.07,16.7944,80.07247,KRSNWDP_2026-03-18T02:00:00+0000_16.3319
KRSNWDP,Krishna at Wadenepally,Krishna,2026-03-18 03:00:00+00:00,16.295547741972243,NORMAL,18.45,19.84,23.07,16.7944,80.07247,KRSNWDP_2026-03-18T03:00:00+0000_16.2955
KRSNWDP,Krishna at Wadenepally,Krishna,2026-03-18 04:00:00+00:00,16.268291703819063,NORMAL,18.45,19.84,23.07,16.7944,80.07247,KRSNWDP_2026-03-18T04:00:00+0000_16.2683
KRSNWDP,Krishna at Wadenepally,Krishna,2026-03-18 05:00:00+00:00,16.21219303130509,NORMAL,18.45,19.84,23.07,16.7944,80.07247,KRSNWDP_2026-03-18T05:00:00+0000_16.2122
KRSNWDP,Krishna at Wadenepally,Krishna,2026-03-18 06:00:00+00:00,16.10141104881603,NORMAL,18.45,19.84,23.07,16.7944,80.07247,KRSNWDP_2026-03-18T06:00:00+0000_16.1014
KRSNWDP,Krishna at Wadenepally,Krishna,2026-03-18 07:00:00+00:00,16.080215182481204,NORMAL,18.45,19.84,23.07,16.7944,80.07247,KRSNWDP_2026-03-18T07:00:00+0000_16.0802
KRSNWDP,Krishna at Wadenepally,Krishna,2026-03-18 08:00:00+00:00,16.07264075781396,NORMAL,18.45,19.84,23.07,16.7944,80.07247,KRSNWDP_2026-03-18T08:00:00+0000_16.0726
KRSNWDP,Krishna at Wadenepally,Krishna,2026-03-18 09:00:00+00:00,16.006031755221855,NORMAL,18.45,19.84,23.07,16.7944,80.07247,KRSNWDP_2026-03-18T09:00:00+0000_16.0060
KRSNWDP,Krishna at Wadenepally,Krishna,2026-03-18 10:00:00+00:00,16.044852905803797,NORMAL,18.45,19.84,23.07,16.7944,80.07247,KRSNWDP_2026-03-18T10:00:00+0000_16.0449
KRSNWDP,Krishna at Wadenepally,Krishna,2026-03-18 11:00:00+00:00,15.9923247211127,NORMAL,18.45,19.84,23.07,16.7944,80.07247,KRSNWDP_2026-03-18T11:00:00+0000_15.9923
KRSNWDP,Krishna at Wadenepally,Krishna,2026-03-18 12:00:00+00:00,15.976253298200968,NORMAL,18.45,19.84,23.07,16.7944,80.07247,KRSNWDP_2026-03-18T12:00:00+0000_15.9763
KRSNWDP,Krishna at Wadenepally,Krishna,2026-03-18 13:00:00+00:00,16.014668292941405,NORMAL,18.45,19.84,23.07,16.7944,80.07247,KRSNWDP_2026-03-18T13:00:00+0000_16.0147
KRSNWDP,Krishna at Wadenepally,Krishna,2026-03-18 14:00:00+00:00,16.053397645535924,NORMAL,18.45,19.84,23.07,16.7944,80.07247,KRSNWDP_2026-03-18T14:00:00+0000_16.0534
KRSNWDP,Krishna at Wadenepally,Krishna,2026-03-18 15:00:00+00:00,16.036668665326406,NORMAL,18.45,19.84,23.07,16.7944,80.07247,KRSNWDP_2026-03-18T15:00:00+0000_16.0367
KRSNWDP,Krishna at Wadenepally,Krishna,2026-03-18 16:00:00+00:00,16.112420649395045,NORMAL,18.45,19.84,23.07,16.7944,80.07247,KRSNWDP_2026-03-18T16:00:00+0000_16.1124
KRSNWDP,Krishna at Wadenepally,Krishna,2026-03-18 17:00:00+00:00,16.154136215280886,NORMAL,18.45,19.84,23.07,16.7944,80.07247,KRSNWDP_2026-03-18T17:00:00+0000_16.1541
KRSNWDP,Krishna at Wadenepally,Krishna,2026-03-18 18:00:00+00:00,16.232016800547047,NORMAL,18.45,19.84,23.07,16.7944,80.07247,KRSNWDP_2026-03-18T18:00:00+0000_16.2320
KRSNWDP,Krishna at Wadenepally,Krishna,2026-03-18 19:00:00+00:00,16.294888139040367,NORMAL,18.45,19.84,23.07,16.7944,80.07247,KRSNWDP_2026-03-18T19:00:00+0000_16.2949
KRSNWDP,Krishna at Wadenepally,Krishna,2026-03-18 20:00:00+00:00,16.300623039803586,NORMAL,18.45,19.84,23.07,16.7944,80.07247,KRSNWDP_2026-03-18T20:00:00+0000_16.3006
KRSNWDP,Krishna at Wadenepally,Krishna,2026-03-18 21:00:00+00:00,16.37604156330657,NORMAL,18.45,19.84,23.07,16.7944,80.07247,KRSNWDP_2026-03-18T21:00:00+0000_16.3760
KRSNWDP,Krishna at Wadenepally,Krishna,2026-03-18 22:00:00+00:00,19.94787626514416,DANGER,18.45,19.84,23.07,16.7944,80.07247,KRSNWDP_2026-03-18T22:00:00+0000_19.9479
KRSNWDP,Krishna at Wadenepally,Krishna,2026-03-18 23:00:00+00:00,19.557515133216143,WARNING,18.45,19.84,23.07,16.7944,80.07247,KRSNWDP_2026-03-18T23:00:00+0000_19.5575
KRSNWDP,Krishna at Wadenepally,Krishna,2026-03-19 00:00:00+00:00,16.325886120535706,NORMAL,18.45,19.84,23.07,16.7944,80.07247,KRSNWDP_2026-03-19T00:00:00+0000_16.3259
KRSNWDP,Krishna at Wadenepally,Krishna,2026-03-19 01:00:00+00:00,16.387537553567196,NORMAL,18.45,19.84,23.07,16.7944,80.07247,KRSNWDP_2026-03-19T01:00:00+0000_16.3875
KRSNWDP,Krishna at Wadenepally,Krishna,2026-03-19 02:00:00+00:00,16.28483666899292,NORMAL,18.45,19.84,23.07,16.7944,80.07247,KRSNWDP_2026-03-19T02:00:00+0000_16.2848
KRSNWDP,Krishna at Wadenepally,Krishna,2026-03-19 03:00:00+00:00,16.29932062855262,NORMAL,18.45,19.84,23.07,16.7944,80.07247,KRSNWDP_2026-03-19T03:00:00+0000_16.2993
KRSNWDP,Krishna at Wadenepally,Krishna,2026-03-19 04:00:00+00:00,17.290671083314663,NORMAL,18.45,19.84,23.07,16.7944,80.07247,KRSNWDP_2026-03-19T04:00:00+0000_17.2907
KRSNWDP,Krishna at Wadenepally,Krishna,2026-03-19 05:00:00+00:00,17.15647225338033,NORMAL,18.45,19.84,23.07,16.7944,80.07247,KRSNWDP_2026-03-19T05:00:00+0000_17.1565
KRSNWDP,Krishna at Wadenepally,Krishna,2026-03-19 06:00:00+00:00,16.944920821972822,NORMAL,18.45,19.84,23.07,16.7944,80.07247,KRSNWDP_2026-03-19T06:00:00+0000_16.9449
KRSNWDP,Krishna at Wadenepally,Krishna,2026-03-19 07:00:00+00:00,16.84436307120822,NORMAL,18.45,19.84,23.07,16.7944,80.07247,KRSNWDP_2026-03-19T07:00:00+0000_16.8444
KRSNWDP,Krishna at Wadenepally,Krishna,2026-03-19 08:00:00+00:00,16.71256226514549,NORMAL,18.45,19.84,23.07,16.7944,80.07247,KRSNWDP_2026-03-19T08:00:00+0000_16.7126
KRSNWDP,Krishna at Wadenepally,Krishna,2026-03-19 09:00:00+00:00,16.59264136042422,NORMAL,18.45,19.84,23.07,16.7944,80.07247,KRSNWDP_2026-03-19T09:00:00+0000_16.5926
KRSNWDP,Krishna at Wadenepally,Krishna,2026-03-19 10:00:00+00:00,16.556980295511217,NORMAL,18.45,19.84,23.07,16.7944,80.07247,KRSNWDP_2026-03-19T10:00:00+0000_16.5570
KRSNWDP,Krishna at Wadenepally,Krishna,2026-03-19 11:00:00+00:00,15.98436110013187,NORMAL,18.45,19.84,23.07,16.7944,80.07247,KRSNWDP_2026-03-19T11:00:00+0000_15.9844
KRSNWDP,Krishna at Wadenepally,Krishna,2026-03-19 12:00:00+00:00,16.02826388800921,NORMAL,18.45,19.84,23.07,16.7944,80.07247,KRSNWDP_2026-03-19T12:00:00+0000_16.0283
KRSNWDP,Krishna at Wadenepally,Krishna,2026-03-19 13:00:00+00:00,,,18.45,19.84,23.07,16.7944,80.07247,KRSNWDP_2026-03-19T13:00:00+0000_
KRSNWDP,Krishna at Wadenepally,Krishna,2026-03-19 14:00:00+00:00,16.061698300570008,NORMAL,18.45,19.84,23.07,16.7944,80.07247,KRSNWDP_2026-03-19T14:00:00+0000_16.0617
KRSNWDP,Krishna at Wadenepally,Krishna,2026-03-19 15:00:00+00:00,16.069211404021896,NORMAL,18.45,19.84,23.07,16.7944,80.07247,KRSNWDP_2026-03-19T15:00:00+0000_16.0692
KRSNWDP,Krishna at Wadenepally,Krishna,2026-03-19 16:00:00+00:00,16.083406146039046,NORMAL,18.45,19.84,23.07,16.7944,80.07247,KRSNWDP_2026-03-19T16:00:00+0000_16.0834
KRSNWDP,Krishna at Wadenepally,Krishna,2026-03-19 17:00:00+00:00,16.165748567117596,NORMAL,18.45,19.84,23.07,16.7944,80.07247,KRSNWDP_2026-03-19T17:00:00+0000_16.1657
KRSNWDP,Krishna at Wadenepally,Krishna,2026-03-19 18:00:00+00:00,16.23742429929589,NORMAL,18.45,19.84,23.07,16.7944,80.07247,KRSNWDP_2026-03-19T18:00:00+0000_16.2374
KRSNWDP,Krishna at Wadenepally,Krishna,2026-03-19 19:00:00+00:00,16.306034930333897,NORMAL,18.45,19.84,23.07,16.7944,80.07247,KRSNWDP_2026-03-19T19:00:00+0000_16.3060
KRSNWDP,Krishna at Wadenepally,Krishna,2026-03-19 20:00:00+00:00,16.339262549991055,NORMAL,18.45,19.84,23.07,16.7944,80.07247,KRSNWDP_2026-03-19T20:00:00+0000_16.3393
KRSNWDP,Krishna at Wadenepally,Krishna,2026-03-19 21:00:00+00:00,16.367726097694696,NORMAL,18.45,19.84,23.07,16.7944,80.07247,KRSNWDP_2026-03-19T21:00:00+0000_16.3677
KRSNWDP,Krishna at Wadenepally,Krishna,2026-03-19 22:00:00+00:00,16.33344949079082,NORMAL,18.45,19.84,23.07,16.7944,80.07247,KRSNWDP_2026-03-19T22:00:00+0000_16.3334
KRSNWDP,Krishna at Wadenepally,Krishna,2026-03-19 23:00:00+00:00,16.378818552749383,NORMAL,18.45,19.84,23.07,16.7944,80.07247,KRSNWDP_2026-03-19T23:00:00+0000_16.3788
KRSNWDP,Krishna at Wadenepally,Krishna,2026-03-20 00:00:00+00:00,16.33605419143437,NORMAL,18.45,19.84,23.07,16.7944,80.07247,KRSNWDP_2026-03-20T00:00:00+0000_16.3361
KRSNWDP,Krishna at Wadenepally,Krishna,2026-03-20 01:00:00+00:00,,,18.45,19.84,23.07,16.7944,80.07247,KRSNWDP_2026-03-20T01:00:00+0000_
KRSNWDP,Krishna at Wadenepally,Krishna,2026-03-20 02:00:00+00:00,16.28895126293451,NORMAL,18.45,19.84,23.07,16.7944,80.07247,KRSNWDP_2026-03-20T02:00:00+0000_16.2890
KRSNWDP,Krishna at Wadenepally,Krishna,2026-03-20 03:00:00+00:00,16.340297673907983,NORMAL,18.45,19.84,23.07,16.7944,80.07247,KRSNWDP_2026-03-20T03:00:00+0000_16.3403
KRSNWDP,Krishna at Wadenepally,Krishna,2026-03-20 04:00:00+00:00,16.267283078277302,NORMAL,18.45,19.84,23.07,16.7944,80.07247,KRSNWDP_2026-03-20T04:00:00+0000_16.2673
KRSNWDP,Krishna at Wadenepally,Krishna,2026-03-20 05:00:00+00:00,16.1616309682743,NORMAL,18.45,19.84,23.07,16.7944,80.07247,KRSNWDP_2026-03-20T05:00:00+0000_16.1616
KRSNWDP,Krishna at Wadenepally,Krishna,2026-03-20 06:00:00+00:00,16.190338944932442,NORMAL,18.45,19.84,23.07,16.7944,80.07247,KRSNWDP_2026-03-20T06:00:00+0000_16.1903
KRSNWDP,Krishna at Wadenepally,Krishna,2026-03-20 07:00:00+00:00,16.07891002569835,NORMAL,18.45,19.84,23.07,16.7944,80.07247,KRSNWDP_2026-03-20T07:00:00+0000_16.0789
KRSNWDP,Krishna at Wadenepally,Krishna,2026-03-20 08:00:00+00:00,16.02240701229381,NORMAL,18.45,19.84,23.07,16.7944,80.07247,KRSNWDP_2026-03-20T08:00:00+0000_16.0224
KRSNWDP,Krishna at Wadenepally,Krishna,2026-03-20 09:00:00+00:00,16.07963529350736,NORMAL,18.45,19.84,23.07,16.7944,80.07247,KRSNWDP_2026-03-20T09:00:00+0000_16.0796
KRSNWDP,Krishna at Wadenepally,Krishna,2026-03-20 10:00:00+00:00,16.05652851799659,NORMAL,18.45,19.84,23.07,16.7944,80.07247,KRSNWDP_2026-03-20T10:00:00+0000_16.0565
KRSNWDP,Krishna at Wadenepally,Krishna,2026-03-20 11:00:00+00:00,15.961258227733058,NORMAL,18.45,19.84,23.07,16.7944,80.07247,KRSNWDP_2026-03-20T11:00:00+0000_15.9613
KRSNWDP,Krishna at Wadenepally,Krishna,2026-03-20 12:00:00+00:00,15.969708124209712,NORMAL,18.45,19.84,23.07,16.7944,80.07247,KRSNWDP_2026-03-20T12:00:00+0000_15.9697
KRSNWDP,Krishna at Wadenepally,Krishna,2026-03-20 13:00:00+00:00,16.010339763627986,NORMAL,18.45,19.84,23.07,16.7944,80.07247,KRSNWDP_2026-03-20T13:00:00+0000_16.0103
KRSNWDP,Krishna at Wadenepally,Krishna,2026-03-20 14:00:00+00:00,16.03011424135169,NORMAL,18.45,19.84,23.07,16.7944,80.07247,KRSNWDP_2026-03-20T14:00:00+0000_16.0301
KRSNWDP,Krishna at Wadenepally,Krishna,2026-03-20 15:00:00+00:00,16.032212228681065,NORMAL,18.45,19.84,23.07,16.7944,80.07247,KRSNWDP_2026-03-20T15:00:00+0000_16.0322
KRSNWDP,Krishna at Wadenepally,Krishna,2026-03-20 16:00:00+00:00,,,18.45,19.84,23.07,16.7944,80.07247,KRSNWDP_2026-03-20T16:00:00+0000_
KRSNWDP,Krishna at Wadenepally,Krishna,2026-03-20 17:00:00+00:00,16.133988588170606,NORMAL,18.45,19.84,23.07,16.7944,80.07247,KRSNWDP_2026-03-20T17:00:00+0000_16.1340
KRSNWDP,Krishna at Wadenepally,Krishna,2026-03-20 18:00:00+00:00,16.265870512910958,NORMAL,18.45,19.84,23.07,16.7944,80.07247,KRSNWDP_2026-03-20T18:00:00+0000_16.2659
KRSNWDP,Krishna at Wadenepally,Krishna,2026-03-20 19:00:00+00:00,16.310372774286733,NORMAL,18.45,19.84,23.07,16.7944,80.07247,KRSNWDP_2026-03-20T19:00:00+0000_16.3104
KRSNWDP,Krishna at Wadenepally,Krishna,2026-03-20 20:00:00+00:00,16.265087038266827,NORMAL,18.45,19.84,23.07,16.7944,80.07247,KRSNWDP_2026-03-20T20:00:00+0000_16.2651
KRSNWDP,Krishna at Wadenepally,Krishna,2026-03-20 21:00:00+00:00,16.37972286760955,NORMAL,18.45,19.84,23.07,16.7944,80.07247,KRSNWDP_2026-03-20T21:00:00+0000_16.3797
KRSNWDP,Krishna at Wadenepally,Krishna,2026-03-20 22:00:00+00:00,16.37089740347504,NORMAL,18.45,19.84,23.07,16.7944,80.07247,KRSNWDP_2026-03-20T22:00:00+0000_16.3709
KRSNWDP,Krishna at Wadenepally,Krishna,2026-03-20 23:00:00+00:00,16.37114713476676,NORMAL,18.45,19.84,23.07,16.7944,80.07247,KRSNWDP_2026-03-20T23:00:00+0000_16.3711
KRSNWDP,Krishna at Wadenepally,Krishna,2026-03-21 00:00:00+00:00,17.91629395189416,NORMAL,18.45,19.84,23.07,16.7944,80.07247,KRSNWDP_2026-03-21T00:00:00+0000_17.9163
KRSNWDP,Krishna at Wadenepally,Krishna,2026-03-21 01:00:00+00:00,17.798128240495757,NORMAL,18.45,19.84,23.07,16.7944,80.07247,KRSNWDP_2026-03-21T01:00:00+0000_17.7981
KRSNWDP,Krishna at Wadenepally,Krishna,2026-03-21 02:00:00+00:00,17.613311583022757,NORMAL,18.45,19.84,23.07,16.7944,80.07247,KRSNWDP_2026-03-21T02:00:00+0000_17.6133
KRSNWDP,Krishna at Wadenepally,Krishna,2026-03-21 03:00:00+00:00,17.43702024573645,NORMAL,18.45,19.84,23.07,16.7944,80.07247,KRSNWDP_2026-03-21T03:00:00+0000_17.4370
KRSNWDP,Krishna at Wadenepally,Krishna,2026-03-21 04:00:00+00:00,17.304499539974607,NORMAL,18.45,19.84,23.07,16.7944,80.07247,KRSNWDP_2026-03-21T04:00:00+0000_17.3045
KRSNWDP,Krishna at Wadenepally,Krishna,2026-03-21 05:00:00+00:00,17.088390502603797,NORMAL,18.45,19.84,23.07,16.7944,80.07247,KRSNWDP_2026-03-21T05:00:00+0000_17.0884
KRSNWDP,Krishna at Wadenepally,Krishna,2026-03-21 06:00:00+00:00,16.201703507219186,NORMAL,18.45,19.84,23.07,16.7944,80.07247,KRSNWDP_2026-03-21T06:00:00+0000_16.2017
KRSNWDP,Krishna at Wadenepally,Krishna,2026-03-21 07:00:00+00:00,16.071659011465535,NORMAL,18.45,19.84,23.07,16.7944,80.07247,KRSNWDP_2026-03-21T07:00:00+0000_16.0717
KRSNWDP,Krishna at Wadenepally,Krishna,2026-03-21 08:00:00+00:00,16.058519086850872,NORMAL,18.45,19.84,23.07,16.7944,80.07247,KRSNWDP_2026-03-21T08:00:00+0000_16.0585
KRSNWDP,Krishna at Wadenepally,Krishna,2026-03-21 09:00:00+00:00,16.00080100315664,NORMAL,18.45,19.84,23.07,16.7944,80.07247,KRSNWDP_2026-03-21T09:00:00+0000_16.0008
KRSNWDP,Krishna at Wadenepally,Krishna,2026-03-21 10:00:00+00:00,16.01481297171366,NORMAL,18.45,19.84,23.07,16.7944,80.07247,KRSNWDP_2026-03-21T10:00:00+0000_16.0148
KRSNWDP,Krishna at Wadenepally,Krishna,2026-03-21 11:00:00+00:00,15.965600049557878,NORMAL,18.45,19.84,23.07,16.7944,80.07247,KRSNWDP_2026-03-21T11:00:00+0000_15.9656
KRSNWDP,Krishna at Wadenepally,Krishna,2026-03-21 12:00:00+00:00,15.997823607597596,NORMAL,18.45,19.84,23.07,16.7944,80.07247,KRSNWDP_2026-03-21T12:00:00+0000_15.9978
KRSNWDP,Krishna at Wadenepally,Krishna,2026-03-21 13:00:00+00:00,16.00571821739248,NORMAL,18.45,19.84,23.07,16.7944,80.07247,KRSNWDP_2026-03-21T13:00:00+0000_16.0057
KRSNWDP,Krishna at Wadenepally,Krishna,2026-03-21 14:00:00+00:00,16.046623867678786,NORMAL,18.45,19.84,23.07,16.7944,80.07247,KRSNWDP_2026-03-21T14:00:00+0000_16.0466
KRSNWDP,Krishna at Wadenepally,Krishna,2026-03-21 15:00:00+00:00,16.045540332153447,NORMAL,18.45,19.84,23.07,16.7944,80.07247,KRSNWDP_2026-03-21T15:00:00+0000_16.0455
KRSNWDP,Krishna at Wadenepally,Krishna,2026-03-21 16:00:00+00:00,16.154129358187017,NORMAL,18.45,19.84,23.07,16.7944,80.07247,KRSNWDP_2026-03-21T16:00:00+0000_16.1541
KRSNWDP,Krishna at Wadenepally,Krishna,2026-03-21 17:00:00+00:00,16.195415024616505,NORMAL,18.45,19.84,23.07,16.7944,80.07247,KRSNWDP_2026-03-21T17:00:00+0000_16.1954
KRSNWDP,Krishna at Wadenepally,Krishna,2026-03-21 18:00:00+00:00,16.229431335491373,NORMAL,18.45,19.84,23.07,16.7944,80.07247,KRSNWDP_2026-03-21T18:00:00+0000_16.2294
KRSNWDP,Krishna at Wadenepally,Krishna,2026-03-21 19:00:00+00:00,16.306551770713,NORMAL,18.45,19.84,23.07,16.7944,80.07247,KRSNWDP_2026-03-21T19:00:00+0000_16.3066
KRSNWDP,Krishna at Wadenepally,Krishna,2026-03-21 20:00:00+00:00,16.28052880635711,NORMAL,18.45,19.84,23.07,16.7944,80.07247,KRSNWDP_2026-03-21T20:00:00+0000_16.2805
KRSNWDP,Krishna at Wadenepally,Krishna,2026-03-21 21:00:00+00:00,16.326664447658178,NORMAL,18.45,19.84,23.07,16.7944,80.07247,KRSNWDP_2026-03-21T21:00:00+0000_16.3267
KRSNWDP,Krishna at Wadenepally,Krishna,2026-03-21 22:00:00+00:00,16.328953783936086,NORMAL,18.45,19.84,23.07,16.7944,80.07247,KRSNWDP_2026-03-21T22:00:00+0000_16.3290
KRSNWDP,Krishna at Wadenepally,Krishna,2026-03-21 23:00:00+00:00,16.348676990150302,NORMAL,18.45,19.84,23.07,16.7944,80.07247,KRSNWDP_2026-03-21T23:00:00+0000_16.3487
KRSNWDP,Krishna at Wadenepally,Krishna,2026-03-22 00:00:00+00:00,16.38129994113291,NORMAL,18.45,19.84,23.07,16.7944,80.07247,KRSNWDP_2026-03-22T00:00:00+0000_16.3813
KRSNWDP,Krishna at Wadenepally,Krishna,2026-03-22 01:00:00+00:00,16.41984290595341,NORMAL,18.45,19.84,23.07,16.7944,80.07247,KRSNWDP_2026-03-22T01:00:00+0000_16.4198
KRSNWDP,Krishna at Wadenepally,Krishna,2026-03-22 02:00:00+00:00,16.34383276775459,NORMAL,18.45,19.84,23.07,16.7944,80.07247,KRSNWDP_2026-03-22T02:00:00+0000_16.3438
KRSNWDP,Krishna at Wadenepally,Krishna,2026-03-22 03:00:00+00:00,16.34602706198371,NORMAL,18.45,19.84,23.07,16.7944,80.07247,KRSNWDP_2026-03-22T03:00:00+0000_16.3460
KRSNWDP,Krishna at Wadenepally,Krishna,2026-03-22 04:00:00+00:00,16.23715742109417,NORMAL,18.45,19.84,23.07,16.7944,80.07247,KRSNWDP_2026-03-22T04:00:00+0000_16.2372
KRSNWDP,Krishna at Wadenepally,Krishna,2026-03-22 05:00:00+00:00,,,18.45,19.84,23.07,16.7944,80.07247,KRSNWDP_2026-03-22T05:00:00+0000_
KRSNWDP,Krishna at Wadenepally,Krishna,2026-03-22 06:00:00+00:00,16.17851744954737,NORMAL,18.45,19.84,23.07,16.7944,80.07247,KRSNWDP_2026-03-22T06:00:00+0000_16.1785
KRSNWDP,Krishna at Wadenepally,Krishna,2026-03-22 07:00:00+00:00,16.119309277113203,NORMAL,18.45,19.84,23.07,16.7944,80.07247,KRSNWDP_2026-03-22T07:00:00+0000_16.1193
KRSNWDP,Krishna at Wadenepally,Krishna,2026-03-22 08:00:00+00:00,16.05917162731773,NORMAL,18.45,19.84,23.07,16.7944,80.07247,KRSNWDP_2026-03-22T08:00:00+0000_16.0592
KRSNWDP,Krishna at Wadenepally,Krishna,2026-03-22 09:00:00+00:00,16.020261010849634,NORMAL,18.45,19.84,23.07,16.7944,80.07247,KRSNWDP_2026-03-22T09:00:00+0000_16.0203
KRSNWDP,Krishna at Wadenepally,Krishna,2026-03-22 10:00:00+00:00,15.999030418361636,NORMAL,18.45,19.84,23.07,16.7944,80.07247,KRSNWDP_2026-03-22T10:00:00+0000_15.9990
KRSNWDP,Krishna at Wadenepally,Krishna,2026-03-22 11:00:00+00:00,16.00432437212913,NORMAL,18.45,19.84,23.07,16.7944,80.07247,KRSNWDP_2026-03-22T11:00:00+0000_16.0043
KRSNWDP,Krishna at Wadenepally,Krishna,2026-03-22 12:00:00+00:00,16.052457693834533,NORMAL,18.45,19.84,23.07,16.7944,80.07247,KRSNWDP_2026-03-22T12:00:00+0000_16.0525
KRSNWDP,Krishna at Wadenepally,Krishna,2026-03-22 13:00:00+00:00,16.01039911422835,NORMAL,18.45,19.84,23.07,16.7944,80.07247,KRSNWDP_2026-03-22T13:00:00+0000_16.0104
KRSNWDP,Krishna at Wadenepally,Krishna,2026-03-22 14:00:00+00:00,16.07118864605061,NORMAL,18.45,19.84,23.07,16.7944,80.07247,KRSNWDP_2026-03-22T14:00:00+0000_16.0712
KRSNWDP,Krishna at Wadenepally,Krishna,2026-03-22 15:00:00+00:00,16.129188473073544,NORMAL,18.45,19.84,23.07,16.7944,80.07247,KRSNWDP_2026-03-22T15:00:00+0000_16.1292
KRSNWDP,Krishna at Wadenepally,Krishna,2026-03-22 16:00:00+00:00,16.10864346969369,NORMAL,18.45,19.84,23.07,16.7944,80.07247,KRSNWDP_2026-03-22T16:00:00+0000_16.1086
KRSNWDP,Krishna at Wadenepally,Krishna,2026-03-22 17:00:00+00:00,16.226290797749822,NORMAL,18.45,19.84,23.07,16.7944,80.07247,KRSNWDP_2026-03-22T17:00:00+0000_16.2263
KRSNWDP,Krishna at Wadenepally,Krishna,2026-03-22 18:00:00+00:00,16.189201961071827,NORMAL,18.45,19.84,23.07,16.7944,80.07247,KRSNWDP_2026-03-22T18:00:00+0000_16.1892
KRSNWDP,Krishna at Wadenepally,Krishna,2026-03-22 19:00:00+00:00,16.27148318951633,NORMAL,18.45,19.84,23.07,16.7944,80.07247,KRSNWDP_2026-03-22T19:00:00+0000_16.2715
KRSNWDP,Krishna at Wadenepally,Krishna,2026-03-22 20:00:00+00:00,16.37169618719745,NORMAL,18.45,19.84,23.07,16.7944,80.07247,KRSNWDP_2026-03-22T20:00:00+0000_16.3717
KRSNWDP,Krishna at Wadenepally,Krishna,2026-03-22 21:00:00+00:00,16.38577960199791,NORMAL,18.45,19.84,23.07,16.7944,80.07247,KRSNWDP_2026-03-22T21:00:00+0000_16.3858
KRSNWDP,Krishna at Wadenepally,Krishna,2026-03-22 22:00:00+00:00,16.39404774897211,NORMAL,18.45,19.84,23.07,16.7944,80.07247,KRSNWDP_2026-03-22T22:00:00+0000_16.3940
KRSNWDP,Krishna at Wadenepally,Krishna,2026-03-22 23:00:00+00:00,16.364036771834897,NORMAL,18.45,19.84,23.07,16.7944,80.07247,KRSNWDP_2026-03-22T23:00:00+0000_16.3640
KRSNWDP,Krishna at Wadenepally,Krishna,2026-03-23 00:00:00+00:00,16.40474977407206,NORMAL,18.45,19.84,23.07,16.7944,80.07247,KRSNWDP_2026-03-23T00:00:00+0000_16.4047
KRSNWDP,Krishna at Wadenepally,Krishna,2026-03-23 01:00:00+00:00,16.357206960037434,NORMAL,18.45,19.84,23.07,16.7944,80.07247,KRSNWDP_2026-03-23T01:00:00+0000_16.3572
KRSNWDP,Krishna at Wadenepally,Krishna,2026-03-23 02:00:00+00:00,16.409118436752326,NORMAL,18.45,19.84,23.07,16.7944,80.07247,KRSNWDP_2026-03-23T02:00:00+0000_16.4091
KRSNWDP,Krishna at Wadenepally,Krishna,2026-03-23 03:00:00+00:00,16.32452601534737,NORMAL,18.45,19.84,23.07,16.7944,80.07247,KRSNWDP_2026-03-23T03:00:00+0000_16.3245
KRSNWDP,Krishna at Wadenepally,Krishna,2026-03-23 04:00:00+00:00,16.276138408122613,NORMAL,18.45,19.84,23.07,16.7944,80.07247,KRSNWDP_2026-03-23T04:00:00+0000_16.2761
KRSNWDP,Krishna at Wadenepally,Krishna,2026-03-23 05:00:00+00:00,16.211666333553328,NORMAL,18.45,19.84,23.07,16.7944,80.07247,KRSNWDP_2026-03-23T05:00:00+0000_16.2117
KRSNWDP,Krishna at Wadenepally,Krishna,2026-03-23 06:00:00+00:00,16.13405251141475,NORMAL,18.45,19.84,23.07,16.7944,80.07247,KRSNWDP_2026-03-23T06:00:00+0000_16.1341
KRSNWDP,Krishna at Wadenepally,Krishna,2026-03-23 07:00:00+00:00,16.09383091169781,NORMAL,18.45,19.84,23.07,16.7944,80.07247,KRSNWDP_2026-03-23T07:00:00+0000_16.0938
KRSNWDP,Krishna at Wadenepally,Krishna,2026-03-23 08:00:00+00:00,16.04725831300362,NORMAL,18.45,19.84,23.07,16.7944,80.07247,KRSNWDP_2026-03-23T08:00:00+0000_16.0473
KRSNWDP,Krishna at Wadenepally,Krishna,2026-03-23 09:00:00+00:00,16.070523762250183,NORMAL,18.45,19.84,23.07,16.7944,80.07247,KRSNWDP_2026-03-23T09:00:00+0000_16.0705
KRSNWDP,Krishna at Wadenepally,Krishna,2026-03-23 10:00:00+00:00,16.057109944186422,NORMAL,18.45,19.84,23.07,16.7944,80.07247,KRSNWDP_2026-03-23T10:00:00+0000_16.0571
KRSNWDP,Krishna at Wadenepally,Krishna,2026-03-23 11:00:00+00:00,16.034610350232327,NORMAL,18.45,19.84,23.07,16.7944,80.07247,KRSNWDP_2026-03-23T11:00:00+0000_16.0346
KRSNWDP,Krishna at Wadenepally,Krishna,2026-03-23 12:00:00+00:00,16.030221489125807,NORMAL,18.45,19.84,23.07,16.7944,80.07247,KRSNWDP_2026-03-23T12:00:00+0000_16.0302
KRSNWDP,Krishna at Wadenepally,Krishna,2026-03-23 13:00:00+00:00,16.085427920634707,NORMAL,18.45,19.84,23.07,16.7944,80.07247,KRSNWDP_2026-03-23T13:00:00+0000_16.0854
KRSNWDP,Krishna at Wadenepally,Krishna,2026-03-23 14:00:00+00:00,16.103453127065375,NORMAL,18.45,19.84,23.07,16.7944,80.07247,KRSNWDP_2026-03-23T14:00:00+0000_16.1035
KRSNWDP,Krishna at Wadenepally,Krishna,2026-03-23 15:00:00+00:00,16.060492161824264,NORMAL,18.45,19.84,23.07,16.7944,80.07247,KRSNWDP_2026-03-23T15:00:00+0000_16.0605
KRSNWDP,Krishna at Wadenepally,Krishna,2026-03-23 16:00:00+00:00,16.0962286099988,NORMAL,18.45,19.84,23.07,16.7944,80.07247,KRSNWDP_2026-03-23T16:00:00+0000_16.0962
KRSNWDP,Krishna at Wadenepally,Krishna,2026-03-23 17:00:00+00:00,16.210724413087927,NORMAL,18.45,19.84,23.07,16.7944,80.07247,KRSNWDP_2026-03-23T17:00:00+0000_16.2107
KRSNWDP,Krishna at Wadenepally,Krishna,2026-03-23 18:00:00+00:00,16.20295304327862,NORMAL,18.45,19.84,23.07,16.7944,80.07247,KRSNWDP_2026-03-23T18:00:00+0000_16.2030
KRSNWDP,Krishna at Wadenepally,Krishna,2026-03-23 19:00:00+00:00,16.317166443439785,NORMAL,18.45,19.84,23.07,16.7944,80.07247,KRSNWDP_2026-03-23T19:00:00+0000_16.3172
KRSNWDP,Krishna at Wadenepally,Krishna,2026-03-23 20:00:00+00:00,16.29183177547809,NORMAL,18.45,19.84,23.07,16.7944,80.07247,KRSNWDP_2026-03-23T20:00:00+0000_16.2918
KRSNWDP,Krishna at Wadenepally,Krishna,2026-03-23 21:00:00+00:00,16.343860225851117,NORMAL,18.45,19.84,23.07,16.7944,80.07247,KRSNWDP_2026-03-23T21:00:00+0000_16.3439
KRSNWDP,Krishna at Wadenepally,Krishna,2026-03-23 22:00:00+00:00,,,18.45,19.84,23.07,16.7944,80.07247,KRSNWDP_2026-03-23T22:00:00+0000_
KRSNWDP,Krishna at Wadenepally,Krishna,2026-03-23 23:00:00+00:00,16.44238411496013,NORMAL,18.45,19.84,23.07,16.7944,80.07247,KRSNWDP_2026-03-23T23:00:00+0000_16.4424
KRSNWDP,Krishna at Wadenepally,Krishna,2026-03-24 00:00:00+00:00,16.452197886037723,NORMAL,18.45,19.84,23.07,16.7944,80.07247,KRSNWDP_2026-03-24T00:00:00+0000_16.4522
KRSNWDP,Krishna at Wadenepally,Krishna,2026-03-24 01:00:00+00:00,16.36138074080184,NORMAL,18.45,19.84,23.07,16.7944,80.07247,KRSNWDP_2026-03-24T01:00:00+0000_16.3614
KRSNWDP,Krishna at Wadenepally,Krishna,2026-03-24 02:00:00+00:00,16.38012035441632,NORMAL,18.45,19.84,23.07,16.7944,80.07247,KRSNWDP_2026-03-24T02:00:00+0000_16.3801
KRSNWDP,Krishna at Wadenepally,Krishna,2026-03-24 03:00:00+00:00,16.347441239439323,NORMAL,18.45,19.84,23.07,16.7944,80.07247,KRSNWDP_2026-03-24T03:00:00+0000_16.3474
KRSNWDP,Krishna at Wadenepally,Krishna,2026-03-24 04:00:00+00:00,16.33129760093231,NORMAL,18.45,19.84,23.07,16.7944,80.07247,KRSNWDP_2026-03-24T04:00:00+0000_16.3313
KRSNWDP,Krishna at Wadenepally,Krishna,2026-03-24 05:00:00+00:00,16.21305698994823,NORMAL,18.45,19.84,23.07,16.7944,80.07247,KRSNWDP_2026-03-24T05:00:00+0000_16.2131
KRSNWDP,Krishna at Wadenepally,Krishna,2026-03-24 06:00:00+00:00,16.220316305652254,NORMAL,18.45,19.84,23.07,16.7944,80.07247,KRSNWDP_2026-03-24T06:00:00+0000_16.2203
KRSNWDP,Krishna at Wadenepally,Krishna,2026-03-24 07:00:00+00:00,16.14831110615022,NORMAL,18.45,19.84,23.07,16.7944,80.07247,KRSNWDP_2026-03-24T07:00:00+0000_16.1483
KRSNWDP,Krishna at Wadenepally,Krishna,2026-03-24 08:00:00+00:00,16.076465277811785,NORMAL,18.45,19.84,23.07,16.7944,80.07247,KRSNWDP_2026-03-24T08:00:00+0000_16.0765
KRSNWDP,Krishna at Wadenepally,Krishna,2026-03-24 09:00:00+00:00,16.018542323873366,NORMAL,18.45,19.84,23.07,16.7944,80.07247,KRSNWDP_2026-03-24T09:00:00+0000_16.0185
KRSNWDP,Krishna at Wadenepally,Krishna,2026-03-24 10:00:00+00:00,16.025996541601067,NORMAL,18.45,19.84,23.07,16.7944,80.07247,KRSNWDP_2026-03-24T10:00:00+0000_16.0260
KRSNWDP,Krishna at Wadenepally,Krishna,2026-03-24 11:00:00+00:00,16.054230546870773,NORMAL,18.45,19.84,23.07,16.7944,80.07247,KRSNWDP_2026-03-24T11:00:00+0000_16.0542
KRSNWDP,Krishna at Wadenepally,Krishna,2026-03-24 12:00:00+00:00,16.018933761073026,NORMAL,18.45,19.84,23.07,16.7944,80.07247,KRSNWDP_2026-03-24T12:00:00+0000_16.0189
KRSNWDP,Krishna at Wadenepally,Krishna,2026-03-24 13:00:00+00:00,16.03314646289524,NORMAL,18.45,19.84,23.07,16.7944,80.07247,KRSNWDP_2026-03-24T13:00:00+0000_16.0331
KRSNWDP,Krishna at Wadenepally,Krishna,2026-03-24 14:00:00+00:00,16.050860866823097,NORMAL,18.45,19.84,23.07,16.7944,80.07247,KRSNWDP_2026-03-24T14:00:00+0000_16.0509
KRSNWDP,Krishna at Wadenepally,Krishna,2026-03-24 15:00:00+00:00,16.132462879124713,NORMAL,18.45,19.84,23.07,16.7944,80.07247,KRSNWDP_2026-03-24T15:00:00+0000_16.1325
KRSNWDP,Krishna at Wadenepally,Krishna,2026-03-24 16:00:00+00:00,16.172494408477554,NORMAL,18.45,19.84,23.07,16.7944,80.07247,KRSNWDP_2026-03-24T16:00:00+0000_16.1725
KRSNWDP,Krishna at Wadenepally,Krishna,2026-03-24 17:00:00+00:00,16.154296967883827,NORMAL,18.45,19.84,23.07,16.7944,80.07247,KRSNWDP_2026-03-24T17:00:00+0000_16.1543
KRSNWDP,Krishna at Wadenepally,Krishna,2026-03-24 18:00:00+00:00,16.19957121319817,NORMAL,18.45,19.84,23.07,16.7944,80.07247,KRSNWDP_2026-03-24T18:00:00+0000_16.1996
KRSNWDP,Krishna at Wadenepally,Krishna,2026-03-24 19:00:00+00:00,16.279835718714974,NORMAL,18.45,19.84,23.07,16.7944,80.07247,KRSNWDP_2026-03-24T19:00:00+0000_16.2798
KRSNWDP,Krishna at Wadenepally,Krishna,2026-03-24 20:00:00+00:00,16.316432052345338,NORMAL,18.45,19.84,23.07,16.7944,80.07247,KRSNWDP_2026-03-24T20:00:00+0000_16.3164
KRSNWDP,Krishna at Wadenepally,Krishna,2026-03-24 21:00:00+00:00,16.32738448881665,NORMAL,18.45,19.84,23.07,16.7944,80.07247,KRSNWDP_2026-03-24T21:00:00+0000_16.3274
KRSNWDP,Krishna at Wadenepally,Krishna,2026-03-24 22:00:00+00:00,16.397937095188652,NORMAL,18.45,19.84,23.07,16.7944,80.07247,KRSNWDP_2026-03-24T22:00:00+0000_16.3979
KRSNWDP,Krishna at Wadenepally,Krishna,2026-03-24 23:00:00+00:00,16.429399020134436,NORMAL,18.45,19.84,23.07,16.7944,80.07247,KRSNWDP_2026-03-24T23:00:00+0000_16.4294
KRSNWDP,Krishna at Wadenepally,Krishna,2026-03-25 00:00:00+00:00,16.41192888806251,NORMAL,18.45,19.84,23.07,16.7944,80.07247,KRSNWDP_2026-03-25T00:00:00+0000_16.4119
KRSNWDP,Krishna at Wadenepally,Krishna,2026-03-25 01:00:00+00:00,16.40759062555186,NORMAL,18.45,19.84,23.07,16.7944,80.07247,KRSNWDP_2026-03-25T01:00:00+0000_16.4076
KRSNWDP,Krishna at Wadenepally,Krishna,2026-03-25 02:00:00+00:00,16.42393814449657,NORMAL,18.45,19.84,23.07,16.7944,80.07247,KRSNWDP_2026-03-25T02:00:00+0000_16.4239
KRSNWDP,Krishna at Wadenepally,Krishna,2026-03-25 03:00:00+00:00,16.33348515380974,NORMAL,18.45,19.84,23.07,16.7944,80.07247,KRSNWDP_2026-03-25T03:00:00+0000_16.3335
KRSNWDP,Krishna at Wadenepally,Krishna,2026-03-25 04:00:00+00:00,16.2859418492437,NORMAL,18.45,19.84,23.07,16.7944,80.07247,KRSNWDP_2026-03-25T04:00:00+0000_16.2859
KRSNWDP,Krishna at Wadenepally,Krishna,2026-03-25 05:00:00+00:00,16.278958291531758,NORMAL,18.45,19.84,23.07,16.7944,80.07247,KRSNWDP_2026-03-25T05:00:00+0000_16.2790
KRSNWDP,Krishna at Wadenepally,Krishna,2026-03-25 06:00:00+00:00,16.196024921288352,NORMAL,18.45,19.84,23.07,16.7944,80.07247,KRSNWDP_2026-03-25T06:00:00+0000_16.1960
KRSNWDP,Krishna at Wadenepally,Krishna,2026-03-25 07:00:00+00:00,16.1914931264452,NORMAL,18.45,19.84,23.07,16.7944,80.07247,KRSNWDP_2026-03-25T07:00:00+0000_16.1915
KRSNWDP,Krishna at Wadenepally,Krishna,2026-03-25 08:00:00+00:00,16.11702268456561,NORMAL,18.45,19.84,23.07,16.7944,80.07247,KRSNWDP_2026-03-25T08:00:00+0000_16.1170
KRSNWDP,Krishna at Wadenepally,Krishna,2026-03-25 09:00:00+00:00,16.02751889310405,NORMAL,18.45,19.84,23.07,16.7944,80.07247,KRSNWDP_2026-03-25T09:00:00+0000_16.0275
KRSNWDP,Krishna at Wadenepally,Krishna,2026-03-25 10:00:00+00:00,16.00194505395125,NORMAL,18.45,19.84,23.07,16.7944,80.07247,KRSNWDP_2026-03-25T10:00:00+0000_16.0019
KRSNWDP,Krishna at Wadenepally,Krishna,2026-03-25 11:00:00+00:00,16.003461350464217,NORMAL,18.45,19.84,23.07,16.7944,80.07247,KRSNWDP_2026-03-25T11:00:00+0000_16.0035
KRSNWDP,Krishna at Wadenepally,Krishna,2026-03-25 12:00:00+00:00,15.997186992887658,NORMAL,18.45,19.84,23.07,16.7944,80.07247,KRSNWDP_2026-03-25T12:00:00+0000_15.9972
KRSNWDP,Krishna at Wadenepally,Krishna,2026-03-25 13:00:00+00:00,16.099706097786395,NORMAL,18.45,19.84,23.07,16.7944,80.07247,KRSNWDP_2026-03-25T13:00:00+0000_16.0997
KRSNWDP,Krishna at Wadenepally,Krishna,2026-03-25 14:00:00+00:00,16.046645519811083,NORMAL,18.45,19.84,23.07,16.7944,80.07247,KRSNWDP_2026-03-25T14:00:00+0000_16.0466
KRSNWDP,Krishna at Wadenepally,Krishna,2026-03-25 15:00:00+00:00,16.114236123913095,NORMAL,18.45,19.84,23.07,16.7944,80.07247,KRSNWDP_2026-03-25T15:00:00+0000_16.1142
KRSNWDP,Krishna at Wadenepally,Krishna,2026-03-25 16:00:00+00:00,16.134958948395855,NORMAL,18.45,19.84,23.07,16.7944,80.07247,KRSNWDP_2026-03-25T16:00:00+0000_16.1350
KRSNWDP,Krishna at Wadenepally,Krishna,2026-03-25 17:00:00+00:00,16.225487534471295,NORMAL,18.45,19.84,23.07,16.7944,80.07247,KRSNWDP_2026-03-25T17:00:00+0000_16.2255
KRSNWDP,Krishna at Wadenepally,Krishna,2026-03-25 18:00:00+00:00,16.266384794671026,NORMAL,18.45,19.84,23.07,16.7944,80.07247,KRSNWDP_2026-03-25T18:00:00+0000_16.2664
KRSNWDP,Krishna at Wadenepally,Krishna,2026-03-25 19:00:00+00:00,16.263189525486695,NORMAL,18.45,19.84,23.07,16.7944,80.07247,KRSNWDP_2026-03-25T19:00:00+0000_16.2632
KRSNWDP,Krishna at Wadenepally,Krishna,2026-03-25 20:00:00+00:00,16.389837061016348,NORMAL,18.45,19.84,23.07,16.7944,80.07247,KRSNWDP_2026-03-25T20:00:00+0000_16.3898
KRSNWDP,Krishna at Wadenepally,Krishna,2026-03-25 21:00:00+00:00,16.339069182501145,NORMAL,18.45,19.84,23.07,16.7944,80.07247,KRSNWDP_2026-03-25T21:00:00+0000_16.3391
KRSNWDP,Krishna at Wadenepally,Krishna,2026-03-25 22:00:00+00:00,16.416317041532555,NORMAL,18.45,19.84,23.07,16.7944,80.07247,KRSNWDP_2026-03-25T22:00:00+0000_16.4163
KRSNWDP,Krishna at Wadenepally,Krishna,2026-03-25 23:00:00+00:00,16.451291786625358,NORMAL,18.45,19.84,23.07,16.7944,80.07247,KRSNWDP_2026-03-25T23:00:00+0000_16.4513
KRSNWDP,Krishna at Wadenepally,Krishna,2026-03-26 00:00:00+00:00,16.452560691846884,NORMAL,18.45,19.84,23.07,16.7944,80.07247,KRSNWDP_2026-03-26T00:00:00+0000_16.4526
KRSNWDP,Krishna at Wadenepally,Krishna,2026-03-26 01:00:00+00:00,16.439365087404997,NORMAL,18.45,19.84,23.07,16.7944,80.07247,KRSNWDP_2026-03-26T01:00:00+0000_16.4394
KRSNWDP,Krishna at Wadenepally,Krishna,2026-03-26 02:00:00+00:00,16.40134622656539,NORMAL,18.45,19.84,23.07,16.7944,80.07247,KRSNWDP_2026-03-26T02:00:00+0000_16.4013
KRSNWDP,Krishna at Wadenepally,Krishna,2026-03-26 03:00:00+00:00,,,18.45,19.84,23.07,16.7944,80.07247,KRSNWDP_2026-03-26T03:00:00+0000_
KRSNWDP,Krishna at Wadenepally,Krishna,2026-03-26 04:00:00+00:00,16.306592664811227,NORMAL,18.45,19.84,23.07,16.7944,80.07247,KRSNWDP_2026-03-26T04:00:00+0000_16.3066
KRSNWDP,Krishna at Wadenepally,Krishna,2026-03-26 05:00:00+00:00,16.260640846396026,NORMAL,18.45,19.84,23.07,16.7944,80.07247,KRSNWDP_2026-03-26T05:00:00+0000_16.2606
KRSNWDP,Krishna at Wadenepally,Krishna,2026-03-26 06:00:00+00:00,16.16595676908186,NORMAL,18.45,19.84,23.07,16.7944,80.07247,KRSNWDP_2026-03-26T06:00:00+0000_16.1660
KRSNWDP,Krishna at Wadenepally,Krishna,2026-03-26 07:00:00+00:00,16.13652639787865,NORMAL,18.45,19.84,23.07,16.7944,80.07247,KRSNWDP_2026-03-26T07:00:00+0000_16.1365
KRSNWDP,Krishna at Wadenepally,Krishna,2026-03-26 08:00:00+00:00,16.152678222747667,NORMAL,18.45,19.84,23.07,16.7944,80.07247,KRSNWDP_2026-03-26T08:00:00+0000_16.1527
KRSNWDP,Krishna at Wadenepally,Krishna,2026-03-26 09:00:00+00:00,16.106064909620855,NORMAL,18.45,19.84,23.07,16.7944,80.07247,KRSNWDP_2026-03-26T09:00:00+0000_16.1061
KRSNWDP,Krishna at Wadenepally,Krishna,2026-03-26 10:00:00+00:00,16.016463506320658,NORMAL,18.45,19.84,23.07,16.7944,80.07247,KRSNWDP_2026-03-26T10:00:00+0000_16.0165
KRSNWDP,Krishna at Wadenepally,Krishna,2026-03-26 11:00:00+00:00,16.047320862977486,NORMAL,18.45,19.84,23.07,16.7944,80.07247,KRSNWDP_2026-03-26T11:00:00+0000_16.0473
KRSNWDP,Krishna at Wadenepally,Krishna,2026-03-26 12:00:00+00:00,16.006986765094613,NORMAL,18.45,19.84,23.07,16.7944,80.07247,KRSNWDP_2026-03-26T12:00:00+0000_16.0070
KRSNWDP,Krishna at Wadenepally,Krishna,2026-03-26 13:00:00+00:00,16.06688267938628,NORMAL,18.45,19.84,23.07,16.7944,80.07247,KRSNWDP_2026-03-26T13:00:00+0000_16.0669
KRSNWDP,Krishna at Wadenepally,Krishna,2026-03-26 14:00:00+00:00,16.04388081899473,NORMAL,18.45,19.84,23.07,16.7944,80.07247,KRSNWDP_2026-03-26T14:00:00+0000_16.0439
KRSNWDP,Krishna at Wadenepally,Krishna,2026-03-26 15:00:00+00:00,19.281586941663587,WARNING,18.45,19.84,23.07,16.7944,80.07247,KRSNWDP_2026-03-26T15:00:00+0000_19.2816
KRSNWDP,Krishna at Wadenepally,Krishna,2026-03-26 16:00:00+00:00,19.01873804051708,WARNING,18.45,19.84,23.07,16.7944,80.07247,KRSNWDP_2026-03-26T16:00:00+0000_19.0187
KRSNWDP,Krishna at Wadenepally,Krishna,2026-03-26 17:00:00+00:00,18.72223113891604,WARNING,18.45,19.84,23.07,16.7944,80.07247,KRSNWDP_2026-03-26T17:00:00+0000_18.7222
KRSNWDP,Krishna at Wadenepally,Krishna,2026-03-26 18:00:00+00:00,18.585084084127384,WARNING,18.45,19.84,23.07,16.7944,80.07247,KRSNWDP_2026-03-26T18:00:00+0000_18.5851
KRSNWDP,Krishna at Wadenepally,Krishna,2026-03-26 19:00:00+00:00,18.380204081392403,NORMAL,18.45,19.84,23.07,16.7944,80.07247,KRSNWDP_2026-03-26T19:00:00+0000_18.3802
KRSNWDP,Krishna at Wadenepally,Krishna,2026-03-26 20:00:00+00:00,18.220133160427416,NORMAL,18.45,19.84,23.07,16.7944,80.07247,KRSNWDP_2026-03-26T20:00:00+0000_18.2201
KRSNWDP,Krishna at Wadenepally,Krishna,2026-03-26 21:00:00+00:00,16.41417551151451,NORMAL,18.45,19.84,23.07,16.7944,80.07247,KRSNWDP_2026-03-26T21:00:00+0000_16.4142
KRSNWDP,Krishna at Wadenepally,Krishna,2026-03-26 22:00:00+00:00,16.45130925015819,NORMAL,18.45,19.84,23.07,16.7944,80.07247,KRSNWDP_2026-03-26T22:00:00+0000_16.4513
KRSNWDP,Krishna at Wadenepally,Krishna,2026-03-26 23:00:00+00:00,16.408882258661134,NORMAL,18.45,19.84,23.07,16.7944,80.07247,KRSNWDP_2026-03-26T23:00:00+0000_16.4089
KRSNWDP,Krishna at Wadenepally,Krishna,2026-03-27 00:00:00+00:00,16.460163103080696,NORMAL,18.45,19.84,23.07,16.7944,80.07247,KRSNWDP_2026-03-27T00:00:00+0000_16.4602
KRSNWDP,Krishna at Wadenepally,Krishna,2026-03-27 01:00:00+00:00,16.375750317254926,NORMAL,18.45,19.84,23.07,16.7944,80.07247,KRSNWDP_2026-03-27T01:00:00+0000_16.3758
KRSNWDP,Krishna at Wadenepally,Krishna,2026-03-27 02:00:00+00:00,16.367179372994812,NORMAL,18.45,19.84,23.07,16.7944,80.07247,KRSNWDP_2026-03-27T02:00:00+0000_16.3672
KRSNWDP,Krishna at Wadenepally,Krishna,2026-03-27 03:00:00+00:00,16.315135490708652,NORMAL,18.45,19.84,23.07,16.7944,80.07247,KRSNWDP_2026-03-27T03:00:00+0000_16.3151
KRSNWDP,Krishna at Wadenepally,Krishna,2026-03-27 04:00:00+00:00,16.31233478747451,NORMAL,18.45,19.84,23.07,16.7944,80.07247,KRSNWDP_2026-03-27T04:00:00+0000_16.3123
KRSNWDP,Krishna at Wadenepally,Krishna,2026-03-27 05:00:00+00:00,16.29880692184893,NORMAL,18.45,19.84,23.07,16.7944,80.07247,KRSNWDP_2026-03-27T05:00:00+0000_16.2988
KRSNWDP,Krishna at Wadenepally,Krishna,2026-03-27 06:00:00+00:00,16.166860538818216,NORMAL,18.45,19.84,23.07,16.7944,80.07247,KRSNWDP_2026-03-27T06:00:00+0000_16.1669
KRSNWDP,Krishna at Wadenepally,Krishna,2026-03-27 07:00:00+00:00,16.128694507238464,NORMAL,18.45,19.84,23.07,16.7944,80.07247,KRSNWDP_2026-03-27T07:00:00+0000_16.1287
KRSNWDP,Krishna at Wadenepally,Krishna,2026-03-27 08:00:00+00:00,16.09033744135372,NORMAL,18.45,19.84,23.07,16.7944,80.07247,KRSNWDP_2026-03-27T08:00:00+0000_16.0903
KRSNWDP,Krishna at Wadenepally,Krishna,2026-03-27 09:00:00+00:00,16.100828505336164,NORMAL,18.45,19.84,23.07,16.7944,80.07247,KRSNWDP_2026-03-27T09:00:00+0000_16.1008
KRSNWDP,Krishna at Wadenepally,Krishna,2026-03-27 10:00:00+00:00,16.099796520255914,NORMAL,18.45,19.84,23.07,16.7944,80.07247,KRSNWDP_2026-03-27T10:00:00+0000_16.0998
KRSNWDP,Krishna at Wadenepally,Krishna,2026-03-27 11:00:00+00:00,16.073738763902558,NORMAL,18.45,19.84,23.07,16.7944,80.07247,KRSNWDP_2026-03-27T11:00:00+0000_16.0737
KRSNWDP,Krishna at Wadenepally,Krishna,2026-03-27 12:00:00+00:00,16.039859644491262,NORMAL,18.45,19.84,23.07,16.7944,80.07247,KRSNWDP_2026-03-27T12:00:00+0000_16.0399
KRSNWDP,Krishna at Wadenepally,Krishna,2026-03-27 13:00:00+00:00,16.038847113390617,NORMAL,18.45,19.84,23.07,16.7944,80.07247,KRSNWDP_2026-03-27T13:00:00+0000_16.0388
KRSNWDP,Krishna at Wadenepally,Krishna,2026-03-27 14:00:00+00:00,16.113194138199752,NORMAL,18.45,19.84,23.07,16.7944,80.07247,KRSNWDP_2026-03-27T14:00:00+0000_16.1132
KRSNWDP,Krishna at Wadenepally,Krishna,2026-03-27 15:00:00+00:00,16.09199158974921,NORMAL,18.45,19.84,23.07,16.7944,80.07247,KRSNWDP_2026-03-27T15:00:00+0000_16.0920
KRSNWDP,Krishna at Wadenepally,Krishna,2026-03-27 16:00:00+00:00,16.193770621315032,NORMAL,18.45,19.84,23.07,16.7944,80.07247,KRSNWDP_2026-03-27T16:00:00+0000_16.1938
KRSNWDP,Krishna at Wadenepally,Krishna,2026-03-27 17:00:00+00:00,16.19225410627691,NORMAL,18.45,19.84,23.07,16.7944,80.07247,KRSNWDP_2026-03-27T17:00:00+0000_16.1923
KRSNWDP,Krishna at Wadenepally,Krishna,2026-03-27 18:00:00+00:00,16.277453948799614,NORMAL,18.45,19.84,23.07,16.7944,80.07247,KRSNWDP_2026-03-27T18:00:00+0000_16.2775
KRSNWDP,Krishna at Wadenepally,Krishna,2026-03-27 19:00:00+00:00,16.31686101569552,NORMAL,18.45,19.84,23.07,16.7944,80.07247,KRSNWDP_2026-03-27T19:00:00+0000_16.3169
KRSNWDP,Krishna at Wadenepally,Krishna,2026-03-27 20:00:00+00:00,16.378741727371196,NORMAL,18.45,19.84,23.07,16.7944,80.07247,KRSNWDP_2026-03-27T20:00:00+0000_16.3787
KRSNWDP,Krishna at Wadenepally,Krishna,2026-03-27 21:00:00+00:00,16.380974915831004,NORMAL,18.45,19.84,23.07,16.7944,80.07247,KRSNWDP_2026-03-27T21:00:00+0000_16.3810
KRSNWDP,Krishna at Wadenepally,Krishna,2026-03-27 22:00:00+00:00,16.39828511918684,NORMAL,18.45,19.84,23.07,16.7944,80.07247,KRSNWDP_2026-03-27T22:00:00+0000_16.3983
KRSNWDP,Krishna at Wadenepally,Krishna,2026-03-27 23:00:00+00:00,16.430390828475794,NORMAL,18.45,19.84,23.07,16.7944,80.07247,KRSNWDP_2026-03-27T23:00:00+0000_16.4304
KRSNWDP,Krishna at Wadenepally,Krishna,2026-03-28 00:00:00+00:00,16.475697079174648,NORMAL,18.45,19.84,23.07,16.7944,80.07247,KRSNWDP_2026-03-28T00:00:00+0000_16.4757
KRSNWDP,Krishna at Wadenepally,Krishna,2026-03-28 01:00:00+00:00,16.445935759561095,NORMAL,18.45,19.84,23.07,16.7944,80.07247,KRSNWDP_2026-03-28T01:00:00+0000_16.4459
KRSNWDP,Krishna at Wadenepally,Krishna,2026-03-28 02:00:00+00:00,16.39495877806105,NORMAL,18.45,19.84,23.07,16.7944,80.07247,KRSNWDP_2026-03-28T02:00:00+0000_16.3950
KRSNWDP,Krishna at Wadenepally,Krishna,2026-03-28 03:00:00+00:00,16.35901651056664,NORMAL,18.45,19.84,23.07,16.7944,80.07247,KRSNWDP_2026-03-28T03:00:00+0000_16.3590
KRSNWDP,Krishna at Wadenepally,Krishna,2026-03-28 04:00:00+00:00,16.278141265898707,NORMAL,18.45,19.84,23.07,16.7944,80.07247,KRSNWDP_2026-03-28T04:00:00+0000_16.2781
KRSNWDP,Krishna at Wadenepally,Krishna,2026-03-28 05:00:00+00:00,16.219922976697294,NORMAL,18.45,19.84,23.07,16.7944,80.07247,KRSNWDP_2026-03-28T05:00:00+0000_16.2199
KRSNWDP,Krishna at Wadenepally,Krishna,2026-03-28 06:00:00+00:00,16.247449718234705,NORMAL,18.45,19.84,23.07,16.7944,80.07247,KRSNWDP_2026-03-28T06:00:00+0000_16.2474
KRSNWDP,Krishna at Wadenepally,Krishna,2026-03-28 07:00:00+00:00,16.21426533061966,NORMAL,18.45,19.84,23.07,16.7944,80.07247,KRSNWDP_2026-03-28T07:00:00+0000_16.2143
KRSNWDP,Krishna at Wadenepally,Krishna,2026-03-28 08:00:00+00:00,16.172573754223666,NORMAL,18.45,19.84,23.07,16.7944,80.07247,KRSNWDP_2026-03-28T08:00:00+0000_16.1726
KRSNWDP,Krishna at Wadenepally,Krishna,2026-03-28 09:00:00+00:00,16.066257607528108,NORMAL,18.45,19.84,23.07,16.7944,80.07247,KRSNWDP_2026-03-28T09:00:00+0000_16.0663
KRSNWDP,Krishna at Wadenepally,Krishna,2026-03-28 10:00:00+00:00,16.053316469745404,NORMAL,18.45,19.84,23.07,16.7944,80.07247,KRSNWDP_2026-03-28T10:00:00+0000_16.0533
KRSNWDP,Krishna at Wadenepally,Krishna,2026-03-28 11:00:00+00:00,16.038679119632928,NORMAL,18.45,19.84,23.07,16.7944,80.07247,KRSNWDP_2026-03-28T11:00:00+0000_16.0387
KRSNWDP,Krishna at Wadenepally,Krishna,2026-03-28 12:00:00+00:00,16.03213934949956,NORMAL,18.45,19.84,23.07,16.7944,80.07247,KRSNWDP_2026-03-28T12:00:00+0000_16.0321
KRSNWDP,Krishna at Wadenepally,Krishna,2026-03-28 13:00:00+00:00,16.035089424505976,NORMAL,18.45,19.84,23.07,16.7944,80.07247,KRSNWDP_2026-03-28T13:00:00+0000_16.0351
KRSNWDP,Krishna at Wadenepally,Krishna,2026-03-28 14:00:00+00:00,16.106712782478038,NORMAL,18.45,19.84,23.07,16.7944,80.07247,KRSNWDP_2026-03-28T14:00:00+0000_16.1067
KRSNWDP,Krishna at Wadenepally,Krishna,2026-03-28 15:00:00+00:00,16.176818774148384,NORMAL,18.45,19.84,23.07,16.7944,80.07247,KRSNWDP_2026-03-28T15:00:00+0000_16.1768
KRSNWDP,Krishna at Wadenepally,Krishna,2026-03-28 16:00:00+00:00,16.199365698940614,NORMAL,18.45,19.84,23.07,16.7944,80.07247,KRSNWDP_2026-03-28T16:00:00+0000_16.1994
KRSNWDP,Krishna at Wadenepally,Krishna,2026-03-28 17:00:00+00:00,16.221781859037563,NORMAL,18.45,19.84,23.07,16.7944,80.07247,KRSNWDP_2026-03-28T17:00:00+0000_16.2218
KRSNWDP,Krishna at Wadenepally,Krishna,2026-03-28 18:00:00+00:00,16.27442906539871,NORMAL,18.45,19.84,23.07,16.7944,80.07247,KRSNWDP_2026-03-28T18:00:00+0000_16.2744
KRSNWDP,Krishna at Wadenepally,Krishna,2026-03-28 19:00:00+00:00,16.30152384321964,NORMAL,18.45,19.84,23.07,16.7944,80.07247,KRSNWDP_2026-03-28T19:00:00+0000_16.3015
KRSNWDP,Krishna at Wadenepally,Krishna,2026-03-28 20:00:00+00:00,16.40026823549329,NORMAL,18.45,19.84,23.07,16.7944,80.07247,KRSNWDP_2026-03-28T20:00:00+0000_16.4003
KRSNWDP,Krishna at Wadenepally,Krishna,2026-03-28 21:00:00+00:00,16.443083928759197,NORMAL,18.45,19.84,23.07,16.7944,80.07247,KRSNWDP_2026-03-28T21:00:00+0000_16.4431
KRSNWDP,Krishna at Wadenepally,Krishna,2026-03-28 22:00:00+00:00,16.436526566691917,NORMAL,18.45,19.84,23.07,16.7944,80.07247,KRSNWDP_2026-03-28T22:00:00+0000_16.4365
KRSNWDP,Krishna at Wadenepally,Krishna,2026-03-28 23:00:00+00:00,16.41744773514694,NORMAL,18.45,19.84,23.07,16.7944,80.07247,KRSNWDP_2026-03-28T23:00:00+0000_16.4174
KRSNWDP,Krishna at Wadenepally,Krishna,2026-03-29 00:00:00+00:00,16.465746959700642,NORMAL,18.45,19.84,23.07,16.7944,80.07247,KRSNWDP_2026-03-29T00:00:00+0000_16.4657
KRSNWDP,Krishna at Wadenepally,Krishna,2026-03-29 01:00:00+00:00,16.4695637349095,NORMAL,18.45,19.84,23.07,16.7944,80.07247,KRSNWDP_2026-03-29T01:00:00+0000_16.4696
KRSNWDP,Krishna at Wadenepally,Krishna,2026-03-29 02:00:00+00:00,16.41673332016282,NORMAL,18.45,19.84,23.07,16.7944,80.07247,KRSNWDP_2026-03-29T02:00:00+0000_16.4167
KRSNWDP,Krishna at Wadenepally,Krishna,2026-03-29 03:00:00+00:00,16.417736620587224,NORMAL,18.45,19.84,23.07,16.7944,80.07247,KRSNWDP_2026-03-29T03:00:00+0000_16.4177
KRSNWDP,Krishna at Wadenepally,Krishna,2026-03-29 04:00:00+00:00,16.292937887098258,NORMAL,18.45,19.84,23.07,16.7944,80.07247,KRSNWDP_2026-03-29T04:00:00+0000_16.2929
KRSNWDP,Krishna at Wadenepally,Krishna,2026-03-29 05:00:00+00:00,16.290930673171125,NORMAL,18.45,19.84,23.07,16.7944,80.07247,KRSNWDP_2026-03-29T05:00:00+0000_16.2909
KRSNWDP,Krishna at Wadenepally,Krishna,2026-03-29 06:00:00+00:00,16.220702098230554,NORMAL,18.45,19.84,23.07,16.7944,80.07247,KRSNWDP_2026-03-29T06:00:00+0000_16.2207
KRSNWDP,Krishna at Wadenepally,Krishna,2026-03-29 07:00:00+00:00,16.153256852428083,NORMAL,18.45,19.84,23.07,16.7944,80.07247,KRSNWDP_2026-03-29T07:00:00+0000_16.1533
KRSNWDP,Krishna at Wadenepally,Krishna,2026-03-29 08:00:00+00:00,16.16499908550814,NORMAL,18.45,19.84,23.07,16.7944,80.07247,KRSNWDP_2026-03-29T08:00:00+0000_16.1650
KRSNWDP,Krishna at Wadenepally,Krishna,2026-03-29 09:00:00+00:00,,,18.45,19.84,23.07,16.7944,80.07247,KRSNWDP_2026-03-29T09:00:00+0000_
KRSNWDP,Krishna at Wadenepally,Krishna,2026-03-29 10:00:00+00:00,16.04392178511215,NORMAL,18.45,19.84,23.07,16.7944,80.07247,KRSNWDP_2026-03-29T10:00:00+0000_16.0439
KRSNWDP,Krishna at Wadenepally,Krishna,2026-03-29 11:00:00+00:00,16.063378452351326,NORMAL,18.45,19.84,23.07,16.7944,80.07247,KRSNWDP_2026-03-29T11:00:00+0000_16.0634
KRSNWDP,Krishna at Wadenepally,Krishna,2026-03-29 12:00:00+00:00,16.032167644938053,NORMAL,18.45,19.84,23.07,16.7944,80.07247,KRSNWDP_2026-03-29T12:00:00+0000_16.0322
KRSNWDP,Krishna at Wadenepally,Krishna,2026-03-29 13:00:00+00:00,16.06393902925912,NORMAL,18.45,19.84,23.07,16.7944,80.07247,KRSNWDP_2026-03-29T13:00:00+0000_16.0639
KRSNWDP,Krishna at Wadenepally,Krishna,2026-03-29 14:00:00+00:00,16.114860515314,NORMAL,18.45,19.84,23.07,16.7944,80.07247,KRSNWDP_2026-03-29T14:00:00+0000_16.1149
KRSNWDP,Krishna at Wadenepally,Krishna,2026-03-29 15:00:00+00:00,16.138161928257002,NORMAL,18.45,19.84,23.07,16.7944,80.07247,KRSNWDP_2026-03-29T15:00:00+0000_16.1382
KRSNWDP,Krishna at Wadenepally,Krishna,2026-03-29 16:00:00+00:00,16.21473114448436,NORMAL,18.45,19.84,23.07,16.7944,80.07247,KRSNWDP_2026-03-29T16:00:00+0000_16.2147
KRSNWDP,Krishna at Wadenepally,Krishna,2026-03-29 17:00:00+00:00,16.224491089821377,NORMAL,18.45,19.84,23.07,16.7944,80.07247,KRSNWDP_2026-03-29T17:00:00+0000_16.2245
KRSNWDP,Krishna at Wadenepally,Krishna,2026-03-29 18:00:00+00:00,16.26353416634205,NORMAL,18.45,19.84,23.07,16.7944,80.07247,KRSNWDP_2026-03-29T18:00:00+0000_16.2635
KRSNWDP,Krishna at Wadenepally,Krishna,2026-03-29 19:00:00+00:00,16.29799667480484,NORMAL,18.45,19.84,23.07,16.7944,80.07247,KRSNWDP_2026-03-29T19:00:00+0000_16.2980
KRSNWDP,Krishna at Wadenepally,Krishna,2026-03-29 20:00:00+00:00,16.340682823772145,NORMAL,18.45,19.84,23.07,16.7944,80.07247,KRSNWDP_2026-03-29T20:00:00+0000_16.3407
KRSNWDP,Krishna at Wadenepally,Krishna,2026-03-29 21:00:00+00:00,16.391416550172405,NORMAL,18.45,19.84,23.07,16.7944,80.07247,KRSNWDP_2026-03-29T21:00:00+0000_16.3914
KRSNWDP,Krishna at Wadenepally,Krishna,2026-03-29 22:00:00+00:00,16.47342013969042,NORMAL,18.45,19.84,23.07,16.7944,80.07247,KRSNWDP_2026-03-29T22:00:00+0000_16.4734
KRSNWDP,Krishna at Wadenepally,Krishna,2026-03-29 23:00:00+00:00,16.463705460436344,NORMAL,18.45,19.84,23.07,16.7944,80.07247,KRSNWDP_2026-03-29T23:00:00+0000_16.4637
KRSNWDP,Krishna at Wadenepally,Krishna,2026-03-30 00:00:00+00:00,16.405109845388278,NORMAL,18.45,19.84,23.07,16.7944,80.07247,KRSNWDP_2026-03-30T00:00:00+0000_16.4051
KRSNWDP,Krishna at Wadenepally,Krishna,2026-03-30 01:00:00+00:00,16.437177212661343,NORMAL,18.45,19.84,23.07,16.7944,80.07247,KRSNWDP_2026-03-30T01:00:00+0000_16.4372
KRSNWDP,Krishna at Wadenepally,Krishna,2026-03-30 02:00:00+00:00,16.417707948771803,NORMAL,18.45,19.84,23.07,16.7944,80.07247,KRSNWDP_2026-03-30T02:00:00+0000_16.4177
KRSNWDP,Krishna at Wadenepally,Krishna,2026-03-30 03:00:00+00:00,16.347278142485035,NORMAL,18.45,19.84,23.07,16.7944,80.07247,KRSNWDP_2026-03-30T03:00:00+0000_16.3473
KRSNWDP,Krishna at Wadenepally,Krishna,2026-03-30 04:00:00+00:00,16.321430522280966,NORMAL,18.45,19.84,23.07,16.7944,80.07247,KRSNWDP_2026-03-30T04:00:00+0000_16.3214
KRSNWDP,Krishna at Wadenepally,Krishna,2026-03-30 05:00:00+00:00,16.3290495930152,NORMAL,18.45,19.84,23.07,16.7944,80.07247,KRSNWDP_2026-03-30T05:00:00+0000_16.3290
KRSNWDP,Krishna at Wadenepally,Krishna,2026-03-30 06:00:00+00:00,16.222348084129973,NORMAL,18.45,19.84,23.07,16.7944,80.07247,KRSNWDP_2026-03-30T06:00:00+0000_16.2223
KRSNWDP,Krishna at Wadenepally,Krishna,2026-03-30 07:00:00+00:00,16.18159198208582,NORMAL,18.45,19.84,23.07,16.7944,80.07247,KRSNWDP_2026-03-30T07:00:00+0000_16.1816
KRSNWDP,Krishna at Wadenepally,Krishna,2026-03-30 08:00:00+00:00,16.134159982923414,NORMAL,18.45,19.84,23.07,16.7944,80.07247,KRSNWDP_2026-03-30T08:00:00+0000_16.1342
KRSNWDP,Krishna at Wadenepally,Krishna,2026-03-30 09:00:00+00:00,16.070233092989344,NORMAL,18.45,19.84,23.07,16.7944,80.07247,KRSNWDP_2026-03-30T09:00:00+0000_16.0702
KRSNWDP,Krishna at Wadenepally,Krishna,2026-03-30 10:00:00+00:00,16.04504432000716,NORMAL,18.45,19.84,23.07,16.7944,80.07247,KRSNWDP_2026-03-30T10:00:00+0000_16.0450
KRSNWDP,Krishna at Wadenepally,Krishna,2026-03-30 11:00:00+00:00,16.06294803890706,NORMAL,18.45,19.84,23.07,16.7944,80.07247,KRSNWDP_2026-03-30T11:00:00+0000_16.0629
KRSNWDP,Krishna at Wadenepally,Krishna,2026-03-30 12:00:00+00:00,16.09999865834271,NORMAL,18.45,19.84,23.07,16.7944,80.07247,KRSNWDP_2026-03-30T12:00:00+0000_16.1000
KRSNWDP,Krishna at Wadenepally,Krishna,2026-03-30 13:00:00+00:00,16.12000645707133,NORMAL,18.45,19.84,23.07,16.7944,80.07247,KRSNWDP_2026-03-30T13:00:00+0000_16.1200
KRSNWDP,Krishna at Wadenepally,Krishna,2026-03-30 14:00:00+00:00,16.120073202710273,NORMAL,18.45,19.84,23.07,16.7944,80.07247,KRSNWDP_2026-03-30T14:00:00+0000_16.1201
KRSNWDP,Krishna at Wadenepally,Krishna,2026-03-30 15:00:00+00:00,16.171832798628685,NORMAL,18.45,19.84,23.07,16.7944,80.07247,KRSNWDP_2026-03-30T15:00:00+0000_16.1718
KRSNWDP,Krishna at Wadenepally,Krishna,2026-03-30 16:00:00+00:00,16.228972242143403,NORMAL,18.45,19.84,23.07,16.7944,80.07247,KRSNWDP_2026-03-30T16:00:00+0000_16.2290
KRSNWDP,Krishna at Wadenepally,Krishna,2026-03-30 17:00:00+00:00,16.247210881173523,NORMAL,18.45,19.84,23.07,16.7944,80.07247,KRSNWDP_2026-03-30T17:00:00+0000_16.2472
KRSNWDP,Krishna at Wadenepally,Krishna,2026-03-30 18:00:00+00:00,16.249552732789905,NORMAL,18.45,19.84,23.07,16.7944,80.07247,KRSNWDP_2026-03-30T18:00:00+0000_16.2496
KRSNWDP,Krishna at Wadenepally,Krishna,2026-03-30 19:00:00+00:00,16.302260737118257,NORMAL,18.45,19.84,23.07,16.7944,80.07247,KRSNWDP_2026-03-30T19:00:00+0000_16.3023
KRSNWDP,Krishna at Wadenepally,Krishna,2026-03-30 20:00:00+00:00,16.395636626252873,NORMAL,18.45,19.84,23.07,16.7944,80.07247,KRSNWDP_2026-03-30T20:00:00+0000_16.3956
KRSNWDP,Krishna at Wadenepally,Krishna,2026-03-30 21:00:00+00:00,16.423154797607065,NORMAL,18.45,19.84,23.07,16.7944,80.07247,KRSNWDP_2026-03-30T21:00:00+0000_16.4232
KRSNWDP,Krishna at Wadenepally,Krishna,2026-03-30 22:00:00+00:00,16.451501977043215,NORMAL,18.45,19.84,23.07,16.7944,80.07247,KRSNWDP_2026-03-30T22:00:00+0000_16.4515
KRSNWDP,Krishna at Wadenepally,Krishna,2026-03-30 23:00:00+00:00,16.420359604005874,NORMAL,18.45,19.84,23.07,16.7944,80.07247,KRSNWDP_2026-03-30T23:00:00+0000_16.4204
KRSNWDP,Krishna at Wadenepally,Krishna,2026-03-31 00:00:00+00:00,,,18.45,19.84,23.07,16.7944,80.07247,KRSNWDP_2026-03-31T00:00:00+0000_
KRSNWDP,Krishna at Wadenepally,Krishna,2026-03-31 01:00:00+00:00,16.4035664259266,NORMAL,18.45,19.84,23.07,16.7944,80.07247,KRSNWDP_2026-03-31T01:00:00+0000_16.4036
KRSNWDP,Krishna at Wadenepally,Krishna,2026-03-31 02:00:00+00:00,16.39114573217171,NORMAL,18.45,19.84,23.07,16.7944,80.07247,KRSNWDP_2026-03-31T02:00:00+0000_16.3911
KRSNWDP,Krishna at Wadenepally,Krishna,2026-03-31 03:00:00+00:00,16.36280094688598,NORMAL,18.45,19.84,23.07,16.7944,80.07247,KRSNWDP_2026-03-31T03:00:00+0000_16.3628
KRSNWDP,Krishna at Wadenepally,Krishna,2026-03-31 04:00:00+00:00,16.362561810891098,NORMAL,18.45,19.84,23.07,16.7944,80.07247,KRSNWDP_2026-03-31T04:00:00+0000_16.3626
KRSNWDP,Krishna at Wadenepally,Krishna,2026-03-31 05:00:00+00:00,16.262443248659768,NORMAL,18.45,19.84,23.07,16.7944,80.07247,KRSNWDP_2026-03-31T05:00:00+0000_16.2624
KRSNWDP,Krishna at Wadenepally,Krishna,2026-03-31 06:00:00+00:00,16.28741937071227,NORMAL,18.45,19.84,23.07,16.7944,80.07247,KRSNWDP_2026-03-31T06:00:00+0000_16.2874
KRSNWDP,Krishna at Wadenepally,Krishna,2026-03-31 07:00:00+00:00,16.16225677763213,NORMAL,18.45,19.84,23.07,16.7944,80.07247,KRSNWDP_2026-03-31T07:00:00+0000_16.1623
KRSNWDP,Krishna at Wadenepally,Krishna,2026-03-31 08:00:00+00:00,,,18.45,19.84,23.07,16.7944,80.07247,KRSNWDP_2026-03-31T08:00:00+0000_
KRSNWDP,Krishna at Wadenepally,Krishna,2026-03-31 09:00:00+00:00,16.119018185775534,NORMAL,18.45,19.84,23.07,16.7944,80.07247,KRSNWDP_2026-03-31T09:00:00+0000_16.1190
KRSNWDP,Krishna at Wadenepally,Krishna,2026-03-31 10:00:00+00:00,16.074396143597692,NORMAL,18.45,19.84,23.07,16.7944,80.07247,KRSNWDP_2026-03-31T10:00:00+0000_16.0744
KRSNWDP,Krishna at Wadenepally,Krishna,2026-03-31 11:00:00+00:00,16.05141314603517,NORMAL,18.45,19.84,23.07,16.7944,80.07247,KRSNWDP_2026-03-31T11:00:00+0000_16.0514
KRSNWDP,Krishna at Wadenepally,Krishna,2026-03-31 12:00:00+00:00,16.102495068800287,NORMAL,18.45,19.84,23.07,16.7944,80.07247,KRSNWDP_2026-03-31T12:00:00+0000_16.1025
KRSNWDP,Krishna at Wadenepally,Krishna,2026-03-31 13:00:00+00:00,16.082897293975936,NORMAL,18.45,19.84,23.07,16.7944,80.07247,KRSNWDP_2026-03-31T13:00:00+0000_16.0829
KRSNWDP,Krishna at Wadenepally,Krishna,2026-03-31 14:00:00+00:00,16.171921382477525,NORMAL,18.45,19.84,23.07,16.7944,80.07247,KRSNWDP_2026-03-31T14:00:00+0000_16.1719
KRSNWDP,Krishna at Wadenepally,Krishna,2026-03-31 15:00:00+00:00,16.115755239315188,NORMAL,18.45,19.84,23.07,16.7944,80.07247,KRSNWDP_2026-03-31T15:00:00+0000_16.1158
KRSNWDP,Krishna at Wadenepally,Krishna,2026-03-31 16:00:00+00:00,16.223619094373596,NORMAL,18.45,19.84,23.07,16.7944,80.07247,KRSNWDP_2026-03-31T16:00:00+0000_16.2236
KRSNWDP,Krishna at Wadenepally,Krishna,2026-03-31 17:00:00+00:00,16.29935069665905,NORMAL,18.45,19.84,23.07,16.7944,80.07247,KRSNWDP_2026-03-31T17:00:00+0000_16.2994
KRSNWDP,Krishna at Wadenepally,Krishna,2026-03-31 18:00:00+00:00,16.323224415204834,NORMAL,18.45,19.84,23.07,16.7944,80.07247,KRSNWDP_2026-03-31T18:00:00+0000_16.3232
KRSNWDP,Krishna at Wadenepally,Krishna,2026-03-31 19:00:00+00:00,16.391620135439723,NORMAL,18.45,19.84,23.07,16.7944,80.07247,KRSNWDP_2026-03-31T19:00:00+0000_16.3916
KRSNWDP,Krishna at Wadenepally,Krishna,2026-03-31 20:00:00+00:00,17.63354940478201,NORMAL,18.45,19.84,23.07,16.7944,80.07247,KRSNWDP_2026-03-31T20:00:00+0000_17.6335
KRSNWDP,Krishna at Wadenepally,Krishna,2026-03-31 21:00:00+00:00,17.562741184394945,NORMAL,18.45,19.84,23.07,16.7944,80.07247,KRSNWDP_2026-03-31T21:00:00+0000_17.5627
KRSNWDP,Krishna at Wadenepally,Krishna,2026-03-31 22:00:00+00:00,17.41106345433503,NORMAL,18.45,19.84,23.07,16.7944,80.07247,KRSNWDP_2026-03-31T22:00:00+0000_17.4111
KRSNWDP,Krishna at Wadenepally,Krishna,2026-03-31 23:00:00+00:00,17.38632429548998,NORMAL,18.45,19.84,23.07,16.7944,80.07247,KRSNWDP_2026-03-31T23:00:00+0000_17.3863
KRSNWDP,Krishna at Wadenepally,Krishna,2026-04-01 00:00:00+00:00,16.449407239483005,NORMAL,18.45,19.84,23.07,16.7944,80.07247,KRSNWDP_2026-04-01T00:00:00+0000_16.4494
KRSNWDP,Krishna at Wadenepally,Krishna,2026-04-01 01:00:00+00:00,16.485776491283577,NORMAL,18.45,19.84,23.07,16.7944,80.07247,KRSNWDP_2026-04-01T01:00:00+0000_16.4858
KRSNWDP,Krishna at Wadenepally,Krishna,2026-04-01 02:00:00+00:00,16.382716508452717,NORMAL,18.45,19.84,23.07,16.7944,80.07247,KRSNWDP_2026-04-01T02:00:00+0000_16.3827
KRSNWDP,Krishna at Wadenepally,Krishna,2026-04-01 03:00:00+00:00,16.34854706354399,NORMAL,18.45,19.84,23.07,16.7944,80.07247,KRSNWDP_2026-04-01T03:00:00+0000_16.3485
KRSNWDP,Krishna at Wadenepally,Krishna,2026-04-01 04:00:00+00:00,16.332044789987318,NORMAL,18.45,19.84,23.07,16.7944,80.07247,KRSNWDP_2026-04-01T04:00:00+0000_16.3320
KRSNWDP,Krishna at Wadenepally,Krishna,2026-04-01 05:00:00+00:00,16.334963147098808,NORMAL,18.45,19.84,23.07,16.7944,80.07247,KRSNWDP_2026-04-01T05:00:00+0000_16.3350
KRSNWDP,Krishna at Wadenepally,Krishna,2026-04-01 06:00:00+00:00,16.28517732948425,NORMAL,18.45,19.84,23.07,16.7944,80.07247,KRSNWDP_2026-04-01T06:00:00+0000_16.2852
KRSNWDP,Krishna at Wadenepally,Krishna,2026-04-01 07:00:00+00:00,16.231749090404712,NORMAL,18.45,19.84,23.07,16.7944,80.07247,KRSNWDP_2026-04-01T07:00:00+0000_16.2317
KRSNWDP,Krishna at Wadenepally,Krishna,2026-04-01 08:00:00+00:00,16.12969408571229,NORMAL,18.45,19.84,23.07,16.7944,80.07247,KRSNWDP_2026-04-01T08:00:00+0000_16.1297
KRSNWDP,Krishna at Wadenepally,Krishna,2026-04-01 09:00:00+00:00,16.162768298256776,NORMAL,18.45,19.84,23.07,16.7944,80.07247,KRSNWDP_2026-04-01T09:00:00+0000_16.1628
KRSNWDP,Krishna at Wadenepally,Krishna,2026-04-01 10:00:00+00:00,16.086385033565207,NORMAL,18.45,19.84,23.07,16.7944,80.07247,KRSNWDP_2026-04-01T10:00:00+0000_16.0864
KRSNWDP,Krishna at Wadenepally,Krishna,2026-04-01 11:00:00+00:00,16.116949649341947,NORMAL,18.45,19.84,23.07,16.7944,80.07247,KRSNWDP_2026-04-01T11:00:00+0000_16.1169
KRSNWDP,Krishna at Wadenepally,Krishna,2026-04-01 12:00:00+00:00,16.101677247219705,NORMAL,18.45,19.84,23.07,16.7944,80.07247,KRSNWDP_2026-04-01T12:00:00+0000_16.1017
KRSNWDP,Krishna at Wadenepally,Krishna,2026-04-01 13:00:00+00:00,16.136993879516577,NORMAL,18.45,19.84,23.07,16.7944,80.07247,KRSNWDP_2026-04-01T13:00:00+0000_16.1370
KRSNWDP,Krishna at Wadenepally,Krishna,2026-04-01 14:00:00+00:00,16.08720949635535,NORMAL,18.45,19.84,23.07,16.7944,80.07247,KRSNWDP_2026-04-01T14:00:00+0000_16.0872
KRSNWDP,Krishna at Wadenepally,Krishna,2026-04-01 15:00:00+00:00,16.149544740897028,NORMAL,18.45,19.84,23.07,16.7944,80.07247,KRSNWDP_2026-04-01T15:00:00+0000_16.1495
KRSNWDP,Krishna at Wadenepally,Krishna,2026-04-01 16:00:00+00:00,16.19681270708329,NORMAL,18.45,19.84,23.07,16.7944,80.07247,KRSNWDP_2026-04-01T16:00:00+0000_16.1968
KRSNWDP,Krishna at Wadenepally,Krishna,2026-04-01 17:00:00+00:00,16.227321017639248,NORMAL,18.45,19.84,23.07,16.7944,80.07247,KRSNWDP_2026-04-01T17:00:00+0000_16.2273
KRSNWDP,Krishna at Wadenepally,Krishna,2026-04-01 18:00:00+00:00,16.28670281958015,NORMAL,18.45,19.84,23.07,16.7944,80.07247,KRSNWDP_2026-04-01T18:00:00+0000_16.2867
KRSNWDP,Krishna at Wadenepally,Krishna,2026-04-01 19:00:00+00:00,16.370754562808624,NORMAL,18.45,19.84,23.07,16.7944,80.07247,KRSNWDP_2026-04-01T19:00:00+0000_16.3708
KRSNWDP,Krishna at Wadenepally,Krishna,2026-04-01 20:00:00+00:00,16.421602547003356,NORMAL,18.45,19.84,23.07,16.7944,80.07247,KRSNWDP_2026-04-01T20:00:00+0000_16.4216
KRSNWDP,Krishna at Wadenepally,Krishna,2026-04-01 21:00:00+00:00,16.44878251267892,NORMAL,18.45,19.84,23.07,16.7944,80.07247,KRSNWDP_2026-04-01T21:00:00+0000_16.4488
KRSNWDP,Krishna at Wadenepally,Krishna,2026-04-01 22:00:00+00:00,16.435207788596326,NORMAL,18.45,19.84,23.07,16.7944,80.07247,KRSNWDP_2026-04-01T22:00:00+0000_16.4352
KRSNWDP,Krishna at Wadenepally,Krishna,2026-04-01 23:00:00+00:00,16.431391198462876,NORMAL,18.45,19.84,23.07,16.7944,80.07247,KRSNWDP_2026-04-01T23:00:00+0000_16.4314
KRSNWDP,Krishna at Wadenepally,Krishna,2026-04-02 00:00:00+00:00,16.43070247667533,NORMAL,18.45,19.84,23.07,16.7944,80.07247,KRSNWDP_2026-04-02T00:00:00+0000_16.4307
KRSNWDP,Krishna at Wadenepally,Krishna,2026-04-02 01:00:00+00:00,16.479229029363882,NORMAL,18.45,19.84,23.07,16.7944,80.07247,KRSNWDP_2026-04-02T01:00:00+0000_16.4792
KRSNWDP,Krishna at Wadenepally,Krishna,2026-04-02 02:00:00+00:00,16.460267915762206,NORMAL,18.45,19.84,23.07,16.7944,80.07247,KRSNWDP_2026-04-02T02:00:00+0000_16.4603
KRSNWDP,Krishna at Wadenepally,Krishna,2026-04-02 03:00:00+00:00,16.384912135746816,NORMAL,18.45,19.84,23.07,16.7944,80.07247,KRSNWDP_2026-04-02T03:00:00+0000_16.3849
KRSNWDP,Krishna at Wadenepally,Krishna,2026-04-02 04:00:00+00:00,16.380217055332007,NORMAL,18.45,19.84,23.07,16.7944,80.07247,KRSNWDP_2026-04-02T04:00:00+0000_16.3802
KRSNWDP,Krishna at Wadenepally,Krishna,2026-04-02 05:00:00+00:00,16.356591887587438,NORMAL,18.45,19.84,23.07,16.7944,80.07247,KRSNWDP_2026-04-02T05:00:00+0000_16.3566
KRSNWDP,Krishna at Wadenepally,Krishna,2026-04-02 06:00:00+00:00,16.301260407756743,NORMAL,18.45,19.84,23.07,16.7944,80.07247,KRSNWDP_2026-04-02T06:00:00+0000_16.3013
KRSNWDP,Krishna at Wadenepally,Krishna,2026-04-02 07:00:00+00:00,16.21501116271164,NORMAL,18.45,19.84,23.07,16.7944,80.07247,KRSNWDP_2026-04-02T07:00:00+0000_16.2150
KRSNWDP,Krishna at Wadenepally,Krishna,2026-04-02 08:00:00+00:00,16.17797352229974,NORMAL,18.45,19.84,23.07,16.7944,80.07247,KRSNWDP_2026-04-02T08:00:00+0000_16.1780
KRSNWDP,Krishna at Wadenepally,Krishna,2026-04-02 09:00:00+00:00,16.13414897982298,NORMAL,18.45,19.84,23.07,16.7944,80.07247,KRSNWDP_2026-04-02T09:00:00+0000_16.1341
KRSNWDP,Krishna at Wadenepally,Krishna,2026-04-02 10:00:00+00:00,16.124411047649733,NORMAL,18.45,19.84,23.07,16.7944,80.07247,KRSNWDP_2026-04-02T10:00:00+0000_16.1244
KRSNWDP,Krishna at Wadenepally,Krishna,2026-04-02 11:00:00+00:00,16.052105517636974,NORMAL,18.45,19.84,23.07,16.7944,80.07247,KRSNWDP_2026-04-02T11:00:00+0000_16.0521
KRSNWDP,Krishna at Wadenepally,Krishna,2026-04-02 12:00:00+00:00,16.128158969358907,NORMAL,18.45,19.84,23.07,16.7944,80.07247,KRSNWDP_2026-04-02T12:00:00+0000_16.1282
KRSNWDP,Krishna at Wadenepally,Krishna,2026-04-02 13:00:00+00:00,16.153018958250073,NORMAL,18.45,19.84,23.07,16.7944,80.07247,KRSNWDP_2026-04-02T13:00:00+0000_16.1530
KRSNWDP,Krishna at Wadenepally,Krishna,2026-04-02 14:00:00+00:00,16.119548858368987,NORMAL,18.45,19.84,23.07,16.7944,80.07247,KRSNWDP_2026-04-02T14:00:00+0000_16.1195
KRSNWDP,Krishna at Wadenepally,Krishna,2026-04-02 15:00:00+00:00,16.203976385771607,NORMAL,18.45,19.84,23.07,16.7944,80.07247,KRSNWDP_2026-04-02T15:00:00+0000_16.2040
KRSNWDP,Krishna at Wadenepally,Krishna,2026-04-02 16:00:00+00:00,16.183972035010484,NORMAL,18.45,19.84,23.07,16.7944,80.07247,KRSNWDP_2026-04-02T16:00:00+0000_16.1840
KRSNWDP,Krishna at Wadenepally,Krishna,2026-04-02 17:00:00+00:00,16.289208854470928,NORMAL,18.45,19.84,23.07,16.7944,80.07247,KRSNWDP_2026-04-02T17:00:00+0000_16.2892
KRSNWDP,Krishna at Wadenepally,Krishna,2026-04-02 18:00:00+00:00,16.347888622313967,NORMAL,18.45,19.84,23.07,16.7944,80.07247,KRSNWDP_2026-04-02T18:00:00+0000_16.3479
KRSNWDP,Krishna at Wadenepally,Krishna,2026-04-02 19:00:00+00:00,16.391736201233794,NORMAL,18.45,19.84,23.07,16.7944,80.07247,KRSNWDP_2026-04-02T19:00:00+0000_16.3917
KRSNWDP,Krishna at Wadenepally,Krishna,2026-04-02 20:00:00+00:00,16.414802098063223,NORMAL,18.45,19.84,23.07,16.7944,80.07247,KRSNWDP_2026-04-02T20:00:00+0000_16.4148
KRSNWDP,Krishna at Wadenepally,Krishna,2026-04-02 21:00:00+00:00,16.443514728983498,NORMAL,18.45,19.84,23.07,16.7944,80.07247,KRSNWDP_2026-04-02T21:00:00+0000_16.4435
KRSNWDP,Krishna at Wadenepally,Krishna,2026-04-02 22:00:00+00:00,16.430780115612343,NORMAL,18.45,19.84,23.07,16.7944,80.07247,KRSNWDP_2026-04-02T22:00:00+0000_16.4308
KRSNWDP,Krishna at Wadenepally,Krishna,2026-04-02 23:00:00+00:00,16.481419955147892,NORMAL,18.45,19.84,23.07,16.7944,80.07247,KRSNWDP_2026-04-02T23:00:00+0000_16.4814
KRSNWDP,Krishna at Wadenepally,Krishna,2026-04-03 00:00:00+00:00,16.471956909805844,NORMAL,18.45,19.84,23.07,16.7944,80.07247,KRSNWDP_2026-04-03T00:00:00+0000_16.4720
KRSNWDP,Krishna at Wadenepally,Krishna,2026-04-03 01:00:00+00:00,16.481589505007122,NORMAL,18.45,19.84,23.07,16.7944,80.07247,KRSNWDP_2026-04-03T01:00:00+0000_16.4816
KRSNWDP,Krishna at Wadenepally,Krishna,2026-04-03 02:00:00+00:00,19.51045458129129,WARNING,18.45,19.84,23.07,16.7944,80.07247,KRSNWDP_2026-04-03T02:00:00+0000_19.5105
KRSNWDP,Krishna at Wadenepally,Krishna,2026-04-03 03:00:00+00:00,19.21127347142147,WARNING,18.45,19.84,23.07,16.7944,80.07247,KRSNWDP_2026-04-03T03:00:00+0000_19.2113
KRSNWDP,Krishna at Wadenepally,Krishna,2026-04-03 04:00:00+00:00,18.908168447888464,WARNING,18.45,19.84,23.07,16.7944,80.07247,KRSNWDP_2026-04-03T04:00:00+0000_18.9082
KRSNWDP,Krishna at Wadenepally,Krishna,2026-04-03 05:00:00+00:00,16.31684965611474,NORMAL,18.45,19.84,23.07,16.7944,80.07247,KRSNWDP_2026-04-03T05:00:00+0000_16.3168
KRSNWDP,Krishna at Wadenepally,Krishna,2026-04-03 06:00:00+00:00,16.259701886856735,NORMAL,18.45,19.84,23.07,16.7944,80.07247,KRSNWDP_2026-04-03T06:00:00+0000_16.2597
KRSNWDP,Krishna at Wadenepally,Krishna,2026-04-03 07:00:00+00:00,16.226828612551255,NORMAL,18.45,19.84,23.07,16.7944,80.07247,KRSNWDP_2026-04-03T07:00:00+0000_16.2268
KRSNWDP,Krishna at Wadenepally,Krishna,2026-04-03 08:00:00+00:00,16.15206869766928,NORMAL,18.45,19.84,23.07,16.7944,80.07247,KRSNWDP_2026-04-03T08:00:00+0000_16.1521
KRSNWDP,Krishna at Wadenepally,Krishna,2026-04-03 09:00:00+00:00,16.0964862461383,NORMAL,18.45,19.84,23.07,16.7944,80.07247,KRSNWDP_2026-04-03T09:00:00+0000_16.0965
KRSNWDP,Krishna at Wadenepally,Krishna,2026-04-03 10:00:00+00:00,16.120918478023633,NORMAL,18.45,19.84,23.07,16.7944,80.07247,KRSNWDP_2026-04-03T10:00:00+0000_16.1209
KRSNWDP,Krishna at Wadenepally,Krishna,2026-04-03 11:00:00+00:00,16.13458098144918,NORMAL,18.45,19.84,23.07,16.7944,80.07247,KRSNWDP_2026-04-03T11:00:00+0000_16.1346
KRSNWDP,Krishna at Wadenepally,Krishna,2026-04-03 12:00:00+00:00,16.075161207952412,NORMAL,18.45,19.84,23.07,16.7944,80.07247,KRSNWDP_2026-04-03T12:00:00+0000_16.0752
KRSNWDP,Krishna at Wadenepally,Krishna,2026-04-03 13:00:00+00:00,16.09518656214988,NORMAL,18.45,19.84,23.07,16.7944,80.07247,KRSNWDP_2026-04-03T13:00:00+0000_16.0952
KRSNWDP,Krishna at Wadenepally,Krishna,2026-04-03 14:00:00+00:00,16.148405005704742,NORMAL,18.45,19.84,23.07,16.7944,80.07247,KRSNWDP_2026-04-03T14:00:00+0000_16.1484
KRSNWDP,Krishna at Wadenepally,Krishna,2026-04-03 15:00:00+00:00,16.173365790313973,NORMAL,18.45,19.84,23.07,16.7944,80.07247,KRSNWDP_2026-04-03T15:00:00+0000_16.1734
KRSNWDP,Krishna at Wadenepally,Krishna,2026-04-03 16:00:00+00:00,16.208860364392212,NORMAL,18.45,19.84,23.07,16.7944,80.07247,KRSNWDP_2026-04-03T16:00:00+0000_16.2089
KRSNWDP,Krishna at Wadenepally,Krishna,2026-04-03 17:00:00+00:00,16.235414884999518,NORMAL,18.45,19.84,23.07,16.7944,80.07247,KRSNWDP_2026-04-03T17:00:00+0000_16.2354
KRSNWDP,Krishna at Wadenepally,Krishna,2026-04-03 18:00:00+00:00,16.339414996400368,NORMAL,18.45,19.84,23.07,16.7944,80.07247,KRSNWDP_2026-04-03T18:00:00+0000_16.3394
KRSNWDP,Krishna at Wadenepally,Krishna,2026-04-03 19:00:00+00:00,16.414187175460903,NORMAL,18.45,19.84,23.07,16.7944,80.07247,KRSNWDP_2026-04-03T19:00:00+0000_16.4142
KRSNWDP,Krishna at Wadenepally,Krishna,2026-04-03 20:00:00+00:00,16.420020480693317,NORMAL,18.45,19.84,23.07,16.7944,80.07247,KRSNWDP_2026-04-03T20:00:00+0000_16.4200
KRSNWDP,Krishna at Wadenepally,Krishna,2026-04-03 21:00:00+00:00,16.4474688649029,NORMAL,18.45,19.84,23.07,16.7944,80.07247,KRSNWDP_2026-04-03T21:00:00+0000_16.4475
KRSNWDP,Krishna at Wadenepally,Krishna,2026-04-03 22:00:00+00:00,16.462880414058183,NORMAL,18.45,19.84,23.07,16.7944,80.07247,KRSNWDP_2026-04-03T22:00:00+0000_16.4629
KRSNWDP,Krishna at Wadenepally,Krishna,2026-04-03 23:00:00+00:00,16.437947590442047,NORMAL,18.45,19.84,23.07,16.7944,80.07247,KRSNWDP_2026-04-03T23:00:00+0000_16.4379
KRSNWDP,Krishna at Wadenepally,Krishna,2026-04-04 00:00:00+00:00,16.498164556906517,NORMAL,18.45,19.84,23.07,16.7944,80.07247,KRSNWDP_2026-04-04T00:00:00+0000_16.4982
KRSNWDP,Krishna at Wadenepally,Krishna,2026-04-04 01:00:00+00:00,16.481408324941384,NORMAL,18.45,19.84,23.07,16.7944,80.07247,KRSNWDP_2026-04-04T01:00:00+0000_16.4814
KRSNWDP,Krishna at Wadenepally,Krishna,2026-04-04 02:00:00+00:00,16.417842716648813,NORMAL,18.45,19.84,23.07,16.7944,80.07247,KRSNWDP_2026-04-04T02:00:00+0000_16.4178
KRSNWDP,Krishna at Wadenepally,Krishna,2026-04-04 03:00:00+00:00,16.423714224517955,NORMAL,18.45,19.84,23.07,16.7944,80.07247,KRSNWDP_2026-04-04T03:00:00+0000_16.4237
KRSNWDP,Krishna at Wadenepally,Krishna,2026-04-04 04:00:00+00:00,16.408231547951843,NORMAL,18.45,19.84,23.07,16.7944,80.07247,KRSNWDP_2026-04-04T04:00:00+0000_16.4082
KRSNWDP,Krishna at Wadenepally,Krishna,2026-04-04 05:00:00+00:00,16.363632850966585,NORMAL,18.45,19.84,23.07,16.7944,80.07247,KRSNWDP_2026-04-04T05:00:00+0000_16.3636
KRSNWDP,Krishna at Wadenepally,Krishna,2026-04-04 06:00:00+00:00,16.22517871357644,NORMAL,18.45,19.84,23.07,16.7944,80.07247,KRSNWDP_2026-04-04T06:00:00+0000_16.2252
KRSNWDP,Krishna at Wadenepally,Krishna,2026-04-04 07:00:00+00:00,16.20973911150106,NORMAL,18.45,19.84,23.07,16.7944,80.07247,KRSNWDP_2026-04-04T07:00:00+0000_16.2097
KRSNWDP,Krishna at Wadenepally,Krishna,2026-04-04 08:00:00+00:00,16.162871136143618,NORMAL,18.45,19.84,23.07,16.7944,80.07247,KRSNWDP_2026-04-04T08:00:00+0000_16.1629
KRSNWDP,Krishna at Wadenepally,Krishna,2026-04-04 09:00:00+00:00,16.131778768398704,NORMAL,18.45,19.84,23.07,16.7944,80.07247,KRSNWDP_2026-04-04T09:00:00+0000_16.1318
KRSNWDP,Krishna at Wadenepally,Krishna,2026-04-04 10:00:00+00:00,16.10666103399839,NORMAL,18.45,19.84,23.07,16.7944,80.07247,KRSNWDP_2026-04-04T10:00:00+0000_16.1067
KRSNWDP,Krishna at Wadenepally,Krishna,2026-04-04 11:00:00+00:00,16.12919704574332,NORMAL,18.45,19.84,23.07,16.7944,80.07247,KRSNWDP_2026-04-04T11:00:00+0000_16.1292
KRSNWDP,Krishna at Wadenepally,Krishna,2026-04-04 12:00:00+00:00,,,18.45,19.84,23.07,16.7944,80.07247,KRSNWDP_2026-04-04T12:00:00+0000_
KRSNWDP,Krishna at Wadenepally,Krishna,2026-04-04 13:00:00+00:00,16.172346626835573,NORMAL,18.45,19.84,23.07,16.7944,80.07247,KRSNWDP_2026-04-04T13:00:00+0000_16.1723
KRSNWDP,Krishna at Wadenepally,Krishna,2026-04-04 14:00:00+00:00,16.137002053239065,NORMAL,18.45,19.84,23.07,16.7944,80.07247,KRSNWDP_2026-04-04T14:00:00+0000_16.1370
KRSNWDP,Krishna at Wadenepally,Krishna,2026-04-04 15:00:00+00:00,16.181496771689652,NORMAL,18.45,19.84,23.07,16.7944,80.07247,KRSNWDP_2026-04-04T15:00:00+0000_16.1815
KRSNWDP,Krishna at Wadenepally,Krishna,2026-04-04 16:00:00+00:00,16.274835339768735,NORMAL,18.45,19.84,23.07,16.7944,80.07247,KRSNWDP_2026-04-04T16:00:00+0000_16.2748
KRSNWDP,Krishna at Wadenepally,Krishna,2026-04-04 17:00:00+00:00,16.233485422718296,NORMAL,18.45,19.84,23.07,16.7944,80.07247,KRSNWDP_2026-04-04T17:00:00+0000_16.2335
KRSNWDP,Krishna at Wadenepally,Krishna,2026-04-04 18:00:00+00:00,16.369051684292568,NORMAL,18.45,19.84,23.07,16.7944,80.07247,KRSNWDP_2026-04-04T18:00:00+0000_16.3691
KRSNWDP,Krishna at Wadenepally,Krishna,2026-04-04 19:00:00+00:00,16.39890884932873,NORMAL,18.45,19.84,23.07,16.7944,80.07247,KRSNWDP_2026-04-04T19:00:00+0000_16.3989
KRSNWDP,Krishna at Wadenepally,Krishna,2026-04-04 20:00:00+00:00,16.44119882165221,NORMAL,18.45,19.84,23.07,16.7944,80.07247,KRSNWDP_2026-04-04T20:00:00+0000_16.4412
KRSNWDP,Krishna at Wadenepally,Krishna,2026-04-04 21:00:00+00:00,16.421083340524262,NORMAL,18.45,19.84,23.07,16.7944,80.07247,KRSNWDP_2026-04-04T21:00:00+0000_16.4211
KRSNWDP,Krishna at Wadenepally,Krishna,2026-04-04 22:00:00+00:00,16.477425028607854,NORMAL,18.45,19.84,23.07,16.7944,80.07247,KRSNWDP_2026-04-04T22:00:00+0000_16.4774
KRSNWDP,Krishna at Wadenepally,Krishna,2026-04-04 23:00:00+00:00,16.480892457171926,NORMAL,18.45,19.84,23.07,16.7944,80.07247,KRSNWDP_2026-04-04T23:00:00+0000_16.4809
KRSNWDP,Krishna at Wadenepally,Krishna,2026-04-05 00:00:00+00:00,16.543586823512804,NORMAL,18.45,19.84,23.07,16.7944,80.07247,KRSNWDP_2026-04-05T00:00:00+0000_16.5436
KRSNWDP,Krishna at Wadenepally,Krishna,2026-04-05 01:00:00+00:00,16.508372022626524,NORMAL,18.45,19.84,23.07,16.7944,80.07247,KRSNWDP_2026-04-05T01:00:00+0000_16.5084
KRSNWDP,Krishna at Wadenepally,Krishna,2026-04-05 02:00:00+00:00,16.500491841750073,NORMAL,18.45,19.84,23.07,16.7944,80.07247,KRSNWDP_2026-04-05T02:00:00+0000_16.5005
KRSNWDP,Krishna at Wadenepally,Krishna,2026-04-05 03:00:00+00:00,16.374540389883528,NORMAL,18.45,19.84,23.07,16.7944,80.07247,KRSNWDP_2026-04-05T03:00:00+0000_16.3745
KRSNWDP,Krishna at Wadenepally,Krishna,2026-04-05 04:00:00+00:00,16.40146478371112,NORMAL,18.45,19.84,23.07,16.7944,80.07247,KRSNWDP_2026-04-05T04:00:00+0000_16.4015
KRSNWDP,Krishna at Wadenepally,Krishna,2026-04-05 05:00:00+00:00,16.325409790664462,NORMAL,18.45,19.84,23.07,16.7944,80.07247,KRSNWDP_2026-04-05T05:00:00+0000_16.3254
KRSNWDP,Krishna at Wadenepally,Krishna,2026-04-05 06:00:00+00:00,16.24884321100547,NORMAL,18.45,19.84,23.07,16.7944,80.07247,KRSNWDP_2026-04-05T06:00:00+0000_16.2488
KRSNWDP,Krishna at Wadenepally,Krishna,2026-04-05 07:00:00+00:00,16.1951029577352,NORMAL,18.45,19.84,23.07,16.7944,80.07247,KRSNWDP_2026-04-05T07:00:00+0000_16.1951
KRSNWDP,Krishna at Wadenepally,Krishna,2026-04-05 08:00:00+00:00,16.149413722856018,NORMAL,18.45,19.84,23.07,16.7944,80.07247,KRSNWDP_2026-04-05T08:00:00+0000_16.1494
KRSNWDP,Krishna at Wadenepally,Krishna,2026-04-05 09:00:00+00:00,16.16195635086752,NORMAL,18.45,19.84,23.07,16.7944,80.07247,KRSNWDP_2026-04-05T09:00:00+0000_16.1620
KRSNWDP,Krishna at Wadenepally,Krishna,2026-04-05 10:00:00+00:00,16.11402952432809,NORMAL,18.45,19.84,23.07,16.7944,80.07247,KRSNWDP_2026-04-05T10:00:00+0000_16.1140
KRSNWDP,Krishna at Wadenepally,Krishna,2026-04-05 11:00:00+00:00,16.097685377703144,NORMAL,18.45,19.84,23.07,16.7944,80.07247,KRSNWDP_2026-04-05T11:00:00+0000_16.0977
KRSNWDP,Krishna at Wadenepally,Krishna,2026-04-05 12:00:00+00:00,16.123409163193486,NORMAL,18.45,19.84,23.07,16.7944,80.07247,KRSNWDP_2026-04-05T12:00:00+0000_16.1234
KRSNWDP,Krishna at Wadenepally,Krishna,2026-04-05 13:00:00+00:00,16.09031302446192,NORMAL,18.45,19.84,23.07,16.7944,80.07247,KRSNWDP_2026-04-05T13:00:00+0000_16.0903
KRSNWDP,Krishna at Wadenepally,Krishna,2026-04-05 14:00:00+00:00,16.15646410713823,NORMAL,18.45,19.84,23.07,16.7944,80.07247,KRSNWDP_2026-04-05T14:00:00+0000_16.1565
KRSNWDP,Krishna at Wadenepally,Krishna,2026-04-05 15:00:00+00:00,16.21374191105449,NORMAL,18.45,19.84,23.07,16.7944,80.07247,KRSNWDP_2026-04-05T15:00:00+0000_16.2137
KRSNWDP,Krishna at Wadenepally,Krishna,2026-04-05 16:00:00+00:00,16.26422718748271,NORMAL,18.45,19.84,23.07,16.7944,80.07247,KRSNWDP_2026-04-05T16:00:00+0000_16.2642
KRSNWDP,Krishna at Wadenepally,Krishna,2026-04-05 17:00:00+00:00,16.26757563819228,NORMAL,18.45,19.84,23.07,16.7944,80.07247,KRSNWDP_2026-04-05T17:00:00+0000_16.2676
KRSNWDP,Krishna at Wadenepally,Krishna,2026-04-05 18:00:00+00:00,16.33454639834559,NORMAL,18.45,19.84,23.07,16.7944,80.07247,KRSNWDP_2026-04-05T18:00:00+0000_16.3345
KRSNWDP,Krishna at Wadenepally,Krishna,2026-04-05 19:00:00+00:00,16.40437695916836,NORMAL,18.45,19.84,23.07,16.7944,80.07247,KRSNWDP_2026-04-05T19:00:00+0000_16.4044
KRSNWDP,Krishna at Wadenepally,Krishna,2026-04-05 20:00:00+00:00,16.469636844479492,NORMAL,18.45,19.84,23.07,16.7944,80.07247,KRSNWDP_2026-04-05T20:00:00+0000_16.4696
KRSNWDP,Krishna at Wadenepally,Krishna,2026-04-05 21:00:00+00:00,16.454677723645837,NORMAL,18.45,19.84,23.07,16.7944,80.07247,KRSNWDP_2026-04-05T21:00:00+0000_16.4547
KRSNWDP,Krishna at Wadenepally,Krishna,2026-04-05 22:00:00+00:00,16.51958402025667,NORMAL,18.45,19.84,23.07,16.7944,80.07247,KRSNWDP_2026-04-05T22:00:00+0000_16.5196
KRSNWDP,Krishna at Wadenepally,Krishna,2026-04-05 23:00:00+00:00,16.50231591385954,NORMAL,18.45,19.84,23.07,16.7944,80.07247,KRSNWDP_2026-04-05T23:00:00+0000_16.5023
KRSNWDP,Krishna at Wadenepally,Krishna,2026-04-06 00:00:00+00:00,16.488484559535234,NORMAL,18.45,19.84,23.07,16.7944,80.07247,KRSNWDP_2026-04-06T00:00:00+0000_16.4885
KRSNWDP,Krishna at Wadenepally,Krishna,2026-04-06 01:00:00+00:00,16.499128292127278,NORMAL,18.45,19.84,23.07,16.7944,80.07247,KRSNWDP_2026-04-06T01:00:00+0000_16.4991
KRSNWDP,Krishna at Wadenepally,Krishna,2026-04-06 02:00:00+00:00,16.45596330771564,NORMAL,18.45,19.84,23.07,16.7944,80.07247,KRSNWDP_2026-04-06T02:00:00+0000_16.4560
KRSNWDP,Krishna at Wadenepally,Krishna,2026-04-06 03:00:00+00:00,16.475617060675702,NORMAL,18.45,19.84,23.07,16.7944,80.07247,KRSNWDP_2026-04-06T03:00:00+0000_16.4756
KRSNWDP,Krishna at Wadenepally,Krishna,2026-04-06 04:00:00+00:00,16.357701500591446,NORMAL,18.45,19.84,23.07,16.7944,80.07247,KRSNWDP_2026-04-06T04:00:00+0000_16.3577
KRSNWDP,Krishna at Wadenepally,Krishna,2026-04-06 05:00:00+00:00,16.29926817952161,NORMAL,18.45,19.84,23.07,16.7944,80.07247,KRSNWDP_2026-04-06T05:00:00+0000_16.2993
KRSNWDP,Krishna at Wadenepally,Krishna,2026-04-06 06:00:00+00:00,16.27044192743324,NORMAL,18.45,19.84,23.07,16.7944,80.07247,KRSNWDP_2026-04-06T06:00:00+0000_16.2704
KRSNWDP,Krishna at Wadenepally,Krishna,2026-04-06 07:00:00+00:00,16.275812430269276,NORMAL,18.45,19.84,23.07,16.7944,80.07247,KRSNWDP_2026-04-06T07:00:00+0000_16.2758
KRSNWDP,Krishna at Wadenepally,Krishna,2026-04-06 08:00:00+00:00,16.1477511046764,NORMAL,18.45,19.84,23.07,16.7944,80.07247,KRSNWDP_2026-04-06T08:00:00+0000_16.1478
KRSNWDP,Krishna at Wadenepally,Krishna,2026-04-06 09:00:00+00:00,16.113344206161454,NORMAL,18.45,19.84,23.07,16.7944,80.07247,KRSNWDP_2026-04-06T09:00:00+0000_16.1133
KRSNWDP,Krishna at Wadenepally,Krishna,2026-04-06 10:00:00+00:00,16.11573700503143,NORMAL,18.45,19.84,23.07,16.7944,80.07247,KRSNWDP_2026-04-06T10:00:00+0000_16.1157
KRSNWDP,Krishna at Wadenepally,Krishna,2026-04-06 11:00:00+00:00,16.11105914360947,NORMAL,18.45,19.84,23.07,16.7944,80.07247,KRSNWDP_2026-04-06T11:00:00+0000_16.1111
KRSNWDP,Krishna at Wadenepally,Krishna,2026-04-06 12:00:00+00:00,16.107217330887455,NORMAL,18.45,19.84,23.07,16.7944,80.07247,KRSNWDP_2026-04-06T12:00:00+0000_16.1072
KRSNWDP,Krishna at Wadenepally,Krishna,2026-04-06 13:00:00+00:00,16.118117055835537,NORMAL,18.45,19.84,23.07,16.7944,80.07247,KRSNWDP_2026-04-06T13:00:00+0000_16.1181
KRSNWDP,Krishna at Wadenepally,Krishna,2026-04-06 14:00:00+00:00,16.124852435829464,NORMAL,18.45,19.84,23.07,16.7944,80.07247,KRSNWDP_2026-04-06T14:00:00+0000_16.1249
KRSNWDP,Krishna at Wadenepally,Krishna,2026-04-06 15:00:00+00:00,16.221177446285367,NORMAL,18.45,19.84,23.07,16.7944,80.07247,KRSNWDP_2026-04-06T15:00:00+0000_16.2212
KRSNWDP,Krishna at Wadenepally,Krishna,2026-04-06 16:00:00+00:00,16.20614927580984,NORMAL,18.45,19.84,23.07,16.7944,80.07247,KRSNWDP_2026-04-06T16:00:00+0000_16.2061
KRSNWDP,Krishna at Wadenepally,Krishna,2026-04-06 17:00:00+00:00,16.296141617488846,NORMAL,18.45,19.84,23.07,16.7944,80.07247,KRSNWDP_2026-04-06T17:00:00+0000_16.2961
KRSNWDP,Krishna at Wadenepally,Krishna,2026-04-06 18:00:00+00:00,16.33950956380964,NORMAL,18.45,19.84,23.07,16.7944,80.07247,KRSNWDP_2026-04-06T18:00:00+0000_16.3395
KRSNWDP,Krishna at Wadenepally,Krishna,2026-04-06 19:00:00+00:00,16.358656336581518,NORMAL,18.45,19.84,23.07,16.7944,80.07247,KRSNWDP_2026-04-06T19:00:00+0000_16.3587
KRSNWDP,Krishna at Wadenepally,Krishna,2026-04-06 20:00:00+00:00,16.47642454431518,NORMAL,18.45,19.84,23.07,16.7944,80.07247,KRSNWDP_2026-04-06T20:00:00+0000_16.4764
KRSNWDP,Krishna at Wadenepally,Krishna,2026-04-06 21:00:00+00:00,16.483091310645655,NORMAL,18.45,19.84,23.07,16.7944,80.07247,KRSNWDP_2026-04-06T21:00:00+0000_16.4831
KRSNWDP,Krishna at Wadenepally,Krishna,2026-04-06 22:00:00+00:00,16.4568081294034,NORMAL,18.45,19.84,23.07,16.7944,80.07247,KRSNWDP_2026-04-06T22:00:00+0000_16.4568
KRSNWDP,Krishna at Wadenepally,Krishna,2026-04-06 23:00:00+00:00,16.496652132981545,NORMAL,18.45,19.84,23.07,16.7944,80.07247,KRSNWDP_2026-04-06T23:00:00+0000_16.4967
KRSNWDP,Krishna at Wadenepally,Krishna,2026-04-07 00:00:00+00:00,16.474310382093638,NORMAL,18.45,19.84,23.07,16.7944,80.07247,KRSNWDP_2026-04-07T00:00:00+0000_16.4743
KRSNWDP,Krishna at Wadenepally,Krishna,2026-04-07 01:00:00+00:00,16.543809672899705,NORMAL,18.45,19.84,23.07,16.7944,80.07247,KRSNWDP_2026-04-07T01:00:00+0000_16.5438
KRSNWDP,Krishna at Wadenepally,Krishna,2026-04-07 02:00:00+00:00,16.428248385226798,NORMAL,18.45,19.84,23.07,16.7944,80.07247,KRSNWDP_2026-04-07T02:00:00+0000_16.4282
KRSNWDP,Krishna at Wadenepally,Krishna,2026-04-07 03:00:00+00:00,16.44408146548389,NORMAL,18.45,19.84,23.07,16.7944,80.07247,KRSNWDP_2026-04-07T03:00:00+0000_16.4441
KRSNWDP,Krishna at Wadenepally,Krishna,2026-04-07 04:00:00+00:00,16.3439528035384,NORMAL,18.45,19.84,23.07,16.7944,80.07247,KRSNWDP_2026-04-07T04:00:00+0000_16.3440
KRSNWDP,Krishna at Wadenepally,Krishna,2026-04-07 05:00:00+00:00,16.297414168454956,NORMAL,18.45,19.84,23.07,16.7944,80.07247,KRSNWDP_2026-04-07T05:00:00+0000_16.2974
KRSNWDP,Krishna at Wadenepally,Krishna,2026-04-07 06:00:00+00:00,16.32024883006053,NORMAL,18.45,19.84,23.07,16.7944,80.07247,KRSNWDP_2026-04-07T06:00:00+0000_16.3202
KRSNWDP,Krishna at Wadenepally,Krishna,2026-04-07 07:00:00+00:00,16.25074368643514,NORMAL,18.45,19.84,23.07,16.7944,80.07247,KRSNWDP_2026-04-07T07:00:00+0000_16.2507
KRSNWDP,Krishna at Wadenepally,Krishna,2026-04-07 08:00:00+00:00,16.226673847552174,NORMAL,18.45,19.84,23.07,16.7944,80.07247,KRSNWDP_2026-04-07T08:00:00+0000_16.2267
KRSNWDP,Krishna at Wadenepally,Krishna,2026-04-07 09:00:00+00:00,16.1724627576187,NORMAL,18.45,19.84,23.07,16.7944,80.07247,KRSNWDP_2026-04-07T09:00:00+0000_16.1725
KRSNWDP,Krishna at Wadenepally,Krishna,2026-04-07 10:00:00+00:00,16.164884541520177,NORMAL,18.45,19.84,23.07,16.7944,80.07247,KRSNWDP_2026-04-07T10:00:00+0000_16.1649
KRSNWDP,Krishna at Wadenepally,Krishna,2026-04-07 11:00:00+00:00,16.08696090373889,NORMAL,18.45,19.84,23.07,16.7944,80.07247,KRSNWDP_2026-04-07T11:00:00+0000_16.0870
KRSNWDP,Krishna at Wadenepally,Krishna,2026-04-07 12:00:00+00:00,16.0956521100269,NORMAL,18.45,19.84,23.07,16.7944,80.07247,KRSNWDP_2026-04-07T12:00:00+0000_16.0957
KRSNWDP,Krishna at Wadenepally,Krishna,2026-04-07 13:00:00+00:00,16.115973394320598,NORMAL,18.45,19.84,23.07,16.7944,80.07247,KRSNWDP_2026-04-07T13:00:00+0000_16.1160
KRSNWDP,Krishna at Wadenepally,Krishna,2026-04-07 14:00:00+00:00,16.19008590443855,NORMAL,18.45,19.84,23.07,16.7944,80.07247,KRSNWDP_2026-04-07T14:00:00+0000_16.1901
KRSNWDP,Krishna at Wadenepally,Krishna,2026-04-07 15:00:00+00:00,16.25101858870692,NORMAL,18.45,19.84,23.07,16.7944,80.07247,KRSNWDP_2026-04-07T15:00:00+0000_16.2510
KRSNWDP,Krishna at Wadenepally,Krishna,2026-04-07 16:00:00+00:00,16.303147940957253,NORMAL,18.45,19.84,23.07,16.7944,80.07247,KRSNWDP_2026-04-07T16:00:00+0000_16.3031
KRSNWDP,Krishna at Wadenepally,Krishna,2026-04-07 17:00:00+00:00,16.29251606739798,NORMAL,18.45,19.84,23.07,16.7944,80.07247,KRSNWDP_2026-04-07T17:00:00+0000_16.2925
KRSNWDP,Krishna at Wadenepally,Krishna,2026-04-07 18:00:00+00:00,16.385295955545214,NORMAL,18.45,19.84,23.07,16.7944,80.07247,KRSNWDP_2026-04-07T18:00:00+0000_16.3853
KRSNWDP,Krishna at Wadenepally,Krishna,2026-04-07 19:00:00+00:00,16.37198775158392,NORMAL,18.45,19.84,23.07,16.7944,80.07247,KRSNWDP_2026-04-07T19:00:00+0000_16.3720
KRSNWDP,Krishna at Wadenepally,Krishna,2026-04-07 20:00:00+00:00,16.431390442827066,NORMAL,18.45,19.84,23.07,16.7944,80.07247,KRSNWDP_2026-04-07T20:00:00+0000_16.4314
KRSNWDP,Krishna at Wadenepally,Krishna,2026-04-07 21:00:00+00:00,16.507656100307777,NORMAL,18.45,19.84,23.07,16.7944,80.07247,KRSNWDP_2026-04-07T21:00:00+0000_16.5077
KRSNWDP,Krishna at Wadenepally,Krishna,2026-04-07 22:00:00+00:00,16.507851536588813,NORMAL,18.45,19.84,23.07,16.7944,80.07247,KRSNWDP_2026-04-07T22:00:00+0000_16.5079
KRSNWDP,Krishna at Wadenepally,Krishna,2026-04-07 23:00:00+00:00,16.55276123268717,NORMAL,18.45,19.84,23.07,16.7944,80.07247,KRSNWDP_2026-04-07T23:00:00+0000_16.5528
KRSNWDP,Krishna at Wadenepally,Krishna,2026-04-08 00:00:00+00:00,16.554604715044473,NORMAL,18.45,19.84,23.07,16.7944,80.07247,KRSNWDP_2026-04-08T00:00:00+0000_16.5546
KRSNWDP,Krishna at Wadenepally,Krishna,2026-04-08 01:00:00+00:00,16.50931121050699,NORMAL,18.45,19.84,23.07,16.7944,80.07247,KRSNWDP_2026-04-08T01:00:00+0000_16.5093
KRSNWDP,Krishna at Wadenepally,Krishna,2026-04-08 02:00:00+00:00,16.488896843908893,NORMAL,18.45,19.84,23.07,16.7944,80.07247,KRSNWDP_2026-04-08T02:00:00+0000_16.4889
KRSNWDP,Krishna at Wadenepally,Krishna,2026-04-08 03:00:00+00:00,16.457283243359008,NORMAL,18.45,19.84,23.07,16.7944,80.07247,KRSNWDP_2026-04-08T03:00:00+0000_16.4573
KRSNWDP,Krishna at Wadenepally,Krishna,2026-04-08 04:00:00+00:00,,,18.45,19.84,23.07,16.7944,80.07247,KRSNWDP_2026-04-08T04:00:00+0000_
KRSNWDP,Krishna at Wadenepally,Krishna,2026-04-08 05:00:00+00:00,16.367503682964703,NORMAL,18.45,19.84,23.07,16.7944,80.07247,KRSNWDP_2026-04-08T05:00:00+0000_16.3675
KRSNWDP,Krishna at Wadenepally,Krishna,2026-04-08 06:00:00+00:00,16.28059421415592,NORMAL,18.45,19.84,23.07,16.7944,80.07247,KRSNWDP_2026-04-08T06:00:00+0000_16.2806
KRSNWDP,Krishna at Wadenepally,Krishna,2026-04-08 07:00:00+00:00,16.21091628804537,NORMAL,18.45,19.84,23.07,16.7944,80.07247,KRSNWDP_2026-04-08T07:00:00+0000_16.2109
KRSNWDP,Krishna at Wadenepally,Krishna,2026-04-08 08:00:00+00:00,16.189087388119628,NORMAL,18.45,19.84,23.07,16.7944,80.07247,KRSNWDP_2026-04-08T08:00:00+0000_16.1891
KRSNWDP,Krishna at Wadenepally,Krishna,2026-04-08 09:00:00+00:00,16.216635359540792,NORMAL,18.45,19.84,23.07,16.7944,80.07247,KRSNWDP_2026-04-08T09:00:00+0000_16.2166
KRSNWDP,Krishna at Wadenepally,Krishna,2026-04-08 10:00:00+00:00,16.16083939276441,NORMAL,18.45,19.84,23.07,16.7944,80.07247,KRSNWDP_2026-04-08T10:00:00+0000_16.1608
KRSNWDP,Krishna at Wadenepally,Krishna,2026-04-08 11:00:00+00:00,16.177694538391197,NORMAL,18.45,19.84,23.07,16.7944,80.07247,KRSNWDP_2026-04-08T11:00:00+0000_16.1777
KRSNWDP,Krishna at Wadenepally,Krishna,2026-04-08 12:00:00+00:00,16.17589567406279,NORMAL,18.45,19.84,23.07,16.7944,80.07247,KRSNWDP_2026-04-08T12:00:00+0000_16.1759
KRSNWDP,Krishna at Wadenepally,Krishna,2026-04-08 13:00:00+00:00,16.158025272066336,NORMAL,18.45,19.84,23.07,16.7944,80.07247,KRSNWDP_2026-04-08T13:00:00+0000_16.1580
KRSNWDP,Krishna at Wadenepally,Krishna,2026-04-08 14:00:00+00:00,16.157351166562236,NORMAL,18.45,19.84,23.07,16.7944,80.07247,KRSNWDP_2026-04-08T14:00:00+0000_16.1574
KRSNWDP,Krishna at Wadenepally,Krishna,2026-04-08 15:00:00+00:00,16.18760547718896,NORMAL,18.45,19.84,23.07,16.7944,80.07247,KRSNWDP_2026-04-08T15:00:00+0000_16.1876
KRSNWDP,Krishna at Wadenepally,Krishna,2026-04-08 16:00:00+00:00,16.240994092199305,NORMAL,18.45,19.84,23.07,16.7944,80.07247,KRSNWDP_2026-04-08T16:00:00+0000_16.2410
KRSNWDP,Krishna at Wadenepally,Krishna,2026-04-08 17:00:00+00:00,16.295097342496472,NORMAL,18.45,19.84,23.07,16.7944,80.07247,KRSNWDP_2026-04-08T17:00:00+0000_16.2951
KRSNWDP,Krishna at Wadenepally,Krishna,2026-04-08 18:00:00+00:00,16.31155069454762,NORMAL,18.45,19.84,23.07,16.7944,80.07247,KRSNWDP_2026-04-08T18:00:00+0000_16.3116
KRSNWDP,Krishna at Wadenepally,Krishna,2026-04-08 19:00:00+00:00,16.39447183879599,NORMAL,18.45,19.84,23.07,16.7944,80.07247,KRSNWDP_2026-04-08T19:00:00+0000_16.3945
KRSNWDP,Krishna at Wadenepally,Krishna,2026-04-08 20:00:00+00:00,16.435671022761806,NORMAL,18.45,19.84,23.07,16.7944,80.07247,KRSNWDP_2026-04-08T20:00:00+0000_16.4357
KRSNWDP,Krishna at Wadenepally,Krishna,2026-04-08 21:00:00+00:00,16.531015630751448,NORMAL,18.45,19.84,23.07,16.7944,80.07247,KRSNWDP_2026-04-08T21:00:00+0000_16.5310
KRSNWDP,Krishna at Wadenepally,Krishna,2026-04-08 22:00:00+00:00,16.552986532106534,NORMAL,18.45,19.84,23.07,16.7944,80.07247,KRSNWDP_2026-04-08T22:00:00+0000_16.5530
KRSNWDP,Krishna at Wadenepally,Krishna,2026-04-08 23:00:00+00:00,16.502956986415636,NORMAL,18.45,19.84,23.07,16.7944,80.07247,KRSNWDP_2026-04-08T23:00:00+0000_16.5030
KRSNWDP,Krishna at Wadenepally,Krishna,2026-04-09 00:00:00+00:00,16.572433727263245,NORMAL,18.45,19.84,23.07,16.7944,80.07247,KRSNWDP_2026-04-09T00:00:00+0000_16.5724
KRSNWDP,Krishna at Wadenepally,Krishna,2026-04-09 01:00:00+00:00,16.519492876677983,NORMAL,18.45,19.84,23.07,16.7944,80.07247,KRSNWDP_2026-04-09T01:00:00+0000_16.5195
KRSNWDP,Krishna at Wadenepally,Krishna,2026-04-09 02:00:00+00:00,16.451910013180836,NORMAL,18.45,19.84,23.07,16.7944,80.07247,KRSNWDP_2026-04-09T02:00:00+0000_16.4519
KRSNWDP,Krishna at Wadenepally,Krishna,2026-04-09 03:00:00+00:00,16.468071644940693,NORMAL,18.45,19.84,23.07,16.7944,80.07247,KRSNWDP_2026-04-09T03:00:00+0000_16.4681
KRSNWDP,Krishna at Wadenepally,Krishna,2026-04-09 04:00:00+00:00,16.415024575737462,NORMAL,18.45,19.84,23.07,16.7944,80.07247,KRSNWDP_2026-04-09T04:00:00+0000_16.4150
KRSNWDP,Krishna at Wadenepally,Krishna,2026-04-09 05:00:00+00:00,16.407037161446127,NORMAL,18.45,19.84,23.07,16.7944,80.07247,KRSNWDP_2026-04-09T05:00:00+0000_16.4070
KRSNWDP,Krishna at Wadenepally,Krishna,2026-04-09 06:00:00+00:00,16.28360767610226,NORMAL,18.45,19.84,23.07,16.7944,80.07247,KRSNWDP_2026-04-09T06:00:00+0000_16.2836
KRSNWDP,Krishna at Wadenepally,Krishna,2026-04-09 07:00:00+00:00,16.27222044405001,NORMAL,18.45,19.84,23.07,16.7944,80.07247,KRSNWDP_2026-04-09T07:00:00+0000_16.2722
KRSNWDP,Krishna at Wadenepally,Krishna,2026-04-09 08:00:00+00:00,16.20400955808265,NORMAL,18.45,19.84,23.07,16.7944,80.07247,KRSNWDP_2026-04-09T08:00:00+0000_16.2040
KRSNWDP,Krishna at Wadenepally,Krishna,2026-04-09 09:00:00+00:00,16.18531870534263,NORMAL,18.45,19.84,23.07,16.7944,80.07247,KRSNWDP_2026-04-09T09:00:00+0000_16.1853
KRSNWDP,Krishna at Wadenepally,Krishna,2026-04-09 10:00:00+00:00,16.17193980171203,NORMAL,18.45,19.84,23.07,16.7944,80.07247,KRSNWDP_2026-04-09T10:00:00+0000_16.1719
KRSNWDP,Krishna at Wadenepally,Krishna,2026-04-09 11:00:00+00:00,16.148121317900475,NORMAL,18.45,19.84,23.07,16.7944,80.07247,KRSNWDP_2026-04-09T11:00:00+0000_16.1481
KRSNWDP,Krishna at Wadenepally,Krishna,2026-04-09 12:00:00+00:00,16.161333147985296,NORMAL,18.45,19.84,23.07,16.7944,80.07247,KRSNWDP_2026-04-09T12:00:00+0000_16.1613
KRSNWDP,Krishna at Wadenepally,Krishna,2026-04-09 13:00:00+00:00,16.184252443878897,NORMAL,18.45,19.84,23.07,16.7944,80.07247,KRSNWDP_2026-04-09T13:00:00+0000_16.1843
KRSNWDP,Krishna at Wadenepally,Krishna,2026-04-09 14:00:00+00:00,16.23703205059251,NORMAL,18.45,19.84,23.07,16.7944,80.07247,KRSNWDP_2026-04-09T14:00:00+0000_16.2370
KRSNWDP,Krishna at Wadenepally,Krishna,2026-04-09 15:00:00+00:00,16.238819653710948,NORMAL,18.45,19.84,23.07,16.7944,80.07247,KRSNWDP_2026-04-09T15:00:00+0000_16.2388
KRSNWDP,Krishna at Wadenepally,Krishna,2026-04-09 16:00:00+00:00,16.291434235547857,NORMAL,18.45,19.84,23.07,16.7944,80.07247,KRSNWDP_2026-04-09T16:00:00+0000_16.2914
KRSNWDP,Krishna at Wadenepally,Krishna,2026-04-09 17:00:00+00:00,16.341681040360772,NORMAL,18.45,19.84,23.07,16.7944,80.07247,KRSNWDP_2026-04-09T17:00:00+0000_16.3417
KRSNWDP,Krishna at Wadenepally,Krishna,2026-04-09 18:00:00+00:00,16.40082129862614,NORMAL,18.45,19.84,23.07,16.7944,80.07247,KRSNWDP_2026-04-09T18:00:00+0000_16.4008
KRSNWDP,Krishna at Wadenepally,Krishna,2026-04-09 19:00:00+00:00,16.37897406670224,NORMAL,18.45,19.84,23.07,16.7944,80.07247,KRSNWDP_2026-04-09T19:00:00+0000_16.3790
KRSNWDP,Krishna at Wadenepally,Krishna,2026-04-09 20:00:00+00:00,16.423775746558963,NORMAL,18.45,19.84,23.07,16.7944,80.07247,KRSNWDP_2026-04-09T20:00:00+0000_16.4238
KRSNWDP,Krishna at Wadenepally,Krishna,2026-04-09 21:00:00+00:00,16.478335730070167,NORMAL,18.45,19.84,23.07,16.7944,80.07247,KRSNWDP_2026-04-09T21:00:00+0000_16.4783
KRSNWDP,Krishna at Wadenepally,Krishna,2026-04-09 22:00:00+00:00,16.529010703158633,NORMAL,18.45,19.84,23.07,16.7944,80.07247,KRSNWDP_2026-04-09T22:00:00+0000_16.5290
KRSNWDP,Krishna at Wadenepally,Krishna,2026-04-09 23:00:00+00:00,16.56777867526395,NORMAL,18.45,19.84,23.07,16.7944,80.07247,KRSNWDP_2026-04-09T23:00:00+0000_16.5678
KRSNWDP,Krishna at Wadenepally,Krishna,2026-04-10 00:00:00+00:00,,,18.45,19.84,23.07,16.7944,80.07247,KRSNWDP_2026-04-10T00:00:00+0000_
KRSNWDP,Krishna at Wadenepally,Krishna,2026-04-10 01:00:00+00:00,16.481360255680013,NORMAL,18.45,19.84,23.07,16.7944,80.07247,KRSNWDP_2026-04-10T01:00:00+0000_16.4814
KRSNWDP,Krishna at Wadenepally,Krishna,2026-04-10 02:00:00+00:00,16.499688972781023,NORMAL,18.45,19.84,23.07,16.7944,80.07247,KRSNWDP_2026-04-10T02:00:00+0000_16.4997
KRSNWDP,Krishna at Wadenepally,Krishna,2026-04-10 03:00:00+00:00,16.457221165977693,NORMAL,18.45,19.84,23.07,16.7944,80.07247,KRSNWDP_2026-04-10T03:00:00+0000_16.4572
KRSNWDP,Krishna at Wadenepally,Krishna,2026-04-10 04:00:00+00:00,16.433104510453102,NORMAL,18.45,19.84,23.07,16.7944,80.07247,KRSNWDP_2026-04-10T04:00:00+0000_16.4331
KRSNWDP,Krishna at Wadenepally,Krishna,2026-04-10 05:00:00+00:00,16.358277367162202,NORMAL,18.45,19.84,23.07,16.7944,80.07247,KRSNWDP_2026-04-10T05:00:00+0000_16.3583
KRSNWDP,Krishna at Wadenepally,Krishna,2026-04-10 06:00:00+00:00,16.327273861981762,NORMAL,18.45,19.84,23.07,16.7944,80.07247,KRSNWDP_2026-04-10T06:00:00+0000_16.3273
KRSNWDP,Krishna at Wadenepally,Krishna,2026-04-10 07:00:00+00:00,16.23621467148848,NORMAL,18.45,19.84,23.07,16.7944,80.07247,KRSNWDP_2026-04-10T07:00:00+0000_16.2362
KRSNWDP,Krishna at Wadenepally,Krishna,2026-04-10 08:00:00+00:00,16.238505952383573,NORMAL,18.45,19.84,23.07,16.7944,80.07247,KRSNWDP_2026-04-10T08:00:00+0000_16.2385
KRSNWDP,Krishna at Wadenepally,Krishna,2026-04-10 09:00:00+00:00,16.19752281824724,NORMAL,18.45,19.84,23.07,16.7944,80.07247,KRSNWDP_2026-04-10T09:00:00+0000_16.1975
KRSNWDP,Krishna at Wadenepally,Krishna,2026-04-10 10:00:00+00:00,16.160826191097115,NORMAL,18.45,19.84,23.07,16.7944,80.07247,KRSNWDP_2026-04-10T10:00:00+0000_16.1608
KRSNWDP,Krishna at Wadenepally,Krishna,2026-04-10 11:00:00+00:00,16.11497434014022,NORMAL,18.45,19.84,23.07,16.7944,80.07247,KRSNWDP_2026-04-10T11:00:00+0000_16.1150
KRSNWDP,Krishna at Wadenepally,Krishna,2026-04-10 12:00:00+00:00,16.17292446707876,NORMAL,18.45,19.84,23.07,16.7944,80.07247,KRSNWDP_2026-04-10T12:00:00+0000_16.1729
KRSNWDP,Krishna at Wadenepally,Krishna,2026-04-10 13:00:00+00:00,16.20762544219636,NORMAL,18.45,19.84,23.07,16.7944,80.07247,KRSNWDP_2026-04-10T13:00:00+0000_16.2076
KRSNWDP,Krishna at Wadenepally,Krishna,2026-04-10 14:00:00+00:00,16.155157882505623,NORMAL,18.45,19.84,23.07,16.7944,80.07247,KRSNWDP_2026-04-10T14:00:00+0000_16.1552
KRSNWDP,Krishna at Wadenepally,Krishna,2026-04-10 15:00:00+00:00,16.189837901823672,NORMAL,18.45,19.84,23.07,16.7944,80.07247,KRSNWDP_2026-04-10T15:00:00+0000_16.1898
KRSNWDP,Krishna at Wadenepally,Krishna,2026-04-10 16:00:00+00:00,16.294239801799364,NORMAL,18.45,19.84,23.07,16.7944,80.07247,KRSNWDP_2026-04-10T16:00:00+0000_16.2942
KRSNWDP,Krishna at Wadenepally,Krishna,2026-04-10 17:00:00+00:00,16.31522145935381,NORMAL,18.45,19.84,23.07,16.7944,80.07247,KRSNWDP_2026-04-10T17:00:00+0000_16.3152
KRSNWDP,Krishna at Wadenepally,Krishna,2026-04-10 18:00:00+00:00,16.39557311414092,NORMAL,18.45,19.84,23.07,16.7944,80.07247,KRSNWDP_2026-04-10T18:00:00+0000_16.3956
KRSNWDP,Krishna at Wadenepally,Krishna,2026-04-10 19:00:00+00:00,16.437611665503667,NORMAL,18.45,19.84,23.07,16.7944,80.07247,KRSNWDP_2026-04-10T19:00:00+0000_16.4376
KRSNWDP,Krishna at Wadenepally,Krishna,2026-04-10 20:00:00+00:00,16.50516784537437,NORMAL,18.45,19.84,23.07,16.7944,80.07247,KRSNWDP_2026-04-10T20:00:00+0000_16.5052
KRSNWDP,Krishna at Wadenepally,Krishna,2026-04-10 21:00:00+00:00,16.467570461821108,NORMAL,18.45,19.84,23.07,16.7944,80.07247,KRSNWDP_2026-04-10T21:00:00+0000_16.4676
KRSNWDP,Krishna at Wadenepally,Krishna,2026-04-10 22:00:00+00:00,16.53412167626249,NORMAL,18.45,19.84,23.07,16.7944,80.07247,KRSNWDP_2026-04-10T22:00:00+0000_16.5341
KRSNWDP,Krishna at Wadenepally,Krishna,2026-04-10 23:00:00+00:00,16.54167581056335,NORMAL,18.45,19.84,23.07,16.7944,80.07247,KRSNWDP_2026-04-10T23:00:00+0000_16.5417
KRSNWDP,Krishna at Wadenepally,Krishna,2026-04-11 00:00:00+00:00,16.549327646464793,NORMAL,18.45,19.84,23.07,16.7944,80.07247,KRSNWDP_2026-04-11T00:00:00+0000_16.5493
KRSNWDP,Krishna at Wadenepally,Krishna,2026-04-11 01:00:00+00:00,16.50749101708447,NORMAL,18.45,19.84,23.07,16.7944,80.07247,KRSNWDP_2026-04-11T01:00:00+0000_16.5075
KRSNWDP,Krishna at Wadenepally,Krishna,2026-04-11 02:00:00+00:00,16.51850068171417,NORMAL,18.45,19.84,23.07,16.7944,80.07247,KRSNWDP_2026-04-11T02:00:00+0000_16.5185
KRSNWDP,Krishna at Wadenepally,Krishna,2026-04-11 03:00:00+00:00,16.472338850886242,NORMAL,18.45,19.84,23.07,16.7944,80.07247,KRSNWDP_2026-04-11T03:00:00+0000_16.4723
KRSNWDP,Krishna at Wadenepally,Krishna,2026-04-11 04:00:00+00:00,16.466183959328685,NORMAL,18.45,19.84,23.07,16.7944,80.07247,KRSNWDP_2026-04-11T04:00:00+0000_16.4662
KRSNWDP,Krishna at Wadenepally,Krishna,2026-04-11 05:00:00+00:00,16.374949440687185,NORMAL,18.45,19.84,23.07,16.7944,80.07247,KRSNWDP_2026-04-11T05:00:00+0000_16.3749
KRSNWDP,Krishna at Wadenepally,Krishna,2026-04-11 06:00:00+00:00,16.29162471700856,NORMAL,18.45,19.84,23.07,16.7944,80.07247,KRSNWDP_2026-04-11T06:00:00+0000_16.2916
KRSNWDP,Krishna at Wadenepally,Krishna,2026-04-11 07:00:00+00:00,16.229092297903964,NORMAL,18.45,19.84,23.07,16.7944,80.07247,KRSNWDP_2026-04-11T07:00:00+0000_16.2291
KRSNWDP,Krishna at Wadenepally,Krishna,2026-04-11 08:00:00+00:00,16.18551238813249,NORMAL,18.45,19.84,23.07,16.7944,80.07247,KRSNWDP_2026-04-11T08:00:00+0000_16.1855
KRSNWDP,Krishna at Wadenepally,Krishna,2026-04-11 09:00:00+00:00,16.18084663746883,NORMAL,18.45,19.84,23.07,16.7944,80.07247,KRSNWDP_2026-04-11T09:00:00+0000_16.1808
KRSNWDP,Krishna at Wadenepally,Krishna,2026-04-11 10:00:00+00:00,16.21710236963769,NORMAL,18.45,19.84,23.07,16.7944,80.07247,KRSNWDP_2026-04-11T10:00:00+0000_16.2171
KRSNWDP,Krishna at Wadenepally,Krishna,2026-04-11 11:00:00+00:00,19.951959044132472,DANGER,18.45,19.84,23.07,16.7944,80.07247,KRSNWDP_2026-04-11T11:00:00+0000_19.9520
KRSNWDP,Krishna at Wadenepally,Krishna,2026-04-11 12:00:00+00:00,19.540276664599247,WARNING,18.45,19.84,23.07,16.7944,80.07247,KRSNWDP_2026-04-11T12:00:00+0000_19.5403
KRSNWDP,Krishna at Wadenepally,Krishna,2026-04-11 13:00:00+00:00,19.23427564869622,WARNING,18.45,19.84,23.07,16.7944,80.07247,KRSNWDP_2026-04-11T13:00:00+0000_19.2343
KRSNWDP,Krishna at Wadenepally,Krishna,2026-04-11 14:00:00+00:00,19.011362130410483,WARNING,18.45,19.84,23.07,16.7944,80.07247,KRSNWDP_2026-04-11T14:00:00+0000_19.0114
KRSNWDP,Krishna at Wadenepally,Krishna,2026-04-11 15:00:00+00:00,18.730414106001952,WARNING,18.45,19.84,23.07,16.7944,80.07247,KRSNWDP_2026-04-11T15:00:00+0000_18.7304
KRSNWDP,Krishna at Wadenepally,Krishna,2026-04-11 16:00:00+00:00,18.50500851388919,WARNING,18.45,19.84,23.07,16.7944,80.07247,KRSNWDP_2026-04-11T16:00:00+0000_18.5050
KRSNWDP,Krishna at Wadenepally,Krishna,2026-04-11 17:00:00+00:00,16.34660759066095,NORMAL,18.45,19.84,23.07,16.7944,80.07247,KRSNWDP_2026-04-11T17:00:00+0000_16.3466
KRSNWDP,Krishna at Wadenepally,Krishna,2026-04-11 18:00:00+00:00,16.39988597249717,NORMAL,18.45,19.84,23.07,16.7944,80.07247,KRSNWDP_2026-04-11T18:00:00+0000_16.3999
KRSNWDP,Krishna at Wadenepally,Krishna,2026-04-11 19:00:00+00:00,16.39533510267955,NORMAL,18.45,19.84,23.07,16.7944,80.07247,KRSNWDP_2026-04-11T19:00:00+0000_16.3953
KRSNWDP,Krishna at Wadenepally,Krishna,2026-04-11 20:00:00+00:00,16.488041584294205,NORMAL,18.45,19.84,23.07,16.7944,80.07247,KRSNWDP_2026-04-11T20:00:00+0000_16.4880
KRSNWDP,Krishna at Wadenepally,Krishna,2026-04-11 21:00:00+00:00,16.549938178294607,NORMAL,18.45,19.84,23.07,16.7944,80.07247,KRSNWDP_2026-04-11T21:00:00+0000_16.5499
KRSNWDP,Krishna at Wadenepally,Krishna,2026-04-11 22:00:00+00:00,16.557135876760015,NORMAL,18.45,19.84,23.07,16.7944,80.07247,KRSNWDP_2026-04-11T22:00:00+0000_16.5571
KRSNWDP,Krishna at Wadenepally,Krishna,2026-04-11 23:00:00+00:00,16.514666312911906,NORMAL,18.45,19.84,23.07,16.7944,80.07247,KRSNWDP_2026-04-11T23:00:00+0000_16.5147
KRSNWDP,Krishna at Wadenepally,Krishna,2026-04-12 00:00:00+00:00,16.524382555630705,NORMAL,18.45,19.84,23.07,16.7944,80.07247,KRSNWDP_2026-04-12T00:00:00+0000_16.5244
KRSNWDP,Krishna at Wadenepally,Krishna,2026-04-12 01:00:00+00:00,16.571100076399254,NORMAL,18.45,19.84,23.07,16.7944,80.07247,KRSNWDP_2026-04-12T01:00:00+0000_16.5711
KRSNWDP,Krishna at Wadenepally,Krishna,2026-04-12 02:00:00+00:00,16.51653087712399,NORMAL,18.45,19.84,23.07,16.7944,80.07247,KRSNWDP_2026-04-12T02:00:00+0000_16.5165
KRSNWDP,Krishna at Wadenepally,Krishna,2026-04-12 03:00:00+00:00,16.480011429654603,NORMAL,18.45,19.84,23.07,16.7944,80.07247,KRSNWDP_2026-04-12T03:00:00+0000_16.4800
KRSNWDP,Krishna at Wadenepally,Krishna,2026-04-12 04:00:00+00:00,16.4712768707305,NORMAL,18.45,19.84,23.07,16.7944,80.07247,KRSNWDP_2026-04-12T04:00:00+0000_16.4713
KRSNWDP,Krishna at Wadenepally,Krishna,2026-04-12 05:00:00+00:00,16.38437487070966,NORMAL,18.45,19.84,23.07,16.7944,80.07247,KRSNWDP_2026-04-12T05:00:00+0000_16.3844
KRSNWDP,Krishna at Wadenepally,Krishna,2026-04-12 06:00:00+00:00,16.3058141311238,NORMAL,18.45,19.84,23.07,16.7944,80.07247,KRSNWDP_2026-04-12T06:00:00+0000_16.3058
KRSNWDP,Krishna at Wadenepally,Krishna,2026-04-12 07:00:00+00:00,16.27285260631918,NORMAL,18.45,19.84,23.07,16.7944,80.07247,KRSNWDP_2026-04-12T07:00:00+0000_16.2729
KRSNWDP,Krishna at Wadenepally,Krishna,2026-04-12 08:00:00+00:00,16.266910805626456,NORMAL,18.45,19.84,23.07,16.7944,80.07247,KRSNWDP_2026-04-12T08:00:00+0000_16.2669
KRSNWDP,Krishna at Wadenepally,Krishna,2026-04-12 09:00:00+00:00,16.159327020650867,NORMAL,18.45,19.84,23.07,16.7944,80.07247,KRSNWDP_2026-04-12T09:00:00+0000_16.1593
KRSNWDP,Krishna at Wadenepally,Krishna,2026-04-12 10:00:00+00:00,16.216006964709596,NORMAL,18.45,19.84,23.07,16.7944,80.07247,KRSNWDP_2026-04-12T10:00:00+0000_16.2160
KRSNWDP,Krishna at Wadenepally,Krishna,2026-04-12 11:00:00+00:00,16.160144800847416,NORMAL,18.45,19.84,23.07,16.7944,80.07247,KRSNWDP_2026-04-12T11:00:00+0000_16.1601
KRSNWDP,Krishna at Wadenepally,Krishna,2026-04-12 12:00:00+00:00,16.197237281616438,NORMAL,18.45,19.84,23.07,16.7944,80.07247,KRSNWDP_2026-04-12T12:00:00+0000_16.1972
KRSNWDP,Krishna at Wadenepally,Krishna,2026-04-12 13:00:00+00:00,16.139243829552356,NORMAL,18.45,19.84,23.07,16.7944,80.07247,KRSNWDP_2026-04-12T13:00:00+0000_16.1392
KRSNWDP,Krishna at Wadenepally,Krishna,2026-04-12 14:00:00+00:00,16.23268464539491,NORMAL,18.45,19.84,23.07,16.7944,80.07247,KRSNWDP_2026-04-12T14:00:00+0000_16.2327
KRSNWDP,Krishna at Wadenepally,Krishna,2026-04-12 15:00:00+00:00,16.296887742124927,NORMAL,18.45,19.84,23.07,16.7944,80.07247,KRSNWDP_2026-04-12T15:00:00+0000_16.2969
KRSNWDP,Krishna at Wadenepally,Krishna,2026-04-12 16:00:00+00:00,16.287039442721763,NORMAL,18.45,19.84,23.07,16.7944,80.07247,KRSNWDP_2026-04-12T16:00:00+0000_16.2870
KRSNWDP,Krishna at Wadenepally,Krishna,2026-04-12 17:00:00+00:00,16.372405117854704,NORMAL,18.45,19.84,23.07,16.7944,80.07247,KRSNWDP_2026-04-12T17:00:00+0000_16.3724
KRSNWDP,Krishna at Wadenepally,Krishna,2026-04-12 18:00:00+00:00,16.39969935722764,NORMAL,18.45,19.84,23.07,16.7944,80.07247,KRSNWDP_2026-04-12T18:00:00+0000_16.3997
KRSNWDP,Krishna at Wadenepally,Krishna,2026-04-12 19:00:00+00:00,16.45145522833164,NORMAL,18.45,19.84,23.07,16.7944,80.07247,KRSNWDP_2026-04-12T19:00:00+0000_16.4515
KRSNWDP,Krishna at Wadenepally,Krishna,2026-04-12 20:00:00+00:00,16.454480807331965,NORMAL,18.45,19.84,23.07,16.7944,80.07247,KRSNWDP_2026-04-12T20:00:00+0000_16.4545
KRSNWDP,Krishna at Wadenepally,Krishna,2026-04-12 21:00:00+00:00,16.562766551374377,NORMAL,18.45,19.84,23.07,16.7944,80.07247,KRSNWDP_2026-04-12T21:00:00+0000_16.5628
KRSNWDP,Krishna at Wadenepally,Krishna,2026-04-12 22:00:00+00:00,16.51509372509282,NORMAL,18.45,19.84,23.07,16.7944,80.07247,KRSNWDP_2026-04-12T22:00:00+0000_16.5151
KRSNWDP,Krishna at Wadenepally,Krishna,2026-04-12 23:00:00+00:00,16.596529573204627,NORMAL,18.45,19.84,23.07,16.7944,80.07247,KRSNWDP_2026-04-12T23:00:00+0000_16.5965
KRSNWDP,Krishna at Wadenepally,Krishna,2026-04-13 00:00:00+00:00,16.56162746908316,NORMAL,18.45,19.84,23.07,16.7944,80.07247,KRSNWDP_2026-04-13T00:00:00+0000_16.5616
KRSNWDP,Krishna at Wadenepally,Krishna,2026-04-13 01:00:00+00:00,16.53221284945208,NORMAL,18.45,19.84,23.07,16.7944,80.07247,KRSNWDP_2026-04-13T01:00:00+0000_16.5322
KRSNWDP,Krishna at Wadenepally,Krishna,2026-04-13 02:00:00+00:00,16.543511337110093,NORMAL,18.45,19.84,23.07,16.7944,80.07247,KRSNWDP_2026-04-13T02:00:00+0000_16.5435
KRSNWDP,Krishna at Wadenepally,Krishna,2026-04-13 03:00:00+00:00,16.482481524919844,NORMAL,18.45,19.84,23.07,16.7944,80.07247,KRSNWDP_2026-04-13T03:00:00+0000_16.4825
KRSNWDP,Krishna at Wadenepally,Krishna,2026-04-13 04:00:00+00:00,16.453692530099023,NORMAL,18.45,19.84,23.07,16.7944,80.07247,KRSNWDP_2026-04-13T04:00:00+0000_16.4537
KRSNWDP,Krishna at Wadenepally,Krishna,2026-04-13 05:00:00+00:00,16.348088512989587,NORMAL,18.45,19.84,23.07,16.7944,80.07247,KRSNWDP_2026-04-13T05:00:00+0000_16.3481
KRSNWDP,Krishna at Wadenepally,Krishna,2026-04-13 06:00:00+00:00,16.344253375427584,NORMAL,18.45,19.84,23.07,16.7944,80.07247,KRSNWDP_2026-04-13T06:00:00+0000_16.3443
KRSNWDP,Krishna at Wadenepally,Krishna,2026-04-13 07:00:00+00:00,16.254477518983208,NORMAL,18.45,19.84,23.07,16.7944,80.07247,KRSNWDP_2026-04-13T07:00:00+0000_16.2545
KRSNWDP,Krishna at Wadenepally,Krishna,2026-04-13 08:00:00+00:00,16.28713371762236,NORMAL,18.45,19.84,23.07,16.7944,80.07247,KRSNWDP_2026-04-13T08:00:00+0000_16.2871
KRSNWDP,Krishna at Wadenepally,Krishna,2026-04-13 09:00:00+00:00,19.3558392386524,WARNING,18.45,19.84,23.07,16.7944,80.07247,KRSNWDP_2026-04-13T09:00:00+0000_19.3558
KRSNWDP,Krishna at Wadenepally,Krishna,2026-04-13 10:00:00+00:00,19.02847867668546,WARNING,18.45,19.84,23.07,16.7944,80.07247,KRSNWDP_2026-04-13T10:00:00+0000_19.0285
KRSNWDP,Krishna at Wadenepally,Krishna,2026-04-13 11:00:00+00:00,16.175498490029682,NORMAL,18.45,19.84,23.07,16.7944,80.07247,KRSNWDP_2026-04-13T11:00:00+0000_16.1755
KRSNWDP,Krishna at Wadenepally,Krishna,2026-04-13 12:00:00+00:00,16.170740609621156,NORMAL,18.45,19.84,23.07,16.7944,80.07247,KRSNWDP_2026-04-13T12:00:00+0000_16.1707
KRSNWDP,Krishna at Wadenepally,Krishna,2026-04-13 13:00:00+00:00,16.173667298223698,NORMAL,18.45,19.84,23.07,16.7944,80.07247,KRSNWDP_2026-04-13T13:00:00+0000_16.1737
KRSNWDP,Krishna at Wadenepally,Krishna,2026-04-13 14:00:00+00:00,16.186630865682453,NORMAL,18.45,19.84,23.07,16.7944,80.07247,KRSNWDP_2026-04-13T14:00:00+0000_16.1866
KRSNWDP,Krishna at Wadenepally,Krishna,2026-04-13 15:00:00+00:00,16.299520504976446,NORMAL,18.45,19.84,23.07,16.7944,80.07247,KRSNWDP_2026-04-13T15:00:00+0000_16.2995
KRSNWDP,Krishna at Wadenepally,Krishna,2026-04-13 16:00:00+00:00,16.29273928695099,NORMAL,18.45,19.84,23.07,16.7944,80.07247,KRSNWDP_2026-04-13T16:00:00+0000_16.2927
KRSNWDP,Krishna at Wadenepally,Krishna,2026-04-13 17:00:00+00:00,16.327963932208107,NORMAL,18.45,19.84,23.07,16.7944,80.07247,KRSNWDP_2026-04-13T17:00:00+0000_16.3280
KRSNWDP,Krishna at Wadenepally,Krishna,2026-04-13 18:00:00+00:00,16.356377207380177,NORMAL,18.45,19.84,23.07,16.7944,80.07247,KRSNWDP_2026-04-13T18:00:00+0000_16.3564
KRSNWDP,Krishna at Wadenepally,Krishna,2026-04-13 19:00:00+00:00,16.4671796909175,NORMAL,18.45,19.84,23.07,16.7944,80.07247,KRSNWDP_2026-04-13T19:00:00+0000_16.4672
KRSNWDP,Krishna at Wadenepally,Krishna,2026-04-13 20:00:00+00:00,16.52694249573128,NORMAL,18.45,19.84,23.07,16.7944,80.07247,KRSNWDP_2026-04-13T20:00:00+0000_16.5269
KRSNWDP,Krishna at Wadenepally,Krishna,2026-04-13 21:00:00+00:00,16.472114578149885,NORMAL,18.45,19.84,23.07,16.7944,80.07247,KRSNWDP_2026-04-13T21:00:00+0000_16.4721
KRSNWDP,Krishna at Wadenepally,Krishna,2026-04-13 22:00:00+00:00,16.543354898932257,NORMAL,18.45,19.84,23.07,16.7944,80.07247,KRSNWDP_2026-04-13T22:00:00+0000_16.5434
KRSNWDP,Krishna at Wadenepally,Krishna,2026-04-13 23:00:00+00:00,16.509200704880556,NORMAL,18.45,19.84,23.07,16.7944,80.07247,KRSNWDP_2026-04-13T23:00:00+0000_16.5092
KRSNWDP,Krishna at Wadenepally,Krishna,2026-04-14 00:00:00+00:00,16.545287882499064,NORMAL,18.45,19.84,23.07,16.7944,80.07247,KRSNWDP_2026-04-14T00:00:00+0000_16.5453
KRSNWDP,Krishna at Wadenepally,Krishna,2026-04-14 01:00:00+00:00,16.559112279345303,NORMAL,18.45,19.84,23.07,16.7944,80.07247,KRSNWDP_2026-04-14T01:00:00+0000_16.5591
KRSNWDP,Krishna at Wadenepally,Krishna,2026-04-14 02:00:00+00:00,16.489309152960928,NORMAL,18.45,19.84,23.07,16.7944,80.07247,KRSNWDP_2026-04-14T02:00:00+0000_16.4893
KRSNWDP,Krishna at Wadenepally,Krishna,2026-04-14 03:00:00+00:00,16.52371406748222,NORMAL,18.45,19.84,23.07,16.7944,80.07247,KRSNWDP_2026-04-14T03:00:00+0000_16.5237
KRSNWDP,Krishna at Wadenepally,Krishna,2026-04-14 04:00:00+00:00,16.4528498794795,NORMAL,18.45,19.84,23.07,16.7944,80.07247,KRSNWDP_2026-04-14T04:00:00+0000_16.4528
KRSNWDP,Krishna at Wadenepally,Krishna,2026-04-14 05:00:00+00:00,16.375683253060565,NORMAL,18.45,19.84,23.07,16.7944,80.07247,KRSNWDP_2026-04-14T05:00:00+0000_16.3757
KRSNWDP,Krishna at Wadenepally,Krishna,2026-04-14 06:00:00+00:00,16.34410954751338,NORMAL,18.45,19.84,23.07,16.7944,80.07247,KRSNWDP_2026-04-14T06:00:00+0000_16.3441
KRSNWDP,Krishna at Wadenepally,Krishna,2026-04-14 07:00:00+00:00,16.25623216413392,NORMAL,18.45,19.84,23.07,16.7944,80.07247,KRSNWDP_2026-04-14T07:00:00+0000_16.2562
KRSNWDP,Krishna at Wadenepally,Krishna,2026-04-14 08:00:00+00:00,16.262531949371937,NORMAL,18.45,19.84,23.07,16.7944,80.07247,KRSNWDP_2026-04-14T08:00:00+0000_16.2625
KRSNWDP,Krishna at Wadenepally,Krishna,2026-04-14 09:00:00+00:00,16.171768887026737,NORMAL,18.45,19.84,23.07,16.7944,80.07247,KRSNWDP_2026-04-14T09:00:00+0000_16.1718
KRSNWDP,Krishna at Wadenepally,Krishna,2026-04-14 10:00:00+00:00,16.21280212285929,NORMAL,18.45,19.84,23.07,16.7944,80.07247,KRSNWDP_2026-04-14T10:00:00+0000_16.2128
KRSNWDP,Krishna at Wadenepally,Krishna,2026-04-14 11:00:00+00:00,16.147556910508218,NORMAL,18.45,19.84,23.07,16.7944,80.07247,KRSNWDP_2026-04-14T11:00:00+0000_16.1476
KRSNWDP,Krishna at Wadenepally,Krishna,2026-04-14 12:00:00+00:00,,,18.45,19.84,23.07,16.7944,80.07247,KRSNWDP_2026-04-14T12:00:00+0000_
KRSNWDP,Krishna at Wadenepally,Krishna,2026-04-14 13:00:00+00:00,16.17193643653886,NORMAL,18.45,19.84,23.07,16.7944,80.07247,KRSNWDP_2026-04-14T13:00:00+0000_16.1719
KRSNWDP,Krishna at Wadenepally,Krishna,2026-04-14 14:00:00+00:00,16.225766387810047,NORMAL,18.45,19.84,23.07,16.7944,80.07247,KRSNWDP_2026-04-14T14:00:00+0000_16.2258
KRSNWDP,Krishna at Wadenepally,Krishna,2026-04-14 15:00:00+00:00,16.244834216140422,NORMAL,18.45,19.84,23.07,16.7944,80.07247,KRSNWDP_2026-04-14T15:00:00+0000_16.2448
KRSNWDP,Krishna at Wadenepally,Krishna,2026-04-14 16:00:00+00:00,16.269601574763016,NORMAL,18.45,19.84,23.07,16.7944,80.07247,KRSNWDP_2026-04-14T16:00:00+0000_16.2696
KRSNWDP,Krishna at Wadenepally,Krishna,2026-04-14 17:00:00+00:00,16.322726412625325,NORMAL,18.45,19.84,23.07,16.7944,80.07247,KRSNWDP_2026-04-14T17:00:00+0000_16.3227
KRSNWDP,Krishna at Wadenepally,Krishna,2026-04-14 18:00:00+00:00,16.406573987350974,NORMAL,18.45,19.84,23.07,16.7944,80.07247,KRSNWDP_2026-04-14T18:00:00+0000_16.4066
KRSNWDP,Krishna at Wadenepally,Krishna,2026-04-14 19:00:00+00:00,16.4577164495981,NORMAL,18.45,19.84,23.07,16.7944,80.07247,KRSNWDP_2026-04-14T19:00:00+0000_16.4577
KRSNWDP,Krishna at Wadenepally,Krishna,2026-04-14 20:00:00+00:00,16.519008979067852,NORMAL,18.45,19.84,23.07,16.7944,80.07247,KRSNWDP_2026-04-14T20:00:00+0000_16.5190
KRSNWDP,Krishna at Wadenepally,Krishna,2026-04-14 21:00:00+00:00,16.53062270733986,NORMAL,18.45,19.84,23.07,16.7944,80.07247,KRSNWDP_2026-04-14T21:00:00+0000_16.5306
KRSNWDP,Krishna at Wadenepally,Krishna,2026-04-14 22:00:00+00:00,16.50762498899185,NORMAL,18.45,19.84,23.07,16.7944,80.07247,KRSNWDP_2026-04-14T22:00:00+0000_16.5076
KRSNWDP,Krishna at Wadenepally,Krishna,2026-04-14 23:00:00+00:00,16.576329064300538,NORMAL,18.45,19.84,23.07,16.7944,80.07247,KRSNWDP_2026-04-14T23:00:00+0000_16.5763
KRSNWDP,Krishna at Wadenepally,Krishna,2026-04-15 00:00:00+00:00,16.58960371550832,NORMAL,18.45,19.84,23.07,16.7944,80.07247,KRSNWDP_2026-04-15T00:00:00+0000_16.5896
KRSNWDP,Krishna at Wadenepally,Krishna,2026-04-15 01:00:00+00:00,16.535478163422866,NORMAL,18.45,19.84,23.07,16.7944,80.07247,KRSNWDP_2026-04-15T01:00:00+0000_16.5355
KRSNWDP,Krishna at Wadenepally,Krishna,2026-04-15 02:00:00+00:00,16.564433557685884,NORMAL,18.45,19.84,23.07,16.7944,80.07247,KRSNWDP_2026-04-15T02:00:00+0000_16.5644
KRSNWDP,Krishna at Wadenepally,Krishna,2026-04-15 03:00:00+00:00,16.530293754120944,NORMAL,18.45,19.84,23.07,16.7944,80.07247,KRSNWDP_2026-04-15T03:00:00+0000_16.5303
KRSNWDP,Krishna at Wadenepally,Krishna,2026-04-15 04:00:00+00:00,16.466401330156312,NORMAL,18.45,19.84,23.07,16.7944,80.07247,KRSNWDP_2026-04-15T04:00:00+0000_16.4664
KRSNWDP,Krishna at Wadenepally,Krishna,2026-04-15 05:00:00+00:00,16.397265634019043,NORMAL,18.45,19.84,23.07,16.7944,80.07247,KRSNWDP_2026-04-15T05:00:00+0000_16.3973
KRSNWDP,Krishna at Wadenepally,Krishna,2026-04-15 06:00:00+00:00,16.332510788662685,NORMAL,18.45,19.84,23.07,16.7944,80.07247,KRSNWDP_2026-04-15T06:00:00+0000_16.3325
KRSNWDP,Krishna at Wadenepally,Krishna,2026-04-15 07:00:00+00:00,16.266215129802767,NORMAL,18.45,19.84,23.07,16.7944,80.07247,KRSNWDP_2026-04-15T07:00:00+0000_16.2662
KRSNWDP,Krishna at Wadenepally,Krishna,2026-04-15 08:00:00+00:00,16.26405721258563,NORMAL,18.45,19.84,23.07,16.7944,80.07247,KRSNWDP_2026-04-15T08:00:00+0000_16.2641
KRSNWDP,Krishna at Wadenepally,Krishna,2026-04-15 09:00:00+00:00,16.185193424075795,NORMAL,18.45,19.84,23.07,16.7944,80.07247,KRSNWDP_2026-04-15T09:00:00+0000_16.1852
KRSNWDP,Krishna at Wadenepally,Krishna,2026-04-15 10:00:00+00:00,16.17106341642939,NORMAL,18.45,19.84,23.07,16.7944,80.07247,KRSNWDP_2026-04-15T10:00:00+0000_16.1711
KRSNWDP,Krishna at Wadenepally,Krishna,2026-04-15 11:00:00+00:00,16.238210070580354,NORMAL,18.45,19.84,23.07,16.7944,80.07247,KRSNWDP_2026-04-15T11:00:00+0000_16.2382
KRSNWDP,Krishna at Wadenepally,Krishna,2026-04-15 12:00:00+00:00,16.20317203178797,NORMAL,18.45,19.84,23.07,16.7944,80.07247,KRSNWDP_2026-04-15T12:00:00+0000_16.2032
KRSNWDP,Krishna at Wadenepally,Krishna,2026-04-15 13:00:00+00:00,16.164593992069374,NORMAL,18.45,19.84,23.07,16.7944,80.07247,KRSNWDP_2026-04-15T13:00:00+0000_16.1646
KRSNWDP,Krishna at Wadenepally,Krishna,2026-04-15 14:00:00+00:00,16.22062630927978,NORMAL,18.45,19.84,23.07,16.7944,80.07247,KRSNWDP_2026-04-15T14:00:00+0000_16.2206
KRSNWDP,Krishna at Wadenepally,Krishna,2026-04-15 15:00:00+00:00,16.230341997484402,NORMAL,18.45,19.84,23.07,16.7944,80.07247,KRSNWDP_2026-04-15T15:00:00+0000_16.2303
KRSNWDP,Krishna at Wadenepally,Krishna,2026-04-15 16:00:00+00:00,16.29408652443331,NORMAL,18.45,19.84,23.07,16.7944,80.07247,KRSNWDP_2026-04-15T16:00:00+0000_16.2941
KRSNWDP,Krishna at Wadenepally,Krishna,2026-04-15 17:00:00+00:00,16.368069154626095,NORMAL,18.45,19.84,23.07,16.7944,80.07247,KRSNWDP_2026-04-15T17:00:00+0000_16.3681
KRSNWDP,Krishna at Wadenepally,Krishna,2026-04-15 18:00:00+00:00,16.419448744189012,NORMAL,18.45,19.84,23.07,16.7944,80.07247,KRSNWDP_2026-04-15T18:00:00+0000_16.4194
KRSNWDP,Krishna at Wadenepally,Krishna,2026-04-15 19:00:00+00:00,16.44216448573873,NORMAL,18.45,19.84,23.07,16.7944,80.07247,KRSNWDP_2026-04-15T19:00:00+0000_16.4422
KRSNWDP,Krishna at Wadenepally,Krishna,2026-04-15 20:00:00+00:00,16.510553941922115,NORMAL,18.45,19.84,23.07,16.7944,80.07247,KRSNWDP_2026-04-15T20:00:00+0000_16.5106
KRSNWDP,Krishna at Wadenepally,Krishna,2026-04-15 21:00:00+00:00,16.539088957483038,NORMAL,18.45,19.84,23.07,16.7944,80.07247,KRSNWDP_2026-04-15T21:00:00+0000_16.5391
KRSNWDP,Krishna at Wadenepally,Krishna,2026-04-15 22:00:00+00:00,16.600926781877707,NORMAL,18.45,19.84,23.07,16.7944,80.07247,KRSNWDP_2026-04-15T22:00:00+0000_16.6009
KRSNWDP,Krishna at Wadenepally,Krishna,2026-04-15 23:00:00+00:00,16.551270846935747,NORMAL,18.45,19.84,23.07,16.7944,80.07247,KRSNWDP_2026-04-15T23:00:00+0000_16.5513
KRSNWDP,Krishna at Wadenepally,Krishna,2026-04-16 00:00:00+00:00,16.561565648627372,NORMAL,18.45,19.84,23.07,16.7944,80.07247,KRSNWDP_2026-04-16T00:00:00+0000_16.5616
KRSNWDP,Krishna at Wadenepally,Krishna,2026-04-16 01:00:00+00:00,16.577091395696055,NORMAL,18.45,19.84,23.07,16.7944,80.07247,KRSNWDP_2026-04-16T01:00:00+0000_16.5771
KRSNWDP,Krishna at Wadenepally,Krishna,2026-04-16 02:00:00+00:00,16.520191562230206,NORMAL,18.45,19.84,23.07,16.7944,80.07247,KRSNWDP_2026-04-16T02:00:00+0000_16.5202
KRSNWDP,Krishna at Wadenepally,Krishna,2026-04-16 03:00:00+00:00,16.510210503930033,NORMAL,18.45,19.84,23.07,16.7944,80.07247,KRSNWDP_2026-04-16T03:00:00+0000_16.5102
KRSNWDP,Krishna at Wadenepally,Krishna,2026-04-16 04:00:00+00:00,16.44741058166957,NORMAL,18.45,19.84,23.07,16.7944,80.07247,KRSNWDP_2026-04-16T04:00:00+0000_16.4474
KRSNWDP,Krishna at Wadenepally,Krishna,2026-04-16 05:00:00+00:00,16.391696797246894,NORMAL,18.45,19.84,23.07,16.7944,80.07247,KRSNWDP_2026-04-16T05:00:00+0000_16.3917
KRSNWDP,Krishna at Wadenepally,Krishna,2026-04-16 06:00:00+00:00,16.356713355696648,NORMAL,18.45,19.84,23.07,16.7944,80.07247,KRSNWDP_2026-04-16T06:00:00+0000_16.3567
KRSNWDP,Krishna at Wadenepally,Krishna,2026-04-16 07:00:00+00:00,16.361093441817825,NORMAL,18.45,19.84,23.07,16.7944,80.07247,KRSNWDP_2026-04-16T07:00:00+0000_16.3611
KRSNWDP,Krishna at Wadenepally,Krishna,2026-04-16 08:00:00+00:00,16.222211312241196,NORMAL,18.45,19.84,23.07,16.7944,80.07247,KRSNWDP_2026-04-16T08:00:00+0000_16.2222
KRSNWDP,Krishna at Wadenepally,Krishna,2026-04-16 09:00:00+00:00,16.217640758514953,NORMAL,18.45,19.84,23.07,16.7944,80.07247,KRSNWDP_2026-04-16T09:00:00+0000_16.2176
KRSNWDP,Krishna at Wadenepally,Krishna,2026-04-16 10:00:00+00:00,16.18958780309617,NORMAL,18.45,19.84,23.07,16.7944,80.07247,KRSNWDP_2026-04-16T10:00:00+0000_16.1896
KRSNWDP,Krishna at Wadenepally,Krishna,2026-04-16 11:00:00+00:00,16.207756654896762,NORMAL,18.45,19.84,23.07,16.7944,80.07247,KRSNWDP_2026-04-16T11:00:00+0000_16.2078
KRSNWDP,Krishna at Wadenepally,Krishna,2026-04-16 12:00:00+00:00,16.23441209080709,NORMAL,18.45,19.84,23.07,16.7944,80.07247,KRSNWDP_2026-04-16T12:00:00+0000_16.2344
KRSNWDP,Krishna at Wadenepally,Krishna,2026-04-16 13:00:00+00:00,16.259258924276686,NORMAL,18.45,19.84,23.07,16.7944,80.07247,KRSNWDP_2026-04-16T13:00:00+0000_16.2593
KRSNWDP,Krishna at Wadenepally,Krishna,2026-04-16 14:00:00+00:00,16.192403374558793,NORMAL,18.45,19.84,23.07,16.7944,80.07247,KRSNWDP_2026-04-16T14:00:00+0000_16.1924
KRSNWDP,Krishna at Wadenepally,Krishna,2026-04-16 15:00:00+00:00,16.305689045613498,NORMAL,18.45,19.84,23.07,16.7944,80.07247,KRSNWDP_2026-04-16T15:00:00+0000_16.3057
KRSNWDP,Krishna at Wadenepally,Krishna,2026-04-16 16:00:00+00:00,16.369774702655164,NORMAL,18.45,19.84,23.07,16.7944,80.07247,KRSNWDP_2026-04-16T16:00:00+0000_16.3698
KRSNWDP,Krishna at Wadenepally,Krishna,2026-04-16 17:00:00+00:00,16.405327374013616,NORMAL,18.45,19.84,23.07,16.7944,80.07247,KRSNWDP_2026-04-16T17:00:00+0000_16.4053
KRSNWDP,Krishna at Wadenepally,Krishna,2026-04-16 18:00:00+00:00,16.384171921286313,NORMAL,18.45,19.84,23.07,16.7944,80.07247,KRSNWDP_2026-04-16T18:00:00+0000_16.3842
KRSNWDP,Krishna at Wadenepally,Krishna,2026-04-16 19:00:00+00:00,16.477550033241272,NORMAL,18.45,19.84,23.07,16.7944,80.07247,KRSNWDP_2026-04-16T19:00:00+0000_16.4776
KRSNWDP,Krishna at Wadenepally,Krishna,2026-04-16 20:00:00+00:00,16.523998437047915,NORMAL,18.45,19.84,23.07,16.7944,80.07247,KRSNWDP_2026-04-16T20:00:00+0000_16.5240
KRSNWDP,Krishna at Wadenepally,Krishna,2026-04-16 21:00:00+00:00,16.517772071849667,NORMAL,18.45,19.84,23.07,16.7944,80.07247,KRSNWDP_2026-04-16T21:00:00+0000_16.5178
KRSNWDP,Krishna at Wadenepally,Krishna,2026-04-16 22:00:00+00:00,16.5841951512458,NORMAL,18.45,19.84,23.07,16.7944,80.07247,KRSNWDP_2026-04-16T22:00:00+0000_16.5842
KRSNWDP,Krishna at Wadenepally,Krishna,2026-04-16 23:00:00+00:00,16.53366450633781,NORMAL,18.45,19.84,23.07,16.7944,80.07247,KRSNWDP_2026-04-16T23:00:00+0000_16.5337
KRSNWDP,Krishna at Wadenepally,Krishna,2026-04-17 00:00:00+00:00,16.58588590528599,NORMAL,18.45,19.84,23.07,16.7944,80.07247,KRSNWDP_2026-04-17T00:00:00+0000_16.5859
KRSNWDP,Krishna at Wadenepally,Krishna,2026-04-17 01:00:00+00:00,16.572520921034794,NORMAL,18.45,19.84,23.07,16.7944,80.07247,KRSNWDP_2026-04-17T01:00:00+0000_16.5725
KRSNWDP,Krishna at Wadenepally,Krishna,2026-04-17 02:00:00+00:00,16.549581178023935,NORMAL,18.45,19.84,23.07,16.7944,80.07247,KRSNWDP_2026-04-17T02:00:00+0000_16.5496
KRSNWDP,Krishna at Wadenepally,Krishna,2026-04-17 03:00:00+00:00,16.471450318487214,NORMAL,18.45,19.84,23.07,16.7944,80.07247,KRSNWDP_2026-04-17T03:00:00+0000_16.4715
KRSNWDP,Krishna at Wadenepally,Krishna,2026-04-17 04:00:00+00:00,16.459107971393184,NORMAL,18.45,19.84,23.07,16.7944,80.07247,KRSNWDP_2026-04-17T04:00:00+0000_16.4591
KRSNWDP,Krishna at Wadenepally,Krishna,2026-04-17 05:00:00+00:00,16.38964862757835,NORMAL,18.45,19.84,23.07,16.7944,80.07247,KRSNWDP_2026-04-17T05:00:00+0000_16.3896
KRSNWDP,Krishna at Wadenepally,Krishna,2026-04-17 06:00:00+00:00,16.338396335949206,NORMAL,18.45,19.84,23.07,16.7944,80.07247,KRSNWDP_2026-04-17T06:00:00+0000_16.3384
KRSNWDP,Krishna at Wadenepally,Krishna,2026-04-17 07:00:00+00:00,16.360113291459708,NORMAL,18.45,19.84,23.07,16.7944,80.07247,KRSNWDP_2026-04-17T07:00:00+0000_16.3601
KRSNWDP,Krishna at Wadenepally,Krishna,2026-04-17 08:00:00+00:00,16.23814240457613,NORMAL,18.45,19.84,23.07,16.7944,80.07247,KRSNWDP_2026-04-17T08:00:00+0000_16.2381
KRSNWDP,Krishna at Wadenepally,Krishna,2026-04-17 09:00:00+00:00,16.269743598518133,NORMAL,18.45,19.84,23.07,16.7944,80.07247,KRSNWDP_2026-04-17T09:00:00+0000_16.2697
KRSNWDP,Krishna at Wadenepally,Krishna,2026-04-17 10:00:00+00:00,16.25577128344411,NORMAL,18.45,19.84,23.07,16.7944,80.07247,KRSNWDP_2026-04-17T10:00:00+0000_16.2558
KRSNWDP,Krishna at Wadenepally,Krishna,2026-04-17 11:00:00+00:00,16.193058881789643,NORMAL,18.45,19.84,23.07,16.7944,80.07247,KRSNWDP_2026-04-17T11:00:00+0000_16.1931
KRSNWDP,Krishna at Wadenepally,Krishna,2026-04-17 12:00:00+00:00,16.19858680603267,NORMAL,18.45,19.84,23.07,16.7944,80.07247,KRSNWDP_2026-04-17T12:00:00+0000_16.1986
KRSNWDP,Krishna at Wadenepally,Krishna,2026-04-17 13:00:00+00:00,16.24983567161498,NORMAL,18.45,19.84,23.07,16.7944,80.07247,KRSNWDP_2026-04-17T13:00:00+0000_16.2498
KRSNWDP,Krishna at Wadenepally,Krishna,2026-04-17 14:00:00+00:00,16.240940232474617,NORMAL,18.45,19.84,23.07,16.7944,80.07247,KRSNWDP_2026-04-17T14:00:00+0000_16.2409
KRSNWDP,Krishna at Wadenepally,Krishna,2026-04-17 15:00:00+00:00,16.26609730853759,NORMAL,18.45,19.84,23.07,16.7944,80.07247,KRSNWDP_2026-04-17T15:00:00+0000_16.2661
KRSNWDP,Krishna at Wadenepally,Krishna,2026-04-17 16:00:00+00:00,16.368333217409383,NORMAL,18.45,19.84,23.07,16.7944,80.07247,KRSNWDP_2026-04-17T16:00:00+0000_16.3683
KRSNWDP,Krishna at Wadenepally,Krishna,2026-04-17 17:00:00+00:00,16.325670904224467,NORMAL,18.45,19.84,23.07,16.7944,80.07247,KRSNWDP_2026-04-17T17:00:00+0000_16.3257
KRSNWDP,Krishna at Wadenepally,Krishna,2026-04-17 18:00:00+00:00,16.438704601879678,NORMAL,18.45,19.84,23.07,16.7944,80.07247,KRSNWDP_2026-04-17T18:00:00+0000_16.4387
KRSNWDP,Krishna at Wadenepally,Krishna,2026-04-17 19:00:00+00:00,16.44365672450478,NORMAL,18.45,19.84,23.07,16.7944,80.07247,KRSNWDP_2026-04-17T19:00:00+0000_16.4437
KRSNWDP,Krishna at Wadenepally,Krishna,2026-04-17 20:00:00+00:00,16.538878845118784,NORMAL,18.45,19.84,23.07,16.7944,80.07247,KRSNWDP_2026-04-17T20:00:00+0000_16.5389
KRSNWDP,Krishna at Wadenepally,Krishna,2026-04-17 21:00:00+00:00,16.5488065218706,NORMAL,18.45,19.84,23.07,16.7944,80.07247,KRSNWDP_2026-04-17T21:00:00+0000_16.5488
KRSNWDP,Krishna at Wadenepally,Krishna,2026-04-17 22:00:00+00:00,16.57788143832044,NORMAL,18.45,19.84,23.07,16.7944,80.07247,KRSNWDP_2026-04-17T22:00:00+0000_16.5779
KRSNWDP,Krishna at Wadenepally,Krishna,2026-04-17 23:00:00+00:00,16.53789921103481,NORMAL,18.45,19.84,23.07,16.7944,80.07247,KRSNWDP_2026-04-17T23:00:00+0000_16.5379
KRSNWDP,Krishna at Wadenepally,Krishna,2026-04-18 00:00:00+00:00,16.609167567770733,NORMAL,18.45,19.84,23.07,16.7944,80.07247,KRSNWDP_2026-04-18T00:00:00+0000_16.6092
KRSNWDP,Krishna at Wadenepally,Krishna,2026-04-18 01:00:00+00:00,16.551693553134765,NORMAL,18.45,19.84,23.07,16.7944,80.07247,KRSNWDP_2026-04-18T01:00:00+0000_16.5517
KRSNWDP,Krishna at Wadenepally,Krishna,2026-04-18 02:00:00+00:00,16.597417344030696,NORMAL,18.45,19.84,23.07,16.7944,80.07247,KRSNWDP_2026-04-18T02:00:00+0000_16.5974
KRSNWDP,Krishna at Wadenepally,Krishna,2026-04-18 03:00:00+00:00,16.526762777022704,NORMAL,18.45,19.84,23.07,16.7944,80.07247,KRSNWDP_2026-04-18T03:00:00+0000_16.5268
KRSNWDP,Krishna at Wadenepally,Krishna,2026-04-18 04:00:00+00:00,16.44253429765938,NORMAL,18.45,19.84,23.07,16.7944,80.07247,KRSNWDP_2026-04-18T04:00:00+0000_16.4425
KRSNWDP,Krishna at Wadenepally,Krishna,2026-04-18 05:00:00+00:00,16.420393218239166,NORMAL,18.45,19.84,23.07,16.7944,80.07247,KRSNWDP_2026-04-18T05:00:00+0000_16.4204
KRSNWDP,Krishna at Wadenepally,Krishna,2026-04-18 06:00:00+00:00,16.414533216173925,NORMAL,18.45,19.84,23.07,16.7944,80.07247,KRSNWDP_2026-04-18T06:00:00+0000_16.4145
KRSNWDP,Krishna at Wadenepally,Krishna,2026-04-18 07:00:00+00:00,16.321640232422705,NORMAL,18.45,19.84,23.07,16.7944,80.07247,KRSNWDP_2026-04-18T07:00:00+0000_16.3216
KRSNWDP,Krishna at Wadenepally,Krishna,2026-04-18 08:00:00+00:00,16.31713757282429,NORMAL,18.45,19.84,23.07,16.7944,80.07247,KRSNWDP_2026-04-18T08:00:00+0000_16.3171
KRSNWDP,Krishna at Wadenepally,Krishna,2026-04-18 09:00:00+00:00,16.22956366248429,NORMAL,18.45,19.84,23.07,16.7944,80.07247,KRSNWDP_2026-04-18T09:00:00+0000_16.2296
KRSNWDP,Krishna at Wadenepally,Krishna,2026-04-18 10:00:00+00:00,16.188116961923434,NORMAL,18.45,19.84,23.07,16.7944,80.07247,KRSNWDP_2026-04-18T10:00:00+0000_16.1881
KRSNWDP,Krishna at Wadenepally,Krishna,2026-04-18 11:00:00+00:00,16.225597834668243,NORMAL,18.45,19.84,23.07,16.7944,80.07247,KRSNWDP_2026-04-18T11:00:00+0000_16.2256
KRSNWDP,Krishna at Wadenepally,Krishna,2026-04-18 12:00:00+00:00,16.192111996356424,NORMAL,18.45,19.84,23.07,16.7944,80.07247,KRSNWDP_2026-04-18T12:00:00+0000_16.1921
KRSNWDP,Krishna at Wadenepally,Krishna,2026-04-18 13:00:00+00:00,16.20867561928177,NORMAL,18.45,19.84,23.07,16.7944,80.07247,KRSNWDP_2026-04-18T13:00:00+0000_16.2087
KRSNWDP,Krishna at Wadenepally,Krishna,2026-04-18 14:00:00+00:00,16.265667866791585,NORMAL,18.45,19.84,23.07,16.7944,80.07247,KRSNWDP_2026-04-18T14:00:00+0000_16.2657
KRSNWDP,Krishna at Wadenepally,Krishna,2026-04-18 15:00:00+00:00,16.324694253673115,NORMAL,18.45,19.84,23.07,16.7944,80.07247,KRSNWDP_2026-04-18T15:00:00+0000_16.3247
KRSNWDP,Krishna at Wadenepally,Krishna,2026-04-18 16:00:00+00:00,16.290125819556682,NORMAL,18.45,19.84,23.07,16.7944,80.07247,KRSNWDP_2026-04-18T16:00:00+0000_16.2901
KRSNWDP,Krishna at Wadenepally,Krishna,2026-04-18 17:00:00+00:00,16.37487473200083,NORMAL,18.45,19.84,23.07,16.7944,80.07247,KRSNWDP_2026-04-18T17:00:00+0000_16.3749
KRSNWDP,Krishna at Wadenepally,Krishna,2026-04-18 18:00:00+00:00,16.408116905589477,NORMAL,18.45,19.84,23.07,16.7944,80.07247,KRSNWDP_2026-04-18T18:00:00+0000_16.4081
KRSNWDP,Krishna at Wadenepally,Krishna,2026-04-18 19:00:00+00:00,16.474236957917125,NORMAL,18.45,19.84,23.07,16.7944,80.07247,KRSNWDP_2026-04-18T19:00:00+0000_16.4742
KRSNWDP,Krishna at Wadenepally,Krishna,2026-04-18 20:00:00+00:00,16.53545620254784,NORMAL,18.45,19.84,23.07,16.7944,80.07247,KRSNWDP_2026-04-18T20:00:00+0000_16.5355
KRSNWDP,Krishna at Wadenepally,Krishna,2026-04-18 21:00:00+00:00,17.941040548383782,NORMAL,18.45,19.84,23.07,16.7944,80.07247,KRSNWDP_2026-04-18T21:00:00+0000_17.9410
KRSNWDP,Krishna at Wadenepally,Krishna,2026-04-18 22:00:00+00:00,17.88660914460638,NORMAL,18.45,19.84,23.07,16.7944,80.07247,KRSNWDP_2026-04-18T22:00:00+0000_17.8866
KRSNWDP,Krishna at Wadenepally,Krishna,2026-04-18 23:00:00+00:00,16.580107177249275,NORMAL,18.45,19.84,23.07,16.7944,80.07247,KRSNWDP_2026-04-18T23:00:00+0000_16.5801
KRSNWDP,Krishna at Wadenepally,Krishna,2026-04-19 00:00:00+00:00,16.63269511681628,NORMAL,18.45,19.84,23.07,16.7944,80.07247,KRSNWDP_2026-04-19T00:00:00+0000_16.6327
KRSNWDP,Krishna at Wadenepally,Krishna,2026-04-19 01:00:00+00:00,16.55199507616049,NORMAL,18.45,19.84,23.07,16.7944,80.07247,KRSNWDP_2026-04-19T01:00:00+0000_16.5520
KRSNWDP,Krishna at Wadenepally,Krishna,2026-04-19 02:00:00+00:00,16.580231922790137,NORMAL,18.45,19.84,23.07,16.7944,80.07247,KRSNWDP_2026-04-19T02:00:00+0000_16.5802
KRSNWDP,Krishna at Wadenepally,Krishna,2026-04-19 03:00:00+00:00,16.488144607637572,NORMAL,18.45,19.84,23.07,16.7944,80.07247,KRSNWDP_2026-04-19T03:00:00+0000_16.4881
KRSNWDP,Krishna at Wadenepally,Krishna,2026-04-19 04:00:00+00:00,16.44407836542148,NORMAL,18.45,19.84,23.07,16.7944,80.07247,KRSNWDP_2026-04-19T04:00:00+0000_16.4441
KRSNWDP,Krishna at Wadenepally,Krishna,2026-04-19 05:00:00+00:00,16.454629139729295,NORMAL,18.45,19.84,23.07,16.7944,80.07247,KRSNWDP_2026-04-19T05:00:00+0000_16.4546
KRSNWDP,Krishna at Wadenepally,Krishna,2026-04-19 06:00:00+00:00,16.382442097862246,NORMAL,18.45,19.84,23.07,16.7944,80.07247,KRSNWDP_2026-04-19T06:00:00+0000_16.3824
KRSNWDP,Krishna at Wadenepally,Krishna,2026-04-19 07:00:00+00:00,16.315132083983762,NORMAL,18.45,19.84,23.07,16.7944,80.07247,KRSNWDP_2026-04-19T07:00:00+0000_16.3151
KRSNWDP,Krishna at Wadenepally,Krishna,2026-04-19 08:00:00+00:00,16.335783927940597,NORMAL,18.45,19.84,23.07,16.7944,80.07247,KRSNWDP_2026-04-19T08:00:00+0000_16.3358
KRSNWDP,Krishna at Wadenepally,Krishna,2026-04-19 09:00:00+00:00,16.23296443435668,NORMAL,18.45,19.84,23.07,16.7944,80.07247,KRSNWDP_2026-04-19T09:00:00+0000_16.2330
KRSNWDP,Krishna at Wadenepally,Krishna,2026-04-19 10:00:00+00:00,16.267820184767388,NORMAL,18.45,19.84,23.07,16.7944,80.07247,KRSNWDP_2026-04-19T10:00:00+0000_16.2678
KRSNWDP,Krishna at Wadenepally,Krishna,2026-04-19 11:00:00+00:00,16.192327534926743,NORMAL,18.45,19.84,23.07,16.7944,80.07247,KRSNWDP_2026-04-19T11:00:00+0000_16.1923
KRSNWDP,Krishna at Wadenepally,Krishna,2026-04-19 12:00:00+00:00,16.241012049633294,NORMAL,18.45,19.84,23.07,16.7944,80.07247,KRSNWDP_2026-04-19T12:00:00+0000_16.2410
KRSNWDP,Krishna at Wadenepally,Krishna,2026-04-19 13:00:00+00:00,16.28498927836056,NORMAL,18.45,19.84,23.07,16.7944,80.07247,KRSNWDP_2026-04-19T13:00:00+0000_16.2850
KRSNWDP,Krishna at Wadenepally,Krishna,2026-04-19 14:00:00+00:00,16.262984013774755,NORMAL,18.45,19.84,23.07,16.7944,80.07247,KRSNWDP_2026-04-19T14:00:00+0000_16.2630
KRSNWDP,Krishna at Wadenepally,Krishna,2026-04-19 15:00:00+00:00,16.30876925540149,NORMAL,18.45,19.84,23.07,16.7944,80.07247,KRSNWDP_2026-04-19T15:00:00+0000_16.3088
KRSNWDP,Krishna at Wadenepally,Krishna,2026-04-19 16:00:00+00:00,16.29164027719647,NORMAL,18.45,19.84,23.07,16.7944,80.07247,KRSNWDP_2026-04-19T16:00:00+0000_16.2916
KRSNWDP,Krishna at Wadenepally,Krishna,2026-04-19 17:00:00+00:00,16.370708356505027,NORMAL,18.45,19.84,23.07,16.7944,80.07247,KRSNWDP_2026-04-19T17:00:00+0000_16.3707
KRSNWDP,Krishna at Wadenepally,Krishna,2026-04-19 18:00:00+00:00,16.456733630627635,NORMAL,18.45,19.84,23.07,16.7944,80.07247,KRSNWDP_2026-04-19T18:00:00+0000_16.4567
KRSNWDP,Krishna at Wadenepally,Krishna,2026-04-19 19:00:00+00:00,18.62583879248386,WARNING,18.45,19.84,23.07,16.7944,80.07247,KRSNWDP_2026-04-19T19:00:00+0000_18.6258
KRSNWDP,Krishna at Wadenepally,Krishna,2026-04-19 20:00:00+00:00,18.44970271425842,NORMAL,18.45,19.84,23.07,16.7944,80.07247,KRSNWDP_2026-04-19T20:00:00+0000_18.4497
KRSNWDP,Krishna at Wadenepally,Krishna,2026-04-19 21:00:00+00:00,18.253435706505886,NORMAL,18.45,19.84,23.07,16.7944,80.07247,KRSNWDP_2026-04-19T21:00:00+0000_18.2534
KRSNWDP,Krishna at Wadenepally,Krishna,2026-04-19 22:00:00+00:00,18.157936061416645,NORMAL,18.45,19.84,23.07,16.7944,80.07247,KRSNWDP_2026-04-19T22:00:00+0000_18.1579
KRSNWDP,Krishna at Wadenepally,Krishna,2026-04-19 23:00:00+00:00,17.961527685856883,NORMAL,18.45,19.84,23.07,16.7944,80.07247,KRSNWDP_2026-04-19T23:00:00+0000_17.9615
KRSNWDP,Krishna at Wadenepally,Krishna,2026-04-20 00:00:00+00:00,16.583293926093315,NORMAL,18.45,19.84,23.07,16.7944,80.07247,KRSNWDP_2026-04-20T00:00:00+0000_16.5833
KRSNWDP,Krishna at Wadenepally,Krishna,2026-04-20 01:00:00+00:00,16.578363064121287,NORMAL,18.45,19.84,23.07,16.7944,80.07247,KRSNWDP_2026-04-20T01:00:00+0000_16.5784
KRSNWDP,Krishna at Wadenepally,Krishna,2026-04-20 02:00:00+00:00,16.590162817140076,NORMAL,18.45,19.84,23.07,16.7944,80.07247,KRSNWDP_2026-04-20T02:00:00+0000_16.5902
KRSNWDP,Krishna at Wadenepally,Krishna,2026-04-20 03:00:00+00:00,16.556452495255176,NORMAL,18.45,19.84,23.07,16.7944,80.07247,KRSNWDP_2026-04-20T03:00:00+0000_16.5565
KRSNWDP,Krishna at Wadenepally,Krishna,2026-04-20 04:00:00+00:00,16.497164307300665,NORMAL,18.45,19.84,23.07,16.7944,80.07247,KRSNWDP_2026-04-20T04:00:00+0000_16.4972
KRSNWDP,Krishna at Wadenepally,Krishna,2026-04-20 05:00:00+00:00,16.416063080165035,NORMAL,18.45,19.84,23.07,16.7944,80.07247,KRSNWDP_2026-04-20T05:00:00+0000_16.4161
KRSNWDP,Krishna at Wadenepally,Krishna,2026-04-20 06:00:00+00:00,16.34592924103442,NORMAL,18.45,19.84,23.07,16.7944,80.07247,KRSNWDP_2026-04-20T06:00:00+0000_16.3459
KRSNWDP,Krishna at Wadenepally,Krishna,2026-04-20 07:00:00+00:00,16.360312120305153,NORMAL,18.45,19.84,23.07,16.7944,80.07247,KRSNWDP_2026-04-20T07:00:00+0000_16.3603
KRSNWDP,Krishna at Wadenepally,Krishna,2026-04-20 08:00:00+00:00,17.611403402974044,NORMAL,18.45,19.84,23.07,16.7944,80.07247,KRSNWDP_2026-04-20T08:00:00+0000_17.6114
KRSNWDP,Krishna at Wadenepally,Krishna,2026-04-20 09:00:00+00:00,17.40709295567993,NORMAL,18.45,19.84,23.07,16.7944,80.07247,KRSNWDP_2026-04-20T09:00:00+0000_17.4071
KRSNWDP,Krishna at Wadenepally,Krishna,2026-04-20 10:00:00+00:00,16.20239746342888,NORMAL,18.45,19.84,23.07,16.7944,80.07247,KRSNWDP_2026-04-20T10:00:00+0000_16.2024
KRSNWDP,Krishna at Wadenepally,Krishna,2026-04-20 11:00:00+00:00,16.250387572436342,NORMAL,18.45,19.84,23.07,16.7944,80.07247,KRSNWDP_2026-04-20T11:00:00+0000_16.2504
KRSNWDP,Krishna at Wadenepally,Krishna,2026-04-20 12:00:00+00:00,16.222978373652374,NORMAL,18.45,19.84,23.07,16.7944,80.07247,KRSNWDP_2026-04-20T12:00:00+0000_16.2230
KRSNWDP,Krishna at Wadenepally,Krishna,2026-04-20 13:00:00+00:00,16.28363142661665,NORMAL,18.45,19.84,23.07,16.7944,80.07247,KRSNWDP_2026-04-20T13:00:00+0000_16.2836
KRSNWDP,Krishna at Wadenepally,Krishna,2026-04-20 14:00:00+00:00,16.236890135593327,NORMAL,18.45,19.84,23.07,16.7944,80.07247,KRSNWDP_2026-04-20T14:00:00+0000_16.2369
KRSNWDP,Krishna at Wadenepally,Krishna,2026-04-20 15:00:00+00:00,16.26181105448914,NORMAL,18.45,19.84,23.07,16.7944,80.07247,KRSNWDP_2026-04-20T15:00:00+0000_16.2618
KRSNWDP,Krishna at Wadenepally,Krishna,2026-04-20 16:00:00+00:00,16.38406257119115,NORMAL,18.45,19.84,23.07,16.7944,80.07247,KRSNWDP_2026-04-20T16:00:00+0000_16.3841
KRSNWDP,Krishna at Wadenepally,Krishna,2026-04-20 17:00:00+00:00,16.44332293675622,NORMAL,18.45,19.84,23.07,16.7944,80.07247,KRSNWDP_2026-04-20T17:00:00+0000_16.4433
KRSNWDP,Krishna at Wadenepally,Krishna,2026-04-20 18:00:00+00:00,16.490614332893543,NORMAL,18.45,19.84,23.07,16.7944,80.07247,KRSNWDP_2026-04-20T18:00:00+0000_16.4906
KRSNWDP,Krishna at Wadenepally,Krishna,2026-04-20 19:00:00+00:00,16.47749662213638,NORMAL,18.45,19.84,23.07,16.7944,80.07247,KRSNWDP_2026-04-20T19:00:00+0000_16.4775
KRSNWDP,Krishna at Wadenepally,Krishna,2026-04-20 20:00:00+00:00,16.526935636334525,NORMAL,18.45,19.84,23.07,16.7944,80.07247,KRSNWDP_2026-04-20T20:00:00+0000_16.5269
KRSNWDP,Krishna at Wadenepally,Krishna,2026-04-20 21:00:00+00:00,16.555462587504074,NORMAL,18.45,19.84,23.07,16.7944,80.07247,KRSNWDP_2026-04-20T21:00:00+0000_16.5555
KRSNWDP,Krishna at Wadenepally,Krishna,2026-04-20 22:00:00+00:00,16.584275685550832,NORMAL,18.45,19.84,23.07,16.7944,80.07247,KRSNWDP_2026-04-20T22:00:00+0000_16.5843
KRSNWDP,Krishna at Wadenepally,Krishna,2026-04-20 23:00:00+00:00,16.56021322188804,NORMAL,18.45,19.84,23.07,16.7944,80.07247,KRSNWDP_2026-04-20T23:00:00+0000_16.5602
KRSNWDP,Krishna at Wadenepally,Krishna,2026-04-21 00:00:00+00:00,16.65836790019678,NORMAL,18.45,19.84,23.07,16.7944,80.07247,KRSNWDP_2026-04-21T00:00:00+0000_16.6584
KRSNWDP,Krishna at Wadenepally,Krishna,2026-04-21 01:00:00+00:00,16.623590425907125,NORMAL,18.45,19.84,23.07,16.7944,80.07247,KRSNWDP_2026-04-21T01:00:00+0000_16.6236
KRSNWDP,Krishna at Wadenepally,Krishna,2026-04-21 02:00:00+00:00,16.59219574423046,NORMAL,18.45,19.84,23.07,16.7944,80.07247,KRSNWDP_2026-04-21T02:00:00+0000_16.5922
KRSNWDP,Krishna at Wadenepally,Krishna,2026-04-21 03:00:00+00:00,16.57644931968959,NORMAL,18.45,19.84,23.07,16.7944,80.07247,KRSNWDP_2026-04-21T03:00:00+0000_16.5764
KRSNWDP,Krishna at Wadenepally,Krishna,2026-04-21 04:00:00+00:00,16.527778367433765,NORMAL,18.45,19.84,23.07,16.7944,80.07247,KRSNWDP_2026-04-21T04:00:00+0000_16.5278
KRSNWDP,Krishna at Wadenepally,Krishna,2026-04-21 05:00:00+00:00,16.463591697725168,NORMAL,18.45,19.84,23.07,16.7944,80.07247,KRSNWDP_2026-04-21T05:00:00+0000_16.4636
KRSNWDP,Krishna at Wadenepally,Krishna,2026-04-21 06:00:00+00:00,16.354376519542964,NORMAL,18.45,19.84,23.07,16.7944,80.07247,KRSNWDP_2026-04-21T06:00:00+0000_16.3544
KRSNWDP,Krishna at Wadenepally,Krishna,2026-04-21 07:00:00+00:00,16.30620116655264,NORMAL,18.45,19.84,23.07,16.7944,80.07247,KRSNWDP_2026-04-21T07:00:00+0000_16.3062
KRSNWDP,Krishna at Wadenepally,Krishna,2026-04-21 08:00:00+00:00,16.333318308479964,NORMAL,18.45,19.84,23.07,16.7944,80.07247,KRSNWDP_2026-04-21T08:00:00+0000_16.3333
KRSNWDP,Krishna at Wadenepally,Krishna,2026-04-21 09:00:00+00:00,16.224942652283655,NORMAL,18.45,19.84,23.07,16.7944,80.07247,KRSNWDP_2026-04-21T09:00:00+0000_16.2249
KRSNWDP,Krishna at Wadenepally,Krishna,2026-04-21 10:00:00+00:00,16.24993082042512,NORMAL,18.45,19.84,23.07,16.7944,80.07247,KRSNWDP_2026-04-21T10:00:00+0000_16.2499
KRSNWDP,Krishna at Wadenepally,Krishna,2026-04-21 11:00:00+00:00,16.241866839762096,NORMAL,18.45,19.84,23.07,16.7944,80.07247,KRSNWDP_2026-04-21T11:00:00+0000_16.2419
KRSNWDP,Krishna at Wadenepally,Krishna,2026-04-21 12:00:00+00:00,16.191259727672545,NORMAL,18.45,19.84,23.07,16.7944,80.07247,KRSNWDP_2026-04-21T12:00:00+0000_16.1913
KRSNWDP,Krishna at Wadenepally,Krishna,2026-04-21 13:00:00+00:00,16.262353569427205,NORMAL,18.45,19.84,23.07,16.7944,80.07247,KRSNWDP_2026-04-21T13:00:00+0000_16.2624
KRSNWDP,Krishna at Wadenepally,Krishna,2026-04-21 14:00:00+00:00,16.322593966945103,NORMAL,18.45,19.84,23.07,16.7944,80.07247,KRSNWDP_2026-04-21T14:00:00+0000_16.3226
KRSNWDP,Krishna at Wadenepally,Krishna,2026-04-21 15:00:00+00:00,16.361503036792186,NORMAL,18.45,19.84,23.07,16.7944,80.07247,KRSNWDP_2026-04-21T15:00:00+0000_16.3615
KRSNWDP,Krishna at Wadenepally,Krishna,2026-04-21 16:00:00+00:00,16.39316171464827,NORMAL,18.45,19.84,23.07,16.7944,80.07247,KRSNWDP_2026-04-21T16:00:00+0000_16.3932
KRSNWDP,Krishna at Wadenepally,Krishna,2026-04-21 17:00:00+00:00,16.4136782315797,NORMAL,18.45,19.84,23.07,16.7944,80.07247,KRSNWDP_2026-04-21T17:00:00+0000_16.4137
KRSNWDP,Krishna at Wadenepally,Krishna,2026-04-21 18:00:00+00:00,16.460096751591443,NORMAL,18.45,19.84,23.07,16.7944,80.07247,KRSNWDP_2026-04-21T18:00:00+0000_16.4601
KRSNWDP,Krishna at Wadenepally,Krishna,2026-04-21 19:00:00+00:00,16.508372231225234,NORMAL,18.45,19.84,23.07,16.7944,80.07247,KRSNWDP_2026-04-21T19:00:00+0000_16.5084
KRSNWDP,Krishna at Wadenepally,Krishna,2026-04-21 20:00:00+00:00,16.58843420184972,NORMAL,18.45,19.84,23.07,16.7944,80.07247,KRSNWDP_2026-04-21T20:00:00+0000_16.5884
KRSNWDP,Krishna at Wadenepally,Krishna,2026-04-21 21:00:00+00:00,16.613921528889126,NORMAL,18.45,19.84,23.07,16.7944,80.07247,KRSNWDP_2026-04-21T21:00:00+0000_16.6139
KRSNWDP,Krishna at Wadenepally,Krishna,2026-04-21 22:00:00+00:00,16.559872062607806,NORMAL,18.45,19.84,23.07,16.7944,80.07247,KRSNWDP_2026-04-21T22:00:00+0000_16.5599
KRSNWDP,Krishna at Wadenepally,Krishna,2026-04-21 23:00:00+00:00,16.59762553867893,NORMAL,18.45,19.84,23.07,16.7944,80.07247,KRSNWDP_2026-04-21T23:00:00+0000_16.5976
KRSNWDP,Krishna at Wadenepally,Krishna,2026-04-22 00:00:00+00:00,16.63994544156759,NORMAL,18.45,19.84,23.07,16.7944,80.07247,KRSNWDP_2026-04-22T00:00:00+0000_16.6399
KRSNWDP,Krishna at Wadenepally,Krishna,2026-04-22 01:00:00+00:00,16.64398558895311,NORMAL,18.45,19.84,23.07,16.7944,80.07247,KRSNWDP_2026-04-22T01:00:00+0000_16.6440
KRSNWDP,Krishna at Wadenepally,Krishna,2026-04-22 02:00:00+00:00,19.78848696630813,WARNING,18.45,19.84,23.07,16.7944,80.07247,KRSNWDP_2026-04-22T02:00:00+0000_19.7885
KRSNWDP,Krishna at Wadenepally,Krishna,2026-04-22 03:00:00+00:00,19.39075139892961,WARNING,18.45,19.84,23.07,16.7944,80.07247,KRSNWDP_2026-04-22T03:00:00+0000_19.3908
KRSNWDP,Krishna at Wadenepally,Krishna,2026-04-22 04:00:00+00:00,19.10949537773084,WARNING,18.45,19.84,23.07,16.7944,80.07247,KRSNWDP_2026-04-22T04:00:00+0000_19.1095
KRSNWDP,Krishna at Wadenepally,Krishna,2026-04-22 05:00:00+00:00,18.7864248195222,WARNING,18.45,19.84,23.07,16.7944,80.07247,KRSNWDP_2026-04-22T05:00:00+0000_18.7864
KRSNWDP,Krishna at Wadenepally,Krishna,2026-04-22 06:00:00+00:00,18.48767738334031,WARNING,18.45,19.84,23.07,16.7944,80.07247,KRSNWDP_2026-04-22T06:00:00+0000_18.4877
KRSNWDP,Krishna at Wadenepally,Krishna,2026-04-22 07:00:00+00:00,16.391710479860787,NORMAL,18.45,19.84,23.07,16.7944,80.07247,KRSNWDP_2026-04-22T07:00:00+0000_16.3917
KRSNWDP,Krishna at Wadenepally,Krishna,2026-04-22 08:00:00+00:00,16.36184301241088,NORMAL,18.45,19.84,23.07,16.7944,80.07247,KRSNWDP_2026-04-22T08:00:00+0000_16.3618
KRSNWDP,Krishna at Wadenepally,Krishna,2026-04-22 09:00:00+00:00,16.25744285643577,NORMAL,18.45,19.84,23.07,16.7944,80.07247,KRSNWDP_2026-04-22T09:00:00+0000_16.2574
KRSNWDP,Krishna at Wadenepally,Krishna,2026-04-22 10:00:00+00:00,16.265453433175626,NORMAL,18.45,19.84,23.07,16.7944,80.07247,KRSNWDP_2026-04-22T10:00:00+0000_16.2655
KRSNWDP,Krishna at Wadenepally,Krishna,2026-04-22 11:00:00+00:00,16.286347998201226,NORMAL,18.45,19.84,23.07,16.7944,80.07247,KRSNWDP_2026-04-22T11:00:00+0000_16.2863
KRSNWDP,Krishna at Wadenepally,Krishna,2026-04-22 12:00:00+00:00,16.2846576147797,NORMAL,18.45,19.84,23.07,16.7944,80.07247,KRSNWDP_2026-04-22T12:00:00+0000_16.2847
KRSNWDP,Krishna at Wadenepally,Krishna,2026-04-22 13:00:00+00:00,16.220451609438427,NORMAL,18.45,19.84,23.07,16.7944,80.07247,KRSNWDP_2026-04-22T13:00:00+0000_16.2205
KRSNWDP,Krishna at Wadenepally,Krishna,2026-04-22 14:00:00+00:00,16.270536965676595,NORMAL,18.45,19.84,23.07,16.7944,80.07247,KRSNWDP_2026-04-22T14:00:00+0000_16.2705
KRSNWDP,Krishna at Wadenepally,Krishna,2026-04-22 15:00:00+00:00,16.36000938732006,NORMAL,18.45,19.84,23.07,16.7944,80.07247,KRSNWDP_2026-04-22T15:00:00+0000_16.3600
KRSNWDP,Krishna at Wadenepally,Krishna,2026-04-22 16:00:00+00:00,16.322645479909337,NORMAL,18.45,19.84,23.07,16.7944,80.07247,KRSNWDP_2026-04-22T16:00:00+0000_16.3226
KRSNWDP,Krishna at Wadenepally,Krishna,2026-04-22 17:00:00+00:00,16.434490735174062,NORMAL,18.45,19.84,23.07,16.7944,80.07247,KRSNWDP_2026-04-22T17:00:00+0000_16.4345
KRSNWDP,Krishna at Wadenepally,Krishna,2026-04-22 18:00:00+00:00,16.44506400680768,NORMAL,18.45,19.84,23.07,16.7944,80.07247,KRSNWDP_2026-04-22T18:00:00+0000_16.4451
KRSNWDP,Krishna at Wadenepally,Krishna,2026-04-22 19:00:00+00:00,16.47626245046339,NORMAL,18.45,19.84,23.07,16.7944,80.07247,KRSNWDP_2026-04-22T19:00:00+0000_16.4763
KRSNWDP,Krishna at Wadenepally,Krishna,2026-04-22 20:00:00+00:00,16.599010041596777,NORMAL,18.45,19.84,23.07,16.7944,80.07247,KRSNWDP_2026-04-22T20:00:00+0000_16.5990
KRSNWDP,Krishna at Wadenepally,Krishna,2026-04-22 21:00:00+00:00,16.574613418736263,NORMAL,18.45,19.84,23.07,16.7944,80.07247,KRSNWDP_2026-04-22T21:00:00+0000_16.5746
KRSNWDP,Krishna at Wadenepally,Krishna,2026-04-22 22:00:00+00:00,16.568325890459224,NORMAL,18.45,19.84,23.07,16.7944,80.07247,KRSNWDP_2026-04-22T22:00:00+0000_16.5683
KRSNWDP,Krishna at Wadenepally,Krishna,2026-04-22 23:00:00+00:00,16.629041674100673,NORMAL,18.45,19.84,23.07,16.7944,80.07247,KRSNWDP_2026-04-22T23:00:00+0000_16.6290
KRSNWDP,Krishna at Wadenepally,Krishna,2026-04-23 00:00:00+00:00,16.649542053764932,NORMAL,18.45,19.84,23.07,16.7944,80.07247,KRSNWDP_2026-04-23T00:00:00+0000_16.6495
KRSNWDP,Krishna at Wadenepally,Krishna,2026-04-23 01:00:00+00:00,16.63445130236078,NORMAL,18.45,19.84,23.07,16.7944,80.07247,KRSNWDP_2026-04-23T01:00:00+0000_16.6345
KRSNWDP,Krishna at Wadenepally,Krishna,2026-04-23 02:00:00+00:00,16.539119875341783,NORMAL,18.45,19.84,23.07,16.7944,80.07247,KRSNWDP_2026-04-23T02:00:00+0000_16.5391
KRSNWDP,Krishna at Wadenepally,Krishna,2026-04-23 03:00:00+00:00,16.564886570225642,NORMAL,18.45,19.84,23.07,16.7944,80.07247,KRSNWDP_2026-04-23T03:00:00+0000_16.5649
KRSNWDP,Krishna at Wadenepally,Krishna,2026-04-23 04:00:00+00:00,16.541678615432964,NORMAL,18.45,19.84,23.07,16.7944,80.07247,KRSNWDP_2026-04-23T04:00:00+0000_16.5417
KRSNWDP,Krishna at Wadenepally,Krishna,2026-04-23 05:00:00+00:00,16.496827469500804,NORMAL,18.45,19.84,23.07,16.7944,80.07247,KRSNWDP_2026-04-23T05:00:00+0000_16.4968
KRSNWDP,Krishna at Wadenepally,Krishna,2026-04-23 06:00:00+00:00,16.377145282022415,NORMAL,18.45,19.84,23.07,16.7944,80.07247,KRSNWDP_2026-04-23T06:00:00+0000_16.3771
KRSNWDP,Krishna at Wadenepally,Krishna,2026-04-23 07:00:00+00:00,16.373907217554233,NORMAL,18.45,19.84,23.07,16.7944,80.07247,KRSNWDP_2026-04-23T07:00:00+0000_16.3739
KRSNWDP,Krishna at Wadenepally,Krishna,2026-04-23 08:00:00+00:00,16.285445635413947,NORMAL,18.45,19.84,23.07,16.7944,80.07247,KRSNWDP_2026-04-23T08:00:00+0000_16.2854
KRSNWDP,Krishna at Wadenepally,Krishna,2026-04-23 09:00:00+00:00,16.282093205253275,NORMAL,18.45,19.84,23.07,16.7944,80.07247,KRSNWDP_2026-04-23T09:00:00+0000_16.2821
KRSNWDP,Krishna at Wadenepally,Krishna,2026-04-23 10:00:00+00:00,16.265823797953846,NORMAL,18.45,19.84,23.07,16.7944,80.07247,KRSNWDP_2026-04-23T10:00:00+0000_16.2658
KRSNWDP,Krishna at Wadenepally,Krishna,2026-04-23 11:00:00+00:00,16.282953571621842,NORMAL,18.45,19.84,23.07,16.7944,80.07247,KRSNWDP_2026-04-23T11:00:00+0000_16.2830
KRSNWDP,Krishna at Wadenepally,Krishna,2026-04-23 12:00:00+00:00,16.200724440801334,NORMAL,18.45,19.84,23.07,16.7944,80.07247,KRSNWDP_2026-04-23T12:00:00+0000_16.2007
KRSNWDP,Krishna at Wadenepally,Krishna,2026-04-23 13:00:00+00:00,16.312151049188543,NORMAL,18.45,19.84,23.07,16.7944,80.07247,KRSNWDP_2026-04-23T13:00:00+0000_16.3122
KRSNWDP,Krishna at Wadenepally,Krishna,2026-04-23 14:00:00+00:00,16.31715998259642,NORMAL,18.45,19.84,23.07,16.7944,80.07247,KRSNWDP_2026-04-23T14:00:00+0000_16.3172
KRSNWDP,Krishna at Wadenepally,Krishna,2026-04-23 15:00:00+00:00,16.32490025286817,NORMAL,18.45,19.84,23.07,16.7944,80.07247,KRSNWDP_2026-04-23T15:00:00+0000_16.3249
KRSNWDP,Krishna at Wadenepally,Krishna,2026-04-23 16:00:00+00:00,16.361155828064494,NORMAL,18.45,19.84,23.07,16.7944,80.07247,KRSNWDP_2026-04-23T16:00:00+0000_16.3612
KRSNWDP,Krishna at Wadenepally,Krishna,2026-04-23 17:00:00+00:00,16.380456789693184,NORMAL,18.45,19.84,23.07,16.7944,80.07247,KRSNWDP_2026-04-23T17:00:00+0000_16.3805
KRSNWDP,Krishna at Wadenepally,Krishna,2026-04-23 18:00:00+00:00,16.451765880325173,NORMAL,18.45,19.84,23.07,16.7944,80.07247,KRSNWDP_2026-04-23T18:00:00+0000_16.4518
KRSNWDP,Krishna at Wadenepally,Krishna,2026-04-23 19:00:00+00:00,16.478312258197164,NORMAL,18.45,19.84,23.07,16.7944,80.07247,KRSNWDP_2026-04-23T19:00:00+0000_16.4783
KRSNWDP,Krishna at Wadenepally,Krishna,2026-04-23 20:00:00+00:00,16.596086507960408,NORMAL,18.45,19.84,23.07,16.7944,80.07247,KRSNWDP_2026-04-23T20:00:00+0000_16.5961
KRSNWDP,Krishna at Wadenepally,Krishna,2026-04-23 21:00:00+00:00,16.577239392851727,NORMAL,18.45,19.84,23.07,16.7944,80.07247,KRSNWDP_2026-04-23T21:00:00+0000_16.5772
KRSNWDP,Krishna at Wadenepally,Krishna,2026-04-23 22:00:00+00:00,16.65645134886705,NORMAL,18.45,19.84,23.07,16.7944,80.07247,KRSNWDP_2026-04-23T22:00:00+0000_16.6565
KRSNWDP,Krishna at Wadenepally,Krishna,2026-04-23 23:00:00+00:00,16.635445268708143,NORMAL,18.45,19.84,23.07,16.7944,80.07247,KRSNWDP_2026-04-23T23:00:00+0000_16.6354
KRSNWDP,Krishna at Wadenepally,Krishna,2026-04-24 00:00:00+00:00,16.584233772847213,NORMAL,18.45,19.84,23.07,16.7944,80.07247,KRSNWDP_2026-04-24T00:00:00+0000_16.5842
KRSNWDP,Krishna at Wadenepally,Krishna,2026-04-24 01:00:00+00:00,16.651419569230082,NORMAL,18.45,19.84,23.07,16.7944,80.07247,KRSNWDP_2026-04-24T01:00:00+0000_16.6514
KRSNWDP,Krishna at Wadenepally,Krishna,2026-04-24 02:00:00+00:00,,,18.45,19.84,23.07,16.7944,80.07247,KRSNWDP_2026-04-24T02:00:00+0000_
KRSNWDP,Krishna at Wadenepally,Krishna,2026-04-24 03:00:00+00:00,16.53078981583985,NORMAL,18.45,19.84,23.07,16.7944,80.07247,KRSNWDP_2026-04-24T03:00:00+0000_16.5308
KRSNWDP,Krishna at Wadenepally,Krishna,2026-04-24 04:00:00+00:00,16.49040321078418,NORMAL,18.45,19.84,23.07,16.7944,80.07247,KRSNWDP_2026-04-24T04:00:00+0000_16.4904
KRSNWDP,Krishna at Wadenepally,Krishna,2026-04-24 05:00:00+00:00,16.435944718602656,NORMAL,18.45,19.84,23.07,16.7944,80.07247,KRSNWDP_2026-04-24T05:00:00+0000_16.4359
KRSNWDP,Krishna at Wadenepally,Krishna,2026-04-24 06:00:00+00:00,16.36762856680516,NORMAL,18.45,19.84,23.07,16.7944,80.07247,KRSNWDP_2026-04-24T06:00:00+0000_16.3676
KRSNWDP,Krishna at Wadenepally,Krishna,2026-04-24 07:00:00+00:00,16.39321850782237,NORMAL,18.45,19.84,23.07,16.7944,80.07247,KRSNWDP_2026-04-24T07:00:00+0000_16.3932
KRSNWDP,Krishna at Wadenepally,Krishna,2026-04-24 08:00:00+00:00,16.372491583820175,NORMAL,18.45,19.84,23.07,16.7944,80.07247,KRSNWDP_2026-04-24T08:00:00+0000_16.3725
KRSNWDP,Krishna at Wadenepally,Krishna,2026-04-24 09:00:00+00:00,16.241640324528163,NORMAL,18.45,19.84,23.07,16.7944,80.07247,KRSNWDP_2026-04-24T09:00:00+0000_16.2416
KRSNWDP,Krishna at Wadenepally,Krishna,2026-04-24 10:00:00+00:00,16.23614063728428,NORMAL,18.45,19.84,23.07,16.7944,80.07247,KRSNWDP_2026-04-24T10:00:00+0000_16.2361
KRSNWDP,Krishna at Wadenepally,Krishna,2026-04-24 11:00:00+00:00,16.25580185124959,NORMAL,18.45,19.84,23.07,16.7944,80.07247,KRSNWDP_2026-04-24T11:00:00+0000_16.2558
KRSNWDP,Krishna at Wadenepally,Krishna,2026-04-24 12:00:00+00:00,16.246259874314237,NORMAL,18.45,19.84,23.07,16.7944,80.07247,KRSNWDP_2026-04-24T12:00:00+0000_16.2463
KRSNWDP,Krishna at Wadenepally,Krishna,2026-04-24 13:00:00+00:00,16.266321714342464,NORMAL,18.45,19.84,23.07,16.7944,80.07247,KRSNWDP_2026-04-24T13:00:00+0000_16.2663
KRSNWDP,Krishna at Wadenepally,Krishna,2026-04-24 14:00:00+00:00,16.32642406577629,NORMAL,18.45,19.84,23.07,16.7944,80.07247,KRSNWDP_2026-04-24T14:00:00+0000_16.3264
KRSNWDP,Krishna at Wadenepally,Krishna,2026-04-24 15:00:00+00:00,16.316033143239984,NORMAL,18.45,19.84,23.07,16.7944,80.07247,KRSNWDP_2026-04-24T15:00:00+0000_16.3160
KRSNWDP,Krishna at Wadenepally,Krishna,2026-04-24 16:00:00+00:00,16.328030359963904,NORMAL,18.45,19.84,23.07,16.7944,80.07247,KRSNWDP_2026-04-24T16:00:00+0000_16.3280
KRSNWDP,Krishna at Wadenepally,Krishna,2026-04-24 17:00:00+00:00,16.377871185509914,NORMAL,18.45,19.84,23.07,16.7944,80.07247,KRSNWDP_2026-04-24T17:00:00+0000_16.3779
KRSNWDP,Krishna at Wadenepally,Krishna,2026-04-24 18:00:00+00:00,16.446386903943296,NORMAL,18.45,19.84,23.07,16.7944,80.07247,KRSNWDP_2026-04-24T18:00:00+0000_16.4464
KRSNWDP,Krishna at Wadenepally,Krishna,2026-04-24 19:00:00+00:00,16.529388054287534,NORMAL,18.45,19.84,23.07,16.7944,80.07247,KRSNWDP_2026-04-24T19:00:00+0000_16.5294
KRSNWDP,Krishna at Wadenepally,Krishna,2026-04-24 20:00:00+00:00,16.538058711697875,NORMAL,18.45,19.84,23.07,16.7944,80.07247,KRSNWDP_2026-04-24T20:00:00+0000_16.5381
KRSNWDP,Krishna at Wadenepally,Krishna,2026-04-24 21:00:00+00:00,16.625970547198623,NORMAL,18.45,19.84,23.07,16.7944,80.07247,KRSNWDP_2026-04-24T21:00:00+0000_16.6260
KRSNWDP,Krishna at Wadenepally,Krishna,2026-04-24 22:00:00+00:00,16.63669557939193,NORMAL,18.45,19.84,23.07,16.7944,80.07247,KRSNWDP_2026-04-24T22:00:00+0000_16.6367
KRSNWDP,Krishna at Wadenepally,Krishna,2026-04-24 23:00:00+00:00,16.61211847426598,NORMAL,18.45,19.84,23.07,16.7944,80.07247,KRSNWDP_2026-04-24T23:00:00+0000_16.6121
KRSNWDP,Krishna at Wadenepally,Krishna,2026-04-25 00:00:00+00:00,16.680791260586812,NORMAL,18.45,19.84,23.07,16.7944,80.07247,KRSNWDP_2026-04-25T00:00:00+0000_16.6808
KRSNWDP,Krishna at Wadenepally,Krishna,2026-04-25 01:00:00+00:00,16.594156660661493,NORMAL,18.45,19.84,23.07,16.7944,80.07247,KRSNWDP_2026-04-25T01:00:00+0000_16.5942
KRSNWDP,Krishna at Wadenepally,Krishna,2026-04-25 02:00:00+00:00,16.642798733546204,NORMAL,18.45,19.84,23.07,16.7944,80.07247,KRSNWDP_2026-04-25T02:00:00+0000_16.6428
KRSNWDP,Krishna at Wadenepally,Krishna,2026-04-25 03:00:00+00:00,16.54227221858877,NORMAL,18.45,19.84,23.07,16.7944,80.07247,KRSNWDP_2026-04-25T03:00:00+0000_16.5423
KRSNWDP,Krishna at Wadenepally,Krishna,2026-04-25 04:00:00+00:00,16.56965807831219,NORMAL,18.45,19.84,23.07,16.7944,80.07247,KRSNWDP_2026-04-25T04:00:00+0000_16.5697
KRSNWDP,Krishna at Wadenepally,Krishna,2026-04-25 05:00:00+00:00,16.513217788398844,NORMAL,18.45,19.84,23.07,16.7944,80.07247,KRSNWDP_2026-04-25T05:00:00+0000_16.5132
KRSNWDP,Krishna at Wadenepally,Krishna,2026-04-25 06:00:00+00:00,16.38602104491597,NORMAL,18.45,19.84,23.07,16.7944,80.07247,KRSNWDP_2026-04-25T06:00:00+0000_16.3860
KRSNWDP,Krishna at Wadenepally,Krishna,2026-04-25 07:00:00+00:00,16.358115816574216,NORMAL,18.45,19.84,23.07,16.7944,80.07247,KRSNWDP_2026-04-25T07:00:00+0000_16.3581
KRSNWDP,Krishna at Wadenepally,Krishna,2026-04-25 08:00:00+00:00,16.35781669018662,NORMAL,18.45,19.84,23.07,16.7944,80.07247,KRSNWDP_2026-04-25T08:00:00+0000_16.3578
KRSNWDP,Krishna at Wadenepally,Krishna,2026-04-25 09:00:00+00:00,16.25743641098476,NORMAL,18.45,19.84,23.07,16.7944,80.07247,KRSNWDP_2026-04-25T09:00:00+0000_16.2574
KRSNWDP,Krishna at Wadenepally,Krishna,2026-04-25 10:00:00+00:00,16.315657905743585,NORMAL,18.45,19.84,23.07,16.7944,80.07247,KRSNWDP_2026-04-25T10:00:00+0000_16.3157
KRSNWDP,Krishna at Wadenepally,Krishna,2026-04-25 11:00:00+00:00,16.24583085217848,NORMAL,18.45,19.84,23.07,16.7944,80.07247,KRSNWDP_2026-04-25T11:00:00+0000_16.2458
KRSNWDP,Krishna at Wadenepally,Krishna,2026-04-25 12:00:00+00:00,16.293325574369053,NORMAL,18.45,19.84,23.07,16.7944,80.07247,KRSNWDP_2026-04-25T12:00:00+0000_16.2933
KRSNWDP,Krishna at Wadenepally,Krishna,2026-04-25 13:00:00+00:00,16.27819054743747,NORMAL,18.45,19.84,23.07,16.7944,80.07247,KRSNWDP_2026-04-25T13:00:00+0000_16.2782
KRSNWDP,Krishna at Wadenepally,Krishna,2026-04-25 14:00:00+00:00,16.30007973565074,NORMAL,18.45,19.84,23.07,16.7944,80.07247,KRSNWDP_2026-04-25T14:00:00+0000_16.3001
KRSNWDP,Krishna at Wadenepally,Krishna,2026-04-25 15:00:00+00:00,16.36312259844993,NORMAL,18.45,19.84,23.07,16.7944,80.07247,KRSNWDP_2026-04-25T15:00:00+0000_16.3631
KRSNWDP,Krishna at Wadenepally,Krishna,2026-04-25 16:00:00+00:00,16.39743821650906,NORMAL,18.45,19.84,23.07,16.7944,80.07247,KRSNWDP_2026-04-25T16:00:00+0000_16.3974
KRSNWDP,Krishna at Wadenepally,Krishna,2026-04-25 17:00:00+00:00,16.39149967689024,NORMAL,18.45,19.84,23.07,16.7944,80.07247,KRSNWDP_2026-04-25T17:00:00+0000_16.3915
KRSNWDP,Krishna at Wadenepally,Krishna,2026-04-25 18:00:00+00:00,16.491248404290015,NORMAL,18.45,19.84,23.07,16.7944,80.07247,KRSNWDP_2026-04-25T18:00:00+0000_16.4912
KRSNWDP,Krishna at Wadenepally,Krishna,2026-04-25 19:00:00+00:00,16.563454457104886,NORMAL,18.45,19.84,23.07,16.7944,80.07247,KRSNWDP_2026-04-25T19:00:00+0000_16.5635
KRSNWDP,Krishna at Wadenepally,Krishna,2026-04-25 20:00:00+00:00,,,18.45,19.84,23.07,16.7944,80.07247,KRSNWDP_2026-04-25T20:00:00+0000_
KRSNWDP,Krishna at Wadenepally,Krishna,2026-04-25 21:00:00+00:00,16.558449473369937,NORMAL,18.45,19.84,23.07,16.7944,80.07247,KRSNWDP_2026-04-25T21:00:00+0000_16.5584
KRSNWDP,Krishna at Wadenepally,Krishna,2026-04-25 22:00:00+00:00,16.62954913340662,NORMAL,18.45,19.84,23.07,16.7944,80.07247,KRSNWDP_2026-04-25T22:00:00+0000_16.6295
KRSNWDP,Krishna at Wadenepally,Krishna,2026-04-25 23:00:00+00:00,16.603071872738763,NORMAL,18.45,19.84,23.07,16.7944,80.07247,KRSNWDP_2026-04-25T23:00:00+0000_16.6031
KRSNWDP,Krishna at Wadenepally,Krishna,2026-04-26 00:00:00+00:00,16.6521598741424,NORMAL,18.45,19.84,23.07,16.7944,80.07247,KRSNWDP_2026-04-26T00:00:00+0000_16.6522
KRSNWDP,Krishna at Wadenepally,Krishna,2026-04-26 01:00:00+00:00,16.655592972346863,NORMAL,18.45,19.84,23.07,16.7944,80.07247,KRSNWDP_2026-04-26T01:00:00+0000_16.6556
KRSNWDP,Krishna at Wadenepally,Krishna,2026-04-26 02:00:00+00:00,16.65461331676017,NORMAL,18.45,19.84,23.07,16.7944,80.07247,KRSNWDP_2026-04-26T02:00:00+0000_16.6546
KRSNWDP,Krishna at Wadenepally,Krishna,2026-04-26 03:00:00+00:00,16.58666458544688,NORMAL,18.45,19.84,23.07,16.7944,80.07247,KRSNWDP_2026-04-26T03:00:00+0000_16.5867
KRSNWDP,Krishna at Wadenepally,Krishna,2026-04-26 04:00:00+00:00,16.503045842390623,NORMAL,18.45,19.84,23.07,16.7944,80.07247,KRSNWDP_2026-04-26T04:00:00+0000_16.5030
KRSNWDP,Krishna at Wadenepally,Krishna,2026-04-26 05:00:00+00:00,16.493156519791413,NORMAL,18.45,19.84,23.07,16.7944,80.07247,KRSNWDP_2026-04-26T05:00:00+0000_16.4932
KRSNWDP,Krishna at Wadenepally,Krishna,2026-04-26 06:00:00+00:00,16.399491789586694,NORMAL,18.45,19.84,23.07,16.7944,80.07247,KRSNWDP_2026-04-26T06:00:00+0000_16.3995
KRSNWDP,Krishna at Wadenepally,Krishna,2026-04-26 07:00:00+00:00,16.430279221651485,NORMAL,18.45,19.84,23.07,16.7944,80.07247,KRSNWDP_2026-04-26T07:00:00+0000_16.4303
KRSNWDP,Krishna at Wadenepally,Krishna,2026-04-26 08:00:00+00:00,16.34423008855338,NORMAL,18.45,19.84,23.07,16.7944,80.07247,KRSNWDP_2026-04-26T08:00:00+0000_16.3442
KRSNWDP,Krishna at Wadenepally,Krishna,2026-04-26 09:00:00+00:00,16.327446928484882,NORMAL,18.45,19.84,23.07,16.7944,80.07247,KRSNWDP_2026-04-26T09:00:00+0000_16.3274
KRSNWDP,Krishna at Wadenepally,Krishna,2026-04-26 10:00:00+00:00,18.563259808252305,WARNING,18.45,19.84,23.07,16.7944,80.07247,KRSNWDP_2026-04-26T10:00:00+0000_18.5633
KRSNWDP,Krishna at Wadenepally,Krishna,2026-04-26 11:00:00+00:00,18.2831898968867,NORMAL,18.45,19.84,23.07,16.7944,80.07247,KRSNWDP_2026-04-26T11:00:00+0000_18.2832
KRSNWDP,Krishna at Wadenepally,Krishna,2026-04-26 12:00:00+00:00,18.17189254133244,NORMAL,18.45,19.84,23.07,16.7944,80.07247,KRSNWDP_2026-04-26T12:00:00+0000_18.1719
KRSNWDP,Krishna at Wadenepally,Krishna,2026-04-26 13:00:00+00:00,16.23569139697975,NORMAL,18.45,19.84,23.07,16.7944,80.07247,KRSNWDP_2026-04-26T13:00:00+0000_16.2357
KRSNWDP,Krishna at Wadenepally,Krishna,2026-04-26 14:00:00+00:00,16.314797211903,NORMAL,18.45,19.84,23.07,16.7944,80.07247,KRSNWDP_2026-04-26T14:00:00+0000_16.3148
KRSNWDP,Krishna at Wadenepally,Krishna,2026-04-26 15:00:00+00:00,16.332079162166135,NORMAL,18.45,19.84,23.07,16.7944,80.07247,KRSNWDP_2026-04-26T15:00:00+0000_16.3321
KRSNWDP,Krishna at Wadenepally,Krishna,2026-04-26 16:00:00+00:00,16.379188255241196,NORMAL,18.45,19.84,23.07,16.7944,80.07247,KRSNWDP_2026-04-26T16:00:00+0000_16.3792
KRSNWDP,Krishna at Wadenepally,Krishna,2026-04-26 17:00:00+00:00,16.479692373158613,NORMAL,18.45,19.84,23.07,16.7944,80.07247,KRSNWDP_2026-04-26T17:00:00+0000_16.4797
KRSNWDP,Krishna at Wadenepally,Krishna,2026-04-26 18:00:00+00:00,16.523007954864884,NORMAL,18.45,19.84,23.07,16.7944,80.07247,KRSNWDP_2026-04-26T18:00:00+0000_16.5230
KRSNWDP,Krishna at Wadenepally,Krishna,2026-04-26 19:00:00+00:00,16.584002587189058,NORMAL,18.45,19.84,23.07,16.7944,80.07247,KRSNWDP_2026-04-26T19:00:00+0000_16.5840
KRSNWDP,Krishna at Wadenepally,Krishna,2026-04-26 20:00:00+00:00,16.596343263620845,NORMAL,18.45,19.84,23.07,16.7944,80.07247,KRSNWDP_2026-04-26T20:00:00+0000_16.5963
KRSNWDP,Krishna at Wadenepally,Krishna,2026-04-26 21:00:00+00:00,16.5984488194482,NORMAL,18.45,19.84,23.07,16.7944,80.07247,KRSNWDP_2026-04-26T21:00:00+0000_16.5984
KRSNWDP,Krishna at Wadenepally,Krishna,2026-04-26 22:00:00+00:00,16.666369122074947,NORMAL,18.45,19.84,23.07,16.7944,80.07247,KRSNWDP_2026-04-26T22:00:00+0000_16.6664
KRSNWDP,Krishna at Wadenepally,Krishna,2026-04-26 23:00:00+00:00,16.69530178819015,NORMAL,18.45,19.84,23.07,16.7944,80.07247,KRSNWDP_2026-04-26T23:00:00+0000_16.6953
KRSNWDP,Krishna at Wadenepally,Krishna,2026-04-27 00:00:00+00:00,16.660210049717023,NORMAL,18.45,19.84,23.07,16.7944,80.07247,KRSNWDP_2026-04-27T00:00:00+0000_16.6602
KRSNWDP,Krishna at Wadenepally,Krishna,2026-04-27 01:00:00+00:00,16.605887061643166,NORMAL,18.45,19.84,23.07,16.7944,80.07247,KRSNWDP_2026-04-27T01:00:00+0000_16.6059
KRSNWDP,Krishna at Wadenepally,Krishna,2026-04-27 02:00:00+00:00,16.585504801461898,NORMAL,18.45,19.84,23.07,16.7944,80.07247,KRSNWDP_2026-04-27T02:00:00+0000_16.5855
KRSNWDP,Krishna at Wadenepally,Krishna,2026-04-27 03:00:00+00:00,16.58172575288496,NORMAL,18.45,19.84,23.07,16.7944,80.07247,KRSNWDP_2026-04-27T03:00:00+0000_16.5817
KRSNWDP,Krishna at Wadenepally,Krishna,2026-04-27 04:00:00+00:00,16.494167410933873,NORMAL,18.45,19.84,23.07,16.7944,80.07247,KRSNWDP_2026-04-27T04:00:00+0000_16.4942
KRSNWDP,Krishna at Wadenepally,Krishna,2026-04-27 05:00:00+00:00,16.43762719316878,NORMAL,18.45,19.84,23.07,16.7944,80.07247,KRSNWDP_2026-04-27T05:00:00+0000_16.4376
KRSNWDP,Krishna at Wadenepally,Krishna,2026-04-27 06:00:00+00:00,16.414571375561113,NORMAL,18.45,19.84,23.07,16.7944,80.07247,KRSNWDP_2026-04-27T06:00:00+0000_16.4146
KRSNWDP,Krishna at Wadenepally,Krishna,2026-04-27 07:00:00+00:00,16.420526716607345,NORMAL,18.45,19.84,23.07,16.7944,80.07247,KRSNWDP_2026-04-27T07:00:00+0000_16.4205
KRSNWDP,Krishna at Wadenepally,Krishna,2026-04-27 08:00:00+00:00,16.34153554212654,NORMAL,18.45,19.84,23.07,16.7944,80.07247,KRSNWDP_2026-04-27T08:00:00+0000_16.3415
KRSNWDP,Krishna at Wadenepally,Krishna,2026-04-27 09:00:00+00:00,16.33147604714976,NORMAL,18.45,19.84,23.07,16.7944,80.07247,KRSNWDP_2026-04-27T09:00:00+0000_16.3315
KRSNWDP,Krishna at Wadenepally,Krishna,2026-04-27 10:00:00+00:00,16.310283969685543,NORMAL,18.45,19.84,23.07,16.7944,80.07247,KRSNWDP_2026-04-27T10:00:00+0000_16.3103
KRSNWDP,Krishna at Wadenepally,Krishna,2026-04-27 11:00:00+00:00,16.25466239046061,NORMAL,18.45,19.84,23.07,16.7944,80.07247,KRSNWDP_2026-04-27T11:00:00+0000_16.2547
KRSNWDP,Krishna at Wadenepally,Krishna,2026-04-27 12:00:00+00:00,16.27431791422107,NORMAL,18.45,19.84,23.07,16.7944,80.07247,KRSNWDP_2026-04-27T12:00:00+0000_16.2743
KRSNWDP,Krishna at Wadenepally,Krishna,2026-04-27 13:00:00+00:00,16.240446403651806,NORMAL,18.45,19.84,23.07,16.7944,80.07247,KRSNWDP_2026-04-27T13:00:00+0000_16.2404
KRSNWDP,Krishna at Wadenepally,Krishna,2026-04-27 14:00:00+00:00,16.299644034853436,NORMAL,18.45,19.84,23.07,16.7944,80.07247,KRSNWDP_2026-04-27T14:00:00+0000_16.2996
KRSNWDP,Krishna at Wadenepally,Krishna,2026-04-27 15:00:00+00:00,16.355566456211065,NORMAL,18.45,19.84,23.07,16.7944,80.07247,KRSNWDP_2026-04-27T15:00:00+0000_16.3556
KRSNWDP,Krishna at Wadenepally,Krishna,2026-04-27 16:00:00+00:00,16.357245531088598,NORMAL,18.45,19.84,23.07,16.7944,80.07247,KRSNWDP_2026-04-27T16:00:00+0000_16.3572
KRSNWDP,Krishna at Wadenepally,Krishna,2026-04-27 17:00:00+00:00,16.403350232839763,NORMAL,18.45,19.84,23.07,16.7944,80.07247,KRSNWDP_2026-04-27T17:00:00+0000_16.4034
KRSNWDP,Krishna at Wadenepally,Krishna,2026-04-27 18:00:00+00:00,16.46522317225816,NORMAL,18.45,19.84,23.07,16.7944,80.07247,KRSNWDP_2026-04-27T18:00:00+0000_16.4652
KRSNWDP,Krishna at Wadenepally,Krishna,2026-04-27 19:00:00+00:00,16.5289106454451,NORMAL,18.45,19.84,23.07,16.7944,80.07247,KRSNWDP_2026-04-27T19:00:00+0000_16.5289
KRSNWDP,Krishna at Wadenepally,Krishna,2026-04-27 20:00:00+00:00,16.559476413523903,NORMAL,18.45,19.84,23.07,16.7944,80.07247,KRSNWDP_2026-04-27T20:00:00+0000_16.5595
KRSNWDP,Krishna at Wadenepally,Krishna,2026-04-27 21:00:00+00:00,16.62868311538548,NORMAL,18.45,19.84,23.07,16.7944,80.07247,KRSNWDP_2026-04-27T21:00:00+0000_16.6287
KRSNWDP,Krishna at Wadenepally,Krishna,2026-04-27 22:00:00+00:00,16.6239286841834,NORMAL,18.45,19.84,23.07,16.7944,80.07247,KRSNWDP_2026-04-27T22:00:00+0000_16.6239
KRSNWDP,Krishna at Wadenepally,Krishna,2026-04-27 23:00:00+00:00,16.612751196955756,NORMAL,18.45,19.84,23.07,16.7944,80.07247,KRSNWDP_2026-04-27T23:00:00+0000_16.6128
KRSNWDP,Krishna at Wadenepally,Krishna,2026-04-28 00:00:00+00:00,16.615191976825578,NORMAL,18.45,19.84,23.07,16.7944,80.07247,KRSNWDP_2026-04-28T00:00:00+0000_16.6152
KRSNWDP,Krishna at Wadenepally,Krishna,2026-04-28 01:00:00+00:00,16.686659192529547,NORMAL,18.45,19.84,23.07,16.7944,80.07247,KRSNWDP_2026-04-28T01:00:00+0000_16.6867
KRSNWDP,Krishna at Wadenepally,Krishna,2026-04-28 02:00:00+00:00,16.652693213449744,NORMAL,18.45,19.84,23.07,16.7944,80.07247,KRSNWDP_2026-04-28T02:00:00+0000_16.6527
KRSNWDP,Krishna at Wadenepally,Krishna,2026-04-28 03:00:00+00:00,16.633164462322732,NORMAL,18.45,19.84,23.07,16.7944,80.07247,KRSNWDP_2026-04-28T03:00:00+0000_16.6332
KRSNWDP,Krishna at Wadenepally,Krishna,2026-04-28 04:00:00+00:00,16.566832719860052,NORMAL,18.45,19.84,23.07,16.7944,80.07247,KRSNWDP_2026-04-28T04:00:00+0000_16.5668
KRSNWDP,Krishna at Wadenepally,Krishna,2026-04-28 05:00:00+00:00,16.511132848456402,NORMAL,18.45,19.84,23.07,16.7944,80.07247,KRSNWDP_2026-04-28T05:00:00+0000_16.5111
KRSNWDP,Krishna at Wadenepally,Krishna,2026-04-28 06:00:00+00:00,16.41260183620532,NORMAL,18.45,19.84,23.07,16.7944,80.07247,KRSNWDP_2026-04-28T06:00:00+0000_16.4126
KRSNWDP,Krishna at Wadenepally,Krishna,2026-04-28 07:00:00+00:00,16.346126595286705,NORMAL,18.45,19.84,23.07,16.7944,80.07247,KRSNWDP_2026-04-28T07:00:00+0000_16.3461
KRSNWDP,Krishna at Wadenepally,Krishna,2026-04-28 08:00:00+00:00,16.31728067080995,NORMAL,18.45,19.84,23.07,16.7944,80.07247,KRSNWDP_2026-04-28T08:00:00+0000_16.3173
KRSNWDP,Krishna at Wadenepally,Krishna,2026-04-28 09:00:00+00:00,16.313832370811603,NORMAL,18.45,19.84,23.07,16.7944,80.07247,KRSNWDP_2026-04-28T09:00:00+0000_16.3138
KRSNWDP,Krishna at Wadenepally,Krishna,2026-04-28 10:00:00+00:00,17.408749404260927,NORMAL,18.45,19.84,23.07,16.7944,80.07247,KRSNWDP_2026-04-28T10:00:00+0000_17.4087
KRSNWDP,Krishna at Wadenepally,Krishna,2026-04-28 11:00:00+00:00,17.29002264112345,NORMAL,18.45,19.84,23.07,16.7944,80.07247,KRSNWDP_2026-04-28T11:00:00+0000_17.2900
KRSNWDP,Krishna at Wadenepally,Krishna,2026-04-28 12:00:00+00:00,16.29429082282728,NORMAL,18.45,19.84,23.07,16.7944,80.07247,KRSNWDP_2026-04-28T12:00:00+0000_16.2943
KRSNWDP,Krishna at Wadenepally,Krishna,2026-04-28 13:00:00+00:00,16.299845663208412,NORMAL,18.45,19.84,23.07,16.7944,80.07247,KRSNWDP_2026-04-28T13:00:00+0000_16.2998
KRSNWDP,Krishna at Wadenepally,Krishna,2026-04-28 14:00:00+00:00,16.35050031342653,NORMAL,18.45,19.84,23.07,16.7944,80.07247,KRSNWDP_2026-04-28T14:00:00+0000_16.3505
KRSNWDP,Krishna at Wadenepally,Krishna,2026-04-28 15:00:00+00:00,,,18.45,19.84,23.07,16.7944,80.07247,KRSNWDP_2026-04-28T15:00:00+0000_
KRSNWDP,Krishna at Wadenepally,Krishna,2026-04-28 16:00:00+00:00,16.359413726732686,NORMAL,18.45,19.84,23.07,16.7944,80.07247,KRSNWDP_2026-04-28T16:00:00+0000_16.3594
KRSNWDP,Krishna at Wadenepally,Krishna,2026-04-28 17:00:00+00:00,16.453237447863412,NORMAL,18.45,19.84,23.07,16.7944,80.07247,KRSNWDP_2026-04-28T17:00:00+0000_16.4532
KRSNWDP,Krishna at Wadenepally,Krishna,2026-04-28 18:00:00+00:00,16.454676300517256,NORMAL,18.45,19.84,23.07,16.7944,80.07247,KRSNWDP_2026-04-28T18:00:00+0000_16.4547
KRSNWDP,Krishna at Wadenepally,Krishna,2026-04-28 19:00:00+00:00,16.498537390401165,NORMAL,18.45,19.84,23.07,16.7944,80.07247,KRSNWDP_2026-04-28T19:00:00+0000_16.4985
KRSNWDP,Krishna at Wadenepally,Krishna,2026-04-28 20:00:00+00:00,16.546485951953215,NORMAL,18.45,19.84,23.07,16.7944,80.07247,KRSNWDP_2026-04-28T20:00:00+0000_16.5465
KRSNWDP,Krishna at Wadenepally,Krishna,2026-04-28 21:00:00+00:00,16.64978850717164,NORMAL,18.45,19.84,23.07,16.7944,80.07247,KRSNWDP_2026-04-28T21:00:00+0000_16.6498
KRSNWDP,Krishna at Wadenepally,Krishna,2026-04-28 22:00:00+00:00,16.648832925133874,NORMAL,18.45,19.84,23.07,16.7944,80.07247,KRSNWDP_2026-04-28T22:00:00+0000_16.6488
KRSNWDP,Krishna at Wadenepally,Krishna,2026-04-28 23:00:00+00:00,16.687087037464963,NORMAL,18.45,19.84,23.07,16.7944,80.07247,KRSNWDP_2026-04-28T23:00:00+0000_16.6871
KRSNWDP,Krishna at Wadenepally,Krishna,2026-04-29 00:00:00+00:00,16.645703568690912,NORMAL,18.45,19.84,23.07,16.7944,80.07247,KRSNWDP_2026-04-29T00:00:00+0000_16.6457
KRSNWDP,Krishna at Wadenepally,Krishna,2026-04-29 01:00:00+00:00,16.696928304697188,NORMAL,18.45,19.84,23.07,16.7944,80.07247,KRSNWDP_2026-04-29T01:00:00+0000_16.6969
KRSNWDP,Krishna at Wadenepally,Krishna,2026-04-29 02:00:00+00:00,16.672891585606084,NORMAL,18.45,19.84,23.07,16.7944,80.07247,KRSNWDP_2026-04-29T02:00:00+0000_16.6729
KRSNWDP,Krishna at Wadenepally,Krishna,2026-04-29 03:00:00+00:00,16.54254637845748,NORMAL,18.45,19.84,23.07,16.7944,80.07247,KRSNWDP_2026-04-29T03:00:00+0000_16.5425
KRSNWDP,Krishna at Wadenepally,Krishna,2026-04-29 04:00:00+00:00,16.582097716503274,NORMAL,18.45,19.84,23.07,16.7944,80.07247,KRSNWDP_2026-04-29T04:00:00+0000_16.5821
KRSNWDP,Krishna at Wadenepally,Krishna,2026-04-29 05:00:00+00:00,16.45510742611157,NORMAL,18.45,19.84,23.07,16.7944,80.07247,KRSNWDP_2026-04-29T05:00:00+0000_16.4551
KRSNWDP,Krishna at Wadenepally,Krishna,2026-04-29 06:00:00+00:00,16.415085033603578,NORMAL,18.45,19.84,23.07,16.7944,80.07247,KRSNWDP_2026-04-29T06:00:00+0000_16.4151
KRSNWDP,Krishna at Wadenepally,Krishna,2026-04-29 07:00:00+00:00,16.3540809607415,NORMAL,18.45,19.84,23.07,16.7944,80.07247,KRSNWDP_2026-04-29T07:00:00+0000_16.3541
KRSNWDP,Krishna at Wadenepally,Krishna,2026-04-29 08:00:00+00:00,16.321281559704676,NORMAL,18.45,19.84,23.07,16.7944,80.07247,KRSNWDP_2026-04-29T08:00:00+0000_16.3213
KRSNWDP,Krishna at Wadenepally,Krishna,2026-04-29 09:00:00+00:00,16.34218045029573,NORMAL,18.45,19.84,23.07,16.7944,80.07247,KRSNWDP_2026-04-29T09:00:00+0000_16.3422
KRSNWDP,Krishna at Wadenepally,Krishna,2026-04-29 10:00:00+00:00,16.33745102698183,NORMAL,18.45,19.84,23.07,16.7944,80.07247,KRSNWDP_2026-04-29T10:00:00+0000_16.3375
KRSNWDP,Krishna at Wadenepally,Krishna,2026-04-29 11:00:00+00:00,16.330019645207393,NORMAL,18.45,19.84,23.07,16.7944,80.07247,KRSNWDP_2026-04-29T11:00:00+0000_16.3300
KRSNWDP,Krishna at Wadenepally,Krishna,2026-04-29 12:00:00+00:00,16.24007397039514,NORMAL,18.45,19.84,23.07,16.7944,80.07247,KRSNWDP_2026-04-29T12:00:00+0000_16.2401
KRSNWDP,Krishna at Wadenepally,Krishna,2026-04-29 13:00:00+00:00,16.32883179078887,NORMAL,18.45,19.84,23.07,16.7944,80.07247,KRSNWDP_2026-04-29T13:00:00+0000_16.3288
KRSNWDP,Krishna at Wadenepally,Krishna,2026-04-29 14:00:00+00:00,16.360053543277324,NORMAL,18.45,19.84,23.07,16.7944,80.07247,KRSNWDP_2026-04-29T14:00:00+0000_16.3601
KRSNWDP,Krishna at Wadenepally,Krishna,2026-04-29 15:00:00+00:00,16.36941872280363,NORMAL,18.45,19.84,23.07,16.7944,80.07247,KRSNWDP_2026-04-29T15:00:00+0000_16.3694
KRSNWDP,Krishna at Wadenepally,Krishna,2026-04-29 16:00:00+00:00,16.45279951457908,NORMAL,18.45,19.84,23.07,16.7944,80.07247,KRSNWDP_2026-04-29T16:00:00+0000_16.4528
KRSNWDP,Krishna at Wadenepally,Krishna,2026-04-29 17:00:00+00:00,16.414226046367407,NORMAL,18.45,19.84,23.07,16.7944,80.07247,KRSNWDP_2026-04-29T17:00:00+0000_16.4142
KRSNWDP,Krishna at Wadenepally,Krishna,2026-04-29 18:00:00+00:00,16.540513761016477,NORMAL,18.45,19.84,23.07,16.7944,80.07247,KRSNWDP_2026-04-29T18:00:00+0000_16.5405
KRSNWDP,Krishna at Wadenepally,Krishna,2026-04-29 19:00:00+00:00,16.50746752145955,NORMAL,18.45,19.84,23.07,16.7944,80.07247,KRSNWDP_2026-04-29T19:00:00+0000_16.5075
KRSNWDP,Krishna at Wadenepally,Krishna,2026-04-29 20:00:00+00:00,16.547474590256552,NORMAL,18.45,19.84,23.07,16.7944,80.07247,KRSNWDP_2026-04-29T20:00:00+0000_16.5475
KRSNWDP,Krishna at Wadenepally,Krishna,2026-04-29 21:00:00+00:00,16.648561826152836,NORMAL,18.45,19.84,23.07,16.7944,80.07247,KRSNWDP_2026-04-29T21:00:00+0000_16.6486
KRSNWDP,Krishna at Wadenepally,Krishna,2026-04-29 22:00:00+00:00,16.694229196699894,NORMAL,18.45,19.84,23.07,16.7944,80.07247,KRSNWDP_2026-04-29T22:00:00+0000_16.6942
KRSNWDP,Krishna at Wadenepally,Krishna,2026-04-29 23:00:00+00:00,16.632686675032737,NORMAL,18.45,19.84,23.07,16.7944,80.07247,KRSNWDP_2026-04-29T23:00:00+0000_16.6327
KRSNWDP,Krishna at Wadenepally,Krishna,2026-04-30 00:00:00+00:00,16.62386580157712,NORMAL,18.45,19.84,23.07,16.7944,80.07247,KRSNWDP_2026-04-30T00:00:00+0000_16.6239
KRSNWDP,Krishna at Wadenepally,Krishna,2026-04-30 01:00:00+00:00,16.67100283772853,NORMAL,18.45,19.84,23.07,16.7944,80.07247,KRSNWDP_2026-04-30T01:00:00+0000_16.6710
KRSNWDP,Krishna at Wadenepally,Krishna,2026-04-30 02:00:00+00:00,16.592972568790074,NORMAL,18.45,19.84,23.07,16.7944,80.07247,KRSNWDP_2026-04-30T02:00:00+0000_16.5930
KRSNWDP,Krishna at Wadenepally,Krishna,2026-04-30 03:00:00+00:00,16.638099413744772,NORMAL,18.45,19.84,23.07,16.7944,80.07247,KRSNWDP_2026-04-30T03:00:00+0000_16.6381
KRSNWDP,Krishna at Wadenepally,Krishna,2026-04-30 04:00:00+00:00,16.52523602376189,NORMAL,18.45,19.84,23.07,16.7944,80.07247,KRSNWDP_2026-04-30T04:00:00+0000_16.5252
KRSNWDP,Krishna at Wadenepally,Krishna,2026-04-30 05:00:00+00:00,16.500617610494256,NORMAL,18.45,19.84,23.07,16.7944,80.07247,KRSNWDP_2026-04-30T05:00:00+0000_16.5006
KRSNWDP,Krishna at Wadenepally,Krishna,2026-04-30 06:00:00+00:00,16.448884973713202,NORMAL,18.45,19.84,23.07,16.7944,80.07247,KRSNWDP_2026-04-30T06:00:00+0000_16.4489
KRSNWDP,Krishna at Wadenepally,Krishna,2026-04-30 07:00:00+00:00,,,18.45,19.84,23.07,16.7944,80.07247,KRSNWDP_2026-04-30T07:00:00+0000_
KRSNWDP,Krishna at Wadenepally,Krishna,2026-04-30 08:00:00+00:00,16.388171760158937,NORMAL,18.45,19.84,23.07,16.7944,80.07247,KRSNWDP_2026-04-30T08:00:00+0000_16.3882
KRSNWDP,Krishna at Wadenepally,Krishna,2026-04-30 09:00:00+00:00,20.200579107208327,DANGER,18.45,19.84,23.07,16.7944,80.07247,KRSNWDP_2026-04-30T09:00:00+0000_20.2006
KRSNWDP,Krishna at Wadenepally,Krishna,2026-04-30 10:00:00+00:00,19.819168184815844,WARNING,18.45,19.84,23.07,16.7944,80.07247,KRSNWDP_2026-04-30T10:00:00+0000_19.8192
KRSNWDP,Krishna at Wadenepally,Krishna,2026-04-30 11:00:00+00:00,19.42070282574824,WARNING,18.45,19.84,23.07,16.7944,80.07247,KRSNWDP_2026-04-30T11:00:00+0000_19.4207
KRSNWDP,Krishna at Wadenepally,Krishna,2026-04-30 12:00:00+00:00,19.08396372839452,WARNING,18.45,19.84,23.07,16.7944,80.07247,KRSNWDP_2026-04-30T12:00:00+0000_19.0840
KRSNWDP,Krishna at Wadenepally,Krishna,2026-04-30 13:00:00+00:00,18.879993520206963,WARNING,18.45,19.84,23.07,16.7944,80.07247,KRSNWDP_2026-04-30T13:00:00+0000_18.8800
KRSNWDP,Krishna at Wadenepally,Krishna,2026-04-30 14:00:00+00:00,18.57883608525443,WARNING,18.45,19.84,23.07,16.7944,80.07247,KRSNWDP_2026-04-30T14:00:00+0000_18.5788
KRSNWDP,Krishna at Wadenepally,Krishna,2026-04-30 15:00:00+00:00,16.418041817640848,NORMAL,18.45,19.84,23.07,16.7944,80.07247,KRSNWDP_2026-04-30T15:00:00+0000_16.4180
KRSNWDP,Krishna at Wadenepally,Krishna,2026-04-30 16:00:00+00:00,16.39934913003585,NORMAL,18.45,19.84,23.07,16.7944,80.07247,KRSNWDP_2026-04-30T16:00:00+0000_16.3993
KRSNWDP,Krishna at Wadenepally,Krishna,2026-04-30 17:00:00+00:00,16.480398891665814,NORMAL,18.45,19.84,23.07,16.7944,80.07247,KRSNWDP_2026-04-30T17:00:00+0000_16.4804
KRSNWDP,Krishna at Wadenepally,Krishna,2026-04-30 18:00:00+00:00,16.53056906875377,NORMAL,18.45,19.84,23.07,16.7944,80.07247,KRSNWDP_2026-04-30T18:00:00+0000_16.5306
KRSNWDP,Krishna at Wadenepally,Krishna,2026-04-30 19:00:00+00:00,16.587484806452665,NORMAL,18.45,19.84,23.07,16.7944,80.07247,KRSNWDP_2026-04-30T19:00:00+0000_16.5875
KRSNWDP,Krishna at Wadenepally,Krishna,2026-04-30 20:00:00+00:00,16.571494879337546,NORMAL,18.45,19.84,23.07,16.7944,80.07247,KRSNWDP_2026-04-30T20:00:00+0000_16.5715
KRSNWDP,Krishna at Wadenepally,Krishna,2026-04-30 21:00:00+00:00,16.61255630439692,NORMAL,18.45,19.84,23.07,16.7944,80.07247,KRSNWDP_2026-04-30T21:00:00+0000_16.6126
KRSNWDP,Krishna at Wadenepally,Krishna,2026-04-30 22:00:00+00:00,16.623382501350267,NORMAL,18.45,19.84,23.07,16.7944,80.07247,KRSNWDP_2026-04-30T22:00:00+0000_16.6234
KRSNWDP,Krishna at Wadenepally,Krishna,2026-04-30 23:00:00+00:00,16.718788587741134,NORMAL,18.45,19.84,23.07,16.7944,80.07247,KRSNWDP_2026-04-30T23:00:00+0000_16.7188
KRSNWDP,Krishna at Wadenepally,Krishna,2026-05-01 00:00:00+00:00,16.651535423331154,NORMAL,18.45,19.84,23.07,16.7944,80.07247,KRSNWDP_2026-05-01T00:00:00+0000_16.6515
KRSNWDP,Krishna at Wadenepally,Krishna,2026-05-01 01:00:00+00:00,16.646829796514726,NORMAL,18.45,19.84,23.07,16.7944,80.07247,KRSNWDP_2026-05-01T01:00:00+0000_16.6468
KRSNWDP,Krishna at Wadenepally,Krishna,2026-05-01 02:00:00+00:00,16.605794121483868,NORMAL,18.45,19.84,23.07,16.7944,80.07247,KRSNWDP_2026-05-01T02:00:00+0000_16.6058
KRSNWDP,Krishna at Wadenepally,Krishna,2026-05-01 03:00:00+00:00,16.65125073771724,NORMAL,18.45,19.84,23.07,16.7944,80.07247,KRSNWDP_2026-05-01T03:00:00+0000_16.6513
KRSNWDP,Krishna at Wadenepally,Krishna,2026-05-01 04:00:00+00:00,16.557576229480226,NORMAL,18.45,19.84,23.07,16.7944,80.07247,KRSNWDP_2026-05-01T04:00:00+0000_16.5576
KRSNWDP,Krishna at Wadenepally,Krishna,2026-05-01 05:00:00+00:00,16.53673632516717,NORMAL,18.45,19.84,23.07,16.7944,80.07247,KRSNWDP_2026-05-01T05:00:00+0000_16.5367
KRSNWDP,Krishna at Wadenepally,Krishna,2026-05-01 06:00:00+00:00,16.412043878240496,NORMAL,18.45,19.84,23.07,16.7944,80.07247,KRSNWDP_2026-05-01T06:00:00+0000_16.4120
KRSNWDP,Krishna at Wadenepally,Krishna,2026-05-01 07:00:00+00:00,16.41868732809117,NORMAL,18.45,19.84,23.07,16.7944,80.07247,KRSNWDP_2026-05-01T07:00:00+0000_16.4187
KRSNWDP,Krishna at Wadenepally,Krishna,2026-05-01 08:00:00+00:00,16.415425962763177,NORMAL,18.45,19.84,23.07,16.7944,80.07247,KRSNWDP_2026-05-01T08:00:00+0000_16.4154
KRSNWDP,Krishna at Wadenepally,Krishna,2026-05-01 09:00:00+00:00,16.315714544585965,NORMAL,18.45,19.84,23.07,16.7944,80.07247,KRSNWDP_2026-05-01T09:00:00+0000_16.3157
KRSNWDP,Krishna at Wadenepally,Krishna,2026-05-01 10:00:00+00:00,16.267563725413165,NORMAL,18.45,19.84,23.07,16.7944,80.07247,KRSNWDP_2026-05-01T10:00:00+0000_16.2676
KRSNWDP,Krishna at Wadenepally,Krishna,2026-05-01 11:00:00+00:00,16.312873111776558,NORMAL,18.45,19.84,23.07,16.7944,80.07247,KRSNWDP_2026-05-01T11:00:00+0000_16.3129
KRSNWDP,Krishna at Wadenepally,Krishna,2026-05-01 12:00:00+00:00,16.28637949914737,NORMAL,18.45,19.84,23.07,16.7944,80.07247,KRSNWDP_2026-05-01T12:00:00+0000_16.2864
KRSNWDP,Krishna at Wadenepally,Krishna,2026-05-01 13:00:00+00:00,16.347958670194576,NORMAL,18.45,19.84,23.07,16.7944,80.07247,KRSNWDP_2026-05-01T13:00:00+0000_16.3480
KRSNWDP,Krishna at Wadenepally,Krishna,2026-05-01 14:00:00+00:00,19.94918572775699,DANGER,18.45,19.84,23.07,16.7944,80.07247,KRSNWDP_2026-05-01T14:00:00+0000_19.9492
KRSNWDP,Krishna at Wadenepally,Krishna,2026-05-01 15:00:00+00:00,19.652205819297897,WARNING,18.45,19.84,23.07,16.7944,80.07247,KRSNWDP_2026-05-01T15:00:00+0000_19.6522
KRSNWDP,Krishna at Wadenepally,Krishna,2026-05-01 16:00:00+00:00,19.363931907492265,WARNING,18.45,19.84,23.07,16.7944,80.07247,KRSNWDP_2026-05-01T16:00:00+0000_19.3639
KRSNWDP,Krishna at Wadenepally,Krishna,2026-05-01 17:00:00+00:00,19.145085276491244,WARNING,18.45,19.84,23.07,16.7944,80.07247,KRSNWDP_2026-05-01T17:00:00+0000_19.1451
KRSNWDP,Krishna at Wadenepally,Krishna,2026-05-01 18:00:00+00:00,16.501981398825603,NORMAL,18.45,19.84,23.07,16.7944,80.07247,KRSNWDP_2026-05-01T18:00:00+0000_16.5020
KRSNWDP,Krishna at Wadenepally,Krishna,2026-05-01 19:00:00+00:00,16.579777170219167,NORMAL,18.45,19.84,23.07,16.7944,80.07247,KRSNWDP_2026-05-01T19:00:00+0000_16.5798
KRSNWDP,Krishna at Wadenepally,Krishna,2026-05-01 20:00:00+00:00,16.653482804283282,NORMAL,18.45,19.84,23.07,16.7944,80.07247,KRSNWDP_2026-05-01T20:00:00+0000_16.6535
KRSNWDP,Krishna at Wadenepally,Krishna,2026-05-01 21:00:00+00:00,16.67216276949972,NORMAL,18.45,19.84,23.07,16.7944,80.07247,KRSNWDP_2026-05-01T21:00:00+0000_16.6722
KRSNWDP,Krishna at Wadenepally,Krishna,2026-05-01 22:00:00+00:00,16.716424276462927,NORMAL,18.45,19.84,23.07,16.7944,80.07247,KRSNWDP_2026-05-01T22:00:00+0000_16.7164
KRSNWDP,Krishna at Wadenepally,Krishna,2026-05-01 23:00:00+00:00,16.684087854501527,NORMAL,18.45,19.84,23.07,16.7944,80.07247,KRSNWDP_2026-05-01T23:00:00+0000_16.6841
KRSNWDP,Krishna at Wadenepally,Krishna,2026-05-02 00:00:00+00:00,16.69080571576484,NORMAL,18.45,19.84,23.07,16.7944,80.07247,KRSNWDP_2026-05-02T00:00:00+0000_16.6908
KRSNWDP,Krishna at Wadenepally,Krishna,2026-05-02 01:00:00+00:00,16.647849738407643,NORMAL,18.45,19.84,23.07,16.7944,80.07247,KRSNWDP_2026-05-02T01:00:00+0000_16.6478
KRSNWDP,Krishna at Wadenepally,Krishna,2026-05-02 02:00:00+00:00,16.61883428172312,NORMAL,18.45,19.84,23.07,16.7944,80.07247,KRSNWDP_2026-05-02T02:00:00+0000_16.6188
KRSNWDP,Krishna at Wadenepally,Krishna,2026-05-02 03:00:00+00:00,16.56298015765905,NORMAL,18.45,19.84,23.07,16.7944,80.07247,KRSNWDP_2026-05-02T03:00:00+0000_16.5630
KRSNWDP,Krishna at Wadenepally,Krishna,2026-05-02 04:00:00+00:00,16.613526934692228,NORMAL,18.45,19.84,23.07,16.7944,80.07247,KRSNWDP_2026-05-02T04:00:00+0000_16.6135
KRSNWDP,Krishna at Wadenepally,Krishna,2026-05-02 05:00:00+00:00,16.52954972633666,NORMAL,18.45,19.84,23.07,16.7944,80.07247,KRSNWDP_2026-05-02T05:00:00+0000_16.5295
KRSNWDP,Krishna at Wadenepally,Krishna,2026-05-02 06:00:00+00:00,16.41924110796949,NORMAL,18.45,19.84,23.07,16.7944,80.07247,KRSNWDP_2026-05-02T06:00:00+0000_16.4192
KRSNWDP,Krishna at Wadenepally,Krishna,2026-05-02 07:00:00+00:00,16.452573341563305,NORMAL,18.45,19.84,23.07,16.7944,80.07247,KRSNWDP_2026-05-02T07:00:00+0000_16.4526
KRSNWDP,Krishna at Wadenepally,Krishna,2026-05-02 08:00:00+00:00,16.420556295347474,NORMAL,18.45,19.84,23.07,16.7944,80.07247,KRSNWDP_2026-05-02T08:00:00+0000_16.4206
KRSNWDP,Krishna at Wadenepally,Krishna,2026-05-02 09:00:00+00:00,16.340200553923232,NORMAL,18.45,19.84,23.07,16.7944,80.07247,KRSNWDP_2026-05-02T09:00:00+0000_16.3402
KRSNWDP,Krishna at Wadenepally,Krishna,2026-05-02 10:00:00+00:00,16.27036874521408,NORMAL,18.45,19.84,23.07,16.7944,80.07247,KRSNWDP_2026-05-02T10:00:00+0000_16.2704
KRSNWDP,Krishna at Wadenepally,Krishna,2026-05-02 11:00:00+00:00,16.303892355399068,NORMAL,18.45,19.84,23.07,16.7944,80.07247,KRSNWDP_2026-05-02T11:00:00+0000_16.3039
KRSNWDP,Krishna at Wadenepally,Krishna,2026-05-02 12:00:00+00:00,16.321331662508108,NORMAL,18.45,19.84,23.07,16.7944,80.07247,KRSNWDP_2026-05-02T12:00:00+0000_16.3213
KRSNWDP,Krishna at Wadenepally,Krishna,2026-05-02 13:00:00+00:00,,,18.45,19.84,23.07,16.7944,80.07247,KRSNWDP_2026-05-02T13:00:00+0000_
KRSNWDP,Krishna at Wadenepally,Krishna,2026-05-02 14:00:00+00:00,16.362402517059685,NORMAL,18.45,19.84,23.07,16.7944,80.07247,KRSNWDP_2026-05-02T14:00:00+0000_16.3624
KRSNWDP,Krishna at Wadenepally,Krishna,2026-05-02 15:00:00+00:00,16.38317481467499,NORMAL,18.45,19.84,23.07,16.7944,80.07247,KRSNWDP_2026-05-02T15:00:00+0000_16.3832
KRSNWDP,Krishna at Wadenepally,Krishna,2026-05-02 16:00:00+00:00,16.413230792842374,NORMAL,18.45,19.84,23.07,16.7944,80.07247,KRSNWDP_2026-05-02T16:00:00+0000_16.4132
KRSNWDP,Krishna at Wadenepally,Krishna,2026-05-02 17:00:00+00:00,16.504064869999056,NORMAL,18.45,19.84,23.07,16.7944,80.07247,KRSNWDP_2026-05-02T17:00:00+0000_16.5041
KRSNWDP,Krishna at Wadenepally,Krishna,2026-05-02 18:00:00+00:00,16.51165116306488,NORMAL,18.45,19.84,23.07,16.7944,80.07247,KRSNWDP_2026-05-02T18:00:00+0000_16.5117
KRSNWDP,Krishna at Wadenepally,Krishna,2026-05-02 19:00:00+00:00,16.542413353659075,NORMAL,18.45,19.84,23.07,16.7944,80.07247,KRSNWDP_2026-05-02T19:00:00+0000_16.5424
KRSNWDP,Krishna at Wadenepally,Krishna,2026-05-02 20:00:00+00:00,16.61206889222646,NORMAL,18.45,19.84,23.07,16.7944,80.07247,KRSNWDP_2026-05-02T20:00:00+0000_16.6121
KRSNWDP,Krishna at Wadenepally,Krishna,2026-05-02 21:00:00+00:00,16.604448584214733,NORMAL,18.45,19.84,23.07,16.7944,80.07247,KRSNWDP_2026-05-02T21:00:00+0000_16.6044
KRSNWDP,Krishna at Wadenepally,Krishna,2026-05-02 22:00:00+00:00,16.62588541704088,NORMAL,18.45,19.84,23.07,16.7944,80.07247,KRSNWDP_2026-05-02T22:00:00+0000_16.6259
KRSNWDP,Krishna at Wadenepally,Krishna,2026-05-02 23:00:00+00:00,16.66318272183346,NORMAL,18.45,19.84,23.07,16.7944,80.07247,KRSNWDP_2026-05-02T23:00:00+0000_16.6632
KRSNWDP,Krishna at Wadenepally,Krishna,2026-05-03 00:00:00+00:00,16.649546555536112,NORMAL,18.45,19.84,23.07,16.7944,80.07247,KRSNWDP_2026-05-03T00:00:00+0000_16.6495
KRSNWDP,Krishna at Wadenepally,Krishna,2026-05-03 01:00:00+00:00,16.63056365573261,NORMAL,18.45,19.84,23.07,16.7944,80.07247,KRSNWDP_2026-05-03T01:00:00+0000_16.6306
KRSNWDP,Krishna at Wadenepally,Krishna,2026-05-03 02:00:00+00:00,16.620417535547585,NORMAL,18.45,19.84,23.07,16.7944,80.07247,KRSNWDP_2026-05-03T02:00:00+0000_16.6204
KRSNWDP,Krishna at Wadenepally,Krishna,2026-05-03 03:00:00+00:00,16.61575470605349,NORMAL,18.45,19.84,23.07,16.7944,80.07247,KRSNWDP_2026-05-03T03:00:00+0000_16.6158
KRSNWDP,Krishna at Wadenepally,Krishna,2026-05-03 04:00:00+00:00,,,18.45,19.84,23.07,16.7944,80.07247,KRSNWDP_2026-05-03T04:00:00+0000_
KRSNWDP,Krishna at Wadenepally,Krishna,2026-05-03 05:00:00+00:00,16.556758732196943,NORMAL,18.45,19.84,23.07,16.7944,80.07247,KRSNWDP_2026-05-03T05:00:00+0000_16.5568
KRSNWDP,Krishna at Wadenepally,Krishna,2026-05-03 06:00:00+00:00,16.48098818442558,NORMAL,18.45,19.84,23.07,16.7944,80.07247,KRSNWDP_2026-05-03T06:00:00+0000_16.4810
KRSNWDP,Krishna at Wadenepally,Krishna,2026-05-03 07:00:00+00:00,16.472201497462347,NORMAL,18.45,19.84,23.07,16.7944,80.07247,KRSNWDP_2026-05-03T07:00:00+0000_16.4722
KRSNWDP,Krishna at Wadenepally,Krishna,2026-05-03 08:00:00+00:00,16.376844888383403,NORMAL,18.45,19.84,23.07,16.7944,80.07247,KRSNWDP_2026-05-03T08:00:00+0000_16.3768
KRSNWDP,Krishna at Wadenepally,Krishna,2026-05-03 09:00:00+00:00,16.32974545104526,NORMAL,18.45,19.84,23.07,16.7944,80.07247,KRSNWDP_2026-05-03T09:00:00+0000_16.3297
KRSNWDP,Krishna at Wadenepally,Krishna,2026-05-03 10:00:00+00:00,16.296429115015062,NORMAL,18.45,19.84,23.07,16.7944,80.07247,KRSNWDP_2026-05-03T10:00:00+0000_16.2964
KRSNWDP,Krishna at Wadenepally,Krishna,2026-05-03 11:00:00+00:00,16.28378586653955,NORMAL,18.45,19.84,23.07,16.7944,80.07247,KRSNWDP_2026-05-03T11:00:00+0000_16.2838
KRSNWDP,Krishna at Wadenepally,Krishna,2026-05-03 12:00:00+00:00,16.359023964003082,NORMAL,18.45,19.84,23.07,16.7944,80.07247,KRSNWDP_2026-05-03T12:00:00+0000_16.3590
KRSNWDP,Krishna at Wadenepally,Krishna,2026-05-03 13:00:00+00:00,16.331535147383892,NORMAL,18.45,19.84,23.07,16.7944,80.07247,KRSNWDP_2026-05-03T13:00:00+0000_16.3315
KRSNWDP,Krishna at Wadenepally,Krishna,2026-05-03 14:00:00+00:00,16.39851112445046,NORMAL,18.45,19.84,23.07,16.7944,80.07247,KRSNWDP_2026-05-03T14:00:00+0000_16.3985
KRSNWDP,Krishna at Wadenepally,Krishna,2026-05-03 15:00:00+00:00,16.380450237733434,NORMAL,18.45,19.84,23.07,16.7944,80.07247,KRSNWDP_2026-05-03T15:00:00+0000_16.3805
KRSNWDP,Krishna at Wadenepally,Krishna,2026-05-03 16:00:00+00:00,16.41407693202001,NORMAL,18.45,19.84,23.07,16.7944,80.07247,KRSNWDP_2026-05-03T16:00:00+0000_16.4141
KRSNWDP,Krishna at Wadenepally,Krishna,2026-05-03 17:00:00+00:00,16.451897400724725,NORMAL,18.45,19.84,23.07,16.7944,80.07247,KRSNWDP_2026-05-03T17:00:00+0000_16.4519
KRSNWDP,Krishna at Wadenepally,Krishna,2026-05-03 18:00:00+00:00,16.495487035330264,NORMAL,18.45,19.84,23.07,16.7944,80.07247,KRSNWDP_2026-05-03T18:00:00+0000_16.4955
KRSNWDP,Krishna at Wadenepally,Krishna,2026-05-03 19:00:00+00:00,16.579772707692957,NORMAL,18.45,19.84,23.07,16.7944,80.07247,KRSNWDP_2026-05-03T19:00:00+0000_16.5798
KRSNWDP,Krishna at Wadenepally,Krishna,2026-05-03 20:00:00+00:00,16.6485932305234,NORMAL,18.45,19.84,23.07,16.7944,80.07247,KRSNWDP_2026-05-03T20:00:00+0000_16.6486
KRSNWDP,Krishna at Wadenepally,Krishna,2026-05-03 21:00:00+00:00,16.630962534126144,NORMAL,18.45,19.84,23.07,16.7944,80.07247,KRSNWDP_2026-05-03T21:00:00+0000_16.6310
KRSNWDP,Krishna at Wadenepally,Krishna,2026-05-03 22:00:00+00:00,16.669472033189876,NORMAL,18.45,19.84,23.07,16.7944,80.07247,KRSNWDP_2026-05-03T22:00:00+0000_16.6695
KRSNWDP,Krishna at Wadenepally,Krishna,2026-05-03 23:00:00+00:00,16.74090577221276,NORMAL,18.45,19.84,23.07,16.7944,80.07247,KRSNWDP_2026-05-03T23:00:00+0000_16.7409
KRSNWDP,Krishna at Wadenepally,Krishna,2026-05-04 00:00:00+00:00,16.687352429809295,NORMAL,18.45,19.84,23.07,16.7944,80.07247,KRSNWDP_2026-05-04T00:00:00+0000_16.6874
KRSNWDP,Krishna at Wadenepally,Krishna,2026-05-04 01:00:00+00:00,16.66301726202153,NORMAL,18.45,19.84,23.07,16.7944,80.07247,KRSNWDP_2026-05-04T01:00:00+0000_16.6630
KRSNWDP,Krishna at Wadenepally,Krishna,2026-05-04 02:00:00+00:00,16.66999098211063,NORMAL,18.45,19.84,23.07,16.7944,80.07247,KRSNWDP_2026-05-04T02:00:00+0000_16.6700
KRSNWDP,Krishna at Wadenepally,Krishna,2026-05-04 03:00:00+00:00,16.665919079335993,NORMAL,18.45,19.84,23.07,16.7944,80.07247,KRSNWDP_2026-05-04T03:00:00+0000_16.6659
KRSNWDP,Krishna at Wadenepally,Krishna,2026-05-04 04:00:00+00:00,16.561617819893236,NORMAL,18.45,19.84,23.07,16.7944,80.07247,KRSNWDP_2026-05-04T04:00:00+0000_16.5616
KRSNWDP,Krishna at Wadenepally,Krishna,2026-05-04 05:00:00+00:00,16.492447475233522,NORMAL,18.45,19.84,23.07,16.7944,80.07247,KRSNWDP_2026-05-04T05:00:00+0000_16.4924
KRSNWDP,Krishna at Wadenepally,Krishna,2026-05-04 06:00:00+00:00,16.491767361811338,NORMAL,18.45,19.84,23.07,16.7944,80.07247,KRSNWDP_2026-05-04T06:00:00+0000_16.4918
KRSNWDP,Krishna at Wadenepally,Krishna,2026-05-04 07:00:00+00:00,16.447480433326024,NORMAL,18.45,19.84,23.07,16.7944,80.07247,KRSNWDP_2026-05-04T07:00:00+0000_16.4475
KRSNWDP,Krishna at Wadenepally,Krishna,2026-05-04 08:00:00+00:00,16.396530298229557,NORMAL,18.45,19.84,23.07,16.7944,80.07247,KRSNWDP_2026-05-04T08:00:00+0000_16.3965
KRSNWDP,Krishna at Wadenepally,Krishna,2026-05-04 09:00:00+00:00,16.30543386597656,NORMAL,18.45,19.84,23.07,16.7944,80.07247,KRSNWDP_2026-05-04T09:00:00+0000_16.3054
KRSNWDP,Krishna at Wadenepally,Krishna,2026-05-04 10:00:00+00:00,16.3574068205733,NORMAL,18.45,19.84,23.07,16.7944,80.07247,KRSNWDP_2026-05-04T10:00:00+0000_16.3574
KRSNWDP,Krishna at Wadenepally,Krishna,2026-05-04 11:00:00+00:00,16.33745738978117,NORMAL,18.45,19.84,23.07,16.7944,80.07247,KRSNWDP_2026-05-04T11:00:00+0000_16.3375
KRSNWDP,Krishna at Wadenepally,Krishna,2026-05-04 12:00:00+00:00,16.32781133048467,NORMAL,18.45,19.84,23.07,16.7944,80.07247,KRSNWDP_2026-05-04T12:00:00+0000_16.3278
KRSNWDP,Krishna at Wadenepally,Krishna,2026-05-04 13:00:00+00:00,16.354401616432675,NORMAL,18.45,19.84,23.07,16.7944,80.07247,KRSNWDP_2026-05-04T13:00:00+0000_16.3544
KRSNWDP,Krishna at Wadenepally,Krishna,2026-05-04 14:00:00+00:00,16.33761378847775,NORMAL,18.45,19.84,23.07,16.7944,80.07247,KRSNWDP_2026-05-04T14:00:00+0000_16.3376
KRSNWDP,Krishna at Wadenepally,Krishna,2026-05-04 15:00:00+00:00,16.403737601179657,NORMAL,18.45,19.84,23.07,16.7944,80.07247,KRSNWDP_2026-05-04T15:00:00+0000_16.4037
KRSNWDP,Krishna at Wadenepally,Krishna,2026-05-04 16:00:00+00:00,16.443341947647873,NORMAL,18.45,19.84,23.07,16.7944,80.07247,KRSNWDP_2026-05-04T16:00:00+0000_16.4433
KRSNWDP,Krishna at Wadenepally,Krishna,2026-05-04 17:00:00+00:00,16.5006935313314,NORMAL,18.45,19.84,23.07,16.7944,80.07247,KRSNWDP_2026-05-04T17:00:00+0000_16.5007
KRSNWDP,Krishna at Wadenepally,Krishna,2026-05-04 18:00:00+00:00,16.523593496505057,NORMAL,18.45,19.84,23.07,16.7944,80.07247,KRSNWDP_2026-05-04T18:00:00+0000_16.5236
KRSNWDP,Krishna at Wadenepally,Krishna,2026-05-04 19:00:00+00:00,16.57100451351615,NORMAL,18.45,19.84,23.07,16.7944,80.07247,KRSNWDP_2026-05-04T19:00:00+0000_16.5710
KRSNWDP,Krishna at Wadenepally,Krishna,2026-05-04 20:00:00+00:00,16.64810566402154,NORMAL,18.45,19.84,23.07,16.7944,80.07247,KRSNWDP_2026-05-04T20:00:00+0000_16.6481
KRSNWDP,Krishna at Wadenepally,Krishna,2026-05-04 21:00:00+00:00,16.658904485630114,NORMAL,18.45,19.84,23.07,16.7944,80.07247,KRSNWDP_2026-05-04T21:00:00+0000_16.6589
KRSNWDP,Krishna at Wadenepally,Krishna,2026-05-04 22:00:00+00:00,16.718344211172703,NORMAL,18.45,19.84,23.07,16.7944,80.07247,KRSNWDP_2026-05-04T22:00:00+0000_16.7183
KRSNWDP,Krishna at Wadenepally,Krishna,2026-05-04 23:00:00+00:00,16.73891922526896,NORMAL,18.45,19.84,23.07,16.7944,80.07247,KRSNWDP_2026-05-04T23:00:00+0000_16.7389
KRSNWDP,Krishna at Wadenepally,Krishna,2026-05-05 00:00:00+00:00,16.70017636538277,NORMAL,18.45,19.84,23.07,16.7944,80.07247,KRSNWDP_2026-05-05T00:00:00+0000_16.7002
KRSNWDP,Krishna at Wadenepally,Krishna,2026-05-05 01:00:00+00:00,16.691421668972254,NORMAL,18.45,19.84,23.07,16.7944,80.07247,KRSNWDP_2026-05-05T01:00:00+0000_16.6914
KRSNWDP,Krishna at Wadenepally,Krishna,2026-05-05 02:00:00+00:00,16.63324914268685,NORMAL,18.45,19.84,23.07,16.7944,80.07247,KRSNWDP_2026-05-05T02:00:00+0000_16.6332
KRSNWDP,Krishna at Wadenepally,Krishna,2026-05-05 03:00:00+00:00,16.61275464704327,NORMAL,18.45,19.84,23.07,16.7944,80.07247,KRSNWDP_2026-05-05T03:00:00+0000_16.6128
KRSNWDP,Krishna at Wadenepally,Krishna,2026-05-05 04:00:00+00:00,16.605969252130276,NORMAL,18.45,19.84,23.07,16.7944,80.07247,KRSNWDP_2026-05-05T04:00:00+0000_16.6060
KRSNWDP,Krishna at Wadenepally,Krishna,2026-05-05 05:00:00+00:00,16.530440951095237,NORMAL,18.45,19.84,23.07,16.7944,80.07247,KRSNWDP_2026-05-05T05:00:00+0000_16.5304
KRSNWDP,Krishna at Wadenepally,Krishna,2026-05-05 06:00:00+00:00,16.478771917189047,NORMAL,18.45,19.84,23.07,16.7944,80.07247,KRSNWDP_2026-05-05T06:00:00+0000_16.4788
KRSNWDP,Krishna at Wadenepally,Krishna,2026-05-05 07:00:00+00:00,16.398046558440825,NORMAL,18.45,19.84,23.07,16.7944,80.07247,KRSNWDP_2026-05-05T07:00:00+0000_16.3980
KRSNWDP,Krishna at Wadenepally,Krishna,2026-05-05 08:00:00+00:00,16.367600705663932,NORMAL,18.45,19.84,23.07,16.7944,80.07247,KRSNWDP_2026-05-05T08:00:00+0000_16.3676
KRSNWDP,Krishna at Wadenepally,Krishna,2026-05-05 09:00:00+00:00,16.403718123389307,NORMAL,18.45,19.84,23.07,16.7944,80.07247,KRSNWDP_2026-05-05T09:00:00+0000_16.4037
KRSNWDP,Krishna at Wadenepally,Krishna,2026-05-05 10:00:00+00:00,16.360969035300535,NORMAL,18.45,19.84,23.07,16.7944,80.07247,KRSNWDP_2026-05-05T10:00:00+0000_16.3610
KRSNWDP,Krishna at Wadenepally,Krishna,2026-05-05 11:00:00+00:00,16.33202645641825,NORMAL,18.45,19.84,23.07,16.7944,80.07247,KRSNWDP_2026-05-05T11:00:00+0000_16.3320
KRSNWDP,Krishna at Wadenepally,Krishna,2026-05-05 12:00:00+00:00,16.33716219258893,NORMAL,18.45,19.84,23.07,16.7944,80.07247,KRSNWDP_2026-05-05T12:00:00+0000_16.3372
KRSNWDP,Krishna at Wadenepally,Krishna,2026-05-05 13:00:00+00:00,16.291170923024154,NORMAL,18.45,19.84,23.07,16.7944,80.07247,KRSNWDP_2026-05-05T13:00:00+0000_16.2912
KRSNWDP,Krishna at Wadenepally,Krishna,2026-05-05 14:00:00+00:00,16.36197145092196,NORMAL,18.45,19.84,23.07,16.7944,80.07247,KRSNWDP_2026-05-05T14:00:00+0000_16.3620
KRSNWDP,Krishna at Wadenepally,Krishna,2026-05-05 15:00:00+00:00,16.377769053366173,NORMAL,18.45,19.84,23.07,16.7944,80.07247,KRSNWDP_2026-05-05T15:00:00+0000_16.3778
KRSNWDP,Krishna at Wadenepally,Krishna,2026-05-05 16:00:00+00:00,16.430505827462298,NORMAL,18.45,19.84,23.07,16.7944,80.07247,KRSNWDP_2026-05-05T16:00:00+0000_16.4305
KRSNWDP,Krishna at Wadenepally,Krishna,2026-05-05 17:00:00+00:00,16.51745185572646,NORMAL,18.45,19.84,23.07,16.7944,80.07247,KRSNWDP_2026-05-05T17:00:00+0000_16.5175
KRSNWDP,Krishna at Wadenepally,Krishna,2026-05-05 18:00:00+00:00,16.497184978633754,NORMAL,18.45,19.84,23.07,16.7944,80.07247,KRSNWDP_2026-05-05T18:00:00+0000_16.4972
KRSNWDP,Krishna at Wadenepally,Krishna,2026-05-05 19:00:00+00:00,16.608060863413517,NORMAL,18.45,19.84,23.07,16.7944,80.07247,KRSNWDP_2026-05-05T19:00:00+0000_16.6081
KRSNWDP,Krishna at Wadenepally,Krishna,2026-05-05 20:00:00+00:00,16.592276986712957,NORMAL,18.45,19.84,23.07,16.7944,80.07247,KRSNWDP_2026-05-05T20:00:00+0000_16.5923
KRSNWDP,Krishna at Wadenepally,Krishna,2026-05-05 21:00:00+00:00,16.676109317322414,NORMAL,18.45,19.84,23.07,16.7944,80.07247,KRSNWDP_2026-05-05T21:00:00+0000_16.6761
KRSNWDP,Krishna at Wadenepally,Krishna,2026-05-05 22:00:00+00:00,16.695582694472456,NORMAL,18.45,19.84,23.07,16.7944,80.07247,KRSNWDP_2026-05-05T22:00:00+0000_16.6956
KRSNWDP,Krishna at Wadenepally,Krishna,2026-05-05 23:00:00+00:00,16.693883254601015,NORMAL,18.45,19.84,23.07,16.7944,80.07247,KRSNWDP_2026-05-05T23:00:00+0000_16.6939
KRSNWDP,Krishna at Wadenepally,Krishna,2026-05-06 00:00:00+00:00,16.742090375220922,NORMAL,18.45,19.84,23.07,16.7944,80.07247,KRSNWDP_2026-05-06T00:00:00+0000_16.7421
KRSNWDP,Krishna at Wadenepally,Krishna,2026-05-06 01:00:00+00:00,16.68551169073247,NORMAL,18.45,19.84,23.07,16.7944,80.07247,KRSNWDP_2026-05-06T01:00:00+0000_16.6855
KRSNWDP,Krishna at Wadenepally,Krishna,2026-05-06 02:00:00+00:00,16.675122441578598,NORMAL,18.45,19.84,23.07,16.7944,80.07247,KRSNWDP_2026-05-06T02:00:00+0000_16.6751
KRSNWDP,Krishna at Wadenepally,Krishna,2026-05-06 03:00:00+00:00,16.672571617222072,NORMAL,18.45,19.84,23.07,16.7944,80.07247,KRSNWDP_2026-05-06T03:00:00+0000_16.6726
KRSNWDP,Krishna at Wadenepally,Krishna,2026-05-06 04:00:00+00:00,16.5987480173821,NORMAL,18.45,19.84,23.07,16.7944,80.07247,KRSNWDP_2026-05-06T04:00:00+0000_16.5987
KRSNWDP,Krishna at Wadenepally,Krishna,2026-05-06 05:00:00+00:00,16.57023416101992,NORMAL,18.45,19.84,23.07,16.7944,80.07247,KRSNWDP_2026-05-06T05:00:00+0000_16.5702
KRSNWDP,Krishna at Wadenepally,Krishna,2026-05-06 06:00:00+00:00,16.44905391199424,NORMAL,18.45,19.84,23.07,16.7944,80.07247,KRSNWDP_2026-05-06T06:00:00+0000_16.4491
KRSNWDP,Krishna at Wadenepally,Krishna,2026-05-06 07:00:00+00:00,,,18.45,19.84,23.07,16.7944,80.07247,KRSNWDP_2026-05-06T07:00:00+0000_
KRSNWDP,Krishna at Wadenepally,Krishna,2026-05-06 08:00:00+00:00,16.367603540214628,NORMAL,18.45,19.84,23.07,16.7944,80.07247,KRSNWDP_2026-05-06T08:00:00+0000_16.3676
KRSNWDP,Krishna at Wadenepally,Krishna,2026-05-06 09:00:00+00:00,16.385502742943185,NORMAL,18.45,19.84,23.07,16.7944,80.07247,KRSNWDP_2026-05-06T09:00:00+0000_16.3855
KRSNWDP,Krishna at Wadenepally,Krishna,2026-05-06 10:00:00+00:00,16.2947395687835,NORMAL,18.45,19.84,23.07,16.7944,80.07247,KRSNWDP_2026-05-06T10:00:00+0000_16.2947
KRSNWDP,Krishna at Wadenepally,Krishna,2026-05-06 11:00:00+00:00,16.3510686563224,NORMAL,18.45,19.84,23.07,16.7944,80.07247,KRSNWDP_2026-05-06T11:00:00+0000_16.3511
KRSNWDP,Krishna at Wadenepally,Krishna,2026-05-06 12:00:00+00:00,16.350463083080534,NORMAL,18.45,19.84,23.07,16.7944,80.07247,KRSNWDP_2026-05-06T12:00:00+0000_16.3505
KRSNWDP,Krishna at Wadenepally,Krishna,2026-05-06 13:00:00+00:00,16.337062513467735,NORMAL,18.45,19.84,23.07,16.7944,80.07247,KRSNWDP_2026-05-06T13:00:00+0000_16.3371
KRSNWDP,Krishna at Wadenepally,Krishna,2026-05-06 14:00:00+00:00,16.37104883224344,NORMAL,18.45,19.84,23.07,16.7944,80.07247,KRSNWDP_2026-05-06T14:00:00+0000_16.3710
KRSNWDP,Krishna at Wadenepally,Krishna,2026-05-06 15:00:00+00:00,16.40782606744314,NORMAL,18.45,19.84,23.07,16.7944,80.07247,KRSNWDP_2026-05-06T15:00:00+0000_16.4078
KRSNWDP,Krishna at Wadenepally,Krishna,2026-05-06 16:00:00+00:00,16.43920772175153,NORMAL,18.45,19.84,23.07,16.7944,80.07247,KRSNWDP_2026-05-06T16:00:00+0000_16.4392
KRSNWDP,Krishna at Wadenepally,Krishna,2026-05-06 17:00:00+00:00,16.547538798223123,NORMAL,18.45,19.84,23.07,16.7944,80.07247,KRSNWDP_2026-05-06T17:00:00+0000_16.5475
KRSNWDP,Krishna at Wadenepally,Krishna,2026-05-06 18:00:00+00:00,16.54012355015168,NORMAL,18.45,19.84,23.07,16.7944,80.07247,KRSNWDP_2026-05-06T18:00:00+0000_16.5401
KRSNWDP,Krishna at Wadenepally,Krishna,2026-05-06 19:00:00+00:00,16.59950705308144,NORMAL,18.45,19.84,23.07,16.7944,80.07247,KRSNWDP_2026-05-06T19:00:00+0000_16.5995
KRSNWDP,Krishna at Wadenepally,Krishna,2026-05-06 20:00:00+00:00,16.665500315327012,NORMAL,18.45,19.84,23.07,16.7944,80.07247,KRSNWDP_2026-05-06T20:00:00+0000_16.6655
KRSNWDP,Krishna at Wadenepally,Krishna,2026-05-06 21:00:00+00:00,16.66251693921114,NORMAL,18.45,19.84,23.07,16.7944,80.07247,KRSNWDP_2026-05-06T21:00:00+0000_16.6625
KRSNWDP,Krishna at Wadenepally,Krishna,2026-05-06 22:00:00+00:00,16.707667009501318,NORMAL,18.45,19.84,23.07,16.7944,80.07247,KRSNWDP_2026-05-06T22:00:00+0000_16.7077
KRSNWDP,Krishna at Wadenepally,Krishna,2026-05-06 23:00:00+00:00,16.72050841930681,NORMAL,18.45,19.84,23.07,16.7944,80.07247,KRSNWDP_2026-05-06T23:00:00+0000_16.7205
KRSNWDP,Krishna at Wadenepally,Krishna,2026-05-07 00:00:00+00:00,16.70521119166123,NORMAL,18.45,19.84,23.07,16.7944,80.07247,KRSNWDP_2026-05-07T00:00:00+0000_16.7052
KRSNWDP,Krishna at Wadenepally,Krishna,2026-05-07 01:00:00+00:00,16.69862505902388,NORMAL,18.45,19.84,23.07,16.7944,80.07247,KRSNWDP_2026-05-07T01:00:00+0000_16.6986
KRSNWDP,Krishna at Wadenepally,Krishna,2026-05-07 02:00:00+00:00,16.696253120704622,NORMAL,18.45,19.84,23.07,16.7944,80.07247,KRSNWDP_2026-05-07T02:00:00+0000_16.6963
KRSNWDP,Krishna at Wadenepally,Krishna,2026-05-07 03:00:00+00:00,16.611728485492915,NORMAL,18.45,19.84,23.07,16.7944,80.07247,KRSNWDP_2026-05-07T03:00:00+0000_16.6117
KRSNWDP,Krishna at Wadenepally,Krishna,2026-05-07 04:00:00+00:00,16.585828376853215,NORMAL,18.45,19.84,23.07,16.7944,80.07247,KRSNWDP_2026-05-07T04:00:00+0000_16.5858
KRSNWDP,Krishna at Wadenepally,Krishna,2026-05-07 05:00:00+00:00,16.53589207777787,NORMAL,18.45,19.84,23.07,16.7944,80.07247,KRSNWDP_2026-05-07T05:00:00+0000_16.5359
KRSNWDP,Krishna at Wadenepally,Krishna,2026-05-07 06:00:00+00:00,16.449273835749647,NORMAL,18.45,19.84,23.07,16.7944,80.07247,KRSNWDP_2026-05-07T06:00:00+0000_16.4493
KRSNWDP,Krishna at Wadenepally,Krishna,2026-05-07 07:00:00+00:00,16.498750642553556,NORMAL,18.45,19.84,23.07,16.7944,80.07247,KRSNWDP_2026-05-07T07:00:00+0000_16.4988
KRSNWDP,Krishna at Wadenepally,Krishna,2026-05-07 08:00:00+00:00,16.35951063692415,NORMAL,18.45,19.84,23.07,16.7944,80.07247,KRSNWDP_2026-05-07T08:00:00+0000_16.3595
KRSNWDP,Krishna at Wadenepally,Krishna,2026-05-07 09:00:00+00:00,16.366188021879758,NORMAL,18.45,19.84,23.07,16.7944,80.07247,KRSNWDP_2026-05-07T09:00:00+0000_16.3662
KRSNWDP,Krishna at Wadenepally,Krishna,2026-05-07 10:00:00+00:00,16.387529724470713,NORMAL,18.45,19.84,23.07,16.7944,80.07247,KRSNWDP_2026-05-07T10:00:00+0000_16.3875
KRSNWDP,Krishna at Wadenepally,Krishna,2026-05-07 11:00:00+00:00,16.343892043870923,NORMAL,18.45,19.84,23.07,16.7944,80.07247,KRSNWDP_2026-05-07T11:00:00+0000_16.3439
KRSNWDP,Krishna at Wadenepally,Krishna,2026-05-07 12:00:00+00:00,16.305275910099763,NORMAL,18.45,19.84,23.07,16.7944,80.07247,KRSNWDP_2026-05-07T12:00:00+0000_16.3053
KRSNWDP,Krishna at Wadenepally,Krishna,2026-05-07 13:00:00+00:00,16.324685346326163,NORMAL,18.45,19.84,23.07,16.7944,80.07247,KRSNWDP_2026-05-07T13:00:00+0000_16.3247
KRSNWDP,Krishna at Wadenepally,Krishna,2026-05-07 14:00:00+00:00,16.39734620915151,NORMAL,18.45,19.84,23.07,16.7944,80.07247,KRSNWDP_2026-05-07T14:00:00+0000_16.3973
KRSNWDP,Krishna at Wadenepally,Krishna,2026-05-07 15:00:00+00:00,16.414580836518315,NORMAL,18.45,19.84,23.07,16.7944,80.07247,KRSNWDP_2026-05-07T15:00:00+0000_16.4146
KRSNWDP,Krishna at Wadenepally,Krishna,2026-05-07 16:00:00+00:00,16.4758815097154,NORMAL,18.45,19.84,23.07,16.7944,80.07247,KRSNWDP_2026-05-07T16:00:00+0000_16.4759
KRSNWDP,Krishna at Wadenepally,Krishna,2026-05-07 17:00:00+00:00,16.502393587088612,NORMAL,18.45,19.84,23.07,16.7944,80.07247,KRSNWDP_2026-05-07T17:00:00+0000_16.5024
KRSNWDP,Krishna at Wadenepally,Krishna,2026-05-07 18:00:00+00:00,16.56947046801568,NORMAL,18.45,19.84,23.07,16.7944,80.07247,KRSNWDP_2026-05-07T18:00:00+0000_16.5695
KRSNWDP,Krishna at Wadenepally,Krishna,2026-05-07 19:00:00+00:00,16.644251750334753,NORMAL,18.45,19.84,23.07,16.7944,80.07247,KRSNWDP_2026-05-07T19:00:00+0000_16.6443
KRSNWDP,Krishna at Wadenepally,Krishna,2026-05-07 20:00:00+00:00,16.622432836415772,NORMAL,18.45,19.84,23.07,16.7944,80.07247,KRSNWDP_2026-05-07T20:00:00+0000_16.6224
KRSNWDP,Krishna at Wadenepally,Krishna,2026-05-07 21:00:00+00:00,16.63707399882206,NORMAL,18.45,19.84,23.07,16.7944,80.07247,KRSNWDP_2026-05-07T21:00:00+0000_16.6371
KRSNWDP,Krishna at Wadenepally,Krishna,2026-05-07 22:00:00+00:00,16.686116656284092,NORMAL,18.45,19.84,23.07,16.7944,80.07247,KRSNWDP_2026-05-07T22:00:00+0000_16.6861
KRSNWDP,Krishna at Wadenepally,Krishna,2026-05-07 23:00:00+00:00,16.756225888956738,NORMAL,18.45,19.84,23.07,16.7944,80.07247,KRSNWDP_2026-05-07T23:00:00+0000_16.7562
KRSNWDP,Krishna at Wadenepally,Krishna,2026-05-08 00:00:00+00:00,16.691838103912833,NORMAL,18.45,19.84,23.07,16.7944,80.07247,KRSNWDP_2026-05-08T00:00:00+0000_16.6918
KRSNWDP,Krishna at Wadenepally,Krishna,2026-05-08 01:00:00+00:00,16.714249290551972,NORMAL,18.45,19.84,23.07,16.7944,80.07247,KRSNWDP_2026-05-08T01:00:00+0000_16.7142
KRSNWDP,Krishna at Wadenepally,Krishna,2026-05-08 02:00:00+00:00,16.684117645399365,NORMAL,18.45,19.84,23.07,16.7944,80.07247,KRSNWDP_2026-05-08T02:00:00+0000_16.6841
KRSNWDP,Krishna at Wadenepally,Krishna,2026-05-08 03:00:00+00:00,16.608848587954416,NORMAL,18.45,19.84,23.07,16.7944,80.07247,KRSNWDP_2026-05-08T03:00:00+0000_16.6088
KRSNWDP,Krishna at Wadenepally,Krishna,2026-05-08 04:00:00+00:00,16.59842585152913,NORMAL,18.45,19.84,23.07,16.7944,80.07247,KRSNWDP_2026-05-08T04:00:00+0000_16.5984
KRSNWDP,Krishna at Wadenepally,Krishna,2026-05-08 05:00:00+00:00,16.591414879194414,NORMAL,18.45,19.84,23.07,16.7944,80.07247,KRSNWDP_2026-05-08T05:00:00+0000_16.5914
KRSNWDP,Krishna at Wadenepally,Krishna,2026-05-08 06:00:00+00:00,16.459350566904806,NORMAL,18.45,19.84,23.07,16.7944,80.07247,KRSNWDP_2026-05-08T06:00:00+0000_16.4594
KRSNWDP,Krishna at Wadenepally,Krishna,2026-05-08 07:00:00+00:00,16.465572659609393,NORMAL,18.45,19.84,23.07,16.7944,80.07247,KRSNWDP_2026-05-08T07:00:00+0000_16.4656
KRSNWDP,Krishna at Wadenepally,Krishna,2026-05-08 08:00:00+00:00,16.377594778714695,NORMAL,18.45,19.84,23.07,16.7944,80.07247,KRSNWDP_2026-05-08T08:00:00+0000_16.3776
KRSNWDP,Krishna at Wadenepally,Krishna,2026-05-08 09:00:00+00:00,16.35810283301977,NORMAL,18.45,19.84,23.07,16.7944,80.07247,KRSNWDP_2026-05-08T09:00:00+0000_16.3581
KRSNWDP,Krishna at Wadenepally,Krishna,2026-05-08 10:00:00+00:00,16.31102792452036,NORMAL,18.45,19.84,23.07,16.7944,80.07247,KRSNWDP_2026-05-08T10:00:00+0000_16.3110
KRSNWDP,Krishna at Wadenepally,Krishna,2026-05-08 11:00:00+00:00,16.351346472819987,NORMAL,18.45,19.84,23.07,16.7944,80.07247,KRSNWDP_2026-05-08T11:00:00+0000_16.3513
KRSNWDP,Krishna at Wadenepally,Krishna,2026-05-08 12:00:00+00:00,16.305635422148768,NORMAL,18.45,19.84,23.07,16.7944,80.07247,KRSNWDP_2026-05-08T12:00:00+0000_16.3056
KRSNWDP,Krishna at Wadenepally,Krishna,2026-05-08 13:00:00+00:00,16.33964081332021,NORMAL,18.45,19.84,23.07,16.7944,80.07247,KRSNWDP_2026-05-08T13:00:00+0000_16.3396
KRSNWDP,Krishna at Wadenepally,Krishna,2026-05-08 14:00:00+00:00,16.415788051626734,NORMAL,18.45,19.84,23.07,16.7944,80.07247,KRSNWDP_2026-05-08T14:00:00+0000_16.4158
KRSNWDP,Krishna at Wadenepally,Krishna,2026-05-08 15:00:00+00:00,16.371998583860854,NORMAL,18.45,19.84,23.07,16.7944,80.07247,KRSNWDP_2026-05-08T15:00:00+0000_16.3720
KRSNWDP,Krishna at Wadenepally,Krishna,2026-05-08 16:00:00+00:00,16.489932919307513,NORMAL,18.45,19.84,23.07,16.7944,80.07247,KRSNWDP_2026-05-08T16:00:00+0000_16.4899
KRSNWDP,Krishna at Wadenepally,Krishna,2026-05-08 17:00:00+00:00,16.541678654522524,NORMAL,18.45,19.84,23.07,16.7944,80.07247,KRSNWDP_2026-05-08T17:00:00+0000_16.5417
KRSNWDP,Krishna at Wadenepally,Krishna,2026-05-08 18:00:00+00:00,16.521376462513228,NORMAL,18.45,19.84,23.07,16.7944,80.07247,KRSNWDP_2026-05-08T18:00:00+0000_16.5214
KRSNWDP,Krishna at Wadenepally,Krishna,2026-05-08 19:00:00+00:00,16.58435659953562,NORMAL,18.45,19.84,23.07,16.7944,80.07247,KRSNWDP_2026-05-08T19:00:00+0000_16.5844
KRSNWDP,Krishna at Wadenepally,Krishna,2026-05-08 20:00:00+00:00,16.654261830571517,NORMAL,18.45,19.84,23.07,16.7944,80.07247,KRSNWDP_2026-05-08T20:00:00+0000_16.6543
KRSNWDP,Krishna at Wadenepally,Krishna,2026-05-08 21:00:00+00:00,16.720128637262217,NORMAL,18.45,19.84,23.07,16.7944,80.07247,KRSNWDP_2026-05-08T21:00:00+0000_16.7201
KRSNWDP,Krishna at Wadenepally,Krishna,2026-05-08 22:00:00+00:00,16.734037371463238,NORMAL,18.45,19.84,23.07,16.7944,80.07247,KRSNWDP_2026-05-08T22:00:00+0000_16.7340
KRSNWDP,Krishna at Wadenepally,Krishna,2026-05-08 23:00:00+00:00,16.75107620458248,NORMAL,18.45,19.84,23.07,16.7944,80.07247,KRSNWDP_2026-05-08T23:00:00+0000_16.7511
KRSNWDP,Krishna at Wadenepally,Krishna,2026-05-09 00:00:00+00:00,16.70449489014215,NORMAL,18.45,19.84,23.07,16.7944,80.07247,KRSNWDP_2026-05-09T00:00:00+0000_16.7045
KRSNWDP,Krishna at Wadenepally,Krishna,2026-05-09 01:00:00+00:00,16.695879199474525,NORMAL,18.45,19.84,23.07,16.7944,80.07247,KRSNWDP_2026-05-09T01:00:00+0000_16.6959
KRSNWDP,Krishna at Wadenepally,Krishna,2026-05-09 02:00:00+00:00,16.680624621173987,NORMAL,18.45,19.84,23.07,16.7944,80.07247,KRSNWDP_2026-05-09T02:00:00+0000_16.6806
KRSNWDP,Krishna at Wadenepally,Krishna,2026-05-09 03:00:00+00:00,16.617588199177295,NORMAL,18.45,19.84,23.07,16.7944,80.07247,KRSNWDP_2026-05-09T03:00:00+0000_16.6176
KRSNWDP,Krishna at Wadenepally,Krishna,2026-05-09 04:00:00+00:00,16.64334764929244,NORMAL,18.45,19.84,23.07,16.7944,80.07247,KRSNWDP_2026-05-09T04:00:00+0000_16.6433
KRSNWDP,Krishna at Wadenepally,Krishna,2026-05-09 05:00:00+00:00,16.534842607241316,NORMAL,18.45,19.84,23.07,16.7944,80.07247,KRSNWDP_2026-05-09T05:00:00+0000_16.5348
KRSNWDP,Krishna at Wadenepally,Krishna,2026-05-09 06:00:00+00:00,16.493217298772763,NORMAL,18.45,19.84,23.07,16.7944,80.07247,KRSNWDP_2026-05-09T06:00:00+0000_16.4932
KRSNWDP,Krishna at Wadenepally,Krishna,2026-05-09 07:00:00+00:00,16.505775295027057,NORMAL,18.45,19.84,23.07,16.7944,80.07247,KRSNWDP_2026-05-09T07:00:00+0000_16.5058
KRSNWDP,Krishna at Wadenepally,Krishna,2026-05-09 08:00:00+00:00,16.37675125872125,NORMAL,18.45,19.84,23.07,16.7944,80.07247,KRSNWDP_2026-05-09T08:00:00+0000_16.3768
KRSNWDP,Krishna at Wadenepally,Krishna,2026-05-09 09:00:00+00:00,16.35625212448695,NORMAL,18.45,19.84,23.07,16.7944,80.07247,KRSNWDP_2026-05-09T09:00:00+0000_16.3563
KRSNWDP,Krishna at Wadenepally,Krishna,2026-05-09 10:00:00+00:00,16.3879999164314,NORMAL,18.45,19.84,23.07,16.7944,80.07247,KRSNWDP_2026-05-09T10:00:00+0000_16.3880
KRSNWDP,Krishna at Wadenepally,Krishna,2026-05-09 11:00:00+00:00,16.34001706649694,NORMAL,18.45,19.84,23.07,16.7944,80.07247,KRSNWDP_2026-05-09T11:00:00+0000_16.3400
KRSNWDP,Krishna at Wadenepally,Krishna,2026-05-09 12:00:00+00:00,16.334363196812347,NORMAL,18.45,19.84,23.07,16.7944,80.07247,KRSNWDP_2026-05-09T12:00:00+0000_16.3344
KRSNWDP,Krishna at Wadenepally,Krishna,2026-05-09 13:00:00+00:00,16.315914002781035,NORMAL,18.45,19.84,23.07,16.7944,80.07247,KRSNWDP_2026-05-09T13:00:00+0000_16.3159
KRSNWDP,Krishna at Wadenepally,Krishna,2026-05-09 14:00:00+00:00,16.429073718990956,NORMAL,18.45,19.84,23.07,16.7944,80.07247,KRSNWDP_2026-05-09T14:00:00+0000_16.4291
KRSNWDP,Krishna at Wadenepally,Krishna,2026-05-09 15:00:00+00:00,16.424948540150865,NORMAL,18.45,19.84,23.07,16.7944,80.07247,KRSNWDP_2026-05-09T15:00:00+0000_16.4249
KRSNWDP,Krishna at Wadenepally,Krishna,2026-05-09 16:00:00+00:00,16.48646744775538,NORMAL,18.45,19.84,23.07,16.7944,80.07247,KRSNWDP_2026-05-09T16:00:00+0000_16.4865
KRSNWDP,Krishna at Wadenepally,Krishna,2026-05-09 17:00:00+00:00,16.519657250674733,NORMAL,18.45,19.84,23.07,16.7944,80.07247,KRSNWDP_2026-05-09T17:00:00+0000_16.5197
KRSNWDP,Krishna at Wadenepally,Krishna,2026-05-09 18:00:00+00:00,16.546209271753554,NORMAL,18.45,19.84,23.07,16.7944,80.07247,KRSNWDP_2026-05-09T18:00:00+0000_16.5462
KRSNWDP,Krishna at Wadenepally,Krishna,2026-05-09 19:00:00+00:00,16.641782647947576,NORMAL,18.45,19.84,23.07,16.7944,80.07247,KRSNWDP_2026-05-09T19:00:00+0000_16.6418
KRSNWDP,Krishna at Wadenepally,Krishna,2026-05-09 20:00:00+00:00,16.6330072214531,NORMAL,18.45,19.84,23.07,16.7944,80.07247,KRSNWDP_2026-05-09T20:00:00+0000_16.6330
KRSNWDP,Krishna at Wadenepally,Krishna,2026-05-09 21:00:00+00:00,16.643874543011577,NORMAL,18.45,19.84,23.07,16.7944,80.07247,KRSNWDP_2026-05-09T21:00:00+0000_16.6439
KRSNWDP,Krishna at Wadenepally,Krishna,2026-05-09 22:00:00+00:00,16.69167663078836,NORMAL,18.45,19.84,23.07,16.7944,80.07247,KRSNWDP_2026-05-09T22:00:00+0000_16.6917
KRSNWDP,Krishna at Wadenepally,Krishna,2026-05-09 23:00:00+00:00,19.49939847044639,WARNING,18.45,19.84,23.07,16.7944,80.07247,KRSNWDP_2026-05-09T23:00:00+0000_19.4994
KRSNWDP,Krishna at Wadenepally,Krishna,2026-05-10 00:00:00+00:00,16.72720042874859,NORMAL,18.45,19.84,23.07,16.7944,80.07247,KRSNWDP_2026-05-10T00:00:00+0000_16.7272
KRSNWDP,Krishna at Wadenepally,Krishna,2026-05-10 01:00:00+00:00,16.685844247605946,NORMAL,18.45,19.84,23.07,16.7944,80.07247,KRSNWDP_2026-05-10T01:00:00+0000_16.6858
KRSNWDP,Krishna at Wadenepally,Krishna,2026-05-10 02:00:00+00:00,16.736428039057465,NORMAL,18.45,19.84,23.07,16.7944,80.07247,KRSNWDP_2026-05-10T02:00:00+0000_16.7364
KRSNWDP,Krishna at Wadenepally,Krishna,2026-05-10 03:00:00+00:00,16.650036921931164,NORMAL,18.45,19.84,23.07,16.7944,80.07247,KRSNWDP_2026-05-10T03:00:00+0000_16.6500
KRSNWDP,Krishna at Wadenepally,Krishna,2026-05-10 04:00:00+00:00,16.62950464182179,NORMAL,18.45,19.84,23.07,16.7944,80.07247,KRSNWDP_2026-05-10T04:00:00+0000_16.6295
KRSNWDP,Krishna at Wadenepally,Krishna,2026-05-10 05:00:00+00:00,16.523436779510057,NORMAL,18.45,19.84,23.07,16.7944,80.07247,KRSNWDP_2026-05-10T05:00:00+0000_16.5234
KRSNWDP,Krishna at Wadenepally,Krishna,2026-05-10 06:00:00+00:00,16.561646574516285,NORMAL,18.45,19.84,23.07,16.7944,80.07247,KRSNWDP_2026-05-10T06:00:00+0000_16.5616
KRSNWDP,Krishna at Wadenepally,Krishna,2026-05-10 07:00:00+00:00,16.508152583188988,NORMAL,18.45,19.84,23.07,16.7944,80.07247,KRSNWDP_2026-05-10T07:00:00+0000_16.5082
KRSNWDP,Krishna at Wadenepally,Krishna,2026-05-10 08:00:00+00:00,16.422425065357896,NORMAL,18.45,19.84,23.07,16.7944,80.07247,KRSNWDP_2026-05-10T08:00:00+0000_16.4224
KRSNWDP,Krishna at Wadenepally,Krishna,2026-05-10 09:00:00+00:00,16.438655453092643,NORMAL,18.45,19.84,23.07,16.7944,80.07247,KRSNWDP_2026-05-10T09:00:00+0000_16.4387
KRSNWDP,Krishna at Wadenepally,Krishna,2026-05-10 10:00:00+00:00,16.397623292875856,NORMAL,18.45,19.84,23.07,16.7944,80.07247,KRSNWDP_2026-05-10T10:00:00+0000_16.3976
KRSNWDP,Krishna at Wadenepally,Krishna,2026-05-10 11:00:00+00:00,16.342005366815318,NORMAL,18.45,19.84,23.07,16.7944,80.07247,KRSNWDP_2026-05-10T11:00:00+0000_16.3420
KRSNWDP,Krishna at Wadenepally,Krishna,2026-05-10 12:00:00+00:00,16.370461319599617,NORMAL,18.45,19.84,23.07,16.7944,80.07247,KRSNWDP_2026-05-10T12:00:00+0000_16.3705
KRSNWDP,Krishna at Wadenepally,Krishna,2026-05-10 13:00:00+00:00,16.389139126709637,NORMAL,18.45,19.84,23.07,16.7944,80.07247,KRSNWDP_2026-05-10T13:00:00+0000_16.3891
KRSNWDP,Krishna at Wadenepally,Krishna,2026-05-10 14:00:00+00:00,16.432725059072006,NORMAL,18.45,19.84,23.07,16.7944,80.07247,KRSNWDP_2026-05-10T14:00:00+0000_16.4327
KRSNWDP,Krishna at Wadenepally,Krishna,2026-05-10 15:00:00+00:00,16.420276468183026,NORMAL,18.45,19.84,23.07,16.7944,80.07247,KRSNWDP_2026-05-10T15:00:00+0000_16.4203
KRSNWDP,Krishna at Wadenepally,Krishna,2026-05-10 16:00:00+00:00,16.4692035908734,NORMAL,18.45,19.84,23.07,16.7944,80.07247,KRSNWDP_2026-05-10T16:00:00+0000_16.4692
KRSNWDP,Krishna at Wadenepally,Krishna,2026-05-10 17:00:00+00:00,16.53790667131978,NORMAL,18.45,19.84,23.07,16.7944,80.07247,KRSNWDP_2026-05-10T17:00:00+0000_16.5379
KRSNWDP,Krishna at Wadenepally,Krishna,2026-05-10 18:00:00+00:00,16.60988382461296,NORMAL,18.45,19.84,23.07,16.7944,80.07247,KRSNWDP_2026-05-10T18:00:00+0000_16.6099
KRSNWDP,Krishna at Wadenepally,Krishna,2026-05-10 19:00:00+00:00,16.65623460624116,NORMAL,18.45,19.84,23.07,16.7944,80.07247,KRSNWDP_2026-05-10T19:00:00+0000_16.6562
KRSNWDP,Krishna at Wadenepally,Krishna,2026-05-10 20:00:00+00:00,16.67626069380341,NORMAL,18.45,19.84,23.07,16.7944,80.07247,KRSNWDP_2026-05-10T20:00:00+0000_16.6763
KRSNWDP,Krishna at Wadenepally,Krishna,2026-05-10 21:00:00+00:00,16.693995635920682,NORMAL,18.45,19.84,23.07,16.7944,80.07247,KRSNWDP_2026-05-10T21:00:00+0000_16.6940
KRSNWDP,Krishna at Wadenepally,Krishna,2026-05-10 22:00:00+00:00,16.701913082558132,NORMAL,18.45,19.84,23.07,16.7944,80.07247,KRSNWDP_2026-05-10T22:00:00+0000_16.7019
KRSNWDP,Krishna at Wadenepally,Krishna,2026-05-10 23:00:00+00:00,16.73560922708324,NORMAL,18.45,19.84,23.07,16.7944,80.07247,KRSNWDP_2026-05-10T23:00:00+0000_16.7356
KRSNWDP,Krishna at Wadenepally,Krishna,2026-05-11 00:00:00+00:00,16.734951496075865,NORMAL,18.45,19.84,23.07,16.7944,80.07247,KRSNWDP_2026-05-11T00:00:00+0000_16.7350
KRSNWDP,Krishna at Wadenepally,Krishna,2026-05-11 01:00:00+00:00,16.76518937592818,NORMAL,18.45,19.84,23.07,16.7944,80.07247,KRSNWDP_2026-05-11T01:00:00+0000_16.7652
KRSNWDP,Krishna at Wadenepally,Krishna,2026-05-11 02:00:00+00:00,16.700301646171514,NORMAL,18.45,19.84,23.07,16.7944,80.07247,KRSNWDP_2026-05-11T02:00:00+0000_16.7003
KRSNWDP,Krishna at Wadenepally,Krishna,2026-05-11 03:00:00+00:00,16.636855753510638,NORMAL,18.45,19.84,23.07,16.7944,80.07247,KRSNWDP_2026-05-11T03:00:00+0000_16.6369
KRSNWDP,Krishna at Wadenepally,Krishna,2026-05-11 04:00:00+00:00,16.65206381585362,NORMAL,18.45,19.84,23.07,16.7944,80.07247,KRSNWDP_2026-05-11T04:00:00+0000_16.6521
KRSNWDP,Krishna at Wadenepally,Krishna,2026-05-11 05:00:00+00:00,16.584585843770274,NORMAL,18.45,19.84,23.07,16.7944,80.07247,KRSNWDP_2026-05-11T05:00:00+0000_16.5846
KRSNWDP,Krishna at Wadenepally,Krishna,2026-05-11 06:00:00+00:00,16.513742284789966,NORMAL,18.45,19.84,23.07,16.7944,80.07247,KRSNWDP_2026-05-11T06:00:00+0000_16.5137
KRSNWDP,Krishna at Wadenepally,Krishna,2026-05-11 07:00:00+00:00,16.458100066991605,NORMAL,18.45,19.84,23.07,16.7944,80.07247,KRSNWDP_2026-05-11T07:00:00+0000_16.4581
KRSNWDP,Krishna at Wadenepally,Krishna,2026-05-11 08:00:00+00:00,16.428830986849505,NORMAL,18.45,19.84,23.07,16.7944,80.07247,KRSNWDP_2026-05-11T08:00:00+0000_16.4288
KRSNWDP,Krishna at Wadenepally,Krishna,2026-05-11 09:00:00+00:00,16.353850704877864,NORMAL,18.45,19.84,23.07,16.7944,80.07247,KRSNWDP_2026-05-11T09:00:00+0000_16.3539
KRSNWDP,Krishna at Wadenepally,Krishna,2026-05-11 10:00:00+00:00,16.346540157171894,NORMAL,18.45,19.84,23.07,16.7944,80.07247,KRSNWDP_2026-05-11T10:00:00+0000_16.3465
KRSNWDP,Krishna at Wadenepally,Krishna,2026-05-11 11:00:00+00:00,16.37041719320462,NORMAL,18.45,19.84,23.07,16.7944,80.07247,KRSNWDP_2026-05-11T11:00:00+0000_16.3704
KRSNWDP,Krishna at Wadenepally,Krishna,2026-05-11 12:00:00+00:00,16.337930270918683,NORMAL,18.45,19.84,23.07,16.7944,80.07247,KRSNWDP_2026-05-11T12:00:00+0000_16.3379
KRSNWDP,Krishna at Wadenepally,Krishna,2026-05-11 13:00:00+00:00,16.401361803126022,NORMAL,18.45,19.84,23.07,16.7944,80.07247,KRSNWDP_2026-05-11T13:00:00+0000_16.4014
KRSNWDP,Krishna at Wadenepally,Krishna,2026-05-11 14:00:00+00:00,16.44844175386206,NORMAL,18.45,19.84,23.07,16.7944,80.07247,KRSNWDP_2026-05-11T14:00:00+0000_16.4484
KRSNWDP,Krishna at Wadenepally,Krishna,2026-05-11 15:00:00+00:00,16.483319383428444,NORMAL,18.45,19.84,23.07,16.7944,80.07247,KRSNWDP_2026-05-11T15:00:00+0000_16.4833
KRSNWDP,Krishna at Wadenepally,Krishna,2026-05-11 16:00:00+00:00,16.528846691095364,NORMAL,18.45,19.84,23.07,16.7944,80.07247,KRSNWDP_2026-05-11T16:00:00+0000_16.5288
KRSNWDP,Krishna at Wadenepally,Krishna,2026-05-11 17:00:00+00:00,16.4880748627895,NORMAL,18.45,19.84,23.07,16.7944,80.07247,KRSNWDP_2026-05-11T17:00:00+0000_16.4881
KRSNWDP,Krishna at Wadenepally,Krishna,2026-05-11 18:00:00+00:00,16.54599230451732,NORMAL,18.45,19.84,23.07,16.7944,80.07247,KRSNWDP_2026-05-11T18:00:00+0000_16.5460
KRSNWDP,Krishna at Wadenepally,Krishna,2026-05-11 19:00:00+00:00,16.634126530583664,NORMAL,18.45,19.84,23.07,16.7944,80.07247,KRSNWDP_2026-05-11T19:00:00+0000_16.6341
KRSNWDP,Krishna at Wadenepally,Krishna,2026-05-11 20:00:00+00:00,16.691971618568218,NORMAL,18.45,19.84,23.07,16.7944,80.07247,KRSNWDP_2026-05-11T20:00:00+0000_16.6920
KRSNWDP,Krishna at Wadenepally,Krishna,2026-05-11 21:00:00+00:00,16.692073722295067,NORMAL,18.45,19.84,23.07,16.7944,80.07247,KRSNWDP_2026-05-11T21:00:00+0000_16.6921
KRSNWDP,Krishna at Wadenepally,Krishna,2026-05-11 22:00:00+00:00,16.741456858891926,NORMAL,18.45,19.84,23.07,16.7944,80.07247,KRSNWDP_2026-05-11T22:00:00+0000_16.7415
KRSNWDP,Krishna at Wadenepally,Krishna,2026-05-11 23:00:00+00:00,16.75889406715553,NORMAL,18.45,19.84,23.07,16.7944,80.07247,KRSNWDP_2026-05-11T23:00:00+0000_16.7589
KRSNWDP,Krishna at Wadenepally,Krishna,2026-05-12 00:00:00+00:00,16.732059152081305,NORMAL,18.45,19.84,23.07,16.7944,80.07247,KRSNWDP_2026-05-12T00:00:00+0000_16.7321
KRSNWDP,Krishna at Wadenepally,Krishna,2026-05-12 01:00:00+00:00,16.7643442707819,NORMAL,18.45,19.84,23.07,16.7944,80.07247,KRSNWDP_2026-05-12T01:00:00+0000_16.7643
KRSNWDP,Krishna at Wadenepally,Krishna,2026-05-12 02:00:00+00:00,16.710247819397622,NORMAL,18.45,19.84,23.07,16.7944,80.07247,KRSNWDP_2026-05-12T02:00:00+0000_16.7102
KRSNWDP,Krishna at Wadenepally,Krishna,2026-05-12 03:00:00+00:00,16.70022324436352,NORMAL,18.45,19.84,23.07,16.7944,80.07247,KRSNWDP_2026-05-12T03:00:00+0000_16.7002
KRSNWDP,Krishna at Wadenepally,Krishna,2026-05-12 04:00:00+00:00,16.613829188356046,NORMAL,18.45,19.84,23.07,16.7944,80.07247,KRSNWDP_2026-05-12T04:00:00+0000_16.6138
KRSNWDP,Krishna at Wadenepally,Krishna,2026-05-12 05:00:00+00:00,16.59368948863034,NORMAL,18.45,19.84,23.07,16.7944,80.07247,KRSNWDP_2026-05-12T05:00:00+0000_16.5937
KRSNWDP,Krishna at Wadenepally,Krishna,2026-05-12 06:00:00+00:00,16.480147841964172,NORMAL,18.45,19.84,23.07,16.7944,80.07247,KRSNWDP_2026-05-12T06:00:00+0000_16.4801
KRSNWDP,Krishna at Wadenepally,Krishna,2026-05-12 07:00:00+00:00,16.5246048637794,NORMAL,18.45,19.84,23.07,16.7944,80.07247,KRSNWDP_2026-05-12T07:00:00+0000_16.5246
KRSNWDP,Krishna at Wadenepally,Krishna,2026-05-12 08:00:00+00:00,16.432135510088052,NORMAL,18.45,19.84,23.07,16.7944,80.07247,KRSNWDP_2026-05-12T08:00:00+0000_16.4321
KRSNWDP,Krishna at Wadenepally,Krishna,2026-05-12 09:00:00+00:00,16.444427581998696,NORMAL,18.45,19.84,23.07,16.7944,80.07247,KRSNWDP_2026-05-12T09:00:00+0000_16.4444
KRSNWDP,Krishna at Wadenepally,Krishna,2026-05-12 10:00:00+00:00,16.346485883988468,NORMAL,18.45,19.84,23.07,16.7944,80.07247,KRSNWDP_2026-05-12T10:00:00+0000_16.3465
KRSNWDP,Krishna at Wadenepally,Krishna,2026-05-12 11:00:00+00:00,16.342541300814727,NORMAL,18.45,19.84,23.07,16.7944,80.07247,KRSNWDP_2026-05-12T11:00:00+0000_16.3425
KRSNWDP,Krishna at Wadenepally,Krishna,2026-05-12 12:00:00+00:00,16.342119791549447,NORMAL,18.45,19.84,23.07,16.7944,80.07247,KRSNWDP_2026-05-12T12:00:00+0000_16.3421
KRSNWDP,Krishna at Wadenepally,Krishna,2026-05-12 13:00:00+00:00,16.418180706361003,NORMAL,18.45,19.84,23.07,16.7944,80.07247,KRSNWDP_2026-05-12T13:00:00+0000_16.4182
KRSNWDP,Krishna at Wadenepally,Krishna,2026-05-12 14:00:00+00:00,16.397476672257977,NORMAL,18.45,19.84,23.07,16.7944,80.07247,KRSNWDP_2026-05-12T14:00:00+0000_16.3975
KRSNWDP,Krishna at Wadenepally,Krishna,2026-05-12 15:00:00+00:00,16.457535330674197,NORMAL,18.45,19.84,23.07,16.7944,80.07247,KRSNWDP_2026-05-12T15:00:00+0000_16.4575
KRSNWDP,Krishna at Wadenepally,Krishna,2026-05-12 16:00:00+00:00,16.508711287457626,NORMAL,18.45,19.84,23.07,16.7944,80.07247,KRSNWDP_2026-05-12T16:00:00+0000_16.5087
KRSNWDP,Krishna at Wadenepally,Krishna,2026-05-12 17:00:00+00:00,16.526450221311592,NORMAL,18.45,19.84,23.07,16.7944,80.07247,KRSNWDP_2026-05-12T17:00:00+0000_16.5265
KRSNWDP,Krishna at Wadenepally,Krishna,2026-05-12 18:00:00+00:00,16.58024177662528,NORMAL,18.45,19.84,23.07,16.7944,80.07247,KRSNWDP_2026-05-12T18:00:00+0000_16.5802
KRSNWDP,Krishna at Wadenepally,Krishna,2026-05-12 19:00:00+00:00,16.6014205936946,NORMAL,18.45,19.84,23.07,16.7944,80.07247,KRSNWDP_2026-05-12T19:00:00+0000_16.6014
KRSNWDP,Krishna at Wadenepally,Krishna,2026-05-12 20:00:00+00:00,16.65569666264656,NORMAL,18.45,19.84,23.07,16.7944,80.07247,KRSNWDP_2026-05-12T20:00:00+0000_16.6557
KRSNWDP,Krishna at Wadenepally,Krishna,2026-05-12 21:00:00+00:00,16.725920318185352,NORMAL,18.45,19.84,23.07,16.7944,80.07247,KRSNWDP_2026-05-12T21:00:00+0000_16.7259
KRSNWDP,Krishna at Wadenepally,Krishna,2026-05-12 22:00:00+00:00,16.762233373515624,NORMAL,18.45,19.84,23.07,16.7944,80.07247,KRSNWDP_2026-05-12T22:00:00+0000_16.7622
KRSNWDP,Krishna at Wadenepally,Krishna,2026-05-12 23:00:00+00:00,16.77087619897364,NORMAL,18.45,19.84,23.07,16.7944,80.07247,KRSNWDP_2026-05-12T23:00:00+0000_16.7709
KRSNWDP,Krishna at Wadenepally,Krishna,2026-05-13 00:00:00+00:00,16.711856295313158,NORMAL,18.45,19.84,23.07,16.7944,80.07247,KRSNWDP_2026-05-13T00:00:00+0000_16.7119
KRSNWDP,Krishna at Wadenepally,Krishna,2026-05-13 01:00:00+00:00,16.70028008992318,NORMAL,18.45,19.84,23.07,16.7944,80.07247,KRSNWDP_2026-05-13T01:00:00+0000_16.7003
KRSNWDP,Krishna at Wadenepally,Krishna,2026-05-13 02:00:00+00:00,16.740127244059778,NORMAL,18.45,19.84,23.07,16.7944,80.07247,KRSNWDP_2026-05-13T02:00:00+0000_16.7401
KRSNWDP,Krishna at Wadenepally,Krishna,2026-05-13 03:00:00+00:00,16.704517079844294,NORMAL,18.45,19.84,23.07,16.7944,80.07247,KRSNWDP_2026-05-13T03:00:00+0000_16.7045
KRSNWDP,Krishna at Wadenepally,Krishna,2026-05-13 04:00:00+00:00,16.641650637646187,NORMAL,18.45,19.84,23.07,16.7944,80.07247,KRSNWDP_2026-05-13T04:00:00+0000_16.6417
KRSNWDP,Krishna at Wadenepally,Krishna,2026-05-13 05:00:00+00:00,16.613752401416548,NORMAL,18.45,19.84,23.07,16.7944,80.07247,KRSNWDP_2026-05-13T05:00:00+0000_16.6138
KRSNWDP,Krishna at Wadenepally,Krishna,2026-05-13 06:00:00+00:00,16.56145886458852,NORMAL,18.45,19.84,23.07,16.7944,80.07247,KRSNWDP_2026-05-13T06:00:00+0000_16.5615
KRSNWDP,Krishna at Wadenepally,Krishna,2026-05-13 07:00:00+00:00,16.451176897592052,NORMAL,18.45,19.84,23.07,16.7944,80.07247,KRSNWDP_2026-05-13T07:00:00+0000_16.4512
KRSNWDP,Krishna at Wadenepally,Krishna,2026-05-13 08:00:00+00:00,16.418523116536473,NORMAL,18.45,19.84,23.07,16.7944,80.07247,KRSNWDP_2026-05-13T08:00:00+0000_16.4185
KRSNWDP,Krishna at Wadenepally,Krishna,2026-05-13 09:00:00+00:00,16.35929930352672,NORMAL,18.45,19.84,23.07,16.7944,80.07247,KRSNWDP_2026-05-13T09:00:00+0000_16.3593
KRSNWDP,Krishna at Wadenepally,Krishna,2026-05-13 10:00:00+00:00,16.36259376643523,NORMAL,18.45,19.84,23.07,16.7944,80.07247,KRSNWDP_2026-05-13T10:00:00+0000_16.3626
KRSNWDP,Krishna at Wadenepally,Krishna,2026-05-13 11:00:00+00:00,16.351133851888417,NORMAL,18.45,19.84,23.07,16.7944,80.07247,KRSNWDP_2026-05-13T11:00:00+0000_16.3511
KRSNWDP,Krishna at Wadenepally,Krishna,2026-05-13 12:00:00+00:00,16.41697097245156,NORMAL,18.45,19.84,23.07,16.7944,80.07247,KRSNWDP_2026-05-13T12:00:00+0000_16.4170
KRSNWDP,Krishna at Wadenepally,Krishna,2026-05-13 13:00:00+00:00,16.419277830250174,NORMAL,18.45,19.84,23.07,16.7944,80.07247,KRSNWDP_2026-05-13T13:00:00+0000_16.4193
KRSNWDP,Krishna at Wadenepally,Krishna,2026-05-13 14:00:00+00:00,16.40155774554444,NORMAL,18.45,19.84,23.07,16.7944,80.07247,KRSNWDP_2026-05-13T14:00:00+0000_16.4016
KRSNWDP,Krishna at Wadenepally,Krishna,2026-05-13 15:00:00+00:00,16.439456751422,NORMAL,18.45,19.84,23.07,16.7944,80.07247,KRSNWDP_2026-05-13T15:00:00+0000_16.4395
KRSNWDP,Krishna at Wadenepally,Krishna,2026-05-13 16:00:00+00:00,16.501147364569963,NORMAL,18.45,19.84,23.07,16.7944,80.07247,KRSNWDP_2026-05-13T16:00:00+0000_16.5011
KRSNWDP,Krishna at Wadenepally,Krishna,2026-05-13 17:00:00+00:00,16.50793858757926,NORMAL,18.45,19.84,23.07,16.7944,80.07247,KRSNWDP_2026-05-13T17:00:00+0000_16.5079
KRSNWDP,Krishna at Wadenepally,Krishna,2026-05-13 18:00:00+00:00,16.615347556403332,NORMAL,18.45,19.84,23.07,16.7944,80.07247,KRSNWDP_2026-05-13T18:00:00+0000_16.6153
KRSNWDP,Krishna at Wadenepally,Krishna,2026-05-13 19:00:00+00:00,16.61377467468972,NORMAL,18.45,19.84,23.07,16.7944,80.07247,KRSNWDP_2026-05-13T19:00:00+0000_16.6138
KRSNWDP,Krishna at Wadenepally,Krishna,2026-05-13 20:00:00+00:00,16.68852940682867,NORMAL,18.45,19.84,23.07,16.7944,80.07247,KRSNWDP_2026-05-13T20:00:00+0000_16.6885
KRSNWDP,Krishna at Wadenepally,Krishna,2026-05-13 21:00:00+00:00,16.702669743693626,NORMAL,18.45,19.84,23.07,16.7944,80.07247,KRSNWDP_2026-05-13T21:00:00+0000_16.7027
KRSNWDP,Krishna at Wadenepally,Krishna,2026-05-13 22:00:00+00:00,16.72897058134171,NORMAL,18.45,19.84,23.07,16.7944,80.07247,KRSNWDP_2026-05-13T22:00:00+0000_16.7290
KRSNWDP,Krishna at Wadenepally,Krishna,2026-05-13 23:00:00+00:00,16.783958364503864,NORMAL,18.45,19.84,23.07,16.7944,80.07247,KRSNWDP_2026-05-13T23:00:00+0000_16.7840
KRSNWDP,Krishna at Wadenepally,Krishna,2026-05-14 00:00:00+00:00,16.726448016112137,NORMAL,18.45,19.84,23.07,16.7944,80.07247,KRSNWDP_2026-05-14T00:00:00+0000_16.7264
KRSNWDP,Krishna at Wadenepally,Krishna,2026-05-14 01:00:00+00:00,16.728965656520295,NORMAL,18.45,19.84,23.07,16.7944,80.07247,KRSNWDP_2026-05-14T01:00:00+0000_16.7290
KRSNWDP,Krishna at Wadenepally,Krishna,2026-05-14 02:00:00+00:00,,,18.45,19.84,23.07,16.7944,80.07247,KRSNWDP_2026-05-14T02:00:00+0000_
KRSNWDP,Krishna at Wadenepally,Krishna,2026-05-14 03:00:00+00:00,16.636303745499077,NORMAL,18.45,19.84,23.07,16.7944,80.07247,KRSNWDP_2026-05-14T03:00:00+0000_16.6363
KRSNWDP,Krishna at Wadenepally,Krishna,2026-05-14 04:00:00+00:00,16.620456611579023,NORMAL,18.45,19.84,23.07,16.7944,80.07247,KRSNWDP_2026-05-14T04:00:00+0000_16.6205
KRSNWDP,Krishna at Wadenepally,Krishna,2026-05-14 05:00:00+00:00,16.57036102926879,NORMAL,18.45,19.84,23.07,16.7944,80.07247,KRSNWDP_2026-05-14T05:00:00+0000_16.5704
KRSNWDP,Krishna at Wadenepally,Krishna,2026-05-14 06:00:00+00:00,16.5593897081897,NORMAL,18.45,19.84,23.07,16.7944,80.07247,KRSNWDP_2026-05-14T06:00:00+0000_16.5594
KRSNWDP,Krishna at Wadenepally,Krishna,2026-05-14 07:00:00+00:00,16.459419680648292,NORMAL,18.45,19.84,23.07,16.7944,80.07247,KRSNWDP_2026-05-14T07:00:00+0000_16.4594
KRSNWDP,Krishna at Wadenepally,Krishna,2026-05-14 08:00:00+00:00,16.46111697993216,NORMAL,18.45,19.84,23.07,16.7944,80.07247,KRSNWDP_2026-05-14T08:00:00+0000_16.4611
KRSNWDP,Krishna at Wadenepally,Krishna,2026-05-14 09:00:00+00:00,16.454516477700754,NORMAL,18.45,19.84,23.07,16.7944,80.07247,KRSNWDP_2026-05-14T09:00:00+0000_16.4545
KRSNWDP,Krishna at Wadenepally,Krishna,2026-05-14 10:00:00+00:00,16.41766717649782,NORMAL,18.45,19.84,23.07,16.7944,80.07247,KRSNWDP_2026-05-14T10:00:00+0000_16.4177
KRSNWDP,Krishna at Wadenepally,Krishna,2026-05-14 11:00:00+00:00,16.40510881278494,NORMAL,18.45,19.84,23.07,16.7944,80.07247,KRSNWDP_2026-05-14T11:00:00+0000_16.4051
KRSNWDP,Krishna at Wadenepally,Krishna,2026-05-14 12:00:00+00:00,16.348294228100954,NORMAL,18.45,19.84,23.07,16.7944,80.07247,KRSNWDP_2026-05-14T12:00:00+0000_16.3483
KRSNWDP,Krishna at Wadenepally,Krishna,2026-05-14 13:00:00+00:00,16.44064495090598,NORMAL,18.45,19.84,23.07,16.7944,80.07247,KRSNWDP_2026-05-14T13:00:00+0000_16.4406
KRSNWDP,Krishna at Wadenepally,Krishna,2026-05-14 14:00:00+00:00,16.409478309073357,NORMAL,18.45,19.84,23.07,16.7944,80.07247,KRSNWDP_2026-05-14T14:00:00+0000_16.4095
KRSNWDP,Krishna at Wadenepally,Krishna,2026-05-14 15:00:00+00:00,16.418010025813643,NORMAL,18.45,19.84,23.07,16.7944,80.07247,KRSNWDP_2026-05-14T15:00:00+0000_16.4180
KRSNWDP,Krishna at Wadenepally,Krishna,2026-05-14 16:00:00+00:00,16.497802613317056,NORMAL,18.45,19.84,23.07,16.7944,80.07247,KRSNWDP_2026-05-14T16:00:00+0000_16.4978
KRSNWDP,Krishna at Wadenepally,Krishna,2026-05-14 17:00:00+00:00,16.55300270114251,NORMAL,18.45,19.84,23.07,16.7944,80.07247,KRSNWDP_2026-05-14T17:00:00+0000_16.5530
KRSNWDP,Krishna at Wadenepally,Krishna,2026-05-14 18:00:00+00:00,16.62086989029629,NORMAL,18.45,19.84,23.07,16.7944,80.07247,KRSNWDP_2026-05-14T18:00:00+0000_16.6209
KRSNWDP,Krishna at Wadenepally,Krishna,2026-05-14 19:00:00+00:00,16.64453781189583,NORMAL,18.45,19.84,23.07,16.7944,80.07247,KRSNWDP_2026-05-14T19:00:00+0000_16.6445
KRSNWDP,Krishna at Wadenepally,Krishna,2026-05-14 20:00:00+00:00,16.680007045889376,NORMAL,18.45,19.84,23.07,16.7944,80.07247,KRSNWDP_2026-05-14T20:00:00+0000_16.6800
KRSNWDP,Krishna at Wadenepally,Krishna,2026-05-14 21:00:00+00:00,16.672476832932237,NORMAL,18.45,19.84,23.07,16.7944,80.07247,KRSNWDP_2026-05-14T21:00:00+0000_16.6725
KRSNWDP,Krishna at Wadenepally,Krishna,2026-05-14 22:00:00+00:00,16.772458656794868,NORMAL,18.45,19.84,23.07,16.7944,80.07247,KRSNWDP_2026-05-14T22:00:00+0000_16.7725
KRSNWDP,Krishna at Wadenepally,Krishna,2026-05-14 23:00:00+00:00,16.798299777578237,NORMAL,18.45,19.84,23.07,16.7944,80.07247,KRSNWDP_2026-05-14T23:00:00+0000_16.7983
KRSNWDP,Krishna at Wadenepally,Krishna,2026-05-15 00:00:00+00:00,16.762466847222296,NORMAL,18.45,19.84,23.07,16.7944,80.07247,KRSNWDP_2026-05-15T00:00:00+0000_16.7625
KRSNWDP,Krishna at Wadenepally,Krishna,2026-05-15 01:00:00+00:00,16.78010365421673,NORMAL,18.45,19.84,23.07,16.7944,80.07247,KRSNWDP_2026-05-15T01:00:00+0000_16.7801
KRSNWDP,Krishna at Wadenepally,Krishna,2026-05-15 02:00:00+00:00,16.674436481011405,NORMAL,18.45,19.84,23.07,16.7944,80.07247,KRSNWDP_2026-05-15T02:00:00+0000_16.6744
KRSNWDP,Krishna at Wadenepally,Krishna,2026-05-15 03:00:00+00:00,16.645717871061485,NORMAL,18.45,19.84,23.07,16.7944,80.07247,KRSNWDP_2026-05-15T03:00:00+0000_16.6457
KRSNWDP,Krishna at Wadenepally,Krishna,2026-05-15 04:00:00+00:00,16.647699229177483,NORMAL,18.45,19.84,23.07,16.7944,80.07247,KRSNWDP_2026-05-15T04:00:00+0000_16.6477
KRSNWDP,Krishna at Wadenepally,Krishna,2026-05-15 05:00:00+00:00,17.825854029435643,NORMAL,18.45,19.84,23.07,16.7944,80.07247,KRSNWDP_2026-05-15T05:00:00+0000_17.8259
KRSNWDP,Krishna at Wadenepally,Krishna,2026-05-15 06:00:00+00:00,17.662492818332414,NORMAL,18.45,19.84,23.07,16.7944,80.07247,KRSNWDP_2026-05-15T06:00:00+0000_17.6625
KRSNWDP,Krishna at Wadenepally,Krishna,2026-05-15 07:00:00+00:00,17.499416127352756,NORMAL,18.45,19.84,23.07,16.7944,80.07247,KRSNWDP_2026-05-15T07:00:00+0000_17.4994
KRSNWDP,Krishna at Wadenepally,Krishna,2026-05-15 08:00:00+00:00,16.435540107527654,NORMAL,18.45,19.84,23.07,16.7944,80.07247,KRSNWDP_2026-05-15T08:00:00+0000_16.4355
KRSNWDP,Krishna at Wadenepally,Krishna,2026-05-15 09:00:00+00:00,16.43116998938485,NORMAL,18.45,19.84,23.07,16.7944,80.07247,KRSNWDP_2026-05-15T09:00:00+0000_16.4312
KRSNWDP,Krishna at Wadenepally,Krishna,2026-05-15 10:00:00+00:00,16.405993987153163,NORMAL,18.45,19.84,23.07,16.7944,80.07247,KRSNWDP_2026-05-15T10:00:00+0000_16.4060
KRSNWDP,Krishna at Wadenepally,Krishna,2026-05-15 11:00:00+00:00,16.345763611093574,NORMAL,18.45,19.84,23.07,16.7944,80.07247,KRSNWDP_2026-05-15T11:00:00+0000_16.3458
KRSNWDP,Krishna at Wadenepally,Krishna,2026-05-15 12:00:00+00:00,16.345708203022788,NORMAL,18.45,19.84,23.07,16.7944,80.07247,KRSNWDP_2026-05-15T12:00:00+0000_16.3457
KRSNWDP,Krishna at Wadenepally,Krishna,2026-05-15 13:00:00+00:00,16.399704619550754,NORMAL,18.45,19.84,23.07,16.7944,80.07247,KRSNWDP_2026-05-15T13:00:00+0000_16.3997
KRSNWDP,Krishna at Wadenepally,Krishna,2026-05-15 14:00:00+00:00,,,18.45,19.84,23.07,16.7944,80.07247,KRSNWDP_2026-05-15T14:00:00+0000_
KRSNWDP,Krishna at Wadenepally,Krishna,2026-05-15 15:00:00+00:00,16.505379048341425,NORMAL,18.45,19.84,23.07,16.7944,80.07247,KRSNWDP_2026-05-15T15:00:00+0000_16.5054
KRSNWDP,Krishna at Wadenepally,Krishna,2026-05-15 16:00:00+00:00,16.519828283814963,NORMAL,18.45,19.84,23.07,16.7944,80.07247,KRSNWDP_2026-05-15T16:00:00+0000_16.5198
KRSNWDP,Krishna at Wadenepally,Krishna,2026-05-15 17:00:00+00:00,16.555324564281808,NORMAL,18.45,19.84,23.07,16.7944,80.07247,KRSNWDP_2026-05-15T17:00:00+0000_16.5553
KRSNWDP,Krishna at Wadenepally,Krishna,2026-05-15 18:00:00+00:00,16.643573307031897,NORMAL,18.45,19.84,23.07,16.7944,80.07247,KRSNWDP_2026-05-15T18:00:00+0000_16.6436
KRSNWDP,Krishna at Wadenepally,Krishna,2026-05-15 19:00:00+00:00,16.67574630530629,NORMAL,18.45,19.84,23.07,16.7944,80.07247,KRSNWDP_2026-05-15T19:00:00+0000_16.6757
KRSNWDP,Krishna at Wadenepally,Krishna,2026-05-15 20:00:00+00:00,16.641332067792472,NORMAL,18.45,19.84,23.07,16.7944,80.07247,KRSNWDP_2026-05-15T20:00:00+0000_16.6413
KRSNWDP,Krishna at Wadenepally,Krishna,2026-05-15 21:00:00+00:00,16.717406109906303,NORMAL,18.45,19.84,23.07,16.7944,80.07247,KRSNWDP_2026-05-15T21:00:00+0000_16.7174
KRSNWDP,Krishna at Wadenepally,Krishna,2026-05-15 22:00:00+00:00,16.755967798291735,NORMAL,18.45,19.84,23.07,16.7944,80.07247,KRSNWDP_2026-05-15T22:00:00+0000_16.7560
KRSNWDP,Krishna at Wadenepally,Krishna,2026-05-15 23:00:00+00:00,16.715306807144177,NORMAL,18.45,19.84,23.07,16.7944,80.07247,KRSNWDP_2026-05-15T23:00:00+0000_16.7153
KRSNWDP,Krishna at Wadenepally,Krishna,2026-05-16 00:00:00+00:00,16.798283859302586,NORMAL,18.45,19.84,23.07,16.7944,80.07247,KRSNWDP_2026-05-16T00:00:00+0000_16.7983
KRSNWDP,Krishna at Wadenepally,Krishna,2026-05-16 01:00:00+00:00,16.732882275678662,NORMAL,18.45,19.84,23.07,16.7944,80.07247,KRSNWDP_2026-05-16T01:00:00+0000_16.7329
KRSNWDP,Krishna at Wadenepally,Krishna,2026-05-16 02:00:00+00:00,16.70263998194251,NORMAL,18.45,19.84,23.07,16.7944,80.07247,KRSNWDP_2026-05-16T02:00:00+0000_16.7026
KRSNWDP,Krishna at Wadenepally,Krishna,2026-05-16 03:00:00+00:00,16.710149195292235,NORMAL,18.45,19.84,23.07,16.7944,80.07247,KRSNWDP_2026-05-16T03:00:00+0000_16.7101
KRSNWDP,Krishna at Wadenepally,Krishna,2026-05-16 04:00:00+00:00,16.693703484075993,NORMAL,18.45,19.84,23.07,16.7944,80.07247,KRSNWDP_2026-05-16T04:00:00+0000_16.6937
KRSNWDP,Krishna at Wadenepally,Krishna,2026-05-16 05:00:00+00:00,16.636579588644963,NORMAL,18.45,19.84,23.07,16.7944,80.07247,KRSNWDP_2026-05-16T05:00:00+0000_16.6366
KRSNWDP,Krishna at Wadenepally,Krishna,2026-05-16 06:00:00+00:00,16.54774407960455,NORMAL,18.45,19.84,23.07,16.7944,80.07247,KRSNWDP_2026-05-16T06:00:00+0000_16.5477
KRSNWDP,Krishna at Wadenepally,Krishna,2026-05-16 07:00:00+00:00,16.479106082050958,NORMAL,18.45,19.84,23.07,16.7944,80.07247,KRSNWDP_2026-05-16T07:00:00+0000_16.4791
KRSNWDP,Krishna at Wadenepally,Krishna,2026-05-16 08:00:00+00:00,16.47463347521467,NORMAL,18.45,19.84,23.07,16.7944,80.07247,KRSNWDP_2026-05-16T08:00:00+0000_16.4746
KRSNWDP,Krishna at Wadenepally,Krishna,2026-05-16 09:00:00+00:00,16.410530892241844,NORMAL,18.45,19.84,23.07,16.7944,80.07247,KRSNWDP_2026-05-16T09:00:00+0000_16.4105
KRSNWDP,Krishna at Wadenepally,Krishna,2026-05-16 10:00:00+00:00,16.391736195363723,NORMAL,18.45,19.84,23.07,16.7944,80.07247,KRSNWDP_2026-05-16T10:00:00+0000_16.3917
KRSNWDP,Krishna at Wadenepally,Krishna,2026-05-16 11:00:00+00:00,16.342819938738465,NORMAL,18.45,19.84,23.07,16.7944,80.07247,KRSNWDP_2026-05-16T11:00:00+0000_16.3428
KRSNWDP,Krishna at Wadenepally,Krishna,2026-05-16 12:00:00+00:00,16.358839787793116,NORMAL,18.45,19.84,23.07,16.7944,80.07247,KRSNWDP_2026-05-16T12:00:00+0000_16.3588
KRSNWDP,Krishna at Wadenepally,Krishna,2026-05-16 13:00:00+00:00,16.407163008524417,NORMAL,18.45,19.84,23.07,16.7944,80.07247,KRSNWDP_2026-05-16T13:00:00+0000_16.4072
KRSNWDP,Krishna at Wadenepally,Krishna,2026-05-16 14:00:00+00:00,16.411144138609465,NORMAL,18.45,19.84,23.07,16.7944,80.07247,KRSNWDP_2026-05-16T14:00:00+0000_16.4111
KRSNWDP,Krishna at Wadenepally,Krishna,2026-05-16 15:00:00+00:00,16.497643238225695,NORMAL,18.45,19.84,23.07,16.7944,80.07247,KRSNWDP_2026-05-16T15:00:00+0000_16.4976
KRSNWDP,Krishna at Wadenepally,Krishna,2026-05-16 16:00:00+00:00,16.516803732472898,NORMAL,18.45,19.84,23.07,16.7944,80.07247,KRSNWDP_2026-05-16T16:00:00+0000_16.5168
KRSNWDP,Krishna at Wadenepally,Krishna,2026-05-16 17:00:00+00:00,16.579588011956986,NORMAL,18.45,19.84,23.07,16.7944,80.07247,KRSNWDP_2026-05-16T17:00:00+0000_16.5796
KRSNWDP,Krishna at Wadenepally,Krishna,2026-05-16 18:00:00+00:00,16.58865300923841,NORMAL,18.45,19.84,23.07,16.7944,80.07247,KRSNWDP_2026-05-16T18:00:00+0000_16.5887
KRSNWDP,Krishna at Wadenepally,Krishna,2026-05-16 19:00:00+00:00,16.628751352003437,NORMAL,18.45,19.84,23.07,16.7944,80.07247,KRSNWDP_2026-05-16T19:00:00+0000_16.6288
KRSNWDP,Krishna at Wadenepally,Krishna,2026-05-16 20:00:00+00:00,16.72154655625003,NORMAL,18.45,19.84,23.07,16.7944,80.07247,KRSNWDP_2026-05-16T20:00:00+0000_16.7215
KRSNWDP,Krishna at Wadenepally,Krishna,2026-05-16 21:00:00+00:00,16.72604183095277,NORMAL,18.45,19.84,23.07,16.7944,80.07247,KRSNWDP_2026-05-16T21:00:00+0000_16.7260
KRSNWDP,Krishna at Wadenepally,Krishna,2026-05-16 22:00:00+00:00,16.78246055959398,NORMAL,18.45,19.84,23.07,16.7944,80.07247,KRSNWDP_2026-05-16T22:00:00+0000_16.7825
KRSNWDP,Krishna at Wadenepally,Krishna,2026-05-16 23:00:00+00:00,16.79415542993034,NORMAL,18.45,19.84,23.07,16.7944,80.07247,KRSNWDP_2026-05-16T23:00:00+0000_16.7942
KRSNWDP,Krishna at Wadenepally,Krishna,2026-05-17 00:00:00+00:00,16.73680867852168,NORMAL,18.45,19.84,23.07,16.7944,80.07247,KRSNWDP_2026-05-17T00:00:00+0000_16.7368
KRSNWDP,Krishna at Wadenepally,Krishna,2026-05-17 01:00:00+00:00,16.73159776188647,NORMAL,18.45,19.84,23.07,16.7944,80.07247,KRSNWDP_2026-05-17T01:00:00+0000_16.7316
KRSNWDP,Krishna at Wadenepally,Krishna,2026-05-17 02:00:00+00:00,16.726711741717885,NORMAL,18.45,19.84,23.07,16.7944,80.07247,KRSNWDP_2026-05-17T02:00:00+0000_16.7267
KRSNWDP,Krishna at Wadenepally,Krishna,2026-05-17 03:00:00+00:00,16.6754052865786,NORMAL,18.45,19.84,23.07,16.7944,80.07247,KRSNWDP_2026-05-17T03:00:00+0000_16.6754
KRSNWDP,Krishna at Wadenepally,Krishna,2026-05-17 04:00:00+00:00,16.65098284716852,NORMAL,18.45,19.84,23.07,16.7944,80.07247,KRSNWDP_2026-05-17T04:00:00+0000_16.6510
KRSNWDP,Krishna at Wadenepally,Krishna,2026-05-17 05:00:00+00:00,16.621411225905923,NORMAL,18.45,19.84,23.07,16.7944,80.07247,KRSNWDP_2026-05-17T05:00:00+0000_16.6214
KRSNWDP,Krishna at Wadenepally,Krishna,2026-05-17 06:00:00+00:00,16.56827089711744,NORMAL,18.45,19.84,23.07,16.7944,80.07247,KRSNWDP_2026-05-17T06:00:00+0000_16.5683
KRSNWDP,Krishna at Wadenepally,Krishna,2026-05-17 07:00:00+00:00,16.47417252469905,NORMAL,18.45,19.84,23.07,16.7944,80.07247,KRSNWDP_2026-05-17T07:00:00+0000_16.4742
KRSNWDP,Krishna at Wadenepally,Krishna,2026-05-17 08:00:00+00:00,16.4573045778162,NORMAL,18.45,19.84,23.07,16.7944,80.07247,KRSNWDP_2026-05-17T08:00:00+0000_16.4573
KRSNWDP,Krishna at Wadenepally,Krishna,2026-05-17 09:00:00+00:00,16.47503598601076,NORMAL,18.45,19.84,23.07,16.7944,80.07247,KRSNWDP_2026-05-17T09:00:00+0000_16.4750
KRSNWDP,Krishna at Wadenepally,Krishna,2026-05-17 10:00:00+00:00,16.38291376631384,NORMAL,18.45,19.84,23.07,16.7944,80.07247,KRSNWDP_2026-05-17T10:00:00+0000_16.3829
KRSNWDP,Krishna at Wadenepally,Krishna,2026-05-17 11:00:00+00:00,16.342297279220407,NORMAL,18.45,19.84,23.07,16.7944,80.07247,KRSNWDP_2026-05-17T11:00:00+0000_16.3423
KRSNWDP,Krishna at Wadenepally,Krishna,2026-05-17 12:00:00+00:00,16.40009044502683,NORMAL,18.45,19.84,23.07,16.7944,80.07247,KRSNWDP_2026-05-17T12:00:00+0000_16.4001
KRSNWDP,Krishna at Wadenepally,Krishna,2026-05-17 13:00:00+00:00,16.43598266439595,NORMAL,18.45,19.84,23.07,16.7944,80.07247,KRSNWDP_2026-05-17T13:00:00+0000_16.4360
KRSNWDP,Krishna at Wadenepally,Krishna,2026-05-17 14:00:00+00:00,16.444250969072684,NORMAL,18.45,19.84,23.07,16.7944,80.07247,KRSNWDP_2026-05-17T14:00:00+0000_16.4443
KRSNWDP,Krishna at Wadenepally,Krishna,2026-05-17 15:00:00+00:00,16.50174119781241,NORMAL,18.45,19.84,23.07,16.7944,80.07247,KRSNWDP_2026-05-17T15:00:00+0000_16.5017
KRSNWDP,Krishna at Wadenepally,Krishna,2026-05-17 16:00:00+00:00,16.537146989164334,NORMAL,18.45,19.84,23.07,16.7944,80.07247,KRSNWDP_2026-05-17T16:00:00+0000_16.5371
KRSNWDP,Krishna at Wadenepally,Krishna,2026-05-17 17:00:00+00:00,,,18.45,19.84,23.07,16.7944,80.07247,KRSNWDP_2026-05-17T17:00:00+0000_
KRSNWDP,Krishna at Wadenepally,Krishna,2026-05-17 18:00:00+00:00,,,18.45,19.84,23.07,16.7944,80.07247,KRSNWDP_2026-05-17T18:00:00+0000_
KRSNWDP,Krishna at Wadenepally,Krishna,2026-05-17 19:00:00+00:00,16.693533999852875,NORMAL,18.45,19.84,23.07,16.7944,80.07247,KRSNWDP_2026-05-17T19:00:00+0000_16.6935
KRSNWDP,Krishna at Wadenepally,Krishna,2026-05-17 20:00:00+00:00,16.679627064749333,NORMAL,18.45,19.84,23.07,16.7944,80.07247,KRSNWDP_2026-05-17T20:00:00+0000_16.6796
KRSNWDP,Krishna at Wadenepally,Krishna,2026-05-17 21:00:00+00:00,16.73584192102439,NORMAL,18.45,19.84,23.07,16.7944,80.07247,KRSNWDP_2026-05-17T21:00:00+0000_16.7358
KRSNWDP,Krishna at Wadenepally,Krishna,2026-05-17 22:00:00+00:00,16.759891523189378,NORMAL,18.45,19.84,23.07,16.7944,80.07247,KRSNWDP_2026-05-17T22:00:00+0000_16.7599
KRSNWDP,Krishna at Wadenepally,Krishna,2026-05-17 23:00:00+00:00,16.758202742187326,NORMAL,18.45,19.84,23.07,16.7944,80.07247,KRSNWDP_2026-05-17T23:00:00+0000_16.7582
KRSNWDP,Krishna at Wadenepally,Krishna,2026-05-18 00:00:00+00:00,16.767750599256317,NORMAL,18.45,19.84,23.07,16.7944,80.07247,KRSNWDP_2026-05-18T00:00:00+0000_16.7678
KRSNWDP,Krishna at Wadenepally,Krishna,2026-05-18 01:00:00+00:00,16.796222500178814,NORMAL,18.45,19.84,23.07,16.7944,80.07247,KRSNWDP_2026-05-18T01:00:00+0000_16.7962
KRSNWDP,Krishna at Wadenepally,Krishna,2026-05-18 02:00:00+00:00,16.76889550168651,NORMAL,18.45,19.84,23.07,16.7944,80.07247,KRSNWDP_2026-05-18T02:00:00+0000_16.7689
KRSNWDP,Krishna at Wadenepally,Krishna,2026-05-18 03:00:00+00:00,16.67796157415932,NORMAL,18.45,19.84,23.07,16.7944,80.07247,KRSNWDP_2026-05-18T03:00:00+0000_16.6780
KRSNWDP,Krishna at Wadenepally,Krishna,2026-05-18 04:00:00+00:00,16.68468370592172,NORMAL,18.45,19.84,23.07,16.7944,80.07247,KRSNWDP_2026-05-18T04:00:00+0000_16.6847
KRSNWDP,Krishna at Wadenepally,Krishna,2026-05-18 05:00:00+00:00,16.653604590294073,NORMAL,18.45,19.84,23.07,16.7944,80.07247,KRSNWDP_2026-05-18T05:00:00+0000_16.6536
KRSNWDP,Krishna at Wadenepally,Krishna,2026-05-18 06:00:00+00:00,16.605088349143372,NORMAL,18.45,19.84,23.07,16.7944,80.07247,KRSNWDP_2026-05-18T06:00:00+0000_16.6051
KRSNWDP,Krishna at Wadenepally,Krishna,2026-05-18 07:00:00+00:00,16.514472674491607,NORMAL,18.45,19.84,23.07,16.7944,80.07247,KRSNWDP_2026-05-18T07:00:00+0000_16.5145
KRSNWDP,Krishna at Wadenepally,Krishna,2026-05-18 08:00:00+00:00,16.43597022078144,NORMAL,18.45,19.84,23.07,16.7944,80.07247,KRSNWDP_2026-05-18T08:00:00+0000_16.4360
KRSNWDP,Krishna at Wadenepally,Krishna,2026-05-18 09:00:00+00:00,16.46863204458287,NORMAL,18.45,19.84,23.07,16.7944,80.07247,KRSNWDP_2026-05-18T09:00:00+0000_16.4686
KRSNWDP,Krishna at Wadenepally,Krishna,2026-05-18 10:00:00+00:00,16.393953904048832,NORMAL,18.45,19.84,23.07,16.7944,80.07247,KRSNWDP_2026-05-18T10:00:00+0000_16.3940
KRSNWDP,Krishna at Wadenepally,Krishna,2026-05-18 11:00:00+00:00,16.35835847923362,NORMAL,18.45,19.84,23.07,16.7944,80.07247,KRSNWDP_2026-05-18T11:00:00+0000_16.3584
KRSNWDP,Krishna at Wadenepally,Krishna,2026-05-18 12:00:00+00:00,16.348612932799934,NORMAL,18.45,19.84,23.07,16.7944,80.07247,KRSNWDP_2026-05-18T12:00:00+0000_16.3486
KRSNWDP,Krishna at Wadenepally,Krishna,2026-05-18 13:00:00+00:00,16.40134660485457,NORMAL,18.45,19.84,23.07,16.7944,80.07247,KRSNWDP_2026-05-18T13:00:00+0000_16.4013
KRSNWDP,Krishna at Wadenepally,Krishna,2026-05-18 14:00:00+00:00,16.452955662468604,NORMAL,18.45,19.84,23.07,16.7944,80.07247,KRSNWDP_2026-05-18T14:00:00+0000_16.4530
KRSNWDP,Krishna at Wadenepally,Krishna,2026-05-18 15:00:00+00:00,16.515994034228665,NORMAL,18.45,19.84,23.07,16.7944,80.07247,KRSNWDP_2026-05-18T15:00:00+0000_16.5160
KRSNWDP,Krishna at Wadenepally,Krishna,2026-05-18 16:00:00+00:00,,,18.45,19.84,23.07,16.7944,80.07247,KRSNWDP_2026-05-18T16:00:00+0000_
KRSNWDP,Krishna at Wadenepally,Krishna,2026-05-18 17:00:00+00:00,16.60129135396966,NORMAL,18.45,19.84,23.07,16.7944,80.07247,KRSNWDP_2026-05-18T17:00:00+0000_16.6013
KRSNWDP,Krishna at Wadenepally,Krishna,2026-05-18 18:00:00+00:00,16.573665486533447,NORMAL,18.45,19.84,23.07,16.7944,80.07247,KRSNWDP_2026-05-18T18:00:00+0000_16.5737
KRSNWDP,Krishna at Wadenepally,Krishna,2026-05-18 19:00:00+00:00,16.62777599479976,NORMAL,18.45,19.84,23.07,16.7944,80.07247,KRSNWDP_2026-05-18T19:00:00+0000_16.6278
KRSNWDP,Krishna at Wadenepally,Krishna,2026-05-18 20:00:00+00:00,16.658082016452607,NORMAL,18.45,19.84,23.07,16.7944,80.07247,KRSNWDP_2026-05-18T20:00:00+0000_16.6581
KRSNWDP,Krishna at Wadenepally,Krishna,2026-05-18 21:00:00+00:00,16.784550811432624,NORMAL,18.45,19.84,23.07,16.7944,80.07247,KRSNWDP_2026-05-18T21:00:00+0000_16.7846
KRSNWDP,Krishna at Wadenepally,Krishna,2026-05-18 22:00:00+00:00,16.81042180645777,NORMAL,18.45,19.84,23.07,16.7944,80.07247,KRSNWDP_2026-05-18T22:00:00+0000_16.8104
KRSNWDP,Krishna at Wadenepally,Krishna,2026-05-18 23:00:00+00:00,16.75160918555493,NORMAL,18.45,19.84,23.07,16.7944,80.07247,KRSNWDP_2026-05-18T23:00:00+0000_16.7516
KRSNWDP,Krishna at Wadenepally,Krishna,2026-05-19 00:00:00+00:00,16.74037351179627,NORMAL,18.45,19.84,23.07,16.7944,80.07247,KRSNWDP_2026-05-19T00:00:00+0000_16.7404
KRSNWDP,Krishna at Wadenepally,Krishna,2026-05-19 01:00:00+00:00,16.793603172994562,NORMAL,18.45,19.84,23.07,16.7944,80.07247,KRSNWDP_2026-05-19T01:00:00+0000_16.7936
KRSNWDP,Krishna at Wadenepally,Krishna,2026-05-19 02:00:00+00:00,16.72419349729322,NORMAL,18.45,19.84,23.07,16.7944,80.07247,KRSNWDP_2026-05-19T02:00:00+0000_16.7242
KRSNWDP,Krishna at Wadenepally,Krishna,2026-05-19 03:00:00+00:00,16.696433391166632,NORMAL,18.45,19.84,23.07,16.7944,80.07247,KRSNWDP_2026-05-19T03:00:00+0000_16.6964
KRSNWDP,Krishna at Wadenepally,Krishna,2026-05-19 04:00:00+00:00,16.61825049074143,NORMAL,18.45,19.84,23.07,16.7944,80.07247,KRSNWDP_2026-05-19T04:00:00+0000_16.6183
KRSNWDP,Krishna at Wadenepally,Krishna,2026-05-19 05:00:00+00:00,16.574451326301393,NORMAL,18.45,19.84,23.07,16.7944,80.07247,KRSNWDP_2026-05-19T05:00:00+0000_16.5745
KRSNWDP,Krishna at Wadenepally,Krishna,2026-05-19 06:00:00+00:00,16.574590617316552,NORMAL,18.45,19.84,23.07,16.7944,80.07247,KRSNWDP_2026-05-19T06:00:00+0000_16.5746
KRSNWDP,Krishna at Wadenepally,Krishna,2026-05-19 07:00:00+00:00,16.499430139177523,NORMAL,18.45,19.84,23.07,16.7944,80.07247,KRSNWDP_2026-05-19T07:00:00+0000_16.4994
KRSNWDP,Krishna at Wadenepally,Krishna,2026-05-19 08:00:00+00:00,,,18.45,19.84,23.07,16.7944,80.07247,KRSNWDP_2026-05-19T08:00:00+0000_
KRSNWDP,Krishna at Wadenepally,Krishna,2026-05-19 09:00:00+00:00,16.45577070215364,NORMAL,18.45,19.84,23.07,16.7944,80.07247,KRSNWDP_2026-05-19T09:00:00+0000_16.4558
KRSNWDP,Krishna at Wadenepally,Krishna,2026-05-19 10:00:00+00:00,16.404481189067873,NORMAL,18.45,19.84,23.07,16.7944,80.07247,KRSNWDP_2026-05-19T10:00:00+0000_16.4045
KRSNWDP,Krishna at Wadenepally,Krishna,2026-05-19 11:00:00+00:00,16.42109577084949,NORMAL,18.45,19.84,23.07,16.7944,80.07247,KRSNWDP_2026-05-19T11:00:00+0000_16.4211
KRSNWDP,Krishna at Wadenepally,Krishna,2026-05-19 12:00:00+00:00,16.360919868580947,NORMAL,18.45,19.84,23.07,16.7944,80.07247,KRSNWDP_2026-05-19T12:00:00+0000_16.3609
KRSNWDP,Krishna at Wadenepally,Krishna,2026-05-19 13:00:00+00:00,16.397565626438332,NORMAL,18.45,19.84,23.07,16.7944,80.07247,KRSNWDP_2026-05-19T13:00:00+0000_16.3976
KRSNWDP,Krishna at Wadenepally,Krishna,2026-05-19 14:00:00+00:00,16.394756943164545,NORMAL,18.45,19.84,23.07,16.7944,80.07247,KRSNWDP_2026-05-19T14:00:00+0000_16.3948
KRSNWDP,Krishna at Wadenepally,Krishna,2026-05-19 15:00:00+00:00,16.4706710479662,NORMAL,18.45,19.84,23.07,16.7944,80.07247,KRSNWDP_2026-05-19T15:00:00+0000_16.4707
KRSNWDP,Krishna at Wadenepally,Krishna,2026-05-19 16:00:00+00:00,16.507129696819156,NORMAL,18.45,19.84,23.07,16.7944,80.07247,KRSNWDP_2026-05-19T16:00:00+0000_16.5071
KRSNWDP,Krishna at Wadenepally,Krishna,2026-05-19 17:00:00+00:00,16.583014936797852,NORMAL,18.45,19.84,23.07,16.7944,80.07247,KRSNWDP_2026-05-19T17:00:00+0000_16.5830
KRSNWDP,Krishna at Wadenepally,Krishna,2026-05-19 18:00:00+00:00,16.647030656354215,NORMAL,18.45,19.84,23.07,16.7944,80.07247,KRSNWDP_2026-05-19T18:00:00+0000_16.6470
KRSNWDP,Krishna at Wadenepally,Krishna,2026-05-19 19:00:00+00:00,16.62272522007461,NORMAL,18.45,19.84,23.07,16.7944,80.07247,KRSNWDP_2026-05-19T19:00:00+0000_16.6227
KRSNWDP,Krishna at Wadenepally,Krishna,2026-05-19 20:00:00+00:00,16.73534417000393,NORMAL,18.45,19.84,23.07,16.7944,80.07247,KRSNWDP_2026-05-19T20:00:00+0000_16.7353
KRSNWDP,Krishna at Wadenepally,Krishna,2026-05-19 21:00:00+00:00,16.778012114401903,NORMAL,18.45,19.84,23.07,16.7944,80.07247,KRSNWDP_2026-05-19T21:00:00+0000_16.7780
KRSNWDP,Krishna at Wadenepally,Krishna,2026-05-19 22:00:00+00:00,16.736834169946285,NORMAL,18.45,19.84,23.07,16.7944,80.07247,KRSNWDP_2026-05-19T22:00:00+0000_16.7368
KRSNWDP,Krishna at Wadenepally,Krishna,2026-05-19 23:00:00+00:00,16.780253054204632,NORMAL,18.45,19.84,23.07,16.7944,80.07247,KRSNWDP_2026-05-19T23:00:00+0000_16.7803
KRSNWDP,Krishna at Wadenepally,Krishna,2026-05-20 00:00:00+00:00,16.81958379808786,NORMAL,18.45,19.84,23.07,16.7944,80.07247,KRSNWDP_2026-05-20T00:00:00+0000_16.8196
KRSNWDP,Krishna at Wadenepally,Krishna,2026-05-20 01:00:00+00:00,16.77806512734971,NORMAL,18.45,19.84,23.07,16.7944,80.07247,KRSNWDP_2026-05-20T01:00:00+0000_16.7781
KRSNWDP,Krishna at Wadenepally,Krishna,2026-05-20 02:00:00+00:00,16.731991992884353,NORMAL,18.45,19.84,23.07,16.7944,80.07247,KRSNWDP_2026-05-20T02:00:00+0000_16.7320
KRSNWDP,Krishna at Wadenepally,Krishna,2026-05-20 03:00:00+00:00,16.72575729155747,NORMAL,18.45,19.84,23.07,16.7944,80.07247,KRSNWDP_2026-05-20T03:00:00+0000_16.7258
KRSNWDP,Krishna at Wadenepally,Krishna,2026-05-20 04:00:00+00:00,16.629442616161132,NORMAL,18.45,19.84,23.07,16.7944,80.07247,KRSNWDP_2026-05-20T04:00:00+0000_16.6294
KRSNWDP,Krishna at Wadenepally,Krishna,2026-05-20 05:00:00+00:00,16.604601041042827,NORMAL,18.45,19.84,23.07,16.7944,80.07247,KRSNWDP_2026-05-20T05:00:00+0000_16.6046
KRSNWDP,Krishna at Wadenepally,Krishna,2026-05-20 06:00:00+00:00,16.58163200852513,NORMAL,18.45,19.84,23.07,16.7944,80.07247,KRSNWDP_2026-05-20T06:00:00+0000_16.5816
KRSNWDP,Krishna at Wadenepally,Krishna,2026-05-20 07:00:00+00:00,16.562269732521663,NORMAL,18.45,19.84,23.07,16.7944,80.07247,KRSNWDP_2026-05-20T07:00:00+0000_16.5623
KRSNWDP,Krishna at Wadenepally,Krishna,2026-05-20 08:00:00+00:00,16.454403654231452,NORMAL,18.45,19.84,23.07,16.7944,80.07247,KRSNWDP_2026-05-20T08:00:00+0000_16.4544
KRSNWDP,Krishna at Wadenepally,Krishna,2026-05-20 09:00:00+00:00,16.403672329995906,NORMAL,18.45,19.84,23.07,16.7944,80.07247,KRSNWDP_2026-05-20T09:00:00+0000_16.4037
KRSNWDP,Krishna at Wadenepally,Krishna,2026-05-20 10:00:00+00:00,16.374285558273495,NORMAL,18.45,19.84,23.07,16.7944,80.07247,KRSNWDP_2026-05-20T10:00:00+0000_16.3743
KRSNWDP,Krishna at Wadenepally,Krishna,2026-05-20 11:00:00+00:00,16.39019351791044,NORMAL,18.45,19.84,23.07,16.7944,80.07247,KRSNWDP_2026-05-20T11:00:00+0000_16.3902
KRSNWDP,Krishna at Wadenepally,Krishna,2026-05-20 12:00:00+00:00,16.447247431839266,NORMAL,18.45,19.84,23.07,16.7944,80.07247,KRSNWDP_2026-05-20T12:00:00+0000_16.4472
KRSNWDP,Krishna at Wadenepally,Krishna,2026-05-20 13:00:00+00:00,16.442934873812295,NORMAL,18.45,19.84,23.07,16.7944,80.07247,KRSNWDP_2026-05-20T13:00:00+0000_16.4429
KRSNWDP,Krishna at Wadenepally,Krishna,2026-05-20 14:00:00+00:00,16.40308618899288,NORMAL,18.45,19.84,23.07,16.7944,80.07247,KRSNWDP_2026-05-20T14:00:00+0000_16.4031
KRSNWDP,Krishna at Wadenepally,Krishna,2026-05-20 15:00:00+00:00,16.443478219480095,NORMAL,18.45,19.84,23.07,16.7944,80.07247,KRSNWDP_2026-05-20T15:00:00+0000_16.4435
KRSNWDP,Krishna at Wadenepally,Krishna,2026-05-20 16:00:00+00:00,16.553245466837296,NORMAL,18.45,19.84,23.07,16.7944,80.07247,KRSNWDP_2026-05-20T16:00:00+0000_16.5532
KRSNWDP,Krishna at Wadenepally,Krishna,2026-05-20 17:00:00+00:00,16.618432426526525,NORMAL,18.45,19.84,23.07,16.7944,80.07247,KRSNWDP_2026-05-20T17:00:00+0000_16.6184
KRSNWDP,Krishna at Wadenepally,Krishna,2026-05-20 18:00:00+00:00,16.626702343011438,NORMAL,18.45,19.84,23.07,16.7944,80.07247,KRSNWDP_2026-05-20T18:00:00+0000_16.6267
KRSNWDP,Krishna at Wadenepally,Krishna,2026-05-20 19:00:00+00:00,16.621366214230168,NORMAL,18.45,19.84,23.07,16.7944,80.07247,KRSNWDP_2026-05-20T19:00:00+0000_16.6214
KRSNWDP,Krishna at Wadenepally,Krishna,2026-05-20 20:00:00+00:00,16.752875593238485,NORMAL,18.45,19.84,23.07,16.7944,80.07247,KRSNWDP_2026-05-20T20:00:00+0000_16.7529
KRSNWDP,Krishna at Wadenepally,Krishna,2026-05-20 21:00:00+00:00,16.74779043172969,NORMAL,18.45,19.84,23.07,16.7944,80.07247,KRSNWDP_2026-05-20T21:00:00+0000_16.7478
KRSNWDP,Krishna at Wadenepally,Krishna,2026-05-20 22:00:00+00:00,16.78837293638864,NORMAL,18.45,19.84,23.07,16.7944,80.07247,KRSNWDP_2026-05-20T22:00:00+0000_16.7884
KRSNWDP,Krishna at Wadenepally,Krishna,2026-05-20 23:00:00+00:00,16.7979055145534,NORMAL,18.45,19.84,23.07,16.7944,80.07247,KRSNWDP_2026-05-20T23:00:00+0000_16.7979
KRSNWDP,Krishna at Wadenepally,Krishna,2026-05-21 00:00:00+00:00,16.79351068731271,NORMAL,18.45,19.84,23.07,16.7944,80.07247,KRSNWDP_2026-05-21T00:00:00+0000_16.7935
KRSNWDP,Krishna at Wadenepally,Krishna,2026-05-21 01:00:00+00:00,16.800670811731386,NORMAL,18.45,19.84,23.07,16.7944,80.07247,KRSNWDP_2026-05-21T01:00:00+0000_16.8007
KRSNWDP,Krishna at Wadenepally,Krishna,2026-05-21 02:00:00+00:00,16.744106537805887,NORMAL,18.45,19.84,23.07,16.7944,80.07247,KRSNWDP_2026-05-21T02:00:00+0000_16.7441
KRSNWDP,Krishna at Wadenepally,Krishna,2026-05-21 03:00:00+00:00,16.750773620572367,NORMAL,18.45,19.84,23.07,16.7944,80.07247,KRSNWDP_2026-05-21T03:00:00+0000_16.7508
KRSNWDP,Krishna at Wadenepally,Krishna,2026-05-21 04:00:00+00:00,16.653844904848984,NORMAL,18.45,19.84,23.07,16.7944,80.07247,KRSNWDP_2026-05-21T04:00:00+0000_16.6538
KRSNWDP,Krishna at Wadenepally,Krishna,2026-05-21 05:00:00+00:00,16.627561220522384,NORMAL,18.45,19.84,23.07,16.7944,80.07247,KRSNWDP_2026-05-21T05:00:00+0000_16.6276
KRSNWDP,Krishna at Wadenepally,Krishna,2026-05-21 06:00:00+00:00,16.53304065558232,NORMAL,18.45,19.84,23.07,16.7944,80.07247,KRSNWDP_2026-05-21T06:00:00+0000_16.5330
KRSNWDP,Krishna at Wadenepally,Krishna,2026-05-21 07:00:00+00:00,16.55866562837927,NORMAL,18.45,19.84,23.07,16.7944,80.07247,KRSNWDP_2026-05-21T07:00:00+0000_16.5587
KRSNWDP,Krishna at Wadenepally,Krishna,2026-05-21 08:00:00+00:00,16.44370556742746,NORMAL,18.45,19.84,23.07,16.7944,80.07247,KRSNWDP_2026-05-21T08:00:00+0000_16.4437
KRSNWDP,Krishna at Wadenepally,Krishna,2026-05-21 09:00:00+00:00,16.412207496677826,NORMAL,18.45,19.84,23.07,16.7944,80.07247,KRSNWDP_2026-05-21T09:00:00+0000_16.4122
KRSNWDP,Krishna at Wadenepally,Krishna,2026-05-21 10:00:00+00:00,16.463744779564067,NORMAL,18.45,19.84,23.07,16.7944,80.07247,KRSNWDP_2026-05-21T10:00:00+0000_16.4637
KRSNWDP,Krishna at Wadenepally,Krishna,2026-05-21 11:00:00+00:00,16.438727501676567,NORMAL,18.45,19.84,23.07,16.7944,80.07247,KRSNWDP_2026-05-21T11:00:00+0000_16.4387
KRSNWDP,Krishna at Wadenepally,Krishna,2026-05-21 12:00:00+00:00,16.43979554423761,NORMAL,18.45,19.84,23.07,16.7944,80.07247,KRSNWDP_2026-05-21T12:00:00+0000_16.4398
KRSNWDP,Krishna at Wadenepally,Krishna,2026-05-21 13:00:00+00:00,16.4338713271566,NORMAL,18.45,19.84,23.07,16.7944,80.07247,KRSNWDP_2026-05-21T13:00:00+0000_16.4339
KRSNWDP,Krishna at Wadenepally,Krishna,2026-05-21 14:00:00+00:00,16.452730765140167,NORMAL,18.45,19.84,23.07,16.7944,80.07247,KRSNWDP_2026-05-21T14:00:00+0000_16.4527
KRSNWDP,Krishna at Wadenepally,Krishna,2026-05-21 15:00:00+00:00,16.486791302941782,NORMAL,18.45,19.84,23.07,16.7944,80.07247,KRSNWDP_2026-05-21T15:00:00+0000_16.4868
KRSNWDP,Krishna at Wadenepally,Krishna,2026-05-21 16:00:00+00:00,16.550892868779716,NORMAL,18.45,19.84,23.07,16.7944,80.07247,KRSNWDP_2026-05-21T16:00:00+0000_16.5509
KRSNWDP,Krishna at Wadenepally,Krishna,2026-05-21 17:00:00+00:00,16.601488619559383,NORMAL,18.45,19.84,23.07,16.7944,80.07247,KRSNWDP_2026-05-21T17:00:00+0000_16.6015
KRSNWDP,Krishna at Wadenepally,Krishna,2026-05-21 18:00:00+00:00,16.604572386075628,NORMAL,18.45,19.84,23.07,16.7944,80.07247,KRSNWDP_2026-05-21T18:00:00+0000_16.6046
KRSNWDP,Krishna at Wadenepally,Krishna,2026-05-21 19:00:00+00:00,16.7124534512688,NORMAL,18.45,19.84,23.07,16.7944,80.07247,KRSNWDP_2026-05-21T19:00:00+0000_16.7125
KRSNWDP,Krishna at Wadenepally,Krishna,2026-05-21 20:00:00+00:00,16.732246401005998,NORMAL,18.45,19.84,23.07,16.7944,80.07247,KRSNWDP_2026-05-21T20:00:00+0000_16.7322
KRSNWDP,Krishna at Wadenepally,Krishna,2026-05-21 21:00:00+00:00,,,18.45,19.84,23.07,16.7944,80.07247,KRSNWDP_2026-05-21T21:00:00+0000_
KRSNWDP,Krishna at Wadenepally,Krishna,2026-05-21 22:00:00+00:00,16.807196073498357,NORMAL,18.45,19.84,23.07,16.7944,80.07247,KRSNWDP_2026-05-21T22:00:00+0000_16.8072
KRSNWDP,Krishna at Wadenepally,Krishna,2026-05-21 23:00:00+00:00,16.82145720637335,NORMAL,18.45,19.84,23.07,16.7944,80.07247,KRSNWDP_2026-05-21T23:00:00+0000_16.8215
KRSNWDP,Krishna at Wadenepally,Krishna,2026-05-22 00:00:00+00:00,16.78191612941205,NORMAL,18.45,19.84,23.07,16.7944,80.07247,KRSNWDP_2026-05-22T00:00:00+0000_16.7819
KRSNWDP,Krishna at Wadenepally,Krishna,2026-05-22 01:00:00+00:00,16.774493682061554,NORMAL,18.45,19.84,23.07,16.7944,80.07247,KRSNWDP_2026-05-22T01:00:00+0000_16.7745
KRSNWDP,Krishna at Wadenepally,Krishna,2026-05-22 02:00:00+00:00,16.799490336217723,NORMAL,18.45,19.84,23.07,16.7944,80.07247,KRSNWDP_2026-05-22T02:00:00+0000_16.7995
KRSNWDP,Krishna at Wadenepally,Krishna,2026-05-22 03:00:00+00:00,16.72504727706589,NORMAL,18.45,19.84,23.07,16.7944,80.07247,KRSNWDP_2026-05-22T03:00:00+0000_16.7250
KRSNWDP,Krishna at Wadenepally,Krishna,2026-05-22 04:00:00+00:00,16.646668063000778,NORMAL,18.45,19.84,23.07,16.7944,80.07247,KRSNWDP_2026-05-22T04:00:00+0000_16.6467
KRSNWDP,Krishna at Wadenepally,Krishna,2026-05-22 05:00:00+00:00,16.654335353614265,NORMAL,18.45,19.84,23.07,16.7944,80.07247,KRSNWDP_2026-05-22T05:00:00+0000_16.6543
KRSNWDP,Krishna at Wadenepally,Krishna,2026-05-22 06:00:00+00:00,16.539294725731175,NORMAL,18.45,19.84,23.07,16.7944,80.07247,KRSNWDP_2026-05-22T06:00:00+0000_16.5393
KRSNWDP,Krishna at Wadenepally,Krishna,2026-05-22 07:00:00+00:00,16.56591093235041,NORMAL,18.45,19.84,23.07,16.7944,80.07247,KRSNWDP_2026-05-22T07:00:00+0000_16.5659
KRSNWDP,Krishna at Wadenepally,Krishna,2026-05-22 08:00:00+00:00,16.48548373060172,NORMAL,18.45,19.84,23.07,16.7944,80.07247,KRSNWDP_2026-05-22T08:00:00+0000_16.4855
KRSNWDP,Krishna at Wadenepally,Krishna,2026-05-22 09:00:00+00:00,16.46386653770037,NORMAL,18.45,19.84,23.07,16.7944,80.07247,KRSNWDP_2026-05-22T09:00:00+0000_16.4639
KRSNWDP,Krishna at Wadenepally,Krishna,2026-05-22 10:00:00+00:00,16.39537197580862,NORMAL,18.45,19.84,23.07,16.7944,80.07247,KRSNWDP_2026-05-22T10:00:00+0000_16.3954
KRSNWDP,Krishna at Wadenepally,Krishna,2026-05-22 11:00:00+00:00,16.442023341562,NORMAL,18.45,19.84,23.07,16.7944,80.07247,KRSNWDP_2026-05-22T11:00:00+0000_16.4420
KRSNWDP,Krishna at Wadenepally,Krishna,2026-05-22 12:00:00+00:00,16.42646593980267,NORMAL,18.45,19.84,23.07,16.7944,80.07247,KRSNWDP_2026-05-22T12:00:00+0000_16.4265
KRSNWDP,Krishna at Wadenepally,Krishna,2026-05-22 13:00:00+00:00,16.411336198943836,NORMAL,18.45,19.84,23.07,16.7944,80.07247,KRSNWDP_2026-05-22T13:00:00+0000_16.4113
KRSNWDP,Krishna at Wadenepally,Krishna,2026-05-22 14:00:00+00:00,16.490976440084392,NORMAL,18.45,19.84,23.07,16.7944,80.07247,KRSNWDP_2026-05-22T14:00:00+0000_16.4910
KRSNWDP,Krishna at Wadenepally,Krishna,2026-05-22 15:00:00+00:00,16.495310470380126,NORMAL,18.45,19.84,23.07,16.7944,80.07247,KRSNWDP_2026-05-22T15:00:00+0000_16.4953
KRSNWDP,Krishna at Wadenepally,Krishna,2026-05-22 16:00:00+00:00,16.58415176929207,NORMAL,18.45,19.84,23.07,16.7944,80.07247,KRSNWDP_2026-05-22T16:00:00+0000_16.5842
KRSNWDP,Krishna at Wadenepally,Krishna,2026-05-22 17:00:00+00:00,16.598700712056203,NORMAL,18.45,19.84,23.07,16.7944,80.07247,KRSNWDP_2026-05-22T17:00:00+0000_16.5987
KRSNWDP,Krishna at Wadenepally,Krishna,2026-05-22 18:00:00+00:00,16.637411098748203,NORMAL,18.45,19.84,23.07,16.7944,80.07247,KRSNWDP_2026-05-22T18:00:00+0000_16.6374
KRSNWDP,Krishna at Wadenepally,Krishna,2026-05-22 19:00:00+00:00,16.72578361680276,NORMAL,18.45,19.84,23.07,16.7944,80.07247,KRSNWDP_2026-05-22T19:00:00+0000_16.7258
KRSNWDP,Krishna at Wadenepally,Krishna,2026-05-22 20:00:00+00:00,16.743600474261942,NORMAL,18.45,19.84,23.07,16.7944,80.07247,KRSNWDP_2026-05-22T20:00:00+0000_16.7436
KRSNWDP,Krishna at Wadenepally,Krishna,2026-05-22 21:00:00+00:00,19.0408977278662,WARNING,18.45,19.84,23.07,16.7944,80.07247,KRSNWDP_2026-05-22T21:00:00+0000_19.0409
KRSNWDP,Krishna at Wadenepally,Krishna,2026-05-22 22:00:00+00:00,18.819575048173903,WARNING,18.45,19.84,23.07,16.7944,80.07247,KRSNWDP_2026-05-22T22:00:00+0000_18.8196
KRSNWDP,Krishna at Wadenepally,Krishna,2026-05-22 23:00:00+00:00,18.615172969904364,WARNING,18.45,19.84,23.07,16.7944,80.07247,KRSNWDP_2026-05-22T23:00:00+0000_18.6152
KRSNWDP,Krishna at Wadenepally,Krishna,2026-05-23 00:00:00+00:00,16.816304134410597,NORMAL,18.45,19.84,23.07,16.7944,80.07247,KRSNWDP_2026-05-23T00:00:00+0000_16.8163
KRSNWDP,Krishna at Wadenepally,Krishna,2026-05-23 01:00:00+00:00,16.81691088120404,NORMAL,18.45,19.84,23.07,16.7944,80.07247,KRSNWDP_2026-05-23T01:00:00+0000_16.8169
KRSNWDP,Krishna at Wadenepally,Krishna,2026-05-23 02:00:00+00:00,16.71390763982509,NORMAL,18.45,19.84,23.07,16.7944,80.07247,KRSNWDP_2026-05-23T02:00:00+0000_16.7139
KRSNWDP,Krishna at Wadenepally,Krishna,2026-05-23 03:00:00+00:00,,,18.45,19.84,23.07,16.7944,80.07247,KRSNWDP_2026-05-23T03:00:00+0000_
KRSNWDP,Krishna at Wadenepally,Krishna,2026-05-23 04:00:00+00:00,16.720458350629354,NORMAL,18.45,19.84,23.07,16.7944,80.07247,KRSNWDP_2026-05-23T04:00:00+0000_16.7205
KRSNWDP,Krishna at Wadenepally,Krishna,2026-05-23 05:00:00+00:00,16.64905452581125,NORMAL,18.45,19.84,23.07,16.7944,80.07247,KRSNWDP_2026-05-23T05:00:00+0000_16.6491
KRSNWDP,Krishna at Wadenepally,Krishna,2026-05-23 06:00:00+00:00,16.593603209488975,NORMAL,18.45,19.84,23.07,16.7944,80.07247,KRSNWDP_2026-05-23T06:00:00+0000_16.5936
KRSNWDP,Krishna at Wadenepally,Krishna,2026-05-23 07:00:00+00:00,16.530869889028207,NORMAL,18.45,19.84,23.07,16.7944,80.07247,KRSNWDP_2026-05-23T07:00:00+0000_16.5309
KRSNWDP,Krishna at Wadenepally,Krishna,2026-05-23 08:00:00+00:00,16.530011154745576,NORMAL,18.45,19.84,23.07,16.7944,80.07247,KRSNWDP_2026-05-23T08:00:00+0000_16.5300
KRSNWDP,Krishna at Wadenepally,Krishna,2026-05-23 09:00:00+00:00,16.42269731286223,NORMAL,18.45,19.84,23.07,16.7944,80.07247,KRSNWDP_2026-05-23T09:00:00+0000_16.4227
KRSNWDP,Krishna at Wadenepally,Krishna,2026-05-23 10:00:00+00:00,16.437682521610764,NORMAL,18.45,19.84,23.07,16.7944,80.07247,KRSNWDP_2026-05-23T10:00:00+0000_16.4377
KRSNWDP,Krishna at Wadenepally,Krishna,2026-05-23 11:00:00+00:00,16.407847879685217,NORMAL,18.45,19.84,23.07,16.7944,80.07247,KRSNWDP_2026-05-23T11:00:00+0000_16.4078
KRSNWDP,Krishna at Wadenepally,Krishna,2026-05-23 12:00:00+00:00,19.59891063081114,WARNING,18.45,19.84,23.07,16.7944,80.07247,KRSNWDP_2026-05-23T12:00:00+0000_19.5989
KRSNWDP,Krishna at Wadenepally,Krishna,2026-05-23 13:00:00+00:00,19.355310924076136,WARNING,18.45,19.84,23.07,16.7944,80.07247,KRSNWDP_2026-05-23T13:00:00+0000_19.3553
KRSNWDP,Krishna at Wadenepally,Krishna,2026-05-23 14:00:00+00:00,19.02728454355985,WARNING,18.45,19.84,23.07,16.7944,80.07247,KRSNWDP_2026-05-23T14:00:00+0000_19.0273
KRSNWDP,Krishna at Wadenepally,Krishna,2026-05-23 15:00:00+00:00,16.458816991651208,NORMAL,18.45,19.84,23.07,16.7944,80.07247,KRSNWDP_2026-05-23T15:00:00+0000_16.4588
KRSNWDP,Krishna at Wadenepally,Krishna,2026-05-23 16:00:00+00:00,16.488637027271405,NORMAL,18.45,19.84,23.07,16.7944,80.07247,KRSNWDP_2026-05-23T16:00:00+0000_16.4886
KRSNWDP,Krishna at Wadenepally,Krishna,2026-05-23 17:00:00+00:00,,,18.45,19.84,23.07,16.7944,80.07247,KRSNWDP_2026-05-23T17:00:00+0000_
KRSNWDP,Krishna at Wadenepally,Krishna,2026-05-23 18:00:00+00:00,16.643017172076462,NORMAL,18.45,19.84,23.07,16.7944,80.07247,KRSNWDP_2026-05-23T18:00:00+0000_16.6430
KRSNWDP,Krishna at Wadenepally,Krishna,2026-05-23 19:00:00+00:00,16.686297248803786,NORMAL,18.45,19.84,23.07,16.7944,80.07247,KRSNWDP_2026-05-23T19:00:00+0000_16.6863
KRSNWDP,Krishna at Wadenepally,Krishna,2026-05-23 20:00:00+00:00,16.719790483029136,NORMAL,18.45,19.84,23.07,16.7944,80.07247,KRSNWDP_2026-05-23T20:00:00+0000_16.7198
KRSNWDP,Krishna at Wadenepally,Krishna,2026-05-23 21:00:00+00:00,16.783528521902554,NORMAL,18.45,19.84,23.07,16.7944,80.07247,KRSNWDP_2026-05-23T21:00:00+0000_16.7835
KRSNWDP,Krishna at Wadenepally,Krishna,2026-05-23 22:00:00+00:00,16.761832302089545,NORMAL,18.45,19.84,23.07,16.7944,80.07247,KRSNWDP_2026-05-23T22:00:00+0000_16.7618
KRSNWDP,Krishna at Wadenepally,Krishna,2026-05-23 23:00:00+00:00,16.769677398601605,NORMAL,18.45,19.84,23.07,16.7944,80.07247,KRSNWDP_2026-05-23T23:00:00+0000_16.7697
KRSNWDP,Krishna at Wadenepally,Krishna,2026-05-24 00:00:00+00:00,16.792270567814473,NORMAL,18.45,19.84,23.07,16.7944,80.07247,KRSNWDP_2026-05-24T00:00:00+0000_16.7923
KRSNWDP,Krishna at Wadenepally,Krishna,2026-05-24 01:00:00+00:00,16.78105636021946,NORMAL,18.45,19.84,23.07,16.7944,80.07247,KRSNWDP_2026-05-24T01:00:00+0000_16.7811
KRSNWDP,Krishna at Wadenepally,Krishna,2026-05-24 02:00:00+00:00,16.80392969388228,NORMAL,18.45,19.84,23.07,16.7944,80.07247,KRSNWDP_2026-05-24T02:00:00+0000_16.8039
KRSNWDP,Krishna at Wadenepally,Krishna,2026-05-24 03:00:00+00:00,16.771284879399207,NORMAL,18.45,19.84,23.07,16.7944,80.07247,KRSNWDP_2026-05-24T03:00:00+0000_16.7713
KRSNWDP,Krishna at Wadenepally,Krishna,2026-05-24 04:00:00+00:00,16.681287734936063,NORMAL,18.45,19.84,23.07,16.7944,80.07247,KRSNWDP_2026-05-24T04:00:00+0000_16.6813
KRSNWDP,Krishna at Wadenepally,Krishna,2026-05-24 05:00:00+00:00,16.639952201895063,NORMAL,18.45,19.84,23.07,16.7944,80.07247,KRSNWDP_2026-05-24T05:00:00+0000_16.6400
KRSNWDP,Krishna at Wadenepally,Krishna,2026-05-24 06:00:00+00:00,16.583094453392942,NORMAL,18.45,19.84,23.07,16.7944,80.07247,KRSNWDP_2026-05-24T06:00:00+0000_16.5831
KRSNWDP,Krishna at Wadenepally,Krishna,2026-05-24 07:00:00+00:00,16.554144434846165,NORMAL,18.45,19.84,23.07,16.7944,80.07247,KRSNWDP_2026-05-24T07:00:00+0000_16.5541
KRSNWDP,Krishna at Wadenepally,Krishna,2026-05-24 08:00:00+00:00,16.478520121538374,NORMAL,18.45,19.84,23.07,16.7944,80.07247,KRSNWDP_2026-05-24T08:00:00+0000_16.4785
KRSNWDP,Krishna at Wadenepally,Krishna,2026-05-24 09:00:00+00:00,16.455631543642685,NORMAL,18.45,19.84,23.07,16.7944,80.07247,KRSNWDP_2026-05-24T09:00:00+0000_16.4556
KRSNWDP,Krishna at Wadenepally,Krishna,2026-05-24 10:00:00+00:00,16.458196000660738,NORMAL,18.45,19.84,23.07,16.7944,80.07247,KRSNWDP_2026-05-24T10:00:00+0000_16.4582
KRSNWDP,Krishna at Wadenepally,Krishna,2026-05-24 11:00:00+00:00,16.413327469716734,NORMAL,18.45,19.84,23.07,16.7944,80.07247,KRSNWDP_2026-05-24T11:00:00+0000_16.4133
KRSNWDP,Krishna at Wadenepally,Krishna,2026-05-24 12:00:00+00:00,16.3912619438749,NORMAL,18.45,19.84,23.07,16.7944,80.07247,KRSNWDP_2026-05-24T12:00:00+0000_16.3913
KRSNWDP,Krishna at Wadenepally,Krishna,2026-05-24 13:00:00+00:00,16.40509045177316,NORMAL,18.45,19.84,23.07,16.7944,80.07247,KRSNWDP_2026-05-24T13:00:00+0000_16.4051
KRSNWDP,Krishna at Wadenepally,Krishna,2026-05-24 14:00:00+00:00,16.499457090491315,NORMAL,18.45,19.84,23.07,16.7944,80.07247,KRSNWDP_2026-05-24T14:00:00+0000_16.4995
KRSNWDP,Krishna at Wadenepally,Krishna,2026-05-24 15:00:00+00:00,16.521102464124162,NORMAL,18.45,19.84,23.07,16.7944,80.07247,KRSNWDP_2026-05-24T15:00:00+0000_16.5211
KRSNWDP,Krishna at Wadenepally,Krishna,2026-05-24 16:00:00+00:00,16.51133470222894,NORMAL,18.45,19.84,23.07,16.7944,80.07247,KRSNWDP_2026-05-24T16:00:00+0000_16.5113
KRSNWDP,Krishna at Wadenepally,Krishna,2026-05-24 17:00:00+00:00,16.628955716769045,NORMAL,18.45,19.84,23.07,16.7944,80.07247,KRSNWDP_2026-05-24T17:00:00+0000_16.6290
KRSNWDP,Krishna at Wadenepally,Krishna,2026-05-24 18:00:00+00:00,16.593999258772,NORMAL,18.45,19.84,23.07,16.7944,80.07247,KRSNWDP_2026-05-24T18:00:00+0000_16.5940
KRSNWDP,Krishna at Wadenepally,Krishna,2026-05-24 19:00:00+00:00,16.68794505207264,NORMAL,18.45,19.84,23.07,16.7944,80.07247,KRSNWDP_2026-05-24T19:00:00+0000_16.6879
KRSNWDP,Krishna at Wadenepally,Krishna,2026-05-24 20:00:00+00:00,16.775572786409725,NORMAL,18.45,19.84,23.07,16.7944,80.07247,KRSNWDP_2026-05-24T20:00:00+0000_16.7756
KRSNWDP,Krishna at Wadenepally,Krishna,2026-05-24 21:00:00+00:00,16.811404542935843,NORMAL,18.45,19.84,23.07,16.7944,80.07247,KRSNWDP_2026-05-24T21:00:00+0000_16.8114
KRSNWDP,Krishna at Wadenepally,Krishna,2026-05-24 22:00:00+00:00,16.82460816688226,NORMAL,18.45,19.84,23.07,16.7944,80.07247,KRSNWDP_2026-05-24T22:00:00+0000_16.8246
KRSNWDP,Krishna at Wadenepally,Krishna,2026-05-24 23:00:00+00:00,16.760294200000367,NORMAL,18.45,19.84,23.07,16.7944,80.07247,KRSNWDP_2026-05-24T23:00:00+0000_16.7603
KRSNWDP,Krishna at Wadenepally,Krishna,2026-05-25 00:00:00+00:00,16.807299058836975,NORMAL,18.45,19.84,23.07,16.7944,80.07247,KRSNWDP_2026-05-25T00:00:00+0000_16.8073
KRSNWDP,Krishna at Wadenepally,Krishna,2026-05-25 01:00:00+00:00,16.766057203002692,NORMAL,18.45,19.84,23.07,16.7944,80.07247,KRSNWDP_2026-05-25T01:00:00+0000_16.7661
KRSNWDP,Krishna at Wadenepally,Krishna,2026-05-25 02:00:00+00:00,16.758764854456086,NORMAL,18.45,19.84,23.07,16.7944,80.07247,KRSNWDP_2026-05-25T02:00:00+0000_16.7588
KRSNWDP,Krishna at Wadenepally,Krishna,2026-05-25 03:00:00+00:00,16.737524609654066,NORMAL,18.45,19.84,23.07,16.7944,80.07247,KRSNWDP_2026-05-25T03:00:00+0000_16.7375
KRSNWDP,Krishna at Wadenepally,Krishna,2026-05-25 04:00:00+00:00,16.65497952597219,NORMAL,18.45,19.84,23.07,16.7944,80.07247,KRSNWDP_2026-05-25T04:00:00+0000_16.6550
KRSNWDP,Krishna at Wadenepally,Krishna,2026-05-25 05:00:00+00:00,16.66339050174007,NORMAL,18.45,19.84,23.07,16.7944,80.07247,KRSNWDP_2026-05-25T05:00:00+0000_16.6634
KRSNWDP,Krishna at Wadenepally,Krishna,2026-05-25 06:00:00+00:00,16.61962061935352,NORMAL,18.45,19.84,23.07,16.7944,80.07247,KRSNWDP_2026-05-25T06:00:00+0000_16.6196
KRSNWDP,Krishna at Wadenepally,Krishna,2026-05-25 07:00:00+00:00,16.532256527251516,NORMAL,18.45,19.84,23.07,16.7944,80.07247,KRSNWDP_2026-05-25T07:00:00+0000_16.5323
KRSNWDP,Krishna at Wadenepally,Krishna,2026-05-25 08:00:00+00:00,16.467055658845826,NORMAL,18.45,19.84,23.07,16.7944,80.07247,KRSNWDP_2026-05-25T08:00:00+0000_16.4671
KRSNWDP,Krishna at Wadenepally,Krishna,2026-05-25 09:00:00+00:00,16.442363605081532,NORMAL,18.45,19.84,23.07,16.7944,80.07247,KRSNWDP_2026-05-25T09:00:00+0000_16.4424
KRSNWDP,Krishna at Wadenepally,Krishna,2026-05-25 10:00:00+00:00,16.400052569670535,NORMAL,18.45,19.84,23.07,16.7944,80.07247,KRSNWDP_2026-05-25T10:00:00+0000_16.4001
KRSNWDP,Krishna at Wadenepally,Krishna,2026-05-25 11:00:00+00:00,16.431733506247106,NORMAL,18.45,19.84,23.07,16.7944,80.07247,KRSNWDP_2026-05-25T11:00:00+0000_16.4317
KRSNWDP,Krishna at Wadenepally,Krishna,2026-05-25 12:00:00+00:00,16.421228086171546,NORMAL,18.45,19.84,23.07,16.7944,80.07247,KRSNWDP_2026-05-25T12:00:00+0000_16.4212
KRSNWDP,Krishna at Wadenepally,Krishna,2026-05-25 13:00:00+00:00,16.47645809866245,NORMAL,18.45,19.84,23.07,16.7944,80.07247,KRSNWDP_2026-05-25T13:00:00+0000_16.4765
KRSNWDP,Krishna at Wadenepally,Krishna,2026-05-25 14:00:00+00:00,16.44730915847276,NORMAL,18.45,19.84,23.07,16.7944,80.07247,KRSNWDP_2026-05-25T14:00:00+0000_16.4473
KRSNWDP,Krishna at Wadenepally,Krishna,2026-05-25 15:00:00+00:00,16.532057350720155,NORMAL,18.45,19.84,23.07,16.7944,80.07247,KRSNWDP_2026-05-25T15:00:00+0000_16.5321
KRSNWDP,Krishna at Wadenepally,Krishna,2026-05-25 16:00:00+00:00,16.555171324043645,NORMAL,18.45,19.84,23.07,16.7944,80.07247,KRSNWDP_2026-05-25T16:00:00+0000_16.5552
KRSNWDP,Krishna at Wadenepally,Krishna,2026-05-25 17:00:00+00:00,16.573072244635828,NORMAL,18.45,19.84,23.07,16.7944,80.07247,KRSNWDP_2026-05-25T17:00:00+0000_16.5731
KRSNWDP,Krishna at Wadenepally,Krishna,2026-05-25 18:00:00+00:00,16.6805480971036,NORMAL,18.45,19.84,23.07,16.7944,80.07247,KRSNWDP_2026-05-25T18:00:00+0000_16.6805
KRSNWDP,Krishna at Wadenepally,Krishna,2026-05-25 19:00:00+00:00,16.72683507995442,NORMAL,18.45,19.84,23.07,16.7944,80.07247,KRSNWDP_2026-05-25T19:00:00+0000_16.7268
KRSNWDP,Krishna at Wadenepally,Krishna,2026-05-25 20:00:00+00:00,18.28621276361142,NORMAL,18.45,19.84,23.07,16.7944,80.07247,KRSNWDP_2026-05-25T20:00:00+0000_18.2862
KRSNWDP,Krishna at Wadenepally,Krishna,2026-05-25 21:00:00+00:00,18.13141780338764,NORMAL,18.45,19.84,23.07,16.7944,80.07247,KRSNWDP_2026-05-25T21:00:00+0000_18.1314
KRSNWDP,Krishna at Wadenepally,Krishna,2026-05-25 22:00:00+00:00,16.83731376833228,NORMAL,18.45,19.84,23.07,16.7944,80.07247,KRSNWDP_2026-05-25T22:00:00+0000_16.8373
KRSNWDP,Krishna at Wadenepally,Krishna,2026-05-25 23:00:00+00:00,16.801842487689704,NORMAL,18.45,19.84,23.07,16.7944,80.07247,KRSNWDP_2026-05-25T23:00:00+0000_16.8018
KRSNWDP,Krishna at Wadenepally,Krishna,2026-05-26 00:00:00+00:00,16.81659616688609,NORMAL,18.45,19.84,23.07,16.7944,80.07247,KRSNWDP_2026-05-26T00:00:00+0000_16.8166
KRSNWDP,Krishna at Wadenepally,Krishna,2026-05-26 01:00:00+00:00,16.745713702421433,NORMAL,18.45,19.84,23.07,16.7944,80.07247,KRSNWDP_2026-05-26T01:00:00+0000_16.7457
KRSNWDP,Krishna at Wadenepally,Krishna,2026-05-26 02:00:00+00:00,16.733366557761556,NORMAL,18.45,19.84,23.07,16.7944,80.07247,KRSNWDP_2026-05-26T02:00:00+0000_16.7334
KRSNWDP,Krishna at Wadenepally,Krishna,2026-05-26 03:00:00+00:00,16.768968475453438,NORMAL,18.45,19.84,23.07,16.7944,80.07247,KRSNWDP_2026-05-26T03:00:00+0000_16.7690
KRSNWDP,Krishna at Wadenepally,Krishna,2026-05-26 04:00:00+00:00,16.655886767698366,NORMAL,18.45,19.84,23.07,16.7944,80.07247,KRSNWDP_2026-05-26T04:00:00+0000_16.6559
KRSNWDP,Krishna at Wadenepally,Krishna,2026-05-26 05:00:00+00:00,16.658933162147424,NORMAL,18.45,19.84,23.07,16.7944,80.07247,KRSNWDP_2026-05-26T05:00:00+0000_16.6589
KRSNWDP,Krishna at Wadenepally,Krishna,2026-05-26 06:00:00+00:00,16.593728099893806,NORMAL,18.45,19.84,23.07,16.7944,80.07247,KRSNWDP_2026-05-26T06:00:00+0000_16.5937
KRSNWDP,Krishna at Wadenepally,Krishna,2026-05-26 07:00:00+00:00,16.54733666922494,NORMAL,18.45,19.84,23.07,16.7944,80.07247,KRSNWDP_2026-05-26T07:00:00+0000_16.5473
KRSNWDP,Krishna at Wadenepally,Krishna,2026-05-26 08:00:00+00:00,16.536733844405024,NORMAL,18.45,19.84,23.07,16.7944,80.07247,KRSNWDP_2026-05-26T08:00:00+0000_16.5367
KRSNWDP,Krishna at Wadenepally,Krishna,2026-05-26 09:00:00+00:00,16.501369139747606,NORMAL,18.45,19.84,23.07,16.7944,80.07247,KRSNWDP_2026-05-26T09:00:00+0000_16.5014
KRSNWDP,Krishna at Wadenepally,Krishna,2026-05-26 10:00:00+00:00,16.46261582587935,NORMAL,18.45,19.84,23.07,16.7944,80.07247,KRSNWDP_2026-05-26T10:00:00+0000_16.4626
KRSNWDP,Krishna at Wadenepally,Krishna,2026-05-26 11:00:00+00:00,16.428350111389634,NORMAL,18.45,19.84,23.07,16.7944,80.07247,KRSNWDP_2026-05-26T11:00:00+0000_16.4284
KRSNWDP,Krishna at Wadenepally,Krishna,2026-05-26 12:00:00+00:00,,,18.45,19.84,23.07,16.7944,80.07247,KRSNWDP_2026-05-26T12:00:00+0000_
KRSNWDP,Krishna at Wadenepally,Krishna,2026-05-26 13:00:00+00:00,16.401727791887804,NORMAL,18.45,19.84,23.07,16.7944,80.07247,KRSNWDP_2026-05-26T13:00:00+0000_16.4017
KRSNWDP,Krishna at Wadenepally,Krishna,2026-05-26 14:00:00+00:00,16.453201104499886,NORMAL,18.45,19.84,23.07,16.7944,80.07247,KRSNWDP_2026-05-26T14:00:00+0000_16.4532
KRSNWDP,Krishna at Wadenepally,Krishna,2026-05-26 15:00:00+00:00,16.51409765649402,NORMAL,18.45,19.84,23.07,16.7944,80.07247,KRSNWDP_2026-05-26T15:00:00+0000_16.5141
KRSNWDP,Krishna at Wadenepally,Krishna,2026-05-26 16:00:00+00:00,16.53141608046904,NORMAL,18.45,19.84,23.07,16.7944,80.07247,KRSNWDP_2026-05-26T16:00:00+0000_16.5314
KRSNWDP,Krishna at Wadenepally,Krishna,2026-05-26 17:00:00+00:00,16.602464175314974,NORMAL,18.45,19.84,23.07,16.7944,80.07247,KRSNWDP_2026-05-26T17:00:00+0000_16.6025
KRSNWDP,Krishna at Wadenepally,Krishna,2026-05-26 18:00:00+00:00,16.62985387372445,NORMAL,18.45,19.84,23.07,16.7944,80.07247,KRSNWDP_2026-05-26T18:00:00+0000_16.6299
KRSNWDP,Krishna at Wadenepally,Krishna,2026-05-26 19:00:00+00:00,16.66444739705961,NORMAL,18.45,19.84,23.07,16.7944,80.07247,KRSNWDP_2026-05-26T19:00:00+0000_16.6644
KRSNWDP,Krishna at Wadenepally,Krishna,2026-05-26 20:00:00+00:00,16.726985691575464,NORMAL,18.45,19.84,23.07,16.7944,80.07247,KRSNWDP_2026-05-26T20:00:00+0000_16.7270
KRSNWDP,Krishna at Wadenepally,Krishna,2026-05-26 21:00:00+00:00,16.745589857275395,NORMAL,18.45,19.84,23.07,16.7944,80.07247,KRSNWDP_2026-05-26T21:00:00+0000_16.7456
KRSNWDP,Krishna at Wadenepally,Krishna,2026-05-26 22:00:00+00:00,16.75009861021464,NORMAL,18.45,19.84,23.07,16.7944,80.07247,KRSNWDP_2026-05-26T22:00:00+0000_16.7501
KRSNWDP,Krishna at Wadenepally,Krishna,2026-05-26 23:00:00+00:00,16.77376053021434,NORMAL,18.45,19.84,23.07,16.7944,80.07247,KRSNWDP_2026-05-26T23:00:00+0000_16.7738
KRSNWDP,Krishna at Wadenepally,Krishna,2026-05-27 00:00:00+00:00,16.85226989069081,NORMAL,18.45,19.84,23.07,16.7944,80.07247,KRSNWDP_2026-05-27T00:00:00+0000_16.8523
KRSNWDP,Krishna at Wadenepally,Krishna,2026-05-27 01:00:00+00:00,16.772722518171346,NORMAL,18.45,19.84,23.07,16.7944,80.07247,KRSNWDP_2026-05-27T01:00:00+0000_16.7727
KRSNWDP,Krishna at Wadenepally,Krishna,2026-05-27 02:00:00+00:00,16.77118280888766,NORMAL,18.45,19.84,23.07,16.7944,80.07247,KRSNWDP_2026-05-27T02:00:00+0000_16.7712
KRSNWDP,Krishna at Wadenepally,Krishna,2026-05-27 03:00:00+00:00,16.743079284022084,NORMAL,18.45,19.84,23.07,16.7944,80.07247,KRSNWDP_2026-05-27T03:00:00+0000_16.7431
KRSNWDP,Krishna at Wadenepally,Krishna,2026-05-27 04:00:00+00:00,16.687452967639324,NORMAL,18.45,19.84,23.07,16.7944,80.07247,KRSNWDP_2026-05-27T04:00:00+0000_16.6875
KRSNWDP,Krishna at Wadenepally,Krishna,2026-05-27 05:00:00+00:00,16.634522912084766,NORMAL,18.45,19.84,23.07,16.7944,80.07247,KRSNWDP_2026-05-27T05:00:00+0000_16.6345
KRSNWDP,Krishna at Wadenepally,Krishna,2026-05-27 06:00:00+00:00,16.590196990243438,NORMAL,18.45,19.84,23.07,16.7944,80.07247,KRSNWDP_2026-05-27T06:00:00+0000_16.5902
KRSNWDP,Krishna at Wadenepally,Krishna,2026-05-27 07:00:00+00:00,16.512000214397975,NORMAL,18.45,19.84,23.07,16.7944,80.07247,KRSNWDP_2026-05-27T07:00:00+0000_16.5120
KRSNWDP,Krishna at Wadenepally,Krishna,2026-05-27 08:00:00+00:00,16.47676994593072,NORMAL,18.45,19.84,23.07,16.7944,80.07247,KRSNWDP_2026-05-27T08:00:00+0000_16.4768
KRSNWDP,Krishna at Wadenepally,Krishna,2026-05-27 09:00:00+00:00,16.486260214718357,NORMAL,18.45,19.84,23.07,16.7944,80.07247,KRSNWDP_2026-05-27T09:00:00+0000_16.4863
KRSNWDP,Krishna at Wadenepally,Krishna,2026-05-27 10:00:00+00:00,16.428447073689526,NORMAL,18.45,19.84,23.07,16.7944,80.07247,KRSNWDP_2026-05-27T10:00:00+0000_16.4284
KRSNWDP,Krishna at Wadenepally,Krishna,2026-05-27 11:00:00+00:00,16.463992236456903,NORMAL,18.45,19.84,23.07,16.7944,80.07247,KRSNWDP_2026-05-27T11:00:00+0000_16.4640
KRSNWDP,Krishna at Wadenepally,Krishna,2026-05-27 12:00:00+00:00,16.45147928769789,NORMAL,18.45,19.84,23.07,16.7944,80.07247,KRSNWDP_2026-05-27T12:00:00+0000_16.4515
KRSNWDP,Krishna at Wadenepally,Krishna,2026-05-27 13:00:00+00:00,16.47118688280803,NORMAL,18.45,19.84,23.07,16.7944,80.07247,KRSNWDP_2026-05-27T13:00:00+0000_16.4712
KRSNWDP,Krishna at Wadenepally,Krishna,2026-05-27 14:00:00+00:00,16.441866944456635,NORMAL,18.45,19.84,23.07,16.7944,80.07247,KRSNWDP_2026-05-27T14:00:00+0000_16.4419
KRSNWDP,Krishna at Wadenepally,Krishna,2026-05-27 15:00:00+00:00,16.5360407889848,NORMAL,18.45,19.84,23.07,16.7944,80.07247,KRSNWDP_2026-05-27T15:00:00+0000_16.5360
KRSNWDP,Krishna at Wadenepally,Krishna,2026-05-27 16:00:00+00:00,16.514543527393307,NORMAL,18.45,19.84,23.07,16.7944,80.07247,KRSNWDP_2026-05-27T16:00:00+0000_16.5145
KRSNWDP,Krishna at Wadenepally,Krishna,2026-05-27 17:00:00+00:00,16.620664568202347,NORMAL,18.45,19.84,23.07,16.7944,80.07247,KRSNWDP_2026-05-27T17:00:00+0000_16.6207
KRSNWDP,Krishna at Wadenepally,Krishna,2026-05-27 18:00:00+00:00,16.605208225315174,NORMAL,18.45,19.84,23.07,16.7944,80.07247,KRSNWDP_2026-05-27T18:00:00+0000_16.6052
KRSNWDP,Krishna at Wadenepally,Krishna,2026-05-27 19:00:00+00:00,16.67531924433839,NORMAL,18.45,19.84,23.07,16.7944,80.07247,KRSNWDP_2026-05-27T19:00:00+0000_16.6753
KRSNWDP,Krishna at Wadenepally,Krishna,2026-05-27 20:00:00+00:00,16.696786348124252,NORMAL,18.45,19.84,23.07,16.7944,80.07247,KRSNWDP_2026-05-27T20:00:00+0000_16.6968
KRSNWDP,Krishna at Wadenepally,Krishna,2026-05-27 21:00:00+00:00,16.736747567898394,NORMAL,18.45,19.84,23.07,16.7944,80.07247,KRSNWDP_2026-05-27T21:00:00+0000_16.7367
KRSNWDP,Krishna at Wadenepally,Krishna,2026-05-27 22:00:00+00:00,16.8416205096741,NORMAL,18.45,19.84,23.07,16.7944,80.07247,KRSNWDP_2026-05-27T22:00:00+0000_16.8416
KRSNWDP,Krishna at Wadenepally,Krishna,2026-05-27 23:00:00+00:00,16.860383994586655,NORMAL,18.45,19.84,23.07,16.7944,80.07247,KRSNWDP_2026-05-27T23:00:00+0000_16.8604
KRSNWDP,Krishna at Wadenepally,Krishna,2026-05-28 00:00:00+00:00,16.84630897175665,NORMAL,18.45,19.84,23.07,16.7944,80.07247,KRSNWDP_2026-05-28T00:00:00+0000_16.8463
KRSNWDP,Krishna at Wadenepally,Krishna,2026-05-28 01:00:00+00:00,16.809766226764253,NORMAL,18.45,19.84,23.07,16.7944,80.07247,KRSNWDP_2026-05-28T01:00:00+0000_16.8098
KRSNWDP,Krishna at Wadenepally,Krishna,2026-05-28 02:00:00+00:00,16.73677654799879,NORMAL,18.45,19.84,23.07,16.7944,80.07247,KRSNWDP_2026-05-28T02:00:00+0000_16.7368
KRSNWDP,Krishna at Wadenepally,Krishna,2026-05-28 03:00:00+00:00,16.751794202426044,NORMAL,18.45,19.84,23.07,16.7944,80.07247,KRSNWDP_2026-05-28T03:00:00+0000_16.7518
KRSNWDP,Krishna at Wadenepally,Krishna,2026-05-28 04:00:00+00:00,16.647387685516414,NORMAL,18.45,19.84,23.07,16.7944,80.07247,KRSNWDP_2026-05-28T04:00:00+0000_16.6474
KRSNWDP,Krishna at Wadenepally,Krishna,2026-05-28 05:00:00+00:00,16.669995708946562,NORMAL,18.45,19.84,23.07,16.7944,80.07247,KRSNWDP_2026-05-28T05:00:00+0000_16.6700
KRSNWDP,Krishna at Wadenepally,Krishna,2026-05-28 06:00:00+00:00,16.64040692530742,NORMAL,18.45,19.84,23.07,16.7944,80.07247,KRSNWDP_2026-05-28T06:00:00+0000_16.6404
KRSNWDP,Krishna at Wadenepally,Krishna,2026-05-28 07:00:00+00:00,16.5598271210125,NORMAL,18.45,19.84,23.07,16.7944,80.07247,KRSNWDP_2026-05-28T07:00:00+0000_16.5598
KRSNWDP,Krishna at Wadenepally,Krishna,2026-05-28 08:00:00+00:00,16.523583697365687,NORMAL,18.45,19.84,23.07,16.7944,80.07247,KRSNWDP_2026-05-28T08:00:00+0000_16.5236
KRSNWDP,Krishna at Wadenepally,Krishna,2026-05-28 09:00:00+00:00,16.461784161856652,NORMAL,18.45,19.84,23.07,16.7944,80.07247,KRSNWDP_2026-05-28T09:00:00+0000_16.4618
KRSNWDP,Krishna at Wadenepally,Krishna,2026-05-28 10:00:00+00:00,16.440266793624744,NORMAL,18.45,19.84,23.07,16.7944,80.07247,KRSNWDP_2026-05-28T10:00:00+0000_16.4403
KRSNWDP,Krishna at Wadenepally,Krishna,2026-05-28 11:00:00+00:00,16.479382307017566,NORMAL,18.45,19.84,23.07,16.7944,80.07247,KRSNWDP_2026-05-28T11:00:00+0000_16.4794
KRSNWDP,Krishna at Wadenepally,Krishna,2026-05-28 12:00:00+00:00,16.438320826649925,NORMAL,18.45,19.84,23.07,16.7944,80.07247,KRSNWDP_2026-05-28T12:00:00+0000_16.4383
KRSNWDP,Krishna at Wadenepally,Krishna,2026-05-28 13:00:00+00:00,16.42993968367016,NORMAL,18.45,19.84,23.07,16.7944,80.07247,KRSNWDP_2026-05-28T13:00:00+0000_16.4299
KRSNWDP,Krishna at Wadenepally,Krishna,2026-05-28 14:00:00+00:00,16.471312551618155,NORMAL,18.45,19.84,23.07,16.7944,80.07247,KRSNWDP_2026-05-28T14:00:00+0000_16.4713
KRSNWDP,Krishna at Wadenepally,Krishna,2026-05-28 15:00:00+00:00,16.552655903596875,NORMAL,18.45,19.84,23.07,16.7944,80.07247,KRSNWDP_2026-05-28T15:00:00+0000_16.5527
KRSNWDP,Krishna at Wadenepally,Krishna,2026-05-28 16:00:00+00:00,16.539469957224934,NORMAL,18.45,19.84,23.07,16.7944,80.07247,KRSNWDP_2026-05-28T16:00:00+0000_16.5395
KRSNWDP,Krishna at Wadenepally,Krishna,2026-05-28 17:00:00+00:00,16.61737699578979,NORMAL,18.45,19.84,23.07,16.7944,80.07247,KRSNWDP_2026-05-28T17:00:00+0000_16.6174
KRSNWDP,Krishna at Wadenepally,Krishna,2026-05-28 18:00:00+00:00,16.700942894469208,NORMAL,18.45,19.84,23.07,16.7944,80.07247,KRSNWDP_2026-05-28T18:00:00+0000_16.7009
KRSNWDP,Krishna at Wadenepally,Krishna,2026-05-28 19:00:00+00:00,16.68069919144199,NORMAL,18.45,19.84,23.07,16.7944,80.07247,KRSNWDP_2026-05-28T19:00:00+0000_16.6807
KRSNWDP,Krishna at Wadenepally,Krishna,2026-05-28 20:00:00+00:00,16.74496626722001,NORMAL,18.45,19.84,23.07,16.7944,80.07247,KRSNWDP_2026-05-28T20:00:00+0000_16.7450
KRSNWDP,Krishna at Wadenepally,Krishna,2026-05-28 21:00:00+00:00,16.74253992861669,NORMAL,18.45,19.84,23.07,16.7944,80.07247,KRSNWDP_2026-05-28T21:00:00+0000_16.7425
KRSNWDP,Krishna at Wadenepally,Krishna,2026-05-28 22:00:00+00:00,16.78411171854967,NORMAL,18.45,19.84,23.07,16.7944,80.07247,KRSNWDP_2026-05-28T22:00:00+0000_16.7841
KRSNWDP,Krishna at Wadenepally,Krishna,2026-05-28 23:00:00+00:00,16.815329404769102,NORMAL,18.45,19.84,23.07,16.7944,80.07247,KRSNWDP_2026-05-28T23:00:00+0000_16.8153
KRSNWDP,Krishna at Wadenepally,Krishna,2026-05-29 00:00:00+00:00,16.84739752696436,NORMAL,18.45,19.84,23.07,16.7944,80.07247,KRSNWDP_2026-05-29T00:00:00+0000_16.8474
KRSNWDP,Krishna at Wadenepally,Krishna,2026-05-29 01:00:00+00:00,16.84957373127539,NORMAL,18.45,19.84,23.07,16.7944,80.07247,KRSNWDP_2026-05-29T01:00:00+0000_16.8496
KRSNWDP,Krishna at Wadenepally,Krishna,2026-05-29 02:00:00+00:00,20.35103498846564,DANGER,18.45,19.84,23.07,16.7944,80.07247,KRSNWDP_2026-05-29T02:00:00+0000_20.3510
KRSNWDP,Krishna at Wadenepally,Krishna,2026-05-29 03:00:00+00:00,19.96817136318459,DANGER,18.45,19.84,23.07,16.7944,80.07247,KRSNWDP_2026-05-29T03:00:00+0000_19.9682
KRSNWDP,Krishna at Wadenepally,Krishna,2026-05-29 04:00:00+00:00,19.58847091835479,WARNING,18.45,19.84,23.07,16.7944,80.07247,KRSNWDP_2026-05-29T04:00:00+0000_19.5885
KRSNWDP,Krishna at Wadenepally,Krishna,2026-05-29 05:00:00+00:00,19.227917507122147,WARNING,18.45,19.84,23.07,16.7944,80.07247,KRSNWDP_2026-05-29T05:00:00+0000_19.2279
KRSNWDP,Krishna at Wadenepally,Krishna,2026-05-29 06:00:00+00:00,18.9919208789616,WARNING,18.45,19.84,23.07,16.7944,80.07247,KRSNWDP_2026-05-29T06:00:00+0000_18.9919
KRSNWDP,Krishna at Wadenepally,Krishna,2026-05-29 07:00:00+00:00,18.62718330994548,WARNING,18.45,19.84,23.07,16.7944,80.07247,KRSNWDP_2026-05-29T07:00:00+0000_18.6272
KRSNWDP,Krishna at Wadenepally,Krishna,2026-05-29 08:00:00+00:00,18.418694644696416,NORMAL,18.45,19.84,23.07,16.7944,80.07247,KRSNWDP_2026-05-29T08:00:00+0000_18.4187
KRSNWDP,Krishna at Wadenepally,Krishna,2026-05-29 09:00:00+00:00,16.462079625069446,NORMAL,18.45,19.84,23.07,16.7944,80.07247,KRSNWDP_2026-05-29T09:00:00+0000_16.4621
KRSNWDP,Krishna at Wadenepally,Krishna,2026-05-29 10:00:00+00:00,16.499578013334986,NORMAL,18.45,19.84,23.07,16.7944,80.07247,KRSNWDP_2026-05-29T10:00:00+0000_16.4996
KRSNWDP,Krishna at Wadenepally,Krishna,2026-05-29 11:00:00+00:00,16.40846541332715,NORMAL,18.45,19.84,23.07,16.7944,80.07247,KRSNWDP_2026-05-29T11:00:00+0000_16.4085
KRSNWDP,Krishna at Wadenepally,Krishna,2026-05-29 12:00:00+00:00,16.395333195751153,NORMAL,18.45,19.84,23.07,16.7944,80.07247,KRSNWDP_2026-05-29T12:00:00+0000_16.3953
KRSNWDP,Krishna at Wadenepally,Krishna,2026-05-29 13:00:00+00:00,16.494061841888573,NORMAL,18.45,19.84,23.07,16.7944,80.07247,KRSNWDP_2026-05-29T13:00:00+0000_16.4941
KRSNWDP,Krishna at Wadenepally,Krishna,2026-05-29 14:00:00+00:00,16.499814974301945,NORMAL,18.45,19.84,23.07,16.7944,80.07247,KRSNWDP_2026-05-29T14:00:00+0000_16.4998
KRSNWDP,Krishna at Wadenepally,Krishna,2026-05-29 15:00:00+00:00,16.546728088265645,NORMAL,18.45,19.84,23.07,16.7944,80.07247,KRSNWDP_2026-05-29T15:00:00+0000_16.5467
KRSNWDP,Krishna at Wadenepally,Krishna,2026-05-29 16:00:00+00:00,16.545226570790934,NORMAL,18.45,19.84,23.07,16.7944,80.07247,KRSNWDP_2026-05-29T16:00:00+0000_16.5452
KRSNWDP,Krishna at Wadenepally,Krishna,2026-05-29 17:00:00+00:00,16.620794651695444,NORMAL,18.45,19.84,23.07,16.7944,80.07247,KRSNWDP_2026-05-29T17:00:00+0000_16.6208
KRSNWDP,Krishna at Wadenepally,Krishna,2026-05-29 18:00:00+00:00,16.704578054779635,NORMAL,18.45,19.84,23.07,16.7944,80.07247,KRSNWDP_2026-05-29T18:00:00+0000_16.7046
KRSNWDP,Krishna at Wadenepally,Krishna,2026-05-29 19:00:00+00:00,16.73061372374812,NORMAL,18.45,19.84,23.07,16.7944,80.07247,KRSNWDP_2026-05-29T19:00:00+0000_16.7306
KRSNWDP,Krishna at Wadenepally,Krishna,2026-05-29 20:00:00+00:00,16.748690089355513,NORMAL,18.45,19.84,23.07,16.7944,80.07247,KRSNWDP_2026-05-29T20:00:00+0000_16.7487
KRSNWDP,Krishna at Wadenepally,Krishna,2026-05-29 21:00:00+00:00,16.819127600054713,NORMAL,18.45,19.84,23.07,16.7944,80.07247,KRSNWDP_2026-05-29T21:00:00+0000_16.8191
KRSNWDP,Krishna at Wadenepally,Krishna,2026-05-29 22:00:00+00:00,16.799898897440073,NORMAL,18.45,19.84,23.07,16.7944,80.07247,KRSNWDP_2026-05-29T22:00:00+0000_16.7999
KRSNWDP,Krishna at Wadenepally,Krishna,2026-05-29 23:00:00+00:00,16.789597940657117,NORMAL,18.45,19.84,23.07,16.7944,80.07247,KRSNWDP_2026-05-29T23:00:00+0000_16.7896
KRSNWDP,Krishna at Wadenepally,Krishna,2026-05-30 00:00:00+00:00,16.86008839158954,NORMAL,18.45,19.84,23.07,16.7944,80.07247,KRSNWDP_2026-05-30T00:00:00+0000_16.8601
KRSNWDP,Krishna at Wadenepally,Krishna,2026-05-30 01:00:00+00:00,16.81604340082635,NORMAL,18.45,19.84,23.07,16.7944,80.07247,KRSNWDP_2026-05-30T01:00:00+0000_16.8160
KRSNWDP,Krishna at Wadenepally,Krishna,2026-05-30 02:00:00+00:00,16.80467256915462,NORMAL,18.45,19.84,23.07,16.7944,80.07247,KRSNWDP_2026-05-30T02:00:00+0000_16.8047
KRSNWDP,Krishna at Wadenepally,Krishna,2026-05-30 03:00:00+00:00,16.744915974212276,NORMAL,18.45,19.84,23.07,16.7944,80.07247,KRSNWDP_2026-05-30T03:00:00+0000_16.7449
KRSNWDP,Krishna at Wadenepally,Krishna,2026-05-30 04:00:00+00:00,16.688521016514763,NORMAL,18.45,19.84,23.07,16.7944,80.07247,KRSNWDP_2026-05-30T04:00:00+0000_16.6885
KRSNWDP,Krishna at Wadenepally,Krishna,2026-05-30 05:00:00+00:00,16.65524282369718,NORMAL,18.45,19.84,23.07,16.7944,80.07247,KRSNWDP_2026-05-30T05:00:00+0000_16.6552
KRSNWDP,Krishna at Wadenepally,Krishna,2026-05-30 06:00:00+00:00,16.59660162589228,NORMAL,18.45,19.84,23.07,16.7944,80.07247,KRSNWDP_2026-05-30T06:00:00+0000_16.5966
KRSNWDP,Krishna at Wadenepally,Krishna,2026-05-30 07:00:00+00:00,16.553364636857197,NORMAL,18.45,19.84,23.07,16.7944,80.07247,KRSNWDP_2026-05-30T07:00:00+0000_16.5534
KRSNWDP,Krishna at Wadenepally,Krishna,2026-05-30 08:00:00+00:00,16.51670476927335,NORMAL,18.45,19.84,23.07,16.7944,80.07247,KRSNWDP_2026-05-30T08:00:00+0000_16.5167
KRSNWDP,Krishna at Wadenepally,Krishna,2026-05-30 09:00:00+00:00,16.484929128909275,NORMAL,18.45,19.84,23.07,16.7944,80.07247,KRSNWDP_2026-05-30T09:00:00+0000_16.4849
KRSNWDP,Krishna at Wadenepally,Krishna,2026-05-30 10:00:00+00:00,,,18.45,19.84,23.07,16.7944,80.07247,KRSNWDP_2026-05-30T10:00:00+0000_
KRSNWDP,Krishna at Wadenepally,Krishna,2026-05-30 11:00:00+00:00,16.45671235669335,NORMAL,18.45,19.84,23.07,16.7944,80.07247,KRSNWDP_2026-05-30T11:00:00+0000_16.4567
KRSNWDP,Krishna at Wadenepally,Krishna,2026-05-30 12:00:00+00:00,16.446584183020395,NORMAL,18.45,19.84,23.07,16.7944,80.07247,KRSNWDP_2026-05-30T12:00:00+0000_16.4466
KRSNWDP,Krishna at Wadenepally,Krishna,2026-05-30 13:00:00+00:00,16.447823375016775,NORMAL,18.45,19.84,23.07,16.7944,80.07247,KRSNWDP_2026-05-30T13:00:00+0000_16.4478
KRSNWDP,Krishna at Wadenepally,Krishna,2026-05-30 14:00:00+00:00,16.530892177623027,NORMAL,18.45,19.84,23.07,16.7944,80.07247,KRSNWDP_2026-05-30T14:00:00+0000_16.5309
KRSNWDP,Krishna at Wadenepally,Krishna,2026-05-30 15:00:00+00:00,16.53836404378469,NORMAL,18.45,19.84,23.07,16.7944,80.07247,KRSNWDP_2026-05-30T15:00:00+0000_16.5384
KRSNWDP,Krishna at Wadenepally,Krishna,2026-05-30 16:00:00+00:00,16.57775480847971,NORMAL,18.45,19.84,23.07,16.7944,80.07247,KRSNWDP_2026-05-30T16:00:00+0000_16.5778
KRSNWDP,Krishna at Wadenepally,Krishna,2026-05-30 17:00:00+00:00,18.14311644784262,NORMAL,18.45,19.84,23.07,16.7944,80.07247,KRSNWDP_2026-05-30T17:00:00+0000_18.1431
KRSNWDP,Krishna at Wadenepally,Krishna,2026-05-30 18:00:00+00:00,17.995750812678054,NORMAL,18.45,19.84,23.07,16.7944,80.07247,KRSNWDP_2026-05-30T18:00:00+0000_17.9958
KRSNWDP,Krishna at Wadenepally,Krishna,2026-05-30 19:00:00+00:00,17.99766607697573,NORMAL,18.45,19.84,23.07,16.7944,80.07247,KRSNWDP_2026-05-30T19:00:00+0000_17.9977
KRSNWDP,Krishna at Wadenepally,Krishna,2026-05-30 20:00:00+00:00,17.87339933747225,NORMAL,18.45,19.84,23.07,16.7944,80.07247,KRSNWDP_2026-05-30T20:00:00+0000_17.8734
KRSNWDP,Krishna at Wadenepally,Krishna,2026-05-30 21:00:00+00:00,17.84241399801161,NORMAL,18.45,19.84,23.07,16.7944,80.07247,KRSNWDP_2026-05-30T21:00:00+0000_17.8424
KRSNWDP,Krishna at Wadenepally,Krishna,2026-05-30 22:00:00+00:00,17.7346962046434,NORMAL,18.45,19.84,23.07,16.7944,80.07247,KRSNWDP_2026-05-30T22:00:00+0000_17.7347
KRSNWDP,Krishna at Wadenepally,Krishna,2026-05-30 23:00:00+00:00,16.8715744985115,NORMAL,18.45,19.84,23.07,16.7944,80.07247,KRSNWDP_2026-05-30T23:00:00+0000_16.8716
KRSNWDP,Krishna at Wadenepally,Krishna,2026-05-31 00:00:00+00:00,16.81250522031929,NORMAL,18.45,19.84,23.07,16.7944,80.07247,KRSNWDP_2026-05-31T00:00:00+0000_16.8125
KRSNWDP,Krishna at Wadenepally,Krishna,2026-05-31 01:00:00+00:00,16.827364326906913,NORMAL,18.45,19.84,23.07,16.7944,80.07247,KRSNWDP_2026-05-31T01:00:00+0000_16.8274
KRSNWDP,Krishna at Wadenepally,Krishna,2026-05-31 02:00:00+00:00,16.77390007924558,NORMAL,18.45,19.84,23.07,16.7944,80.07247,KRSNWDP_2026-05-31T02:00:00+0000_16.7739
KRSNWDP,Krishna at Wadenepally,Krishna,2026-05-31 03:00:00+00:00,16.74827544078169,NORMAL,18.45,19.84,23.07,16.7944,80.07247,KRSNWDP_2026-05-31T03:00:00+0000_16.7483
KRSNWDP,Krishna at Wadenepally,Krishna,2026-05-31 04:00:00+00:00,16.754293240067934,NORMAL,18.45,19.84,23.07,16.7944,80.07247,KRSNWDP_2026-05-31T04:00:00+0000_16.7543
KRSNWDP,Krishna at Wadenepally,Krishna,2026-05-31 05:00:00+00:00,16.682618328812083,NORMAL,18.45,19.84,23.07,16.7944,80.07247,KRSNWDP_2026-05-31T05:00:00+0000_16.6826
KRSNWDP,Krishna at Wadenepally,Krishna,2026-05-31 06:00:00+00:00,16.591841054517428,NORMAL,18.45,19.84,23.07,16.7944,80.07247,KRSNWDP_2026-05-31T06:00:00+0000_16.5918
KRSNWDP,Krishna at Wadenepally,Krishna,2026-05-31 07:00:00+00:00,16.56937314818692,NORMAL,18.45,19.84,23.07,16.7944,80.07247,KRSNWDP_2026-05-31T07:00:00+0000_16.5694
KRSNWDP,Krishna at Wadenepally,Krishna,2026-05-31 08:00:00+00:00,16.510192516706237,NORMAL,18.45,19.84,23.07,16.7944,80.07247,KRSNWDP_2026-05-31T08:00:00+0000_16.5102
KRSNWDP,Krishna at Wadenepally,Krishna,2026-05-31 09:00:00+00:00,16.438121094667675,NORMAL,18.45,19.84,23.07,16.7944,80.07247,KRSNWDP_2026-05-31T09:00:00+0000_16.4381
KRSNWDP,Krishna at Wadenepally,Krishna,2026-05-31 10:00:00+00:00,16.510688591854606,NORMAL,18.45,19.84,23.07,16.7944,80.07247,KRSNWDP_2026-05-31T10:00:00+0000_16.5107
KRSNWDP,Krishna at Wadenepally,Krishna,2026-05-31 11:00:00+00:00,16.40544660359222,NORMAL,18.45,19.84,23.07,16.7944,80.07247,KRSNWDP_2026-05-31T11:00:00+0000_16.4054
KRSNWDP,Krishna at Wadenepally,Krishna,2026-05-31 12:00:00+00:00,16.47406361524501,NORMAL,18.45,19.84,23.07,16.7944,80.07247,KRSNWDP_2026-05-31T12:00:00+0000_16.4741
KRSNWDP,Krishna at Wadenepally,Krishna,2026-05-31 13:00:00+00:00,16.433761064297357,NORMAL,18.45,19.84,23.07,16.7944,80.07247,KRSNWDP_2026-05-31T13:00:00+0000_16.4338
KRSNWDP,Krishna at Wadenepally,Krishna,2026-05-31 14:00:00+00:00,16.513732607437845,NORMAL,18.45,19.84,23.07,16.7944,80.07247,KRSNWDP_2026-05-31T14:00:00+0000_16.5137
KRSNWDP,Krishna at Wadenepally,Krishna,2026-05-31 15:00:00+00:00,16.50610612472586,NORMAL,18.45,19.84,23.07,16.7944,80.07247,KRSNWDP_2026-05-31T15:00:00+0000_16.5061
KRSNWDP,Krishna at Wadenepally,Krishna,2026-05-31 16:00:00+00:00,16.614121570862444,NORMAL,18.45,19.84,23.07,16.7944,80.07247,KRSNWDP_2026-05-31T16:00:00+0000_16.6141
KRSNWDP,Krishna at Wadenepally,Krishna,2026-05-31 17:00:00+00:00,16.645254772909396,NORMAL,18.45,19.84,23.07,16.7944,80.07247,KRSNWDP_2026-05-31T17:00:00+0000_16.6453
KRSNWDP,Krishna at Wadenepally,Krishna,2026-05-31 18:00:00+00:00,16.647354042870415,NORMAL,18.45,19.84,23.07,16.7944,80.07247,KRSNWDP_2026-05-31T18:00:00+0000_16.6474
KRSNWDP,Krishna at Wadenepally,Krishna,2026-05-31 19:00:00+00:00,16.70889098311459,NORMAL,18.45,19.84,23.07,16.7944,80.07247,KRSNWDP_2026-05-31T19:00:00+0000_16.7089
KRSNWDP,Krishna at Wadenepally,Krishna,2026-05-31 20:00:00+00:00,16.7344282470109,NORMAL,18.45,19.84,23.07,16.7944,80.07247,KRSNWDP_2026-05-31T20:00:00+0000_16.7344
KRSNWDP,Krishna at Wadenepally,Krishna,2026-05-31 21:00:00+00:00,16.813630364458287,NORMAL,18.45,19.84,23.07,16.7944,80.07247,KRSNWDP_2026-05-31T21:00:00+0000_16.8136
KRSNWDP,Krishna at Wadenepally,Krishna,2026-05-31 22:00:00+00:00,16.862869334718777,NORMAL,18.45,19.84,23.07,16.7944,80.07247,KRSNWDP_2026-05-31T22:00:00+0000_16.8629
KRSNWDP,Krishna at Wadenepally,Krishna,2026-05-31 23:00:00+00:00,16.874876138395052,NORMAL,18.45,19.84,23.07,16.7944,80.07247,KRSNWDP_2026-05-31T23:00:00+0000_16.8749
KRSNWDP,Krishna at Wadenepally,Krishna,2026-06-01 00:00:00+00:00,16.844413096488967,NORMAL,18.45,19.84,23.07,16.7944,80.07247,KRSNWDP_2026-06-01T00:00:00+0000_16.8444
KRSNWDP,Krishna at Wadenepally,Krishna,2026-06-01 01:00:00+00:00,16.78281486127348,NORMAL,18.45,19.84,23.07,16.7944,80.07247,KRSNWDP_2026-06-01T01:00:00+0000_16.7828
KRSNWDP,Krishna at Wadenepally,Krishna,2026-06-01 02:00:00+00:00,16.822577904119775,NORMAL,18.45,19.84,23.07,16.7944,80.07247,KRSNWDP_2026-06-01T02:00:00+0000_16.8226
KRSNWDP,Krishna at Wadenepally,Krishna,2026-06-01 03:00:00+00:00,16.789824987915956,NORMAL,18.45,19.84,23.07,16.7944,80.07247,KRSNWDP_2026-06-01T03:00:00+0000_16.7898
KRSNWDP,Krishna at Wadenepally,Krishna,2026-06-01 04:00:00+00:00,16.708974524355003,NORMAL,18.45,19.84,23.07,16.7944,80.07247,KRSNWDP_2026-06-01T04:00:00+0000_16.7090
KRSNWDP,Krishna at Wadenepally,Krishna,2026-06-01 05:00:00+00:00,16.710191457884825,NORMAL,18.45,19.84,23.07,16.7944,80.07247,KRSNWDP_2026-06-01T05:00:00+0000_16.7102
KRSNWDP,Krishna at Wadenepally,Krishna,2026-06-01 06:00:00+00:00,16.609927749881425,NORMAL,18.45,19.84,23.07,16.7944,80.07247,KRSNWDP_2026-06-01T06:00:00+0000_16.6099
KRSNWDP,Krishna at Wadenepally,Krishna,2026-06-01 07:00:00+00:00,16.556950829230676,NORMAL,18.45,19.84,23.07,16.7944,80.07247,KRSNWDP_2026-06-01T07:00:00+0000_16.5570
KRSNWDP,Krishna at Wadenepally,Krishna,2026-06-01 08:00:00+00:00,16.572263874615167,NORMAL,18.45,19.84,23.07,16.7944,80.07247,KRSNWDP_2026-06-01T08:00:00+0000_16.5723
KRSNWDP,Krishna at Wadenepally,Krishna,2026-06-01 09:00:00+00:00,16.448972969224396,NORMAL,18.45,19.84,23.07,16.7944,80.07247,KRSNWDP_2026-06-01T09:00:00+0000_16.4490
KRSNWDP,Krishna at Wadenepally,Krishna,2026-06-01 10:00:00+00:00,16.483567724627246,NORMAL,18.45,19.84,23.07,16.7944,80.07247,KRSNWDP_2026-06-01T10:00:00+0000_16.4836
KRSNWDP,Krishna at Wadenepally,Krishna,2026-06-01 11:00:00+00:00,,,18.45,19.84,23.07,16.7944,80.07247,KRSNWDP_2026-06-01T11:00:00+0000_
KRSNWDP,Krishna at Wadenepally,Krishna,2026-06-01 12:00:00+00:00,16.492833440930923,NORMAL,18.45,19.84,23.07,16.7944,80.07247,KRSNWDP_2026-06-01T12:00:00+0000_16.4928
KRSNWDP,Krishna at Wadenepally,Krishna,2026-06-01 13:00:00+00:00,16.50255358014301,NORMAL,18.45,19.84,23.07,16.7944,80.07247,KRSNWDP_2026-06-01T13:00:00+0000_16.5026
KRSNWDP,Krishna at Wadenepally,Krishna,2026-06-01 14:00:00+00:00,16.444855941726995,NORMAL,18.45,19.84,23.07,16.7944,80.07247,KRSNWDP_2026-06-01T14:00:00+0000_16.4449
KRSNWDP,Krishna at Wadenepally,Krishna,2026-06-01 15:00:00+00:00,16.508291192801536,NORMAL,18.45,19.84,23.07,16.7944,80.07247,KRSNWDP_2026-06-01T15:00:00+0000_16.5083
KRSNWDP,Krishna at Wadenepally,Krishna,2026-06-01 16:00:00+00:00,16.613752036431496,NORMAL,18.45,19.84,23.07,16.7944,80.07247,KRSNWDP_2026-06-01T16:00:00+0000_16.6138
KRSNWDP,Krishna at Wadenepally,Krishna,2026-06-01 17:00:00+00:00,16.6421881399793,NORMAL,18.45,19.84,23.07,16.7944,80.07247,KRSNWDP_2026-06-01T17:00:00+0000_16.6422
KRSNWDP,Krishna at Wadenepally,Krishna,2026-06-01 18:00:00+00:00,16.71583867869858,NORMAL,18.45,19.84,23.07,16.7944,80.07247,KRSNWDP_2026-06-01T18:00:00+0000_16.7158
KRSNWDP,Krishna at Wadenepally,Krishna,2026-06-01 19:00:00+00:00,16.764824159051816,NORMAL,18.45,19.84,23.07,16.7944,80.07247,KRSNWDP_2026-06-01T19:00:00+0000_16.7648
KRSNWDP,Krishna at Wadenepally,Krishna,2026-06-01 20:00:00+00:00,16.787459886112064,NORMAL,18.45,19.84,23.07,16.7944,80.07247,KRSNWDP_2026-06-01T20:00:00+0000_16.7875
KRSNWDP,Krishna at Wadenepally,Krishna,2026-06-01 21:00:00+00:00,16.762502861809892,NORMAL,18.45,19.84,23.07,16.7944,80.07247,KRSNWDP_2026-06-01T21:00:00+0000_16.7625
KRSNWDP,Krishna at Wadenepally,Krishna,2026-06-01 22:00:00+00:00,16.826699196660986,NORMAL,18.45,19.84,23.07,16.7944,80.07247,KRSNWDP_2026-06-01T22:00:00+0000_16.8267
KRSNWDP,Krishna at Wadenepally,Krishna,2026-06-01 23:00:00+00:00,16.837241270233974,NORMAL,18.45,19.84,23.07,16.7944,80.07247,KRSNWDP_2026-06-01T23:00:00+0000_16.8372
KRSNWDP,Krishna at Wadenepally,Krishna,2026-06-02 00:00:00+00:00,16.815230873862852,NORMAL,18.45,19.84,23.07,16.7944,80.07247,KRSNWDP_2026-06-02T00:00:00+0000_16.8152
KRSNWDP,Krishna at Wadenepally,Krishna,2026-06-02 01:00:00+00:00,16.86659765398474,NORMAL,18.45,19.84,23.07,16.7944,80.07247,KRSNWDP_2026-06-02T01:00:00+0000_16.8666
KRSNWDP,Krishna at Wadenepally,Krishna,2026-06-02 02:00:00+00:00,16.818732588428315,NORMAL,18.45,19.84,23.07,16.7944,80.07247,KRSNWDP_2026-06-02T02:00:00+0000_16.8187
KRSNWDP,Krishna at Wadenepally,Krishna,2026-06-02 03:00:00+00:00,16.756465186331692,NORMAL,18.45,19.84,23.07,16.7944,80.07247,KRSNWDP_2026-06-02T03:00:00+0000_16.7565
KRSNWDP,Krishna at Wadenepally,Krishna,2026-06-02 04:00:00+00:00,16.73763760885094,NORMAL,18.45,19.84,23.07,16.7944,80.07247,KRSNWDP_2026-06-02T04:00:00+0000_16.7376
KRSNWDP,Krishna at Wadenepally,Krishna,2026-06-02 05:00:00+00:00,16.7042825265996,NORMAL,18.45,19.84,23.07,16.7944,80.07247,KRSNWDP_2026-06-02T05:00:00+0000_16.7043
KRSNWDP,Krishna at Wadenepally,Krishna,2026-06-02 06:00:00+00:00,16.64002143729637,NORMAL,18.45,19.84,23.07,16.7944,80.07247,KRSNWDP_2026-06-02T06:00:00+0000_16.6400
KRSNWDP,Krishna at Wadenepally,Krishna,2026-06-02 07:00:00+00:00,16.594657911894043,NORMAL,18.45,19.84,23.07,16.7944,80.07247,KRSNWDP_2026-06-02T07:00:00+0000_16.5947
KRSNWDP,Krishna at Wadenepally,Krishna,2026-06-02 08:00:00+00:00,16.543943889404975,NORMAL,18.45,19.84,23.07,16.7944,80.07247,KRSNWDP_2026-06-02T08:00:00+0000_16.5439
KRSNWDP,Krishna at Wadenepally,Krishna,2026-06-02 09:00:00+00:00,16.47813686444792,NORMAL,18.45,19.84,23.07,16.7944,80.07247,KRSNWDP_2026-06-02T09:00:00+0000_16.4781
KRSNWDP,Krishna at Wadenepally,Krishna,2026-06-02 10:00:00+00:00,16.443797614800786,NORMAL,18.45,19.84,23.07,16.7944,80.07247,KRSNWDP_2026-06-02T10:00:00+0000_16.4438
KRSNWDP,Krishna at Wadenepally,Krishna,2026-06-02 11:00:00+00:00,16.4743411838022,NORMAL,18.45,19.84,23.07,16.7944,80.07247,KRSNWDP_2026-06-02T11:00:00+0000_16.4743
KRSNWDP,Krishna at Wadenepally,Krishna,2026-06-02 12:00:00+00:00,16.438512046047357,NORMAL,18.45,19.84,23.07,16.7944,80.07247,KRSNWDP_2026-06-02T12:00:00+0000_16.4385
KRSNWDP,Krishna at Wadenepally,Krishna,2026-06-02 13:00:00+00:00,16.424900689245554,NORMAL,18.45,19.84,23.07,16.7944,80.07247,KRSNWDP_2026-06-02T13:00:00+0000_16.4249
KRSNWDP,Krishna at Wadenepally,Krishna,2026-06-02 14:00:00+00:00,16.530099944934296,NORMAL,18.45,19.84,23.07,16.7944,80.07247,KRSNWDP_2026-06-02T14:00:00+0000_16.5301
KRSNWDP,Krishna at Wadenepally,Krishna,2026-06-02 15:00:00+00:00,16.547474616105,NORMAL,18.45,19.84,23.07,16.7944,80.07247,KRSNWDP_2026-06-02T15:00:00+0000_16.5475
KRSNWDP,Krishna at Wadenepally,Krishna,2026-06-02 16:00:00+00:00,16.53984358252973,NORMAL,18.45,19.84,23.07,16.7944,80.07247,KRSNWDP_2026-06-02T16:00:00+0000_16.5398
KRSNWDP,Krishna at Wadenepally,Krishna,2026-06-02 17:00:00+00:00,16.615409962395123,NORMAL,18.45,19.84,23.07,16.7944,80.07247,KRSNWDP_2026-06-02T17:00:00+0000_16.6154
KRSNWDP,Krishna at Wadenepally,Krishna,2026-06-02 18:00:00+00:00,16.688297276022215,NORMAL,18.45,19.84,23.07,16.7944,80.07247,KRSNWDP_2026-06-02T18:00:00+0000_16.6883
KRSNWDP,Krishna at Wadenepally,Krishna,2026-06-02 19:00:00+00:00,16.749259478209137,NORMAL,18.45,19.84,23.07,16.7944,80.07247,KRSNWDP_2026-06-02T19:00:00+0000_16.7493
KRSNWDP,Krishna at Wadenepally,Krishna,2026-06-02 20:00:00+00:00,16.737270112602655,NORMAL,18.45,19.84,23.07,16.7944,80.07247,KRSNWDP_2026-06-02T20:00:00+0000_16.7373
KRSNWDP,Krishna at Wadenepally,Krishna,2026-06-02 21:00:00+00:00,16.76612070078376,NORMAL,18.45,19.84,23.07,16.7944,80.07247,KRSNWDP_2026-06-02T21:00:00+0000_16.7661
KRSNWDP,Krishna at Wadenepally,Krishna,2026-06-02 22:00:00+00:00,16.856105457450973,NORMAL,18.45,19.84,23.07,16.7944,80.07247,KRSNWDP_2026-06-02T22:00:00+0000_16.8561
KRSNWDP,Krishna at Wadenepally,Krishna,2026-06-02 23:00:00+00:00,16.831380036524028,NORMAL,18.45,19.84,23.07,16.7944,80.07247,KRSNWDP_2026-06-02T23:00:00+0000_16.8314
KRSNWDP,Krishna at Wadenepally,Krishna,2026-06-03 00:00:00+00:00,16.81555678007813,NORMAL,18.45,19.84,23.07,16.7944,80.07247,KRSNWDP_2026-06-03T00:00:00+0000_16.8156
KRSNWDP,Krishna at Wadenepally,Krishna,2026-06-03 01:00:00+00:00,16.833709168803782,NORMAL,18.45,19.84,23.07,16.7944,80.07247,KRSNWDP_2026-06-03T01:00:00+0000_16.8337
KRSNWDP,Krishna at Wadenepally,Krishna,2026-06-03 02:00:00+00:00,16.778510180870718,NORMAL,18.45,19.84,23.07,16.7944,80.07247,KRSNWDP_2026-06-03T02:00:00+0000_16.7785
KRSNWDP,Krishna at Wadenepally,Krishna,2026-06-03 03:00:00+00:00,16.795035349617304,NORMAL,18.45,19.84,23.07,16.7944,80.07247,KRSNWDP_2026-06-03T03:00:00+0000_16.7950
KRSNWDP,Krishna at Wadenepally,Krishna,2026-06-03 04:00:00+00:00,16.70410261255685,NORMAL,18.45,19.84,23.07,16.7944,80.07247,KRSNWDP_2026-06-03T04:00:00+0000_16.7041
KRSNWDP,Krishna at Wadenepally,Krishna,2026-06-03 05:00:00+00:00,16.697999705656063,NORMAL,18.45,19.84,23.07,16.7944,80.07247,KRSNWDP_2026-06-03T05:00:00+0000_16.6980
KRSNWDP,Krishna at Wadenepally,Krishna,2026-06-03 06:00:00+00:00,16.613862785464768,NORMAL,18.45,19.84,23.07,16.7944,80.07247,KRSNWDP_2026-06-03T06:00:00+0000_16.6139
KRSNWDP,Krishna at Wadenepally,Krishna,2026-06-03 07:00:00+00:00,16.550829440819307,NORMAL,18.45,19.84,23.07,16.7944,80.07247,KRSNWDP_2026-06-03T07:00:00+0000_16.5508
KRSNWDP,Krishna at Wadenepally,Krishna,2026-06-03 08:00:00+00:00,16.515084237567446,NORMAL,18.45,19.84,23.07,16.7944,80.07247,KRSNWDP_2026-06-03T08:00:00+0000_16.5151
KRSNWDP,Krishna at Wadenepally,Krishna,2026-06-03 09:00:00+00:00,16.44530298097342,NORMAL,18.45,19.84,23.07,16.7944,80.07247,KRSNWDP_2026-06-03T09:00:00+0000_16.4453
KRSNWDP,Krishna at Wadenepally,Krishna,2026-06-03 10:00:00+00:00,16.50281310112207,NORMAL,18.45,19.84,23.07,16.7944,80.07247,KRSNWDP_2026-06-03T10:00:00+0000_16.5028
KRSNWDP,Krishna at Wadenepally,Krishna,2026-06-03 11:00:00+00:00,16.43322566562478,NORMAL,18.45,19.84,23.07,16.7944,80.07247,KRSNWDP_2026-06-03T11:00:00+0000_16.4332
KRSNWDP,Krishna at Wadenepally,Krishna,2026-06-03 12:00:00+00:00,16.444766546037226,NORMAL,18.45,19.84,23.07,16.7944,80.07247,KRSNWDP_2026-06-03T12:00:00+0000_16.4448
KRSNWDP,Krishna at Wadenepally,Krishna,2026-06-03 13:00:00+00:00,16.52073721560525,NORMAL,18.45,19.84,23.07,16.7944,80.07247,KRSNWDP_2026-06-03T13:00:00+0000_16.5207
KRSNWDP,Krishna at Wadenepally,Krishna,2026-06-03 14:00:00+00:00,16.475905827391273,NORMAL,18.45,19.84,23.07,16.7944,80.07247,KRSNWDP_2026-06-03T14:00:00+0000_16.4759
KRSNWDP,Krishna at Wadenepally,Krishna,2026-06-03 15:00:00+00:00,16.492601396826352,NORMAL,18.45,19.84,23.07,16.7944,80.07247,KRSNWDP_2026-06-03T15:00:00+0000_16.4926
KRSNWDP,Krishna at Wadenepally,Krishna,2026-06-03 16:00:00+00:00,16.57829183358187,NORMAL,18.45,19.84,23.07,16.7944,80.07247,KRSNWDP_2026-06-03T16:00:00+0000_16.5783
KRSNWDP,Krishna at Wadenepally,Krishna,2026-06-03 17:00:00+00:00,16.63725550674569,NORMAL,18.45,19.84,23.07,16.7944,80.07247,KRSNWDP_2026-06-03T17:00:00+0000_16.6373
KRSNWDP,Krishna at Wadenepally,Krishna,2026-06-03 18:00:00+00:00,16.71347658456966,NORMAL,18.45,19.84,23.07,16.7944,80.07247,KRSNWDP_2026-06-03T18:00:00+0000_16.7135
KRSNWDP,Krishna at Wadenepally,Krishna,2026-06-03 19:00:00+00:00,16.703383452688644,NORMAL,18.45,19.84,23.07,16.7944,80.07247,KRSNWDP_2026-06-03T19:00:00+0000_16.7034
KRSNWDP,Krishna at Wadenepally,Krishna,2026-06-03 20:00:00+00:00,16.800658378585926,NORMAL,18.45,19.84,23.07,16.7944,80.07247,KRSNWDP_2026-06-03T20:00:00+0000_16.8007
KRSNWDP,Krishna at Wadenepally,Krishna,2026-06-03 21:00:00+00:00,16.760829314910737,NORMAL,18.45,19.84,23.07,16.7944,80.07247,KRSNWDP_2026-06-03T21:00:00+0000_16.7608
KRSNWDP,Krishna at Wadenepally,Krishna,2026-06-03 22:00:00+00:00,16.85077374359667,NORMAL,18.45,19.84,23.07,16.7944,80.07247,KRSNWDP_2026-06-03T22:00:00+0000_16.8508
KRSNWDP,Krishna at Wadenepally,Krishna,2026-06-03 23:00:00+00:00,16.884614028481508,NORMAL,18.45,19.84,23.07,16.7944,80.07247,KRSNWDP_2026-06-03T23:00:00+0000_16.8846
KRSNWDP,Krishna at Wadenepally,Krishna,2026-06-04 00:00:00+00:00,16.874565396676722,NORMAL,18.45,19.84,23.07,16.7944,80.07247,KRSNWDP_2026-06-04T00:00:00+0000_16.8746
KRSNWDP,Krishna at Wadenepally,Krishna,2026-06-04 01:00:00+00:00,16.78432162767964,NORMAL,18.45,19.84,23.07,16.7944,80.07247,KRSNWDP_2026-06-04T01:00:00+0000_16.7843
KRSNWDP,Krishna at Wadenepally,Krishna,2026-06-04 02:00:00+00:00,16.781200706638188,NORMAL,18.45,19.84,23.07,16.7944,80.07247,KRSNWDP_2026-06-04T02:00:00+0000_16.7812
KRSNWDP,Krishna at Wadenepally,Krishna,2026-06-04 03:00:00+00:00,16.773808896254096,NORMAL,18.45,19.84,23.07,16.7944,80.07247,KRSNWDP_2026-06-04T03:00:00+0000_16.7738
KRSNWDP,Krishna at Wadenepally,Krishna,2026-06-04 04:00:00+00:00,16.762548047858377,NORMAL,18.45,19.84,23.07,16.7944,80.07247,KRSNWDP_2026-06-04T04:00:00+0000_16.7625
KRSNWDP,Krishna at Wadenepally,Krishna,2026-06-04 05:00:00+00:00,16.685881662577877,NORMAL,18.45,19.84,23.07,16.7944,80.07247,KRSNWDP_2026-06-04T05:00:00+0000_16.6859
KRSNWDP,Krishna at Wadenepally,Krishna,2026-06-04 06:00:00+00:00,16.574984707935204,NORMAL,18.45,19.84,23.07,16.7944,80.07247,KRSNWDP_2026-06-04T06:00:00+0000_16.5750
KRSNWDP,Krishna at Wadenepally,Krishna,2026-06-04 07:00:00+00:00,16.57801209838118,NORMAL,18.45,19.84,23.07,16.7944,80.07247,KRSNWDP_2026-06-04T07:00:00+0000_16.5780
KRSNWDP,Krishna at Wadenepally,Krishna,2026-06-04 08:00:00+00:00,16.514741801698683,NORMAL,18.45,19.84,23.07,16.7944,80.07247,KRSNWDP_2026-06-04T08:00:00+0000_16.5147
KRSNWDP,Krishna at Wadenepally,Krishna,2026-06-04 09:00:00+00:00,16.520755142341482,NORMAL,18.45,19.84,23.07,16.7944,80.07247,KRSNWDP_2026-06-04T09:00:00+0000_16.5208
KRSNWDP,Krishna at Wadenepally,Krishna,2026-06-04 10:00:00+00:00,16.455126042816023,NORMAL,18.45,19.84,23.07,16.7944,80.07247,KRSNWDP_2026-06-04T10:00:00+0000_16.4551
KRSNWDP,Krishna at Wadenepally,Krishna,2026-06-04 11:00:00+00:00,16.474826024238435,NORMAL,18.45,19.84,23.07,16.7944,80.07247,KRSNWDP_2026-06-04T11:00:00+0000_16.4748
KRSNWDP,Krishna at Wadenepally,Krishna,2026-06-04 12:00:00+00:00,16.49203235749117,NORMAL,18.45,19.84,23.07,16.7944,80.07247,KRSNWDP_2026-06-04T12:00:00+0000_16.4920
KRSNWDP,Krishna at Wadenepally,Krishna,2026-06-04 13:00:00+00:00,16.46849845179066,NORMAL,18.45,19.84,23.07,16.7944,80.07247,KRSNWDP_2026-06-04T13:00:00+0000_16.4685
KRSNWDP,Krishna at Wadenepally,Krishna,2026-06-04 14:00:00+00:00,16.48143955014353,NORMAL,18.45,19.84,23.07,16.7944,80.07247,KRSNWDP_2026-06-04T14:00:00+0000_16.4814
KRSNWDP,Krishna at Wadenepally,Krishna,2026-06-04 15:00:00+00:00,16.567959655000795,NORMAL,18.45,19.84,23.07,16.7944,80.07247,KRSNWDP_2026-06-04T15:00:00+0000_16.5680
KRSNWDP,Krishna at Wadenepally,Krishna,2026-06-04 16:00:00+00:00,16.58140040487125,NORMAL,18.45,19.84,23.07,16.7944,80.07247,KRSNWDP_2026-06-04T16:00:00+0000_16.5814
KRSNWDP,Krishna at Wadenepally,Krishna,2026-06-04 17:00:00+00:00,16.619800665153605,NORMAL,18.45,19.84,23.07,16.7944,80.07247,KRSNWDP_2026-06-04T17:00:00+0000_16.6198
KRSNWDP,Krishna at Wadenepally,Krishna,2026-06-04 18:00:00+00:00,16.682332928028547,NORMAL,18.45,19.84,23.07,16.7944,80.07247,KRSNWDP_2026-06-04T18:00:00+0000_16.6823
KRSNWDP,Krishna at Wadenepally,Krishna,2026-06-04 19:00:00+00:00,16.716958121084023,NORMAL,18.45,19.84,23.07,16.7944,80.07247,KRSNWDP_2026-06-04T19:00:00+0000_16.7170
KRSNWDP,Krishna at Wadenepally,Krishna,2026-06-04 20:00:00+00:00,16.81830317101963,NORMAL,18.45,19.84,23.07,16.7944,80.07247,KRSNWDP_2026-06-04T20:00:00+0000_16.8183
KRSNWDP,Krishna at Wadenepally,Krishna,2026-06-04 21:00:00+00:00,16.810231374641496,NORMAL,18.45,19.84,23.07,16.7944,80.07247,KRSNWDP_2026-06-04T21:00:00+0000_16.8102
KRSNWDP,Krishna at Wadenepally,Krishna,2026-06-04 22:00:00+00:00,16.84023796526423,NORMAL,18.45,19.84,23.07,16.7944,80.07247,KRSNWDP_2026-06-04T22:00:00+0000_16.8402
KRSNWDP,Krishna at Wadenepally,Krishna,2026-06-04 23:00:00+00:00,16.871556653197135,NORMAL,18.45,19.84,23.07,16.7944,80.07247,KRSNWDP_2026-06-04T23:00:00+0000_16.8716
KRSNWDP,Krishna at Wadenepally,Krishna,2026-06-05 00:00:00+00:00,16.812347806473568,NORMAL,18.45,19.84,23.07,16.7944,80.07247,KRSNWDP_2026-06-05T00:00:00+0000_16.8123
KRSNWDP,Krishna at Wadenepally,Krishna,2026-06-05 01:00:00+00:00,16.785199688339436,NORMAL,18.45,19.84,23.07,16.7944,80.07247,KRSNWDP_2026-06-05T01:00:00+0000_16.7852
KRSNWDP,Krishna at Wadenepally,Krishna,2026-06-05 02:00:00+00:00,16.766937982317256,NORMAL,18.45,19.84,23.07,16.7944,80.07247,KRSNWDP_2026-06-05T02:00:00+0000_16.7669
KRSNWDP,Krishna at Wadenepally,Krishna,2026-06-05 03:00:00+00:00,16.764782945100947,NORMAL,18.45,19.84,23.07,16.7944,80.07247,KRSNWDP_2026-06-05T03:00:00+0000_16.7648
KRSNWDP,Krishna at Wadenepally,Krishna,2026-06-05 04:00:00+00:00,16.734388543408333,NORMAL,18.45,19.84,23.07,16.7944,80.07247,KRSNWDP_2026-06-05T04:00:00+0000_16.7344
KRSNWDP,Krishna at Wadenepally,Krishna,2026-06-05 05:00:00+00:00,16.644764460608524,NORMAL,18.45,19.84,23.07,16.7944,80.07247,KRSNWDP_2026-06-05T05:00:00+0000_16.6448
KRSNWDP,Krishna at Wadenepally,Krishna,2026-06-05 06:00:00+00:00,16.623378801308768,NORMAL,18.45,19.84,23.07,16.7944,80.07247,KRSNWDP_2026-06-05T06:00:00+0000_16.6234
KRSNWDP,Krishna at Wadenepally,Krishna,2026-06-05 07:00:00+00:00,16.54611169202276,NORMAL,18.45,19.84,23.07,16.7944,80.07247,KRSNWDP_2026-06-05T07:00:00+0000_16.5461
KRSNWDP,Krishna at Wadenepally,Krishna,2026-06-05 08:00:00+00:00,,,18.45,19.84,23.07,16.7944,80.07247,KRSNWDP_2026-06-05T08:00:00+0000_
KRSNWDP,Krishna at Wadenepally,Krishna,2026-06-05 09:00:00+00:00,16.53874574941612,NORMAL,18.45,19.84,23.07,16.7944,80.07247,KRSNWDP_2026-06-05T09:00:00+0000_16.5387
KRSNWDP,Krishna at Wadenepally,Krishna,2026-06-05 10:00:00+00:00,16.44216948210788,NORMAL,18.45,19.84,23.07,16.7944,80.07247,KRSNWDP_2026-06-05T10:00:00+0000_16.4422
KRSNWDP,Krishna at Wadenepally,Krishna,2026-06-05 11:00:00+00:00,16.451318417745824,NORMAL,18.45,19.84,23.07,16.7944,80.07247,KRSNWDP_2026-06-05T11:00:00+0000_16.4513
KRSNWDP,Krishna at Wadenepally,Krishna,2026-06-05 12:00:00+00:00,16.452322516286717,NORMAL,18.45,19.84,23.07,16.7944,80.07247,KRSNWDP_2026-06-05T12:00:00+0000_16.4523
KRSNWDP,Krishna at Wadenepally,Krishna,2026-06-05 13:00:00+00:00,16.525445030049056,NORMAL,18.45,19.84,23.07,16.7944,80.07247,KRSNWDP_2026-06-05T13:00:00+0000_16.5254
KRSNWDP,Krishna at Wadenepally,Krishna,2026-06-05 14:00:00+00:00,16.525652795890103,NORMAL,18.45,19.84,23.07,16.7944,80.07247,KRSNWDP_2026-06-05T14:00:00+0000_16.5257
KRSNWDP,Krishna at Wadenepally,Krishna,2026-06-05 15:00:00+00:00,16.494109313478003,NORMAL,18.45,19.84,23.07,16.7944,80.07247,KRSNWDP_2026-06-05T15:00:00+0000_16.4941
KRSNWDP,Krishna at Wadenepally,Krishna,2026-06-05 16:00:00+00:00,16.587537341436114,NORMAL,18.45,19.84,23.07,16.7944,80.07247,KRSNWDP_2026-06-05T16:00:00+0000_16.5875
KRSNWDP,Krishna at Wadenepally,Krishna,2026-06-05 17:00:00+00:00,16.627924133072373,NORMAL,18.45,19.84,23.07,16.7944,80.07247,KRSNWDP_2026-06-05T17:00:00+0000_16.6279
KRSNWDP,Krishna at Wadenepally,Krishna,2026-06-05 18:00:00+00:00,16.715577989499423,NORMAL,18.45,19.84,23.07,16.7944,80.07247,KRSNWDP_2026-06-05T18:00:00+0000_16.7156
KRSNWDP,Krishna at Wadenepally,Krishna,2026-06-05 19:00:00+00:00,16.7164136057677,NORMAL,18.45,19.84,23.07,16.7944,80.07247,KRSNWDP_2026-06-05T19:00:00+0000_16.7164
KRSNWDP,Krishna at Wadenepally,Krishna,2026-06-05 20:00:00+00:00,16.76121592375807,NORMAL,18.45,19.84,23.07,16.7944,80.07247,KRSNWDP_2026-06-05T20:00:00+0000_16.7612
KRSNWDP,Krishna at Wadenepally,Krishna,2026-06-05 21:00:00+00:00,16.844691109196834,NORMAL,18.45,19.84,23.07,16.7944,80.07247,KRSNWDP_2026-06-05T21:00:00+0000_16.8447
KRSNWDP,Krishna at Wadenepally,Krishna,2026-06-05 22:00:00+00:00,16.803065521934993,NORMAL,18.45,19.84,23.07,16.7944,80.07247,KRSNWDP_2026-06-05T22:00:00+0000_16.8031
KRSNWDP,Krishna at Wadenepally,Krishna,2026-06-05 23:00:00+00:00,16.853061753751938,NORMAL,18.45,19.84,23.07,16.7944,80.07247,KRSNWDP_2026-06-05T23:00:00+0000_16.8531
KRSNWDP,Krishna at Wadenepally,Krishna,2026-06-06 00:00:00+00:00,16.80201853312329,NORMAL,18.45,19.84,23.07,16.7944,80.07247,KRSNWDP_2026-06-06T00:00:00+0000_16.8020
KRSNWDP,Krishna at Wadenepally,Krishna,2026-06-06 01:00:00+00:00,16.834551517913795,NORMAL,18.45,19.84,23.07,16.7944,80.07247,KRSNWDP_2026-06-06T01:00:00+0000_16.8346
KRSNWDP,Krishna at Wadenepally,Krishna,2026-06-06 02:00:00+00:00,16.834063903589886,NORMAL,18.45,19.84,23.07,16.7944,80.07247,KRSNWDP_2026-06-06T02:00:00+0000_16.8341
KRSNWDP,Krishna at Wadenepally,Krishna,2026-06-06 03:00:00+00:00,16.75110774252377,NORMAL,18.45,19.84,23.07,16.7944,80.07247,KRSNWDP_2026-06-06T03:00:00+0000_16.7511
KRSNWDP,Krishna at Wadenepally,Krishna,2026-06-06 04:00:00+00:00,16.7380354577238,NORMAL,18.45,19.84,23.07,16.7944,80.07247,KRSNWDP_2026-06-06T04:00:00+0000_16.7380
KRSNWDP,Krishna at Wadenepally,Krishna,2026-06-06 05:00:00+00:00,16.697627846981813,NORMAL,18.45,19.84,23.07,16.7944,80.07247,KRSNWDP_2026-06-06T05:00:00+0000_16.6976
KRSNWDP,Krishna at Wadenepally,Krishna,2026-06-06 06:00:00+00:00,16.605931831835495,NORMAL,18.45,19.84,23.07,16.7944,80.07247,KRSNWDP_2026-06-06T06:00:00+0000_16.6059
KRSNWDP,Krishna at Wadenepally,Krishna,2026-06-06 07:00:00+00:00,16.564247480984076,NORMAL,18.45,19.84,23.07,16.7944,80.07247,KRSNWDP_2026-06-06T07:00:00+0000_16.5642
KRSNWDP,Krishna at Wadenepally,Krishna,2026-06-06 08:00:00+00:00,16.575926084971766,NORMAL,18.45,19.84,23.07,16.7944,80.07247,KRSNWDP_2026-06-06T08:00:00+0000_16.5759
KRSNWDP,Krishna at Wadenepally,Krishna,2026-06-06 09:00:00+00:00,16.502394813982335,NORMAL,18.45,19.84,23.07,16.7944,80.07247,KRSNWDP_2026-06-06T09:00:00+0000_16.5024
KRSNWDP,Krishna at Wadenepally,Krishna,2026-06-06 10:00:00+00:00,16.467254521197606,NORMAL,18.45,19.84,23.07,16.7944,80.07247,KRSNWDP_2026-06-06T10:00:00+0000_16.4673
KRSNWDP,Krishna at Wadenepally,Krishna,2026-06-06 11:00:00+00:00,16.490508761596786,NORMAL,18.45,19.84,23.07,16.7944,80.07247,KRSNWDP_2026-06-06T11:00:00+0000_16.4905
KRSNWDP,Krishna at Wadenepally,Krishna,2026-06-06 12:00:00+00:00,16.455733117703556,NORMAL,18.45,19.84,23.07,16.7944,80.07247,KRSNWDP_2026-06-06T12:00:00+0000_16.4557
KRSNWDP,Krishna at Wadenepally,Krishna,2026-06-06 13:00:00+00:00,16.442875926083826,NORMAL,18.45,19.84,23.07,16.7944,80.07247,KRSNWDP_2026-06-06T13:00:00+0000_16.4429
KRSNWDP,Krishna at Wadenepally,Krishna,2026-06-06 14:00:00+00:00,16.488526814997886,NORMAL,18.45,19.84,23.07,16.7944,80.07247,KRSNWDP_2026-06-06T14:00:00+0000_16.4885
KRSNWDP,Krishna at Wadenepally,Krishna,2026-06-06 15:00:00+00:00,16.518629990985765,NORMAL,18.45,19.84,23.07,16.7944,80.07247,KRSNWDP_2026-06-06T15:00:00+0000_16.5186
KRSNWDP,Krishna at Wadenepally,Krishna,2026-06-06 16:00:00+00:00,16.5808555847792,NORMAL,18.45,19.84,23.07,16.7944,80.07247,KRSNWDP_2026-06-06T16:00:00+0000_16.5809
KRSNWDP,Krishna at Wadenepally,Krishna,2026-06-06 17:00:00+00:00,16.65717358208246,NORMAL,18.45,19.84,23.07,16.7944,80.07247,KRSNWDP_2026-06-06T17:00:00+0000_16.6572
KRSNWDP,Krishna at Wadenepally,Krishna,2026-06-06 18:00:00+00:00,16.729953899124286,NORMAL,18.45,19.84,23.07,16.7944,80.07247,KRSNWDP_2026-06-06T18:00:00+0000_16.7300
KRSNWDP,Krishna at Wadenepally,Krishna,2026-06-06 19:00:00+00:00,16.69302399186757,NORMAL,18.45,19.84,23.07,16.7944,80.07247,KRSNWDP_2026-06-06T19:00:00+0000_16.6930
KRSNWDP,Krishna at Wadenepally,Krishna,2026-06-06 20:00:00+00:00,16.818410007284378,NORMAL,18.45,19.84,23.07,16.7944,80.07247,KRSNWDP_2026-06-06T20:00:00+0000_16.8184
KRSNWDP,Krishna at Wadenepally,Krishna,2026-06-06 21:00:00+00:00,16.851802057593858,NORMAL,18.45,19.84,23.07,16.7944,80.07247,KRSNWDP_2026-06-06T21:00:00+0000_16.8518
KRSNWDP,Krishna at Wadenepally,Krishna,2026-06-06 22:00:00+00:00,16.875826395779992,NORMAL,18.45,19.84,23.07,16.7944,80.07247,KRSNWDP_2026-06-06T22:00:00+0000_16.8758
KRSNWDP,Krishna at Wadenepally,Krishna,2026-06-06 23:00:00+00:00,16.83499659505918,NORMAL,18.45,19.84,23.07,16.7944,80.07247,KRSNWDP_2026-06-06T23:00:00+0000_16.8350
KRSNWDP,Krishna at Wadenepally,Krishna,2026-06-07 00:00:00+00:00,16.821835621541045,NORMAL,18.45,19.84,23.07,16.7944,80.07247,KRSNWDP_2026-06-07T00:00:00+0000_16.8218
KRSNWDP,Krishna at Wadenepally,Krishna,2026-06-07 01:00:00+00:00,16.846761538190176,NORMAL,18.45,19.84,23.07,16.7944,80.07247,KRSNWDP_2026-06-07T01:00:00+0000_16.8468
KRSNWDP,Krishna at Wadenepally,Krishna,2026-06-07 02:00:00+00:00,16.800393201893343,NORMAL,18.45,19.84,23.07,16.7944,80.07247,KRSNWDP_2026-06-07T02:00:00+0000_16.8004
KRSNWDP,Krishna at Wadenepally,Krishna,2026-06-07 03:00:00+00:00,16.799257699425073,NORMAL,18.45,19.84,23.07,16.7944,80.07247,KRSNWDP_2026-06-07T03:00:00+0000_16.7993
KRSNWDP,Krishna at Wadenepally,Krishna,2026-06-07 04:00:00+00:00,16.699475509552293,NORMAL,18.45,19.84,23.07,16.7944,80.07247,KRSNWDP_2026-06-07T04:00:00+0000_16.6995
KRSNWDP,Krishna at Wadenepally,Krishna,2026-06-07 05:00:00+00:00,16.651660559818264,NORMAL,18.45,19.84,23.07,16.7944,80.07247,KRSNWDP_2026-06-07T05:00:00+0000_16.6517
KRSNWDP,Krishna at Wadenepally,Krishna,2026-06-07 06:00:00+00:00,16.613229922880244,NORMAL,18.45,19.84,23.07,16.7944,80.07247,KRSNWDP_2026-06-07T06:00:00+0000_16.6132
KRSNWDP,Krishna at Wadenepally,Krishna,2026-06-07 07:00:00+00:00,16.58774622361648,NORMAL,18.45,19.84,23.07,16.7944,80.07247,KRSNWDP_2026-06-07T07:00:00+0000_16.5877
KRSNWDP,Krishna at Wadenepally,Krishna,2026-06-07 08:00:00+00:00,16.547182197758456,NORMAL,18.45,19.84,23.07,16.7944,80.07247,KRSNWDP_2026-06-07T08:00:00+0000_16.5472
KRSNWDP,Krishna at Wadenepally,Krishna,2026-06-07 09:00:00+00:00,16.496152613837655,NORMAL,18.45,19.84,23.07,16.7944,80.07247,KRSNWDP_2026-06-07T09:00:00+0000_16.4962
KRSNWDP,Krishna at Wadenepally,Krishna,2026-06-07 10:00:00+00:00,16.432454586768706,NORMAL,18.45,19.84,23.07,16.7944,80.07247,KRSNWDP_2026-06-07T10:00:00+0000_16.4325
KRSNWDP,Krishna at Wadenepally,Krishna,2026-06-07 11:00:00+00:00,16.496899676879824,NORMAL,18.45,19.84,23.07,16.7944,80.07247,KRSNWDP_2026-06-07T11:00:00+0000_16.4969
KRSNWDP,Krishna at Wadenepally,Krishna,2026-06-07 12:00:00+00:00,16.51620431768574,NORMAL,18.45,19.84,23.07,16.7944,80.07247,KRSNWDP_2026-06-07T12:00:00+0000_16.5162
KRSNWDP,Krishna at Wadenepally,Krishna,2026-06-07 13:00:00+00:00,16.43986563090925,NORMAL,18.45,19.84,23.07,16.7944,80.07247,KRSNWDP_2026-06-07T13:00:00+0000_16.4399
KRSNWDP,Krishna at Wadenepally,Krishna,2026-06-07 14:00:00+00:00,16.553347523598042,NORMAL,18.45,19.84,23.07,16.7944,80.07247,KRSNWDP_2026-06-07T14:00:00+0000_16.5533
KRSNWDP,Krishna at Wadenepally,Krishna,2026-06-07 15:00:00+00:00,16.596768679510788,NORMAL,18.45,19.84,23.07,16.7944,80.07247,KRSNWDP_2026-06-07T15:00:00+0000_16.5968
KRSNWDP,Krishna at Wadenepally,Krishna,2026-06-07 16:00:00+00:00,16.58273763070371,NORMAL,18.45,19.84,23.07,16.7944,80.07247,KRSNWDP_2026-06-07T16:00:00+0000_16.5827
KRSNWDP,Krishna at Wadenepally,Krishna,2026-06-07 17:00:00+00:00,16.65790396739015,NORMAL,18.45,19.84,23.07,16.7944,80.07247,KRSNWDP_2026-06-07T17:00:00+0000_16.6579
KRSNWDP,Krishna at Wadenepally,Krishna,2026-06-07 18:00:00+00:00,16.688278676993047,NORMAL,18.45,19.84,23.07,16.7944,80.07247,KRSNWDP_2026-06-07T18:00:00+0000_16.6883
KRSNWDP,Krishna at Wadenepally,Krishna,2026-06-07 19:00:00+00:00,16.768579406619978,NORMAL,18.45,19.84,23.07,16.7944,80.07247,KRSNWDP_2026-06-07T19:00:00+0000_16.7686
KRSNWDP,Krishna at Wadenepally,Krishna,2026-06-07 20:00:00+00:00,16.763837776926902,NORMAL,18.45,19.84,23.07,16.7944,80.07247,KRSNWDP_2026-06-07T20:00:00+0000_16.7638
KRSNWDP,Krishna at Wadenepally,Krishna,2026-06-07 21:00:00+00:00,16.773132143168564,NORMAL,18.45,19.84,23.07,16.7944,80.07247,KRSNWDP_2026-06-07T21:00:00+0000_16.7731
KRSNWDP,Krishna at Wadenepally,Krishna,2026-06-07 22:00:00+00:00,,,18.45,19.84,23.07,16.7944,80.07247,KRSNWDP_2026-06-07T22:00:00+0000_
KRSNWDP,Krishna at Wadenepally,Krishna,2026-06-07 23:00:00+00:00,16.826414156726536,NORMAL,18.45,19.84,23.07,16.7944,80.07247,KRSNWDP_2026-06-07T23:00:00+0000_16.8264
KRSNWDP,Krishna at Wadenepally,Krishna,2026-06-08 00:00:00+00:00,16.88698924000496,NORMAL,18.45,19.84,23.07,16.7944,80.07247,KRSNWDP_2026-06-08T00:00:00+0000_16.8870
KRSNWDP,Krishna at Wadenepally,Krishna,2026-06-08 01:00:00+00:00,16.820467214115386,NORMAL,18.45,19.84,23.07,16.7944,80.07247,KRSNWDP_2026-06-08T01:00:00+0000_16.8205
KRSNWDP,Krishna at Wadenepally,Krishna,2026-06-08 02:00:00+00:00,16.81988497433576,NORMAL,18.45,19.84,23.07,16.7944,80.07247,KRSNWDP_2026-06-08T02:00:00+0000_16.8199
KRSNWDP,Krishna at Wadenepally,Krishna,2026-06-08 03:00:00+00:00,16.769271003178243,NORMAL,18.45,19.84,23.07,16.7944,80.07247,KRSNWDP_2026-06-08T03:00:00+0000_16.7693
KRSNWDP,Krishna at Wadenepally,Krishna,2026-06-08 04:00:00+00:00,16.758852216268078,NORMAL,18.45,19.84,23.07,16.7944,80.07247,KRSNWDP_2026-06-08T04:00:00+0000_16.7589
KRSNWDP,Krishna at Wadenepally,Krishna,2026-06-08 05:00:00+00:00,16.646305529431146,NORMAL,18.45,19.84,23.07,16.7944,80.07247,KRSNWDP_2026-06-08T05:00:00+0000_16.6463
KRSNWDP,Krishna at Wadenepally,Krishna,2026-06-08 06:00:00+00:00,,,18.45,19.84,23.07,16.7944,80.07247,KRSNWDP_2026-06-08T06:00:00+0000_
KRSNWDP,Krishna at Wadenepally,Krishna,2026-06-08 07:00:00+00:00,16.558150389357387,NORMAL,18.45,19.84,23.07,16.7944,80.07247,KRSNWDP_2026-06-08T07:00:00+0000_16.5582
KRSNWDP,Krishna at Wadenepally,Krishna,2026-06-08 08:00:00+00:00,16.531270038137823,NORMAL,18.45,19.84,23.07,16.7944,80.07247,KRSNWDP_2026-06-08T08:00:00+0000_16.5313
KRSNWDP,Krishna at Wadenepally,Krishna,2026-06-08 09:00:00+00:00,16.51176366201425,NORMAL,18.45,19.84,23.07,16.7944,80.07247,KRSNWDP_2026-06-08T09:00:00+0000_16.5118
KRSNWDP,Krishna at Wadenepally,Krishna,2026-06-08 10:00:00+00:00,16.48406693555223,NORMAL,18.45,19.84,23.07,16.7944,80.07247,KRSNWDP_2026-06-08T10:00:00+0000_16.4841
KRSNWDP,Krishna at Wadenepally,Krishna,2026-06-08 11:00:00+00:00,16.45877310502449,NORMAL,18.45,19.84,23.07,16.7944,80.07247,KRSNWDP_2026-06-08T11:00:00+0000_16.4588
KRSNWDP,Krishna at Wadenepally,Krishna,2026-06-08 12:00:00+00:00,16.49663586484035,NORMAL,18.45,19.84,23.07,16.7944,80.07247,KRSNWDP_2026-06-08T12:00:00+0000_16.4966
KRSNWDP,Krishna at Wadenepally,Krishna,2026-06-08 13:00:00+00:00,16.45158383621731,NORMAL,18.45,19.84,23.07,16.7944,80.07247,KRSNWDP_2026-06-08T13:00:00+0000_16.4516
KRSNWDP,Krishna at Wadenepally,Krishna,2026-06-08 14:00:00+00:00,16.469101842010204,NORMAL,18.45,19.84,23.07,16.7944,80.07247,KRSNWDP_2026-06-08T14:00:00+0000_16.4691
KRSNWDP,Krishna at Wadenepally,Krishna,2026-06-08 15:00:00+00:00,16.507316571672632,NORMAL,18.45,19.84,23.07,16.7944,80.07247,KRSNWDP_2026-06-08T15:00:00+0000_16.5073
KRSNWDP,Krishna at Wadenepally,Krishna,2026-06-08 16:00:00+00:00,16.565883690382027,NORMAL,18.45,19.84,23.07,16.7944,80.07247,KRSNWDP_2026-06-08T16:00:00+0000_16.5659
KRSNWDP,Krishna at Wadenepally,Krishna,2026-06-08 17:00:00+00:00,16.626076972445954,NORMAL,18.45,19.84,23.07,16.7944,80.07247,KRSNWDP_2026-06-08T17:00:00+0000_16.6261
KRSNWDP,Krishna at Wadenepally,Krishna,2026-06-08 18:00:00+00:00,16.64567332288521,NORMAL,18.45,19.84,23.07,16.7944,80.07247,KRSNWDP_2026-06-08T18:00:00+0000_16.6457
KRSNWDP,Krishna at Wadenepally,Krishna,2026-06-08 19:00:00+00:00,16.784911360753544,NORMAL,18.45,19.84,23.07,16.7944,80.07247,KRSNWDP_2026-06-08T19:00:00+0000_16.7849
KRSNWDP,Krishna at Wadenepally,Krishna,2026-06-08 20:00:00+00:00,16.745586633831266,NORMAL,18.45,19.84,23.07,16.7944,80.07247,KRSNWDP_2026-06-08T20:00:00+0000_16.7456
KRSNWDP,Krishna at Wadenepally,Krishna,2026-06-08 21:00:00+00:00,16.789448050968204,NORMAL,18.45,19.84,23.07,16.7944,80.07247,KRSNWDP_2026-06-08T21:00:00+0000_16.7894
KRSNWDP,Krishna at Wadenepally,Krishna,2026-06-08 22:00:00+00:00,16.867352375121687,NORMAL,18.45,19.84,23.07,16.7944,80.07247,KRSNWDP_2026-06-08T22:00:00+0000_16.8674
KRSNWDP,Krishna at Wadenepally,Krishna,2026-06-08 23:00:00+00:00,16.849626770277528,NORMAL,18.45,19.84,23.07,16.7944,80.07247,KRSNWDP_2026-06-08T23:00:00+0000_16.8496
KRSNWDP,Krishna at Wadenepally,Krishna,2026-06-09 00:00:00+00:00,16.81990231792042,NORMAL,18.45,19.84,23.07,16.7944,80.07247,KRSNWDP_2026-06-09T00:00:00+0000_16.8199
KRSNWDP,Krishna at Wadenepally,Krishna,2026-06-09 01:00:00+00:00,16.79206303033763,NORMAL,18.45,19.84,23.07,16.7944,80.07247,KRSNWDP_2026-06-09T01:00:00+0000_16.7921
KRSNWDP,Krishna at Wadenepally,Krishna,2026-06-09 02:00:00+00:00,16.81169941698782,NORMAL,18.45,19.84,23.07,16.7944,80.07247,KRSNWDP_2026-06-09T02:00:00+0000_16.8117
KRSNWDP,Krishna at Wadenepally,Krishna,2026-06-09 03:00:00+00:00,16.776825901349767,NORMAL,18.45,19.84,23.07,16.7944,80.07247,KRSNWDP_2026-06-09T03:00:00+0000_16.7768
KRSNWDP,Krishna at Wadenepally,Krishna,2026-06-09 04:00:00+00:00,16.688534442775733,NORMAL,18.45,19.84,23.07,16.7944,80.07247,KRSNWDP_2026-06-09T04:00:00+0000_16.6885
KRSNWDP,Krishna at Wadenepally,Krishna,2026-06-09 05:00:00+00:00,16.73470857379726,NORMAL,18.45,19.84,23.07,16.7944,80.07247,KRSNWDP_2026-06-09T05:00:00+0000_16.7347
KRSNWDP,Krishna at Wadenepally,Krishna,2026-06-09 06:00:00+00:00,16.62405609131915,NORMAL,18.45,19.84,23.07,16.7944,80.07247,KRSNWDP_2026-06-09T06:00:00+0000_16.6241
KRSNWDP,Krishna at Wadenepally,Krishna,2026-06-09 07:00:00+00:00,16.60018629512243,NORMAL,18.45,19.84,23.07,16.7944,80.07247,KRSNWDP_2026-06-09T07:00:00+0000_16.6002
KRSNWDP,Krishna at Wadenepally,Krishna,2026-06-09 08:00:00+00:00,16.552410445450846,NORMAL,18.45,19.84,23.07,16.7944,80.07247,KRSNWDP_2026-06-09T08:00:00+0000_16.5524
KRSNWDP,Krishna at Wadenepally,Krishna,2026-06-09 09:00:00+00:00,16.535156565212155,NORMAL,18.45,19.84,23.07,16.7944,80.07247,KRSNWDP_2026-06-09T09:00:00+0000_16.5352
KRSNWDP,Krishna at Wadenepally,Krishna,2026-06-09 10:00:00+00:00,16.507440392083996,NORMAL,18.45,19.84,23.07,16.7944,80.07247,KRSNWDP_2026-06-09T10:00:00+0000_16.5074
KRSNWDP,Krishna at Wadenepally,Krishna,2026-06-09 11:00:00+00:00,16.472831479036667,NORMAL,18.45,19.84,23.07,16.7944,80.07247,KRSNWDP_2026-06-09T11:00:00+0000_16.4728
KRSNWDP,Krishna at Wadenepally,Krishna,2026-06-09 12:00:00+00:00,16.44825660537508,NORMAL,18.45,19.84,23.07,16.7944,80.07247,KRSNWDP_2026-06-09T12:00:00+0000_16.4483
KRSNWDP,Krishna at Wadenepally,Krishna,2026-06-09 13:00:00+00:00,16.452448322858558,NORMAL,18.45,19.84,23.07,16.7944,80.07247,KRSNWDP_2026-06-09T13:00:00+0000_16.4524
KRSNWDP,Krishna at Wadenepally,Krishna,2026-06-09 14:00:00+00:00,16.511840713498376,NORMAL,18.45,19.84,23.07,16.7944,80.07247,KRSNWDP_2026-06-09T14:00:00+0000_16.5118
KRSNWDP,Krishna at Wadenepally,Krishna,2026-06-09 15:00:00+00:00,16.53174257713349,NORMAL,18.45,19.84,23.07,16.7944,80.07247,KRSNWDP_2026-06-09T15:00:00+0000_16.5317
KRSNWDP,Krishna at Wadenepally,Krishna,2026-06-09 16:00:00+00:00,16.559958765691928,NORMAL,18.45,19.84,23.07,16.7944,80.07247,KRSNWDP_2026-06-09T16:00:00+0000_16.5600
KRSNWDP,Krishna at Wadenepally,Krishna,2026-06-09 17:00:00+00:00,16.60748402993199,NORMAL,18.45,19.84,23.07,16.7944,80.07247,KRSNWDP_2026-06-09T17:00:00+0000_16.6075
KRSNWDP,Krishna at Wadenepally,Krishna,2026-06-09 18:00:00+00:00,16.694170632705546,NORMAL,18.45,19.84,23.07,16.7944,80.07247,KRSNWDP_2026-06-09T18:00:00+0000_16.6942
KRSNWDP,Krishna at Wadenepally,Krishna,2026-06-09 19:00:00+00:00,16.769910407920545,NORMAL,18.45,19.84,23.07,16.7944,80.07247,KRSNWDP_2026-06-09T19:00:00+0000_16.7699
KRSNWDP,Krishna at Wadenepally,Krishna,2026-06-09 20:00:00+00:00,16.740502146274384,NORMAL,18.45,19.84,23.07,16.7944,80.07247,KRSNWDP_2026-06-09T20:00:00+0000_16.7405
KRSNWDP,Krishna at Wadenepally,Krishna,2026-06-09 21:00:00+00:00,16.779739397256407,NORMAL,18.45,19.84,23.07,16.7944,80.07247,KRSNWDP_2026-06-09T21:00:00+0000_16.7797
KRSNWDP,Krishna at Wadenepally,Krishna,2026-06-09 22:00:00+00:00,16.82762486461058,NORMAL,18.45,19.84,23.07,16.7944,80.07247,KRSNWDP_2026-06-09T22:00:00+0000_16.8276
KRSNWDP,Krishna at Wadenepally,Krishna,2026-06-09 23:00:00+00:00,16.815388403775234,NORMAL,18.45,19.84,23.07,16.7944,80.07247,KRSNWDP_2026-06-09T23:00:00+0000_16.8154
KRSNWDP,Krishna at Wadenepally,Krishna,2026-06-10 00:00:00+00:00,16.83422459598,NORMAL,18.45,19.84,23.07,16.7944,80.07247,KRSNWDP_2026-06-10T00:00:00+0000_16.8342
KRSNWDP,Krishna at Wadenepally,Krishna,2026-06-10 01:00:00+00:00,16.87115523831012,NORMAL,18.45,19.84,23.07,16.7944,80.07247,KRSNWDP_2026-06-10T01:00:00+0000_16.8712
KRSNWDP,Krishna at Wadenepally,Krishna,2026-06-10 02:00:00+00:00,16.82772594467394,NORMAL,18.45,19.84,23.07,16.7944,80.07247,KRSNWDP_2026-06-10T02:00:00+0000_16.8277
KRSNWDP,Krishna at Wadenepally,Krishna,2026-06-10 03:00:00+00:00,16.755469278962483,NORMAL,18.45,19.84,23.07,16.7944,80.07247,KRSNWDP_2026-06-10T03:00:00+0000_16.7555
KRSNWDP,Krishna at Wadenepally,Krishna,2026-06-10 04:00:00+00:00,,,18.45,19.84,23.07,16.7944,80.07247,KRSNWDP_2026-06-10T04:00:00+0000_
KRSNWDP,Krishna at Wadenepally,Krishna,2026-06-10 05:00:00+00:00,16.676756369753956,NORMAL,18.45,19.84,23.07,16.7944,80.07247,KRSNWDP_2026-06-10T05:00:00+0000_16.6768
KRSNWDP,Krishna at Wadenepally,Krishna,2026-06-10 06:00:00+00:00,16.677877162479497,NORMAL,18.45,19.84,23.07,16.7944,80.07247,KRSNWDP_2026-06-10T06:00:00+0000_16.6779
KRSNWDP,Krishna at Wadenepally,Krishna,2026-06-10 07:00:00+00:00,,,18.45,19.84,23.07,16.7944,80.07247,KRSNWDP_2026-06-10T07:00:00+0000_
KRSNWDP,Krishna at Wadenepally,Krishna,2026-06-10 08:00:00+00:00,16.541954884902427,NORMAL,18.45,19.84,23.07,16.7944,80.07247,KRSNWDP_2026-06-10T08:00:00+0000_16.5420
KRSNWDP,Krishna at Wadenepally,Krishna,2026-06-10 09:00:00+00:00,16.535967458456856,NORMAL,18.45,19.84,23.07,16.7944,80.07247,KRSNWDP_2026-06-10T09:00:00+0000_16.5360
KRSNWDP,Krishna at Wadenepally,Krishna,2026-06-10 10:00:00+00:00,16.480408983548767,NORMAL,18.45,19.84,23.07,16.7944,80.07247,KRSNWDP_2026-06-10T10:00:00+0000_16.4804
KRSNWDP,Krishna at Wadenepally,Krishna,2026-06-10 11:00:00+00:00,,,18.45,19.84,23.07,16.7944,80.07247,KRSNWDP_2026-06-10T11:00:00+0000_
KRSNWDP,Krishna at Wadenepally,Krishna,2026-06-10 12:00:00+00:00,16.43776618500975,NORMAL,18.45,19.84,23.07,16.7944,80.07247,KRSNWDP_2026-06-10T12:00:00+0000_16.4378
KRSNWDP,Krishna at Wadenepally,Krishna,2026-06-10 13:00:00+00:00,16.476416116361175,NORMAL,18.45,19.84,23.07,16.7944,80.07247,KRSNWDP_2026-06-10T13:00:00+0000_16.4764
KRSNWDP,Krishna at Wadenepally,Krishna,2026-06-10 14:00:00+00:00,16.498008132621642,NORMAL,18.45,19.84,23.07,16.7944,80.07247,KRSNWDP_2026-06-10T14:00:00+0000_16.4980
KRSNWDP,Krishna at Wadenepally,Krishna,2026-06-10 15:00:00+00:00,16.53420727294208,NORMAL,18.45,19.84,23.07,16.7944,80.07247,KRSNWDP_2026-06-10T15:00:00+0000_16.5342
KRSNWDP,Krishna at Wadenepally,Krishna,2026-06-10 16:00:00+00:00,16.580427313511745,NORMAL,18.45,19.84,23.07,16.7944,80.07247,KRSNWDP_2026-06-10T16:00:00+0000_16.5804
KRSNWDP,Krishna at Wadenepally,Krishna,2026-06-10 17:00:00+00:00,16.636436536900884,NORMAL,18.45,19.84,23.07,16.7944,80.07247,KRSNWDP_2026-06-10T17:00:00+0000_16.6364
KRSNWDP,Krishna at Wadenepally,Krishna,2026-06-10 18:00:00+00:00,16.679531531315874,NORMAL,18.45,19.84,23.07,16.7944,80.07247,KRSNWDP_2026-06-10T18:00:00+0000_16.6795
KRSNWDP,Krishna at Wadenepally,Krishna,2026-06-10 19:00:00+00:00,16.738919045286202,NORMAL,18.45,19.84,23.07,16.7944,80.07247,KRSNWDP_2026-06-10T19:00:00+0000_16.7389
KRSNWDP,Krishna at Wadenepally,Krishna,2026-06-10 20:00:00+00:00,16.825533561058094,NORMAL,18.45,19.84,23.07,16.7944,80.07247,KRSNWDP_2026-06-10T20:00:00+0000_16.8255
KRSNWDP,Krishna at Wadenepally,Krishna,2026-06-10 21:00:00+00:00,16.778375800705117,NORMAL,18.45,19.84,23.07,16.7944,80.07247,KRSNWDP_2026-06-10T21:00:00+0000_16.7784
KRSNWDP,Krishna at Wadenepally,Krishna,2026-06-10 22:00:00+00:00,16.86819968010874,NORMAL,18.45,19.84,23.07,16.7944,80.07247,KRSNWDP_2026-06-10T22:00:00+0000_16.8682
KRSNWDP,Krishna at Wadenepally,Krishna,2026-06-10 23:00:00+00:00,16.80775723299553,NORMAL,18.45,19.84,23.07,16.7944,80.07247,KRSNWDP_2026-06-10T23:00:00+0000_16.8078
KRSNWDP,Krishna at Wadenepally,Krishna,2026-06-11 00:00:00+00:00,16.83745521018186,NORMAL,18.45,19.84,23.07,16.7944,80.07247,KRSNWDP_2026-06-11T00:00:00+0000_16.8375
KRSNWDP,Krishna at Wadenepally,Krishna,2026-06-11 01:00:00+00:00,16.827779705296496,NORMAL,18.45,19.84,23.07,16.7944,80.07247,KRSNWDP_2026-06-11T01:00:00+0000_16.8278
KRSNWDP,Krishna at Wadenepally,Krishna,2026-06-11 02:00:00+00:00,16.858963513395448,NORMAL,18.45,19.84,23.07,16.7944,80.07247,KRSNWDP_2026-06-11T02:00:00+0000_16.8590
KRSNWDP,Krishna at Wadenepally,Krishna,2026-06-11 03:00:00+00:00,16.816385301734517,NORMAL,18.45,19.84,23.07,16.7944,80.07247,KRSNWDP_2026-06-11T03:00:00+0000_16.8164
KRSNWDP,Krishna at Wadenepally,Krishna,2026-06-11 04:00:00+00:00,16.688609082382705,NORMAL,18.45,19.84,23.07,16.7944,80.07247,KRSNWDP_2026-06-11T04:00:00+0000_16.6886
KRSNWDP,Krishna at Wadenepally,Krishna,2026-06-11 05:00:00+00:00,16.658461911432223,NORMAL,18.45,19.84,23.07,16.7944,80.07247,KRSNWDP_2026-06-11T05:00:00+0000_16.6585
KRSNWDP,Krishna at Wadenepally,Krishna,2026-06-11 06:00:00+00:00,16.60532299967237,NORMAL,18.45,19.84,23.07,16.7944,80.07247,KRSNWDP_2026-06-11T06:00:00+0000_16.6053
KRSNWDP,Krishna at Wadenepally,Krishna,2026-06-11 07:00:00+00:00,16.593005481583056,NORMAL,18.45,19.84,23.07,16.7944,80.07247,KRSNWDP_2026-06-11T07:00:00+0000_16.5930
KRSNWDP,Krishna at Wadenepally,Krishna,2026-06-11 08:00:00+00:00,16.551847724377247,NORMAL,18.45,19.84,23.07,16.7944,80.07247,KRSNWDP_2026-06-11T08:00:00+0000_16.5518
KRSNWDP,Krishna at Wadenepally,Krishna,2026-06-11 09:00:00+00:00,16.523131206004457,NORMAL,18.45,19.84,23.07,16.7944,80.07247,KRSNWDP_2026-06-11T09:00:00+0000_16.5231
KRSNWDP,Krishna at Wadenepally,Krishna,2026-06-11 10:00:00+00:00,16.477253880698875,NORMAL,18.45,19.84,23.07,16.7944,80.07247,KRSNWDP_2026-06-11T10:00:00+0000_16.4773
KRSNWDP,Krishna at Wadenepally,Krishna,2026-06-11 11:00:00+00:00,20.3954944001472,DANGER,18.45,19.84,23.07,16.7944,80.07247,KRSNWDP_2026-06-11T11:00:00+0000_20.3955
KRSNWDP,Krishna at Wadenepally,Krishna,2026-06-11 12:00:00+00:00,20.07064896304488,DANGER,18.45,19.84,23.07,16.7944,80.07247,KRSNWDP_2026-06-11T12:00:00+0000_20.0706
KRSNWDP,Krishna at Wadenepally,Krishna,2026-06-11 13:00:00+00:00,16.48756775050318,NORMAL,18.45,19.84,23.07,16.7944,80.07247,KRSNWDP_2026-06-11T13:00:00+0000_16.4876
KRSNWDP,Krishna at Wadenepally,Krishna,2026-06-11 14:00:00+00:00,16.527823582155474,NORMAL,18.45,19.84,23.07,16.7944,80.07247,KRSNWDP_2026-06-11T14:00:00+0000_16.5278
KRSNWDP,Krishna at Wadenepally,Krishna,2026-06-11 15:00:00+00:00,16.567027563306354,NORMAL,18.45,19.84,23.07,16.7944,80.07247,KRSNWDP_2026-06-11T15:00:00+0000_16.5670
KRSNWDP,Krishna at Wadenepally,Krishna,2026-06-11 16:00:00+00:00,16.601494294058025,NORMAL,18.45,19.84,23.07,16.7944,80.07247,KRSNWDP_2026-06-11T16:00:00+0000_16.6015
KRSNWDP,Krishna at Wadenepally,Krishna,2026-06-11 17:00:00+00:00,16.641365853569685,NORMAL,18.45,19.84,23.07,16.7944,80.07247,KRSNWDP_2026-06-11T17:00:00+0000_16.6414
KRSNWDP,Krishna at Wadenepally,Krishna,2026-06-11 18:00:00+00:00,16.669929354942806,NORMAL,18.45,19.84,23.07,16.7944,80.07247,KRSNWDP_2026-06-11T18:00:00+0000_16.6699
KRSNWDP,Krishna at Wadenepally,Krishna,2026-06-11 19:00:00+00:00,16.704111345320356,NORMAL,18.45,19.84,23.07,16.7944,80.07247,KRSNWDP_2026-06-11T19:00:00+0000_16.7041
KRSNWDP,Krishna at Wadenepally,Krishna,2026-06-11 20:00:00+00:00,16.754353622981228,NORMAL,18.45,19.84,23.07,16.7944,80.07247,KRSNWDP_2026-06-11T20:00:00+0000_16.7544
KRSNWDP,Krishna at Wadenepally,Krishna,2026-06-11 21:00:00+00:00,16.82394323424093,NORMAL,18.45,19.84,23.07,16.7944,80.07247,KRSNWDP_2026-06-11T21:00:00+0000_16.8239
KRSNWDP,Krishna at Wadenepally,Krishna,2026-06-11 22:00:00+00:00,16.799319958830473,NORMAL,18.45,19.84,23.07,16.7944,80.07247,KRSNWDP_2026-06-11T22:00:00+0000_16.7993
KRSNWDP,Krishna at Wadenepally,Krishna,2026-06-11 23:00:00+00:00,16.870407897885467,NORMAL,18.45,19.84,23.07,16.7944,80.07247,KRSNWDP_2026-06-11T23:00:00+0000_16.8704
KRSNWDP,Krishna at Wadenepally,Krishna,2026-06-12 00:00:00+00:00,16.90428860032822,NORMAL,18.45,19.84,23.07,16.7944,80.07247,KRSNWDP_2026-06-12T00:00:00+0000_16.9043
KRSNWDP,Krishna at Wadenepally,Krishna,2026-06-12 01:00:00+00:00,16.807451300226646,NORMAL,18.45,19.84,23.07,16.7944,80.07247,KRSNWDP_2026-06-12T01:00:00+0000_16.8075
KRSNWDP,Krishna at Wadenepally,Krishna,2026-06-12 02:00:00+00:00,16.791384638671822,NORMAL,18.45,19.84,23.07,16.7944,80.07247,KRSNWDP_2026-06-12T02:00:00+0000_16.7914
KRSNWDP,Krishna at Wadenepally,Krishna,2026-06-12 03:00:00+00:00,16.743806717473323,NORMAL,18.45,19.84,23.07,16.7944,80.07247,KRSNWDP_2026-06-12T03:00:00+0000_16.7438
KRSNWDP,Krishna at Wadenepally,Krishna,2026-06-12 04:00:00+00:00,16.756116949828062,NORMAL,18.45,19.84,23.07,16.7944,80.07247,KRSNWDP_2026-06-12T04:00:00+0000_16.7561
KRSNWDP,Krishna at Wadenepally,Krishna,2026-06-12 05:00:00+00:00,16.725142139028467,NORMAL,18.45,19.84,23.07,16.7944,80.07247,KRSNWDP_2026-06-12T05:00:00+0000_16.7251
KRSNWDP,Krishna at Wadenepally,Krishna,2026-06-12 06:00:00+00:00,16.63603358994061,NORMAL,18.45,19.84,23.07,16.7944,80.07247,KRSNWDP_2026-06-12T06:00:00+0000_16.6360
KRSNWDP,Krishna at Wadenepally,Krishna,2026-06-12 07:00:00+00:00,16.623108454482388,NORMAL,18.45,19.84,23.07,16.7944,80.07247,KRSNWDP_2026-06-12T07:00:00+0000_16.6231
KRSNWDP,Krishna at Wadenepally,Krishna,2026-06-12 08:00:00+00:00,16.514737785788025,NORMAL,18.45,19.84,23.07,16.7944,80.07247,KRSNWDP_2026-06-12T08:00:00+0000_16.5147
KRSNWDP,Krishna at Wadenepally,Krishna,2026-06-12 09:00:00+00:00,16.555766037760645,NORMAL,18.45,19.84,23.07,16.7944,80.07247,KRSNWDP_2026-06-12T09:00:00+0000_16.5558
KRSNWDP,Krishna at Wadenepally,Krishna,2026-06-12 10:00:00+00:00,16.524929530184746,NORMAL,18.45,19.84,23.07,16.7944,80.07247,KRSNWDP_2026-06-12T10:00:00+0000_16.5249
KRSNWDP,Krishna at Wadenepally,Krishna,2026-06-12 11:00:00+00:00,16.44569254220956,NORMAL,18.45,19.84,23.07,16.7944,80.07247,KRSNWDP_2026-06-12T11:00:00+0000_16.4457
KRSNWDP,Krishna at Wadenepally,Krishna,2026-06-12 12:00:00+00:00,16.433768366733634,NORMAL,18.45,19.84,23.07,16.7944,80.07247,KRSNWDP_2026-06-12T12:00:00+0000_16.4338
KRSNWDP,Krishna at Wadenepally,Krishna,2026-06-12 13:00:00+00:00,16.518449505131567,NORMAL,18.45,19.84,23.07,16.7944,80.07247,KRSNWDP_2026-06-12T13:00:00+0000_16.5184
KRSNWDP,Krishna at Wadenepally,Krishna,2026-06-12 14:00:00+00:00,16.548234634299135,NORMAL,18.45,19.84,23.07,16.7944,80.07247,KRSNWDP_2026-06-12T14:00:00+0000_16.5482
KRSNWDP,Krishna at Wadenepally,Krishna,2026-06-12 15:00:00+00:00,16.582506911467274,NORMAL,18.45,19.84,23.07,16.7944,80.07247,KRSNWDP_2026-06-12T15:00:00+0000_16.5825
KRSNWDP,Krishna at Wadenepally,Krishna,2026-06-12 16:00:00+00:00,16.601071179020842,NORMAL,18.45,19.84,23.07,16.7944,80.07247,KRSNWDP_2026-06-12T16:00:00+0000_16.6011
KRSNWDP,Krishna at Wadenepally,Krishna,2026-06-12 17:00:00+00:00,16.699383187904242,NORMAL,18.45,19.84,23.07,16.7944,80.07247,KRSNWDP_2026-06-12T17:00:00+0000_16.6994
KRSNWDP,Krishna at Wadenepally,Krishna,2026-06-12 18:00:00+00:00,16.707576536561906,NORMAL,18.45,19.84,23.07,16.7944,80.07247,KRSNWDP_2026-06-12T18:00:00+0000_16.7076
KRSNWDP,Krishna at Wadenepally,Krishna,2026-06-12 19:00:00+00:00,16.79446524103848,NORMAL,18.45,19.84,23.07,16.7944,80.07247,KRSNWDP_2026-06-12T19:00:00+0000_16.7945
KRSNWDP,Krishna at Wadenepally,Krishna,2026-06-12 20:00:00+00:00,16.78724965665873,NORMAL,18.45,19.84,23.07,16.7944,80.07247,KRSNWDP_2026-06-12T20:00:00+0000_16.7872
KRSNWDP,Krishna at Wadenepally,Krishna,2026-06-12 21:00:00+00:00,16.850923574237008,NORMAL,18.45,19.84,23.07,16.7944,80.07247,KRSNWDP_2026-06-12T21:00:00+0000_16.8509
KRSNWDP,Krishna at Wadenepally,Krishna,2026-06-12 22:00:00+00:00,16.88743009827188,NORMAL,18.45,19.84,23.07,16.7944,80.07247,KRSNWDP_2026-06-12T22:00:00+0000_16.8874
KRSNWDP,Krishna at Wadenepally,Krishna,2026-06-12 23:00:00+00:00,16.890683423714687,NORMAL,18.45,19.84,23.07,16.7944,80.07247,KRSNWDP_2026-06-12T23:00:00+0000_16.8907
KRSNWDP,Krishna at Wadenepally,Krishna,2026-06-13 00:00:00+00:00,16.817093631477697,NORMAL,18.45,19.84,23.07,16.7944,80.07247,KRSNWDP_2026-06-13T00:00:00+0000_16.8171
KRSNWDP,Krishna at Wadenepally,Krishna,2026-06-13 01:00:00+00:00,16.882825763381657,NORMAL,18.45,19.84,23.07,16.7944,80.07247,KRSNWDP_2026-06-13T01:00:00+0000_16.8828
KRSNWDP,Krishna at Wadenepally,Krishna,2026-06-13 02:00:00+00:00,16.867199260478014,NORMAL,18.45,19.84,23.07,16.7944,80.07247,KRSNWDP_2026-06-13T02:00:00+0000_16.8672
KRSNWDP,Krishna at Wadenepally,Krishna,2026-06-13 03:00:00+00:00,16.832948721020877,NORMAL,18.45,19.84,23.07,16.7944,80.07247,KRSNWDP_2026-06-13T03:00:00+0000_16.8329
KRSNWDP,Krishna at Wadenepally,Krishna,2026-06-13 04:00:00+00:00,16.761046867162325,NORMAL,18.45,19.84,23.07,16.7944,80.07247,KRSNWDP_2026-06-13T04:00:00+0000_16.7610
KRSNWDP,Krishna at Wadenepally,Krishna,2026-06-13 05:00:00+00:00,16.724791734180652,NORMAL,18.45,19.84,23.07,16.7944,80.07247,KRSNWDP_2026-06-13T05:00:00+0000_16.7248
KRSNWDP,Krishna at Wadenepally,Krishna,2026-06-13 06:00:00+00:00,16.66861603993794,NORMAL,18.45,19.84,23.07,16.7944,80.07247,KRSNWDP_2026-06-13T06:00:00+0000_16.6686
KRSNWDP,Krishna at Wadenepally,Krishna,2026-06-13 07:00:00+00:00,19.723243691801816,WARNING,18.45,19.84,23.07,16.7944,80.07247,KRSNWDP_2026-06-13T07:00:00+0000_19.7232
KRSNWDP,Krishna at Wadenepally,Krishna,2026-06-13 08:00:00+00:00,19.37831138825492,WARNING,18.45,19.84,23.07,16.7944,80.07247,KRSNWDP_2026-06-13T08:00:00+0000_19.3783
KRSNWDP,Krishna at Wadenepally,Krishna,2026-06-13 09:00:00+00:00,16.470449079866047,NORMAL,18.45,19.84,23.07,16.7944,80.07247,KRSNWDP_2026-06-13T09:00:00+0000_16.4704
KRSNWDP,Krishna at Wadenepally,Krishna,2026-06-13 10:00:00+00:00,,,18.45,19.84,23.07,16.7944,80.07247,KRSNWDP_2026-06-13T10:00:00+0000_
KRSNWDP,Krishna at Wadenepally,Krishna,2026-06-13 11:00:00+00:00,16.51291740636373,NORMAL,18.45,19.84,23.07,16.7944,80.07247,KRSNWDP_2026-06-13T11:00:00+0000_16.5129
KRSNWDP,Krishna at Wadenepally,Krishna,2026-06-13 12:00:00+00:00,16.440023688888147,NORMAL,18.45,19.84,23.07,16.7944,80.07247,KRSNWDP_2026-06-13T12:00:00+0000_16.4400
KRSNWDP,Krishna at Wadenepally,Krishna,2026-06-13 13:00:00+00:00,16.501454963802853,NORMAL,18.45,19.84,23.07,16.7944,80.07247,KRSNWDP_2026-06-13T13:00:00+0000_16.5015
KRSNWDP,Krishna at Wadenepally,Krishna,2026-06-13 14:00:00+00:00,16.558238054465274,NORMAL,18.45,19.84,23.07,16.7944,80.07247,KRSNWDP_2026-06-13T14:00:00+0000_16.5582
KRSNWDP,Krishna at Wadenepally,Krishna,2026-06-13 15:00:00+00:00,16.520159684038113,NORMAL,18.45,19.84,23.07,16.7944,80.07247,KRSNWDP_2026-06-13T15:00:00+0000_16.5202
KRSNWDP,Krishna at Wadenepally,Krishna,2026-06-13 16:00:00+00:00,16.569747615997066,NORMAL,18.45,19.84,23.07,16.7944,80.07247,KRSNWDP_2026-06-13T16:00:00+0000_16.5697
KRSNWDP,Krishna at Wadenepally,Krishna,2026-06-13 17:00:00+00:00,16.694460351617874,NORMAL,18.45,19.84,23.07,16.7944,80.07247,KRSNWDP_2026-06-13T17:00:00+0000_16.6945
KRSNWDP,Krishna at Wadenepally,Krishna,2026-06-13 18:00:00+00:00,16.677985969802535,NORMAL,18.45,19.84,23.07,16.7944,80.07247,KRSNWDP_2026-06-13T18:00:00+0000_16.6780
KRSNWDP,Krishna at Wadenepally,Krishna,2026-06-13 19:00:00+00:00,16.712802953954444,NORMAL,18.45,19.84,23.07,16.7944,80.07247,KRSNWDP_2026-06-13T19:00:00+0000_16.7128
KRSNWDP,Krishna at Wadenepally,Krishna,2026-06-13 20:00:00+00:00,16.829647012567154,NORMAL,18.45,19.84,23.07,16.7944,80.07247,KRSNWDP_2026-06-13T20:00:00+0000_16.8296
KRSNWDP,Krishna at Wadenepally,Krishna,2026-06-13 21:00:00+00:00,16.871398057946024,NORMAL,18.45,19.84,23.07,16.7944,80.07247,KRSNWDP_2026-06-13T21:00:00+0000_16.8714
KRSNWDP,Krishna at Wadenepally,Krishna,2026-06-13 22:00:00+00:00,16.88096346524725,NORMAL,18.45,19.84,23.07,16.7944,80.07247,KRSNWDP_2026-06-13T22:00:00+0000_16.8810
KRSNWDP,Krishna at Wadenepally,Krishna,2026-06-13 23:00:00+00:00,16.835145819616006,NORMAL,18.45,19.84,23.07,16.7944,80.07247,KRSNWDP_2026-06-13T23:00:00+0000_16.8351
KRSNWDP,Krishna at Wadenepally,Krishna,2026-06-14 00:00:00+00:00,16.879941754235887,NORMAL,18.45,19.84,23.07,16.7944,80.07247,KRSNWDP_2026-06-14T00:00:00+0000_16.8799
KRSNWDP,Krishna at Wadenepally,Krishna,2026-06-14 01:00:00+00:00,16.870204917145873,NORMAL,18.45,19.84,23.07,16.7944,80.07247,KRSNWDP_2026-06-14T01:00:00+0000_16.8702
KRSNWDP,Krishna at Wadenepally,Krishna,2026-06-14 02:00:00+00:00,16.867014401529335,NORMAL,18.45,19.84,23.07,16.7944,80.07247,KRSNWDP_2026-06-14T02:00:00+0000_16.8670
KRSNWDP,Krishna at Wadenepally,Krishna,2026-06-14 03:00:00+00:00,16.802555514060874,NORMAL,18.45,19.84,23.07,16.7944,80.07247,KRSNWDP_2026-06-14T03:00:00+0000_16.8026
KRSNWDP,Krishna at Wadenepally,Krishna,2026-06-14 04:00:00+00:00,16.72836676303453,NORMAL,18.45,19.84,23.07,16.7944,80.07247,KRSNWDP_2026-06-14T04:00:00+0000_16.7284
KRSNWDP,Krishna at Wadenepally,Krishna,2026-06-14 05:00:00+00:00,16.731783819645766,NORMAL,18.45,19.84,23.07,16.7944,80.07247,KRSNWDP_2026-06-14T05:00:00+0000_16.7318
KRSNWDP,Krishna at Wadenepally,Krishna,2026-06-14 06:00:00+00:00,16.632630249275625,NORMAL,18.45,19.84,23.07,16.7944,80.07247,KRSNWDP_2026-06-14T06:00:00+0000_16.6326
KRSNWDP,Krishna at Wadenepally,Krishna,2026-06-14 07:00:00+00:00,16.613730879304363,NORMAL,18.45,19.84,23.07,16.7944,80.07247,KRSNWDP_2026-06-14T07:00:00+0000_16.6137
KRSNWDP,Krishna at Wadenepally,Krishna,2026-06-14 08:00:00+00:00,16.604595125826158,NORMAL,18.45,19.84,23.07,16.7944,80.07247,KRSNWDP_2026-06-14T08:00:00+0000_16.6046
KRSNWDP,Krishna at Wadenepally,Krishna,2026-06-14 09:00:00+00:00,16.47229469489874,NORMAL,18.45,19.84,23.07,16.7944,80.07247,KRSNWDP_2026-06-14T09:00:00+0000_16.4723
KRSNWDP,Krishna at Wadenepally,Krishna,2026-06-14 10:00:00+00:00,16.50911637097199,NORMAL,18.45,19.84,23.07,16.7944,80.07247,KRSNWDP_2026-06-14T10:00:00+0000_16.5091
KRSNWDP,Krishna at Wadenepally,Krishna,2026-06-14 11:00:00+00:00,16.443655082689727,NORMAL,18.45,19.84,23.07,16.7944,80.07247,KRSNWDP_2026-06-14T11:00:00+0000_16.4437
KRSNWDP,Krishna at Wadenepally,Krishna,2026-06-14 12:00:00+00:00,16.493661818822307,NORMAL,18.45,19.84,23.07,16.7944,80.07247,KRSNWDP_2026-06-14T12:00:00+0000_16.4937
KRSNWDP,Krishna at Wadenepally,Krishna,2026-06-14 13:00:00+00:00,16.53878448913453,NORMAL,18.45,19.84,23.07,16.7944,80.07247,KRSNWDP_2026-06-14T13:00:00+0000_16.5388
KRSNWDP,Krishna at Wadenepally,Krishna,2026-06-14 14:00:00+00:00,16.50635168021951,NORMAL,18.45,19.84,23.07,16.7944,80.07247,KRSNWDP_2026-06-14T14:00:00+0000_16.5064
KRSNWDP,Krishna at Wadenepally,Krishna,2026-06-14 15:00:00+00:00,16.517310399498818,NORMAL,18.45,19.84,23.07,16.7944,80.07247,KRSNWDP_2026-06-14T15:00:00+0000_16.5173
KRSNWDP,Krishna at Wadenepally,Krishna,2026-06-14 16:00:00+00:00,16.592004843524723,NORMAL,18.45,19.84,23.07,16.7944,80.07247,KRSNWDP_2026-06-14T16:00:00+0000_16.5920
KRSNWDP,Krishna at Wadenepally,Krishna,2026-06-14 17:00:00+00:00,,,18.45,19.84,23.07,16.7944,80.07247,KRSNWDP_2026-06-14T17:00:00+0000_
KRSNWDP,Krishna at Wadenepally,Krishna,2026-06-14 18:00:00+00:00,16.6948257441665,NORMAL,18.45,19.84,23.07,16.7944,80.07247,KRSNWDP_2026-06-14T18:00:00+0000_16.6948
KRSNWDP,Krishna at Wadenepally,Krishna,2026-06-14 19:00:00+00:00,16.793071125465342,NORMAL,18.45,19.84,23.07,16.7944,80.07247,KRSNWDP_2026-06-14T19:00:00+0000_16.7931
KRSNWDP,Krishna at Wadenepally,Krishna,2026-06-14 20:00:00+00:00,16.787117539773565,NORMAL,18.45,19.84,23.07,16.7944,80.07247,KRSNWDP_2026-06-14T20:00:00+0000_16.7871
KRSNWDP,Krishna at Wadenepally,Krishna,2026-06-14 21:00:00+00:00,16.872029684450247,NORMAL,18.45,19.84,23.07,16.7944,80.07247,KRSNWDP_2026-06-14T21:00:00+0000_16.8720
KRSNWDP,Krishna at Wadenepally,Krishna,2026-06-14 22:00:00+00:00,16.817578893025527,NORMAL,18.45,19.84,23.07,16.7944,80.07247,KRSNWDP_2026-06-14T22:00:00+0000_16.8176
KRSNWDP,Krishna at Wadenepally,Krishna,2026-06-14 23:00:00+00:00,16.91263109503865,NORMAL,18.45,19.84,23.07,16.7944,80.07247,KRSNWDP_2026-06-14T23:00:00+0000_16.9126
KRSNWDP,Krishna at Wadenepally,Krishna,2026-06-15 00:00:00+00:00,16.81912370324999,NORMAL,18.45,19.84,23.07,16.7944,80.07247,KRSNWDP_2026-06-15T00:00:00+0000_16.8191
KRSNWDP,Krishna at Wadenepally,Krishna,2026-06-15 01:00:00+00:00,16.88700855069449,NORMAL,18.45,19.84,23.07,16.7944,80.07247,KRSNWDP_2026-06-15T01:00:00+0000_16.8870
KRSNWDP,Krishna at Wadenepally,Krishna,2026-06-15 02:00:00+00:00,16.839606173461803,NORMAL,18.45,19.84,23.07,16.7944,80.07247,KRSNWDP_2026-06-15T02:00:00+0000_16.8396
KRSNWDP,Krishna at Wadenepally,Krishna,2026-06-15 03:00:00+00:00,16.821710642350453,NORMAL,18.45,19.84,23.07,16.7944,80.07247,KRSNWDP_2026-06-15T03:00:00+0000_16.8217
KRSNWDP,Krishna at Wadenepally,Krishna,2026-06-15 04:00:00+00:00,16.71600427050977,NORMAL,18.45,19.84,23.07,16.7944,80.07247,KRSNWDP_2026-06-15T04:00:00+0000_16.7160
KRSNWDP,Krishna at Wadenepally,Krishna,2026-06-15 05:00:00+00:00,16.702711370498577,NORMAL,18.45,19.84,23.07,16.7944,80.07247,KRSNWDP_2026-06-15T05:00:00+0000_16.7027
KRSNWDP,Krishna at Wadenepally,Krishna,2026-06-15 06:00:00+00:00,16.631166663666836,NORMAL,18.45,19.84,23.07,16.7944,80.07247,KRSNWDP_2026-06-15T06:00:00+0000_16.6312
KRSNWDP,Krishna at Wadenepally,Krishna,2026-06-15 07:00:00+00:00,16.629268469622296,NORMAL,18.45,19.84,23.07,16.7944,80.07247,KRSNWDP_2026-06-15T07:00:00+0000_16.6293
KRSNWDP,Krishna at Wadenepally,Krishna,2026-06-15 08:00:00+00:00,16.525421758657746,NORMAL,18.45,19.84,23.07,16.7944,80.07247,KRSNWDP_2026-06-15T08:00:00+0000_16.5254
KRSNWDP,Krishna at Wadenepally,Krishna,2026-06-15 09:00:00+00:00,16.53951236903315,NORMAL,18.45,19.84,23.07,16.7944,80.07247,KRSNWDP_2026-06-15T09:00:00+0000_16.5395
KRSNWDP,Krishna at Wadenepally,Krishna,2026-06-15 10:00:00+00:00,16.47909328794147,NORMAL,18.45,19.84,23.07,16.7944,80.07247,KRSNWDP_2026-06-15T10:00:00+0000_16.4791
KRSNWDP,Krishna at Wadenepally,Krishna,2026-06-15 11:00:00+00:00,16.481888615582548,NORMAL,18.45,19.84,23.07,16.7944,80.07247,KRSNWDP_2026-06-15T11:00:00+0000_16.4819
KRSNWDP,Krishna at Wadenepally,Krishna,2026-06-15 12:00:00+00:00,16.443754007681363,NORMAL,18.45,19.84,23.07,16.7944,80.07247,KRSNWDP_2026-06-15T12:00:00+0000_16.4438
KRSNWDP,Krishna at Wadenepally,Krishna,2026-06-15 13:00:00+00:00,16.499811826332937,NORMAL,18.45,19.84,23.07,16.7944,80.07247,KRSNWDP_2026-06-15T13:00:00+0000_16.4998
KRSNWDP,Krishna at Wadenepally,Krishna,2026-06-15 14:00:00+00:00,16.54279257807122,NORMAL,18.45,19.84,23.07,16.7944,80.07247,KRSNWDP_2026-06-15T14:00:00+0000_16.5428
KRSNWDP,Krishna at Wadenepally,Krishna,2026-06-15 15:00:00+00:00,16.553942413190786,NORMAL,18.45,19.84,23.07,16.7944,80.07247,KRSNWDP_2026-06-15T15:00:00+0000_16.5539
KRSNWDP,Krishna at Wadenepally,Krishna,2026-06-15 16:00:00+00:00,16.618683080115854,NORMAL,18.45,19.84,23.07,16.7944,80.07247,KRSNWDP_2026-06-15T16:00:00+0000_16.6187
KRSNWDP,Krishna at Wadenepally,Krishna,2026-06-15 17:00:00+00:00,16.623694731581836,NORMAL,18.45,19.84,23.07,16.7944,80.07247,KRSNWDP_2026-06-15T17:00:00+0000_16.6237
KRSNWDP,Krishna at Wadenepally,Krishna,2026-06-15 18:00:00+00:00,16.729032460542538,NORMAL,18.45,19.84,23.07,16.7944,80.07247,KRSNWDP_2026-06-15T18:00:00+0000_16.7290
KRSNWDP,Krishna at Wadenepally,Krishna,2026-06-15 19:00:00+00:00,16.71089214688083,NORMAL,18.45,19.84,23.07,16.7944,80.07247,KRSNWDP_2026-06-15T19:00:00+0000_16.7109
KRSNWDP,Krishna at Wadenepally,Krishna,2026-06-15 20:00:00+00:00,16.74805899318828,NORMAL,18.45,19.84,23.07,16.7944,80.07247,KRSNWDP_2026-06-15T20:00:00+0000_16.7481
KRSNWDP,Krishna at Wadenepally,Krishna,2026-06-15 21:00:00+00:00,16.84417518093433,NORMAL,18.45,19.84,23.07,16.7944,80.07247,KRSNWDP_2026-06-15T21:00:00+0000_16.8442
KRSNWDP,Krishna at Wadenepally,Krishna,2026-06-15 22:00:00+00:00,16.860542220522568,NORMAL,18.45,19.84,23.07,16.7944,80.07247,KRSNWDP_2026-06-15T22:00:00+0000_16.8605
KRSNWDP,Krishna at Wadenepally,Krishna,2026-06-15 23:00:00+00:00,16.83702885257627,NORMAL,18.45,19.84,23.07,16.7944,80.07247,KRSNWDP_2026-06-15T23:00:00+0000_16.8370
KRSNWDP,Krishna at Wadenepally,Krishna,2026-06-16 00:00:00+00:00,16.86910180894551,NORMAL,18.45,19.84,23.07,16.7944,80.07247,KRSNWDP_2026-06-16T00:00:00+0000_16.8691
KRSNWDP,Krishna at Wadenepally,Krishna,2026-06-16 01:00:00+00:00,16.805320330962306,NORMAL,18.45,19.84,23.07,16.7944,80.07247,KRSNWDP_2026-06-16T01:00:00+0000_16.8053
KRSNWDP,Krishna at Wadenepally,Krishna,2026-06-16 02:00:00+00:00,16.776094557774073,NORMAL,18.45,19.84,23.07,16.7944,80.07247,KRSNWDP_2026-06-16T02:00:00+0000_16.7761
KRSNWDP,Krishna at Wadenepally,Krishna,2026-06-16 03:00:00+00:00,16.768426053953533,NORMAL,18.45,19.84,23.07,16.7944,80.07247,KRSNWDP_2026-06-16T03:00:00+0000_16.7684
KRSNWDP,Krishna at Wadenepally,Krishna,2026-06-16 04:00:00+00:00,16.72365668162805,NORMAL,18.45,19.84,23.07,16.7944,80.07247,KRSNWDP_2026-06-16T04:00:00+0000_16.7237
KRSNWDP,Krishna at Wadenepally,Krishna,2026-06-16 05:00:00+00:00,16.6991145548618,NORMAL,18.45,19.84,23.07,16.7944,80.07247,KRSNWDP_2026-06-16T05:00:00+0000_16.6991
KRSNWDP,Krishna at Wadenepally,Krishna,2026-06-16 06:00:00+00:00,16.66600646171566,NORMAL,18.45,19.84,23.07,16.7944,80.07247,KRSNWDP_2026-06-16T06:00:00+0000_16.6660
KRSNWDP,Krishna at Wadenepally,Krishna,2026-06-16 07:00:00+00:00,16.575139923382707,NORMAL,18.45,19.84,23.07,16.7944,80.07247,KRSNWDP_2026-06-16T07:00:00+0000_16.5751
KRSNWDP,Krishna at Wadenepally,Krishna,2026-06-16 08:00:00+00:00,16.552044649229956,NORMAL,18.45,19.84,23.07,16.7944,80.07247,KRSNWDP_2026-06-16T08:00:00+0000_16.5520
KRSNWDP,Krishna at Wadenepally,Krishna,2026-06-16 09:00:00+00:00,16.569712632233735,NORMAL,18.45,19.84,23.07,16.7944,80.07247,KRSNWDP_2026-06-16T09:00:00+0000_16.5697
KRSNWDP,Krishna at Wadenepally,Krishna,2026-06-16 10:00:00+00:00,16.453481225351805,NORMAL,18.45,19.84,23.07,16.7944,80.07247,KRSNWDP_2026-06-16T10:00:00+0000_16.4535
KRSNWDP,Krishna at Wadenepally,Krishna,2026-06-16 11:00:00+00:00,16.499559294255054,NORMAL,18.45,19.84,23.07,16.7944,80.07247,KRSNWDP_2026-06-16T11:00:00+0000_16.4996
KRSNWDP,Krishna at Wadenepally,Krishna,2026-06-16 12:00:00+00:00,16.462041650163588,NORMAL,18.45,19.84,23.07,16.7944,80.07247,KRSNWDP_2026-06-16T12:00:00+0000_16.4620
KRSNWDP,Krishna at Wadenepally,Krishna,2026-06-16 13:00:00+00:00,16.497806135861538,NORMAL,18.45,19.84,23.07,16.7944,80.07247,KRSNWDP_2026-06-16T13:00:00+0000_16.4978
KRSNWDP,Krishna at Wadenepally,Krishna,2026-06-16 14:00:00+00:00,16.487906113032132,NORMAL,18.45,19.84,23.07,16.7944,80.07247,KRSNWDP_2026-06-16T14:00:00+0000_16.4879
KRSNWDP,Krishna at Wadenepally,Krishna,2026-06-16 15:00:00+00:00,16.53502215438048,NORMAL,18.45,19.84,23.07,16.7944,80.07247,KRSNWDP_2026-06-16T15:00:00+0000_16.5350
KRSNWDP,Krishna at Wadenepally,Krishna,2026-06-16 16:00:00+00:00,16.65566655371635,NORMAL,18.45,19.84,23.07,16.7944,80.07247,KRSNWDP_2026-06-16T16:00:00+0000_16.6557
KRSNWDP,Krishna at Wadenepally,Krishna,2026-06-16 17:00:00+00:00,16.676452452000213,NORMAL,18.45,19.84,23.07,16.7944,80.07247,KRSNWDP_2026-06-16T17:00:00+0000_16.6765
KRSNWDP,Krishna at Wadenepally,Krishna,2026-06-16 18:00:00+00:00,16.65981736416801,NORMAL,18.45,19.84,23.07,16.7944,80.07247,KRSNWDP_2026-06-16T18:00:00+0000_16.6598
KRSNWDP,Krishna at Wadenepally,Krishna,2026-06-16 19:00:00+00:00,16.757778252252795,NORMAL,18.45,19.84,23.07,16.7944,80.07247,KRSNWDP_2026-06-16T19:00:00+0000_16.7578
KRSNWDP,Krishna at Wadenepally,Krishna,2026-06-16 20:00:00+00:00,16.827635427224532,NORMAL,18.45,19.84,23.07,16.7944,80.07247,KRSNWDP_2026-06-16T20:00:00+0000_16.8276
KRSNWDP,Krishna at Wadenepally,Krishna,2026-06-16 21:00:00+00:00,16.857466269284387,NORMAL,18.45,19.84,23.07,16.7944,80.07247,KRSNWDP_2026-06-16T21:00:00+0000_16.8575
KRSNWDP,Krishna at Wadenepally,Krishna,2026-06-16 22:00:00+00:00,16.815890216491994,NORMAL,18.45,19.84,23.07,16.7944,80.07247,KRSNWDP_2026-06-16T22:00:00+0000_16.8159
KRSNWDP,Krishna at Wadenepally,Krishna,2026-06-16 23:00:00+00:00,16.833944593902462,NORMAL,18.45,19.84,23.07,16.7944,80.07247,KRSNWDP_2026-06-16T23:00:00+0000_16.8339
KRSNWDP,Krishna at Wadenepally,Krishna,2026-06-17 00:00:00+00:00,16.888965212142868,NORMAL,18.45,19.84,23.07,16.7944,80.07247,KRSNWDP_2026-06-17T00:00:00+0000_16.8890
KRSNWDP,Krishna at Wadenepally,Krishna,2026-06-17 01:00:00+00:00,16.81162416183877,NORMAL,18.45,19.84,23.07,16.7944,80.07247,KRSNWDP_2026-06-17T01:00:00+0000_16.8116
KRSNWDP,Krishna at Wadenepally,Krishna,2026-06-17 02:00:00+00:00,16.851989123974633,NORMAL,18.45,19.84,23.07,16.7944,80.07247,KRSNWDP_2026-06-17T02:00:00+0000_16.8520
KRSNWDP,Krishna at Wadenepally,Krishna,2026-06-17 03:00:00+00:00,16.748806764786817,NORMAL,18.45,19.84,23.07,16.7944,80.07247,KRSNWDP_2026-06-17T03:00:00+0000_16.7488
KRSNWDP,Krishna at Wadenepally,Krishna,2026-06-17 04:00:00+00:00,16.729385245064936,NORMAL,18.45,19.84,23.07,16.7944,80.07247,KRSNWDP_2026-06-17T04:00:00+0000_16.7294
KRSNWDP,Krishna at Wadenepally,Krishna,2026-06-17 05:00:00+00:00,16.67093779054206,NORMAL,18.45,19.84,23.07,16.7944,80.07247,KRSNWDP_2026-06-17T05:00:00+0000_16.6709
KRSNWDP,Krishna at Wadenepally,Krishna,2026-06-17 06:00:00+00:00,16.68129924448633,NORMAL,18.45,19.84,23.07,16.7944,80.07247,KRSNWDP_2026-06-17T06:00:00+0000_16.6813
KRSNWDP,Krishna at Wadenepally,Krishna,2026-06-17 07:00:00+00:00,16.55297948416311,NORMAL,18.45,19.84,23.07,16.7944,80.07247,KRSNWDP_2026-06-17T07:00:00+0000_16.5530
KRSNWDP,Krishna at Wadenepally,Krishna,2026-06-17 08:00:00+00:00,16.564481153594592,NORMAL,18.45,19.84,23.07,16.7944,80.07247,KRSNWDP_2026-06-17T08:00:00+0000_16.5645
KRSNWDP,Krishna at Wadenepally,Krishna,2026-06-17 09:00:00+00:00,16.54409578043417,NORMAL,18.45,19.84,23.07,16.7944,80.07247,KRSNWDP_2026-06-17T09:00:00+0000_16.5441
KRSNWDP,Krishna at Wadenepally,Krishna,2026-06-17 10:00:00+00:00,16.45695474168953,NORMAL,18.45,19.84,23.07,16.7944,80.07247,KRSNWDP_2026-06-17T10:00:00+0000_16.4570
KRSNWDP,Krishna at Wadenepally,Krishna,2026-06-17 11:00:00+00:00,16.477016839410283,NORMAL,18.45,19.84,23.07,16.7944,80.07247,KRSNWDP_2026-06-17T11:00:00+0000_16.4770
KRSNWDP,Krishna at Wadenepally,Krishna,2026-06-17 12:00:00+00:00,16.457499674712764,NORMAL,18.45,19.84,23.07,16.7944,80.07247,KRSNWDP_2026-06-17T12:00:00+0000_16.4575
KRSNWDP,Krishna at Wadenepally,Krishna,2026-06-17 13:00:00+00:00,16.551131178289022,NORMAL,18.45,19.84,23.07,16.7944,80.07247,KRSNWDP_2026-06-17T13:00:00+0000_16.5511
KRSNWDP,Krishna at Wadenepally,Krishna,2026-06-17 14:00:00+00:00,16.564306348002205,NORMAL,18.45,19.84,23.07,16.7944,80.07247,KRSNWDP_2026-06-17T14:00:00+0000_16.5643
KRSNWDP,Krishna at Wadenepally,Krishna,2026-06-17 15:00:00+00:00,16.58287832217946,NORMAL,18.45,19.84,23.07,16.7944,80.07247,KRSNWDP_2026-06-17T15:00:00+0000_16.5829
KRSNWDP,Krishna at Wadenepally,Krishna,2026-06-17 16:00:00+00:00,16.629051393697377,NORMAL,18.45,19.84,23.07,16.7944,80.07247,KRSNWDP_2026-06-17T16:00:00+0000_16.6291
KRSNWDP,Krishna at Wadenepally,Krishna,2026-06-17 17:00:00+00:00,16.68058837978223,NORMAL,18.45,19.84,23.07,16.7944,80.07247,KRSNWDP_2026-06-17T17:00:00+0000_16.6806
KRSNWDP,Krishna at Wadenepally,Krishna,2026-06-17 18:00:00+00:00,16.68243984865673,NORMAL,18.45,19.84,23.07,16.7944,80.07247,KRSNWDP_2026-06-17T18:00:00+0000_16.6824
KRSNWDP,Krishna at Wadenepally,Krishna,2026-06-17 19:00:00+00:00,16.767210057192795,NORMAL,18.45,19.84,23.07,16.7944,80.07247,KRSNWDP_2026-06-17T19:00:00+0000_16.7672
KRSNWDP,Krishna at Wadenepally,Krishna,2026-06-17 20:00:00+00:00,16.78864203077109,NORMAL,18.45,19.84,23.07,16.7944,80.07247,KRSNWDP_2026-06-17T20:00:00+0000_16.7886
KRSNWDP,Krishna at Wadenepally,Krishna,2026-06-17 21:00:00+00:00,16.814461520845825,NORMAL,18.45,19.84,23.07,16.7944,80.07247,KRSNWDP_2026-06-17T21:00:00+0000_16.8145
KRSNWDP,Krishna at Wadenepally,Krishna,2026-06-17 22:00:00+00:00,16.88861962600776,NORMAL,18.45,19.84,23.07,16.7944,80.07247,KRSNWDP_2026-06-17T22:00:00+0000_16.8886
KRSNWDP,Krishna at Wadenepally,Krishna,2026-06-17 23:00:00+00:00,16.883902829314145,NORMAL,18.45,19.84,23.07,16.7944,80.07247,KRSNWDP_2026-06-17T23:00:00+0000_16.8839
KRSNWDP,Krishna at Wadenepally,Krishna,2026-06-18 00:00:00+00:00,16.906330410618967,NORMAL,18.45,19.84,23.07,16.7944,80.07247,KRSNWDP_2026-06-18T00:00:00+0000_16.9063
KRSNWDP,Krishna at Wadenepally,Krishna,2026-06-18 01:00:00+00:00,16.862999989256984,NORMAL,18.45,19.84,23.07,16.7944,80.07247,KRSNWDP_2026-06-18T01:00:00+0000_16.8630
KRSNWDP,Krishna at Wadenepally,Krishna,2026-06-18 02:00:00+00:00,16.83486245140892,NORMAL,18.45,19.84,23.07,16.7944,80.07247,KRSNWDP_2026-06-18T02:00:00+0000_16.8349
KRSNWDP,Krishna at Wadenepally,Krishna,2026-06-18 03:00:00+00:00,16.766617645035833,NORMAL,18.45,19.84,23.07,16.7944,80.07247,KRSNWDP_2026-06-18T03:00:00+0000_16.7666
KRSNWDP,Krishna at Wadenepally,Krishna,2026-06-18 04:00:00+00:00,16.751948969406175,NORMAL,18.45,19.84,23.07,16.7944,80.07247,KRSNWDP_2026-06-18T04:00:00+0000_16.7519
KRSNWDP,Krishna at Wadenepally,Krishna,2026-06-18 05:00:00+00:00,16.670419269180066,NORMAL,18.45,19.84,23.07,16.7944,80.07247,KRSNWDP_2026-06-18T05:00:00+0000_16.6704
KRSNWDP,Krishna at Wadenepally,Krishna,2026-06-18 06:00:00+00:00,16.686549925240147,NORMAL,18.45,19.84,23.07,16.7944,80.07247,KRSNWDP_2026-06-18T06:00:00+0000_16.6865
KRSNWDP,Krishna at Wadenepally,Krishna,2026-06-18 07:00:00+00:00,18.819127995470232,WARNING,18.45,19.84,23.07,16.7944,80.07247,KRSNWDP_2026-06-18T07:00:00+0000_18.8191
KRSNWDP,Krishna at Wadenepally,Krishna,2026-06-18 08:00:00+00:00,18.495702341830143,WARNING,18.45,19.84,23.07,16.7944,80.07247,KRSNWDP_2026-06-18T08:00:00+0000_18.4957
KRSNWDP,Krishna at Wadenepally,Krishna,2026-06-18 09:00:00+00:00,18.275370432054466,NORMAL,18.45,19.84,23.07,16.7944,80.07247,KRSNWDP_2026-06-18T09:00:00+0000_18.2754
KRSNWDP,Krishna at Wadenepally,Krishna,2026-06-18 10:00:00+00:00,18.082857176128527,NORMAL,18.45,19.84,23.07,16.7944,80.07247,KRSNWDP_2026-06-18T10:00:00+0000_18.0829
KRSNWDP,Krishna at Wadenepally,Krishna,2026-06-18 11:00:00+00:00,17.935467950595342,NORMAL,18.45,19.84,23.07,16.7944,80.07247,KRSNWDP_2026-06-18T11:00:00+0000_17.9355
KRSNWDP,Krishna at Wadenepally,Krishna,2026-06-18 12:00:00+00:00,17.74374426681023,NORMAL,18.45,19.84,23.07,16.7944,80.07247,KRSNWDP_2026-06-18T12:00:00+0000_17.7437
KRSNWDP,Krishna at Wadenepally,Krishna,2026-06-18 13:00:00+00:00,16.47496739525806,NORMAL,18.45,19.84,23.07,16.7944,80.07247,KRSNWDP_2026-06-18T13:00:00+0000_16.4750
KRSNWDP,Krishna at Wadenepally,Krishna,2026-06-18 14:00:00+00:00,16.566082937207216,NORMAL,18.45,19.84,23.07,16.7944,80.07247,KRSNWDP_2026-06-18T14:00:00+0000_16.5661
KRSNWDP,Krishna at Wadenepally,Krishna,2026-06-18 15:00:00+00:00,16.5558184822515,NORMAL,18.45,19.84,23.07,16.7944,80.07247,KRSNWDP_2026-06-18T15:00:00+0000_16.5558
KRSNWDP,Krishna at Wadenepally,Krishna,2026-06-18 16:00:00+00:00,16.615276045444364,NORMAL,18.45,19.84,23.07,16.7944,80.07247,KRSNWDP_2026-06-18T16:00:00+0000_16.6153
KRSNWDP,Krishna at Wadenepally,Krishna,2026-06-18 17:00:00+00:00,16.637735583393628,NORMAL,18.45,19.84,23.07,16.7944,80.07247,KRSNWDP_2026-06-18T17:00:00+0000_16.6377
KRSNWDP,Krishna at Wadenepally,Krishna,2026-06-18 18:00:00+00:00,16.677260546822446,NORMAL,18.45,19.84,23.07,16.7944,80.07247,KRSNWDP_2026-06-18T18:00:00+0000_16.6773
KRSNWDP,Krishna at Wadenepally,Krishna,2026-06-18 19:00:00+00:00,16.75312108640131,NORMAL,18.45,19.84,23.07,16.7944,80.07247,KRSNWDP_2026-06-18T19:00:00+0000_16.7531
KRSNWDP,Krishna at Wadenepally,Krishna,2026-06-18 20:00:00+00:00,16.753900509808215,NORMAL,18.45,19.84,23.07,16.7944,80.07247,KRSNWDP_2026-06-18T20:00:00+0000_16.7539
KRSNWDP,Krishna at Wadenepally,Krishna,2026-06-18 21:00:00+00:00,16.799448607577943,NORMAL,18.45,19.84,23.07,16.7944,80.07247,KRSNWDP_2026-06-18T21:00:00+0000_16.7994
KRSNWDP,Krishna at Wadenepally,Krishna,2026-06-18 22:00:00+00:00,16.825331621923084,NORMAL,18.45,19.84,23.07,16.7944,80.07247,KRSNWDP_2026-06-18T22:00:00+0000_16.8253
KRSNWDP,Krishna at Wadenepally,Krishna,2026-06-18 23:00:00+00:00,16.84172583895926,NORMAL,18.45,19.84,23.07,16.7944,80.07247,KRSNWDP_2026-06-18T23:00:00+0000_16.8417
KRSNWDP,Krishna at Wadenepally,Krishna,2026-06-19 00:00:00+00:00,16.914805466620948,NORMAL,18.45,19.84,23.07,16.7944,80.07247,KRSNWDP_2026-06-19T00:00:00+0000_16.9148
KRSNWDP,Krishna at Wadenepally,Krishna,2026-06-19 01:00:00+00:00,16.856961397831228,NORMAL,18.45,19.84,23.07,16.7944,80.07247,KRSNWDP_2026-06-19T01:00:00+0000_16.8570
KRSNWDP,Krishna at Wadenepally,Krishna,2026-06-19 02:00:00+00:00,16.85098943398877,NORMAL,18.45,19.84,23.07,16.7944,80.07247,KRSNWDP_2026-06-19T02:00:00+0000_16.8510
KRSNWDP,Krishna at Wadenepally,Krishna,2026-06-19 03:00:00+00:00,16.81605024270727,NORMAL,18.45,19.84,23.07,16.7944,80.07247,KRSNWDP_2026-06-19T03:00:00+0000_16.8161
KRSNWDP,Krishna at Wadenepally,Krishna,2026-06-19 04:00:00+00:00,16.774288163780252,NORMAL,18.45,19.84,23.07,16.7944,80.07247,KRSNWDP_2026-06-19T04:00:00+0000_16.7743
KRSNWDP,Krishna at Wadenepally,Krishna,2026-06-19 05:00:00+00:00,16.65680400696696,NORMAL,18.45,19.84,23.07,16.7944,80.07247,KRSNWDP_2026-06-19T05:00:00+0000_16.6568
KRSNWDP,Krishna at Wadenepally,Krishna,2026-06-19 06:00:00+00:00,16.636339860747892,NORMAL,18.45,19.84,23.07,16.7944,80.07247,KRSNWDP_2026-06-19T06:00:00+0000_16.6363
KRSNWDP,Krishna at Wadenepally,Krishna,2026-06-19 07:00:00+00:00,16.626023700414734,NORMAL,18.45,19.84,23.07,16.7944,80.07247,KRSNWDP_2026-06-19T07:00:00+0000_16.6260
KRSNWDP,Krishna at Wadenepally,Krishna,2026-06-19 08:00:00+00:00,16.555664277509447,NORMAL,18.45,19.84,23.07,16.7944,80.07247,KRSNWDP_2026-06-19T08:00:00+0000_16.5557
KRSNWDP,Krishna at Wadenepally,Krishna,2026-06-19 09:00:00+00:00,16.545212103364836,NORMAL,18.45,19.84,23.07,16.7944,80.07247,KRSNWDP_2026-06-19T09:00:00+0000_16.5452
KRSNWDP,Krishna at Wadenepally,Krishna,2026-06-19 10:00:00+00:00,16.538093468705657,NORMAL,18.45,19.84,23.07,16.7944,80.07247,KRSNWDP_2026-06-19T10:00:00+0000_16.5381
KRSNWDP,Krishna at Wadenepally,Krishna,2026-06-19 11:00:00+00:00,16.538625201057037,NORMAL,18.45,19.84,23.07,16.7944,80.07247,KRSNWDP_2026-06-19T11:00:00+0000_16.5386
KRSNWDP,Krishna at Wadenepally,Krishna,2026-06-19 12:00:00+00:00,16.46441612632092,NORMAL,18.45,19.84,23.07,16.7944,80.07247,KRSNWDP_2026-06-19T12:00:00+0000_16.4644
KRSNWDP,Krishna at Wadenepally,Krishna,2026-06-19 13:00:00+00:00,16.526145164472617,NORMAL,18.45,19.84,23.07,16.7944,80.07247,KRSNWDP_2026-06-19T13:00:00+0000_16.5261
KRSNWDP,Krishna at Wadenepally,Krishna,2026-06-19 14:00:00+00:00,16.559307718480017,NORMAL,18.45,19.84,23.07,16.7944,80.07247,KRSNWDP_2026-06-19T14:00:00+0000_16.5593
KRSNWDP,Krishna at Wadenepally,Krishna,2026-06-19 15:00:00+00:00,16.519683614931854,NORMAL,18.45,19.84,23.07,16.7944,80.07247,KRSNWDP_2026-06-19T15:00:00+0000_16.5197
KRSNWDP,Krishna at Wadenepally,Krishna,2026-06-19 16:00:00+00:00,16.562554837351556,NORMAL,18.45,19.84,23.07,16.7944,80.07247,KRSNWDP_2026-06-19T16:00:00+0000_16.5626
KRSNWDP,Krishna at Wadenepally,Krishna,2026-06-19 17:00:00+00:00,16.702526134473107,NORMAL,18.45,19.84,23.07,16.7944,80.07247,KRSNWDP_2026-06-19T17:00:00+0000_16.7025
KRSNWDP,Krishna at Wadenepally,Krishna,2026-06-19 18:00:00+00:00,16.742309851913966,NORMAL,18.45,19.84,23.07,16.7944,80.07247,KRSNWDP_2026-06-19T18:00:00+0000_16.7423
KRSNWDP,Krishna at Wadenepally,Krishna,2026-06-19 19:00:00+00:00,16.745454747074035,NORMAL,18.45,19.84,23.07,16.7944,80.07247,KRSNWDP_2026-06-19T19:00:00+0000_16.7455
KRSNWDP,Krishna at Wadenepally,Krishna,2026-06-19 20:00:00+00:00,16.77522182466281,NORMAL,18.45,19.84,23.07,16.7944,80.07247,KRSNWDP_2026-06-19T20:00:00+0000_16.7752
KRSNWDP,Krishna at Wadenepally,Krishna,2026-06-19 21:00:00+00:00,16.869488634692242,NORMAL,18.45,19.84,23.07,16.7944,80.07247,KRSNWDP_2026-06-19T21:00:00+0000_16.8695
KRSNWDP,Krishna at Wadenepally,Krishna,2026-06-19 22:00:00+00:00,16.808676770828104,NORMAL,18.45,19.84,23.07,16.7944,80.07247,KRSNWDP_2026-06-19T22:00:00+0000_16.8087
KRSNWDP,Krishna at Wadenepally,Krishna,2026-06-19 23:00:00+00:00,16.85293101991868,NORMAL,18.45,19.84,23.07,16.7944,80.07247,KRSNWDP_2026-06-19T23:00:00+0000_16.8529
KRSNWDP,Krishna at Wadenepally,Krishna,2026-06-20 00:00:00+00:00,16.836402157161473,NORMAL,18.45,19.84,23.07,16.7944,80.07247,KRSNWDP_2026-06-20T00:00:00+0000_16.8364
KRSNWDP,Krishna at Wadenepally,Krishna,2026-06-20 01:00:00+00:00,16.87927014746208,NORMAL,18.45,19.84,23.07,16.7944,80.07247,KRSNWDP_2026-06-20T01:00:00+0000_16.8793
KRSNWDP,Krishna at Wadenepally,Krishna,2026-06-20 02:00:00+00:00,16.825741172814155,NORMAL,18.45,19.84,23.07,16.7944,80.07247,KRSNWDP_2026-06-20T02:00:00+0000_16.8257
KRSNWDP,Krishna at Wadenepally,Krishna,2026-06-20 03:00:00+00:00,16.786271085324753,NORMAL,18.45,19.84,23.07,16.7944,80.07247,KRSNWDP_2026-06-20T03:00:00+0000_16.7863
KRSNWDP,Krishna at Wadenepally,Krishna,2026-06-20 04:00:00+00:00,16.738991220677043,NORMAL,18.45,19.84,23.07,16.7944,80.07247,KRSNWDP_2026-06-20T04:00:00+0000_16.7390
KRSNWDP,Krishna at Wadenepally,Krishna,2026-06-20 05:00:00+00:00,16.73234652929462,NORMAL,18.45,19.84,23.07,16.7944,80.07247,KRSNWDP_2026-06-20T05:00:00+0000_16.7323
KRSNWDP,Krishna at Wadenepally,Krishna,2026-06-20 06:00:00+00:00,16.632821351716938,NORMAL,18.45,19.84,23.07,16.7944,80.07247,KRSNWDP_2026-06-20T06:00:00+0000_16.6328
KRSNWDP,Krishna at Wadenepally,Krishna,2026-06-20 07:00:00+00:00,16.578262562782268,NORMAL,18.45,19.84,23.07,16.7944,80.07247,KRSNWDP_2026-06-20T07:00:00+0000_16.5783
KRSNWDP,Krishna at Wadenepally,Krishna,2026-06-20 08:00:00+00:00,16.586974798715133,NORMAL,18.45,19.84,23.07,16.7944,80.07247,KRSNWDP_2026-06-20T08:00:00+0000_16.5870
KRSNWDP,Krishna at Wadenepally,Krishna,2026-06-20 09:00:00+00:00,16.50163902663502,NORMAL,18.45,19.84,23.07,16.7944,80.07247,KRSNWDP_2026-06-20T09:00:00+0000_16.5016
KRSNWDP,Krishna at Wadenepally,Krishna,2026-06-20 10:00:00+00:00,16.539503431903192,NORMAL,18.45,19.84,23.07,16.7944,80.07247,KRSNWDP_2026-06-20T10:00:00+0000_16.5395
KRSNWDP,Krishna at Wadenepally,Krishna,2026-06-20 11:00:00+00:00,16.44524866116812,NORMAL,18.45,19.84,23.07,16.7944,80.07247,KRSNWDP_2026-06-20T11:00:00+0000_16.4452
KRSNWDP,Krishna at Wadenepally,Krishna,2026-06-20 12:00:00+00:00,16.535306369487323,NORMAL,18.45,19.84,23.07,16.7944,80.07247,KRSNWDP_2026-06-20T12:00:00+0000_16.5353
KRSNWDP,Krishna at Wadenepally,Krishna,2026-06-20 13:00:00+00:00,16.526200151989787,NORMAL,18.45,19.84,23.07,16.7944,80.07247,KRSNWDP_2026-06-20T13:00:00+0000_16.5262
KRSNWDP,Krishna at Wadenepally,Krishna,2026-06-20 14:00:00+00:00,16.548425567325673,NORMAL,18.45,19.84,23.07,16.7944,80.07247,KRSNWDP_2026-06-20T14:00:00+0000_16.5484
KRSNWDP,Krishna at Wadenepally,Krishna,2026-06-20 15:00:00+00:00,16.546322287248444,NORMAL,18.45,19.84,23.07,16.7944,80.07247,KRSNWDP_2026-06-20T15:00:00+0000_16.5463
KRSNWDP,Krishna at Wadenepally,Krishna,2026-06-20 16:00:00+00:00,16.609863642288992,NORMAL,18.45,19.84,23.07,16.7944,80.07247,KRSNWDP_2026-06-20T16:00:00+0000_16.6099
KRSNWDP,Krishna at Wadenepally,Krishna,2026-06-20 17:00:00+00:00,16.63756279135157,NORMAL,18.45,19.84,23.07,16.7944,80.07247,KRSNWDP_2026-06-20T17:00:00+0000_16.6376
KRSNWDP,Krishna at Wadenepally,Krishna,2026-06-20 18:00:00+00:00,16.74216633761324,NORMAL,18.45,19.84,23.07,16.7944,80.07247,KRSNWDP_2026-06-20T18:00:00+0000_16.7422
KRSNWDP,Krishna at Wadenepally,Krishna,2026-06-20 19:00:00+00:00,16.753633186273408,NORMAL,18.45,19.84,23.07,16.7944,80.07247,KRSNWDP_2026-06-20T19:00:00+0000_16.7536
KRSNWDP,Krishna at Wadenepally,Krishna,2026-06-20 20:00:00+00:00,16.781611426962968,NORMAL,18.45,19.84,23.07,16.7944,80.07247,KRSNWDP_2026-06-20T20:00:00+0000_16.7816
KRSNWDP,Krishna at Wadenepally,Krishna,2026-06-20 21:00:00+00:00,16.818927288403952,NORMAL,18.45,19.84,23.07,16.7944,80.07247,KRSNWDP_2026-06-20T21:00:00+0000_16.8189
KRSNWDP,Krishna at Wadenepally,Krishna,2026-06-20 22:00:00+00:00,16.90414332407796,NORMAL,18.45,19.84,23.07,16.7944,80.07247,KRSNWDP_2026-06-20T22:00:00+0000_16.9041
KRSNWDP,Krishna at Wadenepally,Krishna,2026-06-20 23:00:00+00:00,16.893004675282125,NORMAL,18.45,19.84,23.07,16.7944,80.07247,KRSNWDP_2026-06-20T23:00:00+0000_16.8930
KRSNWDP,Krishna at Wadenepally,Krishna,2026-06-21 00:00:00+00:00,,,18.45,19.84,23.07,16.7944,80.07247,KRSNWDP_2026-06-21T00:00:00+0000_
KRSNWDP,Krishna at Wadenepally,Krishna,2026-06-21 01:00:00+00:00,16.89377637617513,NORMAL,18.45,19.84,23.07,16.7944,80.07247,KRSNWDP_2026-06-21T01:00:00+0000_16.8938
KRSNWDP,Krishna at Wadenepally,Krishna,2026-06-21 02:00:00+00:00,16.84272815534592,NORMAL,18.45,19.84,23.07,16.7944,80.07247,KRSNWDP_2026-06-21T02:00:00+0000_16.8427
KRSNWDP,Krishna at Wadenepally,Krishna,2026-06-21 03:00:00+00:00,16.819730187701147,NORMAL,18.45,19.84,23.07,16.7944,80.07247,KRSNWDP_2026-06-21T03:00:00+0000_16.8197
KRSNWDP,Krishna at Wadenepally,Krishna,2026-06-21 04:00:00+00:00,16.76542672375009,NORMAL,18.45,19.84,23.07,16.7944,80.07247,KRSNWDP_2026-06-21T04:00:00+0000_16.7654
KRSNWDP,Krishna at Wadenepally,Krishna,2026-06-21 05:00:00+00:00,16.663261615632038,NORMAL,18.45,19.84,23.07,16.7944,80.07247,KRSNWDP_2026-06-21T05:00:00+0000_16.6633
KRSNWDP,Krishna at Wadenepally,Krishna,2026-06-21 06:00:00+00:00,16.633148406144937,NORMAL,18.45,19.84,23.07,16.7944,80.07247,KRSNWDP_2026-06-21T06:00:00+0000_16.6331
KRSNWDP,Krishna at Wadenepally,Krishna,2026-06-21 07:00:00+00:00,16.62620471680367,NORMAL,18.45,19.84,23.07,16.7944,80.07247,KRSNWDP_2026-06-21T07:00:00+0000_16.6262
KRSNWDP,Krishna at Wadenepally,Krishna,2026-06-21 08:00:00+00:00,16.52063406763533,NORMAL,18.45,19.84,23.07,16.7944,80.07247,KRSNWDP_2026-06-21T08:00:00+0000_16.5206
KRSNWDP,Krishna at Wadenepally,Krishna,2026-06-21 09:00:00+00:00,16.481186200152468,NORMAL,18.45,19.84,23.07,16.7944,80.07247,KRSNWDP_2026-06-21T09:00:00+0000_16.4812
KRSNWDP,Krishna at Wadenepally,Krishna,2026-06-21 10:00:00+00:00,16.531003530801417,NORMAL,18.45,19.84,23.07,16.7944,80.07247,KRSNWDP_2026-06-21T10:00:00+0000_16.5310
KRSNWDP,Krishna at Wadenepally,Krishna,2026-06-21 11:00:00+00:00,16.50296077072539,NORMAL,18.45,19.84,23.07,16.7944,80.07247,KRSNWDP_2026-06-21T11:00:00+0000_16.5030
KRSNWDP,Krishna at Wadenepally,Krishna,2026-06-21 12:00:00+00:00,16.48641227412131,NORMAL,18.45,19.84,23.07,16.7944,80.07247,KRSNWDP_2026-06-21T12:00:00+0000_16.4864
KRSNWDP,Krishna at Wadenepally,Krishna,2026-06-21 13:00:00+00:00,16.536009243491677,NORMAL,18.45,19.84,23.07,16.7944,80.07247,KRSNWDP_2026-06-21T13:00:00+0000_16.5360
KRSNWDP,Krishna at Wadenepally,Krishna,2026-06-21 14:00:00+00:00,16.53602646282674,NORMAL,18.45,19.84,23.07,16.7944,80.07247,KRSNWDP_2026-06-21T14:00:00+0000_16.5360
KRSNWDP,Krishna at Wadenepally,Krishna,2026-06-21 15:00:00+00:00,16.528195751486926,NORMAL,18.45,19.84,23.07,16.7944,80.07247,KRSNWDP_2026-06-21T15:00:00+0000_16.5282
KRSNWDP,Krishna at Wadenepally,Krishna,2026-06-21 16:00:00+00:00,16.6184165200631,NORMAL,18.45,19.84,23.07,16.7944,80.07247,KRSNWDP_2026-06-21T16:00:00+0000_16.6184
KRSNWDP,Krishna at Wadenepally,Krishna,2026-06-21 17:00:00+00:00,16.695430764895775,NORMAL,18.45,19.84,23.07,16.7944,80.07247,KRSNWDP_2026-06-21T17:00:00+0000_16.6954
KRSNWDP,Krishna at Wadenepally,Krishna,2026-06-21 18:00:00+00:00,16.670002995679273,NORMAL,18.45,19.84,23.07,16.7944,80.07247,KRSNWDP_2026-06-21T18:00:00+0000_16.6700
KRSNWDP,Krishna at Wadenepally,Krishna,2026-06-21 19:00:00+00:00,16.73665381821014,NORMAL,18.45,19.84,23.07,16.7944,80.07247,KRSNWDP_2026-06-21T19:00:00+0000_16.7367
KRSNWDP,Krishna at Wadenepally,Krishna,2026-06-21 20:00:00+00:00,16.798879284974724,NORMAL,18.45,19.84,23.07,16.7944,80.07247,KRSNWDP_2026-06-21T20:00:00+0000_16.7989
KRSNWDP,Krishna at Wadenepally,Krishna,2026-06-21 21:00:00+00:00,16.805868507333347,NORMAL,18.45,19.84,23.07,16.7944,80.07247,KRSNWDP_2026-06-21T21:00:00+0000_16.8059
KRSNWDP,Krishna at Wadenepally,Krishna,2026-06-21 22:00:00+00:00,16.843409209284406,NORMAL,18.45,19.84,23.07,16.7944,80.07247,KRSNWDP_2026-06-21T22:00:00+0000_16.8434
KRSNWDP,Krishna at Wadenepally,Krishna,2026-06-21 23:00:00+00:00,16.887950977129922,NORMAL,18.45,19.84,23.07,16.7944,80.07247,KRSNWDP_2026-06-21T23:00:00+0000_16.8880
KRSNWDP,Krishna at Wadenepally,Krishna,2026-06-22 00:00:00+00:00,16.862897077385632,NORMAL,18.45,19.84,23.07,16.7944,80.07247,KRSNWDP_2026-06-22T00:00:00+0000_16.8629
KRSNWDP,Krishna at Wadenepally,Krishna,2026-06-22 01:00:00+00:00,16.86889665346048,NORMAL,18.45,19.84,23.07,16.7944,80.07247,KRSNWDP_2026-06-22T01:00:00+0000_16.8689
KRSNWDP,Krishna at Wadenepally,Krishna,2026-06-22 02:00:00+00:00,16.788691217014872,NORMAL,18.45,19.84,23.07,16.7944,80.07247,KRSNWDP_2026-06-22T02:00:00+0000_16.7887
KRSNWDP,Krishna at Wadenepally,Krishna,2026-06-22 03:00:00+00:00,16.783532935205656,NORMAL,18.45,19.84,23.07,16.7944,80.07247,KRSNWDP_2026-06-22T03:00:00+0000_16.7835
KRSNWDP,Krishna at Wadenepally,Krishna,2026-06-22 04:00:00+00:00,,,18.45,19.84,23.07,16.7944,80.07247,KRSNWDP_2026-06-22T04:00:00+0000_
KRSNWDP,Krishna at Wadenepally,Krishna,2026-06-22 05:00:00+00:00,16.713109931056653,NORMAL,18.45,19.84,23.07,16.7944,80.07247,KRSNWDP_2026-06-22T05:00:00+0000_16.7131
KRSNWDP,Krishna at Wadenepally,Krishna,2026-06-22 06:00:00+00:00,16.6124973840453,NORMAL,18.45,19.84,23.07,16.7944,80.07247,KRSNWDP_2026-06-22T06:00:00+0000_16.6125
KRSNWDP,Krishna at Wadenepally,Krishna,2026-06-22 07:00:00+00:00,16.575347637096428,NORMAL,18.45,19.84,23.07,16.7944,80.07247,KRSNWDP_2026-06-22T07:00:00+0000_16.5753
KRSNWDP,Krishna at Wadenepally,Krishna,2026-06-22 08:00:00+00:00,16.57421552902574,NORMAL,18.45,19.84,23.07,16.7944,80.07247,KRSNWDP_2026-06-22T08:00:00+0000_16.5742
KRSNWDP,Krishna at Wadenepally,Krishna,2026-06-22 09:00:00+00:00,16.55145931330551,NORMAL,18.45,19.84,23.07,16.7944,80.07247,KRSNWDP_2026-06-22T09:00:00+0000_16.5515
KRSNWDP,Krishna at Wadenepally,Krishna,2026-06-22 10:00:00+00:00,16.460978765008228,NORMAL,18.45,19.84,23.07,16.7944,80.07247,KRSNWDP_2026-06-22T10:00:00+0000_16.4610
KRSNWDP,Krishna at Wadenepally,Krishna,2026-06-22 11:00:00+00:00,16.52484854926495,NORMAL,18.45,19.84,23.07,16.7944,80.07247,KRSNWDP_2026-06-22T11:00:00+0000_16.5248
KRSNWDP,Krishna at Wadenepally,Krishna,2026-06-22 12:00:00+00:00,16.495720777199594,NORMAL,18.45,19.84,23.07,16.7944,80.07247,KRSNWDP_2026-06-22T12:00:00+0000_16.4957
KRSNWDP,Krishna at Wadenepally,Krishna,2026-06-22 13:00:00+00:00,16.463791309323366,NORMAL,18.45,19.84,23.07,16.7944,80.07247,KRSNWDP_2026-06-22T13:00:00+0000_16.4638
KRSNWDP,Krishna at Wadenepally,Krishna,2026-06-22 14:00:00+00:00,16.57875889030314,NORMAL,18.45,19.84,23.07,16.7944,80.07247,KRSNWDP_2026-06-22T14:00:00+0000_16.5788
KRSNWDP,Krishna at Wadenepally,Krishna,2026-06-22 15:00:00+00:00,16.546146176002946,NORMAL,18.45,19.84,23.07,16.7944,80.07247,KRSNWDP_2026-06-22T15:00:00+0000_16.5461
KRSNWDP,Krishna at Wadenepally,Krishna,2026-06-22 16:00:00+00:00,16.632331567908803,NORMAL,18.45,19.84,23.07,16.7944,80.07247,KRSNWDP_2026-06-22T16:00:00+0000_16.6323
KRSNWDP,Krishna at Wadenepally,Krishna,2026-06-22 17:00:00+00:00,16.616691683498903,NORMAL,18.45,19.84,23.07,16.7944,80.07247,KRSNWDP_2026-06-22T17:00:00+0000_16.6167
KRSNWDP,Krishna at Wadenepally,Krishna,2026-06-22 18:00:00+00:00,16.74374180782083,NORMAL,18.45,19.84,23.07,16.7944,80.07247,KRSNWDP_2026-06-22T18:00:00+0000_16.7437
KRSNWDP,Krishna at Wadenepally,Krishna,2026-06-22 19:00:00+00:00,16.804942849408338,NORMAL,18.45,19.84,23.07,16.7944,80.07247,KRSNWDP_2026-06-22T19:00:00+0000_16.8049
KRSNWDP,Krishna at Wadenepally,Krishna,2026-06-22 20:00:00+00:00,16.77750065493339,NORMAL,18.45,19.84,23.07,16.7944,80.07247,KRSNWDP_2026-06-22T20:00:00+0000_16.7775
KRSNWDP,Krishna at Wadenepally,Krishna,2026-06-22 21:00:00+00:00,16.81917788333459,NORMAL,18.45,19.84,23.07,16.7944,80.07247,KRSNWDP_2026-06-22T21:00:00+0000_16.8192
KRSNWDP,Krishna at Wadenepally,Krishna,2026-06-22 22:00:00+00:00,16.865686523271805,NORMAL,18.45,19.84,23.07,16.7944,80.07247,KRSNWDP_2026-06-22T22:00:00+0000_16.8657
KRSNWDP,Krishna at Wadenepally,Krishna,2026-06-22 23:00:00+00:00,16.840332082229814,NORMAL,18.45,19.84,23.07,16.7944,80.07247,KRSNWDP_2026-06-22T23:00:00+0000_16.8403
KRSNWDP,Krishna at Wadenepally,Krishna,2026-06-23 00:00:00+00:00,16.91422337372312,NORMAL,18.45,19.84,23.07,16.7944,80.07247,KRSNWDP_2026-06-23T00:00:00+0000_16.9142
KRSNWDP,Krishna at Wadenepally,Krishna,2026-06-23 01:00:00+00:00,16.849040112809867,NORMAL,18.45,19.84,23.07,16.7944,80.07247,KRSNWDP_2026-06-23T01:00:00+0000_16.8490
KRSNWDP,Krishna at Wadenepally,Krishna,2026-06-23 02:00:00+00:00,16.795736601188946,NORMAL,18.45,19.84,23.07,16.7944,80.07247,KRSNWDP_2026-06-23T02:00:00+0000_16.7957
KRSNWDP,Krishna at Wadenepally,Krishna,2026-06-23 03:00:00+00:00,16.781777615522568,NORMAL,18.45,19.84,23.07,16.7944,80.07247,KRSNWDP_2026-06-23T03:00:00+0000_16.7818
KRSNWDP,Krishna at Wadenepally,Krishna,2026-06-23 04:00:00+00:00,16.733997360859643,NORMAL,18.45,19.84,23.07,16.7944,80.07247,KRSNWDP_2026-06-23T04:00:00+0000_16.7340
KRSNWDP,Krishna at Wadenepally,Krishna,2026-06-23 05:00:00+00:00,16.751176816587705,NORMAL,18.45,19.84,23.07,16.7944,80.07247,KRSNWDP_2026-06-23T05:00:00+0000_16.7512
KRSNWDP,Krishna at Wadenepally,Krishna,2026-06-23 06:00:00+00:00,16.636757639401672,NORMAL,18.45,19.84,23.07,16.7944,80.07247,KRSNWDP_2026-06-23T06:00:00+0000_16.6368
KRSNWDP,Krishna at Wadenepally,Krishna,2026-06-23 07:00:00+00:00,16.562312262226527,NORMAL,18.45,19.84,23.07,16.7944,80.07247,KRSNWDP_2026-06-23T07:00:00+0000_16.5623
KRSNWDP,Krishna at Wadenepally,Krishna,2026-06-23 08:00:00+00:00,16.60701923406851,NORMAL,18.45,19.84,23.07,16.7944,80.07247,KRSNWDP_2026-06-23T08:00:00+0000_16.6070
KRSNWDP,Krishna at Wadenepally,Krishna,2026-06-23 09:00:00+00:00,16.567803474310182,NORMAL,18.45,19.84,23.07,16.7944,80.07247,KRSNWDP_2026-06-23T09:00:00+0000_16.5678
KRSNWDP,Krishna at Wadenepally,Krishna,2026-06-23 10:00:00+00:00,16.48698091406958,NORMAL,18.45,19.84,23.07,16.7944,80.07247,KRSNWDP_2026-06-23T10:00:00+0000_16.4870
KRSNWDP,Krishna at Wadenepally,Krishna,2026-06-23 11:00:00+00:00,16.500392046187923,NORMAL,18.45,19.84,23.07,16.7944,80.07247,KRSNWDP_2026-06-23T11:00:00+0000_16.5004
KRSNWDP,Krishna at Wadenepally,Krishna,2026-06-23 12:00:00+00:00,16.45717904581426,NORMAL,18.45,19.84,23.07,16.7944,80.07247,KRSNWDP_2026-06-23T12:00:00+0000_16.4572
KRSNWDP,Krishna at Wadenepally,Krishna,2026-06-23 13:00:00+00:00,16.545155249135387,NORMAL,18.45,19.84,23.07,16.7944,80.07247,KRSNWDP_2026-06-23T13:00:00+0000_16.5452
KRSNWDP,Krishna at Wadenepally,Krishna,2026-06-23 14:00:00+00:00,16.543890720446267,NORMAL,18.45,19.84,23.07,16.7944,80.07247,KRSNWDP_2026-06-23T14:00:00+0000_16.5439
KRSNWDP,Krishna at Wadenepally,Krishna,2026-06-23 15:00:00+00:00,16.57142208613784,NORMAL,18.45,19.84,23.07,16.7944,80.07247,KRSNWDP_2026-06-23T15:00:00+0000_16.5714
KRSNWDP,Krishna at Wadenepally,Krishna,2026-06-23 16:00:00+00:00,16.628120862779312,NORMAL,18.45,19.84,23.07,16.7944,80.07247,KRSNWDP_2026-06-23T16:00:00+0000_16.6281
KRSNWDP,Krishna at Wadenepally,Krishna,2026-06-23 17:00:00+00:00,16.69041822317716,NORMAL,18.45,19.84,23.07,16.7944,80.07247,KRSNWDP_2026-06-23T17:00:00+0000_16.6904
KRSNWDP,Krishna at Wadenepally,Krishna,2026-06-23 18:00:00+00:00,16.754062350694483,NORMAL,18.45,19.84,23.07,16.7944,80.07247,KRSNWDP_2026-06-23T18:00:00+0000_16.7541
KRSNWDP,Krishna at Wadenepally,Krishna,2026-06-23 19:00:00+00:00,16.712038098900276,NORMAL,18.45,19.84,23.07,16.7944,80.07247,KRSNWDP_2026-06-23T19:00:00+0000_16.7120
KRSNWDP,Krishna at Wadenepally,Krishna,2026-06-23 20:00:00+00:00,16.82909697487052,NORMAL,18.45,19.84,23.07,16.7944,80.07247,KRSNWDP_2026-06-23T20:00:00+0000_16.8291
KRSNWDP,Krishna at Wadenepally,Krishna,2026-06-23 21:00:00+00:00,16.808913396547723,NORMAL,18.45,19.84,23.07,16.7944,80.07247,KRSNWDP_2026-06-23T21:00:00+0000_16.8089
KRSNWDP,Krishna at Wadenepally,Krishna,2026-06-23 22:00:00+00:00,16.893012222243456,NORMAL,18.45,19.84,23.07,16.7944,80.07247,KRSNWDP_2026-06-23T22:00:00+0000_16.8930
KRSNWDP,Krishna at Wadenepally,Krishna,2026-06-23 23:00:00+00:00,16.86041782427437,NORMAL,18.45,19.84,23.07,16.7944,80.07247,KRSNWDP_2026-06-23T23:00:00+0000_16.8604
KRSNWDP,Krishna at Wadenepally,Krishna,2026-06-24 00:00:00+00:00,16.828704768503588,NORMAL,18.45,19.84,23.07,16.7944,80.07247,KRSNWDP_2026-06-24T00:00:00+0000_16.8287
KRSNWDP,Krishna at Wadenepally,Krishna,2026-06-24 01:00:00+00:00,16.824330710273003,NORMAL,18.45,19.84,23.07,16.7944,80.07247,KRSNWDP_2026-06-24T01:00:00+0000_16.8243
KRSNWDP,Krishna at Wadenepally,Krishna,2026-06-24 02:00:00+00:00,16.847847352453442,NORMAL,18.45,19.84,23.07,16.7944,80.07247,KRSNWDP_2026-06-24T02:00:00+0000_16.8478
KRSNWDP,Krishna at Wadenepally,Krishna,2026-06-24 03:00:00+00:00,16.840808168909174,NORMAL,18.45,19.84,23.07,16.7944,80.07247,KRSNWDP_2026-06-24T03:00:00+0000_16.8408
KRSNWDP,Krishna at Wadenepally,Krishna,2026-06-24 04:00:00+00:00,16.748460978511833,NORMAL,18.45,19.84,23.07,16.7944,80.07247,KRSNWDP_2026-06-24T04:00:00+0000_16.7485
KRSNWDP,Krishna at Wadenepally,Krishna,2026-06-24 05:00:00+00:00,16.694532756283422,NORMAL,18.45,19.84,23.07,16.7944,80.07247,KRSNWDP_2026-06-24T05:00:00+0000_16.6945
KRSNWDP,Krishna at Wadenepally,Krishna,2026-06-24 06:00:00+00:00,16.645774019895427,NORMAL,18.45,19.84,23.07,16.7944,80.07247,KRSNWDP_2026-06-24T06:00:00+0000_16.6458
KRSNWDP,Krishna at Wadenepally,Krishna,2026-06-24 07:00:00+00:00,16.65489821316939,NORMAL,18.45,19.84,23.07,16.7944,80.07247,KRSNWDP_2026-06-24T07:00:00+0000_16.6549
KRSNWDP,Krishna at Wadenepally,Krishna,2026-06-24 08:00:00+00:00,16.614328683011582,NORMAL,18.45,19.84,23.07,16.7944,80.07247,KRSNWDP_2026-06-24T08:00:00+0000_16.6143
KRSNWDP,Krishna at Wadenepally,Krishna,2026-06-24 09:00:00+00:00,16.575418320843863,NORMAL,18.45,19.84,23.07,16.7944,80.07247,KRSNWDP_2026-06-24T09:00:00+0000_16.5754
KRSNWDP,Krishna at Wadenepally,Krishna,2026-06-24 10:00:00+00:00,16.478869076351977,NORMAL,18.45,19.84,23.07,16.7944,80.07247,KRSNWDP_2026-06-24T10:00:00+0000_16.4789
KRSNWDP,Krishna at Wadenepally,Krishna,2026-06-24 11:00:00+00:00,,,18.45,19.84,23.07,16.7944,80.07247,KRSNWDP_2026-06-24T11:00:00+0000_
KRSNWDP,Krishna at Wadenepally,Krishna,2026-06-24 12:00:00+00:00,16.477513723735303,NORMAL,18.45,19.84,23.07,16.7944,80.07247,KRSNWDP_2026-06-24T12:00:00+0000_16.4775
KRSNWDP,Krishna at Wadenepally,Krishna,2026-06-24 13:00:00+00:00,16.473883267423414,NORMAL,18.45,19.84,23.07,16.7944,80.07247,KRSNWDP_2026-06-24T13:00:00+0000_16.4739
KRSNWDP,Krishna at Wadenepally,Krishna,2026-06-24 14:00:00+00:00,16.504595469323796,NORMAL,18.45,19.84,23.07,16.7944,80.07247,KRSNWDP_2026-06-24T14:00:00+0000_16.5046
KRSNWDP,Krishna at Wadenepally,Krishna,2026-06-24 15:00:00+00:00,16.604222115824566,NORMAL,18.45,19.84,23.07,16.7944,80.07247,KRSNWDP_2026-06-24T15:00:00+0000_16.6042
KRSNWDP,Krishna at Wadenepally,Krishna,2026-06-24 16:00:00+00:00,16.634683197393418,NORMAL,18.45,19.84,23.07,16.7944,80.07247,KRSNWDP_2026-06-24T16:00:00+0000_16.6347
KRSNWDP,Krishna at Wadenepally,Krishna,2026-06-24 17:00:00+00:00,16.69686190508179,NORMAL,18.45,19.84,23.07,16.7944,80.07247,KRSNWDP_2026-06-24T17:00:00+0000_16.6969
KRSNWDP,Krishna at Wadenepally,Krishna,2026-06-24 18:00:00+00:00,16.705349675657352,NORMAL,18.45,19.84,23.07,16.7944,80.07247,KRSNWDP_2026-06-24T18:00:00+0000_16.7053
KRSNWDP,Krishna at Wadenepally,Krishna,2026-06-24 19:00:00+00:00,16.77577318812384,NORMAL,18.45,19.84,23.07,16.7944,80.07247,KRSNWDP_2026-06-24T19:00:00+0000_16.7758
KRSNWDP,Krishna at Wadenepally,Krishna,2026-06-24 20:00:00+00:00,16.84432026118123,NORMAL,18.45,19.84,23.07,16.7944,80.07247,KRSNWDP_2026-06-24T20:00:00+0000_16.8443
KRSNWDP,Krishna at Wadenepally,Krishna,2026-06-24 21:00:00+00:00,16.812493572937022,NORMAL,18.45,19.84,23.07,16.7944,80.07247,KRSNWDP_2026-06-24T21:00:00+0000_16.8125
KRSNWDP,Krishna at Wadenepally,Krishna,2026-06-24 22:00:00+00:00,16.872007585420864,NORMAL,18.45,19.84,23.07,16.7944,80.07247,KRSNWDP_2026-06-24T22:00:00+0000_16.8720
KRSNWDP,Krishna at Wadenepally,Krishna,2026-06-24 23:00:00+00:00,16.891570819308953,NORMAL,18.45,19.84,23.07,16.7944,80.07247,KRSNWDP_2026-06-24T23:00:00+0000_16.8916
KRSNWDP,Krishna at Wadenepally,Krishna,2026-06-25 00:00:00+00:00,16.834963568442518,NORMAL,18.45,19.84,23.07,16.7944,80.07247,KRSNWDP_2026-06-25T00:00:00+0000_16.8350
KRSNWDP,Krishna at Wadenepally,Krishna,2026-06-25 01:00:00+00:00,16.894649682616524,NORMAL,18.45,19.84,23.07,16.7944,80.07247,KRSNWDP_2026-06-25T01:00:00+0000_16.8946
KRSNWDP,Krishna at Wadenepally,Krishna,2026-06-25 02:00:00+00:00,16.82944490821204,NORMAL,18.45,19.84,23.07,16.7944,80.07247,KRSNWDP_2026-06-25T02:00:00+0000_16.8294
KRSNWDP,Krishna at Wadenepally,Krishna,2026-06-25 03:00:00+00:00,16.792400188201903,NORMAL,18.45,19.84,23.07,16.7944,80.07247,KRSNWDP_2026-06-25T03:00:00+0000_16.7924
KRSNWDP,Krishna at Wadenepally,Krishna,2026-06-25 04:00:00+00:00,16.71004106109389,NORMAL,18.45,19.84,23.07,16.7944,80.07247,KRSNWDP_2026-06-25T04:00:00+0000_16.7100
KRSNWDP,Krishna at Wadenepally,Krishna,2026-06-25 05:00:00+00:00,16.688079415150554,NORMAL,18.45,19.84,23.07,16.7944,80.07247,KRSNWDP_2026-06-25T05:00:00+0000_16.6881
KRSNWDP,Krishna at Wadenepally,Krishna,2026-06-25 06:00:00+00:00,16.663815898132928,NORMAL,18.45,19.84,23.07,16.7944,80.07247,KRSNWDP_2026-06-25T06:00:00+0000_16.6638
KRSNWDP,Krishna at Wadenepally,Krishna,2026-06-25 07:00:00+00:00,16.56890694987882,NORMAL,18.45,19.84,23.07,16.7944,80.07247,KRSNWDP_2026-06-25T07:00:00+0000_16.5689
KRSNWDP,Krishna at Wadenepally,Krishna,2026-06-25 08:00:00+00:00,16.54523727022279,NORMAL,18.45,19.84,23.07,16.7944,80.07247,KRSNWDP_2026-06-25T08:00:00+0000_16.5452
KRSNWDP,Krishna at Wadenepally,Krishna,2026-06-25 09:00:00+00:00,16.538583985818253,NORMAL,18.45,19.84,23.07,16.7944,80.07247,KRSNWDP_2026-06-25T09:00:00+0000_16.5386
KRSNWDP,Krishna at Wadenepally,Krishna,2026-06-25 10:00:00+00:00,16.5317692029395,NORMAL,18.45,19.84,23.07,16.7944,80.07247,KRSNWDP_2026-06-25T10:00:00+0000_16.5318
KRSNWDP,Krishna at Wadenepally,Krishna,2026-06-25 11:00:00+00:00,16.461524493260725,NORMAL,18.45,19.84,23.07,16.7944,80.07247,KRSNWDP_2026-06-25T11:00:00+0000_16.4615
KRSNWDP,Krishna at Wadenepally,Krishna,2026-06-25 12:00:00+00:00,16.480317317595905,NORMAL,18.45,19.84,23.07,16.7944,80.07247,KRSNWDP_2026-06-25T12:00:00+0000_16.4803
KRSNWDP,Krishna at Wadenepally,Krishna,2026-06-25 13:00:00+00:00,16.51167555766989,NORMAL,18.45,19.84,23.07,16.7944,80.07247,KRSNWDP_2026-06-25T13:00:00+0000_16.5117
KRSNWDP,Krishna at Wadenepally,Krishna,2026-06-25 14:00:00+00:00,,,18.45,19.84,23.07,16.7944,80.07247,KRSNWDP_2026-06-25T14:00:00+0000_
KRSNWDP,Krishna at Wadenepally,Krishna,2026-06-25 15:00:00+00:00,16.569984946038144,NORMAL,18.45,19.84,23.07,16.7944,80.07247,KRSNWDP_2026-06-25T15:00:00+0000_16.5700
KRSNWDP,Krishna at Wadenepally,Krishna,2026-06-25 16:00:00+00:00,16.600457719808446,NORMAL,18.45,19.84,23.07,16.7944,80.07247,KRSNWDP_2026-06-25T16:00:00+0000_16.6005
KRSNWDP,Krishna at Wadenepally,Krishna,2026-06-25 17:00:00+00:00,16.615579395923554,NORMAL,18.45,19.84,23.07,16.7944,80.07247,KRSNWDP_2026-06-25T17:00:00+0000_16.6156
KRSNWDP,Krishna at Wadenepally,Krishna,2026-06-25 18:00:00+00:00,16.748344509081026,NORMAL,18.45,19.84,23.07,16.7944,80.07247,KRSNWDP_2026-06-25T18:00:00+0000_16.7483
KRSNWDP,Krishna at Wadenepally,Krishna,2026-06-25 19:00:00+00:00,16.738488013852443,NORMAL,18.45,19.84,23.07,16.7944,80.07247,KRSNWDP_2026-06-25T19:00:00+0000_16.7385
KRSNWDP,Krishna at Wadenepally,Krishna,2026-06-25 20:00:00+00:00,16.76237917757418,NORMAL,18.45,19.84,23.07,16.7944,80.07247,KRSNWDP_2026-06-25T20:00:00+0000_16.7624
KRSNWDP,Krishna at Wadenepally,Krishna,2026-06-25 21:00:00+00:00,16.794067075473297,NORMAL,18.45,19.84,23.07,16.7944,80.07247,KRSNWDP_2026-06-25T21:00:00+0000_16.7941
KRSNWDP,Krishna at Wadenepally,Krishna,2026-06-25 22:00:00+00:00,16.826886682642773,NORMAL,18.45,19.84,23.07,16.7944,80.07247,KRSNWDP_2026-06-25T22:00:00+0000_16.8269
KRSNWDP,Krishna at Wadenepally,Krishna,2026-06-25 23:00:00+00:00,16.85785673006671,NORMAL,18.45,19.84,23.07,16.7944,80.07247,KRSNWDP_2026-06-25T23:00:00+0000_16.8579
KRSNWDP,Krishna at Wadenepally,Krishna,2026-06-26 00:00:00+00:00,16.900231014972714,NORMAL,18.45,19.84,23.07,16.7944,80.07247,KRSNWDP_2026-06-26T00:00:00+0000_16.9002
KRSNWDP,Krishna at Wadenepally,Krishna,2026-06-26 01:00:00+00:00,16.84735124998145,NORMAL,18.45,19.84,23.07,16.7944,80.07247,KRSNWDP_2026-06-26T01:00:00+0000_16.8474
KRSNWDP,Krishna at Wadenepally,Krishna,2026-06-26 02:00:00+00:00,16.883686458782364,NORMAL,18.45,19.84,23.07,16.7944,80.07247,KRSNWDP_2026-06-26T02:00:00+0000_16.8837
KRSNWDP,Krishna at Wadenepally,Krishna,2026-06-26 03:00:00+00:00,16.790090847152413,NORMAL,18.45,19.84,23.07,16.7944,80.07247,KRSNWDP_2026-06-26T03:00:00+0000_16.7901
KRSNWDP,Krishna at Wadenepally,Krishna,2026-06-26 04:00:00+00:00,16.803149142529513,NORMAL,18.45,19.84,23.07,16.7944,80.07247,KRSNWDP_2026-06-26T04:00:00+0000_16.8031
KRSNWDP,Krishna at Wadenepally,Krishna,2026-06-26 05:00:00+00:00,,,18.45,19.84,23.07,16.7944,80.07247,KRSNWDP_2026-06-26T05:00:00+0000_
KRSNWDP,Krishna at Wadenepally,Krishna,2026-06-26 06:00:00+00:00,16.637456914478346,NORMAL,18.45,19.84,23.07,16.7944,80.07247,KRSNWDP_2026-06-26T06:00:00+0000_16.6375
KRSNWDP,Krishna at Wadenepally,Krishna,2026-06-26 07:00:00+00:00,16.613844382656257,NORMAL,18.45,19.84,23.07,16.7944,80.07247,KRSNWDP_2026-06-26T07:00:00+0000_16.6138
KRSNWDP,Krishna at Wadenepally,Krishna,2026-06-26 08:00:00+00:00,16.590554342318505,NORMAL,18.45,19.84,23.07,16.7944,80.07247,KRSNWDP_2026-06-26T08:00:00+0000_16.5906
KRSNWDP,Krishna at Wadenepally,Krishna,2026-06-26 09:00:00+00:00,16.575245011479932,NORMAL,18.45,19.84,23.07,16.7944,80.07247,KRSNWDP_2026-06-26T09:00:00+0000_16.5752
KRSNWDP,Krishna at Wadenepally,Krishna,2026-06-26 10:00:00+00:00,16.50265047447662,NORMAL,18.45,19.84,23.07,16.7944,80.07247,KRSNWDP_2026-06-26T10:00:00+0000_16.5027
KRSNWDP,Krishna at Wadenepally,Krishna,2026-06-26 11:00:00+00:00,16.486242289010878,NORMAL,18.45,19.84,23.07,16.7944,80.07247,KRSNWDP_2026-06-26T11:00:00+0000_16.4862
KRSNWDP,Krishna at Wadenepally,Krishna,2026-06-26 12:00:00+00:00,16.46055470534211,NORMAL,18.45,19.84,23.07,16.7944,80.07247,KRSNWDP_2026-06-26T12:00:00+0000_16.4606
KRSNWDP,Krishna at Wadenepally,Krishna,2026-06-26 13:00:00+00:00,16.503865520541346,NORMAL,18.45,19.84,23.07,16.7944,80.07247,KRSNWDP_2026-06-26T13:00:00+0000_16.5039
KRSNWDP,Krishna at Wadenepally,Krishna,2026-06-26 14:00:00+00:00,,,18.45,19.84,23.07,16.7944,80.07247,KRSNWDP_2026-06-26T14:00:00+0000_
KRSNWDP,Krishna at Wadenepally,Krishna,2026-06-26 15:00:00+00:00,16.534151335566918,NORMAL,18.45,19.84,23.07,16.7944,80.07247,KRSNWDP_2026-06-26T15:00:00+0000_16.5342
KRSNWDP,Krishna at Wadenepally,Krishna,2026-06-26 16:00:00+00:00,16.653076614168825,NORMAL,18.45,19.84,23.07,16.7944,80.07247,KRSNWDP_2026-06-26T16:00:00+0000_16.6531
KRSNWDP,Krishna at Wadenepally,Krishna,2026-06-26 17:00:00+00:00,16.623045309246844,NORMAL,18.45,19.84,23.07,16.7944,80.07247,KRSNWDP_2026-06-26T17:00:00+0000_16.6230
KRSNWDP,Krishna at Wadenepally,Krishna,2026-06-26 18:00:00+00:00,16.677670492492968,NORMAL,18.45,19.84,23.07,16.7944,80.07247,KRSNWDP_2026-06-26T18:00:00+0000_16.6777
KRSNWDP,Krishna at Wadenepally,Krishna,2026-06-26 19:00:00+00:00,16.784171464880217,NORMAL,18.45,19.84,23.07,16.7944,80.07247,KRSNWDP_2026-06-26T19:00:00+0000_16.7842
KRSNWDP,Krishna at Wadenepally,Krishna,2026-06-26 20:00:00+00:00,16.829053784752965,NORMAL,18.45,19.84,23.07,16.7944,80.07247,KRSNWDP_2026-06-26T20:00:00+0000_16.8291
KRSNWDP,Krishna at Wadenepally,Krishna,2026-06-26 21:00:00+00:00,16.887189889993994,NORMAL,18.45,19.84,23.07,16.7944,80.07247,KRSNWDP_2026-06-26T21:00:00+0000_16.8872
KRSNWDP,Krishna at Wadenepally,Krishna,2026-06-26 22:00:00+00:00,16.81843751161608,NORMAL,18.45,19.84,23.07,16.7944,80.07247,KRSNWDP_2026-06-26T22:00:00+0000_16.8184
KRSNWDP,Krishna at Wadenepally,Krishna,2026-06-26 23:00:00+00:00,16.849231318633485,NORMAL,18.45,19.84,23.07,16.7944,80.07247,KRSNWDP_2026-06-26T23:00:00+0000_16.8492
KRSNWDP,Krishna at Wadenepally,Krishna,2026-06-27 00:00:00+00:00,16.835865975693974,NORMAL,18.45,19.84,23.07,16.7944,80.07247,KRSNWDP_2026-06-27T00:00:00+0000_16.8359
KRSNWDP,Krishna at Wadenepally,Krishna,2026-06-27 01:00:00+00:00,16.841603840119753,NORMAL,18.45,19.84,23.07,16.7944,80.07247,KRSNWDP_2026-06-27T01:00:00+0000_16.8416
KRSNWDP,Krishna at Wadenepally,Krishna,2026-06-27 02:00:00+00:00,16.81567052125013,NORMAL,18.45,19.84,23.07,16.7944,80.07247,KRSNWDP_2026-06-27T02:00:00+0000_16.8157
KRSNWDP,Krishna at Wadenepally,Krishna,2026-06-27 03:00:00+00:00,16.79743334385961,NORMAL,18.45,19.84,23.07,16.7944,80.07247,KRSNWDP_2026-06-27T03:00:00+0000_16.7974
KRSNWDP,Krishna at Wadenepally,Krishna,2026-06-27 04:00:00+00:00,16.714675223790117,NORMAL,18.45,19.84,23.07,16.7944,80.07247,KRSNWDP_2026-06-27T04:00:00+0000_16.7147
KRSNWDP,Krishna at Wadenepally,Krishna,2026-06-27 05:00:00+00:00,16.730443264767683,NORMAL,18.45,19.84,23.07,16.7944,80.07247,KRSNWDP_2026-06-27T05:00:00+0000_16.7304
KRSNWDP,Krishna at Wadenepally,Krishna,2026-06-27 06:00:00+00:00,16.661609378908903,NORMAL,18.45,19.84,23.07,16.7944,80.07247,KRSNWDP_2026-06-27T06:00:00+0000_16.6616
KRSNWDP,Krishna at Wadenepally,Krishna,2026-06-27 07:00:00+00:00,16.61857122579607,NORMAL,18.45,19.84,23.07,16.7944,80.07247,KRSNWDP_2026-06-27T07:00:00+0000_16.6186
KRSNWDP,Krishna at Wadenepally,Krishna,2026-06-27 08:00:00+00:00,16.538016775350318,NORMAL,18.45,19.84,23.07,16.7944,80.07247,KRSNWDP_2026-06-27T08:00:00+0000_16.5380
KRSNWDP,Krishna at Wadenepally,Krishna,2026-06-27 09:00:00+00:00,16.553076478837912,NORMAL,18.45,19.84,23.07,16.7944,80.07247,KRSNWDP_2026-06-27T09:00:00+0000_16.5531
KRSNWDP,Krishna at Wadenepally,Krishna,2026-06-27 10:00:00+00:00,16.54337819876417,NORMAL,18.45,19.84,23.07,16.7944,80.07247,KRSNWDP_2026-06-27T10:00:00+0000_16.5434
KRSNWDP,Krishna at Wadenepally,Krishna,2026-06-27 11:00:00+00:00,16.5160971597784,NORMAL,18.45,19.84,23.07,16.7944,80.07247,KRSNWDP_2026-06-27T11:00:00+0000_16.5161
KRSNWDP,Krishna at Wadenepally,Krishna,2026-06-27 12:00:00+00:00,16.49811657811451,NORMAL,18.45,19.84,23.07,16.7944,80.07247,KRSNWDP_2026-06-27T12:00:00+0000_16.4981
KRSNWDP,Krishna at Wadenepally,Krishna,2026-06-27 13:00:00+00:00,16.483512739247825,NORMAL,18.45,19.84,23.07,16.7944,80.07247,KRSNWDP_2026-06-27T13:00:00+0000_16.4835
KRSNWDP,Krishna at Wadenepally,Krishna,2026-06-27 14:00:00+00:00,16.571557572955914,NORMAL,18.45,19.84,23.07,16.7944,80.07247,KRSNWDP_2026-06-27T14:00:00+0000_16.5716
KRSNWDP,Krishna at Wadenepally,Krishna,2026-06-27 15:00:00+00:00,16.54487645522659,NORMAL,18.45,19.84,23.07,16.7944,80.07247,KRSNWDP_2026-06-27T15:00:00+0000_16.5449
KRSNWDP,Krishna at Wadenepally,Krishna,2026-06-27 16:00:00+00:00,16.579762480869473,NORMAL,18.45,19.84,23.07,16.7944,80.07247,KRSNWDP_2026-06-27T16:00:00+0000_16.5798
KRSNWDP,Krishna at Wadenepally,Krishna,2026-06-27 17:00:00+00:00,16.644261666406827,NORMAL,18.45,19.84,23.07,16.7944,80.07247,KRSNWDP_2026-06-27T17:00:00+0000_16.6443
KRSNWDP,Krishna at Wadenepally,Krishna,2026-06-27 18:00:00+00:00,16.70214822702766,NORMAL,18.45,19.84,23.07,16.7944,80.07247,KRSNWDP_2026-06-27T18:00:00+0000_16.7021
KRSNWDP,Krishna at Wadenepally,Krishna,2026-06-27 19:00:00+00:00,16.80523632701829,NORMAL,18.45,19.84,23.07,16.7944,80.07247,KRSNWDP_2026-06-27T19:00:00+0000_16.8052
KRSNWDP,Krishna at Wadenepally,Krishna,2026-06-27 20:00:00+00:00,16.80298696640221,NORMAL,18.45,19.84,23.07,16.7944,80.07247,KRSNWDP_2026-06-27T20:00:00+0000_16.8030
KRSNWDP,Krishna at Wadenepally,Krishna,2026-06-27 21:00:00+00:00,,,18.45,19.84,23.07,16.7944,80.07247,KRSNWDP_2026-06-27T21:00:00+0000_
KRSNWDP,Krishna at Wadenepally,Krishna,2026-06-27 22:00:00+00:00,16.838756315954274,NORMAL,18.45,19.84,23.07,16.7944,80.07247,KRSNWDP_2026-06-27T22:00:00+0000_16.8388
KRSNWDP,Krishna at Wadenepally,Krishna,2026-06-27 23:00:00+00:00,16.886880364989384,NORMAL,18.45,19.84,23.07,16.7944,80.07247,KRSNWDP_2026-06-27T23:00:00+0000_16.8869
KRSNWDP,Krishna at Wadenepally,Krishna,2026-06-28 00:00:00+00:00,16.901042103500405,NORMAL,18.45,19.84,23.07,16.7944,80.07247,KRSNWDP_2026-06-28T00:00:00+0000_16.9010
KRSNWDP,Krishna at Wadenepally,Krishna,2026-06-28 01:00:00+00:00,16.86049329451618,NORMAL,18.45,19.84,23.07,16.7944,80.07247,KRSNWDP_2026-06-28T01:00:00+0000_16.8605
KRSNWDP,Krishna at Wadenepally,Krishna,2026-06-28 02:00:00+00:00,16.832206324686652,NORMAL,18.45,19.84,23.07,16.7944,80.07247,KRSNWDP_2026-06-28T02:00:00+0000_16.8322
KRSNWDP,Krishna at Wadenepally,Krishna,2026-06-28 03:00:00+00:00,16.764942022367308,NORMAL,18.45,19.84,23.07,16.7944,80.07247,KRSNWDP_2026-06-28T03:00:00+0000_16.7649
KRSNWDP,Krishna at Wadenepally,Krishna,2026-06-28 04:00:00+00:00,16.722058422202622,NORMAL,18.45,19.84,23.07,16.7944,80.07247,KRSNWDP_2026-06-28T04:00:00+0000_16.7221
KRSNWDP,Krishna at Wadenepally,Krishna,2026-06-28 05:00:00+00:00,16.69273467589352,NORMAL,18.45,19.84,23.07,16.7944,80.07247,KRSNWDP_2026-06-28T05:00:00+0000_16.6927
KRSNWDP,Krishna at Wadenepally,Krishna,2026-06-28 06:00:00+00:00,16.633141038515813,NORMAL,18.45,19.84,23.07,16.7944,80.07247,KRSNWDP_2026-06-28T06:00:00+0000_16.6331
KRSNWDP,Krishna at Wadenepally,Krishna,2026-06-28 07:00:00+00:00,16.580591313478013,NORMAL,18.45,19.84,23.07,16.7944,80.07247,KRSNWDP_2026-06-28T07:00:00+0000_16.5806
KRSNWDP,Krishna at Wadenepally,Krishna,2026-06-28 08:00:00+00:00,16.586397461358914,NORMAL,18.45,19.84,23.07,16.7944,80.07247,KRSNWDP_2026-06-28T08:00:00+0000_16.5864
KRSNWDP,Krishna at Wadenepally,Krishna,2026-06-28 09:00:00+00:00,16.51673315605365,NORMAL,18.45,19.84,23.07,16.7944,80.07247,KRSNWDP_2026-06-28T09:00:00+0000_16.5167
KRSNWDP,Krishna at Wadenepally,Krishna,2026-06-28 10:00:00+00:00,16.4653154719123,NORMAL,18.45,19.84,23.07,16.7944,80.07247,KRSNWDP_2026-06-28T10:00:00+0000_16.4653
KRSNWDP,Krishna at Wadenepally,Krishna,2026-06-28 11:00:00+00:00,16.545708348496497,NORMAL,18.45,19.84,23.07,16.7944,80.07247,KRSNWDP_2026-06-28T11:00:00+0000_16.5457
KRSNWDP,Krishna at Wadenepally,Krishna,2026-06-28 12:00:00+00:00,16.54211444362704,NORMAL,18.45,19.84,23.07,16.7944,80.07247,KRSNWDP_2026-06-28T12:00:00+0000_16.5421
KRSNWDP,Krishna at Wadenepally,Krishna,2026-06-28 13:00:00+00:00,16.538615205455393,NORMAL,18.45,19.84,23.07,16.7944,80.07247,KRSNWDP_2026-06-28T13:00:00+0000_16.5386
KRSNWDP,Krishna at Wadenepally,Krishna,2026-06-28 14:00:00+00:00,16.52809898888434,NORMAL,18.45,19.84,23.07,16.7944,80.07247,KRSNWDP_2026-06-28T14:00:00+0000_16.5281
KRSNWDP,Krishna at Wadenepally,Krishna,2026-06-28 15:00:00+00:00,16.605227959409625,NORMAL,18.45,19.84,23.07,16.7944,80.07247,KRSNWDP_2026-06-28T15:00:00+0000_16.6052
KRSNWDP,Krishna at Wadenepally,Krishna,2026-06-28 16:00:00+00:00,16.589375944608094,NORMAL,18.45,19.84,23.07,16.7944,80.07247,KRSNWDP_2026-06-28T16:00:00+0000_16.5894
KRSNWDP,Krishna at Wadenepally,Krishna,2026-06-28 17:00:00+00:00,16.699287980306895,NORMAL,18.45,19.84,23.07,16.7944,80.07247,KRSNWDP_2026-06-28T17:00:00+0000_16.6993
KRSNWDP,Krishna at Wadenepally,Krishna,2026-06-28 18:00:00+00:00,16.66671201514533,NORMAL,18.45,19.84,23.07,16.7944,80.07247,KRSNWDP_2026-06-28T18:00:00+0000_16.6667
KRSNWDP,Krishna at Wadenepally,Krishna,2026-06-28 19:00:00+00:00,16.722276255330588,NORMAL,18.45,19.84,23.07,16.7944,80.07247,KRSNWDP_2026-06-28T19:00:00+0000_16.7223
KRSNWDP,Krishna at Wadenepally,Krishna,2026-06-28 20:00:00+00:00,16.82060091484086,NORMAL,18.45,19.84,23.07,16.7944,80.07247,KRSNWDP_2026-06-28T20:00:00+0000_16.8206
KRSNWDP,Krishna at Wadenepally,Krishna,2026-06-28 21:00:00+00:00,16.79816104369159,NORMAL,18.45,19.84,23.07,16.7944,80.07247,KRSNWDP_2026-06-28T21:00:00+0000_16.7982
KRSNWDP,Krishna at Wadenepally,Krishna,2026-06-28 22:00:00+00:00,16.865948539729384,NORMAL,18.45,19.84,23.07,16.7944,80.07247,KRSNWDP_2026-06-28T22:00:00+0000_16.8659
KRSNWDP,Krishna at Wadenepally,Krishna,2026-06-28 23:00:00+00:00,16.87211160308481,NORMAL,18.45,19.84,23.07,16.7944,80.07247,KRSNWDP_2026-06-28T23:00:00+0000_16.8721
KRSNWDP,Krishna at Wadenepally,Krishna,2026-06-29 00:00:00+00:00,16.841755427193807,NORMAL,18.45,19.84,23.07,16.7944,80.07247,KRSNWDP_2026-06-29T00:00:00+0000_16.8418
KRSNWDP,Krishna at Wadenepally,Krishna,2026-06-29 01:00:00+00:00,16.886397960343164,NORMAL,18.45,19.84,23.07,16.7944,80.07247,KRSNWDP_2026-06-29T01:00:00+0000_16.8864
KRSNWDP,Krishna at Wadenepally,Krishna,2026-06-29 02:00:00+00:00,16.846005359726313,NORMAL,18.45,19.84,23.07,16.7944,80.07247,KRSNWDP_2026-06-29T02:00:00+0000_16.8460
KRSNWDP,Krishna at Wadenepally,Krishna,2026-06-29 03:00:00+00:00,,,18.45,19.84,23.07,16.7944,80.07247,KRSNWDP_2026-06-29T03:00:00+0000_
KRSNWDP,Krishna at Wadenepally,Krishna,2026-06-29 04:00:00+00:00,16.728543561808973,NORMAL,18.45,19.84,23.07,16.7944,80.07247,KRSNWDP_2026-06-29T04:00:00+0000_16.7285
KRSNWDP,Krishna at Wadenepally,Krishna,2026-06-29 05:00:00+00:00,16.735210749960995,NORMAL,18.45,19.84,23.07,16.7944,80.07247,KRSNWDP_2026-06-29T05:00:00+0000_16.7352
KRSNWDP,Krishna at Wadenepally,Krishna,2026-06-29 06:00:00+00:00,16.664242194112205,NORMAL,18.45,19.84,23.07,16.7944,80.07247,KRSNWDP_2026-06-29T06:00:00+0000_16.6642
KRSNWDP,Krishna at Wadenepally,Krishna,2026-06-29 07:00:00+00:00,16.587989707682468,NORMAL,18.45,19.84,23.07,16.7944,80.07247,KRSNWDP_2026-06-29T07:00:00+0000_16.5880
KRSNWDP,Krishna at Wadenepally,Krishna,2026-06-29 08:00:00+00:00,16.536669203426783,NORMAL,18.45,19.84,23.07,16.7944,80.07247,KRSNWDP_2026-06-29T08:00:00+0000_16.5367
KRSNWDP,Krishna at Wadenepally,Krishna,2026-06-29 09:00:00+00:00,16.56801744905824,NORMAL,18.45,19.84,23.07,16.7944,80.07247,KRSNWDP_2026-06-29T09:00:00+0000_16.5680
KRSNWDP,Krishna at Wadenepally,Krishna,2026-06-29 10:00:00+00:00,16.490608688984278,NORMAL,18.45,19.84,23.07,16.7944,80.07247,KRSNWDP_2026-06-29T10:00:00+0000_16.4906
KRSNWDP,Krishna at Wadenepally,Krishna,2026-06-29 11:00:00+00:00,16.45495970601825,NORMAL,18.45,19.84,23.07,16.7944,80.07247,KRSNWDP_2026-06-29T11:00:00+0000_16.4550
KRSNWDP,Krishna at Wadenepally,Krishna,2026-06-29 12:00:00+00:00,16.475383171126342,NORMAL,18.45,19.84,23.07,16.7944,80.07247,KRSNWDP_2026-06-29T12:00:00+0000_16.4754
KRSNWDP,Krishna at Wadenepally,Krishna,2026-06-29 13:00:00+00:00,16.542623693891827,NORMAL,18.45,19.84,23.07,16.7944,80.07247,KRSNWDP_2026-06-29T13:00:00+0000_16.5426
KRSNWDP,Krishna at Wadenepally,Krishna,2026-06-29 14:00:00+00:00,16.53472081362833,NORMAL,18.45,19.84,23.07,16.7944,80.07247,KRSNWDP_2026-06-29T14:00:00+0000_16.5347
KRSNWDP,Krishna at Wadenepally,Krishna,2026-06-29 15:00:00+00:00,16.616266814474155,NORMAL,18.45,19.84,23.07,16.7944,80.07247,KRSNWDP_2026-06-29T15:00:00+0000_16.6163
KRSNWDP,Krishna at Wadenepally,Krishna,2026-06-29 16:00:00+00:00,16.640342311467684,NORMAL,18.45,19.84,23.07,16.7944,80.07247,KRSNWDP_2026-06-29T16:00:00+0000_16.6403
KRSNWDP,Krishna at Wadenepally,Krishna,2026-06-29 17:00:00+00:00,,,18.45,19.84,23.07,16.7944,80.07247,KRSNWDP_2026-06-29T17:00:00+0000_
KRSNWDP,Krishna at Wadenepally,Krishna,2026-06-29 18:00:00+00:00,16.68038970969277,NORMAL,18.45,19.84,23.07,16.7944,80.07247,KRSNWDP_2026-06-29T18:00:00+0000_16.6804
KRSNWDP,Krishna at Wadenepally,Krishna,2026-06-29 19:00:00+00:00,16.75245496150603,NORMAL,18.45,19.84,23.07,16.7944,80.07247,KRSNWDP_2026-06-29T19:00:00+0000_16.7525
KRSNWDP,Krishna at Wadenepally,Krishna,2026-06-29 20:00:00+00:00,16.85110580577323,NORMAL,18.45,19.84,23.07,16.7944,80.07247,KRSNWDP_2026-06-29T20:00:00+0000_16.8511
KRSNWDP,Krishna at Wadenepally,Krishna,2026-06-29 21:00:00+00:00,16.84912890370681,NORMAL,18.45,19.84,23.07,16.7944,80.07247,KRSNWDP_2026-06-29T21:00:00+0000_16.8491
KRSNWDP,Krishna at Wadenepally,Krishna,2026-06-29 22:00:00+00:00,16.912306724943935,NORMAL,18.45,19.84,23.07,16.7944,80.07247,KRSNWDP_2026-06-29T22:00:00+0000_16.9123
KRSNWDP,Krishna at Wadenepally,Krishna,2026-06-29 23:00:00+00:00,16.883550630786726,NORMAL,18.45,19.84,23.07,16.7944,80.07247,KRSNWDP_2026-06-29T23:00:00+0000_16.8836
KRSNWDP,Krishna at Wadenepally,Krishna,2026-06-30 00:00:00+00:00,16.917969629831262,NORMAL,18.45,19.84,23.07,16.7944,80.07247,KRSNWDP_2026-06-30T00:00:00+0000_16.9180
KRSNWDP,Krishna at Wadenepally,Krishna,2026-06-30 01:00:00+00:00,16.854894132987592,NORMAL,18.45,19.84,23.07,16.7944,80.07247,KRSNWDP_2026-06-30T01:00:00+0000_16.8549
KRSNWDP,Krishna at Wadenepally,Krishna,2026-06-30 02:00:00+00:00,16.840778234354126,NORMAL,18.45,19.84,23.07,16.7944,80.07247,KRSNWDP_2026-06-30T02:00:00+0000_16.8408
KRSNWDP,Krishna at Wadenepally,Krishna,2026-06-30 03:00:00+00:00,16.78875964321778,NORMAL,18.45,19.84,23.07,16.7944,80.07247,KRSNWDP_2026-06-30T03:00:00+0000_16.7888
KRSNWDP,Krishna at Wadenepally,Krishna,2026-06-30 04:00:00+00:00,16.800488096471234,NORMAL,18.45,19.84,23.07,16.7944,80.07247,KRSNWDP_2026-06-30T04:00:00+0000_16.8005
KRSNWDP,Krishna at Wadenepally,Krishna,2026-06-30 05:00:00+00:00,16.66001613054298,NORMAL,18.45,19.84,23.07,16.7944,80.07247,KRSNWDP_2026-06-30T05:00:00+0000_16.6600
KRSNWDP,Krishna at Wadenepally,Krishna,2026-06-30 06:00:00+00:00,16.63768629563849,NORMAL,18.45,19.84,23.07,16.7944,80.07247,KRSNWDP_2026-06-30T06:00:00+0000_16.6377
KRSNWDP,Krishna at Wadenepally,Krishna,2026-06-30 07:00:00+00:00,16.628816963662562,NORMAL,18.45,19.84,23.07,16.7944,80.07247,KRSNWDP_2026-06-30T07:00:00+0000_16.6288
KRSNWDP,Krishna at Wadenepally,Krishna,2026-06-30 08:00:00+00:00,16.609128894113045,NORMAL,18.45,19.84,23.07,16.7944,80.07247,KRSNWDP_2026-06-30T08:00:00+0000_16.6091
KRSNWDP,Krishna at Wadenepally,Krishna,2026-06-30 09:00:00+00:00,16.579742756349553,NORMAL,18.45,19.84,23.07,16.7944,80.07247,KRSNWDP_2026-06-30T09:00:00+0000_16.5797
KRSNWDP,Krishna at Wadenepally,Krishna,2026-06-30 10:00:00+00:00,16.459509103407136,NORMAL,18.45,19.84,23.07,16.7944,80.07247,KRSNWDP_2026-06-30T10:00:00+0000_16.4595
KRSNWDP,Krishna at Wadenepally,Krishna,2026-06-30 11:00:00+00:00,16.517944901469434,NORMAL,18.45,19.84,23.07,16.7944,80.07247,KRSNWDP_2026-06-30T11:00:00+0000_16.5179
KRSNWDP,Krishna at Wadenepally,Krishna,2026-06-30 12:00:00+00:00,16.45929511417612,NORMAL,18.45,19.84,23.07,16.7944,80.07247,KRSNWDP_2026-06-30T12:00:00+0000_16.4593
KRSNWDP,Krishna at Wadenepally,Krishna,2026-06-30 13:00:00+00:00,16.55176250318016,NORMAL,18.45,19.84,23.07,16.7944,80.07247,KRSNWDP_2026-06-30T13:00:00+0000_16.5518
KRSNWDP,Krishna at Wadenepally,Krishna,2026-06-30 14:00:00+00:00,16.55576019006143,NORMAL,18.45,19.84,23.07,16.7944,80.07247,KRSNWDP_2026-06-30T14:00:00+0000_16.5558
KRSNWDP,Krishna at Wadenepally,Krishna,2026-06-30 15:00:00+00:00,16.559181238964342,NORMAL,18.45,19.84,23.07,16.7944,80.07247,KRSNWDP_2026-06-30T15:00:00+0000_16.5592
KRSNWDP,Krishna at Wadenepally,Krishna,2026-06-30 16:00:00+00:00,,,18.45,19.84,23.07,16.7944,80.07247,KRSNWDP_2026-06-30T16:00:00+0000_
KRSNWDP,Krishna at Wadenepally,Krishna,2026-06-30 17:00:00+00:00,16.69761570768596,NORMAL,18.45,19.84,23.07,16.7944,80.07247,KRSNWDP_2026-06-30T17:00:00+0000_16.6976
KRSNWDP,Krishna at Wadenepally,Krishna,2026-06-30 18:00:00+00:00,16.688308842031212,NORMAL,18.45,19.84,23.07,16.7944,80.07247,KRSNWDP_2026-06-30T18:00:00+0000_16.6883
KRSNWDP,Krishna at Wadenepally,Krishna,2026-06-30 19:00:00+00:00,16.76242434111086,NORMAL,18.45,19.84,23.07,16.7944,80.07247,KRSNWDP_2026-06-30T19:00:00+0000_16.7624
KRSNWDP,Krishna at Wadenepally,Krishna,2026-06-30 20:00:00+00:00,16.834495376903234,NORMAL,18.45,19.84,23.07,16.7944,80.07247,KRSNWDP_2026-06-30T20:00:00+0000_16.8345
KRSNWDP,Krishna at Wadenepally,Krishna,2026-06-30 21:00:00+00:00,16.80409304592286,NORMAL,18.45,19.84,23.07,16.7944,80.07247,KRSNWDP_2026-06-30T21:00:00+0000_16.8041
KRSNWDP,Krishna at Wadenepally,Krishna,2026-06-30 22:00:00+00:00,16.900793868464106,NORMAL,18.45,19.84,23.07,16.7944,80.07247,KRSNWDP_2026-06-30T22:00:00+0000_16.9008
KRSNWDP,Krishna at Wadenepally,Krishna,2026-06-30 23:00:00+00:00,16.881430879027956,NORMAL,18.45,19.84,23.07,16.7944,80.07247,KRSNWDP_2026-06-30T23:00:00+0000_16.8814
KRSNWDP,Krishna at Wadenepally,Krishna,2026-07-01 00:00:00+00:00,16.85713841761541,NORMAL,18.45,19.84,23.07,16.7944,80.07247,KRSNWDP_2026-07-01T00:00:00+0000_16.8571
KRSNWDP,Krishna at Wadenepally,Krishna,2026-07-01 01:00:00+00:00,,,18.45,19.84,23.07,16.7944,80.07247,KRSNWDP_2026-07-01T01:00:00+0000_
KRSNWDP,Krishna at Wadenepally,Krishna,2026-07-01 02:00:00+00:00,16.801988287507633,NORMAL,18.45,19.84,23.07,16.7944,80.07247,KRSNWDP_2026-07-01T02:00:00+0000_16.8020
KRSNWDP,Krishna at Wadenepally,Krishna,2026-07-01 03:00:00+00:00,16.82183381575817,NORMAL,18.45,19.84,23.07,16.7944,80.07247,KRSNWDP_2026-07-01T03:00:00+0000_16.8218
KRSNWDP,Krishna at Wadenepally,Krishna,2026-07-01 04:00:00+00:00,16.792530830292666,NORMAL,18.45,19.84,23.07,16.7944,80.07247,KRSNWDP_2026-07-01T04:00:00+0000_16.7925
KRSNWDP,Krishna at Wadenepally,Krishna,2026-07-01 05:00:00+00:00,16.71476814616788,NORMAL,18.45,19.84,23.07,16.7944,80.07247,KRSNWDP_2026-07-01T05:00:00+0000_16.7148
KRSNWDP,Krishna at Wadenepally,Krishna,2026-07-01 06:00:00+00:00,16.614015451417206,NORMAL,18.45,19.84,23.07,16.7944,80.07247,KRSNWDP_2026-07-01T06:00:00+0000_16.6140
KRSNWDP,Krishna at Wadenepally,Krishna,2026-07-01 07:00:00+00:00,16.597035014825508,NORMAL,18.45,19.84,23.07,16.7944,80.07247,KRSNWDP_2026-07-01T07:00:00+0000_16.5970
KRSNWDP,Krishna at Wadenepally,Krishna,2026-07-01 08:00:00+00:00,16.519245253466533,NORMAL,18.45,19.84,23.07,16.7944,80.07247,KRSNWDP_2026-07-01T08:00:00+0000_16.5192
KRSNWDP,Krishna at Wadenepally,Krishna,2026-07-01 09:00:00+00:00,16.527660715783295,NORMAL,18.45,19.84,23.07,16.7944,80.07247,KRSNWDP_2026-07-01T09:00:00+0000_16.5277
KRSNWDP,Krishna at Wadenepally,Krishna,2026-07-01 10:00:00+00:00,,,18.45,19.84,23.07,16.7944,80.07247,KRSNWDP_2026-07-01T10:00:00+0000_
KRSNWDP,Krishna at Wadenepally,Krishna,2026-07-01 11:00:00+00:00,16.522457518021536,NORMAL,18.45,19.84,23.07,16.7944,80.07247,KRSNWDP_2026-07-01T11:00:00+0000_16.5225
KRSNWDP,Krishna at Wadenepally,Krishna,2026-07-01 12:00:00+00:00,16.481900317652702,NORMAL,18.45,19.84,23.07,16.7944,80.07247,KRSNWDP_2026-07-01T12:00:00+0000_16.4819
KRSNWDP,Krishna at Wadenepally,Krishna,2026-07-01 13:00:00+00:00,16.53259346923038,NORMAL,18.45,19.84,23.07,16.7944,80.07247,KRSNWDP_2026-07-01T13:00:00+0000_16.5326
KRSNWDP,Krishna at Wadenepally,Krishna,2026-07-01 14:00:00+00:00,16.53575745633158,NORMAL,18.45,19.84,23.07,16.7944,80.07247,KRSNWDP_2026-07-01T14:00:00+0000_16.5358
KRSNWDP,Krishna at Wadenepally,Krishna,2026-07-01 15:00:00+00:00,16.62139407043467,NORMAL,18.45,19.84,23.07,16.7944,80.07247,KRSNWDP_2026-07-01T15:00:00+0000_16.6214
KRSNWDP,Krishna at Wadenepally,Krishna,2026-07-01 16:00:00+00:00,16.58204286399661,NORMAL,18.45,19.84,23.07,16.7944,80.07247,KRSNWDP_2026-07-01T16:00:00+0000_16.5820
KRSNWDP,Krishna at Wadenepally,Krishna,2026-07-01 17:00:00+00:00,16.643848420965686,NORMAL,18.45,19.84,23.07,16.7944,80.07247,KRSNWDP_2026-07-01T17:00:00+0000_16.6438
KRSNWDP,Krishna at Wadenepally,Krishna,2026-07-01 18:00:00+00:00,16.67344670923867,NORMAL,18.45,19.84,23.07,16.7944,80.07247,KRSNWDP_2026-07-01T18:00:00+0000_16.6734
KRSNWDP,Krishna at Wadenepally,Krishna,2026-07-01 19:00:00+00:00,16.73961525997459,NORMAL,18.45,19.84,23.07,16.7944,80.07247,KRSNWDP_2026-07-01T19:00:00+0000_16.7396
KRSNWDP,Krishna at Wadenepally,Krishna,2026-07-01 20:00:00+00:00,16.76703085585931,NORMAL,18.45,19.84,23.07,16.7944,80.07247,KRSNWDP_2026-07-01T20:00:00+0000_16.7670
KRSNWDP,Krishna at Wadenepally,Krishna,2026-07-01 21:00:00+00:00,16.816157327415212,NORMAL,18.45,19.84,23.07,16.7944,80.07247,KRSNWDP_2026-07-01T21:00:00+0000_16.8162
KRSNWDP,Krishna at Wadenepally,Krishna,2026-07-01 22:00:00+00:00,16.879785193071545,NORMAL,18.45,19.84,23.07,16.7944,80.07247,KRSNWDP_2026-07-01T22:00:00+0000_16.8798
KRSNWDP,Krishna at Wadenepally,Krishna,2026-07-01 23:00:00+00:00,18.4270858624085,NORMAL,18.45,19.84,23.07,16.7944,80.07247,KRSNWDP_2026-07-01T23:00:00+0000_18.4271
KRSNWDP,Krishna at Wadenepally,Krishna,2026-07-02 00:00:00+00:00,16.87763527477415,NORMAL,18.45,19.84,23.07,16.7944,80.07247,KRSNWDP_2026-07-02T00:00:00+0000_16.8776
KRSNWDP,Krishna at Wadenepally,Krishna,2026-07-02 01:00:00+00:00,16.852947543940203,NORMAL,18.45,19.84,23.07,16.7944,80.07247,KRSNWDP_2026-07-02T01:00:00+0000_16.8529
KRSNWDP,Krishna at Wadenepally,Krishna,2026-07-02 02:00:00+00:00,16.85071974581225,NORMAL,18.45,19.84,23.07,16.7944,80.07247,KRSNWDP_2026-07-02T02:00:00+0000_16.8507
KRSNWDP,Krishna at Wadenepally,Krishna,2026-07-02 03:00:00+00:00,16.84396414780375,NORMAL,18.45,19.84,23.07,16.7944,80.07247,KRSNWDP_2026-07-02T03:00:00+0000_16.8440
KRSNWDP,Krishna at Wadenepally,Krishna,2026-07-02 04:00:00+00:00,16.77519139871572,NORMAL,18.45,19.84,23.07,16.7944,80.07247,KRSNWDP_2026-07-02T04:00:00+0000_16.7752
KRSNWDP,Krishna at Wadenepally,Krishna,2026-07-02 05:00:00+00:00,16.71653772587393,NORMAL,18.45,19.84,23.07,16.7944,80.07247,KRSNWDP_2026-07-02T05:00:00+0000_16.7165
KRSNWDP,Krishna at Wadenepally,Krishna,2026-07-02 06:00:00+00:00,16.606376969108247,NORMAL,18.45,19.84,23.07,16.7944,80.07247,KRSNWDP_2026-07-02T06:00:00+0000_16.6064
KRSNWDP,Krishna at Wadenepally,Krishna,2026-07-02 07:00:00+00:00,16.584256433104873,NORMAL,18.45,19.84,23.07,16.7944,80.07247,KRSNWDP_2026-07-02T07:00:00+0000_16.5843
KRSNWDP,Krishna at Wadenepally,Krishna,2026-07-02 08:00:00+00:00,16.573363035162842,NORMAL,18.45,19.84,23.07,16.7944,80.07247,KRSNWDP_2026-07-02T08:00:00+0000_16.5734
KRSNWDP,Krishna at Wadenepally,Krishna,2026-07-02 09:00:00+00:00,16.49413140243805,NORMAL,18.45,19.84,23.07,16.7944,80.07247,KRSNWDP_2026-07-02T09:00:00+0000_16.4941
KRSNWDP,Krishna at Wadenepally,Krishna,2026-07-02 10:00:00+00:00,16.471959837010566,NORMAL,18.45,19.84,23.07,16.7944,80.07247,KRSNWDP_2026-07-02T10:00:00+0000_16.4720
KRSNWDP,Krishna at Wadenepally,Krishna,2026-07-02 11:00:00+00:00,16.500165834219615,NORMAL,18.45,19.84,23.07,16.7944,80.07247,KRSNWDP_2026-07-02T11:00:00+0000_16.5002
KRSNWDP,Krishna at Wadenepally,Krishna,2026-07-02 12:00:00+00:00,16.520703085050172,NORMAL,18.45,19.84,23.07,16.7944,80.07247,KRSNWDP_2026-07-02T12:00:00+0000_16.5207
KRSNWDP,Krishna at Wadenepally,Krishna,2026-07-02 13:00:00+00:00,16.463548918867698,NORMAL,18.45,19.84,23.07,16.7944,80.07247,KRSNWDP_2026-07-02T13:00:00+0000_16.4635
KRSNWDP,Krishna at Wadenepally,Krishna,2026-07-02 14:00:00+00:00,16.513402534528748,NORMAL,18.45,19.84,23.07,16.7944,80.07247,KRSNWDP_2026-07-02T14:00:00+0000_16.5134
KRSNWDP,Krishna at Wadenepally,Krishna,2026-07-02 15:00:00+00:00,16.621253826872437,NORMAL,18.45,19.84,23.07,16.7944,80.07247,KRSNWDP_2026-07-02T15:00:00+0000_16.6213
KRSNWDP,Krishna at Wadenepally,Krishna,2026-07-02 16:00:00+00:00,16.58478058331587,NORMAL,18.45,19.84,23.07,16.7944,80.07247,KRSNWDP_2026-07-02T16:00:00+0000_16.5848
KRSNWDP,Krishna at Wadenepally,Krishna,2026-07-02 17:00:00+00:00,16.6971108877976,NORMAL,18.45,19.84,23.07,16.7944,80.07247,KRSNWDP_2026-07-02T17:00:00+0000_16.6971
KRSNWDP,Krishna at Wadenepally,Krishna,2026-07-02 18:00:00+00:00,16.71473535279332,NORMAL,18.45,19.84,23.07,16.7944,80.07247,KRSNWDP_2026-07-02T18:00:00+0000_16.7147
KRSNWDP,Krishna at Wadenepally,Krishna,2026-07-02 19:00:00+00:00,16.734999516974618,NORMAL,18.45,19.84,23.07,16.7944,80.07247,KRSNWDP_2026-07-02T19:00:00+0000_16.7350
KRSNWDP,Krishna at Wadenepally,Krishna,2026-07-02 20:00:00+00:00,16.770454451771307,NORMAL,18.45,19.84,23.07,16.7944,80.07247,KRSNWDP_2026-07-02T20:00:00+0000_16.7705
KRSNWDP,Krishna at Wadenepally,Krishna,2026-07-02 21:00:00+00:00,16.798545031151097,NORMAL,18.45,19.84,23.07,16.7944,80.07247,KRSNWDP_2026-07-02T21:00:00+0000_16.7985
KRSNWDP,Krishna at Wadenepally,Krishna,2026-07-02 22:00:00+00:00,16.832871400998044,NORMAL,18.45,19.84,23.07,16.7944,80.07247,KRSNWDP_2026-07-02T22:00:00+0000_16.8329
KRSNWDP,Krishna at Wadenepally,Krishna,2026-07-02 23:00:00+00:00,16.839128888416106,NORMAL,18.45,19.84,23.07,16.7944,80.07247,KRSNWDP_2026-07-02T23:00:00+0000_16.8391
KRSNWDP,Krishna at Wadenepally,Krishna,2026-07-03 00:00:00+00:00,16.90529895795773,NORMAL,18.45,19.84,23.07,16.7944,80.07247,KRSNWDP_2026-07-03T00:00:00+0000_16.9053
KRSNWDP,Krishna at Wadenepally,Krishna,2026-07-03 01:00:00+00:00,16.856364551442713,NORMAL,18.45,19.84,23.07,16.7944,80.07247,KRSNWDP_2026-07-03T01:00:00+0000_16.8564
KRSNWDP,Krishna at Wadenepally,Krishna,2026-07-03 02:00:00+00:00,16.840666562613535,NORMAL,18.45,19.84,23.07,16.7944,80.07247,KRSNWDP_2026-07-03T02:00:00+0000_16.8407
KRSNWDP,Krishna at Wadenepally,Krishna,2026-07-03 03:00:00+00:00,16.784332169806632,NORMAL,18.45,19.84,23.07,16.7944,80.07247,KRSNWDP_2026-07-03T03:00:00+0000_16.7843
KRSNWDP,Krishna at Wadenepally,Krishna,2026-07-03 04:00:00+00:00,16.794714096801236,NORMAL,18.45,19.84,23.07,16.7944,80.07247,KRSNWDP_2026-07-03T04:00:00+0000_16.7947
KRSNWDP,Krishna at Wadenepally,Krishna,2026-07-03 05:00:00+00:00,16.67582078846122,NORMAL,18.45,19.84,23.07,16.7944,80.07247,KRSNWDP_2026-07-03T05:00:00+0000_16.6758
KRSNWDP,Krishna at Wadenepally,Krishna,2026-07-03 06:00:00+00:00,16.666213057901047,NORMAL,18.45,19.84,23.07,16.7944,80.07247,KRSNWDP_2026-07-03T06:00:00+0000_16.6662
KRSNWDP,Krishna at Wadenepally,Krishna,2026-07-03 07:00:00+00:00,16.57530810984858,NORMAL,18.45,19.84,23.07,16.7944,80.07247,KRSNWDP_2026-07-03T07:00:00+0000_16.5753
KRSNWDP,Krishna at Wadenepally,Krishna,2026-07-03 08:00:00+00:00,16.581400117474285,NORMAL,18.45,19.84,23.07,16.7944,80.07247,KRSNWDP_2026-07-03T08:00:00+0000_16.5814
KRSNWDP,Krishna at Wadenepally,Krishna,2026-07-03 09:00:00+00:00,16.485819274770698,NORMAL,18.45,19.84,23.07,16.7944,80.07247,KRSNWDP_2026-07-03T09:00:00+0000_16.4858
KRSNWDP,Krishna at Wadenepally,Krishna,2026-07-03 10:00:00+00:00,16.497150179165285,NORMAL,18.45,19.84,23.07,16.7944,80.07247,KRSNWDP_2026-07-03T10:00:00+0000_16.4972
KRSNWDP,Krishna at Wadenepally,Krishna,2026-07-03 11:00:00+00:00,16.51770310798376,NORMAL,18.45,19.84,23.07,16.7944,80.07247,KRSNWDP_2026-07-03T11:00:00+0000_16.5177
KRSNWDP,Krishna at Wadenepally,Krishna,2026-07-03 12:00:00+00:00,16.476662482785596,NORMAL,18.45,19.84,23.07,16.7944,80.07247,KRSNWDP_2026-07-03T12:00:00+0000_16.4767
KRSNWDP,Krishna at Wadenepally,Krishna,2026-07-03 13:00:00+00:00,16.538793523234112,NORMAL,18.45,19.84,23.07,16.7944,80.07247,KRSNWDP_2026-07-03T13:00:00+0000_16.5388
KRSNWDP,Krishna at Wadenepally,Krishna,2026-07-03 14:00:00+00:00,16.572887321136992,NORMAL,18.45,19.84,23.07,16.7944,80.07247,KRSNWDP_2026-07-03T14:00:00+0000_16.5729
KRSNWDP,Krishna at Wadenepally,Krishna,2026-07-03 15:00:00+00:00,16.59405430044775,NORMAL,18.45,19.84,23.07,16.7944,80.07247,KRSNWDP_2026-07-03T15:00:00+0000_16.5941
KRSNWDP,Krishna at Wadenepally,Krishna,2026-07-03 16:00:00+00:00,16.607857959161148,NORMAL,18.45,19.84,23.07,16.7944,80.07247,KRSNWDP_2026-07-03T16:00:00+0000_16.6079
KRSNWDP,Krishna at Wadenepally,Krishna,2026-07-03 17:00:00+00:00,16.673212303367595,NORMAL,18.45,19.84,23.07,16.7944,80.07247,KRSNWDP_2026-07-03T17:00:00+0000_16.6732
KRSNWDP,Krishna at Wadenepally,Krishna,2026-07-03 18:00:00+00:00,16.66645900165401,NORMAL,18.45,19.84,23.07,16.7944,80.07247,KRSNWDP_2026-07-03T18:00:00+0000_16.6665
KRSNWDP,Krishna at Wadenepally,Krishna,2026-07-03 19:00:00+00:00,16.785346292819394,NORMAL,18.45,19.84,23.07,16.7944,80.07247,KRSNWDP_2026-07-03T19:00:00+0000_16.7853
KRSNWDP,Krishna at Wadenepally,Krishna,2026-07-03 20:00:00+00:00,16.77254847383433,NORMAL,18.45,19.84,23.07,16.7944,80.07247,KRSNWDP_2026-07-03T20:00:00+0000_16.7725
KRSNWDP,Krishna at Wadenepally,Krishna,2026-07-03 21:00:00+00:00,16.843107818013586,NORMAL,18.45,19.84,23.07,16.7944,80.07247,KRSNWDP_2026-07-03T21:00:00+0000_16.8431
KRSNWDP,Krishna at Wadenepally,Krishna,2026-07-03 22:00:00+00:00,16.881341362964864,NORMAL,18.45,19.84,23.07,16.7944,80.07247,KRSNWDP_2026-07-03T22:00:00+0000_16.8813
KRSNWDP,Krishna at Wadenepally,Krishna,2026-07-03 23:00:00+00:00,16.910939953138378,NORMAL,18.45,19.84,23.07,16.7944,80.07247,KRSNWDP_2026-07-03T23:00:00+0000_16.9109
KRSNWDP,Krishna at Wadenepally,Krishna,2026-07-04 00:00:00+00:00,16.901662660382602,NORMAL,18.45,19.84,23.07,16.7944,80.07247,KRSNWDP_2026-07-04T00:00:00+0000_16.9017
KRSNWDP,Krishna at Wadenepally,Krishna,2026-07-04 01:00:00+00:00,16.880092871264033,NORMAL,18.45,19.84,23.07,16.7944,80.07247,KRSNWDP_2026-07-04T01:00:00+0000_16.8801
KRSNWDP,Krishna at Wadenepally,Krishna,2026-07-04 02:00:00+00:00,16.805847119225085,NORMAL,18.45,19.84,23.07,16.7944,80.07247,KRSNWDP_2026-07-04T02:00:00+0000_16.8058
KRSNWDP,Krishna at Wadenepally,Krishna,2026-07-04 03:00:00+00:00,16.820696405615962,NORMAL,18.45,19.84,23.07,16.7944,80.07247,KRSNWDP_2026-07-04T03:00:00+0000_16.8207
KRSNWDP,Krishna at Wadenepally,Krishna,2026-07-04 04:00:00+00:00,16.719788568769808,NORMAL,18.45,19.84,23.07,16.7944,80.07247,KRSNWDP_2026-07-04T04:00:00+0000_16.7198
KRSNWDP,Krishna at Wadenepally,Krishna,2026-07-04 05:00:00+00:00,16.712843513427003,NORMAL,18.45,19.84,23.07,16.7944,80.07247,KRSNWDP_2026-07-04T05:00:00+0000_16.7128
KRSNWDP,Krishna at Wadenepally,Krishna,2026-07-04 06:00:00+00:00,16.642900065487304,NORMAL,18.45,19.84,23.07,16.7944,80.07247,KRSNWDP_2026-07-04T06:00:00+0000_16.6429
KRSNWDP,Krishna at Wadenepally,Krishna,2026-07-04 07:00:00+00:00,16.607496722937643,NORMAL,18.45,19.84,23.07,16.7944,80.07247,KRSNWDP_2026-07-04T07:00:00+0000_16.6075
KRSNWDP,Krishna at Wadenepally,Krishna,2026-07-04 08:00:00+00:00,16.607334490315832,NORMAL,18.45,19.84,23.07,16.7944,80.07247,KRSNWDP_2026-07-04T08:00:00+0000_16.6073
KRSNWDP,Krishna at Wadenepally,Krishna,2026-07-04 09:00:00+00:00,16.490217477824014,NORMAL,18.45,19.84,23.07,16.7944,80.07247,KRSNWDP_2026-07-04T09:00:00+0000_16.4902
KRSNWDP,Krishna at Wadenepally,Krishna,2026-07-04 10:00:00+00:00,16.54055313438038,NORMAL,18.45,19.84,23.07,16.7944,80.07247,KRSNWDP_2026-07-04T10:00:00+0000_16.5406
KRSNWDP,Krishna at Wadenepally,Krishna,2026-07-04 11:00:00+00:00,16.517276889110544,NORMAL,18.45,19.84,23.07,16.7944,80.07247,KRSNWDP_2026-07-04T11:00:00+0000_16.5173
KRSNWDP,Krishna at Wadenepally,Krishna,2026-07-04 12:00:00+00:00,16.53568182571579,NORMAL,18.45,19.84,23.07,16.7944,80.07247,KRSNWDP_2026-07-04T12:00:00+0000_16.5357
KRSNWDP,Krishna at Wadenepally,Krishna,2026-07-04 13:00:00+00:00,,,18.45,19.84,23.07,16.7944,80.07247,KRSNWDP_2026-07-04T13:00:00+0000_
KRSNWDP,Krishna at Wadenepally,Krishna,2026-07-04 14:00:00+00:00,16.578544663035224,NORMAL,18.45,19.84,23.07,16.7944,80.07247,KRSNWDP_2026-07-04T14:00:00+0000_16.5785
KRSNWDP,Krishna at Wadenepally,Krishna,2026-07-04 15:00:00+00:00,16.523689590737945,NORMAL,18.45,19.84,23.07,16.7944,80.07247,KRSNWDP_2026-07-04T15:00:00+0000_16.5237
KRSNWDP,Krishna at Wadenepally,Krishna,2026-07-04 16:00:00+00:00,16.625329067794848,NORMAL,18.45,19.84,23.07,16.7944,80.07247,KRSNWDP_2026-07-04T16:00:00+0000_16.6253
KRSNWDP,Krishna at Wadenepally,Krishna,2026-07-04 17:00:00+00:00,16.70757596314305,NORMAL,18.45,19.84,23.07,16.7944,80.07247,KRSNWDP_2026-07-04T17:00:00+0000_16.7076
KRSNWDP,Krishna at Wadenepally,Krishna,2026-07-04 18:00:00+00:00,16.758807579710517,NORMAL,18.45,19.84,23.07,16.7944,80.07247,KRSNWDP_2026-07-04T18:00:00+0000_16.7588
KRSNWDP,Krishna at Wadenepally,Krishna,2026-07-04 19:00:00+00:00,16.78231314073606,NORMAL,18.45,19.84,23.07,16.7944,80.07247,KRSNWDP_2026-07-04T19:00:00+0000_16.7823
KRSNWDP,Krishna at Wadenepally,Krishna,2026-07-04 20:00:00+00:00,16.7893900119839,NORMAL,18.45,19.84,23.07,16.7944,80.07247,KRSNWDP_2026-07-04T20:00:00+0000_16.7894
KRSNWDP,Krishna at Wadenepally,Krishna,2026-07-04 21:00:00+00:00,16.809413791354388,NORMAL,18.45,19.84,23.07,16.7944,80.07247,KRSNWDP_2026-07-04T21:00:00+0000_16.8094
KRSNWDP,Krishna at Wadenepally,Krishna,2026-07-04 22:00:00+00:00,16.830169955756293,NORMAL,18.45,19.84,23.07,16.7944,80.07247,KRSNWDP_2026-07-04T22:00:00+0000_16.8302
KRSNWDP,Krishna at Wadenepally,Krishna,2026-07-04 23:00:00+00:00,16.89594296666159,NORMAL,18.45,19.84,23.07,16.7944,80.07247,KRSNWDP_2026-07-04T23:00:00+0000_16.8959
KRSNWDP,Krishna at Wadenepally,Krishna,2026-07-05 00:00:00+00:00,16.902355124148215,NORMAL,18.45,19.84,23.07,16.7944,80.07247,KRSNWDP_2026-07-05T00:00:00+0000_16.9024
KRSNWDP,Krishna at Wadenepally,Krishna,2026-07-05 01:00:00+00:00,19.253087789529825,WARNING,18.45,19.84,23.07,16.7944,80.07247,KRSNWDP_2026-07-05T01:00:00+0000_19.2531
KRSNWDP,Krishna at Wadenepally,Krishna,2026-07-05 02:00:00+00:00,18.94681502479171,WARNING,18.45,19.84,23.07,16.7944,80.07247,KRSNWDP_2026-07-05T02:00:00+0000_18.9468
KRSNWDP,Krishna at Wadenepally,Krishna,2026-07-05 03:00:00+00:00,18.73988144000596,WARNING,18.45,19.84,23.07,16.7944,80.07247,KRSNWDP_2026-07-05T03:00:00+0000_18.7399
KRSNWDP,Krishna at Wadenepally,Krishna,2026-07-05 04:00:00+00:00,18.492012224341945,WARNING,18.45,19.84,23.07,16.7944,80.07247,KRSNWDP_2026-07-05T04:00:00+0000_18.4920
KRSNWDP,Krishna at Wadenepally,Krishna,2026-07-05 05:00:00+00:00,16.66252924207511,NORMAL,18.45,19.84,23.07,16.7944,80.07247,KRSNWDP_2026-07-05T05:00:00+0000_16.6625
KRSNWDP,Krishna at Wadenepally,Krishna,2026-07-05 06:00:00+00:00,16.62650655781971,NORMAL,18.45,19.84,23.07,16.7944,80.07247,KRSNWDP_2026-07-05T06:00:00+0000_16.6265
KRSNWDP,Krishna at Wadenepally,Krishna,2026-07-05 07:00:00+00:00,16.63134247917299,NORMAL,18.45,19.84,23.07,16.7944,80.07247,KRSNWDP_2026-07-05T07:00:00+0000_16.6313
KRSNWDP,Krishna at Wadenepally,Krishna,2026-07-05 08:00:00+00:00,16.538681940576495,NORMAL,18.45,19.84,23.07,16.7944,80.07247,KRSNWDP_2026-07-05T08:00:00+0000_16.5387
KRSNWDP,Krishna at Wadenepally,Krishna,2026-07-05 09:00:00+00:00,,,18.45,19.84,23.07,16.7944,80.07247,KRSNWDP_2026-07-05T09:00:00+0000_
KRSNWDP,Krishna at Wadenepally,Krishna,2026-07-05 10:00:00+00:00,16.55344794048403,NORMAL,18.45,19.84,23.07,16.7944,80.07247,KRSNWDP_2026-07-05T10:00:00+0000_16.5534
KRSNWDP,Krishna at Wadenepally,Krishna,2026-07-05 11:00:00+00:00,16.463631064278616,NORMAL,18.45,19.84,23.07,16.7944,80.07247,KRSNWDP_2026-07-05T11:00:00+0000_16.4636
KRSNWDP,Krishna at Wadenepally,Krishna,2026-07-05 12:00:00+00:00,16.530112182729432,NORMAL,18.45,19.84,23.07,16.7944,80.07247,KRSNWDP_2026-07-05T12:00:00+0000_16.5301
KRSNWDP,Krishna at Wadenepally,Krishna,2026-07-05 13:00:00+00:00,16.49103089067114,NORMAL,18.45,19.84,23.07,16.7944,80.07247,KRSNWDP_2026-07-05T13:00:00+0000_16.4910
KRSNWDP,Krishna at Wadenepally,Krishna,2026-07-05 14:00:00+00:00,16.48661144829259,NORMAL,18.45,19.84,23.07,16.7944,80.07247,KRSNWDP_2026-07-05T14:00:00+0000_16.4866
KRSNWDP,Krishna at Wadenepally,Krishna,2026-07-05 15:00:00+00:00,16.553261663376965,NORMAL,18.45,19.84,23.07,16.7944,80.07247,KRSNWDP_2026-07-05T15:00:00+0000_16.5533
KRSNWDP,Krishna at Wadenepally,Krishna,2026-07-05 16:00:00+00:00,,,18.45,19.84,23.07,16.7944,80.07247,KRSNWDP_2026-07-05T16:00:00+0000_
KRSNWDP,Krishna at Wadenepally,Krishna,2026-07-05 17:00:00+00:00,16.67081804818091,NORMAL,18.45,19.84,23.07,16.7944,80.07247,KRSNWDP_2026-07-05T17:00:00+0000_16.6708
KRSNWDP,Krishna at Wadenepally,Krishna,2026-07-05 18:00:00+00:00,16.758732597532266,NORMAL,18.45,19.84,23.07,16.7944,80.07247,KRSNWDP_2026-07-05T18:00:00+0000_16.7587
KRSNWDP,Krishna at Wadenepally,Krishna,2026-07-05 19:00:00+00:00,16.755126189008333,NORMAL,18.45,19.84,23.07,16.7944,80.07247,KRSNWDP_2026-07-05T19:00:00+0000_16.7551
KRSNWDP,Krishna at Wadenepally,Krishna,2026-07-05 20:00:00+00:00,16.79199408270832,NORMAL,18.45,19.84,23.07,16.7944,80.07247,KRSNWDP_2026-07-05T20:00:00+0000_16.7920
KRSNWDP,Krishna at Wadenepally,Krishna,2026-07-05 21:00:00+00:00,16.855510695756035,NORMAL,18.45,19.84,23.07,16.7944,80.07247,KRSNWDP_2026-07-05T21:00:00+0000_16.8555
KRSNWDP,Krishna at Wadenepally,Krishna,2026-07-05 22:00:00+00:00,16.869142920598797,NORMAL,18.45,19.84,23.07,16.7944,80.07247,KRSNWDP_2026-07-05T22:00:00+0000_16.8691
KRSNWDP,Krishna at Wadenepally,Krishna,2026-07-05 23:00:00+00:00,16.86442926563652,NORMAL,18.45,19.84,23.07,16.7944,80.07247,KRSNWDP_2026-07-05T23:00:00+0000_16.8644
KRSNWDP,Krishna at Wadenepally,Krishna,2026-07-06 00:00:00+00:00,16.891834612050086,NORMAL,18.45,19.84,23.07,16.7944,80.07247,KRSNWDP_2026-07-06T00:00:00+0000_16.8918
KRSNWDP,Krishna at Wadenepally,Krishna,2026-07-06 01:00:00+00:00,16.84825259852392,NORMAL,18.45,19.84,23.07,16.7944,80.07247,KRSNWDP_2026-07-06T01:00:00+0000_16.8483
KRSNWDP,Krishna at Wadenepally,Krishna,2026-07-06 02:00:00+00:00,16.853536235521165,NORMAL,18.45,19.84,23.07,16.7944,80.07247,KRSNWDP_2026-07-06T02:00:00+0000_16.8535
KRSNWDP,Krishna at Wadenepally,Krishna,2026-07-06 03:00:00+00:00,16.796890012306786,NORMAL,18.45,19.84,23.07,16.7944,80.07247,KRSNWDP_2026-07-06T03:00:00+0000_16.7969
KRSNWDP,Krishna at Wadenepally,Krishna,2026-07-06 04:00:00+00:00,16.75184592443533,NORMAL,18.45,19.84,23.07,16.7944,80.07247,KRSNWDP_2026-07-06T04:00:00+0000_16.7518
KRSNWDP,Krishna at Wadenepally,Krishna,2026-07-06 05:00:00+00:00,16.7312545034874,NORMAL,18.45,19.84,23.07,16.7944,80.07247,KRSNWDP_2026-07-06T05:00:00+0000_16.7313
KRSNWDP,Krishna at Wadenepally,Krishna,2026-07-06 06:00:00+00:00,16.69789902328651,NORMAL,18.45,19.84,23.07,16.7944,80.07247,KRSNWDP_2026-07-06T06:00:00+0000_16.6979
KRSNWDP,Krishna at Wadenepally,Krishna,2026-07-06 07:00:00+00:00,16.59189666649476,NORMAL,18.45,19.84,23.07,16.7944,80.07247,KRSNWDP_2026-07-06T07:00:00+0000_16.5919
KRSNWDP,Krishna at Wadenepally,Krishna,2026-07-06 08:00:00+00:00,16.564693521203782,NORMAL,18.45,19.84,23.07,16.7944,80.07247,KRSNWDP_2026-07-06T08:00:00+0000_16.5647
KRSNWDP,Krishna at Wadenepally,Krishna,2026-07-06 09:00:00+00:00,16.50746489401216,NORMAL,18.45,19.84,23.07,16.7944,80.07247,KRSNWDP_2026-07-06T09:00:00+0000_16.5075
KRSNWDP,Krishna at Wadenepally,Krishna,2026-07-06 10:00:00+00:00,16.454415550311065,NORMAL,18.45,19.84,23.07,16.7944,80.07247,KRSNWDP_2026-07-06T10:00:00+0000_16.4544
KRSNWDP,Krishna at Wadenepally,Krishna,2026-07-06 11:00:00+00:00,16.47364510631571,NORMAL,18.45,19.84,23.07,16.7944,80.07247,KRSNWDP_2026-07-06T11:00:00+0000_16.4736
KRSNWDP,Krishna at Wadenepally,Krishna,2026-07-06 12:00:00+00:00,16.517447788654163,NORMAL,18.45,19.84,23.07,16.7944,80.07247,KRSNWDP_2026-07-06T12:00:00+0000_16.5174
KRSNWDP,Krishna at Wadenepally,Krishna,2026-07-06 13:00:00+00:00,16.526215587328284,NORMAL,18.45,19.84,23.07,16.7944,80.07247,KRSNWDP_2026-07-06T13:00:00+0000_16.5262
KRSNWDP,Krishna at Wadenepally,Krishna,2026-07-06 14:00:00+00:00,16.499248653202358,NORMAL,18.45,19.84,23.07,16.7944,80.07247,KRSNWDP_2026-07-06T14:00:00+0000_16.4992
KRSNWDP,Krishna at Wadenepally,Krishna,2026-07-06 15:00:00+00:00,16.60933078743951,NORMAL,18.45,19.84,23.07,16.7944,80.07247,KRSNWDP_2026-07-06T15:00:00+0000_16.6093
KRSNWDP,Krishna at Wadenepally,Krishna,2026-07-06 16:00:00+00:00,16.595990433653423,NORMAL,18.45,19.84,23.07,16.7944,80.07247,KRSNWDP_2026-07-06T16:00:00+0000_16.5960
KRSNWDP,Krishna at Wadenepally,Krishna,2026-07-06 17:00:00+00:00,16.681300015534077,NORMAL,18.45,19.84,23.07,16.7944,80.07247,KRSNWDP_2026-07-06T17:00:00+0000_16.6813
KRSNWDP,Krishna at Wadenepally,Krishna,2026-07-06 18:00:00+00:00,16.67739343678822,NORMAL,18.45,19.84,23.07,16.7944,80.07247,KRSNWDP_2026-07-06T18:00:00+0000_16.6774
KRSNWDP,Krishna at Wadenepally,Krishna,2026-07-06 19:00:00+00:00,16.807048269818726,NORMAL,18.45,19.84,23.07,16.7944,80.07247,KRSNWDP_2026-07-06T19:00:00+0000_16.8070
KRSNWDP,Krishna at Wadenepally,Krishna,2026-07-06 20:00:00+00:00,16.761169700347292,NORMAL,18.45,19.84,23.07,16.7944,80.07247,KRSNWDP_2026-07-06T20:00:00+0000_16.7612
KRSNWDP,Krishna at Wadenepally,Krishna,2026-07-06 21:00:00+00:00,20.04227380675596,DANGER,18.45,19.84,23.07,16.7944,80.07247,KRSNWDP_2026-07-06T21:00:00+0000_20.0423
KRSNWDP,Krishna at Wadenepally,Krishna,2026-07-06 22:00:00+00:00,19.73737529299447,WARNING,18.45,19.84,23.07,16.7944,80.07247,KRSNWDP_2026-07-06T22:00:00+0000_19.7374
KRSNWDP,Krishna at Wadenepally,Krishna,2026-07-06 23:00:00+00:00,19.43691051172773,WARNING,18.45,19.84,23.07,16.7944,80.07247,KRSNWDP_2026-07-06T23:00:00+0000_19.4369
KRSNWDP,Krishna at Wadenepally,Krishna,2026-07-07 00:00:00+00:00,16.891688243470696,NORMAL,18.45,19.84,23.07,16.7944,80.07247,KRSNWDP_2026-07-07T00:00:00+0000_16.8917
KRSNWDP,Krishna at Wadenepally,Krishna,2026-07-07 01:00:00+00:00,16.86087154920544,NORMAL,18.45,19.84,23.07,16.7944,80.07247,KRSNWDP_2026-07-07T01:00:00+0000_16.8609
KRSNWDP,Krishna at Wadenepally,Krishna,2026-07-07 02:00:00+00:00,16.796403322111395,NORMAL,18.45,19.84,23.07,16.7944,80.07247,KRSNWDP_2026-07-07T02:00:00+0000_16.7964
KRSNWDP,Krishna at Wadenepally,Krishna,2026-07-07 03:00:00+00:00,16.785177833290405,NORMAL,18.45,19.84,23.07,16.7944,80.07247,KRSNWDP_2026-07-07T03:00:00+0000_16.7852
KRSNWDP,Krishna at Wadenepally,Krishna,2026-07-07 04:00:00+00:00,16.76562144988184,NORMAL,18.45,19.84,23.07,16.7944,80.07247,KRSNWDP_2026-07-07T04:00:00+0000_16.7656
KRSNWDP,Krishna at Wadenepally,Krishna,2026-07-07 05:00:00+00:00,16.688753873627437,NORMAL,18.45,19.84,23.07,16.7944,80.07247,KRSNWDP_2026-07-07T05:00:00+0000_16.6888
KRSNWDP,Krishna at Wadenepally,Krishna,2026-07-07 06:00:00+00:00,16.612913944556052,NORMAL,18.45,19.84,23.07,16.7944,80.07247,KRSNWDP_2026-07-07T06:00:00+0000_16.6129
KRSNWDP,Krishna at Wadenepally,Krishna,2026-07-07 07:00:00+00:00,16.56223690650038,NORMAL,18.45,19.84,23.07,16.7944,80.07247,KRSNWDP_2026-07-07T07:00:00+0000_16.5622
KRSNWDP,Krishna at Wadenepally,Krishna,2026-07-07 08:00:00+00:00,16.541824898373033,NORMAL,18.45,19.84,23.07,16.7944,80.07247,KRSNWDP_2026-07-07T08:00:00+0000_16.5418
KRSNWDP,Krishna at Wadenepally,Krishna,2026-07-07 09:00:00+00:00,16.567611390417742,NORMAL,18.45,19.84,23.07,16.7944,80.07247,KRSNWDP_2026-07-07T09:00:00+0000_16.5676
KRSNWDP,Krishna at Wadenepally,Krishna,2026-07-07 10:00:00+00:00,16.457041999221556,NORMAL,18.45,19.84,23.07,16.7944,80.07247,KRSNWDP_2026-07-07T10:00:00+0000_16.4570
KRSNWDP,Krishna at Wadenepally,Krishna,2026-07-07 11:00:00+00:00,16.515246095571978,NORMAL,18.45,19.84,23.07,16.7944,80.07247,KRSNWDP_2026-07-07T11:00:00+0000_16.5152
KRSNWDP,Krishna at Wadenepally,Krishna,2026-07-07 12:00:00+00:00,16.524226889380156,NORMAL,18.45,19.84,23.07,16.7944,80.07247,KRSNWDP_2026-07-07T12:00:00+0000_16.5242
KRSNWDP,Krishna at Wadenepally,Krishna,2026-07-07 13:00:00+00:00,16.525635954751838,NORMAL,18.45,19.84,23.07,16.7944,80.07247,KRSNWDP_2026-07-07T13:00:00+0000_16.5256
KRSNWDP,Krishna at Wadenepally,Krishna,2026-07-07 14:00:00+00:00,16.51269729955393,NORMAL,18.45,19.84,23.07,16.7944,80.07247,KRSNWDP_2026-07-07T14:00:00+0000_16.5127
KRSNWDP,Krishna at Wadenepally,Krishna,2026-07-07 15:00:00+00:00,16.584897120388625,NORMAL,18.45,19.84,23.07,16.7944,80.07247,KRSNWDP_2026-07-07T15:00:00+0000_16.5849
KRSNWDP,Krishna at Wadenepally,Krishna,2026-07-07 16:00:00+00:00,16.58261210331869,NORMAL,18.45,19.84,23.07,16.7944,80.07247,KRSNWDP_2026-07-07T16:00:00+0000_16.5826
KRSNWDP,Krishna at Wadenepally,Krishna,2026-07-07 17:00:00+00:00,16.62862903669908,NORMAL,18.45,19.84,23.07,16.7944,80.07247,KRSNWDP_2026-07-07T17:00:00+0000_16.6286
KRSNWDP,Krishna at Wadenepally,Krishna,2026-07-07 18:00:00+00:00,16.74471729309688,NORMAL,18.45,19.84,23.07,16.7944,80.07247,KRSNWDP_2026-07-07T18:00:00+0000_16.7447
KRSNWDP,Krishna at Wadenepally,Krishna,2026-07-07 19:00:00+00:00,16.756489236663334,NORMAL,18.45,19.84,23.07,16.7944,80.07247,KRSNWDP_2026-07-07T19:00:00+0000_16.7565
KRSNWDP,Krishna at Wadenepally,Krishna,2026-07-07 20:00:00+00:00,16.84101637637137,NORMAL,18.45,19.84,23.07,16.7944,80.07247,KRSNWDP_2026-07-07T20:00:00+0000_16.8410
KRSNWDP,Krishna at Wadenepally,Krishna,2026-07-07 21:00:00+00:00,16.811274870322443,NORMAL,18.45,19.84,23.07,16.7944,80.07247,KRSNWDP_2026-07-07T21:00:00+0000_16.8113
KRSNWDP,Krishna at Wadenepally,Krishna,2026-07-07 22:00:00+00:00,16.808613502647233,NORMAL,18.45,19.84,23.07,16.7944,80.07247,KRSNWDP_2026-07-07T22:00:00+0000_16.8086
KRSNWDP,Krishna at Wadenepally,Krishna,2026-07-07 23:00:00+00:00,16.854226436474864,NORMAL,18.45,19.84,23.07,16.7944,80.07247,KRSNWDP_2026-07-07T23:00:00+0000_16.8542
KRSNWDP,Krishna at Wadenepally,Krishna,2026-07-08 00:00:00+00:00,16.850861703327443,NORMAL,18.45,19.84,23.07,16.7944,80.07247,KRSNWDP_2026-07-08T00:00:00+0000_16.8509
KRSNWDP,Krishna at Wadenepally,Krishna,2026-07-08 01:00:00+00:00,16.88540332916284,NORMAL,18.45,19.84,23.07,16.7944,80.07247,KRSNWDP_2026-07-08T01:00:00+0000_16.8854
KRSNWDP,Krishna at Wadenepally,Krishna,2026-07-08 02:00:00+00:00,16.876036098143985,NORMAL,18.45,19.84,23.07,16.7944,80.07247,KRSNWDP_2026-07-08T02:00:00+0000_16.8760
KRSNWDP,Krishna at Wadenepally,Krishna,2026-07-08 03:00:00+00:00,16.776943179725638,NORMAL,18.45,19.84,23.07,16.7944,80.07247,KRSNWDP_2026-07-08T03:00:00+0000_16.7769
KRSNWDP,Krishna at Wadenepally,Krishna,2026-07-08 04:00:00+00:00,16.768635150359945,NORMAL,18.45,19.84,23.07,16.7944,80.07247,KRSNWDP_2026-07-08T04:00:00+0000_16.7686
KRSNWDP,Krishna at Wadenepally,Krishna,2026-07-08 05:00:00+00:00,16.687169357160172,NORMAL,18.45,19.84,23.07,16.7944,80.07247,KRSNWDP_2026-07-08T05:00:00+0000_16.6872
KRSNWDP,Krishna at Wadenepally,Krishna,2026-07-08 06:00:00+00:00,16.601396353688074,NORMAL,18.45,19.84,23.07,16.7944,80.07247,KRSNWDP_2026-07-08T06:00:00+0000_16.6014
KRSNWDP,Krishna at Wadenepally,Krishna,2026-07-08 07:00:00+00:00,16.58820031593038,NORMAL,18.45,19.84,23.07,16.7944,80.07247,KRSNWDP_2026-07-08T07:00:00+0000_16.5882
KRSNWDP,Krishna at Wadenepally,Krishna,2026-07-08 08:00:00+00:00,16.57958193357106,NORMAL,18.45,19.84,23.07,16.7944,80.07247,KRSNWDP_2026-07-08T08:00:00+0000_16.5796
KRSNWDP,Krishna at Wadenepally,Krishna,2026-07-08 09:00:00+00:00,16.4856084443933,NORMAL,18.45,19.84,23.07,16.7944,80.07247,KRSNWDP_2026-07-08T09:00:00+0000_16.4856
KRSNWDP,Krishna at Wadenepally,Krishna,2026-07-08 10:00:00+00:00,16.48111835686564,NORMAL,18.45,19.84,23.07,16.7944,80.07247,KRSNWDP_2026-07-08T10:00:00+0000_16.4811
KRSNWDP,Krishna at Wadenepally,Krishna,2026-07-08 11:00:00+00:00,16.528081084451863,NORMAL,18.45,19.84,23.07,16.7944,80.07247,KRSNWDP_2026-07-08T11:00:00+0000_16.5281
KRSNWDP,Krishna at Wadenepally,Krishna,2026-07-08 12:00:00+00:00,16.489459001915144,NORMAL,18.45,19.84,23.07,16.7944,80.07247,KRSNWDP_2026-07-08T12:00:00+0000_16.4895
KRSNWDP,Krishna at Wadenepally,Krishna,2026-07-08 13:00:00+00:00,16.497271329624986,NORMAL,18.45,19.84,23.07,16.7944,80.07247,KRSNWDP_2026-07-08T13:00:00+0000_16.4973
KRSNWDP,Krishna at Wadenepally,Krishna,2026-07-08 14:00:00+00:00,16.52096590248332,NORMAL,18.45,19.84,23.07,16.7944,80.07247,KRSNWDP_2026-07-08T14:00:00+0000_16.5210
KRSNWDP,Krishna at Wadenepally,Krishna,2026-07-08 15:00:00+00:00,16.543936060841165,NORMAL,18.45,19.84,23.07,16.7944,80.07247,KRSNWDP_2026-07-08T15:00:00+0000_16.5439
KRSNWDP,Krishna at Wadenepally,Krishna,2026-07-08 16:00:00+00:00,16.64859865734996,NORMAL,18.45,19.84,23.07,16.7944,80.07247,KRSNWDP_2026-07-08T16:00:00+0000_16.6486
KRSNWDP,Krishna at Wadenepally,Krishna,2026-07-08 17:00:00+00:00,16.630588658223648,NORMAL,18.45,19.84,23.07,16.7944,80.07247,KRSNWDP_2026-07-08T17:00:00+0000_16.6306
KRSNWDP,Krishna at Wadenepally,Krishna,2026-07-08 18:00:00+00:00,16.688295186893477,NORMAL,18.45,19.84,23.07,16.7944,80.07247,KRSNWDP_2026-07-08T18:00:00+0000_16.6883
KRSNWDP,Krishna at Wadenepally,Krishna,2026-07-08 19:00:00+00:00,16.785053522605857,NORMAL,18.45,19.84,23.07,16.7944,80.07247,KRSNWDP_2026-07-08T19:00:00+0000_16.7851
KRSNWDP,Krishna at Wadenepally,Krishna,2026-07-08 20:00:00+00:00,16.82596194517977,NORMAL,18.45,19.84,23.07,16.7944,80.07247,KRSNWDP_2026-07-08T20:00:00+0000_16.8260
KRSNWDP,Krishna at Wadenepally,Krishna,2026-07-08 21:00:00+00:00,16.80983298900889,NORMAL,18.45,19.84,23.07,16.7944,80.07247,KRSNWDP_2026-07-08T21:00:00+0000_16.8098
KRSNWDP,Krishna at Wadenepally,Krishna,2026-07-08 22:00:00+00:00,16.833777867554723,NORMAL,18.45,19.84,23.07,16.7944,80.07247,KRSNWDP_2026-07-08T22:00:00+0000_16.8338
KRSNWDP,Krishna at Wadenepally,Krishna,2026-07-08 23:00:00+00:00,16.824732083405216,NORMAL,18.45,19.84,23.07,16.7944,80.07247,KRSNWDP_2026-07-08T23:00:00+0000_16.8247
KRSNWDP,Krishna at Wadenepally,Krishna,2026-07-09 00:00:00+00:00,16.914543447578776,NORMAL,18.45,19.84,23.07,16.7944,80.07247,KRSNWDP_2026-07-09T00:00:00+0000_16.9145
KRSNWDP,Krishna at Wadenepally,Krishna,2026-07-09 01:00:00+00:00,16.86041936161523,NORMAL,18.45,19.84,23.07,16.7944,80.07247,KRSNWDP_2026-07-09T01:00:00+0000_16.8604
KRSNWDP,Krishna at Wadenepally,Krishna,2026-07-09 02:00:00+00:00,16.81633598568646,NORMAL,18.45,19.84,23.07,16.7944,80.07247,KRSNWDP_2026-07-09T02:00:00+0000_16.8163
KRSNWDP,Krishna at Wadenepally,Krishna,2026-07-09 03:00:00+00:00,16.821173329741157,NORMAL,18.45,19.84,23.07,16.7944,80.07247,KRSNWDP_2026-07-09T03:00:00+0000_16.8212
KRSNWDP,Krishna at Wadenepally,Krishna,2026-07-09 04:00:00+00:00,16.747484077955804,NORMAL,18.45,19.84,23.07,16.7944,80.07247,KRSNWDP_2026-07-09T04:00:00+0000_16.7475
KRSNWDP,Krishna at Wadenepally,Krishna,2026-07-09 05:00:00+00:00,16.709646441964228,NORMAL,18.45,19.84,23.07,16.7944,80.07247,KRSNWDP_2026-07-09T05:00:00+0000_16.7096
KRSNWDP,Krishna at Wadenepally,Krishna,2026-07-09 06:00:00+00:00,16.59980324112366,NORMAL,18.45,19.84,23.07,16.7944,80.07247,KRSNWDP_2026-07-09T06:00:00+0000_16.5998
KRSNWDP,Krishna at Wadenepally,Krishna,2026-07-09 07:00:00+00:00,16.63251079955965,NORMAL,18.45,19.84,23.07,16.7944,80.07247,KRSNWDP_2026-07-09T07:00:00+0000_16.6325
KRSNWDP,Krishna at Wadenepally,Krishna,2026-07-09 08:00:00+00:00,16.586079917997584,NORMAL,18.45,19.84,23.07,16.7944,80.07247,KRSNWDP_2026-07-09T08:00:00+0000_16.5861
KRSNWDP,Krishna at Wadenepally,Krishna,2026-07-09 09:00:00+00:00,16.495868547790224,NORMAL,18.45,19.84,23.07,16.7944,80.07247,KRSNWDP_2026-07-09T09:00:00+0000_16.4959
KRSNWDP,Krishna at Wadenepally,Krishna,2026-07-09 10:00:00+00:00,16.526460446702654,NORMAL,18.45,19.84,23.07,16.7944,80.07247,KRSNWDP_2026-07-09T10:00:00+0000_16.5265
KRSNWDP,Krishna at Wadenepally,Krishna,2026-07-09 11:00:00+00:00,16.503813634361027,NORMAL,18.45,19.84,23.07,16.7944,80.07247,KRSNWDP_2026-07-09T11:00:00+0000_16.5038
KRSNWDP,Krishna at Wadenepally,Krishna,2026-07-09 12:00:00+00:00,16.474638660935128,NORMAL,18.45,19.84,23.07,16.7944,80.07247,KRSNWDP_2026-07-09T12:00:00+0000_16.4746
KRSNWDP,Krishna at Wadenepally,Krishna,2026-07-09 13:00:00+00:00,16.474639764832183,NORMAL,18.45,19.84,23.07,16.7944,80.07247,KRSNWDP_2026-07-09T13:00:00+0000_16.4746
KRSNWDP,Krishna at Wadenepally,Krishna,2026-07-09 14:00:00+00:00,16.485200927605085,NORMAL,18.45,19.84,23.07,16.7944,80.07247,KRSNWDP_2026-07-09T14:00:00+0000_16.4852
KRSNWDP,Krishna at Wadenepally,Krishna,2026-07-09 15:00:00+00:00,16.555355967811803,NORMAL,18.45,19.84,23.07,16.7944,80.07247,KRSNWDP_2026-07-09T15:00:00+0000_16.5554
KRSNWDP,Krishna at Wadenepally,Krishna,2026-07-09 16:00:00+00:00,16.655587174679237,NORMAL,18.45,19.84,23.07,16.7944,80.07247,KRSNWDP_2026-07-09T16:00:00+0000_16.6556
KRSNWDP,Krishna at Wadenepally,Krishna,2026-07-09 17:00:00+00:00,16.66050465982542,NORMAL,18.45,19.84,23.07,16.7944,80.07247,KRSNWDP_2026-07-09T17:00:00+0000_16.6605
KRSNWDP,Krishna at Wadenepally,Krishna,2026-07-09 18:00:00+00:00,16.743883304803415,NORMAL,18.45,19.84,23.07,16.7944,80.07247,KRSNWDP_2026-07-09T18:00:00+0000_16.7439
KRSNWDP,Krishna at Wadenepally,Krishna,2026-07-09 19:00:00+00:00,16.712017961583967,NORMAL,18.45,19.84,23.07,16.7944,80.07247,KRSNWDP_2026-07-09T19:00:00+0000_16.7120
KRSNWDP,Krishna at Wadenepally,Krishna,2026-07-09 20:00:00+00:00,16.750018033925368,NORMAL,18.45,19.84,23.07,16.7944,80.07247,KRSNWDP_2026-07-09T20:00:00+0000_16.7500
KRSNWDP,Krishna at Wadenepally,Krishna,2026-07-09 21:00:00+00:00,16.847517785397578,NORMAL,18.45,19.84,23.07,16.7944,80.07247,KRSNWDP_2026-07-09T21:00:00+0000_16.8475
KRSNWDP,Krishna at Wadenepally,Krishna,2026-07-09 22:00:00+00:00,16.837755731308352,NORMAL,18.45,19.84,23.07,16.7944,80.07247,KRSNWDP_2026-07-09T22:00:00+0000_16.8378
KRSNWDP,Krishna at Wadenepally,Krishna,2026-07-09 23:00:00+00:00,16.891015019686783,NORMAL,18.45,19.84,23.07,16.7944,80.07247,KRSNWDP_2026-07-09T23:00:00+0000_16.8910
KRSNWDP,Krishna at Wadenepally,Krishna,2026-07-10 00:00:00+00:00,16.845087580167423,NORMAL,18.45,19.84,23.07,16.7944,80.07247,KRSNWDP_2026-07-10T00:00:00+0000_16.8451
KRSNWDP,Krishna at Wadenepally,Krishna,2026-07-10 01:00:00+00:00,16.85378815886788,NORMAL,18.45,19.84,23.07,16.7944,80.07247,KRSNWDP_2026-07-10T01:00:00+0000_16.8538
KRSNWDP,Krishna at Wadenepally,Krishna,2026-07-10 02:00:00+00:00,16.80740794182329,NORMAL,18.45,19.84,23.07,16.7944,80.07247,KRSNWDP_2026-07-10T02:00:00+0000_16.8074
KRSNWDP,Krishna at Wadenepally,Krishna,2026-07-10 03:00:00+00:00,16.81239911027615,NORMAL,18.45,19.84,23.07,16.7944,80.07247,KRSNWDP_2026-07-10T03:00:00+0000_16.8124
KRSNWDP,Krishna at Wadenepally,Krishna,2026-07-10 04:00:00+00:00,16.732891315970665,NORMAL,18.45,19.84,23.07,16.7944,80.07247,KRSNWDP_2026-07-10T04:00:00+0000_16.7329
KRSNWDP,Krishna at Wadenepally,Krishna,2026-07-10 05:00:00+00:00,16.705391484972306,NORMAL,18.45,19.84,23.07,16.7944,80.07247,KRSNWDP_2026-07-10T05:00:00+0000_16.7054
KRSNWDP,Krishna at Wadenepally,Krishna,2026-07-10 06:00:00+00:00,16.62371250809028,NORMAL,18.45,19.84,23.07,16.7944,80.07247,KRSNWDP_2026-07-10T06:00:00+0000_16.6237
KRSNWDP,Krishna at Wadenepally,Krishna,2026-07-10 07:00:00+00:00,16.615541779253327,NORMAL,18.45,19.84,23.07,16.7944,80.07247,KRSNWDP_2026-07-10T07:00:00+0000_16.6155
KRSNWDP,Krishna at Wadenepally,Krishna,2026-07-10 08:00:00+00:00,,,18.45,19.84,23.07,16.7944,80.07247,KRSNWDP_2026-07-10T08:00:00+0000_
KRSNWDP,Krishna at Wadenepally,Krishna,2026-07-10 09:00:00+00:00,16.52490129894268,NORMAL,18.45,19.84,23.07,16.7944,80.07247,KRSNWDP_2026-07-10T09:00:00+0000_16.5249
KRSNWDP,Krishna at Wadenepally,Krishna,2026-07-10 10:00:00+00:00,16.473945671898232,NORMAL,18.45,19.84,23.07,16.7944,80.07247,KRSNWDP_2026-07-10T10:00:00+0000_16.4739
KRSNWDP,Krishna at Wadenepally,Krishna,2026-07-10 11:00:00+00:00,16.490718167673066,NORMAL,18.45,19.84,23.07,16.7944,80.07247,KRSNWDP_2026-07-10T11:00:00+0000_16.4907
KRSNWDP,Krishna at Wadenepally,Krishna,2026-07-10 12:00:00+00:00,16.503357218609708,NORMAL,18.45,19.84,23.07,16.7944,80.07247,KRSNWDP_2026-07-10T12:00:00+0000_16.5034
KRSNWDP,Krishna at Wadenepally,Krishna,2026-07-10 13:00:00+00:00,16.501068974413123,NORMAL,18.45,19.84,23.07,16.7944,80.07247,KRSNWDP_2026-07-10T13:00:00+0000_16.5011
KRSNWDP,Krishna at Wadenepally,Krishna,2026-07-10 14:00:00+00:00,16.514078503476213,NORMAL,18.45,19.84,23.07,16.7944,80.07247,KRSNWDP_2026-07-10T14:00:00+0000_16.5141
KRSNWDP,Krishna at Wadenepally,Krishna,2026-07-10 15:00:00+00:00,16.59877071723629,NORMAL,18.45,19.84,23.07,16.7944,80.07247,KRSNWDP_2026-07-10T15:00:00+0000_16.5988
KRSNWDP,Krishna at Wadenepally,Krishna,2026-07-10 16:00:00+00:00,16.632856814845237,NORMAL,18.45,19.84,23.07,16.7944,80.07247,KRSNWDP_2026-07-10T16:00:00+0000_16.6329
KRSNWDP,Krishna at Wadenepally,Krishna,2026-07-10 17:00:00+00:00,16.623210767403204,NORMAL,18.45,19.84,23.07,16.7944,80.07247,KRSNWDP_2026-07-10T17:00:00+0000_16.6232
KRSNWDP,Krishna at Wadenepally,Krishna,2026-07-10 18:00:00+00:00,16.741972370007232,NORMAL,18.45,19.84,23.07,16.7944,80.07247,KRSNWDP_2026-07-10T18:00:00+0000_16.7420
KRSNWDP,Krishna at Wadenepally,Krishna,2026-07-10 19:00:00+00:00,16.744244347714123,NORMAL,18.45,19.84,23.07,16.7944,80.07247,KRSNWDP_2026-07-10T19:00:00+0000_16.7442
KRSNWDP,Krishna at Wadenepally,Krishna,2026-07-10 20:00:00+00:00,16.843699607990295,NORMAL,18.45,19.84,23.07,16.7944,80.07247,KRSNWDP_2026-07-10T20:00:00+0000_16.8437
KRSNWDP,Krishna at Wadenepally,Krishna,2026-07-10 21:00:00+00:00,16.81233256312018,NORMAL,18.45,19.84,23.07,16.7944,80.07247,KRSNWDP_2026-07-10T21:00:00+0000_16.8123
KRSNWDP,Krishna at Wadenepally,Krishna,2026-07-10 22:00:00+00:00,,,18.45,19.84,23.07,16.7944,80.07247,KRSNWDP_2026-07-10T22:00:00+0000_
KRSNWDP,Krishna at Wadenepally,Krishna,2026-07-10 23:00:00+00:00,16.897469025796227,NORMAL,18.45,19.84,23.07,16.7944,80.07247,KRSNWDP_2026-07-10T23:00:00+0000_16.8975
KRSNWDP,Krishna at Wadenepally,Krishna,2026-07-11 00:00:00+00:00,16.86073284133536,NORMAL,18.45,19.84,23.07,16.7944,80.07247,KRSNWDP_2026-07-11T00:00:00+0000_16.8607
KRSNWDP,Krishna at Wadenepally,Krishna,2026-07-11 01:00:00+00:00,16.804500758210967,NORMAL,18.45,19.84,23.07,16.7944,80.07247,KRSNWDP_2026-07-11T01:00:00+0000_16.8045
KRSNWDP,Krishna at Wadenepally,Krishna,2026-07-11 02:00:00+00:00,16.785945364463043,NORMAL,18.45,19.84,23.07,16.7944,80.07247,KRSNWDP_2026-07-11T02:00:00+0000_16.7859
KRSNWDP,Krishna at Wadenepally,Krishna,2026-07-11 03:00:00+00:00,16.812608303803234,NORMAL,18.45,19.84,23.07,16.7944,80.07247,KRSNWDP_2026-07-11T03:00:00+0000_16.8126
KRSNWDP,Krishna at Wadenepally,Krishna,2026-07-11 04:00:00+00:00,16.724866993012846,NORMAL,18.45,19.84,23.07,16.7944,80.07247,KRSNWDP_2026-07-11T04:00:00+0000_16.7249
KRSNWDP,Krishna at Wadenepally,Krishna,2026-07-11 05:00:00+00:00,16.721793987100472,NORMAL,18.45,19.84,23.07,16.7944,80.07247,KRSNWDP_2026-07-11T05:00:00+0000_16.7218
KRSNWDP,Krishna at Wadenepally,Krishna,2026-07-11 06:00:00+00:00,16.597341837596954,NORMAL,18.45,19.84,23.07,16.7944,80.07247,KRSNWDP_2026-07-11T06:00:00+0000_16.5973
KRSNWDP,Krishna at Wadenepally,Krishna,2026-07-11 07:00:00+00:00,16.593171583035545,NORMAL,18.45,19.84,23.07,16.7944,80.07247,KRSNWDP_2026-07-11T07:00:00+0000_16.5932
KRSNWDP,Krishna at Wadenepally,Krishna,2026-07-11 08:00:00+00:00,16.53146249919162,NORMAL,18.45,19.84,23.07,16.7944,80.07247,KRSNWDP_2026-07-11T08:00:00+0000_16.5315
KRSNWDP,Krishna at Wadenepally,Krishna,2026-07-11 09:00:00+00:00,16.561317495207263,NORMAL,18.45,19.84,23.07,16.7944,80.07247,KRSNWDP_2026-07-11T09:00:00+0000_16.5613
KRSNWDP,Krishna at Wadenepally,Krishna,2026-07-11 10:00:00+00:00,16.503006171128618,NORMAL,18.45,19.84,23.07,16.7944,80.07247,KRSNWDP_2026-07-11T10:00:00+0000_16.5030
KRSNWDP,Krishna at Wadenepally,Krishna,2026-07-11 11:00:00+00:00,16.490280270922415,NORMAL,18.45,19.84,23.07,16.7944,80.07247,KRSNWDP_2026-07-11T11:00:00+0000_16.4903
KRSNWDP,Krishna at Wadenepally,Krishna,2026-07-11 12:00:00+00:00,16.457177382795127,NORMAL,18.45,19.84,23.07,16.7944,80.07247,KRSNWDP_2026-07-11T12:00:00+0000_16.4572
KRSNWDP,Krishna at Wadenepally,Krishna,2026-07-11 13:00:00+00:00,16.542065608595106,NORMAL,18.45,19.84,23.07,16.7944,80.07247,KRSNWDP_2026-07-11T13:00:00+0000_16.5421
KRSNWDP,Krishna at Wadenepally,Krishna,2026-07-11 14:00:00+00:00,19.154711340624512,WARNING,18.45,19.84,23.07,16.7944,80.07247,KRSNWDP_2026-07-11T14:00:00+0000_19.1547
KRSNWDP,Krishna at Wadenepally,Krishna,2026-07-11 15:00:00+00:00,18.917228631533245,WARNING,18.45,19.84,23.07,16.7944,80.07247,KRSNWDP_2026-07-11T15:00:00+0000_18.9172
KRSNWDP,Krishna at Wadenepally,Krishna,2026-07-11 16:00:00+00:00,18.752514428928645,WARNING,18.45,19.84,23.07,16.7944,80.07247,KRSNWDP_2026-07-11T16:00:00+0000_18.7525
KRSNWDP,Krishna at Wadenepally,Krishna,2026-07-11 17:00:00+00:00,16.623056734159775,NORMAL,18.45,19.84,23.07,16.7944,80.07247,KRSNWDP_2026-07-11T17:00:00+0000_16.6231
KRSNWDP,Krishna at Wadenepally,Krishna,2026-07-11 18:00:00+00:00,16.701201809220336,NORMAL,18.45,19.84,23.07,16.7944,80.07247,KRSNWDP_2026-07-11T18:00:00+0000_16.7012
KRSNWDP,Krishna at Wadenepally,Krishna,2026-07-11 19:00:00+00:00,16.718588244624925,NORMAL,18.45,19.84,23.07,16.7944,80.07247,KRSNWDP_2026-07-11T19:00:00+0000_16.7186
KRSNWDP,Krishna at Wadenepally,Krishna,2026-07-11 20:00:00+00:00,16.784842517855854,NORMAL,18.45,19.84,23.07,16.7944,80.07247,KRSNWDP_2026-07-11T20:00:00+0000_16.7848
KRSNWDP,Krishna at Wadenepally,Krishna,2026-07-11 21:00:00+00:00,16.851905934846847,NORMAL,18.45,19.84,23.07,16.7944,80.07247,KRSNWDP_2026-07-11T21:00:00+0000_16.8519
KRSNWDP,Krishna at Wadenepally,Krishna,2026-07-11 22:00:00+00:00,16.893774752728643,NORMAL,18.45,19.84,23.07,16.7944,80.07247,KRSNWDP_2026-07-11T22:00:00+0000_16.8938
KRSNWDP,Krishna at Wadenepally,Krishna,2026-07-11 23:00:00+00:00,16.896109743819117,NORMAL,18.45,19.84,23.07,16.7944,80.07247,KRSNWDP_2026-07-11T23:00:00+0000_16.8961
KRSNWDP,Krishna at Wadenepally,Krishna,2026-07-12 00:00:00+00:00,16.854121229305758,NORMAL,18.45,19.84,23.07,16.7944,80.07247,KRSNWDP_2026-07-12T00:00:00+0000_16.8541
KRSNWDP,Krishna at Wadenepally,Krishna,2026-07-12 01:00:00+00:00,16.875918065553105,NORMAL,18.45,19.84,23.07,16.7944,80.07247,KRSNWDP_2026-07-12T01:00:00+0000_16.8759
KRSNWDP,Krishna at Wadenepally,Krishna,2026-07-12 02:00:00+00:00,16.828208903530445,NORMAL,18.45,19.84,23.07,16.7944,80.07247,KRSNWDP_2026-07-12T02:00:00+0000_16.8282
KRSNWDP,Krishna at Wadenepally,Krishna,2026-07-12 03:00:00+00:00,16.785189722434183,NORMAL,18.45,19.84,23.07,16.7944,80.07247,KRSNWDP_2026-07-12T03:00:00+0000_16.7852
KRSNWDP,Krishna at Wadenepally,Krishna,2026-07-12 04:00:00+00:00,16.723038665336507,NORMAL,18.45,19.84,23.07,16.7944,80.07247,KRSNWDP_2026-07-12T04:00:00+0000_16.7230
KRSNWDP,Krishna at Wadenepally,Krishna,2026-07-12 05:00:00+00:00,16.719727172481633,NORMAL,18.45,19.84,23.07,16.7944,80.07247,KRSNWDP_2026-07-12T05:00:00+0000_16.7197
KRSNWDP,Krishna at Wadenepally,Krishna,2026-07-12 06:00:00+00:00,16.66816472184746,NORMAL,18.45,19.84,23.07,16.7944,80.07247,KRSNWDP_2026-07-12T06:00:00+0000_16.6682
KRSNWDP,Krishna at Wadenepally,Krishna,2026-07-12 07:00:00+00:00,16.637646547749508,NORMAL,18.45,19.84,23.07,16.7944,80.07247,KRSNWDP_2026-07-12T07:00:00+0000_16.6376
KRSNWDP,Krishna at Wadenepally,Krishna,2026-07-12 08:00:00+00:00,16.511100227591076,NORMAL,18.45,19.84,23.07,16.7944,80.07247,KRSNWDP_2026-07-12T08:00:00+0000_16.5111
KRSNWDP,Krishna at Wadenepally,Krishna,2026-07-12 09:00:00+00:00,16.491674069936913,NORMAL,18.45,19.84,23.07,16.7944,80.07247,KRSNWDP_2026-07-12T09:00:00+0000_16.4917
KRSNWDP,Krishna at Wadenepally,Krishna,2026-07-12 10:00:00+00:00,16.516075078435275,NORMAL,18.45,19.84,23.07,16.7944,80.07247,KRSNWDP_2026-07-12T10:00:00+0000_16.5161
KRSNWDP,Krishna at Wadenepally,Krishna,2026-07-12 11:00:00+00:00,16.528668701307975,NORMAL,18.45,19.84,23.07,16.7944,80.07247,KRSNWDP_2026-07-12T11:00:00+0000_16.5287
KRSNWDP,Krishna at Wadenepally,Krishna,2026-07-12 12:00:00+00:00,16.451122323524157,NORMAL,18.45,19.84,23.07,16.7944,80.07247,KRSNWDP_2026-07-12T12:00:00+0000_16.4511
KRSNWDP,Krishna at Wadenepally,Krishna,2026-07-12 13:00:00+00:00,16.485601475559026,NORMAL,18.45,19.84,23.07,16.7944,80.07247,KRSNWDP_2026-07-12T13:00:00+0000_16.4856
KRSNWDP,Krishna at Wadenepally,Krishna,2026-07-12 14:00:00+00:00,16.478565827236476,NORMAL,18.45,19.84,23.07,16.7944,80.07247,KRSNWDP_2026-07-12T14:00:00+0000_16.4786
KRSNWDP,Krishna at Wadenepally,Krishna,2026-07-12 15:00:00+00:00,16.578642622057206,NORMAL,18.45,19.84,23.07,16.7944,80.07247,KRSNWDP_2026-07-12T15:00:00+0000_16.5786
KRSNWDP,Krishna at Wadenepally,Krishna,2026-07-12 16:00:00+00:00,16.61920639819043,NORMAL,18.45,19.84,23.07,16.7944,80.07247,KRSNWDP_2026-07-12T16:00:00+0000_16.6192
KRSNWDP,Krishna at Wadenepally,Krishna,2026-07-12 17:00:00+00:00,16.68451690484915,NORMAL,18.45,19.84,23.07,16.7944,80.07247,KRSNWDP_2026-07-12T17:00:00+0000_16.6845
KRSNWDP,Krishna at Wadenepally,Krishna,2026-07-12 18:00:00+00:00,16.683993106800962,NORMAL,18.45,19.84,23.07,16.7944,80.07247,KRSNWDP_2026-07-12T18:00:00+0000_16.6840
KRSNWDP,Krishna at Wadenepally,Krishna,2026-07-12 19:00:00+00:00,16.75196520928264,NORMAL,18.45,19.84,23.07,16.7944,80.07247,KRSNWDP_2026-07-12T19:00:00+0000_16.7520
KRSNWDP,Krishna at Wadenepally,Krishna,2026-07-12 20:00:00+00:00,16.770233075621487,NORMAL,18.45,19.84,23.07,16.7944,80.07247,KRSNWDP_2026-07-12T20:00:00+0000_16.7702
KRSNWDP,Krishna at Wadenepally,Krishna,2026-07-12 21:00:00+00:00,16.824633687842017,NORMAL,18.45,19.84,23.07,16.7944,80.07247,KRSNWDP_2026-07-12T21:00:00+0000_16.8246
KRSNWDP,Krishna at Wadenepally,Krishna,2026-07-12 22:00:00+00:00,16.87538970607829,NORMAL,18.45,19.84,23.07,16.7944,80.07247,KRSNWDP_2026-07-12T22:00:00+0000_16.8754
KRSNWDP,Krishna at Wadenepally,Krishna,2026-07-12 23:00:00+00:00,16.90995199833866,NORMAL,18.45,19.84,23.07,16.7944,80.07247,KRSNWDP_2026-07-12T23:00:00+0000_16.9100
KRSNWDP,Krishna at Wadenepally,Krishna,2026-07-13 00:00:00+00:00,16.808669615675658,NORMAL,18.45,19.84,23.07,16.7944,80.07247,KRSNWDP_2026-07-13T00:00:00+0000_16.8087
KRSNWDP,Krishna at Wadenepally,Krishna,2026-07-13 01:00:00+00:00,16.871226120735013,NORMAL,18.45,19.84,23.07,16.7944,80.07247,KRSNWDP_2026-07-13T01:00:00+0000_16.8712
KRSNWDP,Krishna at Wadenepally,Krishna,2026-07-13 02:00:00+00:00,16.841289142312455,NORMAL,18.45,19.84,23.07,16.7944,80.07247,KRSNWDP_2026-07-13T02:00:00+0000_16.8413
KRSNWDP,Krishna at Wadenepally,Krishna,2026-07-13 03:00:00+00:00,16.773623858363326,NORMAL,18.45,19.84,23.07,16.7944,80.07247,KRSNWDP_2026-07-13T03:00:00+0000_16.7736
KRSNWDP,Krishna at Wadenepally,Krishna,2026-07-13 04:00:00+00:00,16.780583861211017,NORMAL,18.45,19.84,23.07,16.7944,80.07247,KRSNWDP_2026-07-13T04:00:00+0000_16.7806
KRSNWDP,Krishna at Wadenepally,Krishna,2026-07-13 05:00:00+00:00,16.73494785174732,NORMAL,18.45,19.84,23.07,16.7944,80.07247,KRSNWDP_2026-07-13T05:00:00+0000_16.7349
KRSNWDP,Krishna at Wadenepally,Krishna,2026-07-13 06:00:00+00:00,16.60745077646368,NORMAL,18.45,19.84,23.07,16.7944,80.07247,KRSNWDP_2026-07-13T06:00:00+0000_16.6075
KRSNWDP,Krishna at Wadenepally,Krishna,2026-07-13 07:00:00+00:00,16.63307945607111,NORMAL,18.45,19.84,23.07,16.7944,80.07247,KRSNWDP_2026-07-13T07:00:00+0000_16.6331
KRSNWDP,Krishna at Wadenepally,Krishna,2026-07-13 08:00:00+00:00,16.57201438888879,NORMAL,18.45,19.84,23.07,16.7944,80.07247,KRSNWDP_2026-07-13T08:00:00+0000_16.5720
KRSNWDP,Krishna at Wadenepally,Krishna,2026-07-13 09:00:00+00:00,16.484058347704753,NORMAL,18.45,19.84,23.07,16.7944,80.07247,KRSNWDP_2026-07-13T09:00:00+0000_16.4841
KRSNWDP,Krishna at Wadenepally,Krishna,2026-07-13 10:00:00+00:00,16.487111864671157,NORMAL,18.45,19.84,23.07,16.7944,80.07247,KRSNWDP_2026-07-13T10:00:00+0000_16.4871
KRSNWDP,Krishna at Wadenepally,Krishna,2026-07-13 11:00:00+00:00,16.444784499572766,NORMAL,18.45,19.84,23.07,16.7944,80.07247,KRSNWDP_2026-07-13T11:00:00+0000_16.4448
KRSNWDP,Krishna at Wadenepally,Krishna,2026-07-13 12:00:00+00:00,16.435606630316016,NORMAL,18.45,19.84,23.07,16.7944,80.07247,KRSNWDP_2026-07-13T12:00:00+0000_16.4356
KRSNWDP,Krishna at Wadenepally,Krishna,2026-07-13 13:00:00+00:00,16.52895712624693,NORMAL,18.45,19.84,23.07,16.7944,80.07247,KRSNWDP_2026-07-13T13:00:00+0000_16.5290
KRSNWDP,Krishna at Wadenepally,Krishna,2026-07-13 14:00:00+00:00,16.550719695412933,NORMAL,18.45,19.84,23.07,16.7944,80.07247,KRSNWDP_2026-07-13T14:00:00+0000_16.5507
KRSNWDP,Krishna at Wadenepally,Krishna,2026-07-13 15:00:00+00:00,16.546443689041606,NORMAL,18.45,19.84,23.07,16.7944,80.07247,KRSNWDP_2026-07-13T15:00:00+0000_16.5464
KRSNWDP,Krishna at Wadenepally,Krishna,2026-07-13 16:00:00+00:00,16.620219224465817,NORMAL,18.45,19.84,23.07,16.7944,80.07247,KRSNWDP_2026-07-13T16:00:00+0000_16.6202
KRSNWDP,Krishna at Wadenepally,Krishna,2026-07-13 17:00:00+00:00,16.641827531609213,NORMAL,18.45,19.84,23.07,16.7944,80.07247,KRSNWDP_2026-07-13T17:00:00+0000_16.6418
KRSNWDP,Krishna at Wadenepally,Krishna,2026-07-13 18:00:00+00:00,16.71593245499104,NORMAL,18.45,19.84,23.07,16.7944,80.07247,KRSNWDP_2026-07-13T18:00:00+0000_16.7159
KRSNWDP,Krishna at Wadenepally,Krishna,2026-07-13 19:00:00+00:00,16.72756956238068,NORMAL,18.45,19.84,23.07,16.7944,80.07247,KRSNWDP_2026-07-13T19:00:00+0000_16.7276
KRSNWDP,Krishna at Wadenepally,Krishna,2026-07-13 20:00:00+00:00,16.801751976339165,NORMAL,18.45,19.84,23.07,16.7944,80.07247,KRSNWDP_2026-07-13T20:00:00+0000_16.8018
KRSNWDP,Krishna at Wadenepally,Krishna,2026-07-13 21:00:00+00:00,16.791639734157368,NORMAL,18.45,19.84,23.07,16.7944,80.07247,KRSNWDP_2026-07-13T21:00:00+0000_16.7916
KRSNWDP,Krishna at Wadenepally,Krishna,2026-07-13 22:00:00+00:00,,,18.45,19.84,23.07,16.7944,80.07247,KRSNWDP_2026-07-13T22:00:00+0000_
KRSNWDP,Krishna at Wadenepally,Krishna,2026-07-13 23:00:00+00:00,16.82975223681518,NORMAL,18.45,19.84,23.07,16.7944,80.07247,KRSNWDP_2026-07-13T23:00:00+0000_16.8298
KRSNWDP,Krishna at Wadenepally,Krishna,2026-07-14 00:00:00+00:00,16.86811103695233,NORMAL,18.45,19.84,23.07,16.7944,80.07247,KRSNWDP_2026-07-14T00:00:00+0000_16.8681
KRSNWDP,Krishna at Wadenepally,Krishna,2026-07-14 01:00:00+00:00,16.819444885969755,NORMAL,18.45,19.84,23.07,16.7944,80.07247,KRSNWDP_2026-07-14T01:00:00+0000_16.8194
KRSNWDP,Krishna at Wadenepally,Krishna,2026-07-14 02:00:00+00:00,16.847638526797084,NORMAL,18.45,19.84,23.07,16.7944,80.07247,KRSNWDP_2026-07-14T02:00:00+0000_16.8476
KRSNWDP,Krishna at Wadenepally,Krishna,2026-07-14 03:00:00+00:00,16.746489008923284,NORMAL,18.45,19.84,23.07,16.7944,80.07247,KRSNWDP_2026-07-14T03:00:00+0000_16.7465
KRSNWDP,Krishna at Wadenepally,Krishna,2026-07-14 04:00:00+00:00,16.73715067430975,NORMAL,18.45,19.84,23.07,16.7944,80.07247,KRSNWDP_2026-07-14T04:00:00+0000_16.7372
KRSNWDP,Krishna at Wadenepally,Krishna,2026-07-14 05:00:00+00:00,16.71243643505438,NORMAL,18.45,19.84,23.07,16.7944,80.07247,KRSNWDP_2026-07-14T05:00:00+0000_16.7124
KRSNWDP,Krishna at Wadenepally,Krishna,2026-07-14 06:00:00+00:00,16.674709111284677,NORMAL,18.45,19.84,23.07,16.7944,80.07247,KRSNWDP_2026-07-14T06:00:00+0000_16.6747
KRSNWDP,Krishna at Wadenepally,Krishna,2026-07-14 07:00:00+00:00,16.559491233283207,NORMAL,18.45,19.84,23.07,16.7944,80.07247,KRSNWDP_2026-07-14T07:00:00+0000_16.5595
KRSNWDP,Krishna at Wadenepally,Krishna,2026-07-14 08:00:00+00:00,16.515515632958564,NORMAL,18.45,19.84,23.07,16.7944,80.07247,KRSNWDP_2026-07-14T08:00:00+0000_16.5155
KRSNWDP,Krishna at Wadenepally,Krishna,2026-07-14 09:00:00+00:00,16.558177157546503,NORMAL,18.45,19.84,23.07,16.7944,80.07247,KRSNWDP_2026-07-14T09:00:00+0000_16.5582
KRSNWDP,Krishna at Wadenepally,Krishna,2026-07-14 10:00:00+00:00,16.486241447910658,NORMAL,18.45,19.84,23.07,16.7944,80.07247,KRSNWDP_2026-07-14T10:00:00+0000_16.4862
KRSNWDP,Krishna at Wadenepally,Krishna,2026-07-14 11:00:00+00:00,16.487306618910978,NORMAL,18.45,19.84,23.07,16.7944,80.07247,KRSNWDP_2026-07-14T11:00:00+0000_16.4873
KRSNWDP,Krishna at Wadenepally,Krishna,2026-07-14 12:00:00+00:00,16.47390705549698,NORMAL,18.45,19.84,23.07,16.7944,80.07247,KRSNWDP_2026-07-14T12:00:00+0000_16.4739
KRSNWDP,Krishna at Wadenepally,Krishna,2026-07-14 13:00:00+00:00,16.470245606040223,NORMAL,18.45,19.84,23.07,16.7944,80.07247,KRSNWDP_2026-07-14T13:00:00+0000_16.4702
KRSNWDP,Krishna at Wadenepally,Krishna,2026-07-14 14:00:00+00:00,16.568379457320457,NORMAL,18.45,19.84,23.07,16.7944,80.07247,KRSNWDP_2026-07-14T14:00:00+0000_16.5684
KRSNWDP,Krishna at Wadenepally,Krishna,2026-07-14 15:00:00+00:00,16.562118677320115,NORMAL,18.45,19.84,23.07,16.7944,80.07247,KRSNWDP_2026-07-14T15:00:00+0000_16.5621
KRSNWDP,Krishna at Wadenepally,Krishna,2026-07-14 16:00:00+00:00,16.622951651071332,NORMAL,18.45,19.84,23.07,16.7944,80.07247,KRSNWDP_2026-07-14T16:00:00+0000_16.6230
KRSNWDP,Krishna at Wadenepally,Krishna,2026-07-14 17:00:00+00:00,16.68997175926115,NORMAL,18.45,19.84,23.07,16.7944,80.07247,KRSNWDP_2026-07-14T17:00:00+0000_16.6900
KRSNWDP,Krishna at Wadenepally,Krishna,2026-07-14 18:00:00+00:00,16.68851729596752,NORMAL,18.45,19.84,23.07,16.7944,80.07247,KRSNWDP_2026-07-14T18:00:00+0000_16.6885
KRSNWDP,Krishna at Wadenepally,Krishna,2026-07-14 19:00:00+00:00,16.70743157533466,NORMAL,18.45,19.84,23.07,16.7944,80.07247,KRSNWDP_2026-07-14T19:00:00+0000_16.7074
KRSNWDP,Krishna at Wadenepally,Krishna,2026-07-14 20:00:00+00:00,16.817723305060046,NORMAL,18.45,19.84,23.07,16.7944,80.07247,KRSNWDP_2026-07-14T20:00:00+0000_16.8177
KRSNWDP,Krishna at Wadenepally,Krishna,2026-07-14 21:00:00+00:00,16.86525112243726,NORMAL,18.45,19.84,23.07,16.7944,80.07247,KRSNWDP_2026-07-14T21:00:00+0000_16.8653
KRSNWDP,Krishna at Wadenepally,Krishna,2026-07-14 22:00:00+00:00,16.83002856760701,NORMAL,18.45,19.84,23.07,16.7944,80.07247,KRSNWDP_2026-07-14T22:00:00+0000_16.8300
KRSNWDP,Krishna at Wadenepally,Krishna,2026-07-14 23:00:00+00:00,16.827455460193676,NORMAL,18.45,19.84,23.07,16.7944,80.07247,KRSNWDP_2026-07-14T23:00:00+0000_16.8275
KRSNWDP,Krishna at Wadenepally,Krishna,2026-07-15 00:00:00+00:00,16.897203375096456,NORMAL,18.45,19.84,23.07,16.7944,80.07247,KRSNWDP_2026-07-15T00:00:00+0000_16.8972
KRSNWDP,Krishna at Wadenepally,Krishna,2026-07-15 01:00:00+00:00,16.848681838320168,NORMAL,18.45,19.84,23.07,16.7944,80.07247,KRSNWDP_2026-07-15T01:00:00+0000_16.8487
KRSNWDP,Krishna at Wadenepally,Krishna,2026-07-15 02:00:00+00:00,16.84715234329125,NORMAL,18.45,19.84,23.07,16.7944,80.07247,KRSNWDP_2026-07-15T02:00:00+0000_16.8472
KRSNWDP,Krishna at Wadenepally,Krishna,2026-07-15 03:00:00+00:00,16.740341059704807,NORMAL,18.45,19.84,23.07,16.7944,80.07247,KRSNWDP_2026-07-15T03:00:00+0000_16.7403
KRSNWDP,Krishna at Wadenepally,Krishna,2026-07-15 04:00:00+00:00,16.72892724815513,NORMAL,18.45,19.84,23.07,16.7944,80.07247,KRSNWDP_2026-07-15T04:00:00+0000_16.7289
KRSNWDP,Krishna at Wadenepally,Krishna,2026-07-15 05:00:00+00:00,16.672231520280654,NORMAL,18.45,19.84,23.07,16.7944,80.07247,KRSNWDP_2026-07-15T05:00:00+0000_16.6722
KRSNWDP,Krishna at Wadenepally,Krishna,2026-07-15 06:00:00+00:00,16.619654038680707,NORMAL,18.45,19.84,23.07,16.7944,80.07247,KRSNWDP_2026-07-15T06:00:00+0000_16.6197
KRSNWDP,Krishna at Wadenepally,Krishna,2026-07-15 07:00:00+00:00,16.604103697006288,NORMAL,18.45,19.84,23.07,16.7944,80.07247,KRSNWDP_2026-07-15T07:00:00+0000_16.6041
KRSNWDP,Krishna at Wadenepally,Krishna,2026-07-15 08:00:00+00:00,16.54705897900874,NORMAL,18.45,19.84,23.07,16.7944,80.07247,KRSNWDP_2026-07-15T08:00:00+0000_16.5471
KRSNWDP,Krishna at Wadenepally,Krishna,2026-07-15 09:00:00+00:00,16.526976854911258,NORMAL,18.45,19.84,23.07,16.7944,80.07247,KRSNWDP_2026-07-15T09:00:00+0000_16.5270
KRSNWDP,Krishna at Wadenepally,Krishna,2026-07-15 10:00:00+00:00,16.536275297401055,NORMAL,18.45,19.84,23.07,16.7944,80.07247,KRSNWDP_2026-07-15T10:00:00+0000_16.5363
KRSNWDP,Krishna at Wadenepally,Krishna,2026-07-15 11:00:00+00:00,16.516721121533514,NORMAL,18.45,19.84,23.07,16.7944,80.07247,KRSNWDP_2026-07-15T11:00:00+0000_16.5167
KRSNWDP,Krishna at Wadenepally,Krishna,2026-07-15 12:00:00+00:00,16.433488171734968,NORMAL,18.45,19.84,23.07,16.7944,80.07247,KRSNWDP_2026-07-15T12:00:00+0000_16.4335
KRSNWDP,Krishna at Wadenepally,Krishna,2026-07-15 13:00:00+00:00,16.51147856238671,NORMAL,18.45,19.84,23.07,16.7944,80.07247,KRSNWDP_2026-07-15T13:00:00+0000_16.5115
KRSNWDP,Krishna at Wadenepally,Krishna,2026-07-15 14:00:00+00:00,16.48999717370438,NORMAL,18.45,19.84,23.07,16.7944,80.07247,KRSNWDP_2026-07-15T14:00:00+0000_16.4900
KRSNWDP,Krishna at Wadenepally,Krishna,2026-07-15 15:00:00+00:00,16.50423484980406,NORMAL,18.45,19.84,23.07,16.7944,80.07247,KRSNWDP_2026-07-15T15:00:00+0000_16.5042
KRSNWDP,Krishna at Wadenepally,Krishna,2026-07-15 16:00:00+00:00,16.633106241725066,NORMAL,18.45,19.84,23.07,16.7944,80.07247,KRSNWDP_2026-07-15T16:00:00+0000_16.6331
KRSNWDP,Krishna at Wadenepally,Krishna,2026-07-15 17:00:00+00:00,16.60833021256166,NORMAL,18.45,19.84,23.07,16.7944,80.07247,KRSNWDP_2026-07-15T17:00:00+0000_16.6083
KRSNWDP,Krishna at Wadenepally,Krishna,2026-07-15 18:00:00+00:00,16.668342166858324,NORMAL,18.45,19.84,23.07,16.7944,80.07247,KRSNWDP_2026-07-15T18:00:00+0000_16.6683
KRSNWDP,Krishna at Wadenepally,Krishna,2026-07-15 19:00:00+00:00,16.704723795170082,NORMAL,18.45,19.84,23.07,16.7944,80.07247,KRSNWDP_2026-07-15T19:00:00+0000_16.7047
KRSNWDP,Krishna at Wadenepally,Krishna,2026-07-15 20:00:00+00:00,16.79546380731363,NORMAL,18.45,19.84,23.07,16.7944,80.07247,KRSNWDP_2026-07-15T20:00:00+0000_16.7955
KRSNWDP,Krishna at Wadenepally,Krishna,2026-07-15 21:00:00+00:00,16.806871962195086,NORMAL,18.45,19.84,23.07,16.7944,80.07247,KRSNWDP_2026-07-15T21:00:00+0000_16.8069
KRSNWDP,Krishna at Wadenepally,Krishna,2026-07-15 22:00:00+00:00,16.876610086062463,NORMAL,18.45,19.84,23.07,16.7944,80.07247,KRSNWDP_2026-07-15T22:00:00+0000_16.8766
KRSNWDP,Krishna at Wadenepally,Krishna,2026-07-15 23:00:00+00:00,16.8131361397068,NORMAL,18.45,19.84,23.07,16.7944,80.07247,KRSNWDP_2026-07-15T23:00:00+0000_16.8131
KRSNWDP,Krishna at Wadenepally,Krishna,2026-07-16 00:00:00+00:00,16.806242706770306,NORMAL,18.45,19.84,23.07,16.7944,80.07247,KRSNWDP_2026-07-16T00:00:00+0000_16.8062
KRSNWDP,Krishna at Wadenepally,Krishna,2026-07-16 01:00:00+00:00,16.791723246745352,NORMAL,18.45,19.84,23.07,16.7944,80.07247,KRSNWDP_2026-07-16T01:00:00+0000_16.7917
KRSNWDP,Krishna at Wadenepally,Krishna,2026-07-16 02:00:00+00:00,16.82710602129866,NORMAL,18.45,19.84,23.07,16.7944,80.07247,KRSNWDP_2026-07-16T02:00:00+0000_16.8271
KRSNWDP,Krishna at Wadenepally,Krishna,2026-07-16 03:00:00+00:00,16.749450575093363,NORMAL,18.45,19.84,23.07,16.7944,80.07247,KRSNWDP_2026-07-16T03:00:00+0000_16.7495
KRSNWDP,Krishna at Wadenepally,Krishna,2026-07-16 04:00:00+00:00,16.707794640273978,NORMAL,18.45,19.84,23.07,16.7944,80.07247,KRSNWDP_2026-07-16T04:00:00+0000_16.7078
KRSNWDP,Krishna at Wadenepally,Krishna,2026-07-16 05:00:00+00:00,16.637274656891492,NORMAL,18.45,19.84,23.07,16.7944,80.07247,KRSNWDP_2026-07-16T05:00:00+0000_16.6373
KRSNWDP,Krishna at Wadenepally,Krishna,2026-07-16 06:00:00+00:00,16.621569892765887,NORMAL,18.45,19.84,23.07,16.7944,80.07247,KRSNWDP_2026-07-16T06:00:00+0000_16.6216
KRSNWDP,Krishna at Wadenepally,Krishna,2026-07-16 07:00:00+00:00,16.544716303973868,NORMAL,18.45,19.84,23.07,16.7944,80.07247,KRSNWDP_2026-07-16T07:00:00+0000_16.5447
KRSNWDP,Krishna at Wadenepally,Krishna,2026-07-16 08:00:00+00:00,16.568969183030394,NORMAL,18.45,19.84,23.07,16.7944,80.07247,KRSNWDP_2026-07-16T08:00:00+0000_16.5690
KRSNWDP,Krishna at Wadenepally,Krishna,2026-07-16 09:00:00+00:00,16.47209592101537,NORMAL,18.45,19.84,23.07,16.7944,80.07247,KRSNWDP_2026-07-16T09:00:00+0000_16.4721
KRSNWDP,Krishna at Wadenepally,Krishna,2026-07-16 10:00:00+00:00,16.471385241612374,NORMAL,18.45,19.84,23.07,16.7944,80.07247,KRSNWDP_2026-07-16T10:00:00+0000_16.4714
KRSNWDP,Krishna at Wadenepally,Krishna,2026-07-16 11:00:00+00:00,16.46607788726218,NORMAL,18.45,19.84,23.07,16.7944,80.07247,KRSNWDP_2026-07-16T11:00:00+0000_16.4661
KRSNWDP,Krishna at Wadenepally,Krishna,2026-07-16 12:00:00+00:00,16.48494322119294,NORMAL,18.45,19.84,23.07,16.7944,80.07247,KRSNWDP_2026-07-16T12:00:00+0000_16.4849
KRSNWDP,Krishna at Wadenepally,Krishna,2026-07-16 13:00:00+00:00,16.462240445318862,NORMAL,18.45,19.84,23.07,16.7944,80.07247,KRSNWDP_2026-07-16T13:00:00+0000_16.4622
KRSNWDP,Krishna at Wadenepally,Krishna,2026-07-16 14:00:00+00:00,16.483163076416222,NORMAL,18.45,19.84,23.07,16.7944,80.07247,KRSNWDP_2026-07-16T14:00:00+0000_16.4832
KRSNWDP,Krishna at Wadenepally,Krishna,2026-07-16 15:00:00+00:00,16.53847950401403,NORMAL,18.45,19.84,23.07,16.7944,80.07247,KRSNWDP_2026-07-16T15:00:00+0000_16.5385
KRSNWDP,Krishna at Wadenepally,Krishna,2026-07-16 16:00:00+00:00,16.617648354946382,NORMAL,18.45,19.84,23.07,16.7944,80.07247,KRSNWDP_2026-07-16T16:00:00+0000_16.6176
KRSNWDP,Krishna at Wadenepally,Krishna,2026-07-16 17:00:00+00:00,16.664961949814174,NORMAL,18.45,19.84,23.07,16.7944,80.07247,KRSNWDP_2026-07-16T17:00:00+0000_16.6650
KRSNWDP,Krishna at Wadenepally,Krishna,2026-07-16 18:00:00+00:00,16.74157191589863,NORMAL,18.45,19.84,23.07,16.7944,80.07247,KRSNWDP_2026-07-16T18:00:00+0000_16.7416
KRSNWDP,Krishna at Wadenepally,Krishna,2026-07-16 19:00:00+00:00,16.740341119758817,NORMAL,18.45,19.84,23.07,16.7944,80.07247,KRSNWDP_2026-07-16T19:00:00+0000_16.7403
KRSNWDP,Krishna at Wadenepally,Krishna,2026-07-16 20:00:00+00:00,16.809008498592284,NORMAL,18.45,19.84,23.07,16.7944,80.07247,KRSNWDP_2026-07-16T20:00:00+0000_16.8090
KRSNWDP,Krishna at Wadenepally,Krishna,2026-07-16 21:00:00+00:00,16.835396312792767,NORMAL,18.45,19.84,23.07,16.7944,80.07247,KRSNWDP_2026-07-16T21:00:00+0000_16.8354
KRSNWDP,Krishna at Wadenepally,Krishna,2026-07-16 22:00:00+00:00,16.823131725425018,NORMAL,18.45,19.84,23.07,16.7944,80.07247,KRSNWDP_2026-07-16T22:00:00+0000_16.8231
KRSNWDP,Krishna at Wadenepally,Krishna,2026-07-16 23:00:00+00:00,16.888795327161986,NORMAL,18.45,19.84,23.07,16.7944,80.07247,KRSNWDP_2026-07-16T23:00:00+0000_16.8888
KRSNWDP,Krishna at Wadenepally,Krishna,2026-07-17 00:00:00+00:00,16.874613731122427,NORMAL,18.45,19.84,23.07,16.7944,80.07247,KRSNWDP_2026-07-17T00:00:00+0000_16.8746
KRSNWDP,Krishna at Wadenepally,Krishna,2026-07-17 01:00:00+00:00,16.820827534400358,NORMAL,18.45,19.84,23.07,16.7944,80.07247,KRSNWDP_2026-07-17T01:00:00+0000_16.8208
KRSNWDP,Krishna at Wadenepally,Krishna,2026-07-17 02:00:00+00:00,16.84073267642785,NORMAL,18.45,19.84,23.07,16.7944,80.07247,KRSNWDP_2026-07-17T02:00:00+0000_16.8407
KRSNWDP,Krishna at Wadenepally,Krishna,2026-07-17 03:00:00+00:00,16.733896837833207,NORMAL,18.45,19.84,23.07,16.7944,80.07247,KRSNWDP_2026-07-17T03:00:00+0000_16.7339
KRSNWDP,Krishna at Wadenepally,Krishna,2026-07-17 04:00:00+00:00,16.688846990885388,NORMAL,18.45,19.84,23.07,16.7944,80.07247,KRSNWDP_2026-07-17T04:00:00+0000_16.6888
KRSNWDP,Krishna at Wadenepally,Krishna,2026-07-17 05:00:00+00:00,16.709249288058324,NORMAL,18.45,19.84,23.07,16.7944,80.07247,KRSNWDP_2026-07-17T05:00:00+0000_16.7092
KRSNWDP,Krishna at Wadenepally,Krishna,2026-07-17 06:00:00+00:00,16.670963147665628,NORMAL,18.45,19.84,23.07,16.7944,80.07247,KRSNWDP_2026-07-17T06:00:00+0000_16.6710
KRSNWDP,Krishna at Wadenepally,Krishna,2026-07-17 07:00:00+00:00,16.537635040467052,NORMAL,18.45,19.84,23.07,16.7944,80.07247,KRSNWDP_2026-07-17T07:00:00+0000_16.5376
KRSNWDP,Krishna at Wadenepally,Krishna,2026-07-17 08:00:00+00:00,16.539738504146612,NORMAL,18.45,19.84,23.07,16.7944,80.07247,KRSNWDP_2026-07-17T08:00:00+0000_16.5397
KRSNWDP,Krishna at Wadenepally,Krishna,2026-07-17 09:00:00+00:00,16.55156071605944,NORMAL,18.45,19.84,23.07,16.7944,80.07247,KRSNWDP_2026-07-17T09:00:00+0000_16.5516
KRSNWDP,Krishna at Wadenepally,Krishna,2026-07-17 10:00:00+00:00,16.51553437671765,NORMAL,18.45,19.84,23.07,16.7944,80.07247,KRSNWDP_2026-07-17T10:00:00+0000_16.5155
KRSNWDP,Krishna at Wadenepally,Krishna,2026-07-17 11:00:00+00:00,16.429545507082647,NORMAL,18.45,19.84,23.07,16.7944,80.07247,KRSNWDP_2026-07-17T11:00:00+0000_16.4295
KRSNWDP,Krishna at Wadenepally,Krishna,2026-07-17 12:00:00+00:00,16.431943221019356,NORMAL,18.45,19.84,23.07,16.7944,80.07247,KRSNWDP_2026-07-17T12:00:00+0000_16.4319
KRSNWDP,Krishna at Wadenepally,Krishna,2026-07-17 13:00:00+00:00,16.536116786719248,NORMAL,18.45,19.84,23.07,16.7944,80.07247,KRSNWDP_2026-07-17T13:00:00+0000_16.5361
KRSNWDP,Krishna at Wadenepally,Krishna,2026-07-17 14:00:00+00:00,16.546316414155992,NORMAL,18.45,19.84,23.07,16.7944,80.07247,KRSNWDP_2026-07-17T14:00:00+0000_16.5463
KRSNWDP,Krishna at Wadenepally,Krishna,2026-07-17 15:00:00+00:00,16.5374276481129,NORMAL,18.45,19.84,23.07,16.7944,80.07247,KRSNWDP_2026-07-17T15:00:00+0000_16.5374
KRSNWDP,Krishna at Wadenepally,Krishna,2026-07-17 16:00:00+00:00,16.608344807207324,NORMAL,18.45,19.84,23.07,16.7944,80.07247,KRSNWDP_2026-07-17T16:00:00+0000_16.6083
KRSNWDP,Krishna at Wadenepally,Krishna,2026-07-17 17:00:00+00:00,16.599885610536298,NORMAL,18.45,19.84,23.07,16.7944,80.07247,KRSNWDP_2026-07-17T17:00:00+0000_16.5999
KRSNWDP,Krishna at Wadenepally,Krishna,2026-07-17 18:00:00+00:00,16.673902015886334,NORMAL,18.45,19.84,23.07,16.7944,80.07247,KRSNWDP_2026-07-17T18:00:00+0000_16.6739
KRSNWDP,Krishna at Wadenepally,Krishna,2026-07-17 19:00:00+00:00,16.75484983643675,NORMAL,18.45,19.84,23.07,16.7944,80.07247,KRSNWDP_2026-07-17T19:00:00+0000_16.7548
KRSNWDP,Krishna at Wadenepally,Krishna,2026-07-17 20:00:00+00:00,16.761442248137904,NORMAL,18.45,19.84,23.07,16.7944,80.07247,KRSNWDP_2026-07-17T20:00:00+0000_16.7614
KRSNWDP,Krishna at Wadenepally,Krishna,2026-07-17 21:00:00+00:00,16.798622187913086,NORMAL,18.45,19.84,23.07,16.7944,80.07247,KRSNWDP_2026-07-17T21:00:00+0000_16.7986
KRSNWDP,Krishna at Wadenepally,Krishna,2026-07-17 22:00:00+00:00,16.823752714501193,NORMAL,18.45,19.84,23.07,16.7944,80.07247,KRSNWDP_2026-07-17T22:00:00+0000_16.8238
KRSNWDP,Krishna at Wadenepally,Krishna,2026-07-17 23:00:00+00:00,16.844044131764008,NORMAL,18.45,19.84,23.07,16.7944,80.07247,KRSNWDP_2026-07-17T23:00:00+0000_16.8440
KRSNWDP,Krishna at Wadenepally,Krishna,2026-07-18 00:00:00+00:00,16.800209214177748,NORMAL,18.45,19.84,23.07,16.7944,80.07247,KRSNWDP_2026-07-18T00:00:00+0000_16.8002
KRSNWDP,Krishna at Wadenepally,Krishna,2026-07-18 01:00:00+00:00,16.85657368978393,NORMAL,18.45,19.84,23.07,16.7944,80.07247,KRSNWDP_2026-07-18T01:00:00+0000_16.8566
KRSNWDP,Krishna at Wadenepally,Krishna,2026-07-18 02:00:00+00:00,16.813198852516376,NORMAL,18.45,19.84,23.07,16.7944,80.07247,KRSNWDP_2026-07-18T02:00:00+0000_16.8132
KRSNWDP,Krishna at Wadenepally,Krishna,2026-07-18 03:00:00+00:00,16.801313810837705,NORMAL,18.45,19.84,23.07,16.7944,80.07247,KRSNWDP_2026-07-18T03:00:00+0000_16.8013
KRSNWDP,Krishna at Wadenepally,Krishna,2026-07-18 04:00:00+00:00,16.682298259900982,NORMAL,18.45,19.84,23.07,16.7944,80.07247,KRSNWDP_2026-07-18T04:00:00+0000_16.6823
KRSNWDP,Krishna at Wadenepally,Krishna,2026-07-18 05:00:00+00:00,16.632156648079977,NORMAL,18.45,19.84,23.07,16.7944,80.07247,KRSNWDP_2026-07-18T05:00:00+0000_16.6322
KRSNWDP,Krishna at Wadenepally,Krishna,2026-07-18 06:00:00+00:00,16.5841748400472,NORMAL,18.45,19.84,23.07,16.7944,80.07247,KRSNWDP_2026-07-18T06:00:00+0000_16.5842
KRSNWDP,Krishna at Wadenepally,Krishna,2026-07-18 07:00:00+00:00,16.579883592159614,NORMAL,18.45,19.84,23.07,16.7944,80.07247,KRSNWDP_2026-07-18T07:00:00+0000_16.5799
KRSNWDP,Krishna at Wadenepally,Krishna,2026-07-18 08:00:00+00:00,16.531710994390803,NORMAL,18.45,19.84,23.07,16.7944,80.07247,KRSNWDP_2026-07-18T08:00:00+0000_16.5317
KRSNWDP,Krishna at Wadenepally,Krishna,2026-07-18 09:00:00+00:00,16.479733963817885,NORMAL,18.45,19.84,23.07,16.7944,80.07247,KRSNWDP_2026-07-18T09:00:00+0000_16.4797
KRSNWDP,Krishna at Wadenepally,Krishna,2026-07-18 10:00:00+00:00,16.479351965724934,NORMAL,18.45,19.84,23.07,16.7944,80.07247,KRSNWDP_2026-07-18T10:00:00+0000_16.4794
KRSNWDP,Krishna at Wadenepally,Krishna,2026-07-18 11:00:00+00:00,16.42006754531019,NORMAL,18.45,19.84,23.07,16.7944,80.07247,KRSNWDP_2026-07-18T11:00:00+0000_16.4201
KRSNWDP,Krishna at Wadenepally,Krishna,2026-07-18 12:00:00+00:00,16.46259697506698,NORMAL,18.45,19.84,23.07,16.7944,80.07247,KRSNWDP_2026-07-18T12:00:00+0000_16.4626
KRSNWDP,Krishna at Wadenepally,Krishna,2026-07-18 13:00:00+00:00,16.497390500230154,NORMAL,18.45,19.84,23.07,16.7944,80.07247,KRSNWDP_2026-07-18T13:00:00+0000_16.4974
KRSNWDP,Krishna at Wadenepally,Krishna,2026-07-18 14:00:00+00:00,16.557609725763957,NORMAL,18.45,19.84,23.07,16.7944,80.07247,KRSNWDP_2026-07-18T14:00:00+0000_16.5576
KRSNWDP,Krishna at Wadenepally,Krishna,2026-07-18 15:00:00+00:00,16.58285484726203,NORMAL,18.45,19.84,23.07,16.7944,80.07247,KRSNWDP_2026-07-18T15:00:00+0000_16.5829
KRSNWDP,Krishna at Wadenepally,Krishna,2026-07-18 16:00:00+00:00,16.577229463702526,NORMAL,18.45,19.84,23.07,16.7944,80.07247,KRSNWDP_2026-07-18T16:00:00+0000_16.5772
KRSNWDP,Krishna at Wadenepally,Krishna,2026-07-18 17:00:00+00:00,16.626675310754354,NORMAL,18.45,19.84,23.07,16.7944,80.07247,KRSNWDP_2026-07-18T17:00:00+0000_16.6267
KRSNWDP,Krishna at Wadenepally,Krishna,2026-07-18 18:00:00+00:00,16.64508949005497,NORMAL,18.45,19.84,23.07,16.7944,80.07247,KRSNWDP_2026-07-18T18:00:00+0000_16.6451
KRSNWDP,Krishna at Wadenepally,Krishna,2026-07-18 19:00:00+00:00,16.784234958856977,NORMAL,18.45,19.84,23.07,16.7944,80.07247,KRSNWDP_2026-07-18T19:00:00+0000_16.7842
KRSNWDP,Krishna at Wadenepally,Krishna,2026-07-18 20:00:00+00:00,16.764409801948872,NORMAL,18.45,19.84,23.07,16.7944,80.07247,KRSNWDP_2026-07-18T20:00:00+0000_16.7644
KRSNWDP,Krishna at Wadenepally,Krishna,2026-07-18 21:00:00+00:00,16.826029947158993,NORMAL,18.45,19.84,23.07,16.7944,80.07247,KRSNWDP_2026-07-18T21:00:00+0000_16.8260
KRSNWDP,Krishna at Wadenepally,Krishna,2026-07-18 22:00:00+00:00,16.818666948247284,NORMAL,18.45,19.84,23.07,16.7944,80.07247,KRSNWDP_2026-07-18T22:00:00+0000_16.8187
KRSNWDP,Krishna at Wadenepally,Krishna,2026-07-18 23:00:00+00:00,16.86218186103108,NORMAL,18.45,19.84,23.07,16.7944,80.07247,KRSNWDP_2026-07-18T23:00:00+0000_16.8622
KRSNWDP,Krishna at Wadenepally,Krishna,2026-07-19 00:00:00+00:00,16.843797370159834,NORMAL,18.45,19.84,23.07,16.7944,80.07247,KRSNWDP_2026-07-19T00:00:00+0000_16.8438
KRSNWDP,Krishna at Wadenepally,Krishna,2026-07-19 01:00:00+00:00,16.821964831768614,NORMAL,18.45,19.84,23.07,16.7944,80.07247,KRSNWDP_2026-07-19T01:00:00+0000_16.8220
KRSNWDP,Krishna at Wadenepally,Krishna,2026-07-19 02:00:00+00:00,16.798747126291616,NORMAL,18.45,19.84,23.07,16.7944,80.07247,KRSNWDP_2026-07-19T02:00:00+0000_16.7987
KRSNWDP,Krishna at Wadenepally,Krishna,2026-07-19 03:00:00+00:00,16.7780942984467,NORMAL,18.45,19.84,23.07,16.7944,80.07247,KRSNWDP_2026-07-19T03:00:00+0000_16.7781
KRSNWDP,Krishna at Wadenepally,Krishna,2026-07-19 04:00:00+00:00,16.7682088038041,NORMAL,18.45,19.84,23.07,16.7944,80.07247,KRSNWDP_2026-07-19T04:00:00+0000_16.7682
KRSNWDP,Krishna at Wadenepally,Krishna,2026-07-19 05:00:00+00:00,16.6956065412797,NORMAL,18.45,19.84,23.07,16.7944,80.07247,KRSNWDP_2026-07-19T05:00:00+0000_16.6956
KRSNWDP,Krishna at Wadenepally,Krishna,2026-07-19 06:00:00+00:00,16.66566806274355,NORMAL,18.45,19.84,23.07,16.7944,80.07247,KRSNWDP_2026-07-19T06:00:00+0000_16.6657
KRSNWDP,Krishna at Wadenepally,Krishna,2026-07-19 07:00:00+00:00,16.541322883431796,NORMAL,18.45,19.84,23.07,16.7944,80.07247,KRSNWDP_2026-07-19T07:00:00+0000_16.5413
KRSNWDP,Krishna at Wadenepally,Krishna,2026-07-19 08:00:00+00:00,16.50236117800298,NORMAL,18.45,19.84,23.07,16.7944,80.07247,KRSNWDP_2026-07-19T08:00:00+0000_16.5024
KRSNWDP,Krishna at Wadenepally,Krishna,2026-07-19 09:00:00+00:00,16.489790824706624,NORMAL,18.45,19.84,23.07,16.7944,80.07247,KRSNWDP_2026-07-19T09:00:00+0000_16.4898
KRSNWDP,Krishna at Wadenepally,Krishna,2026-07-19 10:00:00+00:00,16.478099347136748,NORMAL,18.45,19.84,23.07,16.7944,80.07247,KRSNWDP_2026-07-19T10:00:00+0000_16.4781
KRSNWDP,Krishna at Wadenepally,Krishna,2026-07-19 11:00:00+00:00,16.438317675728914,NORMAL,18.45,19.84,23.07,16.7944,80.07247,KRSNWDP_2026-07-19T11:00:00+0000_16.4383
KRSNWDP,Krishna at Wadenepally,Krishna,2026-07-19 12:00:00+00:00,16.439719863288996,NORMAL,18.45,19.84,23.07,16.7944,80.07247,KRSNWDP_2026-07-19T12:00:00+0000_16.4397
KRSNWDP,Krishna at Wadenepally,Krishna,2026-07-19 13:00:00+00:00,16.45745569234326,NORMAL,18.45,19.84,23.07,16.7944,80.07247,KRSNWDP_2026-07-19T13:00:00+0000_16.4575
KRSNWDP,Krishna at Wadenepally,Krishna,2026-07-19 14:00:00+00:00,16.46889306054301,NORMAL,18.45,19.84,23.07,16.7944,80.07247,KRSNWDP_2026-07-19T14:00:00+0000_16.4689
KRSNWDP,Krishna at Wadenepally,Krishna,2026-07-19 15:00:00+00:00,16.547622093855175,NORMAL,18.45,19.84,23.07,16.7944,80.07247,KRSNWDP_2026-07-19T15:00:00+0000_16.5476
KRSNWDP,Krishna at Wadenepally,Krishna,2026-07-19 16:00:00+00:00,16.557063511195473,NORMAL,18.45,19.84,23.07,16.7944,80.07247,KRSNWDP_2026-07-19T16:00:00+0000_16.5571
KRSNWDP,Krishna at Wadenepally,Krishna,2026-07-19 17:00:00+00:00,16.599517624632046,NORMAL,18.45,19.84,23.07,16.7944,80.07247,KRSNWDP_2026-07-19T17:00:00+0000_16.5995
KRSNWDP,Krishna at Wadenepally,Krishna,2026-07-19 18:00:00+00:00,16.675702716867484,NORMAL,18.45,19.84,23.07,16.7944,80.07247,KRSNWDP_2026-07-19T18:00:00+0000_16.6757
KRSNWDP,Krishna at Wadenepally,Krishna,2026-07-19 19:00:00+00:00,16.733503983573772,NORMAL,18.45,19.84,23.07,16.7944,80.07247,KRSNWDP_2026-07-19T19:00:00+0000_16.7335
KRSNWDP,Krishna at Wadenepally,Krishna,2026-07-19 20:00:00+00:00,16.815193074267484,NORMAL,18.45,19.84,23.07,16.7944,80.07247,KRSNWDP_2026-07-19T20:00:00+0000_16.8152
KRSNWDP,Krishna at Wadenepally,Krishna,2026-07-19 21:00:00+00:00,16.845276167032367,NORMAL,18.45,19.84,23.07,16.7944,80.07247,KRSNWDP_2026-07-19T21:00:00+0000_16.8453
KRSNWDP,Krishna at Wadenepally,Krishna,2026-07-19 22:00:00+00:00,16.78343058910499,NORMAL,18.45,19.84,23.07,16.7944,80.07247,KRSNWDP_2026-07-19T22:00:00+0000_16.7834
KRSNWDP,Krishna at Wadenepally,Krishna,2026-07-19 23:00:00+00:00,16.88386526104506,NORMAL,18.45,19.84,23.07,16.7944,80.07247,KRSNWDP_2026-07-19T23:00:00+0000_16.8839
KRSNWDP,Krishna at Wadenepally,Krishna,2026-07-20 00:00:00+00:00,16.842391395252104,NORMAL,18.45,19.84,23.07,16.7944,80.07247,KRSNWDP_2026-07-20T00:00:00+0000_16.8424
KRSNWDP,Krishna at Wadenepally,Krishna,2026-07-20 01:00:00+00:00,16.845132199906633,NORMAL,18.45,19.84,23.07,16.7944,80.07247,KRSNWDP_2026-07-20T01:00:00+0000_16.8451
KRSNWDP,Krishna at Wadenepally,Krishna,2026-07-20 02:00:00+00:00,16.777095128081015,NORMAL,18.45,19.84,23.07,16.7944,80.07247,KRSNWDP_2026-07-20T02:00:00+0000_16.7771
KRSNWDP,Krishna at Wadenepally,Krishna,2026-07-20 03:00:00+00:00,16.770751406751376,NORMAL,18.45,19.84,23.07,16.7944,80.07247,KRSNWDP_2026-07-20T03:00:00+0000_16.7708
KRSNWDP,Krishna at Wadenepally,Krishna,2026-07-20 04:00:00+00:00,16.72319878879953,NORMAL,18.45,19.84,23.07,16.7944,80.07247,KRSNWDP_2026-07-20T04:00:00+0000_16.7232
KRSNWDP,Krishna at Wadenepally,Krishna,2026-07-20 05:00:00+00:00,16.63583686131176,NORMAL,18.45,19.84,23.07,16.7944,80.07247,KRSNWDP_2026-07-20T05:00:00+0000_16.6358
KRSNWDP,Krishna at Wadenepally,Krishna,2026-07-20 06:00:00+00:00,16.650921144822753,NORMAL,18.45,19.84,23.07,16.7944,80.07247,KRSNWDP_2026-07-20T06:00:00+0000_16.6509
KRSNWDP,Krishna at Wadenepally,Krishna,2026-07-20 07:00:00+00:00,16.611170996768557,NORMAL,18.45,19.84,23.07,16.7944,80.07247,KRSNWDP_2026-07-20T07:00:00+0000_16.6112
KRSNWDP,Krishna at Wadenepally,Krishna,2026-07-20 08:00:00+00:00,16.5253375067525,NORMAL,18.45,19.84,23.07,16.7944,80.07247,KRSNWDP_2026-07-20T08:00:00+0000_16.5253
KRSNWDP,Krishna at Wadenepally,Krishna,2026-07-20 09:00:00+00:00,16.502576725785914,NORMAL,18.45,19.84,23.07,16.7944,80.07247,KRSNWDP_2026-07-20T09:00:00+0000_16.5026
KRSNWDP,Krishna at Wadenepally,Krishna,2026-07-20 10:00:00+00:00,16.472821768580683,NORMAL,18.45,19.84,23.07,16.7944,80.07247,KRSNWDP_2026-07-20T10:00:00+0000_16.4728
KRSNWDP,Krishna at Wadenepally,Krishna,2026-07-20 11:00:00+00:00,16.499154722025278,NORMAL,18.45,19.84,23.07,16.7944,80.07247,KRSNWDP_2026-07-20T11:00:00+0000_16.4992
KRSNWDP,Krishna at Wadenepally,Krishna,2026-07-20 12:00:00+00:00,16.49128640626486,NORMAL,18.45,19.84,23.07,16.7944,80.07247,KRSNWDP_2026-07-20T12:00:00+0000_16.4913
KRSNWDP,Krishna at Wadenepally,Krishna,2026-07-20 13:00:00+00:00,16.51231630659174,NORMAL,18.45,19.84,23.07,16.7944,80.07247,KRSNWDP_2026-07-20T13:00:00+0000_16.5123
KRSNWDP,Krishna at Wadenepally,Krishna,2026-07-20 14:00:00+00:00,16.460377708286092,NORMAL,18.45,19.84,23.07,16.7944,80.07247,KRSNWDP_2026-07-20T14:00:00+0000_16.4604
KRSNWDP,Krishna at Wadenepally,Krishna,2026-07-20 15:00:00+00:00,16.498794066206475,NORMAL,18.45,19.84,23.07,16.7944,80.07247,KRSNWDP_2026-07-20T15:00:00+0000_16.4988
KRSNWDP,Krishna at Wadenepally,Krishna,2026-07-20 16:00:00+00:00,16.609569041621288,NORMAL,18.45,19.84,23.07,16.7944,80.07247,KRSNWDP_2026-07-20T16:00:00+0000_16.6096
KRSNWDP,Krishna at Wadenepally,Krishna,2026-07-20 17:00:00+00:00,16.638642459408437,NORMAL,18.45,19.84,23.07,16.7944,80.07247,KRSNWDP_2026-07-20T17:00:00+0000_16.6386
KRSNWDP,Krishna at Wadenepally,Krishna,2026-07-20 18:00:00+00:00,16.709135845632996,NORMAL,18.45,19.84,23.07,16.7944,80.07247,KRSNWDP_2026-07-20T18:00:00+0000_16.7091
KRSNWDP,Krishna at Wadenepally,Krishna,2026-07-20 19:00:00+00:00,16.76232321498231,NORMAL,18.45,19.84,23.07,16.7944,80.07247,KRSNWDP_2026-07-20T19:00:00+0000_16.7623
KRSNWDP,Krishna at Wadenepally,Krishna,2026-07-20 20:00:00+00:00,16.733669739068763,NORMAL,18.45,19.84,23.07,16.7944,80.07247,KRSNWDP_2026-07-20T20:00:00+0000_16.7337
KRSNWDP,Krishna at Wadenepally,Krishna,2026-07-20 21:00:00+00:00,16.81360075988732,NORMAL,18.45,19.84,23.07,16.7944,80.07247,KRSNWDP_2026-07-20T21:00:00+0000_16.8136
KRSNWDP,Krishna at Wadenepally,Krishna,2026-07-20 22:00:00+00:00,16.872065136516852,NORMAL,18.45,19.84,23.07,16.7944,80.07247,KRSNWDP_2026-07-20T22:00:00+0000_16.8721
KRSNWDP,Krishna at Wadenepally,Krishna,2026-07-20 23:00:00+00:00,16.805012160790227,NORMAL,18.45,19.84,23.07,16.7944,80.07247,KRSNWDP_2026-07-20T23:00:00+0000_16.8050
KRSNWDP,Krishna at Wadenepally,Krishna,2026-07-21 00:00:00+00:00,,,18.45,19.84,23.07,16.7944,80.07247,KRSNWDP_2026-07-21T00:00:00+0000_
KRSNWDP,Krishna at Wadenepally,Krishna,2026-07-21 01:00:00+00:00,16.80876417870374,NORMAL,18.45,19.84,23.07,16.7944,80.07247,KRSNWDP_2026-07-21T01:00:00+0000_16.8088
KRSNWDP,Krishna at Wadenepally,Krishna,2026-07-21 02:00:00+00:00,16.84025540164318,NORMAL,18.45,19.84,23.07,16.7944,80.07247,KRSNWDP_2026-07-21T02:00:00+0000_16.8403
KRSNWDP,Krishna at Wadenepally,Krishna,2026-07-21 03:00:00+00:00,,,18.45,19.84,23.07,16.7944,80.07247,KRSNWDP_2026-07-21T03:00:00+0000_
KRSNWDP,Krishna at Wadenepally,Krishna,2026-07-21 04:00:00+00:00,16.675990009012327,NORMAL,18.45,19.84,23.07,16.7944,80.07247,KRSNWDP_2026-07-21T04:00:00+0000_16.6760
KRSNWDP,Krishna at Wadenepally,Krishna,2026-07-21 05:00:00+00:00,16.70267234820068,NORMAL,18.45,19.84,23.07,16.7944,80.07247,KRSNWDP_2026-07-21T05:00:00+0000_16.7027
KRSNWDP,Krishna at Wadenepally,Krishna,2026-07-21 06:00:00+00:00,20.371061188762223,DANGER,18.45,19.84,23.07,16.7944,80.07247,KRSNWDP_2026-07-21T06:00:00+0000_20.3711
KRSNWDP,Krishna at Wadenepally,Krishna,2026-07-21 07:00:00+00:00,19.95731504274202,DANGER,18.45,19.84,23.07,16.7944,80.07247,KRSNWDP_2026-07-21T07:00:00+0000_19.9573
KRSNWDP,Krishna at Wadenepally,Krishna,2026-07-21 08:00:00+00:00,19.52734445062568,WARNING,18.45,19.84,23.07,16.7944,80.07247,KRSNWDP_2026-07-21T08:00:00+0000_19.5273
KRSNWDP,Krishna at Wadenepally,Krishna,2026-07-21 09:00:00+00:00,19.155689507471653,WARNING,18.45,19.84,23.07,16.7944,80.07247,KRSNWDP_2026-07-21T09:00:00+0000_19.1557
KRSNWDP,Krishna at Wadenepally,Krishna,2026-07-21 10:00:00+00:00,18.87562464291764,WARNING,18.45,19.84,23.07,16.7944,80.07247,KRSNWDP_2026-07-21T10:00:00+0000_18.8756
KRSNWDP,Krishna at Wadenepally,Krishna,2026-07-21 11:00:00+00:00,18.672063056960987,WARNING,18.45,19.84,23.07,16.7944,80.07247,KRSNWDP_2026-07-21T11:00:00+0000_18.6721
KRSNWDP,Krishna at Wadenepally,Krishna,2026-07-21 12:00:00+00:00,16.49415378623605,NORMAL,18.45,19.84,23.07,16.7944,80.07247,KRSNWDP_2026-07-21T12:00:00+0000_16.4942
KRSNWDP,Krishna at Wadenepally,Krishna,2026-07-21 13:00:00+00:00,16.47435003193472,NORMAL,18.45,19.84,23.07,16.7944,80.07247,KRSNWDP_2026-07-21T13:00:00+0000_16.4744
KRSNWDP,Krishna at Wadenepally,Krishna,2026-07-21 14:00:00+00:00,16.456772471284086,NORMAL,18.45,19.84,23.07,16.7944,80.07247,KRSNWDP_2026-07-21T14:00:00+0000_16.4568
KRSNWDP,Krishna at Wadenepally,Krishna,2026-07-21 15:00:00+00:00,16.495373355195905,NORMAL,18.45,19.84,23.07,16.7944,80.07247,KRSNWDP_2026-07-21T15:00:00+0000_16.4954
KRSNWDP,Krishna at Wadenepally,Krishna,2026-07-21 16:00:00+00:00,16.62871025637381,NORMAL,18.45,19.84,23.07,16.7944,80.07247,KRSNWDP_2026-07-21T16:00:00+0000_16.6287
KRSNWDP,Krishna at Wadenepally,Krishna,2026-07-21 17:00:00+00:00,16.618309108193788,NORMAL,18.45,19.84,23.07,16.7944,80.07247,KRSNWDP_2026-07-21T17:00:00+0000_16.6183
KRSNWDP,Krishna at Wadenepally,Krishna,2026-07-21 18:00:00+00:00,16.63366659705037,NORMAL,18.45,19.84,23.07,16.7944,80.07247,KRSNWDP_2026-07-21T18:00:00+0000_16.6337
KRSNWDP,Krishna at Wadenepally,Krishna,2026-07-21 19:00:00+00:00,16.7724761611626,NORMAL,18.45,19.84,23.07,16.7944,80.07247,KRSNWDP_2026-07-21T19:00:00+0000_16.7725
KRSNWDP,Krishna at Wadenepally,Krishna,2026-07-21 20:00:00+00:00,16.796224021028777,NORMAL,18.45,19.84,23.07,16.7944,80.07247,KRSNWDP_2026-07-21T20:00:00+0000_16.7962
KRSNWDP,Krishna at Wadenepally,Krishna,2026-07-21 21:00:00+00:00,16.825192785789522,NORMAL,18.45,19.84,23.07,16.7944,80.07247,KRSNWDP_2026-07-21T21:00:00+0000_16.8252
KRSNWDP,Krishna at Wadenepally,Krishna,2026-07-21 22:00:00+00:00,16.85160439212954,NORMAL,18.45,19.84,23.07,16.7944,80.07247,KRSNWDP_2026-07-21T22:00:00+0000_16.8516
KRSNWDP,Krishna at Wadenepally,Krishna,2026-07-21 23:00:00+00:00,16.820244853414458,NORMAL,18.45,19.84,23.07,16.7944,80.07247,KRSNWDP_2026-07-21T23:00:00+0000_16.8202
KRSNWDP,Krishna at Wadenepally,Krishna,2026-07-22 00:00:00+00:00,16.85079067028843,NORMAL,18.45,19.84,23.07,16.7944,80.07247,KRSNWDP_2026-07-22T00:00:00+0000_16.8508
KRSNWDP,Krishna at Wadenepally,Krishna,2026-07-22 01:00:00+00:00,20.42677840459773,DANGER,18.45,19.84,23.07,16.7944,80.07247,KRSNWDP_2026-07-22T01:00:00+0000_20.4268
KRSNWDP,Krishna at Wadenepally,Krishna,2026-07-22 02:00:00+00:00,19.993225375186743,DANGER,18.45,19.84,23.07,16.7944,80.07247,KRSNWDP_2026-07-22T02:00:00+0000_19.9932
KRSNWDP,Krishna at Wadenepally,Krishna,2026-07-22 03:00:00+00:00,19.62722670402588,WARNING,18.45,19.84,23.07,16.7944,80.07247,KRSNWDP_2026-07-22T03:00:00+0000_19.6272
KRSNWDP,Krishna at Wadenepally,Krishna,2026-07-22 04:00:00+00:00,16.75922197261274,NORMAL,18.45,19.84,23.07,16.7944,80.07247,KRSNWDP_2026-07-22T04:00:00+0000_16.7592
KRSNWDP,Krishna at Wadenepally,Krishna,2026-07-22 05:00:00+00:00,16.682281295574555,NORMAL,18.45,19.84,23.07,16.7944,80.07247,KRSNWDP_2026-07-22T05:00:00+0000_16.6823
KRSNWDP,Krishna at Wadenepally,Krishna,2026-07-22 06:00:00+00:00,16.66076121151832,NORMAL,18.45,19.84,23.07,16.7944,80.07247,KRSNWDP_2026-07-22T06:00:00+0000_16.6608
KRSNWDP,Krishna at Wadenepally,Krishna,2026-07-22 07:00:00+00:00,16.584021008791474,NORMAL,18.45,19.84,23.07,16.7944,80.07247,KRSNWDP_2026-07-22T07:00:00+0000_16.5840
KRSNWDP,Krishna at Wadenepally,Krishna,2026-07-22 08:00:00+00:00,16.50300321711209,NORMAL,18.45,19.84,23.07,16.7944,80.07247,KRSNWDP_2026-07-22T08:00:00+0000_16.5030
KRSNWDP,Krishna at Wadenepally,Krishna,2026-07-22 09:00:00+00:00,16.48312174170831,NORMAL,18.45,19.84,23.07,16.7944,80.07247,KRSNWDP_2026-07-22T09:00:00+0000_16.4831
KRSNWDP,Krishna at Wadenepally,Krishna,2026-07-22 10:00:00+00:00,16.50177384989677,NORMAL,18.45,19.84,23.07,16.7944,80.07247,KRSNWDP_2026-07-22T10:00:00+0000_16.5018
KRSNWDP,Krishna at Wadenepally,Krishna,2026-07-22 11:00:00+00:00,16.48820646880447,NORMAL,18.45,19.84,23.07,16.7944,80.07247,KRSNWDP_2026-07-22T11:00:00+0000_16.4882
KRSNWDP,Krishna at Wadenepally,Krishna,2026-07-22 12:00:00+00:00,16.49388755505619,NORMAL,18.45,19.84,23.07,16.7944,80.07247,KRSNWDP_2026-07-22T12:00:00+0000_16.4939
KRSNWDP,Krishna at Wadenepally,Krishna,2026-07-22 13:00:00+00:00,16.4546640260556,NORMAL,18.45,19.84,23.07,16.7944,80.07247,KRSNWDP_2026-07-22T13:00:00+0000_16.4547
KRSNWDP,Krishna at Wadenepally,Krishna,2026-07-22 14:00:00+00:00,16.471198398111277,NORMAL,18.45,19.84,23.07,16.7944,80.07247,KRSNWDP_2026-07-22T14:00:00+0000_16.4712
KRSNWDP,Krishna at Wadenepally,Krishna,2026-07-22 15:00:00+00:00,16.574954142812242,NORMAL,18.45,19.84,23.07,16.7944,80.07247,KRSNWDP_2026-07-22T15:00:00+0000_16.5750
KRSNWDP,Krishna at Wadenepally,Krishna,2026-07-22 16:00:00+00:00,16.543234534713367,NORMAL,18.45,19.84,23.07,16.7944,80.07247,KRSNWDP_2026-07-22T16:00:00+0000_16.5432
KRSNWDP,Krishna at Wadenepally,Krishna,2026-07-22 17:00:00+00:00,16.632848354981558,NORMAL,18.45,19.84,23.07,16.7944,80.07247,KRSNWDP_2026-07-22T17:00:00+0000_16.6328
KRSNWDP,Krishna at Wadenepally,Krishna,2026-07-22 18:00:00+00:00,16.63761254535859,NORMAL,18.45,19.84,23.07,16.7944,80.07247,KRSNWDP_2026-07-22T18:00:00+0000_16.6376
KRSNWDP,Krishna at Wadenepally,Krishna,2026-07-22 19:00:00+00:00,16.737641894721023,NORMAL,18.45,19.84,23.07,16.7944,80.07247,KRSNWDP_2026-07-22T19:00:00+0000_16.7376
KRSNWDP,Krishna at Wadenepally,Krishna,2026-07-22 20:00:00+00:00,16.717485976966245,NORMAL,18.45,19.84,23.07,16.7944,80.07247,KRSNWDP_2026-07-22T20:00:00+0000_16.7175
KRSNWDP,Krishna at Wadenepally,Krishna,2026-07-22 21:00:00+00:00,,,18.45,19.84,23.07,16.7944,80.07247,KRSNWDP_2026-07-22T21:00:00+0000_
KRSNWDP,Krishna at Wadenepally,Krishna,2026-07-22 22:00:00+00:00,16.847733298675045,NORMAL,18.45,19.84,23.07,16.7944,80.07247,KRSNWDP_2026-07-22T22:00:00+0000_16.8477
KRSNWDP,Krishna at Wadenepally,Krishna,2026-07-22 23:00:00+00:00,16.828794344472513,NORMAL,18.45,19.84,23.07,16.7944,80.07247,KRSNWDP_2026-07-22T23:00:00+0000_16.8288
KRSNWDP,Krishna at Wadenepally,Krishna,2026-07-23 00:00:00+00:00,16.790012294206363,NORMAL,18.45,19.84,23.07,16.7944,80.07247,KRSNWDP_2026-07-23T00:00:00+0000_16.7900
KRSNWDP,Krishna at Wadenepally,Krishna,2026-07-23 01:00:00+00:00,16.832167304046035,NORMAL,18.45,19.84,23.07,16.7944,80.07247,KRSNWDP_2026-07-23T01:00:00+0000_16.8322
KRSNWDP,Krishna at Wadenepally,Krishna,2026-07-23 02:00:00+00:00,16.819509020625627,NORMAL,18.45,19.84,23.07,16.7944,80.07247,KRSNWDP_2026-07-23T02:00:00+0000_16.8195
KRSNWDP,Krishna at Wadenepally,Krishna,2026-07-23 03:00:00+00:00,16.76321965778636,NORMAL,18.45,19.84,23.07,16.7944,80.07247,KRSNWDP_2026-07-23T03:00:00+0000_16.7632
KRSNWDP,Krishna at Wadenepally,Krishna,2026-07-23 04:00:00+00:00,16.732944791699417,NORMAL,18.45,19.84,23.07,16.7944,80.07247,KRSNWDP_2026-07-23T04:00:00+0000_16.7329
KRSNWDP,Krishna at Wadenepally,Krishna,2026-07-23 05:00:00+00:00,16.678977872947634,NORMAL,18.45,19.84,23.07,16.7944,80.07247,KRSNWDP_2026-07-23T05:00:00+0000_16.6790
KRSNWDP,Krishna at Wadenepally,Krishna,2026-07-23 06:00:00+00:00,16.585826276006383,NORMAL,18.45,19.84,23.07,16.7944,80.07247,KRSNWDP_2026-07-23T06:00:00+0000_16.5858
KRSNWDP,Krishna at Wadenepally,Krishna,2026-07-23 07:00:00+00:00,16.544697700308717,NORMAL,18.45,19.84,23.07,16.7944,80.07247,KRSNWDP_2026-07-23T07:00:00+0000_16.5447
KRSNWDP,Krishna at Wadenepally,Krishna,2026-07-23 08:00:00+00:00,16.57372426918788,NORMAL,18.45,19.84,23.07,16.7944,80.07247,KRSNWDP_2026-07-23T08:00:00+0000_16.5737
KRSNWDP,Krishna at Wadenepally,Krishna,2026-07-23 09:00:00+00:00,16.48036033536826,NORMAL,18.45,19.84,23.07,16.7944,80.07247,KRSNWDP_2026-07-23T09:00:00+0000_16.4804
KRSNWDP,Krishna at Wadenepally,Krishna,2026-07-23 10:00:00+00:00,16.483593070503552,NORMAL,18.45,19.84,23.07,16.7944,80.07247,KRSNWDP_2026-07-23T10:00:00+0000_16.4836
KRSNWDP,Krishna at Wadenepally,Krishna,2026-07-23 11:00:00+00:00,16.454258683980918,NORMAL,18.45,19.84,23.07,16.7944,80.07247,KRSNWDP_2026-07-23T11:00:00+0000_16.4543
KRSNWDP,Krishna at Wadenepally,Krishna,2026-07-23 12:00:00+00:00,16.44808184867203,NORMAL,18.45,19.84,23.07,16.7944,80.07247,KRSNWDP_2026-07-23T12:00:00+0000_16.4481
KRSNWDP,Krishna at Wadenepally,Krishna,2026-07-23 13:00:00+00:00,16.47058491221639,NORMAL,18.45,19.84,23.07,16.7944,80.07247,KRSNWDP_2026-07-23T13:00:00+0000_16.4706
KRSNWDP,Krishna at Wadenepally,Krishna,2026-07-23 14:00:00+00:00,16.46105208154223,NORMAL,18.45,19.84,23.07,16.7944,80.07247,KRSNWDP_2026-07-23T14:00:00+0000_16.4611
KRSNWDP,Krishna at Wadenepally,Krishna,2026-07-23 15:00:00+00:00,16.57875880666282,NORMAL,18.45,19.84,23.07,16.7944,80.07247,KRSNWDP_2026-07-23T15:00:00+0000_16.5788
KRSNWDP,Krishna at Wadenepally,Krishna,2026-07-23 16:00:00+00:00,16.551429864983326,NORMAL,18.45,19.84,23.07,16.7944,80.07247,KRSNWDP_2026-07-23T16:00:00+0000_16.5514
KRSNWDP,Krishna at Wadenepally,Krishna,2026-07-23 17:00:00+00:00,16.60486741996539,NORMAL,18.45,19.84,23.07,16.7944,80.07247,KRSNWDP_2026-07-23T17:00:00+0000_16.6049
KRSNWDP,Krishna at Wadenepally,Krishna,2026-07-23 18:00:00+00:00,16.719107213569426,NORMAL,18.45,19.84,23.07,16.7944,80.07247,KRSNWDP_2026-07-23T18:00:00+0000_16.7191
KRSNWDP,Krishna at Wadenepally,Krishna,2026-07-23 19:00:00+00:00,16.71453430155733,NORMAL,18.45,19.84,23.07,16.7944,80.07247,KRSNWDP_2026-07-23T19:00:00+0000_16.7145
KRSNWDP,Krishna at Wadenepally,Krishna,2026-07-23 20:00:00+00:00,16.79749267006989,NORMAL,18.45,19.84,23.07,16.7944,80.07247,KRSNWDP_2026-07-23T20:00:00+0000_16.7975
KRSNWDP,Krishna at Wadenepally,Krishna,2026-07-23 21:00:00+00:00,16.789609679820817,NORMAL,18.45,19.84,23.07,16.7944,80.07247,KRSNWDP_2026-07-23T21:00:00+0000_16.7896
KRSNWDP,Krishna at Wadenepally,Krishna,2026-07-23 22:00:00+00:00,16.81553641210568,NORMAL,18.45,19.84,23.07,16.7944,80.07247,KRSNWDP_2026-07-23T22:00:00+0000_16.8155
KRSNWDP,Krishna at Wadenepally,Krishna,2026-07-23 23:00:00+00:00,,,18.45,19.84,23.07,16.7944,80.07247,KRSNWDP_2026-07-23T23:00:00+0000_
KRSNWDP,Krishna at Wadenepally,Krishna,2026-07-24 00:00:00+00:00,16.82154207429025,NORMAL,18.45,19.84,23.07,16.7944,80.07247,KRSNWDP_2026-07-24T00:00:00+0000_16.8215
KRSNWDP,Krishna at Wadenepally,Krishna,2026-07-24 01:00:00+00:00,16.860725558408028,NORMAL,18.45,19.84,23.07,16.7944,80.07247,KRSNWDP_2026-07-24T01:00:00+0000_16.8607
KRSNWDP,Krishna at Wadenepally,Krishna,2026-07-24 02:00:00+00:00,16.771158313436054,NORMAL,18.45,19.84,23.07,16.7944,80.07247,KRSNWDP_2026-07-24T02:00:00+0000_16.7712
KRSNWDP,Krishna at Wadenepally,Krishna,2026-07-24 03:00:00+00:00,16.790785981023287,NORMAL,18.45,19.84,23.07,16.7944,80.07247,KRSNWDP_2026-07-24T03:00:00+0000_16.7908
KRSNWDP,Krishna at Wadenepally,Krishna,2026-07-24 04:00:00+00:00,16.734814069119476,NORMAL,18.45,19.84,23.07,16.7944,80.07247,KRSNWDP_2026-07-24T04:00:00+0000_16.7348
KRSNWDP,Krishna at Wadenepally,Krishna,2026-07-24 05:00:00+00:00,16.68999361184508,NORMAL,18.45,19.84,23.07,16.7944,80.07247,KRSNWDP_2026-07-24T05:00:00+0000_16.6900
KRSNWDP,Krishna at Wadenepally,Krishna,2026-07-24 06:00:00+00:00,16.638793644535394,NORMAL,18.45,19.84,23.07,16.7944,80.07247,KRSNWDP_2026-07-24T06:00:00+0000_16.6388
KRSNWDP,Krishna at Wadenepally,Krishna,2026-07-24 07:00:00+00:00,16.597558439810346,NORMAL,18.45,19.84,23.07,16.7944,80.07247,KRSNWDP_2026-07-24T07:00:00+0000_16.5976
KRSNWDP,Krishna at Wadenepally,Krishna,2026-07-24 08:00:00+00:00,16.50863029897318,NORMAL,18.45,19.84,23.07,16.7944,80.07247,KRSNWDP_2026-07-24T08:00:00+0000_16.5086
KRSNWDP,Krishna at Wadenepally,Krishna,2026-07-24 09:00:00+00:00,16.51644997439092,NORMAL,18.45,19.84,23.07,16.7944,80.07247,KRSNWDP_2026-07-24T09:00:00+0000_16.5164
KRSNWDP,Krishna at Wadenepally,Krishna,2026-07-24 10:00:00+00:00,16.443735783733494,NORMAL,18.45,19.84,23.07,16.7944,80.07247,KRSNWDP_2026-07-24T10:00:00+0000_16.4437
KRSNWDP,Krishna at Wadenepally,Krishna,2026-07-24 11:00:00+00:00,16.45041625820084,NORMAL,18.45,19.84,23.07,16.7944,80.07247,KRSNWDP_2026-07-24T11:00:00+0000_16.4504
KRSNWDP,Krishna at Wadenepally,Krishna,2026-07-24 12:00:00+00:00,16.464189429033137,NORMAL,18.45,19.84,23.07,16.7944,80.07247,KRSNWDP_2026-07-24T12:00:00+0000_16.4642
KRSNWDP,Krishna at Wadenepally,Krishna,2026-07-24 13:00:00+00:00,16.479508484194664,NORMAL,18.45,19.84,23.07,16.7944,80.07247,KRSNWDP_2026-07-24T13:00:00+0000_16.4795
KRSNWDP,Krishna at Wadenepally,Krishna,2026-07-24 14:00:00+00:00,16.51153726814898,NORMAL,18.45,19.84,23.07,16.7944,80.07247,KRSNWDP_2026-07-24T14:00:00+0000_16.5115
KRSNWDP,Krishna at Wadenepally,Krishna,2026-07-24 15:00:00+00:00,16.54733051643363,NORMAL,18.45,19.84,23.07,16.7944,80.07247,KRSNWDP_2026-07-24T15:00:00+0000_16.5473
KRSNWDP,Krishna at Wadenepally,Krishna,2026-07-24 16:00:00+00:00,16.58983933043266,NORMAL,18.45,19.84,23.07,16.7944,80.07247,KRSNWDP_2026-07-24T16:00:00+0000_16.5898
KRSNWDP,Krishna at Wadenepally,Krishna,2026-07-24 17:00:00+00:00,16.59599572257701,NORMAL,18.45,19.84,23.07,16.7944,80.07247,KRSNWDP_2026-07-24T17:00:00+0000_16.5960
KRSNWDP,Krishna at Wadenepally,Krishna,2026-07-24 18:00:00+00:00,16.684187326162796,NORMAL,18.45,19.84,23.07,16.7944,80.07247,KRSNWDP_2026-07-24T18:00:00+0000_16.6842
KRSNWDP,Krishna at Wadenepally,Krishna,2026-07-24 19:00:00+00:00,16.71871888527559,NORMAL,18.45,19.84,23.07,16.7944,80.07247,KRSNWDP_2026-07-24T19:00:00+0000_16.7187
KRSNWDP,Krishna at Wadenepally,Krishna,2026-07-24 20:00:00+00:00,16.748800172817614,NORMAL,18.45,19.84,23.07,16.7944,80.07247,KRSNWDP_2026-07-24T20:00:00+0000_16.7488
KRSNWDP,Krishna at Wadenepally,Krishna,2026-07-24 21:00:00+00:00,16.793830956448332,NORMAL,18.45,19.84,23.07,16.7944,80.07247,KRSNWDP_2026-07-24T21:00:00+0000_16.7938
KRSNWDP,Krishna at Wadenepally,Krishna,2026-07-24 22:00:00+00:00,16.783988794350556,NORMAL,18.45,19.84,23.07,16.7944,80.07247,KRSNWDP_2026-07-24T22:00:00+0000_16.7840
KRSNWDP,Krishna at Wadenepally,Krishna,2026-07-24 23:00:00+00:00,16.792371550206887,NORMAL,18.45,19.84,23.07,16.7944,80.07247,KRSNWDP_2026-07-24T23:00:00+0000_16.7924
KRSNWDP,Krishna at Wadenepally,Krishna,2026-07-25 00:00:00+00:00,16.812686874084907,NORMAL,18.45,19.84,23.07,16.7944,80.07247,KRSNWDP_2026-07-25T00:00:00+0000_16.8127
KRSNWDP,Krishna at Wadenepally,Krishna,2026-07-25 01:00:00+00:00,16.838997623042978,NORMAL,18.45,19.84,23.07,16.7944,80.07247,KRSNWDP_2026-07-25T01:00:00+0000_16.8390
KRSNWDP,Krishna at Wadenepally,Krishna,2026-07-25 02:00:00+00:00,16.78475592889989,NORMAL,18.45,19.84,23.07,16.7944,80.07247,KRSNWDP_2026-07-25T02:00:00+0000_16.7848
KRSNWDP,Krishna at Wadenepally,Krishna,2026-07-25 03:00:00+00:00,16.757526140736534,NORMAL,18.45,19.84,23.07,16.7944,80.07247,KRSNWDP_2026-07-25T03:00:00+0000_16.7575
KRSNWDP,Krishna at Wadenepally,Krishna,2026-07-25 04:00:00+00:00,16.744276741884306,NORMAL,18.45,19.84,23.07,16.7944,80.07247,KRSNWDP_2026-07-25T04:00:00+0000_16.7443
KRSNWDP,Krishna at Wadenepally,Krishna,2026-07-25 05:00:00+00:00,16.655775350101823,NORMAL,18.45,19.84,23.07,16.7944,80.07247,KRSNWDP_2026-07-25T05:00:00+0000_16.6558
KRSNWDP,Krishna at Wadenepally,Krishna,2026-07-25 06:00:00+00:00,16.65654018558207,NORMAL,18.45,19.84,23.07,16.7944,80.07247,KRSNWDP_2026-07-25T06:00:00+0000_16.6565
KRSNWDP,Krishna at Wadenepally,Krishna,2026-07-25 07:00:00+00:00,16.543777814293886,NORMAL,18.45,19.84,23.07,16.7944,80.07247,KRSNWDP_2026-07-25T07:00:00+0000_16.5438
KRSNWDP,Krishna at Wadenepally,Krishna,2026-07-25 08:00:00+00:00,16.521742399642676,NORMAL,18.45,19.84,23.07,16.7944,80.07247,KRSNWDP_2026-07-25T08:00:00+0000_16.5217
KRSNWDP,Krishna at Wadenepally,Krishna,2026-07-25 09:00:00+00:00,16.508591653713868,NORMAL,18.45,19.84,23.07,16.7944,80.07247,KRSNWDP_2026-07-25T09:00:00+0000_16.5086
KRSNWDP,Krishna at Wadenepally,Krishna,2026-07-25 10:00:00+00:00,16.442686611944712,NORMAL,18.45,19.84,23.07,16.7944,80.07247,KRSNWDP_2026-07-25T10:00:00+0000_16.4427
KRSNWDP,Krishna at Wadenepally,Krishna,2026-07-25 11:00:00+00:00,16.437370654064434,NORMAL,18.45,19.84,23.07,16.7944,80.07247,KRSNWDP_2026-07-25T11:00:00+0000_16.4374
KRSNWDP,Krishna at Wadenepally,Krishna,2026-07-25 12:00:00+00:00,,,18.45,19.84,23.07,16.7944,80.07247,KRSNWDP_2026-07-25T12:00:00+0000_
KRSNWDP,Krishna at Wadenepally,Krishna,2026-07-25 13:00:00+00:00,16.511315787272192,NORMAL,18.45,19.84,23.07,16.7944,80.07247,KRSNWDP_2026-07-25T13:00:00+0000_16.5113
KRSNWDP,Krishna at Wadenepally,Krishna,2026-07-25 14:00:00+00:00,16.533144630011826,NORMAL,18.45,19.84,23.07,16.7944,80.07247,KRSNWDP_2026-07-25T14:00:00+0000_16.5331
KRSNWDP,Krishna at Wadenepally,Krishna,2026-07-25 15:00:00+00:00,16.574325605413517,NORMAL,18.45,19.84,23.07,16.7944,80.07247,KRSNWDP_2026-07-25T15:00:00+0000_16.5743
KRSNWDP,Krishna at Wadenepally,Krishna,2026-07-25 16:00:00+00:00,16.549597362828713,NORMAL,18.45,19.84,23.07,16.7944,80.07247,KRSNWDP_2026-07-25T16:00:00+0000_16.5496
KRSNWDP,Krishna at Wadenepally,Krishna,2026-07-25 17:00:00+00:00,16.591971529944995,NORMAL,18.45,19.84,23.07,16.7944,80.07247,KRSNWDP_2026-07-25T17:00:00+0000_16.5920
KRSNWDP,Krishna at Wadenepally,Krishna,2026-07-25 18:00:00+00:00,16.702361710152026,NORMAL,18.45,19.84,23.07,16.7944,80.07247,KRSNWDP_2026-07-25T18:00:00+0000_16.7024
KRSNWDP,Krishna at Wadenepally,Krishna,2026-07-25 19:00:00+00:00,16.69987560094112,NORMAL,18.45,19.84,23.07,16.7944,80.07247,KRSNWDP_2026-07-25T19:00:00+0000_16.6999
KRSNWDP,Krishna at Wadenepally,Krishna,2026-07-25 20:00:00+00:00,16.728639505969163,NORMAL,18.45,19.84,23.07,16.7944,80.07247,KRSNWDP_2026-07-25T20:00:00+0000_16.7286
KRSNWDP,Krishna at Wadenepally,Krishna,2026-07-25 21:00:00+00:00,16.812034741090386,NORMAL,18.45,19.84,23.07,16.7944,80.07247,KRSNWDP_2026-07-25T21:00:00+0000_16.8120
KRSNWDP,Krishna at Wadenepally,Krishna,2026-07-25 22:00:00+00:00,16.82233627078143,NORMAL,18.45,19.84,23.07,16.7944,80.07247,KRSNWDP_2026-07-25T22:00:00+0000_16.8223
KRSNWDP,Krishna at Wadenepally,Krishna,2026-07-25 23:00:00+00:00,16.78701314677857,NORMAL,18.45,19.84,23.07,16.7944,80.07247,KRSNWDP_2026-07-25T23:00:00+0000_16.7870
KRSNWDP,Krishna at Wadenepally,Krishna,2026-07-26 00:00:00+00:00,16.79154252366547,NORMAL,18.45,19.84,23.07,16.7944,80.07247,KRSNWDP_2026-07-26T00:00:00+0000_16.7915
KRSNWDP,Krishna at Wadenepally,Krishna,2026-07-26 01:00:00+00:00,16.80735855067966,NORMAL,18.45,19.84,23.07,16.7944,80.07247,KRSNWDP_2026-07-26T01:00:00+0000_16.8074
KRSNWDP,Krishna at Wadenepally,Krishna,2026-07-26 02:00:00+00:00,16.786154984122188,NORMAL,18.45,19.84,23.07,16.7944,80.07247,KRSNWDP_2026-07-26T02:00:00+0000_16.7862
KRSNWDP,Krishna at Wadenepally,Krishna,2026-07-26 03:00:00+00:00,16.757610215494754,NORMAL,18.45,19.84,23.07,16.7944,80.07247,KRSNWDP_2026-07-26T03:00:00+0000_16.7576
KRSNWDP,Krishna at Wadenepally,Krishna,2026-07-26 04:00:00+00:00,16.69351388666669,NORMAL,18.45,19.84,23.07,16.7944,80.07247,KRSNWDP_2026-07-26T04:00:00+0000_16.6935
KRSNWDP,Krishna at Wadenepally,Krishna,2026-07-26 05:00:00+00:00,16.697600164510696,NORMAL,18.45,19.84,23.07,16.7944,80.07247,KRSNWDP_2026-07-26T05:00:00+0000_16.6976
KRSNWDP,Krishna at Wadenepally,Krishna,2026-07-26 06:00:00+00:00,16.626321619703983,NORMAL,18.45,19.84,23.07,16.7944,80.07247,KRSNWDP_2026-07-26T06:00:00+0000_16.6263
KRSNWDP,Krishna at Wadenepally,Krishna,2026-07-26 07:00:00+00:00,16.53838553473022,NORMAL,18.45,19.84,23.07,16.7944,80.07247,KRSNWDP_2026-07-26T07:00:00+0000_16.5384
KRSNWDP,Krishna at Wadenepally,Krishna,2026-07-26 08:00:00+00:00,16.506825662653643,NORMAL,18.45,19.84,23.07,16.7944,80.07247,KRSNWDP_2026-07-26T08:00:00+0000_16.5068
KRSNWDP,Krishna at Wadenepally,Krishna,2026-07-26 09:00:00+00:00,16.466757855557336,NORMAL,18.45,19.84,23.07,16.7944,80.07247,KRSNWDP_2026-07-26T09:00:00+0000_16.4668
KRSNWDP,Krishna at Wadenepally,Krishna,2026-07-26 10:00:00+00:00,16.46439295893032,NORMAL,18.45,19.84,23.07,16.7944,80.07247,KRSNWDP_2026-07-26T10:00:00+0000_16.4644
KRSNWDP,Krishna at Wadenepally,Krishna,2026-07-26 11:00:00+00:00,16.465253707378427,NORMAL,18.45,19.84,23.07,16.7944,80.07247,KRSNWDP_2026-07-26T11:00:00+0000_16.4653
KRSNWDP,Krishna at Wadenepally,Krishna,2026-07-26 12:00:00+00:00,16.47003396587177,NORMAL,18.45,19.84,23.07,16.7944,80.07247,KRSNWDP_2026-07-26T12:00:00+0000_16.4700
KRSNWDP,Krishna at Wadenepally,Krishna,2026-07-26 13:00:00+00:00,16.496371635190275,NORMAL,18.45,19.84,23.07,16.7944,80.07247,KRSNWDP_2026-07-26T13:00:00+0000_16.4964
KRSNWDP,Krishna at Wadenepally,Krishna,2026-07-26 14:00:00+00:00,16.5023885665398,NORMAL,18.45,19.84,23.07,16.7944,80.07247,KRSNWDP_2026-07-26T14:00:00+0000_16.5024
KRSNWDP,Krishna at Wadenepally,Krishna,2026-07-26 15:00:00+00:00,16.51177078687792,NORMAL,18.45,19.84,23.07,16.7944,80.07247,KRSNWDP_2026-07-26T15:00:00+0000_16.5118
KRSNWDP,Krishna at Wadenepally,Krishna,2026-07-26 16:00:00+00:00,16.538643667132,NORMAL,18.45,19.84,23.07,16.7944,80.07247,KRSNWDP_2026-07-26T16:00:00+0000_16.5386
KRSNWDP,Krishna at Wadenepally,Krishna,2026-07-26 17:00:00+00:00,16.629785177783152,NORMAL,18.45,19.84,23.07,16.7944,80.07247,KRSNWDP_2026-07-26T17:00:00+0000_16.6298
KRSNWDP,Krishna at Wadenepally,Krishna,2026-07-26 18:00:00+00:00,16.705399544870886,NORMAL,18.45,19.84,23.07,16.7944,80.07247,KRSNWDP_2026-07-26T18:00:00+0000_16.7054
KRSNWDP,Krishna at Wadenepally,Krishna,2026-07-26 19:00:00+00:00,16.69542447649714,NORMAL,18.45,19.84,23.07,16.7944,80.07247,KRSNWDP_2026-07-26T19:00:00+0000_16.6954
KRSNWDP,Krishna at Wadenepally,Krishna,2026-07-26 20:00:00+00:00,16.78483221744394,NORMAL,18.45,19.84,23.07,16.7944,80.07247,KRSNWDP_2026-07-26T20:00:00+0000_16.7848
KRSNWDP,Krishna at Wadenepally,Krishna,2026-07-26 21:00:00+00:00,16.771322645201334,NORMAL,18.45,19.84,23.07,16.7944,80.07247,KRSNWDP_2026-07-26T21:00:00+0000_16.7713
KRSNWDP,Krishna at Wadenepally,Krishna,2026-07-26 22:00:00+00:00,16.85352546845696,NORMAL,18.45,19.84,23.07,16.7944,80.07247,KRSNWDP_2026-07-26T22:00:00+0000_16.8535
KRSNWDP,Krishna at Wadenepally,Krishna,2026-07-26 23:00:00+00:00,16.777966040555253,NORMAL,18.45,19.84,23.07,16.7944,80.07247,KRSNWDP_2026-07-26T23:00:00+0000_16.7780
KRSNWDP,Krishna at Wadenepally,Krishna,2026-07-27 00:00:00+00:00,16.784219623990836,NORMAL,18.45,19.84,23.07,16.7944,80.07247,KRSNWDP_2026-07-27T00:00:00+0000_16.7842
KRSNWDP,Krishna at Wadenepally,Krishna,2026-07-27 01:00:00+00:00,16.779903274919338,NORMAL,18.45,19.84,23.07,16.7944,80.07247,KRSNWDP_2026-07-27T01:00:00+0000_16.7799
KRSNWDP,Krishna at Wadenepally,Krishna,2026-07-27 02:00:00+00:00,16.778837834972354,NORMAL,18.45,19.84,23.07,16.7944,80.07247,KRSNWDP_2026-07-27T02:00:00+0000_16.7788
KRSNWDP,Krishna at Wadenepally,Krishna,2026-07-27 03:00:00+00:00,16.761179911731343,NORMAL,18.45,19.84,23.07,16.7944,80.07247,KRSNWDP_2026-07-27T03:00:00+0000_16.7612
KRSNWDP,Krishna at Wadenepally,Krishna,2026-07-27 04:00:00+00:00,16.65807999702166,NORMAL,18.45,19.84,23.07,16.7944,80.07247,KRSNWDP_2026-07-27T04:00:00+0000_16.6581
KRSNWDP,Krishna at Wadenepally,Krishna,2026-07-27 05:00:00+00:00,16.67282916137052,NORMAL,18.45,19.84,23.07,16.7944,80.07247,KRSNWDP_2026-07-27T05:00:00+0000_16.6728
KRSNWDP,Krishna at Wadenepally,Krishna,2026-07-27 06:00:00+00:00,16.60118241647671,NORMAL,18.45,19.84,23.07,16.7944,80.07247,KRSNWDP_2026-07-27T06:00:00+0000_16.6012
KRSNWDP,Krishna at Wadenepally,Krishna,2026-07-27 07:00:00+00:00,16.585361103693405,NORMAL,18.45,19.84,23.07,16.7944,80.07247,KRSNWDP_2026-07-27T07:00:00+0000_16.5854
KRSNWDP,Krishna at Wadenepally,Krishna,2026-07-27 08:00:00+00:00,16.495435745065514,NORMAL,18.45,19.84,23.07,16.7944,80.07247,KRSNWDP_2026-07-27T08:00:00+0000_16.4954
KRSNWDP,Krishna at Wadenepally,Krishna,2026-07-27 09:00:00+00:00,16.430107466948808,NORMAL,18.45,19.84,23.07,16.7944,80.07247,KRSNWDP_2026-07-27T09:00:00+0000_16.4301
KRSNWDP,Krishna at Wadenepally,Krishna,2026-07-27 10:00:00+00:00,16.493072393877704,NORMAL,18.45,19.84,23.07,16.7944,80.07247,KRSNWDP_2026-07-27T10:00:00+0000_16.4931
KRSNWDP,Krishna at Wadenepally,Krishna,2026-07-27 11:00:00+00:00,16.470641181458006,NORMAL,18.45,19.84,23.07,16.7944,80.07247,KRSNWDP_2026-07-27T11:00:00+0000_16.4706
KRSNWDP,Krishna at Wadenepally,Krishna,2026-07-27 12:00:00+00:00,16.40232651051759,NORMAL,18.45,19.84,23.07,16.7944,80.07247,KRSNWDP_2026-07-27T12:00:00+0000_16.4023
KRSNWDP,Krishna at Wadenepally,Krishna,2026-07-27 13:00:00+00:00,16.4570508669523,NORMAL,18.45,19.84,23.07,16.7944,80.07247,KRSNWDP_2026-07-27T13:00:00+0000_16.4571
KRSNWDP,Krishna at Wadenepally,Krishna,2026-07-27 14:00:00+00:00,16.507583671936967,NORMAL,18.45,19.84,23.07,16.7944,80.07247,KRSNWDP_2026-07-27T14:00:00+0000_16.5076
KRSNWDP,Krishna at Wadenepally,Krishna,2026-07-27 15:00:00+00:00,16.53836815642126,NORMAL,18.45,19.84,23.07,16.7944,80.07247,KRSNWDP_2026-07-27T15:00:00+0000_16.5384
KRSNWDP,Krishna at Wadenepally,Krishna,2026-07-27 16:00:00+00:00,16.548959913386156,NORMAL,18.45,19.84,23.07,16.7944,80.07247,KRSNWDP_2026-07-27T16:00:00+0000_16.5490
KRSNWDP,Krishna at Wadenepally,Krishna,2026-07-27 17:00:00+00:00,16.564127892824,NORMAL,18.45,19.84,23.07,16.7944,80.07247,KRSNWDP_2026-07-27T17:00:00+0000_16.5641
KRSNWDP,Krishna at Wadenepally,Krishna,2026-07-27 18:00:00+00:00,16.640225895381548,NORMAL,18.45,19.84,23.07,16.7944,80.07247,KRSNWDP_2026-07-27T18:00:00+0000_16.6402
KRSNWDP,Krishna at Wadenepally,Krishna,2026-07-27 19:00:00+00:00,16.742664784879416,NORMAL,18.45,19.84,23.07,16.7944,80.07247,KRSNWDP_2026-07-27T19:00:00+0000_16.7427
KRSNWDP,Krishna at Wadenepally,Krishna,2026-07-27 20:00:00+00:00,16.76132528736306,NORMAL,18.45,19.84,23.07,16.7944,80.07247,KRSNWDP_2026-07-27T20:00:00+0000_16.7613
KRSNWDP,Krishna at Wadenepally,Krishna,2026-07-27 21:00:00+00:00,16.8067706922902,NORMAL,18.45,19.84,23.07,16.7944,80.07247,KRSNWDP_2026-07-27T21:00:00+0000_16.8068
KRSNWDP,Krishna at Wadenepally,Krishna,2026-07-27 22:00:00+00:00,16.845513562168996,NORMAL,18.45,19.84,23.07,16.7944,80.07247,KRSNWDP_2026-07-27T22:00:00+0000_16.8455
KRSNWDP,Krishna at Wadenepally,Krishna,2026-07-27 23:00:00+00:00,16.866379137742026,NORMAL,18.45,19.84,23.07,16.7944,80.07247,KRSNWDP_2026-07-27T23:00:00+0000_16.8664
KRSNWDP,Krishna at Wadenepally,Krishna,2026-07-28 00:00:00+00:00,16.821493772176318,NORMAL,18.45,19.84,23.07,16.7944,80.07247,KRSNWDP_2026-07-28T00:00:00+0000_16.8215
KRSNWDP,Krishna at Wadenepally,Krishna,2026-07-28 01:00:00+00:00,16.799433299966783,NORMAL,18.45,19.84,23.07,16.7944,80.07247,KRSNWDP_2026-07-28T01:00:00+0000_16.7994
KRSNWDP,Krishna at Wadenepally,Krishna,2026-07-28 02:00:00+00:00,16.811088867042297,NORMAL,18.45,19.84,23.07,16.7944,80.07247,KRSNWDP_2026-07-28T02:00:00+0000_16.8111
KRSNWDP,Krishna at Wadenepally,Krishna,2026-07-28 03:00:00+00:00,16.72388707910439,NORMAL,18.45,19.84,23.07,16.7944,80.07247,KRSNWDP_2026-07-28T03:00:00+0000_16.7239
KRSNWDP,Krishna at Wadenepally,Krishna,2026-07-28 04:00:00+00:00,16.651082309245478,NORMAL,18.45,19.84,23.07,16.7944,80.07247,KRSNWDP_2026-07-28T04:00:00+0000_16.6511
KRSNWDP,Krishna at Wadenepally,Krishna,2026-07-28 05:00:00+00:00,16.65079062825719,NORMAL,18.45,19.84,23.07,16.7944,80.07247,KRSNWDP_2026-07-28T05:00:00+0000_16.6508
KRSNWDP,Krishna at Wadenepally,Krishna,2026-07-28 06:00:00+00:00,16.624194255051933,NORMAL,18.45,19.84,23.07,16.7944,80.07247,KRSNWDP_2026-07-28T06:00:00+0000_16.6242
KRSNWDP,Krishna at Wadenepally,Krishna,2026-07-28 07:00:00+00:00,,,18.45,19.84,23.07,16.7944,80.07247,KRSNWDP_2026-07-28T07:00:00+0000_
KRSNWDP,Krishna at Wadenepally,Krishna,2026-07-28 08:00:00+00:00,16.486314708566656,NORMAL,18.45,19.84,23.07,16.7944,80.07247,KRSNWDP_2026-07-28T08:00:00+0000_16.4863
KRSNWDP,Krishna at Wadenepally,Krishna,2026-07-28 09:00:00+00:00,16.477967509536647,NORMAL,18.45,19.84,23.07,16.7944,80.07247,KRSNWDP_2026-07-28T09:00:00+0000_16.4780
KRSNWDP,Krishna at Wadenepally,Krishna,2026-07-28 10:00:00+00:00,16.44971379994334,NORMAL,18.45,19.84,23.07,16.7944,80.07247,KRSNWDP_2026-07-28T10:00:00+0000_16.4497
KRSNWDP,Krishna at Wadenepally,Krishna,2026-07-28 11:00:00+00:00,16.401176242218874,NORMAL,18.45,19.84,23.07,16.7944,80.07247,KRSNWDP_2026-07-28T11:00:00+0000_16.4012
KRSNWDP,Krishna at Wadenepally,Krishna,2026-07-28 12:00:00+00:00,16.45276591631168,NORMAL,18.45,19.84,23.07,16.7944,80.07247,KRSNWDP_2026-07-28T12:00:00+0000_16.4528
KRSNWDP,Krishna at Wadenepally,Krishna,2026-07-28 13:00:00+00:00,16.496516033433664,NORMAL,18.45,19.84,23.07,16.7944,80.07247,KRSNWDP_2026-07-28T13:00:00+0000_16.4965
KRSNWDP,Krishna at Wadenepally,Krishna,2026-07-28 14:00:00+00:00,16.484543052433782,NORMAL,18.45,19.84,23.07,16.7944,80.07247,KRSNWDP_2026-07-28T14:00:00+0000_16.4845
KRSNWDP,Krishna at Wadenepally,Krishna,2026-07-28 15:00:00+00:00,16.486991642232674,NORMAL,18.45,19.84,23.07,16.7944,80.07247,KRSNWDP_2026-07-28T15:00:00+0000_16.4870
KRSNWDP,Krishna at Wadenepally,Krishna,2026-07-28 16:00:00+00:00,16.59808877463073,NORMAL,18.45,19.84,23.07,16.7944,80.07247,KRSNWDP_2026-07-28T16:00:00+0000_16.5981
KRSNWDP,Krishna at Wadenepally,Krishna,2026-07-28 17:00:00+00:00,16.593941114674386,NORMAL,18.45,19.84,23.07,16.7944,80.07247,KRSNWDP_2026-07-28T17:00:00+0000_16.5939
KRSNWDP,Krishna at Wadenepally,Krishna,2026-07-28 18:00:00+00:00,16.65862597262792,NORMAL,18.45,19.84,23.07,16.7944,80.07247,KRSNWDP_2026-07-28T18:00:00+0000_16.6586
KRSNWDP,Krishna at Wadenepally,Krishna,2026-07-28 19:00:00+00:00,16.70903619522041,NORMAL,18.45,19.84,23.07,16.7944,80.07247,KRSNWDP_2026-07-28T19:00:00+0000_16.7090
KRSNWDP,Krishna at Wadenepally,Krishna,2026-07-28 20:00:00+00:00,16.766543127836727,NORMAL,18.45,19.84,23.07,16.7944,80.07247,KRSNWDP_2026-07-28T20:00:00+0000_16.7665
KRSNWDP,Krishna at Wadenepally,Krishna,2026-07-28 21:00:00+00:00,16.81279049742113,NORMAL,18.45,19.84,23.07,16.7944,80.07247,KRSNWDP_2026-07-28T21:00:00+0000_16.8128
KRSNWDP,Krishna at Wadenepally,Krishna,2026-07-28 22:00:00+00:00,16.84810498505013,NORMAL,18.45,19.84,23.07,16.7944,80.07247,KRSNWDP_2026-07-28T22:00:00+0000_16.8481
KRSNWDP,Krishna at Wadenepally,Krishna,2026-07-28 23:00:00+00:00,16.847527254869853,NORMAL,18.45,19.84,23.07,16.7944,80.07247,KRSNWDP_2026-07-28T23:00:00+0000_16.8475
KRSNWDP,Krishna at Wadenepally,Krishna,2026-07-29 00:00:00+00:00,16.800379913000068,NORMAL,18.45,19.84,23.07,16.7944,80.07247,KRSNWDP_2026-07-29T00:00:00+0000_16.8004
KRSNWDP,Krishna at Wadenepally,Krishna,2026-07-29 01:00:00+00:00,16.816560988109437,NORMAL,18.45,19.84,23.07,16.7944,80.07247,KRSNWDP_2026-07-29T01:00:00+0000_16.8166
KRSNWDP,Krishna at Wadenepally,Krishna,2026-07-29 02:00:00+00:00,16.723435602508758,NORMAL,18.45,19.84,23.07,16.7944,80.07247,KRSNWDP_2026-07-29T02:00:00+0000_16.7234
KRSNWDP,Krishna at Wadenepally,Krishna,2026-07-29 03:00:00+00:00,16.751859858845837,NORMAL,18.45,19.84,23.07,16.7944,80.07247,KRSNWDP_2026-07-29T03:00:00+0000_16.7519
KRSNWDP,Krishna at Wadenepally,Krishna,2026-07-29 04:00:00+00:00,16.70794043691665,NORMAL,18.45,19.84,23.07,16.7944,80.07247,KRSNWDP_2026-07-29T04:00:00+0000_16.7079
KRSNWDP,Krishna at Wadenepally,Krishna,2026-07-29 05:00:00+00:00,16.610398769293152,NORMAL,18.45,19.84,23.07,16.7944,80.07247,KRSNWDP_2026-07-29T05:00:00+0000_16.6104
KRSNWDP,Krishna at Wadenepally,Krishna,2026-07-29 06:00:00+00:00,16.579539109652718,NORMAL,18.45,19.84,23.07,16.7944,80.07247,KRSNWDP_2026-07-29T06:00:00+0000_16.5795
KRSNWDP,Krishna at Wadenepally,Krishna,2026-07-29 07:00:00+00:00,16.59212155128713,NORMAL,18.45,19.84,23.07,16.7944,80.07247,KRSNWDP_2026-07-29T07:00:00+0000_16.5921
KRSNWDP,Krishna at Wadenepally,Krishna,2026-07-29 08:00:00+00:00,16.545377839571277,NORMAL,18.45,19.84,23.07,16.7944,80.07247,KRSNWDP_2026-07-29T08:00:00+0000_16.5454
KRSNWDP,Krishna at Wadenepally,Krishna,2026-07-29 09:00:00+00:00,16.42787729503188,NORMAL,18.45,19.84,23.07,16.7944,80.07247,KRSNWDP_2026-07-29T09:00:00+0000_16.4279
KRSNWDP,Krishna at Wadenepally,Krishna,2026-07-29 10:00:00+00:00,16.46282132615364,NORMAL,18.45,19.84,23.07,16.7944,80.07247,KRSNWDP_2026-07-29T10:00:00+0000_16.4628
KRSNWDP,Krishna at Wadenepally,Krishna,2026-07-29 11:00:00+00:00,16.481906645420803,NORMAL,18.45,19.84,23.07,16.7944,80.07247,KRSNWDP_2026-07-29T11:00:00+0000_16.4819
KRSNWDP,Krishna at Wadenepally,Krishna,2026-07-29 12:00:00+00:00,16.404284077815273,NORMAL,18.45,19.84,23.07,16.7944,80.07247,KRSNWDP_2026-07-29T12:00:00+0000_16.4043
KRSNWDP,Krishna at Wadenepally,Krishna,2026-07-29 13:00:00+00:00,16.4837203760318,NORMAL,18.45,19.84,23.07,16.7944,80.07247,KRSNWDP_2026-07-29T13:00:00+0000_16.4837
KRSNWDP,Krishna at Wadenepally,Krishna,2026-07-29 14:00:00+00:00,16.452584806087817,NORMAL,18.45,19.84,23.07,16.7944,80.07247,KRSNWDP_2026-07-29T14:00:00+0000_16.4526
KRSNWDP,Krishna at Wadenepally,Krishna,2026-07-29 15:00:00+00:00,16.549049802983316,NORMAL,18.45,19.84,23.07,16.7944,80.07247,KRSNWDP_2026-07-29T15:00:00+0000_16.5490
KRSNWDP,Krishna at Wadenepally,Krishna,2026-07-29 16:00:00+00:00,16.504324867527945,NORMAL,18.45,19.84,23.07,16.7944,80.07247,KRSNWDP_2026-07-29T16:00:00+0000_16.5043
KRSNWDP,Krishna at Wadenepally,Krishna,2026-07-29 17:00:00+00:00,16.605338005586592,NORMAL,18.45,19.84,23.07,16.7944,80.07247,KRSNWDP_2026-07-29T17:00:00+0000_16.6053
KRSNWDP,Krishna at Wadenepally,Krishna,2026-07-29 18:00:00+00:00,16.631694682437377,NORMAL,18.45,19.84,23.07,16.7944,80.07247,KRSNWDP_2026-07-29T18:00:00+0000_16.6317
KRSNWDP,Krishna at Wadenepally,Krishna,2026-07-29 19:00:00+00:00,16.69150634455888,NORMAL,18.45,19.84,23.07,16.7944,80.07247,KRSNWDP_2026-07-29T19:00:00+0000_16.6915
KRSNWDP,Krishna at Wadenepally,Krishna,2026-07-29 20:00:00+00:00,16.774154799260995,NORMAL,18.45,19.84,23.07,16.7944,80.07247,KRSNWDP_2026-07-29T20:00:00+0000_16.7742
KRSNWDP,Krishna at Wadenepally,Krishna,2026-07-29 21:00:00+00:00,16.812044121846817,NORMAL,18.45,19.84,23.07,16.7944,80.07247,KRSNWDP_2026-07-29T21:00:00+0000_16.8120
KRSNWDP,Krishna at Wadenepally,Krishna,2026-07-29 22:00:00+00:00,16.759650868626327,NORMAL,18.45,19.84,23.07,16.7944,80.07247,KRSNWDP_2026-07-29T22:00:00+0000_16.7597
KRSNWDP,Krishna at Wadenepally,Krishna,2026-07-29 23:00:00+00:00,16.822011349100297,NORMAL,18.45,19.84,23.07,16.7944,80.07247,KRSNWDP_2026-07-29T23:00:00+0000_16.8220
KRSNWDP,Krishna at Wadenepally,Krishna,2026-07-30 00:00:00+00:00,16.77645819493375,NORMAL,18.45,19.84,23.07,16.7944,80.07247,KRSNWDP_2026-07-30T00:00:00+0000_16.7765
KRSNWDP,Krishna at Wadenepally,Krishna,2026-07-30 01:00:00+00:00,16.81339749163912,NORMAL,18.45,19.84,23.07,16.7944,80.07247,KRSNWDP_2026-07-30T01:00:00+0000_16.8134
KRSNWDP,Krishna at Wadenepally,Krishna,2026-07-30 02:00:00+00:00,16.774097649396488,NORMAL,18.45,19.84,23.07,16.7944,80.07247,KRSNWDP_2026-07-30T02:00:00+0000_16.7741
KRSNWDP,Krishna at Wadenepally,Krishna,2026-07-30 03:00:00+00:00,16.754397997900167,NORMAL,18.45,19.84,23.07,16.7944,80.07247,KRSNWDP_2026-07-30T03:00:00+0000_16.7544
KRSNWDP,Krishna at Wadenepally,Krishna,2026-07-30 04:00:00+00:00,16.65613205430542,NORMAL,18.45,19.84,23.07,16.7944,80.07247,KRSNWDP_2026-07-30T04:00:00+0000_16.6561
KRSNWDP,Krishna at Wadenepally,Krishna,2026-07-30 05:00:00+00:00,16.676099749942676,NORMAL,18.45,19.84,23.07,16.7944,80.07247,KRSNWDP_2026-07-30T05:00:00+0000_16.6761
KRSNWDP,Krishna at Wadenepally,Krishna,2026-07-30 06:00:00+00:00,16.61988637069549,NORMAL,18.45,19.84,23.07,16.7944,80.07247,KRSNWDP_2026-07-30T06:00:00+0000_16.6199
KRSNWDP,Krishna at Wadenepally,Krishna,2026-07-30 07:00:00+00:00,16.510922383657956,NORMAL,18.45,19.84,23.07,16.7944,80.07247,KRSNWDP_2026-07-30T07:00:00+0000_16.5109
KRSNWDP,Krishna at Wadenepally,Krishna,2026-07-30 08:00:00+00:00,16.45812845243651,NORMAL,18.45,19.84,23.07,16.7944,80.07247,KRSNWDP_2026-07-30T08:00:00+0000_16.4581
KRSNWDP,Krishna at Wadenepally,Krishna,2026-07-30 09:00:00+00:00,16.489990456498244,NORMAL,18.45,19.84,23.07,16.7944,80.07247,KRSNWDP_2026-07-30T09:00:00+0000_16.4900
KRSNWDP,Krishna at Wadenepally,Krishna,2026-07-30 10:00:00+00:00,16.39921964836375,NORMAL,18.45,19.84,23.07,16.7944,80.07247,KRSNWDP_2026-07-30T10:00:00+0000_16.3992
KRSNWDP,Krishna at Wadenepally,Krishna,2026-07-30 11:00:00+00:00,16.47661939486302,NORMAL,18.45,19.84,23.07,16.7944,80.07247,KRSNWDP_2026-07-30T11:00:00+0000_16.4766
KRSNWDP,Krishna at Wadenepally,Krishna,2026-07-30 12:00:00+00:00,16.458055069109513,NORMAL,18.45,19.84,23.07,16.7944,80.07247,KRSNWDP_2026-07-30T12:00:00+0000_16.4581
KRSNWDP,Krishna at Wadenepally,Krishna,2026-07-30 13:00:00+00:00,16.398097303297174,NORMAL,18.45,19.84,23.07,16.7944,80.07247,KRSNWDP_2026-07-30T13:00:00+0000_16.3981
KRSNWDP,Krishna at Wadenepally,Krishna,2026-07-30 14:00:00+00:00,16.51618533207964,NORMAL,18.45,19.84,23.07,16.7944,80.07247,KRSNWDP_2026-07-30T14:00:00+0000_16.5162
KRSNWDP,Krishna at Wadenepally,Krishna,2026-07-30 15:00:00+00:00,16.552256914565632,NORMAL,18.45,19.84,23.07,16.7944,80.07247,KRSNWDP_2026-07-30T15:00:00+0000_16.5523
KRSNWDP,Krishna at Wadenepally,Krishna,2026-07-30 16:00:00+00:00,16.503126224801154,NORMAL,18.45,19.84,23.07,16.7944,80.07247,KRSNWDP_2026-07-30T16:00:00+0000_16.5031
KRSNWDP,Krishna at Wadenepally,Krishna,2026-07-30 17:00:00+00:00,16.6013277143574,NORMAL,18.45,19.84,23.07,16.7944,80.07247,KRSNWDP_2026-07-30T17:00:00+0000_16.6013
KRSNWDP,Krishna at Wadenepally,Krishna,2026-07-30 18:00:00+00:00,19.800298401866893,WARNING,18.45,19.84,23.07,16.7944,80.07247,KRSNWDP_2026-07-30T18:00:00+0000_19.8003
KRSNWDP,Krishna at Wadenepally,Krishna,2026-07-30 19:00:00+00:00,19.51054864487815,WARNING,18.45,19.84,23.07,16.7944,80.07247,KRSNWDP_2026-07-30T19:00:00+0000_19.5105
KRSNWDP,Krishna at Wadenepally,Krishna,2026-07-30 20:00:00+00:00,19.26243627904107,WARNING,18.45,19.84,23.07,16.7944,80.07247,KRSNWDP_2026-07-30T20:00:00+0000_19.2624
KRSNWDP,Krishna at Wadenepally,Krishna,2026-07-30 21:00:00+00:00,19.04222468651962,WARNING,18.45,19.84,23.07,16.7944,80.07247,KRSNWDP_2026-07-30T21:00:00+0000_19.0422
KRSNWDP,Krishna at Wadenepally,Krishna,2026-07-30 22:00:00+00:00,18.81494027102221,WARNING,18.45,19.84,23.07,16.7944,80.07247,KRSNWDP_2026-07-30T22:00:00+0000_18.8149
KRSNWDP,Krishna at Wadenepally,Krishna,2026-07-30 23:00:00+00:00,18.66190139750272,WARNING,18.45,19.84,23.07,16.7944,80.07247,KRSNWDP_2026-07-30T23:00:00+0000_18.6619
KRSNWDP,Krishna at Wadenepally,Krishna,2026-07-31 00:00:00+00:00,16.77012885521103,NORMAL,18.45,19.84,23.07,16.7944,80.07247,KRSNWDP_2026-07-31T00:00:00+0000_16.7701
KRSNWDP,Krishna at Wadenepally,Krishna,2026-07-31 01:00:00+00:00,16.822870558938167,NORMAL,18.45,19.84,23.07,16.7944,80.07247,KRSNWDP_2026-07-31T01:00:00+0000_16.8229
KRSNWDP,Krishna at Wadenepally,Krishna,2026-07-31 02:00:00+00:00,16.768724335757888,NORMAL,18.45,19.84,23.07,16.7944,80.07247,KRSNWDP_2026-07-31T02:00:00+0000_16.7687
KRSNWDP,Krishna at Wadenepally,Krishna,2026-07-31 03:00:00+00:00,16.70200925107145,NORMAL,18.45,19.84,23.07,16.7944,80.07247,KRSNWDP_2026-07-31T03:00:00+0000_16.7020
KRSNWDP,Krishna at Wadenepally,Krishna,2026-07-31 04:00:00+00:00,16.635040296170434,NORMAL,18.45,19.84,23.07,16.7944,80.07247,KRSNWDP_2026-07-31T04:00:00+0000_16.6350
KRSNWDP,Krishna at Wadenepally,Krishna,2026-07-31 05:00:00+00:00,16.672763021792328,NORMAL,18.45,19.84,23.07,16.7944,80.07247,KRSNWDP_2026-07-31T05:00:00+0000_16.6728
KRSNWDP,Krishna at Wadenepally,Krishna,2026-07-31 06:00:00+00:00,16.603070462480577,NORMAL,18.45,19.84,23.07,16.7944,80.07247,KRSNWDP_2026-07-31T06:00:00+0000_16.6031
KRSNWDP,Krishna at Wadenepally,Krishna,2026-07-31 07:00:00+00:00,16.550464113365535,NORMAL,18.45,19.84,23.07,16.7944,80.07247,KRSNWDP_2026-07-31T07:00:00+0000_16.5505
KRSNWDP,Krishna at Wadenepally,Krishna,2026-07-31 08:00:00+00:00,16.513524691871652,NORMAL,18.45,19.84,23.07,16.7944,80.07247,KRSNWDP_2026-07-31T08:00:00+0000_16.5135
KRSNWDP,Krishna at Wadenepally,Krishna,2026-07-31 09:00:00+00:00,16.44446544846356,NORMAL,18.45,19.84,23.07,16.7944,80.07247,KRSNWDP_2026-07-31T09:00:00+0000_16.4445
KRSNWDP,Krishna at Wadenepally,Krishna,2026-07-31 10:00:00+00:00,16.409821362102264,NORMAL,18.45,19.84,23.07,16.7944,80.07247,KRSNWDP_2026-07-31T10:00:00+0000_16.4098
KRSNWDP,Krishna at Wadenepally,Krishna,2026-07-31 11:00:00+00:00,16.407461799588322,NORMAL,18.45,19.84,23.07,16.7944,80.07247,KRSNWDP_2026-07-31T11:00:00+0000_16.4075
KRSNWDP,Krishna at Wadenepally,Krishna,2026-07-31 12:00:00+00:00,16.38023119734549,NORMAL,18.45,19.84,23.07,16.7944,80.07247,KRSNWDP_2026-07-31T12:00:00+0000_16.3802
KRSNWDP,Krishna at Wadenepally,Krishna,2026-07-31 13:00:00+00:00,16.412711884853454,NORMAL,18.45,19.84,23.07,16.7944,80.07247,KRSNWDP_2026-07-31T13:00:00+0000_16.4127
KRSNWDP,Krishna at Wadenepally,Krishna,2026-07-31 14:00:00+00:00,16.479532200024465,NORMAL,18.45,19.84,23.07,16.7944,80.07247,KRSNWDP_2026-07-31T14:00:00+0000_16.4795
KRSNWDP,Krishna at Wadenepally,Krishna,2026-07-31 15:00:00+00:00,16.45487261396868,NORMAL,18.45,19.84,23.07,16.7944,80.07247,KRSNWDP_2026-07-31T15:00:00+0000_16.4549
KRSNWDP,Krishna at Wadenepally,Krishna,2026-07-31 16:00:00+00:00,19.465788142497765,WARNING,18.45,19.84,23.07,16.7944,80.07247,KRSNWDP_2026-07-31T16:00:00+0000_19.4658
KRSNWDP,Krishna at Wadenepally,Krishna,2026-07-31 17:00:00+00:00,19.240718182879867,WARNING,18.45,19.84,23.07,16.7944,80.07247,KRSNWDP_2026-07-31T17:00:00+0000_19.2407
KRSNWDP,Krishna at Wadenepally,Krishna,2026-07-31 18:00:00+00:00,18.984495146244143,WARNING,18.45,19.84,23.07,16.7944,80.07247,KRSNWDP_2026-07-31T18:00:00+0000_18.9845
KRSNWDP,Krishna at Wadenepally,Krishna,2026-07-31 19:00:00+00:00,18.75296968985367,WARNING,18.45,19.84,23.07,16.7944,80.07247,KRSNWDP_2026-07-31T19:00:00+0000_18.7530
KRSNWDP,Krishna at Wadenepally,Krishna,2026-07-31 20:00:00+00:00,18.666251337374888,WARNING,18.45,19.84,23.07,16.7944,80.07247,KRSNWDP_2026-07-31T20:00:00+0000_18.6663
KRSNWDP,Krishna at Wadenepally,Krishna,2026-07-31 21:00:00+00:00,18.42887785325499,NORMAL,18.45,19.84,23.07,16.7944,80.07247,KRSNWDP_2026-07-31T21:00:00+0000_18.4289
KRSNWDP,Krishna at Wadenepally,Krishna,2026-07-31 22:00:00+00:00,18.35171093908909,NORMAL,18.45,19.84,23.07,16.7944,80.07247,KRSNWDP_2026-07-31T22:00:00+0000_18.3517
KRSNWDP,Krishna at Wadenepally,Krishna,2026-07-31 23:00:00+00:00,16.780184022664102,NORMAL,18.45,19.84,23.07,16.7944,80.07247,KRSNWDP_2026-07-31T23:00:00+0000_16.7802
KRSNWDP,Krishna at Wadenepally,Krishna,2026-08-01 00:00:00+00:00,16.778853397442727,NORMAL,18.45,19.84,23.07,16.7944,80.07247,KRSNWDP_2026-08-01T00:00:00+0000_16.7789
KRSNWDP,Krishna at Wadenepally,Krishna,2026-08-01 01:00:00+00:00,16.783804258462894,NORMAL,18.45,19.84,23.07,16.7944,80.07247,KRSNWDP_2026-08-01T01:00:00+0000_16.7838
KRSNWDP,Krishna at Wadenepally,Krishna,2026-08-01 02:00:00+00:00,16.71114008679735,NORMAL,18.45,19.84,23.07,16.7944,80.07247,KRSNWDP_2026-08-01T02:00:00+0000_16.7111
KRSNWDP,Krishna at Wadenepally,Krishna,2026-08-01 03:00:00+00:00,16.69727096687078,NORMAL,18.45,19.84,23.07,16.7944,80.07247,KRSNWDP_2026-08-01T03:00:00+0000_16.6973
KRSNWDP,Krishna at Wadenepally,Krishna,2026-08-01 04:00:00+00:00,16.729588226537814,NORMAL,18.45,19.84,23.07,16.7944,80.07247,KRSNWDP_2026-08-01T04:00:00+0000_16.7296
KRSNWDP,Krishna at Wadenepally,Krishna,2026-08-01 05:00:00+00:00,16.58386817454128,NORMAL,18.45,19.84,23.07,16.7944,80.07247,KRSNWDP_2026-08-01T05:00:00+0000_16.5839
KRSNWDP,Krishna at Wadenepally,Krishna,2026-08-01 06:00:00+00:00,16.610963032627424,NORMAL,18.45,19.84,23.07,16.7944,80.07247,KRSNWDP_2026-08-01T06:00:00+0000_16.6110
KRSNWDP,Krishna at Wadenepally,Krishna,2026-08-01 07:00:00+00:00,16.49064720625945,NORMAL,18.45,19.84,23.07,16.7944,80.07247,KRSNWDP_2026-08-01T07:00:00+0000_16.4906
KRSNWDP,Krishna at Wadenepally,Krishna,2026-08-01 08:00:00+00:00,16.534444832104246,NORMAL,18.45,19.84,23.07,16.7944,80.07247,KRSNWDP_2026-08-01T08:00:00+0000_16.5344
KRSNWDP,Krishna at Wadenepally,Krishna,2026-08-01 09:00:00+00:00,16.50439312806364,NORMAL,18.45,19.84,23.07,16.7944,80.07247,KRSNWDP_2026-08-01T09:00:00+0000_16.5044
KRSNWDP,Krishna at Wadenepally,Krishna,2026-08-01 10:00:00+00:00,16.443501905981353,NORMAL,18.45,19.84,23.07,16.7944,80.07247,KRSNWDP_2026-08-01T10:00:00+0000_16.4435
KRSNWDP,Krishna at Wadenepally,Krishna,2026-08-01 11:00:00+00:00,,,18.45,19.84,23.07,16.7944,80.07247,KRSNWDP_2026-08-01T11:00:00+0000_
KRSNWDP,Krishna at Wadenepally,Krishna,2026-08-01 12:00:00+00:00,18.56883188110349,WARNING,18.45,19.84,23.07,16.7944,80.07247,KRSNWDP_2026-08-01T12:00:00+0000_18.5688
KRSNWDP,Krishna at Wadenepally,Krishna,2026-08-01 13:00:00+00:00,18.30320941144925,NORMAL,18.45,19.84,23.07,16.7944,80.07247,KRSNWDP_2026-08-01T13:00:00+0000_18.3032
KRSNWDP,Krishna at Wadenepally,Krishna,2026-08-01 14:00:00+00:00,18.22042471974489,NORMAL,18.45,19.84,23.07,16.7944,80.07247,KRSNWDP_2026-08-01T14:00:00+0000_18.2204
KRSNWDP,Krishna at Wadenepally,Krishna,2026-08-01 15:00:00+00:00,18.030654429559327,NORMAL,18.45,19.84,23.07,16.7944,80.07247,KRSNWDP_2026-08-01T15:00:00+0000_18.0307
KRSNWDP,Krishna at Wadenepally,Krishna,2026-08-01 16:00:00+00:00,17.897920733909462,NORMAL,18.45,19.84,23.07,16.7944,80.07247,KRSNWDP_2026-08-01T16:00:00+0000_17.8979
KRSNWDP,Krishna at Wadenepally,Krishna,2026-08-01 17:00:00+00:00,17.834623172757944,NORMAL,18.45,19.84,23.07,16.7944,80.07247,KRSNWDP_2026-08-01T17:00:00+0000_17.8346
KRSNWDP,Krishna at Wadenepally,Krishna,2026-08-01 18:00:00+00:00,16.606489579410677,NORMAL,18.45,19.84,23.07,16.7944,80.07247,KRSNWDP_2026-08-01T18:00:00+0000_16.6065
KRSNWDP,Krishna at Wadenepally,Krishna,2026-08-01 19:00:00+00:00,16.687916952089576,NORMAL,18.45,19.84,23.07,16.7944,80.07247,KRSNWDP_2026-08-01T19:00:00+0000_16.6879
KRSNWDP,Krishna at Wadenepally,Krishna,2026-08-01 20:00:00+00:00,16.7235849249741,NORMAL,18.45,19.84,23.07,16.7944,80.07247,KRSNWDP_2026-08-01T20:00:00+0000_16.7236
KRSNWDP,Krishna at Wadenepally,Krishna,2026-08-01 21:00:00+00:00,16.796029179887224,NORMAL,18.45,19.84,23.07,16.7944,80.07247,KRSNWDP_2026-08-01T21:00:00+0000_16.7960
KRSNWDP,Krishna at Wadenepally,Krishna,2026-08-01 22:00:00+00:00,16.787647010678022,NORMAL,18.45,19.84,23.07,16.7944,80.07247,KRSNWDP_2026-08-01T22:00:00+0000_16.7876
KRSNWDP,Krishna at Wadenepally,Krishna,2026-08-01 23:00:00+00:00,16.785105243196693,NORMAL,18.45,19.84,23.07,16.7944,80.07247,KRSNWDP_2026-08-01T23:00:00+0000_16.7851
KRSNWDP,Krishna at Wadenepally,Krishna,2026-08-02 00:00:00+00:00,16.80663937683862,NORMAL,18.45,19.84,23.07,16.7944,80.07247,KRSNWDP_2026-08-02T00:00:00+0000_16.8066
KRSNWDP,Krishna at Wadenepally,Krishna,2026-08-02 01:00:00+00:00,16.82410107093097,NORMAL,18.45,19.84,23.07,16.7944,80.07247,KRSNWDP_2026-08-02T01:00:00+0000_16.8241
KRSNWDP,Krishna at Wadenepally,Krishna,2026-08-02 02:00:00+00:00,16.745434112372898,NORMAL,18.45,19.84,23.07,16.7944,80.07247,KRSNWDP_2026-08-02T02:00:00+0000_16.7454
KRSNWDP,Krishna at Wadenepally,Krishna,2026-08-02 03:00:00+00:00,16.75268833105922,NORMAL,18.45,19.84,23.07,16.7944,80.07247,KRSNWDP_2026-08-02T03:00:00+0000_16.7527
KRSNWDP,Krishna at Wadenepally,Krishna,2026-08-02 04:00:00+00:00,16.68731405810762,NORMAL,18.45,19.84,23.07,16.7944,80.07247,KRSNWDP_2026-08-02T04:00:00+0000_16.6873
KRSNWDP,Krishna at Wadenepally,Krishna,2026-08-02 05:00:00+00:00,16.606894551264965,NORMAL,18.45,19.84,23.07,16.7944,80.07247,KRSNWDP_2026-08-02T05:00:00+0000_16.6069
KRSNWDP,Krishna at Wadenepally,Krishna,2026-08-02 06:00:00+00:00,16.60265401009319,NORMAL,18.45,19.84,23.07,16.7944,80.07247,KRSNWDP_2026-08-02T06:00:00+0000_16.6027
KRSNWDP,Krishna at Wadenepally,Krishna,2026-08-02 07:00:00+00:00,16.54516558062582,NORMAL,18.45,19.84,23.07,16.7944,80.07247,KRSNWDP_2026-08-02T07:00:00+0000_16.5452
KRSNWDP,Krishna at Wadenepally,Krishna,2026-08-02 08:00:00+00:00,16.529940106485533,NORMAL,18.45,19.84,23.07,16.7944,80.07247,KRSNWDP_2026-08-02T08:00:00+0000_16.5299
KRSNWDP,Krishna at Wadenepally,Krishna,2026-08-02 09:00:00+00:00,16.425140655154788,NORMAL,18.45,19.84,23.07,16.7944,80.07247,KRSNWDP_2026-08-02T09:00:00+0000_16.4251
KRSNWDP,Krishna at Wadenepally,Krishna,2026-08-02 10:00:00+00:00,16.472998212192337,NORMAL,18.45,19.84,23.07,16.7944,80.07247,KRSNWDP_2026-08-02T10:00:00+0000_16.4730
KRSNWDP,Krishna at Wadenepally,Krishna,2026-08-02 11:00:00+00:00,16.440225430769633,NORMAL,18.45,19.84,23.07,16.7944,80.07247,KRSNWDP_2026-08-02T11:00:00+0000_16.4402
KRSNWDP,Krishna at Wadenepally,Krishna,2026-08-02 12:00:00+00:00,16.433877089845403,NORMAL,18.45,19.84,23.07,16.7944,80.07247,KRSNWDP_2026-08-02T12:00:00+0000_16.4339
KRSNWDP,Krishna at Wadenepally,Krishna,2026-08-02 13:00:00+00:00,16.409863168546202,NORMAL,18.45,19.84,23.07,16.7944,80.07247,KRSNWDP_2026-08-02T13:00:00+0000_16.4099
KRSNWDP,Krishna at Wadenepally,Krishna,2026-08-02 14:00:00+00:00,16.479936880033073,NORMAL,18.45,19.84,23.07,16.7944,80.07247,KRSNWDP_2026-08-02T14:00:00+0000_16.4799
KRSNWDP,Krishna at Wadenepally,Krishna,2026-08-02 15:00:00+00:00,16.471597172968863,NORMAL,18.45,19.84,23.07,16.7944,80.07247,KRSNWDP_2026-08-02T15:00:00+0000_16.4716
KRSNWDP,Krishna at Wadenepally,Krishna,2026-08-02 16:00:00+00:00,16.52017124847146,NORMAL,18.45,19.84,23.07,16.7944,80.07247,KRSNWDP_2026-08-02T16:00:00+0000_16.5202
KRSNWDP,Krishna at Wadenepally,Krishna,2026-08-02 17:00:00+00:00,16.586563940159976,NORMAL,18.45,19.84,23.07,16.7944,80.07247,KRSNWDP_2026-08-02T17:00:00+0000_16.5866
KRSNWDP,Krishna at Wadenepally,Krishna,2026-08-02 18:00:00+00:00,16.600823647862146,NORMAL,18.45,19.84,23.07,16.7944,80.07247,KRSNWDP_2026-08-02T18:00:00+0000_16.6008
KRSNWDP,Krishna at Wadenepally,Krishna,2026-08-02 19:00:00+00:00,16.725591033154654,NORMAL,18.45,19.84,23.07,16.7944,80.07247,KRSNWDP_2026-08-02T19:00:00+0000_16.7256
KRSNWDP,Krishna at Wadenepally,Krishna,2026-08-02 20:00:00+00:00,16.723183956973212,NORMAL,18.45,19.84,23.07,16.7944,80.07247,KRSNWDP_2026-08-02T20:00:00+0000_16.7232
KRSNWDP,Krishna at Wadenepally,Krishna,2026-08-02 21:00:00+00:00,16.7413526974346,NORMAL,18.45,19.84,23.07,16.7944,80.07247,KRSNWDP_2026-08-02T21:00:00+0000_16.7414
KRSNWDP,Krishna at Wadenepally,Krishna,2026-08-02 22:00:00+00:00,16.782444359751338,NORMAL,18.45,19.84,23.07,16.7944,80.07247,KRSNWDP_2026-08-02T22:00:00+0000_16.7824
KRSNWDP,Krishna at Wadenepally,Krishna,2026-08-02 23:00:00+00:00,16.795051997238364,NORMAL,18.45,19.84,23.07,16.7944,80.07247,KRSNWDP_2026-08-02T23:00:00+0000_16.7951
KRSNWDP,Krishna at Wadenepally,Krishna,2026-08-03 00:00:00+00:00,16.80675265967719,NORMAL,18.45,19.84,23.07,16.7944,80.07247,KRSNWDP_2026-08-03T00:00:00+0000_16.8068
KRSNWDP,Krishna at Wadenepally,Krishna,2026-08-03 01:00:00+00:00,16.82014663028133,NORMAL,18.45,19.84,23.07,16.7944,80.07247,KRSNWDP_2026-08-03T01:00:00+0000_16.8201
KRSNWDP,Krishna at Wadenepally,Krishna,2026-08-03 02:00:00+00:00,16.72864455084487,NORMAL,18.45,19.84,23.07,16.7944,80.07247,KRSNWDP_2026-08-03T02:00:00+0000_16.7286
KRSNWDP,Krishna at Wadenepally,Krishna,2026-08-03 03:00:00+00:00,16.732976423655437,NORMAL,18.45,19.84,23.07,16.7944,80.07247,KRSNWDP_2026-08-03T03:00:00+0000_16.7330
KRSNWDP,Krishna at Wadenepally,Krishna,2026-08-03 04:00:00+00:00,16.677698632445455,NORMAL,18.45,19.84,23.07,16.7944,80.07247,KRSNWDP_2026-08-03T04:00:00+0000_16.6777
KRSNWDP,Krishna at Wadenepally,Krishna,2026-08-03 05:00:00+00:00,16.633119126753805,NORMAL,18.45,19.84,23.07,16.7944,80.07247,KRSNWDP_2026-08-03T05:00:00+0000_16.6331
KRSNWDP,Krishna at Wadenepally,Krishna,2026-08-03 06:00:00+00:00,16.623139925842953,NORMAL,18.45,19.84,23.07,16.7944,80.07247,KRSNWDP_2026-08-03T06:00:00+0000_16.6231
KRSNWDP,Krishna at Wadenepally,Krishna,2026-08-03 07:00:00+00:00,16.511082691991504,NORMAL,18.45,19.84,23.07,16.7944,80.07247,KRSNWDP_2026-08-03T07:00:00+0000_16.5111
KRSNWDP,Krishna at Wadenepally,Krishna,2026-08-03 08:00:00+00:00,16.51095393383904,NORMAL,18.45,19.84,23.07,16.7944,80.07247,KRSNWDP_2026-08-03T08:00:00+0000_16.5110
KRSNWDP,Krishna at Wadenepally,Krishna,2026-08-03 09:00:00+00:00,16.452533617464155,NORMAL,18.45,19.84,23.07,16.7944,80.07247,KRSNWDP_2026-08-03T09:00:00+0000_16.4525
KRSNWDP,Krishna at Wadenepally,Krishna,2026-08-03 10:00:00+00:00,16.440090325466265,NORMAL,18.45,19.84,23.07,16.7944,80.07247,KRSNWDP_2026-08-03T10:00:00+0000_16.4401
KRSNWDP,Krishna at Wadenepally,Krishna,2026-08-03 11:00:00+00:00,16.412292092823712,NORMAL,18.45,19.84,23.07,16.7944,80.07247,KRSNWDP_2026-08-03T11:00:00+0000_16.4123
KRSNWDP,Krishna at Wadenepally,Krishna,2026-08-03 12:00:00+00:00,16.45903991856799,NORMAL,18.45,19.84,23.07,16.7944,80.07247,KRSNWDP_2026-08-03T12:00:00+0000_16.4590
KRSNWDP,Krishna at Wadenepally,Krishna,2026-08-03 13:00:00+00:00,16.45177719285288,NORMAL,18.45,19.84,23.07,16.7944,80.07247,KRSNWDP_2026-08-03T13:00:00+0000_16.4518
KRSNWDP,Krishna at Wadenepally,Krishna,2026-08-03 14:00:00+00:00,16.477643213711602,NORMAL,18.45,19.84,23.07,16.7944,80.07247,KRSNWDP_2026-08-03T14:00:00+0000_16.4776
KRSNWDP,Krishna at Wadenepally,Krishna,2026-08-03 15:00:00+00:00,16.519142180047897,NORMAL,18.45,19.84,23.07,16.7944,80.07247,KRSNWDP_2026-08-03T15:00:00+0000_16.5191
KRSNWDP,Krishna at Wadenepally,Krishna,2026-08-03 16:00:00+00:00,16.55534829470244,NORMAL,18.45,19.84,23.07,16.7944,80.07247,KRSNWDP_2026-08-03T16:00:00+0000_16.5553
KRSNWDP,Krishna at Wadenepally,Krishna,2026-08-03 17:00:00+00:00,16.53608432927288,NORMAL,18.45,19.84,23.07,16.7944,80.07247,KRSNWDP_2026-08-03T17:00:00+0000_16.5361
KRSNWDP,Krishna at Wadenepally,Krishna,2026-08-03 18:00:00+00:00,16.64732695431576,NORMAL,18.45,19.84,23.07,16.7944,80.07247,KRSNWDP_2026-08-03T18:00:00+0000_16.6473
KRSNWDP,Krishna at Wadenepally,Krishna,2026-08-03 19:00:00+00:00,16.688749052032108,NORMAL,18.45,19.84,23.07,16.7944,80.07247,KRSNWDP_2026-08-03T19:00:00+0000_16.6887
KRSNWDP,Krishna at Wadenepally,Krishna,2026-08-03 20:00:00+00:00,16.690172235625255,NORMAL,18.45,19.84,23.07,16.7944,80.07247,KRSNWDP_2026-08-03T20:00:00+0000_16.6902
KRSNWDP,Krishna at Wadenepally,Krishna,2026-08-03 21:00:00+00:00,16.78065965862031,NORMAL,18.45,19.84,23.07,16.7944,80.07247,KRSNWDP_2026-08-03T21:00:00+0000_16.7807
KRSNWDP,Krishna at Wadenepally,Krishna,2026-08-03 22:00:00+00:00,16.74994619430975,NORMAL,18.45,19.84,23.07,16.7944,80.07247,KRSNWDP_2026-08-03T22:00:00+0000_16.7499
KRSNWDP,Krishna at Wadenepally,Krishna,2026-08-03 23:00:00+00:00,16.832899387286425,NORMAL,18.45,19.84,23.07,16.7944,80.07247,KRSNWDP_2026-08-03T23:00:00+0000_16.8329
KRSNWDP,Krishna at Wadenepally,Krishna,2026-08-04 00:00:00+00:00,16.7804883859938,NORMAL,18.45,19.84,23.07,16.7944,80.07247,KRSNWDP_2026-08-04T00:00:00+0000_16.7805
KRSNWDP,Krishna at Wadenepally,Krishna,2026-08-04 01:00:00+00:00,16.722771531850157,NORMAL,18.45,19.84,23.07,16.7944,80.07247,KRSNWDP_2026-08-04T01:00:00+0000_16.7228
KRSNWDP,Krishna at Wadenepally,Krishna,2026-08-04 02:00:00+00:00,16.70730044100647,NORMAL,18.45,19.84,23.07,16.7944,80.07247,KRSNWDP_2026-08-04T02:00:00+0000_16.7073
KRSNWDP,Krishna at Wadenepally,Krishna,2026-08-04 03:00:00+00:00,16.665844533391773,NORMAL,18.45,19.84,23.07,16.7944,80.07247,KRSNWDP_2026-08-04T03:00:00+0000_16.6658
KRSNWDP,Krishna at Wadenepally,Krishna,2026-08-04 04:00:00+00:00,16.69028829210168,NORMAL,18.45,19.84,23.07,16.7944,80.07247,KRSNWDP_2026-08-04T04:00:00+0000_16.6903
KRSNWDP,Krishna at Wadenepally,Krishna,2026-08-04 05:00:00+00:00,16.66395373152242,NORMAL,18.45,19.84,23.07,16.7944,80.07247,KRSNWDP_2026-08-04T05:00:00+0000_16.6640
KRSNWDP,Krishna at Wadenepally,Krishna,2026-08-04 06:00:00+00:00,16.553982422953094,NORMAL,18.45,19.84,23.07,16.7944,80.07247,KRSNWDP_2026-08-04T06:00:00+0000_16.5540
KRSNWDP,Krishna at Wadenepally,Krishna,2026-08-04 07:00:00+00:00,16.501533637880172,NORMAL,18.45,19.84,23.07,16.7944,80.07247,KRSNWDP_2026-08-04T07:00:00+0000_16.5015
KRSNWDP,Krishna at Wadenepally,Krishna,2026-08-04 08:00:00+00:00,16.43454143313476,NORMAL,18.45,19.84,23.07,16.7944,80.07247,KRSNWDP_2026-08-04T08:00:00+0000_16.4345
KRSNWDP,Krishna at Wadenepally,Krishna,2026-08-04 09:00:00+00:00,16.439643285248213,NORMAL,18.45,19.84,23.07,16.7944,80.07247,KRSNWDP_2026-08-04T09:00:00+0000_16.4396
KRSNWDP,Krishna at Wadenepally,Krishna,2026-08-04 10:00:00+00:00,16.431830436854888,NORMAL,18.45,19.84,23.07,16.7944,80.07247,KRSNWDP_2026-08-04T10:00:00+0000_16.4318
KRSNWDP,Krishna at Wadenepally,Krishna,2026-08-04 11:00:00+00:00,16.38934160207813,NORMAL,18.45,19.84,23.07,16.7944,80.07247,KRSNWDP_2026-08-04T11:00:00+0000_16.3893
KRSNWDP,Krishna at Wadenepally,Krishna,2026-08-04 12:00:00+00:00,16.371628110366306,NORMAL,18.45,19.84,23.07,16.7944,80.07247,KRSNWDP_2026-08-04T12:00:00+0000_16.3716
KRSNWDP,Krishna at Wadenepally,Krishna,2026-08-04 13:00:00+00:00,16.42825318580546,NORMAL,18.45,19.84,23.07,16.7944,80.07247,KRSNWDP_2026-08-04T13:00:00+0000_16.4283
KRSNWDP,Krishna at Wadenepally,Krishna,2026-08-04 14:00:00+00:00,16.426356968167894,NORMAL,18.45,19.84,23.07,16.7944,80.07247,KRSNWDP_2026-08-04T14:00:00+0000_16.4264
KRSNWDP,Krishna at Wadenepally,Krishna,2026-08-04 15:00:00+00:00,16.448460991304668,NORMAL,18.45,19.84,23.07,16.7944,80.07247,KRSNWDP_2026-08-04T15:00:00+0000_16.4485
KRSNWDP,Krishna at Wadenepally,Krishna,2026-08-04 16:00:00+00:00,16.497594897509444,NORMAL,18.45,19.84,23.07,16.7944,80.07247,KRSNWDP_2026-08-04T16:00:00+0000_16.4976
KRSNWDP,Krishna at Wadenepally,Krishna,2026-08-04 17:00:00+00:00,,,18.45,19.84,23.07,16.7944,80.07247,KRSNWDP_2026-08-04T17:00:00+0000_
KRSNWDP,Krishna at Wadenepally,Krishna,2026-08-04 18:00:00+00:00,16.661569521729774,NORMAL,18.45,19.84,23.07,16.7944,80.07247,KRSNWDP_2026-08-04T18:00:00+0000_16.6616
KRSNWDP,Krishna at Wadenepally,Krishna,2026-08-04 19:00:00+00:00,16.62746507262553,NORMAL,18.45,19.84,23.07,16.7944,80.07247,KRSNWDP_2026-08-04T19:00:00+0000_16.6275
KRSNWDP,Krishna at Wadenepally,Krishna,2026-08-04 20:00:00+00:00,16.69622478983261,NORMAL,18.45,19.84,23.07,16.7944,80.07247,KRSNWDP_2026-08-04T20:00:00+0000_16.6962
KRSNWDP,Krishna at Wadenepally,Krishna,2026-08-04 21:00:00+00:00,16.779984784023778,NORMAL,18.45,19.84,23.07,16.7944,80.07247,KRSNWDP_2026-08-04T21:00:00+0000_16.7800
KRSNWDP,Krishna at Wadenepally,Krishna,2026-08-04 22:00:00+00:00,16.762429675375657,NORMAL,18.45,19.84,23.07,16.7944,80.07247,KRSNWDP_2026-08-04T22:00:00+0000_16.7624
KRSNWDP,Krishna at Wadenepally,Krishna,2026-08-04 23:00:00+00:00,16.75748929173497,NORMAL,18.45,19.84,23.07,16.7944,80.07247,KRSNWDP_2026-08-04T23:00:00+0000_16.7575
KRSNWDP,Krishna at Wadenepally,Krishna,2026-08-05 00:00:00+00:00,16.78934439278916,NORMAL,18.45,19.84,23.07,16.7944,80.07247,KRSNWDP_2026-08-05T00:00:00+0000_16.7893
KRSNWDP,Krishna at Wadenepally,Krishna,2026-08-05 01:00:00+00:00,16.74848472953942,NORMAL,18.45,19.84,23.07,16.7944,80.07247,KRSNWDP_2026-08-05T01:00:00+0000_16.7485
KRSNWDP,Krishna at Wadenepally,Krishna,2026-08-05 02:00:00+00:00,16.755530490971974,NORMAL,18.45,19.84,23.07,16.7944,80.07247,KRSNWDP_2026-08-05T02:00:00+0000_16.7555
KRSNWDP,Krishna at Wadenepally,Krishna,2026-08-05 03:00:00+00:00,16.682431270532323,NORMAL,18.45,19.84,23.07,16.7944,80.07247,KRSNWDP_2026-08-05T03:00:00+0000_16.6824
KRSNWDP,Krishna at Wadenepally,Krishna,2026-08-05 04:00:00+00:00,16.623455902581487,NORMAL,18.45,19.84,23.07,16.7944,80.07247,KRSNWDP_2026-08-05T04:00:00+0000_16.6235
KRSNWDP,Krishna at Wadenepally,Krishna,2026-08-05 05:00:00+00:00,16.584617235363154,NORMAL,18.45,19.84,23.07,16.7944,80.07247,KRSNWDP_2026-08-05T05:00:00+0000_16.5846
KRSNWDP,Krishna at Wadenepally,Krishna,2026-08-05 06:00:00+00:00,16.58222100260338,NORMAL,18.45,19.84,23.07,16.7944,80.07247,KRSNWDP_2026-08-05T06:00:00+0000_16.5822
KRSNWDP,Krishna at Wadenepally,Krishna,2026-08-05 07:00:00+00:00,16.542915949896447,NORMAL,18.45,19.84,23.07,16.7944,80.07247,KRSNWDP_2026-08-05T07:00:00+0000_16.5429
KRSNWDP,Krishna at Wadenepally,Krishna,2026-08-05 08:00:00+00:00,16.4845759146971,NORMAL,18.45,19.84,23.07,16.7944,80.07247,KRSNWDP_2026-08-05T08:00:00+0000_16.4846
KRSNWDP,Krishna at Wadenepally,Krishna,2026-08-05 09:00:00+00:00,16.400465705945148,NORMAL,18.45,19.84,23.07,16.7944,80.07247,KRSNWDP_2026-08-05T09:00:00+0000_16.4005
KRSNWDP,Krishna at Wadenepally,Krishna,2026-08-05 10:00:00+00:00,16.44947003351453,NORMAL,18.45,19.84,23.07,16.7944,80.07247,KRSNWDP_2026-08-05T10:00:00+0000_16.4495
KRSNWDP,Krishna at Wadenepally,Krishna,2026-08-05 11:00:00+00:00,16.450838366170498,NORMAL,18.45,19.84,23.07,16.7944,80.07247,KRSNWDP_2026-08-05T11:00:00+0000_16.4508
KRSNWDP,Krishna at Wadenepally,Krishna,2026-08-05 12:00:00+00:00,16.39178558800615,NORMAL,18.45,19.84,23.07,16.7944,80.07247,KRSNWDP_2026-08-05T12:00:00+0000_16.3918
KRSNWDP,Krishna at Wadenepally,Krishna,2026-08-05 13:00:00+00:00,16.431244691466585,NORMAL,18.45,19.84,23.07,16.7944,80.07247,KRSNWDP_2026-08-05T13:00:00+0000_16.4312
KRSNWDP,Krishna at Wadenepally,Krishna,2026-08-05 14:00:00+00:00,16.42294431058648,NORMAL,18.45,19.84,23.07,16.7944,80.07247,KRSNWDP_2026-08-05T14:00:00+0000_16.4229
KRSNWDP,Krishna at Wadenepally,Krishna,2026-08-05 15:00:00+00:00,16.49230296673035,NORMAL,18.45,19.84,23.07,16.7944,80.07247,KRSNWDP_2026-08-05T15:00:00+0000_16.4923
KRSNWDP,Krishna at Wadenepally,Krishna,2026-08-05 16:00:00+00:00,16.54738174154489,NORMAL,18.45,19.84,23.07,16.7944,80.07247,KRSNWDP_2026-08-05T16:00:00+0000_16.5474
KRSNWDP,Krishna at Wadenepally,Krishna,2026-08-05 17:00:00+00:00,16.535772134060586,NORMAL,18.45,19.84,23.07,16.7944,80.07247,KRSNWDP_2026-08-05T17:00:00+0000_16.5358
KRSNWDP,Krishna at Wadenepally,Krishna,2026-08-05 18:00:00+00:00,16.62012640980445,NORMAL,18.45,19.84,23.07,16.7944,80.07247,KRSNWDP_2026-08-05T18:00:00+0000_16.6201
KRSNWDP,Krishna at Wadenepally,Krishna,2026-08-05 19:00:00+00:00,16.69527627347977,NORMAL,18.45,19.84,23.07,16.7944,80.07247,KRSNWDP_2026-08-05T19:00:00+0000_16.6953
KRSNWDP,Krishna at Wadenepally,Krishna,2026-08-05 20:00:00+00:00,16.702998190627156,NORMAL,18.45,19.84,23.07,16.7944,80.07247,KRSNWDP_2026-08-05T20:00:00+0000_16.7030
KRSNWDP,Krishna at Wadenepally,Krishna,2026-08-05 21:00:00+00:00,16.70439154964103,NORMAL,18.45,19.84,23.07,16.7944,80.07247,KRSNWDP_2026-08-05T21:00:00+0000_16.7044
KRSNWDP,Krishna at Wadenepally,Krishna,2026-08-05 22:00:00+00:00,16.73768475035187,NORMAL,18.45,19.84,23.07,16.7944,80.07247,KRSNWDP_2026-08-05T22:00:00+0000_16.7377
KRSNWDP,Krishna at Wadenepally,Krishna,2026-08-05 23:00:00+00:00,16.811451162438537,NORMAL,18.45,19.84,23.07,16.7944,80.07247,KRSNWDP_2026-08-05T23:00:00+0000_16.8115
KRSNWDP,Krishna at Wadenepally,Krishna,2026-08-06 00:00:00+00:00,16.784951527071843,NORMAL,18.45,19.84,23.07,16.7944,80.07247,KRSNWDP_2026-08-06T00:00:00+0000_16.7850
KRSNWDP,Krishna at Wadenepally,Krishna,2026-08-06 01:00:00+00:00,16.76008206229162,NORMAL,18.45,19.84,23.07,16.7944,80.07247,KRSNWDP_2026-08-06T01:00:00+0000_16.7601
KRSNWDP,Krishna at Wadenepally,Krishna,2026-08-06 02:00:00+00:00,16.723521233178637,NORMAL,18.45,19.84,23.07,16.7944,80.07247,KRSNWDP_2026-08-06T02:00:00+0000_16.7235
KRSNWDP,Krishna at Wadenepally,Krishna,2026-08-06 03:00:00+00:00,16.709520443577475,NORMAL,18.45,19.84,23.07,16.7944,80.07247,KRSNWDP_2026-08-06T03:00:00+0000_16.7095
KRSNWDP,Krishna at Wadenepally,Krishna,2026-08-06 04:00:00+00:00,16.69545111353516,NORMAL,18.45,19.84,23.07,16.7944,80.07247,KRSNWDP_2026-08-06T04:00:00+0000_16.6955
KRSNWDP,Krishna at Wadenepally,Krishna,2026-08-06 05:00:00+00:00,16.653780778136834,NORMAL,18.45,19.84,23.07,16.7944,80.07247,KRSNWDP_2026-08-06T05:00:00+0000_16.6538
KRSNWDP,Krishna at Wadenepally,Krishna,2026-08-06 06:00:00+00:00,16.590675289504155,NORMAL,18.45,19.84,23.07,16.7944,80.07247,KRSNWDP_2026-08-06T06:00:00+0000_16.5907
KRSNWDP,Krishna at Wadenepally,Krishna,2026-08-06 07:00:00+00:00,16.544530301477018,NORMAL,18.45,19.84,23.07,16.7944,80.07247,KRSNWDP_2026-08-06T07:00:00+0000_16.5445
KRSNWDP,Krishna at Wadenepally,Krishna,2026-08-06 08:00:00+00:00,16.450531837668134,NORMAL,18.45,19.84,23.07,16.7944,80.07247,KRSNWDP_2026-08-06T08:00:00+0000_16.4505
KRSNWDP,Krishna at Wadenepally,Krishna,2026-08-06 09:00:00+00:00,16.400859010513905,NORMAL,18.45,19.84,23.07,16.7944,80.07247,KRSNWDP_2026-08-06T09:00:00+0000_16.4009
KRSNWDP,Krishna at Wadenepally,Krishna,2026-08-06 10:00:00+00:00,16.439639543493367,NORMAL,18.45,19.84,23.07,16.7944,80.07247,KRSNWDP_2026-08-06T10:00:00+0000_16.4396
KRSNWDP,Krishna at Wadenepally,Krishna,2026-08-06 11:00:00+00:00,16.36121630081164,NORMAL,18.45,19.84,23.07,16.7944,80.07247,KRSNWDP_2026-08-06T11:00:00+0000_16.3612
KRSNWDP,Krishna at Wadenepally,Krishna,2026-08-06 12:00:00+00:00,16.366796504999424,NORMAL,18.45,19.84,23.07,16.7944,80.07247,KRSNWDP_2026-08-06T12:00:00+0000_16.3668
KRSNWDP,Krishna at Wadenepally,Krishna,2026-08-06 13:00:00+00:00,16.409716866233396,NORMAL,18.45,19.84,23.07,16.7944,80.07247,KRSNWDP_2026-08-06T13:00:00+0000_16.4097
KRSNWDP,Krishna at Wadenepally,Krishna,2026-08-06 14:00:00+00:00,16.419592452848523,NORMAL,18.45,19.84,23.07,16.7944,80.07247,KRSNWDP_2026-08-06T14:00:00+0000_16.4196
KRSNWDP,Krishna at Wadenepally,Krishna,2026-08-06 15:00:00+00:00,16.477596861014614,NORMAL,18.45,19.84,23.07,16.7944,80.07247,KRSNWDP_2026-08-06T15:00:00+0000_16.4776
KRSNWDP,Krishna at Wadenepally,Krishna,2026-08-06 16:00:00+00:00,16.483569841678836,NORMAL,18.45,19.84,23.07,16.7944,80.07247,KRSNWDP_2026-08-06T16:00:00+0000_16.4836
KRSNWDP,Krishna at Wadenepally,Krishna,2026-08-06 17:00:00+00:00,16.58210961758919,NORMAL,18.45,19.84,23.07,16.7944,80.07247,KRSNWDP_2026-08-06T17:00:00+0000_16.5821
KRSNWDP,Krishna at Wadenepally,Krishna,2026-08-06 18:00:00+00:00,16.613215240630463,NORMAL,18.45,19.84,23.07,16.7944,80.07247,KRSNWDP_2026-08-06T18:00:00+0000_16.6132
KRSNWDP,Krishna at Wadenepally,Krishna,2026-08-06 19:00:00+00:00,16.660772972001364,NORMAL,18.45,19.84,23.07,16.7944,80.07247,KRSNWDP_2026-08-06T19:00:00+0000_16.6608
KRSNWDP,Krishna at Wadenepally,Krishna,2026-08-06 20:00:00+00:00,16.725421613595216,NORMAL,18.45,19.84,23.07,16.7944,80.07247,KRSNWDP_2026-08-06T20:00:00+0000_16.7254
KRSNWDP,Krishna at Wadenepally,Krishna,2026-08-06 21:00:00+00:00,16.783065100332617,NORMAL,18.45,19.84,23.07,16.7944,80.07247,KRSNWDP_2026-08-06T21:00:00+0000_16.7831
KRSNWDP,Krishna at Wadenepally,Krishna,2026-08-06 22:00:00+00:00,16.80136989650128,NORMAL,18.45,19.84,23.07,16.7944,80.07247,KRSNWDP_2026-08-06T22:00:00+0000_16.8014
KRSNWDP,Krishna at Wadenepally,Krishna,2026-08-06 23:00:00+00:00,16.749591468126884,NORMAL,18.45,19.84,23.07,16.7944,80.07247,KRSNWDP_2026-08-06T23:00:00+0000_16.7496
KRSNWDP,Krishna at Wadenepally,Krishna,2026-08-07 00:00:00+00:00,16.77002048457121,NORMAL,18.45,19.84,23.07,16.7944,80.07247,KRSNWDP_2026-08-07T00:00:00+0000_16.7700
KRSNWDP,Krishna at Wadenepally,Krishna,2026-08-07 01:00:00+00:00,16.798319552497716,NORMAL,18.45,19.84,23.07,16.7944,80.07247,KRSNWDP_2026-08-07T01:00:00+0000_16.7983
KRSNWDP,Krishna at Wadenepally,Krishna,2026-08-07 02:00:00+00:00,16.771511836454945,NORMAL,18.45,19.84,23.07,16.7944,80.07247,KRSNWDP_2026-08-07T02:00:00+0000_16.7715
KRSNWDP,Krishna at Wadenepally,Krishna,2026-08-07 03:00:00+00:00,16.66440941200556,NORMAL,18.45,19.84,23.07,16.7944,80.07247,KRSNWDP_2026-08-07T03:00:00+0000_16.6644
KRSNWDP,Krishna at Wadenepally,Krishna,2026-08-07 04:00:00+00:00,16.675941936454073,NORMAL,18.45,19.84,23.07,16.7944,80.07247,KRSNWDP_2026-08-07T04:00:00+0000_16.6759
KRSNWDP,Krishna at Wadenepally,Krishna,2026-08-07 05:00:00+00:00,16.62613577948354,NORMAL,18.45,19.84,23.07,16.7944,80.07247,KRSNWDP_2026-08-07T05:00:00+0000_16.6261
KRSNWDP,Krishna at Wadenepally,Krishna,2026-08-07 06:00:00+00:00,16.53088166404146,NORMAL,18.45,19.84,23.07,16.7944,80.07247,KRSNWDP_2026-08-07T06:00:00+0000_16.5309
KRSNWDP,Krishna at Wadenepally,Krishna,2026-08-07 07:00:00+00:00,16.54723170055558,NORMAL,18.45,19.84,23.07,16.7944,80.07247,KRSNWDP_2026-08-07T07:00:00+0000_16.5472
KRSNWDP,Krishna at Wadenepally,Krishna,2026-08-07 08:00:00+00:00,16.4912594888614,NORMAL,18.45,19.84,23.07,16.7944,80.07247,KRSNWDP_2026-08-07T08:00:00+0000_16.4913
KRSNWDP,Krishna at Wadenepally,Krishna,2026-08-07 09:00:00+00:00,16.462571197928334,NORMAL,18.45,19.84,23.07,16.7944,80.07247,KRSNWDP_2026-08-07T09:00:00+0000_16.4626
KRSNWDP,Krishna at Wadenepally,Krishna,2026-08-07 10:00:00+00:00,16.362087632262448,NORMAL,18.45,19.84,23.07,16.7944,80.07247,KRSNWDP_2026-08-07T10:00:00+0000_16.3621
KRSNWDP,Krishna at Wadenepally,Krishna,2026-08-07 11:00:00+00:00,16.352598577688873,NORMAL,18.45,19.84,23.07,16.7944,80.07247,KRSNWDP_2026-08-07T11:00:00+0000_16.3526
KRSNWDP,Krishna at Wadenepally,Krishna,2026-08-07 12:00:00+00:00,16.36275683165944,NORMAL,18.45,19.84,23.07,16.7944,80.07247,KRSNWDP_2026-08-07T12:00:00+0000_16.3628
KRSNWDP,Krishna at Wadenepally,Krishna,2026-08-07 13:00:00+00:00,16.433188198640917,NORMAL,18.45,19.84,23.07,16.7944,80.07247,KRSNWDP_2026-08-07T13:00:00+0000_16.4332
KRSNWDP,Krishna at Wadenepally,Krishna,2026-08-07 14:00:00+00:00,16.473961030354907,NORMAL,18.45,19.84,23.07,16.7944,80.07247,KRSNWDP_2026-08-07T14:00:00+0000_16.4740
KRSNWDP,Krishna at Wadenepally,Krishna,2026-08-07 15:00:00+00:00,16.477594903900986,NORMAL,18.45,19.84,23.07,16.7944,80.07247,KRSNWDP_2026-08-07T15:00:00+0000_16.4776
KRSNWDP,Krishna at Wadenepally,Krishna,2026-08-07 16:00:00+00:00,16.50137048730743,NORMAL,18.45,19.84,23.07,16.7944,80.07247,KRSNWDP_2026-08-07T16:00:00+0000_16.5014
KRSNWDP,Krishna at Wadenepally,Krishna,2026-08-07 17:00:00+00:00,16.565092499118403,NORMAL,18.45,19.84,23.07,16.7944,80.07247,KRSNWDP_2026-08-07T17:00:00+0000_16.5651
KRSNWDP,Krishna at Wadenepally,Krishna,2026-08-07 18:00:00+00:00,16.62245960312615,NORMAL,18.45,19.84,23.07,16.7944,80.07247,KRSNWDP_2026-08-07T18:00:00+0000_16.6225
KRSNWDP,Krishna at Wadenepally,Krishna,2026-08-07 19:00:00+00:00,16.65424277290777,NORMAL,18.45,19.84,23.07,16.7944,80.07247,KRSNWDP_2026-08-07T19:00:00+0000_16.6542
KRSNWDP,Krishna at Wadenepally,Krishna,2026-08-07 20:00:00+00:00,16.727139372049646,NORMAL,18.45,19.84,23.07,16.7944,80.07247,KRSNWDP_2026-08-07T20:00:00+0000_16.7271
KRSNWDP,Krishna at Wadenepally,Krishna,2026-08-07 21:00:00+00:00,16.713495663292406,NORMAL,18.45,19.84,23.07,16.7944,80.07247,KRSNWDP_2026-08-07T21:00:00+0000_16.7135
KRSNWDP,Krishna at Wadenepally,Krishna,2026-08-07 22:00:00+00:00,16.715516071277822,NORMAL,18.45,19.84,23.07,16.7944,80.07247,KRSNWDP_2026-08-07T22:00:00+0000_16.7155
KRSNWDP,Krishna at Wadenepally,Krishna,2026-08-07 23:00:00+00:00,16.77224328081483,NORMAL,18.45,19.84,23.07,16.7944,80.07247,KRSNWDP_2026-08-07T23:00:00+0000_16.7722
KRSNWDP,Krishna at Wadenepally,Krishna,2026-08-08 00:00:00+00:00,16.793235608513175,NORMAL,18.45,19.84,23.07,16.7944,80.07247,KRSNWDP_2026-08-08T00:00:00+0000_16.7932
KRSNWDP,Krishna at Wadenepally,Krishna,2026-08-08 01:00:00+00:00,16.770954910792227,NORMAL,18.45,19.84,23.07,16.7944,80.07247,KRSNWDP_2026-08-08T01:00:00+0000_16.7710
KRSNWDP,Krishna at Wadenepally,Krishna,2026-08-08 02:00:00+00:00,16.71902628160842,NORMAL,18.45,19.84,23.07,16.7944,80.07247,KRSNWDP_2026-08-08T02:00:00+0000_16.7190
KRSNWDP,Krishna at Wadenepally,Krishna,2026-08-08 03:00:00+00:00,16.661280728901634,NORMAL,18.45,19.84,23.07,16.7944,80.07247,KRSNWDP_2026-08-08T03:00:00+0000_16.6613
KRSNWDP,Krishna at Wadenepally,Krishna,2026-08-08 04:00:00+00:00,16.691381599230542,NORMAL,18.45,19.84,23.07,16.7944,80.07247,KRSNWDP_2026-08-08T04:00:00+0000_16.6914
KRSNWDP,Krishna at Wadenepally,Krishna,2026-08-08 05:00:00+00:00,16.60265104141328,NORMAL,18.45,19.84,23.07,16.7944,80.07247,KRSNWDP_2026-08-08T05:00:00+0000_16.6027
KRSNWDP,Krishna at Wadenepally,Krishna,2026-08-08 06:00:00+00:00,16.547889865336064,NORMAL,18.45,19.84,23.07,16.7944,80.07247,KRSNWDP_2026-08-08T06:00:00+0000_16.5479
KRSNWDP,Krishna at Wadenepally,Krishna,2026-08-08 07:00:00+00:00,16.537876488590882,NORMAL,18.45,19.84,23.07,16.7944,80.07247,KRSNWDP_2026-08-08T07:00:00+0000_16.5379
KRSNWDP,Krishna at Wadenepally,Krishna,2026-08-08 08:00:00+00:00,16.508257470704965,NORMAL,18.45,19.84,23.07,16.7944,80.07247,KRSNWDP_2026-08-08T08:00:00+0000_16.5083
KRSNWDP,Krishna at Wadenepally,Krishna,2026-08-08 09:00:00+00:00,16.460084292827087,NORMAL,18.45,19.84,23.07,16.7944,80.07247,KRSNWDP_2026-08-08T09:00:00+0000_16.4601
KRSNWDP,Krishna at Wadenepally,Krishna,2026-08-08 10:00:00+00:00,16.431590186854557,NORMAL,18.45,19.84,23.07,16.7944,80.07247,KRSNWDP_2026-08-08T10:00:00+0000_16.4316
KRSNWDP,Krishna at Wadenepally,Krishna,2026-08-08 11:00:00+00:00,16.37731075693166,NORMAL,18.45,19.84,23.07,16.7944,80.07247,KRSNWDP_2026-08-08T11:00:00+0000_16.3773
KRSNWDP,Krishna at Wadenepally,Krishna,2026-08-08 12:00:00+00:00,16.403768208925808,NORMAL,18.45,19.84,23.07,16.7944,80.07247,KRSNWDP_2026-08-08T12:00:00+0000_16.4038
KRSNWDP,Krishna at Wadenepally,Krishna,2026-08-08 13:00:00+00:00,16.398379338050812,NORMAL,18.45,19.84,23.07,16.7944,80.07247,KRSNWDP_2026-08-08T13:00:00+0000_16.3984
KRSNWDP,Krishna at Wadenepally,Krishna,2026-08-08 14:00:00+00:00,16.391580449005424,NORMAL,18.45,19.84,23.07,16.7944,80.07247,KRSNWDP_2026-08-08T14:00:00+0000_16.3916
KRSNWDP,Krishna at Wadenepally,Krishna,2026-08-08 15:00:00+00:00,16.46361759709657,NORMAL,18.45,19.84,23.07,16.7944,80.07247,KRSNWDP_2026-08-08T15:00:00+0000_16.4636
KRSNWDP,Krishna at Wadenepally,Krishna,2026-08-08 16:00:00+00:00,16.509758104883975,NORMAL,18.45,19.84,23.07,16.7944,80.07247,KRSNWDP_2026-08-08T16:00:00+0000_16.5098
KRSNWDP,Krishna at Wadenepally,Krishna,2026-08-08 17:00:00+00:00,16.58585554690544,NORMAL,18.45,19.84,23.07,16.7944,80.07247,KRSNWDP_2026-08-08T17:00:00+0000_16.5859
KRSNWDP,Krishna at Wadenepally,Krishna,2026-08-08 18:00:00+00:00,16.57020803642023,NORMAL,18.45,19.84,23.07,16.7944,80.07247,KRSNWDP_2026-08-08T18:00:00+0000_16.5702
KRSNWDP,Krishna at Wadenepally,Krishna,2026-08-08 19:00:00+00:00,16.698920963236944,NORMAL,18.45,19.84,23.07,16.7944,80.07247,KRSNWDP_2026-08-08T19:00:00+0000_16.6989
KRSNWDP,Krishna at Wadenepally,Krishna,2026-08-08 20:00:00+00:00,16.71372851400504,NORMAL,18.45,19.84,23.07,16.7944,80.07247,KRSNWDP_2026-08-08T20:00:00+0000_16.7137
KRSNWDP,Krishna at Wadenepally,Krishna,2026-08-08 21:00:00+00:00,16.757815699442506,NORMAL,18.45,19.84,23.07,16.7944,80.07247,KRSNWDP_2026-08-08T21:00:00+0000_16.7578
KRSNWDP,Krishna at Wadenepally,Krishna,2026-08-08 22:00:00+00:00,16.72368440152449,NORMAL,18.45,19.84,23.07,16.7944,80.07247,KRSNWDP_2026-08-08T22:00:00+0000_16.7237
KRSNWDP,Krishna at Wadenepally,Krishna,2026-08-08 23:00:00+00:00,16.71772115805688,NORMAL,18.45,19.84,23.07,16.7944,80.07247,KRSNWDP_2026-08-08T23:00:00+0000_16.7177
KRSNWDP,Krishna at Wadenepally,Krishna,2026-08-09 00:00:00+00:00,16.756664600242868,NORMAL,18.45,19.84,23.07,16.7944,80.07247,KRSNWDP_2026-08-09T00:00:00+0000_16.7567
KRSNWDP,Krishna at Wadenepally,Krishna,2026-08-09 01:00:00+00:00,16.756219631063153,NORMAL,18.45,19.84,23.07,16.7944,80.07247,KRSNWDP_2026-08-09T01:00:00+0000_16.7562
KRSNWDP,Krishna at Wadenepally,Krishna,2026-08-09 02:00:00+00:00,16.681421024697276,NORMAL,18.45,19.84,23.07,16.7944,80.07247,KRSNWDP_2026-08-09T02:00:00+0000_16.6814
KRSNWDP,Krishna at Wadenepally,Krishna,2026-08-09 03:00:00+00:00,16.73483158655359,NORMAL,18.45,19.84,23.07,16.7944,80.07247,KRSNWDP_2026-08-09T03:00:00+0000_16.7348
KRSNWDP,Krishna at Wadenepally,Krishna,2026-08-09 04:00:00+00:00,16.658811152572756,NORMAL,18.45,19.84,23.07,16.7944,80.07247,KRSNWDP_2026-08-09T04:00:00+0000_16.6588
KRSNWDP,Krishna at Wadenepally,Krishna,2026-08-09 05:00:00+00:00,16.62192166332696,NORMAL,18.45,19.84,23.07,16.7944,80.07247,KRSNWDP_2026-08-09T05:00:00+0000_16.6219
KRSNWDP,Krishna at Wadenepally,Krishna,2026-08-09 06:00:00+00:00,16.551325916170025,NORMAL,18.45,19.84,23.07,16.7944,80.07247,KRSNWDP_2026-08-09T06:00:00+0000_16.5513
KRSNWDP,Krishna at Wadenepally,Krishna,2026-08-09 07:00:00+00:00,16.51969355123034,NORMAL,18.45,19.84,23.07,16.7944,80.07247,KRSNWDP_2026-08-09T07:00:00+0000_16.5197
KRSNWDP,Krishna at Wadenepally,Krishna,2026-08-09 08:00:00+00:00,16.40720905237535,NORMAL,18.45,19.84,23.07,16.7944,80.07247,KRSNWDP_2026-08-09T08:00:00+0000_16.4072
KRSNWDP,Krishna at Wadenepally,Krishna,2026-08-09 09:00:00+00:00,16.449933152219046,NORMAL,18.45,19.84,23.07,16.7944,80.07247,KRSNWDP_2026-08-09T09:00:00+0000_16.4499
KRSNWDP,Krishna at Wadenepally,Krishna,2026-08-09 10:00:00+00:00,16.425421160596223,NORMAL,18.45,19.84,23.07,16.7944,80.07247,KRSNWDP_2026-08-09T10:00:00+0000_16.4254
KRSNWDP,Krishna at Wadenepally,Krishna,2026-08-09 11:00:00+00:00,16.36898188704055,NORMAL,18.45,19.84,23.07,16.7944,80.07247,KRSNWDP_2026-08-09T11:00:00+0000_16.3690
KRSNWDP,Krishna at Wadenepally,Krishna,2026-08-09 12:00:00+00:00,16.433188766983672,NORMAL,18.45,19.84,23.07,16.7944,80.07247,KRSNWDP_2026-08-09T12:00:00+0000_16.4332
KRSNWDP,Krishna at Wadenepally,Krishna,2026-08-09 13:00:00+00:00,16.380437723533735,NORMAL,18.45,19.84,23.07,16.7944,80.07247,KRSNWDP_2026-08-09T13:00:00+0000_16.3804
KRSNWDP,Krishna at Wadenepally,Krishna,2026-08-09 14:00:00+00:00,16.422027275118975,NORMAL,18.45,19.84,23.07,16.7944,80.07247,KRSNWDP_2026-08-09T14:00:00+0000_16.4220
KRSNWDP,Krishna at Wadenepally,Krishna,2026-08-09 15:00:00+00:00,16.422160180977528,NORMAL,18.45,19.84,23.07,16.7944,80.07247,KRSNWDP_2026-08-09T15:00:00+0000_16.4222
KRSNWDP,Krishna at Wadenepally,Krishna,2026-08-09 16:00:00+00:00,16.54085315952744,NORMAL,18.45,19.84,23.07,16.7944,80.07247,KRSNWDP_2026-08-09T16:00:00+0000_16.5409
KRSNWDP,Krishna at Wadenepally,Krishna,2026-08-09 17:00:00+00:00,16.56953409468805,NORMAL,18.45,19.84,23.07,16.7944,80.07247,KRSNWDP_2026-08-09T17:00:00+0000_16.5695
KRSNWDP,Krishna at Wadenepally,Krishna,2026-08-09 18:00:00+00:00,16.594954932679126,NORMAL,18.45,19.84,23.07,16.7944,80.07247,KRSNWDP_2026-08-09T18:00:00+0000_16.5950
KRSNWDP,Krishna at Wadenepally,Krishna,2026-08-09 19:00:00+00:00,16.606292433694406,NORMAL,18.45,19.84,23.07,16.7944,80.07247,KRSNWDP_2026-08-09T19:00:00+0000_16.6063
KRSNWDP,Krishna at Wadenepally,Krishna,2026-08-09 20:00:00+00:00,16.667218830604416,NORMAL,18.45,19.84,23.07,16.7944,80.07247,KRSNWDP_2026-08-09T20:00:00+0000_16.6672
KRSNWDP,Krishna at Wadenepally,Krishna,2026-08-09 21:00:00+00:00,16.689226186162497,NORMAL,18.45,19.84,23.07,16.7944,80.07247,KRSNWDP_2026-08-09T21:00:00+0000_16.6892
KRSNWDP,Krishna at Wadenepally,Krishna,2026-08-09 22:00:00+00:00,16.757758414981218,NORMAL,18.45,19.84,23.07,16.7944,80.07247,KRSNWDP_2026-08-09T22:00:00+0000_16.7578
KRSNWDP,Krishna at Wadenepally,Krishna,2026-08-09 23:00:00+00:00,16.727745125486884,NORMAL,18.45,19.84,23.07,16.7944,80.07247,KRSNWDP_2026-08-09T23:00:00+0000_16.7277
KRSNWDP,Krishna at Wadenepally,Krishna,2026-08-10 00:00:00+00:00,,,18.45,19.84,23.07,16.7944,80.07247,KRSNWDP_2026-08-10T00:00:00+0000_
KRSNWDP,Krishna at Wadenepally,Krishna,2026-08-10 01:00:00+00:00,16.762682025008417,NORMAL,18.45,19.84,23.07,16.7944,80.07247,KRSNWDP_2026-08-10T01:00:00+0000_16.7627
KRSNWDP,Krishna at Wadenepally,Krishna,2026-08-10 02:00:00+00:00,16.68943084024625,NORMAL,18.45,19.84,23.07,16.7944,80.07247,KRSNWDP_2026-08-10T02:00:00+0000_16.6894
KRSNWDP,Krishna at Wadenepally,Krishna,2026-08-10 03:00:00+00:00,16.678666428556294,NORMAL,18.45,19.84,23.07,16.7944,80.07247,KRSNWDP_2026-08-10T03:00:00+0000_16.6787
KRSNWDP,Krishna at Wadenepally,Krishna,2026-08-10 04:00:00+00:00,16.629438748148694,NORMAL,18.45,19.84,23.07,16.7944,80.07247,KRSNWDP_2026-08-10T04:00:00+0000_16.6294
KRSNWDP,Krishna at Wadenepally,Krishna,2026-08-10 05:00:00+00:00,16.572825099897308,NORMAL,18.45,19.84,23.07,16.7944,80.07247,KRSNWDP_2026-08-10T05:00:00+0000_16.5728
KRSNWDP,Krishna at Wadenepally,Krishna,2026-08-10 06:00:00+00:00,16.52710588440396,NORMAL,18.45,19.84,23.07,16.7944,80.07247,KRSNWDP_2026-08-10T06:00:00+0000_16.5271
KRSNWDP,Krishna at Wadenepally,Krishna,2026-08-10 07:00:00+00:00,16.4638417248923,NORMAL,18.45,19.84,23.07,16.7944,80.07247,KRSNWDP_2026-08-10T07:00:00+0000_16.4638
KRSNWDP,Krishna at Wadenepally,Krishna,2026-08-10 08:00:00+00:00,16.465533927099603,NORMAL,18.45,19.84,23.07,16.7944,80.07247,KRSNWDP_2026-08-10T08:00:00+0000_16.4655
KRSNWDP,Krishna at Wadenepally,Krishna,2026-08-10 09:00:00+00:00,16.441558811720753,NORMAL,18.45,19.84,23.07,16.7944,80.07247,KRSNWDP_2026-08-10T09:00:00+0000_16.4416
KRSNWDP,Krishna at Wadenepally,Krishna,2026-08-10 10:00:00+00:00,16.348252033886155,NORMAL,18.45,19.84,23.07,16.7944,80.07247,KRSNWDP_2026-08-10T10:00:00+0000_16.3483
KRSNWDP,Krishna at Wadenepally,Krishna,2026-08-10 11:00:00+00:00,16.422218414982428,NORMAL,18.45,19.84,23.07,16.7944,80.07247,KRSNWDP_2026-08-10T11:00:00+0000_16.4222
KRSNWDP,Krishna at Wadenepally,Krishna,2026-08-10 12:00:00+00:00,16.373934620162878,NORMAL,18.45,19.84,23.07,16.7944,80.07247,KRSNWDP_2026-08-10T12:00:00+0000_16.3739
KRSNWDP,Krishna at Wadenepally,Krishna,2026-08-10 13:00:00+00:00,16.436639067138504,NORMAL,18.45,19.84,23.07,16.7944,80.07247,KRSNWDP_2026-08-10T13:00:00+0000_16.4366
KRSNWDP,Krishna at Wadenepally,Krishna,2026-08-10 14:00:00+00:00,16.388305598657254,NORMAL,18.45,19.84,23.07,16.7944,80.07247,KRSNWDP_2026-08-10T14:00:00+0000_16.3883
KRSNWDP,Krishna at Wadenepally,Krishna,2026-08-10 15:00:00+00:00,16.446122601845186,NORMAL,18.45,19.84,23.07,16.7944,80.07247,KRSNWDP_2026-08-10T15:00:00+0000_16.4461
KRSNWDP,Krishna at Wadenepally,Krishna,2026-08-10 16:00:00+00:00,16.49941640433539,NORMAL,18.45,19.84,23.07,16.7944,80.07247,KRSNWDP_2026-08-10T16:00:00+0000_16.4994
KRSNWDP,Krishna at Wadenepally,Krishna,2026-08-10 17:00:00+00:00,16.501949424644142,NORMAL,18.45,19.84,23.07,16.7944,80.07247,KRSNWDP_2026-08-10T17:00:00+0000_16.5019
KRSNWDP,Krishna at Wadenepally,Krishna,2026-08-10 18:00:00+00:00,16.611905637966153,NORMAL,18.45,19.84,23.07,16.7944,80.07247,KRSNWDP_2026-08-10T18:00:00+0000_16.6119
KRSNWDP,Krishna at Wadenepally,Krishna,2026-08-10 19:00:00+00:00,16.680907849093327,NORMAL,18.45,19.84,23.07,16.7944,80.07247,KRSNWDP_2026-08-10T19:00:00+0000_16.6809
KRSNWDP,Krishna at Wadenepally,Krishna,2026-08-10 20:00:00+00:00,16.702925935614996,NORMAL,18.45,19.84,23.07,16.7944,80.07247,KRSNWDP_2026-08-10T20:00:00+0000_16.7029
KRSNWDP,Krishna at Wadenepally,Krishna,2026-08-10 21:00:00+00:00,16.716749458397995,NORMAL,18.45,19.84,23.07,16.7944,80.07247,KRSNWDP_2026-08-10T21:00:00+0000_16.7167
KRSNWDP,Krishna at Wadenepally,Krishna,2026-08-10 22:00:00+00:00,16.79469245585507,NORMAL,18.45,19.84,23.07,16.7944,80.07247,KRSNWDP_2026-08-10T22:00:00+0000_16.7947
KRSNWDP,Krishna at Wadenepally,Krishna,2026-08-10 23:00:00+00:00,16.784844349903906,NORMAL,18.45,19.84,23.07,16.7944,80.07247,KRSNWDP_2026-08-10T23:00:00+0000_16.7848
KRSNWDP,Krishna at Wadenepally,Krishna,2026-08-11 00:00:00+00:00,16.762328900479236,NORMAL,18.45,19.84,23.07,16.7944,80.07247,KRSNWDP_2026-08-11T00:00:00+0000_16.7623
KRSNWDP,Krishna at Wadenepally,Krishna,2026-08-11 01:00:00+00:00,16.771752844114054,NORMAL,18.45,19.84,23.07,16.7944,80.07247,KRSNWDP_2026-08-11T01:00:00+0000_16.7718
KRSNWDP,Krishna at Wadenepally,Krishna,2026-08-11 02:00:00+00:00,16.710045284639897,NORMAL,18.45,19.84,23.07,16.7944,80.07247,KRSNWDP_2026-08-11T02:00:00+0000_16.7100
KRSNWDP,Krishna at Wadenepally,Krishna,2026-08-11 03:00:00+00:00,16.632023295207205,NORMAL,18.45,19.84,23.07,16.7944,80.07247,KRSNWDP_2026-08-11T03:00:00+0000_16.6320
KRSNWDP,Krishna at Wadenepally,Krishna,2026-08-11 04:00:00+00:00,16.641303200223515,NORMAL,18.45,19.84,23.07,16.7944,80.07247,KRSNWDP_2026-08-11T04:00:00+0000_16.6413
KRSNWDP,Krishna at Wadenepally,Krishna,2026-08-11 05:00:00+00:00,16.57143441629974,NORMAL,18.45,19.84,23.07,16.7944,80.07247,KRSNWDP_2026-08-11T05:00:00+0000_16.5714
KRSNWDP,Krishna at Wadenepally,Krishna,2026-08-11 06:00:00+00:00,16.504791745846298,NORMAL,18.45,19.84,23.07,16.7944,80.07247,KRSNWDP_2026-08-11T06:00:00+0000_16.5048
KRSNWDP,Krishna at Wadenepally,Krishna,2026-08-11 07:00:00+00:00,16.4717806475211,NORMAL,18.45,19.84,23.07,16.7944,80.07247,KRSNWDP_2026-08-11T07:00:00+0000_16.4718
KRSNWDP,Krishna at Wadenepally,Krishna,2026-08-11 08:00:00+00:00,16.451639399251526,NORMAL,18.45,19.84,23.07,16.7944,80.07247,KRSNWDP_2026-08-11T08:00:00+0000_16.4516
KRSNWDP,Krishna at Wadenepally,Krishna,2026-08-11 09:00:00+00:00,16.436262086707423,NORMAL,18.45,19.84,23.07,16.7944,80.07247,KRSNWDP_2026-08-11T09:00:00+0000_16.4363
KRSNWDP,Krishna at Wadenepally,Krishna,2026-08-11 10:00:00+00:00,16.392941072724916,NORMAL,18.45,19.84,23.07,16.7944,80.07247,KRSNWDP_2026-08-11T10:00:00+0000_16.3929
KRSNWDP,Krishna at Wadenepally,Krishna,2026-08-11 11:00:00+00:00,16.39599067167221,NORMAL,18.45,19.84,23.07,16.7944,80.07247,KRSNWDP_2026-08-11T11:00:00+0000_16.3960
KRSNWDP,Krishna at Wadenepally,Krishna,2026-08-11 12:00:00+00:00,16.396681313036154,NORMAL,18.45,19.84,23.07,16.7944,80.07247,KRSNWDP_2026-08-11T12:00:00+0000_16.3967
KRSNWDP,Krishna at Wadenepally,Krishna,2026-08-11 13:00:00+00:00,16.403333432833325,NORMAL,18.45,19.84,23.07,16.7944,80.07247,KRSNWDP_2026-08-11T13:00:00+0000_16.4033
KRSNWDP,Krishna at Wadenepally,Krishna,2026-08-11 14:00:00+00:00,16.369276359712313,NORMAL,18.45,19.84,23.07,16.7944,80.07247,KRSNWDP_2026-08-11T14:00:00+0000_16.3693
KRSNWDP,Krishna at Wadenepally,Krishna,2026-08-11 15:00:00+00:00,16.428992564584682,NORMAL,18.45,19.84,23.07,16.7944,80.07247,KRSNWDP_2026-08-11T15:00:00+0000_16.4290
KRSNWDP,Krishna at Wadenepally,Krishna,2026-08-11 16:00:00+00:00,16.492143190062873,NORMAL,18.45,19.84,23.07,16.7944,80.07247,KRSNWDP_2026-08-11T16:00:00+0000_16.4921
KRSNWDP,Krishna at Wadenepally,Krishna,2026-08-11 17:00:00+00:00,16.519432444780886,NORMAL,18.45,19.84,23.07,16.7944,80.07247,KRSNWDP_2026-08-11T17:00:00+0000_16.5194
KRSNWDP,Krishna at Wadenepally,Krishna,2026-08-11 18:00:00+00:00,16.5721054903735,NORMAL,18.45,19.84,23.07,16.7944,80.07247,KRSNWDP_2026-08-11T18:00:00+0000_16.5721
KRSNWDP,Krishna at Wadenepally,Krishna,2026-08-11 19:00:00+00:00,16.592206062280262,NORMAL,18.45,19.84,23.07,16.7944,80.07247,KRSNWDP_2026-08-11T19:00:00+0000_16.5922
KRSNWDP,Krishna at Wadenepally,Krishna,2026-08-11 20:00:00+00:00,16.72874268251763,NORMAL,18.45,19.84,23.07,16.7944,80.07247,KRSNWDP_2026-08-11T20:00:00+0000_16.7287
KRSNWDP,Krishna at Wadenepally,Krishna,2026-08-11 21:00:00+00:00,16.680538030906238,NORMAL,18.45,19.84,23.07,16.7944,80.07247,KRSNWDP_2026-08-11T21:00:00+0000_16.6805
KRSNWDP,Krishna at Wadenepally,Krishna,2026-08-11 22:00:00+00:00,16.717426454314733,NORMAL,18.45,19.84,23.07,16.7944,80.07247,KRSNWDP_2026-08-11T22:00:00+0000_16.7174
KRSNWDP,Krishna at Wadenepally,Krishna,2026-08-11 23:00:00+00:00,16.790905103468827,NORMAL,18.45,19.84,23.07,16.7944,80.07247,KRSNWDP_2026-08-11T23:00:00+0000_16.7909
KRSNWDP,Krishna at Wadenepally,Krishna,2026-08-12 00:00:00+00:00,16.70392458940615,NORMAL,18.45,19.84,23.07,16.7944,80.07247,KRSNWDP_2026-08-12T00:00:00+0000_16.7039
KRSNWDP,Krishna at Wadenepally,Krishna,2026-08-12 01:00:00+00:00,16.744112020485293,NORMAL,18.45,19.84,23.07,16.7944,80.07247,KRSNWDP_2026-08-12T01:00:00+0000_16.7441
KRSNWDP,Krishna at Wadenepally,Krishna,2026-08-12 02:00:00+00:00,16.705898347767363,NORMAL,18.45,19.84,23.07,16.7944,80.07247,KRSNWDP_2026-08-12T02:00:00+0000_16.7059
KRSNWDP,Krishna at Wadenepally,Krishna,2026-08-12 03:00:00+00:00,16.647861794600747,NORMAL,18.45,19.84,23.07,16.7944,80.07247,KRSNWDP_2026-08-12T03:00:00+0000_16.6479
KRSNWDP,Krishna at Wadenepally,Krishna,2026-08-12 04:00:00+00:00,16.611140951215802,NORMAL,18.45,19.84,23.07,16.7944,80.07247,KRSNWDP_2026-08-12T04:00:00+0000_16.6111
KRSNWDP,Krishna at Wadenepally,Krishna,2026-08-12 05:00:00+00:00,16.58047918734364,NORMAL,18.45,19.84,23.07,16.7944,80.07247,KRSNWDP_2026-08-12T05:00:00+0000_16.5805
KRSNWDP,Krishna at Wadenepally,Krishna,2026-08-12 06:00:00+00:00,16.49679165666789,NORMAL,18.45,19.84,23.07,16.7944,80.07247,KRSNWDP_2026-08-12T06:00:00+0000_16.4968
KRSNWDP,Krishna at Wadenepally,Krishna,2026-08-12 07:00:00+00:00,16.453846450140876,NORMAL,18.45,19.84,23.07,16.7944,80.07247,KRSNWDP_2026-08-12T07:00:00+0000_16.4538
KRSNWDP,Krishna at Wadenepally,Krishna,2026-08-12 08:00:00+00:00,16.403619063781893,NORMAL,18.45,19.84,23.07,16.7944,80.07247,KRSNWDP_2026-08-12T08:00:00+0000_16.4036
KRSNWDP,Krishna at Wadenepally,Krishna,2026-08-12 09:00:00+00:00,16.454000644242928,NORMAL,18.45,19.84,23.07,16.7944,80.07247,KRSNWDP_2026-08-12T09:00:00+0000_16.4540
KRSNWDP,Krishna at Wadenepally,Krishna,2026-08-12 10:00:00+00:00,16.375011057183446,NORMAL,18.45,19.84,23.07,16.7944,80.07247,KRSNWDP_2026-08-12T10:00:00+0000_16.3750
KRSNWDP,Krishna at Wadenepally,Krishna,2026-08-12 11:00:00+00:00,16.4149075248782,NORMAL,18.45,19.84,23.07,16.7944,80.07247,KRSNWDP_2026-08-12T11:00:00+0000_16.4149
KRSNWDP,Krishna at Wadenepally,Krishna,2026-08-12 12:00:00+00:00,16.40417176755236,NORMAL,18.45,19.84,23.07,16.7944,80.07247,KRSNWDP_2026-08-12T12:00:00+0000_16.4042
KRSNWDP,Krishna at Wadenepally,Krishna,2026-08-12 13:00:00+00:00,16.365426147696336,NORMAL,18.45,19.84,23.07,16.7944,80.07247,KRSNWDP_2026-08-12T13:00:00+0000_16.3654
KRSNWDP,Krishna at Wadenepally,Krishna,2026-08-12 14:00:00+00:00,16.386777713279272,NORMAL,18.45,19.84,23.07,16.7944,80.07247,KRSNWDP_2026-08-12T14:00:00+0000_16.3868
KRSNWDP,Krishna at Wadenepally,Krishna,2026-08-12 15:00:00+00:00,16.466276869118555,NORMAL,18.45,19.84,23.07,16.7944,80.07247,KRSNWDP_2026-08-12T15:00:00+0000_16.4663
KRSNWDP,Krishna at Wadenepally,Krishna,2026-08-12 16:00:00+00:00,16.473337973447038,NORMAL,18.45,19.84,23.07,16.7944,80.07247,KRSNWDP_2026-08-12T16:00:00+0000_16.4733
KRSNWDP,Krishna at Wadenepally,Krishna,2026-08-12 17:00:00+00:00,16.574163825671608,NORMAL,18.45,19.84,23.07,16.7944,80.07247,KRSNWDP_2026-08-12T17:00:00+0000_16.5742
KRSNWDP,Krishna at Wadenepally,Krishna,2026-08-12 18:00:00+00:00,16.63367164325278,NORMAL,18.45,19.84,23.07,16.7944,80.07247,KRSNWDP_2026-08-12T18:00:00+0000_16.6337
KRSNWDP,Krishna at Wadenepally,Krishna,2026-08-12 19:00:00+00:00,16.60979212174555,NORMAL,18.45,19.84,23.07,16.7944,80.07247,KRSNWDP_2026-08-12T19:00:00+0000_16.6098
KRSNWDP,Krishna at Wadenepally,Krishna,2026-08-12 20:00:00+00:00,16.68116064938352,NORMAL,18.45,19.84,23.07,16.7944,80.07247,KRSNWDP_2026-08-12T20:00:00+0000_16.6812
KRSNWDP,Krishna at Wadenepally,Krishna,2026-08-12 21:00:00+00:00,16.687943524915866,NORMAL,18.45,19.84,23.07,16.7944,80.07247,KRSNWDP_2026-08-12T21:00:00+0000_16.6879
KRSNWDP,Krishna at Wadenepally,Krishna,2026-08-12 22:00:00+00:00,16.711388550224555,NORMAL,18.45,19.84,23.07,16.7944,80.07247,KRSNWDP_2026-08-12T22:00:00+0000_16.7114
KRSNWDP,Krishna at Wadenepally,Krishna,2026-08-12 23:00:00+00:00,16.76725511965139,NORMAL,18.45,19.84,23.07,16.7944,80.07247,KRSNWDP_2026-08-12T23:00:00+0000_16.7673
KRSNWDP,Krishna at Wadenepally,Krishna,2026-08-13 00:00:00+00:00,16.731776668437735,NORMAL,18.45,19.84,23.07,16.7944,80.07247,KRSNWDP_2026-08-13T00:00:00+0000_16.7318
KRSNWDP,Krishna at Wadenepally,Krishna,2026-08-13 01:00:00+00:00,16.727738385859606,NORMAL,18.45,19.84,23.07,16.7944,80.07247,KRSNWDP_2026-08-13T01:00:00+0000_16.7277
KRSNWDP,Krishna at Wadenepally,Krishna,2026-08-13 02:00:00+00:00,16.696219966037965,NORMAL,18.45,19.84,23.07,16.7944,80.07247,KRSNWDP_2026-08-13T02:00:00+0000_16.6962
KRSNWDP,Krishna at Wadenepally,Krishna,2026-08-13 03:00:00+00:00,16.67735345244424,NORMAL,18.45,19.84,23.07,16.7944,80.07247,KRSNWDP_2026-08-13T03:00:00+0000_16.6774
KRSNWDP,Krishna at Wadenepally,Krishna,2026-08-13 04:00:00+00:00,16.639836766822015,NORMAL,18.45,19.84,23.07,16.7944,80.07247,KRSNWDP_2026-08-13T04:00:00+0000_16.6398
KRSNWDP,Krishna at Wadenepally,Krishna,2026-08-13 05:00:00+00:00,16.576643481876744,NORMAL,18.45,19.84,23.07,16.7944,80.07247,KRSNWDP_2026-08-13T05:00:00+0000_16.5766
KRSNWDP,Krishna at Wadenepally,Krishna,2026-08-13 06:00:00+00:00,16.499745181524993,NORMAL,18.45,19.84,23.07,16.7944,80.07247,KRSNWDP_2026-08-13T06:00:00+0000_16.4997
KRSNWDP,Krishna at Wadenepally,Krishna,2026-08-13 07:00:00+00:00,16.524981800776082,NORMAL,18.45,19.84,23.07,16.7944,80.07247,KRSNWDP_2026-08-13T07:00:00+0000_16.5250
KRSNWDP,Krishna at Wadenepally,Krishna,2026-08-13 08:00:00+00:00,16.441966856994352,NORMAL,18.45,19.84,23.07,16.7944,80.07247,KRSNWDP_2026-08-13T08:00:00+0000_16.4420
KRSNWDP,Krishna at Wadenepally,Krishna,2026-08-13 09:00:00+00:00,16.436823130304905,NORMAL,18.45,19.84,23.07,16.7944,80.07247,KRSNWDP_2026-08-13T09:00:00+0000_16.4368
KRSNWDP,Krishna at Wadenepally,Krishna,2026-08-13 10:00:00+00:00,16.40299611739061,NORMAL,18.45,19.84,23.07,16.7944,80.07247,KRSNWDP_2026-08-13T10:00:00+0000_16.4030
KRSNWDP,Krishna at Wadenepally,Krishna,2026-08-13 11:00:00+00:00,16.40571964632747,NORMAL,18.45,19.84,23.07,16.7944,80.07247,KRSNWDP_2026-08-13T11:00:00+0000_16.4057
KRSNWDP,Krishna at Wadenepally,Krishna,2026-08-13 12:00:00+00:00,16.368495554351586,NORMAL,18.45,19.84,23.07,16.7944,80.07247,KRSNWDP_2026-08-13T12:00:00+0000_16.3685
KRSNWDP,Krishna at Wadenepally,Krishna,2026-08-13 13:00:00+00:00,16.345620387962004,NORMAL,18.45,19.84,23.07,16.7944,80.07247,KRSNWDP_2026-08-13T13:00:00+0000_16.3456
KRSNWDP,Krishna at Wadenepally,Krishna,2026-08-13 14:00:00+00:00,16.42093072310473,NORMAL,18.45,19.84,23.07,16.7944,80.07247,KRSNWDP_2026-08-13T14:00:00+0000_16.4209
KRSNWDP,Krishna at Wadenepally,Krishna,2026-08-13 15:00:00+00:00,16.428148150600983,NORMAL,18.45,19.84,23.07,16.7944,80.07247,KRSNWDP_2026-08-13T15:00:00+0000_16.4281
KRSNWDP,Krishna at Wadenepally,Krishna,2026-08-13 16:00:00+00:00,16.53011956411152,NORMAL,18.45,19.84,23.07,16.7944,80.07247,KRSNWDP_2026-08-13T16:00:00+0000_16.5301
KRSNWDP,Krishna at Wadenepally,Krishna,2026-08-13 17:00:00+00:00,16.49141940538841,NORMAL,18.45,19.84,23.07,16.7944,80.07247,KRSNWDP_2026-08-13T17:00:00+0000_16.4914
KRSNWDP,Krishna at Wadenepally,Krishna,2026-08-13 18:00:00+00:00,16.60260195923126,NORMAL,18.45,19.84,23.07,16.7944,80.07247,KRSNWDP_2026-08-13T18:00:00+0000_16.6026
KRSNWDP,Krishna at Wadenepally,Krishna,2026-08-13 19:00:00+00:00,16.654642567863842,NORMAL,18.45,19.84,23.07,16.7944,80.07247,KRSNWDP_2026-08-13T19:00:00+0000_16.6546
KRSNWDP,Krishna at Wadenepally,Krishna,2026-08-13 20:00:00+00:00,16.62473471971104,NORMAL,18.45,19.84,23.07,16.7944,80.07247,KRSNWDP_2026-08-13T20:00:00+0000_16.6247
KRSNWDP,Krishna at Wadenepally,Krishna,2026-08-13 21:00:00+00:00,16.665417063214363,NORMAL,18.45,19.84,23.07,16.7944,80.07247,KRSNWDP_2026-08-13T21:00:00+0000_16.6654
KRSNWDP,Krishna at Wadenepally,Krishna,2026-08-13 22:00:00+00:00,,,18.45,19.84,23.07,16.7944,80.07247,KRSNWDP_2026-08-13T22:00:00+0000_
KRSNWDP,Krishna at Wadenepally,Krishna,2026-08-13 23:00:00+00:00,16.744691947123343,NORMAL,18.45,19.84,23.07,16.7944,80.07247,KRSNWDP_2026-08-13T23:00:00+0000_16.7447
KRSNWDP,Krishna at Wadenepally,Krishna,2026-08-14 00:00:00+00:00,,,18.45,19.84,23.07,16.7944,80.07247,KRSNWDP_2026-08-14T00:00:00+0000_
KRSNWDP,Krishna at Wadenepally,Krishna,2026-08-14 01:00:00+00:00,16.756480371358585,NORMAL,18.45,19.84,23.07,16.7944,80.07247,KRSNWDP_2026-08-14T01:00:00+0000_16.7565
KRSNWDP,Krishna at Wadenepally,Krishna,2026-08-14 02:00:00+00:00,16.735942943424444,NORMAL,18.45,19.84,23.07,16.7944,80.07247,KRSNWDP_2026-08-14T02:00:00+0000_16.7359
KRSNWDP,Krishna at Wadenepally,Krishna,2026-08-14 03:00:00+00:00,16.69406084531579,NORMAL,18.45,19.84,23.07,16.7944,80.07247,KRSNWDP_2026-08-14T03:00:00+0000_16.6941
KRSNWDP,Krishna at Wadenepally,Krishna,2026-08-14 04:00:00+00:00,16.639159654100823,NORMAL,18.45,19.84,23.07,16.7944,80.07247,KRSNWDP_2026-08-14T04:00:00+0000_16.6392
KRSNWDP,Krishna at Wadenepally,Krishna,2026-08-14 05:00:00+00:00,16.58394154412187,NORMAL,18.45,19.84,23.07,16.7944,80.07247,KRSNWDP_2026-08-14T05:00:00+0000_16.5839
KRSNWDP,Krishna at Wadenepally,Krishna,2026-08-14 06:00:00+00:00,16.492149454624887,NORMAL,18.45,19.84,23.07,16.7944,80.07247,KRSNWDP_2026-08-14T06:00:00+0000_16.4921
KRSNWDP,Krishna at Wadenepally,Krishna,2026-08-14 07:00:00+00:00,16.501152422447475,NORMAL,18.45,19.84,23.07,16.7944,80.07247,KRSNWDP_2026-08-14T07:00:00+0000_16.5012
KRSNWDP,Krishna at Wadenepally,Krishna,2026-08-14 08:00:00+00:00,16.42772579133205,NORMAL,18.45,19.84,23.07,16.7944,80.07247,KRSNWDP_2026-08-14T08:00:00+0000_16.4277
KRSNWDP,Krishna at Wadenepally,Krishna,2026-08-14 09:00:00+00:00,16.36539574380119,NORMAL,18.45,19.84,23.07,16.7944,80.07247,KRSNWDP_2026-08-14T09:00:00+0000_16.3654
KRSNWDP,Krishna at Wadenepally,Krishna,2026-08-14 10:00:00+00:00,16.335588063440667,NORMAL,18.45,19.84,23.07,16.7944,80.07247,KRSNWDP_2026-08-14T10:00:00+0000_16.3356
KRSNWDP,Krishna at Wadenepally,Krishna,2026-08-14 11:00:00+00:00,16.3291073387193,NORMAL,18.45,19.84,23.07,16.7944,80.07247,KRSNWDP_2026-08-14T11:00:00+0000_16.3291
KRSNWDP,Krishna at Wadenepally,Krishna,2026-08-14 12:00:00+00:00,16.37098057103875,NORMAL,18.45,19.84,23.07,16.7944,80.07247,KRSNWDP_2026-08-14T12:00:00+0000_16.3710
KRSNWDP,Krishna at Wadenepally,Krishna,2026-08-14 13:00:00+00:00,,,18.45,19.84,23.07,16.7944,80.07247,KRSNWDP_2026-08-14T13:00:00+0000_
KRSNWDP,Krishna at Wadenepally,Krishna,2026-08-14 14:00:00+00:00,16.36367637205598,NORMAL,18.45,19.84,23.07,16.7944,80.07247,KRSNWDP_2026-08-14T14:00:00+0000_16.3637
KRSNWDP,Krishna at Wadenepally,Krishna,2026-08-14 15:00:00+00:00,16.414155524062817,NORMAL,18.45,19.84,23.07,16.7944,80.07247,KRSNWDP_2026-08-14T15:00:00+0000_16.4142
KRSNWDP,Krishna at Wadenepally,Krishna,2026-08-14 16:00:00+00:00,16.528002141761757,NORMAL,18.45,19.84,23.07,16.7944,80.07247,KRSNWDP_2026-08-14T16:00:00+0000_16.5280
KRSNWDP,Krishna at Wadenepally,Krishna,2026-08-14 17:00:00+00:00,,,18.45,19.84,23.07,16.7944,80.07247,KRSNWDP_2026-08-14T17:00:00+0000_
KRSNWDP,Krishna at Wadenepally,Krishna,2026-08-14 18:00:00+00:00,16.60733975525561,NORMAL,18.45,19.84,23.07,16.7944,80.07247,KRSNWDP_2026-08-14T18:00:00+0000_16.6073
KRSNWDP,Krishna at Wadenepally,Krishna,2026-08-14 19:00:00+00:00,16.664301970149445,NORMAL,18.45,19.84,23.07,16.7944,80.07247,KRSNWDP_2026-08-14T19:00:00+0000_16.6643
KRSNWDP,Krishna at Wadenepally,Krishna,2026-08-14 20:00:00+00:00,,,18.45,19.84,23.07,16.7944,80.07247,KRSNWDP_2026-08-14T20:00:00+0000_
KRSNWDP,Krishna at Wadenepally,Krishna,2026-08-14 21:00:00+00:00,16.706486643730113,NORMAL,18.45,19.84,23.07,16.7944,80.07247,KRSNWDP_2026-08-14T21:00:00+0000_16.7065
KRSNWDP,Krishna at Wadenepally,Krishna,2026-08-14 22:00:00+00:00,16.719059258096966,NORMAL,18.45,19.84,23.07,16.7944,80.07247,KRSNWDP_2026-08-14T22:00:00+0000_16.7191
KRSNWDP,Krishna at Wadenepally,Krishna,2026-08-14 23:00:00+00:00,16.73647538206986,NORMAL,18.45,19.84,23.07,16.7944,80.07247,KRSNWDP_2026-08-14T23:00:00+0000_16.7365
KRSNWDP,Krishna at Wadenepally,Krishna,2026-08-15 00:00:00+00:00,16.766707688627868,NORMAL,18.45,19.84,23.07,16.7944,80.07247,KRSNWDP_2026-08-15T00:00:00+0000_16.7667
KRSNWDP,Krishna at Wadenepally,Krishna,2026-08-15 01:00:00+00:00,16.698699694173992,NORMAL,18.45,19.84,23.07,16.7944,80.07247,KRSNWDP_2026-08-15T01:00:00+0000_16.6987
KRSNWDP,Krishna at Wadenepally,Krishna,2026-08-15 02:00:00+00:00,16.707870745712516,NORMAL,18.45,19.84,23.07,16.7944,80.07247,KRSNWDP_2026-08-15T02:00:00+0000_16.7079
KRSNWDP,Krishna at Wadenepally,Krishna,2026-08-15 03:00:00+00:00,16.699248289210825,NORMAL,18.45,19.84,23.07,16.7944,80.07247,KRSNWDP_2026-08-15T03:00:00+0000_16.6992
KRSNWDP,Krishna at Wadenepally,Krishna,2026-08-15 04:00:00+00:00,16.573968012179627,NORMAL,18.45,19.84,23.07,16.7944,80.07247,KRSNWDP_2026-08-15T04:00:00+0000_16.5740
KRSNWDP,Krishna at Wadenepally,Krishna,2026-08-15 05:00:00+00:00,16.562662670849498,NORMAL,18.45,19.84,23.07,16.7944,80.07247,KRSNWDP_2026-08-15T05:00:00+0000_16.5627
KRSNWDP,Krishna at Wadenepally,Krishna,2026-08-15 06:00:00+00:00,16.501085885226892,NORMAL,18.45,19.84,23.07,16.7944,80.07247,KRSNWDP_2026-08-15T06:00:00+0000_16.5011
KRSNWDP,Krishna at Wadenepally,Krishna,2026-08-15 07:00:00+00:00,16.507676071505625,NORMAL,18.45,19.84,23.07,16.7944,80.07247,KRSNWDP_2026-08-15T07:00:00+0000_16.5077
KRSNWDP,Krishna at Wadenepally,Krishna,2026-08-15 08:00:00+00:00,16.39313525794471,NORMAL,18.45,19.84,23.07,16.7944,80.07247,KRSNWDP_2026-08-15T08:00:00+0000_16.3931
KRSNWDP,Krishna at Wadenepally,Krishna,2026-08-15 09:00:00+00:00,16.401965954724446,NORMAL,18.45,19.84,23.07,16.7944,80.07247,KRSNWDP_2026-08-15T09:00:00+0000_16.4020
KRSNWDP,Krishna at Wadenepally,Krishna,2026-08-15 10:00:00+00:00,16.32236954186306,NORMAL,18.45,19.84,23.07,16.7944,80.07247,KRSNWDP_2026-08-15T10:00:00+0000_16.3224
KRSNWDP,Krishna at Wadenepally,Krishna,2026-08-15 11:00:00+00:00,16.395757308309925,NORMAL,18.45,19.84,23.07,16.7944,80.07247,KRSNWDP_2026-08-15T11:00:00+0000_16.3958
KRSNWDP,Krishna at Wadenepally,Krishna,2026-08-15 12:00:00+00:00,16.328758893180183,NORMAL,18.45,19.84,23.07,16.7944,80.07247,KRSNWDP_2026-08-15T12:00:00+0000_16.3288
KRSNWDP,Krishna at Wadenepally,Krishna,2026-08-15 13:00:00+00:00,16.39163133714342,NORMAL,18.45,19.84,23.07,16.7944,80.07247,KRSNWDP_2026-08-15T13:00:00+0000_16.3916
KRSNWDP,Krishna at Wadenepally,Krishna,2026-08-15 14:00:00+00:00,16.37151451608377,NORMAL,18.45,19.84,23.07,16.7944,80.07247,KRSNWDP_2026-08-15T14:00:00+0000_16.3715
KRSNWDP,Krishna at Wadenepally,Krishna,2026-08-15 15:00:00+00:00,16.46602352756162,NORMAL,18.45,19.84,23.07,16.7944,80.07247,KRSNWDP_2026-08-15T15:00:00+0000_16.4660
KRSNWDP,Krishna at Wadenepally,Krishna,2026-08-15 16:00:00+00:00,16.496612883846694,NORMAL,18.45,19.84,23.07,16.7944,80.07247,KRSNWDP_2026-08-15T16:00:00+0000_16.4966
KRSNWDP,Krishna at Wadenepally,Krishna,2026-08-15 17:00:00+00:00,16.539390312246137,NORMAL,18.45,19.84,23.07,16.7944,80.07247,KRSNWDP_2026-08-15T17:00:00+0000_16.5394
KRSNWDP,Krishna at Wadenepally,Krishna,2026-08-15 18:00:00+00:00,16.568245605084282,NORMAL,18.45,19.84,23.07,16.7944,80.07247,KRSNWDP_2026-08-15T18:00:00+0000_16.5682
KRSNWDP,Krishna at Wadenepally,Krishna,2026-08-15 19:00:00+00:00,16.595925463449234,NORMAL,18.45,19.84,23.07,16.7944,80.07247,KRSNWDP_2026-08-15T19:00:00+0000_16.5959
KRSNWDP,Krishna at Wadenepally,Krishna,2026-08-15 20:00:00+00:00,16.622301341695103,NORMAL,18.45,19.84,23.07,16.7944,80.07247,KRSNWDP_2026-08-15T20:00:00+0000_16.6223
KRSNWDP,Krishna at Wadenepally,Krishna,2026-08-15 21:00:00+00:00,16.66353713338395,NORMAL,18.45,19.84,23.07,16.7944,80.07247,KRSNWDP_2026-08-15T21:00:00+0000_16.6635
KRSNWDP,Krishna at Wadenepally,Krishna,2026-08-15 22:00:00+00:00,16.760473808334268,NORMAL,18.45,19.84,23.07,16.7944,80.07247,KRSNWDP_2026-08-15T22:00:00+0000_16.7605
KRSNWDP,Krishna at Wadenepally,Krishna,2026-08-15 23:00:00+00:00,16.769919066761204,NORMAL,18.45,19.84,23.07,16.7944,80.07247,KRSNWDP_2026-08-15T23:00:00+0000_16.7699
KRSNWDP,Krishna at Wadenepally,Krishna,2026-08-16 00:00:00+00:00,16.770834033519947,NORMAL,18.45,19.84,23.07,16.7944,80.07247,KRSNWDP_2026-08-16T00:00:00+0000_16.7708
KRSNWDP,Krishna at Wadenepally,Krishna,2026-08-16 01:00:00+00:00,16.704807658360295,NORMAL,18.45,19.84,23.07,16.7944,80.07247,KRSNWDP_2026-08-16T01:00:00+0000_16.7048
KRSNWDP,Krishna at Wadenepally,Krishna,2026-08-16 02:00:00+00:00,16.7001264585639,NORMAL,18.45,19.84,23.07,16.7944,80.07247,KRSNWDP_2026-08-16T02:00:00+0000_16.7001
KRSNWDP,Krishna at Wadenepally,Krishna,2026-08-16 03:00:00+00:00,16.6704531633323,NORMAL,18.45,19.84,23.07,16.7944,80.07247,KRSNWDP_2026-08-16T03:00:00+0000_16.6705
KRSNWDP,Krishna at Wadenepally,Krishna,2026-08-16 04:00:00+00:00,16.565155583721175,NORMAL,18.45,19.84,23.07,16.7944,80.07247,KRSNWDP_2026-08-16T04:00:00+0000_16.5652
KRSNWDP,Krishna at Wadenepally,Krishna,2026-08-16 05:00:00+00:00,16.576694020361476,NORMAL,18.45,19.84,23.07,16.7944,80.07247,KRSNWDP_2026-08-16T05:00:00+0000_16.5767
KRSNWDP,Krishna at Wadenepally,Krishna,2026-08-16 06:00:00+00:00,16.486434040941386,NORMAL,18.45,19.84,23.07,16.7944,80.07247,KRSNWDP_2026-08-16T06:00:00+0000_16.4864
KRSNWDP,Krishna at Wadenepally,Krishna,2026-08-16 07:00:00+00:00,16.455538806229505,NORMAL,18.45,19.84,23.07,16.7944,80.07247,KRSNWDP_2026-08-16T07:00:00+0000_16.4555
KRSNWDP,Krishna at Wadenepally,Krishna,2026-08-16 08:00:00+00:00,16.436360067775965,NORMAL,18.45,19.84,23.07,16.7944,80.07247,KRSNWDP_2026-08-16T08:00:00+0000_16.4364
KRSNWDP,Krishna at Wadenepally,Krishna,2026-08-16 09:00:00+00:00,16.404716283390297,NORMAL,18.45,19.84,23.07,16.7944,80.07247,KRSNWDP_2026-08-16T09:00:00+0000_16.4047
KRSNWDP,Krishna at Wadenepally,Krishna,2026-08-16 10:00:00+00:00,16.39173650533604,NORMAL,18.45,19.84,23.07,16.7944,80.07247,KRSNWDP_2026-08-16T10:00:00+0000_16.3917
KRSNWDP,Krishna at Wadenepally,Krishna,2026-08-16 11:00:00+00:00,16.303842016749524,NORMAL,18.45,19.84,23.07,16.7944,80.07247,KRSNWDP_2026-08-16T11:00:00+0000_16.3038
KRSNWDP,Krishna at Wadenepally,Krishna,2026-08-16 12:00:00+00:00,16.338410322224068,NORMAL,18.45,19.84,23.07,16.7944,80.07247,KRSNWDP_2026-08-16T12:00:00+0000_16.3384
KRSNWDP,Krishna at Wadenepally,Krishna,2026-08-16 13:00:00+00:00,16.371766703449996,NORMAL,18.45,19.84,23.07,16.7944,80.07247,KRSNWDP_2026-08-16T13:00:00+0000_16.3718
KRSNWDP,Krishna at Wadenepally,Krishna,2026-08-16 14:00:00+00:00,16.434624089606768,NORMAL,18.45,19.84,23.07,16.7944,80.07247,KRSNWDP_2026-08-16T14:00:00+0000_16.4346
KRSNWDP,Krishna at Wadenepally,Krishna,2026-08-16 15:00:00+00:00,16.467148964228986,NORMAL,18.45,19.84,23.07,16.7944,80.07247,KRSNWDP_2026-08-16T15:00:00+0000_16.4671
KRSNWDP,Krishna at Wadenepally,Krishna,2026-08-16 16:00:00+00:00,16.464117128730486,NORMAL,18.45,19.84,23.07,16.7944,80.07247,KRSNWDP_2026-08-16T16:00:00+0000_16.4641
KRSNWDP,Krishna at Wadenepally,Krishna,2026-08-16 17:00:00+00:00,16.512376081609418,NORMAL,18.45,19.84,23.07,16.7944,80.07247,KRSNWDP_2026-08-16T17:00:00+0000_16.5124
KRSNWDP,Krishna at Wadenepally,Krishna,2026-08-16 18:00:00+00:00,16.596565073931142,NORMAL,18.45,19.84,23.07,16.7944,80.07247,KRSNWDP_2026-08-16T18:00:00+0000_16.5966
KRSNWDP,Krishna at Wadenepally,Krishna,2026-08-16 19:00:00+00:00,16.657951250863963,NORMAL,18.45,19.84,23.07,16.7944,80.07247,KRSNWDP_2026-08-16T19:00:00+0000_16.6580
KRSNWDP,Krishna at Wadenepally,Krishna,2026-08-16 20:00:00+00:00,16.61981787973706,NORMAL,18.45,19.84,23.07,16.7944,80.07247,KRSNWDP_2026-08-16T20:00:00+0000_16.6198
KRSNWDP,Krishna at Wadenepally,Krishna,2026-08-16 21:00:00+00:00,16.708934436018474,NORMAL,18.45,19.84,23.07,16.7944,80.07247,KRSNWDP_2026-08-16T21:00:00+0000_16.7089
KRSNWDP,Krishna at Wadenepally,Krishna,2026-08-16 22:00:00+00:00,16.754562299459824,NORMAL,18.45,19.84,23.07,16.7944,80.07247,KRSNWDP_2026-08-16T22:00:00+0000_16.7546
KRSNWDP,Krishna at Wadenepally,Krishna,2026-08-16 23:00:00+00:00,16.70306124086546,NORMAL,18.45,19.84,23.07,16.7944,80.07247,KRSNWDP_2026-08-16T23:00:00+0000_16.7031
KRSNWDP,Krishna at Wadenepally,Krishna,2026-08-17 00:00:00+00:00,16.74409928833937,NORMAL,18.45,19.84,23.07,16.7944,80.07247,KRSNWDP_2026-08-17T00:00:00+0000_16.7441
KRSNWDP,Krishna at Wadenepally,Krishna,2026-08-17 01:00:00+00:00,16.74987722698767,NORMAL,18.45,19.84,23.07,16.7944,80.07247,KRSNWDP_2026-08-17T01:00:00+0000_16.7499
KRSNWDP,Krishna at Wadenepally,Krishna,2026-08-17 02:00:00+00:00,16.63789176992717,NORMAL,18.45,19.84,23.07,16.7944,80.07247,KRSNWDP_2026-08-17T02:00:00+0000_16.6379
KRSNWDP,Krishna at Wadenepally,Krishna,2026-08-17 03:00:00+00:00,16.660504148557298,NORMAL,18.45,19.84,23.07,16.7944,80.07247,KRSNWDP_2026-08-17T03:00:00+0000_16.6605
KRSNWDP,Krishna at Wadenepally,Krishna,2026-08-17 04:00:00+00:00,16.60630798356691,NORMAL,18.45,19.84,23.07,16.7944,80.07247,KRSNWDP_2026-08-17T04:00:00+0000_16.6063
KRSNWDP,Krishna at Wadenepally,Krishna,2026-08-17 05:00:00+00:00,16.50897778550948,NORMAL,18.45,19.84,23.07,16.7944,80.07247,KRSNWDP_2026-08-17T05:00:00+0000_16.5090
KRSNWDP,Krishna at Wadenepally,Krishna,2026-08-17 06:00:00+00:00,16.526569065806946,NORMAL,18.45,19.84,23.07,16.7944,80.07247,KRSNWDP_2026-08-17T06:00:00+0000_16.5266
KRSNWDP,Krishna at Wadenepally,Krishna,2026-08-17 07:00:00+00:00,16.47264299962164,NORMAL,18.45,19.84,23.07,16.7944,80.07247,KRSNWDP_2026-08-17T07:00:00+0000_16.4726
KRSNWDP,Krishna at Wadenepally,Krishna,2026-08-17 08:00:00+00:00,16.382454291682823,NORMAL,18.45,19.84,23.07,16.7944,80.07247,KRSNWDP_2026-08-17T08:00:00+0000_16.3825
KRSNWDP,Krishna at Wadenepally,Krishna,2026-08-17 09:00:00+00:00,16.327749973303025,NORMAL,18.45,19.84,23.07,16.7944,80.07247,KRSNWDP_2026-08-17T09:00:00+0000_16.3277
KRSNWDP,Krishna at Wadenepally,Krishna,2026-08-17 10:00:00+00:00,16.392105326354677,NORMAL,18.45,19.84,23.07,16.7944,80.07247,KRSNWDP_2026-08-17T10:00:00+0000_16.3921
KRSNWDP,Krishna at Wadenepally,Krishna,2026-08-17 11:00:00+00:00,16.33339593720193,NORMAL,18.45,19.84,23.07,16.7944,80.07247,KRSNWDP_2026-08-17T11:00:00+0000_16.3334
KRSNWDP,Krishna at Wadenepally,Krishna,2026-08-17 12:00:00+00:00,16.373307988681642,NORMAL,18.45,19.84,23.07,16.7944,80.07247,KRSNWDP_2026-08-17T12:00:00+0000_16.3733
KRSNWDP,Krishna at Wadenepally,Krishna,2026-08-17 13:00:00+00:00,16.354655078992486,NORMAL,18.45,19.84,23.07,16.7944,80.07247,KRSNWDP_2026-08-17T13:00:00+0000_16.3547
KRSNWDP,Krishna at Wadenepally,Krishna,2026-08-17 14:00:00+00:00,16.347707605928022,NORMAL,18.45,19.84,23.07,16.7944,80.07247,KRSNWDP_2026-08-17T14:00:00+0000_16.3477
KRSNWDP,Krishna at Wadenepally,Krishna,2026-08-17 15:00:00+00:00,16.417628327932107,NORMAL,18.45,19.84,23.07,16.7944,80.07247,KRSNWDP_2026-08-17T15:00:00+0000_16.4176
KRSNWDP,Krishna at Wadenepally,Krishna,2026-08-17 16:00:00+00:00,16.505856615547938,NORMAL,18.45,19.84,23.07,16.7944,80.07247,KRSNWDP_2026-08-17T16:00:00+0000_16.5059
KRSNWDP,Krishna at Wadenepally,Krishna,2026-08-17 17:00:00+00:00,16.48949604711978,NORMAL,18.45,19.84,23.07,16.7944,80.07247,KRSNWDP_2026-08-17T17:00:00+0000_16.4895
KRSNWDP,Krishna at Wadenepally,Krishna,2026-08-17 18:00:00+00:00,16.510160350996934,NORMAL,18.45,19.84,23.07,16.7944,80.07247,KRSNWDP_2026-08-17T18:00:00+0000_16.5102
KRSNWDP,Krishna at Wadenepally,Krishna,2026-08-17 19:00:00+00:00,16.645238350236475,NORMAL,18.45,19.84,23.07,16.7944,80.07247,KRSNWDP_2026-08-17T19:00:00+0000_16.6452
KRSNWDP,Krishna at Wadenepally,Krishna,2026-08-17 19:00:00+00:00,21.19523835023648,NORMAL,23.0,23.5,24.0,16.7944,80.07247,KRSNWDP_2026-08-17T19:00:00+0000_21.1952
KRSNWDP,Krishna at Wadenepally,Krishna,2026-08-17 20:00:00+00:00,21.22046676571211,NORMAL,23.0,23.5,24.0,16.7944,80.07247,KRSNWDP_2026-08-17T20:00:00+0000_21.2205
KRSNWDP,Krishna at Wadenepally,Krishna,2026-08-17 21:00:00+00:00,21.26145641270972,NORMAL,23.0,23.5,24.0,16.7944,80.07247,KRSNWDP_2026-08-17T21:00:00+0000_21.2615
KRSNWDP,Krishna at Wadenepally,Krishna,2026-08-17 22:00:00+00:00,21.21244942421545,NORMAL,23.0,23.5,24.0,16.7944,80.07247,KRSNWDP_2026-08-17T22:00:00+0000_21.2124
KRSNWDP,Krishna at Wadenepally,Krishna,2026-08-17 23:00:00+00:00,21.269820331302583,NORMAL,23.0,23.5,24.0,16.7944,80.07247,KRSNWDP_2026-08-17T23:00:00+0000_21.2698
KRSNWDP,Krishna at Wadenepally,Krishna,2026-08-18 00:00:00+00:00,21.30723026880331,NORMAL,23.0,23.5,24.0,16.7944,80.07247,KRSNWDP_2026-08-18T00:00:00+0000_21.3072
KRSNWDP,Krishna at Wadenepally,Krishna,2026-08-18 01:00:00+00:00,21.28812521581425,NORMAL,23.0,23.5,24.0,16.7944,80.07247,KRSNWDP_2026-08-18T01:00:00+0000_21.2881
KRSNWDP,Krishna at Wadenepally,Krishna,2026-08-18 02:00:00+00:00,21.265912957018895,NORMAL,23.0,23.5,24.0,16.7944,80.07247,KRSNWDP_2026-08-18T02:00:00+0000_21.2659
KRSNWDP,Krishna at Wadenepally,Krishna,2026-08-18 03:00:00+00:00,21.16286851384367,NORMAL,23.0,23.5,24.0,16.7944,80.07247,KRSNWDP_2026-08-18T03:00:00+0000_21.1629
KRSNWDP,Krishna at Wadenepally,Krishna,2026-08-18 04:00:00+00:00,21.12891155026269,NORMAL,23.0,23.5,24.0,16.7944,80.07247,KRSNWDP_2026-08-18T04:00:00+0000_21.1289
KRSNWDP,Krishna at Wadenepally,Krishna,2026-08-18 05:00:00+00:00,21.14449030737022,NORMAL,23.0,23.5,24.0,16.7944,80.07247,KRSNWDP_2026-08-18T05:00:00+0000_21.1445
KRSNWDP,Krishna at Wadenepally,Krishna,2026-08-18 06:00:00+00:00,20.998469155989845,NORMAL,23.0,23.5,24.0,16.7944,80.07247,KRSNWDP_2026-08-18T06:00:00+0000_20.9985
KRSNWDP,Krishna at Wadenepally,Krishna,2026-08-18 07:00:00+00:00,20.9928804868201,NORMAL,23.0,23.5,24.0,16.7944,80.07247,KRSNWDP_2026-08-18T07:00:00+0000_20.9929
KRSNWDP,Krishna at Wadenepally,Krishna,2026-08-18 08:00:00+00:00,20.943665706578017,NORMAL,23.0,23.5,24.0,16.7944,80.07247,KRSNWDP_2026-08-18T08:00:00+0000_20.9437
KRSNWDP,Krishna at Wadenepally,Krishna,2026-08-18 09:00:00+00:00,20.902027733793847,NORMAL,23.0,23.5,24.0,16.7944,80.07247,KRSNWDP_2026-08-18T09:00:00+0000_20.9020
KRSNWDP,Krishna at Wadenepally,Krishna,2026-08-18 10:00:00+00:00,20.940070125627372,NORMAL,23.0,23.5,24.0,16.7944,80.07247,KRSNWDP_2026-08-18T10:00:00+0000_20.9401
