station_code,station_name,basin_name,timestamp,water_level,flood_status,warning_level,danger_level,high_flood_level,latitude,longitude,dedup_key
YMNCKT,Yamuna at Chitrakoot,Yamuna Basin,2026-01-01 00:00:00+00:00,133.56539050264274,NORMAL,136.0,137.0,138.0,25.14133,80.85446,YMNCKT_2026-01-01T00:00:00+0000_133.5654
YMNCKT,Yamuna at Chitrakoot,Yamuna Basin,2026-01-01 01:00:00+00:00,133.46488254101564,NORMAL,136.0,137.0,138.0,25.14133,80.85446,YMNCKT_2026-01-01T01:00:00+0000_133.4649
YMNCKT,Yamuna at Chitrakoot,Yamuna Basin,2026-01-01 02:00:00+00:00,133.39057757372584,NORMAL,136.0,137.0,138.0,25.14133,80.85446,YMNCKT_2026-01-01T02:00:00+0000_133.3906
YMNCKT,Yamuna at Chitrakoot,Yamuna Basin,2026-01-01 03:00:00+00:00,133.34944290936048,NORMAL,136.0,137.0,138.0,25.14133,80.85446,YMNCKT_2026-01-01T03:00:00+0000_133.3494
YMNCKT,Yamuna at Chitrakoot,Yamuna Basin,2026-01-01 04:00:00+00:00,133.33116952710844,NORMAL,136.0,137.0,138.0,25.14133,80.85446,YMNCKT_2026-01-01T04:00:00+0000_133.3312
YMNCKT,Yamuna at Chitrakoot,Yamuna Basin,2026-01-01 05:00:00+00:00,133.29666580250404,NORMAL,136.0,137.0,138.0,25.14133,80.85446,YMNCKT_2026-01-01T05:00:00+0000_133.2967
YMNCKT,Yamuna at Chitrakoot,Yamuna Basin,2026-01-01 06:00:00+00:00,133.25261121751478,NORMAL,136.0,137.0,138.0,25.14133,80.85446,YMNCKT_2026-01-01T06:00:00+0000_133.2526
YMNCKT,Yamuna at Chitrakoot,Yamuna Basin,2026-01-01 07:00:00+00:00,133.2599951927523,NORMAL,136.0,137.0,138.0,25.14133,80.85446,YMNCKT_2026-01-01T07:00:00+0000_133.2600
YMNCKT,Yamuna at Chitrakoot,Yamuna Basin,2026-01-01 08:00:00+00:00,133.30333871187304,NORMAL,136.0,137.0,138.0,25.14133,80.85446,YMNCKT_2026-01-01T08:00:00+0000_133.3033
YMNCKT,Yamuna at Chitrakoot,Yamuna Basin,2026-01-01 09:00:00+00:00,133.32608559878767,NORMAL,136.0,137.0,138.0,25.14133,80.85446,YMNCKT_2026-01-01T09:00:00+0000_133.3261
YMNCKT,Yamuna at Chitrakoot,Yamuna Basin,2026-01-01 10:00:00+00:00,133.299411465948,NORMAL,136.0,137.0,138.0,25.14133,80.85446,YMNCKT_2026-01-01T10:00:00+0000_133.2994
YMNCKT,Yamuna at Chitrakoot,Yamuna Basin,2026-01-01 11:00:00+00:00,133.4022585877565,NORMAL,136.0,137.0,138.0,25.14133,80.85446,YMNCKT_2026-01-01T11:00:00+0000_133.4023
YMNCKT,Yamuna at Chitrakoot,Yamuna Basin,2026-01-01 12:00:00+00:00,133.4167362577061,NORMAL,136.0,137.0,138.0,25.14133,80.85446,YMNCKT_2026-01-01T12:00:00+0000_133.4167
YMNCKT,Yamuna at Chitrakoot,Yamuna Basin,2026-01-01 13:00:00+00:00,133.4299787559008,NORMAL,136.0,137.0,138.0,25.14133,80.85446,YMNCKT_2026-01-01T13:00:00+0000_133.4300
YMNCKT,Yamuna at Chitrakoot,Yamuna Basin,2026-01-01 14:00:00+00:00,133.52208027240582,NORMAL,136.0,137.0,138.0,25.14133,80.85446,YMNCKT_2026-01-01T14:00:00+0000_133.5221
YMNCKT,Yamuna at Chitrakoot,Yamuna Basin,2026-01-01 15:00:00+00:00,133.53084971902135,NORMAL,136.0,137.0,138.0,25.14133,80.85446,YMNCKT_2026-01-01T15:00:00+0000_133.5308
YMNCKT,Yamuna at Chitrakoot,Yamuna Basin,2026-01-01 16:00:00+00:00,133.5854352198266,NORMAL,136.0,137.0,138.0,25.14133,80.85446,YMNCKT_2026-01-01T16:00:00+0000_133.5854
YMNCKT,Yamuna at Chitrakoot,Yamuna Basin,2026-01-01 17:00:00+00:00,133.61350963297684,NORMAL,136.0,137.0,138.0,25.14133,80.85446,YMNCKT_2026-01-01T17:00:00+0000_133.6135
YMNCKT,Yamuna at Chitrakoot,Yamuna Basin,2026-01-01 18:00:00+00:00,133.63327292657868,NORMAL,136.0,137.0,138.0,25.14133,80.85446,YMNCKT_2026-01-01T18:00:00+0000_133.6333
YMNCKT,Yamuna at Chitrakoot,Yamuna Basin,2026-01-01 19:00:00+00:00,133.71923658784272,NORMAL,136.0,137.0,138.0,25.14133,80.85446,YMNCKT_2026-01-01T19:00:00+0000_133.7192
YMNCKT,Yamuna at Chitrakoot,Yamuna Basin,2026-01-01 20:00:00+00:00,133.68844966713127,NORMAL,136.0,137.0,138.0,25.14133,80.85446,YMNCKT_2026-01-01T20:00:00+0000_133.6884
YMNCKT,Yamuna at Chitrakoot,Yamuna Basin,2026-01-01 21:00:00+00:00,133.63769859627297,NORMAL,136.0,137.0,138.0,25.14133,80.85446,YMNCKT_2026-01-01T21:00:00+0000_133.6377
YMNCKT,Yamuna at Chitrakoot,Yamuna Basin,2026-01-01 22:00:00+00:00,133.63301655230853,NORMAL,136.0,137.0,138.0,25.14133,80.85446,YMNCKT_2026-01-01T22:00:00+0000_133.6330
YMNCKT,Yamuna at Chitrakoot,Yamuna Basin,2026-01-01 23:00:00+00:00,133.57179391824187,NORMAL,136.0,137.0,138.0,25.14133,80.85446,YMNCKT_2026-01-01T23:00:00+0000_133.5718
YMNCKT,Yamuna at Chitrakoot,Yamuna Basin,2026-01-02 00:00:00+00:00,133.50259021464706,NORMAL,136.0,137.0,138.0,25.14133,80.85446,YMNCKT_2026-01-02T00:00:00+0000_133.5026
YMNCKT,Yamuna at Chitrakoot,Yamuna Basin,2026-01-02 01:00:00+00:00,133.5063774404932,NORMAL,136.0,137.0,138.0,25.14133,80.85446,YMNCKT_2026-01-02T01:00:00+0000_133.5064
YMNCKT,Yamuna at Chitrakoot,Yamuna Basin,2026-01-02 02:00:00+00:00,133.43084203644142,NORMAL,136.0,137.0,138.0,25.14133,80.85446,YMNCKT_2026-01-02T02:00:00+0000_133.4308
YMNCKT,Yamuna at Chitrakoot,Yamuna Basin,2026-01-02 03:00:00+00:00,133.33162836142063,NORMAL,136.0,137.0,138.0,25.14133,80.85446,YMNCKT_2026-01-02T03:00:00+0000_133.3316
YMNCKT,Yamuna at Chitrakoot,Yamuna Basin,2026-01-02 04:00:00+00:00,133.31653281442527,NORMAL,136.0,137.0,138.0,25.14133,80.85446,YMNCKT_2026-01-02T04:00:00+0000_133.3165
YMNCKT,Yamuna at Chitrakoot,Yamuna Basin,2026-01-02 05:00:00+00:00,133.30179165755652,NORMAL,136.0,137.0,138.0,25.14133,80.85446,YMNCKT_2026-01-02T05:00:00+0000_133.3018
YMNCKT,Yamuna at Chitrakoot,Yamuna Basin,2026-01-02 06:00:00+00:00,133.28401477898896,NORMAL,136.0,137.0,138.0,25.14133,80.85446,YMNCKT_2026-01-02T06:00:00+0000_133.2840
YMNCKT,Yamuna at Chitrakoot,Yamuna Basin,2026-01-02 07:00:00+00:00,133.2979858232316,NORMAL,136.0,137.0,138.0,25.14133,80.85446,YMNCKT_2026-01-02T07:00:00+0000_133.2980
YMNCKT,Yamuna at Chitrakoot,Yamuna Basin,2026-01-02 08:00:00+00:00,133.2278084123345,NORMAL,136.0,137.0,138.0,25.14133,80.85446,YMNCKT_2026-01-02T08:00:00+0000_133.2278
YMNCKT,Yamuna at Chitrakoot,Yamuna Basin,2026-01-02 09:00:00+00:00,133.3198806192485,NORMAL,136.0,137.0,138.0,25.14133,80.85446,YMNCKT_2026-01-02T09:00:00+0000_133.3199
YMNCKT,Yamuna at Chitrakoot,Yamuna Basin,2026-01-02 10:00:00+00:00,133.29896114706153,NORMAL,136.0,137.0,138.0,25.14133,80.85446,YMNCKT_2026-01-02T10:00:00+0000_133.2990
YMNCKT,Yamuna at Chitrakoot,Yamuna Basin,2026-01-02 11:00:00+00:00,133.32140348958316,NORMAL,136.0,137.0,138.0,25.14133,80.85446,YMNCKT_2026-01-02T11:00:00+0000_133.3214
YMNCKT,Yamuna at Chitrakoot,Yamuna Basin,2026-01-02 12:00:00+00:00,133.37544516533765,NORMAL,136.0,137.0,138.0,25.14133,80.85446,YMNCKT_2026-01-02T12:00:00+0000_133.3754
YMNCKT,Yamuna at Chitrakoot,Yamuna Basin,2026-01-02 13:00:00+00:00,133.42170400779295,NORMAL,136.0,137.0,138.0,25.14133,80.85446,YMNCKT_2026-01-02T13:00:00+0000_133.4217
YMNCKT,Yamuna at Chitrakoot,Yamuna Basin,2026-01-02 14:00:00+00:00,133.4821760542037,NORMAL,136.0,137.0,138.0,25.14133,80.85446,YMNCKT_2026-01-02T14:00:00+0000_133.4822
YMNCKT,Yamuna at Chitrakoot,Yamuna Basin,2026-01-02 15:00:00+00:00,133.6190747031992,NORMAL,136.0,137.0,138.0,25.14133,80.85446,YMNCKT_2026-01-02T15:00:00+0000_133.6191
YMNCKT,Yamuna at Chitrakoot,Yamuna Basin,2026-01-02 16:00:00+00:00,133.61348440878967,NORMAL,136.0,137.0,138.0,25.14133,80.85446,YMNCKT_2026-01-02T16:00:00+0000_133.6135
YMNCKT,Yamuna at Chitrakoot,Yamuna Basin,2026-01-02 17:00:00+00:00,133.6846859932539,NORMAL,136.0,137.0,138.0,25.14133,80.85446,YMNCKT_2026-01-02T17:00:00+0000_133.6847
YMNCKT,Yamuna at Chitrakoot,Yamuna Basin,2026-01-02 18:00:00+00:00,133.70404624815774,NORMAL,136.0,137.0,138.0,25.14133,80.85446,YMNCKT_2026-01-02T18:00:00+0000_133.7040
YMNCKT,Yamuna at Chitrakoot,Yamuna Basin,2026-01-02 19:00:00+00:00,133.68510849563796,NORMAL,136.0,137.0,138.0,25.14133,80.85446,YMNCKT_2026-01-02T19:00:00+0000_133.6851
YMNCKT,Yamuna at Chitrakoot,Yamuna Basin,2026-01-02 20:00:00+00:00,133.72469598061616,NORMAL,136.0,137.0,138.0,25.14133,80.85446,YMNCKT_2026-01-02T20:00:00+0000_133.7247
YMNCKT,Yamuna at Chitrakoot,Yamuna Basin,2026-01-02 21:00:00+00:00,133.68962773694835,NORMAL,136.0,137.0,138.0,25.14133,80.85446,YMNCKT_2026-01-02T21:00:00+0000_133.6896
YMNCKT,Yamuna at Chitrakoot,Yamuna Basin,2026-01-02 22:00:00+00:00,133.60420965271447,NORMAL,136.0,137.0,138.0,25.14133,80.85446,YMNCKT_2026-01-02T22:00:00+0000_133.6042
YMNCKT,Yamuna at Chitrakoot,Yamuna Basin,2026-01-02 23:00:00+00:00,133.57789618214716,NORMAL,136.0,137.0,138.0,25.14133,80.85446,YMNCKT_2026-01-02T23:00:00+0000_133.5779
YMNCKT,Yamuna at Chitrakoot,Yamuna Basin,2026-01-03 00:00:00+00:00,133.51426925288783,NORMAL,136.0,137.0,138.0,25.14133,80.85446,YMNCKT_2026-01-03T00:00:00+0000_133.5143
YMNCKT,Yamuna at Chitrakoot,Yamuna Basin,2026-01-03 01:00:00+00:00,,,136.0,137.0,138.0,25.14133,80.85446,YMNCKT_2026-01-03T01:00:00+0000_
YMNCKT,Yamuna at Chitrakoot,Yamuna Basin,2026-01-03 02:00:00+00:00,133.40180982578144,NORMAL,136.0,137.0,138.0,25.14133,80.85446,YMNCKT_2026-01-03T02:00:00+0000_133.4018
YMNCKT,Yamuna at Chitrakoot,Yamuna Basin,2026-01-03 03:00:00+00:00,133.37096263192083,NORMAL,136.0,137.0,138.0,25.14133,80.85446,YMNCKT_2026-01-03T03:00:00+0000_133.3710
YMNCKT,Yamuna at Chitrakoot,Yamuna Basin,2026-01-03 04:00:00+00:00,133.28946344693358,NORMAL,136.0,137.0,138.0,25.14133,80.85446,YMNCKT_2026-01-03T04:00:00+0000_133.2895
YMNCKT,Yamuna at Chitrakoot,Yamuna Basin,2026-01-03 05:00:00+00:00,133.27172704577222,NORMAL,136.0,137.0,138.0,25.14133,80.85446,YMNCKT_2026-01-03T05:00:00+0000_133.2717
YMNCKT,Yamuna at Chitrakoot,Yamuna Basin,2026-01-03 06:00:00+00:00,133.30570147590657,NORMAL,136.0,137.0,138.0,25.14133,80.85446,YMNCKT_2026-01-03T06:00:00+0000_133.3057
YMNCKT,Yamuna at Chitrakoot,Yamuna Basin,2026-01-03 07:00:00+00:00,133.20878747742836,NORMAL,136.0,137.0,138.0,25.14133,80.85446,YMNCKT_2026-01-03T07:00:00+0000_133.2088
YMNCKT,Yamuna at Chitrakoot,Yamuna Basin,2026-01-03 08:00:00+00:00,133.22214689129757,NORMAL,136.0,137.0,138.0,25.14133,80.85446,YMNCKT_2026-01-03T08:00:00+0000_133.2221
YMNCKT,Yamuna at Chitrakoot,Yamuna Basin,2026-01-03 09:00:00+00:00,133.25032739604862,NORMAL,136.0,137.0,138.0,25.14133,80.85446,YMNCKT_2026-01-03T09:00:00+0000_133.2503
YMNCKT,Yamuna at Chitrakoot,Yamuna Basin,2026-01-03 10:00:00+00:00,133.27405018662657,NORMAL,136.0,137.0,138.0,25.14133,80.85446,YMNCKT_2026-01-03T10:00:00+0000_133.2741
YMNCKT,Yamuna at Chitrakoot,Yamuna Basin,2026-01-03 11:00:00+00:00,133.31330452070864,NORMAL,136.0,137.0,138.0,25.14133,80.85446,YMNCKT_2026-01-03T11:00:00+0000_133.3133
YMNCKT,Yamuna at Chitrakoot,Yamuna Basin,2026-01-03 12:00:00+00:00,133.46026668143762,NORMAL,136.0,137.0,138.0,25.14133,80.85446,YMNCKT_2026-01-03T12:00:00+0000_133.4603
YMNCKT,Yamuna at Chitrakoot,Yamuna Basin,2026-01-03 13:00:00+00:00,133.44149221472836,NORMAL,136.0,137.0,138.0,25.14133,80.85446,YMNCKT_2026-01-03T13:00:00+0000_133.4415
YMNCKT,Yamuna at Chitrakoot,Yamuna Basin,2026-01-03 14:00:00+00:00,133.47848555825732,NORMAL,136.0,137.0,138.0,25.14133,80.85446,YMNCKT_2026-01-03T14:00:00+0000_133.4785
YMNCKT,Yamuna at Chitrakoot,Yamuna Basin,2026-01-03 15:00:00+00:00,133.55804541610038,NORMAL,136.0,137.0,138.0,25.14133,80.85446,YMNCKT_2026-01-03T15:00:00+0000_133.5580
YMNCKT,Yamuna at Chitrakoot,Yamuna Basin,2026-01-03 16:00:00+00:00,133.63559199014793,NORMAL,136.0,137.0,138.0,25.14133,80.85446,YMNCKT_2026-01-03T16:00:00+0000_133.6356
YMNCKT,Yamuna at Chitrakoot,Yamuna Basin,2026-01-03 17:00:00+00:00,133.6217761105819,NORMAL,136.0,137.0,138.0,25.14133,80.85446,YMNCKT_2026-01-03T17:00:00+0000_133.6218
YMNCKT,Yamuna at Chitrakoot,Yamuna Basin,2026-01-03 18:00:00+00:00,133.66372042267105,NORMAL,136.0,137.0,138.0,25.14133,80.85446,YMNCKT_2026-01-03T18:00:00+0000_133.6637
YMNCKT,Yamuna at Chitrakoot,Yamuna Basin,2026-01-03 19:00:00+00:00,133.65914024120173,NORMAL,136.0,137.0,138.0,25.14133,80.85446,YMNCKT_2026-01-03T19:00:00+0000_133.6591
YMNCKT,Yamuna at Chitrakoot,Yamuna Basin,2026-01-03 20:00:00+00:00,133.66913387070394,NORMAL,136.0,137.0,138.0,25.14133,80.85446,YMNCKT_2026-01-03T20:00:00+0000_133.6691
YMNCKT,Yamuna at Chitrakoot,Yamuna Basin,2026-01-03 21:00:00+00:00,133.61489630914286,NORMAL,136.0,137.0,138.0,25.14133,80.85446,YMNCKT_2026-01-03T21:00:00+0000_133.6149
YMNCKT,Yamuna at Chitrakoot,Yamuna Basin,2026-01-03 22:00:00+00:00,133.6485945090088,NORMAL,136.0,137.0,138.0,25.14133,80.85446,YMNCKT_2026-01-03T22:00:00+0000_133.6486
YMNCKT,Yamuna at Chitrakoot,Yamuna Basin,2026-01-03 23:00:00+00:00,133.55465381094248,NORMAL,136.0,137.0,138.0,25.14133,80.85446,YMNCKT_2026-01-03T23:00:00+0000_133.5547
YMNCKT,Yamuna at Chitrakoot,Yamuna Basin,2026-01-04 00:00:00+00:00,133.49901263765463,NORMAL,136.0,137.0,138.0,25.14133,80.85446,YMNCKT_2026-01-04T00:00:00+0000_133.4990
YMNCKT,Yamuna at Chitrakoot,Yamuna Basin,2026-01-04 01:00:00+00:00,133.42626427964927,NORMAL,136.0,137.0,138.0,25.14133,80.85446,YMNCKT_2026-01-04T01:00:00+0000_133.4263
YMNCKT,Yamuna at Chitrakoot,Yamuna Basin,2026-01-04 02:00:00+00:00,133.45150062656572,NORMAL,136.0,137.0,138.0,25.14133,80.85446,YMNCKT_2026-01-04T02:00:00+0000_133.4515
YMNCKT,Yamuna at Chitrakoot,Yamuna Basin,2026-01-04 03:00:00+00:00,133.34001780606,NORMAL,136.0,137.0,138.0,25.14133,80.85446,YMNCKT_2026-01-04T03:00:00+0000_133.3400
YMNCKT,Yamuna at Chitrakoot,Yamuna Basin,2026-01-04 04:00:00+00:00,133.31461455805814,NORMAL,136.0,137.0,138.0,25.14133,80.85446,YMNCKT_2026-01-04T04:00:00+0000_133.3146
YMNCKT,Yamuna at Chitrakoot,Yamuna Basin,2026-01-04 05:00:00+00:00,133.26505213570744,NORMAL,136.0,137.0,138.0,25.14133,80.85446,YMNCKT_2026-01-04T05:00:00+0000_133.2651
YMNCKT,Yamuna at Chitrakoot,Yamuna Basin,2026-01-04 06:00:00+00:00,133.25509516349234,NORMAL,136.0,137.0,138.0,25.14133,80.85446,YMNCKT_2026-01-04T06:00:00+0000_133.2551
YMNCKT,Yamuna at Chitrakoot,Yamuna Basin,2026-01-04 07:00:00+00:00,133.21964884176026,NORMAL,136.0,137.0,138.0,25.14133,80.85446,YMNCKT_2026-01-04T07:00:00+0000_133.2196
YMNCKT,Yamuna at Chitrakoot,Yamuna Basin,2026-01-04 08:00:00+00:00,133.30576712788144,NORMAL,136.0,137.0,138.0,25.14133,80.85446,YMNCKT_2026-01-04T08:00:00+0000_133.3058
YMNCKT,Yamuna at Chitrakoot,Yamuna Basin,2026-01-04 09:00:00+00:00,133.23711599704637,NORMAL,136.0,137.0,138.0,25.14133,80.85446,YMNCKT_2026-01-04T09:00:00+0000_133.2371
YMNCKT,Yamuna at Chitrakoot,Yamuna Basin,2026-01-04 10:00:00+00:00,133.28754200346333,NORMAL,136.0,137.0,138.0,25.14133,80.85446,YMNCKT_2026-01-04T10:00:00+0000_133.2875
YMNCKT,Yamuna at Chitrakoot,Yamuna Basin,2026-01-04 11:00:00+00:00,133.39542898866395,NORMAL,136.0,137.0,138.0,25.14133,80.85446,YMNCKT_2026-01-04T11:00:00+0000_133.3954
YMNCKT,Yamuna at Chitrakoot,Yamuna Basin,2026-01-04 12:00:00+00:00,133.42053001292246,NORMAL,136.0,137.0,138.0,25.14133,80.85446,YMNCKT_2026-01-04T12:00:00+0000_133.4205
YMNCKT,Yamuna at Chitrakoot,Yamuna Basin,2026-01-04 13:00:00+00:00,133.4896388849172,NORMAL,136.0,137.0,138.0,25.14133,80.85446,YMNCKT_2026-01-04T13:00:00+0000_133.4896
YMNCKT,Yamuna at Chitrakoot,Yamuna Basin,2026-01-04 14:00:00+00:00,133.49736762807964,NORMAL,136.0,137.0,138.0,25.14133,80.85446,YMNCKT_2026-01-04T14:00:00+0000_133.4974
YMNCKT,Yamuna at Chitrakoot,Yamuna Basin,2026-01-04 15:00:00+00:00,133.58512267408972,NORMAL,136.0,137.0,138.0,25.14133,80.85446,YMNCKT_2026-01-04T15:00:00+0000_133.5851
YMNCKT,Yamuna at Chitrakoot,Yamuna Basin,2026-01-04 16:00:00+00:00,136.21522094799033,WARNING,136.0,137.0,138.0,25.14133,80.85446,YMNCKT_2026-01-04T16:00:00+0000_136.2152
YMNCKT,Yamuna at Chitrakoot,Yamuna Basin,2026-01-04 17:00:00+00:00,135.93597782822167,NORMAL,136.0,137.0,138.0,25.14133,80.85446,YMNCKT_2026-01-04T17:00:00+0000_135.9360
YMNCKT,Yamuna at Chitrakoot,Yamuna Basin,2026-01-04 18:00:00+00:00,135.72934714720344,NORMAL,136.0,137.0,138.0,25.14133,80.85446,YMNCKT_2026-01-04T18:00:00+0000_135.7293
YMNCKT,Yamuna at Chitrakoot,Yamuna Basin,2026-01-04 19:00:00+00:00,135.53779739827624,NORMAL,136.0,137.0,138.0,25.14133,80.85446,YMNCKT_2026-01-04T19:00:00+0000_135.5378
YMNCKT,Yamuna at Chitrakoot,Yamuna Basin,2026-01-04 20:00:00+00:00,135.32397503036606,NORMAL,136.0,137.0,138.0,25.14133,80.85446,YMNCKT_2026-01-04T20:00:00+0000_135.3240
YMNCKT,Yamuna at Chitrakoot,Yamuna Basin,2026-01-04 21:00:00+00:00,133.63899334209333,NORMAL,136.0,137.0,138.0,25.14133,80.85446,YMNCKT_2026-01-04T21:00:00+0000_133.6390
YMNCKT,Yamuna at Chitrakoot,Yamuna Basin,2026-01-04 22:00:00+00:00,133.64100593260883,NORMAL,136.0,137.0,138.0,25.14133,80.85446,YMNCKT_2026-01-04T22:00:00+0000_133.6410
YMNCKT,Yamuna at Chitrakoot,Yamuna Basin,2026-01-04 23:00:00+00:00,133.5910732837482,NORMAL,136.0,137.0,138.0,25.14133,80.85446,YMNCKT_2026-01-04T23:00:00+0000_133.5911
YMNCKT,Yamuna at Chitrakoot,Yamuna Basin,2026-01-05 00:00:00+00:00,133.5688636709582,NORMAL,136.0,137.0,138.0,25.14133,80.85446,YMNCKT_2026-01-05T00:00:00+0000_133.5689
YMNCKT,Yamuna at Chitrakoot,Yamuna Basin,2026-01-05 01:00:00+00:00,133.50294287324857,NORMAL,136.0,137.0,138.0,25.14133,80.85446,YMNCKT_2026-01-05T01:00:00+0000_133.5029
YMNCKT,Yamuna at Chitrakoot,Yamuna Basin,2026-01-05 02:00:00+00:00,133.4005917193693,NORMAL,136.0,137.0,138.0,25.14133,80.85446,YMNCKT_2026-01-05T02:00:00+0000_133.4006
YMNCKT,Yamuna at Chitrakoot,Yamuna Basin,2026-01-05 03:00:00+00:00,133.32603437958107,NORMAL,136.0,137.0,138.0,25.14133,80.85446,YMNCKT_2026-01-05T03:00:00+0000_133.3260
YMNCKT,Yamuna at Chitrakoot,Yamuna Basin,2026-01-05 04:00:00+00:00,133.30352218098574,NORMAL,136.0,137.0,138.0,25.14133,80.85446,YMNCKT_2026-01-05T04:00:00+0000_133.3035
YMNCKT,Yamuna at Chitrakoot,Yamuna Basin,2026-01-05 05:00:00+00:00,133.2840330074606,NORMAL,136.0,137.0,138.0,25.14133,80.85446,YMNCKT_2026-01-05T05:00:00+0000_133.2840
YMNCKT,Yamuna at Chitrakoot,Yamuna Basin,2026-01-05 06:00:00+00:00,133.2441712472278,NORMAL,136.0,137.0,138.0,25.14133,80.85446,YMNCKT_2026-01-05T06:00:00+0000_133.2442
YMNCKT,Yamuna at Chitrakoot,Yamuna Basin,2026-01-05 07:00:00+00:00,133.3028015612447,NORMAL,136.0,137.0,138.0,25.14133,80.85446,YMNCKT_2026-01-05T07:00:00+0000_133.3028
YMNCKT,Yamuna at Chitrakoot,Yamuna Basin,2026-01-05 08:00:00+00:00,133.24239230059152,NORMAL,136.0,137.0,138.0,25.14133,80.85446,YMNCKT_2026-01-05T08:00:00+0000_133.2424
YMNCKT,Yamuna at Chitrakoot,Yamuna Basin,2026-01-05 09:00:00+00:00,133.2704944618097,NORMAL,136.0,137.0,138.0,25.14133,80.85446,YMNCKT_2026-01-05T09:00:00+0000_133.2705
YMNCKT,Yamuna at Chitrakoot,Yamuna Basin,2026-01-05 10:00:00+00:00,133.30898948007749,NORMAL,136.0,137.0,138.0,25.14133,80.85446,YMNCKT_2026-01-05T10:00:00+0000_133.3090
YMNCKT,Yamuna at Chitrakoot,Yamuna Basin,2026-01-05 11:00:00+00:00,133.36909800348374,NORMAL,136.0,137.0,138.0,25.14133,80.85446,YMNCKT_2026-01-05T11:00:00+0000_133.3691
YMNCKT,Yamuna at Chitrakoot,Yamuna Basin,2026-01-05 12:00:00+00:00,133.4239420241596,NORMAL,136.0,137.0,138.0,25.14133,80.85446,YMNCKT_2026-01-05T12:00:00+0000_133.4239
YMNCKT,Yamuna at Chitrakoot,Yamuna Basin,2026-01-05 13:00:00+00:00,133.459793535613,NORMAL,136.0,137.0,138.0,25.14133,80.85446,YMNCKT_2026-01-05T13:00:00+0000_133.4598
YMNCKT,Yamuna at Chitrakoot,Yamuna Basin,2026-01-05 14:00:00+00:00,133.53602924609555,NORMAL,136.0,137.0,138.0,25.14133,80.85446,YMNCKT_2026-01-05T14:00:00+0000_133.5360
YMNCKT,Yamuna at Chitrakoot,Yamuna Basin,2026-01-05 15:00:00+00:00,133.53992772908884,NORMAL,136.0,137.0,138.0,25.14133,80.85446,YMNCKT_2026-01-05T15:00:00+0000_133.5399
YMNCKT,Yamuna at Chitrakoot,Yamuna Basin,2026-01-05 16:00:00+00:00,133.6098944165689,NORMAL,136.0,137.0,138.0,25.14133,80.85446,YMNCKT_2026-01-05T16:00:00+0000_133.6099
YMNCKT,Yamuna at Chitrakoot,Yamuna Basin,2026-01-05 17:00:00+00:00,,,136.0,137.0,138.0,25.14133,80.85446,YMNCKT_2026-01-05T17:00:00+0000_
YMNCKT,Yamuna at Chitrakoot,Yamuna Basin,2026-01-05 18:00:00+00:00,133.69373926557998,NORMAL,136.0,137.0,138.0,25.14133,80.85446,YMNCKT_2026-01-05T18:00:00+0000_133.6937
YMNCKT,Yamuna at Chitrakoot,Yamuna Basin,2026-01-05 19:00:00+00:00,133.70892070337797,NORMAL,136.0,137.0,138.0,25.14133,80.85446,YMNCKT_2026-01-05T19:00:00+0000_133.7089
YMNCKT,Yamuna at Chitrakoot,Yamuna Basin,2026-01-05 20:00:00+00:00,133.6614526235272,NORMAL,136.0,137.0,138.0,25.14133,80.85446,YMNCKT_2026-01-05T20:00:00+0000_133.6615
YMNCKT,Yamuna at Chitrakoot,Yamuna Basin,2026-01-05 21:00:00+00:00,133.6519528019096,NORMAL,136.0,137.0,138.0,25.14133,80.85446,YMNCKT_2026-01-05T21:00:00+0000_133.6520
YMNCKT,Yamuna at Chitrakoot,Yamuna Basin,2026-01-05 22:00:00+00:00,133.58916203619174,NORMAL,136.0,137.0,138.0,25.14133,80.85446,YMNCKT_2026-01-05T22:00:00+0000_133.5892
YMNCKT,Yamuna at Chitrakoot,Yamuna Basin,2026-01-05 23:00:00+00:00,133.58703385974655,NORMAL,136.0,137.0,138.0,25.14133,80.85446,YMNCKT_2026-01-05T23:00:00+0000_133.5870
YMNCKT,Yamuna at Chitrakoot,Yamuna Basin,2026-01-06 00:00:00+00:00,133.56354585813597,NORMAL,136.0,137.0,138.0,25.14133,80.85446,YMNCKT_2026-01-06T00:00:00+0000_133.5635
YMNCKT,Yamuna at Chitrakoot,Yamuna Basin,2026-01-06 01:00:00+00:00,133.45470418282875,NORMAL,136.0,137.0,138.0,25.14133,80.85446,YMNCKT_2026-01-06T01:00:00+0000_133.4547
YMNCKT,Yamuna at Chitrakoot,Yamuna Basin,2026-01-06 02:00:00+00:00,133.4156196733952,NORMAL,136.0,137.0,138.0,25.14133,80.85446,YMNCKT_2026-01-06T02:00:00+0000_133.4156
YMNCKT,Yamuna at Chitrakoot,Yamuna Basin,2026-01-06 03:00:00+00:00,133.4122287547523,NORMAL,136.0,137.0,138.0,25.14133,80.85446,YMNCKT_2026-01-06T03:00:00+0000_133.4122
YMNCKT,Yamuna at Chitrakoot,Yamuna Basin,2026-01-06 04:00:00+00:00,133.36513103600174,NORMAL,136.0,137.0,138.0,25.14133,80.85446,YMNCKT_2026-01-06T04:00:00+0000_133.3651
YMNCKT,Yamuna at Chitrakoot,Yamuna Basin,2026-01-06 05:00:00+00:00,133.30015762890534,NORMAL,136.0,137.0,138.0,25.14133,80.85446,YMNCKT_2026-01-06T05:00:00+0000_133.3002
YMNCKT,Yamuna at Chitrakoot,Yamuna Basin,2026-01-06 06:00:00+00:00,133.26608372926634,NORMAL,136.0,137.0,138.0,25.14133,80.85446,YMNCKT_2026-01-06T06:00:00+0000_133.2661
YMNCKT,Yamuna at Chitrakoot,Yamuna Basin,2026-01-06 07:00:00+00:00,,,136.0,137.0,138.0,25.14133,80.85446,YMNCKT_2026-01-06T07:00:00+0000_
YMNCKT,Yamuna at Chitrakoot,Yamuna Basin,2026-01-06 08:00:00+00:00,133.2878193500635,NORMAL,136.0,137.0,138.0,25.14133,80.85446,YMNCKT_2026-01-06T08:00:00+0000_133.2878
YMNCKT,Yamuna at Chitrakoot,Yamuna Basin,2026-01-06 09:00:00+00:00,133.30755264574142,NORMAL,136.0,137.0,138.0,25.14133,80.85446,YMNCKT_2026-01-06T09:00:00+0000_133.3076
YMNCKT,Yamuna at Chitrakoot,Yamuna Basin,2026-01-06 10:00:00+00:00,133.30279182749177,NORMAL,136.0,137.0,138.0,25.14133,80.85446,YMNCKT_2026-01-06T10:00:00+0000_133.3028
YMNCKT,Yamuna at Chitrakoot,Yamuna Basin,2026-01-06 11:00:00+00:00,133.3369822218068,NORMAL,136.0,137.0,138.0,25.14133,80.85446,YMNCKT_2026-01-06T11:00:00+0000_133.3370
YMNCKT,Yamuna at Chitrakoot,Yamuna Basin,2026-01-06 12:00:00+00:00,135.34867068496845,NORMAL,136.0,137.0,138.0,25.14133,80.85446,YMNCKT_2026-01-06T12:00:00+0000_135.3487
YMNCKT,Yamuna at Chitrakoot,Yamuna Basin,2026-01-06 13:00:00+00:00,135.1992113750835,NORMAL,136.0,137.0,138.0,25.14133,80.85446,YMNCKT_2026-01-06T13:00:00+0000_135.1992
YMNCKT,Yamuna at Chitrakoot,Yamuna Basin,2026-01-06 14:00:00+00:00,135.07721953197017,NORMAL,136.0,137.0,138.0,25.14133,80.85446,YMNCKT_2026-01-06T14:00:00+0000_135.0772
YMNCKT,Yamuna at Chitrakoot,Yamuna Basin,2026-01-06 15:00:00+00:00,133.6011978559113,NORMAL,136.0,137.0,138.0,25.14133,80.85446,YMNCKT_2026-01-06T15:00:00+0000_133.6012
YMNCKT,Yamuna at Chitrakoot,Yamuna Basin,2026-01-06 16:00:00+00:00,133.6539199361877,NORMAL,136.0,137.0,138.0,25.14133,80.85446,YMNCKT_2026-01-06T16:00:00+0000_133.6539
YMNCKT,Yamuna at Chitrakoot,Yamuna Basin,2026-01-06 17:00:00+00:00,133.68381458199414,NORMAL,136.0,137.0,138.0,25.14133,80.85446,YMNCKT_2026-01-06T17:00:00+0000_133.6838
YMNCKT,Yamuna at Chitrakoot,Yamuna Basin,2026-01-06 18:00:00+00:00,133.72159200563374,NORMAL,136.0,137.0,138.0,25.14133,80.85446,YMNCKT_2026-01-06T18:00:00+0000_133.7216
YMNCKT,Yamuna at Chitrakoot,Yamuna Basin,2026-01-06 19:00:00+00:00,133.72247108791203,NORMAL,136.0,137.0,138.0,25.14133,80.85446,YMNCKT_2026-01-06T19:00:00+0000_133.7225
YMNCKT,Yamuna at Chitrakoot,Yamuna Basin,2026-01-06 20:00:00+00:00,133.70752923078885,NORMAL,136.0,137.0,138.0,25.14133,80.85446,YMNCKT_2026-01-06T20:00:00+0000_133.7075
YMNCKT,Yamuna at Chitrakoot,Yamuna Basin,2026-01-06 21:00:00+00:00,133.6721249407248,NORMAL,136.0,137.0,138.0,25.14133,80.85446,YMNCKT_2026-01-06T21:00:00+0000_133.6721
YMNCKT,Yamuna at Chitrakoot,Yamuna Basin,2026-01-06 22:00:00+00:00,133.638700083365,NORMAL,136.0,137.0,138.0,25.14133,80.85446,YMNCKT_2026-01-06T22:00:00+0000_133.6387
YMNCKT,Yamuna at Chitrakoot,Yamuna Basin,2026-01-06 23:00:00+00:00,133.55560890649895,NORMAL,136.0,137.0,138.0,25.14133,80.85446,YMNCKT_2026-01-06T23:00:00+0000_133.5556
YMNCKT,Yamuna at Chitrakoot,Yamuna Basin,2026-01-07 00:00:00+00:00,133.50092132451613,NORMAL,136.0,137.0,138.0,25.14133,80.85446,YMNCKT_2026-01-07T00:00:00+0000_133.5009
YMNCKT,Yamuna at Chitrakoot,Yamuna Basin,2026-01-07 01:00:00+00:00,133.50905350818252,NORMAL,136.0,137.0,138.0,25.14133,80.85446,YMNCKT_2026-01-07T01:00:00+0000_133.5091
YMNCKT,Yamuna at Chitrakoot,Yamuna Basin,2026-01-07 02:00:00+00:00,133.39181834091002,NORMAL,136.0,137.0,138.0,25.14133,80.85446,YMNCKT_2026-01-07T02:00:00+0000_133.3918
YMNCKT,Yamuna at Chitrakoot,Yamuna Basin,2026-01-07 03:00:00+00:00,133.3226057516977,NORMAL,136.0,137.0,138.0,25.14133,80.85446,YMNCKT_2026-01-07T03:00:00+0000_133.3226
YMNCKT,Yamuna at Chitrakoot,Yamuna Basin,2026-01-07 04:00:00+00:00,133.29997036957388,NORMAL,136.0,137.0,138.0,25.14133,80.85446,YMNCKT_2026-01-07T04:00:00+0000_133.3000
YMNCKT,Yamuna at Chitrakoot,Yamuna Basin,2026-01-07 05:00:00+00:00,133.33435836670245,NORMAL,136.0,137.0,138.0,25.14133,80.85446,YMNCKT_2026-01-07T05:00:00+0000_133.3344
YMNCKT,Yamuna at Chitrakoot,Yamuna Basin,2026-01-07 06:00:00+00:00,133.30425238723137,NORMAL,136.0,137.0,138.0,25.14133,80.85446,YMNCKT_2026-01-07T06:00:00+0000_133.3043
YMNCKT,Yamuna at Chitrakoot,Yamuna Basin,2026-01-07 07:00:00+00:00,133.28908016100735,NORMAL,136.0,137.0,138.0,25.14133,80.85446,YMNCKT_2026-01-07T07:00:00+0000_133.2891
YMNCKT,Yamuna at Chitrakoot,Yamuna Basin,2026-01-07 08:00:00+00:00,133.25111567500568,NORMAL,136.0,137.0,138.0,25.14133,80.85446,YMNCKT_2026-01-07T08:00:00+0000_133.2511
YMNCKT,Yamuna at Chitrakoot,Yamuna Basin,2026-01-07 09:00:00+00:00,133.28984254093837,NORMAL,136.0,137.0,138.0,25.14133,80.85446,YMNCKT_2026-01-07T09:00:00+0000_133.2898
YMNCKT,Yamuna at Chitrakoot,Yamuna Basin,2026-01-07 10:00:00+00:00,133.2931536751082,NORMAL,136.0,137.0,138.0,25.14133,80.85446,YMNCKT_2026-01-07T10:00:00+0000_133.2932
YMNCKT,Yamuna at Chitrakoot,Yamuna Basin,2026-01-07 11:00:00+00:00,133.38580825109557,NORMAL,136.0,137.0,138.0,25.14133,80.85446,YMNCKT_2026-01-07T11:00:00+0000_133.3858
YMNCKT,Yamuna at Chitrakoot,Yamuna Basin,2026-01-07 12:00:00+00:00,133.40851129680473,NORMAL,136.0,137.0,138.0,25.14133,80.85446,YMNCKT_2026-01-07T12:00:00+0000_133.4085
YMNCKT,Yamuna at Chitrakoot,Yamuna Basin,2026-01-07 13:00:00+00:00,133.44323944470435,NORMAL,136.0,137.0,138.0,25.14133,80.85446,YMNCKT_2026-01-07T13:00:00+0000_133.4432
YMNCKT,Yamuna at Chitrakoot,Yamuna Basin,2026-01-07 14:00:00+00:00,133.4835192998451,NORMAL,136.0,137.0,138.0,25.14133,80.85446,YMNCKT_2026-01-07T14:00:00+0000_133.4835
YMNCKT,Yamuna at Chitrakoot,Yamuna Basin,2026-01-07 15:00:00+00:00,133.55911186578084,NORMAL,136.0,137.0,138.0,25.14133,80.85446,YMNCKT_2026-01-07T15:00:00+0000_133.5591
YMNCKT,Yamuna at Chitrakoot,Yamuna Basin,2026-01-07 16:00:00+00:00,133.66470067463655,NORMAL,136.0,137.0,138.0,25.14133,80.85446,YMNCKT_2026-01-07T16:00:00+0000_133.6647
YMNCKT,Yamuna at Chitrakoot,Yamuna Basin,2026-01-07 17:00:00+00:00,133.7120128964763,NORMAL,136.0,137.0,138.0,25.14133,80.85446,YMNCKT_2026-01-07T17:00:00+0000_133.7120
YMNCKT,Yamuna at Chitrakoot,Yamuna Basin,2026-01-07 18:00:00+00:00,133.66554252359342,NORMAL,136.0,137.0,138.0,25.14133,80.85446,YMNCKT_2026-01-07T18:00:00+0000_133.6655
YMNCKT,Yamuna at Chitrakoot,Yamuna Basin,2026-01-07 19:00:00+00:00,133.73461189629106,NORMAL,136.0,137.0,138.0,25.14133,80.85446,YMNCKT_2026-01-07T19:00:00+0000_133.7346
YMNCKT,Yamuna at Chitrakoot,Yamuna Basin,2026-01-07 20:00:00+00:00,133.66402460666382,NORMAL,136.0,137.0,138.0,25.14133,80.85446,YMNCKT_2026-01-07T20:00:00+0000_133.6640
YMNCKT,Yamuna at Chitrakoot,Yamuna Basin,2026-01-07 21:00:00+00:00,133.69930265222465,NORMAL,136.0,137.0,138.0,25.14133,80.85446,YMNCKT_2026-01-07T21:00:00+0000_133.6993
YMNCKT,Yamuna at Chitrakoot,Yamuna Basin,2026-01-07 22:00:00+00:00,133.6387631165482,NORMAL,136.0,137.0,138.0,25.14133,80.85446,YMNCKT_2026-01-07T22:00:00+0000_133.6388
YMNCKT,Yamuna at Chitrakoot,Yamuna Basin,2026-01-07 23:00:00+00:00,133.58157234800055,NORMAL,136.0,137.0,138.0,25.14133,80.85446,YMNCKT_2026-01-07T23:00:00+0000_133.5816
YMNCKT,Yamuna at Chitrakoot,Yamuna Basin,2026-01-08 00:00:00+00:00,133.54509000444853,NORMAL,136.0,137.0,138.0,25.14133,80.85446,YMNCKT_2026-01-08T00:00:00+0000_133.5451
YMNCKT,Yamuna at Chitrakoot,Yamuna Basin,2026-01-08 01:00:00+00:00,133.43566867054972,NORMAL,136.0,137.0,138.0,25.14133,80.85446,YMNCKT_2026-01-08T01:00:00+0000_133.4357
YMNCKT,Yamuna at Chitrakoot,Yamuna Basin,2026-01-08 02:00:00+00:00,133.46350933693668,NORMAL,136.0,137.0,138.0,25.14133,80.85446,YMNCKT_2026-01-08T02:00:00+0000_133.4635
YMNCKT,Yamuna at Chitrakoot,Yamuna Basin,2026-01-08 03:00:00+00:00,133.35064988674628,NORMAL,136.0,137.0,138.0,25.14133,80.85446,YMNCKT_2026-01-08T03:00:00+0000_133.3506
YMNCKT,Yamuna at Chitrakoot,Yamuna Basin,2026-01-08 04:00:00+00:00,133.29777826040282,NORMAL,136.0,137.0,138.0,25.14133,80.85446,YMNCKT_2026-01-08T04:00:00+0000_133.2978
YMNCKT,Yamuna at Chitrakoot,Yamuna Basin,2026-01-08 05:00:00+00:00,133.30062310502416,NORMAL,136.0,137.0,138.0,25.14133,80.85446,YMNCKT_2026-01-08T05:00:00+0000_133.3006
YMNCKT,Yamuna at Chitrakoot,Yamuna Basin,2026-01-08 06:00:00+00:00,133.2506122796394,NORMAL,136.0,137.0,138.0,25.14133,80.85446,YMNCKT_2026-01-08T06:00:00+0000_133.2506
YMNCKT,Yamuna at Chitrakoot,Yamuna Basin,2026-01-08 07:00:00+00:00,133.23442658904335,NORMAL,136.0,137.0,138.0,25.14133,80.85446,YMNCKT_2026-01-08T07:00:00+0000_133.2344
YMNCKT,Yamuna at Chitrakoot,Yamuna Basin,2026-01-08 08:00:00+00:00,133.30579292136227,NORMAL,136.0,137.0,138.0,25.14133,80.85446,YMNCKT_2026-01-08T08:00:00+0000_133.3058
YMNCKT,Yamuna at Chitrakoot,Yamuna Basin,2026-01-08 09:00:00+00:00,133.26790491462592,NORMAL,136.0,137.0,138.0,25.14133,80.85446,YMNCKT_2026-01-08T09:00:00+0000_133.2679
YMNCKT,Yamuna at Chitrakoot,Yamuna Basin,2026-01-08 10:00:00+00:00,133.31461442709963,NORMAL,136.0,137.0,138.0,25.14133,80.85446,YMNCKT_2026-01-08T10:00:00+0000_133.3146
YMNCKT,Yamuna at Chitrakoot,Yamuna Basin,2026-01-08 11:00:00+00:00,133.39985813157153,NORMAL,136.0,137.0,138.0,25.14133,80.85446,YMNCKT_2026-01-08T11:00:00+0000_133.3999
YMNCKT,Yamuna at Chitrakoot,Yamuna Basin,2026-01-08 12:00:00+00:00,133.39981231070033,NORMAL,136.0,137.0,138.0,25.14133,80.85446,YMNCKT_2026-01-08T12:00:00+0000_133.3998
YMNCKT,Yamuna at Chitrakoot,Yamuna Basin,2026-01-08 13:00:00+00:00,133.49671986551263,NORMAL,136.0,137.0,138.0,25.14133,80.85446,YMNCKT_2026-01-08T13:00:00+0000_133.4967
YMNCKT,Yamuna at Chitrakoot,Yamuna Basin,2026-01-08 14:00:00+00:00,133.54966170758277,NORMAL,136.0,137.0,138.0,25.14133,80.85446,YMNCKT_2026-01-08T14:00:00+0000_133.5497
YMNCKT,Yamuna at Chitrakoot,Yamuna Basin,2026-01-08 15:00:00+00:00,133.6200886494894,NORMAL,136.0,137.0,138.0,25.14133,80.85446,YMNCKT_2026-01-08T15:00:00+0000_133.6201
YMNCKT,Yamuna at Chitrakoot,Yamuna Basin,2026-01-08 16:00:00+00:00,133.59741784208043,NORMAL,136.0,137.0,138.0,25.14133,80.85446,YMNCKT_2026-01-08T16:00:00+0000_133.5974
YMNCKT,Yamuna at Chitrakoot,Yamuna Basin,2026-01-08 17:00:00+00:00,133.64426563536696,NORMAL,136.0,137.0,138.0,25.14133,80.85446,YMNCKT_2026-01-08T17:00:00+0000_133.6443
YMNCKT,Yamuna at Chitrakoot,Yamuna Basin,2026-01-08 18:00:00+00:00,133.6929852929386,NORMAL,136.0,137.0,138.0,25.14133,80.85446,YMNCKT_2026-01-08T18:00:00+0000_133.6930
YMNCKT,Yamuna at Chitrakoot,Yamuna Basin,2026-01-08 19:00:00+00:00,133.7177432652574,NORMAL,136.0,137.0,138.0,25.14133,80.85446,YMNCKT_2026-01-08T19:00:00+0000_133.7177
YMNCKT,Yamuna at Chitrakoot,Yamuna Basin,2026-01-08 20:00:00+00:00,133.71473809756046,NORMAL,136.0,137.0,138.0,25.14133,80.85446,YMNCKT_2026-01-08T20:00:00+0000_133.7147
YMNCKT,Yamuna at Chitrakoot,Yamuna Basin,2026-01-08 21:00:00+00:00,133.65506181653765,NORMAL,136.0,137.0,138.0,25.14133,80.85446,YMNCKT_2026-01-08T21:00:00+0000_133.6551
YMNCKT,Yamuna at Chitrakoot,Yamuna Basin,2026-01-08 22:00:00+00:00,133.5811892586615,NORMAL,136.0,137.0,138.0,25.14133,80.85446,YMNCKT_2026-01-08T22:00:00+0000_133.5812
YMNCKT,Yamuna at Chitrakoot,Yamuna Basin,2026-01-08 23:00:00+00:00,133.5977751293084,NORMAL,136.0,137.0,138.0,25.14133,80.85446,YMNCKT_2026-01-08T23:00:00+0000_133.5978
YMNCKT,Yamuna at Chitrakoot,Yamuna Basin,2026-01-09 00:00:00+00:00,136.6953840533152,WARNING,136.0,137.0,138.0,25.14133,80.85446,YMNCKT_2026-01-09T00:00:00+0000_136.6954
YMNCKT,Yamuna at Chitrakoot,Yamuna Basin,2026-01-09 01:00:00+00:00,136.31094731217297,WARNING,136.0,137.0,138.0,25.14133,80.85446,YMNCKT_2026-01-09T01:00:00+0000_136.3109
YMNCKT,Yamuna at Chitrakoot,Yamuna Basin,2026-01-09 02:00:00+00:00,135.928633466148,NORMAL,136.0,137.0,138.0,25.14133,80.85446,YMNCKT_2026-01-09T02:00:00+0000_135.9286
YMNCKT,Yamuna at Chitrakoot,Yamuna Basin,2026-01-09 03:00:00+00:00,133.40135895094028,NORMAL,136.0,137.0,138.0,25.14133,80.85446,YMNCKT_2026-01-09T03:00:00+0000_133.4014
YMNCKT,Yamuna at Chitrakoot,Yamuna Basin,2026-01-09 04:00:00+00:00,133.33276078431436,NORMAL,136.0,137.0,138.0,25.14133,80.85446,YMNCKT_2026-01-09T04:00:00+0000_133.3328
YMNCKT,Yamuna at Chitrakoot,Yamuna Basin,2026-01-09 05:00:00+00:00,,,136.0,137.0,138.0,25.14133,80.85446,YMNCKT_2026-01-09T05:00:00+0000_
YMNCKT,Yamuna at Chitrakoot,Yamuna Basin,2026-01-09 06:00:00+00:00,133.2352627198107,NORMAL,136.0,137.0,138.0,25.14133,80.85446,YMNCKT_2026-01-09T06:00:00+0000_133.2353
YMNCKT,Yamuna at Chitrakoot,Yamuna Basin,2026-01-09 07:00:00+00:00,133.27954367006393,NORMAL,136.0,137.0,138.0,25.14133,80.85446,YMNCKT_2026-01-09T07:00:00+0000_133.2795
YMNCKT,Yamuna at Chitrakoot,Yamuna Basin,2026-01-09 08:00:00+00:00,133.22399608895404,NORMAL,136.0,137.0,138.0,25.14133,80.85446,YMNCKT_2026-01-09T08:00:00+0000_133.2240
YMNCKT,Yamuna at Chitrakoot,Yamuna Basin,2026-01-09 09:00:00+00:00,,,136.0,137.0,138.0,25.14133,80.85446,YMNCKT_2026-01-09T09:00:00+0000_
YMNCKT,Yamuna at Chitrakoot,Yamuna Basin,2026-01-09 10:00:00+00:00,133.34242115556248,NORMAL,136.0,137.0,138.0,25.14133,80.85446,YMNCKT_2026-01-09T10:00:00+0000_133.3424
YMNCKT,Yamuna at Chitrakoot,Yamuna Basin,2026-01-09 11:00:00+00:00,133.39819911311582,NORMAL,136.0,137.0,138.0,25.14133,80.85446,YMNCKT_2026-01-09T11:00:00+0000_133.3982
YMNCKT,Yamuna at Chitrakoot,Yamuna Basin,2026-01-09 12:00:00+00:00,133.46121226309185,NORMAL,136.0,137.0,138.0,25.14133,80.85446,YMNCKT_2026-01-09T12:00:00+0000_133.4612
YMNCKT,Yamuna at Chitrakoot,Yamuna Basin,2026-01-09 13:00:00+00:00,133.51334384885138,NORMAL,136.0,137.0,138.0,25.14133,80.85446,YMNCKT_2026-01-09T13:00:00+0000_133.5133
YMNCKT,Yamuna at Chitrakoot,Yamuna Basin,2026-01-09 14:00:00+00:00,133.56073494109185,NORMAL,136.0,137.0,138.0,25.14133,80.85446,YMNCKT_2026-01-09T14:00:00+0000_133.5607
YMNCKT,Yamuna at Chitrakoot,Yamuna Basin,2026-01-09 15:00:00+00:00,133.61123025269686,NORMAL,136.0,137.0,138.0,25.14133,80.85446,YMNCKT_2026-01-09T15:00:00+0000_133.6112
YMNCKT,Yamuna at Chitrakoot,Yamuna Basin,2026-01-09 16:00:00+00:00,133.58196281618413,NORMAL,136.0,137.0,138.0,25.14133,80.85446,YMNCKT_2026-01-09T16:00:00+0000_133.5820
YMNCKT,Yamuna at Chitrakoot,Yamuna Basin,2026-01-09 17:00:00+00:00,133.63788265266612,NORMAL,136.0,137.0,138.0,25.14133,80.85446,YMNCKT_2026-01-09T17:00:00+0000_133.6379
YMNCKT,Yamuna at Chitrakoot,Yamuna Basin,2026-01-09 18:00:00+00:00,133.66866358645615,NORMAL,136.0,137.0,138.0,25.14133,80.85446,YMNCKT_2026-01-09T18:00:00+0000_133.6687
YMNCKT,Yamuna at Chitrakoot,Yamuna Basin,2026-01-09 19:00:00+00:00,133.6842443116652,NORMAL,136.0,137.0,138.0,25.14133,80.85446,YMNCKT_2026-01-09T19:00:00+0000_133.6842
YMNCKT,Yamuna at Chitrakoot,Yamuna Basin,2026-01-09 20:00:00+00:00,133.6517861504586,NORMAL,136.0,137.0,138.0,25.14133,80.85446,YMNCKT_2026-01-09T20:00:00+0000_133.6518
YMNCKT,Yamuna at Chitrakoot,Yamuna Basin,2026-01-09 21:00:00+00:00,133.64240810774612,NORMAL,136.0,137.0,138.0,25.14133,80.85446,YMNCKT_2026-01-09T21:00:00+0000_133.6424
YMNCKT,Yamuna at Chitrakoot,Yamuna Basin,2026-01-09 22:00:00+00:00,133.59051041986257,NORMAL,136.0,137.0,138.0,25.14133,80.85446,YMNCKT_2026-01-09T22:00:00+0000_133.5905
YMNCKT,Yamuna at Chitrakoot,Yamuna Basin,2026-01-09 23:00:00+00:00,133.6143551017819,NORMAL,136.0,137.0,138.0,25.14133,80.85446,YMNCKT_2026-01-09T23:00:00+0000_133.6144
YMNCKT,Yamuna at Chitrakoot,Yamuna Basin,2026-01-10 00:00:00+00:00,133.55203717861232,NORMAL,136.0,137.0,138.0,25.14133,80.85446,YMNCKT_2026-01-10T00:00:00+0000_133.5520
YMNCKT,Yamuna at Chitrakoot,Yamuna Basin,2026-01-10 01:00:00+00:00,133.51802673675002,NORMAL,136.0,137.0,138.0,25.14133,80.85446,YMNCKT_2026-01-10T01:00:00+0000_133.5180
YMNCKT,Yamuna at Chitrakoot,Yamuna Basin,2026-01-10 02:00:00+00:00,133.44667817287913,NORMAL,136.0,137.0,138.0,25.14133,80.85446,YMNCKT_2026-01-10T02:00:00+0000_133.4467
YMNCKT,Yamuna at Chitrakoot,Yamuna Basin,2026-01-10 03:00:00+00:00,133.39600524400143,NORMAL,136.0,137.0,138.0,25.14133,80.85446,YMNCKT_2026-01-10T03:00:00+0000_133.3960
YMNCKT,Yamuna at Chitrakoot,Yamuna Basin,2026-01-10 04:00:00+00:00,133.34587844410115,NORMAL,136.0,137.0,138.0,25.14133,80.85446,YMNCKT_2026-01-10T04:00:00+0000_133.3459
YMNCKT,Yamuna at Chitrakoot,Yamuna Basin,2026-01-10 05:00:00+00:00,133.3348067897,NORMAL,136.0,137.0,138.0,25.14133,80.85446,YMNCKT_2026-01-10T05:00:00+0000_133.3348
YMNCKT,Yamuna at Chitrakoot,Yamuna Basin,2026-01-10 06:00:00+00:00,133.30241859887036,NORMAL,136.0,137.0,138.0,25.14133,80.85446,YMNCKT_2026-01-10T06:00:00+0000_133.3024
YMNCKT,Yamuna at Chitrakoot,Yamuna Basin,2026-01-10 07:00:00+00:00,133.25580882269787,NORMAL,136.0,137.0,138.0,25.14133,80.85446,YMNCKT_2026-01-10T07:00:00+0000_133.2558
YMNCKT,Yamuna at Chitrakoot,Yamuna Basin,2026-01-10 08:00:00+00:00,133.31623240168912,NORMAL,136.0,137.0,138.0,25.14133,80.85446,YMNCKT_2026-01-10T08:00:00+0000_133.3162
YMNCKT,Yamuna at Chitrakoot,Yamuna Basin,2026-01-10 09:00:00+00:00,133.24401082092308,NORMAL,136.0,137.0,138.0,25.14133,80.85446,YMNCKT_2026-01-10T09:00:00+0000_133.2440
YMNCKT,Yamuna at Chitrakoot,Yamuna Basin,2026-01-10 10:00:00+00:00,133.3734480139778,NORMAL,136.0,137.0,138.0,25.14133,80.85446,YMNCKT_2026-01-10T10:00:00+0000_133.3734
YMNCKT,Yamuna at Chitrakoot,Yamuna Basin,2026-01-10 11:00:00+00:00,133.36890941194875,NORMAL,136.0,137.0,138.0,25.14133,80.85446,YMNCKT_2026-01-10T11:00:00+0000_133.3689
YMNCKT,Yamuna at Chitrakoot,Yamuna Basin,2026-01-10 12:00:00+00:00,133.45691704914512,NORMAL,136.0,137.0,138.0,25.14133,80.85446,YMNCKT_2026-01-10T12:00:00+0000_133.4569
YMNCKT,Yamuna at Chitrakoot,Yamuna Basin,2026-01-10 13:00:00+00:00,133.4786331707882,NORMAL,136.0,137.0,138.0,25.14133,80.85446,YMNCKT_2026-01-10T13:00:00+0000_133.4786
YMNCKT,Yamuna at Chitrakoot,Yamuna Basin,2026-01-10 14:00:00+00:00,133.5445108536105,NORMAL,136.0,137.0,138.0,25.14133,80.85446,YMNCKT_2026-01-10T14:00:00+0000_133.5445
YMNCKT,Yamuna at Chitrakoot,Yamuna Basin,2026-01-10 15:00:00+00:00,133.6348354514949,NORMAL,136.0,137.0,138.0,25.14133,80.85446,YMNCKT_2026-01-10T15:00:00+0000_133.6348
YMNCKT,Yamuna at Chitrakoot,Yamuna Basin,2026-01-10 16:00:00+00:00,133.60457491638135,NORMAL,136.0,137.0,138.0,25.14133,80.85446,YMNCKT_2026-01-10T16:00:00+0000_133.6046
YMNCKT,Yamuna at Chitrakoot,Yamuna Basin,2026-01-10 17:00:00+00:00,133.66245112557672,NORMAL,136.0,137.0,138.0,25.14133,80.85446,YMNCKT_2026-01-10T17:00:00+0000_133.6625
YMNCKT,Yamuna at Chitrakoot,Yamuna Basin,2026-01-10 18:00:00+00:00,133.6952120929018,NORMAL,136.0,137.0,138.0,25.14133,80.85446,YMNCKT_2026-01-10T18:00:00+0000_133.6952
YMNCKT,Yamuna at Chitrakoot,Yamuna Basin,2026-01-10 19:00:00+00:00,133.68706602001177,NORMAL,136.0,137.0,138.0,25.14133,80.85446,YMNCKT_2026-01-10T19:00:00+0000_133.6871
YMNCKT,Yamuna at Chitrakoot,Yamuna Basin,2026-01-10 20:00:00+00:00,133.6898626321493,NORMAL,136.0,137.0,138.0,25.14133,80.85446,YMNCKT_2026-01-10T20:00:00+0000_133.6899
YMNCKT,Yamuna at Chitrakoot,Yamuna Basin,2026-01-10 21:00:00+00:00,133.65247995852098,NORMAL,136.0,137.0,138.0,25.14133,80.85446,YMNCKT_2026-01-10T21:00:00+0000_133.6525
YMNCKT,Yamuna at Chitrakoot,Yamuna Basin,2026-01-10 22:00:00+00:00,133.63289262989272,NORMAL,136.0,137.0,138.0,25.14133,80.85446,YMNCKT_2026-01-10T22:00:00+0000_133.6329
YMNCKT,Yamuna at Chitrakoot,Yamuna Basin,2026-01-10 23:00:00+00:00,133.58384151692397,NORMAL,136.0,137.0,138.0,25.14133,80.85446,YMNCKT_2026-01-10T23:00:00+0000_133.5838
YMNCKT,Yamuna at Chitrakoot,Yamuna Basin,2026-01-11 00:00:00+00:00,133.55760462568932,NORMAL,136.0,137.0,138.0,25.14133,80.85446,YMNCKT_2026-01-11T00:00:00+0000_133.5576
YMNCKT,Yamuna at Chitrakoot,Yamuna Basin,2026-01-11 01:00:00+00:00,133.45830598902833,NORMAL,136.0,137.0,138.0,25.14133,80.85446,YMNCKT_2026-01-11T01:00:00+0000_133.4583
YMNCKT,Yamuna at Chitrakoot,Yamuna Basin,2026-01-11 02:00:00+00:00,133.40008749687814,NORMAL,136.0,137.0,138.0,25.14133,80.85446,YMNCKT_2026-01-11T02:00:00+0000_133.4001
YMNCKT,Yamuna at Chitrakoot,Yamuna Basin,2026-01-11 03:00:00+00:00,133.3429408019136,NORMAL,136.0,137.0,138.0,25.14133,80.85446,YMNCKT_2026-01-11T03:00:00+0000_133.3429
YMNCKT,Yamuna at Chitrakoot,Yamuna Basin,2026-01-11 04:00:00+00:00,133.34335752569734,NORMAL,136.0,137.0,138.0,25.14133,80.85446,YMNCKT_2026-01-11T04:00:00+0000_133.3434
YMNCKT,Yamuna at Chitrakoot,Yamuna Basin,2026-01-11 05:00:00+00:00,133.3381929045311,NORMAL,136.0,137.0,138.0,25.14133,80.85446,YMNCKT_2026-01-11T05:00:00+0000_133.3382
YMNCKT,Yamuna at Chitrakoot,Yamuna Basin,2026-01-11 06:00:00+00:00,133.30695164788932,NORMAL,136.0,137.0,138.0,25.14133,80.85446,YMNCKT_2026-01-11T06:00:00+0000_133.3070
YMNCKT,Yamuna at Chitrakoot,Yamuna Basin,2026-01-11 07:00:00+00:00,133.22483704482457,NORMAL,136.0,137.0,138.0,25.14133,80.85446,YMNCKT_2026-01-11T07:00:00+0000_133.2248
YMNCKT,Yamuna at Chitrakoot,Yamuna Basin,2026-01-11 08:00:00+00:00,133.3114226433315,NORMAL,136.0,137.0,138.0,25.14133,80.85446,YMNCKT_2026-01-11T08:00:00+0000_133.3114
YMNCKT,Yamuna at Chitrakoot,Yamuna Basin,2026-01-11 09:00:00+00:00,133.24302606837517,NORMAL,136.0,137.0,138.0,25.14133,80.85446,YMNCKT_2026-01-11T09:00:00+0000_133.2430
YMNCKT,Yamuna at Chitrakoot,Yamuna Basin,2026-01-11 10:00:00+00:00,133.3307413881356,NORMAL,136.0,137.0,138.0,25.14133,80.85446,YMNCKT_2026-01-11T10:00:00+0000_133.3307
YMNCKT,Yamuna at Chitrakoot,Yamuna Basin,2026-01-11 11:00:00+00:00,133.3368665573627,NORMAL,136.0,137.0,138.0,25.14133,80.85446,YMNCKT_2026-01-11T11:00:00+0000_133.3369
YMNCKT,Yamuna at Chitrakoot,Yamuna Basin,2026-01-11 12:00:00+00:00,133.40838463913474,NORMAL,136.0,137.0,138.0,25.14133,80.85446,YMNCKT_2026-01-11T12:00:00+0000_133.4084
YMNCKT,Yamuna at Chitrakoot,Yamuna Basin,2026-01-11 13:00:00+00:00,133.45036461015073,NORMAL,136.0,137.0,138.0,25.14133,80.85446,YMNCKT_2026-01-11T13:00:00+0000_133.4504
YMNCKT,Yamuna at Chitrakoot,Yamuna Basin,2026-01-11 14:00:00+00:00,,,136.0,137.0,138.0,25.14133,80.85446,YMNCKT_2026-01-11T14:00:00+0000_
YMNCKT,Yamuna at Chitrakoot,Yamuna Basin,2026-01-11 15:00:00+00:00,133.63101488605395,NORMAL,136.0,137.0,138.0,25.14133,80.85446,YMNCKT_2026-01-11T15:00:00+0000_133.6310
YMNCKT,Yamuna at Chitrakoot,Yamuna Basin,2026-01-11 16:00:00+00:00,133.62688295228244,NORMAL,136.0,137.0,138.0,25.14133,80.85446,YMNCKT_2026-01-11T16:00:00+0000_133.6269
YMNCKT,Yamuna at Chitrakoot,Yamuna Basin,2026-01-11 17:00:00+00:00,133.65894086487242,NORMAL,136.0,137.0,138.0,25.14133,80.85446,YMNCKT_2026-01-11T17:00:00+0000_133.6589
YMNCKT,Yamuna at Chitrakoot,Yamuna Basin,2026-01-11 18:00:00+00:00,133.67691257289064,NORMAL,136.0,137.0,138.0,25.14133,80.85446,YMNCKT_2026-01-11T18:00:00+0000_133.6769
YMNCKT,Yamuna at Chitrakoot,Yamuna Basin,2026-01-11 19:00:00+00:00,133.70365836728757,NORMAL,136.0,137.0,138.0,25.14133,80.85446,YMNCKT_2026-01-11T19:00:00+0000_133.7037
YMNCKT,Yamuna at Chitrakoot,Yamuna Basin,2026-01-11 20:00:00+00:00,133.69843894478242,NORMAL,136.0,137.0,138.0,25.14133,80.85446,YMNCKT_2026-01-11T20:00:00+0000_133.6984
YMNCKT,Yamuna at Chitrakoot,Yamuna Basin,2026-01-11 21:00:00+00:00,133.64225943738637,NORMAL,136.0,137.0,138.0,25.14133,80.85446,YMNCKT_2026-01-11T21:00:00+0000_133.6423
YMNCKT,Yamuna at Chitrakoot,Yamuna Basin,2026-01-11 22:00:00+00:00,133.65776427557245,NORMAL,136.0,137.0,138.0,25.14133,80.85446,YMNCKT_2026-01-11T22:00:00+0000_133.6578
YMNCKT,Yamuna at Chitrakoot,Yamuna Basin,2026-01-11 23:00:00+00:00,133.54442659108008,NORMAL,136.0,137.0,138.0,25.14133,80.85446,YMNCKT_2026-01-11T23:00:00+0000_133.5444
YMNCKT,Yamuna at Chitrakoot,Yamuna Basin,2026-01-12 00:00:00+00:00,133.55660783715467,NORMAL,136.0,137.0,138.0,25.14133,80.85446,YMNCKT_2026-01-12T00:00:00+0000_133.5566
YMNCKT,Yamuna at Chitrakoot,Yamuna Basin,2026-01-12 01:00:00+00:00,133.50233430837832,NORMAL,136.0,137.0,138.0,25.14133,80.85446,YMNCKT_2026-01-12T01:00:00+0000_133.5023
YMNCKT,Yamuna at Chitrakoot,Yamuna Basin,2026-01-12 02:00:00+00:00,133.4411187609032,NORMAL,136.0,137.0,138.0,25.14133,80.85446,YMNCKT_2026-01-12T02:00:00+0000_133.4411
YMNCKT,Yamuna at Chitrakoot,Yamuna Basin,2026-01-12 03:00:00+00:00,133.41442139824878,NORMAL,136.0,137.0,138.0,25.14133,80.85446,YMNCKT_2026-01-12T03:00:00+0000_133.4144
YMNCKT,Yamuna at Chitrakoot,Yamuna Basin,2026-01-12 04:00:00+00:00,133.3673002118231,NORMAL,136.0,137.0,138.0,25.14133,80.85446,YMNCKT_2026-01-12T04:00:00+0000_133.3673
YMNCKT,Yamuna at Chitrakoot,Yamuna Basin,2026-01-12 05:00:00+00:00,133.27701349837528,NORMAL,136.0,137.0,138.0,25.14133,80.85446,YMNCKT_2026-01-12T05:00:00+0000_133.2770
YMNCKT,Yamuna at Chitrakoot,Yamuna Basin,2026-01-12 06:00:00+00:00,133.26484414761433,NORMAL,136.0,137.0,138.0,25.14133,80.85446,YMNCKT_2026-01-12T06:00:00+0000_133.2648
YMNCKT,Yamuna at Chitrakoot,Yamuna Basin,2026-01-12 07:00:00+00:00,133.2204043322616,NORMAL,136.0,137.0,138.0,25.14133,80.85446,YMNCKT_2026-01-12T07:00:00+0000_133.2204
YMNCKT,Yamuna at Chitrakoot,Yamuna Basin,2026-01-12 08:00:00+00:00,133.27261640747946,NORMAL,136.0,137.0,138.0,25.14133,80.85446,YMNCKT_2026-01-12T08:00:00+0000_133.2726
YMNCKT,Yamuna at Chitrakoot,Yamuna Basin,2026-01-12 09:00:00+00:00,133.2525244287247,NORMAL,136.0,137.0,138.0,25.14133,80.85446,YMNCKT_2026-01-12T09:00:00+0000_133.2525
YMNCKT,Yamuna at Chitrakoot,Yamuna Basin,2026-01-12 10:00:00+00:00,133.30929098722828,NORMAL,136.0,137.0,138.0,25.14133,80.85446,YMNCKT_2026-01-12T10:00:00+0000_133.3093
YMNCKT,Yamuna at Chitrakoot,Yamuna Basin,2026-01-12 11:00:00+00:00,133.4174999012942,NORMAL,136.0,137.0,138.0,25.14133,80.85446,YMNCKT_2026-01-12T11:00:00+0000_133.4175
YMNCKT,Yamuna at Chitrakoot,Yamuna Basin,2026-01-12 12:00:00+00:00,133.44520132847094,NORMAL,136.0,137.0,138.0,25.14133,80.85446,YMNCKT_2026-01-12T12:00:00+0000_133.4452
YMNCKT,Yamuna at Chitrakoot,Yamuna Basin,2026-01-12 13:00:00+00:00,133.44184466136042,NORMAL,136.0,137.0,138.0,25.14133,80.85446,YMNCKT_2026-01-12T13:00:00+0000_133.4418
YMNCKT,Yamuna at Chitrakoot,Yamuna Basin,2026-01-12 14:00:00+00:00,133.52585951271485,NORMAL,136.0,137.0,138.0,25.14133,80.85446,YMNCKT_2026-01-12T14:00:00+0000_133.5259
YMNCKT,Yamuna at Chitrakoot,Yamuna Basin,2026-01-12 15:00:00+00:00,133.61315471227428,NORMAL,136.0,137.0,138.0,25.14133,80.85446,YMNCKT_2026-01-12T15:00:00+0000_133.6132
YMNCKT,Yamuna at Chitrakoot,Yamuna Basin,2026-01-12 16:00:00+00:00,133.6771330417565,NORMAL,136.0,137.0,138.0,25.14133,80.85446,YMNCKT_2026-01-12T16:00:00+0000_133.6771
YMNCKT,Yamuna at Chitrakoot,Yamuna Basin,2026-01-12 17:00:00+00:00,133.66447901701108,NORMAL,136.0,137.0,138.0,25.14133,80.85446,YMNCKT_2026-01-12T17:00:00+0000_133.6645
YMNCKT,Yamuna at Chitrakoot,Yamuna Basin,2026-01-12 18:00:00+00:00,133.7120177888406,NORMAL,136.0,137.0,138.0,25.14133,80.85446,YMNCKT_2026-01-12T18:00:00+0000_133.7120
YMNCKT,Yamuna at Chitrakoot,Yamuna Basin,2026-01-12 19:00:00+00:00,133.723004486022,NORMAL,136.0,137.0,138.0,25.14133,80.85446,YMNCKT_2026-01-12T19:00:00+0000_133.7230
YMNCKT,Yamuna at Chitrakoot,Yamuna Basin,2026-01-12 20:00:00+00:00,133.7290202214254,NORMAL,136.0,137.0,138.0,25.14133,80.85446,YMNCKT_2026-01-12T20:00:00+0000_133.7290
YMNCKT,Yamuna at Chitrakoot,Yamuna Basin,2026-01-12 21:00:00+00:00,133.64384244147544,NORMAL,136.0,137.0,138.0,25.14133,80.85446,YMNCKT_2026-01-12T21:00:00+0000_133.6438
YMNCKT,Yamuna at Chitrakoot,Yamuna Basin,2026-01-12 22:00:00+00:00,133.63429037982615,NORMAL,136.0,137.0,138.0,25.14133,80.85446,YMNCKT_2026-01-12T22:00:00+0000_133.6343
YMNCKT,Yamuna at Chitrakoot,Yamuna Basin,2026-01-12 23:00:00+00:00,133.63595221766428,NORMAL,136.0,137.0,138.0,25.14133,80.85446,YMNCKT_2026-01-12T23:00:00+0000_133.6360
YMNCKT,Yamuna at Chitrakoot,Yamuna Basin,2026-01-13 00:00:00+00:00,133.5195535659553,NORMAL,136.0,137.0,138.0,25.14133,80.85446,YMNCKT_2026-01-13T00:00:00+0000_133.5196
YMNCKT,Yamuna at Chitrakoot,Yamuna Basin,2026-01-13 01:00:00+00:00,133.49007003580928,NORMAL,136.0,137.0,138.0,25.14133,80.85446,YMNCKT_2026-01-13T01:00:00+0000_133.4901
YMNCKT,Yamuna at Chitrakoot,Yamuna Basin,2026-01-13 02:00:00+00:00,133.451049627541,NORMAL,136.0,137.0,138.0,25.14133,80.85446,YMNCKT_2026-01-13T02:00:00+0000_133.4510
YMNCKT,Yamuna at Chitrakoot,Yamuna Basin,2026-01-13 03:00:00+00:00,133.4115458614165,NORMAL,136.0,137.0,138.0,25.14133,80.85446,YMNCKT_2026-01-13T03:00:00+0000_133.4115
YMNCKT,Yamuna at Chitrakoot,Yamuna Basin,2026-01-13 04:00:00+00:00,133.28337931940544,NORMAL,136.0,137.0,138.0,25.14133,80.85446,YMNCKT_2026-01-13T04:00:00+0000_133.2834
YMNCKT,Yamuna at Chitrakoot,Yamuna Basin,2026-01-13 05:00:00+00:00,133.29019434360515,NORMAL,136.0,137.0,138.0,25.14133,80.85446,YMNCKT_2026-01-13T05:00:00+0000_133.2902
YMNCKT,Yamuna at Chitrakoot,Yamuna Basin,2026-01-13 06:00:00+00:00,133.2502201439037,NORMAL,136.0,137.0,138.0,25.14133,80.85446,YMNCKT_2026-01-13T06:00:00+0000_133.2502
YMNCKT,Yamuna at Chitrakoot,Yamuna Basin,2026-01-13 07:00:00+00:00,133.24613522861023,NORMAL,136.0,137.0,138.0,25.14133,80.85446,YMNCKT_2026-01-13T07:00:00+0000_133.2461
YMNCKT,Yamuna at Chitrakoot,Yamuna Basin,2026-01-13 08:00:00+00:00,133.31001549658305,NORMAL,136.0,137.0,138.0,25.14133,80.85446,YMNCKT_2026-01-13T08:00:00+0000_133.3100
YMNCKT,Yamuna at Chitrakoot,Yamuna Basin,2026-01-13 09:00:00+00:00,133.28681447369016,NORMAL,136.0,137.0,138.0,25.14133,80.85446,YMNCKT_2026-01-13T09:00:00+0000_133.2868
YMNCKT,Yamuna at Chitrakoot,Yamuna Basin,2026-01-13 10:00:00+00:00,133.32824751994534,NORMAL,136.0,137.0,138.0,25.14133,80.85446,YMNCKT_2026-01-13T10:00:00+0000_133.3282
YMNCKT,Yamuna at Chitrakoot,Yamuna Basin,2026-01-13 11:00:00+00:00,133.4079135440704,NORMAL,136.0,137.0,138.0,25.14133,80.85446,YMNCKT_2026-01-13T11:00:00+0000_133.4079
YMNCKT,Yamuna at Chitrakoot,Yamuna Basin,2026-01-13 12:00:00+00:00,133.38739868248945,NORMAL,136.0,137.0,138.0,25.14133,80.85446,YMNCKT_2026-01-13T12:00:00+0000_133.3874
YMNCKT,Yamuna at Chitrakoot,Yamuna Basin,2026-01-13 13:00:00+00:00,133.49411548027027,NORMAL,136.0,137.0,138.0,25.14133,80.85446,YMNCKT_2026-01-13T13:00:00+0000_133.4941
YMNCKT,Yamuna at Chitrakoot,Yamuna Basin,2026-01-13 14:00:00+00:00,133.57641110105828,NORMAL,136.0,137.0,138.0,25.14133,80.85446,YMNCKT_2026-01-13T14:00:00+0000_133.5764
YMNCKT,Yamuna at Chitrakoot,Yamuna Basin,2026-01-13 15:00:00+00:00,133.55034955092498,NORMAL,136.0,137.0,138.0,25.14133,80.85446,YMNCKT_2026-01-13T15:00:00+0000_133.5503
YMNCKT,Yamuna at Chitrakoot,Yamuna Basin,2026-01-13 16:00:00+00:00,133.6264606302039,NORMAL,136.0,137.0,138.0,25.14133,80.85446,YMNCKT_2026-01-13T16:00:00+0000_133.6265
YMNCKT,Yamuna at Chitrakoot,Yamuna Basin,2026-01-13 17:00:00+00:00,133.6310444859392,NORMAL,136.0,137.0,138.0,25.14133,80.85446,YMNCKT_2026-01-13T17:00:00+0000_133.6310
YMNCKT,Yamuna at Chitrakoot,Yamuna Basin,2026-01-13 18:00:00+00:00,133.71652385765708,NORMAL,136.0,137.0,138.0,25.14133,80.85446,YMNCKT_2026-01-13T18:00:00+0000_133.7165
YMNCKT,Yamuna at Chitrakoot,Yamuna Basin,2026-01-13 19:00:00+00:00,133.72568409522373,NORMAL,136.0,137.0,138.0,25.14133,80.85446,YMNCKT_2026-01-13T19:00:00+0000_133.7257
YMNCKT,Yamuna at Chitrakoot,Yamuna Basin,2026-01-13 20:00:00+00:00,133.6664315199752,NORMAL,136.0,137.0,138.0,25.14133,80.85446,YMNCKT_2026-01-13T20:00:00+0000_133.6664
YMNCKT,Yamuna at Chitrakoot,Yamuna Basin,2026-01-13 21:00:00+00:00,133.67995738149202,NORMAL,136.0,137.0,138.0,25.14133,80.85446,YMNCKT_2026-01-13T21:00:00+0000_133.6800
YMNCKT,Yamuna at Chitrakoot,Yamuna Basin,2026-01-13 22:00:00+00:00,133.64737383332147,NORMAL,136.0,137.0,138.0,25.14133,80.85446,YMNCKT_2026-01-13T22:00:00+0000_133.6474
YMNCKT,Yamuna at Chitrakoot,Yamuna Basin,2026-01-13 23:00:00+00:00,133.6213471812803,NORMAL,136.0,137.0,138.0,25.14133,80.85446,YMNCKT_2026-01-13T23:00:00+0000_133.6213
YMNCKT,Yamuna at Chitrakoot,Yamuna Basin,2026-01-14 00:00:00+00:00,133.56288590098535,NORMAL,136.0,137.0,138.0,25.14133,80.85446,YMNCKT_2026-01-14T00:00:00+0000_133.5629
YMNCKT,Yamuna at Chitrakoot,Yamuna Basin,2026-01-14 01:00:00+00:00,133.49395506249252,NORMAL,136.0,137.0,138.0,25.14133,80.85446,YMNCKT_2026-01-14T01:00:00+0000_133.4940
YMNCKT,Yamuna at Chitrakoot,Yamuna Basin,2026-01-14 02:00:00+00:00,133.45653706510393,NORMAL,136.0,137.0,138.0,25.14133,80.85446,YMNCKT_2026-01-14T02:00:00+0000_133.4565
YMNCKT,Yamuna at Chitrakoot,Yamuna Basin,2026-01-14 03:00:00+00:00,133.33381355085044,NORMAL,136.0,137.0,138.0,25.14133,80.85446,YMNCKT_2026-01-14T03:00:00+0000_133.3338
YMNCKT,Yamuna at Chitrakoot,Yamuna Basin,2026-01-14 04:00:00+00:00,133.33076313955328,NORMAL,136.0,137.0,138.0,25.14133,80.85446,YMNCKT_2026-01-14T04:00:00+0000_133.3308
YMNCKT,Yamuna at Chitrakoot,Yamuna Basin,2026-01-14 05:00:00+00:00,133.30014444247848,NORMAL,136.0,137.0,138.0,25.14133,80.85446,YMNCKT_2026-01-14T05:00:00+0000_133.3001
YMNCKT,Yamuna at Chitrakoot,Yamuna Basin,2026-01-14 06:00:00+00:00,133.24100955301674,NORMAL,136.0,137.0,138.0,25.14133,80.85446,YMNCKT_2026-01-14T06:00:00+0000_133.2410
YMNCKT,Yamuna at Chitrakoot,Yamuna Basin,2026-01-14 07:00:00+00:00,133.26713081546933,NORMAL,136.0,137.0,138.0,25.14133,80.85446,YMNCKT_2026-01-14T07:00:00+0000_133.2671
YMNCKT,Yamuna at Chitrakoot,Yamuna Basin,2026-01-14 08:00:00+00:00,133.2321090132569,NORMAL,136.0,137.0,138.0,25.14133,80.85446,YMNCKT_2026-01-14T08:00:00+0000_133.2321
YMNCKT,Yamuna at Chitrakoot,Yamuna Basin,2026-01-14 09:00:00+00:00,133.3227998303259,NORMAL,136.0,137.0,138.0,25.14133,80.85446,YMNCKT_2026-01-14T09:00:00+0000_133.3228
YMNCKT,Yamuna at Chitrakoot,Yamuna Basin,2026-01-14 10:00:00+00:00,133.36100422769505,NORMAL,136.0,137.0,138.0,25.14133,80.85446,YMNCKT_2026-01-14T10:00:00+0000_133.3610
YMNCKT,Yamuna at Chitrakoot,Yamuna Basin,2026-01-14 11:00:00+00:00,133.3575029103918,NORMAL,136.0,137.0,138.0,25.14133,80.85446,YMNCKT_2026-01-14T11:00:00+0000_133.3575
YMNCKT,Yamuna at Chitrakoot,Yamuna Basin,2026-01-14 12:00:00+00:00,133.44268043470984,NORMAL,136.0,137.0,138.0,25.14133,80.85446,YMNCKT_2026-01-14T12:00:00+0000_133.4427
YMNCKT,Yamuna at Chitrakoot,Yamuna Basin,2026-01-14 13:00:00+00:00,133.52405556473235,NORMAL,136.0,137.0,138.0,25.14133,80.85446,YMNCKT_2026-01-14T13:00:00+0000_133.5241
YMNCKT,Yamuna at Chitrakoot,Yamuna Basin,2026-01-14 14:00:00+00:00,133.56682279053763,NORMAL,136.0,137.0,138.0,25.14133,80.85446,YMNCKT_2026-01-14T14:00:00+0000_133.5668
YMNCKT,Yamuna at Chitrakoot,Yamuna Basin,2026-01-14 15:00:00+00:00,133.55937291402626,NORMAL,136.0,137.0,138.0,25.14133,80.85446,YMNCKT_2026-01-14T15:00:00+0000_133.5594
YMNCKT,Yamuna at Chitrakoot,Yamuna Basin,2026-01-14 16:00:00+00:00,133.6305470169691,NORMAL,136.0,137.0,138.0,25.14133,80.85446,YMNCKT_2026-01-14T16:00:00+0000_133.6305
YMNCKT,Yamuna at Chitrakoot,Yamuna Basin,2026-01-14 17:00:00+00:00,133.715554381251,NORMAL,136.0,137.0,138.0,25.14133,80.85446,YMNCKT_2026-01-14T17:00:00+0000_133.7156
YMNCKT,Yamuna at Chitrakoot,Yamuna Basin,2026-01-14 18:00:00+00:00,133.64698770119858,NORMAL,136.0,137.0,138.0,25.14133,80.85446,YMNCKT_2026-01-14T18:00:00+0000_133.6470
YMNCKT,Yamuna at Chitrakoot,Yamuna Basin,2026-01-14 19:00:00+00:00,133.6738419136777,NORMAL,136.0,137.0,138.0,25.14133,80.85446,YMNCKT_2026-01-14T19:00:00+0000_133.6738
YMNCKT,Yamuna at Chitrakoot,Yamuna Basin,2026-01-14 20:00:00+00:00,133.70848168439082,NORMAL,136.0,137.0,138.0,25.14133,80.85446,YMNCKT_2026-01-14T20:00:00+0000_133.7085
YMNCKT,Yamuna at Chitrakoot,Yamuna Basin,2026-01-14 21:00:00+00:00,133.64137335707738,NORMAL,136.0,137.0,138.0,25.14133,80.85446,YMNCKT_2026-01-14T21:00:00+0000_133.6414
YMNCKT,Yamuna at Chitrakoot,Yamuna Basin,2026-01-14 22:00:00+00:00,133.65371117103788,NORMAL,136.0,137.0,138.0,25.14133,80.85446,YMNCKT_2026-01-14T22:00:00+0000_133.6537
YMNCKT,Yamuna at Chitrakoot,Yamuna Basin,2026-01-14 23:00:00+00:00,133.59777424858828,NORMAL,136.0,137.0,138.0,25.14133,80.85446,YMNCKT_2026-01-14T23:00:00+0000_133.5978
YMNCKT,Yamuna at Chitrakoot,Yamuna Basin,2026-01-15 00:00:00+00:00,133.58636878475178,NORMAL,136.0,137.0,138.0,25.14133,80.85446,YMNCKT_2026-01-15T00:00:00+0000_133.5864
YMNCKT,Yamuna at Chitrakoot,Yamuna Basin,2026-01-15 01:00:00+00:00,133.48985055339853,NORMAL,136.0,137.0,138.0,25.14133,80.85446,YMNCKT_2026-01-15T01:00:00+0000_133.4899
YMNCKT,Yamuna at Chitrakoot,Yamuna Basin,2026-01-15 02:00:00+00:00,133.41063804734364,NORMAL,136.0,137.0,138.0,25.14133,80.85446,YMNCKT_2026-01-15T02:00:00+0000_133.4106
YMNCKT,Yamuna at Chitrakoot,Yamuna Basin,2026-01-15 03:00:00+00:00,133.4174933757485,NORMAL,136.0,137.0,138.0,25.14133,80.85446,YMNCKT_2026-01-15T03:00:00+0000_133.4175
YMNCKT,Yamuna at Chitrakoot,Yamuna Basin,2026-01-15 04:00:00+00:00,133.33426426584555,NORMAL,136.0,137.0,138.0,25.14133,80.85446,YMNCKT_2026-01-15T04:00:00+0000_133.3343
YMNCKT,Yamuna at Chitrakoot,Yamuna Basin,2026-01-15 05:00:00+00:00,133.34438375794346,NORMAL,136.0,137.0,138.0,25.14133,80.85446,YMNCKT_2026-01-15T05:00:00+0000_133.3444
YMNCKT,Yamuna at Chitrakoot,Yamuna Basin,2026-01-15 06:00:00+00:00,133.23825261173937,NORMAL,136.0,137.0,138.0,25.14133,80.85446,YMNCKT_2026-01-15T06:00:00+0000_133.2383
YMNCKT,Yamuna at Chitrakoot,Yamuna Basin,2026-01-15 07:00:00+00:00,133.26123317607482,NORMAL,136.0,137.0,138.0,25.14133,80.85446,YMNCKT_2026-01-15T07:00:00+0000_133.2612
YMNCKT,Yamuna at Chitrakoot,Yamuna Basin,2026-01-15 08:00:00+00:00,133.30719726322695,NORMAL,136.0,137.0,138.0,25.14133,80.85446,YMNCKT_2026-01-15T08:00:00+0000_133.3072
YMNCKT,Yamuna at Chitrakoot,Yamuna Basin,2026-01-15 09:00:00+00:00,133.32961495410072,NORMAL,136.0,137.0,138.0,25.14133,80.85446,YMNCKT_2026-01-15T09:00:00+0000_133.3296
YMNCKT,Yamuna at Chitrakoot,Yamuna Basin,2026-01-15 10:00:00+00:00,133.34479100752196,NORMAL,136.0,137.0,138.0,25.14133,80.85446,YMNCKT_2026-01-15T10:00:00+0000_133.3448
YMNCKT,Yamuna at Chitrakoot,Yamuna Basin,2026-01-15 11:00:00+00:00,133.369366682577,NORMAL,136.0,137.0,138.0,25.14133,80.85446,YMNCKT_2026-01-15T11:00:00+0000_133.3694
YMNCKT,Yamuna at Chitrakoot,Yamuna Basin,2026-01-15 12:00:00+00:00,133.39515544284913,NORMAL,136.0,137.0,138.0,25.14133,80.85446,YMNCKT_2026-01-15T12:00:00+0000_133.3952
YMNCKT,Yamuna at Chitrakoot,Yamuna Basin,2026-01-15 13:00:00+00:00,133.4694708845015,NORMAL,136.0,137.0,138.0,25.14133,80.85446,YMNCKT_2026-01-15T13:00:00+0000_133.4695
YMNCKT,Yamuna at Chitrakoot,Yamuna Basin,2026-01-15 14:00:00+00:00,133.57601254937225,NORMAL,136.0,137.0,138.0,25.14133,80.85446,YMNCKT_2026-01-15T14:00:00+0000_133.5760
YMNCKT,Yamuna at Chitrakoot,Yamuna Basin,2026-01-15 15:00:00+00:00,133.562492234997,NORMAL,136.0,137.0,138.0,25.14133,80.85446,YMNCKT_2026-01-15T15:00:00+0000_133.5625
YMNCKT,Yamuna at Chitrakoot,Yamuna Basin,2026-01-15 16:00:00+00:00,133.61908680948503,NORMAL,136.0,137.0,138.0,25.14133,80.85446,YMNCKT_2026-01-15T16:00:00+0000_133.6191
YMNCKT,Yamuna at Chitrakoot,Yamuna Basin,2026-01-15 17:00:00+00:00,133.6315773615566,NORMAL,136.0,137.0,138.0,25.14133,80.85446,YMNCKT_2026-01-15T17:00:00+0000_133.6316
YMNCKT,Yamuna at Chitrakoot,Yamuna Basin,2026-01-15 18:00:00+00:00,133.6673958702879,NORMAL,136.0,137.0,138.0,25.14133,80.85446,YMNCKT_2026-01-15T18:00:00+0000_133.6674
YMNCKT,Yamuna at Chitrakoot,Yamuna Basin,2026-01-15 19:00:00+00:00,,,136.0,137.0,138.0,25.14133,80.85446,YMNCKT_2026-01-15T19:00:00+0000_
YMNCKT,Yamuna at Chitrakoot,Yamuna Basin,2026-01-15 20:00:00+00:00,133.6799149489201,NORMAL,136.0,137.0,138.0,25.14133,80.85446,YMNCKT_2026-01-15T20:00:00+0000_133.6799
YMNCKT,Yamuna at Chitrakoot,Yamuna Basin,2026-01-15 21:00:00+00:00,133.62788463476707,NORMAL,136.0,137.0,138.0,25.14133,80.85446,YMNCKT_2026-01-15T21:00:00+0000_133.6279
YMNCKT,Yamuna at Chitrakoot,Yamuna Basin,2026-01-15 22:00:00+00:00,133.68921514398195,NORMAL,136.0,137.0,138.0,25.14133,80.85446,YMNCKT_2026-01-15T22:00:00+0000_133.6892
YMNCKT,Yamuna at Chitrakoot,Yamuna Basin,2026-01-15 23:00:00+00:00,133.6367074917572,NORMAL,136.0,137.0,138.0,25.14133,80.85446,YMNCKT_2026-01-15T23:00:00+0000_133.6367
YMNCKT,Yamuna at Chitrakoot,Yamuna Basin,2026-01-16 00:00:00+00:00,133.5198564332244,NORMAL,136.0,137.0,138.0,25.14133,80.85446,YMNCKT_2026-01-16T00:00:00+0000_133.5199
YMNCKT,Yamuna at Chitrakoot,Yamuna Basin,2026-01-16 01:00:00+00:00,133.52749228688265,NORMAL,136.0,137.0,138.0,25.14133,80.85446,YMNCKT_2026-01-16T01:00:00+0000_133.5275
YMNCKT,Yamuna at Chitrakoot,Yamuna Basin,2026-01-16 02:00:00+00:00,133.46053279921037,NORMAL,136.0,137.0,138.0,25.14133,80.85446,YMNCKT_2026-01-16T02:00:00+0000_133.4605
YMNCKT,Yamuna at Chitrakoot,Yamuna Basin,2026-01-16 03:00:00+00:00,133.41431023923107,NORMAL,136.0,137.0,138.0,25.14133,80.85446,YMNCKT_2026-01-16T03:00:00+0000_133.4143
YMNCKT,Yamuna at Chitrakoot,Yamuna Basin,2026-01-16 04:00:00+00:00,133.30391507789233,NORMAL,136.0,137.0,138.0,25.14133,80.85446,YMNCKT_2026-01-16T04:00:00+0000_133.3039
YMNCKT,Yamuna at Chitrakoot,Yamuna Basin,2026-01-16 05:00:00+00:00,133.29781445749344,NORMAL,136.0,137.0,138.0,25.14133,80.85446,YMNCKT_2026-01-16T05:00:00+0000_133.2978
YMNCKT,Yamuna at Chitrakoot,Yamuna Basin,2026-01-16 06:00:00+00:00,133.25187562889263,NORMAL,136.0,137.0,138.0,25.14133,80.85446,YMNCKT_2026-01-16T06:00:00+0000_133.2519
YMNCKT,Yamuna at Chitrakoot,Yamuna Basin,2026-01-16 07:00:00+00:00,133.30703125416318,NORMAL,136.0,137.0,138.0,25.14133,80.85446,YMNCKT_2026-01-16T07:00:00+0000_133.3070
YMNCKT,Yamuna at Chitrakoot,Yamuna Basin,2026-01-16 08:00:00+00:00,133.31810178548218,NORMAL,136.0,137.0,138.0,25.14133,80.85446,YMNCKT_2026-01-16T08:00:00+0000_133.3181
YMNCKT,Yamuna at Chitrakoot,Yamuna Basin,2026-01-16 09:00:00+00:00,133.25142247583264,NORMAL,136.0,137.0,138.0,25.14133,80.85446,YMNCKT_2026-01-16T09:00:00+0000_133.2514
YMNCKT,Yamuna at Chitrakoot,Yamuna Basin,2026-01-16 10:00:00+00:00,133.32991543081218,NORMAL,136.0,137.0,138.0,25.14133,80.85446,YMNCKT_2026-01-16T10:00:00+0000_133.3299
YMNCKT,Yamuna at Chitrakoot,Yamuna Basin,2026-01-16 11:00:00+00:00,133.38836402095583,NORMAL,136.0,137.0,138.0,25.14133,80.85446,YMNCKT_2026-01-16T11:00:00+0000_133.3884
YMNCKT,Yamuna at Chitrakoot,Yamuna Basin,2026-01-16 12:00:00+00:00,133.42294355970907,NORMAL,136.0,137.0,138.0,25.14133,80.85446,YMNCKT_2026-01-16T12:00:00+0000_133.4229
YMNCKT,Yamuna at Chitrakoot,Yamuna Basin,2026-01-16 13:00:00+00:00,133.444125892848,NORMAL,136.0,137.0,138.0,25.14133,80.85446,YMNCKT_2026-01-16T13:00:00+0000_133.4441
YMNCKT,Yamuna at Chitrakoot,Yamuna Basin,2026-01-16 14:00:00+00:00,133.5736847658755,NORMAL,136.0,137.0,138.0,25.14133,80.85446,YMNCKT_2026-01-16T14:00:00+0000_133.5737
YMNCKT,Yamuna at Chitrakoot,Yamuna Basin,2026-01-16 15:00:00+00:00,133.58833799357163,NORMAL,136.0,137.0,138.0,25.14133,80.85446,YMNCKT_2026-01-16T15:00:00+0000_133.5883
YMNCKT,Yamuna at Chitrakoot,Yamuna Basin,2026-01-16 16:00:00+00:00,133.65021729543864,NORMAL,136.0,137.0,138.0,25.14133,80.85446,YMNCKT_2026-01-16T16:00:00+0000_133.6502
YMNCKT,Yamuna at Chitrakoot,Yamuna Basin,2026-01-16 17:00:00+00:00,133.70781077594302,NORMAL,136.0,137.0,138.0,25.14133,80.85446,YMNCKT_2026-01-16T17:00:00+0000_133.7078
YMNCKT,Yamuna at Chitrakoot,Yamuna Basin,2026-01-16 18:00:00+00:00,133.7092076697112,NORMAL,136.0,137.0,138.0,25.14133,80.85446,YMNCKT_2026-01-16T18:00:00+0000_133.7092
YMNCKT,Yamuna at Chitrakoot,Yamuna Basin,2026-01-16 19:00:00+00:00,133.72572939043673,NORMAL,136.0,137.0,138.0,25.14133,80.85446,YMNCKT_2026-01-16T19:00:00+0000_133.7257
YMNCKT,Yamuna at Chitrakoot,Yamuna Basin,2026-01-16 20:00:00+00:00,133.67168163823754,NORMAL,136.0,137.0,138.0,25.14133,80.85446,YMNCKT_2026-01-16T20:00:00+0000_133.6717
YMNCKT,Yamuna at Chitrakoot,Yamuna Basin,2026-01-16 21:00:00+00:00,133.62878666894605,NORMAL,136.0,137.0,138.0,25.14133,80.85446,YMNCKT_2026-01-16T21:00:00+0000_133.6288
YMNCKT,Yamuna at Chitrakoot,Yamuna Basin,2026-01-16 22:00:00+00:00,133.63847294359115,NORMAL,136.0,137.0,138.0,25.14133,80.85446,YMNCKT_2026-01-16T22:00:00+0000_133.6385
YMNCKT,Yamuna at Chitrakoot,Yamuna Basin,2026-01-16 23:00:00+00:00,133.61646413360566,NORMAL,136.0,137.0,138.0,25.14133,80.85446,YMNCKT_2026-01-16T23:00:00+0000_133.6165
YMNCKT,Yamuna at Chitrakoot,Yamuna Basin,2026-01-17 00:00:00+00:00,133.52992085204266,NORMAL,136.0,137.0,138.0,25.14133,80.85446,YMNCKT_2026-01-17T00:00:00+0000_133.5299
YMNCKT,Yamuna at Chitrakoot,Yamuna Basin,2026-01-17 01:00:00+00:00,133.50182392306547,NORMAL,136.0,137.0,138.0,25.14133,80.85446,YMNCKT_2026-01-17T01:00:00+0000_133.5018
YMNCKT,Yamuna at Chitrakoot,Yamuna Basin,2026-01-17 02:00:00+00:00,133.400841500721,NORMAL,136.0,137.0,138.0,25.14133,80.85446,YMNCKT_2026-01-17T02:00:00+0000_133.4008
YMNCKT,Yamuna at Chitrakoot,Yamuna Basin,2026-01-17 03:00:00+00:00,133.357064960542,NORMAL,136.0,137.0,138.0,25.14133,80.85446,YMNCKT_2026-01-17T03:00:00+0000_133.3571
YMNCKT,Yamuna at Chitrakoot,Yamuna Basin,2026-01-17 04:00:00+00:00,133.29388915803318,NORMAL,136.0,137.0,138.0,25.14133,80.85446,YMNCKT_2026-01-17T04:00:00+0000_133.2939
YMNCKT,Yamuna at Chitrakoot,Yamuna Basin,2026-01-17 05:00:00+00:00,133.30390115134267,NORMAL,136.0,137.0,138.0,25.14133,80.85446,YMNCKT_2026-01-17T05:00:00+0000_133.3039
YMNCKT,Yamuna at Chitrakoot,Yamuna Basin,2026-01-17 06:00:00+00:00,133.2814217998513,NORMAL,136.0,137.0,138.0,25.14133,80.85446,YMNCKT_2026-01-17T06:00:00+0000_133.2814
YMNCKT,Yamuna at Chitrakoot,Yamuna Basin,2026-01-17 07:00:00+00:00,133.22420028401783,NORMAL,136.0,137.0,138.0,25.14133,80.85446,YMNCKT_2026-01-17T07:00:00+0000_133.2242
YMNCKT,Yamuna at Chitrakoot,Yamuna Basin,2026-01-17 08:00:00+00:00,133.3264950311506,NORMAL,136.0,137.0,138.0,25.14133,80.85446,YMNCKT_2026-01-17T08:00:00+0000_133.3265
YMNCKT,Yamuna at Chitrakoot,Yamuna Basin,2026-01-17 09:00:00+00:00,133.3341448750638,NORMAL,136.0,137.0,138.0,25.14133,80.85446,YMNCKT_2026-01-17T09:00:00+0000_133.3341
YMNCKT,Yamuna at Chitrakoot,Yamuna Basin,2026-01-17 10:00:00+00:00,133.30897924049734,NORMAL,136.0,137.0,138.0,25.14133,80.85446,YMNCKT_2026-01-17T10:00:00+0000_133.3090
YMNCKT,Yamuna at Chitrakoot,Yamuna Basin,2026-01-17 11:00:00+00:00,133.36726015626235,NORMAL,136.0,137.0,138.0,25.14133,80.85446,YMNCKT_2026-01-17T11:00:00+0000_133.3673
YMNCKT,Yamuna at Chitrakoot,Yamuna Basin,2026-01-17 12:00:00+00:00,133.47059534889112,NORMAL,136.0,137.0,138.0,25.14133,80.85446,YMNCKT_2026-01-17T12:00:00+0000_133.4706
YMNCKT,Yamuna at Chitrakoot,Yamuna Basin,2026-01-17 13:00:00+00:00,133.44977246341324,NORMAL,136.0,137.0,138.0,25.14133,80.85446,YMNCKT_2026-01-17T13:00:00+0000_133.4498
YMNCKT,Yamuna at Chitrakoot,Yamuna Basin,2026-01-17 14:00:00+00:00,133.4967111740268,NORMAL,136.0,137.0,138.0,25.14133,80.85446,YMNCKT_2026-01-17T14:00:00+0000_133.4967
YMNCKT,Yamuna at Chitrakoot,Yamuna Basin,2026-01-17 15:00:00+00:00,133.61560062599574,NORMAL,136.0,137.0,138.0,25.14133,80.85446,YMNCKT_2026-01-17T15:00:00+0000_133.6156
YMNCKT,Yamuna at Chitrakoot,Yamuna Basin,2026-01-17 16:00:00+00:00,133.61074356528363,NORMAL,136.0,137.0,138.0,25.14133,80.85446,YMNCKT_2026-01-17T16:00:00+0000_133.6107
YMNCKT,Yamuna at Chitrakoot,Yamuna Basin,2026-01-17 17:00:00+00:00,133.64177225894335,NORMAL,136.0,137.0,138.0,25.14133,80.85446,YMNCKT_2026-01-17T17:00:00+0000_133.6418
YMNCKT,Yamuna at Chitrakoot,Yamuna Basin,2026-01-17 18:00:00+00:00,133.7437610977705,NORMAL,136.0,137.0,138.0,25.14133,80.85446,YMNCKT_2026-01-17T18:00:00+0000_133.7438
YMNCKT,Yamuna at Chitrakoot,Yamuna Basin,2026-01-17 19:00:00+00:00,133.7046663079283,NORMAL,136.0,137.0,138.0,25.14133,80.85446,YMNCKT_2026-01-17T19:00:00+0000_133.7047
YMNCKT,Yamuna at Chitrakoot,Yamuna Basin,2026-01-17 20:00:00+00:00,133.68216076858667,NORMAL,136.0,137.0,138.0,25.14133,80.85446,YMNCKT_2026-01-17T20:00:00+0000_133.6822
YMNCKT,Yamuna at Chitrakoot,Yamuna Basin,2026-01-17 21:00:00+00:00,133.65627949017477,NORMAL,136.0,137.0,138.0,25.14133,80.85446,YMNCKT_2026-01-17T21:00:00+0000_133.6563
YMNCKT,Yamuna at Chitrakoot,Yamuna Basin,2026-01-17 22:00:00+00:00,133.63990882444244,NORMAL,136.0,137.0,138.0,25.14133,80.85446,YMNCKT_2026-01-17T22:00:00+0000_133.6399
YMNCKT,Yamuna at Chitrakoot,Yamuna Basin,2026-01-17 23:00:00+00:00,135.03486026358453,NORMAL,136.0,137.0,138.0,25.14133,80.85446,YMNCKT_2026-01-17T23:00:00+0000_135.0349
YMNCKT,Yamuna at Chitrakoot,Yamuna Basin,2026-01-18 00:00:00+00:00,133.57034832530218,NORMAL,136.0,137.0,138.0,25.14133,80.85446,YMNCKT_2026-01-18T00:00:00+0000_133.5703
YMNCKT,Yamuna at Chitrakoot,Yamuna Basin,2026-01-18 01:00:00+00:00,133.5353611715006,NORMAL,136.0,137.0,138.0,25.14133,80.85446,YMNCKT_2026-01-18T01:00:00+0000_133.5354
YMNCKT,Yamuna at Chitrakoot,Yamuna Basin,2026-01-18 02:00:00+00:00,133.45163208397472,NORMAL,136.0,137.0,138.0,25.14133,80.85446,YMNCKT_2026-01-18T02:00:00+0000_133.4516
YMNCKT,Yamuna at Chitrakoot,Yamuna Basin,2026-01-18 03:00:00+00:00,133.33324582500822,NORMAL,136.0,137.0,138.0,25.14133,80.85446,YMNCKT_2026-01-18T03:00:00+0000_133.3332
YMNCKT,Yamuna at Chitrakoot,Yamuna Basin,2026-01-18 04:00:00+00:00,133.33826436344782,NORMAL,136.0,137.0,138.0,25.14133,80.85446,YMNCKT_2026-01-18T04:00:00+0000_133.3383
YMNCKT,Yamuna at Chitrakoot,Yamuna Basin,2026-01-18 05:00:00+00:00,133.2625902332275,NORMAL,136.0,137.0,138.0,25.14133,80.85446,YMNCKT_2026-01-18T05:00:00+0000_133.2626
YMNCKT,Yamuna at Chitrakoot,Yamuna Basin,2026-01-18 06:00:00+00:00,133.31313567366624,NORMAL,136.0,137.0,138.0,25.14133,80.85446,YMNCKT_2026-01-18T06:00:00+0000_133.3131
YMNCKT,Yamuna at Chitrakoot,Yamuna Basin,2026-01-18 07:00:00+00:00,133.28793225401773,NORMAL,136.0,137.0,138.0,25.14133,80.85446,YMNCKT_2026-01-18T07:00:00+0000_133.2879
YMNCKT,Yamuna at Chitrakoot,Yamuna Basin,2026-01-18 08:00:00+00:00,133.26828476732038,NORMAL,136.0,137.0,138.0,25.14133,80.85446,YMNCKT_2026-01-18T08:00:00+0000_133.2683
YMNCKT,Yamuna at Chitrakoot,Yamuna Basin,2026-01-18 09:00:00+00:00,133.34665736741132,NORMAL,136.0,137.0,138.0,25.14133,80.85446,YMNCKT_2026-01-18T09:00:00+0000_133.3467
YMNCKT,Yamuna at Chitrakoot,Yamuna Basin,2026-01-18 10:00:00+00:00,133.30417143494137,NORMAL,136.0,137.0,138.0,25.14133,80.85446,YMNCKT_2026-01-18T10:00:00+0000_133.3042
YMNCKT,Yamuna at Chitrakoot,Yamuna Basin,2026-01-18 11:00:00+00:00,133.40780026441948,NORMAL,136.0,137.0,138.0,25.14133,80.85446,YMNCKT_2026-01-18T11:00:00+0000_133.4078
YMNCKT,Yamuna at Chitrakoot,Yamuna Basin,2026-01-18 12:00:00+00:00,133.3920395459615,NORMAL,136.0,137.0,138.0,25.14133,80.85446,YMNCKT_2026-01-18T12:00:00+0000_133.3920
YMNCKT,Yamuna at Chitrakoot,Yamuna Basin,2026-01-18 13:00:00+00:00,133.52539790292633,NORMAL,136.0,137.0,138.0,25.14133,80.85446,YMNCKT_2026-01-18T13:00:00+0000_133.5254
YMNCKT,Yamuna at Chitrakoot,Yamuna Basin,2026-01-18 14:00:00+00:00,133.57097785247066,NORMAL,136.0,137.0,138.0,25.14133,80.85446,YMNCKT_2026-01-18T14:00:00+0000_133.5710
YMNCKT,Yamuna at Chitrakoot,Yamuna Basin,2026-01-18 15:00:00+00:00,133.6379961905496,NORMAL,136.0,137.0,138.0,25.14133,80.85446,YMNCKT_2026-01-18T15:00:00+0000_133.6380
YMNCKT,Yamuna at Chitrakoot,Yamuna Basin,2026-01-18 16:00:00+00:00,133.66563785490433,NORMAL,136.0,137.0,138.0,25.14133,80.85446,YMNCKT_2026-01-18T16:00:00+0000_133.6656
YMNCKT,Yamuna at Chitrakoot,Yamuna Basin,2026-01-18 17:00:00+00:00,133.63361213064448,NORMAL,136.0,137.0,138.0,25.14133,80.85446,YMNCKT_2026-01-18T17:00:00+0000_133.6336
YMNCKT,Yamuna at Chitrakoot,Yamuna Basin,2026-01-18 18:00:00+00:00,133.67961930788258,NORMAL,136.0,137.0,138.0,25.14133,80.85446,YMNCKT_2026-01-18T18:00:00+0000_133.6796
YMNCKT,Yamuna at Chitrakoot,Yamuna Basin,2026-01-18 19:00:00+00:00,133.75546277431272,NORMAL,136.0,137.0,138.0,25.14133,80.85446,YMNCKT_2026-01-18T19:00:00+0000_133.7555
YMNCKT,Yamuna at Chitrakoot,Yamuna Basin,2026-01-18 20:00:00+00:00,133.67298499679288,NORMAL,136.0,137.0,138.0,25.14133,80.85446,YMNCKT_2026-01-18T20:00:00+0000_133.6730
YMNCKT,Yamuna at Chitrakoot,Yamuna Basin,2026-01-18 21:00:00+00:00,133.6834673830033,NORMAL,136.0,137.0,138.0,25.14133,80.85446,YMNCKT_2026-01-18T21:00:00+0000_133.6835
YMNCKT,Yamuna at Chitrakoot,Yamuna Basin,2026-01-18 22:00:00+00:00,,,136.0,137.0,138.0,25.14133,80.85446,YMNCKT_2026-01-18T22:00:00+0000_
YMNCKT,Yamuna at Chitrakoot,Yamuna Basin,2026-01-18 23:00:00+00:00,133.62684255704312,NORMAL,136.0,137.0,138.0,25.14133,80.85446,YMNCKT_2026-01-18T23:00:00+0000_133.6268
YMNCKT,Yamuna at Chitrakoot,Yamuna Basin,2026-01-19 00:00:00+00:00,133.5534561886218,NORMAL,136.0,137.0,138.0,25.14133,80.85446,YMNCKT_2026-01-19T00:00:00+0000_133.5535
YMNCKT,Yamuna at Chitrakoot,Yamuna Basin,2026-01-19 01:00:00+00:00,133.52059152616155,NORMAL,136.0,137.0,138.0,25.14133,80.85446,YMNCKT_2026-01-19T01:00:00+0000_133.5206
YMNCKT,Yamuna at Chitrakoot,Yamuna Basin,2026-01-19 02:00:00+00:00,133.42318450749354,NORMAL,136.0,137.0,138.0,25.14133,80.85446,YMNCKT_2026-01-19T02:00:00+0000_133.4232
YMNCKT,Yamuna at Chitrakoot,Yamuna Basin,2026-01-19 03:00:00+00:00,133.40215675682688,NORMAL,136.0,137.0,138.0,25.14133,80.85446,YMNCKT_2026-01-19T03:00:00+0000_133.4022
YMNCKT,Yamuna at Chitrakoot,Yamuna Basin,2026-01-19 04:00:00+00:00,133.34031525370008,NORMAL,136.0,137.0,138.0,25.14133,80.85446,YMNCKT_2026-01-19T04:00:00+0000_133.3403
YMNCKT,Yamuna at Chitrakoot,Yamuna Basin,2026-01-19 05:00:00+00:00,133.28672672452967,NORMAL,136.0,137.0,138.0,25.14133,80.85446,YMNCKT_2026-01-19T05:00:00+0000_133.2867
YMNCKT,Yamuna at Chitrakoot,Yamuna Basin,2026-01-19 06:00:00+00:00,133.2545965960543,NORMAL,136.0,137.0,138.0,25.14133,80.85446,YMNCKT_2026-01-19T06:00:00+0000_133.2546
YMNCKT,Yamuna at Chitrakoot,Yamuna Basin,2026-01-19 07:00:00+00:00,133.27631029088715,NORMAL,136.0,137.0,138.0,25.14133,80.85446,YMNCKT_2026-01-19T07:00:00+0000_133.2763
YMNCKT,Yamuna at Chitrakoot,Yamuna Basin,2026-01-19 08:00:00+00:00,133.32128829503952,NORMAL,136.0,137.0,138.0,25.14133,80.85446,YMNCKT_2026-01-19T08:00:00+0000_133.3213
YMNCKT,Yamuna at Chitrakoot,Yamuna Basin,2026-01-19 09:00:00+00:00,133.3312935700737,NORMAL,136.0,137.0,138.0,25.14133,80.85446,YMNCKT_2026-01-19T09:00:00+0000_133.3313
YMNCKT,Yamuna at Chitrakoot,Yamuna Basin,2026-01-19 10:00:00+00:00,133.38960697468983,NORMAL,136.0,137.0,138.0,25.14133,80.85446,YMNCKT_2026-01-19T10:00:00+0000_133.3896
YMNCKT,Yamuna at Chitrakoot,Yamuna Basin,2026-01-19 11:00:00+00:00,133.41312108105765,NORMAL,136.0,137.0,138.0,25.14133,80.85446,YMNCKT_2026-01-19T11:00:00+0000_133.4131
YMNCKT,Yamuna at Chitrakoot,Yamuna Basin,2026-01-19 12:00:00+00:00,133.4353274191149,NORMAL,136.0,137.0,138.0,25.14133,80.85446,YMNCKT_2026-01-19T12:00:00+0000_133.4353
YMNCKT,Yamuna at Chitrakoot,Yamuna Basin,2026-01-19 13:00:00+00:00,133.46606342991117,NORMAL,136.0,137.0,138.0,25.14133,80.85446,YMNCKT_2026-01-19T13:00:00+0000_133.4661
YMNCKT,Yamuna at Chitrakoot,Yamuna Basin,2026-01-19 14:00:00+00:00,133.51490113758396,NORMAL,136.0,137.0,138.0,25.14133,80.85446,YMNCKT_2026-01-19T14:00:00+0000_133.5149
YMNCKT,Yamuna at Chitrakoot,Yamuna Basin,2026-01-19 15:00:00+00:00,133.62868035835584,NORMAL,136.0,137.0,138.0,25.14133,80.85446,YMNCKT_2026-01-19T15:00:00+0000_133.6287
YMNCKT,Yamuna at Chitrakoot,Yamuna Basin,2026-01-19 16:00:00+00:00,133.69599319513813,NORMAL,136.0,137.0,138.0,25.14133,80.85446,YMNCKT_2026-01-19T16:00:00+0000_133.6960
YMNCKT,Yamuna at Chitrakoot,Yamuna Basin,2026-01-19 17:00:00+00:00,133.66839701809786,NORMAL,136.0,137.0,138.0,25.14133,80.85446,YMNCKT_2026-01-19T17:00:00+0000_133.6684
YMNCKT,Yamuna at Chitrakoot,Yamuna Basin,2026-01-19 18:00:00+00:00,133.69738907292995,NORMAL,136.0,137.0,138.0,25.14133,80.85446,YMNCKT_2026-01-19T18:00:00+0000_133.6974
YMNCKT,Yamuna at Chitrakoot,Yamuna Basin,2026-01-19 19:00:00+00:00,133.74585674281897,NORMAL,136.0,137.0,138.0,25.14133,80.85446,YMNCKT_2026-01-19T19:00:00+0000_133.7459
YMNCKT,Yamuna at Chitrakoot,Yamuna Basin,2026-01-19 20:00:00+00:00,133.74567932437034,NORMAL,136.0,137.0,138.0,25.14133,80.85446,YMNCKT_2026-01-19T20:00:00+0000_133.7457
YMNCKT,Yamuna at Chitrakoot,Yamuna Basin,2026-01-19 21:00:00+00:00,133.68033475623835,NORMAL,136.0,137.0,138.0,25.14133,80.85446,YMNCKT_2026-01-19T21:00:00+0000_133.6803
YMNCKT,Yamuna at Chitrakoot,Yamuna Basin,2026-01-19 22:00:00+00:00,133.67100613163515,NORMAL,136.0,137.0,138.0,25.14133,80.85446,YMNCKT_2026-01-19T22:00:00+0000_133.6710
YMNCKT,Yamuna at Chitrakoot,Yamuna Basin,2026-01-19 23:00:00+00:00,133.6482406565676,NORMAL,136.0,137.0,138.0,25.14133,80.85446,YMNCKT_2026-01-19T23:00:00+0000_133.6482
YMNCKT,Yamuna at Chitrakoot,Yamuna Basin,2026-01-20 00:00:00+00:00,133.58884011844432,NORMAL,136.0,137.0,138.0,25.14133,80.85446,YMNCKT_2026-01-20T00:00:00+0000_133.5888
YMNCKT,Yamuna at Chitrakoot,Yamuna Basin,2026-01-20 01:00:00+00:00,133.50121844247414,NORMAL,136.0,137.0,138.0,25.14133,80.85446,YMNCKT_2026-01-20T01:00:00+0000_133.5012
YMNCKT,Yamuna at Chitrakoot,Yamuna Basin,2026-01-20 02:00:00+00:00,133.44465315397008,NORMAL,136.0,137.0,138.0,25.14133,80.85446,YMNCKT_2026-01-20T02:00:00+0000_133.4447
YMNCKT,Yamuna at Chitrakoot,Yamuna Basin,2026-01-20 03:00:00+00:00,133.43166685579396,NORMAL,136.0,137.0,138.0,25.14133,80.85446,YMNCKT_2026-01-20T03:00:00+0000_133.4317
YMNCKT,Yamuna at Chitrakoot,Yamuna Basin,2026-01-20 04:00:00+00:00,133.32693146762097,NORMAL,136.0,137.0,138.0,25.14133,80.85446,YMNCKT_2026-01-20T04:00:00+0000_133.3269
YMNCKT,Yamuna at Chitrakoot,Yamuna Basin,2026-01-20 05:00:00+00:00,133.27445479617634,NORMAL,136.0,137.0,138.0,25.14133,80.85446,YMNCKT_2026-01-20T05:00:00+0000_133.2745
YMNCKT,Yamuna at Chitrakoot,Yamuna Basin,2026-01-20 06:00:00+00:00,133.2760733849651,NORMAL,136.0,137.0,138.0,25.14133,80.85446,YMNCKT_2026-01-20T06:00:00+0000_133.2761
YMNCKT,Yamuna at Chitrakoot,Yamuna Basin,2026-01-20 07:00:00+00:00,133.24979018690473,NORMAL,136.0,137.0,138.0,25.14133,80.85446,YMNCKT_2026-01-20T07:00:00+0000_133.2498
YMNCKT,Yamuna at Chitrakoot,Yamuna Basin,2026-01-20 08:00:00+00:00,133.23980762620957,NORMAL,136.0,137.0,138.0,25.14133,80.85446,YMNCKT_2026-01-20T08:00:00+0000_133.2398
YMNCKT,Yamuna at Chitrakoot,Yamuna Basin,2026-01-20 09:00:00+00:00,133.26371994715217,NORMAL,136.0,137.0,138.0,25.14133,80.85446,YMNCKT_2026-01-20T09:00:00+0000_133.2637
YMNCKT,Yamuna at Chitrakoot,Yamuna Basin,2026-01-20 10:00:00+00:00,133.34619408697,NORMAL,136.0,137.0,138.0,25.14133,80.85446,YMNCKT_2026-01-20T10:00:00+0000_133.3462
YMNCKT,Yamuna at Chitrakoot,Yamuna Basin,2026-01-20 11:00:00+00:00,,,136.0,137.0,138.0,25.14133,80.85446,YMNCKT_2026-01-20T11:00:00+0000_
YMNCKT,Yamuna at Chitrakoot,Yamuna Basin,2026-01-20 12:00:00+00:00,133.40844124353498,NORMAL,136.0,137.0,138.0,25.14133,80.85446,YMNCKT_2026-01-20T12:00:00+0000_133.4084
YMNCKT,Yamuna at Chitrakoot,Yamuna Basin,2026-01-20 13:00:00+00:00,133.46410568097718,NORMAL,136.0,137.0,138.0,25.14133,80.85446,YMNCKT_2026-01-20T13:00:00+0000_133.4641
YMNCKT,Yamuna at Chitrakoot,Yamuna Basin,2026-01-20 14:00:00+00:00,133.5636735846271,NORMAL,136.0,137.0,138.0,25.14133,80.85446,YMNCKT_2026-01-20T14:00:00+0000_133.5637
YMNCKT,Yamuna at Chitrakoot,Yamuna Basin,2026-01-20 15:00:00+00:00,133.5692770985381,NORMAL,136.0,137.0,138.0,25.14133,80.85446,YMNCKT_2026-01-20T15:00:00+0000_133.5693
YMNCKT,Yamuna at Chitrakoot,Yamuna Basin,2026-01-20 16:00:00+00:00,133.6905564302894,NORMAL,136.0,137.0,138.0,25.14133,80.85446,YMNCKT_2026-01-20T16:00:00+0000_133.6906
YMNCKT,Yamuna at Chitrakoot,Yamuna Basin,2026-01-20 17:00:00+00:00,133.72673247043136,NORMAL,136.0,137.0,138.0,25.14133,80.85446,YMNCKT_2026-01-20T17:00:00+0000_133.7267
YMNCKT,Yamuna at Chitrakoot,Yamuna Basin,2026-01-20 18:00:00+00:00,133.68658864026838,NORMAL,136.0,137.0,138.0,25.14133,80.85446,YMNCKT_2026-01-20T18:00:00+0000_133.6866
YMNCKT,Yamuna at Chitrakoot,Yamuna Basin,2026-01-20 19:00:00+00:00,133.6655245423235,NORMAL,136.0,137.0,138.0,25.14133,80.85446,YMNCKT_2026-01-20T19:00:00+0000_133.6655
YMNCKT,Yamuna at Chitrakoot,Yamuna Basin,2026-01-20 20:00:00+00:00,133.74710943340892,NORMAL,136.0,137.0,138.0,25.14133,80.85446,YMNCKT_2026-01-20T20:00:00+0000_133.7471
YMNCKT,Yamuna at Chitrakoot,Yamuna Basin,2026-01-20 21:00:00+00:00,133.6839069684646,NORMAL,136.0,137.0,138.0,25.14133,80.85446,YMNCKT_2026-01-20T21:00:00+0000_133.6839
YMNCKT,Yamuna at Chitrakoot,Yamuna Basin,2026-01-20 22:00:00+00:00,133.68087150844687,NORMAL,136.0,137.0,138.0,25.14133,80.85446,YMNCKT_2026-01-20T22:00:00+0000_133.6809
YMNCKT,Yamuna at Chitrakoot,Yamuna Basin,2026-01-20 23:00:00+00:00,133.56015844652902,NORMAL,136.0,137.0,138.0,25.14133,80.85446,YMNCKT_2026-01-20T23:00:00+0000_133.5602
YMNCKT,Yamuna at Chitrakoot,Yamuna Basin,2026-01-21 00:00:00+00:00,133.5247892705907,NORMAL,136.0,137.0,138.0,25.14133,80.85446,YMNCKT_2026-01-21T00:00:00+0000_133.5248
YMNCKT,Yamuna at Chitrakoot,Yamuna Basin,2026-01-21 01:00:00+00:00,133.46592457667762,NORMAL,136.0,137.0,138.0,25.14133,80.85446,YMNCKT_2026-01-21T01:00:00+0000_133.4659
YMNCKT,Yamuna at Chitrakoot,Yamuna Basin,2026-01-21 02:00:00+00:00,133.48837199416488,NORMAL,136.0,137.0,138.0,25.14133,80.85446,YMNCKT_2026-01-21T02:00:00+0000_133.4884
YMNCKT,Yamuna at Chitrakoot,Yamuna Basin,2026-01-21 03:00:00+00:00,133.4318942223027,NORMAL,136.0,137.0,138.0,25.14133,80.85446,YMNCKT_2026-01-21T03:00:00+0000_133.4319
YMNCKT,Yamuna at Chitrakoot,Yamuna Basin,2026-01-21 04:00:00+00:00,133.39191671260755,NORMAL,136.0,137.0,138.0,25.14133,80.85446,YMNCKT_2026-01-21T04:00:00+0000_133.3919
YMNCKT,Yamuna at Chitrakoot,Yamuna Basin,2026-01-21 05:00:00+00:00,133.28071611125193,NORMAL,136.0,137.0,138.0,25.14133,80.85446,YMNCKT_2026-01-21T05:00:00+0000_133.2807
YMNCKT,Yamuna at Chitrakoot,Yamuna Basin,2026-01-21 06:00:00+00:00,133.28770017023234,NORMAL,136.0,137.0,138.0,25.14133,80.85446,YMNCKT_2026-01-21T06:00:00+0000_133.2877
YMNCKT,Yamuna at Chitrakoot,Yamuna Basin,2026-01-21 07:00:00+00:00,133.2857514865701,NORMAL,136.0,137.0,138.0,25.14133,80.85446,YMNCKT_2026-01-21T07:00:00+0000_133.2858
YMNCKT,Yamuna at Chitrakoot,Yamuna Basin,2026-01-21 08:00:00+00:00,133.3302408572633,NORMAL,136.0,137.0,138.0,25.14133,80.85446,YMNCKT_2026-01-21T08:00:00+0000_133.3302
YMNCKT,Yamuna at Chitrakoot,Yamuna Basin,2026-01-21 09:00:00+00:00,133.31060019509948,NORMAL,136.0,137.0,138.0,25.14133,80.85446,YMNCKT_2026-01-21T09:00:00+0000_133.3106
YMNCKT,Yamuna at Chitrakoot,Yamuna Basin,2026-01-21 10:00:00+00:00,133.36773215826847,NORMAL,136.0,137.0,138.0,25.14133,80.85446,YMNCKT_2026-01-21T10:00:00+0000_133.3677
YMNCKT,Yamuna at Chitrakoot,Yamuna Basin,2026-01-21 11:00:00+00:00,133.4378587158221,NORMAL,136.0,137.0,138.0,25.14133,80.85446,YMNCKT_2026-01-21T11:00:00+0000_133.4379
YMNCKT,Yamuna at Chitrakoot,Yamuna Basin,2026-01-21 12:00:00+00:00,133.402885716389,NORMAL,136.0,137.0,138.0,25.14133,80.85446,YMNCKT_2026-01-21T12:00:00+0000_133.4029
YMNCKT,Yamuna at Chitrakoot,Yamuna Basin,2026-01-21 13:00:00+00:00,133.5473740253702,NORMAL,136.0,137.0,138.0,25.14133,80.85446,YMNCKT_2026-01-21T13:00:00+0000_133.5474
YMNCKT,Yamuna at Chitrakoot,Yamuna Basin,2026-01-21 14:00:00+00:00,133.58897349488612,NORMAL,136.0,137.0,138.0,25.14133,80.85446,YMNCKT_2026-01-21T14:00:00+0000_133.5890
YMNCKT,Yamuna at Chitrakoot,Yamuna Basin,2026-01-21 15:00:00+00:00,133.55959294105767,NORMAL,136.0,137.0,138.0,25.14133,80.85446,YMNCKT_2026-01-21T15:00:00+0000_133.5596
YMNCKT,Yamuna at Chitrakoot,Yamuna Basin,2026-01-21 16:00:00+00:00,133.66174593706563,NORMAL,136.0,137.0,138.0,25.14133,80.85446,YMNCKT_2026-01-21T16:00:00+0000_133.6617
YMNCKT,Yamuna at Chitrakoot,Yamuna Basin,2026-01-21 17:00:00+00:00,,,136.0,137.0,138.0,25.14133,80.85446,YMNCKT_2026-01-21T17:00:00+0000_
YMNCKT,Yamuna at Chitrakoot,Yamuna Basin,2026-01-21 18:00:00+00:00,133.74928530462367,NORMAL,136.0,137.0,138.0,25.14133,80.85446,YMNCKT_2026-01-21T18:00:00+0000_133.7493
YMNCKT,Yamuna at Chitrakoot,Yamuna Basin,2026-01-21 19:00:00+00:00,133.73513130589947,NORMAL,136.0,137.0,138.0,25.14133,80.85446,YMNCKT_2026-01-21T19:00:00+0000_133.7351
YMNCKT,Yamuna at Chitrakoot,Yamuna Basin,2026-01-21 20:00:00+00:00,133.71486586080587,NORMAL,136.0,137.0,138.0,25.14133,80.85446,YMNCKT_2026-01-21T20:00:00+0000_133.7149
YMNCKT,Yamuna at Chitrakoot,Yamuna Basin,2026-01-21 21:00:00+00:00,133.64845646139747,NORMAL,136.0,137.0,138.0,25.14133,80.85446,YMNCKT_2026-01-21T21:00:00+0000_133.6485
YMNCKT,Yamuna at Chitrakoot,Yamuna Basin,2026-01-21 22:00:00+00:00,133.66853876892216,NORMAL,136.0,137.0,138.0,25.14133,80.85446,YMNCKT_2026-01-21T22:00:00+0000_133.6685
YMNCKT,Yamuna at Chitrakoot,Yamuna Basin,2026-01-21 23:00:00+00:00,133.61016378332138,NORMAL,136.0,137.0,138.0,25.14133,80.85446,YMNCKT_2026-01-21T23:00:00+0000_133.6102
YMNCKT,Yamuna at Chitrakoot,Yamuna Basin,2026-01-22 00:00:00+00:00,133.53610127362074,NORMAL,136.0,137.0,138.0,25.14133,80.85446,YMNCKT_2026-01-22T00:00:00+0000_133.5361
YMNCKT,Yamuna at Chitrakoot,Yamuna Basin,2026-01-22 01:00:00+00:00,133.5039351458907,NORMAL,136.0,137.0,138.0,25.14133,80.85446,YMNCKT_2026-01-22T01:00:00+0000_133.5039
YMNCKT,Yamuna at Chitrakoot,Yamuna Basin,2026-01-22 02:00:00+00:00,133.40173494125912,NORMAL,136.0,137.0,138.0,25.14133,80.85446,YMNCKT_2026-01-22T02:00:00+0000_133.4017
YMNCKT,Yamuna at Chitrakoot,Yamuna Basin,2026-01-22 03:00:00+00:00,133.42919711048052,NORMAL,136.0,137.0,138.0,25.14133,80.85446,YMNCKT_2026-01-22T03:00:00+0000_133.4292
YMNCKT,Yamuna at Chitrakoot,Yamuna Basin,2026-01-22 04:00:00+00:00,133.34488608055076,NORMAL,136.0,137.0,138.0,25.14133,80.85446,YMNCKT_2026-01-22T04:00:00+0000_133.3449
YMNCKT,Yamuna at Chitrakoot,Yamuna Basin,2026-01-22 05:00:00+00:00,133.34371564782046,NORMAL,136.0,137.0,138.0,25.14133,80.85446,YMNCKT_2026-01-22T05:00:00+0000_133.3437
YMNCKT,Yamuna at Chitrakoot,Yamuna Basin,2026-01-22 06:00:00+00:00,133.31496436199353,NORMAL,136.0,137.0,138.0,25.14133,80.85446,YMNCKT_2026-01-22T06:00:00+0000_133.3150
YMNCKT,Yamuna at Chitrakoot,Yamuna Basin,2026-01-22 07:00:00+00:00,133.27595862344666,NORMAL,136.0,137.0,138.0,25.14133,80.85446,YMNCKT_2026-01-22T07:00:00+0000_133.2760
YMNCKT,Yamuna at Chitrakoot,Yamuna Basin,2026-01-22 08:00:00+00:00,133.26439395327256,NORMAL,136.0,137.0,138.0,25.14133,80.85446,YMNCKT_2026-01-22T08:00:00+0000_133.2644
YMNCKT,Yamuna at Chitrakoot,Yamuna Basin,2026-01-22 09:00:00+00:00,133.34458482077216,NORMAL,136.0,137.0,138.0,25.14133,80.85446,YMNCKT_2026-01-22T09:00:00+0000_133.3446
YMNCKT,Yamuna at Chitrakoot,Yamuna Basin,2026-01-22 10:00:00+00:00,133.3278661543721,NORMAL,136.0,137.0,138.0,25.14133,80.85446,YMNCKT_2026-01-22T10:00:00+0000_133.3279
YMNCKT,Yamuna at Chitrakoot,Yamuna Basin,2026-01-22 11:00:00+00:00,133.36619369115266,NORMAL,136.0,137.0,138.0,25.14133,80.85446,YMNCKT_2026-01-22T11:00:00+0000_133.3662
YMNCKT,Yamuna at Chitrakoot,Yamuna Basin,2026-01-22 12:00:00+00:00,133.42875617815753,NORMAL,136.0,137.0,138.0,25.14133,80.85446,YMNCKT_2026-01-22T12:00:00+0000_133.4288
YMNCKT,Yamuna at Chitrakoot,Yamuna Basin,2026-01-22 13:00:00+00:00,133.4870083715133,NORMAL,136.0,137.0,138.0,25.14133,80.85446,YMNCKT_2026-01-22T13:00:00+0000_133.4870
YMNCKT,Yamuna at Chitrakoot,Yamuna Basin,2026-01-22 14:00:00+00:00,133.53305824625463,NORMAL,136.0,137.0,138.0,25.14133,80.85446,YMNCKT_2026-01-22T14:00:00+0000_133.5331
YMNCKT,Yamuna at Chitrakoot,Yamuna Basin,2026-01-22 15:00:00+00:00,133.65693038167268,NORMAL,136.0,137.0,138.0,25.14133,80.85446,YMNCKT_2026-01-22T15:00:00+0000_133.6569
YMNCKT,Yamuna at Chitrakoot,Yamuna Basin,2026-01-22 16:00:00+00:00,133.6682666737846,NORMAL,136.0,137.0,138.0,25.14133,80.85446,YMNCKT_2026-01-22T16:00:00+0000_133.6683
YMNCKT,Yamuna at Chitrakoot,Yamuna Basin,2026-01-22 17:00:00+00:00,133.65234044412048,NORMAL,136.0,137.0,138.0,25.14133,80.85446,YMNCKT_2026-01-22T17:00:00+0000_133.6523
YMNCKT,Yamuna at Chitrakoot,Yamuna Basin,2026-01-22 18:00:00+00:00,133.67821228378767,NORMAL,136.0,137.0,138.0,25.14133,80.85446,YMNCKT_2026-01-22T18:00:00+0000_133.6782
YMNCKT,Yamuna at Chitrakoot,Yamuna Basin,2026-01-22 19:00:00+00:00,133.75913388492316,NORMAL,136.0,137.0,138.0,25.14133,80.85446,YMNCKT_2026-01-22T19:00:00+0000_133.7591
YMNCKT,Yamuna at Chitrakoot,Yamuna Basin,2026-01-22 20:00:00+00:00,133.75232599236386,NORMAL,136.0,137.0,138.0,25.14133,80.85446,YMNCKT_2026-01-22T20:00:00+0000_133.7523
YMNCKT,Yamuna at Chitrakoot,Yamuna Basin,2026-01-22 21:00:00+00:00,133.64504940114332,NORMAL,136.0,137.0,138.0,25.14133,80.85446,YMNCKT_2026-01-22T21:00:00+0000_133.6450
YMNCKT,Yamuna at Chitrakoot,Yamuna Basin,2026-01-22 22:00:00+00:00,133.63006169445646,NORMAL,136.0,137.0,138.0,25.14133,80.85446,YMNCKT_2026-01-22T22:00:00+0000_133.6301
YMNCKT,Yamuna at Chitrakoot,Yamuna Basin,2026-01-22 23:00:00+00:00,133.6111854461234,NORMAL,136.0,137.0,138.0,25.14133,80.85446,YMNCKT_2026-01-22T23:00:00+0000_133.6112
YMNCKT,Yamuna at Chitrakoot,Yamuna Basin,2026-01-23 00:00:00+00:00,133.56419092254194,NORMAL,136.0,137.0,138.0,25.14133,80.85446,YMNCKT_2026-01-23T00:00:00+0000_133.5642
YMNCKT,Yamuna at Chitrakoot,Yamuna Basin,2026-01-23 01:00:00+00:00,133.5312097255012,NORMAL,136.0,137.0,138.0,25.14133,80.85446,YMNCKT_2026-01-23T01:00:00+0000_133.5312
YMNCKT,Yamuna at Chitrakoot,Yamuna Basin,2026-01-23 02:00:00+00:00,133.4537699854211,NORMAL,136.0,137.0,138.0,25.14133,80.85446,YMNCKT_2026-01-23T02:00:00+0000_133.4538
YMNCKT,Yamuna at Chitrakoot,Yamuna Basin,2026-01-23 03:00:00+00:00,133.41904741671038,NORMAL,136.0,137.0,138.0,25.14133,80.85446,YMNCKT_2026-01-23T03:00:00+0000_133.4190
YMNCKT,Yamuna at Chitrakoot,Yamuna Basin,2026-01-23 04:00:00+00:00,133.39593635153057,NORMAL,136.0,137.0,138.0,25.14133,80.85446,YMNCKT_2026-01-23T04:00:00+0000_133.3959
YMNCKT,Yamuna at Chitrakoot,Yamuna Basin,2026-01-23 05:00:00+00:00,133.29937556847122,NORMAL,136.0,137.0,138.0,25.14133,80.85446,YMNCKT_2026-01-23T05:00:00+0000_133.2994
YMNCKT,Yamuna at Chitrakoot,Yamuna Basin,2026-01-23 06:00:00+00:00,133.26260264232766,NORMAL,136.0,137.0,138.0,25.14133,80.85446,YMNCKT_2026-01-23T06:00:00+0000_133.2626
YMNCKT,Yamuna at Chitrakoot,Yamuna Basin,2026-01-23 07:00:00+00:00,133.24778342940914,NORMAL,136.0,137.0,138.0,25.14133,80.85446,YMNCKT_2026-01-23T07:00:00+0000_133.2478
YMNCKT,Yamuna at Chitrakoot,Yamuna Basin,2026-01-23 08:00:00+00:00,133.3011032219906,NORMAL,136.0,137.0,138.0,25.14133,80.85446,YMNCKT_2026-01-23T08:00:00+0000_133.3011
YMNCKT,Yamuna at Chitrakoot,Yamuna Basin,2026-01-23 09:00:00+00:00,133.34779412204978,NORMAL,136.0,137.0,138.0,25.14133,80.85446,YMNCKT_2026-01-23T09:00:00+0000_133.3478
YMNCKT,Yamuna at Chitrakoot,Yamuna Basin,2026-01-23 10:00:00+00:00,133.3798576354469,NORMAL,136.0,137.0,138.0,25.14133,80.85446,YMNCKT_2026-01-23T10:00:00+0000_133.3799
YMNCKT,Yamuna at Chitrakoot,Yamuna Basin,2026-01-23 11:00:00+00:00,133.3906108990083,NORMAL,136.0,137.0,138.0,25.14133,80.85446,YMNCKT_2026-01-23T11:00:00+0000_133.3906
YMNCKT,Yamuna at Chitrakoot,Yamuna Basin,2026-01-23 12:00:00+00:00,133.46974267485498,NORMAL,136.0,137.0,138.0,25.14133,80.85446,YMNCKT_2026-01-23T12:00:00+0000_133.4697
YMNCKT,Yamuna at Chitrakoot,Yamuna Basin,2026-01-23 13:00:00+00:00,133.4897596724536,NORMAL,136.0,137.0,138.0,25.14133,80.85446,YMNCKT_2026-01-23T13:00:00+0000_133.4898
YMNCKT,Yamuna at Chitrakoot,Yamuna Basin,2026-01-23 14:00:00+00:00,133.52611589893138,NORMAL,136.0,137.0,138.0,25.14133,80.85446,YMNCKT_2026-01-23T14:00:00+0000_133.5261
YMNCKT,Yamuna at Chitrakoot,Yamuna Basin,2026-01-23 15:00:00+00:00,133.6150678056729,NORMAL,136.0,137.0,138.0,25.14133,80.85446,YMNCKT_2026-01-23T15:00:00+0000_133.6151
YMNCKT,Yamuna at Chitrakoot,Yamuna Basin,2026-01-23 16:00:00+00:00,133.6356337907948,NORMAL,136.0,137.0,138.0,25.14133,80.85446,YMNCKT_2026-01-23T16:00:00+0000_133.6356
YMNCKT,Yamuna at Chitrakoot,Yamuna Basin,2026-01-23 17:00:00+00:00,133.68202365158442,NORMAL,136.0,137.0,138.0,25.14133,80.85446,YMNCKT_2026-01-23T17:00:00+0000_133.6820
YMNCKT,Yamuna at Chitrakoot,Yamuna Basin,2026-01-23 18:00:00+00:00,133.7196473139933,NORMAL,136.0,137.0,138.0,25.14133,80.85446,YMNCKT_2026-01-23T18:00:00+0000_133.7196
YMNCKT,Yamuna at Chitrakoot,Yamuna Basin,2026-01-23 19:00:00+00:00,133.7325992447739,NORMAL,136.0,137.0,138.0,25.14133,80.85446,YMNCKT_2026-01-23T19:00:00+0000_133.7326
YMNCKT,Yamuna at Chitrakoot,Yamuna Basin,2026-01-23 20:00:00+00:00,133.68613999784907,NORMAL,136.0,137.0,138.0,25.14133,80.85446,YMNCKT_2026-01-23T20:00:00+0000_133.6861
YMNCKT,Yamuna at Chitrakoot,Yamuna Basin,2026-01-23 21:00:00+00:00,133.6656659523217,NORMAL,136.0,137.0,138.0,25.14133,80.85446,YMNCKT_2026-01-23T21:00:00+0000_133.6657
YMNCKT,Yamuna at Chitrakoot,Yamuna Basin,2026-01-23 22:00:00+00:00,133.66456259320432,NORMAL,136.0,137.0,138.0,25.14133,80.85446,YMNCKT_2026-01-23T22:00:00+0000_133.6646
YMNCKT,Yamuna at Chitrakoot,Yamuna Basin,2026-01-23 23:00:00+00:00,133.64028791525493,NORMAL,136.0,137.0,138.0,25.14133,80.85446,YMNCKT_2026-01-23T23:00:00+0000_133.6403
YMNCKT,Yamuna at Chitrakoot,Yamuna Basin,2026-01-24 00:00:00+00:00,137.46511982336185,DANGER,136.0,137.0,138.0,25.14133,80.85446,YMNCKT_2026-01-24T00:00:00+0000_137.4651
YMNCKT,Yamuna at Chitrakoot,Yamuna Basin,2026-01-24 01:00:00+00:00,137.08233151640442,DANGER,136.0,137.0,138.0,25.14133,80.85446,YMNCKT_2026-01-24T01:00:00+0000_137.0823
YMNCKT,Yamuna at Chitrakoot,Yamuna Basin,2026-01-24 02:00:00+00:00,136.63339699003038,WARNING,136.0,137.0,138.0,25.14133,80.85446,YMNCKT_2026-01-24T02:00:00+0000_136.6334
YMNCKT,Yamuna at Chitrakoot,Yamuna Basin,2026-01-24 03:00:00+00:00,136.2885621813003,WARNING,136.0,137.0,138.0,25.14133,80.85446,YMNCKT_2026-01-24T03:00:00+0000_136.2886
YMNCKT,Yamuna at Chitrakoot,Yamuna Basin,2026-01-24 04:00:00+00:00,135.9685476220207,NORMAL,136.0,137.0,138.0,25.14133,80.85446,YMNCKT_2026-01-24T04:00:00+0000_135.9685
YMNCKT,Yamuna at Chitrakoot,Yamuna Basin,2026-01-24 05:00:00+00:00,135.6153834804167,NORMAL,136.0,137.0,138.0,25.14133,80.85446,YMNCKT_2026-01-24T05:00:00+0000_135.6154
YMNCKT,Yamuna at Chitrakoot,Yamuna Basin,2026-01-24 06:00:00+00:00,133.31768716669404,NORMAL,136.0,137.0,138.0,25.14133,80.85446,YMNCKT_2026-01-24T06:00:00+0000_133.3177
YMNCKT,Yamuna at Chitrakoot,Yamuna Basin,2026-01-24 07:00:00+00:00,133.27156890999044,NORMAL,136.0,137.0,138.0,25.14133,80.85446,YMNCKT_2026-01-24T07:00:00+0000_133.2716
YMNCKT,Yamuna at Chitrakoot,Yamuna Basin,2026-01-24 08:00:00+00:00,133.33103508738571,NORMAL,136.0,137.0,138.0,25.14133,80.85446,YMNCKT_2026-01-24T08:00:00+0000_133.3310
YMNCKT,Yamuna at Chitrakoot,Yamuna Basin,2026-01-24 09:00:00+00:00,133.35425040732156,NORMAL,136.0,137.0,138.0,25.14133,80.85446,YMNCKT_2026-01-24T09:00:00+0000_133.3543
YMNCKT,Yamuna at Chitrakoot,Yamuna Basin,2026-01-24 10:00:00+00:00,133.3616243035393,NORMAL,136.0,137.0,138.0,25.14133,80.85446,YMNCKT_2026-01-24T10:00:00+0000_133.3616
YMNCKT,Yamuna at Chitrakoot,Yamuna Basin,2026-01-24 11:00:00+00:00,133.42126179023873,NORMAL,136.0,137.0,138.0,25.14133,80.85446,YMNCKT_2026-01-24T11:00:00+0000_133.4213
YMNCKT,Yamuna at Chitrakoot,Yamuna Basin,2026-01-24 12:00:00+00:00,133.4728416102171,NORMAL,136.0,137.0,138.0,25.14133,80.85446,YMNCKT_2026-01-24T12:00:00+0000_133.4728
YMNCKT,Yamuna at Chitrakoot,Yamuna Basin,2026-01-24 13:00:00+00:00,133.5372698628379,NORMAL,136.0,137.0,138.0,25.14133,80.85446,YMNCKT_2026-01-24T13:00:00+0000_133.5373
YMNCKT,Yamuna at Chitrakoot,Yamuna Basin,2026-01-24 14:00:00+00:00,133.52412676162112,NORMAL,136.0,137.0,138.0,25.14133,80.85446,YMNCKT_2026-01-24T14:00:00+0000_133.5241
YMNCKT,Yamuna at Chitrakoot,Yamuna Basin,2026-01-24 15:00:00+00:00,133.65051433794164,NORMAL,136.0,137.0,138.0,25.14133,80.85446,YMNCKT_2026-01-24T15:00:00+0000_133.6505
YMNCKT,Yamuna at Chitrakoot,Yamuna Basin,2026-01-24 16:00:00+00:00,133.6109297855029,NORMAL,136.0,137.0,138.0,25.14133,80.85446,YMNCKT_2026-01-24T16:00:00+0000_133.6109
YMNCKT,Yamuna at Chitrakoot,Yamuna Basin,2026-01-24 17:00:00+00:00,133.71840414594118,NORMAL,136.0,137.0,138.0,25.14133,80.85446,YMNCKT_2026-01-24T17:00:00+0000_133.7184
YMNCKT,Yamuna at Chitrakoot,Yamuna Basin,2026-01-24 18:00:00+00:00,133.7622288755964,NORMAL,136.0,137.0,138.0,25.14133,80.85446,YMNCKT_2026-01-24T18:00:00+0000_133.7622
YMNCKT,Yamuna at Chitrakoot,Yamuna Basin,2026-01-24 19:00:00+00:00,133.73573752345402,NORMAL,136.0,137.0,138.0,25.14133,80.85446,YMNCKT_2026-01-24T19:00:00+0000_133.7357
YMNCKT,Yamuna at Chitrakoot,Yamuna Basin,2026-01-24 20:00:00+00:00,133.72023782991266,NORMAL,136.0,137.0,138.0,25.14133,80.85446,YMNCKT_2026-01-24T20:00:00+0000_133.7202
YMNCKT,Yamuna at Chitrakoot,Yamuna Basin,2026-01-24 21:00:00+00:00,133.74371001383946,NORMAL,136.0,137.0,138.0,25.14133,80.85446,YMNCKT_2026-01-24T21:00:00+0000_133.7437
YMNCKT,Yamuna at Chitrakoot,Yamuna Basin,2026-01-24 22:00:00+00:00,133.67143317297274,NORMAL,136.0,137.0,138.0,25.14133,80.85446,YMNCKT_2026-01-24T22:00:00+0000_133.6714
YMNCKT,Yamuna at Chitrakoot,Yamuna Basin,2026-01-24 23:00:00+00:00,133.65440930189533,NORMAL,136.0,137.0,138.0,25.14133,80.85446,YMNCKT_2026-01-24T23:00:00+0000_133.6544
YMNCKT,Yamuna at Chitrakoot,Yamuna Basin,2026-01-25 00:00:00+00:00,133.61090180996698,NORMAL,136.0,137.0,138.0,25.14133,80.85446,YMNCKT_2026-01-25T00:00:00+0000_133.6109
YMNCKT,Yamuna at Chitrakoot,Yamuna Basin,2026-01-25 01:00:00+00:00,133.55528153606926,NORMAL,136.0,137.0,138.0,25.14133,80.85446,YMNCKT_2026-01-25T01:00:00+0000_133.5553
YMNCKT,Yamuna at Chitrakoot,Yamuna Basin,2026-01-25 02:00:00+00:00,133.45176112552582,NORMAL,136.0,137.0,138.0,25.14133,80.85446,YMNCKT_2026-01-25T02:00:00+0000_133.4518
YMNCKT,Yamuna at Chitrakoot,Yamuna Basin,2026-01-25 03:00:00+00:00,133.37750387490928,NORMAL,136.0,137.0,138.0,25.14133,80.85446,YMNCKT_2026-01-25T03:00:00+0000_133.3775
YMNCKT,Yamuna at Chitrakoot,Yamuna Basin,2026-01-25 04:00:00+00:00,133.3801758115318,NORMAL,136.0,137.0,138.0,25.14133,80.85446,YMNCKT_2026-01-25T04:00:00+0000_133.3802
YMNCKT,Yamuna at Chitrakoot,Yamuna Basin,2026-01-25 05:00:00+00:00,133.33648349896174,NORMAL,136.0,137.0,138.0,25.14133,80.85446,YMNCKT_2026-01-25T05:00:00+0000_133.3365
YMNCKT,Yamuna at Chitrakoot,Yamuna Basin,2026-01-25 06:00:00+00:00,133.33663053366303,NORMAL,136.0,137.0,138.0,25.14133,80.85446,YMNCKT_2026-01-25T06:00:00+0000_133.3366
YMNCKT,Yamuna at Chitrakoot,Yamuna Basin,2026-01-25 07:00:00+00:00,133.25145990731517,NORMAL,136.0,137.0,138.0,25.14133,80.85446,YMNCKT_2026-01-25T07:00:00+0000_133.2515
YMNCKT,Yamuna at Chitrakoot,Yamuna Basin,2026-01-25 08:00:00+00:00,133.30038198227987,NORMAL,136.0,137.0,138.0,25.14133,80.85446,YMNCKT_2026-01-25T08:00:00+0000_133.3004
YMNCKT,Yamuna at Chitrakoot,Yamuna Basin,2026-01-25 09:00:00+00:00,133.30130735619224,NORMAL,136.0,137.0,138.0,25.14133,80.85446,YMNCKT_2026-01-25T09:00:00+0000_133.3013
YMNCKT,Yamuna at Chitrakoot,Yamuna Basin,2026-01-25 10:00:00+00:00,133.3759792886073,NORMAL,136.0,137.0,138.0,25.14133,80.85446,YMNCKT_2026-01-25T10:00:00+0000_133.3760
YMNCKT,Yamuna at Chitrakoot,Yamuna Basin,2026-01-25 11:00:00+00:00,133.40323613672874,NORMAL,136.0,137.0,138.0,25.14133,80.85446,YMNCKT_2026-01-25T11:00:00+0000_133.4032
YMNCKT,Yamuna at Chitrakoot,Yamuna Basin,2026-01-25 12:00:00+00:00,133.40415223699873,NORMAL,136.0,137.0,138.0,25.14133,80.85446,YMNCKT_2026-01-25T12:00:00+0000_133.4042
YMNCKT,Yamuna at Chitrakoot,Yamuna Basin,2026-01-25 13:00:00+00:00,133.49144949756328,NORMAL,136.0,137.0,138.0,25.14133,80.85446,YMNCKT_2026-01-25T13:00:00+0000_133.4914
YMNCKT,Yamuna at Chitrakoot,Yamuna Basin,2026-01-25 14:00:00+00:00,133.52960875813577,NORMAL,136.0,137.0,138.0,25.14133,80.85446,YMNCKT_2026-01-25T14:00:00+0000_133.5296
YMNCKT,Yamuna at Chitrakoot,Yamuna Basin,2026-01-25 15:00:00+00:00,133.5744317867114,NORMAL,136.0,137.0,138.0,25.14133,80.85446,YMNCKT_2026-01-25T15:00:00+0000_133.5744
YMNCKT,Yamuna at Chitrakoot,Yamuna Basin,2026-01-25 16:00:00+00:00,133.62383665090238,NORMAL,136.0,137.0,138.0,25.14133,80.85446,YMNCKT_2026-01-25T16:00:00+0000_133.6238
YMNCKT,Yamuna at Chitrakoot,Yamuna Basin,2026-01-25 17:00:00+00:00,133.64906014692238,NORMAL,136.0,137.0,138.0,25.14133,80.85446,YMNCKT_2026-01-25T17:00:00+0000_133.6491
YMNCKT,Yamuna at Chitrakoot,Yamuna Basin,2026-01-25 18:00:00+00:00,133.67253161296162,NORMAL,136.0,137.0,138.0,25.14133,80.85446,YMNCKT_2026-01-25T18:00:00+0000_133.6725
YMNCKT,Yamuna at Chitrakoot,Yamuna Basin,2026-01-25 19:00:00+00:00,133.69552967423934,NORMAL,136.0,137.0,138.0,25.14133,80.85446,YMNCKT_2026-01-25T19:00:00+0000_133.6955
YMNCKT,Yamuna at Chitrakoot,Yamuna Basin,2026-01-25 20:00:00+00:00,133.71031021900865,NORMAL,136.0,137.0,138.0,25.14133,80.85446,YMNCKT_2026-01-25T20:00:00+0000_133.7103
YMNCKT,Yamuna at Chitrakoot,Yamuna Basin,2026-01-25 21:00:00+00:00,133.73025238060848,NORMAL,136.0,137.0,138.0,25.14133,80.85446,YMNCKT_2026-01-25T21:00:00+0000_133.7303
YMNCKT,Yamuna at Chitrakoot,Yamuna Basin,2026-01-25 22:00:00+00:00,133.6208923884441,NORMAL,136.0,137.0,138.0,25.14133,80.85446,YMNCKT_2026-01-25T22:00:00+0000_133.6209
YMNCKT,Yamuna at Chitrakoot,Yamuna Basin,2026-01-25 23:00:00+00:00,133.62453666185647,NORMAL,136.0,137.0,138.0,25.14133,80.85446,YMNCKT_2026-01-25T23:00:00+0000_133.6245
YMNCKT,Yamuna at Chitrakoot,Yamuna Basin,2026-01-26 00:00:00+00:00,133.56206089700498,NORMAL,136.0,137.0,138.0,25.14133,80.85446,YMNCKT_2026-01-26T00:00:00+0000_133.5621
YMNCKT,Yamuna at Chitrakoot,Yamuna Basin,2026-01-26 01:00:00+00:00,133.5060370284011,NORMAL,136.0,137.0,138.0,25.14133,80.85446,YMNCKT_2026-01-26T01:00:00+0000_133.5060
YMNCKT,Yamuna at Chitrakoot,Yamuna Basin,2026-01-26 02:00:00+00:00,133.490886108315,NORMAL,136.0,137.0,138.0,25.14133,80.85446,YMNCKT_2026-01-26T02:00:00+0000_133.4909
YMNCKT,Yamuna at Chitrakoot,Yamuna Basin,2026-01-26 03:00:00+00:00,133.3753043410384,NORMAL,136.0,137.0,138.0,25.14133,80.85446,YMNCKT_2026-01-26T03:00:00+0000_133.3753
YMNCKT,Yamuna at Chitrakoot,Yamuna Basin,2026-01-26 04:00:00+00:00,133.34064193648402,NORMAL,136.0,137.0,138.0,25.14133,80.85446,YMNCKT_2026-01-26T04:00:00+0000_133.3406
YMNCKT,Yamuna at Chitrakoot,Yamuna Basin,2026-01-26 05:00:00+00:00,133.28328453839805,NORMAL,136.0,137.0,138.0,25.14133,80.85446,YMNCKT_2026-01-26T05:00:00+0000_133.2833
YMNCKT,Yamuna at Chitrakoot,Yamuna Basin,2026-01-26 06:00:00+00:00,133.3486138648138,NORMAL,136.0,137.0,138.0,25.14133,80.85446,YMNCKT_2026-01-26T06:00:00+0000_133.3486
YMNCKT,Yamuna at Chitrakoot,Yamuna Basin,2026-01-26 07:00:00+00:00,133.28165922433544,NORMAL,136.0,137.0,138.0,25.14133,80.85446,YMNCKT_2026-01-26T07:00:00+0000_133.2817
YMNCKT,Yamuna at Chitrakoot,Yamuna Basin,2026-01-26 08:00:00+00:00,133.3141311569353,NORMAL,136.0,137.0,138.0,25.14133,80.85446,YMNCKT_2026-01-26T08:00:00+0000_133.3141
YMNCKT,Yamuna at Chitrakoot,Yamuna Basin,2026-01-26 09:00:00+00:00,133.36465906133728,NORMAL,136.0,137.0,138.0,25.14133,80.85446,YMNCKT_2026-01-26T09:00:00+0000_133.3647
YMNCKT,Yamuna at Chitrakoot,Yamuna Basin,2026-01-26 10:00:00+00:00,133.3914188768301,NORMAL,136.0,137.0,138.0,25.14133,80.85446,YMNCKT_2026-01-26T10:00:00+0000_133.3914
YMNCKT,Yamuna at Chitrakoot,Yamuna Basin,2026-01-26 11:00:00+00:00,133.42236649298468,NORMAL,136.0,137.0,138.0,25.14133,80.85446,YMNCKT_2026-01-26T11:00:00+0000_133.4224
YMNCKT,Yamuna at Chitrakoot,Yamuna Basin,2026-01-26 12:00:00+00:00,133.43777798156526,NORMAL,136.0,137.0,138.0,25.14133,80.85446,YMNCKT_2026-01-26T12:00:00+0000_133.4378
YMNCKT,Yamuna at Chitrakoot,Yamuna Basin,2026-01-26 13:00:00+00:00,133.48196878884664,NORMAL,136.0,137.0,138.0,25.14133,80.85446,YMNCKT_2026-01-26T13:00:00+0000_133.4820
YMNCKT,Yamuna at Chitrakoot,Yamuna Basin,2026-01-26 14:00:00+00:00,133.5558131512849,NORMAL,136.0,137.0,138.0,25.14133,80.85446,YMNCKT_2026-01-26T14:00:00+0000_133.5558
YMNCKT,Yamuna at Chitrakoot,Yamuna Basin,2026-01-26 15:00:00+00:00,133.6249811955365,NORMAL,136.0,137.0,138.0,25.14133,80.85446,YMNCKT_2026-01-26T15:00:00+0000_133.6250
YMNCKT,Yamuna at Chitrakoot,Yamuna Basin,2026-01-26 16:00:00+00:00,133.6237097612096,NORMAL,136.0,137.0,138.0,25.14133,80.85446,YMNCKT_2026-01-26T16:00:00+0000_133.6237
YMNCKT,Yamuna at Chitrakoot,Yamuna Basin,2026-01-26 17:00:00+00:00,133.7035498874779,NORMAL,136.0,137.0,138.0,25.14133,80.85446,YMNCKT_2026-01-26T17:00:00+0000_133.7035
YMNCKT,Yamuna at Chitrakoot,Yamuna Basin,2026-01-26 18:00:00+00:00,133.72061302059987,NORMAL,136.0,137.0,138.0,25.14133,80.85446,YMNCKT_2026-01-26T18:00:00+0000_133.7206
YMNCKT,Yamuna at Chitrakoot,Yamuna Basin,2026-01-26 19:00:00+00:00,133.76970788370545,NORMAL,136.0,137.0,138.0,25.14133,80.85446,YMNCKT_2026-01-26T19:00:00+0000_133.7697
YMNCKT,Yamuna at Chitrakoot,Yamuna Basin,2026-01-26 20:00:00+00:00,133.72285909187593,NORMAL,136.0,137.0,138.0,25.14133,80.85446,YMNCKT_2026-01-26T20:00:00+0000_133.7229
YMNCKT,Yamuna at Chitrakoot,Yamuna Basin,2026-01-26 21:00:00+00:00,133.7203693534345,NORMAL,136.0,137.0,138.0,25.14133,80.85446,YMNCKT_2026-01-26T21:00:00+0000_133.7204
YMNCKT,Yamuna at Chitrakoot,Yamuna Basin,2026-01-26 22:00:00+00:00,133.7105034634371,NORMAL,136.0,137.0,138.0,25.14133,80.85446,YMNCKT_2026-01-26T22:00:00+0000_133.7105
YMNCKT,Yamuna at Chitrakoot,Yamuna Basin,2026-01-26 23:00:00+00:00,136.13554572755652,WARNING,136.0,137.0,138.0,25.14133,80.85446,YMNCKT_2026-01-26T23:00:00+0000_136.1355
YMNCKT,Yamuna at Chitrakoot,Yamuna Basin,2026-01-27 00:00:00+00:00,133.5446203342926,NORMAL,136.0,137.0,138.0,25.14133,80.85446,YMNCKT_2026-01-27T00:00:00+0000_133.5446
YMNCKT,Yamuna at Chitrakoot,Yamuna Basin,2026-01-27 01:00:00+00:00,133.48739517802252,NORMAL,136.0,137.0,138.0,25.14133,80.85446,YMNCKT_2026-01-27T01:00:00+0000_133.4874
YMNCKT,Yamuna at Chitrakoot,Yamuna Basin,2026-01-27 02:00:00+00:00,133.44955384784285,NORMAL,136.0,137.0,138.0,25.14133,80.85446,YMNCKT_2026-01-27T02:00:00+0000_133.4496
YMNCKT,Yamuna at Chitrakoot,Yamuna Basin,2026-01-27 03:00:00+00:00,133.3709306637452,NORMAL,136.0,137.0,138.0,25.14133,80.85446,YMNCKT_2026-01-27T03:00:00+0000_133.3709
YMNCKT,Yamuna at Chitrakoot,Yamuna Basin,2026-01-27 04:00:00+00:00,133.36719272395456,NORMAL,136.0,137.0,138.0,25.14133,80.85446,YMNCKT_2026-01-27T04:00:00+0000_133.3672
YMNCKT,Yamuna at Chitrakoot,Yamuna Basin,2026-01-27 05:00:00+00:00,133.2926421495609,NORMAL,136.0,137.0,138.0,25.14133,80.85446,YMNCKT_2026-01-27T05:00:00+0000_133.2926
YMNCKT,Yamuna at Chitrakoot,Yamuna Basin,2026-01-27 06:00:00+00:00,133.30046195684355,NORMAL,136.0,137.0,138.0,25.14133,80.85446,YMNCKT_2026-01-27T06:00:00+0000_133.3005
YMNCKT,Yamuna at Chitrakoot,Yamuna Basin,2026-01-27 07:00:00+00:00,133.26572941745255,NORMAL,136.0,137.0,138.0,25.14133,80.85446,YMNCKT_2026-01-27T07:00:00+0000_133.2657
YMNCKT,Yamuna at Chitrakoot,Yamuna Basin,2026-01-27 08:00:00+00:00,133.29585720498653,NORMAL,136.0,137.0,138.0,25.14133,80.85446,YMNCKT_2026-01-27T08:00:00+0000_133.2959
YMNCKT,Yamuna at Chitrakoot,Yamuna Basin,2026-01-27 09:00:00+00:00,133.33608241153115,NORMAL,136.0,137.0,138.0,25.14133,80.85446,YMNCKT_2026-01-27T09:00:00+0000_133.3361
YMNCKT,Yamuna at Chitrakoot,Yamuna Basin,2026-01-27 10:00:00+00:00,133.36557105238174,NORMAL,136.0,137.0,138.0,25.14133,80.85446,YMNCKT_2026-01-27T10:00:00+0000_133.3656
YMNCKT,Yamuna at Chitrakoot,Yamuna Basin,2026-01-27 11:00:00+00:00,133.36926547802457,NORMAL,136.0,137.0,138.0,25.14133,80.85446,YMNCKT_2026-01-27T11:00:00+0000_133.3693
YMNCKT,Yamuna at Chitrakoot,Yamuna Basin,2026-01-27 12:00:00+00:00,133.46348978347527,NORMAL,136.0,137.0,138.0,25.14133,80.85446,YMNCKT_2026-01-27T12:00:00+0000_133.4635
YMNCKT,Yamuna at Chitrakoot,Yamuna Basin,2026-01-27 13:00:00+00:00,133.5249631494559,NORMAL,136.0,137.0,138.0,25.14133,80.85446,YMNCKT_2026-01-27T13:00:00+0000_133.5250
YMNCKT,Yamuna at Chitrakoot,Yamuna Basin,2026-01-27 14:00:00+00:00,133.57965638654937,NORMAL,136.0,137.0,138.0,25.14133,80.85446,YMNCKT_2026-01-27T14:00:00+0000_133.5797
YMNCKT,Yamuna at Chitrakoot,Yamuna Basin,2026-01-27 15:00:00+00:00,133.60018792807332,NORMAL,136.0,137.0,138.0,25.14133,80.85446,YMNCKT_2026-01-27T15:00:00+0000_133.6002
YMNCKT,Yamuna at Chitrakoot,Yamuna Basin,2026-01-27 16:00:00+00:00,133.70219051425016,NORMAL,136.0,137.0,138.0,25.14133,80.85446,YMNCKT_2026-01-27T16:00:00+0000_133.7022
YMNCKT,Yamuna at Chitrakoot,Yamuna Basin,2026-01-27 17:00:00+00:00,133.71263510924155,NORMAL,136.0,137.0,138.0,25.14133,80.85446,YMNCKT_2026-01-27T17:00:00+0000_133.7126
YMNCKT,Yamuna at Chitrakoot,Yamuna Basin,2026-01-27 18:00:00+00:00,133.6761179050321,NORMAL,136.0,137.0,138.0,25.14133,80.85446,YMNCKT_2026-01-27T18:00:00+0000_133.6761
YMNCKT,Yamuna at Chitrakoot,Yamuna Basin,2026-01-27 19:00:00+00:00,133.698407542561,NORMAL,136.0,137.0,138.0,25.14133,80.85446,YMNCKT_2026-01-27T19:00:00+0000_133.6984
YMNCKT,Yamuna at Chitrakoot,Yamuna Basin,2026-01-27 20:00:00+00:00,133.70001537862456,NORMAL,136.0,137.0,138.0,25.14133,80.85446,YMNCKT_2026-01-27T20:00:00+0000_133.7000
YMNCKT,Yamuna at Chitrakoot,Yamuna Basin,2026-01-27 21:00:00+00:00,133.6947554844175,NORMAL,136.0,137.0,138.0,25.14133,80.85446,YMNCKT_2026-01-27T21:00:00+0000_133.6948
YMNCKT,Yamuna at Chitrakoot,Yamuna Basin,2026-01-27 22:00:00+00:00,133.6828619951151,NORMAL,136.0,137.0,138.0,25.14133,80.85446,YMNCKT_2026-01-27T22:00:00+0000_133.6829
YMNCKT,Yamuna at Chitrakoot,Yamuna Basin,2026-01-27 23:00:00+00:00,133.61321813011185,NORMAL,136.0,137.0,138.0,25.14133,80.85446,YMNCKT_2026-01-27T23:00:00+0000_133.6132
YMNCKT,Yamuna at Chitrakoot,Yamuna Basin,2026-01-28 00:00:00+00:00,133.5925778186746,NORMAL,136.0,137.0,138.0,25.14133,80.85446,YMNCKT_2026-01-28T00:00:00+0000_133.5926
YMNCKT,Yamuna at Chitrakoot,Yamuna Basin,2026-01-28 01:00:00+00:00,133.522578054757,NORMAL,136.0,137.0,138.0,25.14133,80.85446,YMNCKT_2026-01-28T01:00:00+0000_133.5226
YMNCKT,Yamuna at Chitrakoot,Yamuna Basin,2026-01-28 02:00:00+00:00,133.4871683284846,NORMAL,136.0,137.0,138.0,25.14133,80.85446,YMNCKT_2026-01-28T02:00:00+0000_133.4872
YMNCKT,Yamuna at Chitrakoot,Yamuna Basin,2026-01-28 03:00:00+00:00,133.36793340798232,NORMAL,136.0,137.0,138.0,25.14133,80.85446,YMNCKT_2026-01-28T03:00:00+0000_133.3679
YMNCKT,Yamuna at Chitrakoot,Yamuna Basin,2026-01-28 04:00:00+00:00,133.40838511433688,NORMAL,136.0,137.0,138.0,25.14133,80.85446,YMNCKT_2026-01-28T04:00:00+0000_133.4084
YMNCKT,Yamuna at Chitrakoot,Yamuna Basin,2026-01-28 05:00:00+00:00,133.34195056161624,NORMAL,136.0,137.0,138.0,25.14133,80.85446,YMNCKT_2026-01-28T05:00:00+0000_133.3420
YMNCKT,Yamuna at Chitrakoot,Yamuna Basin,2026-01-28 06:00:00+00:00,133.3259452630605,NORMAL,136.0,137.0,138.0,25.14133,80.85446,YMNCKT_2026-01-28T06:00:00+0000_133.3259
YMNCKT,Yamuna at Chitrakoot,Yamuna Basin,2026-01-28 07:00:00+00:00,133.30216814832937,NORMAL,136.0,137.0,138.0,25.14133,80.85446,YMNCKT_2026-01-28T07:00:00+0000_133.3022
YMNCKT,Yamuna at Chitrakoot,Yamuna Basin,2026-01-28 08:00:00+00:00,133.35117537946704,NORMAL,136.0,137.0,138.0,25.14133,80.85446,YMNCKT_2026-01-28T08:00:00+0000_133.3512
YMNCKT,Yamuna at Chitrakoot,Yamuna Basin,2026-01-28 09:00:00+00:00,133.36518422067812,NORMAL,136.0,137.0,138.0,25.14133,80.85446,YMNCKT_2026-01-28T09:00:00+0000_133.3652
YMNCKT,Yamuna at Chitrakoot,Yamuna Basin,2026-01-28 10:00:00+00:00,133.39853211318294,NORMAL,136.0,137.0,138.0,25.14133,80.85446,YMNCKT_2026-01-28T10:00:00+0000_133.3985
YMNCKT,Yamuna at Chitrakoot,Yamuna Basin,2026-01-28 11:00:00+00:00,133.45757738839376,NORMAL,136.0,137.0,138.0,25.14133,80.85446,YMNCKT_2026-01-28T11:00:00+0000_133.4576
YMNCKT,Yamuna at Chitrakoot,Yamuna Basin,2026-01-28 12:00:00+00:00,133.4641908578824,NORMAL,136.0,137.0,138.0,25.14133,80.85446,YMNCKT_2026-01-28T12:00:00+0000_133.4642
YMNCKT,Yamuna at Chitrakoot,Yamuna Basin,2026-01-28 13:00:00+00:00,133.55071684914654,NORMAL,136.0,137.0,138.0,25.14133,80.85446,YMNCKT_2026-01-28T13:00:00+0000_133.5507
YMNCKT,Yamuna at Chitrakoot,Yamuna Basin,2026-01-28 14:00:00+00:00,133.54462871430115,NORMAL,136.0,137.0,138.0,25.14133,80.85446,YMNCKT_2026-01-28T14:00:00+0000_133.5446
YMNCKT,Yamuna at Chitrakoot,Yamuna Basin,2026-01-28 15:00:00+00:00,133.6095515978861,NORMAL,136.0,137.0,138.0,25.14133,80.85446,YMNCKT_2026-01-28T15:00:00+0000_133.6096
YMNCKT,Yamuna at Chitrakoot,Yamuna Basin,2026-01-28 16:00:00+00:00,133.6967192159027,NORMAL,136.0,137.0,138.0,25.14133,80.85446,YMNCKT_2026-01-28T16:00:00+0000_133.6967
YMNCKT,Yamuna at Chitrakoot,Yamuna Basin,2026-01-28 17:00:00+00:00,133.69793478222843,NORMAL,136.0,137.0,138.0,25.14133,80.85446,YMNCKT_2026-01-28T17:00:00+0000_133.6979
YMNCKT,Yamuna at Chitrakoot,Yamuna Basin,2026-01-28 18:00:00+00:00,133.7665034507611,NORMAL,136.0,137.0,138.0,25.14133,80.85446,YMNCKT_2026-01-28T18:00:00+0000_133.7665
YMNCKT,Yamuna at Chitrakoot,Yamuna Basin,2026-01-28 19:00:00+00:00,133.6881560506704,NORMAL,136.0,137.0,138.0,25.14133,80.85446,YMNCKT_2026-01-28T19:00:00+0000_133.6882
YMNCKT,Yamuna at Chitrakoot,Yamuna Basin,2026-01-28 20:00:00+00:00,133.74633031214054,NORMAL,136.0,137.0,138.0,25.14133,80.85446,YMNCKT_2026-01-28T20:00:00+0000_133.7463
YMNCKT,Yamuna at Chitrakoot,Yamuna Basin,2026-01-28 21:00:00+00:00,133.7528671849878,NORMAL,136.0,137.0,138.0,25.14133,80.85446,YMNCKT_2026-01-28T21:00:00+0000_133.7529
YMNCKT,Yamuna at Chitrakoot,Yamuna Basin,2026-01-28 22:00:00+00:00,133.69270434670278,NORMAL,136.0,137.0,138.0,25.14133,80.85446,YMNCKT_2026-01-28T22:00:00+0000_133.6927
YMNCKT,Yamuna at Chitrakoot,Yamuna Basin,2026-01-28 23:00:00+00:00,133.58243592505826,NORMAL,136.0,137.0,138.0,25.14133,80.85446,YMNCKT_2026-01-28T23:00:00+0000_133.5824
YMNCKT,Yamuna at Chitrakoot,Yamuna Basin,2026-01-29 00:00:00+00:00,133.54544855480216,NORMAL,136.0,137.0,138.0,25.14133,80.85446,YMNCKT_2026-01-29T00:00:00+0000_133.5454
YMNCKT,Yamuna at Chitrakoot,Yamuna Basin,2026-01-29 01:00:00+00:00,133.49033376650533,NORMAL,136.0,137.0,138.0,25.14133,80.85446,YMNCKT_2026-01-29T01:00:00+0000_133.4903
YMNCKT,Yamuna at Chitrakoot,Yamuna Basin,2026-01-29 02:00:00+00:00,133.4381466558934,NORMAL,136.0,137.0,138.0,25.14133,80.85446,YMNCKT_2026-01-29T02:00:00+0000_133.4381
YMNCKT,Yamuna at Chitrakoot,Yamuna Basin,2026-01-29 03:00:00+00:00,133.4074497620062,NORMAL,136.0,137.0,138.0,25.14133,80.85446,YMNCKT_2026-01-29T03:00:00+0000_133.4074
YMNCKT,Yamuna at Chitrakoot,Yamuna Basin,2026-01-29 04:00:00+00:00,133.3617281545687,NORMAL,136.0,137.0,138.0,25.14133,80.85446,YMNCKT_2026-01-29T04:00:00+0000_133.3617
YMNCKT,Yamuna at Chitrakoot,Yamuna Basin,2026-01-29 05:00:00+00:00,133.3498540207569,NORMAL,136.0,137.0,138.0,25.14133,80.85446,YMNCKT_2026-01-29T05:00:00+0000_133.3499
YMNCKT,Yamuna at Chitrakoot,Yamuna Basin,2026-01-29 06:00:00+00:00,133.27368206962964,NORMAL,136.0,137.0,138.0,25.14133,80.85446,YMNCKT_2026-01-29T06:00:00+0000_133.2737
YMNCKT,Yamuna at Chitrakoot,Yamuna Basin,2026-01-29 07:00:00+00:00,133.2964337261254,NORMAL,136.0,137.0,138.0,25.14133,80.85446,YMNCKT_2026-01-29T07:00:00+0000_133.2964
YMNCKT,Yamuna at Chitrakoot,Yamuna Basin,2026-01-29 08:00:00+00:00,133.33405078783187,NORMAL,136.0,137.0,138.0,25.14133,80.85446,YMNCKT_2026-01-29T08:00:00+0000_133.3341
YMNCKT,Yamuna at Chitrakoot,Yamuna Basin,2026-01-29 09:00:00+00:00,133.3459766846377,NORMAL,136.0,137.0,138.0,25.14133,80.85446,YMNCKT_2026-01-29T09:00:00+0000_133.3460
YMNCKT,Yamuna at Chitrakoot,Yamuna Basin,2026-01-29 10:00:00+00:00,133.3562101796299,NORMAL,136.0,137.0,138.0,25.14133,80.85446,YMNCKT_2026-01-29T10:00:00+0000_133.3562
YMNCKT,Yamuna at Chitrakoot,Yamuna Basin,2026-01-29 11:00:00+00:00,133.3921510984172,NORMAL,136.0,137.0,138.0,25.14133,80.85446,YMNCKT_2026-01-29T11:00:00+0000_133.3922
YMNCKT,Yamuna at Chitrakoot,Yamuna Basin,2026-01-29 12:00:00+00:00,133.49437514238514,NORMAL,136.0,137.0,138.0,25.14133,80.85446,YMNCKT_2026-01-29T12:00:00+0000_133.4944
YMNCKT,Yamuna at Chitrakoot,Yamuna Basin,2026-01-29 13:00:00+00:00,133.48344097789015,NORMAL,136.0,137.0,138.0,25.14133,80.85446,YMNCKT_2026-01-29T13:00:00+0000_133.4834
YMNCKT,Yamuna at Chitrakoot,Yamuna Basin,2026-01-29 14:00:00+00:00,133.56623672401992,NORMAL,136.0,137.0,138.0,25.14133,80.85446,YMNCKT_2026-01-29T14:00:00+0000_133.5662
YMNCKT,Yamuna at Chitrakoot,Yamuna Basin,2026-01-29 15:00:00+00:00,133.60240129581163,NORMAL,136.0,137.0,138.0,25.14133,80.85446,YMNCKT_2026-01-29T15:00:00+0000_133.6024
YMNCKT,Yamuna at Chitrakoot,Yamuna Basin,2026-01-29 16:00:00+00:00,133.65195921529693,NORMAL,136.0,137.0,138.0,25.14133,80.85446,YMNCKT_2026-01-29T16:00:00+0000_133.6520
YMNCKT,Yamuna at Chitrakoot,Yamuna Basin,2026-01-29 17:00:00+00:00,133.73316110659218,NORMAL,136.0,137.0,138.0,25.14133,80.85446,YMNCKT_2026-01-29T17:00:00+0000_133.7332
YMNCKT,Yamuna at Chitrakoot,Yamuna Basin,2026-01-29 18:00:00+00:00,133.7422975465596,NORMAL,136.0,137.0,138.0,25.14133,80.85446,YMNCKT_2026-01-29T18:00:00+0000_133.7423
YMNCKT,Yamuna at Chitrakoot,Yamuna Basin,2026-01-29 19:00:00+00:00,133.7566301274667,NORMAL,136.0,137.0,138.0,25.14133,80.85446,YMNCKT_2026-01-29T19:00:00+0000_133.7566
YMNCKT,Yamuna at Chitrakoot,Yamuna Basin,2026-01-29 20:00:00+00:00,133.7761293429993,NORMAL,136.0,137.0,138.0,25.14133,80.85446,YMNCKT_2026-01-29T20:00:00+0000_133.7761
YMNCKT,Yamuna at Chitrakoot,Yamuna Basin,2026-01-29 21:00:00+00:00,133.66664170352658,NORMAL,136.0,137.0,138.0,25.14133,80.85446,YMNCKT_2026-01-29T21:00:00+0000_133.6666
YMNCKT,Yamuna at Chitrakoot,Yamuna Basin,2026-01-29 22:00:00+00:00,133.68435512847438,NORMAL,136.0,137.0,138.0,25.14133,80.85446,YMNCKT_2026-01-29T22:00:00+0000_133.6844
YMNCKT,Yamuna at Chitrakoot,Yamuna Basin,2026-01-29 23:00:00+00:00,133.65344287940223,NORMAL,136.0,137.0,138.0,25.14133,80.85446,YMNCKT_2026-01-29T23:00:00+0000_133.6534
YMNCKT,Yamuna at Chitrakoot,Yamuna Basin,2026-01-30 00:00:00+00:00,133.54226767419848,NORMAL,136.0,137.0,138.0,25.14133,80.85446,YMNCKT_2026-01-30T00:00:00+0000_133.5423
YMNCKT,Yamuna at Chitrakoot,Yamuna Basin,2026-01-30 01:00:00+00:00,133.5543408614875,NORMAL,136.0,137.0,138.0,25.14133,80.85446,YMNCKT_2026-01-30T01:00:00+0000_133.5543
YMNCKT,Yamuna at Chitrakoot,Yamuna Basin,2026-01-30 02:00:00+00:00,133.42372828053672,NORMAL,136.0,137.0,138.0,25.14133,80.85446,YMNCKT_2026-01-30T02:00:00+0000_133.4237
YMNCKT,Yamuna at Chitrakoot,Yamuna Basin,2026-01-30 03:00:00+00:00,133.37410002370532,NORMAL,136.0,137.0,138.0,25.14133,80.85446,YMNCKT_2026-01-30T03:00:00+0000_133.3741
YMNCKT,Yamuna at Chitrakoot,Yamuna Basin,2026-01-30 04:00:00+00:00,133.3743336079255,NORMAL,136.0,137.0,138.0,25.14133,80.85446,YMNCKT_2026-01-30T04:00:00+0000_133.3743
YMNCKT,Yamuna at Chitrakoot,Yamuna Basin,2026-01-30 05:00:00+00:00,133.3754480272181,NORMAL,136.0,137.0,138.0,25.14133,80.85446,YMNCKT_2026-01-30T05:00:00+0000_133.3754
YMNCKT,Yamuna at Chitrakoot,Yamuna Basin,2026-01-30 06:00:00+00:00,133.2749470579127,NORMAL,136.0,137.0,138.0,25.14133,80.85446,YMNCKT_2026-01-30T06:00:00+0000_133.2749
YMNCKT,Yamuna at Chitrakoot,Yamuna Basin,2026-01-30 07:00:00+00:00,133.26915465300758,NORMAL,136.0,137.0,138.0,25.14133,80.85446,YMNCKT_2026-01-30T07:00:00+0000_133.2692
YMNCKT,Yamuna at Chitrakoot,Yamuna Basin,2026-01-30 08:00:00+00:00,133.3348972369215,NORMAL,136.0,137.0,138.0,25.14133,80.85446,YMNCKT_2026-01-30T08:00:00+0000_133.3349
YMNCKT,Yamuna at Chitrakoot,Yamuna Basin,2026-01-30 09:00:00+00:00,133.34092494655687,NORMAL,136.0,137.0,138.0,25.14133,80.85446,YMNCKT_2026-01-30T09:00:00+0000_133.3409
YMNCKT,Yamuna at Chitrakoot,Yamuna Basin,2026-01-30 10:00:00+00:00,133.37393571285477,NORMAL,136.0,137.0,138.0,25.14133,80.85446,YMNCKT_2026-01-30T10:00:00+0000_133.3739
YMNCKT,Yamuna at Chitrakoot,Yamuna Basin,2026-01-30 11:00:00+00:00,133.39534290569293,NORMAL,136.0,137.0,138.0,25.14133,80.85446,YMNCKT_2026-01-30T11:00:00+0000_133.3953
YMNCKT,Yamuna at Chitrakoot,Yamuna Basin,2026-01-30 12:00:00+00:00,133.48004165129728,NORMAL,136.0,137.0,138.0,25.14133,80.85446,YMNCKT_2026-01-30T12:00:00+0000_133.4800
YMNCKT,Yamuna at Chitrakoot,Yamuna Basin,2026-01-30 13:00:00+00:00,133.5496686206058,NORMAL,136.0,137.0,138.0,25.14133,80.85446,YMNCKT_2026-01-30T13:00:00+0000_133.5497
YMNCKT,Yamuna at Chitrakoot,Yamuna Basin,2026-01-30 14:00:00+00:00,133.61439654378086,NORMAL,136.0,137.0,138.0,25.14133,80.85446,YMNCKT_2026-01-30T14:00:00+0000_133.6144
YMNCKT,Yamuna at Chitrakoot,Yamuna Basin,2026-01-30 15:00:00+00:00,133.6224307309037,NORMAL,136.0,137.0,138.0,25.14133,80.85446,YMNCKT_2026-01-30T15:00:00+0000_133.6224
YMNCKT,Yamuna at Chitrakoot,Yamuna Basin,2026-01-30 16:00:00+00:00,133.72004377030294,NORMAL,136.0,137.0,138.0,25.14133,80.85446,YMNCKT_2026-01-30T16:00:00+0000_133.7200
YMNCKT,Yamuna at Chitrakoot,Yamuna Basin,2026-01-30 17:00:00+00:00,133.74406049195233,NORMAL,136.0,137.0,138.0,25.14133,80.85446,YMNCKT_2026-01-30T17:00:00+0000_133.7441
YMNCKT,Yamuna at Chitrakoot,Yamuna Basin,2026-01-30 18:00:00+00:00,133.72164267259208,NORMAL,136.0,137.0,138.0,25.14133,80.85446,YMNCKT_2026-01-30T18:00:00+0000_133.7216
YMNCKT,Yamuna at Chitrakoot,Yamuna Basin,2026-01-30 19:00:00+00:00,133.74848859583028,NORMAL,136.0,137.0,138.0,25.14133,80.85446,YMNCKT_2026-01-30T19:00:00+0000_133.7485
YMNCKT,Yamuna at Chitrakoot,Yamuna Basin,2026-01-30 20:00:00+00:00,133.73582716213943,NORMAL,136.0,137.0,138.0,25.14133,80.85446,YMNCKT_2026-01-30T20:00:00+0000_133.7358
YMNCKT,Yamuna at Chitrakoot,Yamuna Basin,2026-01-30 21:00:00+00:00,133.6803460203223,NORMAL,136.0,137.0,138.0,25.14133,80.85446,YMNCKT_2026-01-30T21:00:00+0000_133.6803
YMNCKT,Yamuna at Chitrakoot,Yamuna Basin,2026-01-30 22:00:00+00:00,133.6592417708461,NORMAL,136.0,137.0,138.0,25.14133,80.85446,YMNCKT_2026-01-30T22:00:00+0000_133.6592
YMNCKT,Yamuna at Chitrakoot,Yamuna Basin,2026-01-30 23:00:00+00:00,133.61583251018885,NORMAL,136.0,137.0,138.0,25.14133,80.85446,YMNCKT_2026-01-30T23:00:00+0000_133.6158
YMNCKT,Yamuna at Chitrakoot,Yamuna Basin,2026-01-31 00:00:00+00:00,133.55306649578944,NORMAL,136.0,137.0,138.0,25.14133,80.85446,YMNCKT_2026-01-31T00:00:00+0000_133.5531
YMNCKT,Yamuna at Chitrakoot,Yamuna Basin,2026-01-31 01:00:00+00:00,133.57580558167945,NORMAL,136.0,137.0,138.0,25.14133,80.85446,YMNCKT_2026-01-31T01:00:00+0000_133.5758
YMNCKT,Yamuna at Chitrakoot,Yamuna Basin,2026-01-31 02:00:00+00:00,133.44643155014006,NORMAL,136.0,137.0,138.0,25.14133,80.85446,YMNCKT_2026-01-31T02:00:00+0000_133.4464
YMNCKT,Yamuna at Chitrakoot,Yamuna Basin,2026-01-31 03:00:00+00:00,133.4205314541333,NORMAL,136.0,137.0,138.0,25.14133,80.85446,YMNCKT_2026-01-31T03:00:00+0000_133.4205
YMNCKT,Yamuna at Chitrakoot,Yamuna Basin,2026-01-31 04:00:00+00:00,133.38903031327018,NORMAL,136.0,137.0,138.0,25.14133,80.85446,YMNCKT_2026-01-31T04:00:00+0000_133.3890
YMNCKT,Yamuna at Chitrakoot,Yamuna Basin,2026-01-31 05:00:00+00:00,133.31294493390473,NORMAL,136.0,137.0,138.0,25.14133,80.85446,YMNCKT_2026-01-31T05:00:00+0000_133.3129
YMNCKT,Yamuna at Chitrakoot,Yamuna Basin,2026-01-31 06:00:00+00:00,133.34817049269415,NORMAL,136.0,137.0,138.0,25.14133,80.85446,YMNCKT_2026-01-31T06:00:00+0000_133.3482
YMNCKT,Yamuna at Chitrakoot,Yamuna Basin,2026-01-31 07:00:00+00:00,133.26465986691042,NORMAL,136.0,137.0,138.0,25.14133,80.85446,YMNCKT_2026-01-31T07:00:00+0000_133.2647
YMNCKT,Yamuna at Chitrakoot,Yamuna Basin,2026-01-31 08:00:00+00:00,133.31632878105677,NORMAL,136.0,137.0,138.0,25.14133,80.85446,YMNCKT_2026-01-31T08:00:00+0000_133.3163
YMNCKT,Yamuna at Chitrakoot,Yamuna Basin,2026-01-31 09:00:00+00:00,133.29525422908645,NORMAL,136.0,137.0,138.0,25.14133,80.85446,YMNCKT_2026-01-31T09:00:00+0000_133.2953
YMNCKT,Yamuna at Chitrakoot,Yamuna Basin,2026-01-31 10:00:00+00:00,133.37829052132227,NORMAL,136.0,137.0,138.0,25.14133,80.85446,YMNCKT_2026-01-31T10:00:00+0000_133.3783
YMNCKT,Yamuna at Chitrakoot,Yamuna Basin,2026-01-31 11:00:00+00:00,133.40659686975152,NORMAL,136.0,137.0,138.0,25.14133,80.85446,YMNCKT_2026-01-31T11:00:00+0000_133.4066
YMNCKT,Yamuna at Chitrakoot,Yamuna Basin,2026-01-31 12:00:00+00:00,133.4415102495064,NORMAL,136.0,137.0,138.0,25.14133,80.85446,YMNCKT_2026-01-31T12:00:00+0000_133.4415
YMNCKT,Yamuna at Chitrakoot,Yamuna Basin,2026-01-31 13:00:00+00:00,133.5305372216341,NORMAL,136.0,137.0,138.0,25.14133,80.85446,YMNCKT_2026-01-31T13:00:00+0000_133.5305
YMNCKT,Yamuna at Chitrakoot,Yamuna Basin,2026-01-31 14:00:00+00:00,133.6248627117908,NORMAL,136.0,137.0,138.0,25.14133,80.85446,YMNCKT_2026-01-31T14:00:00+0000_133.6249
YMNCKT,Yamuna at Chitrakoot,Yamuna Basin,2026-01-31 15:00:00+00:00,133.66423888311837,NORMAL,136.0,137.0,138.0,25.14133,80.85446,YMNCKT_2026-01-31T15:00:00+0000_133.6642
YMNCKT,Yamuna at Chitrakoot,Yamuna Basin,2026-01-31 16:00:00+00:00,133.69404183096714,NORMAL,136.0,137.0,138.0,25.14133,80.85446,YMNCKT_2026-01-31T16:00:00+0000_133.6940
YMNCKT,Yamuna at Chitrakoot,Yamuna Basin,2026-01-31 17:00:00+00:00,133.72264938952907,NORMAL,136.0,137.0,138.0,25.14133,80.85446,YMNCKT_2026-01-31T17:00:00+0000_133.7226
YMNCKT,Yamuna at Chitrakoot,Yamuna Basin,2026-01-31 18:00:00+00:00,133.75128435778305,NORMAL,136.0,137.0,138.0,25.14133,80.85446,YMNCKT_2026-01-31T18:00:00+0000_133.7513
YMNCKT,Yamuna at Chitrakoot,Yamuna Basin,2026-01-31 19:00:00+00:00,133.75340254808268,NORMAL,136.0,137.0,138.0,25.14133,80.85446,YMNCKT_2026-01-31T19:00:00+0000_133.7534
YMNCKT,Yamuna at Chitrakoot,Yamuna Basin,2026-01-31 20:00:00+00:00,133.7409967569237,NORMAL,136.0,137.0,138.0,25.14133,80.85446,YMNCKT_2026-01-31T20:00:00+0000_133.7410
YMNCKT,Yamuna at Chitrakoot,Yamuna Basin,2026-01-31 21:00:00+00:00,133.7051756214282,NORMAL,136.0,137.0,138.0,25.14133,80.85446,YMNCKT_2026-01-31T21:00:00+0000_133.7052
YMNCKT,Yamuna at Chitrakoot,Yamuna Basin,2026-01-31 22:00:00+00:00,133.64401672601915,NORMAL,136.0,137.0,138.0,25.14133,80.85446,YMNCKT_2026-01-31T22:00:00+0000_133.6440
YMNCKT,Yamuna at Chitrakoot,Yamuna Basin,2026-01-31 23:00:00+00:00,133.60072687692755,NORMAL,136.0,137.0,138.0,25.14133,80.85446,YMNCKT_2026-01-31T23:00:00+0000_133.6007
YMNCKT,Yamuna at Chitrakoot,Yamuna Basin,2026-02-01 00:00:00+00:00,133.55535026464509,NORMAL,136.0,137.0,138.0,25.14133,80.85446,YMNCKT_2026-02-01T00:00:00+0000_133.5554
YMNCKT,Yamuna at Chitrakoot,Yamuna Basin,2026-02-01 01:00:00+00:00,133.5668619570356,NORMAL,136.0,137.0,138.0,25.14133,80.85446,YMNCKT_2026-02-01T01:00:00+0000_133.5669
YMNCKT,Yamuna at Chitrakoot,Yamuna Basin,2026-02-01 02:00:00+00:00,133.5151877905314,NORMAL,136.0,137.0,138.0,25.14133,80.85446,YMNCKT_2026-02-01T02:00:00+0000_133.5152
YMNCKT,Yamuna at Chitrakoot,Yamuna Basin,2026-02-01 03:00:00+00:00,133.46987669800524,NORMAL,136.0,137.0,138.0,25.14133,80.85446,YMNCKT_2026-02-01T03:00:00+0000_133.4699
YMNCKT,Yamuna at Chitrakoot,Yamuna Basin,2026-02-01 04:00:00+00:00,133.39698721177083,NORMAL,136.0,137.0,138.0,25.14133,80.85446,YMNCKT_2026-02-01T04:00:00+0000_133.3970
YMNCKT,Yamuna at Chitrakoot,Yamuna Basin,2026-02-01 05:00:00+00:00,133.31675708843534,NORMAL,136.0,137.0,138.0,25.14133,80.85446,YMNCKT_2026-02-01T05:00:00+0000_133.3168
YMNCKT,Yamuna at Chitrakoot,Yamuna Basin,2026-02-01 06:00:00+00:00,133.2745013528018,NORMAL,136.0,137.0,138.0,25.14133,80.85446,YMNCKT_2026-02-01T06:00:00+0000_133.2745
YMNCKT,Yamuna at Chitrakoot,Yamuna Basin,2026-02-01 07:00:00+00:00,133.26221597365313,NORMAL,136.0,137.0,138.0,25.14133,80.85446,YMNCKT_2026-02-01T07:00:00+0000_133.2622
YMNCKT,Yamuna at Chitrakoot,Yamuna Basin,2026-02-01 08:00:00+00:00,133.3493504952503,NORMAL,136.0,137.0,138.0,25.14133,80.85446,YMNCKT_2026-02-01T08:00:00+0000_133.3494
YMNCKT,Yamuna at Chitrakoot,Yamuna Basin,2026-02-01 09:00:00+00:00,133.31502809763396,NORMAL,136.0,137.0,138.0,25.14133,80.85446,YMNCKT_2026-02-01T09:00:00+0000_133.3150
YMNCKT,Yamuna at Chitrakoot,Yamuna Basin,2026-02-01 10:00:00+00:00,133.32701424076583,NORMAL,136.0,137.0,138.0,25.14133,80.85446,YMNCKT_2026-02-01T10:00:00+0000_133.3270
YMNCKT,Yamuna at Chitrakoot,Yamuna Basin,2026-02-01 11:00:00+00:00,133.40135016803566,NORMAL,136.0,137.0,138.0,25.14133,80.85446,YMNCKT_2026-02-01T11:00:00+0000_133.4014
YMNCKT,Yamuna at Chitrakoot,Yamuna Basin,2026-02-01 12:00:00+00:00,133.43739453512492,NORMAL,136.0,137.0,138.0,25.14133,80.85446,YMNCKT_2026-02-01T12:00:00+0000_133.4374
YMNCKT,Yamuna at Chitrakoot,Yamuna Basin,2026-02-01 13:00:00+00:00,133.53096933462197,NORMAL,136.0,137.0,138.0,25.14133,80.85446,YMNCKT_2026-02-01T13:00:00+0000_133.5310
YMNCKT,Yamuna at Chitrakoot,Yamuna Basin,2026-02-01 14:00:00+00:00,133.5735477001838,NORMAL,136.0,137.0,138.0,25.14133,80.85446,YMNCKT_2026-02-01T14:00:00+0000_133.5735
YMNCKT,Yamuna at Chitrakoot,Yamuna Basin,2026-02-01 15:00:00+00:00,133.64991879458552,NORMAL,136.0,137.0,138.0,25.14133,80.85446,YMNCKT_2026-02-01T15:00:00+0000_133.6499
YMNCKT,Yamuna at Chitrakoot,Yamuna Basin,2026-02-01 16:00:00+00:00,133.68299590962982,NORMAL,136.0,137.0,138.0,25.14133,80.85446,YMNCKT_2026-02-01T16:00:00+0000_133.6830
YMNCKT,Yamuna at Chitrakoot,Yamuna Basin,2026-02-01 17:00:00+00:00,133.72516759770411,NORMAL,136.0,137.0,138.0,25.14133,80.85446,YMNCKT_2026-02-01T17:00:00+0000_133.7252
YMNCKT,Yamuna at Chitrakoot,Yamuna Basin,2026-02-01 18:00:00+00:00,133.7470264968357,NORMAL,136.0,137.0,138.0,25.14133,80.85446,YMNCKT_2026-02-01T18:00:00+0000_133.7470
YMNCKT,Yamuna at Chitrakoot,Yamuna Basin,2026-02-01 19:00:00+00:00,133.72200220456745,NORMAL,136.0,137.0,138.0,25.14133,80.85446,YMNCKT_2026-02-01T19:00:00+0000_133.7220
YMNCKT,Yamuna at Chitrakoot,Yamuna Basin,2026-02-01 20:00:00+00:00,133.7484538436466,NORMAL,136.0,137.0,138.0,25.14133,80.85446,YMNCKT_2026-02-01T20:00:00+0000_133.7485
YMNCKT,Yamuna at Chitrakoot,Yamuna Basin,2026-02-01 21:00:00+00:00,133.74572160138462,NORMAL,136.0,137.0,138.0,25.14133,80.85446,YMNCKT_2026-02-01T21:00:00+0000_133.7457
YMNCKT,Yamuna at Chitrakoot,Yamuna Basin,2026-02-01 22:00:00+00:00,133.64517166797265,NORMAL,136.0,137.0,138.0,25.14133,80.85446,YMNCKT_2026-02-01T22:00:00+0000_133.6452
YMNCKT,Yamuna at Chitrakoot,Yamuna Basin,2026-02-01 23:00:00+00:00,133.6475817027022,NORMAL,136.0,137.0,138.0,25.14133,80.85446,YMNCKT_2026-02-01T23:00:00+0000_133.6476
YMNCKT,Yamuna at Chitrakoot,Yamuna Basin,2026-02-02 00:00:00+00:00,133.56477362499396,NORMAL,136.0,137.0,138.0,25.14133,80.85446,YMNCKT_2026-02-02T00:00:00+0000_133.5648
YMNCKT,Yamuna at Chitrakoot,Yamuna Basin,2026-02-02 01:00:00+00:00,,,136.0,137.0,138.0,25.14133,80.85446,YMNCKT_2026-02-02T01:00:00+0000_
YMNCKT,Yamuna at Chitrakoot,Yamuna Basin,2026-02-02 02:00:00+00:00,133.5186848717352,NORMAL,136.0,137.0,138.0,25.14133,80.85446,YMNCKT_2026-02-02T02:00:00+0000_133.5187
YMNCKT,Yamuna at Chitrakoot,Yamuna Basin,2026-02-02 03:00:00+00:00,133.45280342976582,NORMAL,136.0,137.0,138.0,25.14133,80.85446,YMNCKT_2026-02-02T03:00:00+0000_133.4528
YMNCKT,Yamuna at Chitrakoot,Yamuna Basin,2026-02-02 04:00:00+00:00,133.35857184391236,NORMAL,136.0,137.0,138.0,25.14133,80.85446,YMNCKT_2026-02-02T04:00:00+0000_133.3586
YMNCKT,Yamuna at Chitrakoot,Yamuna Basin,2026-02-02 05:00:00+00:00,133.38886117355423,NORMAL,136.0,137.0,138.0,25.14133,80.85446,YMNCKT_2026-02-02T05:00:00+0000_133.3889
YMNCKT,Yamuna at Chitrakoot,Yamuna Basin,2026-02-02 06:00:00+00:00,133.32050035169948,NORMAL,136.0,137.0,138.0,25.14133,80.85446,YMNCKT_2026-02-02T06:00:00+0000_133.3205
YMNCKT,Yamuna at Chitrakoot,Yamuna Basin,2026-02-02 07:00:00+00:00,133.33399881710537,NORMAL,136.0,137.0,138.0,25.14133,80.85446,YMNCKT_2026-02-02T07:00:00+0000_133.3340
YMNCKT,Yamuna at Chitrakoot,Yamuna Basin,2026-02-02 08:00:00+00:00,133.29329051473346,NORMAL,136.0,137.0,138.0,25.14133,80.85446,YMNCKT_2026-02-02T08:00:00+0000_133.2933
YMNCKT,Yamuna at Chitrakoot,Yamuna Basin,2026-02-02 09:00:00+00:00,133.3280325713783,NORMAL,136.0,137.0,138.0,25.14133,80.85446,YMNCKT_2026-02-02T09:00:00+0000_133.3280
YMNCKT,Yamuna at Chitrakoot,Yamuna Basin,2026-02-02 10:00:00+00:00,133.35991173228769,NORMAL,136.0,137.0,138.0,25.14133,80.85446,YMNCKT_2026-02-02T10:00:00+0000_133.3599
YMNCKT,Yamuna at Chitrakoot,Yamuna Basin,2026-02-02 11:00:00+00:00,133.40833908270085,NORMAL,136.0,137.0,138.0,25.14133,80.85446,YMNCKT_2026-02-02T11:00:00+0000_133.4083
YMNCKT,Yamuna at Chitrakoot,Yamuna Basin,2026-02-02 12:00:00+00:00,133.4703429224175,NORMAL,136.0,137.0,138.0,25.14133,80.85446,YMNCKT_2026-02-02T12:00:00+0000_133.4703
YMNCKT,Yamuna at Chitrakoot,Yamuna Basin,2026-02-02 13:00:00+00:00,133.57535501344333,NORMAL,136.0,137.0,138.0,25.14133,80.85446,YMNCKT_2026-02-02T13:00:00+0000_133.5754
YMNCKT,Yamuna at Chitrakoot,Yamuna Basin,2026-02-02 14:00:00+00:00,,,136.0,137.0,138.0,25.14133,80.85446,YMNCKT_2026-02-02T14:00:00+0000_
YMNCKT,Yamuna at Chitrakoot,Yamuna Basin,2026-02-02 15:00:00+00:00,133.59851781985532,NORMAL,136.0,137.0,138.0,25.14133,80.85446,YMNCKT_2026-02-02T15:00:00+0000_133.5985
YMNCKT,Yamuna at Chitrakoot,Yamuna Basin,2026-02-02 16:00:00+00:00,133.6983062868415,NORMAL,136.0,137.0,138.0,25.14133,80.85446,YMNCKT_2026-02-02T16:00:00+0000_133.6983
YMNCKT,Yamuna at Chitrakoot,Yamuna Basin,2026-02-02 17:00:00+00:00,133.7130424349933,NORMAL,136.0,137.0,138.0,25.14133,80.85446,YMNCKT_2026-02-02T17:00:00+0000_133.7130
YMNCKT,Yamuna at Chitrakoot,Yamuna Basin,2026-02-02 18:00:00+00:00,133.72393057016288,NORMAL,136.0,137.0,138.0,25.14133,80.85446,YMNCKT_2026-02-02T18:00:00+0000_133.7239
YMNCKT,Yamuna at Chitrakoot,Yamuna Basin,2026-02-02 19:00:00+00:00,133.71375595159228,NORMAL,136.0,137.0,138.0,25.14133,80.85446,YMNCKT_2026-02-02T19:00:00+0000_133.7138
YMNCKT,Yamuna at Chitrakoot,Yamuna Basin,2026-02-02 20:00:00+00:00,133.7102822544773,NORMAL,136.0,137.0,138.0,25.14133,80.85446,YMNCKT_2026-02-02T20:00:00+0000_133.7103
YMNCKT,Yamuna at Chitrakoot,Yamuna Basin,2026-02-02 21:00:00+00:00,133.714885328627,NORMAL,136.0,137.0,138.0,25.14133,80.85446,YMNCKT_2026-02-02T21:00:00+0000_133.7149
YMNCKT,Yamuna at Chitrakoot,Yamuna Basin,2026-02-02 22:00:00+00:00,133.67366135378185,NORMAL,136.0,137.0,138.0,25.14133,80.85446,YMNCKT_2026-02-02T22:00:00+0000_133.6737
YMNCKT,Yamuna at Chitrakoot,Yamuna Basin,2026-02-02 23:00:00+00:00,133.61003417184102,NORMAL,136.0,137.0,138.0,25.14133,80.85446,YMNCKT_2026-02-02T23:00:00+0000_133.6100
YMNCKT,Yamuna at Chitrakoot,Yamuna Basin,2026-02-03 00:00:00+00:00,133.55791168387083,NORMAL,136.0,137.0,138.0,25.14133,80.85446,YMNCKT_2026-02-03T00:00:00+0000_133.5579
YMNCKT,Yamuna at Chitrakoot,Yamuna Basin,2026-02-03 01:00:00+00:00,133.5329816830266,NORMAL,136.0,137.0,138.0,25.14133,80.85446,YMNCKT_2026-02-03T01:00:00+0000_133.5330
YMNCKT,Yamuna at Chitrakoot,Yamuna Basin,2026-02-03 02:00:00+00:00,133.48372396010845,NORMAL,136.0,137.0,138.0,25.14133,80.85446,YMNCKT_2026-02-03T02:00:00+0000_133.4837
YMNCKT,Yamuna at Chitrakoot,Yamuna Basin,2026-02-03 03:00:00+00:00,133.43219230691514,NORMAL,136.0,137.0,138.0,25.14133,80.85446,YMNCKT_2026-02-03T03:00:00+0000_133.4322
YMNCKT,Yamuna at Chitrakoot,Yamuna Basin,2026-02-03 04:00:00+00:00,133.36761910870655,NORMAL,136.0,137.0,138.0,25.14133,80.85446,YMNCKT_2026-02-03T04:00:00+0000_133.3676
YMNCKT,Yamuna at Chitrakoot,Yamuna Basin,2026-02-03 05:00:00+00:00,133.37212583923295,NORMAL,136.0,137.0,138.0,25.14133,80.85446,YMNCKT_2026-02-03T05:00:00+0000_133.3721
YMNCKT,Yamuna at Chitrakoot,Yamuna Basin,2026-02-03 06:00:00+00:00,133.37409563395218,NORMAL,136.0,137.0,138.0,25.14133,80.85446,YMNCKT_2026-02-03T06:00:00+0000_133.3741
YMNCKT,Yamuna at Chitrakoot,Yamuna Basin,2026-02-03 07:00:00+00:00,133.28253881356935,NORMAL,136.0,137.0,138.0,25.14133,80.85446,YMNCKT_2026-02-03T07:00:00+0000_133.2825
YMNCKT,Yamuna at Chitrakoot,Yamuna Basin,2026-02-03 08:00:00+00:00,133.34718391654167,NORMAL,136.0,137.0,138.0,25.14133,80.85446,YMNCKT_2026-02-03T08:00:00+0000_133.3472
YMNCKT,Yamuna at Chitrakoot,Yamuna Basin,2026-02-03 09:00:00+00:00,133.2982001839481,NORMAL,136.0,137.0,138.0,25.14133,80.85446,YMNCKT_2026-02-03T09:00:00+0000_133.2982
YMNCKT,Yamuna at Chitrakoot,Yamuna Basin,2026-02-03 10:00:00+00:00,133.3590236226038,NORMAL,136.0,137.0,138.0,25.14133,80.85446,YMNCKT_2026-02-03T10:00:00+0000_133.3590
YMNCKT,Yamuna at Chitrakoot,Yamuna Basin,2026-02-03 11:00:00+00:00,133.43895567207258,NORMAL,136.0,137.0,138.0,25.14133,80.85446,YMNCKT_2026-02-03T11:00:00+0000_133.4390
YMNCKT,Yamuna at Chitrakoot,Yamuna Basin,2026-02-03 12:00:00+00:00,133.51248219090996,NORMAL,136.0,137.0,138.0,25.14133,80.85446,YMNCKT_2026-02-03T12:00:00+0000_133.5125
YMNCKT,Yamuna at Chitrakoot,Yamuna Basin,2026-02-03 13:00:00+00:00,133.53814333918135,NORMAL,136.0,137.0,138.0,25.14133,80.85446,YMNCKT_2026-02-03T13:00:00+0000_133.5381
YMNCKT,Yamuna at Chitrakoot,Yamuna Basin,2026-02-03 14:00:00+00:00,133.59583647880532,NORMAL,136.0,137.0,138.0,25.14133,80.85446,YMNCKT_2026-02-03T14:00:00+0000_133.5958
YMNCKT,Yamuna at Chitrakoot,Yamuna Basin,2026-02-03 15:00:00+00:00,133.62779835289345,NORMAL,136.0,137.0,138.0,25.14133,80.85446,YMNCKT_2026-02-03T15:00:00+0000_133.6278
YMNCKT,Yamuna at Chitrakoot,Yamuna Basin,2026-02-03 16:00:00+00:00,133.66071121667147,NORMAL,136.0,137.0,138.0,25.14133,80.85446,YMNCKT_2026-02-03T16:00:00+0000_133.6607
YMNCKT,Yamuna at Chitrakoot,Yamuna Basin,2026-02-03 17:00:00+00:00,133.71197582781838,NORMAL,136.0,137.0,138.0,25.14133,80.85446,YMNCKT_2026-02-03T17:00:00+0000_133.7120
YMNCKT,Yamuna at Chitrakoot,Yamuna Basin,2026-02-03 18:00:00+00:00,133.73451826495082,NORMAL,136.0,137.0,138.0,25.14133,80.85446,YMNCKT_2026-02-03T18:00:00+0000_133.7345
YMNCKT,Yamuna at Chitrakoot,Yamuna Basin,2026-02-03 19:00:00+00:00,133.71857049355967,NORMAL,136.0,137.0,138.0,25.14133,80.85446,YMNCKT_2026-02-03T19:00:00+0000_133.7186
YMNCKT,Yamuna at Chitrakoot,Yamuna Basin,2026-02-03 20:00:00+00:00,133.72403231690183,NORMAL,136.0,137.0,138.0,25.14133,80.85446,YMNCKT_2026-02-03T20:00:00+0000_133.7240
YMNCKT,Yamuna at Chitrakoot,Yamuna Basin,2026-02-03 21:00:00+00:00,133.76400937748784,NORMAL,136.0,137.0,138.0,25.14133,80.85446,YMNCKT_2026-02-03T21:00:00+0000_133.7640
YMNCKT,Yamuna at Chitrakoot,Yamuna Basin,2026-02-03 22:00:00+00:00,133.64675260239636,NORMAL,136.0,137.0,138.0,25.14133,80.85446,YMNCKT_2026-02-03T22:00:00+0000_133.6468
YMNCKT,Yamuna at Chitrakoot,Yamuna Basin,2026-02-03 23:00:00+00:00,133.63018436263755,NORMAL,136.0,137.0,138.0,25.14133,80.85446,YMNCKT_2026-02-03T23:00:00+0000_133.6302
YMNCKT,Yamuna at Chitrakoot,Yamuna Basin,2026-02-04 00:00:00+00:00,133.5513333446959,NORMAL,136.0,137.0,138.0,25.14133,80.85446,YMNCKT_2026-02-04T00:00:00+0000_133.5513
YMNCKT,Yamuna at Chitrakoot,Yamuna Basin,2026-02-04 01:00:00+00:00,133.531138666553,NORMAL,136.0,137.0,138.0,25.14133,80.85446,YMNCKT_2026-02-04T01:00:00+0000_133.5311
YMNCKT,Yamuna at Chitrakoot,Yamuna Basin,2026-02-04 02:00:00+00:00,133.4660978180966,NORMAL,136.0,137.0,138.0,25.14133,80.85446,YMNCKT_2026-02-04T02:00:00+0000_133.4661
YMNCKT,Yamuna at Chitrakoot,Yamuna Basin,2026-02-04 03:00:00+00:00,133.43866600802824,NORMAL,136.0,137.0,138.0,25.14133,80.85446,YMNCKT_2026-02-04T03:00:00+0000_133.4387
YMNCKT,Yamuna at Chitrakoot,Yamuna Basin,2026-02-04 04:00:00+00:00,133.42584091947415,NORMAL,136.0,137.0,138.0,25.14133,80.85446,YMNCKT_2026-02-04T04:00:00+0000_133.4258
YMNCKT,Yamuna at Chitrakoot,Yamuna Basin,2026-02-04 05:00:00+00:00,133.38227706682045,NORMAL,136.0,137.0,138.0,25.14133,80.85446,YMNCKT_2026-02-04T05:00:00+0000_133.3823
YMNCKT,Yamuna at Chitrakoot,Yamuna Basin,2026-02-04 06:00:00+00:00,133.37823472994972,NORMAL,136.0,137.0,138.0,25.14133,80.85446,YMNCKT_2026-02-04T06:00:00+0000_133.3782
YMNCKT,Yamuna at Chitrakoot,Yamuna Basin,2026-02-04 07:00:00+00:00,133.33860112625797,NORMAL,136.0,137.0,138.0,25.14133,80.85446,YMNCKT_2026-02-04T07:00:00+0000_133.3386
YMNCKT,Yamuna at Chitrakoot,Yamuna Basin,2026-02-04 08:00:00+00:00,133.29577831673438,NORMAL,136.0,137.0,138.0,25.14133,80.85446,YMNCKT_2026-02-04T08:00:00+0000_133.2958
YMNCKT,Yamuna at Chitrakoot,Yamuna Basin,2026-02-04 09:00:00+00:00,133.32492688538392,NORMAL,136.0,137.0,138.0,25.14133,80.85446,YMNCKT_2026-02-04T09:00:00+0000_133.3249
YMNCKT,Yamuna at Chitrakoot,Yamuna Basin,2026-02-04 10:00:00+00:00,133.3696991480898,NORMAL,136.0,137.0,138.0,25.14133,80.85446,YMNCKT_2026-02-04T10:00:00+0000_133.3697
YMNCKT,Yamuna at Chitrakoot,Yamuna Basin,2026-02-04 11:00:00+00:00,133.44373738351882,NORMAL,136.0,137.0,138.0,25.14133,80.85446,YMNCKT_2026-02-04T11:00:00+0000_133.4437
YMNCKT,Yamuna at Chitrakoot,Yamuna Basin,2026-02-04 12:00:00+00:00,133.51035051222115,NORMAL,136.0,137.0,138.0,25.14133,80.85446,YMNCKT_2026-02-04T12:00:00+0000_133.5104
YMNCKT,Yamuna at Chitrakoot,Yamuna Basin,2026-02-04 13:00:00+00:00,133.5670339860825,NORMAL,136.0,137.0,138.0,25.14133,80.85446,YMNCKT_2026-02-04T13:00:00+0000_133.5670
YMNCKT,Yamuna at Chitrakoot,Yamuna Basin,2026-02-04 14:00:00+00:00,133.5760157882942,NORMAL,136.0,137.0,138.0,25.14133,80.85446,YMNCKT_2026-02-04T14:00:00+0000_133.5760
YMNCKT,Yamuna at Chitrakoot,Yamuna Basin,2026-02-04 15:00:00+00:00,133.6337596766557,NORMAL,136.0,137.0,138.0,25.14133,80.85446,YMNCKT_2026-02-04T15:00:00+0000_133.6338
YMNCKT,Yamuna at Chitrakoot,Yamuna Basin,2026-02-04 16:00:00+00:00,133.72852341244382,NORMAL,136.0,137.0,138.0,25.14133,80.85446,YMNCKT_2026-02-04T16:00:00+0000_133.7285
YMNCKT,Yamuna at Chitrakoot,Yamuna Basin,2026-02-04 17:00:00+00:00,133.74935392208175,NORMAL,136.0,137.0,138.0,25.14133,80.85446,YMNCKT_2026-02-04T17:00:00+0000_133.7494
YMNCKT,Yamuna at Chitrakoot,Yamuna Basin,2026-02-04 18:00:00+00:00,133.76183813713334,NORMAL,136.0,137.0,138.0,25.14133,80.85446,YMNCKT_2026-02-04T18:00:00+0000_133.7618
YMNCKT,Yamuna at Chitrakoot,Yamuna Basin,2026-02-04 19:00:00+00:00,133.80471149682424,NORMAL,136.0,137.0,138.0,25.14133,80.85446,YMNCKT_2026-02-04T19:00:00+0000_133.8047
YMNCKT,Yamuna at Chitrakoot,Yamuna Basin,2026-02-04 20:00:00+00:00,133.7676116205039,NORMAL,136.0,137.0,138.0,25.14133,80.85446,YMNCKT_2026-02-04T20:00:00+0000_133.7676
YMNCKT,Yamuna at Chitrakoot,Yamuna Basin,2026-02-04 21:00:00+00:00,133.75595619916845,NORMAL,136.0,137.0,138.0,25.14133,80.85446,YMNCKT_2026-02-04T21:00:00+0000_133.7560
YMNCKT,Yamuna at Chitrakoot,Yamuna Basin,2026-02-04 22:00:00+00:00,133.71142583514683,NORMAL,136.0,137.0,138.0,25.14133,80.85446,YMNCKT_2026-02-04T22:00:00+0000_133.7114
YMNCKT,Yamuna at Chitrakoot,Yamuna Basin,2026-02-04 23:00:00+00:00,133.6549936495859,NORMAL,136.0,137.0,138.0,25.14133,80.85446,YMNCKT_2026-02-04T23:00:00+0000_133.6550
YMNCKT,Yamuna at Chitrakoot,Yamuna Basin,2026-02-05 00:00:00+00:00,133.55537611495484,NORMAL,136.0,137.0,138.0,25.14133,80.85446,YMNCKT_2026-02-05T00:00:00+0000_133.5554
YMNCKT,Yamuna at Chitrakoot,Yamuna Basin,2026-02-05 01:00:00+00:00,133.58822220694805,NORMAL,136.0,137.0,138.0,25.14133,80.85446,YMNCKT_2026-02-05T01:00:00+0000_133.5882
YMNCKT,Yamuna at Chitrakoot,Yamuna Basin,2026-02-05 02:00:00+00:00,133.43876101562375,NORMAL,136.0,137.0,138.0,25.14133,80.85446,YMNCKT_2026-02-05T02:00:00+0000_133.4388
YMNCKT,Yamuna at Chitrakoot,Yamuna Basin,2026-02-05 03:00:00+00:00,133.38703838153742,NORMAL,136.0,137.0,138.0,25.14133,80.85446,YMNCKT_2026-02-05T03:00:00+0000_133.3870
YMNCKT,Yamuna at Chitrakoot,Yamuna Basin,2026-02-05 04:00:00+00:00,133.4067303025113,NORMAL,136.0,137.0,138.0,25.14133,80.85446,YMNCKT_2026-02-05T04:00:00+0000_133.4067
YMNCKT,Yamuna at Chitrakoot,Yamuna Basin,2026-02-05 05:00:00+00:00,133.33459822313625,NORMAL,136.0,137.0,138.0,25.14133,80.85446,YMNCKT_2026-02-05T05:00:00+0000_133.3346
YMNCKT,Yamuna at Chitrakoot,Yamuna Basin,2026-02-05 06:00:00+00:00,133.29306154703312,NORMAL,136.0,137.0,138.0,25.14133,80.85446,YMNCKT_2026-02-05T06:00:00+0000_133.2931
YMNCKT,Yamuna at Chitrakoot,Yamuna Basin,2026-02-05 07:00:00+00:00,133.30798849916977,NORMAL,136.0,137.0,138.0,25.14133,80.85446,YMNCKT_2026-02-05T07:00:00+0000_133.3080
YMNCKT,Yamuna at Chitrakoot,Yamuna Basin,2026-02-05 08:00:00+00:00,133.37261983651928,NORMAL,136.0,137.0,138.0,25.14133,80.85446,YMNCKT_2026-02-05T08:00:00+0000_133.3726
YMNCKT,Yamuna at Chitrakoot,Yamuna Basin,2026-02-05 09:00:00+00:00,133.3287400014145,NORMAL,136.0,137.0,138.0,25.14133,80.85446,YMNCKT_2026-02-05T09:00:00+0000_133.3287
YMNCKT,Yamuna at Chitrakoot,Yamuna Basin,2026-02-05 10:00:00+00:00,133.3639467325302,NORMAL,136.0,137.0,138.0,25.14133,80.85446,YMNCKT_2026-02-05T10:00:00+0000_133.3639
YMNCKT,Yamuna at Chitrakoot,Yamuna Basin,2026-02-05 11:00:00+00:00,133.44635202182775,NORMAL,136.0,137.0,138.0,25.14133,80.85446,YMNCKT_2026-02-05T11:00:00+0000_133.4464
YMNCKT,Yamuna at Chitrakoot,Yamuna Basin,2026-02-05 12:00:00+00:00,133.53777210175312,NORMAL,136.0,137.0,138.0,25.14133,80.85446,YMNCKT_2026-02-05T12:00:00+0000_133.5378
YMNCKT,Yamuna at Chitrakoot,Yamuna Basin,2026-02-05 13:00:00+00:00,133.5278393341854,NORMAL,136.0,137.0,138.0,25.14133,80.85446,YMNCKT_2026-02-05T13:00:00+0000_133.5278
YMNCKT,Yamuna at Chitrakoot,Yamuna Basin,2026-02-05 14:00:00+00:00,133.58781973185722,NORMAL,136.0,137.0,138.0,25.14133,80.85446,YMNCKT_2026-02-05T14:00:00+0000_133.5878
YMNCKT,Yamuna at Chitrakoot,Yamuna Basin,2026-02-05 15:00:00+00:00,133.6286392749068,NORMAL,136.0,137.0,138.0,25.14133,80.85446,YMNCKT_2026-02-05T15:00:00+0000_133.6286
YMNCKT,Yamuna at Chitrakoot,Yamuna Basin,2026-02-05 16:00:00+00:00,133.64932448960957,NORMAL,136.0,137.0,138.0,25.14133,80.85446,YMNCKT_2026-02-05T16:00:00+0000_133.6493
YMNCKT,Yamuna at Chitrakoot,Yamuna Basin,2026-02-05 17:00:00+00:00,133.75304904509386,NORMAL,136.0,137.0,138.0,25.14133,80.85446,YMNCKT_2026-02-05T17:00:00+0000_133.7530
YMNCKT,Yamuna at Chitrakoot,Yamuna Basin,2026-02-05 18:00:00+00:00,133.73757901995896,NORMAL,136.0,137.0,138.0,25.14133,80.85446,YMNCKT_2026-02-05T18:00:00+0000_133.7376
YMNCKT,Yamuna at Chitrakoot,Yamuna Basin,2026-02-05 19:00:00+00:00,133.78452471258032,NORMAL,136.0,137.0,138.0,25.14133,80.85446,YMNCKT_2026-02-05T19:00:00+0000_133.7845
YMNCKT,Yamuna at Chitrakoot,Yamuna Basin,2026-02-05 20:00:00+00:00,133.7976536458302,NORMAL,136.0,137.0,138.0,25.14133,80.85446,YMNCKT_2026-02-05T20:00:00+0000_133.7977
YMNCKT,Yamuna at Chitrakoot,Yamuna Basin,2026-02-05 21:00:00+00:00,133.7184207502571,NORMAL,136.0,137.0,138.0,25.14133,80.85446,YMNCKT_2026-02-05T21:00:00+0000_133.7184
YMNCKT,Yamuna at Chitrakoot,Yamuna Basin,2026-02-05 22:00:00+00:00,133.67844506074152,NORMAL,136.0,137.0,138.0,25.14133,80.85446,YMNCKT_2026-02-05T22:00:00+0000_133.6784
YMNCKT,Yamuna at Chitrakoot,Yamuna Basin,2026-02-05 23:00:00+00:00,133.64824952249435,NORMAL,136.0,137.0,138.0,25.14133,80.85446,YMNCKT_2026-02-05T23:00:00+0000_133.6482
YMNCKT,Yamuna at Chitrakoot,Yamuna Basin,2026-02-06 00:00:00+00:00,133.57729542700096,NORMAL,136.0,137.0,138.0,25.14133,80.85446,YMNCKT_2026-02-06T00:00:00+0000_133.5773
YMNCKT,Yamuna at Chitrakoot,Yamuna Basin,2026-02-06 01:00:00+00:00,133.50119339676917,NORMAL,136.0,137.0,138.0,25.14133,80.85446,YMNCKT_2026-02-06T01:00:00+0000_133.5012
YMNCKT,Yamuna at Chitrakoot,Yamuna Basin,2026-02-06 02:00:00+00:00,133.53464777681347,NORMAL,136.0,137.0,138.0,25.14133,80.85446,YMNCKT_2026-02-06T02:00:00+0000_133.5346
YMNCKT,Yamuna at Chitrakoot,Yamuna Basin,2026-02-06 03:00:00+00:00,133.42680123615875,NORMAL,136.0,137.0,138.0,25.14133,80.85446,YMNCKT_2026-02-06T03:00:00+0000_133.4268
YMNCKT,Yamuna at Chitrakoot,Yamuna Basin,2026-02-06 04:00:00+00:00,133.37348531195204,NORMAL,136.0,137.0,138.0,25.14133,80.85446,YMNCKT_2026-02-06T04:00:00+0000_133.3735
YMNCKT,Yamuna at Chitrakoot,Yamuna Basin,2026-02-06 05:00:00+00:00,133.32327186619352,NORMAL,136.0,137.0,138.0,25.14133,80.85446,YMNCKT_2026-02-06T05:00:00+0000_133.3233
YMNCKT,Yamuna at Chitrakoot,Yamuna Basin,2026-02-06 06:00:00+00:00,133.37612970402418,NORMAL,136.0,137.0,138.0,25.14133,80.85446,YMNCKT_2026-02-06T06:00:00+0000_133.3761
YMNCKT,Yamuna at Chitrakoot,Yamuna Basin,2026-02-06 07:00:00+00:00,133.34172635787598,NORMAL,136.0,137.0,138.0,25.14133,80.85446,YMNCKT_2026-02-06T07:00:00+0000_133.3417
YMNCKT,Yamuna at Chitrakoot,Yamuna Basin,2026-02-06 08:00:00+00:00,133.35616204472043,NORMAL,136.0,137.0,138.0,25.14133,80.85446,YMNCKT_2026-02-06T08:00:00+0000_133.3562
YMNCKT,Yamuna at Chitrakoot,Yamuna Basin,2026-02-06 09:00:00+00:00,133.40540044283733,NORMAL,136.0,137.0,138.0,25.14133,80.85446,YMNCKT_2026-02-06T09:00:00+0000_133.4054
YMNCKT,Yamuna at Chitrakoot,Yamuna Basin,2026-02-06 10:00:00+00:00,133.38179984612347,NORMAL,136.0,137.0,138.0,25.14133,80.85446,YMNCKT_2026-02-06T10:00:00+0000_133.3818
YMNCKT,Yamuna at Chitrakoot,Yamuna Basin,2026-02-06 11:00:00+00:00,133.4072931169895,NORMAL,136.0,137.0,138.0,25.14133,80.85446,YMNCKT_2026-02-06T11:00:00+0000_133.4073
YMNCKT,Yamuna at Chitrakoot,Yamuna Basin,2026-02-06 12:00:00+00:00,133.4938462869927,NORMAL,136.0,137.0,138.0,25.14133,80.85446,YMNCKT_2026-02-06T12:00:00+0000_133.4938
YMNCKT,Yamuna at Chitrakoot,Yamuna Basin,2026-02-06 13:00:00+00:00,133.5186770574246,NORMAL,136.0,137.0,138.0,25.14133,80.85446,YMNCKT_2026-02-06T13:00:00+0000_133.5187
YMNCKT,Yamuna at Chitrakoot,Yamuna Basin,2026-02-06 14:00:00+00:00,133.61783648085222,NORMAL,136.0,137.0,138.0,25.14133,80.85446,YMNCKT_2026-02-06T14:00:00+0000_133.6178
YMNCKT,Yamuna at Chitrakoot,Yamuna Basin,2026-02-06 15:00:00+00:00,133.64527672239552,NORMAL,136.0,137.0,138.0,25.14133,80.85446,YMNCKT_2026-02-06T15:00:00+0000_133.6453
YMNCKT,Yamuna at Chitrakoot,Yamuna Basin,2026-02-06 16:00:00+00:00,133.6995252269143,NORMAL,136.0,137.0,138.0,25.14133,80.85446,YMNCKT_2026-02-06T16:00:00+0000_133.6995
YMNCKT,Yamuna at Chitrakoot,Yamuna Basin,2026-02-06 17:00:00+00:00,133.77559474955638,NORMAL,136.0,137.0,138.0,25.14133,80.85446,YMNCKT_2026-02-06T17:00:00+0000_133.7756
YMNCKT,Yamuna at Chitrakoot,Yamuna Basin,2026-02-06 18:00:00+00:00,133.8031878836994,NORMAL,136.0,137.0,138.0,25.14133,80.85446,YMNCKT_2026-02-06T18:00:00+0000_133.8032
YMNCKT,Yamuna at Chitrakoot,Yamuna Basin,2026-02-06 19:00:00+00:00,133.81317229211558,NORMAL,136.0,137.0,138.0,25.14133,80.85446,YMNCKT_2026-02-06T19:00:00+0000_133.8132
YMNCKT,Yamuna at Chitrakoot,Yamuna Basin,2026-02-06 20:00:00+00:00,133.74153642319266,NORMAL,136.0,137.0,138.0,25.14133,80.85446,YMNCKT_2026-02-06T20:00:00+0000_133.7415
YMNCKT,Yamuna at Chitrakoot,Yamuna Basin,2026-02-06 21:00:00+00:00,133.7035856729903,NORMAL,136.0,137.0,138.0,25.14133,80.85446,YMNCKT_2026-02-06T21:00:00+0000_133.7036
YMNCKT,Yamuna at Chitrakoot,Yamuna Basin,2026-02-06 22:00:00+00:00,133.66266518914273,NORMAL,136.0,137.0,138.0,25.14133,80.85446,YMNCKT_2026-02-06T22:00:00+0000_133.6627
YMNCKT,Yamuna at Chitrakoot,Yamuna Basin,2026-02-06 23:00:00+00:00,133.6075249055847,NORMAL,136.0,137.0,138.0,25.14133,80.85446,YMNCKT_2026-02-06T23:00:00+0000_133.6075
YMNCKT,Yamuna at Chitrakoot,Yamuna Basin,2026-02-07 00:00:00+00:00,133.58415060712636,NORMAL,136.0,137.0,138.0,25.14133,80.85446,YMNCKT_2026-02-07T00:00:00+0000_133.5842
YMNCKT,Yamuna at Chitrakoot,Yamuna Basin,2026-02-07 01:00:00+00:00,133.55418586073807,NORMAL,136.0,137.0,138.0,25.14133,80.85446,YMNCKT_2026-02-07T01:00:00+0000_133.5542
YMNCKT,Yamuna at Chitrakoot,Yamuna Basin,2026-02-07 02:00:00+00:00,133.48892186677287,NORMAL,136.0,137.0,138.0,25.14133,80.85446,YMNCKT_2026-02-07T02:00:00+0000_133.4889
YMNCKT,Yamuna at Chitrakoot,Yamuna Basin,2026-02-07 03:00:00+00:00,133.40822399286097,NORMAL,136.0,137.0,138.0,25.14133,80.85446,YMNCKT_2026-02-07T03:00:00+0000_133.4082
YMNCKT,Yamuna at Chitrakoot,Yamuna Basin,2026-02-07 04:00:00+00:00,133.39361982434522,NORMAL,136.0,137.0,138.0,25.14133,80.85446,YMNCKT_2026-02-07T04:00:00+0000_133.3936
YMNCKT,Yamuna at Chitrakoot,Yamuna Basin,2026-02-07 05:00:00+00:00,133.36802547424637,NORMAL,136.0,137.0,138.0,25.14133,80.85446,YMNCKT_2026-02-07T05:00:00+0000_133.3680
YMNCKT,Yamuna at Chitrakoot,Yamuna Basin,2026-02-07 06:00:00+00:00,133.38534922663632,NORMAL,136.0,137.0,138.0,25.14133,80.85446,YMNCKT_2026-02-07T06:00:00+0000_133.3853
YMNCKT,Yamuna at Chitrakoot,Yamuna Basin,2026-02-07 07:00:00+00:00,133.32414175499437,NORMAL,136.0,137.0,138.0,25.14133,80.85446,YMNCKT_2026-02-07T07:00:00+0000_133.3241
YMNCKT,Yamuna at Chitrakoot,Yamuna Basin,2026-02-07 08:00:00+00:00,133.3163999866048,NORMAL,136.0,137.0,138.0,25.14133,80.85446,YMNCKT_2026-02-07T08:00:00+0000_133.3164
YMNCKT,Yamuna at Chitrakoot,Yamuna Basin,2026-02-07 09:00:00+00:00,133.4006167405942,NORMAL,136.0,137.0,138.0,25.14133,80.85446,YMNCKT_2026-02-07T09:00:00+0000_133.4006
YMNCKT,Yamuna at Chitrakoot,Yamuna Basin,2026-02-07 10:00:00+00:00,133.41773747184098,NORMAL,136.0,137.0,138.0,25.14133,80.85446,YMNCKT_2026-02-07T10:00:00+0000_133.4177
YMNCKT,Yamuna at Chitrakoot,Yamuna Basin,2026-02-07 11:00:00+00:00,133.4473418185137,NORMAL,136.0,137.0,138.0,25.14133,80.85446,YMNCKT_2026-02-07T11:00:00+0000_133.4473
YMNCKT,Yamuna at Chitrakoot,Yamuna Basin,2026-02-07 12:00:00+00:00,133.53584778924417,NORMAL,136.0,137.0,138.0,25.14133,80.85446,YMNCKT_2026-02-07T12:00:00+0000_133.5358
YMNCKT,Yamuna at Chitrakoot,Yamuna Basin,2026-02-07 13:00:00+00:00,133.54406873374418,NORMAL,136.0,137.0,138.0,25.14133,80.85446,YMNCKT_2026-02-07T13:00:00+0000_133.5441
YMNCKT,Yamuna at Chitrakoot,Yamuna Basin,2026-02-07 14:00:00+00:00,133.63367403840206,NORMAL,136.0,137.0,138.0,25.14133,80.85446,YMNCKT_2026-02-07T14:00:00+0000_133.6337
YMNCKT,Yamuna at Chitrakoot,Yamuna Basin,2026-02-07 15:00:00+00:00,133.65183565059266,NORMAL,136.0,137.0,138.0,25.14133,80.85446,YMNCKT_2026-02-07T15:00:00+0000_133.6518
YMNCKT,Yamuna at Chitrakoot,Yamuna Basin,2026-02-07 16:00:00+00:00,133.70294103111,NORMAL,136.0,137.0,138.0,25.14133,80.85446,YMNCKT_2026-02-07T16:00:00+0000_133.7029
YMNCKT,Yamuna at Chitrakoot,Yamuna Basin,2026-02-07 17:00:00+00:00,133.73747987285012,NORMAL,136.0,137.0,138.0,25.14133,80.85446,YMNCKT_2026-02-07T17:00:00+0000_133.7375
YMNCKT,Yamuna at Chitrakoot,Yamuna Basin,2026-02-07 18:00:00+00:00,133.7603109319414,NORMAL,136.0,137.0,138.0,25.14133,80.85446,YMNCKT_2026-02-07T18:00:00+0000_133.7603
YMNCKT,Yamuna at Chitrakoot,Yamuna Basin,2026-02-07 19:00:00+00:00,133.73325453251655,NORMAL,136.0,137.0,138.0,25.14133,80.85446,YMNCKT_2026-02-07T19:00:00+0000_133.7333
YMNCKT,Yamuna at Chitrakoot,Yamuna Basin,2026-02-07 20:00:00+00:00,133.76717427968538,NORMAL,136.0,137.0,138.0,25.14133,80.85446,YMNCKT_2026-02-07T20:00:00+0000_133.7672
YMNCKT,Yamuna at Chitrakoot,Yamuna Basin,2026-02-07 21:00:00+00:00,133.75388739772032,NORMAL,136.0,137.0,138.0,25.14133,80.85446,YMNCKT_2026-02-07T21:00:00+0000_133.7539
YMNCKT,Yamuna at Chitrakoot,Yamuna Basin,2026-02-07 22:00:00+00:00,133.73655454536535,NORMAL,136.0,137.0,138.0,25.14133,80.85446,YMNCKT_2026-02-07T22:00:00+0000_133.7366
YMNCKT,Yamuna at Chitrakoot,Yamuna Basin,2026-02-07 23:00:00+00:00,133.63294233263937,NORMAL,136.0,137.0,138.0,25.14133,80.85446,YMNCKT_2026-02-07T23:00:00+0000_133.6329
YMNCKT,Yamuna at Chitrakoot,Yamuna Basin,2026-02-08 00:00:00+00:00,133.63356432825464,NORMAL,136.0,137.0,138.0,25.14133,80.85446,YMNCKT_2026-02-08T00:00:00+0000_133.6336
YMNCKT,Yamuna at Chitrakoot,Yamuna Basin,2026-02-08 01:00:00+00:00,133.56345993519855,NORMAL,136.0,137.0,138.0,25.14133,80.85446,YMNCKT_2026-02-08T01:00:00+0000_133.5635
YMNCKT,Yamuna at Chitrakoot,Yamuna Basin,2026-02-08 02:00:00+00:00,133.54063661732394,NORMAL,136.0,137.0,138.0,25.14133,80.85446,YMNCKT_2026-02-08T02:00:00+0000_133.5406
YMNCKT,Yamuna at Chitrakoot,Yamuna Basin,2026-02-08 03:00:00+00:00,133.44948485195565,NORMAL,136.0,137.0,138.0,25.14133,80.85446,YMNCKT_2026-02-08T03:00:00+0000_133.4495
YMNCKT,Yamuna at Chitrakoot,Yamuna Basin,2026-02-08 04:00:00+00:00,133.39590579059245,NORMAL,136.0,137.0,138.0,25.14133,80.85446,YMNCKT_2026-02-08T04:00:00+0000_133.3959
YMNCKT,Yamuna at Chitrakoot,Yamuna Basin,2026-02-08 05:00:00+00:00,133.32626628757814,NORMAL,136.0,137.0,138.0,25.14133,80.85446,YMNCKT_2026-02-08T05:00:00+0000_133.3263
YMNCKT,Yamuna at Chitrakoot,Yamuna Basin,2026-02-08 06:00:00+00:00,133.32679116449685,NORMAL,136.0,137.0,138.0,25.14133,80.85446,YMNCKT_2026-02-08T06:00:00+0000_133.3268
YMNCKT,Yamuna at Chitrakoot,Yamuna Basin,2026-02-08 07:00:00+00:00,133.34841361299365,NORMAL,136.0,137.0,138.0,25.14133,80.85446,YMNCKT_2026-02-08T07:00:00+0000_133.3484
YMNCKT,Yamuna at Chitrakoot,Yamuna Basin,2026-02-08 08:00:00+00:00,133.35437068514517,NORMAL,136.0,137.0,138.0,25.14133,80.85446,YMNCKT_2026-02-08T08:00:00+0000_133.3544
YMNCKT,Yamuna at Chitrakoot,Yamuna Basin,2026-02-08 09:00:00+00:00,133.32117979587557,NORMAL,136.0,137.0,138.0,25.14133,80.85446,YMNCKT_2026-02-08T09:00:00+0000_133.3212
YMNCKT,Yamuna at Chitrakoot,Yamuna Basin,2026-02-08 10:00:00+00:00,133.44996779316705,NORMAL,136.0,137.0,138.0,25.14133,80.85446,YMNCKT_2026-02-08T10:00:00+0000_133.4500
YMNCKT,Yamuna at Chitrakoot,Yamuna Basin,2026-02-08 11:00:00+00:00,133.4647961039512,NORMAL,136.0,137.0,138.0,25.14133,80.85446,YMNCKT_2026-02-08T11:00:00+0000_133.4648
YMNCKT,Yamuna at Chitrakoot,Yamuna Basin,2026-02-08 12:00:00+00:00,,,136.0,137.0,138.0,25.14133,80.85446,YMNCKT_2026-02-08T12:00:00+0000_
YMNCKT,Yamuna at Chitrakoot,Yamuna Basin,2026-02-08 13:00:00+00:00,133.55765250405923,NORMAL,136.0,137.0,138.0,25.14133,80.85446,YMNCKT_2026-02-08T13:00:00+0000_133.5577
YMNCKT,Yamuna at Chitrakoot,Yamuna Basin,2026-02-08 14:00:00+00:00,133.64895744316337,NORMAL,136.0,137.0,138.0,25.14133,80.85446,YMNCKT_2026-02-08T14:00:00+0000_133.6490
YMNCKT,Yamuna at Chitrakoot,Yamuna Basin,2026-02-08 15:00:00+00:00,133.69439902096184,NORMAL,136.0,137.0,138.0,25.14133,80.85446,YMNCKT_2026-02-08T15:00:00+0000_133.6944
YMNCKT,Yamuna at Chitrakoot,Yamuna Basin,2026-02-08 16:00:00+00:00,133.68779006307386,NORMAL,136.0,137.0,138.0,25.14133,80.85446,YMNCKT_2026-02-08T16:00:00+0000_133.6878
YMNCKT,Yamuna at Chitrakoot,Yamuna Basin,2026-02-08 17:00:00+00:00,133.71659001476604,NORMAL,136.0,137.0,138.0,25.14133,80.85446,YMNCKT_2026-02-08T17:00:00+0000_133.7166
YMNCKT,Yamuna at Chitrakoot,Yamuna Basin,2026-02-08 18:00:00+00:00,133.75904527058196,NORMAL,136.0,137.0,138.0,25.14133,80.85446,YMNCKT_2026-02-08T18:00:00+0000_133.7590
YMNCKT,Yamuna at Chitrakoot,Yamuna Basin,2026-02-08 19:00:00+00:00,133.80479879422987,NORMAL,136.0,137.0,138.0,25.14133,80.85446,YMNCKT_2026-02-08T19:00:00+0000_133.8048
YMNCKT,Yamuna at Chitrakoot,Yamuna Basin,2026-02-08 20:00:00+00:00,133.73722736516547,NORMAL,136.0,137.0,138.0,25.14133,80.85446,YMNCKT_2026-02-08T20:00:00+0000_133.7372
YMNCKT,Yamuna at Chitrakoot,Yamuna Basin,2026-02-08 21:00:00+00:00,133.7467192042945,NORMAL,136.0,137.0,138.0,25.14133,80.85446,YMNCKT_2026-02-08T21:00:00+0000_133.7467
YMNCKT,Yamuna at Chitrakoot,Yamuna Basin,2026-02-08 22:00:00+00:00,134.54593337827535,NORMAL,136.0,137.0,138.0,25.14133,80.85446,YMNCKT_2026-02-08T22:00:00+0000_134.5459
YMNCKT,Yamuna at Chitrakoot,Yamuna Basin,2026-02-08 23:00:00+00:00,134.40276081293845,NORMAL,136.0,137.0,138.0,25.14133,80.85446,YMNCKT_2026-02-08T23:00:00+0000_134.4028
YMNCKT,Yamuna at Chitrakoot,Yamuna Basin,2026-02-09 00:00:00+00:00,133.59922217570826,NORMAL,136.0,137.0,138.0,25.14133,80.85446,YMNCKT_2026-02-09T00:00:00+0000_133.5992
YMNCKT,Yamuna at Chitrakoot,Yamuna Basin,2026-02-09 01:00:00+00:00,133.58531509499025,NORMAL,136.0,137.0,138.0,25.14133,80.85446,YMNCKT_2026-02-09T01:00:00+0000_133.5853
YMNCKT,Yamuna at Chitrakoot,Yamuna Basin,2026-02-09 02:00:00+00:00,133.47591750659683,NORMAL,136.0,137.0,138.0,25.14133,80.85446,YMNCKT_2026-02-09T02:00:00+0000_133.4759
YMNCKT,Yamuna at Chitrakoot,Yamuna Basin,2026-02-09 03:00:00+00:00,133.46580379005923,NORMAL,136.0,137.0,138.0,25.14133,80.85446,YMNCKT_2026-02-09T03:00:00+0000_133.4658
YMNCKT,Yamuna at Chitrakoot,Yamuna Basin,2026-02-09 04:00:00+00:00,133.43667118143196,NORMAL,136.0,137.0,138.0,25.14133,80.85446,YMNCKT_2026-02-09T04:00:00+0000_133.4367
YMNCKT,Yamuna at Chitrakoot,Yamuna Basin,2026-02-09 05:00:00+00:00,133.4145723945552,NORMAL,136.0,137.0,138.0,25.14133,80.85446,YMNCKT_2026-02-09T05:00:00+0000_133.4146
YMNCKT,Yamuna at Chitrakoot,Yamuna Basin,2026-02-09 06:00:00+00:00,133.3480406763094,NORMAL,136.0,137.0,138.0,25.14133,80.85446,YMNCKT_2026-02-09T06:00:00+0000_133.3480
YMNCKT,Yamuna at Chitrakoot,Yamuna Basin,2026-02-09 07:00:00+00:00,133.38385262571134,NORMAL,136.0,137.0,138.0,25.14133,80.85446,YMNCKT_2026-02-09T07:00:00+0000_133.3839
YMNCKT,Yamuna at Chitrakoot,Yamuna Basin,2026-02-09 08:00:00+00:00,133.33780594265528,NORMAL,136.0,137.0,138.0,25.14133,80.85446,YMNCKT_2026-02-09T08:00:00+0000_133.3378
YMNCKT,Yamuna at Chitrakoot,Yamuna Basin,2026-02-09 09:00:00+00:00,133.38899082532186,NORMAL,136.0,137.0,138.0,25.14133,80.85446,YMNCKT_2026-02-09T09:00:00+0000_133.3890
YMNCKT,Yamuna at Chitrakoot,Yamuna Basin,2026-02-09 10:00:00+00:00,133.39608074209903,NORMAL,136.0,137.0,138.0,25.14133,80.85446,YMNCKT_2026-02-09T10:00:00+0000_133.3961
YMNCKT,Yamuna at Chitrakoot,Yamuna Basin,2026-02-09 11:00:00+00:00,133.49089912129585,NORMAL,136.0,137.0,138.0,25.14133,80.85446,YMNCKT_2026-02-09T11:00:00+0000_133.4909
YMNCKT,Yamuna at Chitrakoot,Yamuna Basin,2026-02-09 12:00:00+00:00,133.52895717997296,NORMAL,136.0,137.0,138.0,25.14133,80.85446,YMNCKT_2026-02-09T12:00:00+0000_133.5290
YMNCKT,Yamuna at Chitrakoot,Yamuna Basin,2026-02-09 13:00:00+00:00,133.55020050639527,NORMAL,136.0,137.0,138.0,25.14133,80.85446,YMNCKT_2026-02-09T13:00:00+0000_133.5502
YMNCKT,Yamuna at Chitrakoot,Yamuna Basin,2026-02-09 14:00:00+00:00,133.62827409939817,NORMAL,136.0,137.0,138.0,25.14133,80.85446,YMNCKT_2026-02-09T14:00:00+0000_133.6283
YMNCKT,Yamuna at Chitrakoot,Yamuna Basin,2026-02-09 15:00:00+00:00,133.6819234029151,NORMAL,136.0,137.0,138.0,25.14133,80.85446,YMNCKT_2026-02-09T15:00:00+0000_133.6819
YMNCKT,Yamuna at Chitrakoot,Yamuna Basin,2026-02-09 16:00:00+00:00,133.72764480860644,NORMAL,136.0,137.0,138.0,25.14133,80.85446,YMNCKT_2026-02-09T16:00:00+0000_133.7276
YMNCKT,Yamuna at Chitrakoot,Yamuna Basin,2026-02-09 17:00:00+00:00,133.76854789590269,NORMAL,136.0,137.0,138.0,25.14133,80.85446,YMNCKT_2026-02-09T17:00:00+0000_133.7685
YMNCKT,Yamuna at Chitrakoot,Yamuna Basin,2026-02-09 18:00:00+00:00,133.81118299349623,NORMAL,136.0,137.0,138.0,25.14133,80.85446,YMNCKT_2026-02-09T18:00:00+0000_133.8112
YMNCKT,Yamuna at Chitrakoot,Yamuna Basin,2026-02-09 19:00:00+00:00,133.80208672059774,NORMAL,136.0,137.0,138.0,25.14133,80.85446,YMNCKT_2026-02-09T19:00:00+0000_133.8021
YMNCKT,Yamuna at Chitrakoot,Yamuna Basin,2026-02-09 20:00:00+00:00,133.74429880030826,NORMAL,136.0,137.0,138.0,25.14133,80.85446,YMNCKT_2026-02-09T20:00:00+0000_133.7443
YMNCKT,Yamuna at Chitrakoot,Yamuna Basin,2026-02-09 21:00:00+00:00,133.7330573911988,NORMAL,136.0,137.0,138.0,25.14133,80.85446,YMNCKT_2026-02-09T21:00:00+0000_133.7331
YMNCKT,Yamuna at Chitrakoot,Yamuna Basin,2026-02-09 22:00:00+00:00,133.75264385144348,NORMAL,136.0,137.0,138.0,25.14133,80.85446,YMNCKT_2026-02-09T22:00:00+0000_133.7526
YMNCKT,Yamuna at Chitrakoot,Yamuna Basin,2026-02-09 23:00:00+00:00,133.70210563510858,NORMAL,136.0,137.0,138.0,25.14133,80.85446,YMNCKT_2026-02-09T23:00:00+0000_133.7021
YMNCKT,Yamuna at Chitrakoot,Yamuna Basin,2026-02-10 00:00:00+00:00,133.57061671779584,NORMAL,136.0,137.0,138.0,25.14133,80.85446,YMNCKT_2026-02-10T00:00:00+0000_133.5706
YMNCKT,Yamuna at Chitrakoot,Yamuna Basin,2026-02-10 01:00:00+00:00,133.60765454805792,NORMAL,136.0,137.0,138.0,25.14133,80.85446,YMNCKT_2026-02-10T01:00:00+0000_133.6077
YMNCKT,Yamuna at Chitrakoot,Yamuna Basin,2026-02-10 02:00:00+00:00,133.4680681102422,NORMAL,136.0,137.0,138.0,25.14133,80.85446,YMNCKT_2026-02-10T02:00:00+0000_133.4681
YMNCKT,Yamuna at Chitrakoot,Yamuna Basin,2026-02-10 03:00:00+00:00,133.4720623998678,NORMAL,136.0,137.0,138.0,25.14133,80.85446,YMNCKT_2026-02-10T03:00:00+0000_133.4721
YMNCKT,Yamuna at Chitrakoot,Yamuna Basin,2026-02-10 04:00:00+00:00,133.40743071717387,NORMAL,136.0,137.0,138.0,25.14133,80.85446,YMNCKT_2026-02-10T04:00:00+0000_133.4074
YMNCKT,Yamuna at Chitrakoot,Yamuna Basin,2026-02-10 05:00:00+00:00,133.36460513119962,NORMAL,136.0,137.0,138.0,25.14133,80.85446,YMNCKT_2026-02-10T05:00:00+0000_133.3646
YMNCKT,Yamuna at Chitrakoot,Yamuna Basin,2026-02-10 06:00:00+00:00,133.35768595660628,NORMAL,136.0,137.0,138.0,25.14133,80.85446,YMNCKT_2026-02-10T06:00:00+0000_133.3577
YMNCKT,Yamuna at Chitrakoot,Yamuna Basin,2026-02-10 07:00:00+00:00,133.37900441820196,NORMAL,136.0,137.0,138.0,25.14133,80.85446,YMNCKT_2026-02-10T07:00:00+0000_133.3790
YMNCKT,Yamuna at Chitrakoot,Yamuna Basin,2026-02-10 08:00:00+00:00,133.34212141434045,NORMAL,136.0,137.0,138.0,25.14133,80.85446,YMNCKT_2026-02-10T08:00:00+0000_133.3421
YMNCKT,Yamuna at Chitrakoot,Yamuna Basin,2026-02-10 09:00:00+00:00,133.37279763567923,NORMAL,136.0,137.0,138.0,25.14133,80.85446,YMNCKT_2026-02-10T09:00:00+0000_133.3728
YMNCKT,Yamuna at Chitrakoot,Yamuna Basin,2026-02-10 10:00:00+00:00,133.4388932928231,NORMAL,136.0,137.0,138.0,25.14133,80.85446,YMNCKT_2026-02-10T10:00:00+0000_133.4389
YMNCKT,Yamuna at Chitrakoot,Yamuna Basin,2026-02-10 11:00:00+00:00,133.50065958351266,NORMAL,136.0,137.0,138.0,25.14133,80.85446,YMNCKT_2026-02-10T11:00:00+0000_133.5007
YMNCKT,Yamuna at Chitrakoot,Yamuna Basin,2026-02-10 12:00:00+00:00,133.4862287112403,NORMAL,136.0,137.0,138.0,25.14133,80.85446,YMNCKT_2026-02-10T12:00:00+0000_133.4862
YMNCKT,Yamuna at Chitrakoot,Yamuna Basin,2026-02-10 13:00:00+00:00,133.53965022701487,NORMAL,136.0,137.0,138.0,25.14133,80.85446,YMNCKT_2026-02-10T13:00:00+0000_133.5397
YMNCKT,Yamuna at Chitrakoot,Yamuna Basin,2026-02-10 14:00:00+00:00,133.60973845017753,NORMAL,136.0,137.0,138.0,25.14133,80.85446,YMNCKT_2026-02-10T14:00:00+0000_133.6097
YMNCKT,Yamuna at Chitrakoot,Yamuna Basin,2026-02-10 15:00:00+00:00,133.64925400675747,NORMAL,136.0,137.0,138.0,25.14133,80.85446,YMNCKT_2026-02-10T15:00:00+0000_133.6493
YMNCKT,Yamuna at Chitrakoot,Yamuna Basin,2026-02-10 16:00:00+00:00,133.7077452549802,NORMAL,136.0,137.0,138.0,25.14133,80.85446,YMNCKT_2026-02-10T16:00:00+0000_133.7077
YMNCKT,Yamuna at Chitrakoot,Yamuna Basin,2026-02-10 17:00:00+00:00,133.73578293567238,NORMAL,136.0,137.0,138.0,25.14133,80.85446,YMNCKT_2026-02-10T17:00:00+0000_133.7358
YMNCKT,Yamuna at Chitrakoot,Yamuna Basin,2026-02-10 18:00:00+00:00,133.8196881609,NORMAL,136.0,137.0,138.0,25.14133,80.85446,YMNCKT_2026-02-10T18:00:00+0000_133.8197
YMNCKT,Yamuna at Chitrakoot,Yamuna Basin,2026-02-10 19:00:00+00:00,133.78904966678837,NORMAL,136.0,137.0,138.0,25.14133,80.85446,YMNCKT_2026-02-10T19:00:00+0000_133.7890
YMNCKT,Yamuna at Chitrakoot,Yamuna Basin,2026-02-10 20:00:00+00:00,133.81803945006382,NORMAL,136.0,137.0,138.0,25.14133,80.85446,YMNCKT_2026-02-10T20:00:00+0000_133.8180
YMNCKT,Yamuna at Chitrakoot,Yamuna Basin,2026-02-10 21:00:00+00:00,133.7990550357621,NORMAL,136.0,137.0,138.0,25.14133,80.85446,YMNCKT_2026-02-10T21:00:00+0000_133.7991
YMNCKT,Yamuna at Chitrakoot,Yamuna Basin,2026-02-10 22:00:00+00:00,133.6780215462684,NORMAL,136.0,137.0,138.0,25.14133,80.85446,YMNCKT_2026-02-10T22:00:00+0000_133.6780
YMNCKT,Yamuna at Chitrakoot,Yamuna Basin,2026-02-10 23:00:00+00:00,133.67074431008726,NORMAL,136.0,137.0,138.0,25.14133,80.85446,YMNCKT_2026-02-10T23:00:00+0000_133.6707
YMNCKT,Yamuna at Chitrakoot,Yamuna Basin,2026-02-11 00:00:00+00:00,133.66751717523815,NORMAL,136.0,137.0,138.0,25.14133,80.85446,YMNCKT_2026-02-11T00:00:00+0000_133.6675
YMNCKT,Yamuna at Chitrakoot,Yamuna Basin,2026-02-11 01:00:00+00:00,135.13303314745903,NORMAL,136.0,137.0,138.0,25.14133,80.85446,YMNCKT_2026-02-11T01:00:00+0000_135.1330
YMNCKT,Yamuna at Chitrakoot,Yamuna Basin,2026-02-11 02:00:00+00:00,134.84772098054162,NORMAL,136.0,137.0,138.0,25.14133,80.85446,YMNCKT_2026-02-11T02:00:00+0000_134.8477
YMNCKT,Yamuna at Chitrakoot,Yamuna Basin,2026-02-11 03:00:00+00:00,134.7534118387231,NORMAL,136.0,137.0,138.0,25.14133,80.85446,YMNCKT_2026-02-11T03:00:00+0000_134.7534
YMNCKT,Yamuna at Chitrakoot,Yamuna Basin,2026-02-11 04:00:00+00:00,133.38524394063546,NORMAL,136.0,137.0,138.0,25.14133,80.85446,YMNCKT_2026-02-11T04:00:00+0000_133.3852
YMNCKT,Yamuna at Chitrakoot,Yamuna Basin,2026-02-11 05:00:00+00:00,133.34257110312797,NORMAL,136.0,137.0,138.0,25.14133,80.85446,YMNCKT_2026-02-11T05:00:00+0000_133.3426
YMNCKT,Yamuna at Chitrakoot,Yamuna Basin,2026-02-11 06:00:00+00:00,133.32796140778007,NORMAL,136.0,137.0,138.0,25.14133,80.85446,YMNCKT_2026-02-11T06:00:00+0000_133.3280
YMNCKT,Yamuna at Chitrakoot,Yamuna Basin,2026-02-11 07:00:00+00:00,,,136.0,137.0,138.0,25.14133,80.85446,YMNCKT_2026-02-11T07:00:00+0000_
YMNCKT,Yamuna at Chitrakoot,Yamuna Basin,2026-02-11 08:00:00+00:00,133.33880745281814,NORMAL,136.0,137.0,138.0,25.14133,80.85446,YMNCKT_2026-02-11T08:00:00+0000_133.3388
YMNCKT,Yamuna at Chitrakoot,Yamuna Basin,2026-02-11 09:00:00+00:00,133.4081526161207,NORMAL,136.0,137.0,138.0,25.14133,80.85446,YMNCKT_2026-02-11T09:00:00+0000_133.4082
YMNCKT,Yamuna at Chitrakoot,Yamuna Basin,2026-02-11 10:00:00+00:00,133.45670315796468,NORMAL,136.0,137.0,138.0,25.14133,80.85446,YMNCKT_2026-02-11T10:00:00+0000_133.4567
YMNCKT,Yamuna at Chitrakoot,Yamuna Basin,2026-02-11 11:00:00+00:00,133.40900892280777,NORMAL,136.0,137.0,138.0,25.14133,80.85446,YMNCKT_2026-02-11T11:00:00+0000_133.4090
YMNCKT,Yamuna at Chitrakoot,Yamuna Basin,2026-02-11 12:00:00+00:00,133.4803790481498,NORMAL,136.0,137.0,138.0,25.14133,80.85446,YMNCKT_2026-02-11T12:00:00+0000_133.4804
YMNCKT,Yamuna at Chitrakoot,Yamuna Basin,2026-02-11 13:00:00+00:00,133.51971174887558,NORMAL,136.0,137.0,138.0,25.14133,80.85446,YMNCKT_2026-02-11T13:00:00+0000_133.5197
YMNCKT,Yamuna at Chitrakoot,Yamuna Basin,2026-02-11 14:00:00+00:00,133.59241381057748,NORMAL,136.0,137.0,138.0,25.14133,80.85446,YMNCKT_2026-02-11T14:00:00+0000_133.5924
YMNCKT,Yamuna at Chitrakoot,Yamuna Basin,2026-02-11 15:00:00+00:00,133.69753799873556,NORMAL,136.0,137.0,138.0,25.14133,80.85446,YMNCKT_2026-02-11T15:00:00+0000_133.6975
YMNCKT,Yamuna at Chitrakoot,Yamuna Basin,2026-02-11 16:00:00+00:00,133.76623335737287,NORMAL,136.0,137.0,138.0,25.14133,80.85446,YMNCKT_2026-02-11T16:00:00+0000_133.7662
YMNCKT,Yamuna at Chitrakoot,Yamuna Basin,2026-02-11 17:00:00+00:00,133.8059484320108,NORMAL,136.0,137.0,138.0,25.14133,80.85446,YMNCKT_2026-02-11T17:00:00+0000_133.8059
YMNCKT,Yamuna at Chitrakoot,Yamuna Basin,2026-02-11 18:00:00+00:00,133.8278204980241,NORMAL,136.0,137.0,138.0,25.14133,80.85446,YMNCKT_2026-02-11T18:00:00+0000_133.8278
YMNCKT,Yamuna at Chitrakoot,Yamuna Basin,2026-02-11 19:00:00+00:00,133.7823698859943,NORMAL,136.0,137.0,138.0,25.14133,80.85446,YMNCKT_2026-02-11T19:00:00+0000_133.7824
YMNCKT,Yamuna at Chitrakoot,Yamuna Basin,2026-02-11 20:00:00+00:00,133.76246090203375,NORMAL,136.0,137.0,138.0,25.14133,80.85446,YMNCKT_2026-02-11T20:00:00+0000_133.7625
YMNCKT,Yamuna at Chitrakoot,Yamuna Basin,2026-02-11 21:00:00+00:00,133.79387296965024,NORMAL,136.0,137.0,138.0,25.14133,80.85446,YMNCKT_2026-02-11T21:00:00+0000_133.7939
YMNCKT,Yamuna at Chitrakoot,Yamuna Basin,2026-02-11 22:00:00+00:00,133.6930678323214,NORMAL,136.0,137.0,138.0,25.14133,80.85446,YMNCKT_2026-02-11T22:00:00+0000_133.6931
YMNCKT,Yamuna at Chitrakoot,Yamuna Basin,2026-02-11 23:00:00+00:00,133.65147573097363,NORMAL,136.0,137.0,138.0,25.14133,80.85446,YMNCKT_2026-02-11T23:00:00+0000_133.6515
YMNCKT,Yamuna at Chitrakoot,Yamuna Basin,2026-02-12 00:00:00+00:00,133.65591692167277,NORMAL,136.0,137.0,138.0,25.14133,80.85446,YMNCKT_2026-02-12T00:00:00+0000_133.6559
YMNCKT,Yamuna at Chitrakoot,Yamuna Basin,2026-02-12 01:00:00+00:00,133.61655276465154,NORMAL,136.0,137.0,138.0,25.14133,80.85446,YMNCKT_2026-02-12T01:00:00+0000_133.6166
YMNCKT,Yamuna at Chitrakoot,Yamuna Basin,2026-02-12 02:00:00+00:00,133.4883160090636,NORMAL,136.0,137.0,138.0,25.14133,80.85446,YMNCKT_2026-02-12T02:00:00+0000_133.4883
YMNCKT,Yamuna at Chitrakoot,Yamuna Basin,2026-02-12 03:00:00+00:00,133.49379227068562,NORMAL,136.0,137.0,138.0,25.14133,80.85446,YMNCKT_2026-02-12T03:00:00+0000_133.4938
YMNCKT,Yamuna at Chitrakoot,Yamuna Basin,2026-02-12 04:00:00+00:00,133.3732752108475,NORMAL,136.0,137.0,138.0,25.14133,80.85446,YMNCKT_2026-02-12T04:00:00+0000_133.3733
YMNCKT,Yamuna at Chitrakoot,Yamuna Basin,2026-02-12 05:00:00+00:00,133.3930266752318,NORMAL,136.0,137.0,138.0,25.14133,80.85446,YMNCKT_2026-02-12T05:00:00+0000_133.3930
YMNCKT,Yamuna at Chitrakoot,Yamuna Basin,2026-02-12 06:00:00+00:00,133.34576595740444,NORMAL,136.0,137.0,138.0,25.14133,80.85446,YMNCKT_2026-02-12T06:00:00+0000_133.3458
YMNCKT,Yamuna at Chitrakoot,Yamuna Basin,2026-02-12 07:00:00+00:00,133.35241801953225,NORMAL,136.0,137.0,138.0,25.14133,80.85446,YMNCKT_2026-02-12T07:00:00+0000_133.3524
YMNCKT,Yamuna at Chitrakoot,Yamuna Basin,2026-02-12 08:00:00+00:00,133.39880320508814,NORMAL,136.0,137.0,138.0,25.14133,80.85446,YMNCKT_2026-02-12T08:00:00+0000_133.3988
YMNCKT,Yamuna at Chitrakoot,Yamuna Basin,2026-02-12 09:00:00+00:00,133.38350955426358,NORMAL,136.0,137.0,138.0,25.14133,80.85446,YMNCKT_2026-02-12T09:00:00+0000_133.3835
YMNCKT,Yamuna at Chitrakoot,Yamuna Basin,2026-02-12 10:00:00+00:00,133.44528589469346,NORMAL,136.0,137.0,138.0,25.14133,80.85446,YMNCKT_2026-02-12T10:00:00+0000_133.4453
YMNCKT,Yamuna at Chitrakoot,Yamuna Basin,2026-02-12 11:00:00+00:00,133.43331088571017,NORMAL,136.0,137.0,138.0,25.14133,80.85446,YMNCKT_2026-02-12T11:00:00+0000_133.4333
YMNCKT,Yamuna at Chitrakoot,Yamuna Basin,2026-02-12 12:00:00+00:00,133.5101395303772,NORMAL,136.0,137.0,138.0,25.14133,80.85446,YMNCKT_2026-02-12T12:00:00+0000_133.5101
YMNCKT,Yamuna at Chitrakoot,Yamuna Basin,2026-02-12 13:00:00+00:00,133.53136765443344,NORMAL,136.0,137.0,138.0,25.14133,80.85446,YMNCKT_2026-02-12T13:00:00+0000_133.5314
YMNCKT,Yamuna at Chitrakoot,Yamuna Basin,2026-02-12 14:00:00+00:00,133.5923805356362,NORMAL,136.0,137.0,138.0,25.14133,80.85446,YMNCKT_2026-02-12T14:00:00+0000_133.5924
YMNCKT,Yamuna at Chitrakoot,Yamuna Basin,2026-02-12 15:00:00+00:00,133.6575113479699,NORMAL,136.0,137.0,138.0,25.14133,80.85446,YMNCKT_2026-02-12T15:00:00+0000_133.6575
YMNCKT,Yamuna at Chitrakoot,Yamuna Basin,2026-02-12 16:00:00+00:00,133.70720685381409,NORMAL,136.0,137.0,138.0,25.14133,80.85446,YMNCKT_2026-02-12T16:00:00+0000_133.7072
YMNCKT,Yamuna at Chitrakoot,Yamuna Basin,2026-02-12 17:00:00+00:00,133.7928218583403,NORMAL,136.0,137.0,138.0,25.14133,80.85446,YMNCKT_2026-02-12T17:00:00+0000_133.7928
YMNCKT,Yamuna at Chitrakoot,Yamuna Basin,2026-02-12 18:00:00+00:00,133.73879107568402,NORMAL,136.0,137.0,138.0,25.14133,80.85446,YMNCKT_2026-02-12T18:00:00+0000_133.7388
YMNCKT,Yamuna at Chitrakoot,Yamuna Basin,2026-02-12 19:00:00+00:00,133.81619134497717,NORMAL,136.0,137.0,138.0,25.14133,80.85446,YMNCKT_2026-02-12T19:00:00+0000_133.8162
YMNCKT,Yamuna at Chitrakoot,Yamuna Basin,2026-02-12 20:00:00+00:00,133.77366123608164,NORMAL,136.0,137.0,138.0,25.14133,80.85446,YMNCKT_2026-02-12T20:00:00+0000_133.7737
YMNCKT,Yamuna at Chitrakoot,Yamuna Basin,2026-02-12 21:00:00+00:00,133.76281763591308,NORMAL,136.0,137.0,138.0,25.14133,80.85446,YMNCKT_2026-02-12T21:00:00+0000_133.7628
YMNCKT,Yamuna at Chitrakoot,Yamuna Basin,2026-02-12 22:00:00+00:00,133.76889181810287,NORMAL,136.0,137.0,138.0,25.14133,80.85446,YMNCKT_2026-02-12T22:00:00+0000_133.7689
YMNCKT,Yamuna at Chitrakoot,Yamuna Basin,2026-02-12 23:00:00+00:00,133.64158155082376,NORMAL,136.0,137.0,138.0,25.14133,80.85446,YMNCKT_2026-02-12T23:00:00+0000_133.6416
YMNCKT,Yamuna at Chitrakoot,Yamuna Basin,2026-02-13 00:00:00+00:00,,,136.0,137.0,138.0,25.14133,80.85446,YMNCKT_2026-02-13T00:00:00+0000_
YMNCKT,Yamuna at Chitrakoot,Yamuna Basin,2026-02-13 01:00:00+00:00,133.57320680571587,NORMAL,136.0,137.0,138.0,25.14133,80.85446,YMNCKT_2026-02-13T01:00:00+0000_133.5732
YMNCKT,Yamuna at Chitrakoot,Yamuna Basin,2026-02-13 02:00:00+00:00,133.47620823036476,NORMAL,136.0,137.0,138.0,25.14133,80.85446,YMNCKT_2026-02-13T02:00:00+0000_133.4762
YMNCKT,Yamuna at Chitrakoot,Yamuna Basin,2026-02-13 03:00:00+00:00,133.50413556591477,NORMAL,136.0,137.0,138.0,25.14133,80.85446,YMNCKT_2026-02-13T03:00:00+0000_133.5041
YMNCKT,Yamuna at Chitrakoot,Yamuna Basin,2026-02-13 04:00:00+00:00,133.39628691271778,NORMAL,136.0,137.0,138.0,25.14133,80.85446,YMNCKT_2026-02-13T04:00:00+0000_133.3963
YMNCKT,Yamuna at Chitrakoot,Yamuna Basin,2026-02-13 05:00:00+00:00,133.40193588366714,NORMAL,136.0,137.0,138.0,25.14133,80.85446,YMNCKT_2026-02-13T05:00:00+0000_133.4019
YMNCKT,Yamuna at Chitrakoot,Yamuna Basin,2026-02-13 06:00:00+00:00,133.39391433901818,NORMAL,136.0,137.0,138.0,25.14133,80.85446,YMNCKT_2026-02-13T06:00:00+0000_133.3939
YMNCKT,Yamuna at Chitrakoot,Yamuna Basin,2026-02-13 07:00:00+00:00,133.33555498814113,NORMAL,136.0,137.0,138.0,25.14133,80.85446,YMNCKT_2026-02-13T07:00:00+0000_133.3356
YMNCKT,Yamuna at Chitrakoot,Yamuna Basin,2026-02-13 08:00:00+00:00,133.33358507338903,NORMAL,136.0,137.0,138.0,25.14133,80.85446,YMNCKT_2026-02-13T08:00:00+0000_133.3336
YMNCKT,Yamuna at Chitrakoot,Yamuna Basin,2026-02-13 09:00:00+00:00,135.58418152543658,NORMAL,136.0,137.0,138.0,25.14133,80.85446,YMNCKT_2026-02-13T09:00:00+0000_135.5842
YMNCKT,Yamuna at Chitrakoot,Yamuna Basin,2026-02-13 10:00:00+00:00,135.35010196844485,NORMAL,136.0,137.0,138.0,25.14133,80.85446,YMNCKT_2026-02-13T10:00:00+0000_135.3501
YMNCKT,Yamuna at Chitrakoot,Yamuna Basin,2026-02-13 11:00:00+00:00,135.25001382204042,NORMAL,136.0,137.0,138.0,25.14133,80.85446,YMNCKT_2026-02-13T11:00:00+0000_135.2500
YMNCKT,Yamuna at Chitrakoot,Yamuna Basin,2026-02-13 12:00:00+00:00,135.07122253032242,NORMAL,136.0,137.0,138.0,25.14133,80.85446,YMNCKT_2026-02-13T12:00:00+0000_135.0712
YMNCKT,Yamuna at Chitrakoot,Yamuna Basin,2026-02-13 13:00:00+00:00,134.98222246180626,NORMAL,136.0,137.0,138.0,25.14133,80.85446,YMNCKT_2026-02-13T13:00:00+0000_134.9822
YMNCKT,Yamuna at Chitrakoot,Yamuna Basin,2026-02-13 14:00:00+00:00,134.91824013077712,NORMAL,136.0,137.0,138.0,25.14133,80.85446,YMNCKT_2026-02-13T14:00:00+0000_134.9182
YMNCKT,Yamuna at Chitrakoot,Yamuna Basin,2026-02-13 15:00:00+00:00,134.79344254773792,NORMAL,136.0,137.0,138.0,25.14133,80.85446,YMNCKT_2026-02-13T15:00:00+0000_134.7934
YMNCKT,Yamuna at Chitrakoot,Yamuna Basin,2026-02-13 16:00:00+00:00,133.76048621176355,NORMAL,136.0,137.0,138.0,25.14133,80.85446,YMNCKT_2026-02-13T16:00:00+0000_133.7605
YMNCKT,Yamuna at Chitrakoot,Yamuna Basin,2026-02-13 17:00:00+00:00,133.7307705251329,NORMAL,136.0,137.0,138.0,25.14133,80.85446,YMNCKT_2026-02-13T17:00:00+0000_133.7308
YMNCKT,Yamuna at Chitrakoot,Yamuna Basin,2026-02-13 18:00:00+00:00,133.73758635113123,NORMAL,136.0,137.0,138.0,25.14133,80.85446,YMNCKT_2026-02-13T18:00:00+0000_133.7376
YMNCKT,Yamuna at Chitrakoot,Yamuna Basin,2026-02-13 19:00:00+00:00,133.82732916516747,NORMAL,136.0,137.0,138.0,25.14133,80.85446,YMNCKT_2026-02-13T19:00:00+0000_133.8273
YMNCKT,Yamuna at Chitrakoot,Yamuna Basin,2026-02-13 20:00:00+00:00,133.7533318277549,NORMAL,136.0,137.0,138.0,25.14133,80.85446,YMNCKT_2026-02-13T20:00:00+0000_133.7533
YMNCKT,Yamuna at Chitrakoot,Yamuna Basin,2026-02-13 21:00:00+00:00,133.78860040996076,NORMAL,136.0,137.0,138.0,25.14133,80.85446,YMNCKT_2026-02-13T21:00:00+0000_133.7886
YMNCKT,Yamuna at Chitrakoot,Yamuna Basin,2026-02-13 22:00:00+00:00,133.70657894767842,NORMAL,136.0,137.0,138.0,25.14133,80.85446,YMNCKT_2026-02-13T22:00:00+0000_133.7066
YMNCKT,Yamuna at Chitrakoot,Yamuna Basin,2026-02-13 23:00:00+00:00,133.68858433588477,NORMAL,136.0,137.0,138.0,25.14133,80.85446,YMNCKT_2026-02-13T23:00:00+0000_133.6886
YMNCKT,Yamuna at Chitrakoot,Yamuna Basin,2026-02-14 00:00:00+00:00,133.61788682995098,NORMAL,136.0,137.0,138.0,25.14133,80.85446,YMNCKT_2026-02-14T00:00:00+0000_133.6179
YMNCKT,Yamuna at Chitrakoot,Yamuna Basin,2026-02-14 01:00:00+00:00,133.5885824101725,NORMAL,136.0,137.0,138.0,25.14133,80.85446,YMNCKT_2026-02-14T01:00:00+0000_133.5886
YMNCKT,Yamuna at Chitrakoot,Yamuna Basin,2026-02-14 02:00:00+00:00,133.47463389518762,NORMAL,136.0,137.0,138.0,25.14133,80.85446,YMNCKT_2026-02-14T02:00:00+0000_133.4746
YMNCKT,Yamuna at Chitrakoot,Yamuna Basin,2026-02-14 03:00:00+00:00,133.512853805625,NORMAL,136.0,137.0,138.0,25.14133,80.85446,YMNCKT_2026-02-14T03:00:00+0000_133.5129
YMNCKT,Yamuna at Chitrakoot,Yamuna Basin,2026-02-14 04:00:00+00:00,133.43535882110046,NORMAL,136.0,137.0,138.0,25.14133,80.85446,YMNCKT_2026-02-14T04:00:00+0000_133.4354
YMNCKT,Yamuna at Chitrakoot,Yamuna Basin,2026-02-14 05:00:00+00:00,133.39089055636947,NORMAL,136.0,137.0,138.0,25.14133,80.85446,YMNCKT_2026-02-14T05:00:00+0000_133.3909
YMNCKT,Yamuna at Chitrakoot,Yamuna Basin,2026-02-14 06:00:00+00:00,133.34354086817683,NORMAL,136.0,137.0,138.0,25.14133,80.85446,YMNCKT_2026-02-14T06:00:00+0000_133.3435
YMNCKT,Yamuna at Chitrakoot,Yamuna Basin,2026-02-14 07:00:00+00:00,133.36204909670482,NORMAL,136.0,137.0,138.0,25.14133,80.85446,YMNCKT_2026-02-14T07:00:00+0000_133.3620
YMNCKT,Yamuna at Chitrakoot,Yamuna Basin,2026-02-14 08:00:00+00:00,133.4049071350079,NORMAL,136.0,137.0,138.0,25.14133,80.85446,YMNCKT_2026-02-14T08:00:00+0000_133.4049
YMNCKT,Yamuna at Chitrakoot,Yamuna Basin,2026-02-14 09:00:00+00:00,133.35125074390763,NORMAL,136.0,137.0,138.0,25.14133,80.85446,YMNCKT_2026-02-14T09:00:00+0000_133.3513
YMNCKT,Yamuna at Chitrakoot,Yamuna Basin,2026-02-14 10:00:00+00:00,133.39888630596553,NORMAL,136.0,137.0,138.0,25.14133,80.85446,YMNCKT_2026-02-14T10:00:00+0000_133.3989
YMNCKT,Yamuna at Chitrakoot,Yamuna Basin,2026-02-14 11:00:00+00:00,133.51740033314454,NORMAL,136.0,137.0,138.0,25.14133,80.85446,YMNCKT_2026-02-14T11:00:00+0000_133.5174
YMNCKT,Yamuna at Chitrakoot,Yamuna Basin,2026-02-14 12:00:00+00:00,133.53664045449594,NORMAL,136.0,137.0,138.0,25.14133,80.85446,YMNCKT_2026-02-14T12:00:00+0000_133.5366
YMNCKT,Yamuna at Chitrakoot,Yamuna Basin,2026-02-14 13:00:00+00:00,133.594794128385,NORMAL,136.0,137.0,138.0,25.14133,80.85446,YMNCKT_2026-02-14T13:00:00+0000_133.5948
YMNCKT,Yamuna at Chitrakoot,Yamuna Basin,2026-02-14 14:00:00+00:00,133.58931565892368,NORMAL,136.0,137.0,138.0,25.14133,80.85446,YMNCKT_2026-02-14T14:00:00+0000_133.5893
YMNCKT,Yamuna at Chitrakoot,Yamuna Basin,2026-02-14 15:00:00+00:00,133.7214378658374,NORMAL,136.0,137.0,138.0,25.14133,80.85446,YMNCKT_2026-02-14T15:00:00+0000_133.7214
YMNCKT,Yamuna at Chitrakoot,Yamuna Basin,2026-02-14 16:00:00+00:00,133.71483820553095,NORMAL,136.0,137.0,138.0,25.14133,80.85446,YMNCKT_2026-02-14T16:00:00+0000_133.7148
YMNCKT,Yamuna at Chitrakoot,Yamuna Basin,2026-02-14 17:00:00+00:00,133.76014767989912,NORMAL,136.0,137.0,138.0,25.14133,80.85446,YMNCKT_2026-02-14T17:00:00+0000_133.7601
YMNCKT,Yamuna at Chitrakoot,Yamuna Basin,2026-02-14 18:00:00+00:00,133.74854858515187,NORMAL,136.0,137.0,138.0,25.14133,80.85446,YMNCKT_2026-02-14T18:00:00+0000_133.7485
YMNCKT,Yamuna at Chitrakoot,Yamuna Basin,2026-02-14 19:00:00+00:00,133.77905501189903,NORMAL,136.0,137.0,138.0,25.14133,80.85446,YMNCKT_2026-02-14T19:00:00+0000_133.7791
YMNCKT,Yamuna at Chitrakoot,Yamuna Basin,2026-02-14 20:00:00+00:00,133.7893158003928,NORMAL,136.0,137.0,138.0,25.14133,80.85446,YMNCKT_2026-02-14T20:00:00+0000_133.7893
YMNCKT,Yamuna at Chitrakoot,Yamuna Basin,2026-02-14 21:00:00+00:00,133.72894050145706,NORMAL,136.0,137.0,138.0,25.14133,80.85446,YMNCKT_2026-02-14T21:00:00+0000_133.7289
YMNCKT,Yamuna at Chitrakoot,Yamuna Basin,2026-02-14 22:00:00+00:00,133.6973935373334,NORMAL,136.0,137.0,138.0,25.14133,80.85446,YMNCKT_2026-02-14T22:00:00+0000_133.6974
YMNCKT,Yamuna at Chitrakoot,Yamuna Basin,2026-02-14 23:00:00+00:00,133.64364072956442,NORMAL,136.0,137.0,138.0,25.14133,80.85446,YMNCKT_2026-02-14T23:00:00+0000_133.6436
YMNCKT,Yamuna at Chitrakoot,Yamuna Basin,2026-02-15 00:00:00+00:00,133.64693027136465,NORMAL,136.0,137.0,138.0,25.14133,80.85446,YMNCKT_2026-02-15T00:00:00+0000_133.6469
YMNCKT,Yamuna at Chitrakoot,Yamuna Basin,2026-02-15 01:00:00+00:00,133.60662210485805,NORMAL,136.0,137.0,138.0,25.14133,80.85446,YMNCKT_2026-02-15T01:00:00+0000_133.6066
YMNCKT,Yamuna at Chitrakoot,Yamuna Basin,2026-02-15 02:00:00+00:00,133.56311276278234,NORMAL,136.0,137.0,138.0,25.14133,80.85446,YMNCKT_2026-02-15T02:00:00+0000_133.5631
YMNCKT,Yamuna at Chitrakoot,Yamuna Basin,2026-02-15 03:00:00+00:00,133.44208081627363,NORMAL,136.0,137.0,138.0,25.14133,80.85446,YMNCKT_2026-02-15T03:00:00+0000_133.4421
YMNCKT,Yamuna at Chitrakoot,Yamuna Basin,2026-02-15 04:00:00+00:00,133.40884390736576,NORMAL,136.0,137.0,138.0,25.14133,80.85446,YMNCKT_2026-02-15T04:00:00+0000_133.4088
YMNCKT,Yamuna at Chitrakoot,Yamuna Basin,2026-02-15 05:00:00+00:00,133.36880472696825,NORMAL,136.0,137.0,138.0,25.14133,80.85446,YMNCKT_2026-02-15T05:00:00+0000_133.3688
YMNCKT,Yamuna at Chitrakoot,Yamuna Basin,2026-02-15 06:00:00+00:00,133.38236523747938,NORMAL,136.0,137.0,138.0,25.14133,80.85446,YMNCKT_2026-02-15T06:00:00+0000_133.3824
YMNCKT,Yamuna at Chitrakoot,Yamuna Basin,2026-02-15 07:00:00+00:00,133.371941255921,NORMAL,136.0,137.0,138.0,25.14133,80.85446,YMNCKT_2026-02-15T07:00:00+0000_133.3719
YMNCKT,Yamuna at Chitrakoot,Yamuna Basin,2026-02-15 08:00:00+00:00,133.33734619280665,NORMAL,136.0,137.0,138.0,25.14133,80.85446,YMNCKT_2026-02-15T08:00:00+0000_133.3373
YMNCKT,Yamuna at Chitrakoot,Yamuna Basin,2026-02-15 09:00:00+00:00,133.3539407905456,NORMAL,136.0,137.0,138.0,25.14133,80.85446,YMNCKT_2026-02-15T09:00:00+0000_133.3539
YMNCKT,Yamuna at Chitrakoot,Yamuna Basin,2026-02-15 10:00:00+00:00,133.40488726967016,NORMAL,136.0,137.0,138.0,25.14133,80.85446,YMNCKT_2026-02-15T10:00:00+0000_133.4049
YMNCKT,Yamuna at Chitrakoot,Yamuna Basin,2026-02-15 11:00:00+00:00,133.52002110170696,NORMAL,136.0,137.0,138.0,25.14133,80.85446,YMNCKT_2026-02-15T11:00:00+0000_133.5200
YMNCKT,Yamuna at Chitrakoot,Yamuna Basin,2026-02-15 12:00:00+00:00,133.52759876573515,NORMAL,136.0,137.0,138.0,25.14133,80.85446,YMNCKT_2026-02-15T12:00:00+0000_133.5276
YMNCKT,Yamuna at Chitrakoot,Yamuna Basin,2026-02-15 13:00:00+00:00,133.63304189266296,NORMAL,136.0,137.0,138.0,25.14133,80.85446,YMNCKT_2026-02-15T13:00:00+0000_133.6330
YMNCKT,Yamuna at Chitrakoot,Yamuna Basin,2026-02-15 14:00:00+00:00,133.62756302764447,NORMAL,136.0,137.0,138.0,25.14133,80.85446,YMNCKT_2026-02-15T14:00:00+0000_133.6276
YMNCKT,Yamuna at Chitrakoot,Yamuna Basin,2026-02-15 15:00:00+00:00,133.71298388709664,NORMAL,136.0,137.0,138.0,25.14133,80.85446,YMNCKT_2026-02-15T15:00:00+0000_133.7130
YMNCKT,Yamuna at Chitrakoot,Yamuna Basin,2026-02-15 16:00:00+00:00,133.78159991037498,NORMAL,136.0,137.0,138.0,25.14133,80.85446,YMNCKT_2026-02-15T16:00:00+0000_133.7816
YMNCKT,Yamuna at Chitrakoot,Yamuna Basin,2026-02-15 17:00:00+00:00,133.7743764275829,NORMAL,136.0,137.0,138.0,25.14133,80.85446,YMNCKT_2026-02-15T17:00:00+0000_133.7744
YMNCKT,Yamuna at Chitrakoot,Yamuna Basin,2026-02-15 18:00:00+00:00,133.78573510446856,NORMAL,136.0,137.0,138.0,25.14133,80.85446,YMNCKT_2026-02-15T18:00:00+0000_133.7857
YMNCKT,Yamuna at Chitrakoot,Yamuna Basin,2026-02-15 19:00:00+00:00,133.79322506064926,NORMAL,136.0,137.0,138.0,25.14133,80.85446,YMNCKT_2026-02-15T19:00:00+0000_133.7932
YMNCKT,Yamuna at Chitrakoot,Yamuna Basin,2026-02-15 20:00:00+00:00,133.74849918530094,NORMAL,136.0,137.0,138.0,25.14133,80.85446,YMNCKT_2026-02-15T20:00:00+0000_133.7485
YMNCKT,Yamuna at Chitrakoot,Yamuna Basin,2026-02-15 21:00:00+00:00,133.75770976977597,NORMAL,136.0,137.0,138.0,25.14133,80.85446,YMNCKT_2026-02-15T21:00:00+0000_133.7577
YMNCKT,Yamuna at Chitrakoot,Yamuna Basin,2026-02-15 22:00:00+00:00,133.72261424867267,NORMAL,136.0,137.0,138.0,25.14133,80.85446,YMNCKT_2026-02-15T22:00:00+0000_133.7226
YMNCKT,Yamuna at Chitrakoot,Yamuna Basin,2026-02-15 23:00:00+00:00,133.6852740532009,NORMAL,136.0,137.0,138.0,25.14133,80.85446,YMNCKT_2026-02-15T23:00:00+0000_133.6853
YMNCKT,Yamuna at Chitrakoot,Yamuna Basin,2026-02-16 00:00:00+00:00,133.63349615154516,NORMAL,136.0,137.0,138.0,25.14133,80.85446,YMNCKT_2026-02-16T00:00:00+0000_133.6335
YMNCKT,Yamuna at Chitrakoot,Yamuna Basin,2026-02-16 01:00:00+00:00,133.55659256671214,NORMAL,136.0,137.0,138.0,25.14133,80.85446,YMNCKT_2026-02-16T01:00:00+0000_133.5566
YMNCKT,Yamuna at Chitrakoot,Yamuna Basin,2026-02-16 02:00:00+00:00,133.50358246956412,NORMAL,136.0,137.0,138.0,25.14133,80.85446,YMNCKT_2026-02-16T02:00:00+0000_133.5036
YMNCKT,Yamuna at Chitrakoot,Yamuna Basin,2026-02-16 03:00:00+00:00,133.43833801617262,NORMAL,136.0,137.0,138.0,25.14133,80.85446,YMNCKT_2026-02-16T03:00:00+0000_133.4383
YMNCKT,Yamuna at Chitrakoot,Yamuna Basin,2026-02-16 04:00:00+00:00,133.41706292639293,NORMAL,136.0,137.0,138.0,25.14133,80.85446,YMNCKT_2026-02-16T04:00:00+0000_133.4171
YMNCKT,Yamuna at Chitrakoot,Yamuna Basin,2026-02-16 05:00:00+00:00,133.371570812471,NORMAL,136.0,137.0,138.0,25.14133,80.85446,YMNCKT_2026-02-16T05:00:00+0000_133.3716
YMNCKT,Yamuna at Chitrakoot,Yamuna Basin,2026-02-16 06:00:00+00:00,133.39289839397784,NORMAL,136.0,137.0,138.0,25.14133,80.85446,YMNCKT_2026-02-16T06:00:00+0000_133.3929
YMNCKT,Yamuna at Chitrakoot,Yamuna Basin,2026-02-16 07:00:00+00:00,133.32816836285306,NORMAL,136.0,137.0,138.0,25.14133,80.85446,YMNCKT_2026-02-16T07:00:00+0000_133.3282
YMNCKT,Yamuna at Chitrakoot,Yamuna Basin,2026-02-16 08:00:00+00:00,133.41446165798524,NORMAL,136.0,137.0,138.0,25.14133,80.85446,YMNCKT_2026-02-16T08:00:00+0000_133.4145
YMNCKT,Yamuna at Chitrakoot,Yamuna Basin,2026-02-16 09:00:00+00:00,133.41804636999288,NORMAL,136.0,137.0,138.0,25.14133,80.85446,YMNCKT_2026-02-16T09:00:00+0000_133.4180
YMNCKT,Yamuna at Chitrakoot,Yamuna Basin,2026-02-16 10:00:00+00:00,133.4221772797044,NORMAL,136.0,137.0,138.0,25.14133,80.85446,YMNCKT_2026-02-16T10:00:00+0000_133.4222
YMNCKT,Yamuna at Chitrakoot,Yamuna Basin,2026-02-16 11:00:00+00:00,133.4554395599138,NORMAL,136.0,137.0,138.0,25.14133,80.85446,YMNCKT_2026-02-16T11:00:00+0000_133.4554
YMNCKT,Yamuna at Chitrakoot,Yamuna Basin,2026-02-16 12:00:00+00:00,133.50679716826542,NORMAL,136.0,137.0,138.0,25.14133,80.85446,YMNCKT_2026-02-16T12:00:00+0000_133.5068
YMNCKT,Yamuna at Chitrakoot,Yamuna Basin,2026-02-16 13:00:00+00:00,133.58609024105502,NORMAL,136.0,137.0,138.0,25.14133,80.85446,YMNCKT_2026-02-16T13:00:00+0000_133.5861
YMNCKT,Yamuna at Chitrakoot,Yamuna Basin,2026-02-16 14:00:00+00:00,133.6415283711043,NORMAL,136.0,137.0,138.0,25.14133,80.85446,YMNCKT_2026-02-16T14:00:00+0000_133.6415
YMNCKT,Yamuna at Chitrakoot,Yamuna Basin,2026-02-16 15:00:00+00:00,133.66191310270307,NORMAL,136.0,137.0,138.0,25.14133,80.85446,YMNCKT_2026-02-16T15:00:00+0000_133.6619
YMNCKT,Yamuna at Chitrakoot,Yamuna Basin,2026-02-16 16:00:00+00:00,133.79293697485676,NORMAL,136.0,137.0,138.0,25.14133,80.85446,YMNCKT_2026-02-16T16:00:00+0000_133.7929
YMNCKT,Yamuna at Chitrakoot,Yamuna Basin,2026-02-16 17:00:00+00:00,133.76080004462943,NORMAL,136.0,137.0,138.0,25.14133,80.85446,YMNCKT_2026-02-16T17:00:00+0000_133.7608
YMNCKT,Yamuna at Chitrakoot,Yamuna Basin,2026-02-16 18:00:00+00:00,133.83642259487593,NORMAL,136.0,137.0,138.0,25.14133,80.85446,YMNCKT_2026-02-16T18:00:00+0000_133.8364
YMNCKT,Yamuna at Chitrakoot,Yamuna Basin,2026-02-16 19:00:00+00:00,133.79293224291052,NORMAL,136.0,137.0,138.0,25.14133,80.85446,YMNCKT_2026-02-16T19:00:00+0000_133.7929
YMNCKT,Yamuna at Chitrakoot,Yamuna Basin,2026-02-16 20:00:00+00:00,133.82850402988018,NORMAL,136.0,137.0,138.0,25.14133,80.85446,YMNCKT_2026-02-16T20:00:00+0000_133.8285
YMNCKT,Yamuna at Chitrakoot,Yamuna Basin,2026-02-16 21:00:00+00:00,133.80577445955444,NORMAL,136.0,137.0,138.0,25.14133,80.85446,YMNCKT_2026-02-16T21:00:00+0000_133.8058
YMNCKT,Yamuna at Chitrakoot,Yamuna Basin,2026-02-16 22:00:00+00:00,133.757097148095,NORMAL,136.0,137.0,138.0,25.14133,80.85446,YMNCKT_2026-02-16T22:00:00+0000_133.7571
YMNCKT,Yamuna at Chitrakoot,Yamuna Basin,2026-02-16 23:00:00+00:00,133.7104264215831,NORMAL,136.0,137.0,138.0,25.14133,80.85446,YMNCKT_2026-02-16T23:00:00+0000_133.7104
YMNCKT,Yamuna at Chitrakoot,Yamuna Basin,2026-02-17 00:00:00+00:00,133.61505527214294,NORMAL,136.0,137.0,138.0,25.14133,80.85446,YMNCKT_2026-02-17T00:00:00+0000_133.6151
YMNCKT,Yamuna at Chitrakoot,Yamuna Basin,2026-02-17 01:00:00+00:00,133.54946085815666,NORMAL,136.0,137.0,138.0,25.14133,80.85446,YMNCKT_2026-02-17T01:00:00+0000_133.5495
YMNCKT,Yamuna at Chitrakoot,Yamuna Basin,2026-02-17 02:00:00+00:00,133.5445801466131,NORMAL,136.0,137.0,138.0,25.14133,80.85446,YMNCKT_2026-02-17T02:00:00+0000_133.5446
YMNCKT,Yamuna at Chitrakoot,Yamuna Basin,2026-02-17 03:00:00+00:00,133.47847533418138,NORMAL,136.0,137.0,138.0,25.14133,80.85446,YMNCKT_2026-02-17T03:00:00+0000_133.4785
YMNCKT,Yamuna at Chitrakoot,Yamuna Basin,2026-02-17 04:00:00+00:00,133.4660755435236,NORMAL,136.0,137.0,138.0,25.14133,80.85446,YMNCKT_2026-02-17T04:00:00+0000_133.4661
YMNCKT,Yamuna at Chitrakoot,Yamuna Basin,2026-02-17 05:00:00+00:00,133.3963439178348,NORMAL,136.0,137.0,138.0,25.14133,80.85446,YMNCKT_2026-02-17T05:00:00+0000_133.3963
YMNCKT,Yamuna at Chitrakoot,Yamuna Basin,2026-02-17 06:00:00+00:00,133.41179549662704,NORMAL,136.0,137.0,138.0,25.14133,80.85446,YMNCKT_2026-02-17T06:00:00+0000_133.4118
YMNCKT,Yamuna at Chitrakoot,Yamuna Basin,2026-02-17 07:00:00+00:00,133.32893085683543,NORMAL,136.0,137.0,138.0,25.14133,80.85446,YMNCKT_2026-02-17T07:00:00+0000_133.3289
YMNCKT,Yamuna at Chitrakoot,Yamuna Basin,2026-02-17 08:00:00+00:00,133.39995908414735,NORMAL,136.0,137.0,138.0,25.14133,80.85446,YMNCKT_2026-02-17T08:00:00+0000_133.4000
YMNCKT,Yamuna at Chitrakoot,Yamuna Basin,2026-02-17 09:00:00+00:00,133.43883969829238,NORMAL,136.0,137.0,138.0,25.14133,80.85446,YMNCKT_2026-02-17T09:00:00+0000_133.4388
YMNCKT,Yamuna at Chitrakoot,Yamuna Basin,2026-02-17 10:00:00+00:00,133.4337403983242,NORMAL,136.0,137.0,138.0,25.14133,80.85446,YMNCKT_2026-02-17T10:00:00+0000_133.4337
YMNCKT,Yamuna at Chitrakoot,Yamuna Basin,2026-02-17 11:00:00+00:00,133.4747419781125,NORMAL,136.0,137.0,138.0,25.14133,80.85446,YMNCKT_2026-02-17T11:00:00+0000_133.4747
YMNCKT,Yamuna at Chitrakoot,Yamuna Basin,2026-02-17 12:00:00+00:00,133.5414997391422,NORMAL,136.0,137.0,138.0,25.14133,80.85446,YMNCKT_2026-02-17T12:00:00+0000_133.5415
YMNCKT,Yamuna at Chitrakoot,Yamuna Basin,2026-02-17 13:00:00+00:00,133.621591815163,NORMAL,136.0,137.0,138.0,25.14133,80.85446,YMNCKT_2026-02-17T13:00:00+0000_133.6216
YMNCKT,Yamuna at Chitrakoot,Yamuna Basin,2026-02-17 14:00:00+00:00,133.60988742063478,NORMAL,136.0,137.0,138.0,25.14133,80.85446,YMNCKT_2026-02-17T14:00:00+0000_133.6099
YMNCKT,Yamuna at Chitrakoot,Yamuna Basin,2026-02-17 15:00:00+00:00,133.72979583886809,NORMAL,136.0,137.0,138.0,25.14133,80.85446,YMNCKT_2026-02-17T15:00:00+0000_133.7298
YMNCKT,Yamuna at Chitrakoot,Yamuna Basin,2026-02-17 16:00:00+00:00,133.71800891186012,NORMAL,136.0,137.0,138.0,25.14133,80.85446,YMNCKT_2026-02-17T16:00:00+0000_133.7180
YMNCKT,Yamuna at Chitrakoot,Yamuna Basin,2026-02-17 17:00:00+00:00,133.74182550741995,NORMAL,136.0,137.0,138.0,25.14133,80.85446,YMNCKT_2026-02-17T17:00:00+0000_133.7418
YMNCKT,Yamuna at Chitrakoot,Yamuna Basin,2026-02-17 18:00:00+00:00,133.85223922227854,NORMAL,136.0,137.0,138.0,25.14133,80.85446,YMNCKT_2026-02-17T18:00:00+0000_133.8522
YMNCKT,Yamuna at Chitrakoot,Yamuna Basin,2026-02-17 19:00:00+00:00,133.82918626725493,NORMAL,136.0,137.0,138.0,25.14133,80.85446,YMNCKT_2026-02-17T19:00:00+0000_133.8292
YMNCKT,Yamuna at Chitrakoot,Yamuna Basin,2026-02-17 20:00:00+00:00,133.80975575156225,NORMAL,136.0,137.0,138.0,25.14133,80.85446,YMNCKT_2026-02-17T20:00:00+0000_133.8098
YMNCKT,Yamuna at Chitrakoot,Yamuna Basin,2026-02-17 21:00:00+00:00,133.79857482377412,NORMAL,136.0,137.0,138.0,25.14133,80.85446,YMNCKT_2026-02-17T21:00:00+0000_133.7986
YMNCKT,Yamuna at Chitrakoot,Yamuna Basin,2026-02-17 22:00:00+00:00,133.78674111273656,NORMAL,136.0,137.0,138.0,25.14133,80.85446,YMNCKT_2026-02-17T22:00:00+0000_133.7867
YMNCKT,Yamuna at Chitrakoot,Yamuna Basin,2026-02-17 23:00:00+00:00,133.72405005156543,NORMAL,136.0,137.0,138.0,25.14133,80.85446,YMNCKT_2026-02-17T23:00:00+0000_133.7241
YMNCKT,Yamuna at Chitrakoot,Yamuna Basin,2026-02-18 00:00:00+00:00,133.68442555993366,NORMAL,136.0,137.0,138.0,25.14133,80.85446,YMNCKT_2026-02-18T00:00:00+0000_133.6844
YMNCKT,Yamuna at Chitrakoot,Yamuna Basin,2026-02-18 01:00:00+00:00,133.55418430555915,NORMAL,136.0,137.0,138.0,25.14133,80.85446,YMNCKT_2026-02-18T01:00:00+0000_133.5542
YMNCKT,Yamuna at Chitrakoot,Yamuna Basin,2026-02-18 02:00:00+00:00,133.52167838961478,NORMAL,136.0,137.0,138.0,25.14133,80.85446,YMNCKT_2026-02-18T02:00:00+0000_133.5217
YMNCKT,Yamuna at Chitrakoot,Yamuna Basin,2026-02-18 03:00:00+00:00,133.5142888238375,NORMAL,136.0,137.0,138.0,25.14133,80.85446,YMNCKT_2026-02-18T03:00:00+0000_133.5143
YMNCKT,Yamuna at Chitrakoot,Yamuna Basin,2026-02-18 04:00:00+00:00,133.45862509561078,NORMAL,136.0,137.0,138.0,25.14133,80.85446,YMNCKT_2026-02-18T04:00:00+0000_133.4586
YMNCKT,Yamuna at Chitrakoot,Yamuna Basin,2026-02-18 05:00:00+00:00,133.43455912919416,NORMAL,136.0,137.0,138.0,25.14133,80.85446,YMNCKT_2026-02-18T05:00:00+0000_133.4346
YMNCKT,Yamuna at Chitrakoot,Yamuna Basin,2026-02-18 06:00:00+00:00,133.34106545996147,NORMAL,136.0,137.0,138.0,25.14133,80.85446,YMNCKT_2026-02-18T06:00:00+0000_133.3411
YMNCKT,Yamuna at Chitrakoot,Yamuna Basin,2026-02-18 07:00:00+00:00,133.3404126083384,NORMAL,136.0,137.0,138.0,25.14133,80.85446,YMNCKT_2026-02-18T07:00:00+0000_133.3404
YMNCKT,Yamuna at Chitrakoot,Yamuna Basin,2026-02-18 08:00:00+00:00,133.39720750963616,NORMAL,136.0,137.0,138.0,25.14133,80.85446,YMNCKT_2026-02-18T08:00:00+0000_133.3972
YMNCKT,Yamuna at Chitrakoot,Yamuna Basin,2026-02-18 09:00:00+00:00,133.41692287336716,NORMAL,136.0,137.0,138.0,25.14133,80.85446,YMNCKT_2026-02-18T09:00:00+0000_133.4169
YMNCKT,Yamuna at Chitrakoot,Yamuna Basin,2026-02-18 10:00:00+00:00,133.434880179741,NORMAL,136.0,137.0,138.0,25.14133,80.85446,YMNCKT_2026-02-18T10:00:00+0000_133.4349
YMNCKT,Yamuna at Chitrakoot,Yamuna Basin,2026-02-18 11:00:00+00:00,133.48131639535663,NORMAL,136.0,137.0,138.0,25.14133,80.85446,YMNCKT_2026-02-18T11:00:00+0000_133.4813
YMNCKT,Yamuna at Chitrakoot,Yamuna Basin,2026-02-18 12:00:00+00:00,133.5754591870791,NORMAL,136.0,137.0,138.0,25.14133,80.85446,YMNCKT_2026-02-18T12:00:00+0000_133.5755
YMNCKT,Yamuna at Chitrakoot,Yamuna Basin,2026-02-18 13:00:00+00:00,133.5737221490828,NORMAL,136.0,137.0,138.0,25.14133,80.85446,YMNCKT_2026-02-18T13:00:00+0000_133.5737
YMNCKT,Yamuna at Chitrakoot,Yamuna Basin,2026-02-18 14:00:00+00:00,133.68551628765178,NORMAL,136.0,137.0,138.0,25.14133,80.85446,YMNCKT_2026-02-18T14:00:00+0000_133.6855
YMNCKT,Yamuna at Chitrakoot,Yamuna Basin,2026-02-18 15:00:00+00:00,133.69656929491902,NORMAL,136.0,137.0,138.0,25.14133,80.85446,YMNCKT_2026-02-18T15:00:00+0000_133.6966
YMNCKT,Yamuna at Chitrakoot,Yamuna Basin,2026-02-18 16:00:00+00:00,,,136.0,137.0,138.0,25.14133,80.85446,YMNCKT_2026-02-18T16:00:00+0000_
YMNCKT,Yamuna at Chitrakoot,Yamuna Basin,2026-02-18 17:00:00+00:00,133.76745059070268,NORMAL,136.0,137.0,138.0,25.14133,80.85446,YMNCKT_2026-02-18T17:00:00+0000_133.7675
YMNCKT,Yamuna at Chitrakoot,Yamuna Basin,2026-02-18 18:00:00+00:00,133.77980616120402,NORMAL,136.0,137.0,138.0,25.14133,80.85446,YMNCKT_2026-02-18T18:00:00+0000_133.7798
YMNCKT,Yamuna at Chitrakoot,Yamuna Basin,2026-02-18 19:00:00+00:00,133.78873162357291,NORMAL,136.0,137.0,138.0,25.14133,80.85446,YMNCKT_2026-02-18T19:00:00+0000_133.7887
YMNCKT,Yamuna at Chitrakoot,Yamuna Basin,2026-02-18 20:00:00+00:00,133.84854611285127,NORMAL,136.0,137.0,138.0,25.14133,80.85446,YMNCKT_2026-02-18T20:00:00+0000_133.8485
YMNCKT,Yamuna at Chitrakoot,Yamuna Basin,2026-02-18 21:00:00+00:00,133.79908026455007,NORMAL,136.0,137.0,138.0,25.14133,80.85446,YMNCKT_2026-02-18T21:00:00+0000_133.7991
YMNCKT,Yamuna at Chitrakoot,Yamuna Basin,2026-02-18 22:00:00+00:00,133.77369978343927,NORMAL,136.0,137.0,138.0,25.14133,80.85446,YMNCKT_2026-02-18T22:00:00+0000_133.7737
YMNCKT,Yamuna at Chitrakoot,Yamuna Basin,2026-02-18 23:00:00+00:00,133.7239152736477,NORMAL,136.0,137.0,138.0,25.14133,80.85446,YMNCKT_2026-02-18T23:00:00+0000_133.7239
YMNCKT,Yamuna at Chitrakoot,Yamuna Basin,2026-02-19 00:00:00+00:00,133.61092589064444,NORMAL,136.0,137.0,138.0,25.14133,80.85446,YMNCKT_2026-02-19T00:00:00+0000_133.6109
YMNCKT,Yamuna at Chitrakoot,Yamuna Basin,2026-02-19 01:00:00+00:00,133.60161251287985,NORMAL,136.0,137.0,138.0,25.14133,80.85446,YMNCKT_2026-02-19T01:00:00+0000_133.6016
YMNCKT,Yamuna at Chitrakoot,Yamuna Basin,2026-02-19 02:00:00+00:00,133.5767961600164,NORMAL,136.0,137.0,138.0,25.14133,80.85446,YMNCKT_2026-02-19T02:00:00+0000_133.5768
YMNCKT,Yamuna at Chitrakoot,Yamuna Basin,2026-02-19 03:00:00+00:00,133.53457386574,NORMAL,136.0,137.0,138.0,25.14133,80.85446,YMNCKT_2026-02-19T03:00:00+0000_133.5346
YMNCKT,Yamuna at Chitrakoot,Yamuna Basin,2026-02-19 04:00:00+00:00,133.4684753678253,NORMAL,136.0,137.0,138.0,25.14133,80.85446,YMNCKT_2026-02-19T04:00:00+0000_133.4685
YMNCKT,Yamuna at Chitrakoot,Yamuna Basin,2026-02-19 05:00:00+00:00,133.39882536395072,NORMAL,136.0,137.0,138.0,25.14133,80.85446,YMNCKT_2026-02-19T05:00:00+0000_133.3988
YMNCKT,Yamuna at Chitrakoot,Yamuna Basin,2026-02-19 06:00:00+00:00,133.35888074594305,NORMAL,136.0,137.0,138.0,25.14133,80.85446,YMNCKT_2026-02-19T06:00:00+0000_133.3589
YMNCKT,Yamuna at Chitrakoot,Yamuna Basin,2026-02-19 07:00:00+00:00,133.35133650725624,NORMAL,136.0,137.0,138.0,25.14133,80.85446,YMNCKT_2026-02-19T07:00:00+0000_133.3513
YMNCKT,Yamuna at Chitrakoot,Yamuna Basin,2026-02-19 08:00:00+00:00,133.37404440847757,NORMAL,136.0,137.0,138.0,25.14133,80.85446,YMNCKT_2026-02-19T08:00:00+0000_133.3740
YMNCKT,Yamuna at Chitrakoot,Yamuna Basin,2026-02-19 09:00:00+00:00,133.41219326936988,NORMAL,136.0,137.0,138.0,25.14133,80.85446,YMNCKT_2026-02-19T09:00:00+0000_133.4122
YMNCKT,Yamuna at Chitrakoot,Yamuna Basin,2026-02-19 10:00:00+00:00,133.4149035205578,NORMAL,136.0,137.0,138.0,25.14133,80.85446,YMNCKT_2026-02-19T10:00:00+0000_133.4149
YMNCKT,Yamuna at Chitrakoot,Yamuna Basin,2026-02-19 11:00:00+00:00,133.48192019731655,NORMAL,136.0,137.0,138.0,25.14133,80.85446,YMNCKT_2026-02-19T11:00:00+0000_133.4819
YMNCKT,Yamuna at Chitrakoot,Yamuna Basin,2026-02-19 12:00:00+00:00,133.5087467860437,NORMAL,136.0,137.0,138.0,25.14133,80.85446,YMNCKT_2026-02-19T12:00:00+0000_133.5087
YMNCKT,Yamuna at Chitrakoot,Yamuna Basin,2026-02-19 13:00:00+00:00,133.61613400583596,NORMAL,136.0,137.0,138.0,25.14133,80.85446,YMNCKT_2026-02-19T13:00:00+0000_133.6161
YMNCKT,Yamuna at Chitrakoot,Yamuna Basin,2026-02-19 14:00:00+00:00,133.60893033849902,NORMAL,136.0,137.0,138.0,25.14133,80.85446,YMNCKT_2026-02-19T14:00:00+0000_133.6089
YMNCKT,Yamuna at Chitrakoot,Yamuna Basin,2026-02-19 15:00:00+00:00,133.6716029027975,NORMAL,136.0,137.0,138.0,25.14133,80.85446,YMNCKT_2026-02-19T15:00:00+0000_133.6716
YMNCKT,Yamuna at Chitrakoot,Yamuna Basin,2026-02-19 16:00:00+00:00,133.74597609214928,NORMAL,136.0,137.0,138.0,25.14133,80.85446,YMNCKT_2026-02-19T16:00:00+0000_133.7460
YMNCKT,Yamuna at Chitrakoot,Yamuna Basin,2026-02-19 17:00:00+00:00,133.7865012348053,NORMAL,136.0,137.0,138.0,25.14133,80.85446,YMNCKT_2026-02-19T17:00:00+0000_133.7865
YMNCKT,Yamuna at Chitrakoot,Yamuna Basin,2026-02-19 18:00:00+00:00,133.76956300978767,NORMAL,136.0,137.0,138.0,25.14133,80.85446,YMNCKT_2026-02-19T18:00:00+0000_133.7696
YMNCKT,Yamuna at Chitrakoot,Yamuna Basin,2026-02-19 19:00:00+00:00,133.8173619170937,NORMAL,136.0,137.0,138.0,25.14133,80.85446,YMNCKT_2026-02-19T19:00:00+0000_133.8174
YMNCKT,Yamuna at Chitrakoot,Yamuna Basin,2026-02-19 20:00:00+00:00,133.7932800853339,NORMAL,136.0,137.0,138.0,25.14133,80.85446,YMNCKT_2026-02-19T20:00:00+0000_133.7933
YMNCKT,Yamuna at Chitrakoot,Yamuna Basin,2026-02-19 21:00:00+00:00,133.76009480115337,NORMAL,136.0,137.0,138.0,25.14133,80.85446,YMNCKT_2026-02-19T21:00:00+0000_133.7601
YMNCKT,Yamuna at Chitrakoot,Yamuna Basin,2026-02-19 22:00:00+00:00,133.73027022843104,NORMAL,136.0,137.0,138.0,25.14133,80.85446,YMNCKT_2026-02-19T22:00:00+0000_133.7303
YMNCKT,Yamuna at Chitrakoot,Yamuna Basin,2026-02-19 23:00:00+00:00,133.75238707679412,NORMAL,136.0,137.0,138.0,25.14133,80.85446,YMNCKT_2026-02-19T23:00:00+0000_133.7524
YMNCKT,Yamuna at Chitrakoot,Yamuna Basin,2026-02-20 00:00:00+00:00,133.65937140675214,NORMAL,136.0,137.0,138.0,25.14133,80.85446,YMNCKT_2026-02-20T00:00:00+0000_133.6594
YMNCKT,Yamuna at Chitrakoot,Yamuna Basin,2026-02-20 01:00:00+00:00,133.59487217139758,NORMAL,136.0,137.0,138.0,25.14133,80.85446,YMNCKT_2026-02-20T01:00:00+0000_133.5949
YMNCKT,Yamuna at Chitrakoot,Yamuna Basin,2026-02-20 02:00:00+00:00,133.5995872028071,NORMAL,136.0,137.0,138.0,25.14133,80.85446,YMNCKT_2026-02-20T02:00:00+0000_133.5996
YMNCKT,Yamuna at Chitrakoot,Yamuna Basin,2026-02-20 03:00:00+00:00,133.54228640531772,NORMAL,136.0,137.0,138.0,25.14133,80.85446,YMNCKT_2026-02-20T03:00:00+0000_133.5423
YMNCKT,Yamuna at Chitrakoot,Yamuna Basin,2026-02-20 04:00:00+00:00,133.48250232104675,NORMAL,136.0,137.0,138.0,25.14133,80.85446,YMNCKT_2026-02-20T04:00:00+0000_133.4825
YMNCKT,Yamuna at Chitrakoot,Yamuna Basin,2026-02-20 05:00:00+00:00,133.4208097464257,NORMAL,136.0,137.0,138.0,25.14133,80.85446,YMNCKT_2026-02-20T05:00:00+0000_133.4208
YMNCKT,Yamuna at Chitrakoot,Yamuna Basin,2026-02-20 06:00:00+00:00,133.42608772455057,NORMAL,136.0,137.0,138.0,25.14133,80.85446,YMNCKT_2026-02-20T06:00:00+0000_133.4261
YMNCKT,Yamuna at Chitrakoot,Yamuna Basin,2026-02-20 07:00:00+00:00,133.41679822489155,NORMAL,136.0,137.0,138.0,25.14133,80.85446,YMNCKT_2026-02-20T07:00:00+0000_133.4168
YMNCKT,Yamuna at Chitrakoot,Yamuna Basin,2026-02-20 08:00:00+00:00,133.44539219030543,NORMAL,136.0,137.0,138.0,25.14133,80.85446,YMNCKT_2026-02-20T08:00:00+0000_133.4454
YMNCKT,Yamuna at Chitrakoot,Yamuna Basin,2026-02-20 09:00:00+00:00,133.4147690727699,NORMAL,136.0,137.0,138.0,25.14133,80.85446,YMNCKT_2026-02-20T09:00:00+0000_133.4148
YMNCKT,Yamuna at Chitrakoot,Yamuna Basin,2026-02-20 10:00:00+00:00,133.49101438760866,NORMAL,136.0,137.0,138.0,25.14133,80.85446,YMNCKT_2026-02-20T10:00:00+0000_133.4910
YMNCKT,Yamuna at Chitrakoot,Yamuna Basin,2026-02-20 11:00:00+00:00,133.45377167157716,NORMAL,136.0,137.0,138.0,25.14133,80.85446,YMNCKT_2026-02-20T11:00:00+0000_133.4538
YMNCKT,Yamuna at Chitrakoot,Yamuna Basin,2026-02-20 12:00:00+00:00,133.56047537866115,NORMAL,136.0,137.0,138.0,25.14133,80.85446,YMNCKT_2026-02-20T12:00:00+0000_133.5605
YMNCKT,Yamuna at Chitrakoot,Yamuna Basin,2026-02-20 13:00:00+00:00,133.62071785118542,NORMAL,136.0,137.0,138.0,25.14133,80.85446,YMNCKT_2026-02-20T13:00:00+0000_133.6207
YMNCKT,Yamuna at Chitrakoot,Yamuna Basin,2026-02-20 14:00:00+00:00,133.7111514040195,NORMAL,136.0,137.0,138.0,25.14133,80.85446,YMNCKT_2026-02-20T14:00:00+0000_133.7112
YMNCKT,Yamuna at Chitrakoot,Yamuna Basin,2026-02-20 15:00:00+00:00,133.71315866076276,NORMAL,136.0,137.0,138.0,25.14133,80.85446,YMNCKT_2026-02-20T15:00:00+0000_133.7132
YMNCKT,Yamuna at Chitrakoot,Yamuna Basin,2026-02-20 16:00:00+00:00,133.7607007444893,NORMAL,136.0,137.0,138.0,25.14133,80.85446,YMNCKT_2026-02-20T16:00:00+0000_133.7607
YMNCKT,Yamuna at Chitrakoot,Yamuna Basin,2026-02-20 17:00:00+00:00,133.79536166061823,NORMAL,136.0,137.0,138.0,25.14133,80.85446,YMNCKT_2026-02-20T17:00:00+0000_133.7954
YMNCKT,Yamuna at Chitrakoot,Yamuna Basin,2026-02-20 18:00:00+00:00,133.8313992412937,NORMAL,136.0,137.0,138.0,25.14133,80.85446,YMNCKT_2026-02-20T18:00:00+0000_133.8314
YMNCKT,Yamuna at Chitrakoot,Yamuna Basin,2026-02-20 19:00:00+00:00,133.86939483575958,NORMAL,136.0,137.0,138.0,25.14133,80.85446,YMNCKT_2026-02-20T19:00:00+0000_133.8694
YMNCKT,Yamuna at Chitrakoot,Yamuna Basin,2026-02-20 20:00:00+00:00,133.84784823604846,NORMAL,136.0,137.0,138.0,25.14133,80.85446,YMNCKT_2026-02-20T20:00:00+0000_133.8478
YMNCKT,Yamuna at Chitrakoot,Yamuna Basin,2026-02-20 21:00:00+00:00,133.75964153460987,NORMAL,136.0,137.0,138.0,25.14133,80.85446,YMNCKT_2026-02-20T21:00:00+0000_133.7596
YMNCKT,Yamuna at Chitrakoot,Yamuna Basin,2026-02-20 22:00:00+00:00,133.76211895560658,NORMAL,136.0,137.0,138.0,25.14133,80.85446,YMNCKT_2026-02-20T22:00:00+0000_133.7621
YMNCKT,Yamuna at Chitrakoot,Yamuna Basin,2026-02-20 23:00:00+00:00,133.7150324110804,NORMAL,136.0,137.0,138.0,25.14133,80.85446,YMNCKT_2026-02-20T23:00:00+0000_133.7150
YMNCKT,Yamuna at Chitrakoot,Yamuna Basin,2026-02-21 00:00:00+00:00,133.67000108383385,NORMAL,136.0,137.0,138.0,25.14133,80.85446,YMNCKT_2026-02-21T00:00:00+0000_133.6700
YMNCKT,Yamuna at Chitrakoot,Yamuna Basin,2026-02-21 01:00:00+00:00,133.60648231149466,NORMAL,136.0,137.0,138.0,25.14133,80.85446,YMNCKT_2026-02-21T01:00:00+0000_133.6065
YMNCKT,Yamuna at Chitrakoot,Yamuna Basin,2026-02-21 02:00:00+00:00,133.59036621275368,NORMAL,136.0,137.0,138.0,25.14133,80.85446,YMNCKT_2026-02-21T02:00:00+0000_133.5904
YMNCKT,Yamuna at Chitrakoot,Yamuna Basin,2026-02-21 03:00:00+00:00,133.46572641868423,NORMAL,136.0,137.0,138.0,25.14133,80.85446,YMNCKT_2026-02-21T03:00:00+0000_133.4657
YMNCKT,Yamuna at Chitrakoot,Yamuna Basin,2026-02-21 04:00:00+00:00,133.46192028861714,NORMAL,136.0,137.0,138.0,25.14133,80.85446,YMNCKT_2026-02-21T04:00:00+0000_133.4619
YMNCKT,Yamuna at Chitrakoot,Yamuna Basin,2026-02-21 05:00:00+00:00,,,136.0,137.0,138.0,25.14133,80.85446,YMNCKT_2026-02-21T05:00:00+0000_
YMNCKT,Yamuna at Chitrakoot,Yamuna Basin,2026-02-21 06:00:00+00:00,133.40990003939413,NORMAL,136.0,137.0,138.0,25.14133,80.85446,YMNCKT_2026-02-21T06:00:00+0000_133.4099
YMNCKT,Yamuna at Chitrakoot,Yamuna Basin,2026-02-21 07:00:00+00:00,133.41531319030494,NORMAL,136.0,137.0,138.0,25.14133,80.85446,YMNCKT_2026-02-21T07:00:00+0000_133.4153
YMNCKT,Yamuna at Chitrakoot,Yamuna Basin,2026-02-21 08:00:00+00:00,133.4277911616466,NORMAL,136.0,137.0,138.0,25.14133,80.85446,YMNCKT_2026-02-21T08:00:00+0000_133.4278
YMNCKT,Yamuna at Chitrakoot,Yamuna Basin,2026-02-21 09:00:00+00:00,133.43587463718015,NORMAL,136.0,137.0,138.0,25.14133,80.85446,YMNCKT_2026-02-21T09:00:00+0000_133.4359
YMNCKT,Yamuna at Chitrakoot,Yamuna Basin,2026-02-21 10:00:00+00:00,133.4683988508396,NORMAL,136.0,137.0,138.0,25.14133,80.85446,YMNCKT_2026-02-21T10:00:00+0000_133.4684
YMNCKT,Yamuna at Chitrakoot,Yamuna Basin,2026-02-21 11:00:00+00:00,133.50035876044635,NORMAL,136.0,137.0,138.0,25.14133,80.85446,YMNCKT_2026-02-21T11:00:00+0000_133.5004
YMNCKT,Yamuna at Chitrakoot,Yamuna Basin,2026-02-21 12:00:00+00:00,133.6014797698582,NORMAL,136.0,137.0,138.0,25.14133,80.85446,YMNCKT_2026-02-21T12:00:00+0000_133.6015
YMNCKT,Yamuna at Chitrakoot,Yamuna Basin,2026-02-21 13:00:00+00:00,133.64845009779057,NORMAL,136.0,137.0,138.0,25.14133,80.85446,YMNCKT_2026-02-21T13:00:00+0000_133.6485
YMNCKT,Yamuna at Chitrakoot,Yamuna Basin,2026-02-21 14:00:00+00:00,133.70131668250548,NORMAL,136.0,137.0,138.0,25.14133,80.85446,YMNCKT_2026-02-21T14:00:00+0000_133.7013
YMNCKT,Yamuna at Chitrakoot,Yamuna Basin,2026-02-21 15:00:00+00:00,133.68343627092813,NORMAL,136.0,137.0,138.0,25.14133,80.85446,YMNCKT_2026-02-21T15:00:00+0000_133.6834
YMNCKT,Yamuna at Chitrakoot,Yamuna Basin,2026-02-21 16:00:00+00:00,133.75361275653424,NORMAL,136.0,137.0,138.0,25.14133,80.85446,YMNCKT_2026-02-21T16:00:00+0000_133.7536
YMNCKT,Yamuna at Chitrakoot,Yamuna Basin,2026-02-21 17:00:00+00:00,133.81419922862918,NORMAL,136.0,137.0,138.0,25.14133,80.85446,YMNCKT_2026-02-21T17:00:00+0000_133.8142
YMNCKT,Yamuna at Chitrakoot,Yamuna Basin,2026-02-21 18:00:00+00:00,133.81517101904478,NORMAL,136.0,137.0,138.0,25.14133,80.85446,YMNCKT_2026-02-21T18:00:00+0000_133.8152
YMNCKT,Yamuna at Chitrakoot,Yamuna Basin,2026-02-21 19:00:00+00:00,133.8128872392083,NORMAL,136.0,137.0,138.0,25.14133,80.85446,YMNCKT_2026-02-21T19:00:00+0000_133.8129
YMNCKT,Yamuna at Chitrakoot,Yamuna Basin,2026-02-21 20:00:00+00:00,133.80593247783654,NORMAL,136.0,137.0,138.0,25.14133,80.85446,YMNCKT_2026-02-21T20:00:00+0000_133.8059
YMNCKT,Yamuna at Chitrakoot,Yamuna Basin,2026-02-21 21:00:00+00:00,133.8440355129209,NORMAL,136.0,137.0,138.0,25.14133,80.85446,YMNCKT_2026-02-21T21:00:00+0000_133.8440
YMNCKT,Yamuna at Chitrakoot,Yamuna Basin,2026-02-21 22:00:00+00:00,133.72705494180647,NORMAL,136.0,137.0,138.0,25.14133,80.85446,YMNCKT_2026-02-21T22:00:00+0000_133.7271
YMNCKT,Yamuna at Chitrakoot,Yamuna Basin,2026-02-21 23:00:00+00:00,133.731118172014,NORMAL,136.0,137.0,138.0,25.14133,80.85446,YMNCKT_2026-02-21T23:00:00+0000_133.7311
YMNCKT,Yamuna at Chitrakoot,Yamuna Basin,2026-02-22 00:00:00+00:00,133.6733191940786,NORMAL,136.0,137.0,138.0,25.14133,80.85446,YMNCKT_2026-02-22T00:00:00+0000_133.6733
YMNCKT,Yamuna at Chitrakoot,Yamuna Basin,2026-02-22 01:00:00+00:00,133.57337265398593,NORMAL,136.0,137.0,138.0,25.14133,80.85446,YMNCKT_2026-02-22T01:00:00+0000_133.5734
YMNCKT,Yamuna at Chitrakoot,Yamuna Basin,2026-02-22 02:00:00+00:00,133.58899234574008,NORMAL,136.0,137.0,138.0,25.14133,80.85446,YMNCKT_2026-02-22T02:00:00+0000_133.5890
YMNCKT,Yamuna at Chitrakoot,Yamuna Basin,2026-02-22 03:00:00+00:00,133.54788632343906,NORMAL,136.0,137.0,138.0,25.14133,80.85446,YMNCKT_2026-02-22T03:00:00+0000_133.5479
YMNCKT,Yamuna at Chitrakoot,Yamuna Basin,2026-02-22 04:00:00+00:00,133.4693402909382,NORMAL,136.0,137.0,138.0,25.14133,80.85446,YMNCKT_2026-02-22T04:00:00+0000_133.4693
YMNCKT,Yamuna at Chitrakoot,Yamuna Basin,2026-02-22 05:00:00+00:00,133.38500547681727,NORMAL,136.0,137.0,138.0,25.14133,80.85446,YMNCKT_2026-02-22T05:00:00+0000_133.3850
YMNCKT,Yamuna at Chitrakoot,Yamuna Basin,2026-02-22 06:00:00+00:00,133.44010453139416,NORMAL,136.0,137.0,138.0,25.14133,80.85446,YMNCKT_2026-02-22T06:00:00+0000_133.4401
YMNCKT,Yamuna at Chitrakoot,Yamuna Basin,2026-02-22 07:00:00+00:00,133.3883658830751,NORMAL,136.0,137.0,138.0,25.14133,80.85446,YMNCKT_2026-02-22T07:00:00+0000_133.3884
YMNCKT,Yamuna at Chitrakoot,Yamuna Basin,2026-02-22 08:00:00+00:00,133.38166538872898,NORMAL,136.0,137.0,138.0,25.14133,80.85446,YMNCKT_2026-02-22T08:00:00+0000_133.3817
YMNCKT,Yamuna at Chitrakoot,Yamuna Basin,2026-02-22 09:00:00+00:00,133.3817478348382,NORMAL,136.0,137.0,138.0,25.14133,80.85446,YMNCKT_2026-02-22T09:00:00+0000_133.3817
YMNCKT,Yamuna at Chitrakoot,Yamuna Basin,2026-02-22 10:00:00+00:00,133.462788363226,NORMAL,136.0,137.0,138.0,25.14133,80.85446,YMNCKT_2026-02-22T10:00:00+0000_133.4628
YMNCKT,Yamuna at Chitrakoot,Yamuna Basin,2026-02-22 11:00:00+00:00,133.49402865125788,NORMAL,136.0,137.0,138.0,25.14133,80.85446,YMNCKT_2026-02-22T11:00:00+0000_133.4940
YMNCKT,Yamuna at Chitrakoot,Yamuna Basin,2026-02-22 12:00:00+00:00,133.55666561669975,NORMAL,136.0,137.0,138.0,25.14133,80.85446,YMNCKT_2026-02-22T12:00:00+0000_133.5567
YMNCKT,Yamuna at Chitrakoot,Yamuna Basin,2026-02-22 13:00:00+00:00,133.6460292571309,NORMAL,136.0,137.0,138.0,25.14133,80.85446,YMNCKT_2026-02-22T13:00:00+0000_133.6460
YMNCKT,Yamuna at Chitrakoot,Yamuna Basin,2026-02-22 14:00:00+00:00,133.6523579637908,NORMAL,136.0,137.0,138.0,25.14133,80.85446,YMNCKT_2026-02-22T14:00:00+0000_133.6524
YMNCKT,Yamuna at Chitrakoot,Yamuna Basin,2026-02-22 15:00:00+00:00,133.73130219172688,NORMAL,136.0,137.0,138.0,25.14133,80.85446,YMNCKT_2026-02-22T15:00:00+0000_133.7313
YMNCKT,Yamuna at Chitrakoot,Yamuna Basin,2026-02-22 16:00:00+00:00,133.77208036953135,NORMAL,136.0,137.0,138.0,25.14133,80.85446,YMNCKT_2026-02-22T16:00:00+0000_133.7721
YMNCKT,Yamuna at Chitrakoot,Yamuna Basin,2026-02-22 17:00:00+00:00,133.84772645339865,NORMAL,136.0,137.0,138.0,25.14133,80.85446,YMNCKT_2026-02-22T17:00:00+0000_133.8477
YMNCKT,Yamuna at Chitrakoot,Yamuna Basin,2026-02-22 18:00:00+00:00,133.80645674531218,NORMAL,136.0,137.0,138.0,25.14133,80.85446,YMNCKT_2026-02-22T18:00:00+0000_133.8065
YMNCKT,Yamuna at Chitrakoot,Yamuna Basin,2026-02-22 19:00:00+00:00,133.8685358186309,NORMAL,136.0,137.0,138.0,25.14133,80.85446,YMNCKT_2026-02-22T19:00:00+0000_133.8685
YMNCKT,Yamuna at Chitrakoot,Yamuna Basin,2026-02-22 20:00:00+00:00,133.7888693642249,NORMAL,136.0,137.0,138.0,25.14133,80.85446,YMNCKT_2026-02-22T20:00:00+0000_133.7889
YMNCKT,Yamuna at Chitrakoot,Yamuna Basin,2026-02-22 21:00:00+00:00,133.84746586652582,NORMAL,136.0,137.0,138.0,25.14133,80.85446,YMNCKT_2026-02-22T21:00:00+0000_133.8475
YMNCKT,Yamuna at Chitrakoot,Yamuna Basin,2026-02-22 22:00:00+00:00,133.78385805446368,NORMAL,136.0,137.0,138.0,25.14133,80.85446,YMNCKT_2026-02-22T22:00:00+0000_133.7839
YMNCKT,Yamuna at Chitrakoot,Yamuna Basin,2026-02-22 23:00:00+00:00,133.726245052909,NORMAL,136.0,137.0,138.0,25.14133,80.85446,YMNCKT_2026-02-22T23:00:00+0000_133.7262
YMNCKT,Yamuna at Chitrakoot,Yamuna Basin,2026-02-23 00:00:00+00:00,,,136.0,137.0,138.0,25.14133,80.85446,YMNCKT_2026-02-23T00:00:00+0000_
YMNCKT,Yamuna at Chitrakoot,Yamuna Basin,2026-02-23 01:00:00+00:00,133.65902814609183,NORMAL,136.0,137.0,138.0,25.14133,80.85446,YMNCKT_2026-02-23T01:00:00+0000_133.6590
YMNCKT,Yamuna at Chitrakoot,Yamuna Basin,2026-02-23 02:00:00+00:00,133.5572675838505,NORMAL,136.0,137.0,138.0,25.14133,80.85446,YMNCKT_2026-02-23T02:00:00+0000_133.5573
YMNCKT,Yamuna at Chitrakoot,Yamuna Basin,2026-02-23 03:00:00+00:00,133.56100578982324,NORMAL,136.0,137.0,138.0,25.14133,80.85446,YMNCKT_2026-02-23T03:00:00+0000_133.5610
YMNCKT,Yamuna at Chitrakoot,Yamuna Basin,2026-02-23 04:00:00+00:00,133.47103638052047,NORMAL,136.0,137.0,138.0,25.14133,80.85446,YMNCKT_2026-02-23T04:00:00+0000_133.4710
YMNCKT,Yamuna at Chitrakoot,Yamuna Basin,2026-02-23 05:00:00+00:00,133.44403273945304,NORMAL,136.0,137.0,138.0,25.14133,80.85446,YMNCKT_2026-02-23T05:00:00+0000_133.4440
YMNCKT,Yamuna at Chitrakoot,Yamuna Basin,2026-02-23 06:00:00+00:00,133.44299907306896,NORMAL,136.0,137.0,138.0,25.14133,80.85446,YMNCKT_2026-02-23T06:00:00+0000_133.4430
YMNCKT,Yamuna at Chitrakoot,Yamuna Basin,2026-02-23 07:00:00+00:00,133.418877419926,NORMAL,136.0,137.0,138.0,25.14133,80.85446,YMNCKT_2026-02-23T07:00:00+0000_133.4189
YMNCKT,Yamuna at Chitrakoot,Yamuna Basin,2026-02-23 08:00:00+00:00,133.41546985594638,NORMAL,136.0,137.0,138.0,25.14133,80.85446,YMNCKT_2026-02-23T08:00:00+0000_133.4155
YMNCKT,Yamuna at Chitrakoot,Yamuna Basin,2026-02-23 09:00:00+00:00,133.46123590683723,NORMAL,136.0,137.0,138.0,25.14133,80.85446,YMNCKT_2026-02-23T09:00:00+0000_133.4612
YMNCKT,Yamuna at Chitrakoot,Yamuna Basin,2026-02-23 10:00:00+00:00,133.48341146775516,NORMAL,136.0,137.0,138.0,25.14133,80.85446,YMNCKT_2026-02-23T10:00:00+0000_133.4834
YMNCKT,Yamuna at Chitrakoot,Yamuna Basin,2026-02-23 11:00:00+00:00,133.51809489542933,NORMAL,136.0,137.0,138.0,25.14133,80.85446,YMNCKT_2026-02-23T11:00:00+0000_133.5181
YMNCKT,Yamuna at Chitrakoot,Yamuna Basin,2026-02-23 12:00:00+00:00,133.58278932530052,NORMAL,136.0,137.0,138.0,25.14133,80.85446,YMNCKT_2026-02-23T12:00:00+0000_133.5828
YMNCKT,Yamuna at Chitrakoot,Yamuna Basin,2026-02-23 13:00:00+00:00,133.58932366468085,NORMAL,136.0,137.0,138.0,25.14133,80.85446,YMNCKT_2026-02-23T13:00:00+0000_133.5893
YMNCKT,Yamuna at Chitrakoot,Yamuna Basin,2026-02-23 14:00:00+00:00,133.6456324133343,NORMAL,136.0,137.0,138.0,25.14133,80.85446,YMNCKT_2026-02-23T14:00:00+0000_133.6456
YMNCKT,Yamuna at Chitrakoot,Yamuna Basin,2026-02-23 15:00:00+00:00,133.68358123684274,NORMAL,136.0,137.0,138.0,25.14133,80.85446,YMNCKT_2026-02-23T15:00:00+0000_133.6836
YMNCKT,Yamuna at Chitrakoot,Yamuna Basin,2026-02-23 16:00:00+00:00,133.78020098533395,NORMAL,136.0,137.0,138.0,25.14133,80.85446,YMNCKT_2026-02-23T16:00:00+0000_133.7802
YMNCKT,Yamuna at Chitrakoot,Yamuna Basin,2026-02-23 17:00:00+00:00,,,136.0,137.0,138.0,25.14133,80.85446,YMNCKT_2026-02-23T17:00:00+0000_
YMNCKT,Yamuna at Chitrakoot,Yamuna Basin,2026-02-23 18:00:00+00:00,133.82468463671657,NORMAL,136.0,137.0,138.0,25.14133,80.85446,YMNCKT_2026-02-23T18:00:00+0000_133.8247
YMNCKT,Yamuna at Chitrakoot,Yamuna Basin,2026-02-23 19:00:00+00:00,133.86263761791753,NORMAL,136.0,137.0,138.0,25.14133,80.85446,YMNCKT_2026-02-23T19:00:00+0000_133.8626
YMNCKT,Yamuna at Chitrakoot,Yamuna Basin,2026-02-23 20:00:00+00:00,133.8613847634555,NORMAL,136.0,137.0,138.0,25.14133,80.85446,YMNCKT_2026-02-23T20:00:00+0000_133.8614
YMNCKT,Yamuna at Chitrakoot,Yamuna Basin,2026-02-23 21:00:00+00:00,,,136.0,137.0,138.0,25.14133,80.85446,YMNCKT_2026-02-23T21:00:00+0000_
YMNCKT,Yamuna at Chitrakoot,Yamuna Basin,2026-02-23 22:00:00+00:00,133.80922070449404,NORMAL,136.0,137.0,138.0,25.14133,80.85446,YMNCKT_2026-02-23T22:00:00+0000_133.8092
YMNCKT,Yamuna at Chitrakoot,Yamuna Basin,2026-02-23 23:00:00+00:00,133.6972934267132,NORMAL,136.0,137.0,138.0,25.14133,80.85446,YMNCKT_2026-02-23T23:00:00+0000_133.6973
YMNCKT,Yamuna at Chitrakoot,Yamuna Basin,2026-02-24 00:00:00+00:00,133.71149558607783,NORMAL,136.0,137.0,138.0,25.14133,80.85446,YMNCKT_2026-02-24T00:00:00+0000_133.7115
YMNCKT,Yamuna at Chitrakoot,Yamuna Basin,2026-02-24 01:00:00+00:00,133.60247282320006,NORMAL,136.0,137.0,138.0,25.14133,80.85446,YMNCKT_2026-02-24T01:00:00+0000_133.6025
YMNCKT,Yamuna at Chitrakoot,Yamuna Basin,2026-02-24 02:00:00+00:00,,,136.0,137.0,138.0,25.14133,80.85446,YMNCKT_2026-02-24T02:00:00+0000_
YMNCKT,Yamuna at Chitrakoot,Yamuna Basin,2026-02-24 03:00:00+00:00,133.51466002359717,NORMAL,136.0,137.0,138.0,25.14133,80.85446,YMNCKT_2026-02-24T03:00:00+0000_133.5147
YMNCKT,Yamuna at Chitrakoot,Yamuna Basin,2026-02-24 04:00:00+00:00,133.45967853347435,NORMAL,136.0,137.0,138.0,25.14133,80.85446,YMNCKT_2026-02-24T04:00:00+0000_133.4597
YMNCKT,Yamuna at Chitrakoot,Yamuna Basin,2026-02-24 05:00:00+00:00,133.44780773708328,NORMAL,136.0,137.0,138.0,25.14133,80.85446,YMNCKT_2026-02-24T05:00:00+0000_133.4478
YMNCKT,Yamuna at Chitrakoot,Yamuna Basin,2026-02-24 06:00:00+00:00,133.41007377418074,NORMAL,136.0,137.0,138.0,25.14133,80.85446,YMNCKT_2026-02-24T06:00:00+0000_133.4101
YMNCKT,Yamuna at Chitrakoot,Yamuna Basin,2026-02-24 07:00:00+00:00,133.36808910404818,NORMAL,136.0,137.0,138.0,25.14133,80.85446,YMNCKT_2026-02-24T07:00:00+0000_133.3681
YMNCKT,Yamuna at Chitrakoot,Yamuna Basin,2026-02-24 08:00:00+00:00,133.38921145171742,NORMAL,136.0,137.0,138.0,25.14133,80.85446,YMNCKT_2026-02-24T08:00:00+0000_133.3892
YMNCKT,Yamuna at Chitrakoot,Yamuna Basin,2026-02-24 09:00:00+00:00,133.3947691362282,NORMAL,136.0,137.0,138.0,25.14133,80.85446,YMNCKT_2026-02-24T09:00:00+0000_133.3948
YMNCKT,Yamuna at Chitrakoot,Yamuna Basin,2026-02-24 10:00:00+00:00,133.48464726101648,NORMAL,136.0,137.0,138.0,25.14133,80.85446,YMNCKT_2026-02-24T10:00:00+0000_133.4846
YMNCKT,Yamuna at Chitrakoot,Yamuna Basin,2026-02-24 11:00:00+00:00,133.47690789837037,NORMAL,136.0,137.0,138.0,25.14133,80.85446,YMNCKT_2026-02-24T11:00:00+0000_133.4769
YMNCKT,Yamuna at Chitrakoot,Yamuna Basin,2026-02-24 12:00:00+00:00,133.58670751323666,NORMAL,136.0,137.0,138.0,25.14133,80.85446,YMNCKT_2026-02-24T12:00:00+0000_133.5867
YMNCKT,Yamuna at Chitrakoot,Yamuna Basin,2026-02-24 13:00:00+00:00,133.67113515898444,NORMAL,136.0,137.0,138.0,25.14133,80.85446,YMNCKT_2026-02-24T13:00:00+0000_133.6711
YMNCKT,Yamuna at Chitrakoot,Yamuna Basin,2026-02-24 14:00:00+00:00,133.6754024543074,NORMAL,136.0,137.0,138.0,25.14133,80.85446,YMNCKT_2026-02-24T14:00:00+0000_133.6754
YMNCKT,Yamuna at Chitrakoot,Yamuna Basin,2026-02-24 15:00:00+00:00,133.70962237821553,NORMAL,136.0,137.0,138.0,25.14133,80.85446,YMNCKT_2026-02-24T15:00:00+0000_133.7096
YMNCKT,Yamuna at Chitrakoot,Yamuna Basin,2026-02-24 16:00:00+00:00,133.74546135325804,NORMAL,136.0,137.0,138.0,25.14133,80.85446,YMNCKT_2026-02-24T16:00:00+0000_133.7455
YMNCKT,Yamuna at Chitrakoot,Yamuna Basin,2026-02-24 17:00:00+00:00,133.81499799238023,NORMAL,136.0,137.0,138.0,25.14133,80.85446,YMNCKT_2026-02-24T17:00:00+0000_133.8150
YMNCKT,Yamuna at Chitrakoot,Yamuna Basin,2026-02-24 18:00:00+00:00,133.8360466673394,NORMAL,136.0,137.0,138.0,25.14133,80.85446,YMNCKT_2026-02-24T18:00:00+0000_133.8360
YMNCKT,Yamuna at Chitrakoot,Yamuna Basin,2026-02-24 19:00:00+00:00,133.86693386382177,NORMAL,136.0,137.0,138.0,25.14133,80.85446,YMNCKT_2026-02-24T19:00:00+0000_133.8669
YMNCKT,Yamuna at Chitrakoot,Yamuna Basin,2026-02-24 20:00:00+00:00,133.85820303788142,NORMAL,136.0,137.0,138.0,25.14133,80.85446,YMNCKT_2026-02-24T20:00:00+0000_133.8582
YMNCKT,Yamuna at Chitrakoot,Yamuna Basin,2026-02-24 21:00:00+00:00,133.85532902009376,NORMAL,136.0,137.0,138.0,25.14133,80.85446,YMNCKT_2026-02-24T21:00:00+0000_133.8553
YMNCKT,Yamuna at Chitrakoot,Yamuna Basin,2026-02-24 22:00:00+00:00,133.7329106683389,NORMAL,136.0,137.0,138.0,25.14133,80.85446,YMNCKT_2026-02-24T22:00:00+0000_133.7329
YMNCKT,Yamuna at Chitrakoot,Yamuna Basin,2026-02-24 23:00:00+00:00,133.77933785940985,NORMAL,136.0,137.0,138.0,25.14133,80.85446,YMNCKT_2026-02-24T23:00:00+0000_133.7793
YMNCKT,Yamuna at Chitrakoot,Yamuna Basin,2026-02-25 00:00:00+00:00,133.6856246189665,NORMAL,136.0,137.0,138.0,25.14133,80.85446,YMNCKT_2026-02-25T00:00:00+0000_133.6856
YMNCKT,Yamuna at Chitrakoot,Yamuna Basin,2026-02-25 01:00:00+00:00,133.6695353809692,NORMAL,136.0,137.0,138.0,25.14133,80.85446,YMNCKT_2026-02-25T01:00:00+0000_133.6695
YMNCKT,Yamuna at Chitrakoot,Yamuna Basin,2026-02-25 02:00:00+00:00,,,136.0,137.0,138.0,25.14133,80.85446,YMNCKT_2026-02-25T02:00:00+0000_
YMNCKT,Yamuna at Chitrakoot,Yamuna Basin,2026-02-25 03:00:00+00:00,133.51719681654464,NORMAL,136.0,137.0,138.0,25.14133,80.85446,YMNCKT_2026-02-25T03:00:00+0000_133.5172
YMNCKT,Yamuna at Chitrakoot,Yamuna Basin,2026-02-25 04:00:00+00:00,133.45267492793153,NORMAL,136.0,137.0,138.0,25.14133,80.85446,YMNCKT_2026-02-25T04:00:00+0000_133.4527
YMNCKT,Yamuna at Chitrakoot,Yamuna Basin,2026-02-25 05:00:00+00:00,133.47823703677986,NORMAL,136.0,137.0,138.0,25.14133,80.85446,YMNCKT_2026-02-25T05:00:00+0000_133.4782
YMNCKT,Yamuna at Chitrakoot,Yamuna Basin,2026-02-25 06:00:00+00:00,133.46758554767524,NORMAL,136.0,137.0,138.0,25.14133,80.85446,YMNCKT_2026-02-25T06:00:00+0000_133.4676
YMNCKT,Yamuna at Chitrakoot,Yamuna Basin,2026-02-25 07:00:00+00:00,133.4036049556239,NORMAL,136.0,137.0,138.0,25.14133,80.85446,YMNCKT_2026-02-25T07:00:00+0000_133.4036
YMNCKT,Yamuna at Chitrakoot,Yamuna Basin,2026-02-25 08:00:00+00:00,133.3866975634381,NORMAL,136.0,137.0,138.0,25.14133,80.85446,YMNCKT_2026-02-25T08:00:00+0000_133.3867
YMNCKT,Yamuna at Chitrakoot,Yamuna Basin,2026-02-25 09:00:00+00:00,133.48171016644503,NORMAL,136.0,137.0,138.0,25.14133,80.85446,YMNCKT_2026-02-25T09:00:00+0000_133.4817
YMNCKT,Yamuna at Chitrakoot,Yamuna Basin,2026-02-25 10:00:00+00:00,133.50519916718557,NORMAL,136.0,137.0,138.0,25.14133,80.85446,YMNCKT_2026-02-25T10:00:00+0000_133.5052
YMNCKT,Yamuna at Chitrakoot,Yamuna Basin,2026-02-25 11:00:00+00:00,133.4759399275923,NORMAL,136.0,137.0,138.0,25.14133,80.85446,YMNCKT_2026-02-25T11:00:00+0000_133.4759
YMNCKT,Yamuna at Chitrakoot,Yamuna Basin,2026-02-25 12:00:00+00:00,133.61354537846336,NORMAL,136.0,137.0,138.0,25.14133,80.85446,YMNCKT_2026-02-25T12:00:00+0000_133.6135
YMNCKT,Yamuna at Chitrakoot,Yamuna Basin,2026-02-25 13:00:00+00:00,133.6531348893821,NORMAL,136.0,137.0,138.0,25.14133,80.85446,YMNCKT_2026-02-25T13:00:00+0000_133.6531
YMNCKT,Yamuna at Chitrakoot,Yamuna Basin,2026-02-25 14:00:00+00:00,133.654962765322,NORMAL,136.0,137.0,138.0,25.14133,80.85446,YMNCKT_2026-02-25T14:00:00+0000_133.6550
YMNCKT,Yamuna at Chitrakoot,Yamuna Basin,2026-02-25 15:00:00+00:00,133.78673620571502,NORMAL,136.0,137.0,138.0,25.14133,80.85446,YMNCKT_2026-02-25T15:00:00+0000_133.7867
YMNCKT,Yamuna at Chitrakoot,Yamuna Basin,2026-02-25 16:00:00+00:00,133.77523465731463,NORMAL,136.0,137.0,138.0,25.14133,80.85446,YMNCKT_2026-02-25T16:00:00+0000_133.7752
YMNCKT,Yamuna at Chitrakoot,Yamuna Basin,2026-02-25 17:00:00+00:00,133.81609446389828,NORMAL,136.0,137.0,138.0,25.14133,80.85446,YMNCKT_2026-02-25T17:00:00+0000_133.8161
YMNCKT,Yamuna at Chitrakoot,Yamuna Basin,2026-02-25 18:00:00+00:00,133.8431561598601,NORMAL,136.0,137.0,138.0,25.14133,80.85446,YMNCKT_2026-02-25T18:00:00+0000_133.8432
YMNCKT,Yamuna at Chitrakoot,Yamuna Basin,2026-02-25 19:00:00+00:00,133.84203759350828,NORMAL,136.0,137.0,138.0,25.14133,80.85446,YMNCKT_2026-02-25T19:00:00+0000_133.8420
YMNCKT,Yamuna at Chitrakoot,Yamuna Basin,2026-02-25 20:00:00+00:00,133.79499767080156,NORMAL,136.0,137.0,138.0,25.14133,80.85446,YMNCKT_2026-02-25T20:00:00+0000_133.7950
YMNCKT,Yamuna at Chitrakoot,Yamuna Basin,2026-02-25 21:00:00+00:00,133.84717397175342,NORMAL,136.0,137.0,138.0,25.14133,80.85446,YMNCKT_2026-02-25T21:00:00+0000_133.8472
YMNCKT,Yamuna at Chitrakoot,Yamuna Basin,2026-02-25 22:00:00+00:00,133.7676116157404,NORMAL,136.0,137.0,138.0,25.14133,80.85446,YMNCKT_2026-02-25T22:00:00+0000_133.7676
YMNCKT,Yamuna at Chitrakoot,Yamuna Basin,2026-02-25 23:00:00+00:00,133.76271775913867,NORMAL,136.0,137.0,138.0,25.14133,80.85446,YMNCKT_2026-02-25T23:00:00+0000_133.7627
YMNCKT,Yamuna at Chitrakoot,Yamuna Basin,2026-02-26 00:00:00+00:00,133.674597533103,NORMAL,136.0,137.0,138.0,25.14133,80.85446,YMNCKT_2026-02-26T00:00:00+0000_133.6746
YMNCKT,Yamuna at Chitrakoot,Yamuna Basin,2026-02-26 01:00:00+00:00,133.62408979882025,NORMAL,136.0,137.0,138.0,25.14133,80.85446,YMNCKT_2026-02-26T01:00:00+0000_133.6241
YMNCKT,Yamuna at Chitrakoot,Yamuna Basin,2026-02-26 02:00:00+00:00,133.57406417235998,NORMAL,136.0,137.0,138.0,25.14133,80.85446,YMNCKT_2026-02-26T02:00:00+0000_133.5741
YMNCKT,Yamuna at Chitrakoot,Yamuna Basin,2026-02-26 03:00:00+00:00,133.56947484375337,NORMAL,136.0,137.0,138.0,25.14133,80.85446,YMNCKT_2026-02-26T03:00:00+0000_133.5695
YMNCKT,Yamuna at Chitrakoot,Yamuna Basin,2026-02-26 04:00:00+00:00,133.43205842703887,NORMAL,136.0,137.0,138.0,25.14133,80.85446,YMNCKT_2026-02-26T04:00:00+0000_133.4321
YMNCKT,Yamuna at Chitrakoot,Yamuna Basin,2026-02-26 05:00:00+00:00,133.4842197469315,NORMAL,136.0,137.0,138.0,25.14133,80.85446,YMNCKT_2026-02-26T05:00:00+0000_133.4842
YMNCKT,Yamuna at Chitrakoot,Yamuna Basin,2026-02-26 06:00:00+00:00,133.38198649520717,NORMAL,136.0,137.0,138.0,25.14133,80.85446,YMNCKT_2026-02-26T06:00:00+0000_133.3820
YMNCKT,Yamuna at Chitrakoot,Yamuna Basin,2026-02-26 07:00:00+00:00,133.41435194705562,NORMAL,136.0,137.0,138.0,25.14133,80.85446,YMNCKT_2026-02-26T07:00:00+0000_133.4144
YMNCKT,Yamuna at Chitrakoot,Yamuna Basin,2026-02-26 08:00:00+00:00,133.45540323693396,NORMAL,136.0,137.0,138.0,25.14133,80.85446,YMNCKT_2026-02-26T08:00:00+0000_133.4554
YMNCKT,Yamuna at Chitrakoot,Yamuna Basin,2026-02-26 09:00:00+00:00,133.41074357064937,NORMAL,136.0,137.0,138.0,25.14133,80.85446,YMNCKT_2026-02-26T09:00:00+0000_133.4107
YMNCKT,Yamuna at Chitrakoot,Yamuna Basin,2026-02-26 10:00:00+00:00,133.50369003066575,NORMAL,136.0,137.0,138.0,25.14133,80.85446,YMNCKT_2026-02-26T10:00:00+0000_133.5037
YMNCKT,Yamuna at Chitrakoot,Yamuna Basin,2026-02-26 11:00:00+00:00,133.4916549820465,NORMAL,136.0,137.0,138.0,25.14133,80.85446,YMNCKT_2026-02-26T11:00:00+0000_133.4917
YMNCKT,Yamuna at Chitrakoot,Yamuna Basin,2026-02-26 12:00:00+00:00,133.57990742098744,NORMAL,136.0,137.0,138.0,25.14133,80.85446,YMNCKT_2026-02-26T12:00:00+0000_133.5799
YMNCKT,Yamuna at Chitrakoot,Yamuna Basin,2026-02-26 13:00:00+00:00,133.60427805198754,NORMAL,136.0,137.0,138.0,25.14133,80.85446,YMNCKT_2026-02-26T13:00:00+0000_133.6043
YMNCKT,Yamuna at Chitrakoot,Yamuna Basin,2026-02-26 14:00:00+00:00,133.65194779355008,NORMAL,136.0,137.0,138.0,25.14133,80.85446,YMNCKT_2026-02-26T14:00:00+0000_133.6519
YMNCKT,Yamuna at Chitrakoot,Yamuna Basin,2026-02-26 15:00:00+00:00,133.7705031936878,NORMAL,136.0,137.0,138.0,25.14133,80.85446,YMNCKT_2026-02-26T15:00:00+0000_133.7705
YMNCKT,Yamuna at Chitrakoot,Yamuna Basin,2026-02-26 16:00:00+00:00,133.75391021022855,NORMAL,136.0,137.0,138.0,25.14133,80.85446,YMNCKT_2026-02-26T16:00:00+0000_133.7539
YMNCKT,Yamuna at Chitrakoot,Yamuna Basin,2026-02-26 17:00:00+00:00,133.8290074035548,NORMAL,136.0,137.0,138.0,25.14133,80.85446,YMNCKT_2026-02-26T17:00:00+0000_133.8290
YMNCKT,Yamuna at Chitrakoot,Yamuna Basin,2026-02-26 18:00:00+00:00,133.88333918161288,NORMAL,136.0,137.0,138.0,25.14133,80.85446,YMNCKT_2026-02-26T18:00:00+0000_133.8833
YMNCKT,Yamuna at Chitrakoot,Yamuna Basin,2026-02-26 19:00:00+00:00,133.87685394582357,NORMAL,136.0,137.0,138.0,25.14133,80.85446,YMNCKT_2026-02-26T19:00:00+0000_133.8769
YMNCKT,Yamuna at Chitrakoot,Yamuna Basin,2026-02-26 20:00:00+00:00,133.85551232732607,NORMAL,136.0,137.0,138.0,25.14133,80.85446,YMNCKT_2026-02-26T20:00:00+0000_133.8555
YMNCKT,Yamuna at Chitrakoot,Yamuna Basin,2026-02-26 21:00:00+00:00,133.79188720778413,NORMAL,136.0,137.0,138.0,25.14133,80.85446,YMNCKT_2026-02-26T21:00:00+0000_133.7919
YMNCKT,Yamuna at Chitrakoot,Yamuna Basin,2026-02-26 22:00:00+00:00,133.76378237235875,NORMAL,136.0,137.0,138.0,25.14133,80.85446,YMNCKT_2026-02-26T22:00:00+0000_133.7638
YMNCKT,Yamuna at Chitrakoot,Yamuna Basin,2026-02-26 23:00:00+00:00,133.70993881440373,NORMAL,136.0,137.0,138.0,25.14133,80.85446,YMNCKT_2026-02-26T23:00:00+0000_133.7099
YMNCKT,Yamuna at Chitrakoot,Yamuna Basin,2026-02-27 00:00:00+00:00,133.68072346373668,NORMAL,136.0,137.0,138.0,25.14133,80.85446,YMNCKT_2026-02-27T00:00:00+0000_133.6807
YMNCKT,Yamuna at Chitrakoot,Yamuna Basin,2026-02-27 01:00:00+00:00,,,136.0,137.0,138.0,25.14133,80.85446,YMNCKT_2026-02-27T01:00:00+0000_
YMNCKT,Yamuna at Chitrakoot,Yamuna Basin,2026-02-27 02:00:00+00:00,133.5407121407588,NORMAL,136.0,137.0,138.0,25.14133,80.85446,YMNCKT_2026-02-27T02:00:00+0000_133.5407
YMNCKT,Yamuna at Chitrakoot,Yamuna Basin,2026-02-27 03:00:00+00:00,133.5668549010567,NORMAL,136.0,137.0,138.0,25.14133,80.85446,YMNCKT_2026-02-27T03:00:00+0000_133.5669
YMNCKT,Yamuna at Chitrakoot,Yamuna Basin,2026-02-27 04:00:00+00:00,133.50346194376672,NORMAL,136.0,137.0,138.0,25.14133,80.85446,YMNCKT_2026-02-27T04:00:00+0000_133.5035
YMNCKT,Yamuna at Chitrakoot,Yamuna Basin,2026-02-27 05:00:00+00:00,133.4650301696866,NORMAL,136.0,137.0,138.0,25.14133,80.85446,YMNCKT_2026-02-27T05:00:00+0000_133.4650
YMNCKT,Yamuna at Chitrakoot,Yamuna Basin,2026-02-27 06:00:00+00:00,133.4637459551455,NORMAL,136.0,137.0,138.0,25.14133,80.85446,YMNCKT_2026-02-27T06:00:00+0000_133.4637
YMNCKT,Yamuna at Chitrakoot,Yamuna Basin,2026-02-27 07:00:00+00:00,133.4150499259474,NORMAL,136.0,137.0,138.0,25.14133,80.85446,YMNCKT_2026-02-27T07:00:00+0000_133.4150
YMNCKT,Yamuna at Chitrakoot,Yamuna Basin,2026-02-27 08:00:00+00:00,133.45635830836642,NORMAL,136.0,137.0,138.0,25.14133,80.85446,YMNCKT_2026-02-27T08:00:00+0000_133.4564
YMNCKT,Yamuna at Chitrakoot,Yamuna Basin,2026-02-27 09:00:00+00:00,133.49645034336788,NORMAL,136.0,137.0,138.0,25.14133,80.85446,YMNCKT_2026-02-27T09:00:00+0000_133.4965
YMNCKT,Yamuna at Chitrakoot,Yamuna Basin,2026-02-27 10:00:00+00:00,133.4527183708489,NORMAL,136.0,137.0,138.0,25.14133,80.85446,YMNCKT_2026-02-27T10:00:00+0000_133.4527
YMNCKT,Yamuna at Chitrakoot,Yamuna Basin,2026-02-27 11:00:00+00:00,133.48634775004157,NORMAL,136.0,137.0,138.0,25.14133,80.85446,YMNCKT_2026-02-27T11:00:00+0000_133.4863
YMNCKT,Yamuna at Chitrakoot,Yamuna Basin,2026-02-27 12:00:00+00:00,133.55390527989127,NORMAL,136.0,137.0,138.0,25.14133,80.85446,YMNCKT_2026-02-27T12:00:00+0000_133.5539
YMNCKT,Yamuna at Chitrakoot,Yamuna Basin,2026-02-27 13:00:00+00:00,133.68296681932125,NORMAL,136.0,137.0,138.0,25.14133,80.85446,YMNCKT_2026-02-27T13:00:00+0000_133.6830
YMNCKT,Yamuna at Chitrakoot,Yamuna Basin,2026-02-27 14:00:00+00:00,,,136.0,137.0,138.0,25.14133,80.85446,YMNCKT_2026-02-27T14:00:00+0000_
YMNCKT,Yamuna at Chitrakoot,Yamuna Basin,2026-02-27 15:00:00+00:00,133.75133008116103,NORMAL,136.0,137.0,138.0,25.14133,80.85446,YMNCKT_2026-02-27T15:00:00+0000_133.7513
YMNCKT,Yamuna at Chitrakoot,Yamuna Basin,2026-02-27 16:00:00+00:00,133.8419172717379,NORMAL,136.0,137.0,138.0,25.14133,80.85446,YMNCKT_2026-02-27T16:00:00+0000_133.8419
YMNCKT,Yamuna at Chitrakoot,Yamuna Basin,2026-02-27 17:00:00+00:00,133.86458607959423,NORMAL,136.0,137.0,138.0,25.14133,80.85446,YMNCKT_2026-02-27T17:00:00+0000_133.8646
YMNCKT,Yamuna at Chitrakoot,Yamuna Basin,2026-02-27 18:00:00+00:00,133.87789234921453,NORMAL,136.0,137.0,138.0,25.14133,80.85446,YMNCKT_2026-02-27T18:00:00+0000_133.8779
YMNCKT,Yamuna at Chitrakoot,Yamuna Basin,2026-02-27 19:00:00+00:00,133.82160322899185,NORMAL,136.0,137.0,138.0,25.14133,80.85446,YMNCKT_2026-02-27T19:00:00+0000_133.8216
YMNCKT,Yamuna at Chitrakoot,Yamuna Basin,2026-02-27 20:00:00+00:00,133.81632320802862,NORMAL,136.0,137.0,138.0,25.14133,80.85446,YMNCKT_2026-02-27T20:00:00+0000_133.8163
YMNCKT,Yamuna at Chitrakoot,Yamuna Basin,2026-02-27 21:00:00+00:00,133.8445480986371,NORMAL,136.0,137.0,138.0,25.14133,80.85446,YMNCKT_2026-02-27T21:00:00+0000_133.8445
YMNCKT,Yamuna at Chitrakoot,Yamuna Basin,2026-02-27 22:00:00+00:00,133.80863703797044,NORMAL,136.0,137.0,138.0,25.14133,80.85446,YMNCKT_2026-02-27T22:00:00+0000_133.8086
YMNCKT,Yamuna at Chitrakoot,Yamuna Basin,2026-02-27 23:00:00+00:00,133.7383586768307,NORMAL,136.0,137.0,138.0,25.14133,80.85446,YMNCKT_2026-02-27T23:00:00+0000_133.7384
YMNCKT,Yamuna at Chitrakoot,Yamuna Basin,2026-02-28 00:00:00+00:00,133.66703988531225,NORMAL,136.0,137.0,138.0,25.14133,80.85446,YMNCKT_2026-02-28T00:00:00+0000_133.6670
YMNCKT,Yamuna at Chitrakoot,Yamuna Basin,2026-02-28 01:00:00+00:00,133.6518871763537,NORMAL,136.0,137.0,138.0,25.14133,80.85446,YMNCKT_2026-02-28T01:00:00+0000_133.6519
YMNCKT,Yamuna at Chitrakoot,Yamuna Basin,2026-02-28 02:00:00+00:00,133.59458092928764,NORMAL,136.0,137.0,138.0,25.14133,80.85446,YMNCKT_2026-02-28T02:00:00+0000_133.5946
YMNCKT,Yamuna at Chitrakoot,Yamuna Basin,2026-02-28 03:00:00+00:00,133.5379820841758,NORMAL,136.0,137.0,138.0,25.14133,80.85446,YMNCKT_2026-02-28T03:00:00+0000_133.5380
YMNCKT,Yamuna at Chitrakoot,Yamuna Basin,2026-02-28 04:00:00+00:00,133.53016762136832,NORMAL,136.0,137.0,138.0,25.14133,80.85446,YMNCKT_2026-02-28T04:00:00+0000_133.5302
YMNCKT,Yamuna at Chitrakoot,Yamuna Basin,2026-02-28 05:00:00+00:00,133.4290665757155,NORMAL,136.0,137.0,138.0,25.14133,80.85446,YMNCKT_2026-02-28T05:00:00+0000_133.4291
YMNCKT,Yamuna at Chitrakoot,Yamuna Basin,2026-02-28 06:00:00+00:00,133.4749060211021,NORMAL,136.0,137.0,138.0,25.14133,80.85446,YMNCKT_2026-02-28T06:00:00+0000_133.4749
YMNCKT,Yamuna at Chitrakoot,Yamuna Basin,2026-02-28 07:00:00+00:00,133.38338329564303,NORMAL,136.0,137.0,138.0,25.14133,80.85446,YMNCKT_2026-02-28T07:00:00+0000_133.3834
YMNCKT,Yamuna at Chitrakoot,Yamuna Basin,2026-02-28 08:00:00+00:00,133.4801426219879,NORMAL,136.0,137.0,138.0,25.14133,80.85446,YMNCKT_2026-02-28T08:00:00+0000_133.4801
YMNCKT,Yamuna at Chitrakoot,Yamuna Basin,2026-02-28 09:00:00+00:00,133.4749272444477,NORMAL,136.0,137.0,138.0,25.14133,80.85446,YMNCKT_2026-02-28T09:00:00+0000_133.4749
YMNCKT,Yamuna at Chitrakoot,Yamuna Basin,2026-02-28 10:00:00+00:00,133.4714258674537,NORMAL,136.0,137.0,138.0,25.14133,80.85446,YMNCKT_2026-02-28T10:00:00+0000_133.4714
YMNCKT,Yamuna at Chitrakoot,Yamuna Basin,2026-02-28 11:00:00+00:00,133.52302486594604,NORMAL,136.0,137.0,138.0,25.14133,80.85446,YMNCKT_2026-02-28T11:00:00+0000_133.5230
YMNCKT,Yamuna at Chitrakoot,Yamuna Basin,2026-02-28 12:00:00+00:00,133.58274277592,NORMAL,136.0,137.0,138.0,25.14133,80.85446,YMNCKT_2026-02-28T12:00:00+0000_133.5827
YMNCKT,Yamuna at Chitrakoot,Yamuna Basin,2026-02-28 13:00:00+00:00,133.61254776488332,NORMAL,136.0,137.0,138.0,25.14133,80.85446,YMNCKT_2026-02-28T13:00:00+0000_133.6125
YMNCKT,Yamuna at Chitrakoot,Yamuna Basin,2026-02-28 14:00:00+00:00,133.749907951549,NORMAL,136.0,137.0,138.0,25.14133,80.85446,YMNCKT_2026-02-28T14:00:00+0000_133.7499
YMNCKT,Yamuna at Chitrakoot,Yamuna Basin,2026-02-28 15:00:00+00:00,133.77047388487765,NORMAL,136.0,137.0,138.0,25.14133,80.85446,YMNCKT_2026-02-28T15:00:00+0000_133.7705
YMNCKT,Yamuna at Chitrakoot,Yamuna Basin,2026-02-28 16:00:00+00:00,133.7601498337558,NORMAL,136.0,137.0,138.0,25.14133,80.85446,YMNCKT_2026-02-28T16:00:00+0000_133.7601
YMNCKT,Yamuna at Chitrakoot,Yamuna Basin,2026-02-28 17:00:00+00:00,133.815739309846,NORMAL,136.0,137.0,138.0,25.14133,80.85446,YMNCKT_2026-02-28T17:00:00+0000_133.8157
YMNCKT,Yamuna at Chitrakoot,Yamuna Basin,2026-02-28 18:00:00+00:00,133.8924010693059,NORMAL,136.0,137.0,138.0,25.14133,80.85446,YMNCKT_2026-02-28T18:00:00+0000_133.8924
YMNCKT,Yamuna at Chitrakoot,Yamuna Basin,2026-02-28 19:00:00+00:00,133.88535717788977,NORMAL,136.0,137.0,138.0,25.14133,80.85446,YMNCKT_2026-02-28T19:00:00+0000_133.8854
YMNCKT,Yamuna at Chitrakoot,Yamuna Basin,2026-02-28 20:00:00+00:00,133.82721100757828,NORMAL,136.0,137.0,138.0,25.14133,80.85446,YMNCKT_2026-02-28T20:00:00+0000_133.8272
YMNCKT,Yamuna at Chitrakoot,Yamuna Basin,2026-02-28 21:00:00+00:00,133.87000808788105,NORMAL,136.0,137.0,138.0,25.14133,80.85446,YMNCKT_2026-02-28T21:00:00+0000_133.8700
YMNCKT,Yamuna at Chitrakoot,Yamuna Basin,2026-02-28 22:00:00+00:00,133.84142895123827,NORMAL,136.0,137.0,138.0,25.14133,80.85446,YMNCKT_2026-02-28T22:00:00+0000_133.8414
YMNCKT,Yamuna at Chitrakoot,Yamuna Basin,2026-02-28 23:00:00+00:00,133.7437007402504,NORMAL,136.0,137.0,138.0,25.14133,80.85446,YMNCKT_2026-02-28T23:00:00+0000_133.7437
YMNCKT,Yamuna at Chitrakoot,Yamuna Basin,2026-03-01 00:00:00+00:00,133.73238388149886,NORMAL,136.0,137.0,138.0,25.14133,80.85446,YMNCKT_2026-03-01T00:00:00+0000_133.7324
YMNCKT,Yamuna at Chitrakoot,Yamuna Basin,2026-03-01 01:00:00+00:00,133.67425408961876,NORMAL,136.0,137.0,138.0,25.14133,80.85446,YMNCKT_2026-03-01T01:00:00+0000_133.6743
YMNCKT,Yamuna at Chitrakoot,Yamuna Basin,2026-03-01 02:00:00+00:00,133.6019990638051,NORMAL,136.0,137.0,138.0,25.14133,80.85446,YMNCKT_2026-03-01T02:00:00+0000_133.6020
YMNCKT,Yamuna at Chitrakoot,Yamuna Basin,2026-03-01 03:00:00+00:00,133.57374261889333,NORMAL,136.0,137.0,138.0,25.14133,80.85446,YMNCKT_2026-03-01T03:00:00+0000_133.5737
YMNCKT,Yamuna at Chitrakoot,Yamuna Basin,2026-03-01 04:00:00+00:00,,,136.0,137.0,138.0,25.14133,80.85446,YMNCKT_2026-03-01T04:00:00+0000_
YMNCKT,Yamuna at Chitrakoot,Yamuna Basin,2026-03-01 05:00:00+00:00,133.45395810393512,NORMAL,136.0,137.0,138.0,25.14133,80.85446,YMNCKT_2026-03-01T05:00:00+0000_133.4540
YMNCKT,Yamuna at Chitrakoot,Yamuna Basin,2026-03-01 06:00:00+00:00,133.41741224845202,NORMAL,136.0,137.0,138.0,25.14133,80.85446,YMNCKT_2026-03-01T06:00:00+0000_133.4174
YMNCKT,Yamuna at Chitrakoot,Yamuna Basin,2026-03-01 07:00:00+00:00,133.42729827760692,NORMAL,136.0,137.0,138.0,25.14133,80.85446,YMNCKT_2026-03-01T07:00:00+0000_133.4273
YMNCKT,Yamuna at Chitrakoot,Yamuna Basin,2026-03-01 08:00:00+00:00,133.45070184642975,NORMAL,136.0,137.0,138.0,25.14133,80.85446,YMNCKT_2026-03-01T08:00:00+0000_133.4507
YMNCKT,Yamuna at Chitrakoot,Yamuna Basin,2026-03-01 09:00:00+00:00,133.46085473453178,NORMAL,136.0,137.0,138.0,25.14133,80.85446,YMNCKT_2026-03-01T09:00:00+0000_133.4609
YMNCKT,Yamuna at Chitrakoot,Yamuna Basin,2026-03-01 10:00:00+00:00,133.44964945882575,NORMAL,136.0,137.0,138.0,25.14133,80.85446,YMNCKT_2026-03-01T10:00:00+0000_133.4496
YMNCKT,Yamuna at Chitrakoot,Yamuna Basin,2026-03-01 11:00:00+00:00,133.54052837370486,NORMAL,136.0,137.0,138.0,25.14133,80.85446,YMNCKT_2026-03-01T11:00:00+0000_133.5405
YMNCKT,Yamuna at Chitrakoot,Yamuna Basin,2026-03-01 12:00:00+00:00,133.62759814639142,NORMAL,136.0,137.0,138.0,25.14133,80.85446,YMNCKT_2026-03-01T12:00:00+0000_133.6276
YMNCKT,Yamuna at Chitrakoot,Yamuna Basin,2026-03-01 13:00:00+00:00,133.64715647368004,NORMAL,136.0,137.0,138.0,25.14133,80.85446,YMNCKT_2026-03-01T13:00:00+0000_133.6472
YMNCKT,Yamuna at Chitrakoot,Yamuna Basin,2026-03-01 14:00:00+00:00,133.74499810039677,NORMAL,136.0,137.0,138.0,25.14133,80.85446,YMNCKT_2026-03-01T14:00:00+0000_133.7450
YMNCKT,Yamuna at Chitrakoot,Yamuna Basin,2026-03-01 15:00:00+00:00,133.79229827369048,NORMAL,136.0,137.0,138.0,25.14133,80.85446,YMNCKT_2026-03-01T15:00:00+0000_133.7923
YMNCKT,Yamuna at Chitrakoot,Yamuna Basin,2026-03-01 16:00:00+00:00,133.76230539730813,NORMAL,136.0,137.0,138.0,25.14133,80.85446,YMNCKT_2026-03-01T16:00:00+0000_133.7623
YMNCKT,Yamuna at Chitrakoot,Yamuna Basin,2026-03-01 17:00:00+00:00,133.8106673499594,NORMAL,136.0,137.0,138.0,25.14133,80.85446,YMNCKT_2026-03-01T17:00:00+0000_133.8107
YMNCKT,Yamuna at Chitrakoot,Yamuna Basin,2026-03-01 18:00:00+00:00,133.8616561329185,NORMAL,136.0,137.0,138.0,25.14133,80.85446,YMNCKT_2026-03-01T18:00:00+0000_133.8617
YMNCKT,Yamuna at Chitrakoot,Yamuna Basin,2026-03-01 19:00:00+00:00,133.824577758014,NORMAL,136.0,137.0,138.0,25.14133,80.85446,YMNCKT_2026-03-01T19:00:00+0000_133.8246
YMNCKT,Yamuna at Chitrakoot,Yamuna Basin,2026-03-01 20:00:00+00:00,133.8392977005325,NORMAL,136.0,137.0,138.0,25.14133,80.85446,YMNCKT_2026-03-01T20:00:00+0000_133.8393
YMNCKT,Yamuna at Chitrakoot,Yamuna Basin,2026-03-01 21:00:00+00:00,133.8682944241356,NORMAL,136.0,137.0,138.0,25.14133,80.85446,YMNCKT_2026-03-01T21:00:00+0000_133.8683
YMNCKT,Yamuna at Chitrakoot,Yamuna Basin,2026-03-01 22:00:00+00:00,133.78221074477185,NORMAL,136.0,137.0,138.0,25.14133,80.85446,YMNCKT_2026-03-01T22:00:00+0000_133.7822
YMNCKT,Yamuna at Chitrakoot,Yamuna Basin,2026-03-01 23:00:00+00:00,133.73305568303928,NORMAL,136.0,137.0,138.0,25.14133,80.85446,YMNCKT_2026-03-01T23:00:00+0000_133.7331
YMNCKT,Yamuna at Chitrakoot,Yamuna Basin,2026-03-02 00:00:00+00:00,133.71282290340952,NORMAL,136.0,137.0,138.0,25.14133,80.85446,YMNCKT_2026-03-02T00:00:00+0000_133.7128
YMNCKT,Yamuna at Chitrakoot,Yamuna Basin,2026-03-02 01:00:00+00:00,133.6405419962625,NORMAL,136.0,137.0,138.0,25.14133,80.85446,YMNCKT_2026-03-02T01:00:00+0000_133.6405
YMNCKT,Yamuna at Chitrakoot,Yamuna Basin,2026-03-02 02:00:00+00:00,133.6050580747319,NORMAL,136.0,137.0,138.0,25.14133,80.85446,YMNCKT_2026-03-02T02:00:00+0000_133.6051
YMNCKT,Yamuna at Chitrakoot,Yamuna Basin,2026-03-02 03:00:00+00:00,133.54157054182917,NORMAL,136.0,137.0,138.0,25.14133,80.85446,YMNCKT_2026-03-02T03:00:00+0000_133.5416
YMNCKT,Yamuna at Chitrakoot,Yamuna Basin,2026-03-02 04:00:00+00:00,133.51223813741314,NORMAL,136.0,137.0,138.0,25.14133,80.85446,YMNCKT_2026-03-02T04:00:00+0000_133.5122
YMNCKT,Yamuna at Chitrakoot,Yamuna Basin,2026-03-02 05:00:00+00:00,133.4999883240678,NORMAL,136.0,137.0,138.0,25.14133,80.85446,YMNCKT_2026-03-02T05:00:00+0000_133.5000
YMNCKT,Yamuna at Chitrakoot,Yamuna Basin,2026-03-02 06:00:00+00:00,133.47477571546855,NORMAL,136.0,137.0,138.0,25.14133,80.85446,YMNCKT_2026-03-02T06:00:00+0000_133.4748
YMNCKT,Yamuna at Chitrakoot,Yamuna Basin,2026-03-02 07:00:00+00:00,133.44253207166918,NORMAL,136.0,137.0,138.0,25.14133,80.85446,YMNCKT_2026-03-02T07:00:00+0000_133.4425
YMNCKT,Yamuna at Chitrakoot,Yamuna Basin,2026-03-02 08:00:00+00:00,133.44005738792328,NORMAL,136.0,137.0,138.0,25.14133,80.85446,YMNCKT_2026-03-02T08:00:00+0000_133.4401
YMNCKT,Yamuna at Chitrakoot,Yamuna Basin,2026-03-02 09:00:00+00:00,133.49748541460045,NORMAL,136.0,137.0,138.0,25.14133,80.85446,YMNCKT_2026-03-02T09:00:00+0000_133.4975
YMNCKT,Yamuna at Chitrakoot,Yamuna Basin,2026-03-02 10:00:00+00:00,133.53069360079394,NORMAL,136.0,137.0,138.0,25.14133,80.85446,YMNCKT_2026-03-02T10:00:00+0000_133.5307
YMNCKT,Yamuna at Chitrakoot,Yamuna Basin,2026-03-02 11:00:00+00:00,133.53202005316157,NORMAL,136.0,137.0,138.0,25.14133,80.85446,YMNCKT_2026-03-02T11:00:00+0000_133.5320
YMNCKT,Yamuna at Chitrakoot,Yamuna Basin,2026-03-02 12:00:00+00:00,133.61293596770923,NORMAL,136.0,137.0,138.0,25.14133,80.85446,YMNCKT_2026-03-02T12:00:00+0000_133.6129
YMNCKT,Yamuna at Chitrakoot,Yamuna Basin,2026-03-02 13:00:00+00:00,133.62029423554492,NORMAL,136.0,137.0,138.0,25.14133,80.85446,YMNCKT_2026-03-02T13:00:00+0000_133.6203
YMNCKT,Yamuna at Chitrakoot,Yamuna Basin,2026-03-02 14:00:00+00:00,133.69665334079164,NORMAL,136.0,137.0,138.0,25.14133,80.85446,YMNCKT_2026-03-02T14:00:00+0000_133.6967
YMNCKT,Yamuna at Chitrakoot,Yamuna Basin,2026-03-02 15:00:00+00:00,133.78734208945025,NORMAL,136.0,137.0,138.0,25.14133,80.85446,YMNCKT_2026-03-02T15:00:00+0000_133.7873
YMNCKT,Yamuna at Chitrakoot,Yamuna Basin,2026-03-02 16:00:00+00:00,133.80221472193728,NORMAL,136.0,137.0,138.0,25.14133,80.85446,YMNCKT_2026-03-02T16:00:00+0000_133.8022
YMNCKT,Yamuna at Chitrakoot,Yamuna Basin,2026-03-02 17:00:00+00:00,133.83710343429752,NORMAL,136.0,137.0,138.0,25.14133,80.85446,YMNCKT_2026-03-02T17:00:00+0000_133.8371
YMNCKT,Yamuna at Chitrakoot,Yamuna Basin,2026-03-02 18:00:00+00:00,133.83385615112016,NORMAL,136.0,137.0,138.0,25.14133,80.85446,YMNCKT_2026-03-02T18:00:00+0000_133.8339
YMNCKT,Yamuna at Chitrakoot,Yamuna Basin,2026-03-02 19:00:00+00:00,133.88752563239845,NORMAL,136.0,137.0,138.0,25.14133,80.85446,YMNCKT_2026-03-02T19:00:00+0000_133.8875
YMNCKT,Yamuna at Chitrakoot,Yamuna Basin,2026-03-02 20:00:00+00:00,,,136.0,137.0,138.0,25.14133,80.85446,YMNCKT_2026-03-02T20:00:00+0000_
YMNCKT,Yamuna at Chitrakoot,Yamuna Basin,2026-03-02 21:00:00+00:00,133.8014699482792,NORMAL,136.0,137.0,138.0,25.14133,80.85446,YMNCKT_2026-03-02T21:00:00+0000_133.8015
YMNCKT,Yamuna at Chitrakoot,Yamuna Basin,2026-03-02 22:00:00+00:00,133.85593431317383,NORMAL,136.0,137.0,138.0,25.14133,80.85446,YMNCKT_2026-03-02T22:00:00+0000_133.8559
YMNCKT,Yamuna at Chitrakoot,Yamuna Basin,2026-03-02 23:00:00+00:00,133.76257482225515,NORMAL,136.0,137.0,138.0,25.14133,80.85446,YMNCKT_2026-03-02T23:00:00+0000_133.7626
YMNCKT,Yamuna at Chitrakoot,Yamuna Basin,2026-03-03 00:00:00+00:00,133.74514501844192,NORMAL,136.0,137.0,138.0,25.14133,80.85446,YMNCKT_2026-03-03T00:00:00+0000_133.7451
YMNCKT,Yamuna at Chitrakoot,Yamuna Basin,2026-03-03 01:00:00+00:00,133.61545116425182,NORMAL,136.0,137.0,138.0,25.14133,80.85446,YMNCKT_2026-03-03T01:00:00+0000_133.6155
YMNCKT,Yamuna at Chitrakoot,Yamuna Basin,2026-03-03 02:00:00+00:00,133.6211972033638,NORMAL,136.0,137.0,138.0,25.14133,80.85446,YMNCKT_2026-03-03T02:00:00+0000_133.6212
YMNCKT,Yamuna at Chitrakoot,Yamuna Basin,2026-03-03 03:00:00+00:00,133.54421518987112,NORMAL,136.0,137.0,138.0,25.14133,80.85446,YMNCKT_2026-03-03T03:00:00+0000_133.5442
YMNCKT,Yamuna at Chitrakoot,Yamuna Basin,2026-03-03 04:00:00+00:00,133.5146392662363,NORMAL,136.0,137.0,138.0,25.14133,80.85446,YMNCKT_2026-03-03T04:00:00+0000_133.5146
YMNCKT,Yamuna at Chitrakoot,Yamuna Basin,2026-03-03 05:00:00+00:00,133.5139506127381,NORMAL,136.0,137.0,138.0,25.14133,80.85446,YMNCKT_2026-03-03T05:00:00+0000_133.5140
YMNCKT,Yamuna at Chitrakoot,Yamuna Basin,2026-03-03 06:00:00+00:00,133.4295760567502,NORMAL,136.0,137.0,138.0,25.14133,80.85446,YMNCKT_2026-03-03T06:00:00+0000_133.4296
YMNCKT,Yamuna at Chitrakoot,Yamuna Basin,2026-03-03 07:00:00+00:00,133.42099883926662,NORMAL,136.0,137.0,138.0,25.14133,80.85446,YMNCKT_2026-03-03T07:00:00+0000_133.4210
YMNCKT,Yamuna at Chitrakoot,Yamuna Basin,2026-03-03 08:00:00+00:00,133.4974636393362,NORMAL,136.0,137.0,138.0,25.14133,80.85446,YMNCKT_2026-03-03T08:00:00+0000_133.4975
YMNCKT,Yamuna at Chitrakoot,Yamuna Basin,2026-03-03 09:00:00+00:00,133.50383097951297,NORMAL,136.0,137.0,138.0,25.14133,80.85446,YMNCKT_2026-03-03T09:00:00+0000_133.5038
YMNCKT,Yamuna at Chitrakoot,Yamuna Basin,2026-03-03 10:00:00+00:00,133.50897142439015,NORMAL,136.0,137.0,138.0,25.14133,80.85446,YMNCKT_2026-03-03T10:00:00+0000_133.5090
YMNCKT,Yamuna at Chitrakoot,Yamuna Basin,2026-03-03 11:00:00+00:00,133.5098262094564,NORMAL,136.0,137.0,138.0,25.14133,80.85446,YMNCKT_2026-03-03T11:00:00+0000_133.5098
YMNCKT,Yamuna at Chitrakoot,Yamuna Basin,2026-03-03 12:00:00+00:00,133.5956353681211,NORMAL,136.0,137.0,138.0,25.14133,80.85446,YMNCKT_2026-03-03T12:00:00+0000_133.5956
YMNCKT,Yamuna at Chitrakoot,Yamuna Basin,2026-03-03 13:00:00+00:00,133.6886217709053,NORMAL,136.0,137.0,138.0,25.14133,80.85446,YMNCKT_2026-03-03T13:00:00+0000_133.6886
YMNCKT,Yamuna at Chitrakoot,Yamuna Basin,2026-03-03 14:00:00+00:00,133.72306018592988,NORMAL,136.0,137.0,138.0,25.14133,80.85446,YMNCKT_2026-03-03T14:00:00+0000_133.7231
YMNCKT,Yamuna at Chitrakoot,Yamuna Basin,2026-03-03 15:00:00+00:00,133.77049138039374,NORMAL,136.0,137.0,138.0,25.14133,80.85446,YMNCKT_2026-03-03T15:00:00+0000_133.7705
YMNCKT,Yamuna at Chitrakoot,Yamuna Basin,2026-03-03 16:00:00+00:00,133.77090991019233,NORMAL,136.0,137.0,138.0,25.14133,80.85446,YMNCKT_2026-03-03T16:00:00+0000_133.7709
YMNCKT,Yamuna at Chitrakoot,Yamuna Basin,2026-03-03 17:00:00+00:00,133.89968286716032,NORMAL,136.0,137.0,138.0,25.14133,80.85446,YMNCKT_2026-03-03T17:00:00+0000_133.8997
YMNCKT,Yamuna at Chitrakoot,Yamuna Basin,2026-03-03 18:00:00+00:00,133.85693366846314,NORMAL,136.0,137.0,138.0,25.14133,80.85446,YMNCKT_2026-03-03T18:00:00+0000_133.8569
YMNCKT,Yamuna at Chitrakoot,Yamuna Basin,2026-03-03 19:00:00+00:00,133.89144132990495,NORMAL,136.0,137.0,138.0,25.14133,80.85446,YMNCKT_2026-03-03T19:00:00+0000_133.8914
YMNCKT,Yamuna at Chitrakoot,Yamuna Basin,2026-03-03 20:00:00+00:00,133.89779971935232,NORMAL,136.0,137.0,138.0,25.14133,80.85446,YMNCKT_2026-03-03T20:00:00+0000_133.8978
YMNCKT,Yamuna at Chitrakoot,Yamuna Basin,2026-03-03 21:00:00+00:00,133.89945162413065,NORMAL,136.0,137.0,138.0,25.14133,80.85446,YMNCKT_2026-03-03T21:00:00+0000_133.8995
YMNCKT,Yamuna at Chitrakoot,Yamuna Basin,2026-03-03 22:00:00+00:00,133.8124545815438,NORMAL,136.0,137.0,138.0,25.14133,80.85446,YMNCKT_2026-03-03T22:00:00+0000_133.8125
YMNCKT,Yamuna at Chitrakoot,Yamuna Basin,2026-03-03 23:00:00+00:00,133.76209830209223,NORMAL,136.0,137.0,138.0,25.14133,80.85446,YMNCKT_2026-03-03T23:00:00+0000_133.7621
YMNCKT,Yamuna at Chitrakoot,Yamuna Basin,2026-03-04 00:00:00+00:00,,,136.0,137.0,138.0,25.14133,80.85446,YMNCKT_2026-03-04T00:00:00+0000_
YMNCKT,Yamuna at Chitrakoot,Yamuna Basin,2026-03-04 01:00:00+00:00,133.68358605733042,NORMAL,136.0,137.0,138.0,25.14133,80.85446,YMNCKT_2026-03-04T01:00:00+0000_133.6836
YMNCKT,Yamuna at Chitrakoot,Yamuna Basin,2026-03-04 02:00:00+00:00,133.5910614395013,NORMAL,136.0,137.0,138.0,25.14133,80.85446,YMNCKT_2026-03-04T02:00:00+0000_133.5911
YMNCKT,Yamuna at Chitrakoot,Yamuna Basin,2026-03-04 03:00:00+00:00,133.52473487626784,NORMAL,136.0,137.0,138.0,25.14133,80.85446,YMNCKT_2026-03-04T03:00:00+0000_133.5247
YMNCKT,Yamuna at Chitrakoot,Yamuna Basin,2026-03-04 04:00:00+00:00,133.5499150530953,NORMAL,136.0,137.0,138.0,25.14133,80.85446,YMNCKT_2026-03-04T04:00:00+0000_133.5499
YMNCKT,Yamuna at Chitrakoot,Yamuna Basin,2026-03-04 05:00:00+00:00,133.4428755307374,NORMAL,136.0,137.0,138.0,25.14133,80.85446,YMNCKT_2026-03-04T05:00:00+0000_133.4429
YMNCKT,Yamuna at Chitrakoot,Yamuna Basin,2026-03-04 06:00:00+00:00,133.46278698360814,NORMAL,136.0,137.0,138.0,25.14133,80.85446,YMNCKT_2026-03-04T06:00:00+0000_133.4628
YMNCKT,Yamuna at Chitrakoot,Yamuna Basin,2026-03-04 07:00:00+00:00,133.44094486941506,NORMAL,136.0,137.0,138.0,25.14133,80.85446,YMNCKT_2026-03-04T07:00:00+0000_133.4409
YMNCKT,Yamuna at Chitrakoot,Yamuna Basin,2026-03-04 08:00:00+00:00,133.47030132900576,NORMAL,136.0,137.0,138.0,25.14133,80.85446,YMNCKT_2026-03-04T08:00:00+0000_133.4703
YMNCKT,Yamuna at Chitrakoot,Yamuna Basin,2026-03-04 09:00:00+00:00,133.51486104657118,NORMAL,136.0,137.0,138.0,25.14133,80.85446,YMNCKT_2026-03-04T09:00:00+0000_133.5149
YMNCKT,Yamuna at Chitrakoot,Yamuna Basin,2026-03-04 10:00:00+00:00,133.51896383971518,NORMAL,136.0,137.0,138.0,25.14133,80.85446,YMNCKT_2026-03-04T10:00:00+0000_133.5190
YMNCKT,Yamuna at Chitrakoot,Yamuna Basin,2026-03-04 11:00:00+00:00,133.53184601264374,NORMAL,136.0,137.0,138.0,25.14133,80.85446,YMNCKT_2026-03-04T11:00:00+0000_133.5318
YMNCKT,Yamuna at Chitrakoot,Yamuna Basin,2026-03-04 12:00:00+00:00,133.59307032597854,NORMAL,136.0,137.0,138.0,25.14133,80.85446,YMNCKT_2026-03-04T12:00:00+0000_133.5931
YMNCKT,Yamuna at Chitrakoot,Yamuna Basin,2026-03-04 13:00:00+00:00,133.69581534523095,NORMAL,136.0,137.0,138.0,25.14133,80.85446,YMNCKT_2026-03-04T13:00:00+0000_133.6958
YMNCKT,Yamuna at Chitrakoot,Yamuna Basin,2026-03-04 14:00:00+00:00,133.68325785690848,NORMAL,136.0,137.0,138.0,25.14133,80.85446,YMNCKT_2026-03-04T14:00:00+0000_133.6833
YMNCKT,Yamuna at Chitrakoot,Yamuna Basin,2026-03-04 15:00:00+00:00,133.8046638256498,NORMAL,136.0,137.0,138.0,25.14133,80.85446,YMNCKT_2026-03-04T15:00:00+0000_133.8047
YMNCKT,Yamuna at Chitrakoot,Yamuna Basin,2026-03-04 16:00:00+00:00,,,136.0,137.0,138.0,25.14133,80.85446,YMNCKT_2026-03-04T16:00:00+0000_
YMNCKT,Yamuna at Chitrakoot,Yamuna Basin,2026-03-04 17:00:00+00:00,133.80700772687507,NORMAL,136.0,137.0,138.0,25.14133,80.85446,YMNCKT_2026-03-04T17:00:00+0000_133.8070
YMNCKT,Yamuna at Chitrakoot,Yamuna Basin,2026-03-04 18:00:00+00:00,133.85535914738415,NORMAL,136.0,137.0,138.0,25.14133,80.85446,YMNCKT_2026-03-04T18:00:00+0000_133.8554
YMNCKT,Yamuna at Chitrakoot,Yamuna Basin,2026-03-04 19:00:00+00:00,135.7265438441029,NORMAL,136.0,137.0,138.0,25.14133,80.85446,YMNCKT_2026-03-04T19:00:00+0000_135.7265
YMNCKT,Yamuna at Chitrakoot,Yamuna Basin,2026-03-04 20:00:00+00:00,135.53402643876376,NORMAL,136.0,137.0,138.0,25.14133,80.85446,YMNCKT_2026-03-04T20:00:00+0000_135.5340
YMNCKT,Yamuna at Chitrakoot,Yamuna Basin,2026-03-04 21:00:00+00:00,135.3400090327638,NORMAL,136.0,137.0,138.0,25.14133,80.85446,YMNCKT_2026-03-04T21:00:00+0000_135.3400
YMNCKT,Yamuna at Chitrakoot,Yamuna Basin,2026-03-04 22:00:00+00:00,135.10866290973166,NORMAL,136.0,137.0,138.0,25.14133,80.85446,YMNCKT_2026-03-04T22:00:00+0000_135.1087
YMNCKT,Yamuna at Chitrakoot,Yamuna Basin,2026-03-04 23:00:00+00:00,134.95284906935456,NORMAL,136.0,137.0,138.0,25.14133,80.85446,YMNCKT_2026-03-04T23:00:00+0000_134.9528
YMNCKT,Yamuna at Chitrakoot,Yamuna Basin,2026-03-05 00:00:00+00:00,133.69121424072398,NORMAL,136.0,137.0,138.0,25.14133,80.85446,YMNCKT_2026-03-05T00:00:00+0000_133.6912
YMNCKT,Yamuna at Chitrakoot,Yamuna Basin,2026-03-05 01:00:00+00:00,133.70116028219343,NORMAL,136.0,137.0,138.0,25.14133,80.85446,YMNCKT_2026-03-05T01:00:00+0000_133.7012
YMNCKT,Yamuna at Chitrakoot,Yamuna Basin,2026-03-05 02:00:00+00:00,133.5993995613778,NORMAL,136.0,137.0,138.0,25.14133,80.85446,YMNCKT_2026-03-05T02:00:00+0000_133.5994
YMNCKT,Yamuna at Chitrakoot,Yamuna Basin,2026-03-05 03:00:00+00:00,133.59373909382097,NORMAL,136.0,137.0,138.0,25.14133,80.85446,YMNCKT_2026-03-05T03:00:00+0000_133.5937
YMNCKT,Yamuna at Chitrakoot,Yamuna Basin,2026-03-05 04:00:00+00:00,133.51003607439142,NORMAL,136.0,137.0,138.0,25.14133,80.85446,YMNCKT_2026-03-05T04:00:00+0000_133.5100
YMNCKT,Yamuna at Chitrakoot,Yamuna Basin,2026-03-05 05:00:00+00:00,,,136.0,137.0,138.0,25.14133,80.85446,YMNCKT_2026-03-05T05:00:00+0000_
YMNCKT,Yamuna at Chitrakoot,Yamuna Basin,2026-03-05 06:00:00+00:00,133.44574533002506,NORMAL,136.0,137.0,138.0,25.14133,80.85446,YMNCKT_2026-03-05T06:00:00+0000_133.4457
YMNCKT,Yamuna at Chitrakoot,Yamuna Basin,2026-03-05 07:00:00+00:00,133.43597254963848,NORMAL,136.0,137.0,138.0,25.14133,80.85446,YMNCKT_2026-03-05T07:00:00+0000_133.4360
YMNCKT,Yamuna at Chitrakoot,Yamuna Basin,2026-03-05 08:00:00+00:00,133.4239775905513,NORMAL,136.0,137.0,138.0,25.14133,80.85446,YMNCKT_2026-03-05T08:00:00+0000_133.4240
YMNCKT,Yamuna at Chitrakoot,Yamuna Basin,2026-03-05 09:00:00+00:00,133.45423265041327,NORMAL,136.0,137.0,138.0,25.14133,80.85446,YMNCKT_2026-03-05T09:00:00+0000_133.4542
YMNCKT,Yamuna at Chitrakoot,Yamuna Basin,2026-03-05 10:00:00+00:00,133.55137560851992,NORMAL,136.0,137.0,138.0,25.14133,80.85446,YMNCKT_2026-03-05T10:00:00+0000_133.5514
YMNCKT,Yamuna at Chitrakoot,Yamuna Basin,2026-03-05 11:00:00+00:00,133.58321060467793,NORMAL,136.0,137.0,138.0,25.14133,80.85446,YMNCKT_2026-03-05T11:00:00+0000_133.5832
YMNCKT,Yamuna at Chitrakoot,Yamuna Basin,2026-03-05 12:00:00+00:00,133.61109310355462,NORMAL,136.0,137.0,138.0,25.14133,80.85446,YMNCKT_2026-03-05T12:00:00+0000_133.6111
YMNCKT,Yamuna at Chitrakoot,Yamuna Basin,2026-03-05 13:00:00+00:00,133.635616758103,NORMAL,136.0,137.0,138.0,25.14133,80.85446,YMNCKT_2026-03-05T13:00:00+0000_133.6356
YMNCKT,Yamuna at Chitrakoot,Yamuna Basin,2026-03-05 14:00:00+00:00,133.6855102771371,NORMAL,136.0,137.0,138.0,25.14133,80.85446,YMNCKT_2026-03-05T14:00:00+0000_133.6855
YMNCKT,Yamuna at Chitrakoot,Yamuna Basin,2026-03-05 15:00:00+00:00,133.73732448794138,NORMAL,136.0,137.0,138.0,25.14133,80.85446,YMNCKT_2026-03-05T15:00:00+0000_133.7373
YMNCKT,Yamuna at Chitrakoot,Yamuna Basin,2026-03-05 16:00:00+00:00,133.87496977712834,NORMAL,136.0,137.0,138.0,25.14133,80.85446,YMNCKT_2026-03-05T16:00:00+0000_133.8750
YMNCKT,Yamuna at Chitrakoot,Yamuna Basin,2026-03-05 17:00:00+00:00,133.9066390168429,NORMAL,136.0,137.0,138.0,25.14133,80.85446,YMNCKT_2026-03-05T17:00:00+0000_133.9066
YMNCKT,Yamuna at Chitrakoot,Yamuna Basin,2026-03-05 18:00:00+00:00,133.90235510259578,NORMAL,136.0,137.0,138.0,25.14133,80.85446,YMNCKT_2026-03-05T18:00:00+0000_133.9024
YMNCKT,Yamuna at Chitrakoot,Yamuna Basin,2026-03-05 19:00:00+00:00,133.89528686015834,NORMAL,136.0,137.0,138.0,25.14133,80.85446,YMNCKT_2026-03-05T19:00:00+0000_133.8953
YMNCKT,Yamuna at Chitrakoot,Yamuna Basin,2026-03-05 20:00:00+00:00,133.8841588018898,NORMAL,136.0,137.0,138.0,25.14133,80.85446,YMNCKT_2026-03-05T20:00:00+0000_133.8842
YMNCKT,Yamuna at Chitrakoot,Yamuna Basin,2026-03-05 21:00:00+00:00,133.88071649314043,NORMAL,136.0,137.0,138.0,25.14133,80.85446,YMNCKT_2026-03-05T21:00:00+0000_133.8807
YMNCKT,Yamuna at Chitrakoot,Yamuna Basin,2026-03-05 22:00:00+00:00,133.87395729868243,NORMAL,136.0,137.0,138.0,25.14133,80.85446,YMNCKT_2026-03-05T22:00:00+0000_133.8740
YMNCKT,Yamuna at Chitrakoot,Yamuna Basin,2026-03-05 23:00:00+00:00,133.82844112270612,NORMAL,136.0,137.0,138.0,25.14133,80.85446,YMNCKT_2026-03-05T23:00:00+0000_133.8284
YMNCKT,Yamuna at Chitrakoot,Yamuna Basin,2026-03-06 00:00:00+00:00,133.7015071938537,NORMAL,136.0,137.0,138.0,25.14133,80.85446,YMNCKT_2026-03-06T00:00:00+0000_133.7015
YMNCKT,Yamuna at Chitrakoot,Yamuna Basin,2026-03-06 01:00:00+00:00,133.6970649442655,NORMAL,136.0,137.0,138.0,25.14133,80.85446,YMNCKT_2026-03-06T01:00:00+0000_133.6971
YMNCKT,Yamuna at Chitrakoot,Yamuna Basin,2026-03-06 02:00:00+00:00,133.6069449723706,NORMAL,136.0,137.0,138.0,25.14133,80.85446,YMNCKT_2026-03-06T02:00:00+0000_133.6069
YMNCKT,Yamuna at Chitrakoot,Yamuna Basin,2026-03-06 03:00:00+00:00,133.52712922190378,NORMAL,136.0,137.0,138.0,25.14133,80.85446,YMNCKT_2026-03-06T03:00:00+0000_133.5271
YMNCKT,Yamuna at Chitrakoot,Yamuna Basin,2026-03-06 04:00:00+00:00,133.54756180651486,NORMAL,136.0,137.0,138.0,25.14133,80.85446,YMNCKT_2026-03-06T04:00:00+0000_133.5476
YMNCKT,Yamuna at Chitrakoot,Yamuna Basin,2026-03-06 05:00:00+00:00,133.45790365407203,NORMAL,136.0,137.0,138.0,25.14133,80.85446,YMNCKT_2026-03-06T05:00:00+0000_133.4579
YMNCKT,Yamuna at Chitrakoot,Yamuna Basin,2026-03-06 06:00:00+00:00,133.50232461882229,NORMAL,136.0,137.0,138.0,25.14133,80.85446,YMNCKT_2026-03-06T06:00:00+0000_133.5023
YMNCKT,Yamuna at Chitrakoot,Yamuna Basin,2026-03-06 07:00:00+00:00,133.47577349495575,NORMAL,136.0,137.0,138.0,25.14133,80.85446,YMNCKT_2026-03-06T07:00:00+0000_133.4758
YMNCKT,Yamuna at Chitrakoot,Yamuna Basin,2026-03-06 08:00:00+00:00,133.50108771603064,NORMAL,136.0,137.0,138.0,25.14133,80.85446,YMNCKT_2026-03-06T08:00:00+0000_133.5011
YMNCKT,Yamuna at Chitrakoot,Yamuna Basin,2026-03-06 09:00:00+00:00,133.53216091843612,NORMAL,136.0,137.0,138.0,25.14133,80.85446,YMNCKT_2026-03-06T09:00:00+0000_133.5322
YMNCKT,Yamuna at Chitrakoot,Yamuna Basin,2026-03-06 10:00:00+00:00,133.47283985190884,NORMAL,136.0,137.0,138.0,25.14133,80.85446,YMNCKT_2026-03-06T10:00:00+0000_133.4728
YMNCKT,Yamuna at Chitrakoot,Yamuna Basin,2026-03-06 11:00:00+00:00,133.5487569519519,NORMAL,136.0,137.0,138.0,25.14133,80.85446,YMNCKT_2026-03-06T11:00:00+0000_133.5488
YMNCKT,Yamuna at Chitrakoot,Yamuna Basin,2026-03-06 12:00:00+00:00,133.58438256307622,NORMAL,136.0,137.0,138.0,25.14133,80.85446,YMNCKT_2026-03-06T12:00:00+0000_133.5844
YMNCKT,Yamuna at Chitrakoot,Yamuna Basin,2026-03-06 13:00:00+00:00,133.7256001561979,NORMAL,136.0,137.0,138.0,25.14133,80.85446,YMNCKT_2026-03-06T13:00:00+0000_133.7256
YMNCKT,Yamuna at Chitrakoot,Yamuna Basin,2026-03-06 14:00:00+00:00,133.7060776530402,NORMAL,136.0,137.0,138.0,25.14133,80.85446,YMNCKT_2026-03-06T14:00:00+0000_133.7061
YMNCKT,Yamuna at Chitrakoot,Yamuna Basin,2026-03-06 15:00:00+00:00,133.83441372670674,NORMAL,136.0,137.0,138.0,25.14133,80.85446,YMNCKT_2026-03-06T15:00:00+0000_133.8344
YMNCKT,Yamuna at Chitrakoot,Yamuna Basin,2026-03-06 16:00:00+00:00,,,136.0,137.0,138.0,25.14133,80.85446,YMNCKT_2026-03-06T16:00:00+0000_
YMNCKT,Yamuna at Chitrakoot,Yamuna Basin,2026-03-06 17:00:00+00:00,133.838662955445,NORMAL,136.0,137.0,138.0,25.14133,80.85446,YMNCKT_2026-03-06T17:00:00+0000_133.8387
YMNCKT,Yamuna at Chitrakoot,Yamuna Basin,2026-03-06 18:00:00+00:00,133.93177617960896,NORMAL,136.0,137.0,138.0,25.14133,80.85446,YMNCKT_2026-03-06T18:00:00+0000_133.9318
YMNCKT,Yamuna at Chitrakoot,Yamuna Basin,2026-03-06 19:00:00+00:00,133.94077209155012,NORMAL,136.0,137.0,138.0,25.14133,80.85446,YMNCKT_2026-03-06T19:00:00+0000_133.9408
YMNCKT,Yamuna at Chitrakoot,Yamuna Basin,2026-03-06 20:00:00+00:00,133.9112421384821,NORMAL,136.0,137.0,138.0,25.14133,80.85446,YMNCKT_2026-03-06T20:00:00+0000_133.9112
YMNCKT,Yamuna at Chitrakoot,Yamuna Basin,2026-03-06 21:00:00+00:00,133.81613663423406,NORMAL,136.0,137.0,138.0,25.14133,80.85446,YMNCKT_2026-03-06T21:00:00+0000_133.8161
YMNCKT,Yamuna at Chitrakoot,Yamuna Basin,2026-03-06 22:00:00+00:00,133.81786130588284,NORMAL,136.0,137.0,138.0,25.14133,80.85446,YMNCKT_2026-03-06T22:00:00+0000_133.8179
YMNCKT,Yamuna at Chitrakoot,Yamuna Basin,2026-03-06 23:00:00+00:00,133.81572034844243,NORMAL,136.0,137.0,138.0,25.14133,80.85446,YMNCKT_2026-03-06T23:00:00+0000_133.8157
YMNCKT,Yamuna at Chitrakoot,Yamuna Basin,2026-03-07 00:00:00+00:00,133.7126273495339,NORMAL,136.0,137.0,138.0,25.14133,80.85446,YMNCKT_2026-03-07T00:00:00+0000_133.7126
YMNCKT,Yamuna at Chitrakoot,Yamuna Basin,2026-03-07 01:00:00+00:00,133.72113030573297,NORMAL,136.0,137.0,138.0,25.14133,80.85446,YMNCKT_2026-03-07T01:00:00+0000_133.7211
YMNCKT,Yamuna at Chitrakoot,Yamuna Basin,2026-03-07 02:00:00+00:00,133.6391027243999,NORMAL,136.0,137.0,138.0,25.14133,80.85446,YMNCKT_2026-03-07T02:00:00+0000_133.6391
YMNCKT,Yamuna at Chitrakoot,Yamuna Basin,2026-03-07 03:00:00+00:00,133.61936416504577,NORMAL,136.0,137.0,138.0,25.14133,80.85446,YMNCKT_2026-03-07T03:00:00+0000_133.6194
YMNCKT,Yamuna at Chitrakoot,Yamuna Basin,2026-03-07 04:00:00+00:00,133.53291837807848,NORMAL,136.0,137.0,138.0,25.14133,80.85446,YMNCKT_2026-03-07T04:00:00+0000_133.5329
YMNCKT,Yamuna at Chitrakoot,Yamuna Basin,2026-03-07 05:00:00+00:00,133.4958091622996,NORMAL,136.0,137.0,138.0,25.14133,80.85446,YMNCKT_2026-03-07T05:00:00+0000_133.4958
YMNCKT,Yamuna at Chitrakoot,Yamuna Basin,2026-03-07 06:00:00+00:00,133.5154657076955,NORMAL,136.0,137.0,138.0,25.14133,80.85446,YMNCKT_2026-03-07T06:00:00+0000_133.5155
YMNCKT,Yamuna at Chitrakoot,Yamuna Basin,2026-03-07 07:00:00+00:00,133.479593406098,NORMAL,136.0,137.0,138.0,25.14133,80.85446,YMNCKT_2026-03-07T07:00:00+0000_133.4796
YMNCKT,Yamuna at Chitrakoot,Yamuna Basin,2026-03-07 08:00:00+00:00,,,136.0,137.0,138.0,25.14133,80.85446,YMNCKT_2026-03-07T08:00:00+0000_
YMNCKT,Yamuna at Chitrakoot,Yamuna Basin,2026-03-07 09:00:00+00:00,133.48638836257214,NORMAL,136.0,137.0,138.0,25.14133,80.85446,YMNCKT_2026-03-07T09:00:00+0000_133.4864
YMNCKT,Yamuna at Chitrakoot,Yamuna Basin,2026-03-07 10:00:00+00:00,133.5228088063548,NORMAL,136.0,137.0,138.0,25.14133,80.85446,YMNCKT_2026-03-07T10:00:00+0000_133.5228
YMNCKT,Yamuna at Chitrakoot,Yamuna Basin,2026-03-07 11:00:00+00:00,133.56635328292322,NORMAL,136.0,137.0,138.0,25.14133,80.85446,YMNCKT_2026-03-07T11:00:00+0000_133.5664
YMNCKT,Yamuna at Chitrakoot,Yamuna Basin,2026-03-07 12:00:00+00:00,133.64523834883846,NORMAL,136.0,137.0,138.0,25.14133,80.85446,YMNCKT_2026-03-07T12:00:00+0000_133.6452
YMNCKT,Yamuna at Chitrakoot,Yamuna Basin,2026-03-07 13:00:00+00:00,133.66283818770248,NORMAL,136.0,137.0,138.0,25.14133,80.85446,YMNCKT_2026-03-07T13:00:00+0000_133.6628
YMNCKT,Yamuna at Chitrakoot,Yamuna Basin,2026-03-07 14:00:00+00:00,133.7723303350736,NORMAL,136.0,137.0,138.0,25.14133,80.85446,YMNCKT_2026-03-07T14:00:00+0000_133.7723
YMNCKT,Yamuna at Chitrakoot,Yamuna Basin,2026-03-07 15:00:00+00:00,133.74657791773004,NORMAL,136.0,137.0,138.0,25.14133,80.85446,YMNCKT_2026-03-07T15:00:00+0000_133.7466
YMNCKT,Yamuna at Chitrakoot,Yamuna Basin,2026-03-07 16:00:00+00:00,133.8650913685973,NORMAL,136.0,137.0,138.0,25.14133,80.85446,YMNCKT_2026-03-07T16:00:00+0000_133.8651
YMNCKT,Yamuna at Chitrakoot,Yamuna Basin,2026-03-07 17:00:00+00:00,133.8816154646973,NORMAL,136.0,137.0,138.0,25.14133,80.85446,YMNCKT_2026-03-07T17:00:00+0000_133.8816
YMNCKT,Yamuna at Chitrakoot,Yamuna Basin,2026-03-07 18:00:00+00:00,133.9401659604547,NORMAL,136.0,137.0,138.0,25.14133,80.85446,YMNCKT_2026-03-07T18:00:00+0000_133.9402
YMNCKT,Yamuna at Chitrakoot,Yamuna Basin,2026-03-07 19:00:00+00:00,137.22994180104823,DANGER,136.0,137.0,138.0,25.14133,80.85446,YMNCKT_2026-03-07T19:00:00+0000_137.2299
YMNCKT,Yamuna at Chitrakoot,Yamuna Basin,2026-03-07 20:00:00+00:00,,,136.0,137.0,138.0,25.14133,80.85446,YMNCKT_2026-03-07T20:00:00+0000_
YMNCKT,Yamuna at Chitrakoot,Yamuna Basin,2026-03-07 21:00:00+00:00,136.58363242302886,WARNING,136.0,137.0,138.0,25.14133,80.85446,YMNCKT_2026-03-07T21:00:00+0000_136.5836
YMNCKT,Yamuna at Chitrakoot,Yamuna Basin,2026-03-07 22:00:00+00:00,,,136.0,137.0,138.0,25.14133,80.85446,YMNCKT_2026-03-07T22:00:00+0000_
YMNCKT,Yamuna at Chitrakoot,Yamuna Basin,2026-03-07 23:00:00+00:00,136.002582476645,WARNING,136.0,137.0,138.0,25.14133,80.85446,YMNCKT_2026-03-07T23:00:00+0000_136.0026
YMNCKT,Yamuna at Chitrakoot,Yamuna Basin,2026-03-08 00:00:00+00:00,133.78670084263388,NORMAL,136.0,137.0,138.0,25.14133,80.85446,YMNCKT_2026-03-08T00:00:00+0000_133.7867
YMNCKT,Yamuna at Chitrakoot,Yamuna Basin,2026-03-08 01:00:00+00:00,133.72643565789397,NORMAL,136.0,137.0,138.0,25.14133,80.85446,YMNCKT_2026-03-08T01:00:00+0000_133.7264
YMNCKT,Yamuna at Chitrakoot,Yamuna Basin,2026-03-08 02:00:00+00:00,133.58349124345173,NORMAL,136.0,137.0,138.0,25.14133,80.85446,YMNCKT_2026-03-08T02:00:00+0000_133.5835
YMNCKT,Yamuna at Chitrakoot,Yamuna Basin,2026-03-08 03:00:00+00:00,133.5934711338182,NORMAL,136.0,137.0,138.0,25.14133,80.85446,YMNCKT_2026-03-08T03:00:00+0000_133.5935
YMNCKT,Yamuna at Chitrakoot,Yamuna Basin,2026-03-08 04:00:00+00:00,133.53629831888506,NORMAL,136.0,137.0,138.0,25.14133,80.85446,YMNCKT_2026-03-08T04:00:00+0000_133.5363
YMNCKT,Yamuna at Chitrakoot,Yamuna Basin,2026-03-08 05:00:00+00:00,133.49914133459149,NORMAL,136.0,137.0,138.0,25.14133,80.85446,YMNCKT_2026-03-08T05:00:00+0000_133.4991
YMNCKT,Yamuna at Chitrakoot,Yamuna Basin,2026-03-08 06:00:00+00:00,133.46630317316414,NORMAL,136.0,137.0,138.0,25.14133,80.85446,YMNCKT_2026-03-08T06:00:00+0000_133.4663
YMNCKT,Yamuna at Chitrakoot,Yamuna Basin,2026-03-08 07:00:00+00:00,136.66583174896422,WARNING,136.0,137.0,138.0,25.14133,80.85446,YMNCKT_2026-03-08T07:00:00+0000_136.6658
YMNCKT,Yamuna at Chitrakoot,Yamuna Basin,2026-03-08 08:00:00+00:00,136.33209516466502,WARNING,136.0,137.0,138.0,25.14133,80.85446,YMNCKT_2026-03-08T08:00:00+0000_136.3321
YMNCKT,Yamuna at Chitrakoot,Yamuna Basin,2026-03-08 09:00:00+00:00,136.11624781784653,WARNING,136.0,137.0,138.0,25.14133,80.85446,YMNCKT_2026-03-08T09:00:00+0000_136.1162
YMNCKT,Yamuna at Chitrakoot,Yamuna Basin,2026-03-08 10:00:00+00:00,135.86726698080398,NORMAL,136.0,137.0,138.0,25.14133,80.85446,YMNCKT_2026-03-08T10:00:00+0000_135.8673
YMNCKT,Yamuna at Chitrakoot,Yamuna Basin,2026-03-08 11:00:00+00:00,135.6373421115454,NORMAL,136.0,137.0,138.0,25.14133,80.85446,YMNCKT_2026-03-08T11:00:00+0000_135.6373
YMNCKT,Yamuna at Chitrakoot,Yamuna Basin,2026-03-08 12:00:00+00:00,135.51759681507284,NORMAL,136.0,137.0,138.0,25.14133,80.85446,YMNCKT_2026-03-08T12:00:00+0000_135.5176
YMNCKT,Yamuna at Chitrakoot,Yamuna Basin,2026-03-08 13:00:00+00:00,135.41093542237016,NORMAL,136.0,137.0,138.0,25.14133,80.85446,YMNCKT_2026-03-08T13:00:00+0000_135.4109
YMNCKT,Yamuna at Chitrakoot,Yamuna Basin,2026-03-08 14:00:00+00:00,133.7133343976047,NORMAL,136.0,137.0,138.0,25.14133,80.85446,YMNCKT_2026-03-08T14:00:00+0000_133.7133
YMNCKT,Yamuna at Chitrakoot,Yamuna Basin,2026-03-08 15:00:00+00:00,133.76640532258602,NORMAL,136.0,137.0,138.0,25.14133,80.85446,YMNCKT_2026-03-08T15:00:00+0000_133.7664
YMNCKT,Yamuna at Chitrakoot,Yamuna Basin,2026-03-08 16:00:00+00:00,133.85790200955347,NORMAL,136.0,137.0,138.0,25.14133,80.85446,YMNCKT_2026-03-08T16:00:00+0000_133.8579
YMNCKT,Yamuna at Chitrakoot,Yamuna Basin,2026-03-08 17:00:00+00:00,133.85670691762834,NORMAL,136.0,137.0,138.0,25.14133,80.85446,YMNCKT_2026-03-08T17:00:00+0000_133.8567
YMNCKT,Yamuna at Chitrakoot,Yamuna Basin,2026-03-08 18:00:00+00:00,133.94635129309745,NORMAL,136.0,137.0,138.0,25.14133,80.85446,YMNCKT_2026-03-08T18:00:00+0000_133.9464
YMNCKT,Yamuna at Chitrakoot,Yamuna Basin,2026-03-08 19:00:00+00:00,133.90661106856288,NORMAL,136.0,137.0,138.0,25.14133,80.85446,YMNCKT_2026-03-08T19:00:00+0000_133.9066
YMNCKT,Yamuna at Chitrakoot,Yamuna Basin,2026-03-08 20:00:00+00:00,133.94097028573074,NORMAL,136.0,137.0,138.0,25.14133,80.85446,YMNCKT_2026-03-08T20:00:00+0000_133.9410
YMNCKT,Yamuna at Chitrakoot,Yamuna Basin,2026-03-08 21:00:00+00:00,133.90790871412526,NORMAL,136.0,137.0,138.0,25.14133,80.85446,YMNCKT_2026-03-08T21:00:00+0000_133.9079
YMNCKT,Yamuna at Chitrakoot,Yamuna Basin,2026-03-08 22:00:00+00:00,133.85722587396978,NORMAL,136.0,137.0,138.0,25.14133,80.85446,YMNCKT_2026-03-08T22:00:00+0000_133.8572
YMNCKT,Yamuna at Chitrakoot,Yamuna Basin,2026-03-08 23:00:00+00:00,133.8085015753586,NORMAL,136.0,137.0,138.0,25.14133,80.85446,YMNCKT_2026-03-08T23:00:00+0000_133.8085
YMNCKT,Yamuna at Chitrakoot,Yamuna Basin,2026-03-09 00:00:00+00:00,133.7441062440107,NORMAL,136.0,137.0,138.0,25.14133,80.85446,YMNCKT_2026-03-09T00:00:00+0000_133.7441
YMNCKT,Yamuna at Chitrakoot,Yamuna Basin,2026-03-09 01:00:00+00:00,133.7157787411374,NORMAL,136.0,137.0,138.0,25.14133,80.85446,YMNCKT_2026-03-09T01:00:00+0000_133.7158
YMNCKT,Yamuna at Chitrakoot,Yamuna Basin,2026-03-09 02:00:00+00:00,133.58843996043075,NORMAL,136.0,137.0,138.0,25.14133,80.85446,YMNCKT_2026-03-09T02:00:00+0000_133.5884
YMNCKT,Yamuna at Chitrakoot,Yamuna Basin,2026-03-09 03:00:00+00:00,133.5990910821476,NORMAL,136.0,137.0,138.0,25.14133,80.85446,YMNCKT_2026-03-09T03:00:00+0000_133.5991
YMNCKT,Yamuna at Chitrakoot,Yamuna Basin,2026-03-09 04:00:00+00:00,133.5786394594037,NORMAL,136.0,137.0,138.0,25.14133,80.85446,YMNCKT_2026-03-09T04:00:00+0000_133.5786
YMNCKT,Yamuna at Chitrakoot,Yamuna Basin,2026-03-09 05:00:00+00:00,133.4867020035507,NORMAL,136.0,137.0,138.0,25.14133,80.85446,YMNCKT_2026-03-09T05:00:00+0000_133.4867
YMNCKT,Yamuna at Chitrakoot,Yamuna Basin,2026-03-09 06:00:00+00:00,133.4568629316988,NORMAL,136.0,137.0,138.0,25.14133,80.85446,YMNCKT_2026-03-09T06:00:00+0000_133.4569
YMNCKT,Yamuna at Chitrakoot,Yamuna Basin,2026-03-09 07:00:00+00:00,133.4490340515748,NORMAL,136.0,137.0,138.0,25.14133,80.85446,YMNCKT_2026-03-09T07:00:00+0000_133.4490
YMNCKT,Yamuna at Chitrakoot,Yamuna Basin,2026-03-09 08:00:00+00:00,133.48213121552357,NORMAL,136.0,137.0,138.0,25.14133,80.85446,YMNCKT_2026-03-09T08:00:00+0000_133.4821
YMNCKT,Yamuna at Chitrakoot,Yamuna Basin,2026-03-09 09:00:00+00:00,133.46537528395024,NORMAL,136.0,137.0,138.0,25.14133,80.85446,YMNCKT_2026-03-09T09:00:00+0000_133.4654
YMNCKT,Yamuna at Chitrakoot,Yamuna Basin,2026-03-09 10:00:00+00:00,133.5229482245458,NORMAL,136.0,137.0,138.0,25.14133,80.85446,YMNCKT_2026-03-09T10:00:00+0000_133.5229
YMNCKT,Yamuna at Chitrakoot,Yamuna Basin,2026-03-09 11:00:00+00:00,133.5802942169085,NORMAL,136.0,137.0,138.0,25.14133,80.85446,YMNCKT_2026-03-09T11:00:00+0000_133.5803
YMNCKT,Yamuna at Chitrakoot,Yamuna Basin,2026-03-09 12:00:00+00:00,133.65295634867633,NORMAL,136.0,137.0,138.0,25.14133,80.85446,YMNCKT_2026-03-09T12:00:00+0000_133.6530
YMNCKT,Yamuna at Chitrakoot,Yamuna Basin,2026-03-09 13:00:00+00:00,133.6923303287285,NORMAL,136.0,137.0,138.0,25.14133,80.85446,YMNCKT_2026-03-09T13:00:00+0000_133.6923
YMNCKT,Yamuna at Chitrakoot,Yamuna Basin,2026-03-09 14:00:00+00:00,133.71101611112786,NORMAL,136.0,137.0,138.0,25.14133,80.85446,YMNCKT_2026-03-09T14:00:00+0000_133.7110
YMNCKT,Yamuna at Chitrakoot,Yamuna Basin,2026-03-09 15:00:00+00:00,133.79630419491787,NORMAL,136.0,137.0,138.0,25.14133,80.85446,YMNCKT_2026-03-09T15:00:00+0000_133.7963
YMNCKT,Yamuna at Chitrakoot,Yamuna Basin,2026-03-09 16:00:00+00:00,133.83603333489856,NORMAL,136.0,137.0,138.0,25.14133,80.85446,YMNCKT_2026-03-09T16:00:00+0000_133.8360
YMNCKT,Yamuna at Chitrakoot,Yamuna Basin,2026-03-09 17:00:00+00:00,133.8922552035562,NORMAL,136.0,137.0,138.0,25.14133,80.85446,YMNCKT_2026-03-09T17:00:00+0000_133.8923
YMNCKT,Yamuna at Chitrakoot,Yamuna Basin,2026-03-09 18:00:00+00:00,133.8824964769082,NORMAL,136.0,137.0,138.0,25.14133,80.85446,YMNCKT_2026-03-09T18:00:00+0000_133.8825
YMNCKT,Yamuna at Chitrakoot,Yamuna Basin,2026-03-09 19:00:00+00:00,133.9014998198749,NORMAL,136.0,137.0,138.0,25.14133,80.85446,YMNCKT_2026-03-09T19:00:00+0000_133.9015
YMNCKT,Yamuna at Chitrakoot,Yamuna Basin,2026-03-09 20:00:00+00:00,133.88578635757082,NORMAL,136.0,137.0,138.0,25.14133,80.85446,YMNCKT_2026-03-09T20:00:00+0000_133.8858
YMNCKT,Yamuna at Chitrakoot,Yamuna Basin,2026-03-09 21:00:00+00:00,133.92562642977109,NORMAL,136.0,137.0,138.0,25.14133,80.85446,YMNCKT_2026-03-09T21:00:00+0000_133.9256
YMNCKT,Yamuna at Chitrakoot,Yamuna Basin,2026-03-09 22:00:00+00:00,133.84880829166502,NORMAL,136.0,137.0,138.0,25.14133,80.85446,YMNCKT_2026-03-09T22:00:00+0000_133.8488
YMNCKT,Yamuna at Chitrakoot,Yamuna Basin,2026-03-09 23:00:00+00:00,133.75334348394233,NORMAL,136.0,137.0,138.0,25.14133,80.85446,YMNCKT_2026-03-09T23:00:00+0000_133.7533
YMNCKT,Yamuna at Chitrakoot,Yamuna Basin,2026-03-10 00:00:00+00:00,133.79157234568632,NORMAL,136.0,137.0,138.0,25.14133,80.85446,YMNCKT_2026-03-10T00:00:00+0000_133.7916
YMNCKT,Yamuna at Chitrakoot,Yamuna Basin,2026-03-10 01:00:00+00:00,133.67147661631276,NORMAL,136.0,137.0,138.0,25.14133,80.85446,YMNCKT_2026-03-10T01:00:00+0000_133.6715
YMNCKT,Yamuna at Chitrakoot,Yamuna Basin,2026-03-10 02:00:00+00:00,133.6582823436757,NORMAL,136.0,137.0,138.0,25.14133,80.85446,YMNCKT_2026-03-10T02:00:00+0000_133.6583
YMNCKT,Yamuna at Chitrakoot,Yamuna Basin,2026-03-10 03:00:00+00:00,133.55718858520217,NORMAL,136.0,137.0,138.0,25.14133,80.85446,YMNCKT_2026-03-10T03:00:00+0000_133.5572
YMNCKT,Yamuna at Chitrakoot,Yamuna Basin,2026-03-10 04:00:00+00:00,133.56692976106643,NORMAL,136.0,137.0,138.0,25.14133,80.85446,YMNCKT_2026-03-10T04:00:00+0000_133.5669
YMNCKT,Yamuna at Chitrakoot,Yamuna Basin,2026-03-10 05:00:00+00:00,133.54938921907245,NORMAL,136.0,137.0,138.0,25.14133,80.85446,YMNCKT_2026-03-10T05:00:00+0000_133.5494
YMNCKT,Yamuna at Chitrakoot,Yamuna Basin,2026-03-10 06:00:00+00:00,133.53387215760517,NORMAL,136.0,137.0,138.0,25.14133,80.85446,YMNCKT_2026-03-10T06:00:00+0000_133.5339
YMNCKT,Yamuna at Chitrakoot,Yamuna Basin,2026-03-10 07:00:00+00:00,133.5284891069281,NORMAL,136.0,137.0,138.0,25.14133,80.85446,YMNCKT_2026-03-10T07:00:00+0000_133.5285
YMNCKT,Yamuna at Chitrakoot,Yamuna Basin,2026-03-10 08:00:00+00:00,133.50748655059456,NORMAL,136.0,137.0,138.0,25.14133,80.85446,YMNCKT_2026-03-10T08:00:00+0000_133.5075
YMNCKT,Yamuna at Chitrakoot,Yamuna Basin,2026-03-10 09:00:00+00:00,133.46598481592048,NORMAL,136.0,137.0,138.0,25.14133,80.85446,YMNCKT_2026-03-10T09:00:00+0000_133.4660
YMNCKT,Yamuna at Chitrakoot,Yamuna Basin,2026-03-10 10:00:00+00:00,133.51721870991855,NORMAL,136.0,137.0,138.0,25.14133,80.85446,YMNCKT_2026-03-10T10:00:00+0000_133.5172
YMNCKT,Yamuna at Chitrakoot,Yamuna Basin,2026-03-10 11:00:00+00:00,133.604229196647,NORMAL,136.0,137.0,138.0,25.14133,80.85446,YMNCKT_2026-03-10T11:00:00+0000_133.6042
YMNCKT,Yamuna at Chitrakoot,Yamuna Basin,2026-03-10 12:00:00+00:00,133.6014072392928,NORMAL,136.0,137.0,138.0,25.14133,80.85446,YMNCKT_2026-03-10T12:00:00+0000_133.6014
YMNCKT,Yamuna at Chitrakoot,Yamuna Basin,2026-03-10 13:00:00+00:00,133.7352588388431,NORMAL,136.0,137.0,138.0,25.14133,80.85446,YMNCKT_2026-03-10T13:00:00+0000_133.7353
YMNCKT,Yamuna at Chitrakoot,Yamuna Basin,2026-03-10 14:00:00+00:00,133.7919362006629,NORMAL,136.0,137.0,138.0,25.14133,80.85446,YMNCKT_2026-03-10T14:00:00+0000_133.7919
YMNCKT,Yamuna at Chitrakoot,Yamuna Basin,2026-03-10 15:00:00+00:00,133.7940497976905,NORMAL,136.0,137.0,138.0,25.14133,80.85446,YMNCKT_2026-03-10T15:00:00+0000_133.7940
YMNCKT,Yamuna at Chitrakoot,Yamuna Basin,2026-03-10 16:00:00+00:00,133.85763928790834,NORMAL,136.0,137.0,138.0,25.14133,80.85446,YMNCKT_2026-03-10T16:00:00+0000_133.8576
YMNCKT,Yamuna at Chitrakoot,Yamuna Basin,2026-03-10 17:00:00+00:00,133.93562698188688,NORMAL,136.0,137.0,138.0,25.14133,80.85446,YMNCKT_2026-03-10T17:00:00+0000_133.9356
YMNCKT,Yamuna at Chitrakoot,Yamuna Basin,2026-03-10 18:00:00+00:00,133.89938560494437,NORMAL,136.0,137.0,138.0,25.14133,80.85446,YMNCKT_2026-03-10T18:00:00+0000_133.8994
YMNCKT,Yamuna at Chitrakoot,Yamuna Basin,2026-03-10 19:00:00+00:00,133.9008141618953,NORMAL,136.0,137.0,138.0,25.14133,80.85446,YMNCKT_2026-03-10T19:00:00+0000_133.9008
YMNCKT,Yamuna at Chitrakoot,Yamuna Basin,2026-03-10 20:00:00+00:00,133.8606737464679,NORMAL,136.0,137.0,138.0,25.14133,80.85446,YMNCKT_2026-03-10T20:00:00+0000_133.8607
YMNCKT,Yamuna at Chitrakoot,Yamuna Basin,2026-03-10 21:00:00+00:00,133.89841829245913,NORMAL,136.0,137.0,138.0,25.14133,80.85446,YMNCKT_2026-03-10T21:00:00+0000_133.8984
YMNCKT,Yamuna at Chitrakoot,Yamuna Basin,2026-03-10 22:00:00+00:00,133.83758728988303,NORMAL,136.0,137.0,138.0,25.14133,80.85446,YMNCKT_2026-03-10T22:00:00+0000_133.8376
YMNCKT,Yamuna at Chitrakoot,Yamuna Basin,2026-03-10 23:00:00+00:00,133.7611725097876,NORMAL,136.0,137.0,138.0,25.14133,80.85446,YMNCKT_2026-03-10T23:00:00+0000_133.7612
YMNCKT,Yamuna at Chitrakoot,Yamuna Basin,2026-03-11 00:00:00+00:00,133.72399905472585,NORMAL,136.0,137.0,138.0,25.14133,80.85446,YMNCKT_2026-03-11T00:00:00+0000_133.7240
YMNCKT,Yamuna at Chitrakoot,Yamuna Basin,2026-03-11 01:00:00+00:00,133.67107775884057,NORMAL,136.0,137.0,138.0,25.14133,80.85446,YMNCKT_2026-03-11T01:00:00+0000_133.6711
YMNCKT,Yamuna at Chitrakoot,Yamuna Basin,2026-03-11 02:00:00+00:00,133.6621307236723,NORMAL,136.0,137.0,138.0,25.14133,80.85446,YMNCKT_2026-03-11T02:00:00+0000_133.6621
YMNCKT,Yamuna at Chitrakoot,Yamuna Basin,2026-03-11 03:00:00+00:00,133.58266617468306,NORMAL,136.0,137.0,138.0,25.14133,80.85446,YMNCKT_2026-03-11T03:00:00+0000_133.5827
YMNCKT,Yamuna at Chitrakoot,Yamuna Basin,2026-03-11 04:00:00+00:00,133.50400337820378,NORMAL,136.0,137.0,138.0,25.14133,80.85446,YMNCKT_2026-03-11T04:00:00+0000_133.5040
YMNCKT,Yamuna at Chitrakoot,Yamuna Basin,2026-03-11 05:00:00+00:00,133.47893138295868,NORMAL,136.0,137.0,138.0,25.14133,80.85446,YMNCKT_2026-03-11T05:00:00+0000_133.4789
YMNCKT,Yamuna at Chitrakoot,Yamuna Basin,2026-03-11 06:00:00+00:00,134.69101116555356,NORMAL,136.0,137.0,138.0,25.14133,80.85446,YMNCKT_2026-03-11T06:00:00+0000_134.6910
YMNCKT,Yamuna at Chitrakoot,Yamuna Basin,2026-03-11 07:00:00+00:00,134.56062871006353,NORMAL,136.0,137.0,138.0,25.14133,80.85446,YMNCKT_2026-03-11T07:00:00+0000_134.5606
YMNCKT,Yamuna at Chitrakoot,Yamuna Basin,2026-03-11 08:00:00+00:00,134.39887569870126,NORMAL,136.0,137.0,138.0,25.14133,80.85446,YMNCKT_2026-03-11T08:00:00+0000_134.3989
YMNCKT,Yamuna at Chitrakoot,Yamuna Basin,2026-03-11 09:00:00+00:00,134.31304768065863,NORMAL,136.0,137.0,138.0,25.14133,80.85446,YMNCKT_2026-03-11T09:00:00+0000_134.3130
YMNCKT,Yamuna at Chitrakoot,Yamuna Basin,2026-03-11 10:00:00+00:00,134.29102693422269,NORMAL,136.0,137.0,138.0,25.14133,80.85446,YMNCKT_2026-03-11T10:00:00+0000_134.2910
YMNCKT,Yamuna at Chitrakoot,Yamuna Basin,2026-03-11 11:00:00+00:00,133.6190290753609,NORMAL,136.0,137.0,138.0,25.14133,80.85446,YMNCKT_2026-03-11T11:00:00+0000_133.6190
YMNCKT,Yamuna at Chitrakoot,Yamuna Basin,2026-03-11 12:00:00+00:00,133.60279841587084,NORMAL,136.0,137.0,138.0,25.14133,80.85446,YMNCKT_2026-03-11T12:00:00+0000_133.6028
YMNCKT,Yamuna at Chitrakoot,Yamuna Basin,2026-03-11 13:00:00+00:00,133.66325632071573,NORMAL,136.0,137.0,138.0,25.14133,80.85446,YMNCKT_2026-03-11T13:00:00+0000_133.6633
YMNCKT,Yamuna at Chitrakoot,Yamuna Basin,2026-03-11 14:00:00+00:00,133.74204539308104,NORMAL,136.0,137.0,138.0,25.14133,80.85446,YMNCKT_2026-03-11T14:00:00+0000_133.7420
YMNCKT,Yamuna at Chitrakoot,Yamuna Basin,2026-03-11 15:00:00+00:00,133.81841058401903,NORMAL,136.0,137.0,138.0,25.14133,80.85446,YMNCKT_2026-03-11T15:00:00+0000_133.8184
YMNCKT,Yamuna at Chitrakoot,Yamuna Basin,2026-03-11 16:00:00+00:00,133.8889073894841,NORMAL,136.0,137.0,138.0,25.14133,80.85446,YMNCKT_2026-03-11T16:00:00+0000_133.8889
YMNCKT,Yamuna at Chitrakoot,Yamuna Basin,2026-03-11 17:00:00+00:00,133.92257727540695,NORMAL,136.0,137.0,138.0,25.14133,80.85446,YMNCKT_2026-03-11T17:00:00+0000_133.9226
YMNCKT,Yamuna at Chitrakoot,Yamuna Basin,2026-03-11 18:00:00+00:00,133.95530226264407,NORMAL,136.0,137.0,138.0,25.14133,80.85446,YMNCKT_2026-03-11T18:00:00+0000_133.9553
YMNCKT,Yamuna at Chitrakoot,Yamuna Basin,2026-03-11 19:00:00+00:00,133.9463958718807,NORMAL,136.0,137.0,138.0,25.14133,80.85446,YMNCKT_2026-03-11T19:00:00+0000_133.9464
YMNCKT,Yamuna at Chitrakoot,Yamuna Basin,2026-03-11 20:00:00+00:00,133.9429337619325,NORMAL,136.0,137.0,138.0,25.14133,80.85446,YMNCKT_2026-03-11T20:00:00+0000_133.9429
YMNCKT,Yamuna at Chitrakoot,Yamuna Basin,2026-03-11 21:00:00+00:00,133.9183441965679,NORMAL,136.0,137.0,138.0,25.14133,80.85446,YMNCKT_2026-03-11T21:00:00+0000_133.9183
YMNCKT,Yamuna at Chitrakoot,Yamuna Basin,2026-03-11 22:00:00+00:00,133.80812219989085,NORMAL,136.0,137.0,138.0,25.14133,80.85446,YMNCKT_2026-03-11T22:00:00+0000_133.8081
YMNCKT,Yamuna at Chitrakoot,Yamuna Basin,2026-03-11 23:00:00+00:00,133.8174452488068,NORMAL,136.0,137.0,138.0,25.14133,80.85446,YMNCKT_2026-03-11T23:00:00+0000_133.8174
YMNCKT,Yamuna at Chitrakoot,Yamuna Basin,2026-03-12 00:00:00+00:00,133.74831473934702,NORMAL,136.0,137.0,138.0,25.14133,80.85446,YMNCKT_2026-03-12T00:00:00+0000_133.7483
YMNCKT,Yamuna at Chitrakoot,Yamuna Basin,2026-03-12 01:00:00+00:00,133.69331981651368,NORMAL,136.0,137.0,138.0,25.14133,80.85446,YMNCKT_2026-03-12T01:00:00+0000_133.6933
YMNCKT,Yamuna at Chitrakoot,Yamuna Basin,2026-03-12 02:00:00+00:00,133.6795065803699,NORMAL,136.0,137.0,138.0,25.14133,80.85446,YMNCKT_2026-03-12T02:00:00+0000_133.6795
YMNCKT,Yamuna at Chitrakoot,Yamuna Basin,2026-03-12 03:00:00+00:00,133.6415762996355,NORMAL,136.0,137.0,138.0,25.14133,80.85446,YMNCKT_2026-03-12T03:00:00+0000_133.6416
YMNCKT,Yamuna at Chitrakoot,Yamuna Basin,2026-03-12 04:00:00+00:00,133.56217627511472,NORMAL,136.0,137.0,138.0,25.14133,80.85446,YMNCKT_2026-03-12T04:00:00+0000_133.5622
YMNCKT,Yamuna at Chitrakoot,Yamuna Basin,2026-03-12 05:00:00+00:00,133.50635342040414,NORMAL,136.0,137.0,138.0,25.14133,80.85446,YMNCKT_2026-03-12T05:00:00+0000_133.5064
YMNCKT,Yamuna at Chitrakoot,Yamuna Basin,2026-03-12 06:00:00+00:00,133.47723228626353,NORMAL,136.0,137.0,138.0,25.14133,80.85446,YMNCKT_2026-03-12T06:00:00+0000_133.4772
YMNCKT,Yamuna at Chitrakoot,Yamuna Basin,2026-03-12 07:00:00+00:00,133.46563220702592,NORMAL,136.0,137.0,138.0,25.14133,80.85446,YMNCKT_2026-03-12T07:00:00+0000_133.4656
YMNCKT,Yamuna at Chitrakoot,Yamuna Basin,2026-03-12 08:00:00+00:00,133.52653794654475,NORMAL,136.0,137.0,138.0,25.14133,80.85446,YMNCKT_2026-03-12T08:00:00+0000_133.5265
YMNCKT,Yamuna at Chitrakoot,Yamuna Basin,2026-03-12 09:00:00+00:00,133.53829159875798,NORMAL,136.0,137.0,138.0,25.14133,80.85446,YMNCKT_2026-03-12T09:00:00+0000_133.5383
YMNCKT,Yamuna at Chitrakoot,Yamuna Basin,2026-03-12 10:00:00+00:00,133.5189981996259,NORMAL,136.0,137.0,138.0,25.14133,80.85446,YMNCKT_2026-03-12T10:00:00+0000_133.5190
YMNCKT,Yamuna at Chitrakoot,Yamuna Basin,2026-03-12 11:00:00+00:00,133.60410289304755,NORMAL,136.0,137.0,138.0,25.14133,80.85446,YMNCKT_2026-03-12T11:00:00+0000_133.6041
YMNCKT,Yamuna at Chitrakoot,Yamuna Basin,2026-03-12 12:00:00+00:00,133.6529505017997,NORMAL,136.0,137.0,138.0,25.14133,80.85446,YMNCKT_2026-03-12T12:00:00+0000_133.6530
YMNCKT,Yamuna at Chitrakoot,Yamuna Basin,2026-03-12 13:00:00+00:00,133.7156840134131,NORMAL,136.0,137.0,138.0,25.14133,80.85446,YMNCKT_2026-03-12T13:00:00+0000_133.7157
YMNCKT,Yamuna at Chitrakoot,Yamuna Basin,2026-03-12 14:00:00+00:00,133.809760012132,NORMAL,136.0,137.0,138.0,25.14133,80.85446,YMNCKT_2026-03-12T14:00:00+0000_133.8098
YMNCKT,Yamuna at Chitrakoot,Yamuna Basin,2026-03-12 15:00:00+00:00,133.80768372084478,NORMAL,136.0,137.0,138.0,25.14133,80.85446,YMNCKT_2026-03-12T15:00:00+0000_133.8077
YMNCKT,Yamuna at Chitrakoot,Yamuna Basin,2026-03-12 16:00:00+00:00,133.879112658374,NORMAL,136.0,137.0,138.0,25.14133,80.85446,YMNCKT_2026-03-12T16:00:00+0000_133.8791
YMNCKT,Yamuna at Chitrakoot,Yamuna Basin,2026-03-12 17:00:00+00:00,133.9189316385714,NORMAL,136.0,137.0,138.0,25.14133,80.85446,YMNCKT_2026-03-12T17:00:00+0000_133.9189
YMNCKT,Yamuna at Chitrakoot,Yamuna Basin,2026-03-12 18:00:00+00:00,133.9071797494737,NORMAL,136.0,137.0,138.0,25.14133,80.85446,YMNCKT_2026-03-12T18:00:00+0000_133.9072
YMNCKT,Yamuna at Chitrakoot,Yamuna Basin,2026-03-12 19:00:00+00:00,133.8960156062174,NORMAL,136.0,137.0,138.0,25.14133,80.85446,YMNCKT_2026-03-12T19:00:00+0000_133.8960
YMNCKT,Yamuna at Chitrakoot,Yamuna Basin,2026-03-12 20:00:00+00:00,133.89595904353197,NORMAL,136.0,137.0,138.0,25.14133,80.85446,YMNCKT_2026-03-12T20:00:00+0000_133.8960
YMNCKT,Yamuna at Chitrakoot,Yamuna Basin,2026-03-12 21:00:00+00:00,133.9399658984529,NORMAL,136.0,137.0,138.0,25.14133,80.85446,YMNCKT_2026-03-12T21:00:00+0000_133.9400
YMNCKT,Yamuna at Chitrakoot,Yamuna Basin,2026-03-12 22:00:00+00:00,133.85189791870567,NORMAL,136.0,137.0,138.0,25.14133,80.85446,YMNCKT_2026-03-12T22:00:00+0000_133.8519
YMNCKT,Yamuna at Chitrakoot,Yamuna Basin,2026-03-12 23:00:00+00:00,133.8409533840935,NORMAL,136.0,137.0,138.0,25.14133,80.85446,YMNCKT_2026-03-12T23:00:00+0000_133.8410
YMNCKT,Yamuna at Chitrakoot,Yamuna Basin,2026-03-13 00:00:00+00:00,133.73419553564665,NORMAL,136.0,137.0,138.0,25.14133,80.85446,YMNCKT_2026-03-13T00:00:00+0000_133.7342
YMNCKT,Yamuna at Chitrakoot,Yamuna Basin,2026-03-13 01:00:00+00:00,133.67373287811031,NORMAL,136.0,137.0,138.0,25.14133,80.85446,YMNCKT_2026-03-13T01:00:00+0000_133.6737
YMNCKT,Yamuna at Chitrakoot,Yamuna Basin,2026-03-13 02:00:00+00:00,133.67996738548086,NORMAL,136.0,137.0,138.0,25.14133,80.85446,YMNCKT_2026-03-13T02:00:00+0000_133.6800
YMNCKT,Yamuna at Chitrakoot,Yamuna Basin,2026-03-13 03:00:00+00:00,133.60565806138115,NORMAL,136.0,137.0,138.0,25.14133,80.85446,YMNCKT_2026-03-13T03:00:00+0000_133.6057
YMNCKT,Yamuna at Chitrakoot,Yamuna Basin,2026-03-13 04:00:00+00:00,133.58012083648802,NORMAL,136.0,137.0,138.0,25.14133,80.85446,YMNCKT_2026-03-13T04:00:00+0000_133.5801
YMNCKT,Yamuna at Chitrakoot,Yamuna Basin,2026-03-13 05:00:00+00:00,133.55483418521945,NORMAL,136.0,137.0,138.0,25.14133,80.85446,YMNCKT_2026-03-13T05:00:00+0000_133.5548
YMNCKT,Yamuna at Chitrakoot,Yamuna Basin,2026-03-13 06:00:00+00:00,133.4814269557643,NORMAL,136.0,137.0,138.0,25.14133,80.85446,YMNCKT_2026-03-13T06:00:00+0000_133.4814
YMNCKT,Yamuna at Chitrakoot,Yamuna Basin,2026-03-13 07:00:00+00:00,133.47628862316117,NORMAL,136.0,137.0,138.0,25.14133,80.85446,YMNCKT_2026-03-13T07:00:00+0000_133.4763
YMNCKT,Yamuna at Chitrakoot,Yamuna Basin,2026-03-13 08:00:00+00:00,133.5438464932943,NORMAL,136.0,137.0,138.0,25.14133,80.85446,YMNCKT_2026-03-13T08:00:00+0000_133.5438
YMNCKT,Yamuna at Chitrakoot,Yamuna Basin,2026-03-13 09:00:00+00:00,133.49980727761545,NORMAL,136.0,137.0,138.0,25.14133,80.85446,YMNCKT_2026-03-13T09:00:00+0000_133.4998
YMNCKT,Yamuna at Chitrakoot,Yamuna Basin,2026-03-13 10:00:00+00:00,133.5508463227808,NORMAL,136.0,137.0,138.0,25.14133,80.85446,YMNCKT_2026-03-13T10:00:00+0000_133.5508
YMNCKT,Yamuna at Chitrakoot,Yamuna Basin,2026-03-13 11:00:00+00:00,133.57771702629336,NORMAL,136.0,137.0,138.0,25.14133,80.85446,YMNCKT_2026-03-13T11:00:00+0000_133.5777
YMNCKT,Yamuna at Chitrakoot,Yamuna Basin,2026-03-13 12:00:00+00:00,133.69967386488128,NORMAL,136.0,137.0,138.0,25.14133,80.85446,YMNCKT_2026-03-13T12:00:00+0000_133.6997
YMNCKT,Yamuna at Chitrakoot,Yamuna Basin,2026-03-13 13:00:00+00:00,133.69491589475103,NORMAL,136.0,137.0,138.0,25.14133,80.85446,YMNCKT_2026-03-13T13:00:00+0000_133.6949
YMNCKT,Yamuna at Chitrakoot,Yamuna Basin,2026-03-13 14:00:00+00:00,133.7287567338,NORMAL,136.0,137.0,138.0,25.14133,80.85446,YMNCKT_2026-03-13T14:00:00+0000_133.7288
YMNCKT,Yamuna at Chitrakoot,Yamuna Basin,2026-03-13 15:00:00+00:00,133.8181903772041,NORMAL,136.0,137.0,138.0,25.14133,80.85446,YMNCKT_2026-03-13T15:00:00+0000_133.8182
YMNCKT,Yamuna at Chitrakoot,Yamuna Basin,2026-03-13 16:00:00+00:00,133.88642660969646,NORMAL,136.0,137.0,138.0,25.14133,80.85446,YMNCKT_2026-03-13T16:00:00+0000_133.8864
YMNCKT,Yamuna at Chitrakoot,Yamuna Basin,2026-03-13 17:00:00+00:00,133.93949886314846,NORMAL,136.0,137.0,138.0,25.14133,80.85446,YMNCKT_2026-03-13T17:00:00+0000_133.9395
YMNCKT,Yamuna at Chitrakoot,Yamuna Basin,2026-03-13 18:00:00+00:00,133.90389344414564,NORMAL,136.0,137.0,138.0,25.14133,80.85446,YMNCKT_2026-03-13T18:00:00+0000_133.9039
YMNCKT,Yamuna at Chitrakoot,Yamuna Basin,2026-03-13 19:00:00+00:00,133.88970502518586,NORMAL,136.0,137.0,138.0,25.14133,80.85446,YMNCKT_2026-03-13T19:00:00+0000_133.8897
YMNCKT,Yamuna at Chitrakoot,Yamuna Basin,2026-03-13 20:00:00+00:00,133.88413931289733,NORMAL,136.0,137.0,138.0,25.14133,80.85446,YMNCKT_2026-03-13T20:00:00+0000_133.8841
YMNCKT,Yamuna at Chitrakoot,Yamuna Basin,2026-03-13 21:00:00+00:00,133.89452337206112,NORMAL,136.0,137.0,138.0,25.14133,80.85446,YMNCKT_2026-03-13T21:00:00+0000_133.8945
YMNCKT,Yamuna at Chitrakoot,Yamuna Basin,2026-03-13 22:00:00+00:00,133.84571164719196,NORMAL,136.0,137.0,138.0,25.14133,80.85446,YMNCKT_2026-03-13T22:00:00+0000_133.8457
YMNCKT,Yamuna at Chitrakoot,Yamuna Basin,2026-03-13 23:00:00+00:00,133.85040969474042,NORMAL,136.0,137.0,138.0,25.14133,80.85446,YMNCKT_2026-03-13T23:00:00+0000_133.8504
YMNCKT,Yamuna at Chitrakoot,Yamuna Basin,2026-03-14 00:00:00+00:00,133.73782049045496,NORMAL,136.0,137.0,138.0,25.14133,80.85446,YMNCKT_2026-03-14T00:00:00+0000_133.7378
YMNCKT,Yamuna at Chitrakoot,Yamuna Basin,2026-03-14 01:00:00+00:00,133.71362238806424,NORMAL,136.0,137.0,138.0,25.14133,80.85446,YMNCKT_2026-03-14T01:00:00+0000_133.7136
YMNCKT,Yamuna at Chitrakoot,Yamuna Basin,2026-03-14 02:00:00+00:00,133.65603514979367,NORMAL,136.0,137.0,138.0,25.14133,80.85446,YMNCKT_2026-03-14T02:00:00+0000_133.6560
YMNCKT,Yamuna at Chitrakoot,Yamuna Basin,2026-03-14 03:00:00+00:00,133.60890143671085,NORMAL,136.0,137.0,138.0,25.14133,80.85446,YMNCKT_2026-03-14T03:00:00+0000_133.6089
YMNCKT,Yamuna at Chitrakoot,Yamuna Basin,2026-03-14 04:00:00+00:00,133.53892276945723,NORMAL,136.0,137.0,138.0,25.14133,80.85446,YMNCKT_2026-03-14T04:00:00+0000_133.5389
YMNCKT,Yamuna at Chitrakoot,Yamuna Basin,2026-03-14 05:00:00+00:00,133.5674041253586,NORMAL,136.0,137.0,138.0,25.14133,80.85446,YMNCKT_2026-03-14T05:00:00+0000_133.5674
YMNCKT,Yamuna at Chitrakoot,Yamuna Basin,2026-03-14 06:00:00+00:00,133.46356198307393,NORMAL,136.0,137.0,138.0,25.14133,80.85446,YMNCKT_2026-03-14T06:00:00+0000_133.4636
YMNCKT,Yamuna at Chitrakoot,Yamuna Basin,2026-03-14 07:00:00+00:00,133.5279969232291,NORMAL,136.0,137.0,138.0,25.14133,80.85446,YMNCKT_2026-03-14T07:00:00+0000_133.5280
YMNCKT,Yamuna at Chitrakoot,Yamuna Basin,2026-03-14 08:00:00+00:00,133.516447149766,NORMAL,136.0,137.0,138.0,25.14133,80.85446,YMNCKT_2026-03-14T08:00:00+0000_133.5164
YMNCKT,Yamuna at Chitrakoot,Yamuna Basin,2026-03-14 09:00:00+00:00,,,136.0,137.0,138.0,25.14133,80.85446,YMNCKT_2026-03-14T09:00:00+0000_
YMNCKT,Yamuna at Chitrakoot,Yamuna Basin,2026-03-14 10:00:00+00:00,133.6128688302244,NORMAL,136.0,137.0,138.0,25.14133,80.85446,YMNCKT_2026-03-14T10:00:00+0000_133.6129
YMNCKT,Yamuna at Chitrakoot,Yamuna Basin,2026-03-14 11:00:00+00:00,133.61970309850145,NORMAL,136.0,137.0,138.0,25.14133,80.85446,YMNCKT_2026-03-14T11:00:00+0000_133.6197
YMNCKT,Yamuna at Chitrakoot,Yamuna Basin,2026-03-14 12:00:00+00:00,133.70332060577107,NORMAL,136.0,137.0,138.0,25.14133,80.85446,YMNCKT_2026-03-14T12:00:00+0000_133.7033
YMNCKT,Yamuna at Chitrakoot,Yamuna Basin,2026-03-14 13:00:00+00:00,133.71210892915042,NORMAL,136.0,137.0,138.0,25.14133,80.85446,YMNCKT_2026-03-14T13:00:00+0000_133.7121
YMNCKT,Yamuna at Chitrakoot,Yamuna Basin,2026-03-14 14:00:00+00:00,133.73145035078878,NORMAL,136.0,137.0,138.0,25.14133,80.85446,YMNCKT_2026-03-14T14:00:00+0000_133.7315
YMNCKT,Yamuna at Chitrakoot,Yamuna Basin,2026-03-14 15:00:00+00:00,133.8333045687665,NORMAL,136.0,137.0,138.0,25.14133,80.85446,YMNCKT_2026-03-14T15:00:00+0000_133.8333
YMNCKT,Yamuna at Chitrakoot,Yamuna Basin,2026-03-14 16:00:00+00:00,133.83483806659277,NORMAL,136.0,137.0,138.0,25.14133,80.85446,YMNCKT_2026-03-14T16:00:00+0000_133.8348
YMNCKT,Yamuna at Chitrakoot,Yamuna Basin,2026-03-14 17:00:00+00:00,133.8657489350675,NORMAL,136.0,137.0,138.0,25.14133,80.85446,YMNCKT_2026-03-14T17:00:00+0000_133.8657
YMNCKT,Yamuna at Chitrakoot,Yamuna Basin,2026-03-14 18:00:00+00:00,133.93411325465684,NORMAL,136.0,137.0,138.0,25.14133,80.85446,YMNCKT_2026-03-14T18:00:00+0000_133.9341
YMNCKT,Yamuna at Chitrakoot,Yamuna Basin,2026-03-14 19:00:00+00:00,133.93050334229372,NORMAL,136.0,137.0,138.0,25.14133,80.85446,YMNCKT_2026-03-14T19:00:00+0000_133.9305
YMNCKT,Yamuna at Chitrakoot,Yamuna Basin,2026-03-14 20:00:00+00:00,133.88694659866377,NORMAL,136.0,137.0,138.0,25.14133,80.85446,YMNCKT_2026-03-14T20:00:00+0000_133.8869
YMNCKT,Yamuna at Chitrakoot,Yamuna Basin,2026-03-14 21:00:00+00:00,133.92360132500414,NORMAL,136.0,137.0,138.0,25.14133,80.85446,YMNCKT_2026-03-14T21:00:00+0000_133.9236
YMNCKT,Yamuna at Chitrakoot,Yamuna Basin,2026-03-14 22:00:00+00:00,133.85465420809152,NORMAL,136.0,137.0,138.0,25.14133,80.85446,YMNCKT_2026-03-14T22:00:00+0000_133.8547
YMNCKT,Yamuna at Chitrakoot,Yamuna Basin,2026-03-14 23:00:00+00:00,133.79536492748454,NORMAL,136.0,137.0,138.0,25.14133,80.85446,YMNCKT_2026-03-14T23:00:00+0000_133.7954
YMNCKT,Yamuna at Chitrakoot,Yamuna Basin,2026-03-15 00:00:00+00:00,133.78882323715897,NORMAL,136.0,137.0,138.0,25.14133,80.85446,YMNCKT_2026-03-15T00:00:00+0000_133.7888
YMNCKT,Yamuna at Chitrakoot,Yamuna Basin,2026-03-15 01:00:00+00:00,135.71430312374454,NORMAL,136.0,137.0,138.0,25.14133,80.85446,YMNCKT_2026-03-15T01:00:00+0000_135.7143
YMNCKT,Yamuna at Chitrakoot,Yamuna Basin,2026-03-15 02:00:00+00:00,135.410501765624,NORMAL,136.0,137.0,138.0,25.14133,80.85446,YMNCKT_2026-03-15T02:00:00+0000_135.4105
YMNCKT,Yamuna at Chitrakoot,Yamuna Basin,2026-03-15 03:00:00+00:00,135.26846433410245,NORMAL,136.0,137.0,138.0,25.14133,80.85446,YMNCKT_2026-03-15T03:00:00+0000_135.2685
YMNCKT,Yamuna at Chitrakoot,Yamuna Basin,2026-03-15 04:00:00+00:00,135.01711830620448,NORMAL,136.0,137.0,138.0,25.14133,80.85446,YMNCKT_2026-03-15T04:00:00+0000_135.0171
YMNCKT,Yamuna at Chitrakoot,Yamuna Basin,2026-03-15 05:00:00+00:00,134.84235073866688,NORMAL,136.0,137.0,138.0,25.14133,80.85446,YMNCKT_2026-03-15T05:00:00+0000_134.8424
YMNCKT,Yamuna at Chitrakoot,Yamuna Basin,2026-03-15 06:00:00+00:00,134.70703567326427,NORMAL,136.0,137.0,138.0,25.14133,80.85446,YMNCKT_2026-03-15T06:00:00+0000_134.7070
YMNCKT,Yamuna at Chitrakoot,Yamuna Basin,2026-03-15 07:00:00+00:00,134.59203485727917,NORMAL,136.0,137.0,138.0,25.14133,80.85446,YMNCKT_2026-03-15T07:00:00+0000_134.5920
YMNCKT,Yamuna at Chitrakoot,Yamuna Basin,2026-03-15 08:00:00+00:00,133.4887931285691,NORMAL,136.0,137.0,138.0,25.14133,80.85446,YMNCKT_2026-03-15T08:00:00+0000_133.4888
YMNCKT,Yamuna at Chitrakoot,Yamuna Basin,2026-03-15 09:00:00+00:00,133.5394126386622,NORMAL,136.0,137.0,138.0,25.14133,80.85446,YMNCKT_2026-03-15T09:00:00+0000_133.5394
YMNCKT,Yamuna at Chitrakoot,Yamuna Basin,2026-03-15 10:00:00+00:00,133.59085736635686,NORMAL,136.0,137.0,138.0,25.14133,80.85446,YMNCKT_2026-03-15T10:00:00+0000_133.5909
YMNCKT,Yamuna at Chitrakoot,Yamuna Basin,2026-03-15 11:00:00+00:00,133.60387882705967,NORMAL,136.0,137.0,138.0,25.14133,80.85446,YMNCKT_2026-03-15T11:00:00+0000_133.6039
YMNCKT,Yamuna at Chitrakoot,Yamuna Basin,2026-03-15 12:00:00+00:00,133.6819793669744,NORMAL,136.0,137.0,138.0,25.14133,80.85446,YMNCKT_2026-03-15T12:00:00+0000_133.6820
YMNCKT,Yamuna at Chitrakoot,Yamuna Basin,2026-03-15 13:00:00+00:00,133.75908053694727,NORMAL,136.0,137.0,138.0,25.14133,80.85446,YMNCKT_2026-03-15T13:00:00+0000_133.7591
YMNCKT,Yamuna at Chitrakoot,Yamuna Basin,2026-03-15 14:00:00+00:00,133.8046630201531,NORMAL,136.0,137.0,138.0,25.14133,80.85446,YMNCKT_2026-03-15T14:00:00+0000_133.8047
YMNCKT,Yamuna at Chitrakoot,Yamuna Basin,2026-03-15 15:00:00+00:00,133.82161828362385,NORMAL,136.0,137.0,138.0,25.14133,80.85446,YMNCKT_2026-03-15T15:00:00+0000_133.8216
YMNCKT,Yamuna at Chitrakoot,Yamuna Basin,2026-03-15 16:00:00+00:00,133.88300429276737,NORMAL,136.0,137.0,138.0,25.14133,80.85446,YMNCKT_2026-03-15T16:00:00+0000_133.8830
YMNCKT,Yamuna at Chitrakoot,Yamuna Basin,2026-03-15 17:00:00+00:00,133.9478328609916,NORMAL,136.0,137.0,138.0,25.14133,80.85446,YMNCKT_2026-03-15T17:00:00+0000_133.9478
YMNCKT,Yamuna at Chitrakoot,Yamuna Basin,2026-03-15 18:00:00+00:00,133.9683233093423,NORMAL,136.0,137.0,138.0,25.14133,80.85446,YMNCKT_2026-03-15T18:00:00+0000_133.9683
YMNCKT,Yamuna at Chitrakoot,Yamuna Basin,2026-03-15 19:00:00+00:00,133.94767194211855,NORMAL,136.0,137.0,138.0,25.14133,80.85446,YMNCKT_2026-03-15T19:00:00+0000_133.9477
YMNCKT,Yamuna at Chitrakoot,Yamuna Basin,2026-03-15 20:00:00+00:00,133.92143985614618,NORMAL,136.0,137.0,138.0,25.14133,80.85446,YMNCKT_2026-03-15T20:00:00+0000_133.9214
YMNCKT,Yamuna at Chitrakoot,Yamuna Basin,2026-03-15 21:00:00+00:00,133.921385838708,NORMAL,136.0,137.0,138.0,25.14133,80.85446,YMNCKT_2026-03-15T21:00:00+0000_133.9214
YMNCKT,Yamuna at Chitrakoot,Yamuna Basin,2026-03-15 22:00:00+00:00,133.92952770443569,NORMAL,136.0,137.0,138.0,25.14133,80.85446,YMNCKT_2026-03-15T22:00:00+0000_133.9295
YMNCKT,Yamuna at Chitrakoot,Yamuna Basin,2026-03-15 23:00:00+00:00,133.79218182503234,NORMAL,136.0,137.0,138.0,25.14133,80.85446,YMNCKT_2026-03-15T23:00:00+0000_133.7922
YMNCKT,Yamuna at Chitrakoot,Yamuna Basin,2026-03-16 00:00:00+00:00,133.80481055763278,NORMAL,136.0,137.0,138.0,25.14133,80.85446,YMNCKT_2026-03-16T00:00:00+0000_133.8048
YMNCKT,Yamuna at Chitrakoot,Yamuna Basin,2026-03-16 01:00:00+00:00,133.7050910576738,NORMAL,136.0,137.0,138.0,25.14133,80.85446,YMNCKT_2026-03-16T01:00:00+0000_133.7051
YMNCKT,Yamuna at Chitrakoot,Yamuna Basin,2026-03-16 02:00:00+00:00,133.69618051427054,NORMAL,136.0,137.0,138.0,25.14133,80.85446,YMNCKT_2026-03-16T02:00:00+0000_133.6962
YMNCKT,Yamuna at Chitrakoot,Yamuna Basin,2026-03-16 03:00:00+00:00,133.63746984504073,NORMAL,136.0,137.0,138.0,25.14133,80.85446,YMNCKT_2026-03-16T03:00:00+0000_133.6375
YMNCKT,Yamuna at Chitrakoot,Yamuna Basin,2026-03-16 04:00:00+00:00,133.58074772190872,NORMAL,136.0,137.0,138.0,25.14133,80.85446,YMNCKT_2026-03-16T04:00:00+0000_133.5807
YMNCKT,Yamuna at Chitrakoot,Yamuna Basin,2026-03-16 05:00:00+00:00,133.5373568395773,NORMAL,136.0,137.0,138.0,25.14133,80.85446,YMNCKT_2026-03-16T05:00:00+0000_133.5374
YMNCKT,Yamuna at Chitrakoot,Yamuna Basin,2026-03-16 06:00:00+00:00,133.55999779936764,NORMAL,136.0,137.0,138.0,25.14133,80.85446,YMNCKT_2026-03-16T06:00:00+0000_133.5600
YMNCKT,Yamuna at Chitrakoot,Yamuna Basin,2026-03-16 07:00:00+00:00,133.51312759810838,NORMAL,136.0,137.0,138.0,25.14133,80.85446,YMNCKT_2026-03-16T07:00:00+0000_133.5131
YMNCKT,Yamuna at Chitrakoot,Yamuna Basin,2026-03-16 08:00:00+00:00,133.539569002502,NORMAL,136.0,137.0,138.0,25.14133,80.85446,YMNCKT_2026-03-16T08:00:00+0000_133.5396
YMNCKT,Yamuna at Chitrakoot,Yamuna Basin,2026-03-16 09:00:00+00:00,133.5477562852194,NORMAL,136.0,137.0,138.0,25.14133,80.85446,YMNCKT_2026-03-16T09:00:00+0000_133.5478
YMNCKT,Yamuna at Chitrakoot,Yamuna Basin,2026-03-16 10:00:00+00:00,133.5609847114013,NORMAL,136.0,137.0,138.0,25.14133,80.85446,YMNCKT_2026-03-16T10:00:00+0000_133.5610
YMNCKT,Yamuna at Chitrakoot,Yamuna Basin,2026-03-16 11:00:00+00:00,133.63562041542326,NORMAL,136.0,137.0,138.0,25.14133,80.85446,YMNCKT_2026-03-16T11:00:00+0000_133.6356
YMNCKT,Yamuna at Chitrakoot,Yamuna Basin,2026-03-16 12:00:00+00:00,133.6332194728422,NORMAL,136.0,137.0,138.0,25.14133,80.85446,YMNCKT_2026-03-16T12:00:00+0000_133.6332
YMNCKT,Yamuna at Chitrakoot,Yamuna Basin,2026-03-16 13:00:00+00:00,133.6830255207701,NORMAL,136.0,137.0,138.0,25.14133,80.85446,YMNCKT_2026-03-16T13:00:00+0000_133.6830
YMNCKT,Yamuna at Chitrakoot,Yamuna Basin,2026-03-16 14:00:00+00:00,133.80611419387978,NORMAL,136.0,137.0,138.0,25.14133,80.85446,YMNCKT_2026-03-16T14:00:00+0000_133.8061
YMNCKT,Yamuna at Chitrakoot,Yamuna Basin,2026-03-16 15:00:00+00:00,133.8647732914572,NORMAL,136.0,137.0,138.0,25.14133,80.85446,YMNCKT_2026-03-16T15:00:00+0000_133.8648
YMNCKT,Yamuna at Chitrakoot,Yamuna Basin,2026-03-16 16:00:00+00:00,133.87467184058227,NORMAL,136.0,137.0,138.0,25.14133,80.85446,YMNCKT_2026-03-16T16:00:00+0000_133.8747
YMNCKT,Yamuna at Chitrakoot,Yamuna Basin,2026-03-16 17:00:00+00:00,133.93651731145383,NORMAL,136.0,137.0,138.0,25.14133,80.85446,YMNCKT_2026-03-16T17:00:00+0000_133.9365
YMNCKT,Yamuna at Chitrakoot,Yamuna Basin,2026-03-16 18:00:00+00:00,,,136.0,137.0,138.0,25.14133,80.85446,YMNCKT_2026-03-16T18:00:00+0000_
YMNCKT,Yamuna at Chitrakoot,Yamuna Basin,2026-03-16 19:00:00+00:00,133.93913586265444,NORMAL,136.0,137.0,138.0,25.14133,80.85446,YMNCKT_2026-03-16T19:00:00+0000_133.9391
YMNCKT,Yamuna at Chitrakoot,Yamuna Basin,2026-03-16 20:00:00+00:00,133.9050668184898,NORMAL,136.0,137.0,138.0,25.14133,80.85446,YMNCKT_2026-03-16T20:00:00+0000_133.9051
YMNCKT,Yamuna at Chitrakoot,Yamuna Basin,2026-03-16 21:00:00+00:00,133.91642180481094,NORMAL,136.0,137.0,138.0,25.14133,80.85446,YMNCKT_2026-03-16T21:00:00+0000_133.9164
YMNCKT,Yamuna at Chitrakoot,Yamuna Basin,2026-03-16 22:00:00+00:00,133.84943502214233,NORMAL,136.0,137.0,138.0,25.14133,80.85446,YMNCKT_2026-03-16T22:00:00+0000_133.8494
YMNCKT,Yamuna at Chitrakoot,Yamuna Basin,2026-03-16 23:00:00+00:00,133.80057210132568,NORMAL,136.0,137.0,138.0,25.14133,80.85446,YMNCKT_2026-03-16T23:00:00+0000_133.8006
YMNCKT,Yamuna at Chitrakoot,Yamuna Basin,2026-03-17 00:00:00+00:00,133.78921387280096,NORMAL,136.0,137.0,138.0,25.14133,80.85446,YMNCKT_2026-03-17T00:00:00+0000_133.7892
YMNCKT,Yamuna at Chitrakoot,Yamuna Basin,2026-03-17 01:00:00+00:00,,,136.0,137.0,138.0,25.14133,80.85446,YMNCKT_2026-03-17T01:00:00+0000_
YMNCKT,Yamuna at Chitrakoot,Yamuna Basin,2026-03-17 02:00:00+00:00,133.65295397955418,NORMAL,136.0,137.0,138.0,25.14133,80.85446,YMNCKT_2026-03-17T02:00:00+0000_133.6530
YMNCKT,Yamuna at Chitrakoot,Yamuna Basin,2026-03-17 03:00:00+00:00,133.59215325521689,NORMAL,136.0,137.0,138.0,25.14133,80.85446,YMNCKT_2026-03-17T03:00:00+0000_133.5922
YMNCKT,Yamuna at Chitrakoot,Yamuna Basin,2026-03-17 04:00:00+00:00,133.588566052255,NORMAL,136.0,137.0,138.0,25.14133,80.85446,YMNCKT_2026-03-17T04:00:00+0000_133.5886
YMNCKT,Yamuna at Chitrakoot,Yamuna Basin,2026-03-17 05:00:00+00:00,133.5774160740092,NORMAL,136.0,137.0,138.0,25.14133,80.85446,YMNCKT_2026-03-17T05:00:00+0000_133.5774
YMNCKT,Yamuna at Chitrakoot,Yamuna Basin,2026-03-17 06:00:00+00:00,133.5691769604788,NORMAL,136.0,137.0,138.0,25.14133,80.85446,YMNCKT_2026-03-17T06:00:00+0000_133.5692
YMNCKT,Yamuna at Chitrakoot,Yamuna Basin,2026-03-17 07:00:00+00:00,133.52721900997992,NORMAL,136.0,137.0,138.0,25.14133,80.85446,YMNCKT_2026-03-17T07:00:00+0000_133.5272
YMNCKT,Yamuna at Chitrakoot,Yamuna Basin,2026-03-17 08:00:00+00:00,133.5104941083301,NORMAL,136.0,137.0,138.0,25.14133,80.85446,YMNCKT_2026-03-17T08:00:00+0000_133.5105
YMNCKT,Yamuna at Chitrakoot,Yamuna Basin,2026-03-17 09:00:00+00:00,133.55693438751277,NORMAL,136.0,137.0,138.0,25.14133,80.85446,YMNCKT_2026-03-17T09:00:00+0000_133.5569
YMNCKT,Yamuna at Chitrakoot,Yamuna Basin,2026-03-17 10:00:00+00:00,133.54460010881766,NORMAL,136.0,137.0,138.0,25.14133,80.85446,YMNCKT_2026-03-17T10:00:00+0000_133.5446
YMNCKT,Yamuna at Chitrakoot,Yamuna Basin,2026-03-17 11:00:00+00:00,133.6195118634357,NORMAL,136.0,137.0,138.0,25.14133,80.85446,YMNCKT_2026-03-17T11:00:00+0000_133.6195
YMNCKT,Yamuna at Chitrakoot,Yamuna Basin,2026-03-17 12:00:00+00:00,133.70045139522858,NORMAL,136.0,137.0,138.0,25.14133,80.85446,YMNCKT_2026-03-17T12:00:00+0000_133.7005
YMNCKT,Yamuna at Chitrakoot,Yamuna Basin,2026-03-17 13:00:00+00:00,133.6879047631583,NORMAL,136.0,137.0,138.0,25.14133,80.85446,YMNCKT_2026-03-17T13:00:00+0000_133.6879
YMNCKT,Yamuna at Chitrakoot,Yamuna Basin,2026-03-17 14:00:00+00:00,133.74716690619317,NORMAL,136.0,137.0,138.0,25.14133,80.85446,YMNCKT_2026-03-17T14:00:00+0000_133.7472
YMNCKT,Yamuna at Chitrakoot,Yamuna Basin,2026-03-17 15:00:00+00:00,133.83512124225527,NORMAL,136.0,137.0,138.0,25.14133,80.85446,YMNCKT_2026-03-17T15:00:00+0000_133.8351
YMNCKT,Yamuna at Chitrakoot,Yamuna Basin,2026-03-17 16:00:00+00:00,133.89596954471767,NORMAL,136.0,137.0,138.0,25.14133,80.85446,YMNCKT_2026-03-17T16:00:00+0000_133.8960
YMNCKT,Yamuna at Chitrakoot,Yamuna Basin,2026-03-17 17:00:00+00:00,133.87765147812652,NORMAL,136.0,137.0,138.0,25.14133,80.85446,YMNCKT_2026-03-17T17:00:00+0000_133.8777
YMNCKT,Yamuna at Chitrakoot,Yamuna Basin,2026-03-17 18:00:00+00:00,133.9027926890655,NORMAL,136.0,137.0,138.0,25.14133,80.85446,YMNCKT_2026-03-17T18:00:00+0000_133.9028
YMNCKT,Yamuna at Chitrakoot,Yamuna Basin,2026-03-17 19:00:00+00:00,133.93055902390037,NORMAL,136.0,137.0,138.0,25.14133,80.85446,YMNCKT_2026-03-17T19:00:00+0000_133.9306
YMNCKT,Yamuna at Chitrakoot,Yamuna Basin,2026-03-17 20:00:00+00:00,133.99462180433173,NORMAL,136.0,137.0,138.0,25.14133,80.85446,YMNCKT_2026-03-17T20:00:00+0000_133.9946
YMNCKT,Yamuna at Chitrakoot,Yamuna Basin,2026-03-17 21:00:00+00:00,133.87706550953857,NORMAL,136.0,137.0,138.0,25.14133,80.85446,YMNCKT_2026-03-17T21:00:00+0000_133.8771
YMNCKT,Yamuna at Chitrakoot,Yamuna Basin,2026-03-17 22:00:00+00:00,,,136.0,137.0,138.0,25.14133,80.85446,YMNCKT_2026-03-17T22:00:00+0000_
YMNCKT,Yamuna at Chitrakoot,Yamuna Basin,2026-03-17 23:00:00+00:00,133.85407349629142,NORMAL,136.0,137.0,138.0,25.14133,80.85446,YMNCKT_2026-03-17T23:00:00+0000_133.8541
YMNCKT,Yamuna at Chitrakoot,Yamuna Basin,2026-03-18 00:00:00+00:00,133.84699205107003,NORMAL,136.0,137.0,138.0,25.14133,80.85446,YMNCKT_2026-03-18T00:00:00+0000_133.8470
YMNCKT,Yamuna at Chitrakoot,Yamuna Basin,2026-03-18 01:00:00+00:00,133.72223313382122,NORMAL,136.0,137.0,138.0,25.14133,80.85446,YMNCKT_2026-03-18T01:00:00+0000_133.7222
YMNCKT,Yamuna at Chitrakoot,Yamuna Basin,2026-03-18 02:00:00+00:00,133.6756197758869,NORMAL,136.0,137.0,138.0,25.14133,80.85446,YMNCKT_2026-03-18T02:00:00+0000_133.6756
YMNCKT,Yamuna at Chitrakoot,Yamuna Basin,2026-03-18 03:00:00+00:00,133.67580003019896,NORMAL,136.0,137.0,138.0,25.14133,80.85446,YMNCKT_2026-03-18T03:00:00+0000_133.6758
YMNCKT,Yamuna at Chitrakoot,Yamuna Basin,2026-03-18 04:00:00+00:00,133.5488936675197,NORMAL,136.0,137.0,138.0,25.14133,80.85446,YMNCKT_2026-03-18T04:00:00+0000_133.5489
YMNCKT,Yamuna at Chitrakoot,Yamuna Basin,2026-03-18 05:00:00+00:00,133.53703663402905,NORMAL,136.0,137.0,138.0,25.14133,80.85446,YMNCKT_2026-03-18T05:00:00+0000_133.5370
YMNCKT,Yamuna at Chitrakoot,Yamuna Basin,2026-03-18 06:00:00+00:00,133.5502411905502,NORMAL,136.0,137.0,138.0,25.14133,80.85446,YMNCKT_2026-03-18T06:00:00+0000_133.5502
YMNCKT,Yamuna at Chitrakoot,Yamuna Basin,2026-03-18 07:00:00+00:00,133.48572593011934,NORMAL,136.0,137.0,138.0,25.14133,80.85446,YMNCKT_2026-03-18T07:00:00+0000_133.4857
YMNCKT,Yamuna at Chitrakoot,Yamuna Basin,2026-03-18 08:00:00+00:00,133.56735372364287,NORMAL,136.0,137.0,138.0,25.14133,80.85446,YMNCKT_2026-03-18T08:00:00+0000_133.5674
YMNCKT,Yamuna at Chitrakoot,Yamuna Basin,2026-03-18 09:00:00+00:00,133.56436461677038,NORMAL,136.0,137.0,138.0,25.14133,80.85446,YMNCKT_2026-03-18T09:00:00+0000_133.5644
YMNCKT,Yamuna at Chitrakoot,Yamuna Basin,2026-03-18 10:00:00+00:00,133.5994896730975,NORMAL,136.0,137.0,138.0,25.14133,80.85446,YMNCKT_2026-03-18T10:00:00+0000_133.5995
YMNCKT,Yamuna at Chitrakoot,Yamuna Basin,2026-03-18 11:00:00+00:00,133.6533978043618,NORMAL,136.0,137.0,138.0,25.14133,80.85446,YMNCKT_2026-03-18T11:00:00+0000_133.6534
YMNCKT,Yamuna at Chitrakoot,Yamuna Basin,2026-03-18 12:00:00+00:00,133.73001307598474,NORMAL,136.0,137.0,138.0,25.14133,80.85446,YMNCKT_2026-03-18T12:00:00+0000_133.7300
YMNCKT,Yamuna at Chitrakoot,Yamuna Basin,2026-03-18 13:00:00+00:00,133.737438605632,NORMAL,136.0,137.0,138.0,25.14133,80.85446,YMNCKT_2026-03-18T13:00:00+0000_133.7374
YMNCKT,Yamuna at Chitrakoot,Yamuna Basin,2026-03-18 14:00:00+00:00,133.7513594371954,NORMAL,136.0,137.0,138.0,25.14133,80.85446,YMNCKT_2026-03-18T14:00:00+0000_133.7514
YMNCKT,Yamuna at Chitrakoot,Yamuna Basin,2026-03-18 15:00:00+00:00,133.85579912105308,NORMAL,136.0,137.0,138.0,25.14133,80.85446,YMNCKT_2026-03-18T15:00:00+0000_133.8558
YMNCKT,Yamuna at Chitrakoot,Yamuna Basin,2026-03-18 16:00:00+00:00,133.88079207626274,NORMAL,136.0,137.0,138.0,25.14133,80.85446,YMNCKT_2026-03-18T16:00:00+0000_133.8808
YMNCKT,Yamuna at Chitrakoot,Yamuna Basin,2026-03-18 17:00:00+00:00,133.96694598542453,NORMAL,136.0,137.0,138.0,25.14133,80.85446,YMNCKT_2026-03-18T17:00:00+0000_133.9669
YMNCKT,Yamuna at Chitrakoot,Yamuna Basin,2026-03-18 18:00:00+00:00,133.96596185101143,NORMAL,136.0,137.0,138.0,25.14133,80.85446,YMNCKT_2026-03-18T18:00:00+0000_133.9660
YMNCKT,Yamuna at Chitrakoot,Yamuna Basin,2026-03-18 19:00:00+00:00,133.94281299053057,NORMAL,136.0,137.0,138.0,25.14133,80.85446,YMNCKT_2026-03-18T19:00:00+0000_133.9428
YMNCKT,Yamuna at Chitrakoot,Yamuna Basin,2026-03-18 20:00:00+00:00,133.9350725157352,NORMAL,136.0,137.0,138.0,25.14133,80.85446,YMNCKT_2026-03-18T20:00:00+0000_133.9351
YMNCKT,Yamuna at Chitrakoot,Yamuna Basin,2026-03-18 21:00:00+00:00,133.97516664384503,NORMAL,136.0,137.0,138.0,25.14133,80.85446,YMNCKT_2026-03-18T21:00:00+0000_133.9752
YMNCKT,Yamuna at Chitrakoot,Yamuna Basin,2026-03-18 22:00:00+00:00,133.9448469486749,NORMAL,136.0,137.0,138.0,25.14133,80.85446,YMNCKT_2026-03-18T22:00:00+0000_133.9448
YMNCKT,Yamuna at Chitrakoot,Yamuna Basin,2026-03-18 23:00:00+00:00,133.88209721545954,NORMAL,136.0,137.0,138.0,25.14133,80.85446,YMNCKT_2026-03-18T23:00:00+0000_133.8821
YMNCKT,Yamuna at Chitrakoot,Yamuna Basin,2026-03-19 00:00:00+00:00,133.78968244903334,NORMAL,136.0,137.0,138.0,25.14133,80.85446,YMNCKT_2026-03-19T00:00:00+0000_133.7897
YMNCKT,Yamuna at Chitrakoot,Yamuna Basin,2026-03-19 01:00:00+00:00,133.7344411231931,NORMAL,136.0,137.0,138.0,25.14133,80.85446,YMNCKT_2026-03-19T01:00:00+0000_133.7344
YMNCKT,Yamuna at Chitrakoot,Yamuna Basin,2026-03-19 02:00:00+00:00,133.7282144855245,NORMAL,136.0,137.0,138.0,25.14133,80.85446,YMNCKT_2026-03-19T02:00:00+0000_133.7282
YMNCKT,Yamuna at Chitrakoot,Yamuna Basin,2026-03-19 03:00:00+00:00,133.61443899975524,NORMAL,136.0,137.0,138.0,25.14133,80.85446,YMNCKT_2026-03-19T03:00:00+0000_133.6144
YMNCKT,Yamuna at Chitrakoot,Yamuna Basin,2026-03-19 04:00:00+00:00,136.88282700059565,WARNING,136.0,137.0,138.0,25.14133,80.85446,YMNCKT_2026-03-19T04:00:00+0000_136.8828
YMNCKT,Yamuna at Chitrakoot,Yamuna Basin,2026-03-19 05:00:00+00:00,136.47091722739538,WARNING,136.0,137.0,138.0,25.14133,80.85446,YMNCKT_2026-03-19T05:00:00+0000_136.4709
YMNCKT,Yamuna at Chitrakoot,Yamuna Basin,2026-03-19 06:00:00+00:00,,,136.0,137.0,138.0,25.14133,80.85446,YMNCKT_2026-03-19T06:00:00+0000_
YMNCKT,Yamuna at Chitrakoot,Yamuna Basin,2026-03-19 07:00:00+00:00,135.91192169517944,NORMAL,136.0,137.0,138.0,25.14133,80.85446,YMNCKT_2026-03-19T07:00:00+0000_135.9119
YMNCKT,Yamuna at Chitrakoot,Yamuna Basin,2026-03-19 08:00:00+00:00,135.6866317514164,NORMAL,136.0,137.0,138.0,25.14133,80.85446,YMNCKT_2026-03-19T08:00:00+0000_135.6866
YMNCKT,Yamuna at Chitrakoot,Yamuna Basin,2026-03-19 09:00:00+00:00,133.57567100981433,NORMAL,136.0,137.0,138.0,25.14133,80.85446,YMNCKT_2026-03-19T09:00:00+0000_133.5757
YMNCKT,Yamuna at Chitrakoot,Yamuna Basin,2026-03-19 10:00:00+00:00,133.5957350952488,NORMAL,136.0,137.0,138.0,25.14133,80.85446,YMNCKT_2026-03-19T10:00:00+0000_133.5957
YMNCKT,Yamuna at Chitrakoot,Yamuna Basin,2026-03-19 11:00:00+00:00,133.64548828826688,NORMAL,136.0,137.0,138.0,25.14133,80.85446,YMNCKT_2026-03-19T11:00:00+0000_133.6455
YMNCKT,Yamuna at Chitrakoot,Yamuna Basin,2026-03-19 12:00:00+00:00,133.65356599373095,NORMAL,136.0,137.0,138.0,25.14133,80.85446,YMNCKT_2026-03-19T12:00:00+0000_133.6536
YMNCKT,Yamuna at Chitrakoot,Yamuna Basin,2026-03-19 13:00:00+00:00,133.73785491547412,NORMAL,136.0,137.0,138.0,25.14133,80.85446,YMNCKT_2026-03-19T13:00:00+0000_133.7379
YMNCKT,Yamuna at Chitrakoot,Yamuna Basin,2026-03-19 14:00:00+00:00,133.8003395894488,NORMAL,136.0,137.0,138.0,25.14133,80.85446,YMNCKT_2026-03-19T14:00:00+0000_133.8003
YMNCKT,Yamuna at Chitrakoot,Yamuna Basin,2026-03-19 15:00:00+00:00,133.86700911716557,NORMAL,136.0,137.0,138.0,25.14133,80.85446,YMNCKT_2026-03-19T15:00:00+0000_133.8670
YMNCKT,Yamuna at Chitrakoot,Yamuna Basin,2026-03-19 16:00:00+00:00,133.92718971100774,NORMAL,136.0,137.0,138.0,25.14133,80.85446,YMNCKT_2026-03-19T16:00:00+0000_133.9272
YMNCKT,Yamuna at Chitrakoot,Yamuna Basin,2026-03-19 17:00:00+00:00,133.9045210169768,NORMAL,136.0,137.0,138.0,25.14133,80.85446,YMNCKT_2026-03-19T17:00:00+0000_133.9045
YMNCKT,Yamuna at Chitrakoot,Yamuna Basin,2026-03-19 18:00:00+00:00,133.93274141444374,NORMAL,136.0,137.0,138.0,25.14133,80.85446,YMNCKT_2026-03-19T18:00:00+0000_133.9327
YMNCKT,Yamuna at Chitrakoot,Yamuna Basin,2026-03-19 19:00:00+00:00,133.9992396987614,NORMAL,136.0,137.0,138.0,25.14133,80.85446,YMNCKT_2026-03-19T19:00:00+0000_133.9992
YMNCKT,Yamuna at Chitrakoot,Yamuna Basin,2026-03-19 20:00:00+00:00,133.9668065935814,NORMAL,136.0,137.0,138.0,25.14133,80.85446,YMNCKT_2026-03-19T20:00:00+0000_133.9668
YMNCKT,Yamuna at Chitrakoot,Yamuna Basin,2026-03-19 21:00:00+00:00,133.95610763094905,NORMAL,136.0,137.0,138.0,25.14133,80.85446,YMNCKT_2026-03-19T21:00:00+0000_133.9561
YMNCKT,Yamuna at Chitrakoot,Yamuna Basin,2026-03-19 22:00:00+00:00,133.85230475496024,NORMAL,136.0,137.0,138.0,25.14133,80.85446,YMNCKT_2026-03-19T22:00:00+0000_133.8523
YMNCKT,Yamuna at Chitrakoot,Yamuna Basin,2026-03-19 23:00:00+00:00,133.80734903999183,NORMAL,136.0,137.0,138.0,25.14133,80.85446,YMNCKT_2026-03-19T23:00:00+0000_133.8073
YMNCKT,Yamuna at Chitrakoot,Yamuna Basin,2026-03-20 00:00:00+00:00,133.85212880355814,NORMAL,136.0,137.0,138.0,25.14133,80.85446,YMNCKT_2026-03-20T00:00:00+0000_133.8521
YMNCKT,Yamuna at Chitrakoot,Yamuna Basin,2026-03-20 01:00:00+00:00,133.75336588137193,NORMAL,136.0,137.0,138.0,25.14133,80.85446,YMNCKT_2026-03-20T01:00:00+0000_133.7534
YMNCKT,Yamuna at Chitrakoot,Yamuna Basin,2026-03-20 02:00:00+00:00,133.71401062864587,NORMAL,136.0,137.0,138.0,25.14133,80.85446,YMNCKT_2026-03-20T02:00:00+0000_133.7140
YMNCKT,Yamuna at Chitrakoot,Yamuna Basin,2026-03-20 03:00:00+00:00,133.6087713530385,NORMAL,136.0,137.0,138.0,25.14133,80.85446,YMNCKT_2026-03-20T03:00:00+0000_133.6088
YMNCKT,Yamuna at Chitrakoot,Yamuna Basin,2026-03-20 04:00:00+00:00,133.62042894747256,NORMAL,136.0,137.0,138.0,25.14133,80.85446,YMNCKT_2026-03-20T04:00:00+0000_133.6204
YMNCKT,Yamuna at Chitrakoot,Yamuna Basin,2026-03-20 05:00:00+00:00,133.53919893777504,NORMAL,136.0,137.0,138.0,25.14133,80.85446,YMNCKT_2026-03-20T05:00:00+0000_133.5392
YMNCKT,Yamuna at Chitrakoot,Yamuna Basin,2026-03-20 06:00:00+00:00,133.50644699345557,NORMAL,136.0,137.0,138.0,25.14133,80.85446,YMNCKT_2026-03-20T06:00:00+0000_133.5064
YMNCKT,Yamuna at Chitrakoot,Yamuna Basin,2026-03-20 07:00:00+00:00,133.56324879316955,NORMAL,136.0,137.0,138.0,25.14133,80.85446,YMNCKT_2026-03-20T07:00:00+0000_133.5632
YMNCKT,Yamuna at Chitrakoot,Yamuna Basin,2026-03-20 08:00:00+00:00,133.5726882536559,NORMAL,136.0,137.0,138.0,25.14133,80.85446,YMNCKT_2026-03-20T08:00:00+0000_133.5727
YMNCKT,Yamuna at Chitrakoot,Yamuna Basin,2026-03-20 09:00:00+00:00,133.60837924183653,NORMAL,136.0,137.0,138.0,25.14133,80.85446,YMNCKT_2026-03-20T09:00:00+0000_133.6084
YMNCKT,Yamuna at Chitrakoot,Yamuna Basin,2026-03-20 10:00:00+00:00,133.61232577868407,NORMAL,136.0,137.0,138.0,25.14133,80.85446,YMNCKT_2026-03-20T10:00:00+0000_133.6123
YMNCKT,Yamuna at Chitrakoot,Yamuna Basin,2026-03-20 11:00:00+00:00,133.60257165599972,NORMAL,136.0,137.0,138.0,25.14133,80.85446,YMNCKT_2026-03-20T11:00:00+0000_133.6026
YMNCKT,Yamuna at Chitrakoot,Yamuna Basin,2026-03-20 12:00:00+00:00,133.67044535424137,NORMAL,136.0,137.0,138.0,25.14133,80.85446,YMNCKT_2026-03-20T12:00:00+0000_133.6704
YMNCKT,Yamuna at Chitrakoot,Yamuna Basin,2026-03-20 13:00:00+00:00,133.7249857706546,NORMAL,136.0,137.0,138.0,25.14133,80.85446,YMNCKT_2026-03-20T13:00:00+0000_133.7250
YMNCKT,Yamuna at Chitrakoot,Yamuna Basin,2026-03-20 14:00:00+00:00,133.82272914051595,NORMAL,136.0,137.0,138.0,25.14133,80.85446,YMNCKT_2026-03-20T14:00:00+0000_133.8227
YMNCKT,Yamuna at Chitrakoot,Yamuna Basin,2026-03-20 15:00:00+00:00,133.84483297199466,NORMAL,136.0,137.0,138.0,25.14133,80.85446,YMNCKT_2026-03-20T15:00:00+0000_133.8448
YMNCKT,Yamuna at Chitrakoot,Yamuna Basin,2026-03-20 16:00:00+00:00,133.8761465963798,NORMAL,136.0,137.0,138.0,25.14133,80.85446,YMNCKT_2026-03-20T16:00:00+0000_133.8761
YMNCKT,Yamuna at Chitrakoot,Yamuna Basin,2026-03-20 17:00:00+00:00,133.9372132109304,NORMAL,136.0,137.0,138.0,25.14133,80.85446,YMNCKT_2026-03-20T17:00:00+0000_133.9372
YMNCKT,Yamuna at Chitrakoot,Yamuna Basin,2026-03-20 18:00:00+00:00,134.00083029124028,NORMAL,136.0,137.0,138.0,25.14133,80.85446,YMNCKT_2026-03-20T18:00:00+0000_134.0008
YMNCKT,Yamuna at Chitrakoot,Yamuna Basin,2026-03-20 19:00:00+00:00,133.9579166137896,NORMAL,136.0,137.0,138.0,25.14133,80.85446,YMNCKT_2026-03-20T19:00:00+0000_133.9579
YMNCKT,Yamuna at Chitrakoot,Yamuna Basin,2026-03-20 20:00:00+00:00,133.9465619606793,NORMAL,136.0,137.0,138.0,25.14133,80.85446,YMNCKT_2026-03-20T20:00:00+0000_133.9466
YMNCKT,Yamuna at Chitrakoot,Yamuna Basin,2026-03-20 21:00:00+00:00,133.99085679740662,NORMAL,136.0,137.0,138.0,25.14133,80.85446,YMNCKT_2026-03-20T21:00:00+0000_133.9909
YMNCKT,Yamuna at Chitrakoot,Yamuna Basin,2026-03-20 22:00:00+00:00,133.86907333370343,NORMAL,136.0,137.0,138.0,25.14133,80.85446,YMNCKT_2026-03-20T22:00:00+0000_133.8691
YMNCKT,Yamuna at Chitrakoot,Yamuna Basin,2026-03-20 23:00:00+00:00,133.8803618686767,NORMAL,136.0,137.0,138.0,25.14133,80.85446,YMNCKT_2026-03-20T23:00:00+0000_133.8804
YMNCKT,Yamuna at Chitrakoot,Yamuna Basin,2026-03-21 00:00:00+00:00,133.85775912688644,NORMAL,136.0,137.0,138.0,25.14133,80.85446,YMNCKT_2026-03-21T00:00:00+0000_133.8578
YMNCKT,Yamuna at Chitrakoot,Yamuna Basin,2026-03-21 01:00:00+00:00,133.74361064696436,NORMAL,136.0,137.0,138.0,25.14133,80.85446,YMNCKT_2026-03-21T01:00:00+0000_133.7436
YMNCKT,Yamuna at Chitrakoot,Yamuna Basin,2026-03-21 02:00:00+00:00,133.71867184794036,NORMAL,136.0,137.0,138.0,25.14133,80.85446,YMNCKT_2026-03-21T02:00:00+0000_133.7187
YMNCKT,Yamuna at Chitrakoot,Yamuna Basin,2026-03-21 03:00:00+00:00,133.65997564139207,NORMAL,136.0,137.0,138.0,25.14133,80.85446,YMNCKT_2026-03-21T03:00:00+0000_133.6600
YMNCKT,Yamuna at Chitrakoot,Yamuna Basin,2026-03-21 04:00:00+00:00,133.64634587564632,NORMAL,136.0,137.0,138.0,25.14133,80.85446,YMNCKT_2026-03-21T04:00:00+0000_133.6463
YMNCKT,Yamuna at Chitrakoot,Yamuna Basin,2026-03-21 05:00:00+00:00,133.5493815760651,NORMAL,136.0,137.0,138.0,25.14133,80.85446,YMNCKT_2026-03-21T05:00:00+0000_133.5494
YMNCKT,Yamuna at Chitrakoot,Yamuna Basin,2026-03-21 06:00:00+00:00,133.56748005752308,NORMAL,136.0,137.0,138.0,25.14133,80.85446,YMNCKT_2026-03-21T06:00:00+0000_133.5675
YMNCKT,Yamuna at Chitrakoot,Yamuna Basin,2026-03-21 07:00:00+00:00,133.5314684692261,NORMAL,136.0,137.0,138.0,25.14133,80.85446,YMNCKT_2026-03-21T07:00:00+0000_133.5315
YMNCKT,Yamuna at Chitrakoot,Yamuna Basin,2026-03-21 08:00:00+00:00,133.50322932872598,NORMAL,136.0,137.0,138.0,25.14133,80.85446,YMNCKT_2026-03-21T08:00:00+0000_133.5032
YMNCKT,Yamuna at Chitrakoot,Yamuna Basin,2026-03-21 09:00:00+00:00,133.52646236880355,NORMAL,136.0,137.0,138.0,25.14133,80.85446,YMNCKT_2026-03-21T09:00:00+0000_133.5265
YMNCKT,Yamuna at Chitrakoot,Yamuna Basin,2026-03-21 10:00:00+00:00,133.56612641218732,NORMAL,136.0,137.0,138.0,25.14133,80.85446,YMNCKT_2026-03-21T10:00:00+0000_133.5661
YMNCKT,Yamuna at Chitrakoot,Yamuna Basin,2026-03-21 11:00:00+00:00,133.67087849649425,NORMAL,136.0,137.0,138.0,25.14133,80.85446,YMNCKT_2026-03-21T11:00:00+0000_133.6709
YMNCKT,Yamuna at Chitrakoot,Yamuna Basin,2026-03-21 12:00:00+00:00,133.65763510698434,NORMAL,136.0,137.0,138.0,25.14133,80.85446,YMNCKT_2026-03-21T12:00:00+0000_133.6576
YMNCKT,Yamuna at Chitrakoot,Yamuna Basin,2026-03-21 13:00:00+00:00,133.71585314112923,NORMAL,136.0,137.0,138.0,25.14133,80.85446,YMNCKT_2026-03-21T13:00:00+0000_133.7159
YMNCKT,Yamuna at Chitrakoot,Yamuna Basin,2026-03-21 14:00:00+00:00,133.84454321890715,NORMAL,136.0,137.0,138.0,25.14133,80.85446,YMNCKT_2026-03-21T14:00:00+0000_133.8445
YMNCKT,Yamuna at Chitrakoot,Yamuna Basin,2026-03-21 15:00:00+00:00,133.82724197103082,NORMAL,136.0,137.0,138.0,25.14133,80.85446,YMNCKT_2026-03-21T15:00:00+0000_133.8272
YMNCKT,Yamuna at Chitrakoot,Yamuna Basin,2026-03-21 16:00:00+00:00,133.96067720962807,NORMAL,136.0,137.0,138.0,25.14133,80.85446,YMNCKT_2026-03-21T16:00:00+0000_133.9607
YMNCKT,Yamuna at Chitrakoot,Yamuna Basin,2026-03-21 17:00:00+00:00,,,136.0,137.0,138.0,25.14133,80.85446,YMNCKT_2026-03-21T17:00:00+0000_
YMNCKT,Yamuna at Chitrakoot,Yamuna Basin,2026-03-21 18:00:00+00:00,133.9649924483819,NORMAL,136.0,137.0,138.0,25.14133,80.85446,YMNCKT_2026-03-21T18:00:00+0000_133.9650
YMNCKT,Yamuna at Chitrakoot,Yamuna Basin,2026-03-21 19:00:00+00:00,134.00250889168183,NORMAL,136.0,137.0,138.0,25.14133,80.85446,YMNCKT_2026-03-21T19:00:00+0000_134.0025
YMNCKT,Yamuna at Chitrakoot,Yamuna Basin,2026-03-21 20:00:00+00:00,134.01411727810856,NORMAL,136.0,137.0,138.0,25.14133,80.85446,YMNCKT_2026-03-21T20:00:00+0000_134.0141
YMNCKT,Yamuna at Chitrakoot,Yamuna Basin,2026-03-21 21:00:00+00:00,133.94266951342075,NORMAL,136.0,137.0,138.0,25.14133,80.85446,YMNCKT_2026-03-21T21:00:00+0000_133.9427
YMNCKT,Yamuna at Chitrakoot,Yamuna Basin,2026-03-21 22:00:00+00:00,133.95360976063836,NORMAL,136.0,137.0,138.0,25.14133,80.85446,YMNCKT_2026-03-21T22:00:00+0000_133.9536
YMNCKT,Yamuna at Chitrakoot,Yamuna Basin,2026-03-21 23:00:00+00:00,133.85198032968182,NORMAL,136.0,137.0,138.0,25.14133,80.85446,YMNCKT_2026-03-21T23:00:00+0000_133.8520
YMNCKT,Yamuna at Chitrakoot,Yamuna Basin,2026-03-22 00:00:00+00:00,133.7834547260664,NORMAL,136.0,137.0,138.0,25.14133,80.85446,YMNCKT_2026-03-22T00:00:00+0000_133.7835
YMNCKT,Yamuna at Chitrakoot,Yamuna Basin,2026-03-22 01:00:00+00:00,,,136.0,137.0,138.0,25.14133,80.85446,YMNCKT_2026-03-22T01:00:00+0000_
YMNCKT,Yamuna at Chitrakoot,Yamuna Basin,2026-03-22 02:00:00+00:00,133.75017406171585,NORMAL,136.0,137.0,138.0,25.14133,80.85446,YMNCKT_2026-03-22T02:00:00+0000_133.7502
YMNCKT,Yamuna at Chitrakoot,Yamuna Basin,2026-03-22 03:00:00+00:00,,,136.0,137.0,138.0,25.14133,80.85446,YMNCKT_2026-03-22T03:00:00+0000_
YMNCKT,Yamuna at Chitrakoot,Yamuna Basin,2026-03-22 04:00:00+00:00,133.56282093126458,NORMAL,136.0,137.0,138.0,25.14133,80.85446,YMNCKT_2026-03-22T04:00:00+0000_133.5628
YMNCKT,Yamuna at Chitrakoot,Yamuna Basin,2026-03-22 05:00:00+00:00,133.59193465752276,NORMAL,136.0,137.0,138.0,25.14133,80.85446,YMNCKT_2026-03-22T05:00:00+0000_133.5919
YMNCKT,Yamuna at Chitrakoot,Yamuna Basin,2026-03-22 06:00:00+00:00,133.55886648134225,NORMAL,136.0,137.0,138.0,25.14133,80.85446,YMNCKT_2026-03-22T06:00:00+0000_133.5589
YMNCKT,Yamuna at Chitrakoot,Yamuna Basin,2026-03-22 07:00:00+00:00,133.5652464334241,NORMAL,136.0,137.0,138.0,25.14133,80.85446,YMNCKT_2026-03-22T07:00:00+0000_133.5652
YMNCKT,Yamuna at Chitrakoot,Yamuna Basin,2026-03-22 08:00:00+00:00,133.50752341320492,NORMAL,136.0,137.0,138.0,25.14133,80.85446,YMNCKT_2026-03-22T08:00:00+0000_133.5075
YMNCKT,Yamuna at Chitrakoot,Yamuna Basin,2026-03-22 09:00:00+00:00,,,136.0,137.0,138.0,25.14133,80.85446,YMNCKT_2026-03-22T09:00:00+0000_
YMNCKT,Yamuna at Chitrakoot,Yamuna Basin,2026-03-22 10:00:00+00:00,133.59169212255495,NORMAL,136.0,137.0,138.0,25.14133,80.85446,YMNCKT_2026-03-22T10:00:00+0000_133.5917
YMNCKT,Yamuna at Chitrakoot,Yamuna Basin,2026-03-22 11:00:00+00:00,133.66349906251324,NORMAL,136.0,137.0,138.0,25.14133,80.85446,YMNCKT_2026-03-22T11:00:00+0000_133.6635
YMNCKT,Yamuna at Chitrakoot,Yamuna Basin,2026-03-22 12:00:00+00:00,133.68805600695046,NORMAL,136.0,137.0,138.0,25.14133,80.85446,YMNCKT_2026-03-22T12:00:00+0000_133.6881
YMNCKT,Yamuna at Chitrakoot,Yamuna Basin,2026-03-22 13:00:00+00:00,133.772335256143,NORMAL,136.0,137.0,138.0,25.14133,80.85446,YMNCKT_2026-03-22T13:00:00+0000_133.7723
YMNCKT,Yamuna at Chitrakoot,Yamuna Basin,2026-03-22 14:00:00+00:00,133.80935180001762,NORMAL,136.0,137.0,138.0,25.14133,80.85446,YMNCKT_2026-03-22T14:00:00+0000_133.8094
YMNCKT,Yamuna at Chitrakoot,Yamuna Basin,2026-03-22 15:00:00+00:00,133.91709220609502,NORMAL,136.0,137.0,138.0,25.14133,80.85446,YMNCKT_2026-03-22T15:00:00+0000_133.9171
YMNCKT,Yamuna at Chitrakoot,Yamuna Basin,2026-03-22 16:00:00+00:00,133.87771504681086,NORMAL,136.0,137.0,138.0,25.14133,80.85446,YMNCKT_2026-03-22T16:00:00+0000_133.8777
YMNCKT,Yamuna at Chitrakoot,Yamuna Basin,2026-03-22 17:00:00+00:00,133.90832578517166,NORMAL,136.0,137.0,138.0,25.14133,80.85446,YMNCKT_2026-03-22T17:00:00+0000_133.9083
YMNCKT,Yamuna at Chitrakoot,Yamuna Basin,2026-03-22 18:00:00+00:00,133.95238180137542,NORMAL,136.0,137.0,138.0,25.14133,80.85446,YMNCKT_2026-03-22T18:00:00+0000_133.9524
YMNCKT,Yamuna at Chitrakoot,Yamuna Basin,2026-03-22 19:00:00+00:00,133.94588613219904,NORMAL,136.0,137.0,138.0,25.14133,80.85446,YMNCKT_2026-03-22T19:00:00+0000_133.9459
YMNCKT,Yamuna at Chitrakoot,Yamuna Basin,2026-03-22 20:00:00+00:00,133.95483456970223,NORMAL,136.0,137.0,138.0,25.14133,80.85446,YMNCKT_2026-03-22T20:00:00+0000_133.9548
YMNCKT,Yamuna at Chitrakoot,Yamuna Basin,2026-03-22 21:00:00+00:00,133.90616216879286,NORMAL,136.0,137.0,138.0,25.14133,80.85446,YMNCKT_2026-03-22T21:00:00+0000_133.9062
YMNCKT,Yamuna at Chitrakoot,Yamuna Basin,2026-03-22 22:00:00+00:00,133.90859141279907,NORMAL,136.0,137.0,138.0,25.14133,80.85446,YMNCKT_2026-03-22T22:00:00+0000_133.9086
YMNCKT,Yamuna at Chitrakoot,Yamuna Basin,2026-03-22 23:00:00+00:00,133.83573298917082,NORMAL,136.0,137.0,138.0,25.14133,80.85446,YMNCKT_2026-03-22T23:00:00+0000_133.8357
YMNCKT,Yamuna at Chitrakoot,Yamuna Basin,2026-03-23 00:00:00+00:00,133.78760871285033,NORMAL,136.0,137.0,138.0,25.14133,80.85446,YMNCKT_2026-03-23T00:00:00+0000_133.7876
YMNCKT,Yamuna at Chitrakoot,Yamuna Basin,2026-03-23 01:00:00+00:00,133.7696096932283,NORMAL,136.0,137.0,138.0,25.14133,80.85446,YMNCKT_2026-03-23T01:00:00+0000_133.7696
YMNCKT,Yamuna at Chitrakoot,Yamuna Basin,2026-03-23 02:00:00+00:00,133.70431161575226,NORMAL,136.0,137.0,138.0,25.14133,80.85446,YMNCKT_2026-03-23T02:00:00+0000_133.7043
YMNCKT,Yamuna at Chitrakoot,Yamuna Basin,2026-03-23 03:00:00+00:00,133.66053438195203,NORMAL,136.0,137.0,138.0,25.14133,80.85446,YMNCKT_2026-03-23T03:00:00+0000_133.6605
YMNCKT,Yamuna at Chitrakoot,Yamuna Basin,2026-03-23 04:00:00+00:00,133.57206288922325,NORMAL,136.0,137.0,138.0,25.14133,80.85446,YMNCKT_2026-03-23T04:00:00+0000_133.5721
YMNCKT,Yamuna at Chitrakoot,Yamuna Basin,2026-03-23 05:00:00+00:00,133.5658365135689,NORMAL,136.0,137.0,138.0,25.14133,80.85446,YMNCKT_2026-03-23T05:00:00+0000_133.5658
YMNCKT,Yamuna at Chitrakoot,Yamuna Basin,2026-03-23 06:00:00+00:00,133.58770713845843,NORMAL,136.0,137.0,138.0,25.14133,80.85446,YMNCKT_2026-03-23T06:00:00+0000_133.5877
YMNCKT,Yamuna at Chitrakoot,Yamuna Basin,2026-03-23 07:00:00+00:00,133.57894087137527,NORMAL,136.0,137.0,138.0,25.14133,80.85446,YMNCKT_2026-03-23T07:00:00+0000_133.5789
YMNCKT,Yamuna at Chitrakoot,Yamuna Basin,2026-03-23 08:00:00+00:00,133.5145591500858,NORMAL,136.0,137.0,138.0,25.14133,80.85446,YMNCKT_2026-03-23T08:00:00+0000_133.5146
YMNCKT,Yamuna at Chitrakoot,Yamuna Basin,2026-03-23 09:00:00+00:00,133.57615893146513,NORMAL,136.0,137.0,138.0,25.14133,80.85446,YMNCKT_2026-03-23T09:00:00+0000_133.5762
YMNCKT,Yamuna at Chitrakoot,Yamuna Basin,2026-03-23 10:00:00+00:00,133.5972332494313,NORMAL,136.0,137.0,138.0,25.14133,80.85446,YMNCKT_2026-03-23T10:00:00+0000_133.5972
YMNCKT,Yamuna at Chitrakoot,Yamuna Basin,2026-03-23 11:00:00+00:00,133.61331672242036,NORMAL,136.0,137.0,138.0,25.14133,80.85446,YMNCKT_2026-03-23T11:00:00+0000_133.6133
YMNCKT,Yamuna at Chitrakoot,Yamuna Basin,2026-03-23 12:00:00+00:00,133.7571991657194,NORMAL,136.0,137.0,138.0,25.14133,80.85446,YMNCKT_2026-03-23T12:00:00+0000_133.7572
YMNCKT,Yamuna at Chitrakoot,Yamuna Basin,2026-03-23 13:00:00+00:00,133.77993924085172,NORMAL,136.0,137.0,138.0,25.14133,80.85446,YMNCKT_2026-03-23T13:00:00+0000_133.7799
YMNCKT,Yamuna at Chitrakoot,Yamuna Basin,2026-03-23 14:00:00+00:00,133.78045333627935,NORMAL,136.0,137.0,138.0,25.14133,80.85446,YMNCKT_2026-03-23T14:00:00+0000_133.7805
YMNCKT,Yamuna at Chitrakoot,Yamuna Basin,2026-03-23 15:00:00+00:00,133.86114944215137,NORMAL,136.0,137.0,138.0,25.14133,80.85446,YMNCKT_2026-03-23T15:00:00+0000_133.8611
YMNCKT,Yamuna at Chitrakoot,Yamuna Basin,2026-03-23 16:00:00+00:00,133.96119877374858,NORMAL,136.0,137.0,138.0,25.14133,80.85446,YMNCKT_2026-03-23T16:00:00+0000_133.9612
YMNCKT,Yamuna at Chitrakoot,Yamuna Basin,2026-03-23 17:00:00+00:00,133.96132263783582,NORMAL,136.0,137.0,138.0,25.14133,80.85446,YMNCKT_2026-03-23T17:00:00+0000_133.9613
YMNCKT,Yamuna at Chitrakoot,Yamuna Basin,2026-03-23 18:00:00+00:00,134.00447162187564,NORMAL,136.0,137.0,138.0,25.14133,80.85446,YMNCKT_2026-03-23T18:00:00+0000_134.0045
YMNCKT,Yamuna at Chitrakoot,Yamuna Basin,2026-03-23 19:00:00+00:00,134.0044595035879,NORMAL,136.0,137.0,138.0,25.14133,80.85446,YMNCKT_2026-03-23T19:00:00+0000_134.0045
YMNCKT,Yamuna at Chitrakoot,Yamuna Basin,2026-03-23 20:00:00+00:00,134.00890887242554,NORMAL,136.0,137.0,138.0,25.14133,80.85446,YMNCKT_2026-03-23T20:00:00+0000_134.0089
YMNCKT,Yamuna at Chitrakoot,Yamuna Basin,2026-03-23 21:00:00+00:00,133.96529539370204,NORMAL,136.0,137.0,138.0,25.14133,80.85446,YMNCKT_2026-03-23T21:00:00+0000_133.9653
YMNCKT,Yamuna at Chitrakoot,Yamuna Basin,2026-03-23 22:00:00+00:00,133.90798109741843,NORMAL,136.0,137.0,138.0,25.14133,80.85446,YMNCKT_2026-03-23T22:00:00+0000_133.9080
YMNCKT,Yamuna at Chitrakoot,Yamuna Basin,2026-03-23 23:00:00+00:00,133.85039472469396,NORMAL,136.0,137.0,138.0,25.14133,80.85446,YMNCKT_2026-03-23T23:00:00+0000_133.8504
YMNCKT,Yamuna at Chitrakoot,Yamuna Basin,2026-03-24 00:00:00+00:00,133.83907273191994,NORMAL,136.0,137.0,138.0,25.14133,80.85446,YMNCKT_2026-03-24T00:00:00+0000_133.8391
YMNCKT,Yamuna at Chitrakoot,Yamuna Basin,2026-03-24 01:00:00+00:00,133.77389514192765,NORMAL,136.0,137.0,138.0,25.14133,80.85446,YMNCKT_2026-03-24T01:00:00+0000_133.7739
YMNCKT,Yamuna at Chitrakoot,Yamuna Basin,2026-03-24 02:00:00+00:00,133.7056510064838,NORMAL,136.0,137.0,138.0,25.14133,80.85446,YMNCKT_2026-03-24T02:00:00+0000_133.7057
YMNCKT,Yamuna at Chitrakoot,Yamuna Basin,2026-03-24 03:00:00+00:00,133.6677983843151,NORMAL,136.0,137.0,138.0,25.14133,80.85446,YMNCKT_2026-03-24T03:00:00+0000_133.6678
YMNCKT,Yamuna at Chitrakoot,Yamuna Basin,2026-03-24 04:00:00+00:00,133.67113524317287,NORMAL,136.0,137.0,138.0,25.14133,80.85446,YMNCKT_2026-03-24T04:00:00+0000_133.6711
YMNCKT,Yamuna at Chitrakoot,Yamuna Basin,2026-03-24 05:00:00+00:00,133.59649219704448,NORMAL,136.0,137.0,138.0,25.14133,80.85446,YMNCKT_2026-03-24T05:00:00+0000_133.5965
YMNCKT,Yamuna at Chitrakoot,Yamuna Basin,2026-03-24 06:00:00+00:00,,,136.0,137.0,138.0,25.14133,80.85446,YMNCKT_2026-03-24T06:00:00+0000_
YMNCKT,Yamuna at Chitrakoot,Yamuna Basin,2026-03-24 07:00:00+00:00,133.5500139602352,NORMAL,136.0,137.0,138.0,25.14133,80.85446,YMNCKT_2026-03-24T07:00:00+0000_133.5500
YMNCKT,Yamuna at Chitrakoot,Yamuna Basin,2026-03-24 08:00:00+00:00,133.51949140245205,NORMAL,136.0,137.0,138.0,25.14133,80.85446,YMNCKT_2026-03-24T08:00:00+0000_133.5195
YMNCKT,Yamuna at Chitrakoot,Yamuna Basin,2026-03-24 09:00:00+00:00,133.57441958093992,NORMAL,136.0,137.0,138.0,25.14133,80.85446,YMNCKT_2026-03-24T09:00:00+0000_133.5744
YMNCKT,Yamuna at Chitrakoot,Yamuna Basin,2026-03-24 10:00:00+00:00,133.6119424251418,NORMAL,136.0,137.0,138.0,25.14133,80.85446,YMNCKT_2026-03-24T10:00:00+0000_133.6119
YMNCKT,Yamuna at Chitrakoot,Yamuna Basin,2026-03-24 11:00:00+00:00,133.63267067333754,NORMAL,136.0,137.0,138.0,25.14133,80.85446,YMNCKT_2026-03-24T11:00:00+0000_133.6327
YMNCKT,Yamuna at Chitrakoot,Yamuna Basin,2026-03-24 12:00:00+00:00,133.7637576563993,NORMAL,136.0,137.0,138.0,25.14133,80.85446,YMNCKT_2026-03-24T12:00:00+0000_133.7638
YMNCKT,Yamuna at Chitrakoot,Yamuna Basin,2026-03-24 13:00:00+00:00,133.76633627696438,NORMAL,136.0,137.0,138.0,25.14133,80.85446,YMNCKT_2026-03-24T13:00:00+0000_133.7663
YMNCKT,Yamuna at Chitrakoot,Yamuna Basin,2026-03-24 14:00:00+00:00,133.86289605711087,NORMAL,136.0,137.0,138.0,25.14133,80.85446,YMNCKT_2026-03-24T14:00:00+0000_133.8629
YMNCKT,Yamuna at Chitrakoot,Yamuna Basin,2026-03-24 15:00:00+00:00,133.8655988754218,NORMAL,136.0,137.0,138.0,25.14133,80.85446,YMNCKT_2026-03-24T15:00:00+0000_133.8656
YMNCKT,Yamuna at Chitrakoot,Yamuna Basin,2026-03-24 16:00:00+00:00,133.93198841076708,NORMAL,136.0,137.0,138.0,25.14133,80.85446,YMNCKT_2026-03-24T16:00:00+0000_133.9320
YMNCKT,Yamuna at Chitrakoot,Yamuna Basin,2026-03-24 17:00:00+00:00,134.01064702525193,NORMAL,136.0,137.0,138.0,25.14133,80.85446,YMNCKT_2026-03-24T17:00:00+0000_134.0106
YMNCKT,Yamuna at Chitrakoot,Yamuna Basin,2026-03-24 18:00:00+00:00,133.9508929687416,NORMAL,136.0,137.0,138.0,25.14133,80.85446,YMNCKT_2026-03-24T18:00:00+0000_133.9509
YMNCKT,Yamuna at Chitrakoot,Yamuna Basin,2026-03-24 19:00:00+00:00,134.03650965849295,NORMAL,136.0,137.0,138.0,25.14133,80.85446,YMNCKT_2026-03-24T19:00:00+0000_134.0365
YMNCKT,Yamuna at Chitrakoot,Yamuna Basin,2026-03-24 20:00:00+00:00,133.9588943032559,NORMAL,136.0,137.0,138.0,25.14133,80.85446,YMNCKT_2026-03-24T20:00:00+0000_133.9589
YMNCKT,Yamuna at Chitrakoot,Yamuna Basin,2026-03-24 21:00:00+00:00,133.93222142494344,NORMAL,136.0,137.0,138.0,25.14133,80.85446,YMNCKT_2026-03-24T21:00:00+0000_133.9322
YMNCKT,Yamuna at Chitrakoot,Yamuna Basin,2026-03-24 22:00:00+00:00,133.9759696362038,NORMAL,136.0,137.0,138.0,25.14133,80.85446,YMNCKT_2026-03-24T22:00:00+0000_133.9760
YMNCKT,Yamuna at Chitrakoot,Yamuna Basin,2026-03-24 23:00:00+00:00,133.91517090121377,NORMAL,136.0,137.0,138.0,25.14133,80.85446,YMNCKT_2026-03-24T23:00:00+0000_133.9152
YMNCKT,Yamuna at Chitrakoot,Yamuna Basin,2026-03-25 00:00:00+00:00,133.83703542532857,NORMAL,136.0,137.0,138.0,25.14133,80.85446,YMNCKT_2026-03-25T00:00:00+0000_133.8370
YMNCKT,Yamuna at Chitrakoot,Yamuna Basin,2026-03-25 01:00:00+00:00,133.7768795992272,NORMAL,136.0,137.0,138.0,25.14133,80.85446,YMNCKT_2026-03-25T01:00:00+0000_133.7769
YMNCKT,Yamuna at Chitrakoot,Yamuna Basin,2026-03-25 02:00:00+00:00,133.7716330867301,NORMAL,136.0,137.0,138.0,25.14133,80.85446,YMNCKT_2026-03-25T02:00:00+0000_133.7716
YMNCKT,Yamuna at Chitrakoot,Yamuna Basin,2026-03-25 03:00:00+00:00,133.69277266838526,NORMAL,136.0,137.0,138.0,25.14133,80.85446,YMNCKT_2026-03-25T03:00:00+0000_133.6928
YMNCKT,Yamuna at Chitrakoot,Yamuna Basin,2026-03-25 04:00:00+00:00,133.60504944833565,NORMAL,136.0,137.0,138.0,25.14133,80.85446,YMNCKT_2026-03-25T04:00:00+0000_133.6050
YMNCKT,Yamuna at Chitrakoot,Yamuna Basin,2026-03-25 05:00:00+00:00,133.62413483368627,NORMAL,136.0,137.0,138.0,25.14133,80.85446,YMNCKT_2026-03-25T05:00:00+0000_133.6241
YMNCKT,Yamuna at Chitrakoot,Yamuna Basin,2026-03-25 06:00:00+00:00,133.55426651500258,NORMAL,136.0,137.0,138.0,25.14133,80.85446,YMNCKT_2026-03-25T06:00:00+0000_133.5543
YMNCKT,Yamuna at Chitrakoot,Yamuna Basin,2026-03-25 07:00:00+00:00,133.52833405958552,NORMAL,136.0,137.0,138.0,25.14133,80.85446,YMNCKT_2026-03-25T07:00:00+0000_133.5283
YMNCKT,Yamuna at Chitrakoot,Yamuna Basin,2026-03-25 08:00:00+00:00,133.58944243756957,NORMAL,136.0,137.0,138.0,25.14133,80.85446,YMNCKT_2026-03-25T08:00:00+0000_133.5894
YMNCKT,Yamuna at Chitrakoot,Yamuna Basin,2026-03-25 09:00:00+00:00,133.59926812456763,NORMAL,136.0,137.0,138.0,25.14133,80.85446,YMNCKT_2026-03-25T09:00:00+0000_133.5993
YMNCKT,Yamuna at Chitrakoot,Yamuna Basin,2026-03-25 10:00:00+00:00,133.65885578506797,NORMAL,136.0,137.0,138.0,25.14133,80.85446,YMNCKT_2026-03-25T10:00:00+0000_133.6589
YMNCKT,Yamuna at Chitrakoot,Yamuna Basin,2026-03-25 11:00:00+00:00,133.71967290715776,NORMAL,136.0,137.0,138.0,25.14133,80.85446,YMNCKT_2026-03-25T11:00:00+0000_133.7197
YMNCKT,Yamuna at Chitrakoot,Yamuna Basin,2026-03-25 12:00:00+00:00,133.76348915690966,NORMAL,136.0,137.0,138.0,25.14133,80.85446,YMNCKT_2026-03-25T12:00:00+0000_133.7635
YMNCKT,Yamuna at Chitrakoot,Yamuna Basin,2026-03-25 13:00:00+00:00,133.82941018057235,NORMAL,136.0,137.0,138.0,25.14133,80.85446,YMNCKT_2026-03-25T13:00:00+0000_133.8294
YMNCKT,Yamuna at Chitrakoot,Yamuna Basin,2026-03-25 14:00:00+00:00,133.8523193149683,NORMAL,136.0,137.0,138.0,25.14133,80.85446,YMNCKT_2026-03-25T14:00:00+0000_133.8523
YMNCKT,Yamuna at Chitrakoot,Yamuna Basin,2026-03-25 15:00:00+00:00,133.88965508767976,NORMAL,136.0,137.0,138.0,25.14133,80.85446,YMNCKT_2026-03-25T15:00:00+0000_133.8897
YMNCKT,Yamuna at Chitrakoot,Yamuna Basin,2026-03-25 16:00:00+00:00,133.91034809626606,NORMAL,136.0,137.0,138.0,25.14133,80.85446,YMNCKT_2026-03-25T16:00:00+0000_133.9103
YMNCKT,Yamuna at Chitrakoot,Yamuna Basin,2026-03-25 17:00:00+00:00,133.9521073910959,NORMAL,136.0,137.0,138.0,25.14133,80.85446,YMNCKT_2026-03-25T17:00:00+0000_133.9521
YMNCKT,Yamuna at Chitrakoot,Yamuna Basin,2026-03-25 18:00:00+00:00,137.4516381274956,DANGER,136.0,137.0,138.0,25.14133,80.85446,YMNCKT_2026-03-25T18:00:00+0000_137.4516
YMNCKT,Yamuna at Chitrakoot,Yamuna Basin,2026-03-25 19:00:00+00:00,137.16535992593683,DANGER,136.0,137.0,138.0,25.14133,80.85446,YMNCKT_2026-03-25T19:00:00+0000_137.1654
YMNCKT,Yamuna at Chitrakoot,Yamuna Basin,2026-03-25 20:00:00+00:00,134.0219116855027,NORMAL,136.0,137.0,138.0,25.14133,80.85446,YMNCKT_2026-03-25T20:00:00+0000_134.0219
YMNCKT,Yamuna at Chitrakoot,Yamuna Basin,2026-03-25 21:00:00+00:00,133.9778277300992,NORMAL,136.0,137.0,138.0,25.14133,80.85446,YMNCKT_2026-03-25T21:00:00+0000_133.9778
YMNCKT,Yamuna at Chitrakoot,Yamuna Basin,2026-03-25 22:00:00+00:00,133.97808971429842,NORMAL,136.0,137.0,138.0,25.14133,80.85446,YMNCKT_2026-03-25T22:00:00+0000_133.9781
YMNCKT,Yamuna at Chitrakoot,Yamuna Basin,2026-03-25 23:00:00+00:00,,,136.0,137.0,138.0,25.14133,80.85446,YMNCKT_2026-03-25T23:00:00+0000_
YMNCKT,Yamuna at Chitrakoot,Yamuna Basin,2026-03-26 00:00:00+00:00,133.82129643820193,NORMAL,136.0,137.0,138.0,25.14133,80.85446,YMNCKT_2026-03-26T00:00:00+0000_133.8213
YMNCKT,Yamuna at Chitrakoot,Yamuna Basin,2026-03-26 01:00:00+00:00,133.7572683648691,NORMAL,136.0,137.0,138.0,25.14133,80.85446,YMNCKT_2026-03-26T01:00:00+0000_133.7573
YMNCKT,Yamuna at Chitrakoot,Yamuna Basin,2026-03-26 02:00:00+00:00,133.7380359873998,NORMAL,136.0,137.0,138.0,25.14133,80.85446,YMNCKT_2026-03-26T02:00:00+0000_133.7380
YMNCKT,Yamuna at Chitrakoot,Yamuna Basin,2026-03-26 03:00:00+00:00,133.72592654650438,NORMAL,136.0,137.0,138.0,25.14133,80.85446,YMNCKT_2026-03-26T03:00:00+0000_133.7259
YMNCKT,Yamuna at Chitrakoot,Yamuna Basin,2026-03-26 04:00:00+00:00,133.61468970229245,NORMAL,136.0,137.0,138.0,25.14133,80.85446,YMNCKT_2026-03-26T04:00:00+0000_133.6147
YMNCKT,Yamuna at Chitrakoot,Yamuna Basin,2026-03-26 05:00:00+00:00,133.61336062691797,NORMAL,136.0,137.0,138.0,25.14133,80.85446,YMNCKT_2026-03-26T05:00:00+0000_133.6134
YMNCKT,Yamuna at Chitrakoot,Yamuna Basin,2026-03-26 06:00:00+00:00,133.5533171542279,NORMAL,136.0,137.0,138.0,25.14133,80.85446,YMNCKT_2026-03-26T06:00:00+0000_133.5533
YMNCKT,Yamuna at Chitrakoot,Yamuna Basin,2026-03-26 07:00:00+00:00,133.52174402826097,NORMAL,136.0,137.0,138.0,25.14133,80.85446,YMNCKT_2026-03-26T07:00:00+0000_133.5217
YMNCKT,Yamuna at Chitrakoot,Yamuna Basin,2026-03-26 08:00:00+00:00,133.5629842609784,NORMAL,136.0,137.0,138.0,25.14133,80.85446,YMNCKT_2026-03-26T08:00:00+0000_133.5630
YMNCKT,Yamuna at Chitrakoot,Yamuna Basin,2026-03-26 09:00:00+00:00,133.5784187493049,NORMAL,136.0,137.0,138.0,25.14133,80.85446,YMNCKT_2026-03-26T09:00:00+0000_133.5784
YMNCKT,Yamuna at Chitrakoot,Yamuna Basin,2026-03-26 10:00:00+00:00,133.59472214692454,NORMAL,136.0,137.0,138.0,25.14133,80.85446,YMNCKT_2026-03-26T10:00:00+0000_133.5947
YMNCKT,Yamuna at Chitrakoot,Yamuna Basin,2026-03-26 11:00:00+00:00,133.66862594472423,NORMAL,136.0,137.0,138.0,25.14133,80.85446,YMNCKT_2026-03-26T11:00:00+0000_133.6686
YMNCKT,Yamuna at Chitrakoot,Yamuna Basin,2026-03-26 12:00:00+00:00,133.73361321358092,NORMAL,136.0,137.0,138.0,25.14133,80.85446,YMNCKT_2026-03-26T12:00:00+0000_133.7336
YMNCKT,Yamuna at Chitrakoot,Yamuna Basin,2026-03-26 13:00:00+00:00,133.7467505038179,NORMAL,136.0,137.0,138.0,25.14133,80.85446,YMNCKT_2026-03-26T13:00:00+0000_133.7468
YMNCKT,Yamuna at Chitrakoot,Yamuna Basin,2026-03-26 14:00:00+00:00,133.80843516078355,NORMAL,136.0,137.0,138.0,25.14133,80.85446,YMNCKT_2026-03-26T14:00:00+0000_133.8084
YMNCKT,Yamuna at Chitrakoot,Yamuna Basin,2026-03-26 15:00:00+00:00,133.94552675611752,NORMAL,136.0,137.0,138.0,25.14133,80.85446,YMNCKT_2026-03-26T15:00:00+0000_133.9455
YMNCKT,Yamuna at Chitrakoot,Yamuna Basin,2026-03-26 16:00:00+00:00,133.92651924639648,NORMAL,136.0,137.0,138.0,25.14133,80.85446,YMNCKT_2026-03-26T16:00:00+0000_133.9265
YMNCKT,Yamuna at Chitrakoot,Yamuna Basin,2026-03-26 17:00:00+00:00,133.9851225513265,NORMAL,136.0,137.0,138.0,25.14133,80.85446,YMNCKT_2026-03-26T17:00:00+0000_133.9851
YMNCKT,Yamuna at Chitrakoot,Yamuna Basin,2026-03-26 18:00:00+00:00,134.0079710920491,NORMAL,136.0,137.0,138.0,25.14133,80.85446,YMNCKT_2026-03-26T18:00:00+0000_134.0080
YMNCKT,Yamuna at Chitrakoot,Yamuna Basin,2026-03-26 19:00:00+00:00,134.0023996587878,NORMAL,136.0,137.0,138.0,25.14133,80.85446,YMNCKT_2026-03-26T19:00:00+0000_134.0024
YMNCKT,Yamuna at Chitrakoot,Yamuna Basin,2026-03-26 20:00:00+00:00,133.9684130121731,NORMAL,136.0,137.0,138.0,25.14133,80.85446,YMNCKT_2026-03-26T20:00:00+0000_133.9684
YMNCKT,Yamuna at Chitrakoot,Yamuna Basin,2026-03-26 21:00:00+00:00,133.9856861356385,NORMAL,136.0,137.0,138.0,25.14133,80.85446,YMNCKT_2026-03-26T21:00:00+0000_133.9857
YMNCKT,Yamuna at Chitrakoot,Yamuna Basin,2026-03-26 22:00:00+00:00,133.95563718755653,NORMAL,136.0,137.0,138.0,25.14133,80.85446,YMNCKT_2026-03-26T22:00:00+0000_133.9556
YMNCKT,Yamuna at Chitrakoot,Yamuna Basin,2026-03-26 23:00:00+00:00,133.93166282752483,NORMAL,136.0,137.0,138.0,25.14133,80.85446,YMNCKT_2026-03-26T23:00:00+0000_133.9317
YMNCKT,Yamuna at Chitrakoot,Yamuna Basin,2026-03-27 00:00:00+00:00,133.80739629518095,NORMAL,136.0,137.0,138.0,25.14133,80.85446,YMNCKT_2026-03-27T00:00:00+0000_133.8074
YMNCKT,Yamuna at Chitrakoot,Yamuna Basin,2026-03-27 01:00:00+00:00,133.74848037789778,NORMAL,136.0,137.0,138.0,25.14133,80.85446,YMNCKT_2026-03-27T01:00:00+0000_133.7485
YMNCKT,Yamuna at Chitrakoot,Yamuna Basin,2026-03-27 02:00:00+00:00,133.75337297055725,NORMAL,136.0,137.0,138.0,25.14133,80.85446,YMNCKT_2026-03-27T02:00:00+0000_133.7534
YMNCKT,Yamuna at Chitrakoot,Yamuna Basin,2026-03-27 03:00:00+00:00,133.70115792787826,NORMAL,136.0,137.0,138.0,25.14133,80.85446,YMNCKT_2026-03-27T03:00:00+0000_133.7012
YMNCKT,Yamuna at Chitrakoot,Yamuna Basin,2026-03-27 04:00:00+00:00,133.6559084821297,NORMAL,136.0,137.0,138.0,25.14133,80.85446,YMNCKT_2026-03-27T04:00:00+0000_133.6559
YMNCKT,Yamuna at Chitrakoot,Yamuna Basin,2026-03-27 05:00:00+00:00,133.60841574345304,NORMAL,136.0,137.0,138.0,25.14133,80.85446,YMNCKT_2026-03-27T05:00:00+0000_133.6084
YMNCKT,Yamuna at Chitrakoot,Yamuna Basin,2026-03-27 06:00:00+00:00,133.60573324513132,NORMAL,136.0,137.0,138.0,25.14133,80.85446,YMNCKT_2026-03-27T06:00:00+0000_133.6057
YMNCKT,Yamuna at Chitrakoot,Yamuna Basin,2026-03-27 07:00:00+00:00,133.59911781234453,NORMAL,136.0,137.0,138.0,25.14133,80.85446,YMNCKT_2026-03-27T07:00:00+0000_133.5991
YMNCKT,Yamuna at Chitrakoot,Yamuna Basin,2026-03-27 08:00:00+00:00,133.62373757706536,NORMAL,136.0,137.0,138.0,25.14133,80.85446,YMNCKT_2026-03-27T08:00:00+0000_133.6237
YMNCKT,Yamuna at Chitrakoot,Yamuna Basin,2026-03-27 09:00:00+00:00,133.62641754259192,NORMAL,136.0,137.0,138.0,25.14133,80.85446,YMNCKT_2026-03-27T09:00:00+0000_133.6264
YMNCKT,Yamuna at Chitrakoot,Yamuna Basin,2026-03-27 10:00:00+00:00,133.65625630262295,NORMAL,136.0,137.0,138.0,25.14133,80.85446,YMNCKT_2026-03-27T10:00:00+0000_133.6563
YMNCKT,Yamuna at Chitrakoot,Yamuna Basin,2026-03-27 11:00:00+00:00,133.64860604134637,NORMAL,136.0,137.0,138.0,25.14133,80.85446,YMNCKT_2026-03-27T11:00:00+0000_133.6486
YMNCKT,Yamuna at Chitrakoot,Yamuna Basin,2026-03-27 12:00:00+00:00,133.75536690650193,NORMAL,136.0,137.0,138.0,25.14133,80.85446,YMNCKT_2026-03-27T12:00:00+0000_133.7554
YMNCKT,Yamuna at Chitrakoot,Yamuna Basin,2026-03-27 13:00:00+00:00,133.79116484657376,NORMAL,136.0,137.0,138.0,25.14133,80.85446,YMNCKT_2026-03-27T13:00:00+0000_133.7912
YMNCKT,Yamuna at Chitrakoot,Yamuna Basin,2026-03-27 14:00:00+00:00,133.84947687668125,NORMAL,136.0,137.0,138.0,25.14133,80.85446,YMNCKT_2026-03-27T14:00:00+0000_133.8495
YMNCKT,Yamuna at Chitrakoot,Yamuna Basin,2026-03-27 15:00:00+00:00,133.9048027756152,NORMAL,136.0,137.0,138.0,25.14133,80.85446,YMNCKT_2026-03-27T15:00:00+0000_133.9048
YMNCKT,Yamuna at Chitrakoot,Yamuna Basin,2026-03-27 16:00:00+00:00,133.98980491491275,NORMAL,136.0,137.0,138.0,25.14133,80.85446,YMNCKT_2026-03-27T16:00:00+0000_133.9898
YMNCKT,Yamuna at Chitrakoot,Yamuna Basin,2026-03-27 17:00:00+00:00,133.96053284997555,NORMAL,136.0,137.0,138.0,25.14133,80.85446,YMNCKT_2026-03-27T17:00:00+0000_133.9605
YMNCKT,Yamuna at Chitrakoot,Yamuna Basin,2026-03-27 18:00:00+00:00,133.98867102430708,NORMAL,136.0,137.0,138.0,25.14133,80.85446,YMNCKT_2026-03-27T18:00:00+0000_133.9887
YMNCKT,Yamuna at Chitrakoot,Yamuna Basin,2026-03-27 19:00:00+00:00,134.06071884552017,NORMAL,136.0,137.0,138.0,25.14133,80.85446,YMNCKT_2026-03-27T19:00:00+0000_134.0607
YMNCKT,Yamuna at Chitrakoot,Yamuna Basin,2026-03-27 20:00:00+00:00,134.03107026516855,NORMAL,136.0,137.0,138.0,25.14133,80.85446,YMNCKT_2026-03-27T20:00:00+0000_134.0311
YMNCKT,Yamuna at Chitrakoot,Yamuna Basin,2026-03-27 21:00:00+00:00,133.9841983038379,NORMAL,136.0,137.0,138.0,25.14133,80.85446,YMNCKT_2026-03-27T21:00:00+0000_133.9842
YMNCKT,Yamuna at Chitrakoot,Yamuna Basin,2026-03-27 22:00:00+00:00,133.9205813747232,NORMAL,136.0,137.0,138.0,25.14133,80.85446,YMNCKT_2026-03-27T22:00:00+0000_133.9206
YMNCKT,Yamuna at Chitrakoot,Yamuna Basin,2026-03-27 23:00:00+00:00,133.86103646066854,NORMAL,136.0,137.0,138.0,25.14133,80.85446,YMNCKT_2026-03-27T23:00:00+0000_133.8610
YMNCKT,Yamuna at Chitrakoot,Yamuna Basin,2026-03-28 00:00:00+00:00,,,136.0,137.0,138.0,25.14133,80.85446,YMNCKT_2026-03-28T00:00:00+0000_
YMNCKT,Yamuna at Chitrakoot,Yamuna Basin,2026-03-28 01:00:00+00:00,133.78421018683989,NORMAL,136.0,137.0,138.0,25.14133,80.85446,YMNCKT_2026-03-28T01:00:00+0000_133.7842
YMNCKT,Yamuna at Chitrakoot,Yamuna Basin,2026-03-28 02:00:00+00:00,133.7470381587422,NORMAL,136.0,137.0,138.0,25.14133,80.85446,YMNCKT_2026-03-28T02:00:00+0000_133.7470
YMNCKT,Yamuna at Chitrakoot,Yamuna Basin,2026-03-28 03:00:00+00:00,133.68766629298676,NORMAL,136.0,137.0,138.0,25.14133,80.85446,YMNCKT_2026-03-28T03:00:00+0000_133.6877
YMNCKT,Yamuna at Chitrakoot,Yamuna Basin,2026-03-28 04:00:00+00:00,133.6136849926284,NORMAL,136.0,137.0,138.0,25.14133,80.85446,YMNCKT_2026-03-28T04:00:00+0000_133.6137
YMNCKT,Yamuna at Chitrakoot,Yamuna Basin,2026-03-28 05:00:00+00:00,133.5907869725893,NORMAL,136.0,137.0,138.0,25.14133,80.85446,YMNCKT_2026-03-28T05:00:00+0000_133.5908
YMNCKT,Yamuna at Chitrakoot,Yamuna Basin,2026-03-28 06:00:00+00:00,133.61823723399522,NORMAL,136.0,137.0,138.0,25.14133,80.85446,YMNCKT_2026-03-28T06:00:00+0000_133.6182
YMNCKT,Yamuna at Chitrakoot,Yamuna Basin,2026-03-28 07:00:00+00:00,133.59083028532828,NORMAL,136.0,137.0,138.0,25.14133,80.85446,YMNCKT_2026-03-28T07:00:00+0000_133.5908
YMNCKT,Yamuna at Chitrakoot,Yamuna Basin,2026-03-28 08:00:00+00:00,133.61345890313515,NORMAL,136.0,137.0,138.0,25.14133,80.85446,YMNCKT_2026-03-28T08:00:00+0000_133.6135
YMNCKT,Yamuna at Chitrakoot,Yamuna Basin,2026-03-28 09:00:00+00:00,133.6172706053588,NORMAL,136.0,137.0,138.0,25.14133,80.85446,YMNCKT_2026-03-28T09:00:00+0000_133.6173
YMNCKT,Yamuna at Chitrakoot,Yamuna Basin,2026-03-28 10:00:00+00:00,133.66968343519238,NORMAL,136.0,137.0,138.0,25.14133,80.85446,YMNCKT_2026-03-28T10:00:00+0000_133.6697
YMNCKT,Yamuna at Chitrakoot,Yamuna Basin,2026-03-28 11:00:00+00:00,133.66247853522646,NORMAL,136.0,137.0,138.0,25.14133,80.85446,YMNCKT_2026-03-28T11:00:00+0000_133.6625
YMNCKT,Yamuna at Chitrakoot,Yamuna Basin,2026-03-28 12:00:00+00:00,133.7363930791316,NORMAL,136.0,137.0,138.0,25.14133,80.85446,YMNCKT_2026-03-28T12:00:00+0000_133.7364
YMNCKT,Yamuna at Chitrakoot,Yamuna Basin,2026-03-28 13:00:00+00:00,133.77920597240455,NORMAL,136.0,137.0,138.0,25.14133,80.85446,YMNCKT_2026-03-28T13:00:00+0000_133.7792
YMNCKT,Yamuna at Chitrakoot,Yamuna Basin,2026-03-28 14:00:00+00:00,133.8459868214087,NORMAL,136.0,137.0,138.0,25.14133,80.85446,YMNCKT_2026-03-28T14:00:00+0000_133.8460
YMNCKT,Yamuna at Chitrakoot,Yamuna Basin,2026-03-28 15:00:00+00:00,133.91152828026705,NORMAL,136.0,137.0,138.0,25.14133,80.85446,YMNCKT_2026-03-28T15:00:00+0000_133.9115
YMNCKT,Yamuna at Chitrakoot,Yamuna Basin,2026-03-28 16:00:00+00:00,133.95167309140032,NORMAL,136.0,137.0,138.0,25.14133,80.85446,YMNCKT_2026-03-28T16:00:00+0000_133.9517
YMNCKT,Yamuna at Chitrakoot,Yamuna Basin,2026-03-28 17:00:00+00:00,133.98289384611942,NORMAL,136.0,137.0,138.0,25.14133,80.85446,YMNCKT_2026-03-28T17:00:00+0000_133.9829
YMNCKT,Yamuna at Chitrakoot,Yamuna Basin,2026-03-28 18:00:00+00:00,134.00983920085562,NORMAL,136.0,137.0,138.0,25.14133,80.85446,YMNCKT_2026-03-28T18:00:00+0000_134.0098
YMNCKT,Yamuna at Chitrakoot,Yamuna Basin,2026-03-28 19:00:00+00:00,133.9687142387612,NORMAL,136.0,137.0,138.0,25.14133,80.85446,YMNCKT_2026-03-28T19:00:00+0000_133.9687
YMNCKT,Yamuna at Chitrakoot,Yamuna Basin,2026-03-28 20:00:00+00:00,134.03799342632954,NORMAL,136.0,137.0,138.0,25.14133,80.85446,YMNCKT_2026-03-28T20:00:00+0000_134.0380
YMNCKT,Yamuna at Chitrakoot,Yamuna Basin,2026-03-28 21:00:00+00:00,133.96867498462927,NORMAL,136.0,137.0,138.0,25.14133,80.85446,YMNCKT_2026-03-28T21:00:00+0000_133.9687
YMNCKT,Yamuna at Chitrakoot,Yamuna Basin,2026-03-28 22:00:00+00:00,133.9876976738003,NORMAL,136.0,137.0,138.0,25.14133,80.85446,YMNCKT_2026-03-28T22:00:00+0000_133.9877
YMNCKT,Yamuna at Chitrakoot,Yamuna Basin,2026-03-28 23:00:00+00:00,133.87455634374348,NORMAL,136.0,137.0,138.0,25.14133,80.85446,YMNCKT_2026-03-28T23:00:00+0000_133.8746
YMNCKT,Yamuna at Chitrakoot,Yamuna Basin,2026-03-29 00:00:00+00:00,133.8452614822665,NORMAL,136.0,137.0,138.0,25.14133,80.85446,YMNCKT_2026-03-29T00:00:00+0000_133.8453
YMNCKT,Yamuna at Chitrakoot,Yamuna Basin,2026-03-29 01:00:00+00:00,133.80244135808786,NORMAL,136.0,137.0,138.0,25.14133,80.85446,YMNCKT_2026-03-29T01:00:00+0000_133.8024
YMNCKT,Yamuna at Chitrakoot,Yamuna Basin,2026-03-29 02:00:00+00:00,133.72477437897533,NORMAL,136.0,137.0,138.0,25.14133,80.85446,YMNCKT_2026-03-29T02:00:00+0000_133.7248
YMNCKT,Yamuna at Chitrakoot,Yamuna Basin,2026-03-29 03:00:00+00:00,133.65767198296032,NORMAL,136.0,137.0,138.0,25.14133,80.85446,YMNCKT_2026-03-29T03:00:00+0000_133.6577
YMNCKT,Yamuna at Chitrakoot,Yamuna Basin,2026-03-29 04:00:00+00:00,133.66239006247855,NORMAL,136.0,137.0,138.0,25.14133,80.85446,YMNCKT_2026-03-29T04:00:00+0000_133.6624
YMNCKT,Yamuna at Chitrakoot,Yamuna Basin,2026-03-29 05:00:00+00:00,133.6633501934586,NORMAL,136.0,137.0,138.0,25.14133,80.85446,YMNCKT_2026-03-29T05:00:00+0000_133.6634
YMNCKT,Yamuna at Chitrakoot,Yamuna Basin,2026-03-29 06:00:00+00:00,133.6331790816137,NORMAL,136.0,137.0,138.0,25.14133,80.85446,YMNCKT_2026-03-29T06:00:00+0000_133.6332
YMNCKT,Yamuna at Chitrakoot,Yamuna Basin,2026-03-29 07:00:00+00:00,,,136.0,137.0,138.0,25.14133,80.85446,YMNCKT_2026-03-29T07:00:00+0000_
YMNCKT,Yamuna at Chitrakoot,Yamuna Basin,2026-03-29 08:00:00+00:00,133.5515816025802,NORMAL,136.0,137.0,138.0,25.14133,80.85446,YMNCKT_2026-03-29T08:00:00+0000_133.5516
YMNCKT,Yamuna at Chitrakoot,Yamuna Basin,2026-03-29 09:00:00+00:00,133.6225929175099,NORMAL,136.0,137.0,138.0,25.14133,80.85446,YMNCKT_2026-03-29T09:00:00+0000_133.6226
YMNCKT,Yamuna at Chitrakoot,Yamuna Basin,2026-03-29 10:00:00+00:00,133.69199790287234,NORMAL,136.0,137.0,138.0,25.14133,80.85446,YMNCKT_2026-03-29T10:00:00+0000_133.6920
YMNCKT,Yamuna at Chitrakoot,Yamuna Basin,2026-03-29 11:00:00+00:00,133.70227984579213,NORMAL,136.0,137.0,138.0,25.14133,80.85446,YMNCKT_2026-03-29T11:00:00+0000_133.7023
YMNCKT,Yamuna at Chitrakoot,Yamuna Basin,2026-03-29 12:00:00+00:00,133.7722863411773,NORMAL,136.0,137.0,138.0,25.14133,80.85446,YMNCKT_2026-03-29T12:00:00+0000_133.7723
YMNCKT,Yamuna at Chitrakoot,Yamuna Basin,2026-03-29 13:00:00+00:00,133.78897652613122,NORMAL,136.0,137.0,138.0,25.14133,80.85446,YMNCKT_2026-03-29T13:00:00+0000_133.7890
YMNCKT,Yamuna at Chitrakoot,Yamuna Basin,2026-03-29 14:00:00+00:00,133.87850426977357,NORMAL,136.0,137.0,138.0,25.14133,80.85446,YMNCKT_2026-03-29T14:00:00+0000_133.8785
YMNCKT,Yamuna at Chitrakoot,Yamuna Basin,2026-03-29 15:00:00+00:00,133.90267857628604,NORMAL,136.0,137.0,138.0,25.14133,80.85446,YMNCKT_2026-03-29T15:00:00+0000_133.9027
YMNCKT,Yamuna at Chitrakoot,Yamuna Basin,2026-03-29 16:00:00+00:00,133.94461705885607,NORMAL,136.0,137.0,138.0,25.14133,80.85446,YMNCKT_2026-03-29T16:00:00+0000_133.9446
YMNCKT,Yamuna at Chitrakoot,Yamuna Basin,2026-03-29 17:00:00+00:00,133.97572258874197,NORMAL,136.0,137.0,138.0,25.14133,80.85446,YMNCKT_2026-03-29T17:00:00+0000_133.9757
YMNCKT,Yamuna at Chitrakoot,Yamuna Basin,2026-03-29 18:00:00+00:00,134.06557460498905,NORMAL,136.0,137.0,138.0,25.14133,80.85446,YMNCKT_2026-03-29T18:00:00+0000_134.0656
YMNCKT,Yamuna at Chitrakoot,Yamuna Basin,2026-03-29 19:00:00+00:00,134.03201725121994,NORMAL,136.0,137.0,138.0,25.14133,80.85446,YMNCKT_2026-03-29T19:00:00+0000_134.0320
YMNCKT,Yamuna at Chitrakoot,Yamuna Basin,2026-03-29 20:00:00+00:00,134.04953861510086,NORMAL,136.0,137.0,138.0,25.14133,80.85446,YMNCKT_2026-03-29T20:00:00+0000_134.0495
YMNCKT,Yamuna at Chitrakoot,Yamuna Basin,2026-03-29 21:00:00+00:00,133.96367395631992,NORMAL,136.0,137.0,138.0,25.14133,80.85446,YMNCKT_2026-03-29T21:00:00+0000_133.9637
YMNCKT,Yamuna at Chitrakoot,Yamuna Basin,2026-03-29 22:00:00+00:00,133.95522725749606,NORMAL,136.0,137.0,138.0,25.14133,80.85446,YMNCKT_2026-03-29T22:00:00+0000_133.9552
YMNCKT,Yamuna at Chitrakoot,Yamuna Basin,2026-03-29 23:00:00+00:00,133.9231998039809,NORMAL,136.0,137.0,138.0,25.14133,80.85446,YMNCKT_2026-03-29T23:00:00+0000_133.9232
YMNCKT,Yamuna at Chitrakoot,Yamuna Basin,2026-03-30 00:00:00+00:00,133.86595830430494,NORMAL,136.0,137.0,138.0,25.14133,80.85446,YMNCKT_2026-03-30T00:00:00+0000_133.8660
YMNCKT,Yamuna at Chitrakoot,Yamuna Basin,2026-03-30 01:00:00+00:00,133.8434283591869,NORMAL,136.0,137.0,138.0,25.14133,80.85446,YMNCKT_2026-03-30T01:00:00+0000_133.8434
YMNCKT,Yamuna at Chitrakoot,Yamuna Basin,2026-03-30 02:00:00+00:00,133.790238522225,NORMAL,136.0,137.0,138.0,25.14133,80.85446,YMNCKT_2026-03-30T02:00:00+0000_133.7902
YMNCKT,Yamuna at Chitrakoot,Yamuna Basin,2026-03-30 03:00:00+00:00,133.70519979651309,NORMAL,136.0,137.0,138.0,25.14133,80.85446,YMNCKT_2026-03-30T03:00:00+0000_133.7052
YMNCKT,Yamuna at Chitrakoot,Yamuna Basin,2026-03-30 04:00:00+00:00,133.68103393210183,NORMAL,136.0,137.0,138.0,25.14133,80.85446,YMNCKT_2026-03-30T04:00:00+0000_133.6810
YMNCKT,Yamuna at Chitrakoot,Yamuna Basin,2026-03-30 05:00:00+00:00,133.62447260939558,NORMAL,136.0,137.0,138.0,25.14133,80.85446,YMNCKT_2026-03-30T05:00:00+0000_133.6245
YMNCKT,Yamuna at Chitrakoot,Yamuna Basin,2026-03-30 06:00:00+00:00,133.55241323117505,NORMAL,136.0,137.0,138.0,25.14133,80.85446,YMNCKT_2026-03-30T06:00:00+0000_133.5524
YMNCKT,Yamuna at Chitrakoot,Yamuna Basin,2026-03-30 07:00:00+00:00,133.59555128348592,NORMAL,136.0,137.0,138.0,25.14133,80.85446,YMNCKT_2026-03-30T07:00:00+0000_133.5956
YMNCKT,Yamuna at Chitrakoot,Yamuna Basin,2026-03-30 08:00:00+00:00,133.6253713994357,NORMAL,136.0,137.0,138.0,25.14133,80.85446,YMNCKT_2026-03-30T08:00:00+0000_133.6254
YMNCKT,Yamuna at Chitrakoot,Yamuna Basin,2026-03-30 09:00:00+00:00,133.61941737925963,NORMAL,136.0,137.0,138.0,25.14133,80.85446,YMNCKT_2026-03-30T09:00:00+0000_133.6194
YMNCKT,Yamuna at Chitrakoot,Yamuna Basin,2026-03-30 10:00:00+00:00,133.69282410257,NORMAL,136.0,137.0,138.0,25.14133,80.85446,YMNCKT_2026-03-30T10:00:00+0000_133.6928
YMNCKT,Yamuna at Chitrakoot,Yamuna Basin,2026-03-30 11:00:00+00:00,133.71348651715337,NORMAL,136.0,137.0,138.0,25.14133,80.85446,YMNCKT_2026-03-30T11:00:00+0000_133.7135
YMNCKT,Yamuna at Chitrakoot,Yamuna Basin,2026-03-30 12:00:00+00:00,133.79451849060365,NORMAL,136.0,137.0,138.0,25.14133,80.85446,YMNCKT_2026-03-30T12:00:00+0000_133.7945
YMNCKT,Yamuna at Chitrakoot,Yamuna Basin,2026-03-30 13:00:00+00:00,133.84043438758965,NORMAL,136.0,137.0,138.0,25.14133,80.85446,YMNCKT_2026-03-30T13:00:00+0000_133.8404
YMNCKT,Yamuna at Chitrakoot,Yamuna Basin,2026-03-30 14:00:00+00:00,133.90987347086934,NORMAL,136.0,137.0,138.0,25.14133,80.85446,YMNCKT_2026-03-30T14:00:00+0000_133.9099
YMNCKT,Yamuna at Chitrakoot,Yamuna Basin,2026-03-30 15:00:00+00:00,133.88550354259692,NORMAL,136.0,137.0,138.0,25.14133,80.85446,YMNCKT_2026-03-30T15:00:00+0000_133.8855
YMNCKT,Yamuna at Chitrakoot,Yamuna Basin,2026-03-30 16:00:00+00:00,133.9718712394385,NORMAL,136.0,137.0,138.0,25.14133,80.85446,YMNCKT_2026-03-30T16:00:00+0000_133.9719
YMNCKT,Yamuna at Chitrakoot,Yamuna Basin,2026-03-30 17:00:00+00:00,134.01649476773736,NORMAL,136.0,137.0,138.0,25.14133,80.85446,YMNCKT_2026-03-30T17:00:00+0000_134.0165
YMNCKT,Yamuna at Chitrakoot,Yamuna Basin,2026-03-30 18:00:00+00:00,134.01063766543703,NORMAL,136.0,137.0,138.0,25.14133,80.85446,YMNCKT_2026-03-30T18:00:00+0000_134.0106
YMNCKT,Yamuna at Chitrakoot,Yamuna Basin,2026-03-30 19:00:00+00:00,134.02664276667826,NORMAL,136.0,137.0,138.0,25.14133,80.85446,YMNCKT_2026-03-30T19:00:00+0000_134.0266
YMNCKT,Yamuna at Chitrakoot,Yamuna Basin,2026-03-30 20:00:00+00:00,134.04791169528644,NORMAL,136.0,137.0,138.0,25.14133,80.85446,YMNCKT_2026-03-30T20:00:00+0000_134.0479
YMNCKT,Yamuna at Chitrakoot,Yamuna Basin,2026-03-30 21:00:00+00:00,134.0346057216188,NORMAL,136.0,137.0,138.0,25.14133,80.85446,YMNCKT_2026-03-30T21:00:00+0000_134.0346
YMNCKT,Yamuna at Chitrakoot,Yamuna Basin,2026-03-30 22:00:00+00:00,133.96613954221138,NORMAL,136.0,137.0,138.0,25.14133,80.85446,YMNCKT_2026-03-30T22:00:00+0000_133.9661
YMNCKT,Yamuna at Chitrakoot,Yamuna Basin,2026-03-30 23:00:00+00:00,133.90626361682058,NORMAL,136.0,137.0,138.0,25.14133,80.85446,YMNCKT_2026-03-30T23:00:00+0000_133.9063
YMNCKT,Yamuna at Chitrakoot,Yamuna Basin,2026-03-31 00:00:00+00:00,133.89255512658772,NORMAL,136.0,137.0,138.0,25.14133,80.85446,YMNCKT_2026-03-31T00:00:00+0000_133.8926
YMNCKT,Yamuna at Chitrakoot,Yamuna Basin,2026-03-31 01:00:00+00:00,133.84312709485562,NORMAL,136.0,137.0,138.0,25.14133,80.85446,YMNCKT_2026-03-31T01:00:00+0000_133.8431
YMNCKT,Yamuna at Chitrakoot,Yamuna Basin,2026-03-31 02:00:00+00:00,133.78452005022453,NORMAL,136.0,137.0,138.0,25.14133,80.85446,YMNCKT_2026-03-31T02:00:00+0000_133.7845
YMNCKT,Yamuna at Chitrakoot,Yamuna Basin,2026-03-31 03:00:00+00:00,133.68145916008265,NORMAL,136.0,137.0,138.0,25.14133,80.85446,YMNCKT_2026-03-31T03:00:00+0000_133.6815
YMNCKT,Yamuna at Chitrakoot,Yamuna Basin,2026-03-31 04:00:00+00:00,133.6690119729677,NORMAL,136.0,137.0,138.0,25.14133,80.85446,YMNCKT_2026-03-31T04:00:00+0000_133.6690
YMNCKT,Yamuna at Chitrakoot,Yamuna Basin,2026-03-31 05:00:00+00:00,133.67504934937625,NORMAL,136.0,137.0,138.0,25.14133,80.85446,YMNCKT_2026-03-31T05:00:00+0000_133.6750
YMNCKT,Yamuna at Chitrakoot,Yamuna Basin,2026-03-31 06:00:00+00:00,133.57026029915917,NORMAL,136.0,137.0,138.0,25.14133,80.85446,YMNCKT_2026-03-31T06:00:00+0000_133.5703
YMNCKT,Yamuna at Chitrakoot,Yamuna Basin,2026-03-31 07:00:00+00:00,133.5895720247777,NORMAL,136.0,137.0,138.0,25.14133,80.85446,YMNCKT_2026-03-31T07:00:00+0000_133.5896
YMNCKT,Yamuna at Chitrakoot,Yamuna Basin,2026-03-31 08:00:00+00:00,133.6370400203699,NORMAL,136.0,137.0,138.0,25.14133,80.85446,YMNCKT_2026-03-31T08:00:00+0000_133.6370
YMNCKT,Yamuna at Chitrakoot,Yamuna Basin,2026-03-31 09:00:00+00:00,133.6760248543909,NORMAL,136.0,137.0,138.0,25.14133,80.85446,YMNCKT_2026-03-31T09:00:00+0000_133.6760
YMNCKT,Yamuna at Chitrakoot,Yamuna Basin,2026-03-31 10:00:00+00:00,133.7049204836367,NORMAL,136.0,137.0,138.0,25.14133,80.85446,YMNCKT_2026-03-31T10:00:00+0000_133.7049
YMNCKT,Yamuna at Chitrakoot,Yamuna Basin,2026-03-31 11:00:00+00:00,133.7155612444852,NORMAL,136.0,137.0,138.0,25.14133,80.85446,YMNCKT_2026-03-31T11:00:00+0000_133.7156
YMNCKT,Yamuna at Chitrakoot,Yamuna Basin,2026-03-31 12:00:00+00:00,133.7320731455689,NORMAL,136.0,137.0,138.0,25.14133,80.85446,YMNCKT_2026-03-31T12:00:00+0000_133.7321
YMNCKT,Yamuna at Chitrakoot,Yamuna Basin,2026-03-31 13:00:00+00:00,133.81707516353427,NORMAL,136.0,137.0,138.0,25.14133,80.85446,YMNCKT_2026-03-31T13:00:00+0000_133.8171
YMNCKT,Yamuna at Chitrakoot,Yamuna Basin,2026-03-31 14:00:00+00:00,133.90758125145138,NORMAL,136.0,137.0,138.0,25.14133,80.85446,YMNCKT_2026-03-31T14:00:00+0000_133.9076
YMNCKT,Yamuna at Chitrakoot,Yamuna Basin,2026-03-31 15:00:00+00:00,133.93193752843322,NORMAL,136.0,137.0,138.0,25.14133,80.85446,YMNCKT_2026-03-31T15:00:00+0000_133.9319
YMNCKT,Yamuna at Chitrakoot,Yamuna Basin,2026-03-31 16:00:00+00:00,133.93563737386089,NORMAL,136.0,137.0,138.0,25.14133,80.85446,YMNCKT_2026-03-31T16:00:00+0000_133.9356
YMNCKT,Yamuna at Chitrakoot,Yamuna Basin,2026-03-31 17:00:00+00:00,,,136.0,137.0,138.0,25.14133,80.85446,YMNCKT_2026-03-31T17:00:00+0000_
YMNCKT,Yamuna at Chitrakoot,Yamuna Basin,2026-03-31 18:00:00+00:00,134.02556821245335,NORMAL,136.0,137.0,138.0,25.14133,80.85446,YMNCKT_2026-03-31T18:00:00+0000_134.0256
YMNCKT,Yamuna at Chitrakoot,Yamuna Basin,2026-03-31 19:00:00+00:00,134.08018237295192,NORMAL,136.0,137.0,138.0,25.14133,80.85446,YMNCKT_2026-03-31T19:00:00+0000_134.0802
YMNCKT,Yamuna at Chitrakoot,Yamuna Basin,2026-03-31 20:00:00+00:00,134.04808858877232,NORMAL,136.0,137.0,138.0,25.14133,80.85446,YMNCKT_2026-03-31T20:00:00+0000_134.0481
YMNCKT,Yamuna at Chitrakoot,Yamuna Basin,2026-03-31 21:00:00+00:00,134.00195018803433,NORMAL,136.0,137.0,138.0,25.14133,80.85446,YMNCKT_2026-03-31T21:00:00+0000_134.0020
YMNCKT,Yamuna at Chitrakoot,Yamuna Basin,2026-03-31 22:00:00+00:00,134.00986177158427,NORMAL,136.0,137.0,138.0,25.14133,80.85446,YMNCKT_2026-03-31T22:00:00+0000_134.0099
YMNCKT,Yamuna at Chitrakoot,Yamuna Basin,2026-03-31 23:00:00+00:00,133.90065575734977,NORMAL,136.0,137.0,138.0,25.14133,80.85446,YMNCKT_2026-03-31T23:00:00+0000_133.9007
YMNCKT,Yamuna at Chitrakoot,Yamuna Basin,2026-04-01 00:00:00+00:00,133.86552156718088,NORMAL,136.0,137.0,138.0,25.14133,80.85446,YMNCKT_2026-04-01T00:00:00+0000_133.8655
YMNCKT,Yamuna at Chitrakoot,Yamuna Basin,2026-04-01 01:00:00+00:00,133.79994257675136,NORMAL,136.0,137.0,138.0,25.14133,80.85446,YMNCKT_2026-04-01T01:00:00+0000_133.7999
YMNCKT,Yamuna at Chitrakoot,Yamuna Basin,2026-04-01 02:00:00+00:00,133.78043561482625,NORMAL,136.0,137.0,138.0,25.14133,80.85446,YMNCKT_2026-04-01T02:00:00+0000_133.7804
YMNCKT,Yamuna at Chitrakoot,Yamuna Basin,2026-04-01 03:00:00+00:00,133.75666940879714,NORMAL,136.0,137.0,138.0,25.14133,80.85446,YMNCKT_2026-04-01T03:00:00+0000_133.7567
YMNCKT,Yamuna at Chitrakoot,Yamuna Basin,2026-04-01 04:00:00+00:00,133.64925272514196,NORMAL,136.0,137.0,138.0,25.14133,80.85446,YMNCKT_2026-04-01T04:00:00+0000_133.6493
YMNCKT,Yamuna at Chitrakoot,Yamuna Basin,2026-04-01 05:00:00+00:00,133.59940984369578,NORMAL,136.0,137.0,138.0,25.14133,80.85446,YMNCKT_2026-04-01T05:00:00+0000_133.5994
YMNCKT,Yamuna at Chitrakoot,Yamuna Basin,2026-04-01 06:00:00+00:00,133.60677962713123,NORMAL,136.0,137.0,138.0,25.14133,80.85446,YMNCKT_2026-04-01T06:00:00+0000_133.6068
YMNCKT,Yamuna at Chitrakoot,Yamuna Basin,2026-04-01 07:00:00+00:00,133.64720133171127,NORMAL,136.0,137.0,138.0,25.14133,80.85446,YMNCKT_2026-04-01T07:00:00+0000_133.6472
YMNCKT,Yamuna at Chitrakoot,Yamuna Basin,2026-04-01 08:00:00+00:00,133.5839111833294,NORMAL,136.0,137.0,138.0,25.14133,80.85446,YMNCKT_2026-04-01T08:00:00+0000_133.5839
YMNCKT,Yamuna at Chitrakoot,Yamuna Basin,2026-04-01 09:00:00+00:00,133.66209183613515,NORMAL,136.0,137.0,138.0,25.14133,80.85446,YMNCKT_2026-04-01T09:00:00+0000_133.6621
YMNCKT,Yamuna at Chitrakoot,Yamuna Basin,2026-04-01 10:00:00+00:00,133.65250139979852,NORMAL,136.0,137.0,138.0,25.14133,80.85446,YMNCKT_2026-04-01T10:00:00+0000_133.6525
YMNCKT,Yamuna at Chitrakoot,Yamuna Basin,2026-04-01 11:00:00+00:00,133.70135930887358,NORMAL,136.0,137.0,138.0,25.14133,80.85446,YMNCKT_2026-04-01T11:00:00+0000_133.7014
YMNCKT,Yamuna at Chitrakoot,Yamuna Basin,2026-04-01 12:00:00+00:00,133.75935114860405,NORMAL,136.0,137.0,138.0,25.14133,80.85446,YMNCKT_2026-04-01T12:00:00+0000_133.7594
YMNCKT,Yamuna at Chitrakoot,Yamuna Basin,2026-04-01 13:00:00+00:00,133.77884972913853,NORMAL,136.0,137.0,138.0,25.14133,80.85446,YMNCKT_2026-04-01T13:00:00+0000_133.7788
YMNCKT,Yamuna at Chitrakoot,Yamuna Basin,2026-04-01 14:00:00+00:00,133.83803512427215,NORMAL,136.0,137.0,138.0,25.14133,80.85446,YMNCKT_2026-04-01T14:00:00+0000_133.8380
YMNCKT,Yamuna at Chitrakoot,Yamuna Basin,2026-04-01 15:00:00+00:00,133.88246722490413,NORMAL,136.0,137.0,138.0,25.14133,80.85446,YMNCKT_2026-04-01T15:00:00+0000_133.8825
YMNCKT,Yamuna at Chitrakoot,Yamuna Basin,2026-04-01 16:00:00+00:00,133.946500550756,NORMAL,136.0,137.0,138.0,25.14133,80.85446,YMNCKT_2026-04-01T16:00:00+0000_133.9465
YMNCKT,Yamuna at Chitrakoot,Yamuna Basin,2026-04-01 17:00:00+00:00,134.01454062430255,NORMAL,136.0,137.0,138.0,25.14133,80.85446,YMNCKT_2026-04-01T17:00:00+0000_134.0145
YMNCKT,Yamuna at Chitrakoot,Yamuna Basin,2026-04-01 18:00:00+00:00,,,136.0,137.0,138.0,25.14133,80.85446,YMNCKT_2026-04-01T18:00:00+0000_
YMNCKT,Yamuna at Chitrakoot,Yamuna Basin,2026-04-01 19:00:00+00:00,136.71803540809591,WARNING,136.0,137.0,138.0,25.14133,80.85446,YMNCKT_2026-04-01T19:00:00+0000_136.7180
YMNCKT,Yamuna at Chitrakoot,Yamuna Basin,2026-04-01 20:00:00+00:00,136.44763727987973,WARNING,136.0,137.0,138.0,25.14133,80.85446,YMNCKT_2026-04-01T20:00:00+0000_136.4476
YMNCKT,Yamuna at Chitrakoot,Yamuna Basin,2026-04-01 21:00:00+00:00,133.98301213808597,NORMAL,136.0,137.0,138.0,25.14133,80.85446,YMNCKT_2026-04-01T21:00:00+0000_133.9830
YMNCKT,Yamuna at Chitrakoot,Yamuna Basin,2026-04-01 22:00:00+00:00,134.0239881675665,NORMAL,136.0,137.0,138.0,25.14133,80.85446,YMNCKT_2026-04-01T22:00:00+0000_134.0240
YMNCKT,Yamuna at Chitrakoot,Yamuna Basin,2026-04-01 23:00:00+00:00,133.89056442440238,NORMAL,136.0,137.0,138.0,25.14133,80.85446,YMNCKT_2026-04-01T23:00:00+0000_133.8906
YMNCKT,Yamuna at Chitrakoot,Yamuna Basin,2026-04-02 00:00:00+00:00,133.87891875309973,NORMAL,136.0,137.0,138.0,25.14133,80.85446,YMNCKT_2026-04-02T00:00:00+0000_133.8789
YMNCKT,Yamuna at Chitrakoot,Yamuna Basin,2026-04-02 01:00:00+00:00,133.82686006243568,NORMAL,136.0,137.0,138.0,25.14133,80.85446,YMNCKT_2026-04-02T01:00:00+0000_133.8269
YMNCKT,Yamuna at Chitrakoot,Yamuna Basin,2026-04-02 02:00:00+00:00,133.7415759203189,NORMAL,136.0,137.0,138.0,25.14133,80.85446,YMNCKT_2026-04-02T02:00:00+0000_133.7416
YMNCKT,Yamuna at Chitrakoot,Yamuna Basin,2026-04-02 03:00:00+00:00,133.76439952932958,NORMAL,136.0,137.0,138.0,25.14133,80.85446,YMNCKT_2026-04-02T03:00:00+0000_133.7644
YMNCKT,Yamuna at Chitrakoot,Yamuna Basin,2026-04-02 04:00:00+00:00,133.67433784253586,NORMAL,136.0,137.0,138.0,25.14133,80.85446,YMNCKT_2026-04-02T04:00:00+0000_133.6743
YMNCKT,Yamuna at Chitrakoot,Yamuna Basin,2026-04-02 05:00:00+00:00,133.61068186084688,NORMAL,136.0,137.0,138.0,25.14133,80.85446,YMNCKT_2026-04-02T05:00:00+0000_133.6107
YMNCKT,Yamuna at Chitrakoot,Yamuna Basin,2026-04-02 06:00:00+00:00,133.62516045655534,NORMAL,136.0,137.0,138.0,25.14133,80.85446,YMNCKT_2026-04-02T06:00:00+0000_133.6252
YMNCKT,Yamuna at Chitrakoot,Yamuna Basin,2026-04-02 07:00:00+00:00,133.59662728667928,NORMAL,136.0,137.0,138.0,25.14133,80.85446,YMNCKT_2026-04-02T07:00:00+0000_133.5966
YMNCKT,Yamuna at Chitrakoot,Yamuna Basin,2026-04-02 08:00:00+00:00,133.65772722290592,NORMAL,136.0,137.0,138.0,25.14133,80.85446,YMNCKT_2026-04-02T08:00:00+0000_133.6577
YMNCKT,Yamuna at Chitrakoot,Yamuna Basin,2026-04-02 09:00:00+00:00,133.67781174798128,NORMAL,136.0,137.0,138.0,25.14133,80.85446,YMNCKT_2026-04-02T09:00:00+0000_133.6778
YMNCKT,Yamuna at Chitrakoot,Yamuna Basin,2026-04-02 10:00:00+00:00,133.67488654527023,NORMAL,136.0,137.0,138.0,25.14133,80.85446,YMNCKT_2026-04-02T10:00:00+0000_133.6749
YMNCKT,Yamuna at Chitrakoot,Yamuna Basin,2026-04-02 11:00:00+00:00,133.67081144961622,NORMAL,136.0,137.0,138.0,25.14133,80.85446,YMNCKT_2026-04-02T11:00:00+0000_133.6708
YMNCKT,Yamuna at Chitrakoot,Yamuna Basin,2026-04-02 12:00:00+00:00,133.74532741702265,NORMAL,136.0,137.0,138.0,25.14133,80.85446,YMNCKT_2026-04-02T12:00:00+0000_133.7453
YMNCKT,Yamuna at Chitrakoot,Yamuna Basin,2026-04-02 13:00:00+00:00,133.83240436038423,NORMAL,136.0,137.0,138.0,25.14133,80.85446,YMNCKT_2026-04-02T13:00:00+0000_133.8324
YMNCKT,Yamuna at Chitrakoot,Yamuna Basin,2026-04-02 14:00:00+00:00,133.84957801074833,NORMAL,136.0,137.0,138.0,25.14133,80.85446,YMNCKT_2026-04-02T14:00:00+0000_133.8496
YMNCKT,Yamuna at Chitrakoot,Yamuna Basin,2026-04-02 15:00:00+00:00,133.92102652979293,NORMAL,136.0,137.0,138.0,25.14133,80.85446,YMNCKT_2026-04-02T15:00:00+0000_133.9210
YMNCKT,Yamuna at Chitrakoot,Yamuna Basin,2026-04-02 16:00:00+00:00,134.03217674727435,NORMAL,136.0,137.0,138.0,25.14133,80.85446,YMNCKT_2026-04-02T16:00:00+0000_134.0322
YMNCKT,Yamuna at Chitrakoot,Yamuna Basin,2026-04-02 17:00:00+00:00,133.99235222685016,NORMAL,136.0,137.0,138.0,25.14133,80.85446,YMNCKT_2026-04-02T17:00:00+0000_133.9924
YMNCKT,Yamuna at Chitrakoot,Yamuna Basin,2026-04-02 18:00:00+00:00,134.03166287909815,NORMAL,136.0,137.0,138.0,25.14133,80.85446,YMNCKT_2026-04-02T18:00:00+0000_134.0317
YMNCKT,Yamuna at Chitrakoot,Yamuna Basin,2026-04-02 19:00:00+00:00,134.091309051731,NORMAL,136.0,137.0,138.0,25.14133,80.85446,YMNCKT_2026-04-02T19:00:00+0000_134.0913
YMNCKT,Yamuna at Chitrakoot,Yamuna Basin,2026-04-02 20:00:00+00:00,134.03184434648114,NORMAL,136.0,137.0,138.0,25.14133,80.85446,YMNCKT_2026-04-02T20:00:00+0000_134.0318
YMNCKT,Yamuna at Chitrakoot,Yamuna Basin,2026-04-02 21:00:00+00:00,134.0370595226231,NORMAL,136.0,137.0,138.0,25.14133,80.85446,YMNCKT_2026-04-02T21:00:00+0000_134.0371
YMNCKT,Yamuna at Chitrakoot,Yamuna Basin,2026-04-02 22:00:00+00:00,133.96782088165233,NORMAL,136.0,137.0,138.0,25.14133,80.85446,YMNCKT_2026-04-02T22:00:00+0000_133.9678
YMNCKT,Yamuna at Chitrakoot,Yamuna Basin,2026-04-02 23:00:00+00:00,133.91511341140918,NORMAL,136.0,137.0,138.0,25.14133,80.85446,YMNCKT_2026-04-02T23:00:00+0000_133.9151
YMNCKT,Yamuna at Chitrakoot,Yamuna Basin,2026-04-03 00:00:00+00:00,133.85341696562978,NORMAL,136.0,137.0,138.0,25.14133,80.85446,YMNCKT_2026-04-03T00:00:00+0000_133.8534
YMNCKT,Yamuna at Chitrakoot,Yamuna Basin,2026-04-03 01:00:00+00:00,133.83479465498505,NORMAL,136.0,137.0,138.0,25.14133,80.85446,YMNCKT_2026-04-03T01:00:00+0000_133.8348
YMNCKT,Yamuna at Chitrakoot,Yamuna Basin,2026-04-03 02:00:00+00:00,133.75895698714805,NORMAL,136.0,137.0,138.0,25.14133,80.85446,YMNCKT_2026-04-03T02:00:00+0000_133.7590
YMNCKT,Yamuna at Chitrakoot,Yamuna Basin,2026-04-03 03:00:00+00:00,133.70512849154832,NORMAL,136.0,137.0,138.0,25.14133,80.85446,YMNCKT_2026-04-03T03:00:00+0000_133.7051
YMNCKT,Yamuna at Chitrakoot,Yamuna Basin,2026-04-03 04:00:00+00:00,133.7027774650358,NORMAL,136.0,137.0,138.0,25.14133,80.85446,YMNCKT_2026-04-03T04:00:00+0000_133.7028
YMNCKT,Yamuna at Chitrakoot,Yamuna Basin,2026-04-03 05:00:00+00:00,133.59681097640225,NORMAL,136.0,137.0,138.0,25.14133,80.85446,YMNCKT_2026-04-03T05:00:00+0000_133.5968
YMNCKT,Yamuna at Chitrakoot,Yamuna Basin,2026-04-03 06:00:00+00:00,133.59956805224834,NORMAL,136.0,137.0,138.0,25.14133,80.85446,YMNCKT_2026-04-03T06:00:00+0000_133.5996
YMNCKT,Yamuna at Chitrakoot,Yamuna Basin,2026-04-03 07:00:00+00:00,133.66110937117554,NORMAL,136.0,137.0,138.0,25.14133,80.85446,YMNCKT_2026-04-03T07:00:00+0000_133.6611
YMNCKT,Yamuna at Chitrakoot,Yamuna Basin,2026-04-03 08:00:00+00:00,133.64060008434717,NORMAL,136.0,137.0,138.0,25.14133,80.85446,YMNCKT_2026-04-03T08:00:00+0000_133.6406
YMNCKT,Yamuna at Chitrakoot,Yamuna Basin,2026-04-03 09:00:00+00:00,133.60519132938092,NORMAL,136.0,137.0,138.0,25.14133,80.85446,YMNCKT_2026-04-03T09:00:00+0000_133.6052
YMNCKT,Yamuna at Chitrakoot,Yamuna Basin,2026-04-03 10:00:00+00:00,133.67537522593537,NORMAL,136.0,137.0,138.0,25.14133,80.85446,YMNCKT_2026-04-03T10:00:00+0000_133.6754
YMNCKT,Yamuna at Chitrakoot,Yamuna Basin,2026-04-03 11:00:00+00:00,133.74428861798307,NORMAL,136.0,137.0,138.0,25.14133,80.85446,YMNCKT_2026-04-03T11:00:00+0000_133.7443
YMNCKT,Yamuna at Chitrakoot,Yamuna Basin,2026-04-03 12:00:00+00:00,133.81606283201154,NORMAL,136.0,137.0,138.0,25.14133,80.85446,YMNCKT_2026-04-03T12:00:00+0000_133.8161
YMNCKT,Yamuna at Chitrakoot,Yamuna Basin,2026-04-03 13:00:00+00:00,133.86754455147567,NORMAL,136.0,137.0,138.0,25.14133,80.85446,YMNCKT_2026-04-03T13:00:00+0000_133.8675
YMNCKT,Yamuna at Chitrakoot,Yamuna Basin,2026-04-03 14:00:00+00:00,133.92091603189033,NORMAL,136.0,137.0,138.0,25.14133,80.85446,YMNCKT_2026-04-03T14:00:00+0000_133.9209
YMNCKT,Yamuna at Chitrakoot,Yamuna Basin,2026-04-03 15:00:00+00:00,133.93807286034698,NORMAL,136.0,137.0,138.0,25.14133,80.85446,YMNCKT_2026-04-03T15:00:00+0000_133.9381
YMNCKT,Yamuna at Chitrakoot,Yamuna Basin,2026-04-03 16:00:00+00:00,134.02945815202185,NORMAL,136.0,137.0,138.0,25.14133,80.85446,YMNCKT_2026-04-03T16:00:00+0000_134.0295
YMNCKT,Yamuna at Chitrakoot,Yamuna Basin,2026-04-03 17:00:00+00:00,134.0681370155467,NORMAL,136.0,137.0,138.0,25.14133,80.85446,YMNCKT_2026-04-03T17:00:00+0000_134.0681
YMNCKT,Yamuna at Chitrakoot,Yamuna Basin,2026-04-03 18:00:00+00:00,,,136.0,137.0,138.0,25.14133,80.85446,YMNCKT_2026-04-03T18:00:00+0000_
YMNCKT,Yamuna at Chitrakoot,Yamuna Basin,2026-04-03 19:00:00+00:00,134.0531624673721,NORMAL,136.0,137.0,138.0,25.14133,80.85446,YMNCKT_2026-04-03T19:00:00+0000_134.0532
YMNCKT,Yamuna at Chitrakoot,Yamuna Basin,2026-04-03 20:00:00+00:00,134.05199475403833,NORMAL,136.0,137.0,138.0,25.14133,80.85446,YMNCKT_2026-04-03T20:00:00+0000_134.0520
YMNCKT,Yamuna at Chitrakoot,Yamuna Basin,2026-04-03 21:00:00+00:00,134.00681890686158,NORMAL,136.0,137.0,138.0,25.14133,80.85446,YMNCKT_2026-04-03T21:00:00+0000_134.0068
YMNCKT,Yamuna at Chitrakoot,Yamuna Basin,2026-04-03 22:00:00+00:00,133.99913893140751,NORMAL,136.0,137.0,138.0,25.14133,80.85446,YMNCKT_2026-04-03T22:00:00+0000_133.9991
YMNCKT,Yamuna at Chitrakoot,Yamuna Basin,2026-04-03 23:00:00+00:00,133.94853333235082,NORMAL,136.0,137.0,138.0,25.14133,80.85446,YMNCKT_2026-04-03T23:00:00+0000_133.9485
YMNCKT,Yamuna at Chitrakoot,Yamuna Basin,2026-04-04 00:00:00+00:00,133.8500702124678,NORMAL,136.0,137.0,138.0,25.14133,80.85446,YMNCKT_2026-04-04T00:00:00+0000_133.8501
YMNCKT,Yamuna at Chitrakoot,Yamuna Basin,2026-04-04 01:00:00+00:00,133.8496715840811,NORMAL,136.0,137.0,138.0,25.14133,80.85446,YMNCKT_2026-04-04T01:00:00+0000_133.8497
YMNCKT,Yamuna at Chitrakoot,Yamuna Basin,2026-04-04 02:00:00+00:00,133.75214935794358,NORMAL,136.0,137.0,138.0,25.14133,80.85446,YMNCKT_2026-04-04T02:00:00+0000_133.7521
YMNCKT,Yamuna at Chitrakoot,Yamuna Basin,2026-04-04 03:00:00+00:00,133.77855548349368,NORMAL,136.0,137.0,138.0,25.14133,80.85446,YMNCKT_2026-04-04T03:00:00+0000_133.7786
YMNCKT,Yamuna at Chitrakoot,Yamuna Basin,2026-04-04 04:00:00+00:00,133.65383019637065,NORMAL,136.0,137.0,138.0,25.14133,80.85446,YMNCKT_2026-04-04T04:00:00+0000_133.6538
YMNCKT,Yamuna at Chitrakoot,Yamuna Basin,2026-04-04 05:00:00+00:00,133.61716385365753,NORMAL,136.0,137.0,138.0,25.14133,80.85446,YMNCKT_2026-04-04T05:00:00+0000_133.6172
YMNCKT,Yamuna at Chitrakoot,Yamuna Basin,2026-04-04 06:00:00+00:00,133.6350808894459,NORMAL,136.0,137.0,138.0,25.14133,80.85446,YMNCKT_2026-04-04T06:00:00+0000_133.6351
YMNCKT,Yamuna at Chitrakoot,Yamuna Basin,2026-04-04 07:00:00+00:00,133.65165241541382,NORMAL,136.0,137.0,138.0,25.14133,80.85446,YMNCKT_2026-04-04T07:00:00+0000_133.6517
YMNCKT,Yamuna at Chitrakoot,Yamuna Basin,2026-04-04 08:00:00+00:00,133.61001063818497,NORMAL,136.0,137.0,138.0,25.14133,80.85446,YMNCKT_2026-04-04T08:00:00+0000_133.6100
YMNCKT,Yamuna at Chitrakoot,Yamuna Basin,2026-04-04 09:00:00+00:00,133.65927367363037,NORMAL,136.0,137.0,138.0,25.14133,80.85446,YMNCKT_2026-04-04T09:00:00+0000_133.6593
YMNCKT,Yamuna at Chitrakoot,Yamuna Basin,2026-04-04 10:00:00+00:00,133.69921630732057,NORMAL,136.0,137.0,138.0,25.14133,80.85446,YMNCKT_2026-04-04T10:00:00+0000_133.6992
YMNCKT,Yamuna at Chitrakoot,Yamuna Basin,2026-04-04 11:00:00+00:00,133.71077637730667,NORMAL,136.0,137.0,138.0,25.14133,80.85446,YMNCKT_2026-04-04T11:00:00+0000_133.7108
YMNCKT,Yamuna at Chitrakoot,Yamuna Basin,2026-04-04 12:00:00+00:00,133.79700520712487,NORMAL,136.0,137.0,138.0,25.14133,80.85446,YMNCKT_2026-04-04T12:00:00+0000_133.7970
YMNCKT,Yamuna at Chitrakoot,Yamuna Basin,2026-04-04 13:00:00+00:00,133.8666542198344,NORMAL,136.0,137.0,138.0,25.14133,80.85446,YMNCKT_2026-04-04T13:00:00+0000_133.8667
YMNCKT,Yamuna at Chitrakoot,Yamuna Basin,2026-04-04 14:00:00+00:00,133.91756578631427,NORMAL,136.0,137.0,138.0,25.14133,80.85446,YMNCKT_2026-04-04T14:00:00+0000_133.9176
YMNCKT,Yamuna at Chitrakoot,Yamuna Basin,2026-04-04 15:00:00+00:00,133.9373060078811,NORMAL,136.0,137.0,138.0,25.14133,80.85446,YMNCKT_2026-04-04T15:00:00+0000_133.9373
YMNCKT,Yamuna at Chitrakoot,Yamuna Basin,2026-04-04 16:00:00+00:00,134.02547621067615,NORMAL,136.0,137.0,138.0,25.14133,80.85446,YMNCKT_2026-04-04T16:00:00+0000_134.0255
YMNCKT,Yamuna at Chitrakoot,Yamuna Basin,2026-04-04 17:00:00+00:00,133.98275654355817,NORMAL,136.0,137.0,138.0,25.14133,80.85446,YMNCKT_2026-04-04T17:00:00+0000_133.9828
YMNCKT,Yamuna at Chitrakoot,Yamuna Basin,2026-04-04 18:00:00+00:00,134.01172101377244,NORMAL,136.0,137.0,138.0,25.14133,80.85446,YMNCKT_2026-04-04T18:00:00+0000_134.0117
YMNCKT,Yamuna at Chitrakoot,Yamuna Basin,2026-04-04 19:00:00+00:00,134.05503116663814,NORMAL,136.0,137.0,138.0,25.14133,80.85446,YMNCKT_2026-04-04T19:00:00+0000_134.0550
YMNCKT,Yamuna at Chitrakoot,Yamuna Basin,2026-04-04 20:00:00+00:00,134.08482142275403,NORMAL,136.0,137.0,138.0,25.14133,80.85446,YMNCKT_2026-04-04T20:00:00+0000_134.0848
YMNCKT,Yamuna at Chitrakoot,Yamuna Basin,2026-04-04 21:00:00+00:00,133.99120169254948,NORMAL,136.0,137.0,138.0,25.14133,80.85446,YMNCKT_2026-04-04T21:00:00+0000_133.9912
YMNCKT,Yamuna at Chitrakoot,Yamuna Basin,2026-04-04 22:00:00+00:00,133.97297324884056,NORMAL,136.0,137.0,138.0,25.14133,80.85446,YMNCKT_2026-04-04T22:00:00+0000_133.9730
YMNCKT,Yamuna at Chitrakoot,Yamuna Basin,2026-04-04 23:00:00+00:00,133.9277544000133,NORMAL,136.0,137.0,138.0,25.14133,80.85446,YMNCKT_2026-04-04T23:00:00+0000_133.9278
YMNCKT,Yamuna at Chitrakoot,Yamuna Basin,2026-04-05 00:00:00+00:00,,,136.0,137.0,138.0,25.14133,80.85446,YMNCKT_2026-04-05T00:00:00+0000_
YMNCKT,Yamuna at Chitrakoot,Yamuna Basin,2026-04-05 01:00:00+00:00,133.83296129382273,NORMAL,136.0,137.0,138.0,25.14133,80.85446,YMNCKT_2026-04-05T01:00:00+0000_133.8330
YMNCKT,Yamuna at Chitrakoot,Yamuna Basin,2026-04-05 02:00:00+00:00,133.81499941416354,NORMAL,136.0,137.0,138.0,25.14133,80.85446,YMNCKT_2026-04-05T02:00:00+0000_133.8150
YMNCKT,Yamuna at Chitrakoot,Yamuna Basin,2026-04-05 03:00:00+00:00,133.7241584839532,NORMAL,136.0,137.0,138.0,25.14133,80.85446,YMNCKT_2026-04-05T03:00:00+0000_133.7242
YMNCKT,Yamuna at Chitrakoot,Yamuna Basin,2026-04-05 04:00:00+00:00,133.71105910089008,NORMAL,136.0,137.0,138.0,25.14133,80.85446,YMNCKT_2026-04-05T04:00:00+0000_133.7111
YMNCKT,Yamuna at Chitrakoot,Yamuna Basin,2026-04-05 05:00:00+00:00,133.62709660406284,NORMAL,136.0,137.0,138.0,25.14133,80.85446,YMNCKT_2026-04-05T05:00:00+0000_133.6271
YMNCKT,Yamuna at Chitrakoot,Yamuna Basin,2026-04-05 06:00:00+00:00,133.58601510114843,NORMAL,136.0,137.0,138.0,25.14133,80.85446,YMNCKT_2026-04-05T06:00:00+0000_133.5860
YMNCKT,Yamuna at Chitrakoot,Yamuna Basin,2026-04-05 07:00:00+00:00,133.6449279994782,NORMAL,136.0,137.0,138.0,25.14133,80.85446,YMNCKT_2026-04-05T07:00:00+0000_133.6449
YMNCKT,Yamuna at Chitrakoot,Yamuna Basin,2026-04-05 08:00:00+00:00,133.63720940112077,NORMAL,136.0,137.0,138.0,25.14133,80.85446,YMNCKT_2026-04-05T08:00:00+0000_133.6372
YMNCKT,Yamuna at Chitrakoot,Yamuna Basin,2026-04-05 09:00:00+00:00,133.66630540805713,NORMAL,136.0,137.0,138.0,25.14133,80.85446,YMNCKT_2026-04-05T09:00:00+0000_133.6663
YMNCKT,Yamuna at Chitrakoot,Yamuna Basin,2026-04-05 10:00:00+00:00,133.64075060217928,NORMAL,136.0,137.0,138.0,25.14133,80.85446,YMNCKT_2026-04-05T10:00:00+0000_133.6408
YMNCKT,Yamuna at Chitrakoot,Yamuna Basin,2026-04-05 11:00:00+00:00,133.77167590918313,NORMAL,136.0,137.0,138.0,25.14133,80.85446,YMNCKT_2026-04-05T11:00:00+0000_133.7717
YMNCKT,Yamuna at Chitrakoot,Yamuna Basin,2026-04-05 12:00:00+00:00,133.77425500018438,NORMAL,136.0,137.0,138.0,25.14133,80.85446,YMNCKT_2026-04-05T12:00:00+0000_133.7743
YMNCKT,Yamuna at Chitrakoot,Yamuna Basin,2026-04-05 13:00:00+00:00,133.8113011456049,NORMAL,136.0,137.0,138.0,25.14133,80.85446,YMNCKT_2026-04-05T13:00:00+0000_133.8113
YMNCKT,Yamuna at Chitrakoot,Yamuna Basin,2026-04-05 14:00:00+00:00,133.89479181745057,NORMAL,136.0,137.0,138.0,25.14133,80.85446,YMNCKT_2026-04-05T14:00:00+0000_133.8948
YMNCKT,Yamuna at Chitrakoot,Yamuna Basin,2026-04-05 15:00:00+00:00,133.94485679833812,NORMAL,136.0,137.0,138.0,25.14133,80.85446,YMNCKT_2026-04-05T15:00:00+0000_133.9449
YMNCKT,Yamuna at Chitrakoot,Yamuna Basin,2026-04-05 16:00:00+00:00,133.98557518937727,NORMAL,136.0,137.0,138.0,25.14133,80.85446,YMNCKT_2026-04-05T16:00:00+0000_133.9856
YMNCKT,Yamuna at Chitrakoot,Yamuna Basin,2026-04-05 17:00:00+00:00,134.07493669140402,NORMAL,136.0,137.0,138.0,25.14133,80.85446,YMNCKT_2026-04-05T17:00:00+0000_134.0749
YMNCKT,Yamuna at Chitrakoot,Yamuna Basin,2026-04-05 18:00:00+00:00,134.10040630988516,NORMAL,136.0,137.0,138.0,25.14133,80.85446,YMNCKT_2026-04-05T18:00:00+0000_134.1004
YMNCKT,Yamuna at Chitrakoot,Yamuna Basin,2026-04-05 19:00:00+00:00,134.03045596708333,NORMAL,136.0,137.0,138.0,25.14133,80.85446,YMNCKT_2026-04-05T19:00:00+0000_134.0305
YMNCKT,Yamuna at Chitrakoot,Yamuna Basin,2026-04-05 20:00:00+00:00,134.10354232470883,NORMAL,136.0,137.0,138.0,25.14133,80.85446,YMNCKT_2026-04-05T20:00:00+0000_134.1035
YMNCKT,Yamuna at Chitrakoot,Yamuna Basin,2026-04-05 21:00:00+00:00,134.0626620730176,NORMAL,136.0,137.0,138.0,25.14133,80.85446,YMNCKT_2026-04-05T21:00:00+0000_134.0627
YMNCKT,Yamuna at Chitrakoot,Yamuna Basin,2026-04-05 22:00:00+00:00,133.97775149260286,NORMAL,136.0,137.0,138.0,25.14133,80.85446,YMNCKT_2026-04-05T22:00:00+0000_133.9778
YMNCKT,Yamuna at Chitrakoot,Yamuna Basin,2026-04-05 23:00:00+00:00,133.9344802445998,NORMAL,136.0,137.0,138.0,25.14133,80.85446,YMNCKT_2026-04-05T23:00:00+0000_133.9345
YMNCKT,Yamuna at Chitrakoot,Yamuna Basin,2026-04-06 00:00:00+00:00,133.95376790902776,NORMAL,136.0,137.0,138.0,25.14133,80.85446,YMNCKT_2026-04-06T00:00:00+0000_133.9538
YMNCKT,Yamuna at Chitrakoot,Yamuna Basin,2026-04-06 01:00:00+00:00,133.8098883385913,NORMAL,136.0,137.0,138.0,25.14133,80.85446,YMNCKT_2026-04-06T01:00:00+0000_133.8099
YMNCKT,Yamuna at Chitrakoot,Yamuna Basin,2026-04-06 02:00:00+00:00,133.782492834051,NORMAL,136.0,137.0,138.0,25.14133,80.85446,YMNCKT_2026-04-06T02:00:00+0000_133.7825
YMNCKT,Yamuna at Chitrakoot,Yamuna Basin,2026-04-06 03:00:00+00:00,133.74766476265376,NORMAL,136.0,137.0,138.0,25.14133,80.85446,YMNCKT_2026-04-06T03:00:00+0000_133.7477
YMNCKT,Yamuna at Chitrakoot,Yamuna Basin,2026-04-06 04:00:00+00:00,133.66107649413604,NORMAL,136.0,137.0,138.0,25.14133,80.85446,YMNCKT_2026-04-06T04:00:00+0000_133.6611
YMNCKT,Yamuna at Chitrakoot,Yamuna Basin,2026-04-06 05:00:00+00:00,133.67514307531434,NORMAL,136.0,137.0,138.0,25.14133,80.85446,YMNCKT_2026-04-06T05:00:00+0000_133.6751
YMNCKT,Yamuna at Chitrakoot,Yamuna Basin,2026-04-06 06:00:00+00:00,133.6134234244091,NORMAL,136.0,137.0,138.0,25.14133,80.85446,YMNCKT_2026-04-06T06:00:00+0000_133.6134
YMNCKT,Yamuna at Chitrakoot,Yamuna Basin,2026-04-06 07:00:00+00:00,133.6806824902318,NORMAL,136.0,137.0,138.0,25.14133,80.85446,YMNCKT_2026-04-06T07:00:00+0000_133.6807
YMNCKT,Yamuna at Chitrakoot,Yamuna Basin,2026-04-06 08:00:00+00:00,133.67880006648988,NORMAL,136.0,137.0,138.0,25.14133,80.85446,YMNCKT_2026-04-06T08:00:00+0000_133.6788
YMNCKT,Yamuna at Chitrakoot,Yamuna Basin,2026-04-06 09:00:00+00:00,133.66768161257278,NORMAL,136.0,137.0,138.0,25.14133,80.85446,YMNCKT_2026-04-06T09:00:00+0000_133.6677
YMNCKT,Yamuna at Chitrakoot,Yamuna Basin,2026-04-06 10:00:00+00:00,133.7075211942874,NORMAL,136.0,137.0,138.0,25.14133,80.85446,YMNCKT_2026-04-06T10:00:00+0000_133.7075
YMNCKT,Yamuna at Chitrakoot,Yamuna Basin,2026-04-06 11:00:00+00:00,133.74861749520224,NORMAL,136.0,137.0,138.0,25.14133,80.85446,YMNCKT_2026-04-06T11:00:00+0000_133.7486
YMNCKT,Yamuna at Chitrakoot,Yamuna Basin,2026-04-06 12:00:00+00:00,133.81804966346527,NORMAL,136.0,137.0,138.0,25.14133,80.85446,YMNCKT_2026-04-06T12:00:00+0000_133.8180
YMNCKT,Yamuna at Chitrakoot,Yamuna Basin,2026-04-06 13:00:00+00:00,133.86459777391613,NORMAL,136.0,137.0,138.0,25.14133,80.85446,YMNCKT_2026-04-06T13:00:00+0000_133.8646
YMNCKT,Yamuna at Chitrakoot,Yamuna Basin,2026-04-06 14:00:00+00:00,133.860380177009,NORMAL,136.0,137.0,138.0,25.14133,80.85446,YMNCKT_2026-04-06T14:00:00+0000_133.8604
YMNCKT,Yamuna at Chitrakoot,Yamuna Basin,2026-04-06 15:00:00+00:00,133.93853870777448,NORMAL,136.0,137.0,138.0,25.14133,80.85446,YMNCKT_2026-04-06T15:00:00+0000_133.9385
YMNCKT,Yamuna at Chitrakoot,Yamuna Basin,2026-04-06 16:00:00+00:00,133.98597734503093,NORMAL,136.0,137.0,138.0,25.14133,80.85446,YMNCKT_2026-04-06T16:00:00+0000_133.9860
YMNCKT,Yamuna at Chitrakoot,Yamuna Basin,2026-04-06 17:00:00+00:00,134.06654264841245,NORMAL,136.0,137.0,138.0,25.14133,80.85446,YMNCKT_2026-04-06T17:00:00+0000_134.0665
YMNCKT,Yamuna at Chitrakoot,Yamuna Basin,2026-04-06 18:00:00+00:00,134.02220509857707,NORMAL,136.0,137.0,138.0,25.14133,80.85446,YMNCKT_2026-04-06T18:00:00+0000_134.0222
YMNCKT,Yamuna at Chitrakoot,Yamuna Basin,2026-04-06 19:00:00+00:00,134.07477024202052,NORMAL,136.0,137.0,138.0,25.14133,80.85446,YMNCKT_2026-04-06T19:00:00+0000_134.0748
YMNCKT,Yamuna at Chitrakoot,Yamuna Basin,2026-04-06 20:00:00+00:00,134.0715433210971,NORMAL,136.0,137.0,138.0,25.14133,80.85446,YMNCKT_2026-04-06T20:00:00+0000_134.0715
YMNCKT,Yamuna at Chitrakoot,Yamuna Basin,2026-04-06 21:00:00+00:00,134.0320288477561,NORMAL,136.0,137.0,138.0,25.14133,80.85446,YMNCKT_2026-04-06T21:00:00+0000_134.0320
YMNCKT,Yamuna at Chitrakoot,Yamuna Basin,2026-04-06 22:00:00+00:00,133.99568853657178,NORMAL,136.0,137.0,138.0,25.14133,80.85446,YMNCKT_2026-04-06T22:00:00+0000_133.9957
YMNCKT,Yamuna at Chitrakoot,Yamuna Basin,2026-04-06 23:00:00+00:00,133.92787793573265,NORMAL,136.0,137.0,138.0,25.14133,80.85446,YMNCKT_2026-04-06T23:00:00+0000_133.9279
YMNCKT,Yamuna at Chitrakoot,Yamuna Basin,2026-04-07 00:00:00+00:00,133.91443664926211,NORMAL,136.0,137.0,138.0,25.14133,80.85446,YMNCKT_2026-04-07T00:00:00+0000_133.9144
YMNCKT,Yamuna at Chitrakoot,Yamuna Basin,2026-04-07 01:00:00+00:00,,,136.0,137.0,138.0,25.14133,80.85446,YMNCKT_2026-04-07T01:00:00+0000_
YMNCKT,Yamuna at Chitrakoot,Yamuna Basin,2026-04-07 02:00:00+00:00,133.82468807928612,NORMAL,136.0,137.0,138.0,25.14133,80.85446,YMNCKT_2026-04-07T02:00:00+0000_133.8247
YMNCKT,Yamuna at Chitrakoot,Yamuna Basin,2026-04-07 03:00:00+00:00,133.74231746937292,NORMAL,136.0,137.0,138.0,25.14133,80.85446,YMNCKT_2026-04-07T03:00:00+0000_133.7423
YMNCKT,Yamuna at Chitrakoot,Yamuna Basin,2026-04-07 04:00:00+00:00,133.72846824211078,NORMAL,136.0,137.0,138.0,25.14133,80.85446,YMNCKT_2026-04-07T04:00:00+0000_133.7285
YMNCKT,Yamuna at Chitrakoot,Yamuna Basin,2026-04-07 05:00:00+00:00,133.70854190527015,NORMAL,136.0,137.0,138.0,25.14133,80.85446,YMNCKT_2026-04-07T05:00:00+0000_133.7085
YMNCKT,Yamuna at Chitrakoot,Yamuna Basin,2026-04-07 06:00:00+00:00,133.68707173681025,NORMAL,136.0,137.0,138.0,25.14133,80.85446,YMNCKT_2026-04-07T06:00:00+0000_133.6871
YMNCKT,Yamuna at Chitrakoot,Yamuna Basin,2026-04-07 07:00:00+00:00,,,136.0,137.0,138.0,25.14133,80.85446,YMNCKT_2026-04-07T07:00:00+0000_
YMNCKT,Yamuna at Chitrakoot,Yamuna Basin,2026-04-07 08:00:00+00:00,133.65386111101097,NORMAL,136.0,137.0,138.0,25.14133,80.85446,YMNCKT_2026-04-07T08:00:00+0000_133.6539
YMNCKT,Yamuna at Chitrakoot,Yamuna Basin,2026-04-07 09:00:00+00:00,133.64178387272025,NORMAL,136.0,137.0,138.0,25.14133,80.85446,YMNCKT_2026-04-07T09:00:00+0000_133.6418
YMNCKT,Yamuna at Chitrakoot,Yamuna Basin,2026-04-07 10:00:00+00:00,133.736170714924,NORMAL,136.0,137.0,138.0,25.14133,80.85446,YMNCKT_2026-04-07T10:00:00+0000_133.7362
YMNCKT,Yamuna at Chitrakoot,Yamuna Basin,2026-04-07 11:00:00+00:00,133.78885529688782,NORMAL,136.0,137.0,138.0,25.14133,80.85446,YMNCKT_2026-04-07T11:00:00+0000_133.7889
YMNCKT,Yamuna at Chitrakoot,Yamuna Basin,2026-04-07 12:00:00+00:00,133.81551565234133,NORMAL,136.0,137.0,138.0,25.14133,80.85446,YMNCKT_2026-04-07T12:00:00+0000_133.8155
YMNCKT,Yamuna at Chitrakoot,Yamuna Basin,2026-04-07 13:00:00+00:00,133.86908663612266,NORMAL,136.0,137.0,138.0,25.14133,80.85446,YMNCKT_2026-04-07T13:00:00+0000_133.8691
YMNCKT,Yamuna at Chitrakoot,Yamuna Basin,2026-04-07 14:00:00+00:00,133.87984428105537,NORMAL,136.0,137.0,138.0,25.14133,80.85446,YMNCKT_2026-04-07T14:00:00+0000_133.8798
YMNCKT,Yamuna at Chitrakoot,Yamuna Basin,2026-04-07 15:00:00+00:00,133.95936903584874,NORMAL,136.0,137.0,138.0,25.14133,80.85446,YMNCKT_2026-04-07T15:00:00+0000_133.9594
YMNCKT,Yamuna at Chitrakoot,Yamuna Basin,2026-04-07 16:00:00+00:00,134.0052703259429,NORMAL,136.0,137.0,138.0,25.14133,80.85446,YMNCKT_2026-04-07T16:00:00+0000_134.0053
YMNCKT,Yamuna at Chitrakoot,Yamuna Basin,2026-04-07 17:00:00+00:00,,,136.0,137.0,138.0,25.14133,80.85446,YMNCKT_2026-04-07T17:00:00+0000_
YMNCKT,Yamuna at Chitrakoot,Yamuna Basin,2026-04-07 18:00:00+00:00,134.040281083031,NORMAL,136.0,137.0,138.0,25.14133,80.85446,YMNCKT_2026-04-07T18:00:00+0000_134.0403
YMNCKT,Yamuna at Chitrakoot,Yamuna Basin,2026-04-07 19:00:00+00:00,134.03918927224348,NORMAL,136.0,137.0,138.0,25.14133,80.85446,YMNCKT_2026-04-07T19:00:00+0000_134.0392
YMNCKT,Yamuna at Chitrakoot,Yamuna Basin,2026-04-07 20:00:00+00:00,134.08409646704644,NORMAL,136.0,137.0,138.0,25.14133,80.85446,YMNCKT_2026-04-07T20:00:00+0000_134.0841
YMNCKT,Yamuna at Chitrakoot,Yamuna Basin,2026-04-07 21:00:00+00:00,134.0080945918818,NORMAL,136.0,137.0,138.0,25.14133,80.85446,YMNCKT_2026-04-07T21:00:00+0000_134.0081
YMNCKT,Yamuna at Chitrakoot,Yamuna Basin,2026-04-07 22:00:00+00:00,134.01600574196706,NORMAL,136.0,137.0,138.0,25.14133,80.85446,YMNCKT_2026-04-07T22:00:00+0000_134.0160
YMNCKT,Yamuna at Chitrakoot,Yamuna Basin,2026-04-07 23:00:00+00:00,133.97159464317204,NORMAL,136.0,137.0,138.0,25.14133,80.85446,YMNCKT_2026-04-07T23:00:00+0000_133.9716
YMNCKT,Yamuna at Chitrakoot,Yamuna Basin,2026-04-08 00:00:00+00:00,133.8864409696162,NORMAL,136.0,137.0,138.0,25.14133,80.85446,YMNCKT_2026-04-08T00:00:00+0000_133.8864
YMNCKT,Yamuna at Chitrakoot,Yamuna Basin,2026-04-08 01:00:00+00:00,133.8245048354309,NORMAL,136.0,137.0,138.0,25.14133,80.85446,YMNCKT_2026-04-08T01:00:00+0000_133.8245
YMNCKT,Yamuna at Chitrakoot,Yamuna Basin,2026-04-08 02:00:00+00:00,133.8516403638033,NORMAL,136.0,137.0,138.0,25.14133,80.85446,YMNCKT_2026-04-08T02:00:00+0000_133.8516
YMNCKT,Yamuna at Chitrakoot,Yamuna Basin,2026-04-08 03:00:00+00:00,133.79504995785453,NORMAL,136.0,137.0,138.0,25.14133,80.85446,YMNCKT_2026-04-08T03:00:00+0000_133.7950
YMNCKT,Yamuna at Chitrakoot,Yamuna Basin,2026-04-08 04:00:00+00:00,133.6875893812558,NORMAL,136.0,137.0,138.0,25.14133,80.85446,YMNCKT_2026-04-08T04:00:00+0000_133.6876
YMNCKT,Yamuna at Chitrakoot,Yamuna Basin,2026-04-08 05:00:00+00:00,133.63301324251827,NORMAL,136.0,137.0,138.0,25.14133,80.85446,YMNCKT_2026-04-08T05:00:00+0000_133.6330
YMNCKT,Yamuna at Chitrakoot,Yamuna Basin,2026-04-08 06:00:00+00:00,133.67779905437436,NORMAL,136.0,137.0,138.0,25.14133,80.85446,YMNCKT_2026-04-08T06:00:00+0000_133.6778
YMNCKT,Yamuna at Chitrakoot,Yamuna Basin,2026-04-08 07:00:00+00:00,133.59947063392508,NORMAL,136.0,137.0,138.0,25.14133,80.85446,YMNCKT_2026-04-08T07:00:00+0000_133.5995
YMNCKT,Yamuna at Chitrakoot,Yamuna Basin,2026-04-08 08:00:00+00:00,133.65945480060523,NORMAL,136.0,137.0,138.0,25.14133,80.85446,YMNCKT_2026-04-08T08:00:00+0000_133.6595
YMNCKT,Yamuna at Chitrakoot,Yamuna Basin,2026-04-08 09:00:00+00:00,133.6813252672754,NORMAL,136.0,137.0,138.0,25.14133,80.85446,YMNCKT_2026-04-08T09:00:00+0000_133.6813
YMNCKT,Yamuna at Chitrakoot,Yamuna Basin,2026-04-08 10:00:00+00:00,133.69236800421837,NORMAL,136.0,137.0,138.0,25.14133,80.85446,YMNCKT_2026-04-08T10:00:00+0000_133.6924
YMNCKT,Yamuna at Chitrakoot,Yamuna Basin,2026-04-08 11:00:00+00:00,133.71045431436633,NORMAL,136.0,137.0,138.0,25.14133,80.85446,YMNCKT_2026-04-08T11:00:00+0000_133.7105
YMNCKT,Yamuna at Chitrakoot,Yamuna Basin,2026-04-08 12:00:00+00:00,133.76798669600595,NORMAL,136.0,137.0,138.0,25.14133,80.85446,YMNCKT_2026-04-08T12:00:00+0000_133.7680
YMNCKT,Yamuna at Chitrakoot,Yamuna Basin,2026-04-08 13:00:00+00:00,133.85926023151436,NORMAL,136.0,137.0,138.0,25.14133,80.85446,YMNCKT_2026-04-08T13:00:00+0000_133.8593
YMNCKT,Yamuna at Chitrakoot,Yamuna Basin,2026-04-08 14:00:00+00:00,133.89914051943015,NORMAL,136.0,137.0,138.0,25.14133,80.85446,YMNCKT_2026-04-08T14:00:00+0000_133.8991
YMNCKT,Yamuna at Chitrakoot,Yamuna Basin,2026-04-08 15:00:00+00:00,,,136.0,137.0,138.0,25.14133,80.85446,YMNCKT_2026-04-08T15:00:00+0000_
YMNCKT,Yamuna at Chitrakoot,Yamuna Basin,2026-04-08 16:00:00+00:00,,,136.0,137.0,138.0,25.14133,80.85446,YMNCKT_2026-04-08T16:00:00+0000_
YMNCKT,Yamuna at Chitrakoot,Yamuna Basin,2026-04-08 17:00:00+00:00,134.07212922380046,NORMAL,136.0,137.0,138.0,25.14133,80.85446,YMNCKT_2026-04-08T17:00:00+0000_134.0721
YMNCKT,Yamuna at Chitrakoot,Yamuna Basin,2026-04-08 18:00:00+00:00,134.06602544932207,NORMAL,136.0,137.0,138.0,25.14133,80.85446,YMNCKT_2026-04-08T18:00:00+0000_134.0660
YMNCKT,Yamuna at Chitrakoot,Yamuna Basin,2026-04-08 19:00:00+00:00,134.05987360011056,NORMAL,136.0,137.0,138.0,25.14133,80.85446,YMNCKT_2026-04-08T19:00:00+0000_134.0599
YMNCKT,Yamuna at Chitrakoot,Yamuna Basin,2026-04-08 20:00:00+00:00,134.11577553858112,NORMAL,136.0,137.0,138.0,25.14133,80.85446,YMNCKT_2026-04-08T20:00:00+0000_134.1158
YMNCKT,Yamuna at Chitrakoot,Yamuna Basin,2026-04-08 21:00:00+00:00,134.04645398349226,NORMAL,136.0,137.0,138.0,25.14133,80.85446,YMNCKT_2026-04-08T21:00:00+0000_134.0465
YMNCKT,Yamuna at Chitrakoot,Yamuna Basin,2026-04-08 22:00:00+00:00,134.05046718984306,NORMAL,136.0,137.0,138.0,25.14133,80.85446,YMNCKT_2026-04-08T22:00:00+0000_134.0505
YMNCKT,Yamuna at Chitrakoot,Yamuna Basin,2026-04-08 23:00:00+00:00,133.95338949259283,NORMAL,136.0,137.0,138.0,25.14133,80.85446,YMNCKT_2026-04-08T23:00:00+0000_133.9534
YMNCKT,Yamuna at Chitrakoot,Yamuna Basin,2026-04-09 00:00:00+00:00,,,136.0,137.0,138.0,25.14133,80.85446,YMNCKT_2026-04-09T00:00:00+0000_
YMNCKT,Yamuna at Chitrakoot,Yamuna Basin,2026-04-09 01:00:00+00:00,133.85740494031182,NORMAL,136.0,137.0,138.0,25.14133,80.85446,YMNCKT_2026-04-09T01:00:00+0000_133.8574
YMNCKT,Yamuna at Chitrakoot,Yamuna Basin,2026-04-09 02:00:00+00:00,133.8340315334244,NORMAL,136.0,137.0,138.0,25.14133,80.85446,YMNCKT_2026-04-09T02:00:00+0000_133.8340
YMNCKT,Yamuna at Chitrakoot,Yamuna Basin,2026-04-09 03:00:00+00:00,133.79024529543673,NORMAL,136.0,137.0,138.0,25.14133,80.85446,YMNCKT_2026-04-09T03:00:00+0000_133.7902
YMNCKT,Yamuna at Chitrakoot,Yamuna Basin,2026-04-09 04:00:00+00:00,133.74305832609764,NORMAL,136.0,137.0,138.0,25.14133,80.85446,YMNCKT_2026-04-09T04:00:00+0000_133.7431
YMNCKT,Yamuna at Chitrakoot,Yamuna Basin,2026-04-09 05:00:00+00:00,133.6603305664712,NORMAL,136.0,137.0,138.0,25.14133,80.85446,YMNCKT_2026-04-09T05:00:00+0000_133.6603
YMNCKT,Yamuna at Chitrakoot,Yamuna Basin,2026-04-09 06:00:00+00:00,133.62955760083108,NORMAL,136.0,137.0,138.0,25.14133,80.85446,YMNCKT_2026-04-09T06:00:00+0000_133.6296
YMNCKT,Yamuna at Chitrakoot,Yamuna Basin,2026-04-09 07:00:00+00:00,133.6834131412897,NORMAL,136.0,137.0,138.0,25.14133,80.85446,YMNCKT_2026-04-09T07:00:00+0000_133.6834
YMNCKT,Yamuna at Chitrakoot,Yamuna Basin,2026-04-09 08:00:00+00:00,133.61613964287687,NORMAL,136.0,137.0,138.0,25.14133,80.85446,YMNCKT_2026-04-09T08:00:00+0000_133.6161
YMNCKT,Yamuna at Chitrakoot,Yamuna Basin,2026-04-09 09:00:00+00:00,133.70417586281735,NORMAL,136.0,137.0,138.0,25.14133,80.85446,YMNCKT_2026-04-09T09:00:00+0000_133.7042
YMNCKT,Yamuna at Chitrakoot,Yamuna Basin,2026-04-09 10:00:00+00:00,133.69119686647977,NORMAL,136.0,137.0,138.0,25.14133,80.85446,YMNCKT_2026-04-09T10:00:00+0000_133.6912
YMNCKT,Yamuna at Chitrakoot,Yamuna Basin,2026-04-09 11:00:00+00:00,133.74723678533846,NORMAL,136.0,137.0,138.0,25.14133,80.85446,YMNCKT_2026-04-09T11:00:00+0000_133.7472
YMNCKT,Yamuna at Chitrakoot,Yamuna Basin,2026-04-09 12:00:00+00:00,133.7937064588183,NORMAL,136.0,137.0,138.0,25.14133,80.85446,YMNCKT_2026-04-09T12:00:00+0000_133.7937
YMNCKT,Yamuna at Chitrakoot,Yamuna Basin,2026-04-09 13:00:00+00:00,,,136.0,137.0,138.0,25.14133,80.85446,YMNCKT_2026-04-09T13:00:00+0000_
YMNCKT,Yamuna at Chitrakoot,Yamuna Basin,2026-04-09 14:00:00+00:00,133.90593095253936,NORMAL,136.0,137.0,138.0,25.14133,80.85446,YMNCKT_2026-04-09T14:00:00+0000_133.9059
YMNCKT,Yamuna at Chitrakoot,Yamuna Basin,2026-04-09 15:00:00+00:00,133.9904895525726,NORMAL,136.0,137.0,138.0,25.14133,80.85446,YMNCKT_2026-04-09T15:00:00+0000_133.9905
YMNCKT,Yamuna at Chitrakoot,Yamuna Basin,2026-04-09 16:00:00+00:00,134.01266125804102,NORMAL,136.0,137.0,138.0,25.14133,80.85446,YMNCKT_2026-04-09T16:00:00+0000_134.0127
YMNCKT,Yamuna at Chitrakoot,Yamuna Basin,2026-04-09 17:00:00+00:00,134.10525121689108,NORMAL,136.0,137.0,138.0,25.14133,80.85446,YMNCKT_2026-04-09T17:00:00+0000_134.1053
YMNCKT,Yamuna at Chitrakoot,Yamuna Basin,2026-04-09 18:00:00+00:00,134.08893216245843,NORMAL,136.0,137.0,138.0,25.14133,80.85446,YMNCKT_2026-04-09T18:00:00+0000_134.0889
YMNCKT,Yamuna at Chitrakoot,Yamuna Basin,2026-04-09 19:00:00+00:00,134.10920252942583,NORMAL,136.0,137.0,138.0,25.14133,80.85446,YMNCKT_2026-04-09T19:00:00+0000_134.1092
YMNCKT,Yamuna at Chitrakoot,Yamuna Basin,2026-04-09 20:00:00+00:00,134.10768382099093,NORMAL,136.0,137.0,138.0,25.14133,80.85446,YMNCKT_2026-04-09T20:00:00+0000_134.1077
YMNCKT,Yamuna at Chitrakoot,Yamuna Basin,2026-04-09 21:00:00+00:00,134.0312634864666,NORMAL,136.0,137.0,138.0,25.14133,80.85446,YMNCKT_2026-04-09T21:00:00+0000_134.0313
YMNCKT,Yamuna at Chitrakoot,Yamuna Basin,2026-04-09 22:00:00+00:00,134.00598882172724,NORMAL,136.0,137.0,138.0,25.14133,80.85446,YMNCKT_2026-04-09T22:00:00+0000_134.0060
YMNCKT,Yamuna at Chitrakoot,Yamuna Basin,2026-04-09 23:00:00+00:00,133.95407649911613,NORMAL,136.0,137.0,138.0,25.14133,80.85446,YMNCKT_2026-04-09T23:00:00+0000_133.9541
YMNCKT,Yamuna at Chitrakoot,Yamuna Basin,2026-04-10 00:00:00+00:00,133.97883135492603,NORMAL,136.0,137.0,138.0,25.14133,80.85446,YMNCKT_2026-04-10T00:00:00+0000_133.9788
YMNCKT,Yamuna at Chitrakoot,Yamuna Basin,2026-04-10 01:00:00+00:00,133.89938580849625,NORMAL,136.0,137.0,138.0,25.14133,80.85446,YMNCKT_2026-04-10T01:00:00+0000_133.8994
YMNCKT,Yamuna at Chitrakoot,Yamuna Basin,2026-04-10 02:00:00+00:00,133.81115318171564,NORMAL,136.0,137.0,138.0,25.14133,80.85446,YMNCKT_2026-04-10T02:00:00+0000_133.8112
YMNCKT,Yamuna at Chitrakoot,Yamuna Basin,2026-04-10 03:00:00+00:00,133.72572617612286,NORMAL,136.0,137.0,138.0,25.14133,80.85446,YMNCKT_2026-04-10T03:00:00+0000_133.7257
YMNCKT,Yamuna at Chitrakoot,Yamuna Basin,2026-04-10 04:00:00+00:00,133.68128594935584,NORMAL,136.0,137.0,138.0,25.14133,80.85446,YMNCKT_2026-04-10T04:00:00+0000_133.6813
YMNCKT,Yamuna at Chitrakoot,Yamuna Basin,2026-04-10 05:00:00+00:00,133.64444224110585,NORMAL,136.0,137.0,138.0,25.14133,80.85446,YMNCKT_2026-04-10T05:00:00+0000_133.6444
YMNCKT,Yamuna at Chitrakoot,Yamuna Basin,2026-04-10 06:00:00+00:00,133.6185423325127,NORMAL,136.0,137.0,138.0,25.14133,80.85446,YMNCKT_2026-04-10T06:00:00+0000_133.6185
YMNCKT,Yamuna at Chitrakoot,Yamuna Basin,2026-04-10 07:00:00+00:00,133.66387917235443,NORMAL,136.0,137.0,138.0,25.14133,80.85446,YMNCKT_2026-04-10T07:00:00+0000_133.6639
YMNCKT,Yamuna at Chitrakoot,Yamuna Basin,2026-04-10 08:00:00+00:00,133.6909008604307,NORMAL,136.0,137.0,138.0,25.14133,80.85446,YMNCKT_2026-04-10T08:00:00+0000_133.6909
YMNCKT,Yamuna at Chitrakoot,Yamuna Basin,2026-04-10 09:00:00+00:00,133.66952306721163,NORMAL,136.0,137.0,138.0,25.14133,80.85446,YMNCKT_2026-04-10T09:00:00+0000_133.6695
YMNCKT,Yamuna at Chitrakoot,Yamuna Basin,2026-04-10 10:00:00+00:00,133.6761148334062,NORMAL,136.0,137.0,138.0,25.14133,80.85446,YMNCKT_2026-04-10T10:00:00+0000_133.6761
YMNCKT,Yamuna at Chitrakoot,Yamuna Basin,2026-04-10 11:00:00+00:00,133.7539867714807,NORMAL,136.0,137.0,138.0,25.14133,80.85446,YMNCKT_2026-04-10T11:00:00+0000_133.7540
YMNCKT,Yamuna at Chitrakoot,Yamuna Basin,2026-04-10 12:00:00+00:00,133.81490934614703,NORMAL,136.0,137.0,138.0,25.14133,80.85446,YMNCKT_2026-04-10T12:00:00+0000_133.8149
YMNCKT,Yamuna at Chitrakoot,Yamuna Basin,2026-04-10 13:00:00+00:00,133.84600700237135,NORMAL,136.0,137.0,138.0,25.14133,80.85446,YMNCKT_2026-04-10T13:00:00+0000_133.8460
YMNCKT,Yamuna at Chitrakoot,Yamuna Basin,2026-04-10 14:00:00+00:00,133.912315002791,NORMAL,136.0,137.0,138.0,25.14133,80.85446,YMNCKT_2026-04-10T14:00:00+0000_133.9123
YMNCKT,Yamuna at Chitrakoot,Yamuna Basin,2026-04-10 15:00:00+00:00,133.94925727950087,NORMAL,136.0,137.0,138.0,25.14133,80.85446,YMNCKT_2026-04-10T15:00:00+0000_133.9493
YMNCKT,Yamuna at Chitrakoot,Yamuna Basin,2026-04-10 16:00:00+00:00,134.0617842680896,NORMAL,136.0,137.0,138.0,25.14133,80.85446,YMNCKT_2026-04-10T16:00:00+0000_134.0618
YMNCKT,Yamuna at Chitrakoot,Yamuna Basin,2026-04-10 17:00:00+00:00,,,136.0,137.0,138.0,25.14133,80.85446,YMNCKT_2026-04-10T17:00:00+0000_
YMNCKT,Yamuna at Chitrakoot,Yamuna Basin,2026-04-10 18:00:00+00:00,134.1247195870246,NORMAL,136.0,137.0,138.0,25.14133,80.85446,YMNCKT_2026-04-10T18:00:00+0000_134.1247
YMNCKT,Yamuna at Chitrakoot,Yamuna Basin,2026-04-10 19:00:00+00:00,134.0746637733798,NORMAL,136.0,137.0,138.0,25.14133,80.85446,YMNCKT_2026-04-10T19:00:00+0000_134.0747
YMNCKT,Yamuna at Chitrakoot,Yamuna Basin,2026-04-10 20:00:00+00:00,137.2495147066051,DANGER,136.0,137.0,138.0,25.14133,80.85446,YMNCKT_2026-04-10T20:00:00+0000_137.2495
YMNCKT,Yamuna at Chitrakoot,Yamuna Basin,2026-04-10 21:00:00+00:00,136.90118723407494,WARNING,136.0,137.0,138.0,25.14133,80.85446,YMNCKT_2026-04-10T21:00:00+0000_136.9012
YMNCKT,Yamuna at Chitrakoot,Yamuna Basin,2026-04-10 22:00:00+00:00,136.58125839633036,WARNING,136.0,137.0,138.0,25.14133,80.85446,YMNCKT_2026-04-10T22:00:00+0000_136.5813
YMNCKT,Yamuna at Chitrakoot,Yamuna Basin,2026-04-10 23:00:00+00:00,136.2893678239456,WARNING,136.0,137.0,138.0,25.14133,80.85446,YMNCKT_2026-04-10T23:00:00+0000_136.2894
YMNCKT,Yamuna at Chitrakoot,Yamuna Basin,2026-04-11 00:00:00+00:00,133.91034377108645,NORMAL,136.0,137.0,138.0,25.14133,80.85446,YMNCKT_2026-04-11T00:00:00+0000_133.9103
YMNCKT,Yamuna at Chitrakoot,Yamuna Basin,2026-04-11 01:00:00+00:00,133.912640531745,NORMAL,136.0,137.0,138.0,25.14133,80.85446,YMNCKT_2026-04-11T01:00:00+0000_133.9126
YMNCKT,Yamuna at Chitrakoot,Yamuna Basin,2026-04-11 02:00:00+00:00,133.83388162675473,NORMAL,136.0,137.0,138.0,25.14133,80.85446,YMNCKT_2026-04-11T02:00:00+0000_133.8339
YMNCKT,Yamuna at Chitrakoot,Yamuna Basin,2026-04-11 03:00:00+00:00,133.76737334629573,NORMAL,136.0,137.0,138.0,25.14133,80.85446,YMNCKT_2026-04-11T03:00:00+0000_133.7674
YMNCKT,Yamuna at Chitrakoot,Yamuna Basin,2026-04-11 04:00:00+00:00,133.70185972835995,NORMAL,136.0,137.0,138.0,25.14133,80.85446,YMNCKT_2026-04-11T04:00:00+0000_133.7019
YMNCKT,Yamuna at Chitrakoot,Yamuna Basin,2026-04-11 05:00:00+00:00,133.71707319480888,NORMAL,136.0,137.0,138.0,25.14133,80.85446,YMNCKT_2026-04-11T05:00:00+0000_133.7171
YMNCKT,Yamuna at Chitrakoot,Yamuna Basin,2026-04-11 06:00:00+00:00,133.63924482784267,NORMAL,136.0,137.0,138.0,25.14133,80.85446,YMNCKT_2026-04-11T06:00:00+0000_133.6392
YMNCKT,Yamuna at Chitrakoot,Yamuna Basin,2026-04-11 07:00:00+00:00,133.64912606337705,NORMAL,136.0,137.0,138.0,25.14133,80.85446,YMNCKT_2026-04-11T07:00:00+0000_133.6491
YMNCKT,Yamuna at Chitrakoot,Yamuna Basin,2026-04-11 08:00:00+00:00,133.6811171539783,NORMAL,136.0,137.0,138.0,25.14133,80.85446,YMNCKT_2026-04-11T08:00:00+0000_133.6811
YMNCKT,Yamuna at Chitrakoot,Yamuna Basin,2026-04-11 09:00:00+00:00,133.67509689270062,NORMAL,136.0,137.0,138.0,25.14133,80.85446,YMNCKT_2026-04-11T09:00:00+0000_133.6751
YMNCKT,Yamuna at Chitrakoot,Yamuna Basin,2026-04-11 10:00:00+00:00,133.75583748542533,NORMAL,136.0,137.0,138.0,25.14133,80.85446,YMNCKT_2026-04-11T10:00:00+0000_133.7558
YMNCKT,Yamuna at Chitrakoot,Yamuna Basin,2026-04-11 11:00:00+00:00,133.77541398914653,NORMAL,136.0,137.0,138.0,25.14133,80.85446,YMNCKT_2026-04-11T11:00:00+0000_133.7754
YMNCKT,Yamuna at Chitrakoot,Yamuna Basin,2026-04-11 12:00:00+00:00,133.8533469953556,NORMAL,136.0,137.0,138.0,25.14133,80.85446,YMNCKT_2026-04-11T12:00:00+0000_133.8533
YMNCKT,Yamuna at Chitrakoot,Yamuna Basin,2026-04-11 13:00:00+00:00,133.91919414201018,NORMAL,136.0,137.0,138.0,25.14133,80.85446,YMNCKT_2026-04-11T13:00:00+0000_133.9192
YMNCKT,Yamuna at Chitrakoot,Yamuna Basin,2026-04-11 14:00:00+00:00,135.82451181824854,NORMAL,136.0,137.0,138.0,25.14133,80.85446,YMNCKT_2026-04-11T14:00:00+0000_135.8245
YMNCKT,Yamuna at Chitrakoot,Yamuna Basin,2026-04-11 15:00:00+00:00,135.73196613322693,NORMAL,136.0,137.0,138.0,25.14133,80.85446,YMNCKT_2026-04-11T15:00:00+0000_135.7320
YMNCKT,Yamuna at Chitrakoot,Yamuna Basin,2026-04-11 16:00:00+00:00,135.56094715791963,NORMAL,136.0,137.0,138.0,25.14133,80.85446,YMNCKT_2026-04-11T16:00:00+0000_135.5609
YMNCKT,Yamuna at Chitrakoot,Yamuna Basin,2026-04-11 17:00:00+00:00,135.4521509436399,NORMAL,136.0,137.0,138.0,25.14133,80.85446,YMNCKT_2026-04-11T17:00:00+0000_135.4522
YMNCKT,Yamuna at Chitrakoot,Yamuna Basin,2026-04-11 18:00:00+00:00,135.36506353890823,NORMAL,136.0,137.0,138.0,25.14133,80.85446,YMNCKT_2026-04-11T18:00:00+0000_135.3651
YMNCKT,Yamuna at Chitrakoot,Yamuna Basin,2026-04-11 19:00:00+00:00,134.07232029349424,NORMAL,136.0,137.0,138.0,25.14133,80.85446,YMNCKT_2026-04-11T19:00:00+0000_134.0723
YMNCKT,Yamuna at Chitrakoot,Yamuna Basin,2026-04-11 20:00:00+00:00,134.07523023925867,NORMAL,136.0,137.0,138.0,25.14133,80.85446,YMNCKT_2026-04-11T20:00:00+0000_134.0752
YMNCKT,Yamuna at Chitrakoot,Yamuna Basin,2026-04-11 21:00:00+00:00,134.02340728723024,NORMAL,136.0,137.0,138.0,25.14133,80.85446,YMNCKT_2026-04-11T21:00:00+0000_134.0234
YMNCKT,Yamuna at Chitrakoot,Yamuna Basin,2026-04-11 22:00:00+00:00,133.99420046713965,NORMAL,136.0,137.0,138.0,25.14133,80.85446,YMNCKT_2026-04-11T22:00:00+0000_133.9942
YMNCKT,Yamuna at Chitrakoot,Yamuna Basin,2026-04-11 23:00:00+00:00,134.03728477384286,NORMAL,136.0,137.0,138.0,25.14133,80.85446,YMNCKT_2026-04-11T23:00:00+0000_134.0373
YMNCKT,Yamuna at Chitrakoot,Yamuna Basin,2026-04-12 00:00:00+00:00,133.93830369472084,NORMAL,136.0,137.0,138.0,25.14133,80.85446,YMNCKT_2026-04-12T00:00:00+0000_133.9383
YMNCKT,Yamuna at Chitrakoot,Yamuna Basin,2026-04-12 01:00:00+00:00,133.90032281694096,NORMAL,136.0,137.0,138.0,25.14133,80.85446,YMNCKT_2026-04-12T01:00:00+0000_133.9003
YMNCKT,Yamuna at Chitrakoot,Yamuna Basin,2026-04-12 02:00:00+00:00,133.87349101238044,NORMAL,136.0,137.0,138.0,25.14133,80.85446,YMNCKT_2026-04-12T02:00:00+0000_133.8735
YMNCKT,Yamuna at Chitrakoot,Yamuna Basin,2026-04-12 03:00:00+00:00,133.740556261978,NORMAL,136.0,137.0,138.0,25.14133,80.85446,YMNCKT_2026-04-12T03:00:00+0000_133.7406
YMNCKT,Yamuna at Chitrakoot,Yamuna Basin,2026-04-12 04:00:00+00:00,133.70207283221765,NORMAL,136.0,137.0,138.0,25.14133,80.85446,YMNCKT_2026-04-12T04:00:00+0000_133.7021
YMNCKT,Yamuna at Chitrakoot,Yamuna Basin,2026-04-12 05:00:00+00:00,133.6719106713294,NORMAL,136.0,137.0,138.0,25.14133,80.85446,YMNCKT_2026-04-12T05:00:00+0000_133.6719
YMNCKT,Yamuna at Chitrakoot,Yamuna Basin,2026-04-12 06:00:00+00:00,133.66696086201244,NORMAL,136.0,137.0,138.0,25.14133,80.85446,YMNCKT_2026-04-12T06:00:00+0000_133.6670
YMNCKT,Yamuna at Chitrakoot,Yamuna Basin,2026-04-12 07:00:00+00:00,133.62762893204325,NORMAL,136.0,137.0,138.0,25.14133,80.85446,YMNCKT_2026-04-12T07:00:00+0000_133.6276
YMNCKT,Yamuna at Chitrakoot,Yamuna Basin,2026-04-12 08:00:00+00:00,133.6642050234863,NORMAL,136.0,137.0,138.0,25.14133,80.85446,YMNCKT_2026-04-12T08:00:00+0000_133.6642
YMNCKT,Yamuna at Chitrakoot,Yamuna Basin,2026-04-12 09:00:00+00:00,133.65144617073713,NORMAL,136.0,137.0,138.0,25.14133,80.85446,YMNCKT_2026-04-12T09:00:00+0000_133.6514
YMNCKT,Yamuna at Chitrakoot,Yamuna Basin,2026-04-12 10:00:00+00:00,133.77548905859132,NORMAL,136.0,137.0,138.0,25.14133,80.85446,YMNCKT_2026-04-12T10:00:00+0000_133.7755
YMNCKT,Yamuna at Chitrakoot,Yamuna Basin,2026-04-12 11:00:00+00:00,133.74816062937987,NORMAL,136.0,137.0,138.0,25.14133,80.85446,YMNCKT_2026-04-12T11:00:00+0000_133.7482
YMNCKT,Yamuna at Chitrakoot,Yamuna Basin,2026-04-12 12:00:00+00:00,133.78293864528064,NORMAL,136.0,137.0,138.0,25.14133,80.85446,YMNCKT_2026-04-12T12:00:00+0000_133.7829
YMNCKT,Yamuna at Chitrakoot,Yamuna Basin,2026-04-12 13:00:00+00:00,133.8346270470212,NORMAL,136.0,137.0,138.0,25.14133,80.85446,YMNCKT_2026-04-12T13:00:00+0000_133.8346
YMNCKT,Yamuna at Chitrakoot,Yamuna Basin,2026-04-12 14:00:00+00:00,133.9465599832858,NORMAL,136.0,137.0,138.0,25.14133,80.85446,YMNCKT_2026-04-12T14:00:00+0000_133.9466
YMNCKT,Yamuna at Chitrakoot,Yamuna Basin,2026-04-12 15:00:00+00:00,133.9489221065279,NORMAL,136.0,137.0,138.0,25.14133,80.85446,YMNCKT_2026-04-12T15:00:00+0000_133.9489
YMNCKT,Yamuna at Chitrakoot,Yamuna Basin,2026-04-12 16:00:00+00:00,134.04784064449666,NORMAL,136.0,137.0,138.0,25.14133,80.85446,YMNCKT_2026-04-12T16:00:00+0000_134.0478
YMNCKT,Yamuna at Chitrakoot,Yamuna Basin,2026-04-12 17:00:00+00:00,134.10050012328568,NORMAL,136.0,137.0,138.0,25.14133,80.85446,YMNCKT_2026-04-12T17:00:00+0000_134.1005
YMNCKT,Yamuna at Chitrakoot,Yamuna Basin,2026-04-12 18:00:00+00:00,134.1287796647164,NORMAL,136.0,137.0,138.0,25.14133,80.85446,YMNCKT_2026-04-12T18:00:00+0000_134.1288
YMNCKT,Yamuna at Chitrakoot,Yamuna Basin,2026-04-12 19:00:00+00:00,134.0748617715516,NORMAL,136.0,137.0,138.0,25.14133,80.85446,YMNCKT_2026-04-12T19:00:00+0000_134.0749
YMNCKT,Yamuna at Chitrakoot,Yamuna Basin,2026-04-12 20:00:00+00:00,134.0756265126147,NORMAL,136.0,137.0,138.0,25.14133,80.85446,YMNCKT_2026-04-12T20:00:00+0000_134.0756
YMNCKT,Yamuna at Chitrakoot,Yamuna Basin,2026-04-12 21:00:00+00:00,134.05892579705585,NORMAL,136.0,137.0,138.0,25.14133,80.85446,YMNCKT_2026-04-12T21:00:00+0000_134.0589
YMNCKT,Yamuna at Chitrakoot,Yamuna Basin,2026-04-12 22:00:00+00:00,134.01348905182235,NORMAL,136.0,137.0,138.0,25.14133,80.85446,YMNCKT_2026-04-12T22:00:00+0000_134.0135
YMNCKT,Yamuna at Chitrakoot,Yamuna Basin,2026-04-12 23:00:00+00:00,134.00193949439603,NORMAL,136.0,137.0,138.0,25.14133,80.85446,YMNCKT_2026-04-12T23:00:00+0000_134.0019
YMNCKT,Yamuna at Chitrakoot,Yamuna Basin,2026-04-13 00:00:00+00:00,133.95453609338395,NORMAL,136.0,137.0,138.0,25.14133,80.85446,YMNCKT_2026-04-13T00:00:00+0000_133.9545
YMNCKT,Yamuna at Chitrakoot,Yamuna Basin,2026-04-13 01:00:00+00:00,133.85051588662176,NORMAL,136.0,137.0,138.0,25.14133,80.85446,YMNCKT_2026-04-13T01:00:00+0000_133.8505
YMNCKT,Yamuna at Chitrakoot,Yamuna Basin,2026-04-13 02:00:00+00:00,133.87816548457053,NORMAL,136.0,137.0,138.0,25.14133,80.85446,YMNCKT_2026-04-13T02:00:00+0000_133.8782
YMNCKT,Yamuna at Chitrakoot,Yamuna Basin,2026-04-13 03:00:00+00:00,133.76992660319095,NORMAL,136.0,137.0,138.0,25.14133,80.85446,YMNCKT_2026-04-13T03:00:00+0000_133.7699
YMNCKT,Yamuna at Chitrakoot,Yamuna Basin,2026-04-13 04:00:00+00:00,133.71320556639014,NORMAL,136.0,137.0,138.0,25.14133,80.85446,YMNCKT_2026-04-13T04:00:00+0000_133.7132
YMNCKT,Yamuna at Chitrakoot,Yamuna Basin,2026-04-13 05:00:00+00:00,133.67110244211045,NORMAL,136.0,137.0,138.0,25.14133,80.85446,YMNCKT_2026-04-13T05:00:00+0000_133.6711
YMNCKT,Yamuna at Chitrakoot,Yamuna Basin,2026-04-13 06:00:00+00:00,,,136.0,137.0,138.0,25.14133,80.85446,YMNCKT_2026-04-13T06:00:00+0000_
YMNCKT,Yamuna at Chitrakoot,Yamuna Basin,2026-04-13 07:00:00+00:00,,,136.0,137.0,138.0,25.14133,80.85446,YMNCKT_2026-04-13T07:00:00+0000_
YMNCKT,Yamuna at Chitrakoot,Yamuna Basin,2026-04-13 08:00:00+00:00,133.72480019447775,NORMAL,136.0,137.0,138.0,25.14133,80.85446,YMNCKT_2026-04-13T08:00:00+0000_133.7248
YMNCKT,Yamuna at Chitrakoot,Yamuna Basin,2026-04-13 09:00:00+00:00,133.71497507855852,NORMAL,136.0,137.0,138.0,25.14133,80.85446,YMNCKT_2026-04-13T09:00:00+0000_133.7150
YMNCKT,Yamuna at Chitrakoot,Yamuna Basin,2026-04-13 10:00:00+00:00,133.77052933171444,NORMAL,136.0,137.0,138.0,25.14133,80.85446,YMNCKT_2026-04-13T10:00:00+0000_133.7705
YMNCKT,Yamuna at Chitrakoot,Yamuna Basin,2026-04-13 11:00:00+00:00,133.78599550641317,NORMAL,136.0,137.0,138.0,25.14133,80.85446,YMNCKT_2026-04-13T11:00:00+0000_133.7860
YMNCKT,Yamuna at Chitrakoot,Yamuna Basin,2026-04-13 12:00:00+00:00,133.83156376304353,NORMAL,136.0,137.0,138.0,25.14133,80.85446,YMNCKT_2026-04-13T12:00:00+0000_133.8316
YMNCKT,Yamuna at Chitrakoot,Yamuna Basin,2026-04-13 13:00:00+00:00,133.87262865707723,NORMAL,136.0,137.0,138.0,25.14133,80.85446,YMNCKT_2026-04-13T13:00:00+0000_133.8726
YMNCKT,Yamuna at Chitrakoot,Yamuna Basin,2026-04-13 14:00:00+00:00,133.99207505762635,NORMAL,136.0,137.0,138.0,25.14133,80.85446,YMNCKT_2026-04-13T14:00:00+0000_133.9921
YMNCKT,Yamuna at Chitrakoot,Yamuna Basin,2026-04-13 15:00:00+00:00,133.96340015962116,NORMAL,136.0,137.0,138.0,25.14133,80.85446,YMNCKT_2026-04-13T15:00:00+0000_133.9634
YMNCKT,Yamuna at Chitrakoot,Yamuna Basin,2026-04-13 16:00:00+00:00,134.03336845542484,NORMAL,136.0,137.0,138.0,25.14133,80.85446,YMNCKT_2026-04-13T16:00:00+0000_134.0334
YMNCKT,Yamuna at Chitrakoot,Yamuna Basin,2026-04-13 17:00:00+00:00,134.12636024645508,NORMAL,136.0,137.0,138.0,25.14133,80.85446,YMNCKT_2026-04-13T17:00:00+0000_134.1264
YMNCKT,Yamuna at Chitrakoot,Yamuna Basin,2026-04-13 18:00:00+00:00,134.12745366455567,NORMAL,136.0,137.0,138.0,25.14133,80.85446,YMNCKT_2026-04-13T18:00:00+0000_134.1275
YMNCKT,Yamuna at Chitrakoot,Yamuna Basin,2026-04-13 19:00:00+00:00,134.06410180450334,NORMAL,136.0,137.0,138.0,25.14133,80.85446,YMNCKT_2026-04-13T19:00:00+0000_134.0641
YMNCKT,Yamuna at Chitrakoot,Yamuna Basin,2026-04-13 20:00:00+00:00,134.11846563326418,NORMAL,136.0,137.0,138.0,25.14133,80.85446,YMNCKT_2026-04-13T20:00:00+0000_134.1185
YMNCKT,Yamuna at Chitrakoot,Yamuna Basin,2026-04-13 21:00:00+00:00,134.11781339401793,NORMAL,136.0,137.0,138.0,25.14133,80.85446,YMNCKT_2026-04-13T21:00:00+0000_134.1178
YMNCKT,Yamuna at Chitrakoot,Yamuna Basin,2026-04-13 22:00:00+00:00,134.0236765623176,NORMAL,136.0,137.0,138.0,25.14133,80.85446,YMNCKT_2026-04-13T22:00:00+0000_134.0237
YMNCKT,Yamuna at Chitrakoot,Yamuna Basin,2026-04-13 23:00:00+00:00,133.97026472540253,NORMAL,136.0,137.0,138.0,25.14133,80.85446,YMNCKT_2026-04-13T23:00:00+0000_133.9703
YMNCKT,Yamuna at Chitrakoot,Yamuna Basin,2026-04-14 00:00:00+00:00,133.95711211154588,NORMAL,136.0,137.0,138.0,25.14133,80.85446,YMNCKT_2026-04-14T00:00:00+0000_133.9571
YMNCKT,Yamuna at Chitrakoot,Yamuna Basin,2026-04-14 01:00:00+00:00,133.90198719013262,NORMAL,136.0,137.0,138.0,25.14133,80.85446,YMNCKT_2026-04-14T01:00:00+0000_133.9020
YMNCKT,Yamuna at Chitrakoot,Yamuna Basin,2026-04-14 02:00:00+00:00,133.85714126038474,NORMAL,136.0,137.0,138.0,25.14133,80.85446,YMNCKT_2026-04-14T02:00:00+0000_133.8571
YMNCKT,Yamuna at Chitrakoot,Yamuna Basin,2026-04-14 03:00:00+00:00,133.74739561692255,NORMAL,136.0,137.0,138.0,25.14133,80.85446,YMNCKT_2026-04-14T03:00:00+0000_133.7474
YMNCKT,Yamuna at Chitrakoot,Yamuna Basin,2026-04-14 04:00:00+00:00,133.72996020807557,NORMAL,136.0,137.0,138.0,25.14133,80.85446,YMNCKT_2026-04-14T04:00:00+0000_133.7300
YMNCKT,Yamuna at Chitrakoot,Yamuna Basin,2026-04-14 05:00:00+00:00,133.687977147321,NORMAL,136.0,137.0,138.0,25.14133,80.85446,YMNCKT_2026-04-14T05:00:00+0000_133.6880
YMNCKT,Yamuna at Chitrakoot,Yamuna Basin,2026-04-14 06:00:00+00:00,133.72304828674373,NORMAL,136.0,137.0,138.0,25.14133,80.85446,YMNCKT_2026-04-14T06:00:00+0000_133.7230
YMNCKT,Yamuna at Chitrakoot,Yamuna Basin,2026-04-14 07:00:00+00:00,133.649050578258,NORMAL,136.0,137.0,138.0,25.14133,80.85446,YMNCKT_2026-04-14T07:00:00+0000_133.6491
YMNCKT,Yamuna at Chitrakoot,Yamuna Basin,2026-04-14 08:00:00+00:00,133.6835259136354,NORMAL,136.0,137.0,138.0,25.14133,80.85446,YMNCKT_2026-04-14T08:00:00+0000_133.6835
YMNCKT,Yamuna at Chitrakoot,Yamuna Basin,2026-04-14 09:00:00+00:00,133.6572908051201,NORMAL,136.0,137.0,138.0,25.14133,80.85446,YMNCKT_2026-04-14T09:00:00+0000_133.6573
YMNCKT,Yamuna at Chitrakoot,Yamuna Basin,2026-04-14 10:00:00+00:00,133.71652727590725,NORMAL,136.0,137.0,138.0,25.14133,80.85446,YMNCKT_2026-04-14T10:00:00+0000_133.7165
YMNCKT,Yamuna at Chitrakoot,Yamuna Basin,2026-04-14 11:00:00+00:00,133.81559027102216,NORMAL,136.0,137.0,138.0,25.14133,80.85446,YMNCKT_2026-04-14T11:00:00+0000_133.8156
YMNCKT,Yamuna at Chitrakoot,Yamuna Basin,2026-04-14 12:00:00+00:00,133.80854735089164,NORMAL,136.0,137.0,138.0,25.14133,80.85446,YMNCKT_2026-04-14T12:00:00+0000_133.8085
YMNCKT,Yamuna at Chitrakoot,Yamuna Basin,2026-04-14 13:00:00+00:00,133.92812093801572,NORMAL,136.0,137.0,138.0,25.14133,80.85446,YMNCKT_2026-04-14T13:00:00+0000_133.9281
YMNCKT,Yamuna at Chitrakoot,Yamuna Basin,2026-04-14 14:00:00+00:00,133.9028393709022,NORMAL,136.0,137.0,138.0,25.14133,80.85446,YMNCKT_2026-04-14T14:00:00+0000_133.9028
YMNCKT,Yamuna at Chitrakoot,Yamuna Basin,2026-04-14 15:00:00+00:00,134.0533783052586,NORMAL,136.0,137.0,138.0,25.14133,80.85446,YMNCKT_2026-04-14T15:00:00+0000_134.0534
YMNCKT,Yamuna at Chitrakoot,Yamuna Basin,2026-04-14 16:00:00+00:00,134.0143922838656,NORMAL,136.0,137.0,138.0,25.14133,80.85446,YMNCKT_2026-04-14T16:00:00+0000_134.0144
YMNCKT,Yamuna at Chitrakoot,Yamuna Basin,2026-04-14 17:00:00+00:00,134.08120654651157,NORMAL,136.0,137.0,138.0,25.14133,80.85446,YMNCKT_2026-04-14T17:00:00+0000_134.0812
YMNCKT,Yamuna at Chitrakoot,Yamuna Basin,2026-04-14 18:00:00+00:00,134.06796731087303,NORMAL,136.0,137.0,138.0,25.14133,80.85446,YMNCKT_2026-04-14T18:00:00+0000_134.0680
YMNCKT,Yamuna at Chitrakoot,Yamuna Basin,2026-04-14 19:00:00+00:00,134.0967830949362,NORMAL,136.0,137.0,138.0,25.14133,80.85446,YMNCKT_2026-04-14T19:00:00+0000_134.0968
YMNCKT,Yamuna at Chitrakoot,Yamuna Basin,2026-04-14 20:00:00+00:00,134.14047006805956,NORMAL,136.0,137.0,138.0,25.14133,80.85446,YMNCKT_2026-04-14T20:00:00+0000_134.1405
YMNCKT,Yamuna at Chitrakoot,Yamuna Basin,2026-04-14 21:00:00+00:00,134.0802015344769,NORMAL,136.0,137.0,138.0,25.14133,80.85446,YMNCKT_2026-04-14T21:00:00+0000_134.0802
YMNCKT,Yamuna at Chitrakoot,Yamuna Basin,2026-04-14 22:00:00+00:00,134.0791276300236,NORMAL,136.0,137.0,138.0,25.14133,80.85446,YMNCKT_2026-04-14T22:00:00+0000_134.0791
YMNCKT,Yamuna at Chitrakoot,Yamuna Basin,2026-04-14 23:00:00+00:00,134.0224254944606,NORMAL,136.0,137.0,138.0,25.14133,80.85446,YMNCKT_2026-04-14T23:00:00+0000_134.0224
YMNCKT,Yamuna at Chitrakoot,Yamuna Basin,2026-04-15 00:00:00+00:00,133.9422180495307,NORMAL,136.0,137.0,138.0,25.14133,80.85446,YMNCKT_2026-04-15T00:00:00+0000_133.9422
YMNCKT,Yamuna at Chitrakoot,Yamuna Basin,2026-04-15 01:00:00+00:00,133.89187438239506,NORMAL,136.0,137.0,138.0,25.14133,80.85446,YMNCKT_2026-04-15T01:00:00+0000_133.8919
YMNCKT,Yamuna at Chitrakoot,Yamuna Basin,2026-04-15 02:00:00+00:00,133.84775159770595,NORMAL,136.0,137.0,138.0,25.14133,80.85446,YMNCKT_2026-04-15T02:00:00+0000_133.8478
YMNCKT,Yamuna at Chitrakoot,Yamuna Basin,2026-04-15 03:00:00+00:00,133.7655589599594,NORMAL,136.0,137.0,138.0,25.14133,80.85446,YMNCKT_2026-04-15T03:00:00+0000_133.7656
YMNCKT,Yamuna at Chitrakoot,Yamuna Basin,2026-04-15 04:00:00+00:00,133.76339102596472,NORMAL,136.0,137.0,138.0,25.14133,80.85446,YMNCKT_2026-04-15T04:00:00+0000_133.7634
YMNCKT,Yamuna at Chitrakoot,Yamuna Basin,2026-04-15 05:00:00+00:00,133.67460484364364,NORMAL,136.0,137.0,138.0,25.14133,80.85446,YMNCKT_2026-04-15T05:00:00+0000_133.6746
YMNCKT,Yamuna at Chitrakoot,Yamuna Basin,2026-04-15 06:00:00+00:00,133.69693176666286,NORMAL,136.0,137.0,138.0,25.14133,80.85446,YMNCKT_2026-04-15T06:00:00+0000_133.6969
YMNCKT,Yamuna at Chitrakoot,Yamuna Basin,2026-04-15 07:00:00+00:00,133.6990563997065,NORMAL,136.0,137.0,138.0,25.14133,80.85446,YMNCKT_2026-04-15T07:00:00+0000_133.6991
YMNCKT,Yamuna at Chitrakoot,Yamuna Basin,2026-04-15 08:00:00+00:00,133.73186317554624,NORMAL,136.0,137.0,138.0,25.14133,80.85446,YMNCKT_2026-04-15T08:00:00+0000_133.7319
YMNCKT,Yamuna at Chitrakoot,Yamuna Basin,2026-04-15 09:00:00+00:00,133.67545913955365,NORMAL,136.0,137.0,138.0,25.14133,80.85446,YMNCKT_2026-04-15T09:00:00+0000_133.6755
YMNCKT,Yamuna at Chitrakoot,Yamuna Basin,2026-04-15 10:00:00+00:00,133.73389820549994,NORMAL,136.0,137.0,138.0,25.14133,80.85446,YMNCKT_2026-04-15T10:00:00+0000_133.7339
YMNCKT,Yamuna at Chitrakoot,Yamuna Basin,2026-04-15 11:00:00+00:00,133.8131389659081,NORMAL,136.0,137.0,138.0,25.14133,80.85446,YMNCKT_2026-04-15T11:00:00+0000_133.8131
YMNCKT,Yamuna at Chitrakoot,Yamuna Basin,2026-04-15 12:00:00+00:00,133.86836887855677,NORMAL,136.0,137.0,138.0,25.14133,80.85446,YMNCKT_2026-04-15T12:00:00+0000_133.8684
YMNCKT,Yamuna at Chitrakoot,Yamuna Basin,2026-04-15 13:00:00+00:00,133.90914587022806,NORMAL,136.0,137.0,138.0,25.14133,80.85446,YMNCKT_2026-04-15T13:00:00+0000_133.9091
YMNCKT,Yamuna at Chitrakoot,Yamuna Basin,2026-04-15 14:00:00+00:00,133.98873890964543,NORMAL,136.0,137.0,138.0,25.14133,80.85446,YMNCKT_2026-04-15T14:00:00+0000_133.9887
YMNCKT,Yamuna at Chitrakoot,Yamuna Basin,2026-04-15 15:00:00+00:00,133.97765446367504,NORMAL,136.0,137.0,138.0,25.14133,80.85446,YMNCKT_2026-04-15T15:00:00+0000_133.9777
YMNCKT,Yamuna at Chitrakoot,Yamuna Basin,2026-04-15 16:00:00+00:00,134.01161844935675,NORMAL,136.0,137.0,138.0,25.14133,80.85446,YMNCKT_2026-04-15T16:00:00+0000_134.0116
YMNCKT,Yamuna at Chitrakoot,Yamuna Basin,2026-04-15 17:00:00+00:00,134.13841783466253,NORMAL,136.0,137.0,138.0,25.14133,80.85446,YMNCKT_2026-04-15T17:00:00+0000_134.1384
YMNCKT,Yamuna at Chitrakoot,Yamuna Basin,2026-04-15 18:00:00+00:00,134.1015463666567,NORMAL,136.0,137.0,138.0,25.14133,80.85446,YMNCKT_2026-04-15T18:00:00+0000_134.1015
YMNCKT,Yamuna at Chitrakoot,Yamuna Basin,2026-04-15 19:00:00+00:00,134.13815682578783,NORMAL,136.0,137.0,138.0,25.14133,80.85446,YMNCKT_2026-04-15T19:00:00+0000_134.1382
YMNCKT,Yamuna at Chitrakoot,Yamuna Basin,2026-04-15 20:00:00+00:00,134.07895720526722,NORMAL,136.0,137.0,138.0,25.14133,80.85446,YMNCKT_2026-04-15T20:00:00+0000_134.0790
YMNCKT,Yamuna at Chitrakoot,Yamuna Basin,2026-04-15 21:00:00+00:00,134.1220440663233,NORMAL,136.0,137.0,138.0,25.14133,80.85446,YMNCKT_2026-04-15T21:00:00+0000_134.1220
YMNCKT,Yamuna at Chitrakoot,Yamuna Basin,2026-04-15 22:00:00+00:00,134.03533687868833,NORMAL,136.0,137.0,138.0,25.14133,80.85446,YMNCKT_2026-04-15T22:00:00+0000_134.0353
YMNCKT,Yamuna at Chitrakoot,Yamuna Basin,2026-04-15 23:00:00+00:00,133.97579315816313,NORMAL,136.0,137.0,138.0,25.14133,80.85446,YMNCKT_2026-04-15T23:00:00+0000_133.9758
YMNCKT,Yamuna at Chitrakoot,Yamuna Basin,2026-04-16 00:00:00+00:00,133.93225079537115,NORMAL,136.0,137.0,138.0,25.14133,80.85446,YMNCKT_2026-04-16T00:00:00+0000_133.9323
YMNCKT,Yamuna at Chitrakoot,Yamuna Basin,2026-04-16 01:00:00+00:00,133.9264174562255,NORMAL,136.0,137.0,138.0,25.14133,80.85446,YMNCKT_2026-04-16T01:00:00+0000_133.9264
YMNCKT,Yamuna at Chitrakoot,Yamuna Basin,2026-04-16 02:00:00+00:00,133.80094226484,NORMAL,136.0,137.0,138.0,25.14133,80.85446,YMNCKT_2026-04-16T02:00:00+0000_133.8009
YMNCKT,Yamuna at Chitrakoot,Yamuna Basin,2026-04-16 03:00:00+00:00,133.80861317466537,NORMAL,136.0,137.0,138.0,25.14133,80.85446,YMNCKT_2026-04-16T03:00:00+0000_133.8086
YMNCKT,Yamuna at Chitrakoot,Yamuna Basin,2026-04-16 04:00:00+00:00,133.73467017976057,NORMAL,136.0,137.0,138.0,25.14133,80.85446,YMNCKT_2026-04-16T04:00:00+0000_133.7347
YMNCKT,Yamuna at Chitrakoot,Yamuna Basin,2026-04-16 05:00:00+00:00,133.75941825716976,NORMAL,136.0,137.0,138.0,25.14133,80.85446,YMNCKT_2026-04-16T05:00:00+0000_133.7594
YMNCKT,Yamuna at Chitrakoot,Yamuna Basin,2026-04-16 06:00:00+00:00,133.70238703802372,NORMAL,136.0,137.0,138.0,25.14133,80.85446,YMNCKT_2026-04-16T06:00:00+0000_133.7024
YMNCKT,Yamuna at Chitrakoot,Yamuna Basin,2026-04-16 07:00:00+00:00,137.6068162220838,DANGER,136.0,137.0,138.0,25.14133,80.85446,YMNCKT_2026-04-16T07:00:00+0000_137.6068
YMNCKT,Yamuna at Chitrakoot,Yamuna Basin,2026-04-16 08:00:00+00:00,137.2057750167548,DANGER,136.0,137.0,138.0,25.14133,80.85446,YMNCKT_2026-04-16T08:00:00+0000_137.2058
YMNCKT,Yamuna at Chitrakoot,Yamuna Basin,2026-04-16 09:00:00+00:00,136.8996045005315,WARNING,136.0,137.0,138.0,25.14133,80.85446,YMNCKT_2026-04-16T09:00:00+0000_136.8996
YMNCKT,Yamuna at Chitrakoot,Yamuna Basin,2026-04-16 10:00:00+00:00,136.6321763796221,WARNING,136.0,137.0,138.0,25.14133,80.85446,YMNCKT_2026-04-16T10:00:00+0000_136.6322
YMNCKT,Yamuna at Chitrakoot,Yamuna Basin,2026-04-16 11:00:00+00:00,136.43577776330827,WARNING,136.0,137.0,138.0,25.14133,80.85446,YMNCKT_2026-04-16T11:00:00+0000_136.4358
YMNCKT,Yamuna at Chitrakoot,Yamuna Basin,2026-04-16 12:00:00+00:00,133.8137834621128,NORMAL,136.0,137.0,138.0,25.14133,80.85446,YMNCKT_2026-04-16T12:00:00+0000_133.8138
YMNCKT,Yamuna at Chitrakoot,Yamuna Basin,2026-04-16 13:00:00+00:00,133.91234225348745,NORMAL,136.0,137.0,138.0,25.14133,80.85446,YMNCKT_2026-04-16T13:00:00+0000_133.9123
YMNCKT,Yamuna at Chitrakoot,Yamuna Basin,2026-04-16 14:00:00+00:00,134.00041192678486,NORMAL,136.0,137.0,138.0,25.14133,80.85446,YMNCKT_2026-04-16T14:00:00+0000_134.0004
YMNCKT,Yamuna at Chitrakoot,Yamuna Basin,2026-04-16 15:00:00+00:00,134.03239972073803,NORMAL,136.0,137.0,138.0,25.14133,80.85446,YMNCKT_2026-04-16T15:00:00+0000_134.0324
YMNCKT,Yamuna at Chitrakoot,Yamuna Basin,2026-04-16 16:00:00+00:00,134.0199341657647,NORMAL,136.0,137.0,138.0,25.14133,80.85446,YMNCKT_2026-04-16T16:00:00+0000_134.0199
YMNCKT,Yamuna at Chitrakoot,Yamuna Basin,2026-04-16 17:00:00+00:00,134.10271317746955,NORMAL,136.0,137.0,138.0,25.14133,80.85446,YMNCKT_2026-04-16T17:00:00+0000_134.1027
YMNCKT,Yamuna at Chitrakoot,Yamuna Basin,2026-04-16 18:00:00+00:00,134.09732208432916,NORMAL,136.0,137.0,138.0,25.14133,80.85446,YMNCKT_2026-04-16T18:00:00+0000_134.0973
YMNCKT,Yamuna at Chitrakoot,Yamuna Basin,2026-04-16 19:00:00+00:00,134.17306144485897,NORMAL,136.0,137.0,138.0,25.14133,80.85446,YMNCKT_2026-04-16T19:00:00+0000_134.1731
YMNCKT,Yamuna at Chitrakoot,Yamuna Basin,2026-04-16 20:00:00+00:00,134.1239254882466,NORMAL,136.0,137.0,138.0,25.14133,80.85446,YMNCKT_2026-04-16T20:00:00+0000_134.1239
YMNCKT,Yamuna at Chitrakoot,Yamuna Basin,2026-04-16 21:00:00+00:00,134.05343730723988,NORMAL,136.0,137.0,138.0,25.14133,80.85446,YMNCKT_2026-04-16T21:00:00+0000_134.0534
YMNCKT,Yamuna at Chitrakoot,Yamuna Basin,2026-04-16 22:00:00+00:00,134.04918446567038,NORMAL,136.0,137.0,138.0,25.14133,80.85446,YMNCKT_2026-04-16T22:00:00+0000_134.0492
YMNCKT,Yamuna at Chitrakoot,Yamuna Basin,2026-04-16 23:00:00+00:00,134.0329978234692,NORMAL,136.0,137.0,138.0,25.14133,80.85446,YMNCKT_2026-04-16T23:00:00+0000_134.0330
YMNCKT,Yamuna at Chitrakoot,Yamuna Basin,2026-04-17 00:00:00+00:00,133.96691638799064,NORMAL,136.0,137.0,138.0,25.14133,80.85446,YMNCKT_2026-04-17T00:00:00+0000_133.9669
YMNCKT,Yamuna at Chitrakoot,Yamuna Basin,2026-04-17 01:00:00+00:00,133.91782424665706,NORMAL,136.0,137.0,138.0,25.14133,80.85446,YMNCKT_2026-04-17T01:00:00+0000_133.9178
YMNCKT,Yamuna at Chitrakoot,Yamuna Basin,2026-04-17 02:00:00+00:00,133.89590500009993,NORMAL,136.0,137.0,138.0,25.14133,80.85446,YMNCKT_2026-04-17T02:00:00+0000_133.8959
YMNCKT,Yamuna at Chitrakoot,Yamuna Basin,2026-04-17 03:00:00+00:00,133.79033537265977,NORMAL,136.0,137.0,138.0,25.14133,80.85446,YMNCKT_2026-04-17T03:00:00+0000_133.7903
YMNCKT,Yamuna at Chitrakoot,Yamuna Basin,2026-04-17 04:00:00+00:00,133.79149405379354,NORMAL,136.0,137.0,138.0,25.14133,80.85446,YMNCKT_2026-04-17T04:00:00+0000_133.7915
YMNCKT,Yamuna at Chitrakoot,Yamuna Basin,2026-04-17 05:00:00+00:00,133.72750491103648,NORMAL,136.0,137.0,138.0,25.14133,80.85446,YMNCKT_2026-04-17T05:00:00+0000_133.7275
YMNCKT,Yamuna at Chitrakoot,Yamuna Basin,2026-04-17 06:00:00+00:00,133.68826955280997,NORMAL,136.0,137.0,138.0,25.14133,80.85446,YMNCKT_2026-04-17T06:00:00+0000_133.6883
YMNCKT,Yamuna at Chitrakoot,Yamuna Basin,2026-04-17 07:00:00+00:00,133.6502774778114,NORMAL,136.0,137.0,138.0,25.14133,80.85446,YMNCKT_2026-04-17T07:00:00+0000_133.6503
YMNCKT,Yamuna at Chitrakoot,Yamuna Basin,2026-04-17 08:00:00+00:00,133.7200667636578,NORMAL,136.0,137.0,138.0,25.14133,80.85446,YMNCKT_2026-04-17T08:00:00+0000_133.7201
YMNCKT,Yamuna at Chitrakoot,Yamuna Basin,2026-04-17 09:00:00+00:00,133.7550064700947,NORMAL,136.0,137.0,138.0,25.14133,80.85446,YMNCKT_2026-04-17T09:00:00+0000_133.7550
YMNCKT,Yamuna at Chitrakoot,Yamuna Basin,2026-04-17 10:00:00+00:00,133.7923375169507,NORMAL,136.0,137.0,138.0,25.14133,80.85446,YMNCKT_2026-04-17T10:00:00+0000_133.7923
YMNCKT,Yamuna at Chitrakoot,Yamuna Basin,2026-04-17 11:00:00+00:00,,,136.0,137.0,138.0,25.14133,80.85446,YMNCKT_2026-04-17T11:00:00+0000_
YMNCKT,Yamuna at Chitrakoot,Yamuna Basin,2026-04-17 12:00:00+00:00,133.83355910185512,NORMAL,136.0,137.0,138.0,25.14133,80.85446,YMNCKT_2026-04-17T12:00:00+0000_133.8336
YMNCKT,Yamuna at Chitrakoot,Yamuna Basin,2026-04-17 13:00:00+00:00,133.89048656180287,NORMAL,136.0,137.0,138.0,25.14133,80.85446,YMNCKT_2026-04-17T13:00:00+0000_133.8905
YMNCKT,Yamuna at Chitrakoot,Yamuna Basin,2026-04-17 14:00:00+00:00,133.99901874639278,NORMAL,136.0,137.0,138.0,25.14133,80.85446,YMNCKT_2026-04-17T14:00:00+0000_133.9990
YMNCKT,Yamuna at Chitrakoot,Yamuna Basin,2026-04-17 15:00:00+00:00,133.99832103974282,NORMAL,136.0,137.0,138.0,25.14133,80.85446,YMNCKT_2026-04-17T15:00:00+0000_133.9983
YMNCKT,Yamuna at Chitrakoot,Yamuna Basin,2026-04-17 16:00:00+00:00,134.02400472079583,NORMAL,136.0,137.0,138.0,25.14133,80.85446,YMNCKT_2026-04-17T16:00:00+0000_134.0240
YMNCKT,Yamuna at Chitrakoot,Yamuna Basin,2026-04-17 17:00:00+00:00,134.1385035515409,NORMAL,136.0,137.0,138.0,25.14133,80.85446,YMNCKT_2026-04-17T17:00:00+0000_134.1385
YMNCKT,Yamuna at Chitrakoot,Yamuna Basin,2026-04-17 18:00:00+00:00,134.135436648818,NORMAL,136.0,137.0,138.0,25.14133,80.85446,YMNCKT_2026-04-17T18:00:00+0000_134.1354
YMNCKT,Yamuna at Chitrakoot,Yamuna Basin,2026-04-17 19:00:00+00:00,134.17697344251116,NORMAL,136.0,137.0,138.0,25.14133,80.85446,YMNCKT_2026-04-17T19:00:00+0000_134.1770
YMNCKT,Yamuna at Chitrakoot,Yamuna Basin,2026-04-17 20:00:00+00:00,134.12253246064523,NORMAL,136.0,137.0,138.0,25.14133,80.85446,YMNCKT_2026-04-17T20:00:00+0000_134.1225
YMNCKT,Yamuna at Chitrakoot,Yamuna Basin,2026-04-17 21:00:00+00:00,134.05673052179998,NORMAL,136.0,137.0,138.0,25.14133,80.85446,YMNCKT_2026-04-17T21:00:00+0000_134.0567
YMNCKT,Yamuna at Chitrakoot,Yamuna Basin,2026-04-17 22:00:00+00:00,134.104239632088,NORMAL,136.0,137.0,138.0,25.14133,80.85446,YMNCKT_2026-04-17T22:00:00+0000_134.1042
YMNCKT,Yamuna at Chitrakoot,Yamuna Basin,2026-04-17 23:00:00+00:00,134.06954901962035,NORMAL,136.0,137.0,138.0,25.14133,80.85446,YMNCKT_2026-04-17T23:00:00+0000_134.0695
YMNCKT,Yamuna at Chitrakoot,Yamuna Basin,2026-04-18 00:00:00+00:00,133.94267635014407,NORMAL,136.0,137.0,138.0,25.14133,80.85446,YMNCKT_2026-04-18T00:00:00+0000_133.9427
YMNCKT,Yamuna at Chitrakoot,Yamuna Basin,2026-04-18 01:00:00+00:00,133.95330501270425,NORMAL,136.0,137.0,138.0,25.14133,80.85446,YMNCKT_2026-04-18T01:00:00+0000_133.9533
YMNCKT,Yamuna at Chitrakoot,Yamuna Basin,2026-04-18 02:00:00+00:00,133.8377343274163,NORMAL,136.0,137.0,138.0,25.14133,80.85446,YMNCKT_2026-04-18T02:00:00+0000_133.8377
YMNCKT,Yamuna at Chitrakoot,Yamuna Basin,2026-04-18 03:00:00+00:00,133.81496958294943,NORMAL,136.0,137.0,138.0,25.14133,80.85446,YMNCKT_2026-04-18T03:00:00+0000_133.8150
YMNCKT,Yamuna at Chitrakoot,Yamuna Basin,2026-04-18 04:00:00+00:00,133.7246121253051,NORMAL,136.0,137.0,138.0,25.14133,80.85446,YMNCKT_2026-04-18T04:00:00+0000_133.7246
YMNCKT,Yamuna at Chitrakoot,Yamuna Basin,2026-04-18 05:00:00+00:00,133.71915897501142,NORMAL,136.0,137.0,138.0,25.14133,80.85446,YMNCKT_2026-04-18T05:00:00+0000_133.7192
YMNCKT,Yamuna at Chitrakoot,Yamuna Basin,2026-04-18 06:00:00+00:00,133.69389470002878,NORMAL,136.0,137.0,138.0,25.14133,80.85446,YMNCKT_2026-04-18T06:00:00+0000_133.6939
YMNCKT,Yamuna at Chitrakoot,Yamuna Basin,2026-04-18 07:00:00+00:00,133.66284732246206,NORMAL,136.0,137.0,138.0,25.14133,80.85446,YMNCKT_2026-04-18T07:00:00+0000_133.6628
YMNCKT,Yamuna at Chitrakoot,Yamuna Basin,2026-04-18 08:00:00+00:00,133.68095152111528,NORMAL,136.0,137.0,138.0,25.14133,80.85446,YMNCKT_2026-04-18T08:00:00+0000_133.6810
YMNCKT,Yamuna at Chitrakoot,Yamuna Basin,2026-04-18 09:00:00+00:00,133.7504234174317,NORMAL,136.0,137.0,138.0,25.14133,80.85446,YMNCKT_2026-04-18T09:00:00+0000_133.7504
YMNCKT,Yamuna at Chitrakoot,Yamuna Basin,2026-04-18 10:00:00+00:00,,,136.0,137.0,138.0,25.14133,80.85446,YMNCKT_2026-04-18T10:00:00+0000_
YMNCKT,Yamuna at Chitrakoot,Yamuna Basin,2026-04-18 11:00:00+00:00,133.83514179132385,NORMAL,136.0,137.0,138.0,25.14133,80.85446,YMNCKT_2026-04-18T11:00:00+0000_133.8351
YMNCKT,Yamuna at Chitrakoot,Yamuna Basin,2026-04-18 12:00:00+00:00,133.90433203813012,NORMAL,136.0,137.0,138.0,25.14133,80.85446,YMNCKT_2026-04-18T12:00:00+0000_133.9043
YMNCKT,Yamuna at Chitrakoot,Yamuna Basin,2026-04-18 13:00:00+00:00,133.88254003170798,NORMAL,136.0,137.0,138.0,25.14133,80.85446,YMNCKT_2026-04-18T13:00:00+0000_133.8825
YMNCKT,Yamuna at Chitrakoot,Yamuna Basin,2026-04-18 14:00:00+00:00,133.9938148816025,NORMAL,136.0,137.0,138.0,25.14133,80.85446,YMNCKT_2026-04-18T14:00:00+0000_133.9938
YMNCKT,Yamuna at Chitrakoot,Yamuna Basin,2026-04-18 15:00:00+00:00,134.05451398449998,NORMAL,136.0,137.0,138.0,25.14133,80.85446,YMNCKT_2026-04-18T15:00:00+0000_134.0545
YMNCKT,Yamuna at Chitrakoot,Yamuna Basin,2026-04-18 16:00:00+00:00,134.02949159483325,NORMAL,136.0,137.0,138.0,25.14133,80.85446,YMNCKT_2026-04-18T16:00:00+0000_134.0295
YMNCKT,Yamuna at Chitrakoot,Yamuna Basin,2026-04-18 17:00:00+00:00,134.1449356790174,NORMAL,136.0,137.0,138.0,25.14133,80.85446,YMNCKT_2026-04-18T17:00:00+0000_134.1449
YMNCKT,Yamuna at Chitrakoot,Yamuna Basin,2026-04-18 18:00:00+00:00,134.083472340998,NORMAL,136.0,137.0,138.0,25.14133,80.85446,YMNCKT_2026-04-18T18:00:00+0000_134.0835
YMNCKT,Yamuna at Chitrakoot,Yamuna Basin,2026-04-18 19:00:00+00:00,134.18395120526768,NORMAL,136.0,137.0,138.0,25.14133,80.85446,YMNCKT_2026-04-18T19:00:00+0000_134.1840
YMNCKT,Yamuna at Chitrakoot,Yamuna Basin,2026-04-18 20:00:00+00:00,134.14724077499997,NORMAL,136.0,137.0,138.0,25.14133,80.85446,YMNCKT_2026-04-18T20:00:00+0000_134.1472
YMNCKT,Yamuna at Chitrakoot,Yamuna Basin,2026-04-18 21:00:00+00:00,134.15058522052308,NORMAL,136.0,137.0,138.0,25.14133,80.85446,YMNCKT_2026-04-18T21:00:00+0000_134.1506
YMNCKT,Yamuna at Chitrakoot,Yamuna Basin,2026-04-18 22:00:00+00:00,136.24733330149076,WARNING,136.0,137.0,138.0,25.14133,80.85446,YMNCKT_2026-04-18T22:00:00+0000_136.2473
YMNCKT,Yamuna at Chitrakoot,Yamuna Basin,2026-04-18 23:00:00+00:00,135.99938680145283,NORMAL,136.0,137.0,138.0,25.14133,80.85446,YMNCKT_2026-04-18T23:00:00+0000_135.9994
YMNCKT,Yamuna at Chitrakoot,Yamuna Basin,2026-04-19 00:00:00+00:00,133.9322602026601,NORMAL,136.0,137.0,138.0,25.14133,80.85446,YMNCKT_2026-04-19T00:00:00+0000_133.9323
YMNCKT,Yamuna at Chitrakoot,Yamuna Basin,2026-04-19 01:00:00+00:00,133.8876459624347,NORMAL,136.0,137.0,138.0,25.14133,80.85446,YMNCKT_2026-04-19T01:00:00+0000_133.8876
YMNCKT,Yamuna at Chitrakoot,Yamuna Basin,2026-04-19 02:00:00+00:00,133.85665255296652,NORMAL,136.0,137.0,138.0,25.14133,80.85446,YMNCKT_2026-04-19T02:00:00+0000_133.8567
YMNCKT,Yamuna at Chitrakoot,Yamuna Basin,2026-04-19 03:00:00+00:00,133.7712446137757,NORMAL,136.0,137.0,138.0,25.14133,80.85446,YMNCKT_2026-04-19T03:00:00+0000_133.7712
YMNCKT,Yamuna at Chitrakoot,Yamuna Basin,2026-04-19 04:00:00+00:00,133.72988228431095,NORMAL,136.0,137.0,138.0,25.14133,80.85446,YMNCKT_2026-04-19T04:00:00+0000_133.7299
YMNCKT,Yamuna at Chitrakoot,Yamuna Basin,2026-04-19 05:00:00+00:00,133.78213205742742,NORMAL,136.0,137.0,138.0,25.14133,80.85446,YMNCKT_2026-04-19T05:00:00+0000_133.7821
YMNCKT,Yamuna at Chitrakoot,Yamuna Basin,2026-04-19 06:00:00+00:00,133.6638510900644,NORMAL,136.0,137.0,138.0,25.14133,80.85446,YMNCKT_2026-04-19T06:00:00+0000_133.6639
YMNCKT,Yamuna at Chitrakoot,Yamuna Basin,2026-04-19 07:00:00+00:00,133.73118586830486,NORMAL,136.0,137.0,138.0,25.14133,80.85446,YMNCKT_2026-04-19T07:00:00+0000_133.7312
YMNCKT,Yamuna at Chitrakoot,Yamuna Basin,2026-04-19 08:00:00+00:00,135.69208955704957,NORMAL,136.0,137.0,138.0,25.14133,80.85446,YMNCKT_2026-04-19T08:00:00+0000_135.6921
YMNCKT,Yamuna at Chitrakoot,Yamuna Basin,2026-04-19 09:00:00+00:00,135.44445710250812,NORMAL,136.0,137.0,138.0,25.14133,80.85446,YMNCKT_2026-04-19T09:00:00+0000_135.4445
YMNCKT,Yamuna at Chitrakoot,Yamuna Basin,2026-04-19 10:00:00+00:00,133.74218077944127,NORMAL,136.0,137.0,138.0,25.14133,80.85446,YMNCKT_2026-04-19T10:00:00+0000_133.7422
YMNCKT,Yamuna at Chitrakoot,Yamuna Basin,2026-04-19 11:00:00+00:00,,,136.0,137.0,138.0,25.14133,80.85446,YMNCKT_2026-04-19T11:00:00+0000_
YMNCKT,Yamuna at Chitrakoot,Yamuna Basin,2026-04-19 12:00:00+00:00,133.9152840220598,NORMAL,136.0,137.0,138.0,25.14133,80.85446,YMNCKT_2026-04-19T12:00:00+0000_133.9153
YMNCKT,Yamuna at Chitrakoot,Yamuna Basin,2026-04-19 13:00:00+00:00,133.91874043263846,NORMAL,136.0,137.0,138.0,25.14133,80.85446,YMNCKT_2026-04-19T13:00:00+0000_133.9187
YMNCKT,Yamuna at Chitrakoot,Yamuna Basin,2026-04-19 14:00:00+00:00,133.99344664403387,NORMAL,136.0,137.0,138.0,25.14133,80.85446,YMNCKT_2026-04-19T14:00:00+0000_133.9934
YMNCKT,Yamuna at Chitrakoot,Yamuna Basin,2026-04-19 15:00:00+00:00,134.05266086578655,NORMAL,136.0,137.0,138.0,25.14133,80.85446,YMNCKT_2026-04-19T15:00:00+0000_134.0527
YMNCKT,Yamuna at Chitrakoot,Yamuna Basin,2026-04-19 16:00:00+00:00,134.03546920903975,NORMAL,136.0,137.0,138.0,25.14133,80.85446,YMNCKT_2026-04-19T16:00:00+0000_134.0355
YMNCKT,Yamuna at Chitrakoot,Yamuna Basin,2026-04-19 17:00:00+00:00,134.12040139630622,NORMAL,136.0,137.0,138.0,25.14133,80.85446,YMNCKT_2026-04-19T17:00:00+0000_134.1204
YMNCKT,Yamuna at Chitrakoot,Yamuna Basin,2026-04-19 18:00:00+00:00,134.13411143999753,NORMAL,136.0,137.0,138.0,25.14133,80.85446,YMNCKT_2026-04-19T18:00:00+0000_134.1341
YMNCKT,Yamuna at Chitrakoot,Yamuna Basin,2026-04-19 19:00:00+00:00,134.11303927990647,NORMAL,136.0,137.0,138.0,25.14133,80.85446,YMNCKT_2026-04-19T19:00:00+0000_134.1130
YMNCKT,Yamuna at Chitrakoot,Yamuna Basin,2026-04-19 20:00:00+00:00,134.17782898539377,NORMAL,136.0,137.0,138.0,25.14133,80.85446,YMNCKT_2026-04-19T20:00:00+0000_134.1778
YMNCKT,Yamuna at Chitrakoot,Yamuna Basin,2026-04-19 21:00:00+00:00,134.11336752562696,NORMAL,136.0,137.0,138.0,25.14133,80.85446,YMNCKT_2026-04-19T21:00:00+0000_134.1134
YMNCKT,Yamuna at Chitrakoot,Yamuna Basin,2026-04-19 22:00:00+00:00,134.0298717280118,NORMAL,136.0,137.0,138.0,25.14133,80.85446,YMNCKT_2026-04-19T22:00:00+0000_134.0299
YMNCKT,Yamuna at Chitrakoot,Yamuna Basin,2026-04-19 23:00:00+00:00,134.06448570521502,NORMAL,136.0,137.0,138.0,25.14133,80.85446,YMNCKT_2026-04-19T23:00:00+0000_134.0645
YMNCKT,Yamuna at Chitrakoot,Yamuna Basin,2026-04-20 00:00:00+00:00,133.95847723098365,NORMAL,136.0,137.0,138.0,25.14133,80.85446,YMNCKT_2026-04-20T00:00:00+0000_133.9585
YMNCKT,Yamuna at Chitrakoot,Yamuna Basin,2026-04-20 01:00:00+00:00,133.97099952717332,NORMAL,136.0,137.0,138.0,25.14133,80.85446,YMNCKT_2026-04-20T01:00:00+0000_133.9710
YMNCKT,Yamuna at Chitrakoot,Yamuna Basin,2026-04-20 02:00:00+00:00,133.83956611338382,NORMAL,136.0,137.0,138.0,25.14133,80.85446,YMNCKT_2026-04-20T02:00:00+0000_133.8396
YMNCKT,Yamuna at Chitrakoot,Yamuna Basin,2026-04-20 03:00:00+00:00,133.855294635933,NORMAL,136.0,137.0,138.0,25.14133,80.85446,YMNCKT_2026-04-20T03:00:00+0000_133.8553
YMNCKT,Yamuna at Chitrakoot,Yamuna Basin,2026-04-20 04:00:00+00:00,133.75374955222028,NORMAL,136.0,137.0,138.0,25.14133,80.85446,YMNCKT_2026-04-20T04:00:00+0000_133.7537
YMNCKT,Yamuna at Chitrakoot,Yamuna Basin,2026-04-20 05:00:00+00:00,133.69037064856343,NORMAL,136.0,137.0,138.0,25.14133,80.85446,YMNCKT_2026-04-20T05:00:00+0000_133.6904
YMNCKT,Yamuna at Chitrakoot,Yamuna Basin,2026-04-20 06:00:00+00:00,133.7359662423903,NORMAL,136.0,137.0,138.0,25.14133,80.85446,YMNCKT_2026-04-20T06:00:00+0000_133.7360
YMNCKT,Yamuna at Chitrakoot,Yamuna Basin,2026-04-20 07:00:00+00:00,133.75019120019027,NORMAL,136.0,137.0,138.0,25.14133,80.85446,YMNCKT_2026-04-20T07:00:00+0000_133.7502
YMNCKT,Yamuna at Chitrakoot,Yamuna Basin,2026-04-20 08:00:00+00:00,133.70346248074094,NORMAL,136.0,137.0,138.0,25.14133,80.85446,YMNCKT_2026-04-20T08:00:00+0000_133.7035
YMNCKT,Yamuna at Chitrakoot,Yamuna Basin,2026-04-20 09:00:00+00:00,133.69162743626245,NORMAL,136.0,137.0,138.0,25.14133,80.85446,YMNCKT_2026-04-20T09:00:00+0000_133.6916
YMNCKT,Yamuna at Chitrakoot,Yamuna Basin,2026-04-20 10:00:00+00:00,133.72710757336472,NORMAL,136.0,137.0,138.0,25.14133,80.85446,YMNCKT_2026-04-20T10:00:00+0000_133.7271
YMNCKT,Yamuna at Chitrakoot,Yamuna Basin,2026-04-20 11:00:00+00:00,133.80764651189878,NORMAL,136.0,137.0,138.0,25.14133,80.85446,YMNCKT_2026-04-20T11:00:00+0000_133.8076
YMNCKT,Yamuna at Chitrakoot,Yamuna Basin,2026-04-20 12:00:00+00:00,133.86180303800418,NORMAL,136.0,137.0,138.0,25.14133,80.85446,YMNCKT_2026-04-20T12:00:00+0000_133.8618
YMNCKT,Yamuna at Chitrakoot,Yamuna Basin,2026-04-20 13:00:00+00:00,133.9131217694795,NORMAL,136.0,137.0,138.0,25.14133,80.85446,YMNCKT_2026-04-20T13:00:00+0000_133.9131
YMNCKT,Yamuna at Chitrakoot,Yamuna Basin,2026-04-20 14:00:00+00:00,133.95170520488247,NORMAL,136.0,137.0,138.0,25.14133,80.85446,YMNCKT_2026-04-20T14:00:00+0000_133.9517
YMNCKT,Yamuna at Chitrakoot,Yamuna Basin,2026-04-20 15:00:00+00:00,134.05946075216323,NORMAL,136.0,137.0,138.0,25.14133,80.85446,YMNCKT_2026-04-20T15:00:00+0000_134.0595
YMNCKT,Yamuna at Chitrakoot,Yamuna Basin,2026-04-20 16:00:00+00:00,134.1065835530858,NORMAL,136.0,137.0,138.0,25.14133,80.85446,YMNCKT_2026-04-20T16:00:00+0000_134.1066
YMNCKT,Yamuna at Chitrakoot,Yamuna Basin,2026-04-20 17:00:00+00:00,134.15205270398332,NORMAL,136.0,137.0,138.0,25.14133,80.85446,YMNCKT_2026-04-20T17:00:00+0000_134.1521
YMNCKT,Yamuna at Chitrakoot,Yamuna Basin,2026-04-20 18:00:00+00:00,134.18704093850633,NORMAL,136.0,137.0,138.0,25.14133,80.85446,YMNCKT_2026-04-20T18:00:00+0000_134.1870
YMNCKT,Yamuna at Chitrakoot,Yamuna Basin,2026-04-20 19:00:00+00:00,134.16337657495797,NORMAL,136.0,137.0,138.0,25.14133,80.85446,YMNCKT_2026-04-20T19:00:00+0000_134.1634
YMNCKT,Yamuna at Chitrakoot,Yamuna Basin,2026-04-20 20:00:00+00:00,134.1504785303725,NORMAL,136.0,137.0,138.0,25.14133,80.85446,YMNCKT_2026-04-20T20:00:00+0000_134.1505
YMNCKT,Yamuna at Chitrakoot,Yamuna Basin,2026-04-20 21:00:00+00:00,134.07353917054743,NORMAL,136.0,137.0,138.0,25.14133,80.85446,YMNCKT_2026-04-20T21:00:00+0000_134.0735
YMNCKT,Yamuna at Chitrakoot,Yamuna Basin,2026-04-20 22:00:00+00:00,134.11235488859563,NORMAL,136.0,137.0,138.0,25.14133,80.85446,YMNCKT_2026-04-20T22:00:00+0000_134.1124
YMNCKT,Yamuna at Chitrakoot,Yamuna Basin,2026-04-20 23:00:00+00:00,134.0132054410801,NORMAL,136.0,137.0,138.0,25.14133,80.85446,YMNCKT_2026-04-20T23:00:00+0000_134.0132
YMNCKT,Yamuna at Chitrakoot,Yamuna Basin,2026-04-21 00:00:00+00:00,134.02619098055283,NORMAL,136.0,137.0,138.0,25.14133,80.85446,YMNCKT_2026-04-21T00:00:00+0000_134.0262
YMNCKT,Yamuna at Chitrakoot,Yamuna Basin,2026-04-21 01:00:00+00:00,133.88779807763711,NORMAL,136.0,137.0,138.0,25.14133,80.85446,YMNCKT_2026-04-21T01:00:00+0000_133.8878
YMNCKT,Yamuna at Chitrakoot,Yamuna Basin,2026-04-21 02:00:00+00:00,133.9026684363038,NORMAL,136.0,137.0,138.0,25.14133,80.85446,YMNCKT_2026-04-21T02:00:00+0000_133.9027
YMNCKT,Yamuna at Chitrakoot,Yamuna Basin,2026-04-21 03:00:00+00:00,133.78123080875318,NORMAL,136.0,137.0,138.0,25.14133,80.85446,YMNCKT_2026-04-21T03:00:00+0000_133.7812
YMNCKT,Yamuna at Chitrakoot,Yamuna Basin,2026-04-21 04:00:00+00:00,133.74497670324968,NORMAL,136.0,137.0,138.0,25.14133,80.85446,YMNCKT_2026-04-21T04:00:00+0000_133.7450
YMNCKT,Yamuna at Chitrakoot,Yamuna Basin,2026-04-21 05:00:00+00:00,133.71465730088397,NORMAL,136.0,137.0,138.0,25.14133,80.85446,YMNCKT_2026-04-21T05:00:00+0000_133.7147
YMNCKT,Yamuna at Chitrakoot,Yamuna Basin,2026-04-21 06:00:00+00:00,133.69932200333164,NORMAL,136.0,137.0,138.0,25.14133,80.85446,YMNCKT_2026-04-21T06:00:00+0000_133.6993
YMNCKT,Yamuna at Chitrakoot,Yamuna Basin,2026-04-21 07:00:00+00:00,133.75282925156296,NORMAL,136.0,137.0,138.0,25.14133,80.85446,YMNCKT_2026-04-21T07:00:00+0000_133.7528
YMNCKT,Yamuna at Chitrakoot,Yamuna Basin,2026-04-21 08:00:00+00:00,133.70359069417086,NORMAL,136.0,137.0,138.0,25.14133,80.85446,YMNCKT_2026-04-21T08:00:00+0000_133.7036
YMNCKT,Yamuna at Chitrakoot,Yamuna Basin,2026-04-21 09:00:00+00:00,133.76495482969938,NORMAL,136.0,137.0,138.0,25.14133,80.85446,YMNCKT_2026-04-21T09:00:00+0000_133.7650
YMNCKT,Yamuna at Chitrakoot,Yamuna Basin,2026-04-21 10:00:00+00:00,133.76708333453877,NORMAL,136.0,137.0,138.0,25.14133,80.85446,YMNCKT_2026-04-21T10:00:00+0000_133.7671
YMNCKT,Yamuna at Chitrakoot,Yamuna Basin,2026-04-21 11:00:00+00:00,133.83190094349692,NORMAL,136.0,137.0,138.0,25.14133,80.85446,YMNCKT_2026-04-21T11:00:00+0000_133.8319
YMNCKT,Yamuna at Chitrakoot,Yamuna Basin,2026-04-21 12:00:00+00:00,133.8645280664149,NORMAL,136.0,137.0,138.0,25.14133,80.85446,YMNCKT_2026-04-21T12:00:00+0000_133.8645
YMNCKT,Yamuna at Chitrakoot,Yamuna Basin,2026-04-21 13:00:00+00:00,133.97137832262692,NORMAL,136.0,137.0,138.0,25.14133,80.85446,YMNCKT_2026-04-21T13:00:00+0000_133.9714
YMNCKT,Yamuna at Chitrakoot,Yamuna Basin,2026-04-21 14:00:00+00:00,133.9453849436025,NORMAL,136.0,137.0,138.0,25.14133,80.85446,YMNCKT_2026-04-21T14:00:00+0000_133.9454
YMNCKT,Yamuna at Chitrakoot,Yamuna Basin,2026-04-21 15:00:00+00:00,134.01395568552283,NORMAL,136.0,137.0,138.0,25.14133,80.85446,YMNCKT_2026-04-21T15:00:00+0000_134.0140
YMNCKT,Yamuna at Chitrakoot,Yamuna Basin,2026-04-21 16:00:00+00:00,134.1138138143085,NORMAL,136.0,137.0,138.0,25.14133,80.85446,YMNCKT_2026-04-21T16:00:00+0000_134.1138
YMNCKT,Yamuna at Chitrakoot,Yamuna Basin,2026-04-21 17:00:00+00:00,134.13087994124217,NORMAL,136.0,137.0,138.0,25.14133,80.85446,YMNCKT_2026-04-21T17:00:00+0000_134.1309
YMNCKT,Yamuna at Chitrakoot,Yamuna Basin,2026-04-21 18:00:00+00:00,134.140466039364,NORMAL,136.0,137.0,138.0,25.14133,80.85446,YMNCKT_2026-04-21T18:00:00+0000_134.1405
YMNCKT,Yamuna at Chitrakoot,Yamuna Basin,2026-04-21 19:00:00+00:00,134.13128614744394,NORMAL,136.0,137.0,138.0,25.14133,80.85446,YMNCKT_2026-04-21T19:00:00+0000_134.1313
YMNCKT,Yamuna at Chitrakoot,Yamuna Basin,2026-04-21 20:00:00+00:00,134.14118384157103,NORMAL,136.0,137.0,138.0,25.14133,80.85446,YMNCKT_2026-04-21T20:00:00+0000_134.1412
YMNCKT,Yamuna at Chitrakoot,Yamuna Basin,2026-04-21 21:00:00+00:00,134.15219954209323,NORMAL,136.0,137.0,138.0,25.14133,80.85446,YMNCKT_2026-04-21T21:00:00+0000_134.1522
YMNCKT,Yamuna at Chitrakoot,Yamuna Basin,2026-04-21 22:00:00+00:00,134.07327502651836,NORMAL,136.0,137.0,138.0,25.14133,80.85446,YMNCKT_2026-04-21T22:00:00+0000_134.0733
YMNCKT,Yamuna at Chitrakoot,Yamuna Basin,2026-04-21 23:00:00+00:00,133.997258487914,NORMAL,136.0,137.0,138.0,25.14133,80.85446,YMNCKT_2026-04-21T23:00:00+0000_133.9973
YMNCKT,Yamuna at Chitrakoot,Yamuna Basin,2026-04-22 00:00:00+00:00,134.0072774112578,NORMAL,136.0,137.0,138.0,25.14133,80.85446,YMNCKT_2026-04-22T00:00:00+0000_134.0073
YMNCKT,Yamuna at Chitrakoot,Yamuna Basin,2026-04-22 01:00:00+00:00,133.91815686739895,NORMAL,136.0,137.0,138.0,25.14133,80.85446,YMNCKT_2026-04-22T01:00:00+0000_133.9182
YMNCKT,Yamuna at Chitrakoot,Yamuna Basin,2026-04-22 02:00:00+00:00,133.89555382840246,NORMAL,136.0,137.0,138.0,25.14133,80.85446,YMNCKT_2026-04-22T02:00:00+0000_133.8956
YMNCKT,Yamuna at Chitrakoot,Yamuna Basin,2026-04-22 03:00:00+00:00,133.80756367829034,NORMAL,136.0,137.0,138.0,25.14133,80.85446,YMNCKT_2026-04-22T03:00:00+0000_133.8076
YMNCKT,Yamuna at Chitrakoot,Yamuna Basin,2026-04-22 04:00:00+00:00,133.78091627635914,NORMAL,136.0,137.0,138.0,25.14133,80.85446,YMNCKT_2026-04-22T04:00:00+0000_133.7809
YMNCKT,Yamuna at Chitrakoot,Yamuna Basin,2026-04-22 05:00:00+00:00,133.788650327777,NORMAL,136.0,137.0,138.0,25.14133,80.85446,YMNCKT_2026-04-22T05:00:00+0000_133.7887
YMNCKT,Yamuna at Chitrakoot,Yamuna Basin,2026-04-22 06:00:00+00:00,133.69453453999333,NORMAL,136.0,137.0,138.0,25.14133,80.85446,YMNCKT_2026-04-22T06:00:00+0000_133.6945
YMNCKT,Yamuna at Chitrakoot,Yamuna Basin,2026-04-22 07:00:00+00:00,133.76139733940235,NORMAL,136.0,137.0,138.0,25.14133,80.85446,YMNCKT_2026-04-22T07:00:00+0000_133.7614
YMNCKT,Yamuna at Chitrakoot,Yamuna Basin,2026-04-22 08:00:00+00:00,133.76960197463228,NORMAL,136.0,137.0,138.0,25.14133,80.85446,YMNCKT_2026-04-22T08:00:00+0000_133.7696
YMNCKT,Yamuna at Chitrakoot,Yamuna Basin,2026-04-22 09:00:00+00:00,133.7127781371022,NORMAL,136.0,137.0,138.0,25.14133,80.85446,YMNCKT_2026-04-22T09:00:00+0000_133.7128
YMNCKT,Yamuna at Chitrakoot,Yamuna Basin,2026-04-22 10:00:00+00:00,133.81708232798948,NORMAL,136.0,137.0,138.0,25.14133,80.85446,YMNCKT_2026-04-22T10:00:00+0000_133.8171
YMNCKT,Yamuna at Chitrakoot,Yamuna Basin,2026-04-22 11:00:00+00:00,133.84381199128595,NORMAL,136.0,137.0,138.0,25.14133,80.85446,YMNCKT_2026-04-22T11:00:00+0000_133.8438
YMNCKT,Yamuna at Chitrakoot,Yamuna Basin,2026-04-22 12:00:00+00:00,133.8354686623437,NORMAL,136.0,137.0,138.0,25.14133,80.85446,YMNCKT_2026-04-22T12:00:00+0000_133.8355
YMNCKT,Yamuna at Chitrakoot,Yamuna Basin,2026-04-22 13:00:00+00:00,133.96912349166547,NORMAL,136.0,137.0,138.0,25.14133,80.85446,YMNCKT_2026-04-22T13:00:00+0000_133.9691
YMNCKT,Yamuna at Chitrakoot,Yamuna Basin,2026-04-22 14:00:00+00:00,133.9624181050991,NORMAL,136.0,137.0,138.0,25.14133,80.85446,YMNCKT_2026-04-22T14:00:00+0000_133.9624
YMNCKT,Yamuna at Chitrakoot,Yamuna Basin,2026-04-22 15:00:00+00:00,134.02851930197372,NORMAL,136.0,137.0,138.0,25.14133,80.85446,YMNCKT_2026-04-22T15:00:00+0000_134.0285
YMNCKT,Yamuna at Chitrakoot,Yamuna Basin,2026-04-22 16:00:00+00:00,134.09433350803366,NORMAL,136.0,137.0,138.0,25.14133,80.85446,YMNCKT_2026-04-22T16:00:00+0000_134.0943
YMNCKT,Yamuna at Chitrakoot,Yamuna Basin,2026-04-22 17:00:00+00:00,134.095702383676,NORMAL,136.0,137.0,138.0,25.14133,80.85446,YMNCKT_2026-04-22T17:00:00+0000_134.0957
YMNCKT,Yamuna at Chitrakoot,Yamuna Basin,2026-04-22 18:00:00+00:00,134.19130997139,NORMAL,136.0,137.0,138.0,25.14133,80.85446,YMNCKT_2026-04-22T18:00:00+0000_134.1913
YMNCKT,Yamuna at Chitrakoot,Yamuna Basin,2026-04-22 19:00:00+00:00,134.13411490135925,NORMAL,136.0,137.0,138.0,25.14133,80.85446,YMNCKT_2026-04-22T19:00:00+0000_134.1341
YMNCKT,Yamuna at Chitrakoot,Yamuna Basin,2026-04-22 20:00:00+00:00,134.1599348706403,NORMAL,136.0,137.0,138.0,25.14133,80.85446,YMNCKT_2026-04-22T20:00:00+0000_134.1599
YMNCKT,Yamuna at Chitrakoot,Yamuna Basin,2026-04-22 21:00:00+00:00,134.07909883107166,NORMAL,136.0,137.0,138.0,25.14133,80.85446,YMNCKT_2026-04-22T21:00:00+0000_134.0791
YMNCKT,Yamuna at Chitrakoot,Yamuna Basin,2026-04-22 22:00:00+00:00,134.08858236686837,NORMAL,136.0,137.0,138.0,25.14133,80.85446,YMNCKT_2026-04-22T22:00:00+0000_134.0886
YMNCKT,Yamuna at Chitrakoot,Yamuna Basin,2026-04-22 23:00:00+00:00,,,136.0,137.0,138.0,25.14133,80.85446,YMNCKT_2026-04-22T23:00:00+0000_
YMNCKT,Yamuna at Chitrakoot,Yamuna Basin,2026-04-23 00:00:00+00:00,133.97588660082155,NORMAL,136.0,137.0,138.0,25.14133,80.85446,YMNCKT_2026-04-23T00:00:00+0000_133.9759
YMNCKT,Yamuna at Chitrakoot,Yamuna Basin,2026-04-23 01:00:00+00:00,133.91483267668957,NORMAL,136.0,137.0,138.0,25.14133,80.85446,YMNCKT_2026-04-23T01:00:00+0000_133.9148
YMNCKT,Yamuna at Chitrakoot,Yamuna Basin,2026-04-23 02:00:00+00:00,133.9229149829727,NORMAL,136.0,137.0,138.0,25.14133,80.85446,YMNCKT_2026-04-23T02:00:00+0000_133.9229
YMNCKT,Yamuna at Chitrakoot,Yamuna Basin,2026-04-23 03:00:00+00:00,133.80533875844804,NORMAL,136.0,137.0,138.0,25.14133,80.85446,YMNCKT_2026-04-23T03:00:00+0000_133.8053
YMNCKT,Yamuna at Chitrakoot,Yamuna Basin,2026-04-23 04:00:00+00:00,133.83041090948916,NORMAL,136.0,137.0,138.0,25.14133,80.85446,YMNCKT_2026-04-23T04:00:00+0000_133.8304
YMNCKT,Yamuna at Chitrakoot,Yamuna Basin,2026-04-23 05:00:00+00:00,133.7224223408145,NORMAL,136.0,137.0,138.0,25.14133,80.85446,YMNCKT_2026-04-23T05:00:00+0000_133.7224
YMNCKT,Yamuna at Chitrakoot,Yamuna Basin,2026-04-23 06:00:00+00:00,133.69971418165713,NORMAL,136.0,137.0,138.0,25.14133,80.85446,YMNCKT_2026-04-23T06:00:00+0000_133.6997
YMNCKT,Yamuna at Chitrakoot,Yamuna Basin,2026-04-23 07:00:00+00:00,133.7568619040753,NORMAL,136.0,137.0,138.0,25.14133,80.85446,YMNCKT_2026-04-23T07:00:00+0000_133.7569
YMNCKT,Yamuna at Chitrakoot,Yamuna Basin,2026-04-23 08:00:00+00:00,133.72937447317764,NORMAL,136.0,137.0,138.0,25.14133,80.85446,YMNCKT_2026-04-23T08:00:00+0000_133.7294
YMNCKT,Yamuna at Chitrakoot,Yamuna Basin,2026-04-23 09:00:00+00:00,133.7234448915899,NORMAL,136.0,137.0,138.0,25.14133,80.85446,YMNCKT_2026-04-23T09:00:00+0000_133.7234
YMNCKT,Yamuna at Chitrakoot,Yamuna Basin,2026-04-23 10:00:00+00:00,133.81965999056123,NORMAL,136.0,137.0,138.0,25.14133,80.85446,YMNCKT_2026-04-23T10:00:00+0000_133.8197
YMNCKT,Yamuna at Chitrakoot,Yamuna Basin,2026-04-23 11:00:00+00:00,133.80156822773412,NORMAL,136.0,137.0,138.0,25.14133,80.85446,YMNCKT_2026-04-23T11:00:00+0000_133.8016
YMNCKT,Yamuna at Chitrakoot,Yamuna Basin,2026-04-23 12:00:00+00:00,133.89186771811544,NORMAL,136.0,137.0,138.0,25.14133,80.85446,YMNCKT_2026-04-23T12:00:00+0000_133.8919
YMNCKT,Yamuna at Chitrakoot,Yamuna Basin,2026-04-23 13:00:00+00:00,133.95516522741988,NORMAL,136.0,137.0,138.0,25.14133,80.85446,YMNCKT_2026-04-23T13:00:00+0000_133.9552
YMNCKT,Yamuna at Chitrakoot,Yamuna Basin,2026-04-23 14:00:00+00:00,133.97929119797553,NORMAL,136.0,137.0,138.0,25.14133,80.85446,YMNCKT_2026-04-23T14:00:00+0000_133.9793
YMNCKT,Yamuna at Chitrakoot,Yamuna Basin,2026-04-23 15:00:00+00:00,134.0100668168254,NORMAL,136.0,137.0,138.0,25.14133,80.85446,YMNCKT_2026-04-23T15:00:00+0000_134.0101
YMNCKT,Yamuna at Chitrakoot,Yamuna Basin,2026-04-23 16:00:00+00:00,134.13076161803068,NORMAL,136.0,137.0,138.0,25.14133,80.85446,YMNCKT_2026-04-23T16:00:00+0000_134.1308
YMNCKT,Yamuna at Chitrakoot,Yamuna Basin,2026-04-23 17:00:00+00:00,134.15173167179103,NORMAL,136.0,137.0,138.0,25.14133,80.85446,YMNCKT_2026-04-23T17:00:00+0000_134.1517
YMNCKT,Yamuna at Chitrakoot,Yamuna Basin,2026-04-23 18:00:00+00:00,134.11286486809374,NORMAL,136.0,137.0,138.0,25.14133,80.85446,YMNCKT_2026-04-23T18:00:00+0000_134.1129
YMNCKT,Yamuna at Chitrakoot,Yamuna Basin,2026-04-23 19:00:00+00:00,134.14957827529983,NORMAL,136.0,137.0,138.0,25.14133,80.85446,YMNCKT_2026-04-23T19:00:00+0000_134.1496
YMNCKT,Yamuna at Chitrakoot,Yamuna Basin,2026-04-23 20:00:00+00:00,134.18320750543486,NORMAL,136.0,137.0,138.0,25.14133,80.85446,YMNCKT_2026-04-23T20:00:00+0000_134.1832
YMNCKT,Yamuna at Chitrakoot,Yamuna Basin,2026-04-23 21:00:00+00:00,134.13486751405645,NORMAL,136.0,137.0,138.0,25.14133,80.85446,YMNCKT_2026-04-23T21:00:00+0000_134.1349
YMNCKT,Yamuna at Chitrakoot,Yamuna Basin,2026-04-23 22:00:00+00:00,134.07144491104583,NORMAL,136.0,137.0,138.0,25.14133,80.85446,YMNCKT_2026-04-23T22:00:00+0000_134.0714
YMNCKT,Yamuna at Chitrakoot,Yamuna Basin,2026-04-23 23:00:00+00:00,134.08549275371655,NORMAL,136.0,137.0,138.0,25.14133,80.85446,YMNCKT_2026-04-23T23:00:00+0000_134.0855
YMNCKT,Yamuna at Chitrakoot,Yamuna Basin,2026-04-24 00:00:00+00:00,133.98031098950815,NORMAL,136.0,137.0,138.0,25.14133,80.85446,YMNCKT_2026-04-24T00:00:00+0000_133.9803
YMNCKT,Yamuna at Chitrakoot,Yamuna Basin,2026-04-24 01:00:00+00:00,133.8986741775105,NORMAL,136.0,137.0,138.0,25.14133,80.85446,YMNCKT_2026-04-24T01:00:00+0000_133.8987
YMNCKT,Yamuna at Chitrakoot,Yamuna Basin,2026-04-24 02:00:00+00:00,133.9086030476874,NORMAL,136.0,137.0,138.0,25.14133,80.85446,YMNCKT_2026-04-24T02:00:00+0000_133.9086
YMNCKT,Yamuna at Chitrakoot,Yamuna Basin,2026-04-24 03:00:00+00:00,133.87591835844893,NORMAL,136.0,137.0,138.0,25.14133,80.85446,YMNCKT_2026-04-24T03:00:00+0000_133.8759
YMNCKT,Yamuna at Chitrakoot,Yamuna Basin,2026-04-24 04:00:00+00:00,133.80547975160047,NORMAL,136.0,137.0,138.0,25.14133,80.85446,YMNCKT_2026-04-24T04:00:00+0000_133.8055
YMNCKT,Yamuna at Chitrakoot,Yamuna Basin,2026-04-24 05:00:00+00:00,133.79452801983305,NORMAL,136.0,137.0,138.0,25.14133,80.85446,YMNCKT_2026-04-24T05:00:00+0000_133.7945
YMNCKT,Yamuna at Chitrakoot,Yamuna Basin,2026-04-24 06:00:00+00:00,133.78116059338143,NORMAL,136.0,137.0,138.0,25.14133,80.85446,YMNCKT_2026-04-24T06:00:00+0000_133.7812
YMNCKT,Yamuna at Chitrakoot,Yamuna Basin,2026-04-24 07:00:00+00:00,133.76680372659413,NORMAL,136.0,137.0,138.0,25.14133,80.85446,YMNCKT_2026-04-24T07:00:00+0000_133.7668
YMNCKT,Yamuna at Chitrakoot,Yamuna Basin,2026-04-24 08:00:00+00:00,133.7563230355346,NORMAL,136.0,137.0,138.0,25.14133,80.85446,YMNCKT_2026-04-24T08:00:00+0000_133.7563
YMNCKT,Yamuna at Chitrakoot,Yamuna Basin,2026-04-24 09:00:00+00:00,133.79710755830558,NORMAL,136.0,137.0,138.0,25.14133,80.85446,YMNCKT_2026-04-24T09:00:00+0000_133.7971
YMNCKT,Yamuna at Chitrakoot,Yamuna Basin,2026-04-24 10:00:00+00:00,133.83967001698525,NORMAL,136.0,137.0,138.0,25.14133,80.85446,YMNCKT_2026-04-24T10:00:00+0000_133.8397
YMNCKT,Yamuna at Chitrakoot,Yamuna Basin,2026-04-24 11:00:00+00:00,133.82615318852618,NORMAL,136.0,137.0,138.0,25.14133,80.85446,YMNCKT_2026-04-24T11:00:00+0000_133.8262
YMNCKT,Yamuna at Chitrakoot,Yamuna Basin,2026-04-24 12:00:00+00:00,133.8964105197849,NORMAL,136.0,137.0,138.0,25.14133,80.85446,YMNCKT_2026-04-24T12:00:00+0000_133.8964
YMNCKT,Yamuna at Chitrakoot,Yamuna Basin,2026-04-24 13:00:00+00:00,,,136.0,137.0,138.0,25.14133,80.85446,YMNCKT_2026-04-24T13:00:00+0000_
YMNCKT,Yamuna at Chitrakoot,Yamuna Basin,2026-04-24 14:00:00+00:00,134.01300369442532,NORMAL,136.0,137.0,138.0,25.14133,80.85446,YMNCKT_2026-04-24T14:00:00+0000_134.0130
YMNCKT,Yamuna at Chitrakoot,Yamuna Basin,2026-04-24 15:00:00+00:00,134.02903550322014,NORMAL,136.0,137.0,138.0,25.14133,80.85446,YMNCKT_2026-04-24T15:00:00+0000_134.0290
YMNCKT,Yamuna at Chitrakoot,Yamuna Basin,2026-04-24 16:00:00+00:00,134.05428756783138,NORMAL,136.0,137.0,138.0,25.14133,80.85446,YMNCKT_2026-04-24T16:00:00+0000_134.0543
YMNCKT,Yamuna at Chitrakoot,Yamuna Basin,2026-04-24 17:00:00+00:00,134.16693348301118,NORMAL,136.0,137.0,138.0,25.14133,80.85446,YMNCKT_2026-04-24T17:00:00+0000_134.1669
YMNCKT,Yamuna at Chitrakoot,Yamuna Basin,2026-04-24 18:00:00+00:00,134.14460548379282,NORMAL,136.0,137.0,138.0,25.14133,80.85446,YMNCKT_2026-04-24T18:00:00+0000_134.1446
YMNCKT,Yamuna at Chitrakoot,Yamuna Basin,2026-04-24 19:00:00+00:00,138.00491034553178,HIGH_FLOOD_EXCEEDED,136.0,137.0,138.0,25.14133,80.85446,YMNCKT_2026-04-24T19:00:00+0000_138.0049
YMNCKT,Yamuna at Chitrakoot,Yamuna Basin,2026-04-24 20:00:00+00:00,137.68707238225232,DANGER,136.0,137.0,138.0,25.14133,80.85446,YMNCKT_2026-04-24T20:00:00+0000_137.6871
YMNCKT,Yamuna at Chitrakoot,Yamuna Basin,2026-04-24 21:00:00+00:00,137.31427432105593,DANGER,136.0,137.0,138.0,25.14133,80.85446,YMNCKT_2026-04-24T21:00:00+0000_137.3143
YMNCKT,Yamuna at Chitrakoot,Yamuna Basin,2026-04-24 22:00:00+00:00,136.9567162486733,WARNING,136.0,137.0,138.0,25.14133,80.85446,YMNCKT_2026-04-24T22:00:00+0000_136.9567
YMNCKT,Yamuna at Chitrakoot,Yamuna Basin,2026-04-24 23:00:00+00:00,136.63833714488044,WARNING,136.0,137.0,138.0,25.14133,80.85446,YMNCKT_2026-04-24T23:00:00+0000_136.6383
YMNCKT,Yamuna at Chitrakoot,Yamuna Basin,2026-04-25 00:00:00+00:00,134.04475069223358,NORMAL,136.0,137.0,138.0,25.14133,80.85446,YMNCKT_2026-04-25T00:00:00+0000_134.0448
YMNCKT,Yamuna at Chitrakoot,Yamuna Basin,2026-04-25 01:00:00+00:00,,,136.0,137.0,138.0,25.14133,80.85446,YMNCKT_2026-04-25T01:00:00+0000_
YMNCKT,Yamuna at Chitrakoot,Yamuna Basin,2026-04-25 02:00:00+00:00,134.72482365422596,NORMAL,136.0,137.0,138.0,25.14133,80.85446,YMNCKT_2026-04-25T02:00:00+0000_134.7248
YMNCKT,Yamuna at Chitrakoot,Yamuna Basin,2026-04-25 03:00:00+00:00,134.61708094688458,NORMAL,136.0,137.0,138.0,25.14133,80.85446,YMNCKT_2026-04-25T03:00:00+0000_134.6171
YMNCKT,Yamuna at Chitrakoot,Yamuna Basin,2026-04-25 04:00:00+00:00,134.45069327459748,NORMAL,136.0,137.0,138.0,25.14133,80.85446,YMNCKT_2026-04-25T04:00:00+0000_134.4507
YMNCKT,Yamuna at Chitrakoot,Yamuna Basin,2026-04-25 05:00:00+00:00,134.3603275556785,NORMAL,136.0,137.0,138.0,25.14133,80.85446,YMNCKT_2026-04-25T05:00:00+0000_134.3603
YMNCKT,Yamuna at Chitrakoot,Yamuna Basin,2026-04-25 06:00:00+00:00,134.27458707799536,NORMAL,136.0,137.0,138.0,25.14133,80.85446,YMNCKT_2026-04-25T06:00:00+0000_134.2746
YMNCKT,Yamuna at Chitrakoot,Yamuna Basin,2026-04-25 07:00:00+00:00,134.22624445232142,NORMAL,136.0,137.0,138.0,25.14133,80.85446,YMNCKT_2026-04-25T07:00:00+0000_134.2262
YMNCKT,Yamuna at Chitrakoot,Yamuna Basin,2026-04-25 08:00:00+00:00,133.72515176224283,NORMAL,136.0,137.0,138.0,25.14133,80.85446,YMNCKT_2026-04-25T08:00:00+0000_133.7252
YMNCKT,Yamuna at Chitrakoot,Yamuna Basin,2026-04-25 09:00:00+00:00,133.7901977497907,NORMAL,136.0,137.0,138.0,25.14133,80.85446,YMNCKT_2026-04-25T09:00:00+0000_133.7902
YMNCKT,Yamuna at Chitrakoot,Yamuna Basin,2026-04-25 10:00:00+00:00,133.81525138545126,NORMAL,136.0,137.0,138.0,25.14133,80.85446,YMNCKT_2026-04-25T10:00:00+0000_133.8153
YMNCKT,Yamuna at Chitrakoot,Yamuna Basin,2026-04-25 11:00:00+00:00,133.812781425446,NORMAL,136.0,137.0,138.0,25.14133,80.85446,YMNCKT_2026-04-25T11:00:00+0000_133.8128
YMNCKT,Yamuna at Chitrakoot,Yamuna Basin,2026-04-25 12:00:00+00:00,133.94185478756694,NORMAL,136.0,137.0,138.0,25.14133,80.85446,YMNCKT_2026-04-25T12:00:00+0000_133.9419
YMNCKT,Yamuna at Chitrakoot,Yamuna Basin,2026-04-25 13:00:00+00:00,133.98561058989185,NORMAL,136.0,137.0,138.0,25.14133,80.85446,YMNCKT_2026-04-25T13:00:00+0000_133.9856
YMNCKT,Yamuna at Chitrakoot,Yamuna Basin,2026-04-25 14:00:00+00:00,133.9703974477737,NORMAL,136.0,137.0,138.0,25.14133,80.85446,YMNCKT_2026-04-25T14:00:00+0000_133.9704
YMNCKT,Yamuna at Chitrakoot,Yamuna Basin,2026-04-25 15:00:00+00:00,134.03001547786758,NORMAL,136.0,137.0,138.0,25.14133,80.85446,YMNCKT_2026-04-25T15:00:00+0000_134.0300
YMNCKT,Yamuna at Chitrakoot,Yamuna Basin,2026-04-25 16:00:00+00:00,134.06908080380876,NORMAL,136.0,137.0,138.0,25.14133,80.85446,YMNCKT_2026-04-25T16:00:00+0000_134.0691
YMNCKT,Yamuna at Chitrakoot,Yamuna Basin,2026-04-25 17:00:00+00:00,134.1596087344394,NORMAL,136.0,137.0,138.0,25.14133,80.85446,YMNCKT_2026-04-25T17:00:00+0000_134.1596
YMNCKT,Yamuna at Chitrakoot,Yamuna Basin,2026-04-25 18:00:00+00:00,134.1179426121514,NORMAL,136.0,137.0,138.0,25.14133,80.85446,YMNCKT_2026-04-25T18:00:00+0000_134.1179
YMNCKT,Yamuna at Chitrakoot,Yamuna Basin,2026-04-25 19:00:00+00:00,134.18169605350516,NORMAL,136.0,137.0,138.0,25.14133,80.85446,YMNCKT_2026-04-25T19:00:00+0000_134.1817
YMNCKT,Yamuna at Chitrakoot,Yamuna Basin,2026-04-25 20:00:00+00:00,134.15173553659568,NORMAL,136.0,137.0,138.0,25.14133,80.85446,YMNCKT_2026-04-25T20:00:00+0000_134.1517
YMNCKT,Yamuna at Chitrakoot,Yamuna Basin,2026-04-25 21:00:00+00:00,134.1667351346402,NORMAL,136.0,137.0,138.0,25.14133,80.85446,YMNCKT_2026-04-25T21:00:00+0000_134.1667
YMNCKT,Yamuna at Chitrakoot,Yamuna Basin,2026-04-25 22:00:00+00:00,134.06548738770928,NORMAL,136.0,137.0,138.0,25.14133,80.85446,YMNCKT_2026-04-25T22:00:00+0000_134.0655
YMNCKT,Yamuna at Chitrakoot,Yamuna Basin,2026-04-25 23:00:00+00:00,134.02174867265273,NORMAL,136.0,137.0,138.0,25.14133,80.85446,YMNCKT_2026-04-25T23:00:00+0000_134.0217
YMNCKT,Yamuna at Chitrakoot,Yamuna Basin,2026-04-26 00:00:00+00:00,134.05261100413867,NORMAL,136.0,137.0,138.0,25.14133,80.85446,YMNCKT_2026-04-26T00:00:00+0000_134.0526
YMNCKT,Yamuna at Chitrakoot,Yamuna Basin,2026-04-26 01:00:00+00:00,133.92908840544945,NORMAL,136.0,137.0,138.0,25.14133,80.85446,YMNCKT_2026-04-26T01:00:00+0000_133.9291
YMNCKT,Yamuna at Chitrakoot,Yamuna Basin,2026-04-26 02:00:00+00:00,133.86818498210363,NORMAL,136.0,137.0,138.0,25.14133,80.85446,YMNCKT_2026-04-26T02:00:00+0000_133.8682
YMNCKT,Yamuna at Chitrakoot,Yamuna Basin,2026-04-26 03:00:00+00:00,133.8142507009271,NORMAL,136.0,137.0,138.0,25.14133,80.85446,YMNCKT_2026-04-26T03:00:00+0000_133.8143
YMNCKT,Yamuna at Chitrakoot,Yamuna Basin,2026-04-26 04:00:00+00:00,133.76632007910408,NORMAL,136.0,137.0,138.0,25.14133,80.85446,YMNCKT_2026-04-26T04:00:00+0000_133.7663
YMNCKT,Yamuna at Chitrakoot,Yamuna Basin,2026-04-26 05:00:00+00:00,133.75467803804236,NORMAL,136.0,137.0,138.0,25.14133,80.85446,YMNCKT_2026-04-26T05:00:00+0000_133.7547
YMNCKT,Yamuna at Chitrakoot,Yamuna Basin,2026-04-26 06:00:00+00:00,133.76654123231307,NORMAL,136.0,137.0,138.0,25.14133,80.85446,YMNCKT_2026-04-26T06:00:00+0000_133.7665
YMNCKT,Yamuna at Chitrakoot,Yamuna Basin,2026-04-26 07:00:00+00:00,136.29153979363468,WARNING,136.0,137.0,138.0,25.14133,80.85446,YMNCKT_2026-04-26T07:00:00+0000_136.2915
YMNCKT,Yamuna at Chitrakoot,Yamuna Basin,2026-04-26 08:00:00+00:00,136.04040297182922,WARNING,136.0,137.0,138.0,25.14133,80.85446,YMNCKT_2026-04-26T08:00:00+0000_136.0404
YMNCKT,Yamuna at Chitrakoot,Yamuna Basin,2026-04-26 09:00:00+00:00,135.83683112764857,NORMAL,136.0,137.0,138.0,25.14133,80.85446,YMNCKT_2026-04-26T09:00:00+0000_135.8368
YMNCKT,Yamuna at Chitrakoot,Yamuna Basin,2026-04-26 10:00:00+00:00,133.82132942274865,NORMAL,136.0,137.0,138.0,25.14133,80.85446,YMNCKT_2026-04-26T10:00:00+0000_133.8213
YMNCKT,Yamuna at Chitrakoot,Yamuna Basin,2026-04-26 11:00:00+00:00,133.86356470879812,NORMAL,136.0,137.0,138.0,25.14133,80.85446,YMNCKT_2026-04-26T11:00:00+0000_133.8636
YMNCKT,Yamuna at Chitrakoot,Yamuna Basin,2026-04-26 12:00:00+00:00,133.922168588339,NORMAL,136.0,137.0,138.0,25.14133,80.85446,YMNCKT_2026-04-26T12:00:00+0000_133.9222
YMNCKT,Yamuna at Chitrakoot,Yamuna Basin,2026-04-26 13:00:00+00:00,133.98176712605985,NORMAL,136.0,137.0,138.0,25.14133,80.85446,YMNCKT_2026-04-26T13:00:00+0000_133.9818
YMNCKT,Yamuna at Chitrakoot,Yamuna Basin,2026-04-26 14:00:00+00:00,134.00584567356248,NORMAL,136.0,137.0,138.0,25.14133,80.85446,YMNCKT_2026-04-26T14:00:00+0000_134.0058
YMNCKT,Yamuna at Chitrakoot,Yamuna Basin,2026-04-26 15:00:00+00:00,134.06333098262942,NORMAL,136.0,137.0,138.0,25.14133,80.85446,YMNCKT_2026-04-26T15:00:00+0000_134.0633
YMNCKT,Yamuna at Chitrakoot,Yamuna Basin,2026-04-26 16:00:00+00:00,134.12419449741466,NORMAL,136.0,137.0,138.0,25.14133,80.85446,YMNCKT_2026-04-26T16:00:00+0000_134.1242
YMNCKT,Yamuna at Chitrakoot,Yamuna Basin,2026-04-26 17:00:00+00:00,134.1683351798038,NORMAL,136.0,137.0,138.0,25.14133,80.85446,YMNCKT_2026-04-26T17:00:00+0000_134.1683
YMNCKT,Yamuna at Chitrakoot,Yamuna Basin,2026-04-26 18:00:00+00:00,134.13064395890856,NORMAL,136.0,137.0,138.0,25.14133,80.85446,YMNCKT_2026-04-26T18:00:00+0000_134.1306
YMNCKT,Yamuna at Chitrakoot,Yamuna Basin,2026-04-26 19:00:00+00:00,134.20924537481517,NORMAL,136.0,137.0,138.0,25.14133,80.85446,YMNCKT_2026-04-26T19:00:00+0000_134.2092
YMNCKT,Yamuna at Chitrakoot,Yamuna Basin,2026-04-26 20:00:00+00:00,134.20768401504887,NORMAL,136.0,137.0,138.0,25.14133,80.85446,YMNCKT_2026-04-26T20:00:00+0000_134.2077
YMNCKT,Yamuna at Chitrakoot,Yamuna Basin,2026-04-26 21:00:00+00:00,134.182099181085,NORMAL,136.0,137.0,138.0,25.14133,80.85446,YMNCKT_2026-04-26T21:00:00+0000_134.1821
YMNCKT,Yamuna at Chitrakoot,Yamuna Basin,2026-04-26 22:00:00+00:00,134.1585352008163,NORMAL,136.0,137.0,138.0,25.14133,80.85446,YMNCKT_2026-04-26T22:00:00+0000_134.1585
YMNCKT,Yamuna at Chitrakoot,Yamuna Basin,2026-04-26 23:00:00+00:00,134.04467421870203,NORMAL,136.0,137.0,138.0,25.14133,80.85446,YMNCKT_2026-04-26T23:00:00+0000_134.0447
YMNCKT,Yamuna at Chitrakoot,Yamuna Basin,2026-04-27 00:00:00+00:00,134.03989542598063,NORMAL,136.0,137.0,138.0,25.14133,80.85446,YMNCKT_2026-04-27T00:00:00+0000_134.0399
YMNCKT,Yamuna at Chitrakoot,Yamuna Basin,2026-04-27 01:00:00+00:00,134.00991755262527,NORMAL,136.0,137.0,138.0,25.14133,80.85446,YMNCKT_2026-04-27T01:00:00+0000_134.0099
YMNCKT,Yamuna at Chitrakoot,Yamuna Basin,2026-04-27 02:00:00+00:00,133.92862607305733,NORMAL,136.0,137.0,138.0,25.14133,80.85446,YMNCKT_2026-04-27T02:00:00+0000_133.9286
YMNCKT,Yamuna at Chitrakoot,Yamuna Basin,2026-04-27 03:00:00+00:00,133.84030969114625,NORMAL,136.0,137.0,138.0,25.14133,80.85446,YMNCKT_2026-04-27T03:00:00+0000_133.8403
YMNCKT,Yamuna at Chitrakoot,Yamuna Basin,2026-04-27 04:00:00+00:00,133.84981702392056,NORMAL,136.0,137.0,138.0,25.14133,80.85446,YMNCKT_2026-04-27T04:00:00+0000_133.8498
YMNCKT,Yamuna at Chitrakoot,Yamuna Basin,2026-04-27 05:00:00+00:00,133.72844313607467,NORMAL,136.0,137.0,138.0,25.14133,80.85446,YMNCKT_2026-04-27T05:00:00+0000_133.7284
YMNCKT,Yamuna at Chitrakoot,Yamuna Basin,2026-04-27 06:00:00+00:00,133.7735262222668,NORMAL,136.0,137.0,138.0,25.14133,80.85446,YMNCKT_2026-04-27T06:00:00+0000_133.7735
YMNCKT,Yamuna at Chitrakoot,Yamuna Basin,2026-04-27 07:00:00+00:00,133.7669623078365,NORMAL,136.0,137.0,138.0,25.14133,80.85446,YMNCKT_2026-04-27T07:00:00+0000_133.7670
YMNCKT,Yamuna at Chitrakoot,Yamuna Basin,2026-04-27 08:00:00+00:00,133.75458854481542,NORMAL,136.0,137.0,138.0,25.14133,80.85446,YMNCKT_2026-04-27T08:00:00+0000_133.7546
YMNCKT,Yamuna at Chitrakoot,Yamuna Basin,2026-04-27 09:00:00+00:00,133.82102527052209,NORMAL,136.0,137.0,138.0,25.14133,80.85446,YMNCKT_2026-04-27T09:00:00+0000_133.8210
YMNCKT,Yamuna at Chitrakoot,Yamuna Basin,2026-04-27 10:00:00+00:00,133.78727416479393,NORMAL,136.0,137.0,138.0,25.14133,80.85446,YMNCKT_2026-04-27T10:00:00+0000_133.7873
YMNCKT,Yamuna at Chitrakoot,Yamuna Basin,2026-04-27 11:00:00+00:00,133.84746232840735,NORMAL,136.0,137.0,138.0,25.14133,80.85446,YMNCKT_2026-04-27T11:00:00+0000_133.8475
YMNCKT,Yamuna at Chitrakoot,Yamuna Basin,2026-04-27 12:00:00+00:00,133.94832349696028,NORMAL,136.0,137.0,138.0,25.14133,80.85446,YMNCKT_2026-04-27T12:00:00+0000_133.9483
YMNCKT,Yamuna at Chitrakoot,Yamuna Basin,2026-04-27 13:00:00+00:00,133.92972695288157,NORMAL,136.0,137.0,138.0,25.14133,80.85446,YMNCKT_2026-04-27T13:00:00+0000_133.9297
YMNCKT,Yamuna at Chitrakoot,Yamuna Basin,2026-04-27 14:00:00+00:00,134.0096230566736,NORMAL,136.0,137.0,138.0,25.14133,80.85446,YMNCKT_2026-04-27T14:00:00+0000_134.0096
YMNCKT,Yamuna at Chitrakoot,Yamuna Basin,2026-04-27 15:00:00+00:00,134.10582379422289,NORMAL,136.0,137.0,138.0,25.14133,80.85446,YMNCKT_2026-04-27T15:00:00+0000_134.1058
YMNCKT,Yamuna at Chitrakoot,Yamuna Basin,2026-04-27 16:00:00+00:00,134.12791324611118,NORMAL,136.0,137.0,138.0,25.14133,80.85446,YMNCKT_2026-04-27T16:00:00+0000_134.1279
YMNCKT,Yamuna at Chitrakoot,Yamuna Basin,2026-04-27 17:00:00+00:00,134.16849369609557,NORMAL,136.0,137.0,138.0,25.14133,80.85446,YMNCKT_2026-04-27T17:00:00+0000_134.1685
YMNCKT,Yamuna at Chitrakoot,Yamuna Basin,2026-04-27 18:00:00+00:00,134.17481006874974,NORMAL,136.0,137.0,138.0,25.14133,80.85446,YMNCKT_2026-04-27T18:00:00+0000_134.1748
YMNCKT,Yamuna at Chitrakoot,Yamuna Basin,2026-04-27 19:00:00+00:00,134.19195442706786,NORMAL,136.0,137.0,138.0,25.14133,80.85446,YMNCKT_2026-04-27T19:00:00+0000_134.1920
YMNCKT,Yamuna at Chitrakoot,Yamuna Basin,2026-04-27 20:00:00+00:00,134.1468468555669,NORMAL,136.0,137.0,138.0,25.14133,80.85446,YMNCKT_2026-04-27T20:00:00+0000_134.1468
YMNCKT,Yamuna at Chitrakoot,Yamuna Basin,2026-04-27 21:00:00+00:00,134.1941196801425,NORMAL,136.0,137.0,138.0,25.14133,80.85446,YMNCKT_2026-04-27T21:00:00+0000_134.1941
YMNCKT,Yamuna at Chitrakoot,Yamuna Basin,2026-04-27 22:00:00+00:00,134.15458647175114,NORMAL,136.0,137.0,138.0,25.14133,80.85446,YMNCKT_2026-04-27T22:00:00+0000_134.1546
YMNCKT,Yamuna at Chitrakoot,Yamuna Basin,2026-04-27 23:00:00+00:00,134.0234922482974,NORMAL,136.0,137.0,138.0,25.14133,80.85446,YMNCKT_2026-04-27T23:00:00+0000_134.0235
YMNCKT,Yamuna at Chitrakoot,Yamuna Basin,2026-04-28 00:00:00+00:00,134.03213633687892,NORMAL,136.0,137.0,138.0,25.14133,80.85446,YMNCKT_2026-04-28T00:00:00+0000_134.0321
YMNCKT,Yamuna at Chitrakoot,Yamuna Basin,2026-04-28 01:00:00+00:00,134.0012695468064,NORMAL,136.0,137.0,138.0,25.14133,80.85446,YMNCKT_2026-04-28T01:00:00+0000_134.0013
YMNCKT,Yamuna at Chitrakoot,Yamuna Basin,2026-04-28 02:00:00+00:00,133.93138664437052,NORMAL,136.0,137.0,138.0,25.14133,80.85446,YMNCKT_2026-04-28T02:00:00+0000_133.9314
YMNCKT,Yamuna at Chitrakoot,Yamuna Basin,2026-04-28 03:00:00+00:00,133.8714532063118,NORMAL,136.0,137.0,138.0,25.14133,80.85446,YMNCKT_2026-04-28T03:00:00+0000_133.8715
YMNCKT,Yamuna at Chitrakoot,Yamuna Basin,2026-04-28 04:00:00+00:00,133.8176181789047,NORMAL,136.0,137.0,138.0,25.14133,80.85446,YMNCKT_2026-04-28T04:00:00+0000_133.8176
YMNCKT,Yamuna at Chitrakoot,Yamuna Basin,2026-04-28 05:00:00+00:00,133.7947640692606,NORMAL,136.0,137.0,138.0,25.14133,80.85446,YMNCKT_2026-04-28T05:00:00+0000_133.7948
YMNCKT,Yamuna at Chitrakoot,Yamuna Basin,2026-04-28 06:00:00+00:00,133.80130028570235,NORMAL,136.0,137.0,138.0,25.14133,80.85446,YMNCKT_2026-04-28T06:00:00+0000_133.8013
YMNCKT,Yamuna at Chitrakoot,Yamuna Basin,2026-04-28 07:00:00+00:00,133.72845959698972,NORMAL,136.0,137.0,138.0,25.14133,80.85446,YMNCKT_2026-04-28T07:00:00+0000_133.7285
YMNCKT,Yamuna at Chitrakoot,Yamuna Basin,2026-04-28 08:00:00+00:00,133.7879661162462,NORMAL,136.0,137.0,138.0,25.14133,80.85446,YMNCKT_2026-04-28T08:00:00+0000_133.7880
YMNCKT,Yamuna at Chitrakoot,Yamuna Basin,2026-04-28 09:00:00+00:00,133.79071667745495,NORMAL,136.0,137.0,138.0,25.14133,80.85446,YMNCKT_2026-04-28T09:00:00+0000_133.7907
YMNCKT,Yamuna at Chitrakoot,Yamuna Basin,2026-04-28 10:00:00+00:00,133.8156449397784,NORMAL,136.0,137.0,138.0,25.14133,80.85446,YMNCKT_2026-04-28T10:00:00+0000_133.8156
YMNCKT,Yamuna at Chitrakoot,Yamuna Basin,2026-04-28 11:00:00+00:00,133.85755036113477,NORMAL,136.0,137.0,138.0,25.14133,80.85446,YMNCKT_2026-04-28T11:00:00+0000_133.8576
YMNCKT,Yamuna at Chitrakoot,Yamuna Basin,2026-04-28 12:00:00+00:00,133.92784245476875,NORMAL,136.0,137.0,138.0,25.14133,80.85446,YMNCKT_2026-04-28T12:00:00+0000_133.9278
YMNCKT,Yamuna at Chitrakoot,Yamuna Basin,2026-04-28 13:00:00+00:00,133.93731748227165,NORMAL,136.0,137.0,138.0,25.14133,80.85446,YMNCKT_2026-04-28T13:00:00+0000_133.9373
YMNCKT,Yamuna at Chitrakoot,Yamuna Basin,2026-04-28 14:00:00+00:00,134.0306147547201,NORMAL,136.0,137.0,138.0,25.14133,80.85446,YMNCKT_2026-04-28T14:00:00+0000_134.0306
YMNCKT,Yamuna at Chitrakoot,Yamuna Basin,2026-04-28 15:00:00+00:00,134.0365052052445,NORMAL,136.0,137.0,138.0,25.14133,80.85446,YMNCKT_2026-04-28T15:00:00+0000_134.0365
YMNCKT,Yamuna at Chitrakoot,Yamuna Basin,2026-04-28 16:00:00+00:00,134.12443367081875,NORMAL,136.0,137.0,138.0,25.14133,80.85446,YMNCKT_2026-04-28T16:00:00+0000_134.1244
YMNCKT,Yamuna at Chitrakoot,Yamuna Basin,2026-04-28 17:00:00+00:00,134.2007332302225,NORMAL,136.0,137.0,138.0,25.14133,80.85446,YMNCKT_2026-04-28T17:00:00+0000_134.2007
YMNCKT,Yamuna at Chitrakoot,Yamuna Basin,2026-04-28 18:00:00+00:00,134.22149876198924,NORMAL,136.0,137.0,138.0,25.14133,80.85446,YMNCKT_2026-04-28T18:00:00+0000_134.2215
YMNCKT,Yamuna at Chitrakoot,Yamuna Basin,2026-04-28 19:00:00+00:00,134.22229914036816,NORMAL,136.0,137.0,138.0,25.14133,80.85446,YMNCKT_2026-04-28T19:00:00+0000_134.2223
YMNCKT,Yamuna at Chitrakoot,Yamuna Basin,2026-04-28 20:00:00+00:00,134.1471814946014,NORMAL,136.0,137.0,138.0,25.14133,80.85446,YMNCKT_2026-04-28T20:00:00+0000_134.1472
YMNCKT,Yamuna at Chitrakoot,Yamuna Basin,2026-04-28 21:00:00+00:00,134.17280217925293,NORMAL,136.0,137.0,138.0,25.14133,80.85446,YMNCKT_2026-04-28T21:00:00+0000_134.1728
YMNCKT,Yamuna at Chitrakoot,Yamuna Basin,2026-04-28 22:00:00+00:00,134.1205251560082,NORMAL,136.0,137.0,138.0,25.14133,80.85446,YMNCKT_2026-04-28T22:00:00+0000_134.1205
YMNCKT,Yamuna at Chitrakoot,Yamuna Basin,2026-04-28 23:00:00+00:00,134.08896377521387,NORMAL,136.0,137.0,138.0,25.14133,80.85446,YMNCKT_2026-04-28T23:00:00+0000_134.0890
YMNCKT,Yamuna at Chitrakoot,Yamuna Basin,2026-04-29 00:00:00+00:00,134.05395495973067,NORMAL,136.0,137.0,138.0,25.14133,80.85446,YMNCKT_2026-04-29T00:00:00+0000_134.0540
YMNCKT,Yamuna at Chitrakoot,Yamuna Basin,2026-04-29 01:00:00+00:00,133.94620194520598,NORMAL,136.0,137.0,138.0,25.14133,80.85446,YMNCKT_2026-04-29T01:00:00+0000_133.9462
YMNCKT,Yamuna at Chitrakoot,Yamuna Basin,2026-04-29 02:00:00+00:00,133.9091766499175,NORMAL,136.0,137.0,138.0,25.14133,80.85446,YMNCKT_2026-04-29T02:00:00+0000_133.9092
YMNCKT,Yamuna at Chitrakoot,Yamuna Basin,2026-04-29 03:00:00+00:00,133.86406316598496,NORMAL,136.0,137.0,138.0,25.14133,80.85446,YMNCKT_2026-04-29T03:00:00+0000_133.8641
YMNCKT,Yamuna at Chitrakoot,Yamuna Basin,2026-04-29 04:00:00+00:00,133.86339450293684,NORMAL,136.0,137.0,138.0,25.14133,80.85446,YMNCKT_2026-04-29T04:00:00+0000_133.8634
YMNCKT,Yamuna at Chitrakoot,Yamuna Basin,2026-04-29 05:00:00+00:00,133.79882769969882,NORMAL,136.0,137.0,138.0,25.14133,80.85446,YMNCKT_2026-04-29T05:00:00+0000_133.7988
YMNCKT,Yamuna at Chitrakoot,Yamuna Basin,2026-04-29 06:00:00+00:00,133.74427308430376,NORMAL,136.0,137.0,138.0,25.14133,80.85446,YMNCKT_2026-04-29T06:00:00+0000_133.7443
YMNCKT,Yamuna at Chitrakoot,Yamuna Basin,2026-04-29 07:00:00+00:00,133.73464058971527,NORMAL,136.0,137.0,138.0,25.14133,80.85446,YMNCKT_2026-04-29T07:00:00+0000_133.7346
YMNCKT,Yamuna at Chitrakoot,Yamuna Basin,2026-04-29 08:00:00+00:00,133.75738593847427,NORMAL,136.0,137.0,138.0,25.14133,80.85446,YMNCKT_2026-04-29T08:00:00+0000_133.7574
YMNCKT,Yamuna at Chitrakoot,Yamuna Basin,2026-04-29 09:00:00+00:00,133.79431409669098,NORMAL,136.0,137.0,138.0,25.14133,80.85446,YMNCKT_2026-04-29T09:00:00+0000_133.7943
YMNCKT,Yamuna at Chitrakoot,Yamuna Basin,2026-04-29 10:00:00+00:00,133.8556966153468,NORMAL,136.0,137.0,138.0,25.14133,80.85446,YMNCKT_2026-04-29T10:00:00+0000_133.8557
YMNCKT,Yamuna at Chitrakoot,Yamuna Basin,2026-04-29 11:00:00+00:00,133.8706243147113,NORMAL,136.0,137.0,138.0,25.14133,80.85446,YMNCKT_2026-04-29T11:00:00+0000_133.8706
YMNCKT,Yamuna at Chitrakoot,Yamuna Basin,2026-04-29 12:00:00+00:00,133.91259718963968,NORMAL,136.0,137.0,138.0,25.14133,80.85446,YMNCKT_2026-04-29T12:00:00+0000_133.9126
YMNCKT,Yamuna at Chitrakoot,Yamuna Basin,2026-04-29 13:00:00+00:00,133.96704919810452,NORMAL,136.0,137.0,138.0,25.14133,80.85446,YMNCKT_2026-04-29T13:00:00+0000_133.9670
YMNCKT,Yamuna at Chitrakoot,Yamuna Basin,2026-04-29 14:00:00+00:00,134.00214870700773,NORMAL,136.0,137.0,138.0,25.14133,80.85446,YMNCKT_2026-04-29T14:00:00+0000_134.0021
YMNCKT,Yamuna at Chitrakoot,Yamuna Basin,2026-04-29 15:00:00+00:00,134.09759301941983,NORMAL,136.0,137.0,138.0,25.14133,80.85446,YMNCKT_2026-04-29T15:00:00+0000_134.0976
YMNCKT,Yamuna at Chitrakoot,Yamuna Basin,2026-04-29 16:00:00+00:00,134.17420671479658,NORMAL,136.0,137.0,138.0,25.14133,80.85446,YMNCKT_2026-04-29T16:00:00+0000_134.1742
YMNCKT,Yamuna at Chitrakoot,Yamuna Basin,2026-04-29 17:00:00+00:00,134.15977182432346,NORMAL,136.0,137.0,138.0,25.14133,80.85446,YMNCKT_2026-04-29T17:00:00+0000_134.1598
YMNCKT,Yamuna at Chitrakoot,Yamuna Basin,2026-04-29 18:00:00+00:00,134.19222324109182,NORMAL,136.0,137.0,138.0,25.14133,80.85446,YMNCKT_2026-04-29T18:00:00+0000_134.1922
YMNCKT,Yamuna at Chitrakoot,Yamuna Basin,2026-04-29 19:00:00+00:00,134.18736506207966,NORMAL,136.0,137.0,138.0,25.14133,80.85446,YMNCKT_2026-04-29T19:00:00+0000_134.1874
YMNCKT,Yamuna at Chitrakoot,Yamuna Basin,2026-04-29 20:00:00+00:00,134.2330166666096,NORMAL,136.0,137.0,138.0,25.14133,80.85446,YMNCKT_2026-04-29T20:00:00+0000_134.2330
YMNCKT,Yamuna at Chitrakoot,Yamuna Basin,2026-04-29 21:00:00+00:00,134.14689643546717,NORMAL,136.0,137.0,138.0,25.14133,80.85446,YMNCKT_2026-04-29T21:00:00+0000_134.1469
YMNCKT,Yamuna at Chitrakoot,Yamuna Basin,2026-04-29 22:00:00+00:00,134.15700316019365,NORMAL,136.0,137.0,138.0,25.14133,80.85446,YMNCKT_2026-04-29T22:00:00+0000_134.1570
YMNCKT,Yamuna at Chitrakoot,Yamuna Basin,2026-04-29 23:00:00+00:00,134.12496942745813,NORMAL,136.0,137.0,138.0,25.14133,80.85446,YMNCKT_2026-04-29T23:00:00+0000_134.1250
YMNCKT,Yamuna at Chitrakoot,Yamuna Basin,2026-04-30 00:00:00+00:00,134.015196870692,NORMAL,136.0,137.0,138.0,25.14133,80.85446,YMNCKT_2026-04-30T00:00:00+0000_134.0152
YMNCKT,Yamuna at Chitrakoot,Yamuna Basin,2026-04-30 01:00:00+00:00,133.94526589691475,NORMAL,136.0,137.0,138.0,25.14133,80.85446,YMNCKT_2026-04-30T01:00:00+0000_133.9453
YMNCKT,Yamuna at Chitrakoot,Yamuna Basin,2026-04-30 02:00:00+00:00,133.87965297170496,NORMAL,136.0,137.0,138.0,25.14133,80.85446,YMNCKT_2026-04-30T02:00:00+0000_133.8797
YMNCKT,Yamuna at Chitrakoot,Yamuna Basin,2026-04-30 03:00:00+00:00,133.83279008671167,NORMAL,136.0,137.0,138.0,25.14133,80.85446,YMNCKT_2026-04-30T03:00:00+0000_133.8328
YMNCKT,Yamuna at Chitrakoot,Yamuna Basin,2026-04-30 04:00:00+00:00,133.80734481051982,NORMAL,136.0,137.0,138.0,25.14133,80.85446,YMNCKT_2026-04-30T04:00:00+0000_133.8073
YMNCKT,Yamuna at Chitrakoot,Yamuna Basin,2026-04-30 05:00:00+00:00,133.75848927392397,NORMAL,136.0,137.0,138.0,25.14133,80.85446,YMNCKT_2026-04-30T05:00:00+0000_133.7585
YMNCKT,Yamuna at Chitrakoot,Yamuna Basin,2026-04-30 06:00:00+00:00,133.7963420510795,NORMAL,136.0,137.0,138.0,25.14133,80.85446,YMNCKT_2026-04-30T06:00:00+0000_133.7963
YMNCKT,Yamuna at Chitrakoot,Yamuna Basin,2026-04-30 07:00:00+00:00,133.73898250607954,NORMAL,136.0,137.0,138.0,25.14133,80.85446,YMNCKT_2026-04-30T07:00:00+0000_133.7390
YMNCKT,Yamuna at Chitrakoot,Yamuna Basin,2026-04-30 08:00:00+00:00,133.72036967706975,NORMAL,136.0,137.0,138.0,25.14133,80.85446,YMNCKT_2026-04-30T08:00:00+0000_133.7204
YMNCKT,Yamuna at Chitrakoot,Yamuna Basin,2026-04-30 09:00:00+00:00,133.75965647559516,NORMAL,136.0,137.0,138.0,25.14133,80.85446,YMNCKT_2026-04-30T09:00:00+0000_133.7597
YMNCKT,Yamuna at Chitrakoot,Yamuna Basin,2026-04-30 10:00:00+00:00,133.77601925971445,NORMAL,136.0,137.0,138.0,25.14133,80.85446,YMNCKT_2026-04-30T10:00:00+0000_133.7760
YMNCKT,Yamuna at Chitrakoot,Yamuna Basin,2026-04-30 11:00:00+00:00,133.90618480166108,NORMAL,136.0,137.0,138.0,25.14133,80.85446,YMNCKT_2026-04-30T11:00:00+0000_133.9062
YMNCKT,Yamuna at Chitrakoot,Yamuna Basin,2026-04-30 12:00:00+00:00,133.9629920242066,NORMAL,136.0,137.0,138.0,25.14133,80.85446,YMNCKT_2026-04-30T12:00:00+0000_133.9630
YMNCKT,Yamuna at Chitrakoot,Yamuna Basin,2026-04-30 13:00:00+00:00,133.98585008379973,NORMAL,136.0,137.0,138.0,25.14133,80.85446,YMNCKT_2026-04-30T13:00:00+0000_133.9859
YMNCKT,Yamuna at Chitrakoot,Yamuna Basin,2026-04-30 14:00:00+00:00,134.07261534853103,NORMAL,136.0,137.0,138.0,25.14133,80.85446,YMNCKT_2026-04-30T14:00:00+0000_134.0726
YMNCKT,Yamuna at Chitrakoot,Yamuna Basin,2026-04-30 15:00:00+00:00,134.04698288219973,NORMAL,136.0,137.0,138.0,25.14133,80.85446,YMNCKT_2026-04-30T15:00:00+0000_134.0470
YMNCKT,Yamuna at Chitrakoot,Yamuna Basin,2026-04-30 16:00:00+00:00,134.17533170260546,NORMAL,136.0,137.0,138.0,25.14133,80.85446,YMNCKT_2026-04-30T16:00:00+0000_134.1753
YMNCKT,Yamuna at Chitrakoot,Yamuna Basin,2026-04-30 17:00:00+00:00,134.20070789456562,NORMAL,136.0,137.0,138.0,25.14133,80.85446,YMNCKT_2026-04-30T17:00:00+0000_134.2007
YMNCKT,Yamuna at Chitrakoot,Yamuna Basin,2026-04-30 18:00:00+00:00,134.23565991654144,NORMAL,136.0,137.0,138.0,25.14133,80.85446,YMNCKT_2026-04-30T18:00:00+0000_134.2357
YMNCKT,Yamuna at Chitrakoot,Yamuna Basin,2026-04-30 19:00:00+00:00,134.2162558173669,NORMAL,136.0,137.0,138.0,25.14133,80.85446,YMNCKT_2026-04-30T19:00:00+0000_134.2163
YMNCKT,Yamuna at Chitrakoot,Yamuna Basin,2026-04-30 20:00:00+00:00,134.20248110415142,NORMAL,136.0,137.0,138.0,25.14133,80.85446,YMNCKT_2026-04-30T20:00:00+0000_134.2025
YMNCKT,Yamuna at Chitrakoot,Yamuna Basin,2026-04-30 21:00:00+00:00,134.1978929775662,NORMAL,136.0,137.0,138.0,25.14133,80.85446,YMNCKT_2026-04-30T21:00:00+0000_134.1979
YMNCKT,Yamuna at Chitrakoot,Yamuna Basin,2026-04-30 22:00:00+00:00,134.1730681480359,NORMAL,136.0,137.0,138.0,25.14133,80.85446,YMNCKT_2026-04-30T22:00:00+0000_134.1731
YMNCKT,Yamuna at Chitrakoot,Yamuna Basin,2026-04-30 23:00:00+00:00,134.05604427453824,NORMAL,136.0,137.0,138.0,25.14133,80.85446,YMNCKT_2026-04-30T23:00:00+0000_134.0560
YMNCKT,Yamuna at Chitrakoot,Yamuna Basin,2026-05-01 00:00:00+00:00,134.0092304804124,NORMAL,136.0,137.0,138.0,25.14133,80.85446,YMNCKT_2026-05-01T00:00:00+0000_134.0092
YMNCKT,Yamuna at Chitrakoot,Yamuna Basin,2026-05-01 01:00:00+00:00,133.99007214294903,NORMAL,136.0,137.0,138.0,25.14133,80.85446,YMNCKT_2026-05-01T01:00:00+0000_133.9901
YMNCKT,Yamuna at Chitrakoot,Yamuna Basin,2026-05-01 02:00:00+00:00,133.92152949585295,NORMAL,136.0,137.0,138.0,25.14133,80.85446,YMNCKT_2026-05-01T02:00:00+0000_133.9215
YMNCKT,Yamuna at Chitrakoot,Yamuna Basin,2026-05-01 03:00:00+00:00,133.88045814149874,NORMAL,136.0,137.0,138.0,25.14133,80.85446,YMNCKT_2026-05-01T03:00:00+0000_133.8805
YMNCKT,Yamuna at Chitrakoot,Yamuna Basin,2026-05-01 04:00:00+00:00,133.8106269420766,NORMAL,136.0,137.0,138.0,25.14133,80.85446,YMNCKT_2026-05-01T04:00:00+0000_133.8106
YMNCKT,Yamuna at Chitrakoot,Yamuna Basin,2026-05-01 05:00:00+00:00,133.80472377066803,NORMAL,136.0,137.0,138.0,25.14133,80.85446,YMNCKT_2026-05-01T05:00:00+0000_133.8047
YMNCKT,Yamuna at Chitrakoot,Yamuna Basin,2026-05-01 06:00:00+00:00,133.74062670580676,NORMAL,136.0,137.0,138.0,25.14133,80.85446,YMNCKT_2026-05-01T06:00:00+0000_133.7406
YMNCKT,Yamuna at Chitrakoot,Yamuna Basin,2026-05-01 07:00:00+00:00,133.771719464236,NORMAL,136.0,137.0,138.0,25.14133,80.85446,YMNCKT_2026-05-01T07:00:00+0000_133.7717
YMNCKT,Yamuna at Chitrakoot,Yamuna Basin,2026-05-01 08:00:00+00:00,133.76198139898057,NORMAL,136.0,137.0,138.0,25.14133,80.85446,YMNCKT_2026-05-01T08:00:00+0000_133.7620
YMNCKT,Yamuna at Chitrakoot,Yamuna Basin,2026-05-01 09:00:00+00:00,133.79881400096443,NORMAL,136.0,137.0,138.0,25.14133,80.85446,YMNCKT_2026-05-01T09:00:00+0000_133.7988
YMNCKT,Yamuna at Chitrakoot,Yamuna Basin,2026-05-01 10:00:00+00:00,133.8558161813743,NORMAL,136.0,137.0,138.0,25.14133,80.85446,YMNCKT_2026-05-01T10:00:00+0000_133.8558
YMNCKT,Yamuna at Chitrakoot,Yamuna Basin,2026-05-01 11:00:00+00:00,133.8538604485118,NORMAL,136.0,137.0,138.0,25.14133,80.85446,YMNCKT_2026-05-01T11:00:00+0000_133.8539
YMNCKT,Yamuna at Chitrakoot,Yamuna Basin,2026-05-01 12:00:00+00:00,133.88684052618322,NORMAL,136.0,137.0,138.0,25.14133,80.85446,YMNCKT_2026-05-01T12:00:00+0000_133.8868
YMNCKT,Yamuna at Chitrakoot,Yamuna Basin,2026-05-01 13:00:00+00:00,134.02502645432534,NORMAL,136.0,137.0,138.0,25.14133,80.85446,YMNCKT_2026-05-01T13:00:00+0000_134.0250
YMNCKT,Yamuna at Chitrakoot,Yamuna Basin,2026-05-01 14:00:00+00:00,134.06820085813234,NORMAL,136.0,137.0,138.0,25.14133,80.85446,YMNCKT_2026-05-01T14:00:00+0000_134.0682
YMNCKT,Yamuna at Chitrakoot,Yamuna Basin,2026-05-01 15:00:00+00:00,134.04385343784077,NORMAL,136.0,137.0,138.0,25.14133,80.85446,YMNCKT_2026-05-01T15:00:00+0000_134.0439
YMNCKT,Yamuna at Chitrakoot,Yamuna Basin,2026-05-01 16:00:00+00:00,134.10898113834332,NORMAL,136.0,137.0,138.0,25.14133,80.85446,YMNCKT_2026-05-01T16:00:00+0000_134.1090
YMNCKT,Yamuna at Chitrakoot,Yamuna Basin,2026-05-01 17:00:00+00:00,134.1696467848413,NORMAL,136.0,137.0,138.0,25.14133,80.85446,YMNCKT_2026-05-01T17:00:00+0000_134.1696
YMNCKT,Yamuna at Chitrakoot,Yamuna Basin,2026-05-01 18:00:00+00:00,134.22956861490223,NORMAL,136.0,137.0,138.0,25.14133,80.85446,YMNCKT_2026-05-01T18:00:00+0000_134.2296
YMNCKT,Yamuna at Chitrakoot,Yamuna Basin,2026-05-01 19:00:00+00:00,134.2348381994096,NORMAL,136.0,137.0,138.0,25.14133,80.85446,YMNCKT_2026-05-01T19:00:00+0000_134.2348
YMNCKT,Yamuna at Chitrakoot,Yamuna Basin,2026-05-01 20:00:00+00:00,134.1692006510417,NORMAL,136.0,137.0,138.0,25.14133,80.85446,YMNCKT_2026-05-01T20:00:00+0000_134.1692
YMNCKT,Yamuna at Chitrakoot,Yamuna Basin,2026-05-01 21:00:00+00:00,134.18918516216002,NORMAL,136.0,137.0,138.0,25.14133,80.85446,YMNCKT_2026-05-01T21:00:00+0000_134.1892
YMNCKT,Yamuna at Chitrakoot,Yamuna Basin,2026-05-01 22:00:00+00:00,134.13007622737587,NORMAL,136.0,137.0,138.0,25.14133,80.85446,YMNCKT_2026-05-01T22:00:00+0000_134.1301
YMNCKT,Yamuna at Chitrakoot,Yamuna Basin,2026-05-01 23:00:00+00:00,134.11003831405634,NORMAL,136.0,137.0,138.0,25.14133,80.85446,YMNCKT_2026-05-01T23:00:00+0000_134.1100
YMNCKT,Yamuna at Chitrakoot,Yamuna Basin,2026-05-02 00:00:00+00:00,134.0911610558305,NORMAL,136.0,137.0,138.0,25.14133,80.85446,YMNCKT_2026-05-02T00:00:00+0000_134.0912
YMNCKT,Yamuna at Chitrakoot,Yamuna Basin,2026-05-02 01:00:00+00:00,134.0130277972359,NORMAL,136.0,137.0,138.0,25.14133,80.85446,YMNCKT_2026-05-02T01:00:00+0000_134.0130
YMNCKT,Yamuna at Chitrakoot,Yamuna Basin,2026-05-02 02:00:00+00:00,133.89332776953273,NORMAL,136.0,137.0,138.0,25.14133,80.85446,YMNCKT_2026-05-02T02:00:00+0000_133.8933
YMNCKT,Yamuna at Chitrakoot,Yamuna Basin,2026-05-02 03:00:00+00:00,133.87095203496548,NORMAL,136.0,137.0,138.0,25.14133,80.85446,YMNCKT_2026-05-02T03:00:00+0000_133.8710
YMNCKT,Yamuna at Chitrakoot,Yamuna Basin,2026-05-02 04:00:00+00:00,133.8398708993708,NORMAL,136.0,137.0,138.0,25.14133,80.85446,YMNCKT_2026-05-02T04:00:00+0000_133.8399
YMNCKT,Yamuna at Chitrakoot,Yamuna Basin,2026-05-02 05:00:00+00:00,133.77503808727488,NORMAL,136.0,137.0,138.0,25.14133,80.85446,YMNCKT_2026-05-02T05:00:00+0000_133.7750
YMNCKT,Yamuna at Chitrakoot,Yamuna Basin,2026-05-02 06:00:00+00:00,133.80039821012372,NORMAL,136.0,137.0,138.0,25.14133,80.85446,YMNCKT_2026-05-02T06:00:00+0000_133.8004
YMNCKT,Yamuna at Chitrakoot,Yamuna Basin,2026-05-02 07:00:00+00:00,133.803744054354,NORMAL,136.0,137.0,138.0,25.14133,80.85446,YMNCKT_2026-05-02T07:00:00+0000_133.8037
YMNCKT,Yamuna at Chitrakoot,Yamuna Basin,2026-05-02 08:00:00+00:00,133.72898034747266,NORMAL,136.0,137.0,138.0,25.14133,80.85446,YMNCKT_2026-05-02T08:00:00+0000_133.7290
YMNCKT,Yamuna at Chitrakoot,Yamuna Basin,2026-05-02 09:00:00+00:00,133.82269088381062,NORMAL,136.0,137.0,138.0,25.14133,80.85446,YMNCKT_2026-05-02T09:00:00+0000_133.8227
YMNCKT,Yamuna at Chitrakoot,Yamuna Basin,2026-05-02 10:00:00+00:00,133.8440373426252,NORMAL,136.0,137.0,138.0,25.14133,80.85446,YMNCKT_2026-05-02T10:00:00+0000_133.8440
YMNCKT,Yamuna at Chitrakoot,Yamuna Basin,2026-05-02 11:00:00+00:00,133.87264642120604,NORMAL,136.0,137.0,138.0,25.14133,80.85446,YMNCKT_2026-05-02T11:00:00+0000_133.8726
YMNCKT,Yamuna at Chitrakoot,Yamuna Basin,2026-05-02 12:00:00+00:00,133.89308367766503,NORMAL,136.0,137.0,138.0,25.14133,80.85446,YMNCKT_2026-05-02T12:00:00+0000_133.8931
YMNCKT,Yamuna at Chitrakoot,Yamuna Basin,2026-05-02 13:00:00+00:00,134.02915459748854,NORMAL,136.0,137.0,138.0,25.14133,80.85446,YMNCKT_2026-05-02T13:00:00+0000_134.0292
YMNCKT,Yamuna at Chitrakoot,Yamuna Basin,2026-05-02 14:00:00+00:00,134.08475453394436,NORMAL,136.0,137.0,138.0,25.14133,80.85446,YMNCKT_2026-05-02T14:00:00+0000_134.0848
YMNCKT,Yamuna at Chitrakoot,Yamuna Basin,2026-05-02 15:00:00+00:00,134.10627503035946,NORMAL,136.0,137.0,138.0,25.14133,80.85446,YMNCKT_2026-05-02T15:00:00+0000_134.1063
YMNCKT,Yamuna at Chitrakoot,Yamuna Basin,2026-05-02 16:00:00+00:00,134.14474346888449,NORMAL,136.0,137.0,138.0,25.14133,80.85446,YMNCKT_2026-05-02T16:00:00+0000_134.1447
YMNCKT,Yamuna at Chitrakoot,Yamuna Basin,2026-05-02 17:00:00+00:00,134.16041818759874,NORMAL,136.0,137.0,138.0,25.14133,80.85446,YMNCKT_2026-05-02T17:00:00+0000_134.1604
YMNCKT,Yamuna at Chitrakoot,Yamuna Basin,2026-05-02 18:00:00+00:00,134.21438888662166,NORMAL,136.0,137.0,138.0,25.14133,80.85446,YMNCKT_2026-05-02T18:00:00+0000_134.2144
YMNCKT,Yamuna at Chitrakoot,Yamuna Basin,2026-05-02 19:00:00+00:00,134.25345259194677,NORMAL,136.0,137.0,138.0,25.14133,80.85446,YMNCKT_2026-05-02T19:00:00+0000_134.2535
YMNCKT,Yamuna at Chitrakoot,Yamuna Basin,2026-05-02 20:00:00+00:00,134.19458259263274,NORMAL,136.0,137.0,138.0,25.14133,80.85446,YMNCKT_2026-05-02T20:00:00+0000_134.1946
YMNCKT,Yamuna at Chitrakoot,Yamuna Basin,2026-05-02 21:00:00+00:00,134.15287437954458,NORMAL,136.0,137.0,138.0,25.14133,80.85446,YMNCKT_2026-05-02T21:00:00+0000_134.1529
YMNCKT,Yamuna at Chitrakoot,Yamuna Basin,2026-05-02 22:00:00+00:00,134.12112405986844,NORMAL,136.0,137.0,138.0,25.14133,80.85446,YMNCKT_2026-05-02T22:00:00+0000_134.1211
YMNCKT,Yamuna at Chitrakoot,Yamuna Basin,2026-05-02 23:00:00+00:00,134.14262899515853,NORMAL,136.0,137.0,138.0,25.14133,80.85446,YMNCKT_2026-05-02T23:00:00+0000_134.1426
YMNCKT,Yamuna at Chitrakoot,Yamuna Basin,2026-05-03 00:00:00+00:00,134.03926924366957,NORMAL,136.0,137.0,138.0,25.14133,80.85446,YMNCKT_2026-05-03T00:00:00+0000_134.0393
YMNCKT,Yamuna at Chitrakoot,Yamuna Basin,2026-05-03 01:00:00+00:00,133.9643323570476,NORMAL,136.0,137.0,138.0,25.14133,80.85446,YMNCKT_2026-05-03T01:00:00+0000_133.9643
YMNCKT,Yamuna at Chitrakoot,Yamuna Basin,2026-05-03 02:00:00+00:00,133.9184399403264,NORMAL,136.0,137.0,138.0,25.14133,80.85446,YMNCKT_2026-05-03T02:00:00+0000_133.9184
YMNCKT,Yamuna at Chitrakoot,Yamuna Basin,2026-05-03 03:00:00+00:00,133.89791642535974,NORMAL,136.0,137.0,138.0,25.14133,80.85446,YMNCKT_2026-05-03T03:00:00+0000_133.8979
YMNCKT,Yamuna at Chitrakoot,Yamuna Basin,2026-05-03 04:00:00+00:00,133.8081331088564,NORMAL,136.0,137.0,138.0,25.14133,80.85446,YMNCKT_2026-05-03T04:00:00+0000_133.8081
YMNCKT,Yamuna at Chitrakoot,Yamuna Basin,2026-05-03 05:00:00+00:00,133.8401311406838,NORMAL,136.0,137.0,138.0,25.14133,80.85446,YMNCKT_2026-05-03T05:00:00+0000_133.8401
YMNCKT,Yamuna at Chitrakoot,Yamuna Basin,2026-05-03 06:00:00+00:00,133.7735526886878,NORMAL,136.0,137.0,138.0,25.14133,80.85446,YMNCKT_2026-05-03T06:00:00+0000_133.7736
YMNCKT,Yamuna at Chitrakoot,Yamuna Basin,2026-05-03 07:00:00+00:00,133.73171182998902,NORMAL,136.0,137.0,138.0,25.14133,80.85446,YMNCKT_2026-05-03T07:00:00+0000_133.7317
YMNCKT,Yamuna at Chitrakoot,Yamuna Basin,2026-05-03 08:00:00+00:00,133.7608280061216,NORMAL,136.0,137.0,138.0,25.14133,80.85446,YMNCKT_2026-05-03T08:00:00+0000_133.7608
YMNCKT,Yamuna at Chitrakoot,Yamuna Basin,2026-05-03 09:00:00+00:00,133.77803430115202,NORMAL,136.0,137.0,138.0,25.14133,80.85446,YMNCKT_2026-05-03T09:00:00+0000_133.7780
YMNCKT,Yamuna at Chitrakoot,Yamuna Basin,2026-05-03 10:00:00+00:00,133.8164700802195,NORMAL,136.0,137.0,138.0,25.14133,80.85446,YMNCKT_2026-05-03T10:00:00+0000_133.8165
YMNCKT,Yamuna at Chitrakoot,Yamuna Basin,2026-05-03 11:00:00+00:00,133.90451561922708,NORMAL,136.0,137.0,138.0,25.14133,80.85446,YMNCKT_2026-05-03T11:00:00+0000_133.9045
YMNCKT,Yamuna at Chitrakoot,Yamuna Basin,2026-05-03 12:00:00+00:00,133.98089888334795,NORMAL,136.0,137.0,138.0,25.14133,80.85446,YMNCKT_2026-05-03T12:00:00+0000_133.9809
YMNCKT,Yamuna at Chitrakoot,Yamuna Basin,2026-05-03 13:00:00+00:00,133.97873926749836,NORMAL,136.0,137.0,138.0,25.14133,80.85446,YMNCKT_2026-05-03T13:00:00+0000_133.9787
YMNCKT,Yamuna at Chitrakoot,Yamuna Basin,2026-05-03 14:00:00+00:00,134.04543772010936,NORMAL,136.0,137.0,138.0,25.14133,80.85446,YMNCKT_2026-05-03T14:00:00+0000_134.0454
YMNCKT,Yamuna at Chitrakoot,Yamuna Basin,2026-05-03 15:00:00+00:00,134.1147217047172,NORMAL,136.0,137.0,138.0,25.14133,80.85446,YMNCKT_2026-05-03T15:00:00+0000_134.1147
YMNCKT,Yamuna at Chitrakoot,Yamuna Basin,2026-05-03 16:00:00+00:00,134.1866708247744,NORMAL,136.0,137.0,138.0,25.14133,80.85446,YMNCKT_2026-05-03T16:00:00+0000_134.1867
YMNCKT,Yamuna at Chitrakoot,Yamuna Basin,2026-05-03 17:00:00+00:00,134.2108257724537,NORMAL,136.0,137.0,138.0,25.14133,80.85446,YMNCKT_2026-05-03T17:00:00+0000_134.2108
YMNCKT,Yamuna at Chitrakoot,Yamuna Basin,2026-05-03 18:00:00+00:00,134.15941143457906,NORMAL,136.0,137.0,138.0,25.14133,80.85446,YMNCKT_2026-05-03T18:00:00+0000_134.1594
YMNCKT,Yamuna at Chitrakoot,Yamuna Basin,2026-05-03 19:00:00+00:00,134.25359238875197,NORMAL,136.0,137.0,138.0,25.14133,80.85446,YMNCKT_2026-05-03T19:00:00+0000_134.2536
YMNCKT,Yamuna at Chitrakoot,Yamuna Basin,2026-05-03 20:00:00+00:00,134.24360801182263,NORMAL,136.0,137.0,138.0,25.14133,80.85446,YMNCKT_2026-05-03T20:00:00+0000_134.2436
YMNCKT,Yamuna at Chitrakoot,Yamuna Basin,2026-05-03 21:00:00+00:00,134.20521872403165,NORMAL,136.0,137.0,138.0,25.14133,80.85446,YMNCKT_2026-05-03T21:00:00+0000_134.2052
YMNCKT,Yamuna at Chitrakoot,Yamuna Basin,2026-05-03 22:00:00+00:00,134.1063789177413,NORMAL,136.0,137.0,138.0,25.14133,80.85446,YMNCKT_2026-05-03T22:00:00+0000_134.1064
YMNCKT,Yamuna at Chitrakoot,Yamuna Basin,2026-05-03 23:00:00+00:00,134.14999186348822,NORMAL,136.0,137.0,138.0,25.14133,80.85446,YMNCKT_2026-05-03T23:00:00+0000_134.1500
YMNCKT,Yamuna at Chitrakoot,Yamuna Basin,2026-05-04 00:00:00+00:00,134.0134745521514,NORMAL,136.0,137.0,138.0,25.14133,80.85446,YMNCKT_2026-05-04T00:00:00+0000_134.0135
YMNCKT,Yamuna at Chitrakoot,Yamuna Basin,2026-05-04 01:00:00+00:00,133.9621808197743,NORMAL,136.0,137.0,138.0,25.14133,80.85446,YMNCKT_2026-05-04T01:00:00+0000_133.9622
YMNCKT,Yamuna at Chitrakoot,Yamuna Basin,2026-05-04 02:00:00+00:00,133.9812867390216,NORMAL,136.0,137.0,138.0,25.14133,80.85446,YMNCKT_2026-05-04T02:00:00+0000_133.9813
YMNCKT,Yamuna at Chitrakoot,Yamuna Basin,2026-05-04 03:00:00+00:00,133.9303723856167,NORMAL,136.0,137.0,138.0,25.14133,80.85446,YMNCKT_2026-05-04T03:00:00+0000_133.9304
YMNCKT,Yamuna at Chitrakoot,Yamuna Basin,2026-05-04 04:00:00+00:00,133.80440995863125,NORMAL,136.0,137.0,138.0,25.14133,80.85446,YMNCKT_2026-05-04T04:00:00+0000_133.8044
YMNCKT,Yamuna at Chitrakoot,Yamuna Basin,2026-05-04 05:00:00+00:00,133.79337219146558,NORMAL,136.0,137.0,138.0,25.14133,80.85446,YMNCKT_2026-05-04T05:00:00+0000_133.7934
YMNCKT,Yamuna at Chitrakoot,Yamuna Basin,2026-05-04 06:00:00+00:00,133.80671552511305,NORMAL,136.0,137.0,138.0,25.14133,80.85446,YMNCKT_2026-05-04T06:00:00+0000_133.8067
YMNCKT,Yamuna at Chitrakoot,Yamuna Basin,2026-05-04 07:00:00+00:00,133.82590767453286,NORMAL,136.0,137.0,138.0,25.14133,80.85446,YMNCKT_2026-05-04T07:00:00+0000_133.8259
YMNCKT,Yamuna at Chitrakoot,Yamuna Basin,2026-05-04 08:00:00+00:00,133.82689865439178,NORMAL,136.0,137.0,138.0,25.14133,80.85446,YMNCKT_2026-05-04T08:00:00+0000_133.8269
YMNCKT,Yamuna at Chitrakoot,Yamuna Basin,2026-05-04 09:00:00+00:00,133.82773227847042,NORMAL,136.0,137.0,138.0,25.14133,80.85446,YMNCKT_2026-05-04T09:00:00+0000_133.8277
YMNCKT,Yamuna at Chitrakoot,Yamuna Basin,2026-05-04 10:00:00+00:00,133.84323630373373,NORMAL,136.0,137.0,138.0,25.14133,80.85446,YMNCKT_2026-05-04T10:00:00+0000_133.8432
YMNCKT,Yamuna at Chitrakoot,Yamuna Basin,2026-05-04 11:00:00+00:00,133.8924193215526,NORMAL,136.0,137.0,138.0,25.14133,80.85446,YMNCKT_2026-05-04T11:00:00+0000_133.8924
YMNCKT,Yamuna at Chitrakoot,Yamuna Basin,2026-05-04 12:00:00+00:00,133.89653623172003,NORMAL,136.0,137.0,138.0,25.14133,80.85446,YMNCKT_2026-05-04T12:00:00+0000_133.8965
YMNCKT,Yamuna at Chitrakoot,Yamuna Basin,2026-05-04 13:00:00+00:00,133.97547869162184,NORMAL,136.0,137.0,138.0,25.14133,80.85446,YMNCKT_2026-05-04T13:00:00+0000_133.9755
YMNCKT,Yamuna at Chitrakoot,Yamuna Basin,2026-05-04 14:00:00+00:00,134.05859332878526,NORMAL,136.0,137.0,138.0,25.14133,80.85446,YMNCKT_2026-05-04T14:00:00+0000_134.0586
YMNCKT,Yamuna at Chitrakoot,Yamuna Basin,2026-05-04 15:00:00+00:00,134.0903765174571,NORMAL,136.0,137.0,138.0,25.14133,80.85446,YMNCKT_2026-05-04T15:00:00+0000_134.0904
YMNCKT,Yamuna at Chitrakoot,Yamuna Basin,2026-05-04 16:00:00+00:00,134.11106412398618,NORMAL,136.0,137.0,138.0,25.14133,80.85446,YMNCKT_2026-05-04T16:00:00+0000_134.1111
YMNCKT,Yamuna at Chitrakoot,Yamuna Basin,2026-05-04 17:00:00+00:00,134.14242251974537,NORMAL,136.0,137.0,138.0,25.14133,80.85446,YMNCKT_2026-05-04T17:00:00+0000_134.1424
YMNCKT,Yamuna at Chitrakoot,Yamuna Basin,2026-05-04 18:00:00+00:00,134.20510256170334,NORMAL,136.0,137.0,138.0,25.14133,80.85446,YMNCKT_2026-05-04T18:00:00+0000_134.2051
YMNCKT,Yamuna at Chitrakoot,Yamuna Basin,2026-05-04 19:00:00+00:00,134.20655547895632,NORMAL,136.0,137.0,138.0,25.14133,80.85446,YMNCKT_2026-05-04T19:00:00+0000_134.2066
YMNCKT,Yamuna at Chitrakoot,Yamuna Basin,2026-05-04 20:00:00+00:00,134.2382285783822,NORMAL,136.0,137.0,138.0,25.14133,80.85446,YMNCKT_2026-05-04T20:00:00+0000_134.2382
YMNCKT,Yamuna at Chitrakoot,Yamuna Basin,2026-05-04 21:00:00+00:00,134.23555077575404,NORMAL,136.0,137.0,138.0,25.14133,80.85446,YMNCKT_2026-05-04T21:00:00+0000_134.2356
YMNCKT,Yamuna at Chitrakoot,Yamuna Basin,2026-05-04 22:00:00+00:00,134.16049649282536,NORMAL,136.0,137.0,138.0,25.14133,80.85446,YMNCKT_2026-05-04T22:00:00+0000_134.1605
YMNCKT,Yamuna at Chitrakoot,Yamuna Basin,2026-05-04 23:00:00+00:00,134.08781478738834,NORMAL,136.0,137.0,138.0,25.14133,80.85446,YMNCKT_2026-05-04T23:00:00+0000_134.0878
YMNCKT,Yamuna at Chitrakoot,Yamuna Basin,2026-05-05 00:00:00+00:00,134.0769607087026,NORMAL,136.0,137.0,138.0,25.14133,80.85446,YMNCKT_2026-05-05T00:00:00+0000_134.0770
YMNCKT,Yamuna at Chitrakoot,Yamuna Basin,2026-05-05 01:00:00+00:00,133.9855340078618,NORMAL,136.0,137.0,138.0,25.14133,80.85446,YMNCKT_2026-05-05T01:00:00+0000_133.9855
YMNCKT,Yamuna at Chitrakoot,Yamuna Basin,2026-05-05 02:00:00+00:00,133.90046818741052,NORMAL,136.0,137.0,138.0,25.14133,80.85446,YMNCKT_2026-05-05T02:00:00+0000_133.9005
YMNCKT,Yamuna at Chitrakoot,Yamuna Basin,2026-05-05 03:00:00+00:00,133.90692085519058,NORMAL,136.0,137.0,138.0,25.14133,80.85446,YMNCKT_2026-05-05T03:00:00+0000_133.9069
YMNCKT,Yamuna at Chitrakoot,Yamuna Basin,2026-05-05 04:00:00+00:00,133.8138473388499,NORMAL,136.0,137.0,138.0,25.14133,80.85446,YMNCKT_2026-05-05T04:00:00+0000_133.8138
YMNCKT,Yamuna at Chitrakoot,Yamuna Basin,2026-05-05 05:00:00+00:00,133.78367082959662,NORMAL,136.0,137.0,138.0,25.14133,80.85446,YMNCKT_2026-05-05T05:00:00+0000_133.7837
YMNCKT,Yamuna at Chitrakoot,Yamuna Basin,2026-05-05 06:00:00+00:00,133.82241332649951,NORMAL,136.0,137.0,138.0,25.14133,80.85446,YMNCKT_2026-05-05T06:00:00+0000_133.8224
YMNCKT,Yamuna at Chitrakoot,Yamuna Basin,2026-05-05 07:00:00+00:00,133.79988882984065,NORMAL,136.0,137.0,138.0,25.14133,80.85446,YMNCKT_2026-05-05T07:00:00+0000_133.7999
YMNCKT,Yamuna at Chitrakoot,Yamuna Basin,2026-05-05 08:00:00+00:00,133.8029323294144,NORMAL,136.0,137.0,138.0,25.14133,80.85446,YMNCKT_2026-05-05T08:00:00+0000_133.8029
YMNCKT,Yamuna at Chitrakoot,Yamuna Basin,2026-05-05 09:00:00+00:00,133.77584987488171,NORMAL,136.0,137.0,138.0,25.14133,80.85446,YMNCKT_2026-05-05T09:00:00+0000_133.7758
YMNCKT,Yamuna at Chitrakoot,Yamuna Basin,2026-05-05 10:00:00+00:00,133.87631746230858,NORMAL,136.0,137.0,138.0,25.14133,80.85446,YMNCKT_2026-05-05T10:00:00+0000_133.8763
YMNCKT,Yamuna at Chitrakoot,Yamuna Basin,2026-05-05 11:00:00+00:00,133.91886754966285,NORMAL,136.0,137.0,138.0,25.14133,80.85446,YMNCKT_2026-05-05T11:00:00+0000_133.9189
YMNCKT,Yamuna at Chitrakoot,Yamuna Basin,2026-05-05 12:00:00+00:00,133.92945716087726,NORMAL,136.0,137.0,138.0,25.14133,80.85446,YMNCKT_2026-05-05T12:00:00+0000_133.9295
YMNCKT,Yamuna at Chitrakoot,Yamuna Basin,2026-05-05 13:00:00+00:00,133.97939113917278,NORMAL,136.0,137.0,138.0,25.14133,80.85446,YMNCKT_2026-05-05T13:00:00+0000_133.9794
YMNCKT,Yamuna at Chitrakoot,Yamuna Basin,2026-05-05 14:00:00+00:00,134.050196685344,NORMAL,136.0,137.0,138.0,25.14133,80.85446,YMNCKT_2026-05-05T14:00:00+0000_134.0502
YMNCKT,Yamuna at Chitrakoot,Yamuna Basin,2026-05-05 15:00:00+00:00,134.1298842968076,NORMAL,136.0,137.0,138.0,25.14133,80.85446,YMNCKT_2026-05-05T15:00:00+0000_134.1299
YMNCKT,Yamuna at Chitrakoot,Yamuna Basin,2026-05-05 16:00:00+00:00,134.14335426837354,NORMAL,136.0,137.0,138.0,25.14133,80.85446,YMNCKT_2026-05-05T16:00:00+0000_134.1434
YMNCKT,Yamuna at Chitrakoot,Yamuna Basin,2026-05-05 17:00:00+00:00,134.1808264568009,NORMAL,136.0,137.0,138.0,25.14133,80.85446,YMNCKT_2026-05-05T17:00:00+0000_134.1808
YMNCKT,Yamuna at Chitrakoot,Yamuna Basin,2026-05-05 18:00:00+00:00,134.17125626677606,NORMAL,136.0,137.0,138.0,25.14133,80.85446,YMNCKT_2026-05-05T18:00:00+0000_134.1713
YMNCKT,Yamuna at Chitrakoot,Yamuna Basin,2026-05-05 19:00:00+00:00,134.25398539810914,NORMAL,136.0,137.0,138.0,25.14133,80.85446,YMNCKT_2026-05-05T19:00:00+0000_134.2540
YMNCKT,Yamuna at Chitrakoot,Yamuna Basin,2026-05-05 20:00:00+00:00,134.24938555236557,NORMAL,136.0,137.0,138.0,25.14133,80.85446,YMNCKT_2026-05-05T20:00:00+0000_134.2494
YMNCKT,Yamuna at Chitrakoot,Yamuna Basin,2026-05-05 21:00:00+00:00,134.18864773995992,NORMAL,136.0,137.0,138.0,25.14133,80.85446,YMNCKT_2026-05-05T21:00:00+0000_134.1886
YMNCKT,Yamuna at Chitrakoot,Yamuna Basin,2026-05-05 22:00:00+00:00,134.17901612814674,NORMAL,136.0,137.0,138.0,25.14133,80.85446,YMNCKT_2026-05-05T22:00:00+0000_134.1790
YMNCKT,Yamuna at Chitrakoot,Yamuna Basin,2026-05-05 23:00:00+00:00,134.10356633819353,NORMAL,136.0,137.0,138.0,25.14133,80.85446,YMNCKT_2026-05-05T23:00:00+0000_134.1036
YMNCKT,Yamuna at Chitrakoot,Yamuna Basin,2026-05-06 00:00:00+00:00,134.049330854398,NORMAL,136.0,137.0,138.0,25.14133,80.85446,YMNCKT_2026-05-06T00:00:00+0000_134.0493
YMNCKT,Yamuna at Chitrakoot,Yamuna Basin,2026-05-06 01:00:00+00:00,134.02102584801213,NORMAL,136.0,137.0,138.0,25.14133,80.85446,YMNCKT_2026-05-06T01:00:00+0000_134.0210
YMNCKT,Yamuna at Chitrakoot,Yamuna Basin,2026-05-06 02:00:00+00:00,133.98016492132805,NORMAL,136.0,137.0,138.0,25.14133,80.85446,YMNCKT_2026-05-06T02:00:00+0000_133.9802
YMNCKT,Yamuna at Chitrakoot,Yamuna Basin,2026-05-06 03:00:00+00:00,133.92091013555938,NORMAL,136.0,137.0,138.0,25.14133,80.85446,YMNCKT_2026-05-06T03:00:00+0000_133.9209
YMNCKT,Yamuna at Chitrakoot,Yamuna Basin,2026-05-06 04:00:00+00:00,133.89722268023846,NORMAL,136.0,137.0,138.0,25.14133,80.85446,YMNCKT_2026-05-06T04:00:00+0000_133.8972
YMNCKT,Yamuna at Chitrakoot,Yamuna Basin,2026-05-06 05:00:00+00:00,133.81287830481847,NORMAL,136.0,137.0,138.0,25.14133,80.85446,YMNCKT_2026-05-06T05:00:00+0000_133.8129
YMNCKT,Yamuna at Chitrakoot,Yamuna Basin,2026-05-06 06:00:00+00:00,133.78014939060336,NORMAL,136.0,137.0,138.0,25.14133,80.85446,YMNCKT_2026-05-06T06:00:00+0000_133.7801
YMNCKT,Yamuna at Chitrakoot,Yamuna Basin,2026-05-06 07:00:00+00:00,133.82934764442754,NORMAL,136.0,137.0,138.0,25.14133,80.85446,YMNCKT_2026-05-06T07:00:00+0000_133.8293
YMNCKT,Yamuna at Chitrakoot,Yamuna Basin,2026-05-06 08:00:00+00:00,133.7842535666394,NORMAL,136.0,137.0,138.0,25.14133,80.85446,YMNCKT_2026-05-06T08:00:00+0000_133.7843
YMNCKT,Yamuna at Chitrakoot,Yamuna Basin,2026-05-06 09:00:00+00:00,133.8292996694432,NORMAL,136.0,137.0,138.0,25.14133,80.85446,YMNCKT_2026-05-06T09:00:00+0000_133.8293
YMNCKT,Yamuna at Chitrakoot,Yamuna Basin,2026-05-06 10:00:00+00:00,133.81680297832278,NORMAL,136.0,137.0,138.0,25.14133,80.85446,YMNCKT_2026-05-06T10:00:00+0000_133.8168
YMNCKT,Yamuna at Chitrakoot,Yamuna Basin,2026-05-06 11:00:00+00:00,,,136.0,137.0,138.0,25.14133,80.85446,YMNCKT_2026-05-06T11:00:00+0000_
YMNCKT,Yamuna at Chitrakoot,Yamuna Basin,2026-05-06 12:00:00+00:00,133.90871587564905,NORMAL,136.0,137.0,138.0,25.14133,80.85446,YMNCKT_2026-05-06T12:00:00+0000_133.9087
YMNCKT,Yamuna at Chitrakoot,Yamuna Basin,2026-05-06 13:00:00+00:00,134.05097562349306,NORMAL,136.0,137.0,138.0,25.14133,80.85446,YMNCKT_2026-05-06T13:00:00+0000_134.0510
YMNCKT,Yamuna at Chitrakoot,Yamuna Basin,2026-05-06 14:00:00+00:00,134.02364821063375,NORMAL,136.0,137.0,138.0,25.14133,80.85446,YMNCKT_2026-05-06T14:00:00+0000_134.0236
YMNCKT,Yamuna at Chitrakoot,Yamuna Basin,2026-05-06 15:00:00+00:00,134.10179520356874,NORMAL,136.0,137.0,138.0,25.14133,80.85446,YMNCKT_2026-05-06T15:00:00+0000_134.1018
YMNCKT,Yamuna at Chitrakoot,Yamuna Basin,2026-05-06 16:00:00+00:00,134.11898839812685,NORMAL,136.0,137.0,138.0,25.14133,80.85446,YMNCKT_2026-05-06T16:00:00+0000_134.1190
YMNCKT,Yamuna at Chitrakoot,Yamuna Basin,2026-05-06 17:00:00+00:00,134.2128628436079,NORMAL,136.0,137.0,138.0,25.14133,80.85446,YMNCKT_2026-05-06T17:00:00+0000_134.2129
YMNCKT,Yamuna at Chitrakoot,Yamuna Basin,2026-05-06 18:00:00+00:00,134.24365695539262,NORMAL,136.0,137.0,138.0,25.14133,80.85446,YMNCKT_2026-05-06T18:00:00+0000_134.2437
YMNCKT,Yamuna at Chitrakoot,Yamuna Basin,2026-05-06 19:00:00+00:00,134.24379008754036,NORMAL,136.0,137.0,138.0,25.14133,80.85446,YMNCKT_2026-05-06T19:00:00+0000_134.2438
YMNCKT,Yamuna at Chitrakoot,Yamuna Basin,2026-05-06 20:00:00+00:00,134.24779526496627,NORMAL,136.0,137.0,138.0,25.14133,80.85446,YMNCKT_2026-05-06T20:00:00+0000_134.2478
YMNCKT,Yamuna at Chitrakoot,Yamuna Basin,2026-05-06 21:00:00+00:00,134.22775220775347,NORMAL,136.0,137.0,138.0,25.14133,80.85446,YMNCKT_2026-05-06T21:00:00+0000_134.2278
YMNCKT,Yamuna at Chitrakoot,Yamuna Basin,2026-05-06 22:00:00+00:00,134.1627597969272,NORMAL,136.0,137.0,138.0,25.14133,80.85446,YMNCKT_2026-05-06T22:00:00+0000_134.1628
YMNCKT,Yamuna at Chitrakoot,Yamuna Basin,2026-05-06 23:00:00+00:00,134.09835176679354,NORMAL,136.0,137.0,138.0,25.14133,80.85446,YMNCKT_2026-05-06T23:00:00+0000_134.0984
YMNCKT,Yamuna at Chitrakoot,Yamuna Basin,2026-05-07 00:00:00+00:00,134.05666714098194,NORMAL,136.0,137.0,138.0,25.14133,80.85446,YMNCKT_2026-05-07T00:00:00+0000_134.0567
YMNCKT,Yamuna at Chitrakoot,Yamuna Basin,2026-05-07 01:00:00+00:00,134.0569594975145,NORMAL,136.0,137.0,138.0,25.14133,80.85446,YMNCKT_2026-05-07T01:00:00+0000_134.0570
YMNCKT,Yamuna at Chitrakoot,Yamuna Basin,2026-05-07 02:00:00+00:00,133.9155890520215,NORMAL,136.0,137.0,138.0,25.14133,80.85446,YMNCKT_2026-05-07T02:00:00+0000_133.9156
YMNCKT,Yamuna at Chitrakoot,Yamuna Basin,2026-05-07 03:00:00+00:00,133.93898808832705,NORMAL,136.0,137.0,138.0,25.14133,80.85446,YMNCKT_2026-05-07T03:00:00+0000_133.9390
YMNCKT,Yamuna at Chitrakoot,Yamuna Basin,2026-05-07 04:00:00+00:00,133.8706571202499,NORMAL,136.0,137.0,138.0,25.14133,80.85446,YMNCKT_2026-05-07T04:00:00+0000_133.8707
YMNCKT,Yamuna at Chitrakoot,Yamuna Basin,2026-05-07 05:00:00+00:00,133.7931951055842,NORMAL,136.0,137.0,138.0,25.14133,80.85446,YMNCKT_2026-05-07T05:00:00+0000_133.7932
YMNCKT,Yamuna at Chitrakoot,Yamuna Basin,2026-05-07 06:00:00+00:00,133.83147723201995,NORMAL,136.0,137.0,138.0,25.14133,80.85446,YMNCKT_2026-05-07T06:00:00+0000_133.8315
YMNCKT,Yamuna at Chitrakoot,Yamuna Basin,2026-05-07 07:00:00+00:00,133.77451414890265,NORMAL,136.0,137.0,138.0,25.14133,80.85446,YMNCKT_2026-05-07T07:00:00+0000_133.7745
YMNCKT,Yamuna at Chitrakoot,Yamuna Basin,2026-05-07 08:00:00+00:00,133.84735600778183,NORMAL,136.0,137.0,138.0,25.14133,80.85446,YMNCKT_2026-05-07T08:00:00+0000_133.8474
YMNCKT,Yamuna at Chitrakoot,Yamuna Basin,2026-05-07 09:00:00+00:00,133.83638258410113,NORMAL,136.0,137.0,138.0,25.14133,80.85446,YMNCKT_2026-05-07T09:00:00+0000_133.8364
YMNCKT,Yamuna at Chitrakoot,Yamuna Basin,2026-05-07 10:00:00+00:00,133.89609834280822,NORMAL,136.0,137.0,138.0,25.14133,80.85446,YMNCKT_2026-05-07T10:00:00+0000_133.8961
YMNCKT,Yamuna at Chitrakoot,Yamuna Basin,2026-05-07 11:00:00+00:00,133.93400864939954,NORMAL,136.0,137.0,138.0,25.14133,80.85446,YMNCKT_2026-05-07T11:00:00+0000_133.9340
YMNCKT,Yamuna at Chitrakoot,Yamuna Basin,2026-05-07 12:00:00+00:00,133.9131190696793,NORMAL,136.0,137.0,138.0,25.14133,80.85446,YMNCKT_2026-05-07T12:00:00+0000_133.9131
YMNCKT,Yamuna at Chitrakoot,Yamuna Basin,2026-05-07 13:00:00+00:00,134.01893770594288,NORMAL,136.0,137.0,138.0,25.14133,80.85446,YMNCKT_2026-05-07T13:00:00+0000_134.0189
YMNCKT,Yamuna at Chitrakoot,Yamuna Basin,2026-05-07 14:00:00+00:00,134.06585121150965,NORMAL,136.0,137.0,138.0,25.14133,80.85446,YMNCKT_2026-05-07T14:00:00+0000_134.0659
YMNCKT,Yamuna at Chitrakoot,Yamuna Basin,2026-05-07 15:00:00+00:00,134.07933967388655,NORMAL,136.0,137.0,138.0,25.14133,80.85446,YMNCKT_2026-05-07T15:00:00+0000_134.0793
YMNCKT,Yamuna at Chitrakoot,Yamuna Basin,2026-05-07 16:00:00+00:00,134.20884571252688,NORMAL,136.0,137.0,138.0,25.14133,80.85446,YMNCKT_2026-05-07T16:00:00+0000_134.2088
YMNCKT,Yamuna at Chitrakoot,Yamuna Basin,2026-05-07 17:00:00+00:00,134.22499516254754,NORMAL,136.0,137.0,138.0,25.14133,80.85446,YMNCKT_2026-05-07T17:00:00+0000_134.2250
YMNCKT,Yamuna at Chitrakoot,Yamuna Basin,2026-05-07 18:00:00+00:00,134.22974001659287,NORMAL,136.0,137.0,138.0,25.14133,80.85446,YMNCKT_2026-05-07T18:00:00+0000_134.2297
YMNCKT,Yamuna at Chitrakoot,Yamuna Basin,2026-05-07 19:00:00+00:00,134.2724349400069,NORMAL,136.0,137.0,138.0,25.14133,80.85446,YMNCKT_2026-05-07T19:00:00+0000_134.2724
YMNCKT,Yamuna at Chitrakoot,Yamuna Basin,2026-05-07 20:00:00+00:00,134.26074552432334,NORMAL,136.0,137.0,138.0,25.14133,80.85446,YMNCKT_2026-05-07T20:00:00+0000_134.2607
YMNCKT,Yamuna at Chitrakoot,Yamuna Basin,2026-05-07 21:00:00+00:00,134.23381924287162,NORMAL,136.0,137.0,138.0,25.14133,80.85446,YMNCKT_2026-05-07T21:00:00+0000_134.2338
YMNCKT,Yamuna at Chitrakoot,Yamuna Basin,2026-05-07 22:00:00+00:00,,,136.0,137.0,138.0,25.14133,80.85446,YMNCKT_2026-05-07T22:00:00+0000_
YMNCKT,Yamuna at Chitrakoot,Yamuna Basin,2026-05-07 23:00:00+00:00,134.0917717022813,NORMAL,136.0,137.0,138.0,25.14133,80.85446,YMNCKT_2026-05-07T23:00:00+0000_134.0918
YMNCKT,Yamuna at Chitrakoot,Yamuna Basin,2026-05-08 00:00:00+00:00,134.1126557536384,NORMAL,136.0,137.0,138.0,25.14133,80.85446,YMNCKT_2026-05-08T00:00:00+0000_134.1127
YMNCKT,Yamuna at Chitrakoot,Yamuna Basin,2026-05-08 01:00:00+00:00,133.9786233513996,NORMAL,136.0,137.0,138.0,25.14133,80.85446,YMNCKT_2026-05-08T01:00:00+0000_133.9786
YMNCKT,Yamuna at Chitrakoot,Yamuna Basin,2026-05-08 02:00:00+00:00,133.99378170869872,NORMAL,136.0,137.0,138.0,25.14133,80.85446,YMNCKT_2026-05-08T02:00:00+0000_133.9938
YMNCKT,Yamuna at Chitrakoot,Yamuna Basin,2026-05-08 03:00:00+00:00,133.89674761354456,NORMAL,136.0,137.0,138.0,25.14133,80.85446,YMNCKT_2026-05-08T03:00:00+0000_133.8967
YMNCKT,Yamuna at Chitrakoot,Yamuna Basin,2026-05-08 04:00:00+00:00,133.85967233273087,NORMAL,136.0,137.0,138.0,25.14133,80.85446,YMNCKT_2026-05-08T04:00:00+0000_133.8597
YMNCKT,Yamuna at Chitrakoot,Yamuna Basin,2026-05-08 05:00:00+00:00,133.7847505674264,NORMAL,136.0,137.0,138.0,25.14133,80.85446,YMNCKT_2026-05-08T05:00:00+0000_133.7848
YMNCKT,Yamuna at Chitrakoot,Yamuna Basin,2026-05-08 06:00:00+00:00,133.85003089184943,NORMAL,136.0,137.0,138.0,25.14133,80.85446,YMNCKT_2026-05-08T06:00:00+0000_133.8500
YMNCKT,Yamuna at Chitrakoot,Yamuna Basin,2026-05-08 07:00:00+00:00,,,136.0,137.0,138.0,25.14133,80.85446,YMNCKT_2026-05-08T07:00:00+0000_
YMNCKT,Yamuna at Chitrakoot,Yamuna Basin,2026-05-08 08:00:00+00:00,133.8013491227355,NORMAL,136.0,137.0,138.0,25.14133,80.85446,YMNCKT_2026-05-08T08:00:00+0000_133.8013
YMNCKT,Yamuna at Chitrakoot,Yamuna Basin,2026-05-08 09:00:00+00:00,133.78052120381165,NORMAL,136.0,137.0,138.0,25.14133,80.85446,YMNCKT_2026-05-08T09:00:00+0000_133.7805
YMNCKT,Yamuna at Chitrakoot,Yamuna Basin,2026-05-08 10:00:00+00:00,133.86405470836726,NORMAL,136.0,137.0,138.0,25.14133,80.85446,YMNCKT_2026-05-08T10:00:00+0000_133.8641
YMNCKT,Yamuna at Chitrakoot,Yamuna Basin,2026-05-08 11:00:00+00:00,133.8788657882031,NORMAL,136.0,137.0,138.0,25.14133,80.85446,YMNCKT_2026-05-08T11:00:00+0000_133.8789
YMNCKT,Yamuna at Chitrakoot,Yamuna Basin,2026-05-08 12:00:00+00:00,133.9949421829901,NORMAL,136.0,137.0,138.0,25.14133,80.85446,YMNCKT_2026-05-08T12:00:00+0000_133.9949
YMNCKT,Yamuna at Chitrakoot,Yamuna Basin,2026-05-08 13:00:00+00:00,134.00083234422726,NORMAL,136.0,137.0,138.0,25.14133,80.85446,YMNCKT_2026-05-08T13:00:00+0000_134.0008
YMNCKT,Yamuna at Chitrakoot,Yamuna Basin,2026-05-08 14:00:00+00:00,134.10035135861295,NORMAL,136.0,137.0,138.0,25.14133,80.85446,YMNCKT_2026-05-08T14:00:00+0000_134.1004
YMNCKT,Yamuna at Chitrakoot,Yamuna Basin,2026-05-08 15:00:00+00:00,134.1154063557333,NORMAL,136.0,137.0,138.0,25.14133,80.85446,YMNCKT_2026-05-08T15:00:00+0000_134.1154
YMNCKT,Yamuna at Chitrakoot,Yamuna Basin,2026-05-08 16:00:00+00:00,134.19937193891045,NORMAL,136.0,137.0,138.0,25.14133,80.85446,YMNCKT_2026-05-08T16:00:00+0000_134.1994
YMNCKT,Yamuna at Chitrakoot,Yamuna Basin,2026-05-08 17:00:00+00:00,134.16291807116488,NORMAL,136.0,137.0,138.0,25.14133,80.85446,YMNCKT_2026-05-08T17:00:00+0000_134.1629
YMNCKT,Yamuna at Chitrakoot,Yamuna Basin,2026-05-08 18:00:00+00:00,134.241138929902,NORMAL,136.0,137.0,138.0,25.14133,80.85446,YMNCKT_2026-05-08T18:00:00+0000_134.2411
YMNCKT,Yamuna at Chitrakoot,Yamuna Basin,2026-05-08 19:00:00+00:00,134.23006775200338,NORMAL,136.0,137.0,138.0,25.14133,80.85446,YMNCKT_2026-05-08T19:00:00+0000_134.2301
YMNCKT,Yamuna at Chitrakoot,Yamuna Basin,2026-05-08 20:00:00+00:00,134.17709178384962,NORMAL,136.0,137.0,138.0,25.14133,80.85446,YMNCKT_2026-05-08T20:00:00+0000_134.1771
YMNCKT,Yamuna at Chitrakoot,Yamuna Basin,2026-05-08 21:00:00+00:00,134.22950576582264,NORMAL,136.0,137.0,138.0,25.14133,80.85446,YMNCKT_2026-05-08T21:00:00+0000_134.2295
YMNCKT,Yamuna at Chitrakoot,Yamuna Basin,2026-05-08 22:00:00+00:00,134.1979548522974,NORMAL,136.0,137.0,138.0,25.14133,80.85446,YMNCKT_2026-05-08T22:00:00+0000_134.1980
YMNCKT,Yamuna at Chitrakoot,Yamuna Basin,2026-05-08 23:00:00+00:00,134.1701862028511,NORMAL,136.0,137.0,138.0,25.14133,80.85446,YMNCKT_2026-05-08T23:00:00+0000_134.1702
YMNCKT,Yamuna at Chitrakoot,Yamuna Basin,2026-05-09 00:00:00+00:00,134.09220532139318,NORMAL,136.0,137.0,138.0,25.14133,80.85446,YMNCKT_2026-05-09T00:00:00+0000_134.0922
YMNCKT,Yamuna at Chitrakoot,Yamuna Basin,2026-05-09 01:00:00+00:00,134.01265371573805,NORMAL,136.0,137.0,138.0,25.14133,80.85446,YMNCKT_2026-05-09T01:00:00+0000_134.0127
YMNCKT,Yamuna at Chitrakoot,Yamuna Basin,2026-05-09 02:00:00+00:00,134.0019547862106,NORMAL,136.0,137.0,138.0,25.14133,80.85446,YMNCKT_2026-05-09T02:00:00+0000_134.0020
YMNCKT,Yamuna at Chitrakoot,Yamuna Basin,2026-05-09 03:00:00+00:00,133.88617813269474,NORMAL,136.0,137.0,138.0,25.14133,80.85446,YMNCKT_2026-05-09T03:00:00+0000_133.8862
YMNCKT,Yamuna at Chitrakoot,Yamuna Basin,2026-05-09 04:00:00+00:00,133.90406507636587,NORMAL,136.0,137.0,138.0,25.14133,80.85446,YMNCKT_2026-05-09T04:00:00+0000_133.9041
YMNCKT,Yamuna at Chitrakoot,Yamuna Basin,2026-05-09 05:00:00+00:00,133.78319642355748,NORMAL,136.0,137.0,138.0,25.14133,80.85446,YMNCKT_2026-05-09T05:00:00+0000_133.7832
YMNCKT,Yamuna at Chitrakoot,Yamuna Basin,2026-05-09 06:00:00+00:00,133.81948219004465,NORMAL,136.0,137.0,138.0,25.14133,80.85446,YMNCKT_2026-05-09T06:00:00+0000_133.8195
YMNCKT,Yamuna at Chitrakoot,Yamuna Basin,2026-05-09 07:00:00+00:00,133.82487755779837,NORMAL,136.0,137.0,138.0,25.14133,80.85446,YMNCKT_2026-05-09T07:00:00+0000_133.8249
YMNCKT,Yamuna at Chitrakoot,Yamuna Basin,2026-05-09 08:00:00+00:00,133.81507213853666,NORMAL,136.0,137.0,138.0,25.14133,80.85446,YMNCKT_2026-05-09T08:00:00+0000_133.8151
YMNCKT,Yamuna at Chitrakoot,Yamuna Basin,2026-05-09 09:00:00+00:00,133.86051760367587,NORMAL,136.0,137.0,138.0,25.14133,80.85446,YMNCKT_2026-05-09T09:00:00+0000_133.8605
YMNCKT,Yamuna at Chitrakoot,Yamuna Basin,2026-05-09 10:00:00+00:00,133.905176097594,NORMAL,136.0,137.0,138.0,25.14133,80.85446,YMNCKT_2026-05-09T10:00:00+0000_133.9052
YMNCKT,Yamuna at Chitrakoot,Yamuna Basin,2026-05-09 11:00:00+00:00,133.9117247472787,NORMAL,136.0,137.0,138.0,25.14133,80.85446,YMNCKT_2026-05-09T11:00:00+0000_133.9117
YMNCKT,Yamuna at Chitrakoot,Yamuna Basin,2026-05-09 12:00:00+00:00,133.98475937470124,NORMAL,136.0,137.0,138.0,25.14133,80.85446,YMNCKT_2026-05-09T12:00:00+0000_133.9848
YMNCKT,Yamuna at Chitrakoot,Yamuna Basin,2026-05-09 13:00:00+00:00,134.01290264650146,NORMAL,136.0,137.0,138.0,25.14133,80.85446,YMNCKT_2026-05-09T13:00:00+0000_134.0129
YMNCKT,Yamuna at Chitrakoot,Yamuna Basin,2026-05-09 14:00:00+00:00,134.11860765192478,NORMAL,136.0,137.0,138.0,25.14133,80.85446,YMNCKT_2026-05-09T14:00:00+0000_134.1186
YMNCKT,Yamuna at Chitrakoot,Yamuna Basin,2026-05-09 15:00:00+00:00,134.08509148205468,NORMAL,136.0,137.0,138.0,25.14133,80.85446,YMNCKT_2026-05-09T15:00:00+0000_134.0851
YMNCKT,Yamuna at Chitrakoot,Yamuna Basin,2026-05-09 16:00:00+00:00,134.171426831524,NORMAL,136.0,137.0,138.0,25.14133,80.85446,YMNCKT_2026-05-09T16:00:00+0000_134.1714
YMNCKT,Yamuna at Chitrakoot,Yamuna Basin,2026-05-09 17:00:00+00:00,134.21149315125362,NORMAL,136.0,137.0,138.0,25.14133,80.85446,YMNCKT_2026-05-09T17:00:00+0000_134.2115
YMNCKT,Yamuna at Chitrakoot,Yamuna Basin,2026-05-09 18:00:00+00:00,134.26643879372497,NORMAL,136.0,137.0,138.0,25.14133,80.85446,YMNCKT_2026-05-09T18:00:00+0000_134.2664
YMNCKT,Yamuna at Chitrakoot,Yamuna Basin,2026-05-09 19:00:00+00:00,134.28295274944816,NORMAL,136.0,137.0,138.0,25.14133,80.85446,YMNCKT_2026-05-09T19:00:00+0000_134.2830
YMNCKT,Yamuna at Chitrakoot,Yamuna Basin,2026-05-09 20:00:00+00:00,134.262084311361,NORMAL,136.0,137.0,138.0,25.14133,80.85446,YMNCKT_2026-05-09T20:00:00+0000_134.2621
YMNCKT,Yamuna at Chitrakoot,Yamuna Basin,2026-05-09 21:00:00+00:00,134.245493593334,NORMAL,136.0,137.0,138.0,25.14133,80.85446,YMNCKT_2026-05-09T21:00:00+0000_134.2455
YMNCKT,Yamuna at Chitrakoot,Yamuna Basin,2026-05-09 22:00:00+00:00,134.13568221844412,NORMAL,136.0,137.0,138.0,25.14133,80.85446,YMNCKT_2026-05-09T22:00:00+0000_134.1357
YMNCKT,Yamuna at Chitrakoot,Yamuna Basin,2026-05-09 23:00:00+00:00,134.16791522587607,NORMAL,136.0,137.0,138.0,25.14133,80.85446,YMNCKT_2026-05-09T23:00:00+0000_134.1679
YMNCKT,Yamuna at Chitrakoot,Yamuna Basin,2026-05-10 00:00:00+00:00,134.1262528412103,NORMAL,136.0,137.0,138.0,25.14133,80.85446,YMNCKT_2026-05-10T00:00:00+0000_134.1263
YMNCKT,Yamuna at Chitrakoot,Yamuna Basin,2026-05-10 01:00:00+00:00,133.9885258549169,NORMAL,136.0,137.0,138.0,25.14133,80.85446,YMNCKT_2026-05-10T01:00:00+0000_133.9885
YMNCKT,Yamuna at Chitrakoot,Yamuna Basin,2026-05-10 02:00:00+00:00,134.0061854322577,NORMAL,136.0,137.0,138.0,25.14133,80.85446,YMNCKT_2026-05-10T02:00:00+0000_134.0062
YMNCKT,Yamuna at Chitrakoot,Yamuna Basin,2026-05-10 03:00:00+00:00,133.91052404198547,NORMAL,136.0,137.0,138.0,25.14133,80.85446,YMNCKT_2026-05-10T03:00:00+0000_133.9105
YMNCKT,Yamuna at Chitrakoot,Yamuna Basin,2026-05-10 04:00:00+00:00,133.8550424594236,NORMAL,136.0,137.0,138.0,25.14133,80.85446,YMNCKT_2026-05-10T04:00:00+0000_133.8550
YMNCKT,Yamuna at Chitrakoot,Yamuna Basin,2026-05-10 05:00:00+00:00,133.8523010125161,NORMAL,136.0,137.0,138.0,25.14133,80.85446,YMNCKT_2026-05-10T05:00:00+0000_133.8523
YMNCKT,Yamuna at Chitrakoot,Yamuna Basin,2026-05-10 06:00:00+00:00,133.7673362853839,NORMAL,136.0,137.0,138.0,25.14133,80.85446,YMNCKT_2026-05-10T06:00:00+0000_133.7673
YMNCKT,Yamuna at Chitrakoot,Yamuna Basin,2026-05-10 07:00:00+00:00,133.8434156674549,NORMAL,136.0,137.0,138.0,25.14133,80.85446,YMNCKT_2026-05-10T07:00:00+0000_133.8434
YMNCKT,Yamuna at Chitrakoot,Yamuna Basin,2026-05-10 08:00:00+00:00,133.7811011409461,NORMAL,136.0,137.0,138.0,25.14133,80.85446,YMNCKT_2026-05-10T08:00:00+0000_133.7811
YMNCKT,Yamuna at Chitrakoot,Yamuna Basin,2026-05-10 09:00:00+00:00,133.860436469509,NORMAL,136.0,137.0,138.0,25.14133,80.85446,YMNCKT_2026-05-10T09:00:00+0000_133.8604
YMNCKT,Yamuna at Chitrakoot,Yamuna Basin,2026-05-10 10:00:00+00:00,133.8336111293842,NORMAL,136.0,137.0,138.0,25.14133,80.85446,YMNCKT_2026-05-10T10:00:00+0000_133.8336
YMNCKT,Yamuna at Chitrakoot,Yamuna Basin,2026-05-10 11:00:00+00:00,133.8947330366848,NORMAL,136.0,137.0,138.0,25.14133,80.85446,YMNCKT_2026-05-10T11:00:00+0000_133.8947
YMNCKT,Yamuna at Chitrakoot,Yamuna Basin,2026-05-10 12:00:00+00:00,133.9331123092311,NORMAL,136.0,137.0,138.0,25.14133,80.85446,YMNCKT_2026-05-10T12:00:00+0000_133.9331
YMNCKT,Yamuna at Chitrakoot,Yamuna Basin,2026-05-10 13:00:00+00:00,134.03066365044958,NORMAL,136.0,137.0,138.0,25.14133,80.85446,YMNCKT_2026-05-10T13:00:00+0000_134.0307
YMNCKT,Yamuna at Chitrakoot,Yamuna Basin,2026-05-10 14:00:00+00:00,134.0391187111574,NORMAL,136.0,137.0,138.0,25.14133,80.85446,YMNCKT_2026-05-10T14:00:00+0000_134.0391
YMNCKT,Yamuna at Chitrakoot,Yamuna Basin,2026-05-10 15:00:00+00:00,134.1440001568768,NORMAL,136.0,137.0,138.0,25.14133,80.85446,YMNCKT_2026-05-10T15:00:00+0000_134.1440
YMNCKT,Yamuna at Chitrakoot,Yamuna Basin,2026-05-10 16:00:00+00:00,134.2059797223852,NORMAL,136.0,137.0,138.0,25.14133,80.85446,YMNCKT_2026-05-10T16:00:00+0000_134.2060
YMNCKT,Yamuna at Chitrakoot,Yamuna Basin,2026-05-10 17:00:00+00:00,134.16443541694727,NORMAL,136.0,137.0,138.0,25.14133,80.85446,YMNCKT_2026-05-10T17:00:00+0000_134.1644
YMNCKT,Yamuna at Chitrakoot,Yamuna Basin,2026-05-10 18:00:00+00:00,134.18521813894964,NORMAL,136.0,137.0,138.0,25.14133,80.85446,YMNCKT_2026-05-10T18:00:00+0000_134.1852
YMNCKT,Yamuna at Chitrakoot,Yamuna Basin,2026-05-10 19:00:00+00:00,135.74303279108776,NORMAL,136.0,137.0,138.0,25.14133,80.85446,YMNCKT_2026-05-10T19:00:00+0000_135.7430
YMNCKT,Yamuna at Chitrakoot,Yamuna Basin,2026-05-10 20:00:00+00:00,135.5445854891993,NORMAL,136.0,137.0,138.0,25.14133,80.85446,YMNCKT_2026-05-10T20:00:00+0000_135.5446
YMNCKT,Yamuna at Chitrakoot,Yamuna Basin,2026-05-10 21:00:00+00:00,135.46739311011564,NORMAL,136.0,137.0,138.0,25.14133,80.85446,YMNCKT_2026-05-10T21:00:00+0000_135.4674
YMNCKT,Yamuna at Chitrakoot,Yamuna Basin,2026-05-10 22:00:00+00:00,135.29738732252073,NORMAL,136.0,137.0,138.0,25.14133,80.85446,YMNCKT_2026-05-10T22:00:00+0000_135.2974
YMNCKT,Yamuna at Chitrakoot,Yamuna Basin,2026-05-10 23:00:00+00:00,135.07433671074486,NORMAL,136.0,137.0,138.0,25.14133,80.85446,YMNCKT_2026-05-10T23:00:00+0000_135.0743
YMNCKT,Yamuna at Chitrakoot,Yamuna Basin,2026-05-11 00:00:00+00:00,134.04972911868632,NORMAL,136.0,137.0,138.0,25.14133,80.85446,YMNCKT_2026-05-11T00:00:00+0000_134.0497
YMNCKT,Yamuna at Chitrakoot,Yamuna Basin,2026-05-11 01:00:00+00:00,133.98415929305986,NORMAL,136.0,137.0,138.0,25.14133,80.85446,YMNCKT_2026-05-11T01:00:00+0000_133.9842
YMNCKT,Yamuna at Chitrakoot,Yamuna Basin,2026-05-11 02:00:00+00:00,133.9308287295892,NORMAL,136.0,137.0,138.0,25.14133,80.85446,YMNCKT_2026-05-11T02:00:00+0000_133.9308
YMNCKT,Yamuna at Chitrakoot,Yamuna Basin,2026-05-11 03:00:00+00:00,133.92210013443923,NORMAL,136.0,137.0,138.0,25.14133,80.85446,YMNCKT_2026-05-11T03:00:00+0000_133.9221
YMNCKT,Yamuna at Chitrakoot,Yamuna Basin,2026-05-11 04:00:00+00:00,133.88192819930686,NORMAL,136.0,137.0,138.0,25.14133,80.85446,YMNCKT_2026-05-11T04:00:00+0000_133.8819
YMNCKT,Yamuna at Chitrakoot,Yamuna Basin,2026-05-11 05:00:00+00:00,133.86037303844824,NORMAL,136.0,137.0,138.0,25.14133,80.85446,YMNCKT_2026-05-11T05:00:00+0000_133.8604
YMNCKT,Yamuna at Chitrakoot,Yamuna Basin,2026-05-11 06:00:00+00:00,,,136.0,137.0,138.0,25.14133,80.85446,YMNCKT_2026-05-11T06:00:00+0000_
YMNCKT,Yamuna at Chitrakoot,Yamuna Basin,2026-05-11 07:00:00+00:00,133.78441203836604,NORMAL,136.0,137.0,138.0,25.14133,80.85446,YMNCKT_2026-05-11T07:00:00+0000_133.7844
YMNCKT,Yamuna at Chitrakoot,Yamuna Basin,2026-05-11 08:00:00+00:00,133.85183238442409,NORMAL,136.0,137.0,138.0,25.14133,80.85446,YMNCKT_2026-05-11T08:00:00+0000_133.8518
YMNCKT,Yamuna at Chitrakoot,Yamuna Basin,2026-05-11 09:00:00+00:00,133.8615712289851,NORMAL,136.0,137.0,138.0,25.14133,80.85446,YMNCKT_2026-05-11T09:00:00+0000_133.8616
YMNCKT,Yamuna at Chitrakoot,Yamuna Basin,2026-05-11 10:00:00+00:00,133.8423923328462,NORMAL,136.0,137.0,138.0,25.14133,80.85446,YMNCKT_2026-05-11T10:00:00+0000_133.8424
YMNCKT,Yamuna at Chitrakoot,Yamuna Basin,2026-05-11 11:00:00+00:00,133.94126172910703,NORMAL,136.0,137.0,138.0,25.14133,80.85446,YMNCKT_2026-05-11T11:00:00+0000_133.9413
YMNCKT,Yamuna at Chitrakoot,Yamuna Basin,2026-05-11 12:00:00+00:00,133.9575241177615,NORMAL,136.0,137.0,138.0,25.14133,80.85446,YMNCKT_2026-05-11T12:00:00+0000_133.9575
YMNCKT,Yamuna at Chitrakoot,Yamuna Basin,2026-05-11 13:00:00+00:00,133.97965054227842,NORMAL,136.0,137.0,138.0,25.14133,80.85446,YMNCKT_2026-05-11T13:00:00+0000_133.9797
YMNCKT,Yamuna at Chitrakoot,Yamuna Basin,2026-05-11 14:00:00+00:00,135.30803799295927,NORMAL,136.0,137.0,138.0,25.14133,80.85446,YMNCKT_2026-05-11T14:00:00+0000_135.3080
YMNCKT,Yamuna at Chitrakoot,Yamuna Basin,2026-05-11 15:00:00+00:00,135.3180347087413,NORMAL,136.0,137.0,138.0,25.14133,80.85446,YMNCKT_2026-05-11T15:00:00+0000_135.3180
YMNCKT,Yamuna at Chitrakoot,Yamuna Basin,2026-05-11 16:00:00+00:00,135.17118052888264,NORMAL,136.0,137.0,138.0,25.14133,80.85446,YMNCKT_2026-05-11T16:00:00+0000_135.1712
YMNCKT,Yamuna at Chitrakoot,Yamuna Basin,2026-05-11 17:00:00+00:00,135.1353211082957,NORMAL,136.0,137.0,138.0,25.14133,80.85446,YMNCKT_2026-05-11T17:00:00+0000_135.1353
YMNCKT,Yamuna at Chitrakoot,Yamuna Basin,2026-05-11 18:00:00+00:00,134.28542347550575,NORMAL,136.0,137.0,138.0,25.14133,80.85446,YMNCKT_2026-05-11T18:00:00+0000_134.2854
YMNCKT,Yamuna at Chitrakoot,Yamuna Basin,2026-05-11 19:00:00+00:00,134.2195328547324,NORMAL,136.0,137.0,138.0,25.14133,80.85446,YMNCKT_2026-05-11T19:00:00+0000_134.2195
YMNCKT,Yamuna at Chitrakoot,Yamuna Basin,2026-05-11 20:00:00+00:00,134.27355028146803,NORMAL,136.0,137.0,138.0,25.14133,80.85446,YMNCKT_2026-05-11T20:00:00+0000_134.2736
YMNCKT,Yamuna at Chitrakoot,Yamuna Basin,2026-05-11 21:00:00+00:00,134.16761684650442,NORMAL,136.0,137.0,138.0,25.14133,80.85446,YMNCKT_2026-05-11T21:00:00+0000_134.1676
YMNCKT,Yamuna at Chitrakoot,Yamuna Basin,2026-05-11 22:00:00+00:00,134.19124439812327,NORMAL,136.0,137.0,138.0,25.14133,80.85446,YMNCKT_2026-05-11T22:00:00+0000_134.1912
YMNCKT,Yamuna at Chitrakoot,Yamuna Basin,2026-05-11 23:00:00+00:00,134.15595711698873,NORMAL,136.0,137.0,138.0,25.14133,80.85446,YMNCKT_2026-05-11T23:00:00+0000_134.1560
YMNCKT,Yamuna at Chitrakoot,Yamuna Basin,2026-05-12 00:00:00+00:00,134.04337893038422,NORMAL,136.0,137.0,138.0,25.14133,80.85446,YMNCKT_2026-05-12T00:00:00+0000_134.0434
YMNCKT,Yamuna at Chitrakoot,Yamuna Basin,2026-05-12 01:00:00+00:00,134.0136324652822,NORMAL,136.0,137.0,138.0,25.14133,80.85446,YMNCKT_2026-05-12T01:00:00+0000_134.0136
YMNCKT,Yamuna at Chitrakoot,Yamuna Basin,2026-05-12 02:00:00+00:00,133.94079785901317,NORMAL,136.0,137.0,138.0,25.14133,80.85446,YMNCKT_2026-05-12T02:00:00+0000_133.9408
YMNCKT,Yamuna at Chitrakoot,Yamuna Basin,2026-05-12 03:00:00+00:00,133.93006523648427,NORMAL,136.0,137.0,138.0,25.14133,80.85446,YMNCKT_2026-05-12T03:00:00+0000_133.9301
YMNCKT,Yamuna at Chitrakoot,Yamuna Basin,2026-05-12 04:00:00+00:00,133.8848436511631,NORMAL,136.0,137.0,138.0,25.14133,80.85446,YMNCKT_2026-05-12T04:00:00+0000_133.8848
YMNCKT,Yamuna at Chitrakoot,Yamuna Basin,2026-05-12 05:00:00+00:00,135.86397145704748,NORMAL,136.0,137.0,138.0,25.14133,80.85446,YMNCKT_2026-05-12T05:00:00+0000_135.8640
YMNCKT,Yamuna at Chitrakoot,Yamuna Basin,2026-05-12 06:00:00+00:00,135.61849001894234,NORMAL,136.0,137.0,138.0,25.14133,80.85446,YMNCKT_2026-05-12T06:00:00+0000_135.6185
YMNCKT,Yamuna at Chitrakoot,Yamuna Basin,2026-05-12 07:00:00+00:00,135.45016377582337,NORMAL,136.0,137.0,138.0,25.14133,80.85446,YMNCKT_2026-05-12T07:00:00+0000_135.4502
YMNCKT,Yamuna at Chitrakoot,Yamuna Basin,2026-05-12 08:00:00+00:00,135.29765817735293,NORMAL,136.0,137.0,138.0,25.14133,80.85446,YMNCKT_2026-05-12T08:00:00+0000_135.2977
YMNCKT,Yamuna at Chitrakoot,Yamuna Basin,2026-05-12 09:00:00+00:00,135.1718202863177,NORMAL,136.0,137.0,138.0,25.14133,80.85446,YMNCKT_2026-05-12T09:00:00+0000_135.1718
YMNCKT,Yamuna at Chitrakoot,Yamuna Basin,2026-05-12 10:00:00+00:00,135.09324883196516,NORMAL,136.0,137.0,138.0,25.14133,80.85446,YMNCKT_2026-05-12T10:00:00+0000_135.0932
YMNCKT,Yamuna at Chitrakoot,Yamuna Basin,2026-05-12 11:00:00+00:00,133.8892761570943,NORMAL,136.0,137.0,138.0,25.14133,80.85446,YMNCKT_2026-05-12T11:00:00+0000_133.8893
YMNCKT,Yamuna at Chitrakoot,Yamuna Basin,2026-05-12 12:00:00+00:00,133.96969249323905,NORMAL,136.0,137.0,138.0,25.14133,80.85446,YMNCKT_2026-05-12T12:00:00+0000_133.9697
YMNCKT,Yamuna at Chitrakoot,Yamuna Basin,2026-05-12 13:00:00+00:00,134.04181440203635,NORMAL,136.0,137.0,138.0,25.14133,80.85446,YMNCKT_2026-05-12T13:00:00+0000_134.0418
YMNCKT,Yamuna at Chitrakoot,Yamuna Basin,2026-05-12 14:00:00+00:00,134.05544973488512,NORMAL,136.0,137.0,138.0,25.14133,80.85446,YMNCKT_2026-05-12T14:00:00+0000_134.0554
YMNCKT,Yamuna at Chitrakoot,Yamuna Basin,2026-05-12 15:00:00+00:00,134.1046258875915,NORMAL,136.0,137.0,138.0,25.14133,80.85446,YMNCKT_2026-05-12T15:00:00+0000_134.1046
YMNCKT,Yamuna at Chitrakoot,Yamuna Basin,2026-05-12 16:00:00+00:00,134.1647470892116,NORMAL,136.0,137.0,138.0,25.14133,80.85446,YMNCKT_2026-05-12T16:00:00+0000_134.1647
YMNCKT,Yamuna at Chitrakoot,Yamuna Basin,2026-05-12 17:00:00+00:00,134.24380353876944,NORMAL,136.0,137.0,138.0,25.14133,80.85446,YMNCKT_2026-05-12T17:00:00+0000_134.2438
YMNCKT,Yamuna at Chitrakoot,Yamuna Basin,2026-05-12 18:00:00+00:00,134.28715165953392,NORMAL,136.0,137.0,138.0,25.14133,80.85446,YMNCKT_2026-05-12T18:00:00+0000_134.2872
YMNCKT,Yamuna at Chitrakoot,Yamuna Basin,2026-05-12 19:00:00+00:00,134.2717247820797,NORMAL,136.0,137.0,138.0,25.14133,80.85446,YMNCKT_2026-05-12T19:00:00+0000_134.2717
YMNCKT,Yamuna at Chitrakoot,Yamuna Basin,2026-05-12 20:00:00+00:00,134.2549255791674,NORMAL,136.0,137.0,138.0,25.14133,80.85446,YMNCKT_2026-05-12T20:00:00+0000_134.2549
YMNCKT,Yamuna at Chitrakoot,Yamuna Basin,2026-05-12 21:00:00+00:00,134.25863556899617,NORMAL,136.0,137.0,138.0,25.14133,80.85446,YMNCKT_2026-05-12T21:00:00+0000_134.2586
YMNCKT,Yamuna at Chitrakoot,Yamuna Basin,2026-05-12 22:00:00+00:00,,,136.0,137.0,138.0,25.14133,80.85446,YMNCKT_2026-05-12T22:00:00+0000_
YMNCKT,Yamuna at Chitrakoot,Yamuna Basin,2026-05-12 23:00:00+00:00,134.137874512325,NORMAL,136.0,137.0,138.0,25.14133,80.85446,YMNCKT_2026-05-12T23:00:00+0000_134.1379
YMNCKT,Yamuna at Chitrakoot,Yamuna Basin,2026-05-13 00:00:00+00:00,134.05854745626186,NORMAL,136.0,137.0,138.0,25.14133,80.85446,YMNCKT_2026-05-13T00:00:00+0000_134.0585
YMNCKT,Yamuna at Chitrakoot,Yamuna Basin,2026-05-13 01:00:00+00:00,134.00555835717103,NORMAL,136.0,137.0,138.0,25.14133,80.85446,YMNCKT_2026-05-13T01:00:00+0000_134.0056
YMNCKT,Yamuna at Chitrakoot,Yamuna Basin,2026-05-13 02:00:00+00:00,133.93198005478743,NORMAL,136.0,137.0,138.0,25.14133,80.85446,YMNCKT_2026-05-13T02:00:00+0000_133.9320
YMNCKT,Yamuna at Chitrakoot,Yamuna Basin,2026-05-13 03:00:00+00:00,133.90926615159074,NORMAL,136.0,137.0,138.0,25.14133,80.85446,YMNCKT_2026-05-13T03:00:00+0000_133.9093
YMNCKT,Yamuna at Chitrakoot,Yamuna Basin,2026-05-13 04:00:00+00:00,133.8338670290427,NORMAL,136.0,137.0,138.0,25.14133,80.85446,YMNCKT_2026-05-13T04:00:00+0000_133.8339
YMNCKT,Yamuna at Chitrakoot,Yamuna Basin,2026-05-13 05:00:00+00:00,133.87888110719985,NORMAL,136.0,137.0,138.0,25.14133,80.85446,YMNCKT_2026-05-13T05:00:00+0000_133.8789
YMNCKT,Yamuna at Chitrakoot,Yamuna Basin,2026-05-13 06:00:00+00:00,133.8743302568396,NORMAL,136.0,137.0,138.0,25.14133,80.85446,YMNCKT_2026-05-13T06:00:00+0000_133.8743
YMNCKT,Yamuna at Chitrakoot,Yamuna Basin,2026-05-13 07:00:00+00:00,133.78399180845872,NORMAL,136.0,137.0,138.0,25.14133,80.85446,YMNCKT_2026-05-13T07:00:00+0000_133.7840
YMNCKT,Yamuna at Chitrakoot,Yamuna Basin,2026-05-13 08:00:00+00:00,133.80802983989122,NORMAL,136.0,137.0,138.0,25.14133,80.85446,YMNCKT_2026-05-13T08:00:00+0000_133.8080
YMNCKT,Yamuna at Chitrakoot,Yamuna Basin,2026-05-13 09:00:00+00:00,133.82487396596275,NORMAL,136.0,137.0,138.0,25.14133,80.85446,YMNCKT_2026-05-13T09:00:00+0000_133.8249
YMNCKT,Yamuna at Chitrakoot,Yamuna Basin,2026-05-13 10:00:00+00:00,133.90437592098888,NORMAL,136.0,137.0,138.0,25.14133,80.85446,YMNCKT_2026-05-13T10:00:00+0000_133.9044
YMNCKT,Yamuna at Chitrakoot,Yamuna Basin,2026-05-13 11:00:00+00:00,133.9593329500923,NORMAL,136.0,137.0,138.0,25.14133,80.85446,YMNCKT_2026-05-13T11:00:00+0000_133.9593
YMNCKT,Yamuna at Chitrakoot,Yamuna Basin,2026-05-13 12:00:00+00:00,133.98433759096753,NORMAL,136.0,137.0,138.0,25.14133,80.85446,YMNCKT_2026-05-13T12:00:00+0000_133.9843
YMNCKT,Yamuna at Chitrakoot,Yamuna Basin,2026-05-13 13:00:00+00:00,134.02812268464248,NORMAL,136.0,137.0,138.0,25.14133,80.85446,YMNCKT_2026-05-13T13:00:00+0000_134.0281
YMNCKT,Yamuna at Chitrakoot,Yamuna Basin,2026-05-13 14:00:00+00:00,134.05181820840298,NORMAL,136.0,137.0,138.0,25.14133,80.85446,YMNCKT_2026-05-13T14:00:00+0000_134.0518
YMNCKT,Yamuna at Chitrakoot,Yamuna Basin,2026-05-13 15:00:00+00:00,134.15866302824458,NORMAL,136.0,137.0,138.0,25.14133,80.85446,YMNCKT_2026-05-13T15:00:00+0000_134.1587
YMNCKT,Yamuna at Chitrakoot,Yamuna Basin,2026-05-13 16:00:00+00:00,134.20143972737034,NORMAL,136.0,137.0,138.0,25.14133,80.85446,YMNCKT_2026-05-13T16:00:00+0000_134.2014
YMNCKT,Yamuna at Chitrakoot,Yamuna Basin,2026-05-13 17:00:00+00:00,134.1952311248868,NORMAL,136.0,137.0,138.0,25.14133,80.85446,YMNCKT_2026-05-13T17:00:00+0000_134.1952
YMNCKT,Yamuna at Chitrakoot,Yamuna Basin,2026-05-13 18:00:00+00:00,134.25322634633028,NORMAL,136.0,137.0,138.0,25.14133,80.85446,YMNCKT_2026-05-13T18:00:00+0000_134.2532
YMNCKT,Yamuna at Chitrakoot,Yamuna Basin,2026-05-13 19:00:00+00:00,134.26639993392166,NORMAL,136.0,137.0,138.0,25.14133,80.85446,YMNCKT_2026-05-13T19:00:00+0000_134.2664
YMNCKT,Yamuna at Chitrakoot,Yamuna Basin,2026-05-13 20:00:00+00:00,134.2556550007223,NORMAL,136.0,137.0,138.0,25.14133,80.85446,YMNCKT_2026-05-13T20:00:00+0000_134.2557
YMNCKT,Yamuna at Chitrakoot,Yamuna Basin,2026-05-13 21:00:00+00:00,134.23077182298115,NORMAL,136.0,137.0,138.0,25.14133,80.85446,YMNCKT_2026-05-13T21:00:00+0000_134.2308
YMNCKT,Yamuna at Chitrakoot,Yamuna Basin,2026-05-13 22:00:00+00:00,134.22074071444936,NORMAL,136.0,137.0,138.0,25.14133,80.85446,YMNCKT_2026-05-13T22:00:00+0000_134.2207
YMNCKT,Yamuna at Chitrakoot,Yamuna Basin,2026-05-13 23:00:00+00:00,134.11040337084577,NORMAL,136.0,137.0,138.0,25.14133,80.85446,YMNCKT_2026-05-13T23:00:00+0000_134.1104
YMNCKT,Yamuna at Chitrakoot,Yamuna Basin,2026-05-14 00:00:00+00:00,134.05810520487094,NORMAL,136.0,137.0,138.0,25.14133,80.85446,YMNCKT_2026-05-14T00:00:00+0000_134.0581
YMNCKT,Yamuna at Chitrakoot,Yamuna Basin,2026-05-14 01:00:00+00:00,133.9931444801094,NORMAL,136.0,137.0,138.0,25.14133,80.85446,YMNCKT_2026-05-14T01:00:00+0000_133.9931
YMNCKT,Yamuna at Chitrakoot,Yamuna Basin,2026-05-14 02:00:00+00:00,133.97502277462132,NORMAL,136.0,137.0,138.0,25.14133,80.85446,YMNCKT_2026-05-14T02:00:00+0000_133.9750
YMNCKT,Yamuna at Chitrakoot,Yamuna Basin,2026-05-14 03:00:00+00:00,133.89700691942855,NORMAL,136.0,137.0,138.0,25.14133,80.85446,YMNCKT_2026-05-14T03:00:00+0000_133.8970
YMNCKT,Yamuna at Chitrakoot,Yamuna Basin,2026-05-14 04:00:00+00:00,133.91328861777137,NORMAL,136.0,137.0,138.0,25.14133,80.85446,YMNCKT_2026-05-14T04:00:00+0000_133.9133
YMNCKT,Yamuna at Chitrakoot,Yamuna Basin,2026-05-14 05:00:00+00:00,133.82752139289687,NORMAL,136.0,137.0,138.0,25.14133,80.85446,YMNCKT_2026-05-14T05:00:00+0000_133.8275
YMNCKT,Yamuna at Chitrakoot,Yamuna Basin,2026-05-14 06:00:00+00:00,133.81600999778607,NORMAL,136.0,137.0,138.0,25.14133,80.85446,YMNCKT_2026-05-14T06:00:00+0000_133.8160
YMNCKT,Yamuna at Chitrakoot,Yamuna Basin,2026-05-14 07:00:00+00:00,133.86819989097316,NORMAL,136.0,137.0,138.0,25.14133,80.85446,YMNCKT_2026-05-14T07:00:00+0000_133.8682
YMNCKT,Yamuna at Chitrakoot,Yamuna Basin,2026-05-14 08:00:00+00:00,133.7953328652736,NORMAL,136.0,137.0,138.0,25.14133,80.85446,YMNCKT_2026-05-14T08:00:00+0000_133.7953
YMNCKT,Yamuna at Chitrakoot,Yamuna Basin,2026-05-14 09:00:00+00:00,133.845248148846,NORMAL,136.0,137.0,138.0,25.14133,80.85446,YMNCKT_2026-05-14T09:00:00+0000_133.8452
YMNCKT,Yamuna at Chitrakoot,Yamuna Basin,2026-05-14 10:00:00+00:00,133.91169269838778,NORMAL,136.0,137.0,138.0,25.14133,80.85446,YMNCKT_2026-05-14T10:00:00+0000_133.9117
YMNCKT,Yamuna at Chitrakoot,Yamuna Basin,2026-05-14 11:00:00+00:00,133.930587294064,NORMAL,136.0,137.0,138.0,25.14133,80.85446,YMNCKT_2026-05-14T11:00:00+0000_133.9306
YMNCKT,Yamuna at Chitrakoot,Yamuna Basin,2026-05-14 12:00:00+00:00,133.94020591188732,NORMAL,136.0,137.0,138.0,25.14133,80.85446,YMNCKT_2026-05-14T12:00:00+0000_133.9402
YMNCKT,Yamuna at Chitrakoot,Yamuna Basin,2026-05-14 13:00:00+00:00,134.02749034175787,NORMAL,136.0,137.0,138.0,25.14133,80.85446,YMNCKT_2026-05-14T13:00:00+0000_134.0275
YMNCKT,Yamuna at Chitrakoot,Yamuna Basin,2026-05-14 14:00:00+00:00,134.05193990600492,NORMAL,136.0,137.0,138.0,25.14133,80.85446,YMNCKT_2026-05-14T14:00:00+0000_134.0519
YMNCKT,Yamuna at Chitrakoot,Yamuna Basin,2026-05-14 15:00:00+00:00,134.11461537182532,NORMAL,136.0,137.0,138.0,25.14133,80.85446,YMNCKT_2026-05-14T15:00:00+0000_134.1146
YMNCKT,Yamuna at Chitrakoot,Yamuna Basin,2026-05-14 16:00:00+00:00,134.17407097747758,NORMAL,136.0,137.0,138.0,25.14133,80.85446,YMNCKT_2026-05-14T16:00:00+0000_134.1741
YMNCKT,Yamuna at Chitrakoot,Yamuna Basin,2026-05-14 17:00:00+00:00,134.26996462365693,NORMAL,136.0,137.0,138.0,25.14133,80.85446,YMNCKT_2026-05-14T17:00:00+0000_134.2700
YMNCKT,Yamuna at Chitrakoot,Yamuna Basin,2026-05-14 18:00:00+00:00,134.26164923921024,NORMAL,136.0,137.0,138.0,25.14133,80.85446,YMNCKT_2026-05-14T18:00:00+0000_134.2616
YMNCKT,Yamuna at Chitrakoot,Yamuna Basin,2026-05-14 19:00:00+00:00,134.22508327967364,NORMAL,136.0,137.0,138.0,25.14133,80.85446,YMNCKT_2026-05-14T19:00:00+0000_134.2251
YMNCKT,Yamuna at Chitrakoot,Yamuna Basin,2026-05-14 20:00:00+00:00,134.28513270277875,NORMAL,136.0,137.0,138.0,25.14133,80.85446,YMNCKT_2026-05-14T20:00:00+0000_134.2851
YMNCKT,Yamuna at Chitrakoot,Yamuna Basin,2026-05-14 21:00:00+00:00,134.22542631147138,NORMAL,136.0,137.0,138.0,25.14133,80.85446,YMNCKT_2026-05-14T21:00:00+0000_134.2254
YMNCKT,Yamuna at Chitrakoot,Yamuna Basin,2026-05-14 22:00:00+00:00,134.19468744599502,NORMAL,136.0,137.0,138.0,25.14133,80.85446,YMNCKT_2026-05-14T22:00:00+0000_134.1947
YMNCKT,Yamuna at Chitrakoot,Yamuna Basin,2026-05-14 23:00:00+00:00,134.1859157610247,NORMAL,136.0,137.0,138.0,25.14133,80.85446,YMNCKT_2026-05-14T23:00:00+0000_134.1859
YMNCKT,Yamuna at Chitrakoot,Yamuna Basin,2026-05-15 00:00:00+00:00,134.069273723949,NORMAL,136.0,137.0,138.0,25.14133,80.85446,YMNCKT_2026-05-15T00:00:00+0000_134.0693
YMNCKT,Yamuna at Chitrakoot,Yamuna Basin,2026-05-15 01:00:00+00:00,134.00433059031386,NORMAL,136.0,137.0,138.0,25.14133,80.85446,YMNCKT_2026-05-15T01:00:00+0000_134.0043
YMNCKT,Yamuna at Chitrakoot,Yamuna Basin,2026-05-15 02:00:00+00:00,133.99557970593253,NORMAL,136.0,137.0,138.0,25.14133,80.85446,YMNCKT_2026-05-15T02:00:00+0000_133.9956
YMNCKT,Yamuna at Chitrakoot,Yamuna Basin,2026-05-15 03:00:00+00:00,133.9589172901926,NORMAL,136.0,137.0,138.0,25.14133,80.85446,YMNCKT_2026-05-15T03:00:00+0000_133.9589
YMNCKT,Yamuna at Chitrakoot,Yamuna Basin,2026-05-15 04:00:00+00:00,133.92655187573865,NORMAL,136.0,137.0,138.0,25.14133,80.85446,YMNCKT_2026-05-15T04:00:00+0000_133.9266
YMNCKT,Yamuna at Chitrakoot,Yamuna Basin,2026-05-15 05:00:00+00:00,133.82458068053668,NORMAL,136.0,137.0,138.0,25.14133,80.85446,YMNCKT_2026-05-15T05:00:00+0000_133.8246
YMNCKT,Yamuna at Chitrakoot,Yamuna Basin,2026-05-15 06:00:00+00:00,133.83696961491393,NORMAL,136.0,137.0,138.0,25.14133,80.85446,YMNCKT_2026-05-15T06:00:00+0000_133.8370
YMNCKT,Yamuna at Chitrakoot,Yamuna Basin,2026-05-15 07:00:00+00:00,133.86084516443108,NORMAL,136.0,137.0,138.0,25.14133,80.85446,YMNCKT_2026-05-15T07:00:00+0000_133.8608
YMNCKT,Yamuna at Chitrakoot,Yamuna Basin,2026-05-15 08:00:00+00:00,133.85048391733167,NORMAL,136.0,137.0,138.0,25.14133,80.85446,YMNCKT_2026-05-15T08:00:00+0000_133.8505
YMNCKT,Yamuna at Chitrakoot,Yamuna Basin,2026-05-15 09:00:00+00:00,133.86128515816824,NORMAL,136.0,137.0,138.0,25.14133,80.85446,YMNCKT_2026-05-15T09:00:00+0000_133.8613
YMNCKT,Yamuna at Chitrakoot,Yamuna Basin,2026-05-15 10:00:00+00:00,133.84558454606102,NORMAL,136.0,137.0,138.0,25.14133,80.85446,YMNCKT_2026-05-15T10:00:00+0000_133.8456
YMNCKT,Yamuna at Chitrakoot,Yamuna Basin,2026-05-15 11:00:00+00:00,133.937179030134,NORMAL,136.0,137.0,138.0,25.14133,80.85446,YMNCKT_2026-05-15T11:00:00+0000_133.9372
YMNCKT,Yamuna at Chitrakoot,Yamuna Basin,2026-05-15 12:00:00+00:00,133.95837993396182,NORMAL,136.0,137.0,138.0,25.14133,80.85446,YMNCKT_2026-05-15T12:00:00+0000_133.9584
YMNCKT,Yamuna at Chitrakoot,Yamuna Basin,2026-05-15 13:00:00+00:00,134.09043121434553,NORMAL,136.0,137.0,138.0,25.14133,80.85446,YMNCKT_2026-05-15T13:00:00+0000_134.0904
YMNCKT,Yamuna at Chitrakoot,Yamuna Basin,2026-05-15 14:00:00+00:00,134.0669658902304,NORMAL,136.0,137.0,138.0,25.14133,80.85446,YMNCKT_2026-05-15T14:00:00+0000_134.0670
YMNCKT,Yamuna at Chitrakoot,Yamuna Basin,2026-05-15 15:00:00+00:00,134.1727091922559,NORMAL,136.0,137.0,138.0,25.14133,80.85446,YMNCKT_2026-05-15T15:00:00+0000_134.1727
YMNCKT,Yamuna at Chitrakoot,Yamuna Basin,2026-05-15 16:00:00+00:00,134.23566140655868,NORMAL,136.0,137.0,138.0,25.14133,80.85446,YMNCKT_2026-05-15T16:00:00+0000_134.2357
YMNCKT,Yamuna at Chitrakoot,Yamuna Basin,2026-05-15 17:00:00+00:00,134.219565133176,NORMAL,136.0,137.0,138.0,25.14133,80.85446,YMNCKT_2026-05-15T17:00:00+0000_134.2196
YMNCKT,Yamuna at Chitrakoot,Yamuna Basin,2026-05-15 18:00:00+00:00,134.2183885275952,NORMAL,136.0,137.0,138.0,25.14133,80.85446,YMNCKT_2026-05-15T18:00:00+0000_134.2184
YMNCKT,Yamuna at Chitrakoot,Yamuna Basin,2026-05-15 19:00:00+00:00,134.26888641495367,NORMAL,136.0,137.0,138.0,25.14133,80.85446,YMNCKT_2026-05-15T19:00:00+0000_134.2689
YMNCKT,Yamuna at Chitrakoot,Yamuna Basin,2026-05-15 20:00:00+00:00,134.25686079905756,NORMAL,136.0,137.0,138.0,25.14133,80.85446,YMNCKT_2026-05-15T20:00:00+0000_134.2569
YMNCKT,Yamuna at Chitrakoot,Yamuna Basin,2026-05-15 21:00:00+00:00,,,136.0,137.0,138.0,25.14133,80.85446,YMNCKT_2026-05-15T21:00:00+0000_
YMNCKT,Yamuna at Chitrakoot,Yamuna Basin,2026-05-15 22:00:00+00:00,134.22469011473632,NORMAL,136.0,137.0,138.0,25.14133,80.85446,YMNCKT_2026-05-15T22:00:00+0000_134.2247
YMNCKT,Yamuna at Chitrakoot,Yamuna Basin,2026-05-15 23:00:00+00:00,134.13501376486323,NORMAL,136.0,137.0,138.0,25.14133,80.85446,YMNCKT_2026-05-15T23:00:00+0000_134.1350
YMNCKT,Yamuna at Chitrakoot,Yamuna Basin,2026-05-16 00:00:00+00:00,134.08769881445303,NORMAL,136.0,137.0,138.0,25.14133,80.85446,YMNCKT_2026-05-16T00:00:00+0000_134.0877
YMNCKT,Yamuna at Chitrakoot,Yamuna Basin,2026-05-16 01:00:00+00:00,134.05055589262653,NORMAL,136.0,137.0,138.0,25.14133,80.85446,YMNCKT_2026-05-16T01:00:00+0000_134.0506
YMNCKT,Yamuna at Chitrakoot,Yamuna Basin,2026-05-16 02:00:00+00:00,133.9481958099157,NORMAL,136.0,137.0,138.0,25.14133,80.85446,YMNCKT_2026-05-16T02:00:00+0000_133.9482
YMNCKT,Yamuna at Chitrakoot,Yamuna Basin,2026-05-16 03:00:00+00:00,133.96043135926007,NORMAL,136.0,137.0,138.0,25.14133,80.85446,YMNCKT_2026-05-16T03:00:00+0000_133.9604
YMNCKT,Yamuna at Chitrakoot,Yamuna Basin,2026-05-16 04:00:00+00:00,133.92026151839437,NORMAL,136.0,137.0,138.0,25.14133,80.85446,YMNCKT_2026-05-16T04:00:00+0000_133.9203
YMNCKT,Yamuna at Chitrakoot,Yamuna Basin,2026-05-16 05:00:00+00:00,133.82463002629544,NORMAL,136.0,137.0,138.0,25.14133,80.85446,YMNCKT_2026-05-16T05:00:00+0000_133.8246
YMNCKT,Yamuna at Chitrakoot,Yamuna Basin,2026-05-16 06:00:00+00:00,133.87994189534297,NORMAL,136.0,137.0,138.0,25.14133,80.85446,YMNCKT_2026-05-16T06:00:00+0000_133.8799
YMNCKT,Yamuna at Chitrakoot,Yamuna Basin,2026-05-16 07:00:00+00:00,133.80921582532798,NORMAL,136.0,137.0,138.0,25.14133,80.85446,YMNCKT_2026-05-16T07:00:00+0000_133.8092
YMNCKT,Yamuna at Chitrakoot,Yamuna Basin,2026-05-16 08:00:00+00:00,133.80844719204617,NORMAL,136.0,137.0,138.0,25.14133,80.85446,YMNCKT_2026-05-16T08:00:00+0000_133.8084
YMNCKT,Yamuna at Chitrakoot,Yamuna Basin,2026-05-16 09:00:00+00:00,133.83654739413103,NORMAL,136.0,137.0,138.0,25.14133,80.85446,YMNCKT_2026-05-16T09:00:00+0000_133.8365
YMNCKT,Yamuna at Chitrakoot,Yamuna Basin,2026-05-16 10:00:00+00:00,133.8745540337602,NORMAL,136.0,137.0,138.0,25.14133,80.85446,YMNCKT_2026-05-16T10:00:00+0000_133.8746
YMNCKT,Yamuna at Chitrakoot,Yamuna Basin,2026-05-16 11:00:00+00:00,133.94973163141628,NORMAL,136.0,137.0,138.0,25.14133,80.85446,YMNCKT_2026-05-16T11:00:00+0000_133.9497
YMNCKT,Yamuna at Chitrakoot,Yamuna Basin,2026-05-16 12:00:00+00:00,134.0111292639498,NORMAL,136.0,137.0,138.0,25.14133,80.85446,YMNCKT_2026-05-16T12:00:00+0000_134.0111
YMNCKT,Yamuna at Chitrakoot,Yamuna Basin,2026-05-16 13:00:00+00:00,134.0922820108912,NORMAL,136.0,137.0,138.0,25.14133,80.85446,YMNCKT_2026-05-16T13:00:00+0000_134.0923
YMNCKT,Yamuna at Chitrakoot,Yamuna Basin,2026-05-16 14:00:00+00:00,134.10819344011435,NORMAL,136.0,137.0,138.0,25.14133,80.85446,YMNCKT_2026-05-16T14:00:00+0000_134.1082
YMNCKT,Yamuna at Chitrakoot,Yamuna Basin,2026-05-16 15:00:00+00:00,134.15600027146758,NORMAL,136.0,137.0,138.0,25.14133,80.85446,YMNCKT_2026-05-16T15:00:00+0000_134.1560
YMNCKT,Yamuna at Chitrakoot,Yamuna Basin,2026-05-16 16:00:00+00:00,134.16994541287568,NORMAL,136.0,137.0,138.0,25.14133,80.85446,YMNCKT_2026-05-16T16:00:00+0000_134.1699
YMNCKT,Yamuna at Chitrakoot,Yamuna Basin,2026-05-16 17:00:00+00:00,134.25525008405188,NORMAL,136.0,137.0,138.0,25.14133,80.85446,YMNCKT_2026-05-16T17:00:00+0000_134.2553
YMNCKT,Yamuna at Chitrakoot,Yamuna Basin,2026-05-16 18:00:00+00:00,134.2391489052204,NORMAL,136.0,137.0,138.0,25.14133,80.85446,YMNCKT_2026-05-16T18:00:00+0000_134.2391
YMNCKT,Yamuna at Chitrakoot,Yamuna Basin,2026-05-16 19:00:00+00:00,134.2337243831825,NORMAL,136.0,137.0,138.0,25.14133,80.85446,YMNCKT_2026-05-16T19:00:00+0000_134.2337
YMNCKT,Yamuna at Chitrakoot,Yamuna Basin,2026-05-16 20:00:00+00:00,134.2369947964961,NORMAL,136.0,137.0,138.0,25.14133,80.85446,YMNCKT_2026-05-16T20:00:00+0000_134.2370
YMNCKT,Yamuna at Chitrakoot,Yamuna Basin,2026-05-16 21:00:00+00:00,134.24751627526706,NORMAL,136.0,137.0,138.0,25.14133,80.85446,YMNCKT_2026-05-16T21:00:00+0000_134.2475
YMNCKT,Yamuna at Chitrakoot,Yamuna Basin,2026-05-16 22:00:00+00:00,134.20809271896732,NORMAL,136.0,137.0,138.0,25.14133,80.85446,YMNCKT_2026-05-16T22:00:00+0000_134.2081
YMNCKT,Yamuna at Chitrakoot,Yamuna Basin,2026-05-16 23:00:00+00:00,134.20475437713773,NORMAL,136.0,137.0,138.0,25.14133,80.85446,YMNCKT_2026-05-16T23:00:00+0000_134.2048
YMNCKT,Yamuna at Chitrakoot,Yamuna Basin,2026-05-17 00:00:00+00:00,134.10204371019626,NORMAL,136.0,137.0,138.0,25.14133,80.85446,YMNCKT_2026-05-17T00:00:00+0000_134.1020
YMNCKT,Yamuna at Chitrakoot,Yamuna Basin,2026-05-17 01:00:00+00:00,134.07705580654243,NORMAL,136.0,137.0,138.0,25.14133,80.85446,YMNCKT_2026-05-17T01:00:00+0000_134.0771
YMNCKT,Yamuna at Chitrakoot,Yamuna Basin,2026-05-17 02:00:00+00:00,134.02123103171303,NORMAL,136.0,137.0,138.0,25.14133,80.85446,YMNCKT_2026-05-17T02:00:00+0000_134.0212
YMNCKT,Yamuna at Chitrakoot,Yamuna Basin,2026-05-17 03:00:00+00:00,133.90244937451732,NORMAL,136.0,137.0,138.0,25.14133,80.85446,YMNCKT_2026-05-17T03:00:00+0000_133.9024
YMNCKT,Yamuna at Chitrakoot,Yamuna Basin,2026-05-17 04:00:00+00:00,133.85899750452006,NORMAL,136.0,137.0,138.0,25.14133,80.85446,YMNCKT_2026-05-17T04:00:00+0000_133.8590
YMNCKT,Yamuna at Chitrakoot,Yamuna Basin,2026-05-17 05:00:00+00:00,133.85839793010487,NORMAL,136.0,137.0,138.0,25.14133,80.85446,YMNCKT_2026-05-17T05:00:00+0000_133.8584
YMNCKT,Yamuna at Chitrakoot,Yamuna Basin,2026-05-17 06:00:00+00:00,133.84748941990924,NORMAL,136.0,137.0,138.0,25.14133,80.85446,YMNCKT_2026-05-17T06:00:00+0000_133.8475
YMNCKT,Yamuna at Chitrakoot,Yamuna Basin,2026-05-17 07:00:00+00:00,133.85175511373978,NORMAL,136.0,137.0,138.0,25.14133,80.85446,YMNCKT_2026-05-17T07:00:00+0000_133.8518
YMNCKT,Yamuna at Chitrakoot,Yamuna Basin,2026-05-17 08:00:00+00:00,133.82426727965583,NORMAL,136.0,137.0,138.0,25.14133,80.85446,YMNCKT_2026-05-17T08:00:00+0000_133.8243
YMNCKT,Yamuna at Chitrakoot,Yamuna Basin,2026-05-17 09:00:00+00:00,133.8650320946063,NORMAL,136.0,137.0,138.0,25.14133,80.85446,YMNCKT_2026-05-17T09:00:00+0000_133.8650
YMNCKT,Yamuna at Chitrakoot,Yamuna Basin,2026-05-17 10:00:00+00:00,133.93545034642565,NORMAL,136.0,137.0,138.0,25.14133,80.85446,YMNCKT_2026-05-17T10:00:00+0000_133.9355
YMNCKT,Yamuna at Chitrakoot,Yamuna Basin,2026-05-17 11:00:00+00:00,133.90103158718645,NORMAL,136.0,137.0,138.0,25.14133,80.85446,YMNCKT_2026-05-17T11:00:00+0000_133.9010
YMNCKT,Yamuna at Chitrakoot,Yamuna Basin,2026-05-17 12:00:00+00:00,134.03381835814028,NORMAL,136.0,137.0,138.0,25.14133,80.85446,YMNCKT_2026-05-17T12:00:00+0000_134.0338
YMNCKT,Yamuna at Chitrakoot,Yamuna Basin,2026-05-17 13:00:00+00:00,134.02290524084862,NORMAL,136.0,137.0,138.0,25.14133,80.85446,YMNCKT_2026-05-17T13:00:00+0000_134.0229
YMNCKT,Yamuna at Chitrakoot,Yamuna Basin,2026-05-17 14:00:00+00:00,134.08802560287273,NORMAL,136.0,137.0,138.0,25.14133,80.85446,YMNCKT_2026-05-17T14:00:00+0000_134.0880
YMNCKT,Yamuna at Chitrakoot,Yamuna Basin,2026-05-17 15:00:00+00:00,134.2059854417882,NORMAL,136.0,137.0,138.0,25.14133,80.85446,YMNCKT_2026-05-17T15:00:00+0000_134.2060
YMNCKT,Yamuna at Chitrakoot,Yamuna Basin,2026-05-17 16:00:00+00:00,134.25211898707815,NORMAL,136.0,137.0,138.0,25.14133,80.85446,YMNCKT_2026-05-17T16:00:00+0000_134.2521
YMNCKT,Yamuna at Chitrakoot,Yamuna Basin,2026-05-17 17:00:00+00:00,134.26746348483854,NORMAL,136.0,137.0,138.0,25.14133,80.85446,YMNCKT_2026-05-17T17:00:00+0000_134.2675
YMNCKT,Yamuna at Chitrakoot,Yamuna Basin,2026-05-17 18:00:00+00:00,134.27133014399024,NORMAL,136.0,137.0,138.0,25.14133,80.85446,YMNCKT_2026-05-17T18:00:00+0000_134.2713
YMNCKT,Yamuna at Chitrakoot,Yamuna Basin,2026-05-17 19:00:00+00:00,134.2284401896088,NORMAL,136.0,137.0,138.0,25.14133,80.85446,YMNCKT_2026-05-17T19:00:00+0000_134.2284
YMNCKT,Yamuna at Chitrakoot,Yamuna Basin,2026-05-17 20:00:00+00:00,134.24050006829876,NORMAL,136.0,137.0,138.0,25.14133,80.85446,YMNCKT_2026-05-17T20:00:00+0000_134.2405
YMNCKT,Yamuna at Chitrakoot,Yamuna Basin,2026-05-17 21:00:00+00:00,134.24774932780304,NORMAL,136.0,137.0,138.0,25.14133,80.85446,YMNCKT_2026-05-17T21:00:00+0000_134.2477
YMNCKT,Yamuna at Chitrakoot,Yamuna Basin,2026-05-17 22:00:00+00:00,134.21175629897752,NORMAL,136.0,137.0,138.0,25.14133,80.85446,YMNCKT_2026-05-17T22:00:00+0000_134.2118
YMNCKT,Yamuna at Chitrakoot,Yamuna Basin,2026-05-17 23:00:00+00:00,134.20706529190065,NORMAL,136.0,137.0,138.0,25.14133,80.85446,YMNCKT_2026-05-17T23:00:00+0000_134.2071
YMNCKT,Yamuna at Chitrakoot,Yamuna Basin,2026-05-18 00:00:00+00:00,134.0773839607245,NORMAL,136.0,137.0,138.0,25.14133,80.85446,YMNCKT_2026-05-18T00:00:00+0000_134.0774
YMNCKT,Yamuna at Chitrakoot,Yamuna Basin,2026-05-18 01:00:00+00:00,134.07289385861952,NORMAL,136.0,137.0,138.0,25.14133,80.85446,YMNCKT_2026-05-18T01:00:00+0000_134.0729
YMNCKT,Yamuna at Chitrakoot,Yamuna Basin,2026-05-18 02:00:00+00:00,134.04002102205,NORMAL,136.0,137.0,138.0,25.14133,80.85446,YMNCKT_2026-05-18T02:00:00+0000_134.0400
YMNCKT,Yamuna at Chitrakoot,Yamuna Basin,2026-05-18 03:00:00+00:00,133.96013547984182,NORMAL,136.0,137.0,138.0,25.14133,80.85446,YMNCKT_2026-05-18T03:00:00+0000_133.9601
YMNCKT,Yamuna at Chitrakoot,Yamuna Basin,2026-05-18 04:00:00+00:00,133.88098930601478,NORMAL,136.0,137.0,138.0,25.14133,80.85446,YMNCKT_2026-05-18T04:00:00+0000_133.8810
YMNCKT,Yamuna at Chitrakoot,Yamuna Basin,2026-05-18 05:00:00+00:00,133.89491099358057,NORMAL,136.0,137.0,138.0,25.14133,80.85446,YMNCKT_2026-05-18T05:00:00+0000_133.8949
YMNCKT,Yamuna at Chitrakoot,Yamuna Basin,2026-05-18 06:00:00+00:00,133.8770237520523,NORMAL,136.0,137.0,138.0,25.14133,80.85446,YMNCKT_2026-05-18T06:00:00+0000_133.8770
YMNCKT,Yamuna at Chitrakoot,Yamuna Basin,2026-05-18 07:00:00+00:00,133.8451865916176,NORMAL,136.0,137.0,138.0,25.14133,80.85446,YMNCKT_2026-05-18T07:00:00+0000_133.8452
YMNCKT,Yamuna at Chitrakoot,Yamuna Basin,2026-05-18 08:00:00+00:00,133.80496658545505,NORMAL,136.0,137.0,138.0,25.14133,80.85446,YMNCKT_2026-05-18T08:00:00+0000_133.8050
YMNCKT,Yamuna at Chitrakoot,Yamuna Basin,2026-05-18 09:00:00+00:00,133.85708440661767,NORMAL,136.0,137.0,138.0,25.14133,80.85446,YMNCKT_2026-05-18T09:00:00+0000_133.8571
YMNCKT,Yamuna at Chitrakoot,Yamuna Basin,2026-05-18 10:00:00+00:00,133.88404921869912,NORMAL,136.0,137.0,138.0,25.14133,80.85446,YMNCKT_2026-05-18T10:00:00+0000_133.8840
YMNCKT,Yamuna at Chitrakoot,Yamuna Basin,2026-05-18 11:00:00+00:00,133.89685723112703,NORMAL,136.0,137.0,138.0,25.14133,80.85446,YMNCKT_2026-05-18T11:00:00+0000_133.8969
YMNCKT,Yamuna at Chitrakoot,Yamuna Basin,2026-05-18 12:00:00+00:00,133.9586676840017,NORMAL,136.0,137.0,138.0,25.14133,80.85446,YMNCKT_2026-05-18T12:00:00+0000_133.9587
YMNCKT,Yamuna at Chitrakoot,Yamuna Basin,2026-05-18 13:00:00+00:00,134.0712532310819,NORMAL,136.0,137.0,138.0,25.14133,80.85446,YMNCKT_2026-05-18T13:00:00+0000_134.0713
YMNCKT,Yamuna at Chitrakoot,Yamuna Basin,2026-05-18 14:00:00+00:00,134.11636256436935,NORMAL,136.0,137.0,138.0,25.14133,80.85446,YMNCKT_2026-05-18T14:00:00+0000_134.1164
YMNCKT,Yamuna at Chitrakoot,Yamuna Basin,2026-05-18 15:00:00+00:00,134.15112410670503,NORMAL,136.0,137.0,138.0,25.14133,80.85446,YMNCKT_2026-05-18T15:00:00+0000_134.1511
YMNCKT,Yamuna at Chitrakoot,Yamuna Basin,2026-05-18 16:00:00+00:00,134.19210965245315,NORMAL,136.0,137.0,138.0,25.14133,80.85446,YMNCKT_2026-05-18T16:00:00+0000_134.1921
YMNCKT,Yamuna at Chitrakoot,Yamuna Basin,2026-05-18 17:00:00+00:00,134.21203137221258,NORMAL,136.0,137.0,138.0,25.14133,80.85446,YMNCKT_2026-05-18T17:00:00+0000_134.2120
YMNCKT,Yamuna at Chitrakoot,Yamuna Basin,2026-05-18 18:00:00+00:00,134.23466826556387,NORMAL,136.0,137.0,138.0,25.14133,80.85446,YMNCKT_2026-05-18T18:00:00+0000_134.2347
YMNCKT,Yamuna at Chitrakoot,Yamuna Basin,2026-05-18 19:00:00+00:00,134.2652902802204,NORMAL,136.0,137.0,138.0,25.14133,80.85446,YMNCKT_2026-05-18T19:00:00+0000_134.2653
YMNCKT,Yamuna at Chitrakoot,Yamuna Basin,2026-05-18 20:00:00+00:00,134.29297975144456,NORMAL,136.0,137.0,138.0,25.14133,80.85446,YMNCKT_2026-05-18T20:00:00+0000_134.2930
YMNCKT,Yamuna at Chitrakoot,Yamuna Basin,2026-05-18 21:00:00+00:00,134.25599351376465,NORMAL,136.0,137.0,138.0,25.14133,80.85446,YMNCKT_2026-05-18T21:00:00+0000_134.2560
YMNCKT,Yamuna at Chitrakoot,Yamuna Basin,2026-05-18 22:00:00+00:00,134.19583824105496,NORMAL,136.0,137.0,138.0,25.14133,80.85446,YMNCKT_2026-05-18T22:00:00+0000_134.1958
YMNCKT,Yamuna at Chitrakoot,Yamuna Basin,2026-05-18 23:00:00+00:00,134.15273494183862,NORMAL,136.0,137.0,138.0,25.14133,80.85446,YMNCKT_2026-05-18T23:00:00+0000_134.1527
YMNCKT,Yamuna at Chitrakoot,Yamuna Basin,2026-05-19 00:00:00+00:00,134.1276327026099,NORMAL,136.0,137.0,138.0,25.14133,80.85446,YMNCKT_2026-05-19T00:00:00+0000_134.1276
YMNCKT,Yamuna at Chitrakoot,Yamuna Basin,2026-05-19 01:00:00+00:00,134.0088536715582,NORMAL,136.0,137.0,138.0,25.14133,80.85446,YMNCKT_2026-05-19T01:00:00+0000_134.0089
YMNCKT,Yamuna at Chitrakoot,Yamuna Basin,2026-05-19 02:00:00+00:00,133.96487962966202,NORMAL,136.0,137.0,138.0,25.14133,80.85446,YMNCKT_2026-05-19T02:00:00+0000_133.9649
YMNCKT,Yamuna at Chitrakoot,Yamuna Basin,2026-05-19 03:00:00+00:00,133.90727713575563,NORMAL,136.0,137.0,138.0,25.14133,80.85446,YMNCKT_2026-05-19T03:00:00+0000_133.9073
YMNCKT,Yamuna at Chitrakoot,Yamuna Basin,2026-05-19 04:00:00+00:00,133.91213997727988,NORMAL,136.0,137.0,138.0,25.14133,80.85446,YMNCKT_2026-05-19T04:00:00+0000_133.9121
YMNCKT,Yamuna at Chitrakoot,Yamuna Basin,2026-05-19 05:00:00+00:00,133.88276600252584,NORMAL,136.0,137.0,138.0,25.14133,80.85446,YMNCKT_2026-05-19T05:00:00+0000_133.8828
YMNCKT,Yamuna at Chitrakoot,Yamuna Basin,2026-05-19 06:00:00+00:00,133.84789256309782,NORMAL,136.0,137.0,138.0,25.14133,80.85446,YMNCKT_2026-05-19T06:00:00+0000_133.8479
YMNCKT,Yamuna at Chitrakoot,Yamuna Basin,2026-05-19 07:00:00+00:00,133.80891523496888,NORMAL,136.0,137.0,138.0,25.14133,80.85446,YMNCKT_2026-05-19T07:00:00+0000_133.8089
YMNCKT,Yamuna at Chitrakoot,Yamuna Basin,2026-05-19 08:00:00+00:00,133.8395613515678,NORMAL,136.0,137.0,138.0,25.14133,80.85446,YMNCKT_2026-05-19T08:00:00+0000_133.8396
YMNCKT,Yamuna at Chitrakoot,Yamuna Basin,2026-05-19 09:00:00+00:00,133.9017035578497,NORMAL,136.0,137.0,138.0,25.14133,80.85446,YMNCKT_2026-05-19T09:00:00+0000_133.9017
YMNCKT,Yamuna at Chitrakoot,Yamuna Basin,2026-05-19 10:00:00+00:00,133.8962550139891,NORMAL,136.0,137.0,138.0,25.14133,80.85446,YMNCKT_2026-05-19T10:00:00+0000_133.8963
YMNCKT,Yamuna at Chitrakoot,Yamuna Basin,2026-05-19 11:00:00+00:00,133.97387754332246,NORMAL,136.0,137.0,138.0,25.14133,80.85446,YMNCKT_2026-05-19T11:00:00+0000_133.9739
YMNCKT,Yamuna at Chitrakoot,Yamuna Basin,2026-05-19 12:00:00+00:00,133.97144713246112,NORMAL,136.0,137.0,138.0,25.14133,80.85446,YMNCKT_2026-05-19T12:00:00+0000_133.9714
YMNCKT,Yamuna at Chitrakoot,Yamuna Basin,2026-05-19 13:00:00+00:00,134.059414815001,NORMAL,136.0,137.0,138.0,25.14133,80.85446,YMNCKT_2026-05-19T13:00:00+0000_134.0594
YMNCKT,Yamuna at Chitrakoot,Yamuna Basin,2026-05-19 14:00:00+00:00,134.1392156784631,NORMAL,136.0,137.0,138.0,25.14133,80.85446,YMNCKT_2026-05-19T14:00:00+0000_134.1392
YMNCKT,Yamuna at Chitrakoot,Yamuna Basin,2026-05-19 15:00:00+00:00,134.1403023486443,NORMAL,136.0,137.0,138.0,25.14133,80.85446,YMNCKT_2026-05-19T15:00:00+0000_134.1403
YMNCKT,Yamuna at Chitrakoot,Yamuna Basin,2026-05-19 16:00:00+00:00,134.18107970095392,NORMAL,136.0,137.0,138.0,25.14133,80.85446,YMNCKT_2026-05-19T16:00:00+0000_134.1811
YMNCKT,Yamuna at Chitrakoot,Yamuna Basin,2026-05-19 17:00:00+00:00,134.2552054590738,NORMAL,136.0,137.0,138.0,25.14133,80.85446,YMNCKT_2026-05-19T17:00:00+0000_134.2552
YMNCKT,Yamuna at Chitrakoot,Yamuna Basin,2026-05-19 18:00:00+00:00,134.22069795322568,NORMAL,136.0,137.0,138.0,25.14133,80.85446,YMNCKT_2026-05-19T18:00:00+0000_134.2207
YMNCKT,Yamuna at Chitrakoot,Yamuna Basin,2026-05-19 19:00:00+00:00,134.28655084557775,NORMAL,136.0,137.0,138.0,25.14133,80.85446,YMNCKT_2026-05-19T19:00:00+0000_134.2866
YMNCKT,Yamuna at Chitrakoot,Yamuna Basin,2026-05-19 20:00:00+00:00,134.22143752932175,NORMAL,136.0,137.0,138.0,25.14133,80.85446,YMNCKT_2026-05-19T20:00:00+0000_134.2214
YMNCKT,Yamuna at Chitrakoot,Yamuna Basin,2026-05-19 21:00:00+00:00,134.26890951522884,NORMAL,136.0,137.0,138.0,25.14133,80.85446,YMNCKT_2026-05-19T21:00:00+0000_134.2689
YMNCKT,Yamuna at Chitrakoot,Yamuna Basin,2026-05-19 22:00:00+00:00,134.2270527060325,NORMAL,136.0,137.0,138.0,25.14133,80.85446,YMNCKT_2026-05-19T22:00:00+0000_134.2271
YMNCKT,Yamuna at Chitrakoot,Yamuna Basin,2026-05-19 23:00:00+00:00,134.19009262227087,NORMAL,136.0,137.0,138.0,25.14133,80.85446,YMNCKT_2026-05-19T23:00:00+0000_134.1901
YMNCKT,Yamuna at Chitrakoot,Yamuna Basin,2026-05-20 00:00:00+00:00,134.08941132711433,NORMAL,136.0,137.0,138.0,25.14133,80.85446,YMNCKT_2026-05-20T00:00:00+0000_134.0894
YMNCKT,Yamuna at Chitrakoot,Yamuna Basin,2026-05-20 01:00:00+00:00,134.03213230493265,NORMAL,136.0,137.0,138.0,25.14133,80.85446,YMNCKT_2026-05-20T01:00:00+0000_134.0321
YMNCKT,Yamuna at Chitrakoot,Yamuna Basin,2026-05-20 02:00:00+00:00,134.00780939564908,NORMAL,136.0,137.0,138.0,25.14133,80.85446,YMNCKT_2026-05-20T02:00:00+0000_134.0078
YMNCKT,Yamuna at Chitrakoot,Yamuna Basin,2026-05-20 03:00:00+00:00,133.98656215479895,NORMAL,136.0,137.0,138.0,25.14133,80.85446,YMNCKT_2026-05-20T03:00:00+0000_133.9866
YMNCKT,Yamuna at Chitrakoot,Yamuna Basin,2026-05-20 04:00:00+00:00,133.88645097662024,NORMAL,136.0,137.0,138.0,25.14133,80.85446,YMNCKT_2026-05-20T04:00:00+0000_133.8865
YMNCKT,Yamuna at Chitrakoot,Yamuna Basin,2026-05-20 05:00:00+00:00,133.85851877023595,NORMAL,136.0,137.0,138.0,25.14133,80.85446,YMNCKT_2026-05-20T05:00:00+0000_133.8585
YMNCKT,Yamuna at Chitrakoot,Yamuna Basin,2026-05-20 06:00:00+00:00,133.85188802411272,NORMAL,136.0,137.0,138.0,25.14133,80.85446,YMNCKT_2026-05-20T06:00:00+0000_133.8519
YMNCKT,Yamuna at Chitrakoot,Yamuna Basin,2026-05-20 07:00:00+00:00,133.8606127367822,NORMAL,136.0,137.0,138.0,25.14133,80.85446,YMNCKT_2026-05-20T07:00:00+0000_133.8606
YMNCKT,Yamuna at Chitrakoot,Yamuna Basin,2026-05-20 08:00:00+00:00,133.80319655999256,NORMAL,136.0,137.0,138.0,25.14133,80.85446,YMNCKT_2026-05-20T08:00:00+0000_133.8032
YMNCKT,Yamuna at Chitrakoot,Yamuna Basin,2026-05-20 09:00:00+00:00,133.84108544724327,NORMAL,136.0,137.0,138.0,25.14133,80.85446,YMNCKT_2026-05-20T09:00:00+0000_133.8411
YMNCKT,Yamuna at Chitrakoot,Yamuna Basin,2026-05-20 10:00:00+00:00,133.94369986425093,NORMAL,136.0,137.0,138.0,25.14133,80.85446,YMNCKT_2026-05-20T10:00:00+0000_133.9437
YMNCKT,Yamuna at Chitrakoot,Yamuna Basin,2026-05-20 11:00:00+00:00,133.97421604015565,NORMAL,136.0,137.0,138.0,25.14133,80.85446,YMNCKT_2026-05-20T11:00:00+0000_133.9742
YMNCKT,Yamuna at Chitrakoot,Yamuna Basin,2026-05-20 12:00:00+00:00,134.04058751241328,NORMAL,136.0,137.0,138.0,25.14133,80.85446,YMNCKT_2026-05-20T12:00:00+0000_134.0406
YMNCKT,Yamuna at Chitrakoot,Yamuna Basin,2026-05-20 13:00:00+00:00,134.0217501309603,NORMAL,136.0,137.0,138.0,25.14133,80.85446,YMNCKT_2026-05-20T13:00:00+0000_134.0218
YMNCKT,Yamuna at Chitrakoot,Yamuna Basin,2026-05-20 14:00:00+00:00,134.11047178154155,NORMAL,136.0,137.0,138.0,25.14133,80.85446,YMNCKT_2026-05-20T14:00:00+0000_134.1105
YMNCKT,Yamuna at Chitrakoot,Yamuna Basin,2026-05-20 15:00:00+00:00,134.1531514872298,NORMAL,136.0,137.0,138.0,25.14133,80.85446,YMNCKT_2026-05-20T15:00:00+0000_134.1532
YMNCKT,Yamuna at Chitrakoot,Yamuna Basin,2026-05-20 16:00:00+00:00,134.1812294801435,NORMAL,136.0,137.0,138.0,25.14133,80.85446,YMNCKT_2026-05-20T16:00:00+0000_134.1812
YMNCKT,Yamuna at Chitrakoot,Yamuna Basin,2026-05-20 17:00:00+00:00,134.28949650336162,NORMAL,136.0,137.0,138.0,25.14133,80.85446,YMNCKT_2026-05-20T17:00:00+0000_134.2895
YMNCKT,Yamuna at Chitrakoot,Yamuna Basin,2026-05-20 18:00:00+00:00,134.27941704457854,NORMAL,136.0,137.0,138.0,25.14133,80.85446,YMNCKT_2026-05-20T18:00:00+0000_134.2794
YMNCKT,Yamuna at Chitrakoot,Yamuna Basin,2026-05-20 19:00:00+00:00,134.27030101177365,NORMAL,136.0,137.0,138.0,25.14133,80.85446,YMNCKT_2026-05-20T19:00:00+0000_134.2703
YMNCKT,Yamuna at Chitrakoot,Yamuna Basin,2026-05-20 20:00:00+00:00,134.28366839348203,NORMAL,136.0,137.0,138.0,25.14133,80.85446,YMNCKT_2026-05-20T20:00:00+0000_134.2837
YMNCKT,Yamuna at Chitrakoot,Yamuna Basin,2026-05-20 21:00:00+00:00,,,136.0,137.0,138.0,25.14133,80.85446,YMNCKT_2026-05-20T21:00:00+0000_
YMNCKT,Yamuna at Chitrakoot,Yamuna Basin,2026-05-20 22:00:00+00:00,134.22955502528004,NORMAL,136.0,137.0,138.0,25.14133,80.85446,YMNCKT_2026-05-20T22:00:00+0000_134.2296
YMNCKT,Yamuna at Chitrakoot,Yamuna Basin,2026-05-20 23:00:00+00:00,134.18531669190185,NORMAL,136.0,137.0,138.0,25.14133,80.85446,YMNCKT_2026-05-20T23:00:00+0000_134.1853
YMNCKT,Yamuna at Chitrakoot,Yamuna Basin,2026-05-21 00:00:00+00:00,134.1357977833175,NORMAL,136.0,137.0,138.0,25.14133,80.85446,YMNCKT_2026-05-21T00:00:00+0000_134.1358
YMNCKT,Yamuna at Chitrakoot,Yamuna Basin,2026-05-21 01:00:00+00:00,134.03242396966988,NORMAL,136.0,137.0,138.0,25.14133,80.85446,YMNCKT_2026-05-21T01:00:00+0000_134.0324
YMNCKT,Yamuna at Chitrakoot,Yamuna Basin,2026-05-21 02:00:00+00:00,133.97679984781706,NORMAL,136.0,137.0,138.0,25.14133,80.85446,YMNCKT_2026-05-21T02:00:00+0000_133.9768
YMNCKT,Yamuna at Chitrakoot,Yamuna Basin,2026-05-21 03:00:00+00:00,133.90639123687131,NORMAL,136.0,137.0,138.0,25.14133,80.85446,YMNCKT_2026-05-21T03:00:00+0000_133.9064
YMNCKT,Yamuna at Chitrakoot,Yamuna Basin,2026-05-21 04:00:00+00:00,133.92855836638213,NORMAL,136.0,137.0,138.0,25.14133,80.85446,YMNCKT_2026-05-21T04:00:00+0000_133.9286
YMNCKT,Yamuna at Chitrakoot,Yamuna Basin,2026-05-21 05:00:00+00:00,133.86139043742358,NORMAL,136.0,137.0,138.0,25.14133,80.85446,YMNCKT_2026-05-21T05:00:00+0000_133.8614
YMNCKT,Yamuna at Chitrakoot,Yamuna Basin,2026-05-21 06:00:00+00:00,133.8710346412423,NORMAL,136.0,137.0,138.0,25.14133,80.85446,YMNCKT_2026-05-21T06:00:00+0000_133.8710
YMNCKT,Yamuna at Chitrakoot,Yamuna Basin,2026-05-21 07:00:00+00:00,133.83475390261447,NORMAL,136.0,137.0,138.0,25.14133,80.85446,YMNCKT_2026-05-21T07:00:00+0000_133.8348
YMNCKT,Yamuna at Chitrakoot,Yamuna Basin,2026-05-21 08:00:00+00:00,133.8374702038607,NORMAL,136.0,137.0,138.0,25.14133,80.85446,YMNCKT_2026-05-21T08:00:00+0000_133.8375
YMNCKT,Yamuna at Chitrakoot,Yamuna Basin,2026-05-21 09:00:00+00:00,133.84304932405362,NORMAL,136.0,137.0,138.0,25.14133,80.85446,YMNCKT_2026-05-21T09:00:00+0000_133.8430
YMNCKT,Yamuna at Chitrakoot,Yamuna Basin,2026-05-21 10:00:00+00:00,133.91805593418147,NORMAL,136.0,137.0,138.0,25.14133,80.85446,YMNCKT_2026-05-21T10:00:00+0000_133.9181
YMNCKT,Yamuna at Chitrakoot,Yamuna Basin,2026-05-21 11:00:00+00:00,133.95877884981934,NORMAL,136.0,137.0,138.0,25.14133,80.85446,YMNCKT_2026-05-21T11:00:00+0000_133.9588
YMNCKT,Yamuna at Chitrakoot,Yamuna Basin,2026-05-21 12:00:00+00:00,133.98018615911596,NORMAL,136.0,137.0,138.0,25.14133,80.85446,YMNCKT_2026-05-21T12:00:00+0000_133.9802
YMNCKT,Yamuna at Chitrakoot,Yamuna Basin,2026-05-21 13:00:00+00:00,134.0247557505748,NORMAL,136.0,137.0,138.0,25.14133,80.85446,YMNCKT_2026-05-21T13:00:00+0000_134.0248
YMNCKT,Yamuna at Chitrakoot,Yamuna Basin,2026-05-21 14:00:00+00:00,134.1521576795799,NORMAL,136.0,137.0,138.0,25.14133,80.85446,YMNCKT_2026-05-21T14:00:00+0000_134.1522
YMNCKT,Yamuna at Chitrakoot,Yamuna Basin,2026-05-21 15:00:00+00:00,134.18745426118622,NORMAL,136.0,137.0,138.0,25.14133,80.85446,YMNCKT_2026-05-21T15:00:00+0000_134.1875
YMNCKT,Yamuna at Chitrakoot,Yamuna Basin,2026-05-21 16:00:00+00:00,134.25086462488272,NORMAL,136.0,137.0,138.0,25.14133,80.85446,YMNCKT_2026-05-21T16:00:00+0000_134.2509
YMNCKT,Yamuna at Chitrakoot,Yamuna Basin,2026-05-21 17:00:00+00:00,134.30355285257605,NORMAL,136.0,137.0,138.0,25.14133,80.85446,YMNCKT_2026-05-21T17:00:00+0000_134.3036
YMNCKT,Yamuna at Chitrakoot,Yamuna Basin,2026-05-21 18:00:00+00:00,134.2796930192118,NORMAL,136.0,137.0,138.0,25.14133,80.85446,YMNCKT_2026-05-21T18:00:00+0000_134.2797
YMNCKT,Yamuna at Chitrakoot,Yamuna Basin,2026-05-21 19:00:00+00:00,134.27700458483002,NORMAL,136.0,137.0,138.0,25.14133,80.85446,YMNCKT_2026-05-21T19:00:00+0000_134.2770
YMNCKT,Yamuna at Chitrakoot,Yamuna Basin,2026-05-21 20:00:00+00:00,134.31451193205763,NORMAL,136.0,137.0,138.0,25.14133,80.85446,YMNCKT_2026-05-21T20:00:00+0000_134.3145
YMNCKT,Yamuna at Chitrakoot,Yamuna Basin,2026-05-21 21:00:00+00:00,134.2610707568112,NORMAL,136.0,137.0,138.0,25.14133,80.85446,YMNCKT_2026-05-21T21:00:00+0000_134.2611
YMNCKT,Yamuna at Chitrakoot,Yamuna Basin,2026-05-21 22:00:00+00:00,134.23647550251275,NORMAL,136.0,137.0,138.0,25.14133,80.85446,YMNCKT_2026-05-21T22:00:00+0000_134.2365
YMNCKT,Yamuna at Chitrakoot,Yamuna Basin,2026-05-21 23:00:00+00:00,134.17926238791642,NORMAL,136.0,137.0,138.0,25.14133,80.85446,YMNCKT_2026-05-21T23:00:00+0000_134.1793
YMNCKT,Yamuna at Chitrakoot,Yamuna Basin,2026-05-22 00:00:00+00:00,134.09820742003754,NORMAL,136.0,137.0,138.0,25.14133,80.85446,YMNCKT_2026-05-22T00:00:00+0000_134.0982
YMNCKT,Yamuna at Chitrakoot,Yamuna Basin,2026-05-22 01:00:00+00:00,134.0571198906226,NORMAL,136.0,137.0,138.0,25.14133,80.85446,YMNCKT_2026-05-22T01:00:00+0000_134.0571
YMNCKT,Yamuna at Chitrakoot,Yamuna Basin,2026-05-22 02:00:00+00:00,133.98111347155958,NORMAL,136.0,137.0,138.0,25.14133,80.85446,YMNCKT_2026-05-22T02:00:00+0000_133.9811
YMNCKT,Yamuna at Chitrakoot,Yamuna Basin,2026-05-22 03:00:00+00:00,133.97293403801078,NORMAL,136.0,137.0,138.0,25.14133,80.85446,YMNCKT_2026-05-22T03:00:00+0000_133.9729
YMNCKT,Yamuna at Chitrakoot,Yamuna Basin,2026-05-22 04:00:00+00:00,133.914710491168,NORMAL,136.0,137.0,138.0,25.14133,80.85446,YMNCKT_2026-05-22T04:00:00+0000_133.9147
YMNCKT,Yamuna at Chitrakoot,Yamuna Basin,2026-05-22 05:00:00+00:00,133.92449973740787,NORMAL,136.0,137.0,138.0,25.14133,80.85446,YMNCKT_2026-05-22T05:00:00+0000_133.9245
YMNCKT,Yamuna at Chitrakoot,Yamuna Basin,2026-05-22 06:00:00+00:00,133.8963965014472,NORMAL,136.0,137.0,138.0,25.14133,80.85446,YMNCKT_2026-05-22T06:00:00+0000_133.8964
YMNCKT,Yamuna at Chitrakoot,Yamuna Basin,2026-05-22 07:00:00+00:00,133.82961379632292,NORMAL,136.0,137.0,138.0,25.14133,80.85446,YMNCKT_2026-05-22T07:00:00+0000_133.8296
YMNCKT,Yamuna at Chitrakoot,Yamuna Basin,2026-05-22 08:00:00+00:00,133.8809023239678,NORMAL,136.0,137.0,138.0,25.14133,80.85446,YMNCKT_2026-05-22T08:00:00+0000_133.8809
YMNCKT,Yamuna at Chitrakoot,Yamuna Basin,2026-05-22 09:00:00+00:00,133.8612398241368,NORMAL,136.0,137.0,138.0,25.14133,80.85446,YMNCKT_2026-05-22T09:00:00+0000_133.8612
YMNCKT,Yamuna at Chitrakoot,Yamuna Basin,2026-05-22 10:00:00+00:00,133.89948717445833,NORMAL,136.0,137.0,138.0,25.14133,80.85446,YMNCKT_2026-05-22T10:00:00+0000_133.8995
YMNCKT,Yamuna at Chitrakoot,Yamuna Basin,2026-05-22 11:00:00+00:00,133.99994038357374,NORMAL,136.0,137.0,138.0,25.14133,80.85446,YMNCKT_2026-05-22T11:00:00+0000_133.9999
YMNCKT,Yamuna at Chitrakoot,Yamuna Basin,2026-05-22 12:00:00+00:00,133.97259059237666,NORMAL,136.0,137.0,138.0,25.14133,80.85446,YMNCKT_2026-05-22T12:00:00+0000_133.9726
YMNCKT,Yamuna at Chitrakoot,Yamuna Basin,2026-05-22 13:00:00+00:00,134.09760981389454,NORMAL,136.0,137.0,138.0,25.14133,80.85446,YMNCKT_2026-05-22T13:00:00+0000_134.0976
YMNCKT,Yamuna at Chitrakoot,Yamuna Basin,2026-05-22 14:00:00+00:00,134.08703601148818,NORMAL,136.0,137.0,138.0,25.14133,80.85446,YMNCKT_2026-05-22T14:00:00+0000_134.0870
YMNCKT,Yamuna at Chitrakoot,Yamuna Basin,2026-05-22 15:00:00+00:00,134.1735352112397,NORMAL,136.0,137.0,138.0,25.14133,80.85446,YMNCKT_2026-05-22T15:00:00+0000_134.1735
YMNCKT,Yamuna at Chitrakoot,Yamuna Basin,2026-05-22 16:00:00+00:00,134.257365403102,NORMAL,136.0,137.0,138.0,25.14133,80.85446,YMNCKT_2026-05-22T16:00:00+0000_134.2574
YMNCKT,Yamuna at Chitrakoot,Yamuna Basin,2026-05-22 17:00:00+00:00,134.29064888107723,NORMAL,136.0,137.0,138.0,25.14133,80.85446,YMNCKT_2026-05-22T17:00:00+0000_134.2906
YMNCKT,Yamuna at Chitrakoot,Yamuna Basin,2026-05-22 18:00:00+00:00,134.28437781546032,NORMAL,136.0,137.0,138.0,25.14133,80.85446,YMNCKT_2026-05-22T18:00:00+0000_134.2844
YMNCKT,Yamuna at Chitrakoot,Yamuna Basin,2026-05-22 19:00:00+00:00,134.28724453399994,NORMAL,136.0,137.0,138.0,25.14133,80.85446,YMNCKT_2026-05-22T19:00:00+0000_134.2872
YMNCKT,Yamuna at Chitrakoot,Yamuna Basin,2026-05-22 20:00:00+00:00,134.24352232497756,NORMAL,136.0,137.0,138.0,25.14133,80.85446,YMNCKT_2026-05-22T20:00:00+0000_134.2435
YMNCKT,Yamuna at Chitrakoot,Yamuna Basin,2026-05-22 21:00:00+00:00,134.28864551308632,NORMAL,136.0,137.0,138.0,25.14133,80.85446,YMNCKT_2026-05-22T21:00:00+0000_134.2886
YMNCKT,Yamuna at Chitrakoot,Yamuna Basin,2026-05-22 22:00:00+00:00,134.25221171861477,NORMAL,136.0,137.0,138.0,25.14133,80.85446,YMNCKT_2026-05-22T22:00:00+0000_134.2522
YMNCKT,Yamuna at Chitrakoot,Yamuna Basin,2026-05-22 23:00:00+00:00,134.19390773752028,NORMAL,136.0,137.0,138.0,25.14133,80.85446,YMNCKT_2026-05-22T23:00:00+0000_134.1939
YMNCKT,Yamuna at Chitrakoot,Yamuna Basin,2026-05-23 00:00:00+00:00,134.12123780573424,NORMAL,136.0,137.0,138.0,25.14133,80.85446,YMNCKT_2026-05-23T00:00:00+0000_134.1212
YMNCKT,Yamuna at Chitrakoot,Yamuna Basin,2026-05-23 01:00:00+00:00,134.04947649821293,NORMAL,136.0,137.0,138.0,25.14133,80.85446,YMNCKT_2026-05-23T01:00:00+0000_134.0495
YMNCKT,Yamuna at Chitrakoot,Yamuna Basin,2026-05-23 02:00:00+00:00,133.97365733230288,NORMAL,136.0,137.0,138.0,25.14133,80.85446,YMNCKT_2026-05-23T02:00:00+0000_133.9737
YMNCKT,Yamuna at Chitrakoot,Yamuna Basin,2026-05-23 03:00:00+00:00,133.95830051227907,NORMAL,136.0,137.0,138.0,25.14133,80.85446,YMNCKT_2026-05-23T03:00:00+0000_133.9583
YMNCKT,Yamuna at Chitrakoot,Yamuna Basin,2026-05-23 04:00:00+00:00,133.96232199598978,NORMAL,136.0,137.0,138.0,25.14133,80.85446,YMNCKT_2026-05-23T04:00:00+0000_133.9623
YMNCKT,Yamuna at Chitrakoot,Yamuna Basin,2026-05-23 05:00:00+00:00,133.84035614378507,NORMAL,136.0,137.0,138.0,25.14133,80.85446,YMNCKT_2026-05-23T05:00:00+0000_133.8404
YMNCKT,Yamuna at Chitrakoot,Yamuna Basin,2026-05-23 06:00:00+00:00,133.85218032843872,NORMAL,136.0,137.0,138.0,25.14133,80.85446,YMNCKT_2026-05-23T06:00:00+0000_133.8522
YMNCKT,Yamuna at Chitrakoot,Yamuna Basin,2026-05-23 07:00:00+00:00,133.83179216407984,NORMAL,136.0,137.0,138.0,25.14133,80.85446,YMNCKT_2026-05-23T07:00:00+0000_133.8318
YMNCKT,Yamuna at Chitrakoot,Yamuna Basin,2026-05-23 08:00:00+00:00,133.85080237070096,NORMAL,136.0,137.0,138.0,25.14133,80.85446,YMNCKT_2026-05-23T08:00:00+0000_133.8508
YMNCKT,Yamuna at Chitrakoot,Yamuna Basin,2026-05-23 09:00:00+00:00,133.92616142596918,NORMAL,136.0,137.0,138.0,25.14133,80.85446,YMNCKT_2026-05-23T09:00:00+0000_133.9262
YMNCKT,Yamuna at Chitrakoot,Yamuna Basin,2026-05-23 10:00:00+00:00,133.95900875711038,NORMAL,136.0,137.0,138.0,25.14133,80.85446,YMNCKT_2026-05-23T10:00:00+0000_133.9590
YMNCKT,Yamuna at Chitrakoot,Yamuna Basin,2026-05-23 11:00:00+00:00,134.0099080008939,NORMAL,136.0,137.0,138.0,25.14133,80.85446,YMNCKT_2026-05-23T11:00:00+0000_134.0099
YMNCKT,Yamuna at Chitrakoot,Yamuna Basin,2026-05-23 12:00:00+00:00,134.01219273060843,NORMAL,136.0,137.0,138.0,25.14133,80.85446,YMNCKT_2026-05-23T12:00:00+0000_134.0122
YMNCKT,Yamuna at Chitrakoot,Yamuna Basin,2026-05-23 13:00:00+00:00,134.03781919372753,NORMAL,136.0,137.0,138.0,25.14133,80.85446,YMNCKT_2026-05-23T13:00:00+0000_134.0378
YMNCKT,Yamuna at Chitrakoot,Yamuna Basin,2026-05-23 14:00:00+00:00,134.09299147310756,NORMAL,136.0,137.0,138.0,25.14133,80.85446,YMNCKT_2026-05-23T14:00:00+0000_134.0930
YMNCKT,Yamuna at Chitrakoot,Yamuna Basin,2026-05-23 15:00:00+00:00,134.1971937880416,NORMAL,136.0,137.0,138.0,25.14133,80.85446,YMNCKT_2026-05-23T15:00:00+0000_134.1972
YMNCKT,Yamuna at Chitrakoot,Yamuna Basin,2026-05-23 16:00:00+00:00,134.18057724276272,NORMAL,136.0,137.0,138.0,25.14133,80.85446,YMNCKT_2026-05-23T16:00:00+0000_134.1806
YMNCKT,Yamuna at Chitrakoot,Yamuna Basin,2026-05-23 17:00:00+00:00,134.3041603785194,NORMAL,136.0,137.0,138.0,25.14133,80.85446,YMNCKT_2026-05-23T17:00:00+0000_134.3042
YMNCKT,Yamuna at Chitrakoot,Yamuna Basin,2026-05-23 18:00:00+00:00,134.3202519251291,NORMAL,136.0,137.0,138.0,25.14133,80.85446,YMNCKT_2026-05-23T18:00:00+0000_134.3203
YMNCKT,Yamuna at Chitrakoot,Yamuna Basin,2026-05-23 19:00:00+00:00,134.30006629783705,NORMAL,136.0,137.0,138.0,25.14133,80.85446,YMNCKT_2026-05-23T19:00:00+0000_134.3001
YMNCKT,Yamuna at Chitrakoot,Yamuna Basin,2026-05-23 20:00:00+00:00,134.2466182486162,NORMAL,136.0,137.0,138.0,25.14133,80.85446,YMNCKT_2026-05-23T20:00:00+0000_134.2466
YMNCKT,Yamuna at Chitrakoot,Yamuna Basin,2026-05-23 21:00:00+00:00,134.2414616739883,NORMAL,136.0,137.0,138.0,25.14133,80.85446,YMNCKT_2026-05-23T21:00:00+0000_134.2415
YMNCKT,Yamuna at Chitrakoot,Yamuna Basin,2026-05-23 22:00:00+00:00,134.200562894408,NORMAL,136.0,137.0,138.0,25.14133,80.85446,YMNCKT_2026-05-23T22:00:00+0000_134.2006
YMNCKT,Yamuna at Chitrakoot,Yamuna Basin,2026-05-23 23:00:00+00:00,,,136.0,137.0,138.0,25.14133,80.85446,YMNCKT_2026-05-23T23:00:00+0000_
YMNCKT,Yamuna at Chitrakoot,Yamuna Basin,2026-05-24 00:00:00+00:00,134.14039955113495,NORMAL,136.0,137.0,138.0,25.14133,80.85446,YMNCKT_2026-05-24T00:00:00+0000_134.1404
YMNCKT,Yamuna at Chitrakoot,Yamuna Basin,2026-05-24 01:00:00+00:00,134.0915666710326,NORMAL,136.0,137.0,138.0,25.14133,80.85446,YMNCKT_2026-05-24T01:00:00+0000_134.0916
YMNCKT,Yamuna at Chitrakoot,Yamuna Basin,2026-05-24 02:00:00+00:00,133.98626492386714,NORMAL,136.0,137.0,138.0,25.14133,80.85446,YMNCKT_2026-05-24T02:00:00+0000_133.9863
YMNCKT,Yamuna at Chitrakoot,Yamuna Basin,2026-05-24 03:00:00+00:00,133.95110576481383,NORMAL,136.0,137.0,138.0,25.14133,80.85446,YMNCKT_2026-05-24T03:00:00+0000_133.9511
YMNCKT,Yamuna at Chitrakoot,Yamuna Basin,2026-05-24 04:00:00+00:00,133.871139764025,NORMAL,136.0,137.0,138.0,25.14133,80.85446,YMNCKT_2026-05-24T04:00:00+0000_133.8711
YMNCKT,Yamuna at Chitrakoot,Yamuna Basin,2026-05-24 05:00:00+00:00,133.84312948258886,NORMAL,136.0,137.0,138.0,25.14133,80.85446,YMNCKT_2026-05-24T05:00:00+0000_133.8431
YMNCKT,Yamuna at Chitrakoot,Yamuna Basin,2026-05-24 06:00:00+00:00,133.88704229809724,NORMAL,136.0,137.0,138.0,25.14133,80.85446,YMNCKT_2026-05-24T06:00:00+0000_133.8870
YMNCKT,Yamuna at Chitrakoot,Yamuna Basin,2026-05-24 07:00:00+00:00,133.87535445266698,NORMAL,136.0,137.0,138.0,25.14133,80.85446,YMNCKT_2026-05-24T07:00:00+0000_133.8754
YMNCKT,Yamuna at Chitrakoot,Yamuna Basin,2026-05-24 08:00:00+00:00,133.85777099306242,NORMAL,136.0,137.0,138.0,25.14133,80.85446,YMNCKT_2026-05-24T08:00:00+0000_133.8578
YMNCKT,Yamuna at Chitrakoot,Yamuna Basin,2026-05-24 09:00:00+00:00,133.88689948320803,NORMAL,136.0,137.0,138.0,25.14133,80.85446,YMNCKT_2026-05-24T09:00:00+0000_133.8869
YMNCKT,Yamuna at Chitrakoot,Yamuna Basin,2026-05-24 10:00:00+00:00,133.9581876943623,NORMAL,136.0,137.0,138.0,25.14133,80.85446,YMNCKT_2026-05-24T10:00:00+0000_133.9582
YMNCKT,Yamuna at Chitrakoot,Yamuna Basin,2026-05-24 11:00:00+00:00,133.9712236670216,NORMAL,136.0,137.0,138.0,25.14133,80.85446,YMNCKT_2026-05-24T11:00:00+0000_133.9712
YMNCKT,Yamuna at Chitrakoot,Yamuna Basin,2026-05-24 12:00:00+00:00,133.98557261872335,NORMAL,136.0,137.0,138.0,25.14133,80.85446,YMNCKT_2026-05-24T12:00:00+0000_133.9856
YMNCKT,Yamuna at Chitrakoot,Yamuna Basin,2026-05-24 13:00:00+00:00,134.06619382448395,NORMAL,136.0,137.0,138.0,25.14133,80.85446,YMNCKT_2026-05-24T13:00:00+0000_134.0662
YMNCKT,Yamuna at Chitrakoot,Yamuna Basin,2026-05-24 14:00:00+00:00,134.08663776914247,NORMAL,136.0,137.0,138.0,25.14133,80.85446,YMNCKT_2026-05-24T14:00:00+0000_134.0866
YMNCKT,Yamuna at Chitrakoot,Yamuna Basin,2026-05-24 15:00:00+00:00,134.18240173238752,NORMAL,136.0,137.0,138.0,25.14133,80.85446,YMNCKT_2026-05-24T15:00:00+0000_134.1824
YMNCKT,Yamuna at Chitrakoot,Yamuna Basin,2026-05-24 16:00:00+00:00,134.21275299272867,NORMAL,136.0,137.0,138.0,25.14133,80.85446,YMNCKT_2026-05-24T16:00:00+0000_134.2128
YMNCKT,Yamuna at Chitrakoot,Yamuna Basin,2026-05-24 17:00:00+00:00,134.2925010042677,NORMAL,136.0,137.0,138.0,25.14133,80.85446,YMNCKT_2026-05-24T17:00:00+0000_134.2925
YMNCKT,Yamuna at Chitrakoot,Yamuna Basin,2026-05-24 18:00:00+00:00,134.27517110134593,NORMAL,136.0,137.0,138.0,25.14133,80.85446,YMNCKT_2026-05-24T18:00:00+0000_134.2752
YMNCKT,Yamuna at Chitrakoot,Yamuna Basin,2026-05-24 19:00:00+00:00,134.2449748793053,NORMAL,136.0,137.0,138.0,25.14133,80.85446,YMNCKT_2026-05-24T19:00:00+0000_134.2450
YMNCKT,Yamuna at Chitrakoot,Yamuna Basin,2026-05-24 20:00:00+00:00,134.2765437324355,NORMAL,136.0,137.0,138.0,25.14133,80.85446,YMNCKT_2026-05-24T20:00:00+0000_134.2765
YMNCKT,Yamuna at Chitrakoot,Yamuna Basin,2026-05-24 21:00:00+00:00,134.25723717461065,NORMAL,136.0,137.0,138.0,25.14133,80.85446,YMNCKT_2026-05-24T21:00:00+0000_134.2572
YMNCKT,Yamuna at Chitrakoot,Yamuna Basin,2026-05-24 22:00:00+00:00,134.22787934452052,NORMAL,136.0,137.0,138.0,25.14133,80.85446,YMNCKT_2026-05-24T22:00:00+0000_134.2279
YMNCKT,Yamuna at Chitrakoot,Yamuna Basin,2026-05-24 23:00:00+00:00,134.14145051112848,NORMAL,136.0,137.0,138.0,25.14133,80.85446,YMNCKT_2026-05-24T23:00:00+0000_134.1415
YMNCKT,Yamuna at Chitrakoot,Yamuna Basin,2026-05-25 00:00:00+00:00,134.08837903052057,NORMAL,136.0,137.0,138.0,25.14133,80.85446,YMNCKT_2026-05-25T00:00:00+0000_134.0884
YMNCKT,Yamuna at Chitrakoot,Yamuna Basin,2026-05-25 01:00:00+00:00,134.12443777402206,NORMAL,136.0,137.0,138.0,25.14133,80.85446,YMNCKT_2026-05-25T01:00:00+0000_134.1244
YMNCKT,Yamuna at Chitrakoot,Yamuna Basin,2026-05-25 02:00:00+00:00,133.98402351262422,NORMAL,136.0,137.0,138.0,25.14133,80.85446,YMNCKT_2026-05-25T02:00:00+0000_133.9840
YMNCKT,Yamuna at Chitrakoot,Yamuna Basin,2026-05-25 03:00:00+00:00,133.95631587183087,NORMAL,136.0,137.0,138.0,25.14133,80.85446,YMNCKT_2026-05-25T03:00:00+0000_133.9563
YMNCKT,Yamuna at Chitrakoot,Yamuna Basin,2026-05-25 04:00:00+00:00,133.95112125699296,NORMAL,136.0,137.0,138.0,25.14133,80.85446,YMNCKT_2026-05-25T04:00:00+0000_133.9511
YMNCKT,Yamuna at Chitrakoot,Yamuna Basin,2026-05-25 05:00:00+00:00,133.87645150442663,NORMAL,136.0,137.0,138.0,25.14133,80.85446,YMNCKT_2026-05-25T05:00:00+0000_133.8765
YMNCKT,Yamuna at Chitrakoot,Yamuna Basin,2026-05-25 06:00:00+00:00,133.84599255623442,NORMAL,136.0,137.0,138.0,25.14133,80.85446,YMNCKT_2026-05-25T06:00:00+0000_133.8460
YMNCKT,Yamuna at Chitrakoot,Yamuna Basin,2026-05-25 07:00:00+00:00,133.88794866961868,NORMAL,136.0,137.0,138.0,25.14133,80.85446,YMNCKT_2026-05-25T07:00:00+0000_133.8879
YMNCKT,Yamuna at Chitrakoot,Yamuna Basin,2026-05-25 08:00:00+00:00,133.86507083040078,NORMAL,136.0,137.0,138.0,25.14133,80.85446,YMNCKT_2026-05-25T08:00:00+0000_133.8651
YMNCKT,Yamuna at Chitrakoot,Yamuna Basin,2026-05-25 09:00:00+00:00,133.90324748856008,NORMAL,136.0,137.0,138.0,25.14133,80.85446,YMNCKT_2026-05-25T09:00:00+0000_133.9032
YMNCKT,Yamuna at Chitrakoot,Yamuna Basin,2026-05-25 10:00:00+00:00,133.9043649444688,NORMAL,136.0,137.0,138.0,25.14133,80.85446,YMNCKT_2026-05-25T10:00:00+0000_133.9044
YMNCKT,Yamuna at Chitrakoot,Yamuna Basin,2026-05-25 11:00:00+00:00,133.93669353484717,NORMAL,136.0,137.0,138.0,25.14133,80.85446,YMNCKT_2026-05-25T11:00:00+0000_133.9367
YMNCKT,Yamuna at Chitrakoot,Yamuna Basin,2026-05-25 12:00:00+00:00,134.0363702505339,NORMAL,136.0,137.0,138.0,25.14133,80.85446,YMNCKT_2026-05-25T12:00:00+0000_134.0364
YMNCKT,Yamuna at Chitrakoot,Yamuna Basin,2026-05-25 13:00:00+00:00,134.12123552800057,NORMAL,136.0,137.0,138.0,25.14133,80.85446,YMNCKT_2026-05-25T13:00:00+0000_134.1212
YMNCKT,Yamuna at Chitrakoot,Yamuna Basin,2026-05-25 14:00:00+00:00,134.13290100981075,NORMAL,136.0,137.0,138.0,25.14133,80.85446,YMNCKT_2026-05-25T14:00:00+0000_134.1329
YMNCKT,Yamuna at Chitrakoot,Yamuna Basin,2026-05-25 15:00:00+00:00,134.22602825882743,NORMAL,136.0,137.0,138.0,25.14133,80.85446,YMNCKT_2026-05-25T15:00:00+0000_134.2260
YMNCKT,Yamuna at Chitrakoot,Yamuna Basin,2026-05-25 16:00:00+00:00,134.1965069007863,NORMAL,136.0,137.0,138.0,25.14133,80.85446,YMNCKT_2026-05-25T16:00:00+0000_134.1965
YMNCKT,Yamuna at Chitrakoot,Yamuna Basin,2026-05-25 17:00:00+00:00,134.31107999956197,NORMAL,136.0,137.0,138.0,25.14133,80.85446,YMNCKT_2026-05-25T17:00:00+0000_134.3111
YMNCKT,Yamuna at Chitrakoot,Yamuna Basin,2026-05-25 18:00:00+00:00,134.3351823525194,NORMAL,136.0,137.0,138.0,25.14133,80.85446,YMNCKT_2026-05-25T18:00:00+0000_134.3352
YMNCKT,Yamuna at Chitrakoot,Yamuna Basin,2026-05-25 19:00:00+00:00,134.30412191473425,NORMAL,136.0,137.0,138.0,25.14133,80.85446,YMNCKT_2026-05-25T19:00:00+0000_134.3041
YMNCKT,Yamuna at Chitrakoot,Yamuna Basin,2026-05-25 20:00:00+00:00,134.2936256310119,NORMAL,136.0,137.0,138.0,25.14133,80.85446,YMNCKT_2026-05-25T20:00:00+0000_134.2936
YMNCKT,Yamuna at Chitrakoot,Yamuna Basin,2026-05-25 21:00:00+00:00,134.22427347844203,NORMAL,136.0,137.0,138.0,25.14133,80.85446,YMNCKT_2026-05-25T21:00:00+0000_134.2243
YMNCKT,Yamuna at Chitrakoot,Yamuna Basin,2026-05-25 22:00:00+00:00,134.27434485636593,NORMAL,136.0,137.0,138.0,25.14133,80.85446,YMNCKT_2026-05-25T22:00:00+0000_134.2743
YMNCKT,Yamuna at Chitrakoot,Yamuna Basin,2026-05-25 23:00:00+00:00,134.1736621585852,NORMAL,136.0,137.0,138.0,25.14133,80.85446,YMNCKT_2026-05-25T23:00:00+0000_134.1737
YMNCKT,Yamuna at Chitrakoot,Yamuna Basin,2026-05-26 00:00:00+00:00,134.11212043980302,NORMAL,136.0,137.0,138.0,25.14133,80.85446,YMNCKT_2026-05-26T00:00:00+0000_134.1121
YMNCKT,Yamuna at Chitrakoot,Yamuna Basin,2026-05-26 01:00:00+00:00,134.05288513429076,NORMAL,136.0,137.0,138.0,25.14133,80.85446,YMNCKT_2026-05-26T01:00:00+0000_134.0529
YMNCKT,Yamuna at Chitrakoot,Yamuna Basin,2026-05-26 02:00:00+00:00,134.05256374246628,NORMAL,136.0,137.0,138.0,25.14133,80.85446,YMNCKT_2026-05-26T02:00:00+0000_134.0526
YMNCKT,Yamuna at Chitrakoot,Yamuna Basin,2026-05-26 03:00:00+00:00,134.0079430986171,NORMAL,136.0,137.0,138.0,25.14133,80.85446,YMNCKT_2026-05-26T03:00:00+0000_134.0079
YMNCKT,Yamuna at Chitrakoot,Yamuna Basin,2026-05-26 04:00:00+00:00,133.8806645736186,NORMAL,136.0,137.0,138.0,25.14133,80.85446,YMNCKT_2026-05-26T04:00:00+0000_133.8807
YMNCKT,Yamuna at Chitrakoot,Yamuna Basin,2026-05-26 05:00:00+00:00,133.90486922553222,NORMAL,136.0,137.0,138.0,25.14133,80.85446,YMNCKT_2026-05-26T05:00:00+0000_133.9049
YMNCKT,Yamuna at Chitrakoot,Yamuna Basin,2026-05-26 06:00:00+00:00,133.88259534259834,NORMAL,136.0,137.0,138.0,25.14133,80.85446,YMNCKT_2026-05-26T06:00:00+0000_133.8826
YMNCKT,Yamuna at Chitrakoot,Yamuna Basin,2026-05-26 07:00:00+00:00,133.86778244244366,NORMAL,136.0,137.0,138.0,25.14133,80.85446,YMNCKT_2026-05-26T07:00:00+0000_133.8678
YMNCKT,Yamuna at Chitrakoot,Yamuna Basin,2026-05-26 08:00:00+00:00,133.84425228792364,NORMAL,136.0,137.0,138.0,25.14133,80.85446,YMNCKT_2026-05-26T08:00:00+0000_133.8443
YMNCKT,Yamuna at Chitrakoot,Yamuna Basin,2026-05-26 09:00:00+00:00,133.86382002384696,NORMAL,136.0,137.0,138.0,25.14133,80.85446,YMNCKT_2026-05-26T09:00:00+0000_133.8638
YMNCKT,Yamuna at Chitrakoot,Yamuna Basin,2026-05-26 10:00:00+00:00,133.9381562421154,NORMAL,136.0,137.0,138.0,25.14133,80.85446,YMNCKT_2026-05-26T10:00:00+0000_133.9382
YMNCKT,Yamuna at Chitrakoot,Yamuna Basin,2026-05-26 11:00:00+00:00,134.0055722939648,NORMAL,136.0,137.0,138.0,25.14133,80.85446,YMNCKT_2026-05-26T11:00:00+0000_134.0056
YMNCKT,Yamuna at Chitrakoot,Yamuna Basin,2026-05-26 12:00:00+00:00,134.07235662284316,NORMAL,136.0,137.0,138.0,25.14133,80.85446,YMNCKT_2026-05-26T12:00:00+0000_134.0724
YMNCKT,Yamuna at Chitrakoot,Yamuna Basin,2026-05-26 13:00:00+00:00,134.08973597852898,NORMAL,136.0,137.0,138.0,25.14133,80.85446,YMNCKT_2026-05-26T13:00:00+0000_134.0897
YMNCKT,Yamuna at Chitrakoot,Yamuna Basin,2026-05-26 14:00:00+00:00,134.1853911087617,NORMAL,136.0,137.0,138.0,25.14133,80.85446,YMNCKT_2026-05-26T14:00:00+0000_134.1854
YMNCKT,Yamuna at Chitrakoot,Yamuna Basin,2026-05-26 15:00:00+00:00,134.18480156482312,NORMAL,136.0,137.0,138.0,25.14133,80.85446,YMNCKT_2026-05-26T15:00:00+0000_134.1848
YMNCKT,Yamuna at Chitrakoot,Yamuna Basin,2026-05-26 16:00:00+00:00,136.23758581364825,WARNING,136.0,137.0,138.0,25.14133,80.85446,YMNCKT_2026-05-26T16:00:00+0000_136.2376
YMNCKT,Yamuna at Chitrakoot,Yamuna Basin,2026-05-26 17:00:00+00:00,136.0866895228698,WARNING,136.0,137.0,138.0,25.14133,80.85446,YMNCKT_2026-05-26T17:00:00+0000_136.0867
YMNCKT,Yamuna at Chitrakoot,Yamuna Basin,2026-05-26 18:00:00+00:00,135.90140953469086,NORMAL,136.0,137.0,138.0,25.14133,80.85446,YMNCKT_2026-05-26T18:00:00+0000_135.9014
YMNCKT,Yamuna at Chitrakoot,Yamuna Basin,2026-05-26 19:00:00+00:00,135.808432288135,NORMAL,136.0,137.0,138.0,25.14133,80.85446,YMNCKT_2026-05-26T19:00:00+0000_135.8084
YMNCKT,Yamuna at Chitrakoot,Yamuna Basin,2026-05-26 20:00:00+00:00,135.59655633899135,NORMAL,136.0,137.0,138.0,25.14133,80.85446,YMNCKT_2026-05-26T20:00:00+0000_135.5966
YMNCKT,Yamuna at Chitrakoot,Yamuna Basin,2026-05-26 21:00:00+00:00,134.2714952592667,NORMAL,136.0,137.0,138.0,25.14133,80.85446,YMNCKT_2026-05-26T21:00:00+0000_134.2715
YMNCKT,Yamuna at Chitrakoot,Yamuna Basin,2026-05-26 22:00:00+00:00,134.21637128402952,NORMAL,136.0,137.0,138.0,25.14133,80.85446,YMNCKT_2026-05-26T22:00:00+0000_134.2164
YMNCKT,Yamuna at Chitrakoot,Yamuna Basin,2026-05-26 23:00:00+00:00,134.1897231693434,NORMAL,136.0,137.0,138.0,25.14133,80.85446,YMNCKT_2026-05-26T23:00:00+0000_134.1897
YMNCKT,Yamuna at Chitrakoot,Yamuna Basin,2026-05-27 00:00:00+00:00,134.12308335104572,NORMAL,136.0,137.0,138.0,25.14133,80.85446,YMNCKT_2026-05-27T00:00:00+0000_134.1231
YMNCKT,Yamuna at Chitrakoot,Yamuna Basin,2026-05-27 01:00:00+00:00,134.05391439150833,NORMAL,136.0,137.0,138.0,25.14133,80.85446,YMNCKT_2026-05-27T01:00:00+0000_134.0539
YMNCKT,Yamuna at Chitrakoot,Yamuna Basin,2026-05-27 02:00:00+00:00,134.05511612781018,NORMAL,136.0,137.0,138.0,25.14133,80.85446,YMNCKT_2026-05-27T02:00:00+0000_134.0551
YMNCKT,Yamuna at Chitrakoot,Yamuna Basin,2026-05-27 03:00:00+00:00,133.99270914957862,NORMAL,136.0,137.0,138.0,25.14133,80.85446,YMNCKT_2026-05-27T03:00:00+0000_133.9927
YMNCKT,Yamuna at Chitrakoot,Yamuna Basin,2026-05-27 04:00:00+00:00,133.97407415388707,NORMAL,136.0,137.0,138.0,25.14133,80.85446,YMNCKT_2026-05-27T04:00:00+0000_133.9741
YMNCKT,Yamuna at Chitrakoot,Yamuna Basin,2026-05-27 05:00:00+00:00,133.9361887225185,NORMAL,136.0,137.0,138.0,25.14133,80.85446,YMNCKT_2026-05-27T05:00:00+0000_133.9362
YMNCKT,Yamuna at Chitrakoot,Yamuna Basin,2026-05-27 06:00:00+00:00,133.84883996972798,NORMAL,136.0,137.0,138.0,25.14133,80.85446,YMNCKT_2026-05-27T06:00:00+0000_133.8488
YMNCKT,Yamuna at Chitrakoot,Yamuna Basin,2026-05-27 07:00:00+00:00,133.82603835393388,NORMAL,136.0,137.0,138.0,25.14133,80.85446,YMNCKT_2026-05-27T07:00:00+0000_133.8260
YMNCKT,Yamuna at Chitrakoot,Yamuna Basin,2026-05-27 08:00:00+00:00,133.8749147030887,NORMAL,136.0,137.0,138.0,25.14133,80.85446,YMNCKT_2026-05-27T08:00:00+0000_133.8749
YMNCKT,Yamuna at Chitrakoot,Yamuna Basin,2026-05-27 09:00:00+00:00,133.85198349059849,NORMAL,136.0,137.0,138.0,25.14133,80.85446,YMNCKT_2026-05-27T09:00:00+0000_133.8520
YMNCKT,Yamuna at Chitrakoot,Yamuna Basin,2026-05-27 10:00:00+00:00,133.95314740783678,NORMAL,136.0,137.0,138.0,25.14133,80.85446,YMNCKT_2026-05-27T10:00:00+0000_133.9531
YMNCKT,Yamuna at Chitrakoot,Yamuna Basin,2026-05-27 11:00:00+00:00,133.92920396803038,NORMAL,136.0,137.0,138.0,25.14133,80.85446,YMNCKT_2026-05-27T11:00:00+0000_133.9292
YMNCKT,Yamuna at Chitrakoot,Yamuna Basin,2026-05-27 12:00:00+00:00,134.0460168285809,NORMAL,136.0,137.0,138.0,25.14133,80.85446,YMNCKT_2026-05-27T12:00:00+0000_134.0460
YMNCKT,Yamuna at Chitrakoot,Yamuna Basin,2026-05-27 13:00:00+00:00,,,136.0,137.0,138.0,25.14133,80.85446,YMNCKT_2026-05-27T13:00:00+0000_
YMNCKT,Yamuna at Chitrakoot,Yamuna Basin,2026-05-27 14:00:00+00:00,134.15922934214947,NORMAL,136.0,137.0,138.0,25.14133,80.85446,YMNCKT_2026-05-27T14:00:00+0000_134.1592
YMNCKT,Yamuna at Chitrakoot,Yamuna Basin,2026-05-27 15:00:00+00:00,134.16808503718042,NORMAL,136.0,137.0,138.0,25.14133,80.85446,YMNCKT_2026-05-27T15:00:00+0000_134.1681
YMNCKT,Yamuna at Chitrakoot,Yamuna Basin,2026-05-27 16:00:00+00:00,134.21376704326278,NORMAL,136.0,137.0,138.0,25.14133,80.85446,YMNCKT_2026-05-27T16:00:00+0000_134.2138
YMNCKT,Yamuna at Chitrakoot,Yamuna Basin,2026-05-27 17:00:00+00:00,134.31284415415274,NORMAL,136.0,137.0,138.0,25.14133,80.85446,YMNCKT_2026-05-27T17:00:00+0000_134.3128
YMNCKT,Yamuna at Chitrakoot,Yamuna Basin,2026-05-27 18:00:00+00:00,134.3289035276989,NORMAL,136.0,137.0,138.0,25.14133,80.85446,YMNCKT_2026-05-27T18:00:00+0000_134.3289
YMNCKT,Yamuna at Chitrakoot,Yamuna Basin,2026-05-27 19:00:00+00:00,134.256538811975,NORMAL,136.0,137.0,138.0,25.14133,80.85446,YMNCKT_2026-05-27T19:00:00+0000_134.2565
YMNCKT,Yamuna at Chitrakoot,Yamuna Basin,2026-05-27 20:00:00+00:00,134.30181037942316,NORMAL,136.0,137.0,138.0,25.14133,80.85446,YMNCKT_2026-05-27T20:00:00+0000_134.3018
YMNCKT,Yamuna at Chitrakoot,Yamuna Basin,2026-05-27 21:00:00+00:00,134.3141127595143,NORMAL,136.0,137.0,138.0,25.14133,80.85446,YMNCKT_2026-05-27T21:00:00+0000_134.3141
YMNCKT,Yamuna at Chitrakoot,Yamuna Basin,2026-05-27 22:00:00+00:00,134.20499083409712,NORMAL,136.0,137.0,138.0,25.14133,80.85446,YMNCKT_2026-05-27T22:00:00+0000_134.2050
YMNCKT,Yamuna at Chitrakoot,Yamuna Basin,2026-05-27 23:00:00+00:00,134.18336885470563,NORMAL,136.0,137.0,138.0,25.14133,80.85446,YMNCKT_2026-05-27T23:00:00+0000_134.1834
YMNCKT,Yamuna at Chitrakoot,Yamuna Basin,2026-05-28 00:00:00+00:00,134.14424147873072,NORMAL,136.0,137.0,138.0,25.14133,80.85446,YMNCKT_2026-05-28T00:00:00+0000_134.1442
YMNCKT,Yamuna at Chitrakoot,Yamuna Basin,2026-05-28 01:00:00+00:00,134.04205543546323,NORMAL,136.0,137.0,138.0,25.14133,80.85446,YMNCKT_2026-05-28T01:00:00+0000_134.0421
YMNCKT,Yamuna at Chitrakoot,Yamuna Basin,2026-05-28 02:00:00+00:00,134.05511941233183,NORMAL,136.0,137.0,138.0,25.14133,80.85446,YMNCKT_2026-05-28T02:00:00+0000_134.0551
YMNCKT,Yamuna at Chitrakoot,Yamuna Basin,2026-05-28 03:00:00+00:00,134.02501188224315,NORMAL,136.0,137.0,138.0,25.14133,80.85446,YMNCKT_2026-05-28T03:00:00+0000_134.0250
YMNCKT,Yamuna at Chitrakoot,Yamuna Basin,2026-05-28 04:00:00+00:00,133.90195197522198,NORMAL,136.0,137.0,138.0,25.14133,80.85446,YMNCKT_2026-05-28T04:00:00+0000_133.9020
YMNCKT,Yamuna at Chitrakoot,Yamuna Basin,2026-05-28 05:00:00+00:00,133.8646356554021,NORMAL,136.0,137.0,138.0,25.14133,80.85446,YMNCKT_2026-05-28T05:00:00+0000_133.8646
YMNCKT,Yamuna at Chitrakoot,Yamuna Basin,2026-05-28 06:00:00+00:00,133.89848941502015,NORMAL,136.0,137.0,138.0,25.14133,80.85446,YMNCKT_2026-05-28T06:00:00+0000_133.8985
YMNCKT,Yamuna at Chitrakoot,Yamuna Basin,2026-05-28 07:00:00+00:00,133.89525629620962,NORMAL,136.0,137.0,138.0,25.14133,80.85446,YMNCKT_2026-05-28T07:00:00+0000_133.8953
YMNCKT,Yamuna at Chitrakoot,Yamuna Basin,2026-05-28 08:00:00+00:00,133.83181581537596,NORMAL,136.0,137.0,138.0,25.14133,80.85446,YMNCKT_2026-05-28T08:00:00+0000_133.8318
YMNCKT,Yamuna at Chitrakoot,Yamuna Basin,2026-05-28 09:00:00+00:00,133.89355244197017,NORMAL,136.0,137.0,138.0,25.14133,80.85446,YMNCKT_2026-05-28T09:00:00+0000_133.8936
YMNCKT,Yamuna at Chitrakoot,Yamuna Basin,2026-05-28 10:00:00+00:00,133.90900332125975,NORMAL,136.0,137.0,138.0,25.14133,80.85446,YMNCKT_2026-05-28T10:00:00+0000_133.9090
YMNCKT,Yamuna at Chitrakoot,Yamuna Basin,2026-05-28 11:00:00+00:00,133.98834876160532,NORMAL,136.0,137.0,138.0,25.14133,80.85446,YMNCKT_2026-05-28T11:00:00+0000_133.9883
YMNCKT,Yamuna at Chitrakoot,Yamuna Basin,2026-05-28 12:00:00+00:00,134.01367017055236,NORMAL,136.0,137.0,138.0,25.14133,80.85446,YMNCKT_2026-05-28T12:00:00+0000_134.0137
YMNCKT,Yamuna at Chitrakoot,Yamuna Basin,2026-05-28 13:00:00+00:00,134.1320272937197,NORMAL,136.0,137.0,138.0,25.14133,80.85446,YMNCKT_2026-05-28T13:00:00+0000_134.1320
YMNCKT,Yamuna at Chitrakoot,Yamuna Basin,2026-05-28 14:00:00+00:00,134.10051660220702,NORMAL,136.0,137.0,138.0,25.14133,80.85446,YMNCKT_2026-05-28T14:00:00+0000_134.1005
YMNCKT,Yamuna at Chitrakoot,Yamuna Basin,2026-05-28 15:00:00+00:00,134.17324658837387,NORMAL,136.0,137.0,138.0,25.14133,80.85446,YMNCKT_2026-05-28T15:00:00+0000_134.1732
YMNCKT,Yamuna at Chitrakoot,Yamuna Basin,2026-05-28 16:00:00+00:00,134.1940338281376,NORMAL,136.0,137.0,138.0,25.14133,80.85446,YMNCKT_2026-05-28T16:00:00+0000_134.1940
YMNCKT,Yamuna at Chitrakoot,Yamuna Basin,2026-05-28 17:00:00+00:00,134.31853866849568,NORMAL,136.0,137.0,138.0,25.14133,80.85446,YMNCKT_2026-05-28T17:00:00+0000_134.3185
YMNCKT,Yamuna at Chitrakoot,Yamuna Basin,2026-05-28 18:00:00+00:00,134.34258671975243,NORMAL,136.0,137.0,138.0,25.14133,80.85446,YMNCKT_2026-05-28T18:00:00+0000_134.3426
YMNCKT,Yamuna at Chitrakoot,Yamuna Basin,2026-05-28 19:00:00+00:00,134.29404500229396,NORMAL,136.0,137.0,138.0,25.14133,80.85446,YMNCKT_2026-05-28T19:00:00+0000_134.2940
YMNCKT,Yamuna at Chitrakoot,Yamuna Basin,2026-05-28 20:00:00+00:00,134.25710151107063,NORMAL,136.0,137.0,138.0,25.14133,80.85446,YMNCKT_2026-05-28T20:00:00+0000_134.2571
YMNCKT,Yamuna at Chitrakoot,Yamuna Basin,2026-05-28 21:00:00+00:00,134.22901246903783,NORMAL,136.0,137.0,138.0,25.14133,80.85446,YMNCKT_2026-05-28T21:00:00+0000_134.2290
YMNCKT,Yamuna at Chitrakoot,Yamuna Basin,2026-05-28 22:00:00+00:00,134.2063679900875,NORMAL,136.0,137.0,138.0,25.14133,80.85446,YMNCKT_2026-05-28T22:00:00+0000_134.2064
YMNCKT,Yamuna at Chitrakoot,Yamuna Basin,2026-05-28 23:00:00+00:00,134.21001215871962,NORMAL,136.0,137.0,138.0,25.14133,80.85446,YMNCKT_2026-05-28T23:00:00+0000_134.2100
YMNCKT,Yamuna at Chitrakoot,Yamuna Basin,2026-05-29 00:00:00+00:00,134.13985281427853,NORMAL,136.0,137.0,138.0,25.14133,80.85446,YMNCKT_2026-05-29T00:00:00+0000_134.1399
YMNCKT,Yamuna at Chitrakoot,Yamuna Basin,2026-05-29 01:00:00+00:00,137.61028554146452,DANGER,136.0,137.0,138.0,25.14133,80.85446,YMNCKT_2026-05-29T01:00:00+0000_137.6103
YMNCKT,Yamuna at Chitrakoot,Yamuna Basin,2026-05-29 02:00:00+00:00,137.25211971101763,DANGER,136.0,137.0,138.0,25.14133,80.85446,YMNCKT_2026-05-29T02:00:00+0000_137.2521
YMNCKT,Yamuna at Chitrakoot,Yamuna Basin,2026-05-29 03:00:00+00:00,136.86220695788967,WARNING,136.0,137.0,138.0,25.14133,80.85446,YMNCKT_2026-05-29T03:00:00+0000_136.8622
YMNCKT,Yamuna at Chitrakoot,Yamuna Basin,2026-05-29 04:00:00+00:00,136.4807278754988,WARNING,136.0,137.0,138.0,25.14133,80.85446,YMNCKT_2026-05-29T04:00:00+0000_136.4807
YMNCKT,Yamuna at Chitrakoot,Yamuna Basin,2026-05-29 05:00:00+00:00,133.93494742053286,NORMAL,136.0,137.0,138.0,25.14133,80.85446,YMNCKT_2026-05-29T05:00:00+0000_133.9349
YMNCKT,Yamuna at Chitrakoot,Yamuna Basin,2026-05-29 06:00:00+00:00,133.8749392038191,NORMAL,136.0,137.0,138.0,25.14133,80.85446,YMNCKT_2026-05-29T06:00:00+0000_133.8749
YMNCKT,Yamuna at Chitrakoot,Yamuna Basin,2026-05-29 07:00:00+00:00,133.84852467080296,NORMAL,136.0,137.0,138.0,25.14133,80.85446,YMNCKT_2026-05-29T07:00:00+0000_133.8485
YMNCKT,Yamuna at Chitrakoot,Yamuna Basin,2026-05-29 08:00:00+00:00,133.86672309179858,NORMAL,136.0,137.0,138.0,25.14133,80.85446,YMNCKT_2026-05-29T08:00:00+0000_133.8667
YMNCKT,Yamuna at Chitrakoot,Yamuna Basin,2026-05-29 09:00:00+00:00,133.86640642315783,NORMAL,136.0,137.0,138.0,25.14133,80.85446,YMNCKT_2026-05-29T09:00:00+0000_133.8664
YMNCKT,Yamuna at Chitrakoot,Yamuna Basin,2026-05-29 10:00:00+00:00,133.950668598835,NORMAL,136.0,137.0,138.0,25.14133,80.85446,YMNCKT_2026-05-29T10:00:00+0000_133.9507
YMNCKT,Yamuna at Chitrakoot,Yamuna Basin,2026-05-29 11:00:00+00:00,134.00395501357994,NORMAL,136.0,137.0,138.0,25.14133,80.85446,YMNCKT_2026-05-29T11:00:00+0000_134.0040
YMNCKT,Yamuna at Chitrakoot,Yamuna Basin,2026-05-29 12:00:00+00:00,134.03677640574534,NORMAL,136.0,137.0,138.0,25.14133,80.85446,YMNCKT_2026-05-29T12:00:00+0000_134.0368
YMNCKT,Yamuna at Chitrakoot,Yamuna Basin,2026-05-29 13:00:00+00:00,134.13667907045706,NORMAL,136.0,137.0,138.0,25.14133,80.85446,YMNCKT_2026-05-29T13:00:00+0000_134.1367
YMNCKT,Yamuna at Chitrakoot,Yamuna Basin,2026-05-29 14:00:00+00:00,134.09963511957622,NORMAL,136.0,137.0,138.0,25.14133,80.85446,YMNCKT_2026-05-29T14:00:00+0000_134.0996
YMNCKT,Yamuna at Chitrakoot,Yamuna Basin,2026-05-29 15:00:00+00:00,134.20021095621686,NORMAL,136.0,137.0,138.0,25.14133,80.85446,YMNCKT_2026-05-29T15:00:00+0000_134.2002
YMNCKT,Yamuna at Chitrakoot,Yamuna Basin,2026-05-29 16:00:00+00:00,134.2251846239034,NORMAL,136.0,137.0,138.0,25.14133,80.85446,YMNCKT_2026-05-29T16:00:00+0000_134.2252
YMNCKT,Yamuna at Chitrakoot,Yamuna Basin,2026-05-29 17:00:00+00:00,134.29514745376676,NORMAL,136.0,137.0,138.0,25.14133,80.85446,YMNCKT_2026-05-29T17:00:00+0000_134.2951
YMNCKT,Yamuna at Chitrakoot,Yamuna Basin,2026-05-29 18:00:00+00:00,134.28327896826113,NORMAL,136.0,137.0,138.0,25.14133,80.85446,YMNCKT_2026-05-29T18:00:00+0000_134.2833
YMNCKT,Yamuna at Chitrakoot,Yamuna Basin,2026-05-29 19:00:00+00:00,134.3299230985198,NORMAL,136.0,137.0,138.0,25.14133,80.85446,YMNCKT_2026-05-29T19:00:00+0000_134.3299
YMNCKT,Yamuna at Chitrakoot,Yamuna Basin,2026-05-29 20:00:00+00:00,134.27970086234464,NORMAL,136.0,137.0,138.0,25.14133,80.85446,YMNCKT_2026-05-29T20:00:00+0000_134.2797
YMNCKT,Yamuna at Chitrakoot,Yamuna Basin,2026-05-29 21:00:00+00:00,134.32336913400636,NORMAL,136.0,137.0,138.0,25.14133,80.85446,YMNCKT_2026-05-29T21:00:00+0000_134.3234
YMNCKT,Yamuna at Chitrakoot,Yamuna Basin,2026-05-29 22:00:00+00:00,134.2264111917282,NORMAL,136.0,137.0,138.0,25.14133,80.85446,YMNCKT_2026-05-29T22:00:00+0000_134.2264
YMNCKT,Yamuna at Chitrakoot,Yamuna Basin,2026-05-29 23:00:00+00:00,134.2383844964061,NORMAL,136.0,137.0,138.0,25.14133,80.85446,YMNCKT_2026-05-29T23:00:00+0000_134.2384
YMNCKT,Yamuna at Chitrakoot,Yamuna Basin,2026-05-30 00:00:00+00:00,134.1507007186461,NORMAL,136.0,137.0,138.0,25.14133,80.85446,YMNCKT_2026-05-30T00:00:00+0000_134.1507
YMNCKT,Yamuna at Chitrakoot,Yamuna Basin,2026-05-30 01:00:00+00:00,134.0605691787487,NORMAL,136.0,137.0,138.0,25.14133,80.85446,YMNCKT_2026-05-30T01:00:00+0000_134.0606
YMNCKT,Yamuna at Chitrakoot,Yamuna Basin,2026-05-30 02:00:00+00:00,,,136.0,137.0,138.0,25.14133,80.85446,YMNCKT_2026-05-30T02:00:00+0000_
YMNCKT,Yamuna at Chitrakoot,Yamuna Basin,2026-05-30 03:00:00+00:00,134.0132445599801,NORMAL,136.0,137.0,138.0,25.14133,80.85446,YMNCKT_2026-05-30T03:00:00+0000_134.0132
YMNCKT,Yamuna at Chitrakoot,Yamuna Basin,2026-05-30 04:00:00+00:00,133.97819529228033,NORMAL,136.0,137.0,138.0,25.14133,80.85446,YMNCKT_2026-05-30T04:00:00+0000_133.9782
YMNCKT,Yamuna at Chitrakoot,Yamuna Basin,2026-05-30 05:00:00+00:00,133.89014337820927,NORMAL,136.0,137.0,138.0,25.14133,80.85446,YMNCKT_2026-05-30T05:00:00+0000_133.8901
YMNCKT,Yamuna at Chitrakoot,Yamuna Basin,2026-05-30 06:00:00+00:00,133.91077583852,NORMAL,136.0,137.0,138.0,25.14133,80.85446,YMNCKT_2026-05-30T06:00:00+0000_133.9108
YMNCKT,Yamuna at Chitrakoot,Yamuna Basin,2026-05-30 07:00:00+00:00,133.91071559355632,NORMAL,136.0,137.0,138.0,25.14133,80.85446,YMNCKT_2026-05-30T07:00:00+0000_133.9107
YMNCKT,Yamuna at Chitrakoot,Yamuna Basin,2026-05-30 08:00:00+00:00,133.85532714996646,NORMAL,136.0,137.0,138.0,25.14133,80.85446,YMNCKT_2026-05-30T08:00:00+0000_133.8553
YMNCKT,Yamuna at Chitrakoot,Yamuna Basin,2026-05-30 09:00:00+00:00,133.93621503334057,NORMAL,136.0,137.0,138.0,25.14133,80.85446,YMNCKT_2026-05-30T09:00:00+0000_133.9362
YMNCKT,Yamuna at Chitrakoot,Yamuna Basin,2026-05-30 10:00:00+00:00,133.92304127432243,NORMAL,136.0,137.0,138.0,25.14133,80.85446,YMNCKT_2026-05-30T10:00:00+0000_133.9230
YMNCKT,Yamuna at Chitrakoot,Yamuna Basin,2026-05-30 11:00:00+00:00,133.97400137481492,NORMAL,136.0,137.0,138.0,25.14133,80.85446,YMNCKT_2026-05-30T11:00:00+0000_133.9740
YMNCKT,Yamuna at Chitrakoot,Yamuna Basin,2026-05-30 12:00:00+00:00,134.04768701913454,NORMAL,136.0,137.0,138.0,25.14133,80.85446,YMNCKT_2026-05-30T12:00:00+0000_134.0477
YMNCKT,Yamuna at Chitrakoot,Yamuna Basin,2026-05-30 13:00:00+00:00,134.12883190006883,NORMAL,136.0,137.0,138.0,25.14133,80.85446,YMNCKT_2026-05-30T13:00:00+0000_134.1288
YMNCKT,Yamuna at Chitrakoot,Yamuna Basin,2026-05-30 14:00:00+00:00,134.13501968749554,NORMAL,136.0,137.0,138.0,25.14133,80.85446,YMNCKT_2026-05-30T14:00:00+0000_134.1350
YMNCKT,Yamuna at Chitrakoot,Yamuna Basin,2026-05-30 15:00:00+00:00,134.242556225576,NORMAL,136.0,137.0,138.0,25.14133,80.85446,YMNCKT_2026-05-30T15:00:00+0000_134.2426
YMNCKT,Yamuna at Chitrakoot,Yamuna Basin,2026-05-30 16:00:00+00:00,134.22947660206043,NORMAL,136.0,137.0,138.0,25.14133,80.85446,YMNCKT_2026-05-30T16:00:00+0000_134.2295
YMNCKT,Yamuna at Chitrakoot,Yamuna Basin,2026-05-30 17:00:00+00:00,134.28371449396673,NORMAL,136.0,137.0,138.0,25.14133,80.85446,YMNCKT_2026-05-30T17:00:00+0000_134.2837
YMNCKT,Yamuna at Chitrakoot,Yamuna Basin,2026-05-30 18:00:00+00:00,134.2838380554867,NORMAL,136.0,137.0,138.0,25.14133,80.85446,YMNCKT_2026-05-30T18:00:00+0000_134.2838
YMNCKT,Yamuna at Chitrakoot,Yamuna Basin,2026-05-30 19:00:00+00:00,134.3282804867651,NORMAL,136.0,137.0,138.0,25.14133,80.85446,YMNCKT_2026-05-30T19:00:00+0000_134.3283
YMNCKT,Yamuna at Chitrakoot,Yamuna Basin,2026-05-30 20:00:00+00:00,,,136.0,137.0,138.0,25.14133,80.85446,YMNCKT_2026-05-30T20:00:00+0000_
YMNCKT,Yamuna at Chitrakoot,Yamuna Basin,2026-05-30 21:00:00+00:00,134.28478417008407,NORMAL,136.0,137.0,138.0,25.14133,80.85446,YMNCKT_2026-05-30T21:00:00+0000_134.2848
YMNCKT,Yamuna at Chitrakoot,Yamuna Basin,2026-05-30 22:00:00+00:00,134.28883390951057,NORMAL,136.0,137.0,138.0,25.14133,80.85446,YMNCKT_2026-05-30T22:00:00+0000_134.2888
YMNCKT,Yamuna at Chitrakoot,Yamuna Basin,2026-05-30 23:00:00+00:00,134.15391178766336,NORMAL,136.0,137.0,138.0,25.14133,80.85446,YMNCKT_2026-05-30T23:00:00+0000_134.1539
YMNCKT,Yamuna at Chitrakoot,Yamuna Basin,2026-05-31 00:00:00+00:00,134.11499746752236,NORMAL,136.0,137.0,138.0,25.14133,80.85446,YMNCKT_2026-05-31T00:00:00+0000_134.1150
YMNCKT,Yamuna at Chitrakoot,Yamuna Basin,2026-05-31 01:00:00+00:00,134.1108995977743,NORMAL,136.0,137.0,138.0,25.14133,80.85446,YMNCKT_2026-05-31T01:00:00+0000_134.1109
YMNCKT,Yamuna at Chitrakoot,Yamuna Basin,2026-05-31 02:00:00+00:00,134.0847023970235,NORMAL,136.0,137.0,138.0,25.14133,80.85446,YMNCKT_2026-05-31T02:00:00+0000_134.0847
YMNCKT,Yamuna at Chitrakoot,Yamuna Basin,2026-05-31 03:00:00+00:00,133.98598902258402,NORMAL,136.0,137.0,138.0,25.14133,80.85446,YMNCKT_2026-05-31T03:00:00+0000_133.9860
YMNCKT,Yamuna at Chitrakoot,Yamuna Basin,2026-05-31 04:00:00+00:00,133.9575238195741,NORMAL,136.0,137.0,138.0,25.14133,80.85446,YMNCKT_2026-05-31T04:00:00+0000_133.9575
YMNCKT,Yamuna at Chitrakoot,Yamuna Basin,2026-05-31 05:00:00+00:00,133.92240885116712,NORMAL,136.0,137.0,138.0,25.14133,80.85446,YMNCKT_2026-05-31T05:00:00+0000_133.9224
YMNCKT,Yamuna at Chitrakoot,Yamuna Basin,2026-05-31 06:00:00+00:00,133.89641492045712,NORMAL,136.0,137.0,138.0,25.14133,80.85446,YMNCKT_2026-05-31T06:00:00+0000_133.8964
YMNCKT,Yamuna at Chitrakoot,Yamuna Basin,2026-05-31 07:00:00+00:00,133.88199952098867,NORMAL,136.0,137.0,138.0,25.14133,80.85446,YMNCKT_2026-05-31T07:00:00+0000_133.8820
YMNCKT,Yamuna at Chitrakoot,Yamuna Basin,2026-05-31 08:00:00+00:00,133.9033889400786,NORMAL,136.0,137.0,138.0,25.14133,80.85446,YMNCKT_2026-05-31T08:00:00+0000_133.9034
YMNCKT,Yamuna at Chitrakoot,Yamuna Basin,2026-05-31 09:00:00+00:00,133.92352553498023,NORMAL,136.0,137.0,138.0,25.14133,80.85446,YMNCKT_2026-05-31T09:00:00+0000_133.9235
YMNCKT,Yamuna at Chitrakoot,Yamuna Basin,2026-05-31 10:00:00+00:00,133.9673145275806,NORMAL,136.0,137.0,138.0,25.14133,80.85446,YMNCKT_2026-05-31T10:00:00+0000_133.9673
YMNCKT,Yamuna at Chitrakoot,Yamuna Basin,2026-05-31 11:00:00+00:00,134.02200551606327,NORMAL,136.0,137.0,138.0,25.14133,80.85446,YMNCKT_2026-05-31T11:00:00+0000_134.0220
YMNCKT,Yamuna at Chitrakoot,Yamuna Basin,2026-05-31 12:00:00+00:00,,,136.0,137.0,138.0,25.14133,80.85446,YMNCKT_2026-05-31T12:00:00+0000_
YMNCKT,Yamuna at Chitrakoot,Yamuna Basin,2026-05-31 13:00:00+00:00,134.0748914585052,NORMAL,136.0,137.0,138.0,25.14133,80.85446,YMNCKT_2026-05-31T13:00:00+0000_134.0749
YMNCKT,Yamuna at Chitrakoot,Yamuna Basin,2026-05-31 14:00:00+00:00,134.13714476979206,NORMAL,136.0,137.0,138.0,25.14133,80.85446,YMNCKT_2026-05-31T14:00:00+0000_134.1371
YMNCKT,Yamuna at Chitrakoot,Yamuna Basin,2026-05-31 15:00:00+00:00,134.24894121553777,NORMAL,136.0,137.0,138.0,25.14133,80.85446,YMNCKT_2026-05-31T15:00:00+0000_134.2489
YMNCKT,Yamuna at Chitrakoot,Yamuna Basin,2026-05-31 16:00:00+00:00,134.21623844096663,NORMAL,136.0,137.0,138.0,25.14133,80.85446,YMNCKT_2026-05-31T16:00:00+0000_134.2162
YMNCKT,Yamuna at Chitrakoot,Yamuna Basin,2026-05-31 17:00:00+00:00,134.33452017742317,NORMAL,136.0,137.0,138.0,25.14133,80.85446,YMNCKT_2026-05-31T17:00:00+0000_134.3345
YMNCKT,Yamuna at Chitrakoot,Yamuna Basin,2026-05-31 18:00:00+00:00,134.3289523553729,NORMAL,136.0,137.0,138.0,25.14133,80.85446,YMNCKT_2026-05-31T18:00:00+0000_134.3290
YMNCKT,Yamuna at Chitrakoot,Yamuna Basin,2026-05-31 19:00:00+00:00,134.32724383049296,NORMAL,136.0,137.0,138.0,25.14133,80.85446,YMNCKT_2026-05-31T19:00:00+0000_134.3272
YMNCKT,Yamuna at Chitrakoot,Yamuna Basin,2026-05-31 20:00:00+00:00,134.3466324255048,NORMAL,136.0,137.0,138.0,25.14133,80.85446,YMNCKT_2026-05-31T20:00:00+0000_134.3466
YMNCKT,Yamuna at Chitrakoot,Yamuna Basin,2026-05-31 21:00:00+00:00,134.2751923499922,NORMAL,136.0,137.0,138.0,25.14133,80.85446,YMNCKT_2026-05-31T21:00:00+0000_134.2752
YMNCKT,Yamuna at Chitrakoot,Yamuna Basin,2026-05-31 22:00:00+00:00,134.20885684446816,NORMAL,136.0,137.0,138.0,25.14133,80.85446,YMNCKT_2026-05-31T22:00:00+0000_134.2089
YMNCKT,Yamuna at Chitrakoot,Yamuna Basin,2026-05-31 23:00:00+00:00,134.2057120472454,NORMAL,136.0,137.0,138.0,25.14133,80.85446,YMNCKT_2026-05-31T23:00:00+0000_134.2057
YMNCKT,Yamuna at Chitrakoot,Yamuna Basin,2026-06-01 00:00:00+00:00,134.11821962033378,NORMAL,136.0,137.0,138.0,25.14133,80.85446,YMNCKT_2026-06-01T00:00:00+0000_134.1182
YMNCKT,Yamuna at Chitrakoot,Yamuna Basin,2026-06-01 01:00:00+00:00,134.1041086835366,NORMAL,136.0,137.0,138.0,25.14133,80.85446,YMNCKT_2026-06-01T01:00:00+0000_134.1041
YMNCKT,Yamuna at Chitrakoot,Yamuna Basin,2026-06-01 02:00:00+00:00,134.08839162239326,NORMAL,136.0,137.0,138.0,25.14133,80.85446,YMNCKT_2026-06-01T02:00:00+0000_134.0884
YMNCKT,Yamuna at Chitrakoot,Yamuna Basin,2026-06-01 03:00:00+00:00,133.98042174244026,NORMAL,136.0,137.0,138.0,25.14133,80.85446,YMNCKT_2026-06-01T03:00:00+0000_133.9804
YMNCKT,Yamuna at Chitrakoot,Yamuna Basin,2026-06-01 04:00:00+00:00,133.8951412525232,NORMAL,136.0,137.0,138.0,25.14133,80.85446,YMNCKT_2026-06-01T04:00:00+0000_133.8951
YMNCKT,Yamuna at Chitrakoot,Yamuna Basin,2026-06-01 05:00:00+00:00,133.927728461179,NORMAL,136.0,137.0,138.0,25.14133,80.85446,YMNCKT_2026-06-01T05:00:00+0000_133.9277
YMNCKT,Yamuna at Chitrakoot,Yamuna Basin,2026-06-01 06:00:00+00:00,133.83880968655964,NORMAL,136.0,137.0,138.0,25.14133,80.85446,YMNCKT_2026-06-01T06:00:00+0000_133.8388
YMNCKT,Yamuna at Chitrakoot,Yamuna Basin,2026-06-01 07:00:00+00:00,133.85159686209582,NORMAL,136.0,137.0,138.0,25.14133,80.85446,YMNCKT_2026-06-01T07:00:00+0000_133.8516
YMNCKT,Yamuna at Chitrakoot,Yamuna Basin,2026-06-01 08:00:00+00:00,133.8888083946071,NORMAL,136.0,137.0,138.0,25.14133,80.85446,YMNCKT_2026-06-01T08:00:00+0000_133.8888
YMNCKT,Yamuna at Chitrakoot,Yamuna Basin,2026-06-01 09:00:00+00:00,133.86472492787453,NORMAL,136.0,137.0,138.0,25.14133,80.85446,YMNCKT_2026-06-01T09:00:00+0000_133.8647
YMNCKT,Yamuna at Chitrakoot,Yamuna Basin,2026-06-01 10:00:00+00:00,133.92114245649088,NORMAL,136.0,137.0,138.0,25.14133,80.85446,YMNCKT_2026-06-01T10:00:00+0000_133.9211
YMNCKT,Yamuna at Chitrakoot,Yamuna Basin,2026-06-01 11:00:00+00:00,133.957473536346,NORMAL,136.0,137.0,138.0,25.14133,80.85446,YMNCKT_2026-06-01T11:00:00+0000_133.9575
YMNCKT,Yamuna at Chitrakoot,Yamuna Basin,2026-06-01 12:00:00+00:00,134.04199966713333,NORMAL,136.0,137.0,138.0,25.14133,80.85446,YMNCKT_2026-06-01T12:00:00+0000_134.0420
YMNCKT,Yamuna at Chitrakoot,Yamuna Basin,2026-06-01 13:00:00+00:00,134.13211866628177,NORMAL,136.0,137.0,138.0,25.14133,80.85446,YMNCKT_2026-06-01T13:00:00+0000_134.1321
YMNCKT,Yamuna at Chitrakoot,Yamuna Basin,2026-06-01 14:00:00+00:00,137.32233306008595,DANGER,136.0,137.0,138.0,25.14133,80.85446,YMNCKT_2026-06-01T14:00:00+0000_137.3223
YMNCKT,Yamuna at Chitrakoot,Yamuna Basin,2026-06-01 15:00:00+00:00,136.99214739783392,WARNING,136.0,137.0,138.0,25.14133,80.85446,YMNCKT_2026-06-01T15:00:00+0000_136.9921
YMNCKT,Yamuna at Chitrakoot,Yamuna Basin,2026-06-01 16:00:00+00:00,136.7422755403979,WARNING,136.0,137.0,138.0,25.14133,80.85446,YMNCKT_2026-06-01T16:00:00+0000_136.7423
YMNCKT,Yamuna at Chitrakoot,Yamuna Basin,2026-06-01 17:00:00+00:00,136.52482304298604,WARNING,136.0,137.0,138.0,25.14133,80.85446,YMNCKT_2026-06-01T17:00:00+0000_136.5248
YMNCKT,Yamuna at Chitrakoot,Yamuna Basin,2026-06-01 18:00:00+00:00,,,136.0,137.0,138.0,25.14133,80.85446,YMNCKT_2026-06-01T18:00:00+0000_
YMNCKT,Yamuna at Chitrakoot,Yamuna Basin,2026-06-01 19:00:00+00:00,134.3541535074419,NORMAL,136.0,137.0,138.0,25.14133,80.85446,YMNCKT_2026-06-01T19:00:00+0000_134.3542
YMNCKT,Yamuna at Chitrakoot,Yamuna Basin,2026-06-01 20:00:00+00:00,134.32251702888914,NORMAL,136.0,137.0,138.0,25.14133,80.85446,YMNCKT_2026-06-01T20:00:00+0000_134.3225
YMNCKT,Yamuna at Chitrakoot,Yamuna Basin,2026-06-01 21:00:00+00:00,134.32712552119204,NORMAL,136.0,137.0,138.0,25.14133,80.85446,YMNCKT_2026-06-01T21:00:00+0000_134.3271
YMNCKT,Yamuna at Chitrakoot,Yamuna Basin,2026-06-01 22:00:00+00:00,134.23427356628213,NORMAL,136.0,137.0,138.0,25.14133,80.85446,YMNCKT_2026-06-01T22:00:00+0000_134.2343
YMNCKT,Yamuna at Chitrakoot,Yamuna Basin,2026-06-01 23:00:00+00:00,134.1883466714842,NORMAL,136.0,137.0,138.0,25.14133,80.85446,YMNCKT_2026-06-01T23:00:00+0000_134.1883
YMNCKT,Yamuna at Chitrakoot,Yamuna Basin,2026-06-02 00:00:00+00:00,134.1831757094476,NORMAL,136.0,137.0,138.0,25.14133,80.85446,YMNCKT_2026-06-02T00:00:00+0000_134.1832
YMNCKT,Yamuna at Chitrakoot,Yamuna Basin,2026-06-02 01:00:00+00:00,134.11080109672423,NORMAL,136.0,137.0,138.0,25.14133,80.85446,YMNCKT_2026-06-02T01:00:00+0000_134.1108
YMNCKT,Yamuna at Chitrakoot,Yamuna Basin,2026-06-02 02:00:00+00:00,134.00924151200263,NORMAL,136.0,137.0,138.0,25.14133,80.85446,YMNCKT_2026-06-02T02:00:00+0000_134.0092
YMNCKT,Yamuna at Chitrakoot,Yamuna Basin,2026-06-02 03:00:00+00:00,134.0398527905091,NORMAL,136.0,137.0,138.0,25.14133,80.85446,YMNCKT_2026-06-02T03:00:00+0000_134.0399
YMNCKT,Yamuna at Chitrakoot,Yamuna Basin,2026-06-02 04:00:00+00:00,133.97350189635574,NORMAL,136.0,137.0,138.0,25.14133,80.85446,YMNCKT_2026-06-02T04:00:00+0000_133.9735
YMNCKT,Yamuna at Chitrakoot,Yamuna Basin,2026-06-02 05:00:00+00:00,133.9179666015507,NORMAL,136.0,137.0,138.0,25.14133,80.85446,YMNCKT_2026-06-02T05:00:00+0000_133.9180
YMNCKT,Yamuna at Chitrakoot,Yamuna Basin,2026-06-02 06:00:00+00:00,133.87256743559172,NORMAL,136.0,137.0,138.0,25.14133,80.85446,YMNCKT_2026-06-02T06:00:00+0000_133.8726
YMNCKT,Yamuna at Chitrakoot,Yamuna Basin,2026-06-02 07:00:00+00:00,133.9230868140519,NORMAL,136.0,137.0,138.0,25.14133,80.85446,YMNCKT_2026-06-02T07:00:00+0000_133.9231
YMNCKT,Yamuna at Chitrakoot,Yamuna Basin,2026-06-02 08:00:00+00:00,,,136.0,137.0,138.0,25.14133,80.85446,YMNCKT_2026-06-02T08:00:00+0000_
YMNCKT,Yamuna at Chitrakoot,Yamuna Basin,2026-06-02 09:00:00+00:00,133.91993924472325,NORMAL,136.0,137.0,138.0,25.14133,80.85446,YMNCKT_2026-06-02T09:00:00+0000_133.9199
YMNCKT,Yamuna at Chitrakoot,Yamuna Basin,2026-06-02 10:00:00+00:00,133.89935167388,NORMAL,136.0,137.0,138.0,25.14133,80.85446,YMNCKT_2026-06-02T10:00:00+0000_133.8994
YMNCKT,Yamuna at Chitrakoot,Yamuna Basin,2026-06-02 11:00:00+00:00,133.95822693655714,NORMAL,136.0,137.0,138.0,25.14133,80.85446,YMNCKT_2026-06-02T11:00:00+0000_133.9582
YMNCKT,Yamuna at Chitrakoot,Yamuna Basin,2026-06-02 12:00:00+00:00,134.02577743519967,NORMAL,136.0,137.0,138.0,25.14133,80.85446,YMNCKT_2026-06-02T12:00:00+0000_134.0258
YMNCKT,Yamuna at Chitrakoot,Yamuna Basin,2026-06-02 13:00:00+00:00,134.14855268909182,NORMAL,136.0,137.0,138.0,25.14133,80.85446,YMNCKT_2026-06-02T13:00:00+0000_134.1486
YMNCKT,Yamuna at Chitrakoot,Yamuna Basin,2026-06-02 14:00:00+00:00,134.12271621334304,NORMAL,136.0,137.0,138.0,25.14133,80.85446,YMNCKT_2026-06-02T14:00:00+0000_134.1227
YMNCKT,Yamuna at Chitrakoot,Yamuna Basin,2026-06-02 15:00:00+00:00,134.25819270576724,NORMAL,136.0,137.0,138.0,25.14133,80.85446,YMNCKT_2026-06-02T15:00:00+0000_134.2582
YMNCKT,Yamuna at Chitrakoot,Yamuna Basin,2026-06-02 16:00:00+00:00,134.29814313464928,NORMAL,136.0,137.0,138.0,25.14133,80.85446,YMNCKT_2026-06-02T16:00:00+0000_134.2981
YMNCKT,Yamuna at Chitrakoot,Yamuna Basin,2026-06-02 17:00:00+00:00,134.29408849394122,NORMAL,136.0,137.0,138.0,25.14133,80.85446,YMNCKT_2026-06-02T17:00:00+0000_134.2941
YMNCKT,Yamuna at Chitrakoot,Yamuna Basin,2026-06-02 18:00:00+00:00,,,136.0,137.0,138.0,25.14133,80.85446,YMNCKT_2026-06-02T18:00:00+0000_
YMNCKT,Yamuna at Chitrakoot,Yamuna Basin,2026-06-02 19:00:00+00:00,134.27629525910712,NORMAL,136.0,137.0,138.0,25.14133,80.85446,YMNCKT_2026-06-02T19:00:00+0000_134.2763
YMNCKT,Yamuna at Chitrakoot,Yamuna Basin,2026-06-02 20:00:00+00:00,134.32444830067885,NORMAL,136.0,137.0,138.0,25.14133,80.85446,YMNCKT_2026-06-02T20:00:00+0000_134.3244
YMNCKT,Yamuna at Chitrakoot,Yamuna Basin,2026-06-02 21:00:00+00:00,134.24257402996744,NORMAL,136.0,137.0,138.0,25.14133,80.85446,YMNCKT_2026-06-02T21:00:00+0000_134.2426
YMNCKT,Yamuna at Chitrakoot,Yamuna Basin,2026-06-02 22:00:00+00:00,134.23380913241817,NORMAL,136.0,137.0,138.0,25.14133,80.85446,YMNCKT_2026-06-02T22:00:00+0000_134.2338
YMNCKT,Yamuna at Chitrakoot,Yamuna Basin,2026-06-02 23:00:00+00:00,134.22893838915982,NORMAL,136.0,137.0,138.0,25.14133,80.85446,YMNCKT_2026-06-02T23:00:00+0000_134.2289
YMNCKT,Yamuna at Chitrakoot,Yamuna Basin,2026-06-03 00:00:00+00:00,134.19161783870126,NORMAL,136.0,137.0,138.0,25.14133,80.85446,YMNCKT_2026-06-03T00:00:00+0000_134.1916
YMNCKT,Yamuna at Chitrakoot,Yamuna Basin,2026-06-03 01:00:00+00:00,134.1081265990736,NORMAL,136.0,137.0,138.0,25.14133,80.85446,YMNCKT_2026-06-03T01:00:00+0000_134.1081
YMNCKT,Yamuna at Chitrakoot,Yamuna Basin,2026-06-03 02:00:00+00:00,134.011215257238,NORMAL,136.0,137.0,138.0,25.14133,80.85446,YMNCKT_2026-06-03T02:00:00+0000_134.0112
YMNCKT,Yamuna at Chitrakoot,Yamuna Basin,2026-06-03 03:00:00+00:00,133.97219291418887,NORMAL,136.0,137.0,138.0,25.14133,80.85446,YMNCKT_2026-06-03T03:00:00+0000_133.9722
YMNCKT,Yamuna at Chitrakoot,Yamuna Basin,2026-06-03 04:00:00+00:00,133.92051600758666,NORMAL,136.0,137.0,138.0,25.14133,80.85446,YMNCKT_2026-06-03T04:00:00+0000_133.9205
YMNCKT,Yamuna at Chitrakoot,Yamuna Basin,2026-06-03 05:00:00+00:00,133.93684199371387,NORMAL,136.0,137.0,138.0,25.14133,80.85446,YMNCKT_2026-06-03T05:00:00+0000_133.9368
YMNCKT,Yamuna at Chitrakoot,Yamuna Basin,2026-06-03 06:00:00+00:00,133.8989489441068,NORMAL,136.0,137.0,138.0,25.14133,80.85446,YMNCKT_2026-06-03T06:00:00+0000_133.8989
YMNCKT,Yamuna at Chitrakoot,Yamuna Basin,2026-06-03 07:00:00+00:00,133.85969115439173,NORMAL,136.0,137.0,138.0,25.14133,80.85446,YMNCKT_2026-06-03T07:00:00+0000_133.8597
YMNCKT,Yamuna at Chitrakoot,Yamuna Basin,2026-06-03 08:00:00+00:00,133.86364382373475,NORMAL,136.0,137.0,138.0,25.14133,80.85446,YMNCKT_2026-06-03T08:00:00+0000_133.8636
YMNCKT,Yamuna at Chitrakoot,Yamuna Basin,2026-06-03 09:00:00+00:00,133.925918427313,NORMAL,136.0,137.0,138.0,25.14133,80.85446,YMNCKT_2026-06-03T09:00:00+0000_133.9259
YMNCKT,Yamuna at Chitrakoot,Yamuna Basin,2026-06-03 10:00:00+00:00,133.92357505308013,NORMAL,136.0,137.0,138.0,25.14133,80.85446,YMNCKT_2026-06-03T10:00:00+0000_133.9236
YMNCKT,Yamuna at Chitrakoot,Yamuna Basin,2026-06-03 11:00:00+00:00,134.00111509750323,NORMAL,136.0,137.0,138.0,25.14133,80.85446,YMNCKT_2026-06-03T11:00:00+0000_134.0011
YMNCKT,Yamuna at Chitrakoot,Yamuna Basin,2026-06-03 12:00:00+00:00,134.00715944714602,NORMAL,136.0,137.0,138.0,25.14133,80.85446,YMNCKT_2026-06-03T12:00:00+0000_134.0072
YMNCKT,Yamuna at Chitrakoot,Yamuna Basin,2026-06-03 13:00:00+00:00,134.15191886685713,NORMAL,136.0,137.0,138.0,25.14133,80.85446,YMNCKT_2026-06-03T13:00:00+0000_134.1519
YMNCKT,Yamuna at Chitrakoot,Yamuna Basin,2026-06-03 14:00:00+00:00,134.20691508925125,NORMAL,136.0,137.0,138.0,25.14133,80.85446,YMNCKT_2026-06-03T14:00:00+0000_134.2069
YMNCKT,Yamuna at Chitrakoot,Yamuna Basin,2026-06-03 15:00:00+00:00,134.22022650645965,NORMAL,136.0,137.0,138.0,25.14133,80.85446,YMNCKT_2026-06-03T15:00:00+0000_134.2202
YMNCKT,Yamuna at Chitrakoot,Yamuna Basin,2026-06-03 16:00:00+00:00,134.21676913523223,NORMAL,136.0,137.0,138.0,25.14133,80.85446,YMNCKT_2026-06-03T16:00:00+0000_134.2168
YMNCKT,Yamuna at Chitrakoot,Yamuna Basin,2026-06-03 17:00:00+00:00,134.24505945743672,NORMAL,136.0,137.0,138.0,25.14133,80.85446,YMNCKT_2026-06-03T17:00:00+0000_134.2451
YMNCKT,Yamuna at Chitrakoot,Yamuna Basin,2026-06-03 18:00:00+00:00,,,136.0,137.0,138.0,25.14133,80.85446,YMNCKT_2026-06-03T18:00:00+0000_
YMNCKT,Yamuna at Chitrakoot,Yamuna Basin,2026-06-03 19:00:00+00:00,134.3483325677924,NORMAL,136.0,137.0,138.0,25.14133,80.85446,YMNCKT_2026-06-03T19:00:00+0000_134.3483
YMNCKT,Yamuna at Chitrakoot,Yamuna Basin,2026-06-03 20:00:00+00:00,134.28190950708935,NORMAL,136.0,137.0,138.0,25.14133,80.85446,YMNCKT_2026-06-03T20:00:00+0000_134.2819
YMNCKT,Yamuna at Chitrakoot,Yamuna Basin,2026-06-03 21:00:00+00:00,134.30630147366426,NORMAL,136.0,137.0,138.0,25.14133,80.85446,YMNCKT_2026-06-03T21:00:00+0000_134.3063
YMNCKT,Yamuna at Chitrakoot,Yamuna Basin,2026-06-03 22:00:00+00:00,134.2697991930429,NORMAL,136.0,137.0,138.0,25.14133,80.85446,YMNCKT_2026-06-03T22:00:00+0000_134.2698
YMNCKT,Yamuna at Chitrakoot,Yamuna Basin,2026-06-03 23:00:00+00:00,134.2386713683164,NORMAL,136.0,137.0,138.0,25.14133,80.85446,YMNCKT_2026-06-03T23:00:00+0000_134.2387
YMNCKT,Yamuna at Chitrakoot,Yamuna Basin,2026-06-04 00:00:00+00:00,134.1249331471148,NORMAL,136.0,137.0,138.0,25.14133,80.85446,YMNCKT_2026-06-04T00:00:00+0000_134.1249
YMNCKT,Yamuna at Chitrakoot,Yamuna Basin,2026-06-04 01:00:00+00:00,134.12929776655685,NORMAL,136.0,137.0,138.0,25.14133,80.85446,YMNCKT_2026-06-04T01:00:00+0000_134.1293
YMNCKT,Yamuna at Chitrakoot,Yamuna Basin,2026-06-04 02:00:00+00:00,134.02168044268453,NORMAL,136.0,137.0,138.0,25.14133,80.85446,YMNCKT_2026-06-04T02:00:00+0000_134.0217
YMNCKT,Yamuna at Chitrakoot,Yamuna Basin,2026-06-04 03:00:00+00:00,133.95597214643533,NORMAL,136.0,137.0,138.0,25.14133,80.85446,YMNCKT_2026-06-04T03:00:00+0000_133.9560
YMNCKT,Yamuna at Chitrakoot,Yamuna Basin,2026-06-04 04:00:00+00:00,136.48759188360918,WARNING,136.0,137.0,138.0,25.14133,80.85446,YMNCKT_2026-06-04T04:00:00+0000_136.4876
YMNCKT,Yamuna at Chitrakoot,Yamuna Basin,2026-06-04 05:00:00+00:00,136.20146879524228,WARNING,136.0,137.0,138.0,25.14133,80.85446,YMNCKT_2026-06-04T05:00:00+0000_136.2015
YMNCKT,Yamuna at Chitrakoot,Yamuna Basin,2026-06-04 06:00:00+00:00,135.9958136726643,NORMAL,136.0,137.0,138.0,25.14133,80.85446,YMNCKT_2026-06-04T06:00:00+0000_135.9958
YMNCKT,Yamuna at Chitrakoot,Yamuna Basin,2026-06-04 07:00:00+00:00,135.76443560772333,NORMAL,136.0,137.0,138.0,25.14133,80.85446,YMNCKT_2026-06-04T07:00:00+0000_135.7644
YMNCKT,Yamuna at Chitrakoot,Yamuna Basin,2026-06-04 08:00:00+00:00,133.88918350370608,NORMAL,136.0,137.0,138.0,25.14133,80.85446,YMNCKT_2026-06-04T08:00:00+0000_133.8892
YMNCKT,Yamuna at Chitrakoot,Yamuna Basin,2026-06-04 09:00:00+00:00,133.8685703289172,NORMAL,136.0,137.0,138.0,25.14133,80.85446,YMNCKT_2026-06-04T09:00:00+0000_133.8686
YMNCKT,Yamuna at Chitrakoot,Yamuna Basin,2026-06-04 10:00:00+00:00,133.9212896866718,NORMAL,136.0,137.0,138.0,25.14133,80.85446,YMNCKT_2026-06-04T10:00:00+0000_133.9213
YMNCKT,Yamuna at Chitrakoot,Yamuna Basin,2026-06-04 11:00:00+00:00,134.0085559155819,NORMAL,136.0,137.0,138.0,25.14133,80.85446,YMNCKT_2026-06-04T11:00:00+0000_134.0086
YMNCKT,Yamuna at Chitrakoot,Yamuna Basin,2026-06-04 12:00:00+00:00,134.020328202454,NORMAL,136.0,137.0,138.0,25.14133,80.85446,YMNCKT_2026-06-04T12:00:00+0000_134.0203
YMNCKT,Yamuna at Chitrakoot,Yamuna Basin,2026-06-04 13:00:00+00:00,134.07885223313983,NORMAL,136.0,137.0,138.0,25.14133,80.85446,YMNCKT_2026-06-04T13:00:00+0000_134.0789
YMNCKT,Yamuna at Chitrakoot,Yamuna Basin,2026-06-04 14:00:00+00:00,134.17283267787565,NORMAL,136.0,137.0,138.0,25.14133,80.85446,YMNCKT_2026-06-04T14:00:00+0000_134.1728
YMNCKT,Yamuna at Chitrakoot,Yamuna Basin,2026-06-04 15:00:00+00:00,134.1729301881279,NORMAL,136.0,137.0,138.0,25.14133,80.85446,YMNCKT_2026-06-04T15:00:00+0000_134.1729
YMNCKT,Yamuna at Chitrakoot,Yamuna Basin,2026-06-04 16:00:00+00:00,134.30529700953812,NORMAL,136.0,137.0,138.0,25.14133,80.85446,YMNCKT_2026-06-04T16:00:00+0000_134.3053
YMNCKT,Yamuna at Chitrakoot,Yamuna Basin,2026-06-04 17:00:00+00:00,134.33079125759377,NORMAL,136.0,137.0,138.0,25.14133,80.85446,YMNCKT_2026-06-04T17:00:00+0000_134.3308
YMNCKT,Yamuna at Chitrakoot,Yamuna Basin,2026-06-04 18:00:00+00:00,134.31939680184294,NORMAL,136.0,137.0,138.0,25.14133,80.85446,YMNCKT_2026-06-04T18:00:00+0000_134.3194
YMNCKT,Yamuna at Chitrakoot,Yamuna Basin,2026-06-04 19:00:00+00:00,134.33921526344974,NORMAL,136.0,137.0,138.0,25.14133,80.85446,YMNCKT_2026-06-04T19:00:00+0000_134.3392
YMNCKT,Yamuna at Chitrakoot,Yamuna Basin,2026-06-04 20:00:00+00:00,134.27370080030593,NORMAL,136.0,137.0,138.0,25.14133,80.85446,YMNCKT_2026-06-04T20:00:00+0000_134.2737
YMNCKT,Yamuna at Chitrakoot,Yamuna Basin,2026-06-04 21:00:00+00:00,134.33700480189606,NORMAL,136.0,137.0,138.0,25.14133,80.85446,YMNCKT_2026-06-04T21:00:00+0000_134.3370
YMNCKT,Yamuna at Chitrakoot,Yamuna Basin,2026-06-04 22:00:00+00:00,134.2641005186937,NORMAL,136.0,137.0,138.0,25.14133,80.85446,YMNCKT_2026-06-04T22:00:00+0000_134.2641
YMNCKT,Yamuna at Chitrakoot,Yamuna Basin,2026-06-04 23:00:00+00:00,134.1718174826486,NORMAL,136.0,137.0,138.0,25.14133,80.85446,YMNCKT_2026-06-04T23:00:00+0000_134.1718
YMNCKT,Yamuna at Chitrakoot,Yamuna Basin,2026-06-05 00:00:00+00:00,134.1317541047244,NORMAL,136.0,137.0,138.0,25.14133,80.85446,YMNCKT_2026-06-05T00:00:00+0000_134.1318
YMNCKT,Yamuna at Chitrakoot,Yamuna Basin,2026-06-05 01:00:00+00:00,134.1088267464037,NORMAL,136.0,137.0,138.0,25.14133,80.85446,YMNCKT_2026-06-05T01:00:00+0000_134.1088
YMNCKT,Yamuna at Chitrakoot,Yamuna Basin,2026-06-05 02:00:00+00:00,134.0259772545531,NORMAL,136.0,137.0,138.0,25.14133,80.85446,YMNCKT_2026-06-05T02:00:00+0000_134.0260
YMNCKT,Yamuna at Chitrakoot,Yamuna Basin,2026-06-05 03:00:00+00:00,133.96790047894766,NORMAL,136.0,137.0,138.0,25.14133,80.85446,YMNCKT_2026-06-05T03:00:00+0000_133.9679
YMNCKT,Yamuna at Chitrakoot,Yamuna Basin,2026-06-05 04:00:00+00:00,133.9095213706593,NORMAL,136.0,137.0,138.0,25.14133,80.85446,YMNCKT_2026-06-05T04:00:00+0000_133.9095
YMNCKT,Yamuna at Chitrakoot,Yamuna Basin,2026-06-05 05:00:00+00:00,133.96159528886042,NORMAL,136.0,137.0,138.0,25.14133,80.85446,YMNCKT_2026-06-05T05:00:00+0000_133.9616
YMNCKT,Yamuna at Chitrakoot,Yamuna Basin,2026-06-05 06:00:00+00:00,133.88965465094017,NORMAL,136.0,137.0,138.0,25.14133,80.85446,YMNCKT_2026-06-05T06:00:00+0000_133.8897
YMNCKT,Yamuna at Chitrakoot,Yamuna Basin,2026-06-05 07:00:00+00:00,133.89008287950014,NORMAL,136.0,137.0,138.0,25.14133,80.85446,YMNCKT_2026-06-05T07:00:00+0000_133.8901
YMNCKT,Yamuna at Chitrakoot,Yamuna Basin,2026-06-05 08:00:00+00:00,133.85780975301438,NORMAL,136.0,137.0,138.0,25.14133,80.85446,YMNCKT_2026-06-05T08:00:00+0000_133.8578
YMNCKT,Yamuna at Chitrakoot,Yamuna Basin,2026-06-05 09:00:00+00:00,133.96548233504132,NORMAL,136.0,137.0,138.0,25.14133,80.85446,YMNCKT_2026-06-05T09:00:00+0000_133.9655
YMNCKT,Yamuna at Chitrakoot,Yamuna Basin,2026-06-05 10:00:00+00:00,133.96820175118518,NORMAL,136.0,137.0,138.0,25.14133,80.85446,YMNCKT_2026-06-05T10:00:00+0000_133.9682
YMNCKT,Yamuna at Chitrakoot,Yamuna Basin,2026-06-05 11:00:00+00:00,133.9995293797431,NORMAL,136.0,137.0,138.0,25.14133,80.85446,YMNCKT_2026-06-05T11:00:00+0000_133.9995
YMNCKT,Yamuna at Chitrakoot,Yamuna Basin,2026-06-05 12:00:00+00:00,134.09331970078554,NORMAL,136.0,137.0,138.0,25.14133,80.85446,YMNCKT_2026-06-05T12:00:00+0000_134.0933
YMNCKT,Yamuna at Chitrakoot,Yamuna Basin,2026-06-05 13:00:00+00:00,134.10631791429654,NORMAL,136.0,137.0,138.0,25.14133,80.85446,YMNCKT_2026-06-05T13:00:00+0000_134.1063
YMNCKT,Yamuna at Chitrakoot,Yamuna Basin,2026-06-05 14:00:00+00:00,134.13336545434623,NORMAL,136.0,137.0,138.0,25.14133,80.85446,YMNCKT_2026-06-05T14:00:00+0000_134.1334
YMNCKT,Yamuna at Chitrakoot,Yamuna Basin,2026-06-05 15:00:00+00:00,134.24463405439477,NORMAL,136.0,137.0,138.0,25.14133,80.85446,YMNCKT_2026-06-05T15:00:00+0000_134.2446
YMNCKT,Yamuna at Chitrakoot,Yamuna Basin,2026-06-05 16:00:00+00:00,134.28176343707747,NORMAL,136.0,137.0,138.0,25.14133,80.85446,YMNCKT_2026-06-05T16:00:00+0000_134.2818
YMNCKT,Yamuna at Chitrakoot,Yamuna Basin,2026-06-05 17:00:00+00:00,134.2679721077514,NORMAL,136.0,137.0,138.0,25.14133,80.85446,YMNCKT_2026-06-05T17:00:00+0000_134.2680
YMNCKT,Yamuna at Chitrakoot,Yamuna Basin,2026-06-05 18:00:00+00:00,134.350750945041,NORMAL,136.0,137.0,138.0,25.14133,80.85446,YMNCKT_2026-06-05T18:00:00+0000_134.3508
YMNCKT,Yamuna at Chitrakoot,Yamuna Basin,2026-06-05 19:00:00+00:00,134.3239868374225,NORMAL,136.0,137.0,138.0,25.14133,80.85446,YMNCKT_2026-06-05T19:00:00+0000_134.3240
YMNCKT,Yamuna at Chitrakoot,Yamuna Basin,2026-06-05 20:00:00+00:00,134.2927011303877,NORMAL,136.0,137.0,138.0,25.14133,80.85446,YMNCKT_2026-06-05T20:00:00+0000_134.2927
YMNCKT,Yamuna at Chitrakoot,Yamuna Basin,2026-06-05 21:00:00+00:00,134.2601467907118,NORMAL,136.0,137.0,138.0,25.14133,80.85446,YMNCKT_2026-06-05T21:00:00+0000_134.2601
YMNCKT,Yamuna at Chitrakoot,Yamuna Basin,2026-06-05 22:00:00+00:00,134.27793652063642,NORMAL,136.0,137.0,138.0,25.14133,80.85446,YMNCKT_2026-06-05T22:00:00+0000_134.2779
YMNCKT,Yamuna at Chitrakoot,Yamuna Basin,2026-06-05 23:00:00+00:00,134.20120700207036,NORMAL,136.0,137.0,138.0,25.14133,80.85446,YMNCKT_2026-06-05T23:00:00+0000_134.2012
YMNCKT,Yamuna at Chitrakoot,Yamuna Basin,2026-06-06 00:00:00+00:00,134.14924073886496,NORMAL,136.0,137.0,138.0,25.14133,80.85446,YMNCKT_2026-06-06T00:00:00+0000_134.1492
YMNCKT,Yamuna at Chitrakoot,Yamuna Basin,2026-06-06 01:00:00+00:00,134.07037879941825,NORMAL,136.0,137.0,138.0,25.14133,80.85446,YMNCKT_2026-06-06T01:00:00+0000_134.0704
YMNCKT,Yamuna at Chitrakoot,Yamuna Basin,2026-06-06 02:00:00+00:00,134.00803814355135,NORMAL,136.0,137.0,138.0,25.14133,80.85446,YMNCKT_2026-06-06T02:00:00+0000_134.0080
YMNCKT,Yamuna at Chitrakoot,Yamuna Basin,2026-06-06 03:00:00+00:00,134.02535987382004,NORMAL,136.0,137.0,138.0,25.14133,80.85446,YMNCKT_2026-06-06T03:00:00+0000_134.0254
YMNCKT,Yamuna at Chitrakoot,Yamuna Basin,2026-06-06 04:00:00+00:00,133.93770522670127,NORMAL,136.0,137.0,138.0,25.14133,80.85446,YMNCKT_2026-06-06T04:00:00+0000_133.9377
YMNCKT,Yamuna at Chitrakoot,Yamuna Basin,2026-06-06 05:00:00+00:00,133.9483609917183,NORMAL,136.0,137.0,138.0,25.14133,80.85446,YMNCKT_2026-06-06T05:00:00+0000_133.9484
YMNCKT,Yamuna at Chitrakoot,Yamuna Basin,2026-06-06 06:00:00+00:00,133.86247780894436,NORMAL,136.0,137.0,138.0,25.14133,80.85446,YMNCKT_2026-06-06T06:00:00+0000_133.8625
YMNCKT,Yamuna at Chitrakoot,Yamuna Basin,2026-06-06 07:00:00+00:00,133.93598558350024,NORMAL,136.0,137.0,138.0,25.14133,80.85446,YMNCKT_2026-06-06T07:00:00+0000_133.9360
YMNCKT,Yamuna at Chitrakoot,Yamuna Basin,2026-06-06 08:00:00+00:00,133.93989118062544,NORMAL,136.0,137.0,138.0,25.14133,80.85446,YMNCKT_2026-06-06T08:00:00+0000_133.9399
YMNCKT,Yamuna at Chitrakoot,Yamuna Basin,2026-06-06 09:00:00+00:00,133.95774288969383,NORMAL,136.0,137.0,138.0,25.14133,80.85446,YMNCKT_2026-06-06T09:00:00+0000_133.9577
YMNCKT,Yamuna at Chitrakoot,Yamuna Basin,2026-06-06 10:00:00+00:00,133.97745606805805,NORMAL,136.0,137.0,138.0,25.14133,80.85446,YMNCKT_2026-06-06T10:00:00+0000_133.9775
YMNCKT,Yamuna at Chitrakoot,Yamuna Basin,2026-06-06 11:00:00+00:00,134.01815213242892,NORMAL,136.0,137.0,138.0,25.14133,80.85446,YMNCKT_2026-06-06T11:00:00+0000_134.0182
YMNCKT,Yamuna at Chitrakoot,Yamuna Basin,2026-06-06 12:00:00+00:00,134.03207847855262,NORMAL,136.0,137.0,138.0,25.14133,80.85446,YMNCKT_2026-06-06T12:00:00+0000_134.0321
YMNCKT,Yamuna at Chitrakoot,Yamuna Basin,2026-06-06 13:00:00+00:00,134.14182002660118,NORMAL,136.0,137.0,138.0,25.14133,80.85446,YMNCKT_2026-06-06T13:00:00+0000_134.1418
YMNCKT,Yamuna at Chitrakoot,Yamuna Basin,2026-06-06 14:00:00+00:00,134.15869444267489,NORMAL,136.0,137.0,138.0,25.14133,80.85446,YMNCKT_2026-06-06T14:00:00+0000_134.1587
YMNCKT,Yamuna at Chitrakoot,Yamuna Basin,2026-06-06 15:00:00+00:00,134.1951281614122,NORMAL,136.0,137.0,138.0,25.14133,80.85446,YMNCKT_2026-06-06T15:00:00+0000_134.1951
YMNCKT,Yamuna at Chitrakoot,Yamuna Basin,2026-06-06 16:00:00+00:00,134.21654403135634,NORMAL,136.0,137.0,138.0,25.14133,80.85446,YMNCKT_2026-06-06T16:00:00+0000_134.2165
YMNCKT,Yamuna at Chitrakoot,Yamuna Basin,2026-06-06 17:00:00+00:00,134.27549773503168,NORMAL,136.0,137.0,138.0,25.14133,80.85446,YMNCKT_2026-06-06T17:00:00+0000_134.2755
YMNCKT,Yamuna at Chitrakoot,Yamuna Basin,2026-06-06 18:00:00+00:00,134.32526787544023,NORMAL,136.0,137.0,138.0,25.14133,80.85446,YMNCKT_2026-06-06T18:00:00+0000_134.3253
YMNCKT,Yamuna at Chitrakoot,Yamuna Basin,2026-06-06 19:00:00+00:00,136.06255353148674,WARNING,136.0,137.0,138.0,25.14133,80.85446,YMNCKT_2026-06-06T19:00:00+0000_136.0626
YMNCKT,Yamuna at Chitrakoot,Yamuna Basin,2026-06-06 20:00:00+00:00,135.83951633225257,NORMAL,136.0,137.0,138.0,25.14133,80.85446,YMNCKT_2026-06-06T20:00:00+0000_135.8395
YMNCKT,Yamuna at Chitrakoot,Yamuna Basin,2026-06-06 21:00:00+00:00,135.65417464984336,NORMAL,136.0,137.0,138.0,25.14133,80.85446,YMNCKT_2026-06-06T21:00:00+0000_135.6542
YMNCKT,Yamuna at Chitrakoot,Yamuna Basin,2026-06-06 22:00:00+00:00,135.54165824401997,NORMAL,136.0,137.0,138.0,25.14133,80.85446,YMNCKT_2026-06-06T22:00:00+0000_135.5417
YMNCKT,Yamuna at Chitrakoot,Yamuna Basin,2026-06-06 23:00:00+00:00,135.3742765780765,NORMAL,136.0,137.0,138.0,25.14133,80.85446,YMNCKT_2026-06-06T23:00:00+0000_135.3743
YMNCKT,Yamuna at Chitrakoot,Yamuna Basin,2026-06-07 00:00:00+00:00,134.1614868746348,NORMAL,136.0,137.0,138.0,25.14133,80.85446,YMNCKT_2026-06-07T00:00:00+0000_134.1615
YMNCKT,Yamuna at Chitrakoot,Yamuna Basin,2026-06-07 01:00:00+00:00,134.07627029204016,NORMAL,136.0,137.0,138.0,25.14133,80.85446,YMNCKT_2026-06-07T01:00:00+0000_134.0763
YMNCKT,Yamuna at Chitrakoot,Yamuna Basin,2026-06-07 02:00:00+00:00,134.0417272440608,NORMAL,136.0,137.0,138.0,25.14133,80.85446,YMNCKT_2026-06-07T02:00:00+0000_134.0417
YMNCKT,Yamuna at Chitrakoot,Yamuna Basin,2026-06-07 03:00:00+00:00,133.97196524575813,NORMAL,136.0,137.0,138.0,25.14133,80.85446,YMNCKT_2026-06-07T03:00:00+0000_133.9720
YMNCKT,Yamuna at Chitrakoot,Yamuna Basin,2026-06-07 04:00:00+00:00,133.91374126174318,NORMAL,136.0,137.0,138.0,25.14133,80.85446,YMNCKT_2026-06-07T04:00:00+0000_133.9137
YMNCKT,Yamuna at Chitrakoot,Yamuna Basin,2026-06-07 05:00:00+00:00,133.9696265057687,NORMAL,136.0,137.0,138.0,25.14133,80.85446,YMNCKT_2026-06-07T05:00:00+0000_133.9696
YMNCKT,Yamuna at Chitrakoot,Yamuna Basin,2026-06-07 06:00:00+00:00,133.92099487054958,NORMAL,136.0,137.0,138.0,25.14133,80.85446,YMNCKT_2026-06-07T06:00:00+0000_133.9210
YMNCKT,Yamuna at Chitrakoot,Yamuna Basin,2026-06-07 07:00:00+00:00,133.87231801657427,NORMAL,136.0,137.0,138.0,25.14133,80.85446,YMNCKT_2026-06-07T07:00:00+0000_133.8723
YMNCKT,Yamuna at Chitrakoot,Yamuna Basin,2026-06-07 08:00:00+00:00,133.85858588519287,NORMAL,136.0,137.0,138.0,25.14133,80.85446,YMNCKT_2026-06-07T08:00:00+0000_133.8586
YMNCKT,Yamuna at Chitrakoot,Yamuna Basin,2026-06-07 09:00:00+00:00,133.92461735329084,NORMAL,136.0,137.0,138.0,25.14133,80.85446,YMNCKT_2026-06-07T09:00:00+0000_133.9246
YMNCKT,Yamuna at Chitrakoot,Yamuna Basin,2026-06-07 10:00:00+00:00,133.9865027613324,NORMAL,136.0,137.0,138.0,25.14133,80.85446,YMNCKT_2026-06-07T10:00:00+0000_133.9865
YMNCKT,Yamuna at Chitrakoot,Yamuna Basin,2026-06-07 11:00:00+00:00,133.95846982970698,NORMAL,136.0,137.0,138.0,25.14133,80.85446,YMNCKT_2026-06-07T11:00:00+0000_133.9585
YMNCKT,Yamuna at Chitrakoot,Yamuna Basin,2026-06-07 12:00:00+00:00,134.02703662205502,NORMAL,136.0,137.0,138.0,25.14133,80.85446,YMNCKT_2026-06-07T12:00:00+0000_134.0270
YMNCKT,Yamuna at Chitrakoot,Yamuna Basin,2026-06-07 13:00:00+00:00,134.0661078759835,NORMAL,136.0,137.0,138.0,25.14133,80.85446,YMNCKT_2026-06-07T13:00:00+0000_134.0661
YMNCKT,Yamuna at Chitrakoot,Yamuna Basin,2026-06-07 14:00:00+00:00,134.20312928305822,NORMAL,136.0,137.0,138.0,25.14133,80.85446,YMNCKT_2026-06-07T14:00:00+0000_134.2031
YMNCKT,Yamuna at Chitrakoot,Yamuna Basin,2026-06-07 15:00:00+00:00,134.26554995097592,NORMAL,136.0,137.0,138.0,25.14133,80.85446,YMNCKT_2026-06-07T15:00:00+0000_134.2655
YMNCKT,Yamuna at Chitrakoot,Yamuna Basin,2026-06-07 16:00:00+00:00,,,136.0,137.0,138.0,25.14133,80.85446,YMNCKT_2026-06-07T16:00:00+0000_
YMNCKT,Yamuna at Chitrakoot,Yamuna Basin,2026-06-07 17:00:00+00:00,134.2675608235051,NORMAL,136.0,137.0,138.0,25.14133,80.85446,YMNCKT_2026-06-07T17:00:00+0000_134.2676
YMNCKT,Yamuna at Chitrakoot,Yamuna Basin,2026-06-07 18:00:00+00:00,134.310754289937,NORMAL,136.0,137.0,138.0,25.14133,80.85446,YMNCKT_2026-06-07T18:00:00+0000_134.3108
YMNCKT,Yamuna at Chitrakoot,Yamuna Basin,2026-06-07 19:00:00+00:00,134.33189080069684,NORMAL,136.0,137.0,138.0,25.14133,80.85446,YMNCKT_2026-06-07T19:00:00+0000_134.3319
YMNCKT,Yamuna at Chitrakoot,Yamuna Basin,2026-06-07 20:00:00+00:00,134.31521665245518,NORMAL,136.0,137.0,138.0,25.14133,80.85446,YMNCKT_2026-06-07T20:00:00+0000_134.3152
YMNCKT,Yamuna at Chitrakoot,Yamuna Basin,2026-06-07 21:00:00+00:00,,,136.0,137.0,138.0,25.14133,80.85446,YMNCKT_2026-06-07T21:00:00+0000_
YMNCKT,Yamuna at Chitrakoot,Yamuna Basin,2026-06-07 22:00:00+00:00,134.27527080855472,NORMAL,136.0,137.0,138.0,25.14133,80.85446,YMNCKT_2026-06-07T22:00:00+0000_134.2753
YMNCKT,Yamuna at Chitrakoot,Yamuna Basin,2026-06-07 23:00:00+00:00,134.18276482513625,NORMAL,136.0,137.0,138.0,25.14133,80.85446,YMNCKT_2026-06-07T23:00:00+0000_134.1828
YMNCKT,Yamuna at Chitrakoot,Yamuna Basin,2026-06-08 00:00:00+00:00,134.13836023198394,NORMAL,136.0,137.0,138.0,25.14133,80.85446,YMNCKT_2026-06-08T00:00:00+0000_134.1384
YMNCKT,Yamuna at Chitrakoot,Yamuna Basin,2026-06-08 01:00:00+00:00,134.138369250146,NORMAL,136.0,137.0,138.0,25.14133,80.85446,YMNCKT_2026-06-08T01:00:00+0000_134.1384
YMNCKT,Yamuna at Chitrakoot,Yamuna Basin,2026-06-08 02:00:00+00:00,134.04765329044983,NORMAL,136.0,137.0,138.0,25.14133,80.85446,YMNCKT_2026-06-08T02:00:00+0000_134.0477
YMNCKT,Yamuna at Chitrakoot,Yamuna Basin,2026-06-08 03:00:00+00:00,134.01322011266814,NORMAL,136.0,137.0,138.0,25.14133,80.85446,YMNCKT_2026-06-08T03:00:00+0000_134.0132
YMNCKT,Yamuna at Chitrakoot,Yamuna Basin,2026-06-08 04:00:00+00:00,133.95609592747573,NORMAL,136.0,137.0,138.0,25.14133,80.85446,YMNCKT_2026-06-08T04:00:00+0000_133.9561
YMNCKT,Yamuna at Chitrakoot,Yamuna Basin,2026-06-08 05:00:00+00:00,137.86540046455352,DANGER,136.0,137.0,138.0,25.14133,80.85446,YMNCKT_2026-06-08T05:00:00+0000_137.8654
YMNCKT,Yamuna at Chitrakoot,Yamuna Basin,2026-06-08 06:00:00+00:00,137.4411953387927,DANGER,136.0,137.0,138.0,25.14133,80.85446,YMNCKT_2026-06-08T06:00:00+0000_137.4412
YMNCKT,Yamuna at Chitrakoot,Yamuna Basin,2026-06-08 07:00:00+00:00,137.10792769007043,DANGER,136.0,137.0,138.0,25.14133,80.85446,YMNCKT_2026-06-08T07:00:00+0000_137.1079
YMNCKT,Yamuna at Chitrakoot,Yamuna Basin,2026-06-08 08:00:00+00:00,133.91847259290057,NORMAL,136.0,137.0,138.0,25.14133,80.85446,YMNCKT_2026-06-08T08:00:00+0000_133.9185
YMNCKT,Yamuna at Chitrakoot,Yamuna Basin,2026-06-08 09:00:00+00:00,133.90035710659146,NORMAL,136.0,137.0,138.0,25.14133,80.85446,YMNCKT_2026-06-08T09:00:00+0000_133.9004
YMNCKT,Yamuna at Chitrakoot,Yamuna Basin,2026-06-08 10:00:00+00:00,133.9283657827355,NORMAL,136.0,137.0,138.0,25.14133,80.85446,YMNCKT_2026-06-08T10:00:00+0000_133.9284
YMNCKT,Yamuna at Chitrakoot,Yamuna Basin,2026-06-08 11:00:00+00:00,134.0517051808564,NORMAL,136.0,137.0,138.0,25.14133,80.85446,YMNCKT_2026-06-08T11:00:00+0000_134.0517
YMNCKT,Yamuna at Chitrakoot,Yamuna Basin,2026-06-08 12:00:00+00:00,134.04932329644936,NORMAL,136.0,137.0,138.0,25.14133,80.85446,YMNCKT_2026-06-08T12:00:00+0000_134.0493
YMNCKT,Yamuna at Chitrakoot,Yamuna Basin,2026-06-08 13:00:00+00:00,134.14214445351968,NORMAL,136.0,137.0,138.0,25.14133,80.85446,YMNCKT_2026-06-08T13:00:00+0000_134.1421
YMNCKT,Yamuna at Chitrakoot,Yamuna Basin,2026-06-08 14:00:00+00:00,134.14165340182123,NORMAL,136.0,137.0,138.0,25.14133,80.85446,YMNCKT_2026-06-08T14:00:00+0000_134.1417
YMNCKT,Yamuna at Chitrakoot,Yamuna Basin,2026-06-08 15:00:00+00:00,134.2597042309698,NORMAL,136.0,137.0,138.0,25.14133,80.85446,YMNCKT_2026-06-08T15:00:00+0000_134.2597
YMNCKT,Yamuna at Chitrakoot,Yamuna Basin,2026-06-08 16:00:00+00:00,134.2557693495681,NORMAL,136.0,137.0,138.0,25.14133,80.85446,YMNCKT_2026-06-08T16:00:00+0000_134.2558
YMNCKT,Yamuna at Chitrakoot,Yamuna Basin,2026-06-08 17:00:00+00:00,134.27658275168193,NORMAL,136.0,137.0,138.0,25.14133,80.85446,YMNCKT_2026-06-08T17:00:00+0000_134.2766
YMNCKT,Yamuna at Chitrakoot,Yamuna Basin,2026-06-08 18:00:00+00:00,134.3040763402685,NORMAL,136.0,137.0,138.0,25.14133,80.85446,YMNCKT_2026-06-08T18:00:00+0000_134.3041
YMNCKT,Yamuna at Chitrakoot,Yamuna Basin,2026-06-08 19:00:00+00:00,134.29559558855829,NORMAL,136.0,137.0,138.0,25.14133,80.85446,YMNCKT_2026-06-08T19:00:00+0000_134.2956
YMNCKT,Yamuna at Chitrakoot,Yamuna Basin,2026-06-08 20:00:00+00:00,134.3257069207784,NORMAL,136.0,137.0,138.0,25.14133,80.85446,YMNCKT_2026-06-08T20:00:00+0000_134.3257
YMNCKT,Yamuna at Chitrakoot,Yamuna Basin,2026-06-08 21:00:00+00:00,134.2832660647716,NORMAL,136.0,137.0,138.0,25.14133,80.85446,YMNCKT_2026-06-08T21:00:00+0000_134.2833
YMNCKT,Yamuna at Chitrakoot,Yamuna Basin,2026-06-08 22:00:00+00:00,134.24556472208013,NORMAL,136.0,137.0,138.0,25.14133,80.85446,YMNCKT_2026-06-08T22:00:00+0000_134.2456
YMNCKT,Yamuna at Chitrakoot,Yamuna Basin,2026-06-08 23:00:00+00:00,134.22482501110574,NORMAL,136.0,137.0,138.0,25.14133,80.85446,YMNCKT_2026-06-08T23:00:00+0000_134.2248
YMNCKT,Yamuna at Chitrakoot,Yamuna Basin,2026-06-09 00:00:00+00:00,134.1384700082576,NORMAL,136.0,137.0,138.0,25.14133,80.85446,YMNCKT_2026-06-09T00:00:00+0000_134.1385
YMNCKT,Yamuna at Chitrakoot,Yamuna Basin,2026-06-09 01:00:00+00:00,134.16496470565932,NORMAL,136.0,137.0,138.0,25.14133,80.85446,YMNCKT_2026-06-09T01:00:00+0000_134.1650
YMNCKT,Yamuna at Chitrakoot,Yamuna Basin,2026-06-09 02:00:00+00:00,134.02049340469975,NORMAL,136.0,137.0,138.0,25.14133,80.85446,YMNCKT_2026-06-09T02:00:00+0000_134.0205
YMNCKT,Yamuna at Chitrakoot,Yamuna Basin,2026-06-09 03:00:00+00:00,134.04542709540124,NORMAL,136.0,137.0,138.0,25.14133,80.85446,YMNCKT_2026-06-09T03:00:00+0000_134.0454
YMNCKT,Yamuna at Chitrakoot,Yamuna Basin,2026-06-09 04:00:00+00:00,134.00275142763073,NORMAL,136.0,137.0,138.0,25.14133,80.85446,YMNCKT_2026-06-09T04:00:00+0000_134.0028
YMNCKT,Yamuna at Chitrakoot,Yamuna Basin,2026-06-09 05:00:00+00:00,133.92399540267775,NORMAL,136.0,137.0,138.0,25.14133,80.85446,YMNCKT_2026-06-09T05:00:00+0000_133.9240
YMNCKT,Yamuna at Chitrakoot,Yamuna Basin,2026-06-09 06:00:00+00:00,133.86851756786794,NORMAL,136.0,137.0,138.0,25.14133,80.85446,YMNCKT_2026-06-09T06:00:00+0000_133.8685
YMNCKT,Yamuna at Chitrakoot,Yamuna Basin,2026-06-09 07:00:00+00:00,133.89558383500443,NORMAL,136.0,137.0,138.0,25.14133,80.85446,YMNCKT_2026-06-09T07:00:00+0000_133.8956
YMNCKT,Yamuna at Chitrakoot,Yamuna Basin,2026-06-09 08:00:00+00:00,133.88118881823067,NORMAL,136.0,137.0,138.0,25.14133,80.85446,YMNCKT_2026-06-09T08:00:00+0000_133.8812
YMNCKT,Yamuna at Chitrakoot,Yamuna Basin,2026-06-09 09:00:00+00:00,133.913908178958,NORMAL,136.0,137.0,138.0,25.14133,80.85446,YMNCKT_2026-06-09T09:00:00+0000_133.9139
YMNCKT,Yamuna at Chitrakoot,Yamuna Basin,2026-06-09 10:00:00+00:00,133.9999117646045,NORMAL,136.0,137.0,138.0,25.14133,80.85446,YMNCKT_2026-06-09T10:00:00+0000_133.9999
YMNCKT,Yamuna at Chitrakoot,Yamuna Basin,2026-06-09 11:00:00+00:00,134.03451242910475,NORMAL,136.0,137.0,138.0,25.14133,80.85446,YMNCKT_2026-06-09T11:00:00+0000_134.0345
YMNCKT,Yamuna at Chitrakoot,Yamuna Basin,2026-06-09 12:00:00+00:00,134.03156653284154,NORMAL,136.0,137.0,138.0,25.14133,80.85446,YMNCKT_2026-06-09T12:00:00+0000_134.0316
YMNCKT,Yamuna at Chitrakoot,Yamuna Basin,2026-06-09 13:00:00+00:00,134.1648983599029,NORMAL,136.0,137.0,138.0,25.14133,80.85446,YMNCKT_2026-06-09T13:00:00+0000_134.1649
YMNCKT,Yamuna at Chitrakoot,Yamuna Basin,2026-06-09 14:00:00+00:00,134.16415500723255,NORMAL,136.0,137.0,138.0,25.14133,80.85446,YMNCKT_2026-06-09T14:00:00+0000_134.1642
YMNCKT,Yamuna at Chitrakoot,Yamuna Basin,2026-06-09 15:00:00+00:00,134.18645903780626,NORMAL,136.0,137.0,138.0,25.14133,80.85446,YMNCKT_2026-06-09T15:00:00+0000_134.1865
YMNCKT,Yamuna at Chitrakoot,Yamuna Basin,2026-06-09 16:00:00+00:00,134.24116859523014,NORMAL,136.0,137.0,138.0,25.14133,80.85446,YMNCKT_2026-06-09T16:00:00+0000_134.2412
YMNCKT,Yamuna at Chitrakoot,Yamuna Basin,2026-06-09 17:00:00+00:00,134.2996590798685,NORMAL,136.0,137.0,138.0,25.14133,80.85446,YMNCKT_2026-06-09T17:00:00+0000_134.2997
YMNCKT,Yamuna at Chitrakoot,Yamuna Basin,2026-06-09 18:00:00+00:00,134.2772125151987,NORMAL,136.0,137.0,138.0,25.14133,80.85446,YMNCKT_2026-06-09T18:00:00+0000_134.2772
YMNCKT,Yamuna at Chitrakoot,Yamuna Basin,2026-06-09 19:00:00+00:00,138.22289462777525,HIGH_FLOOD_EXCEEDED,136.0,137.0,138.0,25.14133,80.85446,YMNCKT_2026-06-09T19:00:00+0000_138.2229
YMNCKT,Yamuna at Chitrakoot,Yamuna Basin,2026-06-09 20:00:00+00:00,137.83383025986075,DANGER,136.0,137.0,138.0,25.14133,80.85446,YMNCKT_2026-06-09T20:00:00+0000_137.8338
YMNCKT,Yamuna at Chitrakoot,Yamuna Basin,2026-06-09 21:00:00+00:00,137.4736846777438,DANGER,136.0,137.0,138.0,25.14133,80.85446,YMNCKT_2026-06-09T21:00:00+0000_137.4737
YMNCKT,Yamuna at Chitrakoot,Yamuna Basin,2026-06-09 22:00:00+00:00,137.10272009213426,DANGER,136.0,137.0,138.0,25.14133,80.85446,YMNCKT_2026-06-09T22:00:00+0000_137.1027
YMNCKT,Yamuna at Chitrakoot,Yamuna Basin,2026-06-09 23:00:00+00:00,136.7634556572421,WARNING,136.0,137.0,138.0,25.14133,80.85446,YMNCKT_2026-06-09T23:00:00+0000_136.7635
YMNCKT,Yamuna at Chitrakoot,Yamuna Basin,2026-06-10 00:00:00+00:00,134.15352490359749,NORMAL,136.0,137.0,138.0,25.14133,80.85446,YMNCKT_2026-06-10T00:00:00+0000_134.1535
YMNCKT,Yamuna at Chitrakoot,Yamuna Basin,2026-06-10 01:00:00+00:00,134.12200407890748,NORMAL,136.0,137.0,138.0,25.14133,80.85446,YMNCKT_2026-06-10T01:00:00+0000_134.1220
YMNCKT,Yamuna at Chitrakoot,Yamuna Basin,2026-06-10 02:00:00+00:00,134.0822508760427,NORMAL,136.0,137.0,138.0,25.14133,80.85446,YMNCKT_2026-06-10T02:00:00+0000_134.0823
YMNCKT,Yamuna at Chitrakoot,Yamuna Basin,2026-06-10 03:00:00+00:00,134.02635856576302,NORMAL,136.0,137.0,138.0,25.14133,80.85446,YMNCKT_2026-06-10T03:00:00+0000_134.0264
YMNCKT,Yamuna at Chitrakoot,Yamuna Basin,2026-06-10 04:00:00+00:00,133.9472278739733,NORMAL,136.0,137.0,138.0,25.14133,80.85446,YMNCKT_2026-06-10T04:00:00+0000_133.9472
YMNCKT,Yamuna at Chitrakoot,Yamuna Basin,2026-06-10 05:00:00+00:00,133.9651435632762,NORMAL,136.0,137.0,138.0,25.14133,80.85446,YMNCKT_2026-06-10T05:00:00+0000_133.9651
YMNCKT,Yamuna at Chitrakoot,Yamuna Basin,2026-06-10 06:00:00+00:00,133.8647165835235,NORMAL,136.0,137.0,138.0,25.14133,80.85446,YMNCKT_2026-06-10T06:00:00+0000_133.8647
YMNCKT,Yamuna at Chitrakoot,Yamuna Basin,2026-06-10 07:00:00+00:00,133.94416354568827,NORMAL,136.0,137.0,138.0,25.14133,80.85446,YMNCKT_2026-06-10T07:00:00+0000_133.9442
YMNCKT,Yamuna at Chitrakoot,Yamuna Basin,2026-06-10 08:00:00+00:00,133.90303374746358,NORMAL,136.0,137.0,138.0,25.14133,80.85446,YMNCKT_2026-06-10T08:00:00+0000_133.9030
YMNCKT,Yamuna at Chitrakoot,Yamuna Basin,2026-06-10 09:00:00+00:00,133.9548324814154,NORMAL,136.0,137.0,138.0,25.14133,80.85446,YMNCKT_2026-06-10T09:00:00+0000_133.9548
YMNCKT,Yamuna at Chitrakoot,Yamuna Basin,2026-06-10 10:00:00+00:00,135.2104261783535,NORMAL,136.0,137.0,138.0,25.14133,80.85446,YMNCKT_2026-06-10T10:00:00+0000_135.2104
YMNCKT,Yamuna at Chitrakoot,Yamuna Basin,2026-06-10 11:00:00+00:00,135.11590527876965,NORMAL,136.0,137.0,138.0,25.14133,80.85446,YMNCKT_2026-06-10T11:00:00+0000_135.1159
YMNCKT,Yamuna at Chitrakoot,Yamuna Basin,2026-06-10 12:00:00+00:00,134.02578990613185,NORMAL,136.0,137.0,138.0,25.14133,80.85446,YMNCKT_2026-06-10T12:00:00+0000_134.0258
YMNCKT,Yamuna at Chitrakoot,Yamuna Basin,2026-06-10 13:00:00+00:00,134.10203167751018,NORMAL,136.0,137.0,138.0,25.14133,80.85446,YMNCKT_2026-06-10T13:00:00+0000_134.1020
YMNCKT,Yamuna at Chitrakoot,Yamuna Basin,2026-06-10 14:00:00+00:00,134.21908380001108,NORMAL,136.0,137.0,138.0,25.14133,80.85446,YMNCKT_2026-06-10T14:00:00+0000_134.2191
YMNCKT,Yamuna at Chitrakoot,Yamuna Basin,2026-06-10 15:00:00+00:00,134.23102695358773,NORMAL,136.0,137.0,138.0,25.14133,80.85446,YMNCKT_2026-06-10T15:00:00+0000_134.2310
YMNCKT,Yamuna at Chitrakoot,Yamuna Basin,2026-06-10 16:00:00+00:00,134.3124712390722,NORMAL,136.0,137.0,138.0,25.14133,80.85446,YMNCKT_2026-06-10T16:00:00+0000_134.3125
YMNCKT,Yamuna at Chitrakoot,Yamuna Basin,2026-06-10 17:00:00+00:00,134.30136540268722,NORMAL,136.0,137.0,138.0,25.14133,80.85446,YMNCKT_2026-06-10T17:00:00+0000_134.3014
YMNCKT,Yamuna at Chitrakoot,Yamuna Basin,2026-06-10 18:00:00+00:00,134.33016061950778,NORMAL,136.0,137.0,138.0,25.14133,80.85446,YMNCKT_2026-06-10T18:00:00+0000_134.3302
YMNCKT,Yamuna at Chitrakoot,Yamuna Basin,2026-06-10 19:00:00+00:00,134.36575519080563,NORMAL,136.0,137.0,138.0,25.14133,80.85446,YMNCKT_2026-06-10T19:00:00+0000_134.3658
YMNCKT,Yamuna at Chitrakoot,Yamuna Basin,2026-06-10 20:00:00+00:00,134.28812803249014,NORMAL,136.0,137.0,138.0,25.14133,80.85446,YMNCKT_2026-06-10T20:00:00+0000_134.2881
YMNCKT,Yamuna at Chitrakoot,Yamuna Basin,2026-06-10 21:00:00+00:00,134.31701433260267,NORMAL,136.0,137.0,138.0,25.14133,80.85446,YMNCKT_2026-06-10T21:00:00+0000_134.3170
YMNCKT,Yamuna at Chitrakoot,Yamuna Basin,2026-06-10 22:00:00+00:00,134.2834159056996,NORMAL,136.0,137.0,138.0,25.14133,80.85446,YMNCKT_2026-06-10T22:00:00+0000_134.2834
YMNCKT,Yamuna at Chitrakoot,Yamuna Basin,2026-06-10 23:00:00+00:00,134.20491586858873,NORMAL,136.0,137.0,138.0,25.14133,80.85446,YMNCKT_2026-06-10T23:00:00+0000_134.2049
YMNCKT,Yamuna at Chitrakoot,Yamuna Basin,2026-06-11 00:00:00+00:00,134.19063638151394,NORMAL,136.0,137.0,138.0,25.14133,80.85446,YMNCKT_2026-06-11T00:00:00+0000_134.1906
YMNCKT,Yamuna at Chitrakoot,Yamuna Basin,2026-06-11 01:00:00+00:00,134.10643246204657,NORMAL,136.0,137.0,138.0,25.14133,80.85446,YMNCKT_2026-06-11T01:00:00+0000_134.1064
YMNCKT,Yamuna at Chitrakoot,Yamuna Basin,2026-06-11 02:00:00+00:00,134.02306307221102,NORMAL,136.0,137.0,138.0,25.14133,80.85446,YMNCKT_2026-06-11T02:00:00+0000_134.0231
YMNCKT,Yamuna at Chitrakoot,Yamuna Basin,2026-06-11 03:00:00+00:00,134.0030210650047,NORMAL,136.0,137.0,138.0,25.14133,80.85446,YMNCKT_2026-06-11T03:00:00+0000_134.0030
YMNCKT,Yamuna at Chitrakoot,Yamuna Basin,2026-06-11 04:00:00+00:00,133.94538114935352,NORMAL,136.0,137.0,138.0,25.14133,80.85446,YMNCKT_2026-06-11T04:00:00+0000_133.9454
YMNCKT,Yamuna at Chitrakoot,Yamuna Basin,2026-06-11 05:00:00+00:00,133.90741253926797,NORMAL,136.0,137.0,138.0,25.14133,80.85446,YMNCKT_2026-06-11T05:00:00+0000_133.9074
YMNCKT,Yamuna at Chitrakoot,Yamuna Basin,2026-06-11 06:00:00+00:00,133.93205410254035,NORMAL,136.0,137.0,138.0,25.14133,80.85446,YMNCKT_2026-06-11T06:00:00+0000_133.9321
YMNCKT,Yamuna at Chitrakoot,Yamuna Basin,2026-06-11 07:00:00+00:00,133.88169857553234,NORMAL,136.0,137.0,138.0,25.14133,80.85446,YMNCKT_2026-06-11T07:00:00+0000_133.8817
YMNCKT,Yamuna at Chitrakoot,Yamuna Basin,2026-06-11 08:00:00+00:00,133.89912047200406,NORMAL,136.0,137.0,138.0,25.14133,80.85446,YMNCKT_2026-06-11T08:00:00+0000_133.8991
YMNCKT,Yamuna at Chitrakoot,Yamuna Basin,2026-06-11 09:00:00+00:00,133.96132522498212,NORMAL,136.0,137.0,138.0,25.14133,80.85446,YMNCKT_2026-06-11T09:00:00+0000_133.9613
YMNCKT,Yamuna at Chitrakoot,Yamuna Basin,2026-06-11 10:00:00+00:00,133.98415444002575,NORMAL,136.0,137.0,138.0,25.14133,80.85446,YMNCKT_2026-06-11T10:00:00+0000_133.9842
YMNCKT,Yamuna at Chitrakoot,Yamuna Basin,2026-06-11 11:00:00+00:00,134.04291678588163,NORMAL,136.0,137.0,138.0,25.14133,80.85446,YMNCKT_2026-06-11T11:00:00+0000_134.0429
YMNCKT,Yamuna at Chitrakoot,Yamuna Basin,2026-06-11 12:00:00+00:00,134.03837254402467,NORMAL,136.0,137.0,138.0,25.14133,80.85446,YMNCKT_2026-06-11T12:00:00+0000_134.0384
YMNCKT,Yamuna at Chitrakoot,Yamuna Basin,2026-06-11 13:00:00+00:00,134.13964508233886,NORMAL,136.0,137.0,138.0,25.14133,80.85446,YMNCKT_2026-06-11T13:00:00+0000_134.1396
YMNCKT,Yamuna at Chitrakoot,Yamuna Basin,2026-06-11 14:00:00+00:00,134.15199501857884,NORMAL,136.0,137.0,138.0,25.14133,80.85446,YMNCKT_2026-06-11T14:00:00+0000_134.1520
YMNCKT,Yamuna at Chitrakoot,Yamuna Basin,2026-06-11 15:00:00+00:00,134.1992616743464,NORMAL,136.0,137.0,138.0,25.14133,80.85446,YMNCKT_2026-06-11T15:00:00+0000_134.1993
YMNCKT,Yamuna at Chitrakoot,Yamuna Basin,2026-06-11 16:00:00+00:00,134.26380211383423,NORMAL,136.0,137.0,138.0,25.14133,80.85446,YMNCKT_2026-06-11T16:00:00+0000_134.2638
YMNCKT,Yamuna at Chitrakoot,Yamuna Basin,2026-06-11 17:00:00+00:00,134.32359706874635,NORMAL,136.0,137.0,138.0,25.14133,80.85446,YMNCKT_2026-06-11T17:00:00+0000_134.3236
YMNCKT,Yamuna at Chitrakoot,Yamuna Basin,2026-06-11 18:00:00+00:00,134.35253790924222,NORMAL,136.0,137.0,138.0,25.14133,80.85446,YMNCKT_2026-06-11T18:00:00+0000_134.3525
YMNCKT,Yamuna at Chitrakoot,Yamuna Basin,2026-06-11 19:00:00+00:00,134.38694387400523,NORMAL,136.0,137.0,138.0,25.14133,80.85446,YMNCKT_2026-06-11T19:00:00+0000_134.3869
YMNCKT,Yamuna at Chitrakoot,Yamuna Basin,2026-06-11 20:00:00+00:00,134.3170545940839,NORMAL,136.0,137.0,138.0,25.14133,80.85446,YMNCKT_2026-06-11T20:00:00+0000_134.3171
YMNCKT,Yamuna at Chitrakoot,Yamuna Basin,2026-06-11 21:00:00+00:00,134.32123455631165,NORMAL,136.0,137.0,138.0,25.14133,80.85446,YMNCKT_2026-06-11T21:00:00+0000_134.3212
YMNCKT,Yamuna at Chitrakoot,Yamuna Basin,2026-06-11 22:00:00+00:00,134.2294415041651,NORMAL,136.0,137.0,138.0,25.14133,80.85446,YMNCKT_2026-06-11T22:00:00+0000_134.2294
YMNCKT,Yamuna at Chitrakoot,Yamuna Basin,2026-06-11 23:00:00+00:00,134.26065230864936,NORMAL,136.0,137.0,138.0,25.14133,80.85446,YMNCKT_2026-06-11T23:00:00+0000_134.2607
YMNCKT,Yamuna at Chitrakoot,Yamuna Basin,2026-06-12 00:00:00+00:00,134.16764100491875,NORMAL,136.0,137.0,138.0,25.14133,80.85446,YMNCKT_2026-06-12T00:00:00+0000_134.1676
YMNCKT,Yamuna at Chitrakoot,Yamuna Basin,2026-06-12 01:00:00+00:00,134.1327152296965,NORMAL,136.0,137.0,138.0,25.14133,80.85446,YMNCKT_2026-06-12T01:00:00+0000_134.1327
YMNCKT,Yamuna at Chitrakoot,Yamuna Basin,2026-06-12 02:00:00+00:00,134.10154829818396,NORMAL,136.0,137.0,138.0,25.14133,80.85446,YMNCKT_2026-06-12T02:00:00+0000_134.1015
YMNCKT,Yamuna at Chitrakoot,Yamuna Basin,2026-06-12 03:00:00+00:00,133.99075511477028,NORMAL,136.0,137.0,138.0,25.14133,80.85446,YMNCKT_2026-06-12T03:00:00+0000_133.9908
YMNCKT,Yamuna at Chitrakoot,Yamuna Basin,2026-06-12 04:00:00+00:00,133.94068706568316,NORMAL,136.0,137.0,138.0,25.14133,80.85446,YMNCKT_2026-06-12T04:00:00+0000_133.9407
YMNCKT,Yamuna at Chitrakoot,Yamuna Basin,2026-06-12 05:00:00+00:00,133.9132624830671,NORMAL,136.0,137.0,138.0,25.14133,80.85446,YMNCKT_2026-06-12T05:00:00+0000_133.9133
YMNCKT,Yamuna at Chitrakoot,Yamuna Basin,2026-06-12 06:00:00+00:00,133.92657407133322,NORMAL,136.0,137.0,138.0,25.14133,80.85446,YMNCKT_2026-06-12T06:00:00+0000_133.9266
YMNCKT,Yamuna at Chitrakoot,Yamuna Basin,2026-06-12 07:00:00+00:00,133.9388239558675,NORMAL,136.0,137.0,138.0,25.14133,80.85446,YMNCKT_2026-06-12T07:00:00+0000_133.9388
YMNCKT,Yamuna at Chitrakoot,Yamuna Basin,2026-06-12 08:00:00+00:00,137.70973910825367,DANGER,136.0,137.0,138.0,25.14133,80.85446,YMNCKT_2026-06-12T08:00:00+0000_137.7097
YMNCKT,Yamuna at Chitrakoot,Yamuna Basin,2026-06-12 09:00:00+00:00,137.371962877217,DANGER,136.0,137.0,138.0,25.14133,80.85446,YMNCKT_2026-06-12T09:00:00+0000_137.3720
YMNCKT,Yamuna at Chitrakoot,Yamuna Basin,2026-06-12 10:00:00+00:00,137.06746234388334,DANGER,136.0,137.0,138.0,25.14133,80.85446,YMNCKT_2026-06-12T10:00:00+0000_137.0675
YMNCKT,Yamuna at Chitrakoot,Yamuna Basin,2026-06-12 11:00:00+00:00,134.0500892163649,NORMAL,136.0,137.0,138.0,25.14133,80.85446,YMNCKT_2026-06-12T11:00:00+0000_134.0501
YMNCKT,Yamuna at Chitrakoot,Yamuna Basin,2026-06-12 12:00:00+00:00,134.04757744996823,NORMAL,136.0,137.0,138.0,25.14133,80.85446,YMNCKT_2026-06-12T12:00:00+0000_134.0476
YMNCKT,Yamuna at Chitrakoot,Yamuna Basin,2026-06-12 13:00:00+00:00,134.14173178054332,NORMAL,136.0,137.0,138.0,25.14133,80.85446,YMNCKT_2026-06-12T13:00:00+0000_134.1417
YMNCKT,Yamuna at Chitrakoot,Yamuna Basin,2026-06-12 14:00:00+00:00,134.16617434112564,NORMAL,136.0,137.0,138.0,25.14133,80.85446,YMNCKT_2026-06-12T14:00:00+0000_134.1662
YMNCKT,Yamuna at Chitrakoot,Yamuna Basin,2026-06-12 15:00:00+00:00,134.2756253857099,NORMAL,136.0,137.0,138.0,25.14133,80.85446,YMNCKT_2026-06-12T15:00:00+0000_134.2756
YMNCKT,Yamuna at Chitrakoot,Yamuna Basin,2026-06-12 16:00:00+00:00,134.2421542423959,NORMAL,136.0,137.0,138.0,25.14133,80.85446,YMNCKT_2026-06-12T16:00:00+0000_134.2422
YMNCKT,Yamuna at Chitrakoot,Yamuna Basin,2026-06-12 17:00:00+00:00,134.29348524587,NORMAL,136.0,137.0,138.0,25.14133,80.85446,YMNCKT_2026-06-12T17:00:00+0000_134.2935
YMNCKT,Yamuna at Chitrakoot,Yamuna Basin,2026-06-12 18:00:00+00:00,134.35165049273434,NORMAL,136.0,137.0,138.0,25.14133,80.85446,YMNCKT_2026-06-12T18:00:00+0000_134.3517
YMNCKT,Yamuna at Chitrakoot,Yamuna Basin,2026-06-12 19:00:00+00:00,134.32819048767934,NORMAL,136.0,137.0,138.0,25.14133,80.85446,YMNCKT_2026-06-12T19:00:00+0000_134.3282
YMNCKT,Yamuna at Chitrakoot,Yamuna Basin,2026-06-12 20:00:00+00:00,134.36380817622148,NORMAL,136.0,137.0,138.0,25.14133,80.85446,YMNCKT_2026-06-12T20:00:00+0000_134.3638
YMNCKT,Yamuna at Chitrakoot,Yamuna Basin,2026-06-12 21:00:00+00:00,134.26104465018352,NORMAL,136.0,137.0,138.0,25.14133,80.85446,YMNCKT_2026-06-12T21:00:00+0000_134.2610
YMNCKT,Yamuna at Chitrakoot,Yamuna Basin,2026-06-12 22:00:00+00:00,134.29798024397218,NORMAL,136.0,137.0,138.0,25.14133,80.85446,YMNCKT_2026-06-12T22:00:00+0000_134.2980
YMNCKT,Yamuna at Chitrakoot,Yamuna Basin,2026-06-12 23:00:00+00:00,134.1953034073142,NORMAL,136.0,137.0,138.0,25.14133,80.85446,YMNCKT_2026-06-12T23:00:00+0000_134.1953
YMNCKT,Yamuna at Chitrakoot,Yamuna Basin,2026-06-13 00:00:00+00:00,,,136.0,137.0,138.0,25.14133,80.85446,YMNCKT_2026-06-13T00:00:00+0000_
YMNCKT,Yamuna at Chitrakoot,Yamuna Basin,2026-06-13 01:00:00+00:00,134.0994913842968,NORMAL,136.0,137.0,138.0,25.14133,80.85446,YMNCKT_2026-06-13T01:00:00+0000_134.0995
YMNCKT,Yamuna at Chitrakoot,Yamuna Basin,2026-06-13 02:00:00+00:00,134.02281403596174,NORMAL,136.0,137.0,138.0,25.14133,80.85446,YMNCKT_2026-06-13T02:00:00+0000_134.0228
YMNCKT,Yamuna at Chitrakoot,Yamuna Basin,2026-06-13 03:00:00+00:00,134.0073354981315,NORMAL,136.0,137.0,138.0,25.14133,80.85446,YMNCKT_2026-06-13T03:00:00+0000_134.0073
YMNCKT,Yamuna at Chitrakoot,Yamuna Basin,2026-06-13 04:00:00+00:00,134.00695021188335,NORMAL,136.0,137.0,138.0,25.14133,80.85446,YMNCKT_2026-06-13T04:00:00+0000_134.0070
YMNCKT,Yamuna at Chitrakoot,Yamuna Basin,2026-06-13 05:00:00+00:00,133.97547531288038,NORMAL,136.0,137.0,138.0,25.14133,80.85446,YMNCKT_2026-06-13T05:00:00+0000_133.9755
YMNCKT,Yamuna at Chitrakoot,Yamuna Basin,2026-06-13 06:00:00+00:00,133.88856265702833,NORMAL,136.0,137.0,138.0,25.14133,80.85446,YMNCKT_2026-06-13T06:00:00+0000_133.8886
YMNCKT,Yamuna at Chitrakoot,Yamuna Basin,2026-06-13 07:00:00+00:00,133.93042062299384,NORMAL,136.0,137.0,138.0,25.14133,80.85446,YMNCKT_2026-06-13T07:00:00+0000_133.9304
YMNCKT,Yamuna at Chitrakoot,Yamuna Basin,2026-06-13 08:00:00+00:00,133.90391277170323,NORMAL,136.0,137.0,138.0,25.14133,80.85446,YMNCKT_2026-06-13T08:00:00+0000_133.9039
YMNCKT,Yamuna at Chitrakoot,Yamuna Basin,2026-06-13 09:00:00+00:00,133.95107719328587,NORMAL,136.0,137.0,138.0,25.14133,80.85446,YMNCKT_2026-06-13T09:00:00+0000_133.9511
YMNCKT,Yamuna at Chitrakoot,Yamuna Basin,2026-06-13 10:00:00+00:00,133.9272737603381,NORMAL,136.0,137.0,138.0,25.14133,80.85446,YMNCKT_2026-06-13T10:00:00+0000_133.9273
YMNCKT,Yamuna at Chitrakoot,Yamuna Basin,2026-06-13 11:00:00+00:00,134.02928081420558,NORMAL,136.0,137.0,138.0,25.14133,80.85446,YMNCKT_2026-06-13T11:00:00+0000_134.0293
YMNCKT,Yamuna at Chitrakoot,Yamuna Basin,2026-06-13 12:00:00+00:00,134.04112330382614,NORMAL,136.0,137.0,138.0,25.14133,80.85446,YMNCKT_2026-06-13T12:00:00+0000_134.0411
YMNCKT,Yamuna at Chitrakoot,Yamuna Basin,2026-06-13 13:00:00+00:00,134.11972207830533,NORMAL,136.0,137.0,138.0,25.14133,80.85446,YMNCKT_2026-06-13T13:00:00+0000_134.1197
YMNCKT,Yamuna at Chitrakoot,Yamuna Basin,2026-06-13 14:00:00+00:00,134.15185688490783,NORMAL,136.0,137.0,138.0,25.14133,80.85446,YMNCKT_2026-06-13T14:00:00+0000_134.1519
YMNCKT,Yamuna at Chitrakoot,Yamuna Basin,2026-06-13 15:00:00+00:00,134.19291419215332,NORMAL,136.0,137.0,138.0,25.14133,80.85446,YMNCKT_2026-06-13T15:00:00+0000_134.1929
YMNCKT,Yamuna at Chitrakoot,Yamuna Basin,2026-06-13 16:00:00+00:00,134.32474178157744,NORMAL,136.0,137.0,138.0,25.14133,80.85446,YMNCKT_2026-06-13T16:00:00+0000_134.3247
YMNCKT,Yamuna at Chitrakoot,Yamuna Basin,2026-06-13 17:00:00+00:00,134.27861245844224,NORMAL,136.0,137.0,138.0,25.14133,80.85446,YMNCKT_2026-06-13T17:00:00+0000_134.2786
YMNCKT,Yamuna at Chitrakoot,Yamuna Basin,2026-06-13 18:00:00+00:00,134.30034583966804,NORMAL,136.0,137.0,138.0,25.14133,80.85446,YMNCKT_2026-06-13T18:00:00+0000_134.3003
YMNCKT,Yamuna at Chitrakoot,Yamuna Basin,2026-06-13 19:00:00+00:00,134.36651090147447,NORMAL,136.0,137.0,138.0,25.14133,80.85446,YMNCKT_2026-06-13T19:00:00+0000_134.3665
YMNCKT,Yamuna at Chitrakoot,Yamuna Basin,2026-06-13 20:00:00+00:00,134.31741312477664,NORMAL,136.0,137.0,138.0,25.14133,80.85446,YMNCKT_2026-06-13T20:00:00+0000_134.3174
YMNCKT,Yamuna at Chitrakoot,Yamuna Basin,2026-06-13 21:00:00+00:00,134.28171483805428,NORMAL,136.0,137.0,138.0,25.14133,80.85446,YMNCKT_2026-06-13T21:00:00+0000_134.2817
YMNCKT,Yamuna at Chitrakoot,Yamuna Basin,2026-06-13 22:00:00+00:00,134.32599303572437,NORMAL,136.0,137.0,138.0,25.14133,80.85446,YMNCKT_2026-06-13T22:00:00+0000_134.3260
YMNCKT,Yamuna at Chitrakoot,Yamuna Basin,2026-06-13 23:00:00+00:00,134.18988193946447,NORMAL,136.0,137.0,138.0,25.14133,80.85446,YMNCKT_2026-06-13T23:00:00+0000_134.1899
YMNCKT,Yamuna at Chitrakoot,Yamuna Basin,2026-06-14 00:00:00+00:00,134.15728851291993,NORMAL,136.0,137.0,138.0,25.14133,80.85446,YMNCKT_2026-06-14T00:00:00+0000_134.1573
YMNCKT,Yamuna at Chitrakoot,Yamuna Basin,2026-06-14 01:00:00+00:00,134.12287807948576,NORMAL,136.0,137.0,138.0,25.14133,80.85446,YMNCKT_2026-06-14T01:00:00+0000_134.1229
YMNCKT,Yamuna at Chitrakoot,Yamuna Basin,2026-06-14 02:00:00+00:00,134.06219043518485,NORMAL,136.0,137.0,138.0,25.14133,80.85446,YMNCKT_2026-06-14T02:00:00+0000_134.0622
YMNCKT,Yamuna at Chitrakoot,Yamuna Basin,2026-06-14 03:00:00+00:00,134.01323804368644,NORMAL,136.0,137.0,138.0,25.14133,80.85446,YMNCKT_2026-06-14T03:00:00+0000_134.0132
YMNCKT,Yamuna at Chitrakoot,Yamuna Basin,2026-06-14 04:00:00+00:00,133.95688131798173,NORMAL,136.0,137.0,138.0,25.14133,80.85446,YMNCKT_2026-06-14T04:00:00+0000_133.9569
YMNCKT,Yamuna at Chitrakoot,Yamuna Basin,2026-06-14 05:00:00+00:00,,,136.0,137.0,138.0,25.14133,80.85446,YMNCKT_2026-06-14T05:00:00+0000_
YMNCKT,Yamuna at Chitrakoot,Yamuna Basin,2026-06-14 06:00:00+00:00,133.8958638947704,NORMAL,136.0,137.0,138.0,25.14133,80.85446,YMNCKT_2026-06-14T06:00:00+0000_133.8959
YMNCKT,Yamuna at Chitrakoot,Yamuna Basin,2026-06-14 07:00:00+00:00,133.9479896407082,NORMAL,136.0,137.0,138.0,25.14133,80.85446,YMNCKT_2026-06-14T07:00:00+0000_133.9480
YMNCKT,Yamuna at Chitrakoot,Yamuna Basin,2026-06-14 08:00:00+00:00,133.9592048274881,NORMAL,136.0,137.0,138.0,25.14133,80.85446,YMNCKT_2026-06-14T08:00:00+0000_133.9592
YMNCKT,Yamuna at Chitrakoot,Yamuna Basin,2026-06-14 09:00:00+00:00,133.95482862734897,NORMAL,136.0,137.0,138.0,25.14133,80.85446,YMNCKT_2026-06-14T09:00:00+0000_133.9548
YMNCKT,Yamuna at Chitrakoot,Yamuna Basin,2026-06-14 10:00:00+00:00,133.94034291683633,NORMAL,136.0,137.0,138.0,25.14133,80.85446,YMNCKT_2026-06-14T10:00:00+0000_133.9403
YMNCKT,Yamuna at Chitrakoot,Yamuna Basin,2026-06-14 11:00:00+00:00,134.01210024534436,NORMAL,136.0,137.0,138.0,25.14133,80.85446,YMNCKT_2026-06-14T11:00:00+0000_134.0121
YMNCKT,Yamuna at Chitrakoot,Yamuna Basin,2026-06-14 12:00:00+00:00,134.07085079634967,NORMAL,136.0,137.0,138.0,25.14133,80.85446,YMNCKT_2026-06-14T12:00:00+0000_134.0709
YMNCKT,Yamuna at Chitrakoot,Yamuna Basin,2026-06-14 13:00:00+00:00,134.1697213009333,NORMAL,136.0,137.0,138.0,25.14133,80.85446,YMNCKT_2026-06-14T13:00:00+0000_134.1697
YMNCKT,Yamuna at Chitrakoot,Yamuna Basin,2026-06-14 14:00:00+00:00,134.17317510021817,NORMAL,136.0,137.0,138.0,25.14133,80.85446,YMNCKT_2026-06-14T14:00:00+0000_134.1732
YMNCKT,Yamuna at Chitrakoot,Yamuna Basin,2026-06-14 15:00:00+00:00,134.2379085552871,NORMAL,136.0,137.0,138.0,25.14133,80.85446,YMNCKT_2026-06-14T15:00:00+0000_134.2379
YMNCKT,Yamuna at Chitrakoot,Yamuna Basin,2026-06-14 16:00:00+00:00,134.28035523799457,NORMAL,136.0,137.0,138.0,25.14133,80.85446,YMNCKT_2026-06-14T16:00:00+0000_134.2804
YMNCKT,Yamuna at Chitrakoot,Yamuna Basin,2026-06-14 17:00:00+00:00,,,136.0,137.0,138.0,25.14133,80.85446,YMNCKT_2026-06-14T17:00:00+0000_
YMNCKT,Yamuna at Chitrakoot,Yamuna Basin,2026-06-14 18:00:00+00:00,134.289851490811,NORMAL,136.0,137.0,138.0,25.14133,80.85446,YMNCKT_2026-06-14T18:00:00+0000_134.2899
YMNCKT,Yamuna at Chitrakoot,Yamuna Basin,2026-06-14 19:00:00+00:00,134.3296978152586,NORMAL,136.0,137.0,138.0,25.14133,80.85446,YMNCKT_2026-06-14T19:00:00+0000_134.3297
YMNCKT,Yamuna at Chitrakoot,Yamuna Basin,2026-06-14 20:00:00+00:00,134.31321843345495,NORMAL,136.0,137.0,138.0,25.14133,80.85446,YMNCKT_2026-06-14T20:00:00+0000_134.3132
YMNCKT,Yamuna at Chitrakoot,Yamuna Basin,2026-06-14 21:00:00+00:00,134.3297992890723,NORMAL,136.0,137.0,138.0,25.14133,80.85446,YMNCKT_2026-06-14T21:00:00+0000_134.3298
YMNCKT,Yamuna at Chitrakoot,Yamuna Basin,2026-06-14 22:00:00+00:00,134.30260700356578,NORMAL,136.0,137.0,138.0,25.14133,80.85446,YMNCKT_2026-06-14T22:00:00+0000_134.3026
YMNCKT,Yamuna at Chitrakoot,Yamuna Basin,2026-06-14 23:00:00+00:00,134.2302980056893,NORMAL,136.0,137.0,138.0,25.14133,80.85446,YMNCKT_2026-06-14T23:00:00+0000_134.2303
YMNCKT,Yamuna at Chitrakoot,Yamuna Basin,2026-06-15 00:00:00+00:00,134.15131936231748,NORMAL,136.0,137.0,138.0,25.14133,80.85446,YMNCKT_2026-06-15T00:00:00+0000_134.1513
YMNCKT,Yamuna at Chitrakoot,Yamuna Basin,2026-06-15 01:00:00+00:00,134.11202877290236,NORMAL,136.0,137.0,138.0,25.14133,80.85446,YMNCKT_2026-06-15T01:00:00+0000_134.1120
YMNCKT,Yamuna at Chitrakoot,Yamuna Basin,2026-06-15 02:00:00+00:00,134.02411663830455,NORMAL,136.0,137.0,138.0,25.14133,80.85446,YMNCKT_2026-06-15T02:00:00+0000_134.0241
YMNCKT,Yamuna at Chitrakoot,Yamuna Basin,2026-06-15 03:00:00+00:00,134.04977055694823,NORMAL,136.0,137.0,138.0,25.14133,80.85446,YMNCKT_2026-06-15T03:00:00+0000_134.0498
YMNCKT,Yamuna at Chitrakoot,Yamuna Basin,2026-06-15 04:00:00+00:00,133.92767435638473,NORMAL,136.0,137.0,138.0,25.14133,80.85446,YMNCKT_2026-06-15T04:00:00+0000_133.9277
YMNCKT,Yamuna at Chitrakoot,Yamuna Basin,2026-06-15 05:00:00+00:00,133.8905505916721,NORMAL,136.0,137.0,138.0,25.14133,80.85446,YMNCKT_2026-06-15T05:00:00+0000_133.8906
YMNCKT,Yamuna at Chitrakoot,Yamuna Basin,2026-06-15 06:00:00+00:00,133.94450964264732,NORMAL,136.0,137.0,138.0,25.14133,80.85446,YMNCKT_2026-06-15T06:00:00+0000_133.9445
YMNCKT,Yamuna at Chitrakoot,Yamuna Basin,2026-06-15 07:00:00+00:00,133.8798513410443,NORMAL,136.0,137.0,138.0,25.14133,80.85446,YMNCKT_2026-06-15T07:00:00+0000_133.8799
YMNCKT,Yamuna at Chitrakoot,Yamuna Basin,2026-06-15 08:00:00+00:00,133.90685697784224,NORMAL,136.0,137.0,138.0,25.14133,80.85446,YMNCKT_2026-06-15T08:00:00+0000_133.9069
YMNCKT,Yamuna at Chitrakoot,Yamuna Basin,2026-06-15 09:00:00+00:00,133.97375383313235,NORMAL,136.0,137.0,138.0,25.14133,80.85446,YMNCKT_2026-06-15T09:00:00+0000_133.9738
YMNCKT,Yamuna at Chitrakoot,Yamuna Basin,2026-06-15 10:00:00+00:00,133.98401951288002,NORMAL,136.0,137.0,138.0,25.14133,80.85446,YMNCKT_2026-06-15T10:00:00+0000_133.9840
YMNCKT,Yamuna at Chitrakoot,Yamuna Basin,2026-06-15 11:00:00+00:00,134.00897072775894,NORMAL,136.0,137.0,138.0,25.14133,80.85446,YMNCKT_2026-06-15T11:00:00+0000_134.0090
YMNCKT,Yamuna at Chitrakoot,Yamuna Basin,2026-06-15 12:00:00+00:00,134.06263474703468,NORMAL,136.0,137.0,138.0,25.14133,80.85446,YMNCKT_2026-06-15T12:00:00+0000_134.0626
YMNCKT,Yamuna at Chitrakoot,Yamuna Basin,2026-06-15 13:00:00+00:00,134.1266270169149,NORMAL,136.0,137.0,138.0,25.14133,80.85446,YMNCKT_2026-06-15T13:00:00+0000_134.1266
YMNCKT,Yamuna at Chitrakoot,Yamuna Basin,2026-06-15 14:00:00+00:00,134.13751330265868,NORMAL,136.0,137.0,138.0,25.14133,80.85446,YMNCKT_2026-06-15T14:00:00+0000_134.1375
YMNCKT,Yamuna at Chitrakoot,Yamuna Basin,2026-06-15 15:00:00+00:00,134.25775804410543,NORMAL,136.0,137.0,138.0,25.14133,80.85446,YMNCKT_2026-06-15T15:00:00+0000_134.2578
YMNCKT,Yamuna at Chitrakoot,Yamuna Basin,2026-06-15 16:00:00+00:00,134.324311366782,NORMAL,136.0,137.0,138.0,25.14133,80.85446,YMNCKT_2026-06-15T16:00:00+0000_134.3243
YMNCKT,Yamuna at Chitrakoot,Yamuna Basin,2026-06-15 17:00:00+00:00,134.30296077438518,NORMAL,136.0,137.0,138.0,25.14133,80.85446,YMNCKT_2026-06-15T17:00:00+0000_134.3030
YMNCKT,Yamuna at Chitrakoot,Yamuna Basin,2026-06-15 18:00:00+00:00,134.36922995439383,NORMAL,136.0,137.0,138.0,25.14133,80.85446,YMNCKT_2026-06-15T18:00:00+0000_134.3692
YMNCKT,Yamuna at Chitrakoot,Yamuna Basin,2026-06-15 19:00:00+00:00,134.3604197209591,NORMAL,136.0,137.0,138.0,25.14133,80.85446,YMNCKT_2026-06-15T19:00:00+0000_134.3604
YMNCKT,Yamuna at Chitrakoot,Yamuna Basin,2026-06-15 20:00:00+00:00,134.32040974637297,NORMAL,136.0,137.0,138.0,25.14133,80.85446,YMNCKT_2026-06-15T20:00:00+0000_134.3204
YMNCKT,Yamuna at Chitrakoot,Yamuna Basin,2026-06-15 21:00:00+00:00,134.34761942145514,NORMAL,136.0,137.0,138.0,25.14133,80.85446,YMNCKT_2026-06-15T21:00:00+0000_134.3476
YMNCKT,Yamuna at Chitrakoot,Yamuna Basin,2026-06-15 22:00:00+00:00,134.25612807068086,NORMAL,136.0,137.0,138.0,25.14133,80.85446,YMNCKT_2026-06-15T22:00:00+0000_134.2561
YMNCKT,Yamuna at Chitrakoot,Yamuna Basin,2026-06-15 23:00:00+00:00,134.22853959320358,NORMAL,136.0,137.0,138.0,25.14133,80.85446,YMNCKT_2026-06-15T23:00:00+0000_134.2285
YMNCKT,Yamuna at Chitrakoot,Yamuna Basin,2026-06-16 00:00:00+00:00,134.16887435500692,NORMAL,136.0,137.0,138.0,25.14133,80.85446,YMNCKT_2026-06-16T00:00:00+0000_134.1689
YMNCKT,Yamuna at Chitrakoot,Yamuna Basin,2026-06-16 01:00:00+00:00,134.14879123593207,NORMAL,136.0,137.0,138.0,25.14133,80.85446,YMNCKT_2026-06-16T01:00:00+0000_134.1488
YMNCKT,Yamuna at Chitrakoot,Yamuna Basin,2026-06-16 02:00:00+00:00,134.06981530594766,NORMAL,136.0,137.0,138.0,25.14133,80.85446,YMNCKT_2026-06-16T02:00:00+0000_134.0698
YMNCKT,Yamuna at Chitrakoot,Yamuna Basin,2026-06-16 03:00:00+00:00,133.98282650574924,NORMAL,136.0,137.0,138.0,25.14133,80.85446,YMNCKT_2026-06-16T03:00:00+0000_133.9828
YMNCKT,Yamuna at Chitrakoot,Yamuna Basin,2026-06-16 04:00:00+00:00,133.92519680863904,NORMAL,136.0,137.0,138.0,25.14133,80.85446,YMNCKT_2026-06-16T04:00:00+0000_133.9252
YMNCKT,Yamuna at Chitrakoot,Yamuna Basin,2026-06-16 05:00:00+00:00,,,136.0,137.0,138.0,25.14133,80.85446,YMNCKT_2026-06-16T05:00:00+0000_
YMNCKT,Yamuna at Chitrakoot,Yamuna Basin,2026-06-16 06:00:00+00:00,133.95755624776567,NORMAL,136.0,137.0,138.0,25.14133,80.85446,YMNCKT_2026-06-16T06:00:00+0000_133.9576
YMNCKT,Yamuna at Chitrakoot,Yamuna Basin,2026-06-16 07:00:00+00:00,133.8815682327023,NORMAL,136.0,137.0,138.0,25.14133,80.85446,YMNCKT_2026-06-16T07:00:00+0000_133.8816
YMNCKT,Yamuna at Chitrakoot,Yamuna Basin,2026-06-16 08:00:00+00:00,134.9938589673135,NORMAL,136.0,137.0,138.0,25.14133,80.85446,YMNCKT_2026-06-16T08:00:00+0000_134.9939
YMNCKT,Yamuna at Chitrakoot,Yamuna Basin,2026-06-16 09:00:00+00:00,134.9613514242717,NORMAL,136.0,137.0,138.0,25.14133,80.85446,YMNCKT_2026-06-16T09:00:00+0000_134.9614
YMNCKT,Yamuna at Chitrakoot,Yamuna Basin,2026-06-16 10:00:00+00:00,134.82072349224867,NORMAL,136.0,137.0,138.0,25.14133,80.85446,YMNCKT_2026-06-16T10:00:00+0000_134.8207
YMNCKT,Yamuna at Chitrakoot,Yamuna Basin,2026-06-16 11:00:00+00:00,134.8588613164632,NORMAL,136.0,137.0,138.0,25.14133,80.85446,YMNCKT_2026-06-16T11:00:00+0000_134.8589
YMNCKT,Yamuna at Chitrakoot,Yamuna Basin,2026-06-16 12:00:00+00:00,134.7425556792364,NORMAL,136.0,137.0,138.0,25.14133,80.85446,YMNCKT_2026-06-16T12:00:00+0000_134.7426
YMNCKT,Yamuna at Chitrakoot,Yamuna Basin,2026-06-16 13:00:00+00:00,134.15540425532558,NORMAL,136.0,137.0,138.0,25.14133,80.85446,YMNCKT_2026-06-16T13:00:00+0000_134.1554
YMNCKT,Yamuna at Chitrakoot,Yamuna Basin,2026-06-16 14:00:00+00:00,134.18876405215278,NORMAL,136.0,137.0,138.0,25.14133,80.85446,YMNCKT_2026-06-16T14:00:00+0000_134.1888
YMNCKT,Yamuna at Chitrakoot,Yamuna Basin,2026-06-16 15:00:00+00:00,134.25409339727207,NORMAL,136.0,137.0,138.0,25.14133,80.85446,YMNCKT_2026-06-16T15:00:00+0000_134.2541
YMNCKT,Yamuna at Chitrakoot,Yamuna Basin,2026-06-16 16:00:00+00:00,134.31038277487053,NORMAL,136.0,137.0,138.0,25.14133,80.85446,YMNCKT_2026-06-16T16:00:00+0000_134.3104
YMNCKT,Yamuna at Chitrakoot,Yamuna Basin,2026-06-16 17:00:00+00:00,134.35490821762417,NORMAL,136.0,137.0,138.0,25.14133,80.85446,YMNCKT_2026-06-16T17:00:00+0000_134.3549
YMNCKT,Yamuna at Chitrakoot,Yamuna Basin,2026-06-16 18:00:00+00:00,134.31120758854527,NORMAL,136.0,137.0,138.0,25.14133,80.85446,YMNCKT_2026-06-16T18:00:00+0000_134.3112
YMNCKT,Yamuna at Chitrakoot,Yamuna Basin,2026-06-16 19:00:00+00:00,134.38750989134743,NORMAL,136.0,137.0,138.0,25.14133,80.85446,YMNCKT_2026-06-16T19:00:00+0000_134.3875
YMNCKT,Yamuna at Chitrakoot,Yamuna Basin,2026-06-16 20:00:00+00:00,134.36255853542852,NORMAL,136.0,137.0,138.0,25.14133,80.85446,YMNCKT_2026-06-16T20:00:00+0000_134.3626
YMNCKT,Yamuna at Chitrakoot,Yamuna Basin,2026-06-16 21:00:00+00:00,134.34415182618358,NORMAL,136.0,137.0,138.0,25.14133,80.85446,YMNCKT_2026-06-16T21:00:00+0000_134.3442
YMNCKT,Yamuna at Chitrakoot,Yamuna Basin,2026-06-16 22:00:00+00:00,134.24553233363548,NORMAL,136.0,137.0,138.0,25.14133,80.85446,YMNCKT_2026-06-16T22:00:00+0000_134.2455
YMNCKT,Yamuna at Chitrakoot,Yamuna Basin,2026-06-16 23:00:00+00:00,134.23217518551957,NORMAL,136.0,137.0,138.0,25.14133,80.85446,YMNCKT_2026-06-16T23:00:00+0000_134.2322
YMNCKT,Yamuna at Chitrakoot,Yamuna Basin,2026-06-17 00:00:00+00:00,134.1777767671928,NORMAL,136.0,137.0,138.0,25.14133,80.85446,YMNCKT_2026-06-17T00:00:00+0000_134.1778
YMNCKT,Yamuna at Chitrakoot,Yamuna Basin,2026-06-17 01:00:00+00:00,134.11725092716162,NORMAL,136.0,137.0,138.0,25.14133,80.85446,YMNCKT_2026-06-17T01:00:00+0000_134.1173
YMNCKT,Yamuna at Chitrakoot,Yamuna Basin,2026-06-17 02:00:00+00:00,134.05374197908378,NORMAL,136.0,137.0,138.0,25.14133,80.85446,YMNCKT_2026-06-17T02:00:00+0000_134.0537
YMNCKT,Yamuna at Chitrakoot,Yamuna Basin,2026-06-17 03:00:00+00:00,134.0022937646428,NORMAL,136.0,137.0,138.0,25.14133,80.85446,YMNCKT_2026-06-17T03:00:00+0000_134.0023
YMNCKT,Yamuna at Chitrakoot,Yamuna Basin,2026-06-17 04:00:00+00:00,134.00933207862698,NORMAL,136.0,137.0,138.0,25.14133,80.85446,YMNCKT_2026-06-17T04:00:00+0000_134.0093
YMNCKT,Yamuna at Chitrakoot,Yamuna Basin,2026-06-17 05:00:00+00:00,133.9695632253647,NORMAL,136.0,137.0,138.0,25.14133,80.85446,YMNCKT_2026-06-17T05:00:00+0000_133.9696
YMNCKT,Yamuna at Chitrakoot,Yamuna Basin,2026-06-17 06:00:00+00:00,133.91969879206135,NORMAL,136.0,137.0,138.0,25.14133,80.85446,YMNCKT_2026-06-17T06:00:00+0000_133.9197
YMNCKT,Yamuna at Chitrakoot,Yamuna Basin,2026-06-17 07:00:00+00:00,133.9167366613181,NORMAL,136.0,137.0,138.0,25.14133,80.85446,YMNCKT_2026-06-17T07:00:00+0000_133.9167
YMNCKT,Yamuna at Chitrakoot,Yamuna Basin,2026-06-17 08:00:00+00:00,133.95761512444122,NORMAL,136.0,137.0,138.0,25.14133,80.85446,YMNCKT_2026-06-17T08:00:00+0000_133.9576
YMNCKT,Yamuna at Chitrakoot,Yamuna Basin,2026-06-17 09:00:00+00:00,133.90989847334,NORMAL,136.0,137.0,138.0,25.14133,80.85446,YMNCKT_2026-06-17T09:00:00+0000_133.9099
YMNCKT,Yamuna at Chitrakoot,Yamuna Basin,2026-06-17 10:00:00+00:00,133.9629968400043,NORMAL,136.0,137.0,138.0,25.14133,80.85446,YMNCKT_2026-06-17T10:00:00+0000_133.9630
YMNCKT,Yamuna at Chitrakoot,Yamuna Basin,2026-06-17 11:00:00+00:00,133.9956931921324,NORMAL,136.0,137.0,138.0,25.14133,80.85446,YMNCKT_2026-06-17T11:00:00+0000_133.9957
YMNCKT,Yamuna at Chitrakoot,Yamuna Basin,2026-06-17 12:00:00+00:00,134.07253847170924,NORMAL,136.0,137.0,138.0,25.14133,80.85446,YMNCKT_2026-06-17T12:00:00+0000_134.0725
YMNCKT,Yamuna at Chitrakoot,Yamuna Basin,2026-06-17 13:00:00+00:00,134.1397378056065,NORMAL,136.0,137.0,138.0,25.14133,80.85446,YMNCKT_2026-06-17T13:00:00+0000_134.1397
YMNCKT,Yamuna at Chitrakoot,Yamuna Basin,2026-06-17 14:00:00+00:00,134.22659085915868,NORMAL,136.0,137.0,138.0,25.14133,80.85446,YMNCKT_2026-06-17T14:00:00+0000_134.2266
YMNCKT,Yamuna at Chitrakoot,Yamuna Basin,2026-06-17 15:00:00+00:00,134.23741787405666,NORMAL,136.0,137.0,138.0,25.14133,80.85446,YMNCKT_2026-06-17T15:00:00+0000_134.2374
YMNCKT,Yamuna at Chitrakoot,Yamuna Basin,2026-06-17 16:00:00+00:00,134.31510888438874,NORMAL,136.0,137.0,138.0,25.14133,80.85446,YMNCKT_2026-06-17T16:00:00+0000_134.3151
YMNCKT,Yamuna at Chitrakoot,Yamuna Basin,2026-06-17 17:00:00+00:00,134.30082761457732,NORMAL,136.0,137.0,138.0,25.14133,80.85446,YMNCKT_2026-06-17T17:00:00+0000_134.3008
YMNCKT,Yamuna at Chitrakoot,Yamuna Basin,2026-06-17 18:00:00+00:00,134.2950705789443,NORMAL,136.0,137.0,138.0,25.14133,80.85446,YMNCKT_2026-06-17T18:00:00+0000_134.2951
YMNCKT,Yamuna at Chitrakoot,Yamuna Basin,2026-06-17 19:00:00+00:00,134.3371441559168,NORMAL,136.0,137.0,138.0,25.14133,80.85446,YMNCKT_2026-06-17T19:00:00+0000_134.3371
YMNCKT,Yamuna at Chitrakoot,Yamuna Basin,2026-06-17 20:00:00+00:00,134.36882925115842,NORMAL,136.0,137.0,138.0,25.14133,80.85446,YMNCKT_2026-06-17T20:00:00+0000_134.3688
YMNCKT,Yamuna at Chitrakoot,Yamuna Basin,2026-06-17 21:00:00+00:00,134.2851453052516,NORMAL,136.0,137.0,138.0,25.14133,80.85446,YMNCKT_2026-06-17T21:00:00+0000_134.2851
YMNCKT,Yamuna at Chitrakoot,Yamuna Basin,2026-06-17 22:00:00+00:00,134.28687201107604,NORMAL,136.0,137.0,138.0,25.14133,80.85446,YMNCKT_2026-06-17T22:00:00+0000_134.2869
YMNCKT,Yamuna at Chitrakoot,Yamuna Basin,2026-06-17 23:00:00+00:00,134.2367949028869,NORMAL,136.0,137.0,138.0,25.14133,80.85446,YMNCKT_2026-06-17T23:00:00+0000_134.2368
YMNCKT,Yamuna at Chitrakoot,Yamuna Basin,2026-06-18 00:00:00+00:00,134.22396794595866,NORMAL,136.0,137.0,138.0,25.14133,80.85446,YMNCKT_2026-06-18T00:00:00+0000_134.2240
YMNCKT,Yamuna at Chitrakoot,Yamuna Basin,2026-06-18 01:00:00+00:00,134.13720774133546,NORMAL,136.0,137.0,138.0,25.14133,80.85446,YMNCKT_2026-06-18T01:00:00+0000_134.1372
YMNCKT,Yamuna at Chitrakoot,Yamuna Basin,2026-06-18 02:00:00+00:00,134.03787458350624,NORMAL,136.0,137.0,138.0,25.14133,80.85446,YMNCKT_2026-06-18T02:00:00+0000_134.0379
YMNCKT,Yamuna at Chitrakoot,Yamuna Basin,2026-06-18 03:00:00+00:00,134.0156154048491,NORMAL,136.0,137.0,138.0,25.14133,80.85446,YMNCKT_2026-06-18T03:00:00+0000_134.0156
YMNCKT,Yamuna at Chitrakoot,Yamuna Basin,2026-06-18 04:00:00+00:00,134.02214490027555,NORMAL,136.0,137.0,138.0,25.14133,80.85446,YMNCKT_2026-06-18T04:00:00+0000_134.0221
YMNCKT,Yamuna at Chitrakoot,Yamuna Basin,2026-06-18 05:00:00+00:00,133.891092173761,NORMAL,136.0,137.0,138.0,25.14133,80.85446,YMNCKT_2026-06-18T05:00:00+0000_133.8911
YMNCKT,Yamuna at Chitrakoot,Yamuna Basin,2026-06-18 06:00:00+00:00,133.90666882547143,NORMAL,136.0,137.0,138.0,25.14133,80.85446,YMNCKT_2026-06-18T06:00:00+0000_133.9067
YMNCKT,Yamuna at Chitrakoot,Yamuna Basin,2026-06-18 07:00:00+00:00,133.86335542739477,NORMAL,136.0,137.0,138.0,25.14133,80.85446,YMNCKT_2026-06-18T07:00:00+0000_133.8634
YMNCKT,Yamuna at Chitrakoot,Yamuna Basin,2026-06-18 08:00:00+00:00,133.9393257876368,NORMAL,136.0,137.0,138.0,25.14133,80.85446,YMNCKT_2026-06-18T08:00:00+0000_133.9393
YMNCKT,Yamuna at Chitrakoot,Yamuna Basin,2026-06-18 09:00:00+00:00,133.95850040205582,NORMAL,136.0,137.0,138.0,25.14133,80.85446,YMNCKT_2026-06-18T09:00:00+0000_133.9585
YMNCKT,Yamuna at Chitrakoot,Yamuna Basin,2026-06-18 10:00:00+00:00,133.9579584229078,NORMAL,136.0,137.0,138.0,25.14133,80.85446,YMNCKT_2026-06-18T10:00:00+0000_133.9580
YMNCKT,Yamuna at Chitrakoot,Yamuna Basin,2026-06-18 11:00:00+00:00,134.04459642647464,NORMAL,136.0,137.0,138.0,25.14133,80.85446,YMNCKT_2026-06-18T11:00:00+0000_134.0446
YMNCKT,Yamuna at Chitrakoot,Yamuna Basin,2026-06-18 12:00:00+00:00,134.04475369811612,NORMAL,136.0,137.0,138.0,25.14133,80.85446,YMNCKT_2026-06-18T12:00:00+0000_134.0448
YMNCKT,Yamuna at Chitrakoot,Yamuna Basin,2026-06-18 13:00:00+00:00,134.14745656020602,NORMAL,136.0,137.0,138.0,25.14133,80.85446,YMNCKT_2026-06-18T13:00:00+0000_134.1475
YMNCKT,Yamuna at Chitrakoot,Yamuna Basin,2026-06-18 14:00:00+00:00,134.2124392291448,NORMAL,136.0,137.0,138.0,25.14133,80.85446,YMNCKT_2026-06-18T14:00:00+0000_134.2124
YMNCKT,Yamuna at Chitrakoot,Yamuna Basin,2026-06-18 15:00:00+00:00,134.2829173356736,NORMAL,136.0,137.0,138.0,25.14133,80.85446,YMNCKT_2026-06-18T15:00:00+0000_134.2829
YMNCKT,Yamuna at Chitrakoot,Yamuna Basin,2026-06-18 16:00:00+00:00,134.2336375479435,NORMAL,136.0,137.0,138.0,25.14133,80.85446,YMNCKT_2026-06-18T16:00:00+0000_134.2336
YMNCKT,Yamuna at Chitrakoot,Yamuna Basin,2026-06-18 17:00:00+00:00,134.3009691336102,NORMAL,136.0,137.0,138.0,25.14133,80.85446,YMNCKT_2026-06-18T17:00:00+0000_134.3010
YMNCKT,Yamuna at Chitrakoot,Yamuna Basin,2026-06-18 18:00:00+00:00,134.35771113323008,NORMAL,136.0,137.0,138.0,25.14133,80.85446,YMNCKT_2026-06-18T18:00:00+0000_134.3577
YMNCKT,Yamuna at Chitrakoot,Yamuna Basin,2026-06-18 19:00:00+00:00,134.34785370792127,NORMAL,136.0,137.0,138.0,25.14133,80.85446,YMNCKT_2026-06-18T19:00:00+0000_134.3479
YMNCKT,Yamuna at Chitrakoot,Yamuna Basin,2026-06-18 20:00:00+00:00,,,136.0,137.0,138.0,25.14133,80.85446,YMNCKT_2026-06-18T20:00:00+0000_
YMNCKT,Yamuna at Chitrakoot,Yamuna Basin,2026-06-18 21:00:00+00:00,134.32420245857114,NORMAL,136.0,137.0,138.0,25.14133,80.85446,YMNCKT_2026-06-18T21:00:00+0000_134.3242
YMNCKT,Yamuna at Chitrakoot,Yamuna Basin,2026-06-18 22:00:00+00:00,134.30698530258536,NORMAL,136.0,137.0,138.0,25.14133,80.85446,YMNCKT_2026-06-18T22:00:00+0000_134.3070
YMNCKT,Yamuna at Chitrakoot,Yamuna Basin,2026-06-18 23:00:00+00:00,134.28402145853383,NORMAL,136.0,137.0,138.0,25.14133,80.85446,YMNCKT_2026-06-18T23:00:00+0000_134.2840
YMNCKT,Yamuna at Chitrakoot,Yamuna Basin,2026-06-19 00:00:00+00:00,134.13678632397156,NORMAL,136.0,137.0,138.0,25.14133,80.85446,YMNCKT_2026-06-19T00:00:00+0000_134.1368
YMNCKT,Yamuna at Chitrakoot,Yamuna Basin,2026-06-19 01:00:00+00:00,134.11111612836618,NORMAL,136.0,137.0,138.0,25.14133,80.85446,YMNCKT_2026-06-19T01:00:00+0000_134.1111
YMNCKT,Yamuna at Chitrakoot,Yamuna Basin,2026-06-19 02:00:00+00:00,134.0779909368736,NORMAL,136.0,137.0,138.0,25.14133,80.85446,YMNCKT_2026-06-19T02:00:00+0000_134.0780
YMNCKT,Yamuna at Chitrakoot,Yamuna Basin,2026-06-19 03:00:00+00:00,134.05405388985977,NORMAL,136.0,137.0,138.0,25.14133,80.85446,YMNCKT_2026-06-19T03:00:00+0000_134.0541
YMNCKT,Yamuna at Chitrakoot,Yamuna Basin,2026-06-19 04:00:00+00:00,133.9668328981653,NORMAL,136.0,137.0,138.0,25.14133,80.85446,YMNCKT_2026-06-19T04:00:00+0000_133.9668
YMNCKT,Yamuna at Chitrakoot,Yamuna Basin,2026-06-19 05:00:00+00:00,133.96416739291274,NORMAL,136.0,137.0,138.0,25.14133,80.85446,YMNCKT_2026-06-19T05:00:00+0000_133.9642
YMNCKT,Yamuna at Chitrakoot,Yamuna Basin,2026-06-19 06:00:00+00:00,133.89606419118763,NORMAL,136.0,137.0,138.0,25.14133,80.85446,YMNCKT_2026-06-19T06:00:00+0000_133.8961
YMNCKT,Yamuna at Chitrakoot,Yamuna Basin,2026-06-19 07:00:00+00:00,133.9592859585224,NORMAL,136.0,137.0,138.0,25.14133,80.85446,YMNCKT_2026-06-19T07:00:00+0000_133.9593
YMNCKT,Yamuna at Chitrakoot,Yamuna Basin,2026-06-19 08:00:00+00:00,133.90344620989225,NORMAL,136.0,137.0,138.0,25.14133,80.85446,YMNCKT_2026-06-19T08:00:00+0000_133.9034
YMNCKT,Yamuna at Chitrakoot,Yamuna Basin,2026-06-19 09:00:00+00:00,133.90205493310586,NORMAL,136.0,137.0,138.0,25.14133,80.85446,YMNCKT_2026-06-19T09:00:00+0000_133.9021
YMNCKT,Yamuna at Chitrakoot,Yamuna Basin,2026-06-19 10:00:00+00:00,133.95301977758535,NORMAL,136.0,137.0,138.0,25.14133,80.85446,YMNCKT_2026-06-19T10:00:00+0000_133.9530
YMNCKT,Yamuna at Chitrakoot,Yamuna Basin,2026-06-19 11:00:00+00:00,134.03448021381487,NORMAL,136.0,137.0,138.0,25.14133,80.85446,YMNCKT_2026-06-19T11:00:00+0000_134.0345
YMNCKT,Yamuna at Chitrakoot,Yamuna Basin,2026-06-19 12:00:00+00:00,134.07780974452578,NORMAL,136.0,137.0,138.0,25.14133,80.85446,YMNCKT_2026-06-19T12:00:00+0000_134.0778
YMNCKT,Yamuna at Chitrakoot,Yamuna Basin,2026-06-19 13:00:00+00:00,134.08152425785585,NORMAL,136.0,137.0,138.0,25.14133,80.85446,YMNCKT_2026-06-19T13:00:00+0000_134.0815
YMNCKT,Yamuna at Chitrakoot,Yamuna Basin,2026-06-19 14:00:00+00:00,134.18551665840434,NORMAL,136.0,137.0,138.0,25.14133,80.85446,YMNCKT_2026-06-19T14:00:00+0000_134.1855
YMNCKT,Yamuna at Chitrakoot,Yamuna Basin,2026-06-19 15:00:00+00:00,134.2326308001797,NORMAL,136.0,137.0,138.0,25.14133,80.85446,YMNCKT_2026-06-19T15:00:00+0000_134.2326
YMNCKT,Yamuna at Chitrakoot,Yamuna Basin,2026-06-19 16:00:00+00:00,134.26202301275669,NORMAL,136.0,137.0,138.0,25.14133,80.85446,YMNCKT_2026-06-19T16:00:00+0000_134.2620
YMNCKT,Yamuna at Chitrakoot,Yamuna Basin,2026-06-19 17:00:00+00:00,134.29349198400678,NORMAL,136.0,137.0,138.0,25.14133,80.85446,YMNCKT_2026-06-19T17:00:00+0000_134.2935
YMNCKT,Yamuna at Chitrakoot,Yamuna Basin,2026-06-19 18:00:00+00:00,134.37318338005915,NORMAL,136.0,137.0,138.0,25.14133,80.85446,YMNCKT_2026-06-19T18:00:00+0000_134.3732
YMNCKT,Yamuna at Chitrakoot,Yamuna Basin,2026-06-19 19:00:00+00:00,134.29896081256322,NORMAL,136.0,137.0,138.0,25.14133,80.85446,YMNCKT_2026-06-19T19:00:00+0000_134.2990
YMNCKT,Yamuna at Chitrakoot,Yamuna Basin,2026-06-19 20:00:00+00:00,134.35281947675458,NORMAL,136.0,137.0,138.0,25.14133,80.85446,YMNCKT_2026-06-19T20:00:00+0000_134.3528
YMNCKT,Yamuna at Chitrakoot,Yamuna Basin,2026-06-19 21:00:00+00:00,134.28268037028522,NORMAL,136.0,137.0,138.0,25.14133,80.85446,YMNCKT_2026-06-19T21:00:00+0000_134.2827
YMNCKT,Yamuna at Chitrakoot,Yamuna Basin,2026-06-19 22:00:00+00:00,134.2659595535698,NORMAL,136.0,137.0,138.0,25.14133,80.85446,YMNCKT_2026-06-19T22:00:00+0000_134.2660
YMNCKT,Yamuna at Chitrakoot,Yamuna Basin,2026-06-19 23:00:00+00:00,134.2535796247165,NORMAL,136.0,137.0,138.0,25.14133,80.85446,YMNCKT_2026-06-19T23:00:00+0000_134.2536
YMNCKT,Yamuna at Chitrakoot,Yamuna Basin,2026-06-20 00:00:00+00:00,134.16481040253635,NORMAL,136.0,137.0,138.0,25.14133,80.85446,YMNCKT_2026-06-20T00:00:00+0000_134.1648
YMNCKT,Yamuna at Chitrakoot,Yamuna Basin,2026-06-20 01:00:00+00:00,134.1384253343797,NORMAL,136.0,137.0,138.0,25.14133,80.85446,YMNCKT_2026-06-20T01:00:00+0000_134.1384
YMNCKT,Yamuna at Chitrakoot,Yamuna Basin,2026-06-20 02:00:00+00:00,134.110005788913,NORMAL,136.0,137.0,138.0,25.14133,80.85446,YMNCKT_2026-06-20T02:00:00+0000_134.1100
YMNCKT,Yamuna at Chitrakoot,Yamuna Basin,2026-06-20 03:00:00+00:00,134.00268764044,NORMAL,136.0,137.0,138.0,25.14133,80.85446,YMNCKT_2026-06-20T03:00:00+0000_134.0027
YMNCKT,Yamuna at Chitrakoot,Yamuna Basin,2026-06-20 04:00:00+00:00,134.00604713918955,NORMAL,136.0,137.0,138.0,25.14133,80.85446,YMNCKT_2026-06-20T04:00:00+0000_134.0060
YMNCKT,Yamuna at Chitrakoot,Yamuna Basin,2026-06-20 05:00:00+00:00,133.9822347478229,NORMAL,136.0,137.0,138.0,25.14133,80.85446,YMNCKT_2026-06-20T05:00:00+0000_133.9822
YMNCKT,Yamuna at Chitrakoot,Yamuna Basin,2026-06-20 06:00:00+00:00,133.92126407475757,NORMAL,136.0,137.0,138.0,25.14133,80.85446,YMNCKT_2026-06-20T06:00:00+0000_133.9213
YMNCKT,Yamuna at Chitrakoot,Yamuna Basin,2026-06-20 07:00:00+00:00,133.90617434713445,NORMAL,136.0,137.0,138.0,25.14133,80.85446,YMNCKT_2026-06-20T07:00:00+0000_133.9062
YMNCKT,Yamuna at Chitrakoot,Yamuna Basin,2026-06-20 08:00:00+00:00,133.9062941289782,NORMAL,136.0,137.0,138.0,25.14133,80.85446,YMNCKT_2026-06-20T08:00:00+0000_133.9063
YMNCKT,Yamuna at Chitrakoot,Yamuna Basin,2026-06-20 09:00:00+00:00,133.910372226918,NORMAL,136.0,137.0,138.0,25.14133,80.85446,YMNCKT_2026-06-20T09:00:00+0000_133.9104
YMNCKT,Yamuna at Chitrakoot,Yamuna Basin,2026-06-20 10:00:00+00:00,133.98886359441477,NORMAL,136.0,137.0,138.0,25.14133,80.85446,YMNCKT_2026-06-20T10:00:00+0000_133.9889
YMNCKT,Yamuna at Chitrakoot,Yamuna Basin,2026-06-20 11:00:00+00:00,134.04420248091932,NORMAL,136.0,137.0,138.0,25.14133,80.85446,YMNCKT_2026-06-20T11:00:00+0000_134.0442
YMNCKT,Yamuna at Chitrakoot,Yamuna Basin,2026-06-20 12:00:00+00:00,134.03722431046342,NORMAL,136.0,137.0,138.0,25.14133,80.85446,YMNCKT_2026-06-20T12:00:00+0000_134.0372
YMNCKT,Yamuna at Chitrakoot,Yamuna Basin,2026-06-20 13:00:00+00:00,134.11137731909693,NORMAL,136.0,137.0,138.0,25.14133,80.85446,YMNCKT_2026-06-20T13:00:00+0000_134.1114
YMNCKT,Yamuna at Chitrakoot,Yamuna Basin,2026-06-20 14:00:00+00:00,134.17224813783756,NORMAL,136.0,137.0,138.0,25.14133,80.85446,YMNCKT_2026-06-20T14:00:00+0000_134.1722
YMNCKT,Yamuna at Chitrakoot,Yamuna Basin,2026-06-20 15:00:00+00:00,134.2508920484706,NORMAL,136.0,137.0,138.0,25.14133,80.85446,YMNCKT_2026-06-20T15:00:00+0000_134.2509
YMNCKT,Yamuna at Chitrakoot,Yamuna Basin,2026-06-20 16:00:00+00:00,134.289776650776,NORMAL,136.0,137.0,138.0,25.14133,80.85446,YMNCKT_2026-06-20T16:00:00+0000_134.2898
YMNCKT,Yamuna at Chitrakoot,Yamuna Basin,2026-06-20 17:00:00+00:00,134.36024391669923,NORMAL,136.0,137.0,138.0,25.14133,80.85446,YMNCKT_2026-06-20T17:00:00+0000_134.3602
YMNCKT,Yamuna at Chitrakoot,Yamuna Basin,2026-06-20 18:00:00+00:00,134.33089433267713,NORMAL,136.0,137.0,138.0,25.14133,80.85446,YMNCKT_2026-06-20T18:00:00+0000_134.3309
YMNCKT,Yamuna at Chitrakoot,Yamuna Basin,2026-06-20 19:00:00+00:00,134.31891089215398,NORMAL,136.0,137.0,138.0,25.14133,80.85446,YMNCKT_2026-06-20T19:00:00+0000_134.3189
YMNCKT,Yamuna at Chitrakoot,Yamuna Basin,2026-06-20 20:00:00+00:00,134.3463960335356,NORMAL,136.0,137.0,138.0,25.14133,80.85446,YMNCKT_2026-06-20T20:00:00+0000_134.3464
YMNCKT,Yamuna at Chitrakoot,Yamuna Basin,2026-06-20 21:00:00+00:00,134.35661201610415,NORMAL,136.0,137.0,138.0,25.14133,80.85446,YMNCKT_2026-06-20T21:00:00+0000_134.3566
YMNCKT,Yamuna at Chitrakoot,Yamuna Basin,2026-06-20 22:00:00+00:00,134.27991305980723,NORMAL,136.0,137.0,138.0,25.14133,80.85446,YMNCKT_2026-06-20T22:00:00+0000_134.2799
YMNCKT,Yamuna at Chitrakoot,Yamuna Basin,2026-06-20 23:00:00+00:00,134.2422995940809,NORMAL,136.0,137.0,138.0,25.14133,80.85446,YMNCKT_2026-06-20T23:00:00+0000_134.2423
YMNCKT,Yamuna at Chitrakoot,Yamuna Basin,2026-06-21 00:00:00+00:00,134.17477534664854,NORMAL,136.0,137.0,138.0,25.14133,80.85446,YMNCKT_2026-06-21T00:00:00+0000_134.1748
YMNCKT,Yamuna at Chitrakoot,Yamuna Basin,2026-06-21 01:00:00+00:00,134.1556439319861,NORMAL,136.0,137.0,138.0,25.14133,80.85446,YMNCKT_2026-06-21T01:00:00+0000_134.1556
YMNCKT,Yamuna at Chitrakoot,Yamuna Basin,2026-06-21 02:00:00+00:00,134.0933209683891,NORMAL,136.0,137.0,138.0,25.14133,80.85446,YMNCKT_2026-06-21T02:00:00+0000_134.0933
YMNCKT,Yamuna at Chitrakoot,Yamuna Basin,2026-06-21 03:00:00+00:00,133.99350005364315,NORMAL,136.0,137.0,138.0,25.14133,80.85446,YMNCKT_2026-06-21T03:00:00+0000_133.9935
YMNCKT,Yamuna at Chitrakoot,Yamuna Basin,2026-06-21 04:00:00+00:00,134.00901422401512,NORMAL,136.0,137.0,138.0,25.14133,80.85446,YMNCKT_2026-06-21T04:00:00+0000_134.0090
YMNCKT,Yamuna at Chitrakoot,Yamuna Basin,2026-06-21 05:00:00+00:00,133.94558830868496,NORMAL,136.0,137.0,138.0,25.14133,80.85446,YMNCKT_2026-06-21T05:00:00+0000_133.9456
YMNCKT,Yamuna at Chitrakoot,Yamuna Basin,2026-06-21 06:00:00+00:00,133.8694739467721,NORMAL,136.0,137.0,138.0,25.14133,80.85446,YMNCKT_2026-06-21T06:00:00+0000_133.8695
YMNCKT,Yamuna at Chitrakoot,Yamuna Basin,2026-06-21 07:00:00+00:00,133.94894979175749,NORMAL,136.0,137.0,138.0,25.14133,80.85446,YMNCKT_2026-06-21T07:00:00+0000_133.9489
YMNCKT,Yamuna at Chitrakoot,Yamuna Basin,2026-06-21 08:00:00+00:00,133.8737190350273,NORMAL,136.0,137.0,138.0,25.14133,80.85446,YMNCKT_2026-06-21T08:00:00+0000_133.8737
YMNCKT,Yamuna at Chitrakoot,Yamuna Basin,2026-06-21 09:00:00+00:00,133.93238778297444,NORMAL,136.0,137.0,138.0,25.14133,80.85446,YMNCKT_2026-06-21T09:00:00+0000_133.9324
YMNCKT,Yamuna at Chitrakoot,Yamuna Basin,2026-06-21 10:00:00+00:00,133.9360472688256,NORMAL,136.0,137.0,138.0,25.14133,80.85446,YMNCKT_2026-06-21T10:00:00+0000_133.9360
YMNCKT,Yamuna at Chitrakoot,Yamuna Basin,2026-06-21 11:00:00+00:00,134.06735981036582,NORMAL,136.0,137.0,138.0,25.14133,80.85446,YMNCKT_2026-06-21T11:00:00+0000_134.0674
YMNCKT,Yamuna at Chitrakoot,Yamuna Basin,2026-06-21 12:00:00+00:00,134.051947453911,NORMAL,136.0,137.0,138.0,25.14133,80.85446,YMNCKT_2026-06-21T12:00:00+0000_134.0519
YMNCKT,Yamuna at Chitrakoot,Yamuna Basin,2026-06-21 13:00:00+00:00,134.14457981510316,NORMAL,136.0,137.0,138.0,25.14133,80.85446,YMNCKT_2026-06-21T13:00:00+0000_134.1446
YMNCKT,Yamuna at Chitrakoot,Yamuna Basin,2026-06-21 14:00:00+00:00,134.2129388504348,NORMAL,136.0,137.0,138.0,25.14133,80.85446,YMNCKT_2026-06-21T14:00:00+0000_134.2129
YMNCKT,Yamuna at Chitrakoot,Yamuna Basin,2026-06-21 15:00:00+00:00,134.2642613526193,NORMAL,136.0,137.0,138.0,25.14133,80.85446,YMNCKT_2026-06-21T15:00:00+0000_134.2643
YMNCKT,Yamuna at Chitrakoot,Yamuna Basin,2026-06-21 16:00:00+00:00,134.3230403344328,NORMAL,136.0,137.0,138.0,25.14133,80.85446,YMNCKT_2026-06-21T16:00:00+0000_134.3230
YMNCKT,Yamuna at Chitrakoot,Yamuna Basin,2026-06-21 17:00:00+00:00,134.3678140345053,NORMAL,136.0,137.0,138.0,25.14133,80.85446,YMNCKT_2026-06-21T17:00:00+0000_134.3678
YMNCKT,Yamuna at Chitrakoot,Yamuna Basin,2026-06-21 18:00:00+00:00,134.31016462067524,NORMAL,136.0,137.0,138.0,25.14133,80.85446,YMNCKT_2026-06-21T18:00:00+0000_134.3102
YMNCKT,Yamuna at Chitrakoot,Yamuna Basin,2026-06-21 19:00:00+00:00,134.39755577517178,NORMAL,136.0,137.0,138.0,25.14133,80.85446,YMNCKT_2026-06-21T19:00:00+0000_134.3976
YMNCKT,Yamuna at Chitrakoot,Yamuna Basin,2026-06-21 20:00:00+00:00,134.3076246738396,NORMAL,136.0,137.0,138.0,25.14133,80.85446,YMNCKT_2026-06-21T20:00:00+0000_134.3076
YMNCKT,Yamuna at Chitrakoot,Yamuna Basin,2026-06-21 21:00:00+00:00,134.32742427093,NORMAL,136.0,137.0,138.0,25.14133,80.85446,YMNCKT_2026-06-21T21:00:00+0000_134.3274
YMNCKT,Yamuna at Chitrakoot,Yamuna Basin,2026-06-21 22:00:00+00:00,134.31622312946809,NORMAL,136.0,137.0,138.0,25.14133,80.85446,YMNCKT_2026-06-21T22:00:00+0000_134.3162
YMNCKT,Yamuna at Chitrakoot,Yamuna Basin,2026-06-21 23:00:00+00:00,134.28883107146794,NORMAL,136.0,137.0,138.0,25.14133,80.85446,YMNCKT_2026-06-21T23:00:00+0000_134.2888
YMNCKT,Yamuna at Chitrakoot,Yamuna Basin,2026-06-22 00:00:00+00:00,134.1528744309539,NORMAL,136.0,137.0,138.0,25.14133,80.85446,YMNCKT_2026-06-22T00:00:00+0000_134.1529
YMNCKT,Yamuna at Chitrakoot,Yamuna Basin,2026-06-22 01:00:00+00:00,134.17573082385815,NORMAL,136.0,137.0,138.0,25.14133,80.85446,YMNCKT_2026-06-22T01:00:00+0000_134.1757
YMNCKT,Yamuna at Chitrakoot,Yamuna Basin,2026-06-22 02:00:00+00:00,134.041854270861,NORMAL,136.0,137.0,138.0,25.14133,80.85446,YMNCKT_2026-06-22T02:00:00+0000_134.0419
YMNCKT,Yamuna at Chitrakoot,Yamuna Basin,2026-06-22 03:00:00+00:00,134.0051379955386,NORMAL,136.0,137.0,138.0,25.14133,80.85446,YMNCKT_2026-06-22T03:00:00+0000_134.0051
YMNCKT,Yamuna at Chitrakoot,Yamuna Basin,2026-06-22 04:00:00+00:00,133.95440274715028,NORMAL,136.0,137.0,138.0,25.14133,80.85446,YMNCKT_2026-06-22T04:00:00+0000_133.9544
YMNCKT,Yamuna at Chitrakoot,Yamuna Basin,2026-06-22 05:00:00+00:00,133.91595967167797,NORMAL,136.0,137.0,138.0,25.14133,80.85446,YMNCKT_2026-06-22T05:00:00+0000_133.9160
YMNCKT,Yamuna at Chitrakoot,Yamuna Basin,2026-06-22 06:00:00+00:00,133.88139246234533,NORMAL,136.0,137.0,138.0,25.14133,80.85446,YMNCKT_2026-06-22T06:00:00+0000_133.8814
YMNCKT,Yamuna at Chitrakoot,Yamuna Basin,2026-06-22 07:00:00+00:00,133.94930534962342,NORMAL,136.0,137.0,138.0,25.14133,80.85446,YMNCKT_2026-06-22T07:00:00+0000_133.9493
YMNCKT,Yamuna at Chitrakoot,Yamuna Basin,2026-06-22 08:00:00+00:00,133.91316779724497,NORMAL,136.0,137.0,138.0,25.14133,80.85446,YMNCKT_2026-06-22T08:00:00+0000_133.9132
YMNCKT,Yamuna at Chitrakoot,Yamuna Basin,2026-06-22 09:00:00+00:00,133.95876842384416,NORMAL,136.0,137.0,138.0,25.14133,80.85446,YMNCKT_2026-06-22T09:00:00+0000_133.9588
YMNCKT,Yamuna at Chitrakoot,Yamuna Basin,2026-06-22 10:00:00+00:00,134.0049955421748,NORMAL,136.0,137.0,138.0,25.14133,80.85446,YMNCKT_2026-06-22T10:00:00+0000_134.0050
YMNCKT,Yamuna at Chitrakoot,Yamuna Basin,2026-06-22 11:00:00+00:00,134.0411395099201,NORMAL,136.0,137.0,138.0,25.14133,80.85446,YMNCKT_2026-06-22T11:00:00+0000_134.0411
YMNCKT,Yamuna at Chitrakoot,Yamuna Basin,2026-06-22 12:00:00+00:00,134.11709152347044,NORMAL,136.0,137.0,138.0,25.14133,80.85446,YMNCKT_2026-06-22T12:00:00+0000_134.1171
YMNCKT,Yamuna at Chitrakoot,Yamuna Basin,2026-06-22 13:00:00+00:00,134.1311707934432,NORMAL,136.0,137.0,138.0,25.14133,80.85446,YMNCKT_2026-06-22T13:00:00+0000_134.1312
YMNCKT,Yamuna at Chitrakoot,Yamuna Basin,2026-06-22 14:00:00+00:00,134.1616550381987,NORMAL,136.0,137.0,138.0,25.14133,80.85446,YMNCKT_2026-06-22T14:00:00+0000_134.1617
YMNCKT,Yamuna at Chitrakoot,Yamuna Basin,2026-06-22 15:00:00+00:00,134.28466431824884,NORMAL,136.0,137.0,138.0,25.14133,80.85446,YMNCKT_2026-06-22T15:00:00+0000_134.2847
YMNCKT,Yamuna at Chitrakoot,Yamuna Basin,2026-06-22 16:00:00+00:00,134.299984171969,NORMAL,136.0,137.0,138.0,25.14133,80.85446,YMNCKT_2026-06-22T16:00:00+0000_134.3000
YMNCKT,Yamuna at Chitrakoot,Yamuna Basin,2026-06-22 17:00:00+00:00,134.2755470893045,NORMAL,136.0,137.0,138.0,25.14133,80.85446,YMNCKT_2026-06-22T17:00:00+0000_134.2755
YMNCKT,Yamuna at Chitrakoot,Yamuna Basin,2026-06-22 18:00:00+00:00,134.3111965058621,NORMAL,136.0,137.0,138.0,25.14133,80.85446,YMNCKT_2026-06-22T18:00:00+0000_134.3112
YMNCKT,Yamuna at Chitrakoot,Yamuna Basin,2026-06-22 19:00:00+00:00,134.39722255749547,NORMAL,136.0,137.0,138.0,25.14133,80.85446,YMNCKT_2026-06-22T19:00:00+0000_134.3972
YMNCKT,Yamuna at Chitrakoot,Yamuna Basin,2026-06-22 20:00:00+00:00,134.36796528256772,NORMAL,136.0,137.0,138.0,25.14133,80.85446,YMNCKT_2026-06-22T20:00:00+0000_134.3680
YMNCKT,Yamuna at Chitrakoot,Yamuna Basin,2026-06-22 21:00:00+00:00,134.36542020022003,NORMAL,136.0,137.0,138.0,25.14133,80.85446,YMNCKT_2026-06-22T21:00:00+0000_134.3654
YMNCKT,Yamuna at Chitrakoot,Yamuna Basin,2026-06-22 22:00:00+00:00,134.23661706504214,NORMAL,136.0,137.0,138.0,25.14133,80.85446,YMNCKT_2026-06-22T22:00:00+0000_134.2366
YMNCKT,Yamuna at Chitrakoot,Yamuna Basin,2026-06-22 23:00:00+00:00,134.28566173188202,NORMAL,136.0,137.0,138.0,25.14133,80.85446,YMNCKT_2026-06-22T23:00:00+0000_134.2857
YMNCKT,Yamuna at Chitrakoot,Yamuna Basin,2026-06-23 00:00:00+00:00,134.22793281212662,NORMAL,136.0,137.0,138.0,25.14133,80.85446,YMNCKT_2026-06-23T00:00:00+0000_134.2279
YMNCKT,Yamuna at Chitrakoot,Yamuna Basin,2026-06-23 01:00:00+00:00,134.1208522334255,NORMAL,136.0,137.0,138.0,25.14133,80.85446,YMNCKT_2026-06-23T01:00:00+0000_134.1209
YMNCKT,Yamuna at Chitrakoot,Yamuna Basin,2026-06-23 02:00:00+00:00,134.02843717516512,NORMAL,136.0,137.0,138.0,25.14133,80.85446,YMNCKT_2026-06-23T02:00:00+0000_134.0284
YMNCKT,Yamuna at Chitrakoot,Yamuna Basin,2026-06-23 03:00:00+00:00,133.9847689927026,NORMAL,136.0,137.0,138.0,25.14133,80.85446,YMNCKT_2026-06-23T03:00:00+0000_133.9848
YMNCKT,Yamuna at Chitrakoot,Yamuna Basin,2026-06-23 04:00:00+00:00,133.96719886201447,NORMAL,136.0,137.0,138.0,25.14133,80.85446,YMNCKT_2026-06-23T04:00:00+0000_133.9672
YMNCKT,Yamuna at Chitrakoot,Yamuna Basin,2026-06-23 05:00:00+00:00,133.98711417805362,NORMAL,136.0,137.0,138.0,25.14133,80.85446,YMNCKT_2026-06-23T05:00:00+0000_133.9871
YMNCKT,Yamuna at Chitrakoot,Yamuna Basin,2026-06-23 06:00:00+00:00,133.9327098771534,NORMAL,136.0,137.0,138.0,25.14133,80.85446,YMNCKT_2026-06-23T06:00:00+0000_133.9327
YMNCKT,Yamuna at Chitrakoot,Yamuna Basin,2026-06-23 07:00:00+00:00,133.88832758096555,NORMAL,136.0,137.0,138.0,25.14133,80.85446,YMNCKT_2026-06-23T07:00:00+0000_133.8883
YMNCKT,Yamuna at Chitrakoot,Yamuna Basin,2026-06-23 08:00:00+00:00,133.95537361903038,NORMAL,136.0,137.0,138.0,25.14133,80.85446,YMNCKT_2026-06-23T08:00:00+0000_133.9554
YMNCKT,Yamuna at Chitrakoot,Yamuna Basin,2026-06-23 09:00:00+00:00,133.9808335590875,NORMAL,136.0,137.0,138.0,25.14133,80.85446,YMNCKT_2026-06-23T09:00:00+0000_133.9808
YMNCKT,Yamuna at Chitrakoot,Yamuna Basin,2026-06-23 10:00:00+00:00,133.98211654620954,NORMAL,136.0,137.0,138.0,25.14133,80.85446,YMNCKT_2026-06-23T10:00:00+0000_133.9821
YMNCKT,Yamuna at Chitrakoot,Yamuna Basin,2026-06-23 11:00:00+00:00,134.0188747113763,NORMAL,136.0,137.0,138.0,25.14133,80.85446,YMNCKT_2026-06-23T11:00:00+0000_134.0189
YMNCKT,Yamuna at Chitrakoot,Yamuna Basin,2026-06-23 12:00:00+00:00,134.04080527827793,NORMAL,136.0,137.0,138.0,25.14133,80.85446,YMNCKT_2026-06-23T12:00:00+0000_134.0408
YMNCKT,Yamuna at Chitrakoot,Yamuna Basin,2026-06-23 13:00:00+00:00,134.1495677466263,NORMAL,136.0,137.0,138.0,25.14133,80.85446,YMNCKT_2026-06-23T13:00:00+0000_134.1496
YMNCKT,Yamuna at Chitrakoot,Yamuna Basin,2026-06-23 14:00:00+00:00,134.14890644364013,NORMAL,136.0,137.0,138.0,25.14133,80.85446,YMNCKT_2026-06-23T14:00:00+0000_134.1489
YMNCKT,Yamuna at Chitrakoot,Yamuna Basin,2026-06-23 15:00:00+00:00,134.2399498029511,NORMAL,136.0,137.0,138.0,25.14133,80.85446,YMNCKT_2026-06-23T15:00:00+0000_134.2399
YMNCKT,Yamuna at Chitrakoot,Yamuna Basin,2026-06-23 16:00:00+00:00,134.2454072188511,NORMAL,136.0,137.0,138.0,25.14133,80.85446,YMNCKT_2026-06-23T16:00:00+0000_134.2454
YMNCKT,Yamuna at Chitrakoot,Yamuna Basin,2026-06-23 17:00:00+00:00,134.2941005115305,NORMAL,136.0,137.0,138.0,25.14133,80.85446,YMNCKT_2026-06-23T17:00:00+0000_134.2941
YMNCKT,Yamuna at Chitrakoot,Yamuna Basin,2026-06-23 18:00:00+00:00,134.34326844280017,NORMAL,136.0,137.0,138.0,25.14133,80.85446,YMNCKT_2026-06-23T18:00:00+0000_134.3433
YMNCKT,Yamuna at Chitrakoot,Yamuna Basin,2026-06-23 19:00:00+00:00,134.34231930348918,NORMAL,136.0,137.0,138.0,25.14133,80.85446,YMNCKT_2026-06-23T19:00:00+0000_134.3423
YMNCKT,Yamuna at Chitrakoot,Yamuna Basin,2026-06-23 20:00:00+00:00,134.3460559515963,NORMAL,136.0,137.0,138.0,25.14133,80.85446,YMNCKT_2026-06-23T20:00:00+0000_134.3461
YMNCKT,Yamuna at Chitrakoot,Yamuna Basin,2026-06-23 21:00:00+00:00,134.3099763571402,NORMAL,136.0,137.0,138.0,25.14133,80.85446,YMNCKT_2026-06-23T21:00:00+0000_134.3100
YMNCKT,Yamuna at Chitrakoot,Yamuna Basin,2026-06-23 22:00:00+00:00,134.31926901452383,NORMAL,136.0,137.0,138.0,25.14133,80.85446,YMNCKT_2026-06-23T22:00:00+0000_134.3193
YMNCKT,Yamuna at Chitrakoot,Yamuna Basin,2026-06-23 23:00:00+00:00,134.19274982631123,NORMAL,136.0,137.0,138.0,25.14133,80.85446,YMNCKT_2026-06-23T23:00:00+0000_134.1927
YMNCKT,Yamuna at Chitrakoot,Yamuna Basin,2026-06-24 00:00:00+00:00,134.13814565507298,NORMAL,136.0,137.0,138.0,25.14133,80.85446,YMNCKT_2026-06-24T00:00:00+0000_134.1381
YMNCKT,Yamuna at Chitrakoot,Yamuna Basin,2026-06-24 01:00:00+00:00,134.11855979372365,NORMAL,136.0,137.0,138.0,25.14133,80.85446,YMNCKT_2026-06-24T01:00:00+0000_134.1186
YMNCKT,Yamuna at Chitrakoot,Yamuna Basin,2026-06-24 02:00:00+00:00,134.1085070351334,NORMAL,136.0,137.0,138.0,25.14133,80.85446,YMNCKT_2026-06-24T02:00:00+0000_134.1085
YMNCKT,Yamuna at Chitrakoot,Yamuna Basin,2026-06-24 03:00:00+00:00,133.99498722130028,NORMAL,136.0,137.0,138.0,25.14133,80.85446,YMNCKT_2026-06-24T03:00:00+0000_133.9950
YMNCKT,Yamuna at Chitrakoot,Yamuna Basin,2026-06-24 04:00:00+00:00,134.0204099916878,NORMAL,136.0,137.0,138.0,25.14133,80.85446,YMNCKT_2026-06-24T04:00:00+0000_134.0204
YMNCKT,Yamuna at Chitrakoot,Yamuna Basin,2026-06-24 05:00:00+00:00,133.9662181794669,NORMAL,136.0,137.0,138.0,25.14133,80.85446,YMNCKT_2026-06-24T05:00:00+0000_133.9662
YMNCKT,Yamuna at Chitrakoot,Yamuna Basin,2026-06-24 06:00:00+00:00,133.93374832733937,NORMAL,136.0,137.0,138.0,25.14133,80.85446,YMNCKT_2026-06-24T06:00:00+0000_133.9337
YMNCKT,Yamuna at Chitrakoot,Yamuna Basin,2026-06-24 07:00:00+00:00,133.9208855579964,NORMAL,136.0,137.0,138.0,25.14133,80.85446,YMNCKT_2026-06-24T07:00:00+0000_133.9209
YMNCKT,Yamuna at Chitrakoot,Yamuna Basin,2026-06-24 08:00:00+00:00,133.93966520999714,NORMAL,136.0,137.0,138.0,25.14133,80.85446,YMNCKT_2026-06-24T08:00:00+0000_133.9397
YMNCKT,Yamuna at Chitrakoot,Yamuna Basin,2026-06-24 09:00:00+00:00,133.92298197268028,NORMAL,136.0,137.0,138.0,25.14133,80.85446,YMNCKT_2026-06-24T09:00:00+0000_133.9230
YMNCKT,Yamuna at Chitrakoot,Yamuna Basin,2026-06-24 10:00:00+00:00,133.9603805488767,NORMAL,136.0,137.0,138.0,25.14133,80.85446,YMNCKT_2026-06-24T10:00:00+0000_133.9604
YMNCKT,Yamuna at Chitrakoot,Yamuna Basin,2026-06-24 11:00:00+00:00,,,136.0,137.0,138.0,25.14133,80.85446,YMNCKT_2026-06-24T11:00:00+0000_
YMNCKT,Yamuna at Chitrakoot,Yamuna Basin,2026-06-24 12:00:00+00:00,134.05508645368073,NORMAL,136.0,137.0,138.0,25.14133,80.85446,YMNCKT_2026-06-24T12:00:00+0000_134.0551
YMNCKT,Yamuna at Chitrakoot,Yamuna Basin,2026-06-24 13:00:00+00:00,134.14900837804538,NORMAL,136.0,137.0,138.0,25.14133,80.85446,YMNCKT_2026-06-24T13:00:00+0000_134.1490
YMNCKT,Yamuna at Chitrakoot,Yamuna Basin,2026-06-24 14:00:00+00:00,134.16049208896555,NORMAL,136.0,137.0,138.0,25.14133,80.85446,YMNCKT_2026-06-24T14:00:00+0000_134.1605
YMNCKT,Yamuna at Chitrakoot,Yamuna Basin,2026-06-24 15:00:00+00:00,134.23850089422334,NORMAL,136.0,137.0,138.0,25.14133,80.85446,YMNCKT_2026-06-24T15:00:00+0000_134.2385
YMNCKT,Yamuna at Chitrakoot,Yamuna Basin,2026-06-24 16:00:00+00:00,134.2475976558392,NORMAL,136.0,137.0,138.0,25.14133,80.85446,YMNCKT_2026-06-24T16:00:00+0000_134.2476
YMNCKT,Yamuna at Chitrakoot,Yamuna Basin,2026-06-24 17:00:00+00:00,134.29035941525527,NORMAL,136.0,137.0,138.0,25.14133,80.85446,YMNCKT_2026-06-24T17:00:00+0000_134.2904
YMNCKT,Yamuna at Chitrakoot,Yamuna Basin,2026-06-24 18:00:00+00:00,134.3723558783103,NORMAL,136.0,137.0,138.0,25.14133,80.85446,YMNCKT_2026-06-24T18:00:00+0000_134.3724
YMNCKT,Yamuna at Chitrakoot,Yamuna Basin,2026-06-24 19:00:00+00:00,134.3659023677809,NORMAL,136.0,137.0,138.0,25.14133,80.85446,YMNCKT_2026-06-24T19:00:00+0000_134.3659
YMNCKT,Yamuna at Chitrakoot,Yamuna Basin,2026-06-24 20:00:00+00:00,134.39028948302337,NORMAL,136.0,137.0,138.0,25.14133,80.85446,YMNCKT_2026-06-24T20:00:00+0000_134.3903
YMNCKT,Yamuna at Chitrakoot,Yamuna Basin,2026-06-24 21:00:00+00:00,134.31600726469406,NORMAL,136.0,137.0,138.0,25.14133,80.85446,YMNCKT_2026-06-24T21:00:00+0000_134.3160
YMNCKT,Yamuna at Chitrakoot,Yamuna Basin,2026-06-24 22:00:00+00:00,134.3032905830257,NORMAL,136.0,137.0,138.0,25.14133,80.85446,YMNCKT_2026-06-24T22:00:00+0000_134.3033
YMNCKT,Yamuna at Chitrakoot,Yamuna Basin,2026-06-24 23:00:00+00:00,134.2378007082484,NORMAL,136.0,137.0,138.0,25.14133,80.85446,YMNCKT_2026-06-24T23:00:00+0000_134.2378
YMNCKT,Yamuna at Chitrakoot,Yamuna Basin,2026-06-25 00:00:00+00:00,134.152239339817,NORMAL,136.0,137.0,138.0,25.14133,80.85446,YMNCKT_2026-06-25T00:00:00+0000_134.1522
YMNCKT,Yamuna at Chitrakoot,Yamuna Basin,2026-06-25 01:00:00+00:00,134.10590618826222,NORMAL,136.0,137.0,138.0,25.14133,80.85446,YMNCKT_2026-06-25T01:00:00+0000_134.1059
YMNCKT,Yamuna at Chitrakoot,Yamuna Basin,2026-06-25 02:00:00+00:00,134.10970663857907,NORMAL,136.0,137.0,138.0,25.14133,80.85446,YMNCKT_2026-06-25T02:00:00+0000_134.1097
YMNCKT,Yamuna at Chitrakoot,Yamuna Basin,2026-06-25 03:00:00+00:00,133.9745239120887,NORMAL,136.0,137.0,138.0,25.14133,80.85446,YMNCKT_2026-06-25T03:00:00+0000_133.9745
YMNCKT,Yamuna at Chitrakoot,Yamuna Basin,2026-06-25 04:00:00+00:00,134.0212545075522,NORMAL,136.0,137.0,138.0,25.14133,80.85446,YMNCKT_2026-06-25T04:00:00+0000_134.0213
YMNCKT,Yamuna at Chitrakoot,Yamuna Basin,2026-06-25 05:00:00+00:00,133.90301352062713,NORMAL,136.0,137.0,138.0,25.14133,80.85446,YMNCKT_2026-06-25T05:00:00+0000_133.9030
YMNCKT,Yamuna at Chitrakoot,Yamuna Basin,2026-06-25 06:00:00+00:00,133.89757992928347,NORMAL,136.0,137.0,138.0,25.14133,80.85446,YMNCKT_2026-06-25T06:00:00+0000_133.8976
YMNCKT,Yamuna at Chitrakoot,Yamuna Basin,2026-06-25 07:00:00+00:00,133.87144873673503,NORMAL,136.0,137.0,138.0,25.14133,80.85446,YMNCKT_2026-06-25T07:00:00+0000_133.8714
YMNCKT,Yamuna at Chitrakoot,Yamuna Basin,2026-06-25 08:00:00+00:00,133.9644909700883,NORMAL,136.0,137.0,138.0,25.14133,80.85446,YMNCKT_2026-06-25T08:00:00+0000_133.9645
YMNCKT,Yamuna at Chitrakoot,Yamuna Basin,2026-06-25 09:00:00+00:00,133.95860469634314,NORMAL,136.0,137.0,138.0,25.14133,80.85446,YMNCKT_2026-06-25T09:00:00+0000_133.9586
YMNCKT,Yamuna at Chitrakoot,Yamuna Basin,2026-06-25 10:00:00+00:00,133.9317250935527,NORMAL,136.0,137.0,138.0,25.14133,80.85446,YMNCKT_2026-06-25T10:00:00+0000_133.9317
YMNCKT,Yamuna at Chitrakoot,Yamuna Basin,2026-06-25 11:00:00+00:00,134.03150066257214,NORMAL,136.0,137.0,138.0,25.14133,80.85446,YMNCKT_2026-06-25T11:00:00+0000_134.0315
YMNCKT,Yamuna at Chitrakoot,Yamuna Basin,2026-06-25 12:00:00+00:00,134.09618605065194,NORMAL,136.0,137.0,138.0,25.14133,80.85446,YMNCKT_2026-06-25T12:00:00+0000_134.0962
YMNCKT,Yamuna at Chitrakoot,Yamuna Basin,2026-06-25 13:00:00+00:00,134.15872710180727,NORMAL,136.0,137.0,138.0,25.14133,80.85446,YMNCKT_2026-06-25T13:00:00+0000_134.1587
YMNCKT,Yamuna at Chitrakoot,Yamuna Basin,2026-06-25 14:00:00+00:00,134.22113640457104,NORMAL,136.0,137.0,138.0,25.14133,80.85446,YMNCKT_2026-06-25T14:00:00+0000_134.2211
YMNCKT,Yamuna at Chitrakoot,Yamuna Basin,2026-06-25 15:00:00+00:00,134.2575977633538,NORMAL,136.0,137.0,138.0,25.14133,80.85446,YMNCKT_2026-06-25T15:00:00+0000_134.2576
YMNCKT,Yamuna at Chitrakoot,Yamuna Basin,2026-06-25 16:00:00+00:00,134.27814620827024,NORMAL,136.0,137.0,138.0,25.14133,80.85446,YMNCKT_2026-06-25T16:00:00+0000_134.2781
YMNCKT,Yamuna at Chitrakoot,Yamuna Basin,2026-06-25 17:00:00+00:00,134.27249177136315,NORMAL,136.0,137.0,138.0,25.14133,80.85446,YMNCKT_2026-06-25T17:00:00+0000_134.2725
YMNCKT,Yamuna at Chitrakoot,Yamuna Basin,2026-06-25 18:00:00+00:00,134.3790398297626,NORMAL,136.0,137.0,138.0,25.14133,80.85446,YMNCKT_2026-06-25T18:00:00+0000_134.3790
YMNCKT,Yamuna at Chitrakoot,Yamuna Basin,2026-06-25 19:00:00+00:00,134.31387038761383,NORMAL,136.0,137.0,138.0,25.14133,80.85446,YMNCKT_2026-06-25T19:00:00+0000_134.3139
YMNCKT,Yamuna at Chitrakoot,Yamuna Basin,2026-06-25 20:00:00+00:00,134.2990747924117,NORMAL,136.0,137.0,138.0,25.14133,80.85446,YMNCKT_2026-06-25T20:00:00+0000_134.2991
YMNCKT,Yamuna at Chitrakoot,Yamuna Basin,2026-06-25 21:00:00+00:00,134.36836525470525,NORMAL,136.0,137.0,138.0,25.14133,80.85446,YMNCKT_2026-06-25T21:00:00+0000_134.3684
YMNCKT,Yamuna at Chitrakoot,Yamuna Basin,2026-06-25 22:00:00+00:00,,,136.0,137.0,138.0,25.14133,80.85446,YMNCKT_2026-06-25T22:00:00+0000_
YMNCKT,Yamuna at Chitrakoot,Yamuna Basin,2026-06-25 23:00:00+00:00,134.26509378394564,NORMAL,136.0,137.0,138.0,25.14133,80.85446,YMNCKT_2026-06-25T23:00:00+0000_134.2651
YMNCKT,Yamuna at Chitrakoot,Yamuna Basin,2026-06-26 00:00:00+00:00,134.19670318129727,NORMAL,136.0,137.0,138.0,25.14133,80.85446,YMNCKT_2026-06-26T00:00:00+0000_134.1967
YMNCKT,Yamuna at Chitrakoot,Yamuna Basin,2026-06-26 01:00:00+00:00,134.09082005593052,NORMAL,136.0,137.0,138.0,25.14133,80.85446,YMNCKT_2026-06-26T01:00:00+0000_134.0908
YMNCKT,Yamuna at Chitrakoot,Yamuna Basin,2026-06-26 02:00:00+00:00,134.04838565000833,NORMAL,136.0,137.0,138.0,25.14133,80.85446,YMNCKT_2026-06-26T02:00:00+0000_134.0484
YMNCKT,Yamuna at Chitrakoot,Yamuna Basin,2026-06-26 03:00:00+00:00,,,136.0,137.0,138.0,25.14133,80.85446,YMNCKT_2026-06-26T03:00:00+0000_
YMNCKT,Yamuna at Chitrakoot,Yamuna Basin,2026-06-26 04:00:00+00:00,133.9492397562993,NORMAL,136.0,137.0,138.0,25.14133,80.85446,YMNCKT_2026-06-26T04:00:00+0000_133.9492
YMNCKT,Yamuna at Chitrakoot,Yamuna Basin,2026-06-26 05:00:00+00:00,133.9546178864436,NORMAL,136.0,137.0,138.0,25.14133,80.85446,YMNCKT_2026-06-26T05:00:00+0000_133.9546
YMNCKT,Yamuna at Chitrakoot,Yamuna Basin,2026-06-26 06:00:00+00:00,133.94374427908363,NORMAL,136.0,137.0,138.0,25.14133,80.85446,YMNCKT_2026-06-26T06:00:00+0000_133.9437
YMNCKT,Yamuna at Chitrakoot,Yamuna Basin,2026-06-26 07:00:00+00:00,133.87354256611343,NORMAL,136.0,137.0,138.0,25.14133,80.85446,YMNCKT_2026-06-26T07:00:00+0000_133.8735
YMNCKT,Yamuna at Chitrakoot,Yamuna Basin,2026-06-26 08:00:00+00:00,133.95510338241175,NORMAL,136.0,137.0,138.0,25.14133,80.85446,YMNCKT_2026-06-26T08:00:00+0000_133.9551
YMNCKT,Yamuna at Chitrakoot,Yamuna Basin,2026-06-26 09:00:00+00:00,133.98582234400158,NORMAL,136.0,137.0,138.0,25.14133,80.85446,YMNCKT_2026-06-26T09:00:00+0000_133.9858
YMNCKT,Yamuna at Chitrakoot,Yamuna Basin,2026-06-26 10:00:00+00:00,133.97890909572084,NORMAL,136.0,137.0,138.0,25.14133,80.85446,YMNCKT_2026-06-26T10:00:00+0000_133.9789
YMNCKT,Yamuna at Chitrakoot,Yamuna Basin,2026-06-26 11:00:00+00:00,134.04314864538583,NORMAL,136.0,137.0,138.0,25.14133,80.85446,YMNCKT_2026-06-26T11:00:00+0000_134.0431
YMNCKT,Yamuna at Chitrakoot,Yamuna Basin,2026-06-26 12:00:00+00:00,134.08403336695943,NORMAL,136.0,137.0,138.0,25.14133,80.85446,YMNCKT_2026-06-26T12:00:00+0000_134.0840
YMNCKT,Yamuna at Chitrakoot,Yamuna Basin,2026-06-26 13:00:00+00:00,134.0964515684264,NORMAL,136.0,137.0,138.0,25.14133,80.85446,YMNCKT_2026-06-26T13:00:00+0000_134.0965
YMNCKT,Yamuna at Chitrakoot,Yamuna Basin,2026-06-26 14:00:00+00:00,134.17470601258097,NORMAL,136.0,137.0,138.0,25.14133,80.85446,YMNCKT_2026-06-26T14:00:00+0000_134.1747
YMNCKT,Yamuna at Chitrakoot,Yamuna Basin,2026-06-26 15:00:00+00:00,134.25688949445683,NORMAL,136.0,137.0,138.0,25.14133,80.85446,YMNCKT_2026-06-26T15:00:00+0000_134.2569
YMNCKT,Yamuna at Chitrakoot,Yamuna Basin,2026-06-26 16:00:00+00:00,134.3120155207403,NORMAL,136.0,137.0,138.0,25.14133,80.85446,YMNCKT_2026-06-26T16:00:00+0000_134.3120
YMNCKT,Yamuna at Chitrakoot,Yamuna Basin,2026-06-26 17:00:00+00:00,134.33644841974066,NORMAL,136.0,137.0,138.0,25.14133,80.85446,YMNCKT_2026-06-26T17:00:00+0000_134.3364
YMNCKT,Yamuna at Chitrakoot,Yamuna Basin,2026-06-26 18:00:00+00:00,134.38277426105822,NORMAL,136.0,137.0,138.0,25.14133,80.85446,YMNCKT_2026-06-26T18:00:00+0000_134.3828
YMNCKT,Yamuna at Chitrakoot,Yamuna Basin,2026-06-26 19:00:00+00:00,134.3473828013239,NORMAL,136.0,137.0,138.0,25.14133,80.85446,YMNCKT_2026-06-26T19:00:00+0000_134.3474
YMNCKT,Yamuna at Chitrakoot,Yamuna Basin,2026-06-26 20:00:00+00:00,134.3147087910725,NORMAL,136.0,137.0,138.0,25.14133,80.85446,YMNCKT_2026-06-26T20:00:00+0000_134.3147
YMNCKT,Yamuna at Chitrakoot,Yamuna Basin,2026-06-26 21:00:00+00:00,134.32388105693636,NORMAL,136.0,137.0,138.0,25.14133,80.85446,YMNCKT_2026-06-26T21:00:00+0000_134.3239
YMNCKT,Yamuna at Chitrakoot,Yamuna Basin,2026-06-26 22:00:00+00:00,134.2500712979792,NORMAL,136.0,137.0,138.0,25.14133,80.85446,YMNCKT_2026-06-26T22:00:00+0000_134.2501
YMNCKT,Yamuna at Chitrakoot,Yamuna Basin,2026-06-26 23:00:00+00:00,134.21075825681942,NORMAL,136.0,137.0,138.0,25.14133,80.85446,YMNCKT_2026-06-26T23:00:00+0000_134.2108
YMNCKT,Yamuna at Chitrakoot,Yamuna Basin,2026-06-27 00:00:00+00:00,134.22452379073056,NORMAL,136.0,137.0,138.0,25.14133,80.85446,YMNCKT_2026-06-27T00:00:00+0000_134.2245
YMNCKT,Yamuna at Chitrakoot,Yamuna Basin,2026-06-27 01:00:00+00:00,134.14769776860155,NORMAL,136.0,137.0,138.0,25.14133,80.85446,YMNCKT_2026-06-27T01:00:00+0000_134.1477
YMNCKT,Yamuna at Chitrakoot,Yamuna Basin,2026-06-27 02:00:00+00:00,134.02855256770962,NORMAL,136.0,137.0,138.0,25.14133,80.85446,YMNCKT_2026-06-27T02:00:00+0000_134.0286
YMNCKT,Yamuna at Chitrakoot,Yamuna Basin,2026-06-27 03:00:00+00:00,134.06422306890985,NORMAL,136.0,137.0,138.0,25.14133,80.85446,YMNCKT_2026-06-27T03:00:00+0000_134.0642
YMNCKT,Yamuna at Chitrakoot,Yamuna Basin,2026-06-27 04:00:00+00:00,133.99838945828867,NORMAL,136.0,137.0,138.0,25.14133,80.85446,YMNCKT_2026-06-27T04:00:00+0000_133.9984
YMNCKT,Yamuna at Chitrakoot,Yamuna Basin,2026-06-27 05:00:00+00:00,133.93990586972532,NORMAL,136.0,137.0,138.0,25.14133,80.85446,YMNCKT_2026-06-27T05:00:00+0000_133.9399
YMNCKT,Yamuna at Chitrakoot,Yamuna Basin,2026-06-27 06:00:00+00:00,133.9151476721347,NORMAL,136.0,137.0,138.0,25.14133,80.85446,YMNCKT_2026-06-27T06:00:00+0000_133.9151
YMNCKT,Yamuna at Chitrakoot,Yamuna Basin,2026-06-27 07:00:00+00:00,133.88686746740984,NORMAL,136.0,137.0,138.0,25.14133,80.85446,YMNCKT_2026-06-27T07:00:00+0000_133.8869
YMNCKT,Yamuna at Chitrakoot,Yamuna Basin,2026-06-27 08:00:00+00:00,133.96127400081514,NORMAL,136.0,137.0,138.0,25.14133,80.85446,YMNCKT_2026-06-27T08:00:00+0000_133.9613
YMNCKT,Yamuna at Chitrakoot,Yamuna Basin,2026-06-27 09:00:00+00:00,133.91152362921898,NORMAL,136.0,137.0,138.0,25.14133,80.85446,YMNCKT_2026-06-27T09:00:00+0000_133.9115
YMNCKT,Yamuna at Chitrakoot,Yamuna Basin,2026-06-27 10:00:00+00:00,134.00590574420008,NORMAL,136.0,137.0,138.0,25.14133,80.85446,YMNCKT_2026-06-27T10:00:00+0000_134.0059
YMNCKT,Yamuna at Chitrakoot,Yamuna Basin,2026-06-27 11:00:00+00:00,133.99427142325246,NORMAL,136.0,137.0,138.0,25.14133,80.85446,YMNCKT_2026-06-27T11:00:00+0000_133.9943
YMNCKT,Yamuna at Chitrakoot,Yamuna Basin,2026-06-27 12:00:00+00:00,134.0387785254856,NORMAL,136.0,137.0,138.0,25.14133,80.85446,YMNCKT_2026-06-27T12:00:00+0000_134.0388
YMNCKT,Yamuna at Chitrakoot,Yamuna Basin,2026-06-27 13:00:00+00:00,134.1034684295425,NORMAL,136.0,137.0,138.0,25.14133,80.85446,YMNCKT_2026-06-27T13:00:00+0000_134.1035
YMNCKT,Yamuna at Chitrakoot,Yamuna Basin,2026-06-27 14:00:00+00:00,134.2085985612944,NORMAL,136.0,137.0,138.0,25.14133,80.85446,YMNCKT_2026-06-27T14:00:00+0000_134.2086
YMNCKT,Yamuna at Chitrakoot,Yamuna Basin,2026-06-27 15:00:00+00:00,134.2132141831995,NORMAL,136.0,137.0,138.0,25.14133,80.85446,YMNCKT_2026-06-27T15:00:00+0000_134.2132
YMNCKT,Yamuna at Chitrakoot,Yamuna Basin,2026-06-27 16:00:00+00:00,134.3238394927267,NORMAL,136.0,137.0,138.0,25.14133,80.85446,YMNCKT_2026-06-27T16:00:00+0000_134.3238
YMNCKT,Yamuna at Chitrakoot,Yamuna Basin,2026-06-27 17:00:00+00:00,134.32609754780432,NORMAL,136.0,137.0,138.0,25.14133,80.85446,YMNCKT_2026-06-27T17:00:00+0000_134.3261
YMNCKT,Yamuna at Chitrakoot,Yamuna Basin,2026-06-27 18:00:00+00:00,134.39213789152555,NORMAL,136.0,137.0,138.0,25.14133,80.85446,YMNCKT_2026-06-27T18:00:00+0000_134.3921
YMNCKT,Yamuna at Chitrakoot,Yamuna Basin,2026-06-27 19:00:00+00:00,134.3154171656404,NORMAL,136.0,137.0,138.0,25.14133,80.85446,YMNCKT_2026-06-27T19:00:00+0000_134.3154
YMNCKT,Yamuna at Chitrakoot,Yamuna Basin,2026-06-27 20:00:00+00:00,134.29737069190656,NORMAL,136.0,137.0,138.0,25.14133,80.85446,YMNCKT_2026-06-27T20:00:00+0000_134.2974
YMNCKT,Yamuna at Chitrakoot,Yamuna Basin,2026-06-27 21:00:00+00:00,134.3263422733285,NORMAL,136.0,137.0,138.0,25.14133,80.85446,YMNCKT_2026-06-27T21:00:00+0000_134.3263
YMNCKT,Yamuna at Chitrakoot,Yamuna Basin,2026-06-27 22:00:00+00:00,134.24273975143566,NORMAL,136.0,137.0,138.0,25.14133,80.85446,YMNCKT_2026-06-27T22:00:00+0000_134.2427
YMNCKT,Yamuna at Chitrakoot,Yamuna Basin,2026-06-27 23:00:00+00:00,134.21712209239686,NORMAL,136.0,137.0,138.0,25.14133,80.85446,YMNCKT_2026-06-27T23:00:00+0000_134.2171
YMNCKT,Yamuna at Chitrakoot,Yamuna Basin,2026-06-28 00:00:00+00:00,136.76664579768126,WARNING,136.0,137.0,138.0,25.14133,80.85446,YMNCKT_2026-06-28T00:00:00+0000_136.7666
YMNCKT,Yamuna at Chitrakoot,Yamuna Basin,2026-06-28 01:00:00+00:00,136.41758738636108,WARNING,136.0,137.0,138.0,25.14133,80.85446,YMNCKT_2026-06-28T01:00:00+0000_136.4176
YMNCKT,Yamuna at Chitrakoot,Yamuna Basin,2026-06-28 02:00:00+00:00,136.1610007152658,WARNING,136.0,137.0,138.0,25.14133,80.85446,YMNCKT_2026-06-28T02:00:00+0000_136.1610
YMNCKT,Yamuna at Chitrakoot,Yamuna Basin,2026-06-28 03:00:00+00:00,135.88185798672356,NORMAL,136.0,137.0,138.0,25.14133,80.85446,YMNCKT_2026-06-28T03:00:00+0000_135.8819
YMNCKT,Yamuna at Chitrakoot,Yamuna Basin,2026-06-28 04:00:00+00:00,135.67104937978016,NORMAL,136.0,137.0,138.0,25.14133,80.85446,YMNCKT_2026-06-28T04:00:00+0000_135.6710
YMNCKT,Yamuna at Chitrakoot,Yamuna Basin,2026-06-28 05:00:00+00:00,133.95228093748605,NORMAL,136.0,137.0,138.0,25.14133,80.85446,YMNCKT_2026-06-28T05:00:00+0000_133.9523
YMNCKT,Yamuna at Chitrakoot,Yamuna Basin,2026-06-28 06:00:00+00:00,133.88391537879707,NORMAL,136.0,137.0,138.0,25.14133,80.85446,YMNCKT_2026-06-28T06:00:00+0000_133.8839
YMNCKT,Yamuna at Chitrakoot,Yamuna Basin,2026-06-28 07:00:00+00:00,133.87047196574682,NORMAL,136.0,137.0,138.0,25.14133,80.85446,YMNCKT_2026-06-28T07:00:00+0000_133.8705
YMNCKT,Yamuna at Chitrakoot,Yamuna Basin,2026-06-28 08:00:00+00:00,133.90775938890764,NORMAL,136.0,137.0,138.0,25.14133,80.85446,YMNCKT_2026-06-28T08:00:00+0000_133.9078
YMNCKT,Yamuna at Chitrakoot,Yamuna Basin,2026-06-28 09:00:00+00:00,133.94013486297098,NORMAL,136.0,137.0,138.0,25.14133,80.85446,YMNCKT_2026-06-28T09:00:00+0000_133.9401
YMNCKT,Yamuna at Chitrakoot,Yamuna Basin,2026-06-28 10:00:00+00:00,133.99313740547544,NORMAL,136.0,137.0,138.0,25.14133,80.85446,YMNCKT_2026-06-28T10:00:00+0000_133.9931
YMNCKT,Yamuna at Chitrakoot,Yamuna Basin,2026-06-28 11:00:00+00:00,134.01439014599418,NORMAL,136.0,137.0,138.0,25.14133,80.85446,YMNCKT_2026-06-28T11:00:00+0000_134.0144
YMNCKT,Yamuna at Chitrakoot,Yamuna Basin,2026-06-28 12:00:00+00:00,134.0327866228193,NORMAL,136.0,137.0,138.0,25.14133,80.85446,YMNCKT_2026-06-28T12:00:00+0000_134.0328
YMNCKT,Yamuna at Chitrakoot,Yamuna Basin,2026-06-28 13:00:00+00:00,134.14072346929797,NORMAL,136.0,137.0,138.0,25.14133,80.85446,YMNCKT_2026-06-28T13:00:00+0000_134.1407
YMNCKT,Yamuna at Chitrakoot,Yamuna Basin,2026-06-28 14:00:00+00:00,134.14254582947495,NORMAL,136.0,137.0,138.0,25.14133,80.85446,YMNCKT_2026-06-28T14:00:00+0000_134.1425
YMNCKT,Yamuna at Chitrakoot,Yamuna Basin,2026-06-28 15:00:00+00:00,134.23791282581357,NORMAL,136.0,137.0,138.0,25.14133,80.85446,YMNCKT_2026-06-28T15:00:00+0000_134.2379
YMNCKT,Yamuna at Chitrakoot,Yamuna Basin,2026-06-28 16:00:00+00:00,134.26335268868038,NORMAL,136.0,137.0,138.0,25.14133,80.85446,YMNCKT_2026-06-28T16:00:00+0000_134.2634
YMNCKT,Yamuna at Chitrakoot,Yamuna Basin,2026-06-28 17:00:00+00:00,134.31238777249726,NORMAL,136.0,137.0,138.0,25.14133,80.85446,YMNCKT_2026-06-28T17:00:00+0000_134.3124
YMNCKT,Yamuna at Chitrakoot,Yamuna Basin,2026-06-28 18:00:00+00:00,134.38843284239363,NORMAL,136.0,137.0,138.0,25.14133,80.85446,YMNCKT_2026-06-28T18:00:00+0000_134.3884
YMNCKT,Yamuna at Chitrakoot,Yamuna Basin,2026-06-28 19:00:00+00:00,134.37344564401602,NORMAL,136.0,137.0,138.0,25.14133,80.85446,YMNCKT_2026-06-28T19:00:00+0000_134.3734
YMNCKT,Yamuna at Chitrakoot,Yamuna Basin,2026-06-28 20:00:00+00:00,134.35171527276333,NORMAL,136.0,137.0,138.0,25.14133,80.85446,YMNCKT_2026-06-28T20:00:00+0000_134.3517
YMNCKT,Yamuna at Chitrakoot,Yamuna Basin,2026-06-28 21:00:00+00:00,134.28468081522695,NORMAL,136.0,137.0,138.0,25.14133,80.85446,YMNCKT_2026-06-28T21:00:00+0000_134.2847
YMNCKT,Yamuna at Chitrakoot,Yamuna Basin,2026-06-28 22:00:00+00:00,134.3059365814365,NORMAL,136.0,137.0,138.0,25.14133,80.85446,YMNCKT_2026-06-28T22:00:00+0000_134.3059
YMNCKT,Yamuna at Chitrakoot,Yamuna Basin,2026-06-28 23:00:00+00:00,134.1944979938865,NORMAL,136.0,137.0,138.0,25.14133,80.85446,YMNCKT_2026-06-28T23:00:00+0000_134.1945
YMNCKT,Yamuna at Chitrakoot,Yamuna Basin,2026-06-29 00:00:00+00:00,134.15011869232634,NORMAL,136.0,137.0,138.0,25.14133,80.85446,YMNCKT_2026-06-29T00:00:00+0000_134.1501
YMNCKT,Yamuna at Chitrakoot,Yamuna Basin,2026-06-29 01:00:00+00:00,134.1177551794535,NORMAL,136.0,137.0,138.0,25.14133,80.85446,YMNCKT_2026-06-29T01:00:00+0000_134.1178
YMNCKT,Yamuna at Chitrakoot,Yamuna Basin,2026-06-29 02:00:00+00:00,134.09904024228817,NORMAL,136.0,137.0,138.0,25.14133,80.85446,YMNCKT_2026-06-29T02:00:00+0000_134.0990
YMNCKT,Yamuna at Chitrakoot,Yamuna Basin,2026-06-29 03:00:00+00:00,133.98966473375864,NORMAL,136.0,137.0,138.0,25.14133,80.85446,YMNCKT_2026-06-29T03:00:00+0000_133.9897
YMNCKT,Yamuna at Chitrakoot,Yamuna Basin,2026-06-29 04:00:00+00:00,134.02680079181863,NORMAL,136.0,137.0,138.0,25.14133,80.85446,YMNCKT_2026-06-29T04:00:00+0000_134.0268
YMNCKT,Yamuna at Chitrakoot,Yamuna Basin,2026-06-29 05:00:00+00:00,,,136.0,137.0,138.0,25.14133,80.85446,YMNCKT_2026-06-29T05:00:00+0000_
YMNCKT,Yamuna at Chitrakoot,Yamuna Basin,2026-06-29 06:00:00+00:00,133.9699468553617,NORMAL,136.0,137.0,138.0,25.14133,80.85446,YMNCKT_2026-06-29T06:00:00+0000_133.9699
YMNCKT,Yamuna at Chitrakoot,Yamuna Basin,2026-06-29 07:00:00+00:00,133.9539464606472,NORMAL,136.0,137.0,138.0,25.14133,80.85446,YMNCKT_2026-06-29T07:00:00+0000_133.9539
YMNCKT,Yamuna at Chitrakoot,Yamuna Basin,2026-06-29 08:00:00+00:00,133.9224832516241,NORMAL,136.0,137.0,138.0,25.14133,80.85446,YMNCKT_2026-06-29T08:00:00+0000_133.9225
YMNCKT,Yamuna at Chitrakoot,Yamuna Basin,2026-06-29 09:00:00+00:00,133.98446370807517,NORMAL,136.0,137.0,138.0,25.14133,80.85446,YMNCKT_2026-06-29T09:00:00+0000_133.9845
YMNCKT,Yamuna at Chitrakoot,Yamuna Basin,2026-06-29 10:00:00+00:00,133.92870647229296,NORMAL,136.0,137.0,138.0,25.14133,80.85446,YMNCKT_2026-06-29T10:00:00+0000_133.9287
YMNCKT,Yamuna at Chitrakoot,Yamuna Basin,2026-06-29 11:00:00+00:00,134.02107443137857,NORMAL,136.0,137.0,138.0,25.14133,80.85446,YMNCKT_2026-06-29T11:00:00+0000_134.0211
YMNCKT,Yamuna at Chitrakoot,Yamuna Basin,2026-06-29 12:00:00+00:00,134.0445940622577,NORMAL,136.0,137.0,138.0,25.14133,80.85446,YMNCKT_2026-06-29T12:00:00+0000_134.0446
YMNCKT,Yamuna at Chitrakoot,Yamuna Basin,2026-06-29 13:00:00+00:00,134.17944165360856,NORMAL,136.0,137.0,138.0,25.14133,80.85446,YMNCKT_2026-06-29T13:00:00+0000_134.1794
YMNCKT,Yamuna at Chitrakoot,Yamuna Basin,2026-06-29 14:00:00+00:00,134.16304238406346,NORMAL,136.0,137.0,138.0,25.14133,80.85446,YMNCKT_2026-06-29T14:00:00+0000_134.1630
YMNCKT,Yamuna at Chitrakoot,Yamuna Basin,2026-06-29 15:00:00+00:00,,,136.0,137.0,138.0,25.14133,80.85446,YMNCKT_2026-06-29T15:00:00+0000_
YMNCKT,Yamuna at Chitrakoot,Yamuna Basin,2026-06-29 16:00:00+00:00,134.25457183351298,NORMAL,136.0,137.0,138.0,25.14133,80.85446,YMNCKT_2026-06-29T16:00:00+0000_134.2546
YMNCKT,Yamuna at Chitrakoot,Yamuna Basin,2026-06-29 17:00:00+00:00,134.31642658284144,NORMAL,136.0,137.0,138.0,25.14133,80.85446,YMNCKT_2026-06-29T17:00:00+0000_134.3164
YMNCKT,Yamuna at Chitrakoot,Yamuna Basin,2026-06-29 18:00:00+00:00,134.38099997225666,NORMAL,136.0,137.0,138.0,25.14133,80.85446,YMNCKT_2026-06-29T18:00:00+0000_134.3810
YMNCKT,Yamuna at Chitrakoot,Yamuna Basin,2026-06-29 19:00:00+00:00,134.31817837194208,NORMAL,136.0,137.0,138.0,25.14133,80.85446,YMNCKT_2026-06-29T19:00:00+0000_134.3182
YMNCKT,Yamuna at Chitrakoot,Yamuna Basin,2026-06-29 20:00:00+00:00,134.32189208583435,NORMAL,136.0,137.0,138.0,25.14133,80.85446,YMNCKT_2026-06-29T20:00:00+0000_134.3219
YMNCKT,Yamuna at Chitrakoot,Yamuna Basin,2026-06-29 21:00:00+00:00,134.327925770137,NORMAL,136.0,137.0,138.0,25.14133,80.85446,YMNCKT_2026-06-29T21:00:00+0000_134.3279
YMNCKT,Yamuna at Chitrakoot,Yamuna Basin,2026-06-29 22:00:00+00:00,134.27881533435783,NORMAL,136.0,137.0,138.0,25.14133,80.85446,YMNCKT_2026-06-29T22:00:00+0000_134.2788
YMNCKT,Yamuna at Chitrakoot,Yamuna Basin,2026-06-29 23:00:00+00:00,134.22851795942688,NORMAL,136.0,137.0,138.0,25.14133,80.85446,YMNCKT_2026-06-29T23:00:00+0000_134.2285
YMNCKT,Yamuna at Chitrakoot,Yamuna Basin,2026-06-30 00:00:00+00:00,134.22308291256266,NORMAL,136.0,137.0,138.0,25.14133,80.85446,YMNCKT_2026-06-30T00:00:00+0000_134.2231
YMNCKT,Yamuna at Chitrakoot,Yamuna Basin,2026-06-30 01:00:00+00:00,134.13067891424328,NORMAL,136.0,137.0,138.0,25.14133,80.85446,YMNCKT_2026-06-30T01:00:00+0000_134.1307
YMNCKT,Yamuna at Chitrakoot,Yamuna Basin,2026-06-30 02:00:00+00:00,134.03667080187813,NORMAL,136.0,137.0,138.0,25.14133,80.85446,YMNCKT_2026-06-30T02:00:00+0000_134.0367
YMNCKT,Yamuna at Chitrakoot,Yamuna Basin,2026-06-30 03:00:00+00:00,133.9832830522885,NORMAL,136.0,137.0,138.0,25.14133,80.85446,YMNCKT_2026-06-30T03:00:00+0000_133.9833
YMNCKT,Yamuna at Chitrakoot,Yamuna Basin,2026-06-30 04:00:00+00:00,133.99558976027822,NORMAL,136.0,137.0,138.0,25.14133,80.85446,YMNCKT_2026-06-30T04:00:00+0000_133.9956
YMNCKT,Yamuna at Chitrakoot,Yamuna Basin,2026-06-30 05:00:00+00:00,133.90088481827692,NORMAL,136.0,137.0,138.0,25.14133,80.85446,YMNCKT_2026-06-30T05:00:00+0000_133.9009
YMNCKT,Yamuna at Chitrakoot,Yamuna Basin,2026-06-30 06:00:00+00:00,133.88627812635312,NORMAL,136.0,137.0,138.0,25.14133,80.85446,YMNCKT_2026-06-30T06:00:00+0000_133.8863
YMNCKT,Yamuna at Chitrakoot,Yamuna Basin,2026-06-30 07:00:00+00:00,133.90540850783026,NORMAL,136.0,137.0,138.0,25.14133,80.85446,YMNCKT_2026-06-30T07:00:00+0000_133.9054
YMNCKT,Yamuna at Chitrakoot,Yamuna Basin,2026-06-30 08:00:00+00:00,133.89606187960277,NORMAL,136.0,137.0,138.0,25.14133,80.85446,YMNCKT_2026-06-30T08:00:00+0000_133.8961
YMNCKT,Yamuna at Chitrakoot,Yamuna Basin,2026-06-30 09:00:00+00:00,133.9733400388678,NORMAL,136.0,137.0,138.0,25.14133,80.85446,YMNCKT_2026-06-30T09:00:00+0000_133.9733
YMNCKT,Yamuna at Chitrakoot,Yamuna Basin,2026-06-30 10:00:00+00:00,133.99741768434222,NORMAL,136.0,137.0,138.0,25.14133,80.85446,YMNCKT_2026-06-30T10:00:00+0000_133.9974
YMNCKT,Yamuna at Chitrakoot,Yamuna Basin,2026-06-30 11:00:00+00:00,133.9860788338954,NORMAL,136.0,137.0,138.0,25.14133,80.85446,YMNCKT_2026-06-30T11:00:00+0000_133.9861
YMNCKT,Yamuna at Chitrakoot,Yamuna Basin,2026-06-30 12:00:00+00:00,134.02608428549857,NORMAL,136.0,137.0,138.0,25.14133,80.85446,YMNCKT_2026-06-30T12:00:00+0000_134.0261
YMNCKT,Yamuna at Chitrakoot,Yamuna Basin,2026-06-30 13:00:00+00:00,134.08259632705958,NORMAL,136.0,137.0,138.0,25.14133,80.85446,YMNCKT_2026-06-30T13:00:00+0000_134.0826
YMNCKT,Yamuna at Chitrakoot,Yamuna Basin,2026-06-30 14:00:00+00:00,134.16461231258512,NORMAL,136.0,137.0,138.0,25.14133,80.85446,YMNCKT_2026-06-30T14:00:00+0000_134.1646
YMNCKT,Yamuna at Chitrakoot,Yamuna Basin,2026-06-30 15:00:00+00:00,134.2003253463369,NORMAL,136.0,137.0,138.0,25.14133,80.85446,YMNCKT_2026-06-30T15:00:00+0000_134.2003
YMNCKT,Yamuna at Chitrakoot,Yamuna Basin,2026-06-30 16:00:00+00:00,134.27456125737828,NORMAL,136.0,137.0,138.0,25.14133,80.85446,YMNCKT_2026-06-30T16:00:00+0000_134.2746
YMNCKT,Yamuna at Chitrakoot,Yamuna Basin,2026-06-30 17:00:00+00:00,134.31771286273903,NORMAL,136.0,137.0,138.0,25.14133,80.85446,YMNCKT_2026-06-30T17:00:00+0000_134.3177
YMNCKT,Yamuna at Chitrakoot,Yamuna Basin,2026-06-30 18:00:00+00:00,134.33289104142196,NORMAL,136.0,137.0,138.0,25.14133,80.85446,YMNCKT_2026-06-30T18:00:00+0000_134.3329
YMNCKT,Yamuna at Chitrakoot,Yamuna Basin,2026-06-30 19:00:00+00:00,134.30651059173928,NORMAL,136.0,137.0,138.0,25.14133,80.85446,YMNCKT_2026-06-30T19:00:00+0000_134.3065
YMNCKT,Yamuna at Chitrakoot,Yamuna Basin,2026-06-30 20:00:00+00:00,134.3322317670472,NORMAL,136.0,137.0,138.0,25.14133,80.85446,YMNCKT_2026-06-30T20:00:00+0000_134.3322
YMNCKT,Yamuna at Chitrakoot,Yamuna Basin,2026-06-30 21:00:00+00:00,134.32780816435877,NORMAL,136.0,137.0,138.0,25.14133,80.85446,YMNCKT_2026-06-30T21:00:00+0000_134.3278
YMNCKT,Yamuna at Chitrakoot,Yamuna Basin,2026-06-30 22:00:00+00:00,134.32328213524082,NORMAL,136.0,137.0,138.0,25.14133,80.85446,YMNCKT_2026-06-30T22:00:00+0000_134.3233
YMNCKT,Yamuna at Chitrakoot,Yamuna Basin,2026-06-30 23:00:00+00:00,134.21554046633662,NORMAL,136.0,137.0,138.0,25.14133,80.85446,YMNCKT_2026-06-30T23:00:00+0000_134.2155
YMNCKT,Yamuna at Chitrakoot,Yamuna Basin,2026-07-01 00:00:00+00:00,134.14256103031587,NORMAL,136.0,137.0,138.0,25.14133,80.85446,YMNCKT_2026-07-01T00:00:00+0000_134.1426
YMNCKT,Yamuna at Chitrakoot,Yamuna Basin,2026-07-01 01:00:00+00:00,134.17019607605172,NORMAL,136.0,137.0,138.0,25.14133,80.85446,YMNCKT_2026-07-01T01:00:00+0000_134.1702
YMNCKT,Yamuna at Chitrakoot,Yamuna Basin,2026-07-01 02:00:00+00:00,134.02906313029612,NORMAL,136.0,137.0,138.0,25.14133,80.85446,YMNCKT_2026-07-01T02:00:00+0000_134.0291
YMNCKT,Yamuna at Chitrakoot,Yamuna Basin,2026-07-01 03:00:00+00:00,133.99935057821727,NORMAL,136.0,137.0,138.0,25.14133,80.85446,YMNCKT_2026-07-01T03:00:00+0000_133.9994
YMNCKT,Yamuna at Chitrakoot,Yamuna Basin,2026-07-01 04:00:00+00:00,134.0040733037518,NORMAL,136.0,137.0,138.0,25.14133,80.85446,YMNCKT_2026-07-01T04:00:00+0000_134.0041
YMNCKT,Yamuna at Chitrakoot,Yamuna Basin,2026-07-01 05:00:00+00:00,133.9746618044752,NORMAL,136.0,137.0,138.0,25.14133,80.85446,YMNCKT_2026-07-01T05:00:00+0000_133.9747
YMNCKT,Yamuna at Chitrakoot,Yamuna Basin,2026-07-01 06:00:00+00:00,133.91424720966626,NORMAL,136.0,137.0,138.0,25.14133,80.85446,YMNCKT_2026-07-01T06:00:00+0000_133.9142
YMNCKT,Yamuna at Chitrakoot,Yamuna Basin,2026-07-01 07:00:00+00:00,133.87338766668222,NORMAL,136.0,137.0,138.0,25.14133,80.85446,YMNCKT_2026-07-01T07:00:00+0000_133.8734
YMNCKT,Yamuna at Chitrakoot,Yamuna Basin,2026-07-01 08:00:00+00:00,133.91905115507566,NORMAL,136.0,137.0,138.0,25.14133,80.85446,YMNCKT_2026-07-01T08:00:00+0000_133.9191
YMNCKT,Yamuna at Chitrakoot,Yamuna Basin,2026-07-01 09:00:00+00:00,133.9263173400669,NORMAL,136.0,137.0,138.0,25.14133,80.85446,YMNCKT_2026-07-01T09:00:00+0000_133.9263
YMNCKT,Yamuna at Chitrakoot,Yamuna Basin,2026-07-01 10:00:00+00:00,133.93550518565,NORMAL,136.0,137.0,138.0,25.14133,80.85446,YMNCKT_2026-07-01T10:00:00+0000_133.9355
YMNCKT,Yamuna at Chitrakoot,Yamuna Basin,2026-07-01 11:00:00+00:00,134.07062844240608,NORMAL,136.0,137.0,138.0,25.14133,80.85446,YMNCKT_2026-07-01T11:00:00+0000_134.0706
YMNCKT,Yamuna at Chitrakoot,Yamuna Basin,2026-07-01 12:00:00+00:00,134.0603872077373,NORMAL,136.0,137.0,138.0,25.14133,80.85446,YMNCKT_2026-07-01T12:00:00+0000_134.0604
YMNCKT,Yamuna at Chitrakoot,Yamuna Basin,2026-07-01 13:00:00+00:00,134.14197540085215,NORMAL,136.0,137.0,138.0,25.14133,80.85446,YMNCKT_2026-07-01T13:00:00+0000_134.1420
YMNCKT,Yamuna at Chitrakoot,Yamuna Basin,2026-07-01 14:00:00+00:00,134.18293778577504,NORMAL,136.0,137.0,138.0,25.14133,80.85446,YMNCKT_2026-07-01T14:00:00+0000_134.1829
YMNCKT,Yamuna at Chitrakoot,Yamuna Basin,2026-07-01 15:00:00+00:00,134.22109909637751,NORMAL,136.0,137.0,138.0,25.14133,80.85446,YMNCKT_2026-07-01T15:00:00+0000_134.2211
YMNCKT,Yamuna at Chitrakoot,Yamuna Basin,2026-07-01 16:00:00+00:00,134.26020123386027,NORMAL,136.0,137.0,138.0,25.14133,80.85446,YMNCKT_2026-07-01T16:00:00+0000_134.2602
YMNCKT,Yamuna at Chitrakoot,Yamuna Basin,2026-07-01 17:00:00+00:00,134.36140253175452,NORMAL,136.0,137.0,138.0,25.14133,80.85446,YMNCKT_2026-07-01T17:00:00+0000_134.3614
YMNCKT,Yamuna at Chitrakoot,Yamuna Basin,2026-07-01 18:00:00+00:00,134.33043463966268,NORMAL,136.0,137.0,138.0,25.14133,80.85446,YMNCKT_2026-07-01T18:00:00+0000_134.3304
YMNCKT,Yamuna at Chitrakoot,Yamuna Basin,2026-07-01 19:00:00+00:00,134.38467030159205,NORMAL,136.0,137.0,138.0,25.14133,80.85446,YMNCKT_2026-07-01T19:00:00+0000_134.3847
YMNCKT,Yamuna at Chitrakoot,Yamuna Basin,2026-07-01 20:00:00+00:00,134.31505953208287,NORMAL,136.0,137.0,138.0,25.14133,80.85446,YMNCKT_2026-07-01T20:00:00+0000_134.3151
YMNCKT,Yamuna at Chitrakoot,Yamuna Basin,2026-07-01 21:00:00+00:00,134.34901679379902,NORMAL,136.0,137.0,138.0,25.14133,80.85446,YMNCKT_2026-07-01T21:00:00+0000_134.3490
YMNCKT,Yamuna at Chitrakoot,Yamuna Basin,2026-07-01 22:00:00+00:00,134.31774416498902,NORMAL,136.0,137.0,138.0,25.14133,80.85446,YMNCKT_2026-07-01T22:00:00+0000_134.3177
YMNCKT,Yamuna at Chitrakoot,Yamuna Basin,2026-07-01 23:00:00+00:00,134.22626940641487,NORMAL,136.0,137.0,138.0,25.14133,80.85446,YMNCKT_2026-07-01T23:00:00+0000_134.2263
YMNCKT,Yamuna at Chitrakoot,Yamuna Basin,2026-07-02 00:00:00+00:00,134.23125560032904,NORMAL,136.0,137.0,138.0,25.14133,80.85446,YMNCKT_2026-07-02T00:00:00+0000_134.2313
YMNCKT,Yamuna at Chitrakoot,Yamuna Basin,2026-07-02 01:00:00+00:00,134.1345356648582,NORMAL,136.0,137.0,138.0,25.14133,80.85446,YMNCKT_2026-07-02T01:00:00+0000_134.1345
YMNCKT,Yamuna at Chitrakoot,Yamuna Basin,2026-07-02 02:00:00+00:00,134.04323793061565,NORMAL,136.0,137.0,138.0,25.14133,80.85446,YMNCKT_2026-07-02T02:00:00+0000_134.0432
YMNCKT,Yamuna at Chitrakoot,Yamuna Basin,2026-07-02 03:00:00+00:00,134.054005647924,NORMAL,136.0,137.0,138.0,25.14133,80.85446,YMNCKT_2026-07-02T03:00:00+0000_134.0540
YMNCKT,Yamuna at Chitrakoot,Yamuna Basin,2026-07-02 04:00:00+00:00,133.95304807621085,NORMAL,136.0,137.0,138.0,25.14133,80.85446,YMNCKT_2026-07-02T04:00:00+0000_133.9530
YMNCKT,Yamuna at Chitrakoot,Yamuna Basin,2026-07-02 05:00:00+00:00,133.89209283598458,NORMAL,136.0,137.0,138.0,25.14133,80.85446,YMNCKT_2026-07-02T05:00:00+0000_133.8921
YMNCKT,Yamuna at Chitrakoot,Yamuna Basin,2026-07-02 06:00:00+00:00,133.96877992950326,NORMAL,136.0,137.0,138.0,25.14133,80.85446,YMNCKT_2026-07-02T06:00:00+0000_133.9688
YMNCKT,Yamuna at Chitrakoot,Yamuna Basin,2026-07-02 07:00:00+00:00,133.89735685277657,NORMAL,136.0,137.0,138.0,25.14133,80.85446,YMNCKT_2026-07-02T07:00:00+0000_133.8974
YMNCKT,Yamuna at Chitrakoot,Yamuna Basin,2026-07-02 08:00:00+00:00,133.95264057579044,NORMAL,136.0,137.0,138.0,25.14133,80.85446,YMNCKT_2026-07-02T08:00:00+0000_133.9526
YMNCKT,Yamuna at Chitrakoot,Yamuna Basin,2026-07-02 09:00:00+00:00,133.97531805827907,NORMAL,136.0,137.0,138.0,25.14133,80.85446,YMNCKT_2026-07-02T09:00:00+0000_133.9753
YMNCKT,Yamuna at Chitrakoot,Yamuna Basin,2026-07-02 10:00:00+00:00,134.02173133147244,NORMAL,136.0,137.0,138.0,25.14133,80.85446,YMNCKT_2026-07-02T10:00:00+0000_134.0217
YMNCKT,Yamuna at Chitrakoot,Yamuna Basin,2026-07-02 11:00:00+00:00,134.07094111625338,NORMAL,136.0,137.0,138.0,25.14133,80.85446,YMNCKT_2026-07-02T11:00:00+0000_134.0709
YMNCKT,Yamuna at Chitrakoot,Yamuna Basin,2026-07-02 12:00:00+00:00,134.05561614875995,NORMAL,136.0,137.0,138.0,25.14133,80.85446,YMNCKT_2026-07-02T12:00:00+0000_134.0556
YMNCKT,Yamuna at Chitrakoot,Yamuna Basin,2026-07-02 13:00:00+00:00,134.097309897435,NORMAL,136.0,137.0,138.0,25.14133,80.85446,YMNCKT_2026-07-02T13:00:00+0000_134.0973
YMNCKT,Yamuna at Chitrakoot,Yamuna Basin,2026-07-02 14:00:00+00:00,134.22071375988796,NORMAL,136.0,137.0,138.0,25.14133,80.85446,YMNCKT_2026-07-02T14:00:00+0000_134.2207
YMNCKT,Yamuna at Chitrakoot,Yamuna Basin,2026-07-02 15:00:00+00:00,134.1999480929069,NORMAL,136.0,137.0,138.0,25.14133,80.85446,YMNCKT_2026-07-02T15:00:00+0000_134.1999
YMNCKT,Yamuna at Chitrakoot,Yamuna Basin,2026-07-02 16:00:00+00:00,134.32713560722678,NORMAL,136.0,137.0,138.0,25.14133,80.85446,YMNCKT_2026-07-02T16:00:00+0000_134.3271
YMNCKT,Yamuna at Chitrakoot,Yamuna Basin,2026-07-02 17:00:00+00:00,134.3221411356236,NORMAL,136.0,137.0,138.0,25.14133,80.85446,YMNCKT_2026-07-02T17:00:00+0000_134.3221
YMNCKT,Yamuna at Chitrakoot,Yamuna Basin,2026-07-02 18:00:00+00:00,134.31818346461947,NORMAL,136.0,137.0,138.0,25.14133,80.85446,YMNCKT_2026-07-02T18:00:00+0000_134.3182
YMNCKT,Yamuna at Chitrakoot,Yamuna Basin,2026-07-02 19:00:00+00:00,134.30924164969412,NORMAL,136.0,137.0,138.0,25.14133,80.85446,YMNCKT_2026-07-02T19:00:00+0000_134.3092
YMNCKT,Yamuna at Chitrakoot,Yamuna Basin,2026-07-02 20:00:00+00:00,134.35213546273746,NORMAL,136.0,137.0,138.0,25.14133,80.85446,YMNCKT_2026-07-02T20:00:00+0000_134.3521
YMNCKT,Yamuna at Chitrakoot,Yamuna Basin,2026-07-02 21:00:00+00:00,134.34469558281495,NORMAL,136.0,137.0,138.0,25.14133,80.85446,YMNCKT_2026-07-02T21:00:00+0000_134.3447
YMNCKT,Yamuna at Chitrakoot,Yamuna Basin,2026-07-02 22:00:00+00:00,134.2484891533866,NORMAL,136.0,137.0,138.0,25.14133,80.85446,YMNCKT_2026-07-02T22:00:00+0000_134.2485
YMNCKT,Yamuna at Chitrakoot,Yamuna Basin,2026-07-02 23:00:00+00:00,134.1907868433592,NORMAL,136.0,137.0,138.0,25.14133,80.85446,YMNCKT_2026-07-02T23:00:00+0000_134.1908
YMNCKT,Yamuna at Chitrakoot,Yamuna Basin,2026-07-03 00:00:00+00:00,134.18565725738955,NORMAL,136.0,137.0,138.0,25.14133,80.85446,YMNCKT_2026-07-03T00:00:00+0000_134.1857
YMNCKT,Yamuna at Chitrakoot,Yamuna Basin,2026-07-03 01:00:00+00:00,134.09998843044556,NORMAL,136.0,137.0,138.0,25.14133,80.85446,YMNCKT_2026-07-03T01:00:00+0000_134.1000
YMNCKT,Yamuna at Chitrakoot,Yamuna Basin,2026-07-03 02:00:00+00:00,134.09003268491267,NORMAL,136.0,137.0,138.0,25.14133,80.85446,YMNCKT_2026-07-03T02:00:00+0000_134.0900
YMNCKT,Yamuna at Chitrakoot,Yamuna Basin,2026-07-03 03:00:00+00:00,133.9797206676379,NORMAL,136.0,137.0,138.0,25.14133,80.85446,YMNCKT_2026-07-03T03:00:00+0000_133.9797
YMNCKT,Yamuna at Chitrakoot,Yamuna Basin,2026-07-03 04:00:00+00:00,133.97000327982198,NORMAL,136.0,137.0,138.0,25.14133,80.85446,YMNCKT_2026-07-03T04:00:00+0000_133.9700
YMNCKT,Yamuna at Chitrakoot,Yamuna Basin,2026-07-03 05:00:00+00:00,133.98778718714976,NORMAL,136.0,137.0,138.0,25.14133,80.85446,YMNCKT_2026-07-03T05:00:00+0000_133.9878
YMNCKT,Yamuna at Chitrakoot,Yamuna Basin,2026-07-03 06:00:00+00:00,133.927860787666,NORMAL,136.0,137.0,138.0,25.14133,80.85446,YMNCKT_2026-07-03T06:00:00+0000_133.9279
YMNCKT,Yamuna at Chitrakoot,Yamuna Basin,2026-07-03 07:00:00+00:00,133.94993485957622,NORMAL,136.0,137.0,138.0,25.14133,80.85446,YMNCKT_2026-07-03T07:00:00+0000_133.9499
YMNCKT,Yamuna at Chitrakoot,Yamuna Basin,2026-07-03 08:00:00+00:00,133.89452783970933,NORMAL,136.0,137.0,138.0,25.14133,80.85446,YMNCKT_2026-07-03T08:00:00+0000_133.8945
YMNCKT,Yamuna at Chitrakoot,Yamuna Basin,2026-07-03 09:00:00+00:00,133.8991140367832,NORMAL,136.0,137.0,138.0,25.14133,80.85446,YMNCKT_2026-07-03T09:00:00+0000_133.8991
YMNCKT,Yamuna at Chitrakoot,Yamuna Basin,2026-07-03 10:00:00+00:00,133.94073161500438,NORMAL,136.0,137.0,138.0,25.14133,80.85446,YMNCKT_2026-07-03T10:00:00+0000_133.9407
YMNCKT,Yamuna at Chitrakoot,Yamuna Basin,2026-07-03 11:00:00+00:00,133.97850108669107,NORMAL,136.0,137.0,138.0,25.14133,80.85446,YMNCKT_2026-07-03T11:00:00+0000_133.9785
YMNCKT,Yamuna at Chitrakoot,Yamuna Basin,2026-07-03 12:00:00+00:00,134.0958853243233,NORMAL,136.0,137.0,138.0,25.14133,80.85446,YMNCKT_2026-07-03T12:00:00+0000_134.0959
YMNCKT,Yamuna at Chitrakoot,Yamuna Basin,2026-07-03 13:00:00+00:00,134.14097910005128,NORMAL,136.0,137.0,138.0,25.14133,80.85446,YMNCKT_2026-07-03T13:00:00+0000_134.1410
YMNCKT,Yamuna at Chitrakoot,Yamuna Basin,2026-07-03 14:00:00+00:00,134.1828669059501,NORMAL,136.0,137.0,138.0,25.14133,80.85446,YMNCKT_2026-07-03T14:00:00+0000_134.1829
YMNCKT,Yamuna at Chitrakoot,Yamuna Basin,2026-07-03 15:00:00+00:00,134.27088872681122,NORMAL,136.0,137.0,138.0,25.14133,80.85446,YMNCKT_2026-07-03T15:00:00+0000_134.2709
YMNCKT,Yamuna at Chitrakoot,Yamuna Basin,2026-07-03 16:00:00+00:00,,,136.0,137.0,138.0,25.14133,80.85446,YMNCKT_2026-07-03T16:00:00+0000_
YMNCKT,Yamuna at Chitrakoot,Yamuna Basin,2026-07-03 17:00:00+00:00,134.27222581537148,NORMAL,136.0,137.0,138.0,25.14133,80.85446,YMNCKT_2026-07-03T17:00:00+0000_134.2722
YMNCKT,Yamuna at Chitrakoot,Yamuna Basin,2026-07-03 18:00:00+00:00,134.29936524208392,NORMAL,136.0,137.0,138.0,25.14133,80.85446,YMNCKT_2026-07-03T18:00:00+0000_134.2994
YMNCKT,Yamuna at Chitrakoot,Yamuna Basin,2026-07-03 19:00:00+00:00,134.36757598617643,NORMAL,136.0,137.0,138.0,25.14133,80.85446,YMNCKT_2026-07-03T19:00:00+0000_134.3676
YMNCKT,Yamuna at Chitrakoot,Yamuna Basin,2026-07-03 20:00:00+00:00,,,136.0,137.0,138.0,25.14133,80.85446,YMNCKT_2026-07-03T20:00:00+0000_
YMNCKT,Yamuna at Chitrakoot,Yamuna Basin,2026-07-03 21:00:00+00:00,134.31840857246402,NORMAL,136.0,137.0,138.0,25.14133,80.85446,YMNCKT_2026-07-03T21:00:00+0000_134.3184
YMNCKT,Yamuna at Chitrakoot,Yamuna Basin,2026-07-03 22:00:00+00:00,134.2392746602349,NORMAL,136.0,137.0,138.0,25.14133,80.85446,YMNCKT_2026-07-03T22:00:00+0000_134.2393
YMNCKT,Yamuna at Chitrakoot,Yamuna Basin,2026-07-03 23:00:00+00:00,134.28482324825083,NORMAL,136.0,137.0,138.0,25.14133,80.85446,YMNCKT_2026-07-03T23:00:00+0000_134.2848
YMNCKT,Yamuna at Chitrakoot,Yamuna Basin,2026-07-04 00:00:00+00:00,134.15097070264366,NORMAL,136.0,137.0,138.0,25.14133,80.85446,YMNCKT_2026-07-04T00:00:00+0000_134.1510
YMNCKT,Yamuna at Chitrakoot,Yamuna Basin,2026-07-04 01:00:00+00:00,134.14851102327663,NORMAL,136.0,137.0,138.0,25.14133,80.85446,YMNCKT_2026-07-04T01:00:00+0000_134.1485
YMNCKT,Yamuna at Chitrakoot,Yamuna Basin,2026-07-04 02:00:00+00:00,134.0254406905961,NORMAL,136.0,137.0,138.0,25.14133,80.85446,YMNCKT_2026-07-04T02:00:00+0000_134.0254
YMNCKT,Yamuna at Chitrakoot,Yamuna Basin,2026-07-04 03:00:00+00:00,134.01485950738302,NORMAL,136.0,137.0,138.0,25.14133,80.85446,YMNCKT_2026-07-04T03:00:00+0000_134.0149
YMNCKT,Yamuna at Chitrakoot,Yamuna Basin,2026-07-04 04:00:00+00:00,134.00280569728616,NORMAL,136.0,137.0,138.0,25.14133,80.85446,YMNCKT_2026-07-04T04:00:00+0000_134.0028
YMNCKT,Yamuna at Chitrakoot,Yamuna Basin,2026-07-04 05:00:00+00:00,133.92235056448922,NORMAL,136.0,137.0,138.0,25.14133,80.85446,YMNCKT_2026-07-04T05:00:00+0000_133.9224
YMNCKT,Yamuna at Chitrakoot,Yamuna Basin,2026-07-04 06:00:00+00:00,133.91738591754557,NORMAL,136.0,137.0,138.0,25.14133,80.85446,YMNCKT_2026-07-04T06:00:00+0000_133.9174
YMNCKT,Yamuna at Chitrakoot,Yamuna Basin,2026-07-04 07:00:00+00:00,133.95181656254752,NORMAL,136.0,137.0,138.0,25.14133,80.85446,YMNCKT_2026-07-04T07:00:00+0000_133.9518
YMNCKT,Yamuna at Chitrakoot,Yamuna Basin,2026-07-04 08:00:00+00:00,133.8914272103129,NORMAL,136.0,137.0,138.0,25.14133,80.85446,YMNCKT_2026-07-04T08:00:00+0000_133.8914
YMNCKT,Yamuna at Chitrakoot,Yamuna Basin,2026-07-04 09:00:00+00:00,133.96546887938834,NORMAL,136.0,137.0,138.0,25.14133,80.85446,YMNCKT_2026-07-04T09:00:00+0000_133.9655
YMNCKT,Yamuna at Chitrakoot,Yamuna Basin,2026-07-04 10:00:00+00:00,133.98428585252177,NORMAL,136.0,137.0,138.0,25.14133,80.85446,YMNCKT_2026-07-04T10:00:00+0000_133.9843
YMNCKT,Yamuna at Chitrakoot,Yamuna Basin,2026-07-04 11:00:00+00:00,134.0560082485679,NORMAL,136.0,137.0,138.0,25.14133,80.85446,YMNCKT_2026-07-04T11:00:00+0000_134.0560
YMNCKT,Yamuna at Chitrakoot,Yamuna Basin,2026-07-04 12:00:00+00:00,134.1205539114661,NORMAL,136.0,137.0,138.0,25.14133,80.85446,YMNCKT_2026-07-04T12:00:00+0000_134.1206
YMNCKT,Yamuna at Chitrakoot,Yamuna Basin,2026-07-04 13:00:00+00:00,134.08176055515992,NORMAL,136.0,137.0,138.0,25.14133,80.85446,YMNCKT_2026-07-04T13:00:00+0000_134.0818
YMNCKT,Yamuna at Chitrakoot,Yamuna Basin,2026-07-04 14:00:00+00:00,134.21092999067727,NORMAL,136.0,137.0,138.0,25.14133,80.85446,YMNCKT_2026-07-04T14:00:00+0000_134.2109
YMNCKT,Yamuna at Chitrakoot,Yamuna Basin,2026-07-04 15:00:00+00:00,134.25329489411328,NORMAL,136.0,137.0,138.0,25.14133,80.85446,YMNCKT_2026-07-04T15:00:00+0000_134.2533
YMNCKT,Yamuna at Chitrakoot,Yamuna Basin,2026-07-04 16:00:00+00:00,134.3251223261151,NORMAL,136.0,137.0,138.0,25.14133,80.85446,YMNCKT_2026-07-04T16:00:00+0000_134.3251
YMNCKT,Yamuna at Chitrakoot,Yamuna Basin,2026-07-04 17:00:00+00:00,134.33953616917483,NORMAL,136.0,137.0,138.0,25.14133,80.85446,YMNCKT_2026-07-04T17:00:00+0000_134.3395
YMNCKT,Yamuna at Chitrakoot,Yamuna Basin,2026-07-04 18:00:00+00:00,134.30975754875016,NORMAL,136.0,137.0,138.0,25.14133,80.85446,YMNCKT_2026-07-04T18:00:00+0000_134.3098
YMNCKT,Yamuna at Chitrakoot,Yamuna Basin,2026-07-04 19:00:00+00:00,134.3089170645798,NORMAL,136.0,137.0,138.0,25.14133,80.85446,YMNCKT_2026-07-04T19:00:00+0000_134.3089
YMNCKT,Yamuna at Chitrakoot,Yamuna Basin,2026-07-04 20:00:00+00:00,134.3002054156222,NORMAL,136.0,137.0,138.0,25.14133,80.85446,YMNCKT_2026-07-04T20:00:00+0000_134.3002
YMNCKT,Yamuna at Chitrakoot,Yamuna Basin,2026-07-04 21:00:00+00:00,134.36175567372123,NORMAL,136.0,137.0,138.0,25.14133,80.85446,YMNCKT_2026-07-04T21:00:00+0000_134.3618
YMNCKT,Yamuna at Chitrakoot,Yamuna Basin,2026-07-04 22:00:00+00:00,134.2868717461871,NORMAL,136.0,137.0,138.0,25.14133,80.85446,YMNCKT_2026-07-04T22:00:00+0000_134.2869
YMNCKT,Yamuna at Chitrakoot,Yamuna Basin,2026-07-04 23:00:00+00:00,134.24362388086342,NORMAL,136.0,137.0,138.0,25.14133,80.85446,YMNCKT_2026-07-04T23:00:00+0000_134.2436
YMNCKT,Yamuna at Chitrakoot,Yamuna Basin,2026-07-05 00:00:00+00:00,134.18575620048722,NORMAL,136.0,137.0,138.0,25.14133,80.85446,YMNCKT_2026-07-05T00:00:00+0000_134.1858
YMNCKT,Yamuna at Chitrakoot,Yamuna Basin,2026-07-05 01:00:00+00:00,134.10120145914365,NORMAL,136.0,137.0,138.0,25.14133,80.85446,YMNCKT_2026-07-05T01:00:00+0000_134.1012
YMNCKT,Yamuna at Chitrakoot,Yamuna Basin,2026-07-05 02:00:00+00:00,134.02452305532657,NORMAL,136.0,137.0,138.0,25.14133,80.85446,YMNCKT_2026-07-05T02:00:00+0000_134.0245
YMNCKT,Yamuna at Chitrakoot,Yamuna Basin,2026-07-05 03:00:00+00:00,133.99957161406684,NORMAL,136.0,137.0,138.0,25.14133,80.85446,YMNCKT_2026-07-05T03:00:00+0000_133.9996
YMNCKT,Yamuna at Chitrakoot,Yamuna Basin,2026-07-05 04:00:00+00:00,133.9693794213666,NORMAL,136.0,137.0,138.0,25.14133,80.85446,YMNCKT_2026-07-05T04:00:00+0000_133.9694
YMNCKT,Yamuna at Chitrakoot,Yamuna Basin,2026-07-05 05:00:00+00:00,133.95359589426573,NORMAL,136.0,137.0,138.0,25.14133,80.85446,YMNCKT_2026-07-05T05:00:00+0000_133.9536
YMNCKT,Yamuna at Chitrakoot,Yamuna Basin,2026-07-05 06:00:00+00:00,133.88867212775372,NORMAL,136.0,137.0,138.0,25.14133,80.85446,YMNCKT_2026-07-05T06:00:00+0000_133.8887
YMNCKT,Yamuna at Chitrakoot,Yamuna Basin,2026-07-05 07:00:00+00:00,133.87827784813203,NORMAL,136.0,137.0,138.0,25.14133,80.85446,YMNCKT_2026-07-05T07:00:00+0000_133.8783
YMNCKT,Yamuna at Chitrakoot,Yamuna Basin,2026-07-05 08:00:00+00:00,133.95363212308905,NORMAL,136.0,137.0,138.0,25.14133,80.85446,YMNCKT_2026-07-05T08:00:00+0000_133.9536
YMNCKT,Yamuna at Chitrakoot,Yamuna Basin,2026-07-05 09:00:00+00:00,133.8908033180855,NORMAL,136.0,137.0,138.0,25.14133,80.85446,YMNCKT_2026-07-05T09:00:00+0000_133.8908
YMNCKT,Yamuna at Chitrakoot,Yamuna Basin,2026-07-05 10:00:00+00:00,134.00130346605948,NORMAL,136.0,137.0,138.0,25.14133,80.85446,YMNCKT_2026-07-05T10:00:00+0000_134.0013
YMNCKT,Yamuna at Chitrakoot,Yamuna Basin,2026-07-05 11:00:00+00:00,134.03970406828017,NORMAL,136.0,137.0,138.0,25.14133,80.85446,YMNCKT_2026-07-05T11:00:00+0000_134.0397
YMNCKT,Yamuna at Chitrakoot,Yamuna Basin,2026-07-05 12:00:00+00:00,134.10578882530655,NORMAL,136.0,137.0,138.0,25.14133,80.85446,YMNCKT_2026-07-05T12:00:00+0000_134.1058
YMNCKT,Yamuna at Chitrakoot,Yamuna Basin,2026-07-05 13:00:00+00:00,134.17677739955184,NORMAL,136.0,137.0,138.0,25.14133,80.85446,YMNCKT_2026-07-05T13:00:00+0000_134.1768
YMNCKT,Yamuna at Chitrakoot,Yamuna Basin,2026-07-05 14:00:00+00:00,134.21894278919387,NORMAL,136.0,137.0,138.0,25.14133,80.85446,YMNCKT_2026-07-05T14:00:00+0000_134.2189
YMNCKT,Yamuna at Chitrakoot,Yamuna Basin,2026-07-05 15:00:00+00:00,134.25487073092137,NORMAL,136.0,137.0,138.0,25.14133,80.85446,YMNCKT_2026-07-05T15:00:00+0000_134.2549
YMNCKT,Yamuna at Chitrakoot,Yamuna Basin,2026-07-05 16:00:00+00:00,134.2552413735921,NORMAL,136.0,137.0,138.0,25.14133,80.85446,YMNCKT_2026-07-05T16:00:00+0000_134.2552
YMNCKT,Yamuna at Chitrakoot,Yamuna Basin,2026-07-05 17:00:00+00:00,134.35495834348004,NORMAL,136.0,137.0,138.0,25.14133,80.85446,YMNCKT_2026-07-05T17:00:00+0000_134.3550
YMNCKT,Yamuna at Chitrakoot,Yamuna Basin,2026-07-05 18:00:00+00:00,134.30345338654666,NORMAL,136.0,137.0,138.0,25.14133,80.85446,YMNCKT_2026-07-05T18:00:00+0000_134.3035
YMNCKT,Yamuna at Chitrakoot,Yamuna Basin,2026-07-05 19:00:00+00:00,134.37417777195878,NORMAL,136.0,137.0,138.0,25.14133,80.85446,YMNCKT_2026-07-05T19:00:00+0000_134.3742
YMNCKT,Yamuna at Chitrakoot,Yamuna Basin,2026-07-05 20:00:00+00:00,134.35969985055618,NORMAL,136.0,137.0,138.0,25.14133,80.85446,YMNCKT_2026-07-05T20:00:00+0000_134.3597
YMNCKT,Yamuna at Chitrakoot,Yamuna Basin,2026-07-05 21:00:00+00:00,134.33259022985217,NORMAL,136.0,137.0,138.0,25.14133,80.85446,YMNCKT_2026-07-05T21:00:00+0000_134.3326
YMNCKT,Yamuna at Chitrakoot,Yamuna Basin,2026-07-05 22:00:00+00:00,134.31368074431398,NORMAL,136.0,137.0,138.0,25.14133,80.85446,YMNCKT_2026-07-05T22:00:00+0000_134.3137
YMNCKT,Yamuna at Chitrakoot,Yamuna Basin,2026-07-05 23:00:00+00:00,134.2594212017599,NORMAL,136.0,137.0,138.0,25.14133,80.85446,YMNCKT_2026-07-05T23:00:00+0000_134.2594
YMNCKT,Yamuna at Chitrakoot,Yamuna Basin,2026-07-06 00:00:00+00:00,134.14772320998398,NORMAL,136.0,137.0,138.0,25.14133,80.85446,YMNCKT_2026-07-06T00:00:00+0000_134.1477
YMNCKT,Yamuna at Chitrakoot,Yamuna Basin,2026-07-06 01:00:00+00:00,134.10776977887895,NORMAL,136.0,137.0,138.0,25.14133,80.85446,YMNCKT_2026-07-06T01:00:00+0000_134.1078
YMNCKT,Yamuna at Chitrakoot,Yamuna Basin,2026-07-06 02:00:00+00:00,134.06215184772535,NORMAL,136.0,137.0,138.0,25.14133,80.85446,YMNCKT_2026-07-06T02:00:00+0000_134.0622
YMNCKT,Yamuna at Chitrakoot,Yamuna Basin,2026-07-06 03:00:00+00:00,133.98121914122652,NORMAL,136.0,137.0,138.0,25.14133,80.85446,YMNCKT_2026-07-06T03:00:00+0000_133.9812
YMNCKT,Yamuna at Chitrakoot,Yamuna Basin,2026-07-06 04:00:00+00:00,134.01814620141317,NORMAL,136.0,137.0,138.0,25.14133,80.85446,YMNCKT_2026-07-06T04:00:00+0000_134.0181
YMNCKT,Yamuna at Chitrakoot,Yamuna Basin,2026-07-06 05:00:00+00:00,133.9007751849594,NORMAL,136.0,137.0,138.0,25.14133,80.85446,YMNCKT_2026-07-06T05:00:00+0000_133.9008
YMNCKT,Yamuna at Chitrakoot,Yamuna Basin,2026-07-06 06:00:00+00:00,133.96621924421598,NORMAL,136.0,137.0,138.0,25.14133,80.85446,YMNCKT_2026-07-06T06:00:00+0000_133.9662
YMNCKT,Yamuna at Chitrakoot,Yamuna Basin,2026-07-06 07:00:00+00:00,133.8837315663889,NORMAL,136.0,137.0,138.0,25.14133,80.85446,YMNCKT_2026-07-06T07:00:00+0000_133.8837
YMNCKT,Yamuna at Chitrakoot,Yamuna Basin,2026-07-06 08:00:00+00:00,133.9559475767337,NORMAL,136.0,137.0,138.0,25.14133,80.85446,YMNCKT_2026-07-06T08:00:00+0000_133.9559
YMNCKT,Yamuna at Chitrakoot,Yamuna Basin,2026-07-06 09:00:00+00:00,133.94209379310774,NORMAL,136.0,137.0,138.0,25.14133,80.85446,YMNCKT_2026-07-06T09:00:00+0000_133.9421
YMNCKT,Yamuna at Chitrakoot,Yamuna Basin,2026-07-06 10:00:00+00:00,134.008471275238,NORMAL,136.0,137.0,138.0,25.14133,80.85446,YMNCKT_2026-07-06T10:00:00+0000_134.0085
YMNCKT,Yamuna at Chitrakoot,Yamuna Basin,2026-07-06 11:00:00+00:00,133.99067299456334,NORMAL,136.0,137.0,138.0,25.14133,80.85446,YMNCKT_2026-07-06T11:00:00+0000_133.9907
YMNCKT,Yamuna at Chitrakoot,Yamuna Basin,2026-07-06 12:00:00+00:00,134.08491536615986,NORMAL,136.0,137.0,138.0,25.14133,80.85446,YMNCKT_2026-07-06T12:00:00+0000_134.0849
YMNCKT,Yamuna at Chitrakoot,Yamuna Basin,2026-07-06 13:00:00+00:00,134.13950620228866,NORMAL,136.0,137.0,138.0,25.14133,80.85446,YMNCKT_2026-07-06T13:00:00+0000_134.1395
YMNCKT,Yamuna at Chitrakoot,Yamuna Basin,2026-07-06 14:00:00+00:00,134.18877957610326,NORMAL,136.0,137.0,138.0,25.14133,80.85446,YMNCKT_2026-07-06T14:00:00+0000_134.1888
YMNCKT,Yamuna at Chitrakoot,Yamuna Basin,2026-07-06 15:00:00+00:00,134.27091240614553,NORMAL,136.0,137.0,138.0,25.14133,80.85446,YMNCKT_2026-07-06T15:00:00+0000_134.2709
YMNCKT,Yamuna at Chitrakoot,Yamuna Basin,2026-07-06 16:00:00+00:00,134.31172195157689,NORMAL,136.0,137.0,138.0,25.14133,80.85446,YMNCKT_2026-07-06T16:00:00+0000_134.3117
YMNCKT,Yamuna at Chitrakoot,Yamuna Basin,2026-07-06 17:00:00+00:00,134.3452134534153,NORMAL,136.0,137.0,138.0,25.14133,80.85446,YMNCKT_2026-07-06T17:00:00+0000_134.3452
YMNCKT,Yamuna at Chitrakoot,Yamuna Basin,2026-07-06 18:00:00+00:00,134.34728745642064,NORMAL,136.0,137.0,138.0,25.14133,80.85446,YMNCKT_2026-07-06T18:00:00+0000_134.3473
YMNCKT,Yamuna at Chitrakoot,Yamuna Basin,2026-07-06 19:00:00+00:00,134.30957250034473,NORMAL,136.0,137.0,138.0,25.14133,80.85446,YMNCKT_2026-07-06T19:00:00+0000_134.3096
YMNCKT,Yamuna at Chitrakoot,Yamuna Basin,2026-07-06 20:00:00+00:00,134.34804357495275,NORMAL,136.0,137.0,138.0,25.14133,80.85446,YMNCKT_2026-07-06T20:00:00+0000_134.3480
YMNCKT,Yamuna at Chitrakoot,Yamuna Basin,2026-07-06 21:00:00+00:00,134.33225841728895,NORMAL,136.0,137.0,138.0,25.14133,80.85446,YMNCKT_2026-07-06T21:00:00+0000_134.3323
YMNCKT,Yamuna at Chitrakoot,Yamuna Basin,2026-07-06 22:00:00+00:00,134.3180720149372,NORMAL,136.0,137.0,138.0,25.14133,80.85446,YMNCKT_2026-07-06T22:00:00+0000_134.3181
YMNCKT,Yamuna at Chitrakoot,Yamuna Basin,2026-07-06 23:00:00+00:00,134.2721947937319,NORMAL,136.0,137.0,138.0,25.14133,80.85446,YMNCKT_2026-07-06T23:00:00+0000_134.2722
YMNCKT,Yamuna at Chitrakoot,Yamuna Basin,2026-07-07 00:00:00+00:00,134.21698628506883,NORMAL,136.0,137.0,138.0,25.14133,80.85446,YMNCKT_2026-07-07T00:00:00+0000_134.2170
YMNCKT,Yamuna at Chitrakoot,Yamuna Basin,2026-07-07 01:00:00+00:00,134.16367667608378,NORMAL,136.0,137.0,138.0,25.14133,80.85446,YMNCKT_2026-07-07T01:00:00+0000_134.1637
YMNCKT,Yamuna at Chitrakoot,Yamuna Basin,2026-07-07 02:00:00+00:00,134.02737479038,NORMAL,136.0,137.0,138.0,25.14133,80.85446,YMNCKT_2026-07-07T02:00:00+0000_134.0274
YMNCKT,Yamuna at Chitrakoot,Yamuna Basin,2026-07-07 03:00:00+00:00,133.97990701972384,NORMAL,136.0,137.0,138.0,25.14133,80.85446,YMNCKT_2026-07-07T03:00:00+0000_133.9799
YMNCKT,Yamuna at Chitrakoot,Yamuna Basin,2026-07-07 04:00:00+00:00,133.98403634389382,NORMAL,136.0,137.0,138.0,25.14133,80.85446,YMNCKT_2026-07-07T04:00:00+0000_133.9840
YMNCKT,Yamuna at Chitrakoot,Yamuna Basin,2026-07-07 05:00:00+00:00,133.94238612797787,NORMAL,136.0,137.0,138.0,25.14133,80.85446,YMNCKT_2026-07-07T05:00:00+0000_133.9424
YMNCKT,Yamuna at Chitrakoot,Yamuna Basin,2026-07-07 06:00:00+00:00,133.95848700653409,NORMAL,136.0,137.0,138.0,25.14133,80.85446,YMNCKT_2026-07-07T06:00:00+0000_133.9585
YMNCKT,Yamuna at Chitrakoot,Yamuna Basin,2026-07-07 07:00:00+00:00,133.88934717656255,NORMAL,136.0,137.0,138.0,25.14133,80.85446,YMNCKT_2026-07-07T07:00:00+0000_133.8893
YMNCKT,Yamuna at Chitrakoot,Yamuna Basin,2026-07-07 08:00:00+00:00,133.88006452247524,NORMAL,136.0,137.0,138.0,25.14133,80.85446,YMNCKT_2026-07-07T08:00:00+0000_133.8801
YMNCKT,Yamuna at Chitrakoot,Yamuna Basin,2026-07-07 09:00:00+00:00,133.94750389477005,NORMAL,136.0,137.0,138.0,25.14133,80.85446,YMNCKT_2026-07-07T09:00:00+0000_133.9475
YMNCKT,Yamuna at Chitrakoot,Yamuna Basin,2026-07-07 10:00:00+00:00,133.92585944545482,NORMAL,136.0,137.0,138.0,25.14133,80.85446,YMNCKT_2026-07-07T10:00:00+0000_133.9259
YMNCKT,Yamuna at Chitrakoot,Yamuna Basin,2026-07-07 11:00:00+00:00,134.06807763178628,NORMAL,136.0,137.0,138.0,25.14133,80.85446,YMNCKT_2026-07-07T11:00:00+0000_134.0681
YMNCKT,Yamuna at Chitrakoot,Yamuna Basin,2026-07-07 12:00:00+00:00,134.0739180262697,NORMAL,136.0,137.0,138.0,25.14133,80.85446,YMNCKT_2026-07-07T12:00:00+0000_134.0739
YMNCKT,Yamuna at Chitrakoot,Yamuna Basin,2026-07-07 13:00:00+00:00,134.16073384968135,NORMAL,136.0,137.0,138.0,25.14133,80.85446,YMNCKT_2026-07-07T13:00:00+0000_134.1607
YMNCKT,Yamuna at Chitrakoot,Yamuna Basin,2026-07-07 14:00:00+00:00,134.18774421624235,NORMAL,136.0,137.0,138.0,25.14133,80.85446,YMNCKT_2026-07-07T14:00:00+0000_134.1877
YMNCKT,Yamuna at Chitrakoot,Yamuna Basin,2026-07-07 15:00:00+00:00,134.21680386104197,NORMAL,136.0,137.0,138.0,25.14133,80.85446,YMNCKT_2026-07-07T15:00:00+0000_134.2168
YMNCKT,Yamuna at Chitrakoot,Yamuna Basin,2026-07-07 16:00:00+00:00,134.30165057279044,NORMAL,136.0,137.0,138.0,25.14133,80.85446,YMNCKT_2026-07-07T16:00:00+0000_134.3017
YMNCKT,Yamuna at Chitrakoot,Yamuna Basin,2026-07-07 17:00:00+00:00,134.3649510338984,NORMAL,136.0,137.0,138.0,25.14133,80.85446,YMNCKT_2026-07-07T17:00:00+0000_134.3650
YMNCKT,Yamuna at Chitrakoot,Yamuna Basin,2026-07-07 18:00:00+00:00,134.34972831469864,NORMAL,136.0,137.0,138.0,25.14133,80.85446,YMNCKT_2026-07-07T18:00:00+0000_134.3497
YMNCKT,Yamuna at Chitrakoot,Yamuna Basin,2026-07-07 19:00:00+00:00,134.3120658212442,NORMAL,136.0,137.0,138.0,25.14133,80.85446,YMNCKT_2026-07-07T19:00:00+0000_134.3121
YMNCKT,Yamuna at Chitrakoot,Yamuna Basin,2026-07-07 20:00:00+00:00,134.30226375591755,NORMAL,136.0,137.0,138.0,25.14133,80.85446,YMNCKT_2026-07-07T20:00:00+0000_134.3023
YMNCKT,Yamuna at Chitrakoot,Yamuna Basin,2026-07-07 21:00:00+00:00,134.28245545527508,NORMAL,136.0,137.0,138.0,25.14133,80.85446,YMNCKT_2026-07-07T21:00:00+0000_134.2825
YMNCKT,Yamuna at Chitrakoot,Yamuna Basin,2026-07-07 22:00:00+00:00,134.24775331358742,NORMAL,136.0,137.0,138.0,25.14133,80.85446,YMNCKT_2026-07-07T22:00:00+0000_134.2478
YMNCKT,Yamuna at Chitrakoot,Yamuna Basin,2026-07-07 23:00:00+00:00,134.2295744164526,NORMAL,136.0,137.0,138.0,25.14133,80.85446,YMNCKT_2026-07-07T23:00:00+0000_134.2296
YMNCKT,Yamuna at Chitrakoot,Yamuna Basin,2026-07-08 00:00:00+00:00,134.13780750988607,NORMAL,136.0,137.0,138.0,25.14133,80.85446,YMNCKT_2026-07-08T00:00:00+0000_134.1378
YMNCKT,Yamuna at Chitrakoot,Yamuna Basin,2026-07-08 01:00:00+00:00,134.16226118767014,NORMAL,136.0,137.0,138.0,25.14133,80.85446,YMNCKT_2026-07-08T01:00:00+0000_134.1623
YMNCKT,Yamuna at Chitrakoot,Yamuna Basin,2026-07-08 02:00:00+00:00,134.1194269808979,NORMAL,136.0,137.0,138.0,25.14133,80.85446,YMNCKT_2026-07-08T02:00:00+0000_134.1194
YMNCKT,Yamuna at Chitrakoot,Yamuna Basin,2026-07-08 03:00:00+00:00,134.05459108654637,NORMAL,136.0,137.0,138.0,25.14133,80.85446,YMNCKT_2026-07-08T03:00:00+0000_134.0546
YMNCKT,Yamuna at Chitrakoot,Yamuna Basin,2026-07-08 04:00:00+00:00,133.93407914050945,NORMAL,136.0,137.0,138.0,25.14133,80.85446,YMNCKT_2026-07-08T04:00:00+0000_133.9341
YMNCKT,Yamuna at Chitrakoot,Yamuna Basin,2026-07-08 05:00:00+00:00,133.97065319597084,NORMAL,136.0,137.0,138.0,25.14133,80.85446,YMNCKT_2026-07-08T05:00:00+0000_133.9707
YMNCKT,Yamuna at Chitrakoot,Yamuna Basin,2026-07-08 06:00:00+00:00,133.88604551098675,NORMAL,136.0,137.0,138.0,25.14133,80.85446,YMNCKT_2026-07-08T06:00:00+0000_133.8860
YMNCKT,Yamuna at Chitrakoot,Yamuna Basin,2026-07-08 07:00:00+00:00,133.8585844249232,NORMAL,136.0,137.0,138.0,25.14133,80.85446,YMNCKT_2026-07-08T07:00:00+0000_133.8586
YMNCKT,Yamuna at Chitrakoot,Yamuna Basin,2026-07-08 08:00:00+00:00,133.9037724621741,NORMAL,136.0,137.0,138.0,25.14133,80.85446,YMNCKT_2026-07-08T08:00:00+0000_133.9038
YMNCKT,Yamuna at Chitrakoot,Yamuna Basin,2026-07-08 09:00:00+00:00,133.92101478541133,NORMAL,136.0,137.0,138.0,25.14133,80.85446,YMNCKT_2026-07-08T09:00:00+0000_133.9210
YMNCKT,Yamuna at Chitrakoot,Yamuna Basin,2026-07-08 10:00:00+00:00,133.94976079444257,NORMAL,136.0,137.0,138.0,25.14133,80.85446,YMNCKT_2026-07-08T10:00:00+0000_133.9498
YMNCKT,Yamuna at Chitrakoot,Yamuna Basin,2026-07-08 11:00:00+00:00,133.9724733654894,NORMAL,136.0,137.0,138.0,25.14133,80.85446,YMNCKT_2026-07-08T11:00:00+0000_133.9725
YMNCKT,Yamuna at Chitrakoot,Yamuna Basin,2026-07-08 12:00:00+00:00,134.0576276280337,NORMAL,136.0,137.0,138.0,25.14133,80.85446,YMNCKT_2026-07-08T12:00:00+0000_134.0576
YMNCKT,Yamuna at Chitrakoot,Yamuna Basin,2026-07-08 13:00:00+00:00,134.16174048130813,NORMAL,136.0,137.0,138.0,25.14133,80.85446,YMNCKT_2026-07-08T13:00:00+0000_134.1617
YMNCKT,Yamuna at Chitrakoot,Yamuna Basin,2026-07-08 14:00:00+00:00,134.16717600037364,NORMAL,136.0,137.0,138.0,25.14133,80.85446,YMNCKT_2026-07-08T14:00:00+0000_134.1672
YMNCKT,Yamuna at Chitrakoot,Yamuna Basin,2026-07-08 15:00:00+00:00,134.19093469849042,NORMAL,136.0,137.0,138.0,25.14133,80.85446,YMNCKT_2026-07-08T15:00:00+0000_134.1909
YMNCKT,Yamuna at Chitrakoot,Yamuna Basin,2026-07-08 16:00:00+00:00,134.2854466716341,NORMAL,136.0,137.0,138.0,25.14133,80.85446,YMNCKT_2026-07-08T16:00:00+0000_134.2854
YMNCKT,Yamuna at Chitrakoot,Yamuna Basin,2026-07-08 17:00:00+00:00,134.33728852194793,NORMAL,136.0,137.0,138.0,25.14133,80.85446,YMNCKT_2026-07-08T17:00:00+0000_134.3373
YMNCKT,Yamuna at Chitrakoot,Yamuna Basin,2026-07-08 18:00:00+00:00,134.3604925535717,NORMAL,136.0,137.0,138.0,25.14133,80.85446,YMNCKT_2026-07-08T18:00:00+0000_134.3605
YMNCKT,Yamuna at Chitrakoot,Yamuna Basin,2026-07-08 19:00:00+00:00,134.37371134691054,NORMAL,136.0,137.0,138.0,25.14133,80.85446,YMNCKT_2026-07-08T19:00:00+0000_134.3737
YMNCKT,Yamuna at Chitrakoot,Yamuna Basin,2026-07-08 20:00:00+00:00,134.28905700521173,NORMAL,136.0,137.0,138.0,25.14133,80.85446,YMNCKT_2026-07-08T20:00:00+0000_134.2891
YMNCKT,Yamuna at Chitrakoot,Yamuna Basin,2026-07-08 21:00:00+00:00,134.3105330931478,NORMAL,136.0,137.0,138.0,25.14133,80.85446,YMNCKT_2026-07-08T21:00:00+0000_134.3105
YMNCKT,Yamuna at Chitrakoot,Yamuna Basin,2026-07-08 22:00:00+00:00,134.3248494537331,NORMAL,136.0,137.0,138.0,25.14133,80.85446,YMNCKT_2026-07-08T22:00:00+0000_134.3248
YMNCKT,Yamuna at Chitrakoot,Yamuna Basin,2026-07-08 23:00:00+00:00,134.21890232906193,NORMAL,136.0,137.0,138.0,25.14133,80.85446,YMNCKT_2026-07-08T23:00:00+0000_134.2189
YMNCKT,Yamuna at Chitrakoot,Yamuna Basin,2026-07-09 00:00:00+00:00,134.13206701884528,NORMAL,136.0,137.0,138.0,25.14133,80.85446,YMNCKT_2026-07-09T00:00:00+0000_134.1321
YMNCKT,Yamuna at Chitrakoot,Yamuna Basin,2026-07-09 01:00:00+00:00,134.15228932501927,NORMAL,136.0,137.0,138.0,25.14133,80.85446,YMNCKT_2026-07-09T01:00:00+0000_134.1523
YMNCKT,Yamuna at Chitrakoot,Yamuna Basin,2026-07-09 02:00:00+00:00,134.06986463712786,NORMAL,136.0,137.0,138.0,25.14133,80.85446,YMNCKT_2026-07-09T02:00:00+0000_134.0699
YMNCKT,Yamuna at Chitrakoot,Yamuna Basin,2026-07-09 03:00:00+00:00,134.03354508911784,NORMAL,136.0,137.0,138.0,25.14133,80.85446,YMNCKT_2026-07-09T03:00:00+0000_134.0335
YMNCKT,Yamuna at Chitrakoot,Yamuna Basin,2026-07-09 04:00:00+00:00,133.96607465996567,NORMAL,136.0,137.0,138.0,25.14133,80.85446,YMNCKT_2026-07-09T04:00:00+0000_133.9661
YMNCKT,Yamuna at Chitrakoot,Yamuna Basin,2026-07-09 05:00:00+00:00,133.975036535844,NORMAL,136.0,137.0,138.0,25.14133,80.85446,YMNCKT_2026-07-09T05:00:00+0000_133.9750
YMNCKT,Yamuna at Chitrakoot,Yamuna Basin,2026-07-09 06:00:00+00:00,133.89810180739957,NORMAL,136.0,137.0,138.0,25.14133,80.85446,YMNCKT_2026-07-09T06:00:00+0000_133.8981
YMNCKT,Yamuna at Chitrakoot,Yamuna Basin,2026-07-09 07:00:00+00:00,,,136.0,137.0,138.0,25.14133,80.85446,YMNCKT_2026-07-09T07:00:00+0000_
YMNCKT,Yamuna at Chitrakoot,Yamuna Basin,2026-07-09 08:00:00+00:00,133.91391654802223,NORMAL,136.0,137.0,138.0,25.14133,80.85446,YMNCKT_2026-07-09T08:00:00+0000_133.9139
YMNCKT,Yamuna at Chitrakoot,Yamuna Basin,2026-07-09 09:00:00+00:00,133.9082159373041,NORMAL,136.0,137.0,138.0,25.14133,80.85446,YMNCKT_2026-07-09T09:00:00+0000_133.9082
YMNCKT,Yamuna at Chitrakoot,Yamuna Basin,2026-07-09 10:00:00+00:00,133.95097453917776,NORMAL,136.0,137.0,138.0,25.14133,80.85446,YMNCKT_2026-07-09T10:00:00+0000_133.9510
YMNCKT,Yamuna at Chitrakoot,Yamuna Basin,2026-07-09 11:00:00+00:00,134.06469561617916,NORMAL,136.0,137.0,138.0,25.14133,80.85446,YMNCKT_2026-07-09T11:00:00+0000_134.0647
YMNCKT,Yamuna at Chitrakoot,Yamuna Basin,2026-07-09 12:00:00+00:00,134.04024894248784,NORMAL,136.0,137.0,138.0,25.14133,80.85446,YMNCKT_2026-07-09T12:00:00+0000_134.0402
YMNCKT,Yamuna at Chitrakoot,Yamuna Basin,2026-07-09 13:00:00+00:00,134.1136003389825,NORMAL,136.0,137.0,138.0,25.14133,80.85446,YMNCKT_2026-07-09T13:00:00+0000_134.1136
YMNCKT,Yamuna at Chitrakoot,Yamuna Basin,2026-07-09 14:00:00+00:00,134.1786445744524,NORMAL,136.0,137.0,138.0,25.14133,80.85446,YMNCKT_2026-07-09T14:00:00+0000_134.1786
YMNCKT,Yamuna at Chitrakoot,Yamuna Basin,2026-07-09 15:00:00+00:00,134.2238757816013,NORMAL,136.0,137.0,138.0,25.14133,80.85446,YMNCKT_2026-07-09T15:00:00+0000_134.2239
YMNCKT,Yamuna at Chitrakoot,Yamuna Basin,2026-07-09 16:00:00+00:00,134.3046298782375,NORMAL,136.0,137.0,138.0,25.14133,80.85446,YMNCKT_2026-07-09T16:00:00+0000_134.3046
YMNCKT,Yamuna at Chitrakoot,Yamuna Basin,2026-07-09 17:00:00+00:00,134.27737487200827,NORMAL,136.0,137.0,138.0,25.14133,80.85446,YMNCKT_2026-07-09T17:00:00+0000_134.2774
YMNCKT,Yamuna at Chitrakoot,Yamuna Basin,2026-07-09 18:00:00+00:00,134.3806329144295,NORMAL,136.0,137.0,138.0,25.14133,80.85446,YMNCKT_2026-07-09T18:00:00+0000_134.3806
YMNCKT,Yamuna at Chitrakoot,Yamuna Basin,2026-07-09 19:00:00+00:00,134.2956499806613,NORMAL,136.0,137.0,138.0,25.14133,80.85446,YMNCKT_2026-07-09T19:00:00+0000_134.2956
YMNCKT,Yamuna at Chitrakoot,Yamuna Basin,2026-07-09 20:00:00+00:00,134.3105562809076,NORMAL,136.0,137.0,138.0,25.14133,80.85446,YMNCKT_2026-07-09T20:00:00+0000_134.3106
YMNCKT,Yamuna at Chitrakoot,Yamuna Basin,2026-07-09 21:00:00+00:00,134.33522226087712,NORMAL,136.0,137.0,138.0,25.14133,80.85446,YMNCKT_2026-07-09T21:00:00+0000_134.3352
YMNCKT,Yamuna at Chitrakoot,Yamuna Basin,2026-07-09 22:00:00+00:00,134.32334960244546,NORMAL,136.0,137.0,138.0,25.14133,80.85446,YMNCKT_2026-07-09T22:00:00+0000_134.3233
YMNCKT,Yamuna at Chitrakoot,Yamuna Basin,2026-07-09 23:00:00+00:00,134.21767859035583,NORMAL,136.0,137.0,138.0,25.14133,80.85446,YMNCKT_2026-07-09T23:00:00+0000_134.2177
YMNCKT,Yamuna at Chitrakoot,Yamuna Basin,2026-07-10 00:00:00+00:00,134.20917814429222,NORMAL,136.0,137.0,138.0,25.14133,80.85446,YMNCKT_2026-07-10T00:00:00+0000_134.2092
YMNCKT,Yamuna at Chitrakoot,Yamuna Basin,2026-07-10 01:00:00+00:00,134.11548902690112,NORMAL,136.0,137.0,138.0,25.14133,80.85446,YMNCKT_2026-07-10T01:00:00+0000_134.1155
YMNCKT,Yamuna at Chitrakoot,Yamuna Basin,2026-07-10 02:00:00+00:00,134.05226592997627,NORMAL,136.0,137.0,138.0,25.14133,80.85446,YMNCKT_2026-07-10T02:00:00+0000_134.0523
YMNCKT,Yamuna at Chitrakoot,Yamuna Basin,2026-07-10 03:00:00+00:00,134.00214868850748,NORMAL,136.0,137.0,138.0,25.14133,80.85446,YMNCKT_2026-07-10T03:00:00+0000_134.0021
YMNCKT,Yamuna at Chitrakoot,Yamuna Basin,2026-07-10 04:00:00+00:00,134.00158085905963,NORMAL,136.0,137.0,138.0,25.14133,80.85446,YMNCKT_2026-07-10T04:00:00+0000_134.0016
YMNCKT,Yamuna at Chitrakoot,Yamuna Basin,2026-07-10 05:00:00+00:00,133.98020683338163,NORMAL,136.0,137.0,138.0,25.14133,80.85446,YMNCKT_2026-07-10T05:00:00+0000_133.9802
YMNCKT,Yamuna at Chitrakoot,Yamuna Basin,2026-07-10 06:00:00+00:00,133.95507398425346,NORMAL,136.0,137.0,138.0,25.14133,80.85446,YMNCKT_2026-07-10T06:00:00+0000_133.9551
YMNCKT,Yamuna at Chitrakoot,Yamuna Basin,2026-07-10 07:00:00+00:00,133.8889624611174,NORMAL,136.0,137.0,138.0,25.14133,80.85446,YMNCKT_2026-07-10T07:00:00+0000_133.8890
YMNCKT,Yamuna at Chitrakoot,Yamuna Basin,2026-07-10 08:00:00+00:00,133.9128222223746,NORMAL,136.0,137.0,138.0,25.14133,80.85446,YMNCKT_2026-07-10T08:00:00+0000_133.9128
YMNCKT,Yamuna at Chitrakoot,Yamuna Basin,2026-07-10 09:00:00+00:00,133.9567889779532,NORMAL,136.0,137.0,138.0,25.14133,80.85446,YMNCKT_2026-07-10T09:00:00+0000_133.9568
YMNCKT,Yamuna at Chitrakoot,Yamuna Basin,2026-07-10 10:00:00+00:00,133.99946064084284,NORMAL,136.0,137.0,138.0,25.14133,80.85446,YMNCKT_2026-07-10T10:00:00+0000_133.9995
YMNCKT,Yamuna at Chitrakoot,Yamuna Basin,2026-07-10 11:00:00+00:00,134.02062560252702,NORMAL,136.0,137.0,138.0,25.14133,80.85446,YMNCKT_2026-07-10T11:00:00+0000_134.0206
YMNCKT,Yamuna at Chitrakoot,Yamuna Basin,2026-07-10 12:00:00+00:00,134.05119876019754,NORMAL,136.0,137.0,138.0,25.14133,80.85446,YMNCKT_2026-07-10T12:00:00+0000_134.0512
YMNCKT,Yamuna at Chitrakoot,Yamuna Basin,2026-07-10 13:00:00+00:00,134.11214283280802,NORMAL,136.0,137.0,138.0,25.14133,80.85446,YMNCKT_2026-07-10T13:00:00+0000_134.1121
YMNCKT,Yamuna at Chitrakoot,Yamuna Basin,2026-07-10 14:00:00+00:00,134.17230940813764,NORMAL,136.0,137.0,138.0,25.14133,80.85446,YMNCKT_2026-07-10T14:00:00+0000_134.1723
YMNCKT,Yamuna at Chitrakoot,Yamuna Basin,2026-07-10 15:00:00+00:00,134.23245336973542,NORMAL,136.0,137.0,138.0,25.14133,80.85446,YMNCKT_2026-07-10T15:00:00+0000_134.2325
YMNCKT,Yamuna at Chitrakoot,Yamuna Basin,2026-07-10 16:00:00+00:00,134.26068159963287,NORMAL,136.0,137.0,138.0,25.14133,80.85446,YMNCKT_2026-07-10T16:00:00+0000_134.2607
YMNCKT,Yamuna at Chitrakoot,Yamuna Basin,2026-07-10 17:00:00+00:00,134.32015142556568,NORMAL,136.0,137.0,138.0,25.14133,80.85446,YMNCKT_2026-07-10T17:00:00+0000_134.3202
YMNCKT,Yamuna at Chitrakoot,Yamuna Basin,2026-07-10 18:00:00+00:00,134.31431344873502,NORMAL,136.0,137.0,138.0,25.14133,80.85446,YMNCKT_2026-07-10T18:00:00+0000_134.3143
YMNCKT,Yamuna at Chitrakoot,Yamuna Basin,2026-07-10 19:00:00+00:00,134.3298947224427,NORMAL,136.0,137.0,138.0,25.14133,80.85446,YMNCKT_2026-07-10T19:00:00+0000_134.3299
YMNCKT,Yamuna at Chitrakoot,Yamuna Basin,2026-07-10 20:00:00+00:00,134.3840274480184,NORMAL,136.0,137.0,138.0,25.14133,80.85446,YMNCKT_2026-07-10T20:00:00+0000_134.3840
YMNCKT,Yamuna at Chitrakoot,Yamuna Basin,2026-07-10 21:00:00+00:00,134.28132355996516,NORMAL,136.0,137.0,138.0,25.14133,80.85446,YMNCKT_2026-07-10T21:00:00+0000_134.2813
YMNCKT,Yamuna at Chitrakoot,Yamuna Basin,2026-07-10 22:00:00+00:00,134.30630576719213,NORMAL,136.0,137.0,138.0,25.14133,80.85446,YMNCKT_2026-07-10T22:00:00+0000_134.3063
YMNCKT,Yamuna at Chitrakoot,Yamuna Basin,2026-07-10 23:00:00+00:00,134.2277844333682,NORMAL,136.0,137.0,138.0,25.14133,80.85446,YMNCKT_2026-07-10T23:00:00+0000_134.2278
YMNCKT,Yamuna at Chitrakoot,Yamuna Basin,2026-07-11 00:00:00+00:00,134.21497239932685,NORMAL,136.0,137.0,138.0,25.14133,80.85446,YMNCKT_2026-07-11T00:00:00+0000_134.2150
YMNCKT,Yamuna at Chitrakoot,Yamuna Basin,2026-07-11 01:00:00+00:00,134.14747856011033,NORMAL,136.0,137.0,138.0,25.14133,80.85446,YMNCKT_2026-07-11T01:00:00+0000_134.1475
YMNCKT,Yamuna at Chitrakoot,Yamuna Basin,2026-07-11 02:00:00+00:00,134.0514138033558,NORMAL,136.0,137.0,138.0,25.14133,80.85446,YMNCKT_2026-07-11T02:00:00+0000_134.0514
YMNCKT,Yamuna at Chitrakoot,Yamuna Basin,2026-07-11 03:00:00+00:00,133.9944709260825,NORMAL,136.0,137.0,138.0,25.14133,80.85446,YMNCKT_2026-07-11T03:00:00+0000_133.9945
YMNCKT,Yamuna at Chitrakoot,Yamuna Basin,2026-07-11 04:00:00+00:00,133.99823389033713,NORMAL,136.0,137.0,138.0,25.14133,80.85446,YMNCKT_2026-07-11T04:00:00+0000_133.9982
YMNCKT,Yamuna at Chitrakoot,Yamuna Basin,2026-07-11 05:00:00+00:00,133.9233855370751,NORMAL,136.0,137.0,138.0,25.14133,80.85446,YMNCKT_2026-07-11T05:00:00+0000_133.9234
YMNCKT,Yamuna at Chitrakoot,Yamuna Basin,2026-07-11 06:00:00+00:00,133.92691849340082,NORMAL,136.0,137.0,138.0,25.14133,80.85446,YMNCKT_2026-07-11T06:00:00+0000_133.9269
YMNCKT,Yamuna at Chitrakoot,Yamuna Basin,2026-07-11 07:00:00+00:00,133.89975044829444,NORMAL,136.0,137.0,138.0,25.14133,80.85446,YMNCKT_2026-07-11T07:00:00+0000_133.8998
YMNCKT,Yamuna at Chitrakoot,Yamuna Basin,2026-07-11 08:00:00+00:00,133.89023672974471,NORMAL,136.0,137.0,138.0,25.14133,80.85446,YMNCKT_2026-07-11T08:00:00+0000_133.8902
YMNCKT,Yamuna at Chitrakoot,Yamuna Basin,2026-07-11 09:00:00+00:00,133.9218898964164,NORMAL,136.0,137.0,138.0,25.14133,80.85446,YMNCKT_2026-07-11T09:00:00+0000_133.9219
YMNCKT,Yamuna at Chitrakoot,Yamuna Basin,2026-07-11 10:00:00+00:00,133.96086722585366,NORMAL,136.0,137.0,138.0,25.14133,80.85446,YMNCKT_2026-07-11T10:00:00+0000_133.9609
YMNCKT,Yamuna at Chitrakoot,Yamuna Basin,2026-07-11 11:00:00+00:00,134.0225860634679,NORMAL,136.0,137.0,138.0,25.14133,80.85446,YMNCKT_2026-07-11T11:00:00+0000_134.0226
YMNCKT,Yamuna at Chitrakoot,Yamuna Basin,2026-07-11 12:00:00+00:00,134.0452324520278,NORMAL,136.0,137.0,138.0,25.14133,80.85446,YMNCKT_2026-07-11T12:00:00+0000_134.0452
YMNCKT,Yamuna at Chitrakoot,Yamuna Basin,2026-07-11 13:00:00+00:00,134.09581099606382,NORMAL,136.0,137.0,138.0,25.14133,80.85446,YMNCKT_2026-07-11T13:00:00+0000_134.0958
YMNCKT,Yamuna at Chitrakoot,Yamuna Basin,2026-07-11 14:00:00+00:00,134.16518080602032,NORMAL,136.0,137.0,138.0,25.14133,80.85446,YMNCKT_2026-07-11T14:00:00+0000_134.1652
YMNCKT,Yamuna at Chitrakoot,Yamuna Basin,2026-07-11 15:00:00+00:00,134.1854516887339,NORMAL,136.0,137.0,138.0,25.14133,80.85446,YMNCKT_2026-07-11T15:00:00+0000_134.1855
YMNCKT,Yamuna at Chitrakoot,Yamuna Basin,2026-07-11 16:00:00+00:00,134.31613946335943,NORMAL,136.0,137.0,138.0,25.14133,80.85446,YMNCKT_2026-07-11T16:00:00+0000_134.3161
YMNCKT,Yamuna at Chitrakoot,Yamuna Basin,2026-07-11 17:00:00+00:00,134.2944157277442,NORMAL,136.0,137.0,138.0,25.14133,80.85446,YMNCKT_2026-07-11T17:00:00+0000_134.2944
YMNCKT,Yamuna at Chitrakoot,Yamuna Basin,2026-07-11 18:00:00+00:00,134.29807073060917,NORMAL,136.0,137.0,138.0,25.14133,80.85446,YMNCKT_2026-07-11T18:00:00+0000_134.2981
YMNCKT,Yamuna at Chitrakoot,Yamuna Basin,2026-07-11 19:00:00+00:00,134.31988501038705,NORMAL,136.0,137.0,138.0,25.14133,80.85446,YMNCKT_2026-07-11T19:00:00+0000_134.3199
YMNCKT,Yamuna at Chitrakoot,Yamuna Basin,2026-07-11 20:00:00+00:00,134.37128012402275,NORMAL,136.0,137.0,138.0,25.14133,80.85446,YMNCKT_2026-07-11T20:00:00+0000_134.3713
YMNCKT,Yamuna at Chitrakoot,Yamuna Basin,2026-07-11 21:00:00+00:00,134.32715117273833,NORMAL,136.0,137.0,138.0,25.14133,80.85446,YMNCKT_2026-07-11T21:00:00+0000_134.3272
YMNCKT,Yamuna at Chitrakoot,Yamuna Basin,2026-07-11 22:00:00+00:00,134.26395322775195,NORMAL,136.0,137.0,138.0,25.14133,80.85446,YMNCKT_2026-07-11T22:00:00+0000_134.2640
YMNCKT,Yamuna at Chitrakoot,Yamuna Basin,2026-07-11 23:00:00+00:00,134.2688347522483,NORMAL,136.0,137.0,138.0,25.14133,80.85446,YMNCKT_2026-07-11T23:00:00+0000_134.2688
YMNCKT,Yamuna at Chitrakoot,Yamuna Basin,2026-07-12 00:00:00+00:00,134.1754031319803,NORMAL,136.0,137.0,138.0,25.14133,80.85446,YMNCKT_2026-07-12T00:00:00+0000_134.1754
YMNCKT,Yamuna at Chitrakoot,Yamuna Basin,2026-07-12 01:00:00+00:00,134.08343614793938,NORMAL,136.0,137.0,138.0,25.14133,80.85446,YMNCKT_2026-07-12T01:00:00+0000_134.0834
YMNCKT,Yamuna at Chitrakoot,Yamuna Basin,2026-07-12 02:00:00+00:00,134.09667474655225,NORMAL,136.0,137.0,138.0,25.14133,80.85446,YMNCKT_2026-07-12T02:00:00+0000_134.0967
YMNCKT,Yamuna at Chitrakoot,Yamuna Basin,2026-07-12 03:00:00+00:00,134.0331721476991,NORMAL,136.0,137.0,138.0,25.14133,80.85446,YMNCKT_2026-07-12T03:00:00+0000_134.0332
YMNCKT,Yamuna at Chitrakoot,Yamuna Basin,2026-07-12 04:00:00+00:00,133.918804452818,NORMAL,136.0,137.0,138.0,25.14133,80.85446,YMNCKT_2026-07-12T04:00:00+0000_133.9188
YMNCKT,Yamuna at Chitrakoot,Yamuna Basin,2026-07-12 05:00:00+00:00,133.95402102063656,NORMAL,136.0,137.0,138.0,25.14133,80.85446,YMNCKT_2026-07-12T05:00:00+0000_133.9540
YMNCKT,Yamuna at Chitrakoot,Yamuna Basin,2026-07-12 06:00:00+00:00,133.90041074896027,NORMAL,136.0,137.0,138.0,25.14133,80.85446,YMNCKT_2026-07-12T06:00:00+0000_133.9004
YMNCKT,Yamuna at Chitrakoot,Yamuna Basin,2026-07-12 07:00:00+00:00,133.90099749662883,NORMAL,136.0,137.0,138.0,25.14133,80.85446,YMNCKT_2026-07-12T07:00:00+0000_133.9010
YMNCKT,Yamuna at Chitrakoot,Yamuna Basin,2026-07-12 08:00:00+00:00,133.95445534875628,NORMAL,136.0,137.0,138.0,25.14133,80.85446,YMNCKT_2026-07-12T08:00:00+0000_133.9545
YMNCKT,Yamuna at Chitrakoot,Yamuna Basin,2026-07-12 09:00:00+00:00,133.8844307860819,NORMAL,136.0,137.0,138.0,25.14133,80.85446,YMNCKT_2026-07-12T09:00:00+0000_133.8844
YMNCKT,Yamuna at Chitrakoot,Yamuna Basin,2026-07-12 10:00:00+00:00,133.92571871761945,NORMAL,136.0,137.0,138.0,25.14133,80.85446,YMNCKT_2026-07-12T10:00:00+0000_133.9257
YMNCKT,Yamuna at Chitrakoot,Yamuna Basin,2026-07-12 11:00:00+00:00,134.00027006269593,NORMAL,136.0,137.0,138.0,25.14133,80.85446,YMNCKT_2026-07-12T11:00:00+0000_134.0003
YMNCKT,Yamuna at Chitrakoot,Yamuna Basin,2026-07-12 12:00:00+00:00,134.03203952827107,NORMAL,136.0,137.0,138.0,25.14133,80.85446,YMNCKT_2026-07-12T12:00:00+0000_134.0320
YMNCKT,Yamuna at Chitrakoot,Yamuna Basin,2026-07-12 13:00:00+00:00,134.0858403963425,NORMAL,136.0,137.0,138.0,25.14133,80.85446,YMNCKT_2026-07-12T13:00:00+0000_134.0858
YMNCKT,Yamuna at Chitrakoot,Yamuna Basin,2026-07-12 14:00:00+00:00,134.22007584318132,NORMAL,136.0,137.0,138.0,25.14133,80.85446,YMNCKT_2026-07-12T14:00:00+0000_134.2201
YMNCKT,Yamuna at Chitrakoot,Yamuna Basin,2026-07-12 15:00:00+00:00,134.27265686535128,NORMAL,136.0,137.0,138.0,25.14133,80.85446,YMNCKT_2026-07-12T15:00:00+0000_134.2727
YMNCKT,Yamuna at Chitrakoot,Yamuna Basin,2026-07-12 16:00:00+00:00,134.30416678463752,NORMAL,136.0,137.0,138.0,25.14133,80.85446,YMNCKT_2026-07-12T16:00:00+0000_134.3042
YMNCKT,Yamuna at Chitrakoot,Yamuna Basin,2026-07-12 17:00:00+00:00,134.31768777979002,NORMAL,136.0,137.0,138.0,25.14133,80.85446,YMNCKT_2026-07-12T17:00:00+0000_134.3177
YMNCKT,Yamuna at Chitrakoot,Yamuna Basin,2026-07-12 18:00:00+00:00,134.2861596873231,NORMAL,136.0,137.0,138.0,25.14133,80.85446,YMNCKT_2026-07-12T18:00:00+0000_134.2862
YMNCKT,Yamuna at Chitrakoot,Yamuna Basin,2026-07-12 19:00:00+00:00,135.2712378214233,NORMAL,136.0,137.0,138.0,25.14133,80.85446,YMNCKT_2026-07-12T19:00:00+0000_135.2712
YMNCKT,Yamuna at Chitrakoot,Yamuna Basin,2026-07-12 20:00:00+00:00,135.19422532736044,NORMAL,136.0,137.0,138.0,25.14133,80.85446,YMNCKT_2026-07-12T20:00:00+0000_135.1942
YMNCKT,Yamuna at Chitrakoot,Yamuna Basin,2026-07-12 21:00:00+00:00,135.08464396508813,NORMAL,136.0,137.0,138.0,25.14133,80.85446,YMNCKT_2026-07-12T21:00:00+0000_135.0846
YMNCKT,Yamuna at Chitrakoot,Yamuna Basin,2026-07-12 22:00:00+00:00,134.91040334014312,NORMAL,136.0,137.0,138.0,25.14133,80.85446,YMNCKT_2026-07-12T22:00:00+0000_134.9104
YMNCKT,Yamuna at Chitrakoot,Yamuna Basin,2026-07-12 23:00:00+00:00,134.87903016523958,NORMAL,136.0,137.0,138.0,25.14133,80.85446,YMNCKT_2026-07-12T23:00:00+0000_134.8790
YMNCKT,Yamuna at Chitrakoot,Yamuna Basin,2026-07-13 00:00:00+00:00,134.2253999335286,NORMAL,136.0,137.0,138.0,25.14133,80.85446,YMNCKT_2026-07-13T00:00:00+0000_134.2254
YMNCKT,Yamuna at Chitrakoot,Yamuna Basin,2026-07-13 01:00:00+00:00,134.15095413883685,NORMAL,136.0,137.0,138.0,25.14133,80.85446,YMNCKT_2026-07-13T01:00:00+0000_134.1510
YMNCKT,Yamuna at Chitrakoot,Yamuna Basin,2026-07-13 02:00:00+00:00,134.04103915194327,NORMAL,136.0,137.0,138.0,25.14133,80.85446,YMNCKT_2026-07-13T02:00:00+0000_134.0410
YMNCKT,Yamuna at Chitrakoot,Yamuna Basin,2026-07-13 03:00:00+00:00,134.02085653692163,NORMAL,136.0,137.0,138.0,25.14133,80.85446,YMNCKT_2026-07-13T03:00:00+0000_134.0209
YMNCKT,Yamuna at Chitrakoot,Yamuna Basin,2026-07-13 04:00:00+00:00,133.97246592233347,NORMAL,136.0,137.0,138.0,25.14133,80.85446,YMNCKT_2026-07-13T04:00:00+0000_133.9725
YMNCKT,Yamuna at Chitrakoot,Yamuna Basin,2026-07-13 05:00:00+00:00,133.89749581548253,NORMAL,136.0,137.0,138.0,25.14133,80.85446,YMNCKT_2026-07-13T05:00:00+0000_133.8975
YMNCKT,Yamuna at Chitrakoot,Yamuna Basin,2026-07-13 06:00:00+00:00,133.94510336975424,NORMAL,136.0,137.0,138.0,25.14133,80.85446,YMNCKT_2026-07-13T06:00:00+0000_133.9451
YMNCKT,Yamuna at Chitrakoot,Yamuna Basin,2026-07-13 07:00:00+00:00,133.88552787029053,NORMAL,136.0,137.0,138.0,25.14133,80.85446,YMNCKT_2026-07-13T07:00:00+0000_133.8855
YMNCKT,Yamuna at Chitrakoot,Yamuna Basin,2026-07-13 08:00:00+00:00,133.91369598551245,NORMAL,136.0,137.0,138.0,25.14133,80.85446,YMNCKT_2026-07-13T08:00:00+0000_133.9137
YMNCKT,Yamuna at Chitrakoot,Yamuna Basin,2026-07-13 09:00:00+00:00,133.8940433072465,NORMAL,136.0,137.0,138.0,25.14133,80.85446,YMNCKT_2026-07-13T09:00:00+0000_133.8940
YMNCKT,Yamuna at Chitrakoot,Yamuna Basin,2026-07-13 10:00:00+00:00,133.9718419922507,NORMAL,136.0,137.0,138.0,25.14133,80.85446,YMNCKT_2026-07-13T10:00:00+0000_133.9718
YMNCKT,Yamuna at Chitrakoot,Yamuna Basin,2026-07-13 11:00:00+00:00,133.98792539343856,NORMAL,136.0,137.0,138.0,25.14133,80.85446,YMNCKT_2026-07-13T11:00:00+0000_133.9879
YMNCKT,Yamuna at Chitrakoot,Yamuna Basin,2026-07-13 12:00:00+00:00,134.05692094572248,NORMAL,136.0,137.0,138.0,25.14133,80.85446,YMNCKT_2026-07-13T12:00:00+0000_134.0569
YMNCKT,Yamuna at Chitrakoot,Yamuna Basin,2026-07-13 13:00:00+00:00,134.1316441471865,NORMAL,136.0,137.0,138.0,25.14133,80.85446,YMNCKT_2026-07-13T13:00:00+0000_134.1316
YMNCKT,Yamuna at Chitrakoot,Yamuna Basin,2026-07-13 14:00:00+00:00,134.2125186178967,NORMAL,136.0,137.0,138.0,25.14133,80.85446,YMNCKT_2026-07-13T14:00:00+0000_134.2125
YMNCKT,Yamuna at Chitrakoot,Yamuna Basin,2026-07-13 15:00:00+00:00,134.25319846876585,NORMAL,136.0,137.0,138.0,25.14133,80.85446,YMNCKT_2026-07-13T15:00:00+0000_134.2532
YMNCKT,Yamuna at Chitrakoot,Yamuna Basin,2026-07-13 16:00:00+00:00,134.26340953871454,NORMAL,136.0,137.0,138.0,25.14133,80.85446,YMNCKT_2026-07-13T16:00:00+0000_134.2634
YMNCKT,Yamuna at Chitrakoot,Yamuna Basin,2026-07-13 17:00:00+00:00,134.31798408122611,NORMAL,136.0,137.0,138.0,25.14133,80.85446,YMNCKT_2026-07-13T17:00:00+0000_134.3180
YMNCKT,Yamuna at Chitrakoot,Yamuna Basin,2026-07-13 18:00:00+00:00,134.3338560882934,NORMAL,136.0,137.0,138.0,25.14133,80.85446,YMNCKT_2026-07-13T18:00:00+0000_134.3339
YMNCKT,Yamuna at Chitrakoot,Yamuna Basin,2026-07-13 19:00:00+00:00,134.36320729832914,NORMAL,136.0,137.0,138.0,25.14133,80.85446,YMNCKT_2026-07-13T19:00:00+0000_134.3632
YMNCKT,Yamuna at Chitrakoot,Yamuna Basin,2026-07-13 20:00:00+00:00,134.31547850935672,NORMAL,136.0,137.0,138.0,25.14133,80.85446,YMNCKT_2026-07-13T20:00:00+0000_134.3155
YMNCKT,Yamuna at Chitrakoot,Yamuna Basin,2026-07-13 21:00:00+00:00,134.33365377160098,NORMAL,136.0,137.0,138.0,25.14133,80.85446,YMNCKT_2026-07-13T21:00:00+0000_134.3337
YMNCKT,Yamuna at Chitrakoot,Yamuna Basin,2026-07-13 22:00:00+00:00,134.3093385844985,NORMAL,136.0,137.0,138.0,25.14133,80.85446,YMNCKT_2026-07-13T22:00:00+0000_134.3093
YMNCKT,Yamuna at Chitrakoot,Yamuna Basin,2026-07-13 23:00:00+00:00,134.1796766761197,NORMAL,136.0,137.0,138.0,25.14133,80.85446,YMNCKT_2026-07-13T23:00:00+0000_134.1797
YMNCKT,Yamuna at Chitrakoot,Yamuna Basin,2026-07-14 00:00:00+00:00,134.197074134985,NORMAL,136.0,137.0,138.0,25.14133,80.85446,YMNCKT_2026-07-14T00:00:00+0000_134.1971
YMNCKT,Yamuna at Chitrakoot,Yamuna Basin,2026-07-14 01:00:00+00:00,134.11813820418192,NORMAL,136.0,137.0,138.0,25.14133,80.85446,YMNCKT_2026-07-14T01:00:00+0000_134.1181
YMNCKT,Yamuna at Chitrakoot,Yamuna Basin,2026-07-14 02:00:00+00:00,134.02868270278432,NORMAL,136.0,137.0,138.0,25.14133,80.85446,YMNCKT_2026-07-14T02:00:00+0000_134.0287
YMNCKT,Yamuna at Chitrakoot,Yamuna Basin,2026-07-14 03:00:00+00:00,134.02891485713704,NORMAL,136.0,137.0,138.0,25.14133,80.85446,YMNCKT_2026-07-14T03:00:00+0000_134.0289
YMNCKT,Yamuna at Chitrakoot,Yamuna Basin,2026-07-14 04:00:00+00:00,133.93669656089813,NORMAL,136.0,137.0,138.0,25.14133,80.85446,YMNCKT_2026-07-14T04:00:00+0000_133.9367
YMNCKT,Yamuna at Chitrakoot,Yamuna Basin,2026-07-14 05:00:00+00:00,133.92623541776857,NORMAL,136.0,137.0,138.0,25.14133,80.85446,YMNCKT_2026-07-14T05:00:00+0000_133.9262
YMNCKT,Yamuna at Chitrakoot,Yamuna Basin,2026-07-14 06:00:00+00:00,133.8959314448382,NORMAL,136.0,137.0,138.0,25.14133,80.85446,YMNCKT_2026-07-14T06:00:00+0000_133.8959
YMNCKT,Yamuna at Chitrakoot,Yamuna Basin,2026-07-14 07:00:00+00:00,133.94957068786465,NORMAL,136.0,137.0,138.0,25.14133,80.85446,YMNCKT_2026-07-14T07:00:00+0000_133.9496
YMNCKT,Yamuna at Chitrakoot,Yamuna Basin,2026-07-14 08:00:00+00:00,133.92710957661086,NORMAL,136.0,137.0,138.0,25.14133,80.85446,YMNCKT_2026-07-14T08:00:00+0000_133.9271
YMNCKT,Yamuna at Chitrakoot,Yamuna Basin,2026-07-14 09:00:00+00:00,133.89026282885635,NORMAL,136.0,137.0,138.0,25.14133,80.85446,YMNCKT_2026-07-14T09:00:00+0000_133.8903
YMNCKT,Yamuna at Chitrakoot,Yamuna Basin,2026-07-14 10:00:00+00:00,133.95564990562093,NORMAL,136.0,137.0,138.0,25.14133,80.85446,YMNCKT_2026-07-14T10:00:00+0000_133.9556
YMNCKT,Yamuna at Chitrakoot,Yamuna Basin,2026-07-14 11:00:00+00:00,134.0123164344858,NORMAL,136.0,137.0,138.0,25.14133,80.85446,YMNCKT_2026-07-14T11:00:00+0000_134.0123
YMNCKT,Yamuna at Chitrakoot,Yamuna Basin,2026-07-14 12:00:00+00:00,134.07408893272532,NORMAL,136.0,137.0,138.0,25.14133,80.85446,YMNCKT_2026-07-14T12:00:00+0000_134.0741
YMNCKT,Yamuna at Chitrakoot,Yamuna Basin,2026-07-14 13:00:00+00:00,134.12146799654442,NORMAL,136.0,137.0,138.0,25.14133,80.85446,YMNCKT_2026-07-14T13:00:00+0000_134.1215
YMNCKT,Yamuna at Chitrakoot,Yamuna Basin,2026-07-14 14:00:00+00:00,134.19153435877865,NORMAL,136.0,137.0,138.0,25.14133,80.85446,YMNCKT_2026-07-14T14:00:00+0000_134.1915
YMNCKT,Yamuna at Chitrakoot,Yamuna Basin,2026-07-14 15:00:00+00:00,134.26182837602832,NORMAL,136.0,137.0,138.0,25.14133,80.85446,YMNCKT_2026-07-14T15:00:00+0000_134.2618
YMNCKT,Yamuna at Chitrakoot,Yamuna Basin,2026-07-14 16:00:00+00:00,134.24251725255195,NORMAL,136.0,137.0,138.0,25.14133,80.85446,YMNCKT_2026-07-14T16:00:00+0000_134.2425
YMNCKT,Yamuna at Chitrakoot,Yamuna Basin,2026-07-14 17:00:00+00:00,134.35042987814586,NORMAL,136.0,137.0,138.0,25.14133,80.85446,YMNCKT_2026-07-14T17:00:00+0000_134.3504
YMNCKT,Yamuna at Chitrakoot,Yamuna Basin,2026-07-14 18:00:00+00:00,134.35217433904552,NORMAL,136.0,137.0,138.0,25.14133,80.85446,YMNCKT_2026-07-14T18:00:00+0000_134.3522
YMNCKT,Yamuna at Chitrakoot,Yamuna Basin,2026-07-14 19:00:00+00:00,134.30121805479897,NORMAL,136.0,137.0,138.0,25.14133,80.85446,YMNCKT_2026-07-14T19:00:00+0000_134.3012
YMNCKT,Yamuna at Chitrakoot,Yamuna Basin,2026-07-14 20:00:00+00:00,134.3606123691466,NORMAL,136.0,137.0,138.0,25.14133,80.85446,YMNCKT_2026-07-14T20:00:00+0000_134.3606
YMNCKT,Yamuna at Chitrakoot,Yamuna Basin,2026-07-14 21:00:00+00:00,134.26349385034467,NORMAL,136.0,137.0,138.0,25.14133,80.85446,YMNCKT_2026-07-14T21:00:00+0000_134.2635
YMNCKT,Yamuna at Chitrakoot,Yamuna Basin,2026-07-14 22:00:00+00:00,134.25028228109028,NORMAL,136.0,137.0,138.0,25.14133,80.85446,YMNCKT_2026-07-14T22:00:00+0000_134.2503
YMNCKT,Yamuna at Chitrakoot,Yamuna Basin,2026-07-14 23:00:00+00:00,134.22212524729855,NORMAL,136.0,137.0,138.0,25.14133,80.85446,YMNCKT_2026-07-14T23:00:00+0000_134.2221
YMNCKT,Yamuna at Chitrakoot,Yamuna Basin,2026-07-15 00:00:00+00:00,134.15598222607449,NORMAL,136.0,137.0,138.0,25.14133,80.85446,YMNCKT_2026-07-15T00:00:00+0000_134.1560
YMNCKT,Yamuna at Chitrakoot,Yamuna Basin,2026-07-15 01:00:00+00:00,134.0771580606361,NORMAL,136.0,137.0,138.0,25.14133,80.85446,YMNCKT_2026-07-15T01:00:00+0000_134.0772
YMNCKT,Yamuna at Chitrakoot,Yamuna Basin,2026-07-15 02:00:00+00:00,134.01121972252307,NORMAL,136.0,137.0,138.0,25.14133,80.85446,YMNCKT_2026-07-15T02:00:00+0000_134.0112
YMNCKT,Yamuna at Chitrakoot,Yamuna Basin,2026-07-15 03:00:00+00:00,133.98901803436385,NORMAL,136.0,137.0,138.0,25.14133,80.85446,YMNCKT_2026-07-15T03:00:00+0000_133.9890
YMNCKT,Yamuna at Chitrakoot,Yamuna Basin,2026-07-15 04:00:00+00:00,133.91959538468058,NORMAL,136.0,137.0,138.0,25.14133,80.85446,YMNCKT_2026-07-15T04:00:00+0000_133.9196
YMNCKT,Yamuna at Chitrakoot,Yamuna Basin,2026-07-15 05:00:00+00:00,133.8864004282928,NORMAL,136.0,137.0,138.0,25.14133,80.85446,YMNCKT_2026-07-15T05:00:00+0000_133.8864
YMNCKT,Yamuna at Chitrakoot,Yamuna Basin,2026-07-15 06:00:00+00:00,133.9094576342386,NORMAL,136.0,137.0,138.0,25.14133,80.85446,YMNCKT_2026-07-15T06:00:00+0000_133.9095
YMNCKT,Yamuna at Chitrakoot,Yamuna Basin,2026-07-15 07:00:00+00:00,133.9401739392975,NORMAL,136.0,137.0,138.0,25.14133,80.85446,YMNCKT_2026-07-15T07:00:00+0000_133.9402
YMNCKT,Yamuna at Chitrakoot,Yamuna Basin,2026-07-15 08:00:00+00:00,133.94956918867567,NORMAL,136.0,137.0,138.0,25.14133,80.85446,YMNCKT_2026-07-15T08:00:00+0000_133.9496
YMNCKT,Yamuna at Chitrakoot,Yamuna Basin,2026-07-15 09:00:00+00:00,133.89573319159837,NORMAL,136.0,137.0,138.0,25.14133,80.85446,YMNCKT_2026-07-15T09:00:00+0000_133.8957
YMNCKT,Yamuna at Chitrakoot,Yamuna Basin,2026-07-15 10:00:00+00:00,133.91472671829456,NORMAL,136.0,137.0,138.0,25.14133,80.85446,YMNCKT_2026-07-15T10:00:00+0000_133.9147
YMNCKT,Yamuna at Chitrakoot,Yamuna Basin,2026-07-15 11:00:00+00:00,134.03463665639174,NORMAL,136.0,137.0,138.0,25.14133,80.85446,YMNCKT_2026-07-15T11:00:00+0000_134.0346
YMNCKT,Yamuna at Chitrakoot,Yamuna Basin,2026-07-15 12:00:00+00:00,134.04674610100687,NORMAL,136.0,137.0,138.0,25.14133,80.85446,YMNCKT_2026-07-15T12:00:00+0000_134.0467
YMNCKT,Yamuna at Chitrakoot,Yamuna Basin,2026-07-15 13:00:00+00:00,134.07278004301978,NORMAL,136.0,137.0,138.0,25.14133,80.85446,YMNCKT_2026-07-15T13:00:00+0000_134.0728
YMNCKT,Yamuna at Chitrakoot,Yamuna Basin,2026-07-15 14:00:00+00:00,134.18905644408417,NORMAL,136.0,137.0,138.0,25.14133,80.85446,YMNCKT_2026-07-15T14:00:00+0000_134.1891
YMNCKT,Yamuna at Chitrakoot,Yamuna Basin,2026-07-15 15:00:00+00:00,134.1851613069643,NORMAL,136.0,137.0,138.0,25.14133,80.85446,YMNCKT_2026-07-15T15:00:00+0000_134.1852
YMNCKT,Yamuna at Chitrakoot,Yamuna Basin,2026-07-15 16:00:00+00:00,134.2254306948404,NORMAL,136.0,137.0,138.0,25.14133,80.85446,YMNCKT_2026-07-15T16:00:00+0000_134.2254
YMNCKT,Yamuna at Chitrakoot,Yamuna Basin,2026-07-15 17:00:00+00:00,134.33776359913077,NORMAL,136.0,137.0,138.0,25.14133,80.85446,YMNCKT_2026-07-15T17:00:00+0000_134.3378
YMNCKT,Yamuna at Chitrakoot,Yamuna Basin,2026-07-15 18:00:00+00:00,134.36894993301405,NORMAL,136.0,137.0,138.0,25.14133,80.85446,YMNCKT_2026-07-15T18:00:00+0000_134.3689
YMNCKT,Yamuna at Chitrakoot,Yamuna Basin,2026-07-15 19:00:00+00:00,134.34396202030513,NORMAL,136.0,137.0,138.0,25.14133,80.85446,YMNCKT_2026-07-15T19:00:00+0000_134.3440
YMNCKT,Yamuna at Chitrakoot,Yamuna Basin,2026-07-15 20:00:00+00:00,134.32242604734066,NORMAL,136.0,137.0,138.0,25.14133,80.85446,YMNCKT_2026-07-15T20:00:00+0000_134.3224
YMNCKT,Yamuna at Chitrakoot,Yamuna Basin,2026-07-15 21:00:00+00:00,134.31147188190042,NORMAL,136.0,137.0,138.0,25.14133,80.85446,YMNCKT_2026-07-15T21:00:00+0000_134.3115
YMNCKT,Yamuna at Chitrakoot,Yamuna Basin,2026-07-15 22:00:00+00:00,134.3178633373694,NORMAL,136.0,137.0,138.0,25.14133,80.85446,YMNCKT_2026-07-15T22:00:00+0000_134.3179
YMNCKT,Yamuna at Chitrakoot,Yamuna Basin,2026-07-15 23:00:00+00:00,134.22312265301983,NORMAL,136.0,137.0,138.0,25.14133,80.85446,YMNCKT_2026-07-15T23:00:00+0000_134.2231
YMNCKT,Yamuna at Chitrakoot,Yamuna Basin,2026-07-16 00:00:00+00:00,134.202497257533,NORMAL,136.0,137.0,138.0,25.14133,80.85446,YMNCKT_2026-07-16T00:00:00+0000_134.2025
YMNCKT,Yamuna at Chitrakoot,Yamuna Basin,2026-07-16 01:00:00+00:00,134.15694478379794,NORMAL,136.0,137.0,138.0,25.14133,80.85446,YMNCKT_2026-07-16T01:00:00+0000_134.1569
YMNCKT,Yamuna at Chitrakoot,Yamuna Basin,2026-07-16 02:00:00+00:00,134.06795461897778,NORMAL,136.0,137.0,138.0,25.14133,80.85446,YMNCKT_2026-07-16T02:00:00+0000_134.0680
YMNCKT,Yamuna at Chitrakoot,Yamuna Basin,2026-07-16 03:00:00+00:00,134.0553174744041,NORMAL,136.0,137.0,138.0,25.14133,80.85446,YMNCKT_2026-07-16T03:00:00+0000_134.0553
YMNCKT,Yamuna at Chitrakoot,Yamuna Basin,2026-07-16 04:00:00+00:00,133.99232963276415,NORMAL,136.0,137.0,138.0,25.14133,80.85446,YMNCKT_2026-07-16T04:00:00+0000_133.9923
YMNCKT,Yamuna at Chitrakoot,Yamuna Basin,2026-07-16 05:00:00+00:00,133.90249738689755,NORMAL,136.0,137.0,138.0,25.14133,80.85446,YMNCKT_2026-07-16T05:00:00+0000_133.9025
YMNCKT,Yamuna at Chitrakoot,Yamuna Basin,2026-07-16 06:00:00+00:00,133.89316401527162,NORMAL,136.0,137.0,138.0,25.14133,80.85446,YMNCKT_2026-07-16T06:00:00+0000_133.8932
YMNCKT,Yamuna at Chitrakoot,Yamuna Basin,2026-07-16 07:00:00+00:00,133.85204180950782,NORMAL,136.0,137.0,138.0,25.14133,80.85446,YMNCKT_2026-07-16T07:00:00+0000_133.8520
YMNCKT,Yamuna at Chitrakoot,Yamuna Basin,2026-07-16 08:00:00+00:00,133.9041251511889,NORMAL,136.0,137.0,138.0,25.14133,80.85446,YMNCKT_2026-07-16T08:00:00+0000_133.9041
YMNCKT,Yamuna at Chitrakoot,Yamuna Basin,2026-07-16 09:00:00+00:00,133.88291258955346,NORMAL,136.0,137.0,138.0,25.14133,80.85446,YMNCKT_2026-07-16T09:00:00+0000_133.8829
YMNCKT,Yamuna at Chitrakoot,Yamuna Basin,2026-07-16 10:00:00+00:00,133.93714075955668,NORMAL,136.0,137.0,138.0,25.14133,80.85446,YMNCKT_2026-07-16T10:00:00+0000_133.9371
YMNCKT,Yamuna at Chitrakoot,Yamuna Basin,2026-07-16 11:00:00+00:00,133.99091162780567,NORMAL,136.0,137.0,138.0,25.14133,80.85446,YMNCKT_2026-07-16T11:00:00+0000_133.9909
YMNCKT,Yamuna at Chitrakoot,Yamuna Basin,2026-07-16 12:00:00+00:00,134.0835459126748,NORMAL,136.0,137.0,138.0,25.14133,80.85446,YMNCKT_2026-07-16T12:00:00+0000_134.0835
YMNCKT,Yamuna at Chitrakoot,Yamuna Basin,2026-07-16 13:00:00+00:00,134.09909736950826,NORMAL,136.0,137.0,138.0,25.14133,80.85446,YMNCKT_2026-07-16T13:00:00+0000_134.0991
YMNCKT,Yamuna at Chitrakoot,Yamuna Basin,2026-07-16 14:00:00+00:00,134.13483698497984,NORMAL,136.0,137.0,138.0,25.14133,80.85446,YMNCKT_2026-07-16T14:00:00+0000_134.1348
YMNCKT,Yamuna at Chitrakoot,Yamuna Basin,2026-07-16 15:00:00+00:00,134.2681025688944,NORMAL,136.0,137.0,138.0,25.14133,80.85446,YMNCKT_2026-07-16T15:00:00+0000_134.2681
YMNCKT,Yamuna at Chitrakoot,Yamuna Basin,2026-07-16 16:00:00+00:00,134.31289249322907,NORMAL,136.0,137.0,138.0,25.14133,80.85446,YMNCKT_2026-07-16T16:00:00+0000_134.3129
YMNCKT,Yamuna at Chitrakoot,Yamuna Basin,2026-07-16 17:00:00+00:00,134.32132767469164,NORMAL,136.0,137.0,138.0,25.14133,80.85446,YMNCKT_2026-07-16T17:00:00+0000_134.3213
YMNCKT,Yamuna at Chitrakoot,Yamuna Basin,2026-07-16 18:00:00+00:00,134.3427300653191,NORMAL,136.0,137.0,138.0,25.14133,80.85446,YMNCKT_2026-07-16T18:00:00+0000_134.3427
YMNCKT,Yamuna at Chitrakoot,Yamuna Basin,2026-07-16 19:00:00+00:00,134.3677579411758,NORMAL,136.0,137.0,138.0,25.14133,80.85446,YMNCKT_2026-07-16T19:00:00+0000_134.3678
YMNCKT,Yamuna at Chitrakoot,Yamuna Basin,2026-07-16 20:00:00+00:00,134.29403121986198,NORMAL,136.0,137.0,138.0,25.14133,80.85446,YMNCKT_2026-07-16T20:00:00+0000_134.2940
YMNCKT,Yamuna at Chitrakoot,Yamuna Basin,2026-07-16 21:00:00+00:00,134.31258179881226,NORMAL,136.0,137.0,138.0,25.14133,80.85446,YMNCKT_2026-07-16T21:00:00+0000_134.3126
YMNCKT,Yamuna at Chitrakoot,Yamuna Basin,2026-07-16 22:00:00+00:00,134.23753488842237,NORMAL,136.0,137.0,138.0,25.14133,80.85446,YMNCKT_2026-07-16T22:00:00+0000_134.2375
YMNCKT,Yamuna at Chitrakoot,Yamuna Basin,2026-07-16 23:00:00+00:00,134.25567371265058,NORMAL,136.0,137.0,138.0,25.14133,80.85446,YMNCKT_2026-07-16T23:00:00+0000_134.2557
YMNCKT,Yamuna at Chitrakoot,Yamuna Basin,2026-07-17 00:00:00+00:00,134.1327522011678,NORMAL,136.0,137.0,138.0,25.14133,80.85446,YMNCKT_2026-07-17T00:00:00+0000_134.1328
YMNCKT,Yamuna at Chitrakoot,Yamuna Basin,2026-07-17 01:00:00+00:00,135.96371216243557,NORMAL,136.0,137.0,138.0,25.14133,80.85446,YMNCKT_2026-07-17T01:00:00+0000_135.9637
YMNCKT,Yamuna at Chitrakoot,Yamuna Basin,2026-07-17 02:00:00+00:00,135.7761012163069,NORMAL,136.0,137.0,138.0,25.14133,80.85446,YMNCKT_2026-07-17T02:00:00+0000_135.7761
YMNCKT,Yamuna at Chitrakoot,Yamuna Basin,2026-07-17 03:00:00+00:00,135.46535119733204,NORMAL,136.0,137.0,138.0,25.14133,80.85446,YMNCKT_2026-07-17T03:00:00+0000_135.4654
YMNCKT,Yamuna at Chitrakoot,Yamuna Basin,2026-07-17 04:00:00+00:00,135.2906470321226,NORMAL,136.0,137.0,138.0,25.14133,80.85446,YMNCKT_2026-07-17T04:00:00+0000_135.2906
YMNCKT,Yamuna at Chitrakoot,Yamuna Basin,2026-07-17 05:00:00+00:00,135.19165257574244,NORMAL,136.0,137.0,138.0,25.14133,80.85446,YMNCKT_2026-07-17T05:00:00+0000_135.1917
YMNCKT,Yamuna at Chitrakoot,Yamuna Basin,2026-07-17 06:00:00+00:00,133.90607175589014,NORMAL,136.0,137.0,138.0,25.14133,80.85446,YMNCKT_2026-07-17T06:00:00+0000_133.9061
YMNCKT,Yamuna at Chitrakoot,Yamuna Basin,2026-07-17 07:00:00+00:00,133.91513009182037,NORMAL,136.0,137.0,138.0,25.14133,80.85446,YMNCKT_2026-07-17T07:00:00+0000_133.9151
YMNCKT,Yamuna at Chitrakoot,Yamuna Basin,2026-07-17 08:00:00+00:00,133.94263603411488,NORMAL,136.0,137.0,138.0,25.14133,80.85446,YMNCKT_2026-07-17T08:00:00+0000_133.9426
YMNCKT,Yamuna at Chitrakoot,Yamuna Basin,2026-07-17 09:00:00+00:00,133.9726167454192,NORMAL,136.0,137.0,138.0,25.14133,80.85446,YMNCKT_2026-07-17T09:00:00+0000_133.9726
YMNCKT,Yamuna at Chitrakoot,Yamuna Basin,2026-07-17 10:00:00+00:00,133.94090998257008,NORMAL,136.0,137.0,138.0,25.14133,80.85446,YMNCKT_2026-07-17T10:00:00+0000_133.9409
YMNCKT,Yamuna at Chitrakoot,Yamuna Basin,2026-07-17 11:00:00+00:00,134.04681501051545,NORMAL,136.0,137.0,138.0,25.14133,80.85446,YMNCKT_2026-07-17T11:00:00+0000_134.0468
YMNCKT,Yamuna at Chitrakoot,Yamuna Basin,2026-07-17 12:00:00+00:00,134.0602527550259,NORMAL,136.0,137.0,138.0,25.14133,80.85446,YMNCKT_2026-07-17T12:00:00+0000_134.0603
YMNCKT,Yamuna at Chitrakoot,Yamuna Basin,2026-07-17 13:00:00+00:00,134.10679793918356,NORMAL,136.0,137.0,138.0,25.14133,80.85446,YMNCKT_2026-07-17T13:00:00+0000_134.1068
YMNCKT,Yamuna at Chitrakoot,Yamuna Basin,2026-07-17 14:00:00+00:00,134.1898024676733,NORMAL,136.0,137.0,138.0,25.14133,80.85446,YMNCKT_2026-07-17T14:00:00+0000_134.1898
YMNCKT,Yamuna at Chitrakoot,Yamuna Basin,2026-07-17 15:00:00+00:00,134.23236777645835,NORMAL,136.0,137.0,138.0,25.14133,80.85446,YMNCKT_2026-07-17T15:00:00+0000_134.2324
YMNCKT,Yamuna at Chitrakoot,Yamuna Basin,2026-07-17 16:00:00+00:00,134.28175244539432,NORMAL,136.0,137.0,138.0,25.14133,80.85446,YMNCKT_2026-07-17T16:00:00+0000_134.2818
YMNCKT,Yamuna at Chitrakoot,Yamuna Basin,2026-07-17 17:00:00+00:00,134.3324613404068,NORMAL,136.0,137.0,138.0,25.14133,80.85446,YMNCKT_2026-07-17T17:00:00+0000_134.3325
YMNCKT,Yamuna at Chitrakoot,Yamuna Basin,2026-07-17 18:00:00+00:00,134.2996404927317,NORMAL,136.0,137.0,138.0,25.14133,80.85446,YMNCKT_2026-07-17T18:00:00+0000_134.2996
YMNCKT,Yamuna at Chitrakoot,Yamuna Basin,2026-07-17 19:00:00+00:00,134.32594185231866,NORMAL,136.0,137.0,138.0,25.14133,80.85446,YMNCKT_2026-07-17T19:00:00+0000_134.3259
YMNCKT,Yamuna at Chitrakoot,Yamuna Basin,2026-07-17 20:00:00+00:00,134.27970692472192,NORMAL,136.0,137.0,138.0,25.14133,80.85446,YMNCKT_2026-07-17T20:00:00+0000_134.2797
YMNCKT,Yamuna at Chitrakoot,Yamuna Basin,2026-07-17 21:00:00+00:00,134.26806156273042,NORMAL,136.0,137.0,138.0,25.14133,80.85446,YMNCKT_2026-07-17T21:00:00+0000_134.2681
YMNCKT,Yamuna at Chitrakoot,Yamuna Basin,2026-07-17 22:00:00+00:00,134.25907593525386,NORMAL,136.0,137.0,138.0,25.14133,80.85446,YMNCKT_2026-07-17T22:00:00+0000_134.2591
YMNCKT,Yamuna at Chitrakoot,Yamuna Basin,2026-07-17 23:00:00+00:00,134.26812846717942,NORMAL,136.0,137.0,138.0,25.14133,80.85446,YMNCKT_2026-07-17T23:00:00+0000_134.2681
YMNCKT,Yamuna at Chitrakoot,Yamuna Basin,2026-07-18 00:00:00+00:00,134.1753651616214,NORMAL,136.0,137.0,138.0,25.14133,80.85446,YMNCKT_2026-07-18T00:00:00+0000_134.1754
YMNCKT,Yamuna at Chitrakoot,Yamuna Basin,2026-07-18 01:00:00+00:00,134.0772751067314,NORMAL,136.0,137.0,138.0,25.14133,80.85446,YMNCKT_2026-07-18T01:00:00+0000_134.0773
YMNCKT,Yamuna at Chitrakoot,Yamuna Basin,2026-07-18 02:00:00+00:00,134.02669052457344,NORMAL,136.0,137.0,138.0,25.14133,80.85446,YMNCKT_2026-07-18T02:00:00+0000_134.0267
YMNCKT,Yamuna at Chitrakoot,Yamuna Basin,2026-07-18 03:00:00+00:00,134.01421980009056,NORMAL,136.0,137.0,138.0,25.14133,80.85446,YMNCKT_2026-07-18T03:00:00+0000_134.0142
YMNCKT,Yamuna at Chitrakoot,Yamuna Basin,2026-07-18 04:00:00+00:00,133.9464340971759,NORMAL,136.0,137.0,138.0,25.14133,80.85446,YMNCKT_2026-07-18T04:00:00+0000_133.9464
YMNCKT,Yamuna at Chitrakoot,Yamuna Basin,2026-07-18 05:00:00+00:00,133.9051230335519,NORMAL,136.0,137.0,138.0,25.14133,80.85446,YMNCKT_2026-07-18T05:00:00+0000_133.9051
YMNCKT,Yamuna at Chitrakoot,Yamuna Basin,2026-07-18 06:00:00+00:00,133.85285747996537,NORMAL,136.0,137.0,138.0,25.14133,80.85446,YMNCKT_2026-07-18T06:00:00+0000_133.8529
YMNCKT,Yamuna at Chitrakoot,Yamuna Basin,2026-07-18 07:00:00+00:00,133.93981490094237,NORMAL,136.0,137.0,138.0,25.14133,80.85446,YMNCKT_2026-07-18T07:00:00+0000_133.9398
YMNCKT,Yamuna at Chitrakoot,Yamuna Basin,2026-07-18 08:00:00+00:00,133.87906903875742,NORMAL,136.0,137.0,138.0,25.14133,80.85446,YMNCKT_2026-07-18T08:00:00+0000_133.8791
YMNCKT,Yamuna at Chitrakoot,Yamuna Basin,2026-07-18 09:00:00+00:00,133.88268925859222,NORMAL,136.0,137.0,138.0,25.14133,80.85446,YMNCKT_2026-07-18T09:00:00+0000_133.8827
YMNCKT,Yamuna at Chitrakoot,Yamuna Basin,2026-07-18 10:00:00+00:00,133.93862530160186,NORMAL,136.0,137.0,138.0,25.14133,80.85446,YMNCKT_2026-07-18T10:00:00+0000_133.9386
YMNCKT,Yamuna at Chitrakoot,Yamuna Basin,2026-07-18 11:00:00+00:00,134.01546766687338,NORMAL,136.0,137.0,138.0,25.14133,80.85446,YMNCKT_2026-07-18T11:00:00+0000_134.0155
YMNCKT,Yamuna at Chitrakoot,Yamuna Basin,2026-07-18 12:00:00+00:00,134.0901204792115,NORMAL,136.0,137.0,138.0,25.14133,80.85446,YMNCKT_2026-07-18T12:00:00+0000_134.0901
YMNCKT,Yamuna at Chitrakoot,Yamuna Basin,2026-07-18 13:00:00+00:00,134.10298517137613,NORMAL,136.0,137.0,138.0,25.14133,80.85446,YMNCKT_2026-07-18T13:00:00+0000_134.1030
YMNCKT,Yamuna at Chitrakoot,Yamuna Basin,2026-07-18 14:00:00+00:00,134.13218036495837,NORMAL,136.0,137.0,138.0,25.14133,80.85446,YMNCKT_2026-07-18T14:00:00+0000_134.1322
YMNCKT,Yamuna at Chitrakoot,Yamuna Basin,2026-07-18 15:00:00+00:00,134.1877460643971,NORMAL,136.0,137.0,138.0,25.14133,80.85446,YMNCKT_2026-07-18T15:00:00+0000_134.1877
YMNCKT,Yamuna at Chitrakoot,Yamuna Basin,2026-07-18 16:00:00+00:00,134.3036568043401,NORMAL,136.0,137.0,138.0,25.14133,80.85446,YMNCKT_2026-07-18T16:00:00+0000_134.3037
YMNCKT,Yamuna at Chitrakoot,Yamuna Basin,2026-07-18 17:00:00+00:00,134.30253975829137,NORMAL,136.0,137.0,138.0,25.14133,80.85446,YMNCKT_2026-07-18T17:00:00+0000_134.3025
YMNCKT,Yamuna at Chitrakoot,Yamuna Basin,2026-07-18 18:00:00+00:00,134.27597873180886,NORMAL,136.0,137.0,138.0,25.14133,80.85446,YMNCKT_2026-07-18T18:00:00+0000_134.2760
YMNCKT,Yamuna at Chitrakoot,Yamuna Basin,2026-07-18 19:00:00+00:00,134.34058743421238,NORMAL,136.0,137.0,138.0,25.14133,80.85446,YMNCKT_2026-07-18T19:00:00+0000_134.3406
YMNCKT,Yamuna at Chitrakoot,Yamuna Basin,2026-07-18 20:00:00+00:00,134.30111585547894,NORMAL,136.0,137.0,138.0,25.14133,80.85446,YMNCKT_2026-07-18T20:00:00+0000_134.3011
YMNCKT,Yamuna at Chitrakoot,Yamuna Basin,2026-07-18 21:00:00+00:00,134.29980659830838,NORMAL,136.0,137.0,138.0,25.14133,80.85446,YMNCKT_2026-07-18T21:00:00+0000_134.2998
YMNCKT,Yamuna at Chitrakoot,Yamuna Basin,2026-07-18 22:00:00+00:00,134.2671387229927,NORMAL,136.0,137.0,138.0,25.14133,80.85446,YMNCKT_2026-07-18T22:00:00+0000_134.2671
YMNCKT,Yamuna at Chitrakoot,Yamuna Basin,2026-07-18 23:00:00+00:00,134.19115004529195,NORMAL,136.0,137.0,138.0,25.14133,80.85446,YMNCKT_2026-07-18T23:00:00+0000_134.1912
YMNCKT,Yamuna at Chitrakoot,Yamuna Basin,2026-07-19 00:00:00+00:00,134.17850626030545,NORMAL,136.0,137.0,138.0,25.14133,80.85446,YMNCKT_2026-07-19T00:00:00+0000_134.1785
YMNCKT,Yamuna at Chitrakoot,Yamuna Basin,2026-07-19 01:00:00+00:00,134.06987920988544,NORMAL,136.0,137.0,138.0,25.14133,80.85446,YMNCKT_2026-07-19T01:00:00+0000_134.0699
YMNCKT,Yamuna at Chitrakoot,Yamuna Basin,2026-07-19 02:00:00+00:00,134.00780868394455,NORMAL,136.0,137.0,138.0,25.14133,80.85446,YMNCKT_2026-07-19T02:00:00+0000_134.0078
YMNCKT,Yamuna at Chitrakoot,Yamuna Basin,2026-07-19 03:00:00+00:00,134.0421045669369,NORMAL,136.0,137.0,138.0,25.14133,80.85446,YMNCKT_2026-07-19T03:00:00+0000_134.0421
YMNCKT,Yamuna at Chitrakoot,Yamuna Basin,2026-07-19 04:00:00+00:00,133.9997914972483,NORMAL,136.0,137.0,138.0,25.14133,80.85446,YMNCKT_2026-07-19T04:00:00+0000_133.9998
YMNCKT,Yamuna at Chitrakoot,Yamuna Basin,2026-07-19 05:00:00+00:00,133.89858070039753,NORMAL,136.0,137.0,138.0,25.14133,80.85446,YMNCKT_2026-07-19T05:00:00+0000_133.8986
YMNCKT,Yamuna at Chitrakoot,Yamuna Basin,2026-07-19 06:00:00+00:00,133.8690719797659,NORMAL,136.0,137.0,138.0,25.14133,80.85446,YMNCKT_2026-07-19T06:00:00+0000_133.8691
YMNCKT,Yamuna at Chitrakoot,Yamuna Basin,2026-07-19 07:00:00+00:00,133.8745130777569,NORMAL,136.0,137.0,138.0,25.14133,80.85446,YMNCKT_2026-07-19T07:00:00+0000_133.8745
YMNCKT,Yamuna at Chitrakoot,Yamuna Basin,2026-07-19 08:00:00+00:00,133.94188063588527,NORMAL,136.0,137.0,138.0,25.14133,80.85446,YMNCKT_2026-07-19T08:00:00+0000_133.9419
YMNCKT,Yamuna at Chitrakoot,Yamuna Basin,2026-07-19 09:00:00+00:00,,,136.0,137.0,138.0,25.14133,80.85446,YMNCKT_2026-07-19T09:00:00+0000_
YMNCKT,Yamuna at Chitrakoot,Yamuna Basin,2026-07-19 10:00:00+00:00,134.00134525964924,NORMAL,136.0,137.0,138.0,25.14133,80.85446,YMNCKT_2026-07-19T10:00:00+0000_134.0013
YMNCKT,Yamuna at Chitrakoot,Yamuna Basin,2026-07-19 11:00:00+00:00,133.96271011391462,NORMAL,136.0,137.0,138.0,25.14133,80.85446,YMNCKT_2026-07-19T11:00:00+0000_133.9627
YMNCKT,Yamuna at Chitrakoot,Yamuna Basin,2026-07-19 12:00:00+00:00,134.00538991945476,NORMAL,136.0,137.0,138.0,25.14133,80.85446,YMNCKT_2026-07-19T12:00:00+0000_134.0054
YMNCKT,Yamuna at Chitrakoot,Yamuna Basin,2026-07-19 13:00:00+00:00,134.1500072521338,NORMAL,136.0,137.0,138.0,25.14133,80.85446,YMNCKT_2026-07-19T13:00:00+0000_134.1500
YMNCKT,Yamuna at Chitrakoot,Yamuna Basin,2026-07-19 14:00:00+00:00,134.12549956607364,NORMAL,136.0,137.0,138.0,25.14133,80.85446,YMNCKT_2026-07-19T14:00:00+0000_134.1255
YMNCKT,Yamuna at Chitrakoot,Yamuna Basin,2026-07-19 15:00:00+00:00,134.17549599725174,NORMAL,136.0,137.0,138.0,25.14133,80.85446,YMNCKT_2026-07-19T15:00:00+0000_134.1755
YMNCKT,Yamuna at Chitrakoot,Yamuna Basin,2026-07-19 16:00:00+00:00,134.26258762588031,NORMAL,136.0,137.0,138.0,25.14133,80.85446,YMNCKT_2026-07-19T16:00:00+0000_134.2626
YMNCKT,Yamuna at Chitrakoot,Yamuna Basin,2026-07-19 17:00:00+00:00,134.25553204940726,NORMAL,136.0,137.0,138.0,25.14133,80.85446,YMNCKT_2026-07-19T17:00:00+0000_134.2555
YMNCKT,Yamuna at Chitrakoot,Yamuna Basin,2026-07-19 18:00:00+00:00,134.34370671990558,NORMAL,136.0,137.0,138.0,25.14133,80.85446,YMNCKT_2026-07-19T18:00:00+0000_134.3437
YMNCKT,Yamuna at Chitrakoot,Yamuna Basin,2026-07-19 19:00:00+00:00,134.34318939192377,NORMAL,136.0,137.0,138.0,25.14133,80.85446,YMNCKT_2026-07-19T19:00:00+0000_134.3432
YMNCKT,Yamuna at Chitrakoot,Yamuna Basin,2026-07-19 20:00:00+00:00,134.30638443670725,NORMAL,136.0,137.0,138.0,25.14133,80.85446,YMNCKT_2026-07-19T20:00:00+0000_134.3064
YMNCKT,Yamuna at Chitrakoot,Yamuna Basin,2026-07-19 21:00:00+00:00,134.25083148125012,NORMAL,136.0,137.0,138.0,25.14133,80.85446,YMNCKT_2026-07-19T21:00:00+0000_134.2508
YMNCKT,Yamuna at Chitrakoot,Yamuna Basin,2026-07-19 22:00:00+00:00,134.21707365642905,NORMAL,136.0,137.0,138.0,25.14133,80.85446,YMNCKT_2026-07-19T22:00:00+0000_134.2171
YMNCKT,Yamuna at Chitrakoot,Yamuna Basin,2026-07-19 23:00:00+00:00,134.19225897327985,NORMAL,136.0,137.0,138.0,25.14133,80.85446,YMNCKT_2026-07-19T23:00:00+0000_134.1923
YMNCKT,Yamuna at Chitrakoot,Yamuna Basin,2026-07-20 00:00:00+00:00,134.1826605438159,NORMAL,136.0,137.0,138.0,25.14133,80.85446,YMNCKT_2026-07-20T00:00:00+0000_134.1827
YMNCKT,Yamuna at Chitrakoot,Yamuna Basin,2026-07-20 01:00:00+00:00,134.11640013705855,NORMAL,136.0,137.0,138.0,25.14133,80.85446,YMNCKT_2026-07-20T01:00:00+0000_134.1164
YMNCKT,Yamuna at Chitrakoot,Yamuna Basin,2026-07-20 02:00:00+00:00,,,136.0,137.0,138.0,25.14133,80.85446,YMNCKT_2026-07-20T02:00:00+0000_
YMNCKT,Yamuna at Chitrakoot,Yamuna Basin,2026-07-20 03:00:00+00:00,133.98779576625972,NORMAL,136.0,137.0,138.0,25.14133,80.85446,YMNCKT_2026-07-20T03:00:00+0000_133.9878
YMNCKT,Yamuna at Chitrakoot,Yamuna Basin,2026-07-20 04:00:00+00:00,133.9146028081834,NORMAL,136.0,137.0,138.0,25.14133,80.85446,YMNCKT_2026-07-20T04:00:00+0000_133.9146
YMNCKT,Yamuna at Chitrakoot,Yamuna Basin,2026-07-20 05:00:00+00:00,,,136.0,137.0,138.0,25.14133,80.85446,YMNCKT_2026-07-20T05:00:00+0000_
YMNCKT,Yamuna at Chitrakoot,Yamuna Basin,2026-07-20 06:00:00+00:00,133.9460242561631,NORMAL,136.0,137.0,138.0,25.14133,80.85446,YMNCKT_2026-07-20T06:00:00+0000_133.9460
YMNCKT,Yamuna at Chitrakoot,Yamuna Basin,2026-07-20 07:00:00+00:00,133.92428786963066,NORMAL,136.0,137.0,138.0,25.14133,80.85446,YMNCKT_2026-07-20T07:00:00+0000_133.9243
YMNCKT,Yamuna at Chitrakoot,Yamuna Basin,2026-07-20 08:00:00+00:00,133.84748310058797,NORMAL,136.0,137.0,138.0,25.14133,80.85446,YMNCKT_2026-07-20T08:00:00+0000_133.8475
YMNCKT,Yamuna at Chitrakoot,Yamuna Basin,2026-07-20 09:00:00+00:00,133.91361076252568,NORMAL,136.0,137.0,138.0,25.14133,80.85446,YMNCKT_2026-07-20T09:00:00+0000_133.9136
YMNCKT,Yamuna at Chitrakoot,Yamuna Basin,2026-07-20 10:00:00+00:00,133.98061602279344,NORMAL,136.0,137.0,138.0,25.14133,80.85446,YMNCKT_2026-07-20T10:00:00+0000_133.9806
YMNCKT,Yamuna at Chitrakoot,Yamuna Basin,2026-07-20 11:00:00+00:00,133.98515437456803,NORMAL,136.0,137.0,138.0,25.14133,80.85446,YMNCKT_2026-07-20T11:00:00+0000_133.9852
YMNCKT,Yamuna at Chitrakoot,Yamuna Basin,2026-07-20 12:00:00+00:00,134.07693178831067,NORMAL,136.0,137.0,138.0,25.14133,80.85446,YMNCKT_2026-07-20T12:00:00+0000_134.0769
YMNCKT,Yamuna at Chitrakoot,Yamuna Basin,2026-07-20 13:00:00+00:00,134.13312932418455,NORMAL,136.0,137.0,138.0,25.14133,80.85446,YMNCKT_2026-07-20T13:00:00+0000_134.1331
YMNCKT,Yamuna at Chitrakoot,Yamuna Basin,2026-07-20 14:00:00+00:00,134.1729103893511,NORMAL,136.0,137.0,138.0,25.14133,80.85446,YMNCKT_2026-07-20T14:00:00+0000_134.1729
YMNCKT,Yamuna at Chitrakoot,Yamuna Basin,2026-07-20 15:00:00+00:00,134.26484654648505,NORMAL,136.0,137.0,138.0,25.14133,80.85446,YMNCKT_2026-07-20T15:00:00+0000_134.2648
YMNCKT,Yamuna at Chitrakoot,Yamuna Basin,2026-07-20 16:00:00+00:00,134.23248171518503,NORMAL,136.0,137.0,138.0,25.14133,80.85446,YMNCKT_2026-07-20T16:00:00+0000_134.2325
YMNCKT,Yamuna at Chitrakoot,Yamuna Basin,2026-07-20 17:00:00+00:00,134.3315490868238,NORMAL,136.0,137.0,138.0,25.14133,80.85446,YMNCKT_2026-07-20T17:00:00+0000_134.3315
YMNCKT,Yamuna at Chitrakoot,Yamuna Basin,2026-07-20 18:00:00+00:00,134.32651236360692,NORMAL,136.0,137.0,138.0,25.14133,80.85446,YMNCKT_2026-07-20T18:00:00+0000_134.3265
YMNCKT,Yamuna at Chitrakoot,Yamuna Basin,2026-07-20 19:00:00+00:00,134.29645322360662,NORMAL,136.0,137.0,138.0,25.14133,80.85446,YMNCKT_2026-07-20T19:00:00+0000_134.2965
YMNCKT,Yamuna at Chitrakoot,Yamuna Basin,2026-07-20 20:00:00+00:00,134.34811796211633,NORMAL,136.0,137.0,138.0,25.14133,80.85446,YMNCKT_2026-07-20T20:00:00+0000_134.3481
YMNCKT,Yamuna at Chitrakoot,Yamuna Basin,2026-07-20 21:00:00+00:00,134.3184002658314,NORMAL,136.0,137.0,138.0,25.14133,80.85446,YMNCKT_2026-07-20T21:00:00+0000_134.3184
YMNCKT,Yamuna at Chitrakoot,Yamuna Basin,2026-07-20 22:00:00+00:00,134.25480699564568,NORMAL,136.0,137.0,138.0,25.14133,80.85446,YMNCKT_2026-07-20T22:00:00+0000_134.2548
YMNCKT,Yamuna at Chitrakoot,Yamuna Basin,2026-07-20 23:00:00+00:00,134.2245626586312,NORMAL,136.0,137.0,138.0,25.14133,80.85446,YMNCKT_2026-07-20T23:00:00+0000_134.2246
YMNCKT,Yamuna at Chitrakoot,Yamuna Basin,2026-07-21 00:00:00+00:00,134.13356117082185,NORMAL,136.0,137.0,138.0,25.14133,80.85446,YMNCKT_2026-07-21T00:00:00+0000_134.1336
YMNCKT,Yamuna at Chitrakoot,Yamuna Basin,2026-07-21 01:00:00+00:00,134.1375474645571,NORMAL,136.0,137.0,138.0,25.14133,80.85446,YMNCKT_2026-07-21T01:00:00+0000_134.1375
YMNCKT,Yamuna at Chitrakoot,Yamuna Basin,2026-07-21 02:00:00+00:00,134.0386484713036,NORMAL,136.0,137.0,138.0,25.14133,80.85446,YMNCKT_2026-07-21T02:00:00+0000_134.0386
YMNCKT,Yamuna at Chitrakoot,Yamuna Basin,2026-07-21 03:00:00+00:00,134.03521581921473,NORMAL,136.0,137.0,138.0,25.14133,80.85446,YMNCKT_2026-07-21T03:00:00+0000_134.0352
YMNCKT,Yamuna at Chitrakoot,Yamuna Basin,2026-07-21 04:00:00+00:00,133.98519213666626,NORMAL,136.0,137.0,138.0,25.14133,80.85446,YMNCKT_2026-07-21T04:00:00+0000_133.9852
YMNCKT,Yamuna at Chitrakoot,Yamuna Basin,2026-07-21 05:00:00+00:00,133.9048564403914,NORMAL,136.0,137.0,138.0,25.14133,80.85446,YMNCKT_2026-07-21T05:00:00+0000_133.9049
YMNCKT,Yamuna at Chitrakoot,Yamuna Basin,2026-07-21 06:00:00+00:00,133.85582781681842,NORMAL,136.0,137.0,138.0,25.14133,80.85446,YMNCKT_2026-07-21T06:00:00+0000_133.8558
YMNCKT,Yamuna at Chitrakoot,Yamuna Basin,2026-07-21 07:00:00+00:00,133.9243559335976,NORMAL,136.0,137.0,138.0,25.14133,80.85446,YMNCKT_2026-07-21T07:00:00+0000_133.9244
YMNCKT,Yamuna at Chitrakoot,Yamuna Basin,2026-07-21 08:00:00+00:00,133.92945163287828,NORMAL,136.0,137.0,138.0,25.14133,80.85446,YMNCKT_2026-07-21T08:00:00+0000_133.9295
YMNCKT,Yamuna at Chitrakoot,Yamuna Basin,2026-07-21 09:00:00+00:00,133.90110754355712,NORMAL,136.0,137.0,138.0,25.14133,80.85446,YMNCKT_2026-07-21T09:00:00+0000_133.9011
YMNCKT,Yamuna at Chitrakoot,Yamuna Basin,2026-07-21 10:00:00+00:00,133.96483072116362,NORMAL,136.0,137.0,138.0,25.14133,80.85446,YMNCKT_2026-07-21T10:00:00+0000_133.9648
YMNCKT,Yamuna at Chitrakoot,Yamuna Basin,2026-07-21 11:00:00+00:00,133.9693855319483,NORMAL,136.0,137.0,138.0,25.14133,80.85446,YMNCKT_2026-07-21T11:00:00+0000_133.9694
YMNCKT,Yamuna at Chitrakoot,Yamuna Basin,2026-07-21 12:00:00+00:00,134.00540933678678,NORMAL,136.0,137.0,138.0,25.14133,80.85446,YMNCKT_2026-07-21T12:00:00+0000_134.0054
YMNCKT,Yamuna at Chitrakoot,Yamuna Basin,2026-07-21 13:00:00+00:00,134.06113152234448,NORMAL,136.0,137.0,138.0,25.14133,80.85446,YMNCKT_2026-07-21T13:00:00+0000_134.0611
YMNCKT,Yamuna at Chitrakoot,Yamuna Basin,2026-07-21 14:00:00+00:00,134.16977029426414,NORMAL,136.0,137.0,138.0,25.14133,80.85446,YMNCKT_2026-07-21T14:00:00+0000_134.1698
YMNCKT,Yamuna at Chitrakoot,Yamuna Basin,2026-07-21 15:00:00+00:00,134.22149002924624,NORMAL,136.0,137.0,138.0,25.14133,80.85446,YMNCKT_2026-07-21T15:00:00+0000_134.2215
YMNCKT,Yamuna at Chitrakoot,Yamuna Basin,2026-07-21 16:00:00+00:00,134.2231420940111,NORMAL,136.0,137.0,138.0,25.14133,80.85446,YMNCKT_2026-07-21T16:00:00+0000_134.2231
YMNCKT,Yamuna at Chitrakoot,Yamuna Basin,2026-07-21 17:00:00+00:00,134.30004623741524,NORMAL,136.0,137.0,138.0,25.14133,80.85446,YMNCKT_2026-07-21T17:00:00+0000_134.3000
YMNCKT,Yamuna at Chitrakoot,Yamuna Basin,2026-07-21 18:00:00+00:00,134.3329154166747,NORMAL,136.0,137.0,138.0,25.14133,80.85446,YMNCKT_2026-07-21T18:00:00+0000_134.3329
YMNCKT,Yamuna at Chitrakoot,Yamuna Basin,2026-07-21 19:00:00+00:00,,,136.0,137.0,138.0,25.14133,80.85446,YMNCKT_2026-07-21T19:00:00+0000_
YMNCKT,Yamuna at Chitrakoot,Yamuna Basin,2026-07-21 20:00:00+00:00,134.29709994250348,NORMAL,136.0,137.0,138.0,25.14133,80.85446,YMNCKT_2026-07-21T20:00:00+0000_134.2971
YMNCKT,Yamuna at Chitrakoot,Yamuna Basin,2026-07-21 21:00:00+00:00,134.34165326366997,NORMAL,136.0,137.0,138.0,25.14133,80.85446,YMNCKT_2026-07-21T21:00:00+0000_134.3417
YMNCKT,Yamuna at Chitrakoot,Yamuna Basin,2026-07-21 22:00:00+00:00,134.27872180749674,NORMAL,136.0,137.0,138.0,25.14133,80.85446,YMNCKT_2026-07-21T22:00:00+0000_134.2787
YMNCKT,Yamuna at Chitrakoot,Yamuna Basin,2026-07-21 23:00:00+00:00,134.24866939574977,NORMAL,136.0,137.0,138.0,25.14133,80.85446,YMNCKT_2026-07-21T23:00:00+0000_134.2487
YMNCKT,Yamuna at Chitrakoot,Yamuna Basin,2026-07-22 00:00:00+00:00,134.1517697643945,NORMAL,136.0,137.0,138.0,25.14133,80.85446,YMNCKT_2026-07-22T00:00:00+0000_134.1518
YMNCKT,Yamuna at Chitrakoot,Yamuna Basin,2026-07-22 01:00:00+00:00,134.13492691857482,NORMAL,136.0,137.0,138.0,25.14133,80.85446,YMNCKT_2026-07-22T01:00:00+0000_134.1349
YMNCKT,Yamuna at Chitrakoot,Yamuna Basin,2026-07-22 02:00:00+00:00,134.0943743650363,NORMAL,136.0,137.0,138.0,25.14133,80.85446,YMNCKT_2026-07-22T02:00:00+0000_134.0944
YMNCKT,Yamuna at Chitrakoot,Yamuna Basin,2026-07-22 03:00:00+00:00,134.0405056651116,NORMAL,136.0,137.0,138.0,25.14133,80.85446,YMNCKT_2026-07-22T03:00:00+0000_134.0405
YMNCKT,Yamuna at Chitrakoot,Yamuna Basin,2026-07-22 04:00:00+00:00,133.9070022526404,NORMAL,136.0,137.0,138.0,25.14133,80.85446,YMNCKT_2026-07-22T04:00:00+0000_133.9070
YMNCKT,Yamuna at Chitrakoot,Yamuna Basin,2026-07-22 05:00:00+00:00,133.92368288742608,NORMAL,136.0,137.0,138.0,25.14133,80.85446,YMNCKT_2026-07-22T05:00:00+0000_133.9237
YMNCKT,Yamuna at Chitrakoot,Yamuna Basin,2026-07-22 06:00:00+00:00,133.90683114863037,NORMAL,136.0,137.0,138.0,25.14133,80.85446,YMNCKT_2026-07-22T06:00:00+0000_133.9068
YMNCKT,Yamuna at Chitrakoot,Yamuna Basin,2026-07-22 07:00:00+00:00,133.90670620660555,NORMAL,136.0,137.0,138.0,25.14133,80.85446,YMNCKT_2026-07-22T07:00:00+0000_133.9067
YMNCKT,Yamuna at Chitrakoot,Yamuna Basin,2026-07-22 08:00:00+00:00,133.8698564135455,NORMAL,136.0,137.0,138.0,25.14133,80.85446,YMNCKT_2026-07-22T08:00:00+0000_133.8699
YMNCKT,Yamuna at Chitrakoot,Yamuna Basin,2026-07-22 09:00:00+00:00,133.86659349701029,NORMAL,136.0,137.0,138.0,25.14133,80.85446,YMNCKT_2026-07-22T09:00:00+0000_133.8666
YMNCKT,Yamuna at Chitrakoot,Yamuna Basin,2026-07-22 10:00:00+00:00,133.966455982415,NORMAL,136.0,137.0,138.0,25.14133,80.85446,YMNCKT_2026-07-22T10:00:00+0000_133.9665
YMNCKT,Yamuna at Chitrakoot,Yamuna Basin,2026-07-22 11:00:00+00:00,133.95446204260546,NORMAL,136.0,137.0,138.0,25.14133,80.85446,YMNCKT_2026-07-22T11:00:00+0000_133.9545
YMNCKT,Yamuna at Chitrakoot,Yamuna Basin,2026-07-22 12:00:00+00:00,133.9964625577762,NORMAL,136.0,137.0,138.0,25.14133,80.85446,YMNCKT_2026-07-22T12:00:00+0000_133.9965
YMNCKT,Yamuna at Chitrakoot,Yamuna Basin,2026-07-22 13:00:00+00:00,134.10499263682232,NORMAL,136.0,137.0,138.0,25.14133,80.85446,YMNCKT_2026-07-22T13:00:00+0000_134.1050
YMNCKT,Yamuna at Chitrakoot,Yamuna Basin,2026-07-22 14:00:00+00:00,134.1858300050364,NORMAL,136.0,137.0,138.0,25.14133,80.85446,YMNCKT_2026-07-22T14:00:00+0000_134.1858
YMNCKT,Yamuna at Chitrakoot,Yamuna Basin,2026-07-22 15:00:00+00:00,134.1959951994921,NORMAL,136.0,137.0,138.0,25.14133,80.85446,YMNCKT_2026-07-22T15:00:00+0000_134.1960
YMNCKT,Yamuna at Chitrakoot,Yamuna Basin,2026-07-22 16:00:00+00:00,134.30340080130696,NORMAL,136.0,137.0,138.0,25.14133,80.85446,YMNCKT_2026-07-22T16:00:00+0000_134.3034
YMNCKT,Yamuna at Chitrakoot,Yamuna Basin,2026-07-22 17:00:00+00:00,134.30445582896624,NORMAL,136.0,137.0,138.0,25.14133,80.85446,YMNCKT_2026-07-22T17:00:00+0000_134.3045
YMNCKT,Yamuna at Chitrakoot,Yamuna Basin,2026-07-22 18:00:00+00:00,134.34531990414678,NORMAL,136.0,137.0,138.0,25.14133,80.85446,YMNCKT_2026-07-22T18:00:00+0000_134.3453
YMNCKT,Yamuna at Chitrakoot,Yamuna Basin,2026-07-22 19:00:00+00:00,134.29072023174098,NORMAL,136.0,137.0,138.0,25.14133,80.85446,YMNCKT_2026-07-22T19:00:00+0000_134.2907
YMNCKT,Yamuna at Chitrakoot,Yamuna Basin,2026-07-22 20:00:00+00:00,134.29505992183024,NORMAL,136.0,137.0,138.0,25.14133,80.85446,YMNCKT_2026-07-22T20:00:00+0000_134.2951
YMNCKT,Yamuna at Chitrakoot,Yamuna Basin,2026-07-22 21:00:00+00:00,134.30532211646383,NORMAL,136.0,137.0,138.0,25.14133,80.85446,YMNCKT_2026-07-22T21:00:00+0000_134.3053
YMNCKT,Yamuna at Chitrakoot,Yamuna Basin,2026-07-22 22:00:00+00:00,134.2978394542382,NORMAL,136.0,137.0,138.0,25.14133,80.85446,YMNCKT_2026-07-22T22:00:00+0000_134.2978
YMNCKT,Yamuna at Chitrakoot,Yamuna Basin,2026-07-22 23:00:00+00:00,134.20123249394453,NORMAL,136.0,137.0,138.0,25.14133,80.85446,YMNCKT_2026-07-22T23:00:00+0000_134.2012
YMNCKT,Yamuna at Chitrakoot,Yamuna Basin,2026-07-23 00:00:00+00:00,134.17564102320952,NORMAL,136.0,137.0,138.0,25.14133,80.85446,YMNCKT_2026-07-23T00:00:00+0000_134.1756
YMNCKT,Yamuna at Chitrakoot,Yamuna Basin,2026-07-23 01:00:00+00:00,134.10106651139287,NORMAL,136.0,137.0,138.0,25.14133,80.85446,YMNCKT_2026-07-23T01:00:00+0000_134.1011
YMNCKT,Yamuna at Chitrakoot,Yamuna Basin,2026-07-23 02:00:00+00:00,134.0643324613726,NORMAL,136.0,137.0,138.0,25.14133,80.85446,YMNCKT_2026-07-23T02:00:00+0000_134.0643
YMNCKT,Yamuna at Chitrakoot,Yamuna Basin,2026-07-23 03:00:00+00:00,133.94426728399628,NORMAL,136.0,137.0,138.0,25.14133,80.85446,YMNCKT_2026-07-23T03:00:00+0000_133.9443
YMNCKT,Yamuna at Chitrakoot,Yamuna Basin,2026-07-23 04:00:00+00:00,133.9748885246727,NORMAL,136.0,137.0,138.0,25.14133,80.85446,YMNCKT_2026-07-23T04:00:00+0000_133.9749
YMNCKT,Yamuna at Chitrakoot,Yamuna Basin,2026-07-23 05:00:00+00:00,133.9527053616796,NORMAL,136.0,137.0,138.0,25.14133,80.85446,YMNCKT_2026-07-23T05:00:00+0000_133.9527
YMNCKT,Yamuna at Chitrakoot,Yamuna Basin,2026-07-23 06:00:00+00:00,133.8755111378889,NORMAL,136.0,137.0,138.0,25.14133,80.85446,YMNCKT_2026-07-23T06:00:00+0000_133.8755
YMNCKT,Yamuna at Chitrakoot,Yamuna Basin,2026-07-23 07:00:00+00:00,133.83922121201462,NORMAL,136.0,137.0,138.0,25.14133,80.85446,YMNCKT_2026-07-23T07:00:00+0000_133.8392
YMNCKT,Yamuna at Chitrakoot,Yamuna Basin,2026-07-23 08:00:00+00:00,133.8526960615448,NORMAL,136.0,137.0,138.0,25.14133,80.85446,YMNCKT_2026-07-23T08:00:00+0000_133.8527
YMNCKT,Yamuna at Chitrakoot,Yamuna Basin,2026-07-23 09:00:00+00:00,133.86525424621945,NORMAL,136.0,137.0,138.0,25.14133,80.85446,YMNCKT_2026-07-23T09:00:00+0000_133.8653
YMNCKT,Yamuna at Chitrakoot,Yamuna Basin,2026-07-23 10:00:00+00:00,133.9252599807715,NORMAL,136.0,137.0,138.0,25.14133,80.85446,YMNCKT_2026-07-23T10:00:00+0000_133.9253
YMNCKT,Yamuna at Chitrakoot,Yamuna Basin,2026-07-23 11:00:00+00:00,133.94474661479515,NORMAL,136.0,137.0,138.0,25.14133,80.85446,YMNCKT_2026-07-23T11:00:00+0000_133.9447
YMNCKT,Yamuna at Chitrakoot,Yamuna Basin,2026-07-23 12:00:00+00:00,134.0600918001122,NORMAL,136.0,137.0,138.0,25.14133,80.85446,YMNCKT_2026-07-23T12:00:00+0000_134.0601
YMNCKT,Yamuna at Chitrakoot,Yamuna Basin,2026-07-23 13:00:00+00:00,134.12314346067174,NORMAL,136.0,137.0,138.0,25.14133,80.85446,YMNCKT_2026-07-23T13:00:00+0000_134.1231
YMNCKT,Yamuna at Chitrakoot,Yamuna Basin,2026-07-23 14:00:00+00:00,134.1330487430154,NORMAL,136.0,137.0,138.0,25.14133,80.85446,YMNCKT_2026-07-23T14:00:00+0000_134.1330
YMNCKT,Yamuna at Chitrakoot,Yamuna Basin,2026-07-23 15:00:00+00:00,134.1956609107633,NORMAL,136.0,137.0,138.0,25.14133,80.85446,YMNCKT_2026-07-23T15:00:00+0000_134.1957
YMNCKT,Yamuna at Chitrakoot,Yamuna Basin,2026-07-23 16:00:00+00:00,134.23563181220183,NORMAL,136.0,137.0,138.0,25.14133,80.85446,YMNCKT_2026-07-23T16:00:00+0000_134.2356
YMNCKT,Yamuna at Chitrakoot,Yamuna Basin,2026-07-23 17:00:00+00:00,134.33078532187955,NORMAL,136.0,137.0,138.0,25.14133,80.85446,YMNCKT_2026-07-23T17:00:00+0000_134.3308
YMNCKT,Yamuna at Chitrakoot,Yamuna Basin,2026-07-23 18:00:00+00:00,134.3275967408254,NORMAL,136.0,137.0,138.0,25.14133,80.85446,YMNCKT_2026-07-23T18:00:00+0000_134.3276
YMNCKT,Yamuna at Chitrakoot,Yamuna Basin,2026-07-23 19:00:00+00:00,134.30194665435155,NORMAL,136.0,137.0,138.0,25.14133,80.85446,YMNCKT_2026-07-23T19:00:00+0000_134.3019
YMNCKT,Yamuna at Chitrakoot,Yamuna Basin,2026-07-23 20:00:00+00:00,134.349529564575,NORMAL,136.0,137.0,138.0,25.14133,80.85446,YMNCKT_2026-07-23T20:00:00+0000_134.3495
YMNCKT,Yamuna at Chitrakoot,Yamuna Basin,2026-07-23 21:00:00+00:00,134.25965264901728,NORMAL,136.0,137.0,138.0,25.14133,80.85446,YMNCKT_2026-07-23T21:00:00+0000_134.2597
YMNCKT,Yamuna at Chitrakoot,Yamuna Basin,2026-07-23 22:00:00+00:00,134.23732103853987,NORMAL,136.0,137.0,138.0,25.14133,80.85446,YMNCKT_2026-07-23T22:00:00+0000_134.2373
YMNCKT,Yamuna at Chitrakoot,Yamuna Basin,2026-07-23 23:00:00+00:00,134.18041452244805,NORMAL,136.0,137.0,138.0,25.14133,80.85446,YMNCKT_2026-07-23T23:00:00+0000_134.1804
YMNCKT,Yamuna at Chitrakoot,Yamuna Basin,2026-07-24 00:00:00+00:00,134.14253533985433,NORMAL,136.0,137.0,138.0,25.14133,80.85446,YMNCKT_2026-07-24T00:00:00+0000_134.1425
YMNCKT,Yamuna at Chitrakoot,Yamuna Basin,2026-07-24 01:00:00+00:00,134.11545170813207,NORMAL,136.0,137.0,138.0,25.14133,80.85446,YMNCKT_2026-07-24T01:00:00+0000_134.1155
YMNCKT,Yamuna at Chitrakoot,Yamuna Basin,2026-07-24 02:00:00+00:00,134.04558917400774,NORMAL,136.0,137.0,138.0,25.14133,80.85446,YMNCKT_2026-07-24T02:00:00+0000_134.0456
YMNCKT,Yamuna at Chitrakoot,Yamuna Basin,2026-07-24 03:00:00+00:00,133.96592956907944,NORMAL,136.0,137.0,138.0,25.14133,80.85446,YMNCKT_2026-07-24T03:00:00+0000_133.9659
YMNCKT,Yamuna at Chitrakoot,Yamuna Basin,2026-07-24 04:00:00+00:00,133.99169825349546,NORMAL,136.0,137.0,138.0,25.14133,80.85446,YMNCKT_2026-07-24T04:00:00+0000_133.9917
YMNCKT,Yamuna at Chitrakoot,Yamuna Basin,2026-07-24 05:00:00+00:00,,,136.0,137.0,138.0,25.14133,80.85446,YMNCKT_2026-07-24T05:00:00+0000_
YMNCKT,Yamuna at Chitrakoot,Yamuna Basin,2026-07-24 06:00:00+00:00,133.85641233015926,NORMAL,136.0,137.0,138.0,25.14133,80.85446,YMNCKT_2026-07-24T06:00:00+0000_133.8564
YMNCKT,Yamuna at Chitrakoot,Yamuna Basin,2026-07-24 07:00:00+00:00,133.8383215444674,NORMAL,136.0,137.0,138.0,25.14133,80.85446,YMNCKT_2026-07-24T07:00:00+0000_133.8383
YMNCKT,Yamuna at Chitrakoot,Yamuna Basin,2026-07-24 08:00:00+00:00,133.9101880539356,NORMAL,136.0,137.0,138.0,25.14133,80.85446,YMNCKT_2026-07-24T08:00:00+0000_133.9102
YMNCKT,Yamuna at Chitrakoot,Yamuna Basin,2026-07-24 09:00:00+00:00,133.86147861150587,NORMAL,136.0,137.0,138.0,25.14133,80.85446,YMNCKT_2026-07-24T09:00:00+0000_133.8615
YMNCKT,Yamuna at Chitrakoot,Yamuna Basin,2026-07-24 10:00:00+00:00,133.9257400673759,NORMAL,136.0,137.0,138.0,25.14133,80.85446,YMNCKT_2026-07-24T10:00:00+0000_133.9257
YMNCKT,Yamuna at Chitrakoot,Yamuna Basin,2026-07-24 11:00:00+00:00,133.94100933442428,NORMAL,136.0,137.0,138.0,25.14133,80.85446,YMNCKT_2026-07-24T11:00:00+0000_133.9410
YMNCKT,Yamuna at Chitrakoot,Yamuna Basin,2026-07-24 12:00:00+00:00,134.02954145968116,NORMAL,136.0,137.0,138.0,25.14133,80.85446,YMNCKT_2026-07-24T12:00:00+0000_134.0295
YMNCKT,Yamuna at Chitrakoot,Yamuna Basin,2026-07-24 13:00:00+00:00,134.09440843595505,NORMAL,136.0,137.0,138.0,25.14133,80.85446,YMNCKT_2026-07-24T13:00:00+0000_134.0944
YMNCKT,Yamuna at Chitrakoot,Yamuna Basin,2026-07-24 14:00:00+00:00,134.14416063429218,NORMAL,136.0,137.0,138.0,25.14133,80.85446,YMNCKT_2026-07-24T14:00:00+0000_134.1442
YMNCKT,Yamuna at Chitrakoot,Yamuna Basin,2026-07-24 15:00:00+00:00,134.25178124681298,NORMAL,136.0,137.0,138.0,25.14133,80.85446,YMNCKT_2026-07-24T15:00:00+0000_134.2518
YMNCKT,Yamuna at Chitrakoot,Yamuna Basin,2026-07-24 16:00:00+00:00,134.2649934676198,NORMAL,136.0,137.0,138.0,25.14133,80.85446,YMNCKT_2026-07-24T16:00:00+0000_134.2650
YMNCKT,Yamuna at Chitrakoot,Yamuna Basin,2026-07-24 17:00:00+00:00,134.25611578002574,NORMAL,136.0,137.0,138.0,25.14133,80.85446,YMNCKT_2026-07-24T17:00:00+0000_134.2561
YMNCKT,Yamuna at Chitrakoot,Yamuna Basin,2026-07-24 18:00:00+00:00,134.31538904966456,NORMAL,136.0,137.0,138.0,25.14133,80.85446,YMNCKT_2026-07-24T18:00:00+0000_134.3154
YMNCKT,Yamuna at Chitrakoot,Yamuna Basin,2026-07-24 19:00:00+00:00,134.27535154297018,NORMAL,136.0,137.0,138.0,25.14133,80.85446,YMNCKT_2026-07-24T19:00:00+0000_134.2754
YMNCKT,Yamuna at Chitrakoot,Yamuna Basin,2026-07-24 20:00:00+00:00,134.33668827785417,NORMAL,136.0,137.0,138.0,25.14133,80.85446,YMNCKT_2026-07-24T20:00:00+0000_134.3367
YMNCKT,Yamuna at Chitrakoot,Yamuna Basin,2026-07-24 21:00:00+00:00,134.31771305643315,NORMAL,136.0,137.0,138.0,25.14133,80.85446,YMNCKT_2026-07-24T21:00:00+0000_134.3177
YMNCKT,Yamuna at Chitrakoot,Yamuna Basin,2026-07-24 22:00:00+00:00,134.22958805999164,NORMAL,136.0,137.0,138.0,25.14133,80.85446,YMNCKT_2026-07-24T22:00:00+0000_134.2296
YMNCKT,Yamuna at Chitrakoot,Yamuna Basin,2026-07-24 23:00:00+00:00,134.23022682661923,NORMAL,136.0,137.0,138.0,25.14133,80.85446,YMNCKT_2026-07-24T23:00:00+0000_134.2302
YMNCKT,Yamuna at Chitrakoot,Yamuna Basin,2026-07-25 00:00:00+00:00,134.12690586271464,NORMAL,136.0,137.0,138.0,25.14133,80.85446,YMNCKT_2026-07-25T00:00:00+0000_134.1269
YMNCKT,Yamuna at Chitrakoot,Yamuna Basin,2026-07-25 01:00:00+00:00,134.05663075019285,NORMAL,136.0,137.0,138.0,25.14133,80.85446,YMNCKT_2026-07-25T01:00:00+0000_134.0566
YMNCKT,Yamuna at Chitrakoot,Yamuna Basin,2026-07-25 02:00:00+00:00,134.04117135467055,NORMAL,136.0,137.0,138.0,25.14133,80.85446,YMNCKT_2026-07-25T02:00:00+0000_134.0412
YMNCKT,Yamuna at Chitrakoot,Yamuna Basin,2026-07-25 03:00:00+00:00,134.02563466045535,NORMAL,136.0,137.0,138.0,25.14133,80.85446,YMNCKT_2026-07-25T03:00:00+0000_134.0256
YMNCKT,Yamuna at Chitrakoot,Yamuna Basin,2026-07-25 04:00:00+00:00,133.93413548511404,NORMAL,136.0,137.0,138.0,25.14133,80.85446,YMNCKT_2026-07-25T04:00:00+0000_133.9341
YMNCKT,Yamuna at Chitrakoot,Yamuna Basin,2026-07-25 05:00:00+00:00,133.88873522756717,NORMAL,136.0,137.0,138.0,25.14133,80.85446,YMNCKT_2026-07-25T05:00:00+0000_133.8887
YMNCKT,Yamuna at Chitrakoot,Yamuna Basin,2026-07-25 06:00:00+00:00,134.82742318037785,NORMAL,136.0,137.0,138.0,25.14133,80.85446,YMNCKT_2026-07-25T06:00:00+0000_134.8274
YMNCKT,Yamuna at Chitrakoot,Yamuna Basin,2026-07-25 07:00:00+00:00,134.7593062484614,NORMAL,136.0,137.0,138.0,25.14133,80.85446,YMNCKT_2026-07-25T07:00:00+0000_134.7593
YMNCKT,Yamuna at Chitrakoot,Yamuna Basin,2026-07-25 08:00:00+00:00,134.68326705157546,NORMAL,136.0,137.0,138.0,25.14133,80.85446,YMNCKT_2026-07-25T08:00:00+0000_134.6833
YMNCKT,Yamuna at Chitrakoot,Yamuna Basin,2026-07-25 09:00:00+00:00,134.64817727499562,NORMAL,136.0,137.0,138.0,25.14133,80.85446,YMNCKT_2026-07-25T09:00:00+0000_134.6482
YMNCKT,Yamuna at Chitrakoot,Yamuna Basin,2026-07-25 10:00:00+00:00,134.5760560424472,NORMAL,136.0,137.0,138.0,25.14133,80.85446,YMNCKT_2026-07-25T10:00:00+0000_134.5761
YMNCKT,Yamuna at Chitrakoot,Yamuna Basin,2026-07-25 11:00:00+00:00,134.6015042127807,NORMAL,136.0,137.0,138.0,25.14133,80.85446,YMNCKT_2026-07-25T11:00:00+0000_134.6015
YMNCKT,Yamuna at Chitrakoot,Yamuna Basin,2026-07-25 12:00:00+00:00,134.56506602362484,NORMAL,136.0,137.0,138.0,25.14133,80.85446,YMNCKT_2026-07-25T12:00:00+0000_134.5651
YMNCKT,Yamuna at Chitrakoot,Yamuna Basin,2026-07-25 13:00:00+00:00,134.07890772106103,NORMAL,136.0,137.0,138.0,25.14133,80.85446,YMNCKT_2026-07-25T13:00:00+0000_134.0789
YMNCKT,Yamuna at Chitrakoot,Yamuna Basin,2026-07-25 14:00:00+00:00,134.1852463134986,NORMAL,136.0,137.0,138.0,25.14133,80.85446,YMNCKT_2026-07-25T14:00:00+0000_134.1852
YMNCKT,Yamuna at Chitrakoot,Yamuna Basin,2026-07-25 15:00:00+00:00,134.1978429855246,NORMAL,136.0,137.0,138.0,25.14133,80.85446,YMNCKT_2026-07-25T15:00:00+0000_134.1978
YMNCKT,Yamuna at Chitrakoot,Yamuna Basin,2026-07-25 16:00:00+00:00,134.2407671317465,NORMAL,136.0,137.0,138.0,25.14133,80.85446,YMNCKT_2026-07-25T16:00:00+0000_134.2408
YMNCKT,Yamuna at Chitrakoot,Yamuna Basin,2026-07-25 17:00:00+00:00,134.29401092962408,NORMAL,136.0,137.0,138.0,25.14133,80.85446,YMNCKT_2026-07-25T17:00:00+0000_134.2940
YMNCKT,Yamuna at Chitrakoot,Yamuna Basin,2026-07-25 18:00:00+00:00,134.3525021173671,NORMAL,136.0,137.0,138.0,25.14133,80.85446,YMNCKT_2026-07-25T18:00:00+0000_134.3525
YMNCKT,Yamuna at Chitrakoot,Yamuna Basin,2026-07-25 19:00:00+00:00,134.35663400763673,NORMAL,136.0,137.0,138.0,25.14133,80.85446,YMNCKT_2026-07-25T19:00:00+0000_134.3566
YMNCKT,Yamuna at Chitrakoot,Yamuna Basin,2026-07-25 20:00:00+00:00,134.32571501451096,NORMAL,136.0,137.0,138.0,25.14133,80.85446,YMNCKT_2026-07-25T20:00:00+0000_134.3257
YMNCKT,Yamuna at Chitrakoot,Yamuna Basin,2026-07-25 21:00:00+00:00,134.26305799463032,NORMAL,136.0,137.0,138.0,25.14133,80.85446,YMNCKT_2026-07-25T21:00:00+0000_134.2631
YMNCKT,Yamuna at Chitrakoot,Yamuna Basin,2026-07-25 22:00:00+00:00,134.2040694465613,NORMAL,136.0,137.0,138.0,25.14133,80.85446,YMNCKT_2026-07-25T22:00:00+0000_134.2041
YMNCKT,Yamuna at Chitrakoot,Yamuna Basin,2026-07-25 23:00:00+00:00,134.15739843436558,NORMAL,136.0,137.0,138.0,25.14133,80.85446,YMNCKT_2026-07-25T23:00:00+0000_134.1574
YMNCKT,Yamuna at Chitrakoot,Yamuna Basin,2026-07-26 00:00:00+00:00,134.14398881553106,NORMAL,136.0,137.0,138.0,25.14133,80.85446,YMNCKT_2026-07-26T00:00:00+0000_134.1440
YMNCKT,Yamuna at Chitrakoot,Yamuna Basin,2026-07-26 01:00:00+00:00,134.0866064396836,NORMAL,136.0,137.0,138.0,25.14133,80.85446,YMNCKT_2026-07-26T01:00:00+0000_134.0866
YMNCKT,Yamuna at Chitrakoot,Yamuna Basin,2026-07-26 02:00:00+00:00,134.00567464669294,NORMAL,136.0,137.0,138.0,25.14133,80.85446,YMNCKT_2026-07-26T02:00:00+0000_134.0057
YMNCKT,Yamuna at Chitrakoot,Yamuna Basin,2026-07-26 03:00:00+00:00,133.95274879927004,NORMAL,136.0,137.0,138.0,25.14133,80.85446,YMNCKT_2026-07-26T03:00:00+0000_133.9527
YMNCKT,Yamuna at Chitrakoot,Yamuna Basin,2026-07-26 04:00:00+00:00,133.9249221812248,NORMAL,136.0,137.0,138.0,25.14133,80.85446,YMNCKT_2026-07-26T04:00:00+0000_133.9249
YMNCKT,Yamuna at Chitrakoot,Yamuna Basin,2026-07-26 05:00:00+00:00,133.9076092360582,NORMAL,136.0,137.0,138.0,25.14133,80.85446,YMNCKT_2026-07-26T05:00:00+0000_133.9076
YMNCKT,Yamuna at Chitrakoot,Yamuna Basin,2026-07-26 06:00:00+00:00,133.8587149314702,NORMAL,136.0,137.0,138.0,25.14133,80.85446,YMNCKT_2026-07-26T06:00:00+0000_133.8587
YMNCKT,Yamuna at Chitrakoot,Yamuna Basin,2026-07-26 07:00:00+00:00,133.91006021185544,NORMAL,136.0,137.0,138.0,25.14133,80.85446,YMNCKT_2026-07-26T07:00:00+0000_133.9101
YMNCKT,Yamuna at Chitrakoot,Yamuna Basin,2026-07-26 08:00:00+00:00,133.84133647471697,NORMAL,136.0,137.0,138.0,25.14133,80.85446,YMNCKT_2026-07-26T08:00:00+0000_133.8413
YMNCKT,Yamuna at Chitrakoot,Yamuna Basin,2026-07-26 09:00:00+00:00,133.8610542413404,NORMAL,136.0,137.0,138.0,25.14133,80.85446,YMNCKT_2026-07-26T09:00:00+0000_133.8611
YMNCKT,Yamuna at Chitrakoot,Yamuna Basin,2026-07-26 10:00:00+00:00,133.91677675163112,NORMAL,136.0,137.0,138.0,25.14133,80.85446,YMNCKT_2026-07-26T10:00:00+0000_133.9168
YMNCKT,Yamuna at Chitrakoot,Yamuna Basin,2026-07-26 11:00:00+00:00,133.97926126488943,NORMAL,136.0,137.0,138.0,25.14133,80.85446,YMNCKT_2026-07-26T11:00:00+0000_133.9793
YMNCKT,Yamuna at Chitrakoot,Yamuna Basin,2026-07-26 12:00:00+00:00,134.01595863635094,NORMAL,136.0,137.0,138.0,25.14133,80.85446,YMNCKT_2026-07-26T12:00:00+0000_134.0160
YMNCKT,Yamuna at Chitrakoot,Yamuna Basin,2026-07-26 13:00:00+00:00,,,136.0,137.0,138.0,25.14133,80.85446,YMNCKT_2026-07-26T13:00:00+0000_
YMNCKT,Yamuna at Chitrakoot,Yamuna Basin,2026-07-26 14:00:00+00:00,134.18969061070487,NORMAL,136.0,137.0,138.0,25.14133,80.85446,YMNCKT_2026-07-26T14:00:00+0000_134.1897
YMNCKT,Yamuna at Chitrakoot,Yamuna Basin,2026-07-26 15:00:00+00:00,134.1856096118157,NORMAL,136.0,137.0,138.0,25.14133,80.85446,YMNCKT_2026-07-26T15:00:00+0000_134.1856
YMNCKT,Yamuna at Chitrakoot,Yamuna Basin,2026-07-26 16:00:00+00:00,134.23365302086842,NORMAL,136.0,137.0,138.0,25.14133,80.85446,YMNCKT_2026-07-26T16:00:00+0000_134.2337
YMNCKT,Yamuna at Chitrakoot,Yamuna Basin,2026-07-26 17:00:00+00:00,134.30566130038656,NORMAL,136.0,137.0,138.0,25.14133,80.85446,YMNCKT_2026-07-26T17:00:00+0000_134.3057
YMNCKT,Yamuna at Chitrakoot,Yamuna Basin,2026-07-26 18:00:00+00:00,134.33500417480462,NORMAL,136.0,137.0,138.0,25.14133,80.85446,YMNCKT_2026-07-26T18:00:00+0000_134.3350
YMNCKT,Yamuna at Chitrakoot,Yamuna Basin,2026-07-26 19:00:00+00:00,134.28776014561646,NORMAL,136.0,137.0,138.0,25.14133,80.85446,YMNCKT_2026-07-26T19:00:00+0000_134.2878
YMNCKT,Yamuna at Chitrakoot,Yamuna Basin,2026-07-26 20:00:00+00:00,134.29819378070655,NORMAL,136.0,137.0,138.0,25.14133,80.85446,YMNCKT_2026-07-26T20:00:00+0000_134.2982
YMNCKT,Yamuna at Chitrakoot,Yamuna Basin,2026-07-26 21:00:00+00:00,134.25616221318518,NORMAL,136.0,137.0,138.0,25.14133,80.85446,YMNCKT_2026-07-26T21:00:00+0000_134.2562
YMNCKT,Yamuna at Chitrakoot,Yamuna Basin,2026-07-26 22:00:00+00:00,134.26167279596802,NORMAL,136.0,137.0,138.0,25.14133,80.85446,YMNCKT_2026-07-26T22:00:00+0000_134.2617
YMNCKT,Yamuna at Chitrakoot,Yamuna Basin,2026-07-26 23:00:00+00:00,134.1840570303259,NORMAL,136.0,137.0,138.0,25.14133,80.85446,YMNCKT_2026-07-26T23:00:00+0000_134.1841
YMNCKT,Yamuna at Chitrakoot,Yamuna Basin,2026-07-27 00:00:00+00:00,134.13579906978913,NORMAL,136.0,137.0,138.0,25.14133,80.85446,YMNCKT_2026-07-27T00:00:00+0000_134.1358
YMNCKT,Yamuna at Chitrakoot,Yamuna Basin,2026-07-27 01:00:00+00:00,134.1154414519857,NORMAL,136.0,137.0,138.0,25.14133,80.85446,YMNCKT_2026-07-27T01:00:00+0000_134.1154
YMNCKT,Yamuna at Chitrakoot,Yamuna Basin,2026-07-27 02:00:00+00:00,134.02324174763837,NORMAL,136.0,137.0,138.0,25.14133,80.85446,YMNCKT_2026-07-27T02:00:00+0000_134.0232
YMNCKT,Yamuna at Chitrakoot,Yamuna Basin,2026-07-27 03:00:00+00:00,134.00681704635315,NORMAL,136.0,137.0,138.0,25.14133,80.85446,YMNCKT_2026-07-27T03:00:00+0000_134.0068
YMNCKT,Yamuna at Chitrakoot,Yamuna Basin,2026-07-27 04:00:00+00:00,133.8855048300443,NORMAL,136.0,137.0,138.0,25.14133,80.85446,YMNCKT_2026-07-27T04:00:00+0000_133.8855
YMNCKT,Yamuna at Chitrakoot,Yamuna Basin,2026-07-27 05:00:00+00:00,133.90458423311952,NORMAL,136.0,137.0,138.0,25.14133,80.85446,YMNCKT_2026-07-27T05:00:00+0000_133.9046
YMNCKT,Yamuna at Chitrakoot,Yamuna Basin,2026-07-27 06:00:00+00:00,133.86801755188708,NORMAL,136.0,137.0,138.0,25.14133,80.85446,YMNCKT_2026-07-27T06:00:00+0000_133.8680
YMNCKT,Yamuna at Chitrakoot,Yamuna Basin,2026-07-27 07:00:00+00:00,133.8340705829451,NORMAL,136.0,137.0,138.0,25.14133,80.85446,YMNCKT_2026-07-27T07:00:00+0000_133.8341
YMNCKT,Yamuna at Chitrakoot,Yamuna Basin,2026-07-27 08:00:00+00:00,133.9200722819702,NORMAL,136.0,137.0,138.0,25.14133,80.85446,YMNCKT_2026-07-27T08:00:00+0000_133.9201
YMNCKT,Yamuna at Chitrakoot,Yamuna Basin,2026-07-27 09:00:00+00:00,133.93878659578724,NORMAL,136.0,137.0,138.0,25.14133,80.85446,YMNCKT_2026-07-27T09:00:00+0000_133.9388
YMNCKT,Yamuna at Chitrakoot,Yamuna Basin,2026-07-27 10:00:00+00:00,136.61591012231872,WARNING,136.0,137.0,138.0,25.14133,80.85446,YMNCKT_2026-07-27T10:00:00+0000_136.6159
YMNCKT,Yamuna at Chitrakoot,Yamuna Basin,2026-07-27 11:00:00+00:00,136.435311478847,WARNING,136.0,137.0,138.0,25.14133,80.85446,YMNCKT_2026-07-27T11:00:00+0000_136.4353
YMNCKT,Yamuna at Chitrakoot,Yamuna Basin,2026-07-27 12:00:00+00:00,136.26504992503882,WARNING,136.0,137.0,138.0,25.14133,80.85446,YMNCKT_2026-07-27T12:00:00+0000_136.2650
YMNCKT,Yamuna at Chitrakoot,Yamuna Basin,2026-07-27 13:00:00+00:00,134.13966816890033,NORMAL,136.0,137.0,138.0,25.14133,80.85446,YMNCKT_2026-07-27T13:00:00+0000_134.1397
YMNCKT,Yamuna at Chitrakoot,Yamuna Basin,2026-07-27 14:00:00+00:00,134.16723527431847,NORMAL,136.0,137.0,138.0,25.14133,80.85446,YMNCKT_2026-07-27T14:00:00+0000_134.1672
YMNCKT,Yamuna at Chitrakoot,Yamuna Basin,2026-07-27 15:00:00+00:00,134.22788101168248,NORMAL,136.0,137.0,138.0,25.14133,80.85446,YMNCKT_2026-07-27T15:00:00+0000_134.2279
YMNCKT,Yamuna at Chitrakoot,Yamuna Basin,2026-07-27 16:00:00+00:00,134.25726933470716,NORMAL,136.0,137.0,138.0,25.14133,80.85446,YMNCKT_2026-07-27T16:00:00+0000_134.2573
YMNCKT,Yamuna at Chitrakoot,Yamuna Basin,2026-07-27 17:00:00+00:00,134.31636317208824,NORMAL,136.0,137.0,138.0,25.14133,80.85446,YMNCKT_2026-07-27T17:00:00+0000_134.3164
YMNCKT,Yamuna at Chitrakoot,Yamuna Basin,2026-07-27 18:00:00+00:00,134.2928427263668,NORMAL,136.0,137.0,138.0,25.14133,80.85446,YMNCKT_2026-07-27T18:00:00+0000_134.2928
YMNCKT,Yamuna at Chitrakoot,Yamuna Basin,2026-07-27 19:00:00+00:00,134.32908389837434,NORMAL,136.0,137.0,138.0,25.14133,80.85446,YMNCKT_2026-07-27T19:00:00+0000_134.3291
YMNCKT,Yamuna at Chitrakoot,Yamuna Basin,2026-07-27 20:00:00+00:00,134.27315436470323,NORMAL,136.0,137.0,138.0,25.14133,80.85446,YMNCKT_2026-07-27T20:00:00+0000_134.2732
YMNCKT,Yamuna at Chitrakoot,Yamuna Basin,2026-07-27 21:00:00+00:00,134.25672491598533,NORMAL,136.0,137.0,138.0,25.14133,80.85446,YMNCKT_2026-07-27T21:00:00+0000_134.2567
YMNCKT,Yamuna at Chitrakoot,Yamuna Basin,2026-07-27 22:00:00+00:00,134.20655699986827,NORMAL,136.0,137.0,138.0,25.14133,80.85446,YMNCKT_2026-07-27T22:00:00+0000_134.2066
YMNCKT,Yamuna at Chitrakoot,Yamuna Basin,2026-07-27 23:00:00+00:00,134.21803366594304,NORMAL,136.0,137.0,138.0,25.14133,80.85446,YMNCKT_2026-07-27T23:00:00+0000_134.2180
YMNCKT,Yamuna at Chitrakoot,Yamuna Basin,2026-07-28 00:00:00+00:00,134.16446354663188,NORMAL,136.0,137.0,138.0,25.14133,80.85446,YMNCKT_2026-07-28T00:00:00+0000_134.1645
YMNCKT,Yamuna at Chitrakoot,Yamuna Basin,2026-07-28 01:00:00+00:00,134.12361375505537,NORMAL,136.0,137.0,138.0,25.14133,80.85446,YMNCKT_2026-07-28T01:00:00+0000_134.1236
YMNCKT,Yamuna at Chitrakoot,Yamuna Basin,2026-07-28 02:00:00+00:00,134.05755303296112,NORMAL,136.0,137.0,138.0,25.14133,80.85446,YMNCKT_2026-07-28T02:00:00+0000_134.0576
YMNCKT,Yamuna at Chitrakoot,Yamuna Basin,2026-07-28 03:00:00+00:00,134.00780095082956,NORMAL,136.0,137.0,138.0,25.14133,80.85446,YMNCKT_2026-07-28T03:00:00+0000_134.0078
YMNCKT,Yamuna at Chitrakoot,Yamuna Basin,2026-07-28 04:00:00+00:00,133.89521520335543,NORMAL,136.0,137.0,138.0,25.14133,80.85446,YMNCKT_2026-07-28T04:00:00+0000_133.8952
YMNCKT,Yamuna at Chitrakoot,Yamuna Basin,2026-07-28 05:00:00+00:00,133.89449829052657,NORMAL,136.0,137.0,138.0,25.14133,80.85446,YMNCKT_2026-07-28T05:00:00+0000_133.8945
YMNCKT,Yamuna at Chitrakoot,Yamuna Basin,2026-07-28 06:00:00+00:00,133.864360432468,NORMAL,136.0,137.0,138.0,25.14133,80.85446,YMNCKT_2026-07-28T06:00:00+0000_133.8644
YMNCKT,Yamuna at Chitrakoot,Yamuna Basin,2026-07-28 07:00:00+00:00,134.88236339413905,NORMAL,136.0,137.0,138.0,25.14133,80.85446,YMNCKT_2026-07-28T07:00:00+0000_134.8824
YMNCKT,Yamuna at Chitrakoot,Yamuna Basin,2026-07-28 08:00:00+00:00,134.78674787837892,NORMAL,136.0,137.0,138.0,25.14133,80.85446,YMNCKT_2026-07-28T08:00:00+0000_134.7867
YMNCKT,Yamuna at Chitrakoot,Yamuna Basin,2026-07-28 09:00:00+00:00,134.72207783535492,NORMAL,136.0,137.0,138.0,25.14133,80.85446,YMNCKT_2026-07-28T09:00:00+0000_134.7221
YMNCKT,Yamuna at Chitrakoot,Yamuna Basin,2026-07-28 10:00:00+00:00,134.7065442041131,NORMAL,136.0,137.0,138.0,25.14133,80.85446,YMNCKT_2026-07-28T10:00:00+0000_134.7065
YMNCKT,Yamuna at Chitrakoot,Yamuna Basin,2026-07-28 11:00:00+00:00,134.671706794595,NORMAL,136.0,137.0,138.0,25.14133,80.85446,YMNCKT_2026-07-28T11:00:00+0000_134.6717
YMNCKT,Yamuna at Chitrakoot,Yamuna Basin,2026-07-28 12:00:00+00:00,134.6617594987943,NORMAL,136.0,137.0,138.0,25.14133,80.85446,YMNCKT_2026-07-28T12:00:00+0000_134.6618
YMNCKT,Yamuna at Chitrakoot,Yamuna Basin,2026-07-28 13:00:00+00:00,134.64205301620623,NORMAL,136.0,137.0,138.0,25.14133,80.85446,YMNCKT_2026-07-28T13:00:00+0000_134.6421
YMNCKT,Yamuna at Chitrakoot,Yamuna Basin,2026-07-28 14:00:00+00:00,134.17683048129064,NORMAL,136.0,137.0,138.0,25.14133,80.85446,YMNCKT_2026-07-28T14:00:00+0000_134.1768
YMNCKT,Yamuna at Chitrakoot,Yamuna Basin,2026-07-28 15:00:00+00:00,134.22036752077798,NORMAL,136.0,137.0,138.0,25.14133,80.85446,YMNCKT_2026-07-28T15:00:00+0000_134.2204
YMNCKT,Yamuna at Chitrakoot,Yamuna Basin,2026-07-28 16:00:00+00:00,134.2032363332465,NORMAL,136.0,137.0,138.0,25.14133,80.85446,YMNCKT_2026-07-28T16:00:00+0000_134.2032
YMNCKT,Yamuna at Chitrakoot,Yamuna Basin,2026-07-28 17:00:00+00:00,134.25982959100938,NORMAL,136.0,137.0,138.0,25.14133,80.85446,YMNCKT_2026-07-28T17:00:00+0000_134.2598
YMNCKT,Yamuna at Chitrakoot,Yamuna Basin,2026-07-28 18:00:00+00:00,134.25149024000206,NORMAL,136.0,137.0,138.0,25.14133,80.85446,YMNCKT_2026-07-28T18:00:00+0000_134.2515
YMNCKT,Yamuna at Chitrakoot,Yamuna Basin,2026-07-28 19:00:00+00:00,134.27979209727408,NORMAL,136.0,137.0,138.0,25.14133,80.85446,YMNCKT_2026-07-28T19:00:00+0000_134.2798
YMNCKT,Yamuna at Chitrakoot,Yamuna Basin,2026-07-28 20:00:00+00:00,134.34228042981348,NORMAL,136.0,137.0,138.0,25.14133,80.85446,YMNCKT_2026-07-28T20:00:00+0000_134.3423
YMNCKT,Yamuna at Chitrakoot,Yamuna Basin,2026-07-28 21:00:00+00:00,134.31218854034302,NORMAL,136.0,137.0,138.0,25.14133,80.85446,YMNCKT_2026-07-28T21:00:00+0000_134.3122
YMNCKT,Yamuna at Chitrakoot,Yamuna Basin,2026-07-28 22:00:00+00:00,134.2391578615188,NORMAL,136.0,137.0,138.0,25.14133,80.85446,YMNCKT_2026-07-28T22:00:00+0000_134.2392
YMNCKT,Yamuna at Chitrakoot,Yamuna Basin,2026-07-28 23:00:00+00:00,134.19632570233398,NORMAL,136.0,137.0,138.0,25.14133,80.85446,YMNCKT_2026-07-28T23:00:00+0000_134.1963
YMNCKT,Yamuna at Chitrakoot,Yamuna Basin,2026-07-29 00:00:00+00:00,134.15045330482556,NORMAL,136.0,137.0,138.0,25.14133,80.85446,YMNCKT_2026-07-29T00:00:00+0000_134.1505
YMNCKT,Yamuna at Chitrakoot,Yamuna Basin,2026-07-29 01:00:00+00:00,134.06146583533345,NORMAL,136.0,137.0,138.0,25.14133,80.85446,YMNCKT_2026-07-29T01:00:00+0000_134.0615
YMNCKT,Yamuna at Chitrakoot,Yamuna Basin,2026-07-29 02:00:00+00:00,134.01441940579875,NORMAL,136.0,137.0,138.0,25.14133,80.85446,YMNCKT_2026-07-29T02:00:00+0000_134.0144
YMNCKT,Yamuna at Chitrakoot,Yamuna Basin,2026-07-29 03:00:00+00:00,134.0098258283427,NORMAL,136.0,137.0,138.0,25.14133,80.85446,YMNCKT_2026-07-29T03:00:00+0000_134.0098
YMNCKT,Yamuna at Chitrakoot,Yamuna Basin,2026-07-29 04:00:00+00:00,133.90418989962092,NORMAL,136.0,137.0,138.0,25.14133,80.85446,YMNCKT_2026-07-29T04:00:00+0000_133.9042
YMNCKT,Yamuna at Chitrakoot,Yamuna Basin,2026-07-29 05:00:00+00:00,133.88265790822945,NORMAL,136.0,137.0,138.0,25.14133,80.85446,YMNCKT_2026-07-29T05:00:00+0000_133.8827
YMNCKT,Yamuna at Chitrakoot,Yamuna Basin,2026-07-29 06:00:00+00:00,133.8686145481575,NORMAL,136.0,137.0,138.0,25.14133,80.85446,YMNCKT_2026-07-29T06:00:00+0000_133.8686
YMNCKT,Yamuna at Chitrakoot,Yamuna Basin,2026-07-29 07:00:00+00:00,133.88134934993792,NORMAL,136.0,137.0,138.0,25.14133,80.85446,YMNCKT_2026-07-29T07:00:00+0000_133.8813
YMNCKT,Yamuna at Chitrakoot,Yamuna Basin,2026-07-29 08:00:00+00:00,133.9125517862713,NORMAL,136.0,137.0,138.0,25.14133,80.85446,YMNCKT_2026-07-29T08:00:00+0000_133.9126
YMNCKT,Yamuna at Chitrakoot,Yamuna Basin,2026-07-29 09:00:00+00:00,133.86932483899065,NORMAL,136.0,137.0,138.0,25.14133,80.85446,YMNCKT_2026-07-29T09:00:00+0000_133.8693
YMNCKT,Yamuna at Chitrakoot,Yamuna Basin,2026-07-29 10:00:00+00:00,133.94667825216573,NORMAL,136.0,137.0,138.0,25.14133,80.85446,YMNCKT_2026-07-29T10:00:00+0000_133.9467
YMNCKT,Yamuna at Chitrakoot,Yamuna Basin,2026-07-29 11:00:00+00:00,134.01580964724906,NORMAL,136.0,137.0,138.0,25.14133,80.85446,YMNCKT_2026-07-29T11:00:00+0000_134.0158
YMNCKT,Yamuna at Chitrakoot,Yamuna Basin,2026-07-29 12:00:00+00:00,134.06697616583082,NORMAL,136.0,137.0,138.0,25.14133,80.85446,YMNCKT_2026-07-29T12:00:00+0000_134.0670
YMNCKT,Yamuna at Chitrakoot,Yamuna Basin,2026-07-29 13:00:00+00:00,134.08163948210813,NORMAL,136.0,137.0,138.0,25.14133,80.85446,YMNCKT_2026-07-29T13:00:00+0000_134.0816
YMNCKT,Yamuna at Chitrakoot,Yamuna Basin,2026-07-29 14:00:00+00:00,134.18022182732216,NORMAL,136.0,137.0,138.0,25.14133,80.85446,YMNCKT_2026-07-29T14:00:00+0000_134.1802
YMNCKT,Yamuna at Chitrakoot,Yamuna Basin,2026-07-29 15:00:00+00:00,134.1722066746862,NORMAL,136.0,137.0,138.0,25.14133,80.85446,YMNCKT_2026-07-29T15:00:00+0000_134.1722
YMNCKT,Yamuna at Chitrakoot,Yamuna Basin,2026-07-29 16:00:00+00:00,134.20941607793793,NORMAL,136.0,137.0,138.0,25.14133,80.85446,YMNCKT_2026-07-29T16:00:00+0000_134.2094
YMNCKT,Yamuna at Chitrakoot,Yamuna Basin,2026-07-29 17:00:00+00:00,134.2790654838764,NORMAL,136.0,137.0,138.0,25.14133,80.85446,YMNCKT_2026-07-29T17:00:00+0000_134.2791
YMNCKT,Yamuna at Chitrakoot,Yamuna Basin,2026-07-29 18:00:00+00:00,134.2568870330303,NORMAL,136.0,137.0,138.0,25.14133,80.85446,YMNCKT_2026-07-29T18:00:00+0000_134.2569
YMNCKT,Yamuna at Chitrakoot,Yamuna Basin,2026-07-29 19:00:00+00:00,134.3212740299396,NORMAL,136.0,137.0,138.0,25.14133,80.85446,YMNCKT_2026-07-29T19:00:00+0000_134.3213
YMNCKT,Yamuna at Chitrakoot,Yamuna Basin,2026-07-29 20:00:00+00:00,134.25927228153623,NORMAL,136.0,137.0,138.0,25.14133,80.85446,YMNCKT_2026-07-29T20:00:00+0000_134.2593
YMNCKT,Yamuna at Chitrakoot,Yamuna Basin,2026-07-29 21:00:00+00:00,134.2573678329771,NORMAL,136.0,137.0,138.0,25.14133,80.85446,YMNCKT_2026-07-29T21:00:00+0000_134.2574
YMNCKT,Yamuna at Chitrakoot,Yamuna Basin,2026-07-29 22:00:00+00:00,134.24835787373857,NORMAL,136.0,137.0,138.0,25.14133,80.85446,YMNCKT_2026-07-29T22:00:00+0000_134.2484
YMNCKT,Yamuna at Chitrakoot,Yamuna Basin,2026-07-29 23:00:00+00:00,134.17626728953948,NORMAL,136.0,137.0,138.0,25.14133,80.85446,YMNCKT_2026-07-29T23:00:00+0000_134.1763
YMNCKT,Yamuna at Chitrakoot,Yamuna Basin,2026-07-30 00:00:00+00:00,134.16125578584072,NORMAL,136.0,137.0,138.0,25.14133,80.85446,YMNCKT_2026-07-30T00:00:00+0000_134.1613
YMNCKT,Yamuna at Chitrakoot,Yamuna Basin,2026-07-30 01:00:00+00:00,134.0352751236784,NORMAL,136.0,137.0,138.0,25.14133,80.85446,YMNCKT_2026-07-30T01:00:00+0000_134.0353
YMNCKT,Yamuna at Chitrakoot,Yamuna Basin,2026-07-30 02:00:00+00:00,134.02799729405072,NORMAL,136.0,137.0,138.0,25.14133,80.85446,YMNCKT_2026-07-30T02:00:00+0000_134.0280
YMNCKT,Yamuna at Chitrakoot,Yamuna Basin,2026-07-30 03:00:00+00:00,133.94042301876067,NORMAL,136.0,137.0,138.0,25.14133,80.85446,YMNCKT_2026-07-30T03:00:00+0000_133.9404
YMNCKT,Yamuna at Chitrakoot,Yamuna Basin,2026-07-30 04:00:00+00:00,133.91288007368846,NORMAL,136.0,137.0,138.0,25.14133,80.85446,YMNCKT_2026-07-30T04:00:00+0000_133.9129
YMNCKT,Yamuna at Chitrakoot,Yamuna Basin,2026-07-30 05:00:00+00:00,133.9054888349764,NORMAL,136.0,137.0,138.0,25.14133,80.85446,YMNCKT_2026-07-30T05:00:00+0000_133.9055
YMNCKT,Yamuna at Chitrakoot,Yamuna Basin,2026-07-30 06:00:00+00:00,133.88718203266623,NORMAL,136.0,137.0,138.0,25.14133,80.85446,YMNCKT_2026-07-30T06:00:00+0000_133.8872
YMNCKT,Yamuna at Chitrakoot,Yamuna Basin,2026-07-30 07:00:00+00:00,133.88541714793135,NORMAL,136.0,137.0,138.0,25.14133,80.85446,YMNCKT_2026-07-30T07:00:00+0000_133.8854
YMNCKT,Yamuna at Chitrakoot,Yamuna Basin,2026-07-30 08:00:00+00:00,133.90235736908505,NORMAL,136.0,137.0,138.0,25.14133,80.85446,YMNCKT_2026-07-30T08:00:00+0000_133.9024
YMNCKT,Yamuna at Chitrakoot,Yamuna Basin,2026-07-30 09:00:00+00:00,133.84922114060623,NORMAL,136.0,137.0,138.0,25.14133,80.85446,YMNCKT_2026-07-30T09:00:00+0000_133.8492
YMNCKT,Yamuna at Chitrakoot,Yamuna Basin,2026-07-30 10:00:00+00:00,133.94651283636426,NORMAL,136.0,137.0,138.0,25.14133,80.85446,YMNCKT_2026-07-30T10:00:00+0000_133.9465
YMNCKT,Yamuna at Chitrakoot,Yamuna Basin,2026-07-30 11:00:00+00:00,,,136.0,137.0,138.0,25.14133,80.85446,YMNCKT_2026-07-30T11:00:00+0000_
YMNCKT,Yamuna at Chitrakoot,Yamuna Basin,2026-07-30 12:00:00+00:00,134.04199537344087,NORMAL,136.0,137.0,138.0,25.14133,80.85446,YMNCKT_2026-07-30T12:00:00+0000_134.0420
YMNCKT,Yamuna at Chitrakoot,Yamuna Basin,2026-07-30 13:00:00+00:00,134.1227072184585,NORMAL,136.0,137.0,138.0,25.14133,80.85446,YMNCKT_2026-07-30T13:00:00+0000_134.1227
YMNCKT,Yamuna at Chitrakoot,Yamuna Basin,2026-07-30 14:00:00+00:00,134.13520635185938,NORMAL,136.0,137.0,138.0,25.14133,80.85446,YMNCKT_2026-07-30T14:00:00+0000_134.1352
YMNCKT,Yamuna at Chitrakoot,Yamuna Basin,2026-07-30 15:00:00+00:00,134.16315928769905,NORMAL,136.0,137.0,138.0,25.14133,80.85446,YMNCKT_2026-07-30T15:00:00+0000_134.1632
YMNCKT,Yamuna at Chitrakoot,Yamuna Basin,2026-07-30 16:00:00+00:00,134.278866361644,NORMAL,136.0,137.0,138.0,25.14133,80.85446,YMNCKT_2026-07-30T16:00:00+0000_134.2789
YMNCKT,Yamuna at Chitrakoot,Yamuna Basin,2026-07-30 17:00:00+00:00,134.2581386104152,NORMAL,136.0,137.0,138.0,25.14133,80.85446,YMNCKT_2026-07-30T17:00:00+0000_134.2581
YMNCKT,Yamuna at Chitrakoot,Yamuna Basin,2026-07-30 18:00:00+00:00,134.27054237697885,NORMAL,136.0,137.0,138.0,25.14133,80.85446,YMNCKT_2026-07-30T18:00:00+0000_134.2705
YMNCKT,Yamuna at Chitrakoot,Yamuna Basin,2026-07-30 19:00:00+00:00,134.3296464963269,NORMAL,136.0,137.0,138.0,25.14133,80.85446,YMNCKT_2026-07-30T19:00:00+0000_134.3296
YMNCKT,Yamuna at Chitrakoot,Yamuna Basin,2026-07-30 20:00:00+00:00,134.3142550252637,NORMAL,136.0,137.0,138.0,25.14133,80.85446,YMNCKT_2026-07-30T20:00:00+0000_134.3143
YMNCKT,Yamuna at Chitrakoot,Yamuna Basin,2026-07-30 21:00:00+00:00,134.28756640315433,NORMAL,136.0,137.0,138.0,25.14133,80.85446,YMNCKT_2026-07-30T21:00:00+0000_134.2876
YMNCKT,Yamuna at Chitrakoot,Yamuna Basin,2026-07-30 22:00:00+00:00,134.2363823320359,NORMAL,136.0,137.0,138.0,25.14133,80.85446,YMNCKT_2026-07-30T22:00:00+0000_134.2364
YMNCKT,Yamuna at Chitrakoot,Yamuna Basin,2026-07-30 23:00:00+00:00,134.22404514830654,NORMAL,136.0,137.0,138.0,25.14133,80.85446,YMNCKT_2026-07-30T23:00:00+0000_134.2240
YMNCKT,Yamuna at Chitrakoot,Yamuna Basin,2026-07-31 00:00:00+00:00,134.16461151155653,NORMAL,136.0,137.0,138.0,25.14133,80.85446,YMNCKT_2026-07-31T00:00:00+0000_134.1646
YMNCKT,Yamuna at Chitrakoot,Yamuna Basin,2026-07-31 01:00:00+00:00,134.04679870816057,NORMAL,136.0,137.0,138.0,25.14133,80.85446,YMNCKT_2026-07-31T01:00:00+0000_134.0468
YMNCKT,Yamuna at Chitrakoot,Yamuna Basin,2026-07-31 02:00:00+00:00,134.033685314392,NORMAL,136.0,137.0,138.0,25.14133,80.85446,YMNCKT_2026-07-31T02:00:00+0000_134.0337
YMNCKT,Yamuna at Chitrakoot,Yamuna Basin,2026-07-31 03:00:00+00:00,133.964891718023,NORMAL,136.0,137.0,138.0,25.14133,80.85446,YMNCKT_2026-07-31T03:00:00+0000_133.9649
YMNCKT,Yamuna at Chitrakoot,Yamuna Basin,2026-07-31 04:00:00+00:00,133.95364709903006,NORMAL,136.0,137.0,138.0,25.14133,80.85446,YMNCKT_2026-07-31T04:00:00+0000_133.9536
YMNCKT,Yamuna at Chitrakoot,Yamuna Basin,2026-07-31 05:00:00+00:00,133.87618928465287,NORMAL,136.0,137.0,138.0,25.14133,80.85446,YMNCKT_2026-07-31T05:00:00+0000_133.8762
YMNCKT,Yamuna at Chitrakoot,Yamuna Basin,2026-07-31 06:00:00+00:00,133.89036825079833,NORMAL,136.0,137.0,138.0,25.14133,80.85446,YMNCKT_2026-07-31T06:00:00+0000_133.8904
YMNCKT,Yamuna at Chitrakoot,Yamuna Basin,2026-07-31 07:00:00+00:00,133.81195856177206,NORMAL,136.0,137.0,138.0,25.14133,80.85446,YMNCKT_2026-07-31T07:00:00+0000_133.8120
YMNCKT,Yamuna at Chitrakoot,Yamuna Basin,2026-07-31 08:00:00+00:00,133.8495425358942,NORMAL,136.0,137.0,138.0,25.14133,80.85446,YMNCKT_2026-07-31T08:00:00+0000_133.8495
YMNCKT,Yamuna at Chitrakoot,Yamuna Basin,2026-07-31 09:00:00+00:00,133.84525333790367,NORMAL,136.0,137.0,138.0,25.14133,80.85446,YMNCKT_2026-07-31T09:00:00+0000_133.8453
YMNCKT,Yamuna at Chitrakoot,Yamuna Basin,2026-07-31 10:00:00+00:00,133.88937230477555,NORMAL,136.0,137.0,138.0,25.14133,80.85446,YMNCKT_2026-07-31T10:00:00+0000_133.8894
YMNCKT,Yamuna at Chitrakoot,Yamuna Basin,2026-07-31 11:00:00+00:00,133.9514873469709,NORMAL,136.0,137.0,138.0,25.14133,80.85446,YMNCKT_2026-07-31T11:00:00+0000_133.9515
YMNCKT,Yamuna at Chitrakoot,Yamuna Basin,2026-07-31 12:00:00+00:00,134.00026240731967,NORMAL,136.0,137.0,138.0,25.14133,80.85446,YMNCKT_2026-07-31T12:00:00+0000_134.0003
YMNCKT,Yamuna at Chitrakoot,Yamuna Basin,2026-07-31 13:00:00+00:00,134.10880245515193,NORMAL,136.0,137.0,138.0,25.14133,80.85446,YMNCKT_2026-07-31T13:00:00+0000_134.1088
YMNCKT,Yamuna at Chitrakoot,Yamuna Basin,2026-07-31 14:00:00+00:00,134.1442702457294,NORMAL,136.0,137.0,138.0,25.14133,80.85446,YMNCKT_2026-07-31T14:00:00+0000_134.1443
YMNCKT,Yamuna at Chitrakoot,Yamuna Basin,2026-07-31 15:00:00+00:00,134.1872190412324,NORMAL,136.0,137.0,138.0,25.14133,80.85446,YMNCKT_2026-07-31T15:00:00+0000_134.1872
YMNCKT,Yamuna at Chitrakoot,Yamuna Basin,2026-07-31 16:00:00+00:00,134.21928841943625,NORMAL,136.0,137.0,138.0,25.14133,80.85446,YMNCKT_2026-07-31T16:00:00+0000_134.2193
YMNCKT,Yamuna at Chitrakoot,Yamuna Basin,2026-07-31 17:00:00+00:00,134.292761201933,NORMAL,136.0,137.0,138.0,25.14133,80.85446,YMNCKT_2026-07-31T17:00:00+0000_134.2928
YMNCKT,Yamuna at Chitrakoot,Yamuna Basin,2026-07-31 18:00:00+00:00,134.24669328423886,NORMAL,136.0,137.0,138.0,25.14133,80.85446,YMNCKT_2026-07-31T18:00:00+0000_134.2467
YMNCKT,Yamuna at Chitrakoot,Yamuna Basin,2026-07-31 19:00:00+00:00,134.24632729256456,NORMAL,136.0,137.0,138.0,25.14133,80.85446,YMNCKT_2026-07-31T19:00:00+0000_134.2463
YMNCKT,Yamuna at Chitrakoot,Yamuna Basin,2026-07-31 20:00:00+00:00,134.28733363147998,NORMAL,136.0,137.0,138.0,25.14133,80.85446,YMNCKT_2026-07-31T20:00:00+0000_134.2873
YMNCKT,Yamuna at Chitrakoot,Yamuna Basin,2026-07-31 21:00:00+00:00,134.26057418559208,NORMAL,136.0,137.0,138.0,25.14133,80.85446,YMNCKT_2026-07-31T21:00:00+0000_134.2606
YMNCKT,Yamuna at Chitrakoot,Yamuna Basin,2026-07-31 22:00:00+00:00,134.25847308699284,NORMAL,136.0,137.0,138.0,25.14133,80.85446,YMNCKT_2026-07-31T22:00:00+0000_134.2585
YMNCKT,Yamuna at Chitrakoot,Yamuna Basin,2026-07-31 23:00:00+00:00,134.18465568170012,NORMAL,136.0,137.0,138.0,25.14133,80.85446,YMNCKT_2026-07-31T23:00:00+0000_134.1847
YMNCKT,Yamuna at Chitrakoot,Yamuna Basin,2026-08-01 00:00:00+00:00,134.1441266899834,NORMAL,136.0,137.0,138.0,25.14133,80.85446,YMNCKT_2026-08-01T00:00:00+0000_134.1441
YMNCKT,Yamuna at Chitrakoot,Yamuna Basin,2026-08-01 01:00:00+00:00,134.06411944485757,NORMAL,136.0,137.0,138.0,25.14133,80.85446,YMNCKT_2026-08-01T01:00:00+0000_134.0641
YMNCKT,Yamuna at Chitrakoot,Yamuna Basin,2026-08-01 02:00:00+00:00,133.99106578470685,NORMAL,136.0,137.0,138.0,25.14133,80.85446,YMNCKT_2026-08-01T02:00:00+0000_133.9911
YMNCKT,Yamuna at Chitrakoot,Yamuna Basin,2026-08-01 03:00:00+00:00,,,136.0,137.0,138.0,25.14133,80.85446,YMNCKT_2026-08-01T03:00:00+0000_
YMNCKT,Yamuna at Chitrakoot,Yamuna Basin,2026-08-01 04:00:00+00:00,133.9372089348457,NORMAL,136.0,137.0,138.0,25.14133,80.85446,YMNCKT_2026-08-01T04:00:00+0000_133.9372
YMNCKT,Yamuna at Chitrakoot,Yamuna Basin,2026-08-01 05:00:00+00:00,133.89932724054688,NORMAL,136.0,137.0,138.0,25.14133,80.85446,YMNCKT_2026-08-01T05:00:00+0000_133.8993
YMNCKT,Yamuna at Chitrakoot,Yamuna Basin,2026-08-01 06:00:00+00:00,133.8283499028378,NORMAL,136.0,137.0,138.0,25.14133,80.85446,YMNCKT_2026-08-01T06:00:00+0000_133.8283
YMNCKT,Yamuna at Chitrakoot,Yamuna Basin,2026-08-01 07:00:00+00:00,,,136.0,137.0,138.0,25.14133,80.85446,YMNCKT_2026-08-01T07:00:00+0000_
YMNCKT,Yamuna at Chitrakoot,Yamuna Basin,2026-08-01 08:00:00+00:00,133.8460377092435,NORMAL,136.0,137.0,138.0,25.14133,80.85446,YMNCKT_2026-08-01T08:00:00+0000_133.8460
YMNCKT,Yamuna at Chitrakoot,Yamuna Basin,2026-08-01 09:00:00+00:00,133.9270025438199,NORMAL,136.0,137.0,138.0,25.14133,80.85446,YMNCKT_2026-08-01T09:00:00+0000_133.9270
YMNCKT,Yamuna at Chitrakoot,Yamuna Basin,2026-08-01 10:00:00+00:00,133.90549756954454,NORMAL,136.0,137.0,138.0,25.14133,80.85446,YMNCKT_2026-08-01T10:00:00+0000_133.9055
YMNCKT,Yamuna at Chitrakoot,Yamuna Basin,2026-08-01 11:00:00+00:00,133.97597272873293,NORMAL,136.0,137.0,138.0,25.14133,80.85446,YMNCKT_2026-08-01T11:00:00+0000_133.9760
YMNCKT,Yamuna at Chitrakoot,Yamuna Basin,2026-08-01 12:00:00+00:00,134.0041658797383,NORMAL,136.0,137.0,138.0,25.14133,80.85446,YMNCKT_2026-08-01T12:00:00+0000_134.0042
YMNCKT,Yamuna at Chitrakoot,Yamuna Basin,2026-08-01 13:00:00+00:00,134.0664766581703,NORMAL,136.0,137.0,138.0,25.14133,80.85446,YMNCKT_2026-08-01T13:00:00+0000_134.0665
YMNCKT,Yamuna at Chitrakoot,Yamuna Basin,2026-08-01 14:00:00+00:00,134.09293334745337,NORMAL,136.0,137.0,138.0,25.14133,80.85446,YMNCKT_2026-08-01T14:00:00+0000_134.0929
YMNCKT,Yamuna at Chitrakoot,Yamuna Basin,2026-08-01 15:00:00+00:00,134.2255405685587,NORMAL,136.0,137.0,138.0,25.14133,80.85446,YMNCKT_2026-08-01T15:00:00+0000_134.2255
YMNCKT,Yamuna at Chitrakoot,Yamuna Basin,2026-08-01 16:00:00+00:00,134.2276484709327,NORMAL,136.0,137.0,138.0,25.14133,80.85446,YMNCKT_2026-08-01T16:00:00+0000_134.2276
YMNCKT,Yamuna at Chitrakoot,Yamuna Basin,2026-08-01 17:00:00+00:00,134.23357584647945,NORMAL,136.0,137.0,138.0,25.14133,80.85446,YMNCKT_2026-08-01T17:00:00+0000_134.2336
YMNCKT,Yamuna at Chitrakoot,Yamuna Basin,2026-08-01 18:00:00+00:00,134.2686991061638,NORMAL,136.0,137.0,138.0,25.14133,80.85446,YMNCKT_2026-08-01T18:00:00+0000_134.2687
YMNCKT,Yamuna at Chitrakoot,Yamuna Basin,2026-08-01 19:00:00+00:00,134.2937918453318,NORMAL,136.0,137.0,138.0,25.14133,80.85446,YMNCKT_2026-08-01T19:00:00+0000_134.2938
YMNCKT,Yamuna at Chitrakoot,Yamuna Basin,2026-08-01 20:00:00+00:00,134.27710554818538,NORMAL,136.0,137.0,138.0,25.14133,80.85446,YMNCKT_2026-08-01T20:00:00+0000_134.2771
YMNCKT,Yamuna at Chitrakoot,Yamuna Basin,2026-08-01 21:00:00+00:00,134.3118116179968,NORMAL,136.0,137.0,138.0,25.14133,80.85446,YMNCKT_2026-08-01T21:00:00+0000_134.3118
YMNCKT,Yamuna at Chitrakoot,Yamuna Basin,2026-08-01 22:00:00+00:00,134.1807735371258,NORMAL,136.0,137.0,138.0,25.14133,80.85446,YMNCKT_2026-08-01T22:00:00+0000_134.1808
YMNCKT,Yamuna at Chitrakoot,Yamuna Basin,2026-08-01 23:00:00+00:00,134.14831959977843,NORMAL,136.0,137.0,138.0,25.14133,80.85446,YMNCKT_2026-08-01T23:00:00+0000_134.1483
YMNCKT,Yamuna at Chitrakoot,Yamuna Basin,2026-08-02 00:00:00+00:00,134.10296833699877,NORMAL,136.0,137.0,138.0,25.14133,80.85446,YMNCKT_2026-08-02T00:00:00+0000_134.1030
YMNCKT,Yamuna at Chitrakoot,Yamuna Basin,2026-08-02 01:00:00+00:00,,,136.0,137.0,138.0,25.14133,80.85446,YMNCKT_2026-08-02T01:00:00+0000_
YMNCKT,Yamuna at Chitrakoot,Yamuna Basin,2026-08-02 02:00:00+00:00,134.02194137076037,NORMAL,136.0,137.0,138.0,25.14133,80.85446,YMNCKT_2026-08-02T02:00:00+0000_134.0219
YMNCKT,Yamuna at Chitrakoot,Yamuna Basin,2026-08-02 03:00:00+00:00,133.98454388268175,NORMAL,136.0,137.0,138.0,25.14133,80.85446,YMNCKT_2026-08-02T03:00:00+0000_133.9845
YMNCKT,Yamuna at Chitrakoot,Yamuna Basin,2026-08-02 04:00:00+00:00,133.89497556662778,NORMAL,136.0,137.0,138.0,25.14133,80.85446,YMNCKT_2026-08-02T04:00:00+0000_133.8950
YMNCKT,Yamuna at Chitrakoot,Yamuna Basin,2026-08-02 05:00:00+00:00,133.91233592591692,NORMAL,136.0,137.0,138.0,25.14133,80.85446,YMNCKT_2026-08-02T05:00:00+0000_133.9123
YMNCKT,Yamuna at Chitrakoot,Yamuna Basin,2026-08-02 06:00:00+00:00,135.58574163688428,NORMAL,136.0,137.0,138.0,25.14133,80.85446,YMNCKT_2026-08-02T06:00:00+0000_135.5857
YMNCKT,Yamuna at Chitrakoot,Yamuna Basin,2026-08-02 07:00:00+00:00,135.4140968666444,NORMAL,136.0,137.0,138.0,25.14133,80.85446,YMNCKT_2026-08-02T07:00:00+0000_135.4141
YMNCKT,Yamuna at Chitrakoot,Yamuna Basin,2026-08-02 08:00:00+00:00,135.27456941051975,NORMAL,136.0,137.0,138.0,25.14133,80.85446,YMNCKT_2026-08-02T08:00:00+0000_135.2746
YMNCKT,Yamuna at Chitrakoot,Yamuna Basin,2026-08-02 09:00:00+00:00,135.1619912628835,NORMAL,136.0,137.0,138.0,25.14133,80.85446,YMNCKT_2026-08-02T09:00:00+0000_135.1620
YMNCKT,Yamuna at Chitrakoot,Yamuna Basin,2026-08-02 10:00:00+00:00,135.02547958875303,NORMAL,136.0,137.0,138.0,25.14133,80.85446,YMNCKT_2026-08-02T10:00:00+0000_135.0255
YMNCKT,Yamuna at Chitrakoot,Yamuna Basin,2026-08-02 11:00:00+00:00,134.98731540858662,NORMAL,136.0,137.0,138.0,25.14133,80.85446,YMNCKT_2026-08-02T11:00:00+0000_134.9873
YMNCKT,Yamuna at Chitrakoot,Yamuna Basin,2026-08-02 12:00:00+00:00,134.93090259160385,NORMAL,136.0,137.0,138.0,25.14133,80.85446,YMNCKT_2026-08-02T12:00:00+0000_134.9309
YMNCKT,Yamuna at Chitrakoot,Yamuna Basin,2026-08-02 13:00:00+00:00,134.11942110070478,NORMAL,136.0,137.0,138.0,25.14133,80.85446,YMNCKT_2026-08-02T13:00:00+0000_134.1194
YMNCKT,Yamuna at Chitrakoot,Yamuna Basin,2026-08-02 14:00:00+00:00,134.09696424729887,NORMAL,136.0,137.0,138.0,25.14133,80.85446,YMNCKT_2026-08-02T14:00:00+0000_134.0970
YMNCKT,Yamuna at Chitrakoot,Yamuna Basin,2026-08-02 15:00:00+00:00,134.1710188285674,NORMAL,136.0,137.0,138.0,25.14133,80.85446,YMNCKT_2026-08-02T15:00:00+0000_134.1710
YMNCKT,Yamuna at Chitrakoot,Yamuna Basin,2026-08-02 16:00:00+00:00,134.26577874628086,NORMAL,136.0,137.0,138.0,25.14133,80.85446,YMNCKT_2026-08-02T16:00:00+0000_134.2658
YMNCKT,Yamuna at Chitrakoot,Yamuna Basin,2026-08-02 17:00:00+00:00,134.30020943411412,NORMAL,136.0,137.0,138.0,25.14133,80.85446,YMNCKT_2026-08-02T17:00:00+0000_134.3002
YMNCKT,Yamuna at Chitrakoot,Yamuna Basin,2026-08-02 18:00:00+00:00,134.25845813481004,NORMAL,136.0,137.0,138.0,25.14133,80.85446,YMNCKT_2026-08-02T18:00:00+0000_134.2585
YMNCKT,Yamuna at Chitrakoot,Yamuna Basin,2026-08-02 19:00:00+00:00,134.27819941400287,NORMAL,136.0,137.0,138.0,25.14133,80.85446,YMNCKT_2026-08-02T19:00:00+0000_134.2782
YMNCKT,Yamuna at Chitrakoot,Yamuna Basin,2026-08-02 20:00:00+00:00,134.24455568647633,NORMAL,136.0,137.0,138.0,25.14133,80.85446,YMNCKT_2026-08-02T20:00:00+0000_134.2446
YMNCKT,Yamuna at Chitrakoot,Yamuna Basin,2026-08-02 21:00:00+00:00,134.28424863474024,NORMAL,136.0,137.0,138.0,25.14133,80.85446,YMNCKT_2026-08-02T21:00:00+0000_134.2842
YMNCKT,Yamuna at Chitrakoot,Yamuna Basin,2026-08-02 22:00:00+00:00,134.18067191298994,NORMAL,136.0,137.0,138.0,25.14133,80.85446,YMNCKT_2026-08-02T22:00:00+0000_134.1807
YMNCKT,Yamuna at Chitrakoot,Yamuna Basin,2026-08-02 23:00:00+00:00,134.14190154350652,NORMAL,136.0,137.0,138.0,25.14133,80.85446,YMNCKT_2026-08-02T23:00:00+0000_134.1419
YMNCKT,Yamuna at Chitrakoot,Yamuna Basin,2026-08-03 00:00:00+00:00,134.07820042191284,NORMAL,136.0,137.0,138.0,25.14133,80.85446,YMNCKT_2026-08-03T00:00:00+0000_134.0782
YMNCKT,Yamuna at Chitrakoot,Yamuna Basin,2026-08-03 01:00:00+00:00,134.07567087855418,NORMAL,136.0,137.0,138.0,25.14133,80.85446,YMNCKT_2026-08-03T01:00:00+0000_134.0757
YMNCKT,Yamuna at Chitrakoot,Yamuna Basin,2026-08-03 02:00:00+00:00,133.99362371304355,NORMAL,136.0,137.0,138.0,25.14133,80.85446,YMNCKT_2026-08-03T02:00:00+0000_133.9936
YMNCKT,Yamuna at Chitrakoot,Yamuna Basin,2026-08-03 03:00:00+00:00,133.98336678482224,NORMAL,136.0,137.0,138.0,25.14133,80.85446,YMNCKT_2026-08-03T03:00:00+0000_133.9834
YMNCKT,Yamuna at Chitrakoot,Yamuna Basin,2026-08-03 04:00:00+00:00,133.89505137916046,NORMAL,136.0,137.0,138.0,25.14133,80.85446,YMNCKT_2026-08-03T04:00:00+0000_133.8951
YMNCKT,Yamuna at Chitrakoot,Yamuna Basin,2026-08-03 05:00:00+00:00,133.87354008956154,NORMAL,136.0,137.0,138.0,25.14133,80.85446,YMNCKT_2026-08-03T05:00:00+0000_133.8735
YMNCKT,Yamuna at Chitrakoot,Yamuna Basin,2026-08-03 06:00:00+00:00,133.8666735295773,NORMAL,136.0,137.0,138.0,25.14133,80.85446,YMNCKT_2026-08-03T06:00:00+0000_133.8667
YMNCKT,Yamuna at Chitrakoot,Yamuna Basin,2026-08-03 07:00:00+00:00,133.81378966903478,NORMAL,136.0,137.0,138.0,25.14133,80.85446,YMNCKT_2026-08-03T07:00:00+0000_133.8138
YMNCKT,Yamuna at Chitrakoot,Yamuna Basin,2026-08-03 08:00:00+00:00,133.88042589941432,NORMAL,136.0,137.0,138.0,25.14133,80.85446,YMNCKT_2026-08-03T08:00:00+0000_133.8804
YMNCKT,Yamuna at Chitrakoot,Yamuna Basin,2026-08-03 09:00:00+00:00,133.92580902187942,NORMAL,136.0,137.0,138.0,25.14133,80.85446,YMNCKT_2026-08-03T09:00:00+0000_133.9258
YMNCKT,Yamuna at Chitrakoot,Yamuna Basin,2026-08-03 10:00:00+00:00,133.93894992288327,NORMAL,136.0,137.0,138.0,25.14133,80.85446,YMNCKT_2026-08-03T10:00:00+0000_133.9389
YMNCKT,Yamuna at Chitrakoot,Yamuna Basin,2026-08-03 11:00:00+00:00,133.99004441201794,NORMAL,136.0,137.0,138.0,25.14133,80.85446,YMNCKT_2026-08-03T11:00:00+0000_133.9900
YMNCKT,Yamuna at Chitrakoot,Yamuna Basin,2026-08-03 12:00:00+00:00,134.02989189984368,NORMAL,136.0,137.0,138.0,25.14133,80.85446,YMNCKT_2026-08-03T12:00:00+0000_134.0299
YMNCKT,Yamuna at Chitrakoot,Yamuna Basin,2026-08-03 13:00:00+00:00,134.0784946620686,NORMAL,136.0,137.0,138.0,25.14133,80.85446,YMNCKT_2026-08-03T13:00:00+0000_134.0785
YMNCKT,Yamuna at Chitrakoot,Yamuna Basin,2026-08-03 14:00:00+00:00,134.12518645371384,NORMAL,136.0,137.0,138.0,25.14133,80.85446,YMNCKT_2026-08-03T14:00:00+0000_134.1252
YMNCKT,Yamuna at Chitrakoot,Yamuna Basin,2026-08-03 15:00:00+00:00,134.12797821775453,NORMAL,136.0,137.0,138.0,25.14133,80.85446,YMNCKT_2026-08-03T15:00:00+0000_134.1280
YMNCKT,Yamuna at Chitrakoot,Yamuna Basin,2026-08-03 16:00:00+00:00,134.22148533576143,NORMAL,136.0,137.0,138.0,25.14133,80.85446,YMNCKT_2026-08-03T16:00:00+0000_134.2215
YMNCKT,Yamuna at Chitrakoot,Yamuna Basin,2026-08-03 17:00:00+00:00,134.30080799967115,NORMAL,136.0,137.0,138.0,25.14133,80.85446,YMNCKT_2026-08-03T17:00:00+0000_134.3008
YMNCKT,Yamuna at Chitrakoot,Yamuna Basin,2026-08-03 18:00:00+00:00,134.2915712410587,NORMAL,136.0,137.0,138.0,25.14133,80.85446,YMNCKT_2026-08-03T18:00:00+0000_134.2916
YMNCKT,Yamuna at Chitrakoot,Yamuna Basin,2026-08-03 19:00:00+00:00,,,136.0,137.0,138.0,25.14133,80.85446,YMNCKT_2026-08-03T19:00:00+0000_
YMNCKT,Yamuna at Chitrakoot,Yamuna Basin,2026-08-03 20:00:00+00:00,134.24881563252978,NORMAL,136.0,137.0,138.0,25.14133,80.85446,YMNCKT_2026-08-03T20:00:00+0000_134.2488
YMNCKT,Yamuna at Chitrakoot,Yamuna Basin,2026-08-03 21:00:00+00:00,134.2263350687105,NORMAL,136.0,137.0,138.0,25.14133,80.85446,YMNCKT_2026-08-03T21:00:00+0000_134.2263
YMNCKT,Yamuna at Chitrakoot,Yamuna Basin,2026-08-03 22:00:00+00:00,134.184218791756,NORMAL,136.0,137.0,138.0,25.14133,80.85446,YMNCKT_2026-08-03T22:00:00+0000_134.1842
YMNCKT,Yamuna at Chitrakoot,Yamuna Basin,2026-08-03 23:00:00+00:00,134.2092030515775,NORMAL,136.0,137.0,138.0,25.14133,80.85446,YMNCKT_2026-08-03T23:00:00+0000_134.2092
YMNCKT,Yamuna at Chitrakoot,Yamuna Basin,2026-08-04 00:00:00+00:00,134.09055616776152,NORMAL,136.0,137.0,138.0,25.14133,80.85446,YMNCKT_2026-08-04T00:00:00+0000_134.0906
YMNCKT,Yamuna at Chitrakoot,Yamuna Basin,2026-08-04 01:00:00+00:00,134.04317592607603,NORMAL,136.0,137.0,138.0,25.14133,80.85446,YMNCKT_2026-08-04T01:00:00+0000_134.0432
YMNCKT,Yamuna at Chitrakoot,Yamuna Basin,2026-08-04 02:00:00+00:00,133.9972039051393,NORMAL,136.0,137.0,138.0,25.14133,80.85446,YMNCKT_2026-08-04T02:00:00+0000_133.9972
YMNCKT,Yamuna at Chitrakoot,Yamuna Basin,2026-08-04 03:00:00+00:00,133.93788989818606,NORMAL,136.0,137.0,138.0,25.14133,80.85446,YMNCKT_2026-08-04T03:00:00+0000_133.9379
YMNCKT,Yamuna at Chitrakoot,Yamuna Basin,2026-08-04 04:00:00+00:00,133.95802663629306,NORMAL,136.0,137.0,138.0,25.14133,80.85446,YMNCKT_2026-08-04T04:00:00+0000_133.9580
YMNCKT,Yamuna at Chitrakoot,Yamuna Basin,2026-08-04 05:00:00+00:00,133.84832226697816,NORMAL,136.0,137.0,138.0,25.14133,80.85446,YMNCKT_2026-08-04T05:00:00+0000_133.8483
YMNCKT,Yamuna at Chitrakoot,Yamuna Basin,2026-08-04 06:00:00+00:00,133.8874316646975,NORMAL,136.0,137.0,138.0,25.14133,80.85446,YMNCKT_2026-08-04T06:00:00+0000_133.8874
YMNCKT,Yamuna at Chitrakoot,Yamuna Basin,2026-08-04 07:00:00+00:00,133.8724998708514,NORMAL,136.0,137.0,138.0,25.14133,80.85446,YMNCKT_2026-08-04T07:00:00+0000_133.8725
YMNCKT,Yamuna at Chitrakoot,Yamuna Basin,2026-08-04 08:00:00+00:00,133.8320365101402,NORMAL,136.0,137.0,138.0,25.14133,80.85446,YMNCKT_2026-08-04T08:00:00+0000_133.8320
YMNCKT,Yamuna at Chitrakoot,Yamuna Basin,2026-08-04 09:00:00+00:00,133.88877550611775,NORMAL,136.0,137.0,138.0,25.14133,80.85446,YMNCKT_2026-08-04T09:00:00+0000_133.8888
YMNCKT,Yamuna at Chitrakoot,Yamuna Basin,2026-08-04 10:00:00+00:00,133.8958377745815,NORMAL,136.0,137.0,138.0,25.14133,80.85446,YMNCKT_2026-08-04T10:00:00+0000_133.8958
YMNCKT,Yamuna at Chitrakoot,Yamuna Basin,2026-08-04 11:00:00+00:00,133.9219362703134,NORMAL,136.0,137.0,138.0,25.14133,80.85446,YMNCKT_2026-08-04T11:00:00+0000_133.9219
YMNCKT,Yamuna at Chitrakoot,Yamuna Basin,2026-08-04 12:00:00+00:00,134.03819795482198,NORMAL,136.0,137.0,138.0,25.14133,80.85446,YMNCKT_2026-08-04T12:00:00+0000_134.0382
YMNCKT,Yamuna at Chitrakoot,Yamuna Basin,2026-08-04 13:00:00+00:00,134.04726293572153,NORMAL,136.0,137.0,138.0,25.14133,80.85446,YMNCKT_2026-08-04T13:00:00+0000_134.0473
YMNCKT,Yamuna at Chitrakoot,Yamuna Basin,2026-08-04 14:00:00+00:00,134.14205267240138,NORMAL,136.0,137.0,138.0,25.14133,80.85446,YMNCKT_2026-08-04T14:00:00+0000_134.1421
YMNCKT,Yamuna at Chitrakoot,Yamuna Basin,2026-08-04 15:00:00+00:00,134.17201984170353,NORMAL,136.0,137.0,138.0,25.14133,80.85446,YMNCKT_2026-08-04T15:00:00+0000_134.1720
YMNCKT,Yamuna at Chitrakoot,Yamuna Basin,2026-08-04 16:00:00+00:00,134.21251308731672,NORMAL,136.0,137.0,138.0,25.14133,80.85446,YMNCKT_2026-08-04T16:00:00+0000_134.2125
YMNCKT,Yamuna at Chitrakoot,Yamuna Basin,2026-08-04 17:00:00+00:00,134.28335318249916,NORMAL,136.0,137.0,138.0,25.14133,80.85446,YMNCKT_2026-08-04T17:00:00+0000_134.2834
YMNCKT,Yamuna at Chitrakoot,Yamuna Basin,2026-08-04 18:00:00+00:00,134.30589083389538,NORMAL,136.0,137.0,138.0,25.14133,80.85446,YMNCKT_2026-08-04T18:00:00+0000_134.3059
YMNCKT,Yamuna at Chitrakoot,Yamuna Basin,2026-08-04 19:00:00+00:00,134.25431574913287,NORMAL,136.0,137.0,138.0,25.14133,80.85446,YMNCKT_2026-08-04T19:00:00+0000_134.2543
YMNCKT,Yamuna at Chitrakoot,Yamuna Basin,2026-08-04 20:00:00+00:00,134.3111261690658,NORMAL,136.0,137.0,138.0,25.14133,80.85446,YMNCKT_2026-08-04T20:00:00+0000_134.3111
YMNCKT,Yamuna at Chitrakoot,Yamuna Basin,2026-08-04 21:00:00+00:00,134.21939663314976,NORMAL,136.0,137.0,138.0,25.14133,80.85446,YMNCKT_2026-08-04T21:00:00+0000_134.2194
YMNCKT,Yamuna at Chitrakoot,Yamuna Basin,2026-08-04 22:00:00+00:00,134.19383090422943,NORMAL,136.0,137.0,138.0,25.14133,80.85446,YMNCKT_2026-08-04T22:00:00+0000_134.1938
YMNCKT,Yamuna at Chitrakoot,Yamuna Basin,2026-08-04 23:00:00+00:00,134.14481535572543,NORMAL,136.0,137.0,138.0,25.14133,80.85446,YMNCKT_2026-08-04T23:00:00+0000_134.1448
YMNCKT,Yamuna at Chitrakoot,Yamuna Basin,2026-08-05 00:00:00+00:00,134.07894201516578,NORMAL,136.0,137.0,138.0,25.14133,80.85446,YMNCKT_2026-08-05T00:00:00+0000_134.0789
YMNCKT,Yamuna at Chitrakoot,Yamuna Basin,2026-08-05 01:00:00+00:00,134.02209948616826,NORMAL,136.0,137.0,138.0,25.14133,80.85446,YMNCKT_2026-08-05T01:00:00+0000_134.0221
YMNCKT,Yamuna at Chitrakoot,Yamuna Basin,2026-08-05 02:00:00+00:00,133.99629762065314,NORMAL,136.0,137.0,138.0,25.14133,80.85446,YMNCKT_2026-08-05T02:00:00+0000_133.9963
YMNCKT,Yamuna at Chitrakoot,Yamuna Basin,2026-08-05 03:00:00+00:00,133.97701809585246,NORMAL,136.0,137.0,138.0,25.14133,80.85446,YMNCKT_2026-08-05T03:00:00+0000_133.9770
YMNCKT,Yamuna at Chitrakoot,Yamuna Basin,2026-08-05 04:00:00+00:00,133.94775107171145,NORMAL,136.0,137.0,138.0,25.14133,80.85446,YMNCKT_2026-08-05T04:00:00+0000_133.9478
YMNCKT,Yamuna at Chitrakoot,Yamuna Basin,2026-08-05 05:00:00+00:00,133.91252897817685,NORMAL,136.0,137.0,138.0,25.14133,80.85446,YMNCKT_2026-08-05T05:00:00+0000_133.9125
YMNCKT,Yamuna at Chitrakoot,Yamuna Basin,2026-08-05 06:00:00+00:00,133.81631994458252,NORMAL,136.0,137.0,138.0,25.14133,80.85446,YMNCKT_2026-08-05T06:00:00+0000_133.8163
YMNCKT,Yamuna at Chitrakoot,Yamuna Basin,2026-08-05 07:00:00+00:00,133.8079540787027,NORMAL,136.0,137.0,138.0,25.14133,80.85446,YMNCKT_2026-08-05T07:00:00+0000_133.8080
YMNCKT,Yamuna at Chitrakoot,Yamuna Basin,2026-08-05 08:00:00+00:00,133.8393967899754,NORMAL,136.0,137.0,138.0,25.14133,80.85446,YMNCKT_2026-08-05T08:00:00+0000_133.8394
YMNCKT,Yamuna at Chitrakoot,Yamuna Basin,2026-08-05 09:00:00+00:00,133.86120338947674,NORMAL,136.0,137.0,138.0,25.14133,80.85446,YMNCKT_2026-08-05T09:00:00+0000_133.8612
YMNCKT,Yamuna at Chitrakoot,Yamuna Basin,2026-08-05 10:00:00+00:00,133.94242603414833,NORMAL,136.0,137.0,138.0,25.14133,80.85446,YMNCKT_2026-08-05T10:00:00+0000_133.9424
YMNCKT,Yamuna at Chitrakoot,Yamuna Basin,2026-08-05 11:00:00+00:00,133.92657940150514,NORMAL,136.0,137.0,138.0,25.14133,80.85446,YMNCKT_2026-08-05T11:00:00+0000_133.9266
YMNCKT,Yamuna at Chitrakoot,Yamuna Basin,2026-08-05 12:00:00+00:00,134.0530262944606,NORMAL,136.0,137.0,138.0,25.14133,80.85446,YMNCKT_2026-08-05T12:00:00+0000_134.0530
YMNCKT,Yamuna at Chitrakoot,Yamuna Basin,2026-08-05 13:00:00+00:00,134.084122225944,NORMAL,136.0,137.0,138.0,25.14133,80.85446,YMNCKT_2026-08-05T13:00:00+0000_134.0841
YMNCKT,Yamuna at Chitrakoot,Yamuna Basin,2026-08-05 14:00:00+00:00,134.15277397242545,NORMAL,136.0,137.0,138.0,25.14133,80.85446,YMNCKT_2026-08-05T14:00:00+0000_134.1528
YMNCKT,Yamuna at Chitrakoot,Yamuna Basin,2026-08-05 15:00:00+00:00,134.20618987253982,NORMAL,136.0,137.0,138.0,25.14133,80.85446,YMNCKT_2026-08-05T15:00:00+0000_134.2062
YMNCKT,Yamuna at Chitrakoot,Yamuna Basin,2026-08-05 16:00:00+00:00,134.17277250867585,NORMAL,136.0,137.0,138.0,25.14133,80.85446,YMNCKT_2026-08-05T16:00:00+0000_134.1728
YMNCKT,Yamuna at Chitrakoot,Yamuna Basin,2026-08-05 17:00:00+00:00,134.28666085121333,NORMAL,136.0,137.0,138.0,25.14133,80.85446,YMNCKT_2026-08-05T17:00:00+0000_134.2867
YMNCKT,Yamuna at Chitrakoot,Yamuna Basin,2026-08-05 18:00:00+00:00,134.3081144729427,NORMAL,136.0,137.0,138.0,25.14133,80.85446,YMNCKT_2026-08-05T18:00:00+0000_134.3081
YMNCKT,Yamuna at Chitrakoot,Yamuna Basin,2026-08-05 19:00:00+00:00,134.30905620746822,NORMAL,136.0,137.0,138.0,25.14133,80.85446,YMNCKT_2026-08-05T19:00:00+0000_134.3091
YMNCKT,Yamuna at Chitrakoot,Yamuna Basin,2026-08-05 20:00:00+00:00,134.26491137907587,NORMAL,136.0,137.0,138.0,25.14133,80.85446,YMNCKT_2026-08-05T20:00:00+0000_134.2649
YMNCKT,Yamuna at Chitrakoot,Yamuna Basin,2026-08-05 21:00:00+00:00,134.27838398412445,NORMAL,136.0,137.0,138.0,25.14133,80.85446,YMNCKT_2026-08-05T21:00:00+0000_134.2784
YMNCKT,Yamuna at Chitrakoot,Yamuna Basin,2026-08-05 22:00:00+00:00,134.22768807584603,NORMAL,136.0,137.0,138.0,25.14133,80.85446,YMNCKT_2026-08-05T22:00:00+0000_134.2277
YMNCKT,Yamuna at Chitrakoot,Yamuna Basin,2026-08-05 23:00:00+00:00,134.1561590903836,NORMAL,136.0,137.0,138.0,25.14133,80.85446,YMNCKT_2026-08-05T23:00:00+0000_134.1562
YMNCKT,Yamuna at Chitrakoot,Yamuna Basin,2026-08-06 00:00:00+00:00,134.11606641143015,NORMAL,136.0,137.0,138.0,25.14133,80.85446,YMNCKT_2026-08-06T00:00:00+0000_134.1161
YMNCKT,Yamuna at Chitrakoot,Yamuna Basin,2026-08-06 01:00:00+00:00,134.05783274472174,NORMAL,136.0,137.0,138.0,25.14133,80.85446,YMNCKT_2026-08-06T01:00:00+0000_134.0578
YMNCKT,Yamuna at Chitrakoot,Yamuna Basin,2026-08-06 02:00:00+00:00,133.96407613859262,NORMAL,136.0,137.0,138.0,25.14133,80.85446,YMNCKT_2026-08-06T02:00:00+0000_133.9641
YMNCKT,Yamuna at Chitrakoot,Yamuna Basin,2026-08-06 03:00:00+00:00,133.96497187915293,NORMAL,136.0,137.0,138.0,25.14133,80.85446,YMNCKT_2026-08-06T03:00:00+0000_133.9650
YMNCKT,Yamuna at Chitrakoot,Yamuna Basin,2026-08-06 04:00:00+00:00,133.89354007378546,NORMAL,136.0,137.0,138.0,25.14133,80.85446,YMNCKT_2026-08-06T04:00:00+0000_133.8935
YMNCKT,Yamuna at Chitrakoot,Yamuna Basin,2026-08-06 05:00:00+00:00,133.90835193464733,NORMAL,136.0,137.0,138.0,25.14133,80.85446,YMNCKT_2026-08-06T05:00:00+0000_133.9084
YMNCKT,Yamuna at Chitrakoot,Yamuna Basin,2026-08-06 06:00:00+00:00,133.8721514733252,NORMAL,136.0,137.0,138.0,25.14133,80.85446,YMNCKT_2026-08-06T06:00:00+0000_133.8722
YMNCKT,Yamuna at Chitrakoot,Yamuna Basin,2026-08-06 07:00:00+00:00,133.82770971785052,NORMAL,136.0,137.0,138.0,25.14133,80.85446,YMNCKT_2026-08-06T07:00:00+0000_133.8277
YMNCKT,Yamuna at Chitrakoot,Yamuna Basin,2026-08-06 08:00:00+00:00,133.84750928678108,NORMAL,136.0,137.0,138.0,25.14133,80.85446,YMNCKT_2026-08-06T08:00:00+0000_133.8475
YMNCKT,Yamuna at Chitrakoot,Yamuna Basin,2026-08-06 09:00:00+00:00,133.82192973239663,NORMAL,136.0,137.0,138.0,25.14133,80.85446,YMNCKT_2026-08-06T09:00:00+0000_133.8219
YMNCKT,Yamuna at Chitrakoot,Yamuna Basin,2026-08-06 10:00:00+00:00,133.9104488267483,NORMAL,136.0,137.0,138.0,25.14133,80.85446,YMNCKT_2026-08-06T10:00:00+0000_133.9104
YMNCKT,Yamuna at Chitrakoot,Yamuna Basin,2026-08-06 11:00:00+00:00,133.98710535412843,NORMAL,136.0,137.0,138.0,25.14133,80.85446,YMNCKT_2026-08-06T11:00:00+0000_133.9871
YMNCKT,Yamuna at Chitrakoot,Yamuna Basin,2026-08-06 12:00:00+00:00,133.95736273848053,NORMAL,136.0,137.0,138.0,25.14133,80.85446,YMNCKT_2026-08-06T12:00:00+0000_133.9574
YMNCKT,Yamuna at Chitrakoot,Yamuna Basin,2026-08-06 13:00:00+00:00,134.05834286854954,NORMAL,136.0,137.0,138.0,25.14133,80.85446,YMNCKT_2026-08-06T13:00:00+0000_134.0583
YMNCKT,Yamuna at Chitrakoot,Yamuna Basin,2026-08-06 14:00:00+00:00,134.16333086080417,NORMAL,136.0,137.0,138.0,25.14133,80.85446,YMNCKT_2026-08-06T14:00:00+0000_134.1633
YMNCKT,Yamuna at Chitrakoot,Yamuna Basin,2026-08-06 15:00:00+00:00,134.12172081735372,NORMAL,136.0,137.0,138.0,25.14133,80.85446,YMNCKT_2026-08-06T15:00:00+0000_134.1217
YMNCKT,Yamuna at Chitrakoot,Yamuna Basin,2026-08-06 16:00:00+00:00,134.19358461894157,NORMAL,136.0,137.0,138.0,25.14133,80.85446,YMNCKT_2026-08-06T16:00:00+0000_134.1936
YMNCKT,Yamuna at Chitrakoot,Yamuna Basin,2026-08-06 17:00:00+00:00,134.24239400197342,NORMAL,136.0,137.0,138.0,25.14133,80.85446,YMNCKT_2026-08-06T17:00:00+0000_134.2424
YMNCKT,Yamuna at Chitrakoot,Yamuna Basin,2026-08-06 18:00:00+00:00,134.22290830029283,NORMAL,136.0,137.0,138.0,25.14133,80.85446,YMNCKT_2026-08-06T18:00:00+0000_134.2229
YMNCKT,Yamuna at Chitrakoot,Yamuna Basin,2026-08-06 19:00:00+00:00,134.2518439052898,NORMAL,136.0,137.0,138.0,25.14133,80.85446,YMNCKT_2026-08-06T19:00:00+0000_134.2518
YMNCKT,Yamuna at Chitrakoot,Yamuna Basin,2026-08-06 20:00:00+00:00,134.2284911245756,NORMAL,136.0,137.0,138.0,25.14133,80.85446,YMNCKT_2026-08-06T20:00:00+0000_134.2285
YMNCKT,Yamuna at Chitrakoot,Yamuna Basin,2026-08-06 21:00:00+00:00,134.28673395054153,NORMAL,136.0,137.0,138.0,25.14133,80.85446,YMNCKT_2026-08-06T21:00:00+0000_134.2867
YMNCKT,Yamuna at Chitrakoot,Yamuna Basin,2026-08-06 22:00:00+00:00,134.24238409791803,NORMAL,136.0,137.0,138.0,25.14133,80.85446,YMNCKT_2026-08-06T22:00:00+0000_134.2424
YMNCKT,Yamuna at Chitrakoot,Yamuna Basin,2026-08-06 23:00:00+00:00,134.16591466345815,NORMAL,136.0,137.0,138.0,25.14133,80.85446,YMNCKT_2026-08-06T23:00:00+0000_134.1659
YMNCKT,Yamuna at Chitrakoot,Yamuna Basin,2026-08-07 00:00:00+00:00,134.12353531267982,NORMAL,136.0,137.0,138.0,25.14133,80.85446,YMNCKT_2026-08-07T00:00:00+0000_134.1235
YMNCKT,Yamuna at Chitrakoot,Yamuna Basin,2026-08-07 01:00:00+00:00,134.08525435792933,NORMAL,136.0,137.0,138.0,25.14133,80.85446,YMNCKT_2026-08-07T01:00:00+0000_134.0853
YMNCKT,Yamuna at Chitrakoot,Yamuna Basin,2026-08-07 02:00:00+00:00,133.993504217087,NORMAL,136.0,137.0,138.0,25.14133,80.85446,YMNCKT_2026-08-07T02:00:00+0000_133.9935
YMNCKT,Yamuna at Chitrakoot,Yamuna Basin,2026-08-07 03:00:00+00:00,133.95142949747984,NORMAL,136.0,137.0,138.0,25.14133,80.85446,YMNCKT_2026-08-07T03:00:00+0000_133.9514
YMNCKT,Yamuna at Chitrakoot,Yamuna Basin,2026-08-07 04:00:00+00:00,133.87647292616862,NORMAL,136.0,137.0,138.0,25.14133,80.85446,YMNCKT_2026-08-07T04:00:00+0000_133.8765
YMNCKT,Yamuna at Chitrakoot,Yamuna Basin,2026-08-07 05:00:00+00:00,133.89068901858877,NORMAL,136.0,137.0,138.0,25.14133,80.85446,YMNCKT_2026-08-07T05:00:00+0000_133.8907
YMNCKT,Yamuna at Chitrakoot,Yamuna Basin,2026-08-07 06:00:00+00:00,133.8295755073582,NORMAL,136.0,137.0,138.0,25.14133,80.85446,YMNCKT_2026-08-07T06:00:00+0000_133.8296
YMNCKT,Yamuna at Chitrakoot,Yamuna Basin,2026-08-07 07:00:00+00:00,133.791848068955,NORMAL,136.0,137.0,138.0,25.14133,80.85446,YMNCKT_2026-08-07T07:00:00+0000_133.7918
YMNCKT,Yamuna at Chitrakoot,Yamuna Basin,2026-08-07 08:00:00+00:00,133.8458164057171,NORMAL,136.0,137.0,138.0,25.14133,80.85446,YMNCKT_2026-08-07T08:00:00+0000_133.8458
YMNCKT,Yamuna at Chitrakoot,Yamuna Basin,2026-08-07 09:00:00+00:00,133.86821383996315,NORMAL,136.0,137.0,138.0,25.14133,80.85446,YMNCKT_2026-08-07T09:00:00+0000_133.8682
YMNCKT,Yamuna at Chitrakoot,Yamuna Basin,2026-08-07 10:00:00+00:00,133.9355589896424,NORMAL,136.0,137.0,138.0,25.14133,80.85446,YMNCKT_2026-08-07T10:00:00+0000_133.9356
YMNCKT,Yamuna at Chitrakoot,Yamuna Basin,2026-08-07 11:00:00+00:00,133.91521636977825,NORMAL,136.0,137.0,138.0,25.14133,80.85446,YMNCKT_2026-08-07T11:00:00+0000_133.9152
YMNCKT,Yamuna at Chitrakoot,Yamuna Basin,2026-08-07 12:00:00+00:00,135.47373141675558,NORMAL,136.0,137.0,138.0,25.14133,80.85446,YMNCKT_2026-08-07T12:00:00+0000_135.4737
YMNCKT,Yamuna at Chitrakoot,Yamuna Basin,2026-08-07 13:00:00+00:00,135.4143012676121,NORMAL,136.0,137.0,138.0,25.14133,80.85446,YMNCKT_2026-08-07T13:00:00+0000_135.4143
YMNCKT,Yamuna at Chitrakoot,Yamuna Basin,2026-08-07 14:00:00+00:00,135.2784361471347,NORMAL,136.0,137.0,138.0,25.14133,80.85446,YMNCKT_2026-08-07T14:00:00+0000_135.2784
YMNCKT,Yamuna at Chitrakoot,Yamuna Basin,2026-08-07 15:00:00+00:00,135.26843122017792,NORMAL,136.0,137.0,138.0,25.14133,80.85446,YMNCKT_2026-08-07T15:00:00+0000_135.2684
YMNCKT,Yamuna at Chitrakoot,Yamuna Basin,2026-08-07 16:00:00+00:00,134.19361639805498,NORMAL,136.0,137.0,138.0,25.14133,80.85446,YMNCKT_2026-08-07T16:00:00+0000_134.1936
YMNCKT,Yamuna at Chitrakoot,Yamuna Basin,2026-08-07 17:00:00+00:00,134.26728202529196,NORMAL,136.0,137.0,138.0,25.14133,80.85446,YMNCKT_2026-08-07T17:00:00+0000_134.2673
YMNCKT,Yamuna at Chitrakoot,Yamuna Basin,2026-08-07 18:00:00+00:00,134.25242806727323,NORMAL,136.0,137.0,138.0,25.14133,80.85446,YMNCKT_2026-08-07T18:00:00+0000_134.2524
YMNCKT,Yamuna at Chitrakoot,Yamuna Basin,2026-08-07 19:00:00+00:00,134.30383333948123,NORMAL,136.0,137.0,138.0,25.14133,80.85446,YMNCKT_2026-08-07T19:00:00+0000_134.3038
YMNCKT,Yamuna at Chitrakoot,Yamuna Basin,2026-08-07 20:00:00+00:00,134.28504758459658,NORMAL,136.0,137.0,138.0,25.14133,80.85446,YMNCKT_2026-08-07T20:00:00+0000_134.2850
YMNCKT,Yamuna at Chitrakoot,Yamuna Basin,2026-08-07 21:00:00+00:00,134.23327591678267,NORMAL,136.0,137.0,138.0,25.14133,80.85446,YMNCKT_2026-08-07T21:00:00+0000_134.2333
YMNCKT,Yamuna at Chitrakoot,Yamuna Basin,2026-08-07 22:00:00+00:00,134.2479772988333,NORMAL,136.0,137.0,138.0,25.14133,80.85446,YMNCKT_2026-08-07T22:00:00+0000_134.2480
YMNCKT,Yamuna at Chitrakoot,Yamuna Basin,2026-08-07 23:00:00+00:00,134.19076926746538,NORMAL,136.0,137.0,138.0,25.14133,80.85446,YMNCKT_2026-08-07T23:00:00+0000_134.1908
YMNCKT,Yamuna at Chitrakoot,Yamuna Basin,2026-08-08 00:00:00+00:00,134.0740147033926,NORMAL,136.0,137.0,138.0,25.14133,80.85446,YMNCKT_2026-08-08T00:00:00+0000_134.0740
YMNCKT,Yamuna at Chitrakoot,Yamuna Basin,2026-08-08 01:00:00+00:00,134.0526381558926,NORMAL,136.0,137.0,138.0,25.14133,80.85446,YMNCKT_2026-08-08T01:00:00+0000_134.0526
YMNCKT,Yamuna at Chitrakoot,Yamuna Basin,2026-08-08 02:00:00+00:00,133.9605384558085,NORMAL,136.0,137.0,138.0,25.14133,80.85446,YMNCKT_2026-08-08T02:00:00+0000_133.9605
YMNCKT,Yamuna at Chitrakoot,Yamuna Basin,2026-08-08 03:00:00+00:00,133.95274187661073,NORMAL,136.0,137.0,138.0,25.14133,80.85446,YMNCKT_2026-08-08T03:00:00+0000_133.9527
YMNCKT,Yamuna at Chitrakoot,Yamuna Basin,2026-08-08 04:00:00+00:00,133.8676632625186,NORMAL,136.0,137.0,138.0,25.14133,80.85446,YMNCKT_2026-08-08T04:00:00+0000_133.8677
YMNCKT,Yamuna at Chitrakoot,Yamuna Basin,2026-08-08 05:00:00+00:00,133.8868134317692,NORMAL,136.0,137.0,138.0,25.14133,80.85446,YMNCKT_2026-08-08T05:00:00+0000_133.8868
YMNCKT,Yamuna at Chitrakoot,Yamuna Basin,2026-08-08 06:00:00+00:00,133.79519901972435,NORMAL,136.0,137.0,138.0,25.14133,80.85446,YMNCKT_2026-08-08T06:00:00+0000_133.7952
YMNCKT,Yamuna at Chitrakoot,Yamuna Basin,2026-08-08 07:00:00+00:00,133.82025508505302,NORMAL,136.0,137.0,138.0,25.14133,80.85446,YMNCKT_2026-08-08T07:00:00+0000_133.8203
YMNCKT,Yamuna at Chitrakoot,Yamuna Basin,2026-08-08 08:00:00+00:00,133.87406751764954,NORMAL,136.0,137.0,138.0,25.14133,80.85446,YMNCKT_2026-08-08T08:00:00+0000_133.8741
YMNCKT,Yamuna at Chitrakoot,Yamuna Basin,2026-08-08 09:00:00+00:00,133.8299913111564,NORMAL,136.0,137.0,138.0,25.14133,80.85446,YMNCKT_2026-08-08T09:00:00+0000_133.8300
YMNCKT,Yamuna at Chitrakoot,Yamuna Basin,2026-08-08 10:00:00+00:00,133.91892667643458,NORMAL,136.0,137.0,138.0,25.14133,80.85446,YMNCKT_2026-08-08T10:00:00+0000_133.9189
YMNCKT,Yamuna at Chitrakoot,Yamuna Basin,2026-08-08 11:00:00+00:00,133.9832581853845,NORMAL,136.0,137.0,138.0,25.14133,80.85446,YMNCKT_2026-08-08T11:00:00+0000_133.9833
YMNCKT,Yamuna at Chitrakoot,Yamuna Basin,2026-08-08 12:00:00+00:00,135.18849076723166,NORMAL,136.0,137.0,138.0,25.14133,80.85446,YMNCKT_2026-08-08T12:00:00+0000_135.1885
YMNCKT,Yamuna at Chitrakoot,Yamuna Basin,2026-08-08 13:00:00+00:00,135.09049273330692,NORMAL,136.0,137.0,138.0,25.14133,80.85446,YMNCKT_2026-08-08T13:00:00+0000_135.0905
YMNCKT,Yamuna at Chitrakoot,Yamuna Basin,2026-08-08 14:00:00+00:00,135.03990589914113,NORMAL,136.0,137.0,138.0,25.14133,80.85446,YMNCKT_2026-08-08T14:00:00+0000_135.0399
YMNCKT,Yamuna at Chitrakoot,Yamuna Basin,2026-08-08 15:00:00+00:00,135.0338027151064,NORMAL,136.0,137.0,138.0,25.14133,80.85446,YMNCKT_2026-08-08T15:00:00+0000_135.0338
YMNCKT,Yamuna at Chitrakoot,Yamuna Basin,2026-08-08 16:00:00+00:00,134.2532038033282,NORMAL,136.0,137.0,138.0,25.14133,80.85446,YMNCKT_2026-08-08T16:00:00+0000_134.2532
YMNCKT,Yamuna at Chitrakoot,Yamuna Basin,2026-08-08 17:00:00+00:00,134.2733393852897,NORMAL,136.0,137.0,138.0,25.14133,80.85446,YMNCKT_2026-08-08T17:00:00+0000_134.2733
YMNCKT,Yamuna at Chitrakoot,Yamuna Basin,2026-08-08 18:00:00+00:00,134.2457303041828,NORMAL,136.0,137.0,138.0,25.14133,80.85446,YMNCKT_2026-08-08T18:00:00+0000_134.2457
YMNCKT,Yamuna at Chitrakoot,Yamuna Basin,2026-08-08 19:00:00+00:00,134.29918920732382,NORMAL,136.0,137.0,138.0,25.14133,80.85446,YMNCKT_2026-08-08T19:00:00+0000_134.2992
YMNCKT,Yamuna at Chitrakoot,Yamuna Basin,2026-08-08 20:00:00+00:00,134.23838107835968,NORMAL,136.0,137.0,138.0,25.14133,80.85446,YMNCKT_2026-08-08T20:00:00+0000_134.2384
YMNCKT,Yamuna at Chitrakoot,Yamuna Basin,2026-08-08 21:00:00+00:00,134.21172736380964,NORMAL,136.0,137.0,138.0,25.14133,80.85446,YMNCKT_2026-08-08T21:00:00+0000_134.2117
YMNCKT,Yamuna at Chitrakoot,Yamuna Basin,2026-08-08 22:00:00+00:00,134.214777079312,NORMAL,136.0,137.0,138.0,25.14133,80.85446,YMNCKT_2026-08-08T22:00:00+0000_134.2148
YMNCKT,Yamuna at Chitrakoot,Yamuna Basin,2026-08-08 23:00:00+00:00,134.1824327083591,NORMAL,136.0,137.0,138.0,25.14133,80.85446,YMNCKT_2026-08-08T23:00:00+0000_134.1824
YMNCKT,Yamuna at Chitrakoot,Yamuna Basin,2026-08-09 00:00:00+00:00,134.13491757320247,NORMAL,136.0,137.0,138.0,25.14133,80.85446,YMNCKT_2026-08-09T00:00:00+0000_134.1349
YMNCKT,Yamuna at Chitrakoot,Yamuna Basin,2026-08-09 01:00:00+00:00,134.0892800552459,NORMAL,136.0,137.0,138.0,25.14133,80.85446,YMNCKT_2026-08-09T01:00:00+0000_134.0893
YMNCKT,Yamuna at Chitrakoot,Yamuna Basin,2026-08-09 02:00:00+00:00,134.0360493348353,NORMAL,136.0,137.0,138.0,25.14133,80.85446,YMNCKT_2026-08-09T02:00:00+0000_134.0360
YMNCKT,Yamuna at Chitrakoot,Yamuna Basin,2026-08-09 03:00:00+00:00,133.89003435186464,NORMAL,136.0,137.0,138.0,25.14133,80.85446,YMNCKT_2026-08-09T03:00:00+0000_133.8900
YMNCKT,Yamuna at Chitrakoot,Yamuna Basin,2026-08-09 04:00:00+00:00,133.8975870845543,NORMAL,136.0,137.0,138.0,25.14133,80.85446,YMNCKT_2026-08-09T04:00:00+0000_133.8976
YMNCKT,Yamuna at Chitrakoot,Yamuna Basin,2026-08-09 05:00:00+00:00,133.83691825303137,NORMAL,136.0,137.0,138.0,25.14133,80.85446,YMNCKT_2026-08-09T05:00:00+0000_133.8369
YMNCKT,Yamuna at Chitrakoot,Yamuna Basin,2026-08-09 06:00:00+00:00,133.8135787091293,NORMAL,136.0,137.0,138.0,25.14133,80.85446,YMNCKT_2026-08-09T06:00:00+0000_133.8136
YMNCKT,Yamuna at Chitrakoot,Yamuna Basin,2026-08-09 07:00:00+00:00,,,136.0,137.0,138.0,25.14133,80.85446,YMNCKT_2026-08-09T07:00:00+0000_
YMNCKT,Yamuna at Chitrakoot,Yamuna Basin,2026-08-09 08:00:00+00:00,133.82236070182057,NORMAL,136.0,137.0,138.0,25.14133,80.85446,YMNCKT_2026-08-09T08:00:00+0000_133.8224
YMNCKT,Yamuna at Chitrakoot,Yamuna Basin,2026-08-09 09:00:00+00:00,133.9037536048616,NORMAL,136.0,137.0,138.0,25.14133,80.85446,YMNCKT_2026-08-09T09:00:00+0000_133.9038
YMNCKT,Yamuna at Chitrakoot,Yamuna Basin,2026-08-09 10:00:00+00:00,133.86902121322376,NORMAL,136.0,137.0,138.0,25.14133,80.85446,YMNCKT_2026-08-09T10:00:00+0000_133.8690
YMNCKT,Yamuna at Chitrakoot,Yamuna Basin,2026-08-09 11:00:00+00:00,133.9689381446046,NORMAL,136.0,137.0,138.0,25.14133,80.85446,YMNCKT_2026-08-09T11:00:00+0000_133.9689
YMNCKT,Yamuna at Chitrakoot,Yamuna Basin,2026-08-09 12:00:00+00:00,133.9892455062128,NORMAL,136.0,137.0,138.0,25.14133,80.85446,YMNCKT_2026-08-09T12:00:00+0000_133.9892
YMNCKT,Yamuna at Chitrakoot,Yamuna Basin,2026-08-09 13:00:00+00:00,134.0926777927335,NORMAL,136.0,137.0,138.0,25.14133,80.85446,YMNCKT_2026-08-09T13:00:00+0000_134.0927
YMNCKT,Yamuna at Chitrakoot,Yamuna Basin,2026-08-09 14:00:00+00:00,134.12921066090857,NORMAL,136.0,137.0,138.0,25.14133,80.85446,YMNCKT_2026-08-09T14:00:00+0000_134.1292
YMNCKT,Yamuna at Chitrakoot,Yamuna Basin,2026-08-09 15:00:00+00:00,134.1790544076199,NORMAL,136.0,137.0,138.0,25.14133,80.85446,YMNCKT_2026-08-09T15:00:00+0000_134.1791
YMNCKT,Yamuna at Chitrakoot,Yamuna Basin,2026-08-09 16:00:00+00:00,134.15246721905862,NORMAL,136.0,137.0,138.0,25.14133,80.85446,YMNCKT_2026-08-09T16:00:00+0000_134.1525
YMNCKT,Yamuna at Chitrakoot,Yamuna Basin,2026-08-09 17:00:00+00:00,134.2284671334444,NORMAL,136.0,137.0,138.0,25.14133,80.85446,YMNCKT_2026-08-09T17:00:00+0000_134.2285
YMNCKT,Yamuna at Chitrakoot,Yamuna Basin,2026-08-09 18:00:00+00:00,134.27610744694786,NORMAL,136.0,137.0,138.0,25.14133,80.85446,YMNCKT_2026-08-09T18:00:00+0000_134.2761
YMNCKT,Yamuna at Chitrakoot,Yamuna Basin,2026-08-09 19:00:00+00:00,134.29041104129047,NORMAL,136.0,137.0,138.0,25.14133,80.85446,YMNCKT_2026-08-09T19:00:00+0000_134.2904
YMNCKT,Yamuna at Chitrakoot,Yamuna Basin,2026-08-09 20:00:00+00:00,134.2765298815281,NORMAL,136.0,137.0,138.0,25.14133,80.85446,YMNCKT_2026-08-09T20:00:00+0000_134.2765
YMNCKT,Yamuna at Chitrakoot,Yamuna Basin,2026-08-09 21:00:00+00:00,134.24755806288738,NORMAL,136.0,137.0,138.0,25.14133,80.85446,YMNCKT_2026-08-09T21:00:00+0000_134.2476
YMNCKT,Yamuna at Chitrakoot,Yamuna Basin,2026-08-09 22:00:00+00:00,134.18556251264752,NORMAL,136.0,137.0,138.0,25.14133,80.85446,YMNCKT_2026-08-09T22:00:00+0000_134.1856
YMNCKT,Yamuna at Chitrakoot,Yamuna Basin,2026-08-09 23:00:00+00:00,134.12024144720831,NORMAL,136.0,137.0,138.0,25.14133,80.85446,YMNCKT_2026-08-09T23:00:00+0000_134.1202
YMNCKT,Yamuna at Chitrakoot,Yamuna Basin,2026-08-10 00:00:00+00:00,134.11685238518243,NORMAL,136.0,137.0,138.0,25.14133,80.85446,YMNCKT_2026-08-10T00:00:00+0000_134.1169
YMNCKT,Yamuna at Chitrakoot,Yamuna Basin,2026-08-10 01:00:00+00:00,134.0272688387955,NORMAL,136.0,137.0,138.0,25.14133,80.85446,YMNCKT_2026-08-10T01:00:00+0000_134.0273
YMNCKT,Yamuna at Chitrakoot,Yamuna Basin,2026-08-10 02:00:00+00:00,133.94313264367656,NORMAL,136.0,137.0,138.0,25.14133,80.85446,YMNCKT_2026-08-10T02:00:00+0000_133.9431
YMNCKT,Yamuna at Chitrakoot,Yamuna Basin,2026-08-10 03:00:00+00:00,133.95392736504436,NORMAL,136.0,137.0,138.0,25.14133,80.85446,YMNCKT_2026-08-10T03:00:00+0000_133.9539
YMNCKT,Yamuna at Chitrakoot,Yamuna Basin,2026-08-10 04:00:00+00:00,133.9127967221744,NORMAL,136.0,137.0,138.0,25.14133,80.85446,YMNCKT_2026-08-10T04:00:00+0000_133.9128
YMNCKT,Yamuna at Chitrakoot,Yamuna Basin,2026-08-10 05:00:00+00:00,133.88927122326217,NORMAL,136.0,137.0,138.0,25.14133,80.85446,YMNCKT_2026-08-10T05:00:00+0000_133.8893
YMNCKT,Yamuna at Chitrakoot,Yamuna Basin,2026-08-10 06:00:00+00:00,133.86393770293355,NORMAL,136.0,137.0,138.0,25.14133,80.85446,YMNCKT_2026-08-10T06:00:00+0000_133.8639
YMNCKT,Yamuna at Chitrakoot,Yamuna Basin,2026-08-10 07:00:00+00:00,133.80497038988446,NORMAL,136.0,137.0,138.0,25.14133,80.85446,YMNCKT_2026-08-10T07:00:00+0000_133.8050
YMNCKT,Yamuna at Chitrakoot,Yamuna Basin,2026-08-10 08:00:00+00:00,133.85773737200975,NORMAL,136.0,137.0,138.0,25.14133,80.85446,YMNCKT_2026-08-10T08:00:00+0000_133.8577
YMNCKT,Yamuna at Chitrakoot,Yamuna Basin,2026-08-10 09:00:00+00:00,133.87473102108223,NORMAL,136.0,137.0,138.0,25.14133,80.85446,YMNCKT_2026-08-10T09:00:00+0000_133.8747
YMNCKT,Yamuna at Chitrakoot,Yamuna Basin,2026-08-10 10:00:00+00:00,133.90825931230688,NORMAL,136.0,137.0,138.0,25.14133,80.85446,YMNCKT_2026-08-10T10:00:00+0000_133.9083
YMNCKT,Yamuna at Chitrakoot,Yamuna Basin,2026-08-10 11:00:00+00:00,133.96399702616372,NORMAL,136.0,137.0,138.0,25.14133,80.85446,YMNCKT_2026-08-10T11:00:00+0000_133.9640
YMNCKT,Yamuna at Chitrakoot,Yamuna Basin,2026-08-10 12:00:00+00:00,133.98765714176224,NORMAL,136.0,137.0,138.0,25.14133,80.85446,YMNCKT_2026-08-10T12:00:00+0000_133.9877
YMNCKT,Yamuna at Chitrakoot,Yamuna Basin,2026-08-10 13:00:00+00:00,133.99730485883154,NORMAL,136.0,137.0,138.0,25.14133,80.85446,YMNCKT_2026-08-10T13:00:00+0000_133.9973
YMNCKT,Yamuna at Chitrakoot,Yamuna Basin,2026-08-10 14:00:00+00:00,134.13324416741435,NORMAL,136.0,137.0,138.0,25.14133,80.85446,YMNCKT_2026-08-10T14:00:00+0000_134.1332
YMNCKT,Yamuna at Chitrakoot,Yamuna Basin,2026-08-10 15:00:00+00:00,,,136.0,137.0,138.0,25.14133,80.85446,YMNCKT_2026-08-10T15:00:00+0000_
YMNCKT,Yamuna at Chitrakoot,Yamuna Basin,2026-08-10 16:00:00+00:00,134.2137352782541,NORMAL,136.0,137.0,138.0,25.14133,80.85446,YMNCKT_2026-08-10T16:00:00+0000_134.2137
YMNCKT,Yamuna at Chitrakoot,Yamuna Basin,2026-08-10 17:00:00+00:00,134.25787348494586,NORMAL,136.0,137.0,138.0,25.14133,80.85446,YMNCKT_2026-08-10T17:00:00+0000_134.2579
YMNCKT,Yamuna at Chitrakoot,Yamuna Basin,2026-08-10 18:00:00+00:00,,,136.0,137.0,138.0,25.14133,80.85446,YMNCKT_2026-08-10T18:00:00+0000_
YMNCKT,Yamuna at Chitrakoot,Yamuna Basin,2026-08-10 19:00:00+00:00,134.2788173256166,NORMAL,136.0,137.0,138.0,25.14133,80.85446,YMNCKT_2026-08-10T19:00:00+0000_134.2788
YMNCKT,Yamuna at Chitrakoot,Yamuna Basin,2026-08-10 20:00:00+00:00,134.2217585256885,NORMAL,136.0,137.0,138.0,25.14133,80.85446,YMNCKT_2026-08-10T20:00:00+0000_134.2218
YMNCKT,Yamuna at Chitrakoot,Yamuna Basin,2026-08-10 21:00:00+00:00,134.22787641334892,NORMAL,136.0,137.0,138.0,25.14133,80.85446,YMNCKT_2026-08-10T21:00:00+0000_134.2279
YMNCKT,Yamuna at Chitrakoot,Yamuna Basin,2026-08-10 22:00:00+00:00,134.19175610668194,NORMAL,136.0,137.0,138.0,25.14133,80.85446,YMNCKT_2026-08-10T22:00:00+0000_134.1918
YMNCKT,Yamuna at Chitrakoot,Yamuna Basin,2026-08-10 23:00:00+00:00,134.119535282063,NORMAL,136.0,137.0,138.0,25.14133,80.85446,YMNCKT_2026-08-10T23:00:00+0000_134.1195
YMNCKT,Yamuna at Chitrakoot,Yamuna Basin,2026-08-11 00:00:00+00:00,134.0707602752969,NORMAL,136.0,137.0,138.0,25.14133,80.85446,YMNCKT_2026-08-11T00:00:00+0000_134.0708
YMNCKT,Yamuna at Chitrakoot,Yamuna Basin,2026-08-11 01:00:00+00:00,134.0321816276463,NORMAL,136.0,137.0,138.0,25.14133,80.85446,YMNCKT_2026-08-11T01:00:00+0000_134.0322
YMNCKT,Yamuna at Chitrakoot,Yamuna Basin,2026-08-11 02:00:00+00:00,134.01620443594126,NORMAL,136.0,137.0,138.0,25.14133,80.85446,YMNCKT_2026-08-11T02:00:00+0000_134.0162
YMNCKT,Yamuna at Chitrakoot,Yamuna Basin,2026-08-11 03:00:00+00:00,133.89057261564193,NORMAL,136.0,137.0,138.0,25.14133,80.85446,YMNCKT_2026-08-11T03:00:00+0000_133.8906
YMNCKT,Yamuna at Chitrakoot,Yamuna Basin,2026-08-11 04:00:00+00:00,133.86576191452272,NORMAL,136.0,137.0,138.0,25.14133,80.85446,YMNCKT_2026-08-11T04:00:00+0000_133.8658
YMNCKT,Yamuna at Chitrakoot,Yamuna Basin,2026-08-11 05:00:00+00:00,133.85831796314878,NORMAL,136.0,137.0,138.0,25.14133,80.85446,YMNCKT_2026-08-11T05:00:00+0000_133.8583
YMNCKT,Yamuna at Chitrakoot,Yamuna Basin,2026-08-11 06:00:00+00:00,133.86011114499578,NORMAL,136.0,137.0,138.0,25.14133,80.85446,YMNCKT_2026-08-11T06:00:00+0000_133.8601
YMNCKT,Yamuna at Chitrakoot,Yamuna Basin,2026-08-11 07:00:00+00:00,133.78625808524762,NORMAL,136.0,137.0,138.0,25.14133,80.85446,YMNCKT_2026-08-11T07:00:00+0000_133.7863
YMNCKT,Yamuna at Chitrakoot,Yamuna Basin,2026-08-11 08:00:00+00:00,133.83413593902344,NORMAL,136.0,137.0,138.0,25.14133,80.85446,YMNCKT_2026-08-11T08:00:00+0000_133.8341
YMNCKT,Yamuna at Chitrakoot,Yamuna Basin,2026-08-11 09:00:00+00:00,133.84572722527722,NORMAL,136.0,137.0,138.0,25.14133,80.85446,YMNCKT_2026-08-11T09:00:00+0000_133.8457
YMNCKT,Yamuna at Chitrakoot,Yamuna Basin,2026-08-11 10:00:00+00:00,133.85908075106764,NORMAL,136.0,137.0,138.0,25.14133,80.85446,YMNCKT_2026-08-11T10:00:00+0000_133.8591
YMNCKT,Yamuna at Chitrakoot,Yamuna Basin,2026-08-11 11:00:00+00:00,133.97729105751247,NORMAL,136.0,137.0,138.0,25.14133,80.85446,YMNCKT_2026-08-11T11:00:00+0000_133.9773
YMNCKT,Yamuna at Chitrakoot,Yamuna Basin,2026-08-11 12:00:00+00:00,133.99376495280868,NORMAL,136.0,137.0,138.0,25.14133,80.85446,YMNCKT_2026-08-11T12:00:00+0000_133.9938
YMNCKT,Yamuna at Chitrakoot,Yamuna Basin,2026-08-11 13:00:00+00:00,134.08141296522902,NORMAL,136.0,137.0,138.0,25.14133,80.85446,YMNCKT_2026-08-11T13:00:00+0000_134.0814
YMNCKT,Yamuna at Chitrakoot,Yamuna Basin,2026-08-11 14:00:00+00:00,134.08087261637758,NORMAL,136.0,137.0,138.0,25.14133,80.85446,YMNCKT_2026-08-11T14:00:00+0000_134.0809
YMNCKT,Yamuna at Chitrakoot,Yamuna Basin,2026-08-11 15:00:00+00:00,134.12682941558123,NORMAL,136.0,137.0,138.0,25.14133,80.85446,YMNCKT_2026-08-11T15:00:00+0000_134.1268
YMNCKT,Yamuna at Chitrakoot,Yamuna Basin,2026-08-11 16:00:00+00:00,134.16297056282326,NORMAL,136.0,137.0,138.0,25.14133,80.85446,YMNCKT_2026-08-11T16:00:00+0000_134.1630
YMNCKT,Yamuna at Chitrakoot,Yamuna Basin,2026-08-11 17:00:00+00:00,134.21901307814332,NORMAL,136.0,137.0,138.0,25.14133,80.85446,YMNCKT_2026-08-11T17:00:00+0000_134.2190
YMNCKT,Yamuna at Chitrakoot,Yamuna Basin,2026-08-11 18:00:00+00:00,134.2409844240038,NORMAL,136.0,137.0,138.0,25.14133,80.85446,YMNCKT_2026-08-11T18:00:00+0000_134.2410
YMNCKT,Yamuna at Chitrakoot,Yamuna Basin,2026-08-11 19:00:00+00:00,134.25574856047663,NORMAL,136.0,137.0,138.0,25.14133,80.85446,YMNCKT_2026-08-11T19:00:00+0000_134.2557
YMNCKT,Yamuna at Chitrakoot,Yamuna Basin,2026-08-11 20:00:00+00:00,134.26799536565048,NORMAL,136.0,137.0,138.0,25.14133,80.85446,YMNCKT_2026-08-11T20:00:00+0000_134.2680
YMNCKT,Yamuna at Chitrakoot,Yamuna Basin,2026-08-11 21:00:00+00:00,134.2030052033807,NORMAL,136.0,137.0,138.0,25.14133,80.85446,YMNCKT_2026-08-11T21:00:00+0000_134.2030
YMNCKT,Yamuna at Chitrakoot,Yamuna Basin,2026-08-11 22:00:00+00:00,134.20632726610725,NORMAL,136.0,137.0,138.0,25.14133,80.85446,YMNCKT_2026-08-11T22:00:00+0000_134.2063
YMNCKT,Yamuna at Chitrakoot,Yamuna Basin,2026-08-11 23:00:00+00:00,134.13381884727406,NORMAL,136.0,137.0,138.0,25.14133,80.85446,YMNCKT_2026-08-11T23:00:00+0000_134.1338
YMNCKT,Yamuna at Chitrakoot,Yamuna Basin,2026-08-12 00:00:00+00:00,134.12144487133332,NORMAL,136.0,137.0,138.0,25.14133,80.85446,YMNCKT_2026-08-12T00:00:00+0000_134.1214
YMNCKT,Yamuna at Chitrakoot,Yamuna Basin,2026-08-12 01:00:00+00:00,134.07113959216292,NORMAL,136.0,137.0,138.0,25.14133,80.85446,YMNCKT_2026-08-12T01:00:00+0000_134.0711
YMNCKT,Yamuna at Chitrakoot,Yamuna Basin,2026-08-12 02:00:00+00:00,133.99591696187693,NORMAL,136.0,137.0,138.0,25.14133,80.85446,YMNCKT_2026-08-12T02:00:00+0000_133.9959
YMNCKT,Yamuna at Chitrakoot,Yamuna Basin,2026-08-12 03:00:00+00:00,133.88995643622837,NORMAL,136.0,137.0,138.0,25.14133,80.85446,YMNCKT_2026-08-12T03:00:00+0000_133.8900
YMNCKT,Yamuna at Chitrakoot,Yamuna Basin,2026-08-12 04:00:00+00:00,133.8846037291886,NORMAL,136.0,137.0,138.0,25.14133,80.85446,YMNCKT_2026-08-12T04:00:00+0000_133.8846
YMNCKT,Yamuna at Chitrakoot,Yamuna Basin,2026-08-12 05:00:00+00:00,133.84209884897808,NORMAL,136.0,137.0,138.0,25.14133,80.85446,YMNCKT_2026-08-12T05:00:00+0000_133.8421
YMNCKT,Yamuna at Chitrakoot,Yamuna Basin,2026-08-12 06:00:00+00:00,133.78675496669106,NORMAL,136.0,137.0,138.0,25.14133,80.85446,YMNCKT_2026-08-12T06:00:00+0000_133.7868
YMNCKT,Yamuna at Chitrakoot,Yamuna Basin,2026-08-12 07:00:00+00:00,133.8186180473245,NORMAL,136.0,137.0,138.0,25.14133,80.85446,YMNCKT_2026-08-12T07:00:00+0000_133.8186
YMNCKT,Yamuna at Chitrakoot,Yamuna Basin,2026-08-12 08:00:00+00:00,133.85010903326904,NORMAL,136.0,137.0,138.0,25.14133,80.85446,YMNCKT_2026-08-12T08:00:00+0000_133.8501
YMNCKT,Yamuna at Chitrakoot,Yamuna Basin,2026-08-12 09:00:00+00:00,133.868383005177,NORMAL,136.0,137.0,138.0,25.14133,80.85446,YMNCKT_2026-08-12T09:00:00+0000_133.8684
YMNCKT,Yamuna at Chitrakoot,Yamuna Basin,2026-08-12 10:00:00+00:00,133.89846957697827,NORMAL,136.0,137.0,138.0,25.14133,80.85446,YMNCKT_2026-08-12T10:00:00+0000_133.8985
YMNCKT,Yamuna at Chitrakoot,Yamuna Basin,2026-08-12 11:00:00+00:00,133.96679328391969,NORMAL,136.0,137.0,138.0,25.14133,80.85446,YMNCKT_2026-08-12T11:00:00+0000_133.9668
YMNCKT,Yamuna at Chitrakoot,Yamuna Basin,2026-08-12 12:00:00+00:00,133.94551852800788,NORMAL,136.0,137.0,138.0,25.14133,80.85446,YMNCKT_2026-08-12T12:00:00+0000_133.9455
YMNCKT,Yamuna at Chitrakoot,Yamuna Basin,2026-08-12 13:00:00+00:00,134.06959070616864,NORMAL,136.0,137.0,138.0,25.14133,80.85446,YMNCKT_2026-08-12T13:00:00+0000_134.0696
YMNCKT,Yamuna at Chitrakoot,Yamuna Basin,2026-08-12 14:00:00+00:00,134.06818957345197,NORMAL,136.0,137.0,138.0,25.14133,80.85446,YMNCKT_2026-08-12T14:00:00+0000_134.0682
YMNCKT,Yamuna at Chitrakoot,Yamuna Basin,2026-08-12 15:00:00+00:00,134.09934694939767,NORMAL,136.0,137.0,138.0,25.14133,80.85446,YMNCKT_2026-08-12T15:00:00+0000_134.0993
YMNCKT,Yamuna at Chitrakoot,Yamuna Basin,2026-08-12 16:00:00+00:00,134.22101444343707,NORMAL,136.0,137.0,138.0,25.14133,80.85446,YMNCKT_2026-08-12T16:00:00+0000_134.2210
YMNCKT,Yamuna at Chitrakoot,Yamuna Basin,2026-08-12 17:00:00+00:00,134.21307957197996,NORMAL,136.0,137.0,138.0,25.14133,80.85446,YMNCKT_2026-08-12T17:00:00+0000_134.2131
YMNCKT,Yamuna at Chitrakoot,Yamuna Basin,2026-08-12 18:00:00+00:00,134.28033719074267,NORMAL,136.0,137.0,138.0,25.14133,80.85446,YMNCKT_2026-08-12T18:00:00+0000_134.2803
YMNCKT,Yamuna at Chitrakoot,Yamuna Basin,2026-08-12 19:00:00+00:00,134.28413919643057,NORMAL,136.0,137.0,138.0,25.14133,80.85446,YMNCKT_2026-08-12T19:00:00+0000_134.2841
YMNCKT,Yamuna at Chitrakoot,Yamuna Basin,2026-08-12 20:00:00+00:00,134.2433920919516,NORMAL,136.0,137.0,138.0,25.14133,80.85446,YMNCKT_2026-08-12T20:00:00+0000_134.2434
YMNCKT,Yamuna at Chitrakoot,Yamuna Basin,2026-08-12 21:00:00+00:00,134.19505653084084,NORMAL,136.0,137.0,138.0,25.14133,80.85446,YMNCKT_2026-08-12T21:00:00+0000_134.1951
YMNCKT,Yamuna at Chitrakoot,Yamuna Basin,2026-08-12 22:00:00+00:00,134.1689176726632,NORMAL,136.0,137.0,138.0,25.14133,80.85446,YMNCKT_2026-08-12T22:00:00+0000_134.1689
YMNCKT,Yamuna at Chitrakoot,Yamuna Basin,2026-08-12 23:00:00+00:00,134.11847939348306,NORMAL,136.0,137.0,138.0,25.14133,80.85446,YMNCKT_2026-08-12T23:00:00+0000_134.1185
YMNCKT,Yamuna at Chitrakoot,Yamuna Basin,2026-08-13 00:00:00+00:00,134.09192246291914,NORMAL,136.0,137.0,138.0,25.14133,80.85446,YMNCKT_2026-08-13T00:00:00+0000_134.0919
YMNCKT,Yamuna at Chitrakoot,Yamuna Basin,2026-08-13 01:00:00+00:00,134.0448299379459,NORMAL,136.0,137.0,138.0,25.14133,80.85446,YMNCKT_2026-08-13T01:00:00+0000_134.0448
YMNCKT,Yamuna at Chitrakoot,Yamuna Basin,2026-08-13 02:00:00+00:00,133.94007175825408,NORMAL,136.0,137.0,138.0,25.14133,80.85446,YMNCKT_2026-08-13T02:00:00+0000_133.9401
YMNCKT,Yamuna at Chitrakoot,Yamuna Basin,2026-08-13 03:00:00+00:00,133.9110868964085,NORMAL,136.0,137.0,138.0,25.14133,80.85446,YMNCKT_2026-08-13T03:00:00+0000_133.9111
YMNCKT,Yamuna at Chitrakoot,Yamuna Basin,2026-08-13 04:00:00+00:00,133.92008299135736,NORMAL,136.0,137.0,138.0,25.14133,80.85446,YMNCKT_2026-08-13T04:00:00+0000_133.9201
YMNCKT,Yamuna at Chitrakoot,Yamuna Basin,2026-08-13 05:00:00+00:00,,,136.0,137.0,138.0,25.14133,80.85446,YMNCKT_2026-08-13T05:00:00+0000_
YMNCKT,Yamuna at Chitrakoot,Yamuna Basin,2026-08-13 06:00:00+00:00,133.79334318382183,NORMAL,136.0,137.0,138.0,25.14133,80.85446,YMNCKT_2026-08-13T06:00:00+0000_133.7933
YMNCKT,Yamuna at Chitrakoot,Yamuna Basin,2026-08-13 07:00:00+00:00,133.83310128814378,NORMAL,136.0,137.0,138.0,25.14133,80.85446,YMNCKT_2026-08-13T07:00:00+0000_133.8331
YMNCKT,Yamuna at Chitrakoot,Yamuna Basin,2026-08-13 08:00:00+00:00,133.772335856909,NORMAL,136.0,137.0,138.0,25.14133,80.85446,YMNCKT_2026-08-13T08:00:00+0000_133.7723
YMNCKT,Yamuna at Chitrakoot,Yamuna Basin,2026-08-13 09:00:00+00:00,133.80411421485826,NORMAL,136.0,137.0,138.0,25.14133,80.85446,YMNCKT_2026-08-13T09:00:00+0000_133.8041
YMNCKT,Yamuna at Chitrakoot,Yamuna Basin,2026-08-13 10:00:00+00:00,133.87110865426826,NORMAL,136.0,137.0,138.0,25.14133,80.85446,YMNCKT_2026-08-13T10:00:00+0000_133.8711
YMNCKT,Yamuna at Chitrakoot,Yamuna Basin,2026-08-13 11:00:00+00:00,133.8838682714245,NORMAL,136.0,137.0,138.0,25.14133,80.85446,YMNCKT_2026-08-13T11:00:00+0000_133.8839
YMNCKT,Yamuna at Chitrakoot,Yamuna Basin,2026-08-13 12:00:00+00:00,133.9799113178381,NORMAL,136.0,137.0,138.0,25.14133,80.85446,YMNCKT_2026-08-13T12:00:00+0000_133.9799
YMNCKT,Yamuna at Chitrakoot,Yamuna Basin,2026-08-13 13:00:00+00:00,134.032370238774,NORMAL,136.0,137.0,138.0,25.14133,80.85446,YMNCKT_2026-08-13T13:00:00+0000_134.0324
YMNCKT,Yamuna at Chitrakoot,Yamuna Basin,2026-08-13 14:00:00+00:00,134.08296489061806,NORMAL,136.0,137.0,138.0,25.14133,80.85446,YMNCKT_2026-08-13T14:00:00+0000_134.0830
YMNCKT,Yamuna at Chitrakoot,Yamuna Basin,2026-08-13 15:00:00+00:00,134.168594142032,NORMAL,136.0,137.0,138.0,25.14133,80.85446,YMNCKT_2026-08-13T15:00:00+0000_134.1686
YMNCKT,Yamuna at Chitrakoot,Yamuna Basin,2026-08-13 16:00:00+00:00,134.1613924487077,NORMAL,136.0,137.0,138.0,25.14133,80.85446,YMNCKT_2026-08-13T16:00:00+0000_134.1614
YMNCKT,Yamuna at Chitrakoot,Yamuna Basin,2026-08-13 17:00:00+00:00,134.2402882435543,NORMAL,136.0,137.0,138.0,25.14133,80.85446,YMNCKT_2026-08-13T17:00:00+0000_134.2403
YMNCKT,Yamuna at Chitrakoot,Yamuna Basin,2026-08-13 18:00:00+00:00,134.25165754779067,NORMAL,136.0,137.0,138.0,25.14133,80.85446,YMNCKT_2026-08-13T18:00:00+0000_134.2517
YMNCKT,Yamuna at Chitrakoot,Yamuna Basin,2026-08-13 19:00:00+00:00,,,136.0,137.0,138.0,25.14133,80.85446,YMNCKT_2026-08-13T19:00:00+0000_
YMNCKT,Yamuna at Chitrakoot,Yamuna Basin,2026-08-13 20:00:00+00:00,134.24803215503348,NORMAL,136.0,137.0,138.0,25.14133,80.85446,YMNCKT_2026-08-13T20:00:00+0000_134.2480
YMNCKT,Yamuna at Chitrakoot,Yamuna Basin,2026-08-13 21:00:00+00:00,134.22882020492133,NORMAL,136.0,137.0,138.0,25.14133,80.85446,YMNCKT_2026-08-13T21:00:00+0000_134.2288
YMNCKT,Yamuna at Chitrakoot,Yamuna Basin,2026-08-13 22:00:00+00:00,134.180091398926,NORMAL,136.0,137.0,138.0,25.14133,80.85446,YMNCKT_2026-08-13T22:00:00+0000_134.1801
YMNCKT,Yamuna at Chitrakoot,Yamuna Basin,2026-08-13 23:00:00+00:00,134.15741769588297,NORMAL,136.0,137.0,138.0,25.14133,80.85446,YMNCKT_2026-08-13T23:00:00+0000_134.1574
YMNCKT,Yamuna at Chitrakoot,Yamuna Basin,2026-08-14 00:00:00+00:00,134.0474751618915,NORMAL,136.0,137.0,138.0,25.14133,80.85446,YMNCKT_2026-08-14T00:00:00+0000_134.0475
YMNCKT,Yamuna at Chitrakoot,Yamuna Basin,2026-08-14 01:00:00+00:00,133.99118050204768,NORMAL,136.0,137.0,138.0,25.14133,80.85446,YMNCKT_2026-08-14T01:00:00+0000_133.9912
YMNCKT,Yamuna at Chitrakoot,Yamuna Basin,2026-08-14 02:00:00+00:00,133.95473982205164,NORMAL,136.0,137.0,138.0,25.14133,80.85446,YMNCKT_2026-08-14T02:00:00+0000_133.9547
YMNCKT,Yamuna at Chitrakoot,Yamuna Basin,2026-08-14 03:00:00+00:00,133.90487209536485,NORMAL,136.0,137.0,138.0,25.14133,80.85446,YMNCKT_2026-08-14T03:00:00+0000_133.9049
YMNCKT,Yamuna at Chitrakoot,Yamuna Basin,2026-08-14 04:00:00+00:00,133.90589562220248,NORMAL,136.0,137.0,138.0,25.14133,80.85446,YMNCKT_2026-08-14T04:00:00+0000_133.9059
YMNCKT,Yamuna at Chitrakoot,Yamuna Basin,2026-08-14 05:00:00+00:00,133.85914888360077,NORMAL,136.0,137.0,138.0,25.14133,80.85446,YMNCKT_2026-08-14T05:00:00+0000_133.8591
YMNCKT,Yamuna at Chitrakoot,Yamuna Basin,2026-08-14 06:00:00+00:00,133.7991504770703,NORMAL,136.0,137.0,138.0,25.14133,80.85446,YMNCKT_2026-08-14T06:00:00+0000_133.7992
YMNCKT,Yamuna at Chitrakoot,Yamuna Basin,2026-08-14 07:00:00+00:00,133.85059799461774,NORMAL,136.0,137.0,138.0,25.14133,80.85446,YMNCKT_2026-08-14T07:00:00+0000_133.8506
YMNCKT,Yamuna at Chitrakoot,Yamuna Basin,2026-08-14 08:00:00+00:00,133.84742160719108,NORMAL,136.0,137.0,138.0,25.14133,80.85446,YMNCKT_2026-08-14T08:00:00+0000_133.8474
YMNCKT,Yamuna at Chitrakoot,Yamuna Basin,2026-08-14 09:00:00+00:00,133.8331993122856,NORMAL,136.0,137.0,138.0,25.14133,80.85446,YMNCKT_2026-08-14T09:00:00+0000_133.8332
YMNCKT,Yamuna at Chitrakoot,Yamuna Basin,2026-08-14 10:00:00+00:00,133.87271524695382,NORMAL,136.0,137.0,138.0,25.14133,80.85446,YMNCKT_2026-08-14T10:00:00+0000_133.8727
YMNCKT,Yamuna at Chitrakoot,Yamuna Basin,2026-08-14 11:00:00+00:00,133.95971537106035,NORMAL,136.0,137.0,138.0,25.14133,80.85446,YMNCKT_2026-08-14T11:00:00+0000_133.9597
YMNCKT,Yamuna at Chitrakoot,Yamuna Basin,2026-08-14 12:00:00+00:00,134.00384535360487,NORMAL,136.0,137.0,138.0,25.14133,80.85446,YMNCKT_2026-08-14T12:00:00+0000_134.0038
YMNCKT,Yamuna at Chitrakoot,Yamuna Basin,2026-08-14 13:00:00+00:00,134.0390241119742,NORMAL,136.0,137.0,138.0,25.14133,80.85446,YMNCKT_2026-08-14T13:00:00+0000_134.0390
YMNCKT,Yamuna at Chitrakoot,Yamuna Basin,2026-08-14 14:00:00+00:00,134.06810153720988,NORMAL,136.0,137.0,138.0,25.14133,80.85446,YMNCKT_2026-08-14T14:00:00+0000_134.0681
YMNCKT,Yamuna at Chitrakoot,Yamuna Basin,2026-08-14 15:00:00+00:00,134.14150313845994,NORMAL,136.0,137.0,138.0,25.14133,80.85446,YMNCKT_2026-08-14T15:00:00+0000_134.1415
YMNCKT,Yamuna at Chitrakoot,Yamuna Basin,2026-08-14 16:00:00+00:00,134.21419721489067,NORMAL,136.0,137.0,138.0,25.14133,80.85446,YMNCKT_2026-08-14T16:00:00+0000_134.2142
YMNCKT,Yamuna at Chitrakoot,Yamuna Basin,2026-08-14 17:00:00+00:00,134.1994699616728,NORMAL,136.0,137.0,138.0,25.14133,80.85446,YMNCKT_2026-08-14T17:00:00+0000_134.1995
YMNCKT,Yamuna at Chitrakoot,Yamuna Basin,2026-08-14 18:00:00+00:00,134.20440104051443,NORMAL,136.0,137.0,138.0,25.14133,80.85446,YMNCKT_2026-08-14T18:00:00+0000_134.2044
YMNCKT,Yamuna at Chitrakoot,Yamuna Basin,2026-08-14 19:00:00+00:00,134.22443627389245,NORMAL,136.0,137.0,138.0,25.14133,80.85446,YMNCKT_2026-08-14T19:00:00+0000_134.2244
YMNCKT,Yamuna at Chitrakoot,Yamuna Basin,2026-08-14 20:00:00+00:00,134.23613712602926,NORMAL,136.0,137.0,138.0,25.14133,80.85446,YMNCKT_2026-08-14T20:00:00+0000_134.2361
YMNCKT,Yamuna at Chitrakoot,Yamuna Basin,2026-08-14 21:00:00+00:00,134.25713936052756,NORMAL,136.0,137.0,138.0,25.14133,80.85446,YMNCKT_2026-08-14T21:00:00+0000_134.2571
YMNCKT,Yamuna at Chitrakoot,Yamuna Basin,2026-08-14 22:00:00+00:00,134.13221587574247,NORMAL,136.0,137.0,138.0,25.14133,80.85446,YMNCKT_2026-08-14T22:00:00+0000_134.1322
YMNCKT,Yamuna at Chitrakoot,Yamuna Basin,2026-08-14 23:00:00+00:00,134.1071247949478,NORMAL,136.0,137.0,138.0,25.14133,80.85446,YMNCKT_2026-08-14T23:00:00+0000_134.1071
YMNCKT,Yamuna at Chitrakoot,Yamuna Basin,2026-08-15 00:00:00+00:00,134.1042922801997,NORMAL,136.0,137.0,138.0,25.14133,80.85446,YMNCKT_2026-08-15T00:00:00+0000_134.1043
YMNCKT,Yamuna at Chitrakoot,Yamuna Basin,2026-08-15 01:00:00+00:00,134.0219013804909,NORMAL,136.0,137.0,138.0,25.14133,80.85446,YMNCKT_2026-08-15T01:00:00+0000_134.0219
YMNCKT,Yamuna at Chitrakoot,Yamuna Basin,2026-08-15 02:00:00+00:00,133.9881642921586,NORMAL,136.0,137.0,138.0,25.14133,80.85446,YMNCKT_2026-08-15T02:00:00+0000_133.9882
YMNCKT,Yamuna at Chitrakoot,Yamuna Basin,2026-08-15 03:00:00+00:00,133.91699510322363,NORMAL,136.0,137.0,138.0,25.14133,80.85446,YMNCKT_2026-08-15T03:00:00+0000_133.9170
YMNCKT,Yamuna at Chitrakoot,Yamuna Basin,2026-08-15 04:00:00+00:00,133.9055269675115,NORMAL,136.0,137.0,138.0,25.14133,80.85446,YMNCKT_2026-08-15T04:00:00+0000_133.9055
YMNCKT,Yamuna at Chitrakoot,Yamuna Basin,2026-08-15 05:00:00+00:00,133.85335110650666,NORMAL,136.0,137.0,138.0,25.14133,80.85446,YMNCKT_2026-08-15T05:00:00+0000_133.8534
YMNCKT,Yamuna at Chitrakoot,Yamuna Basin,2026-08-15 06:00:00+00:00,133.83619508749942,NORMAL,136.0,137.0,138.0,25.14133,80.85446,YMNCKT_2026-08-15T06:00:00+0000_133.8362
YMNCKT,Yamuna at Chitrakoot,Yamuna Basin,2026-08-15 07:00:00+00:00,133.7582057435386,NORMAL,136.0,137.0,138.0,25.14133,80.85446,YMNCKT_2026-08-15T07:00:00+0000_133.7582
YMNCKT,Yamuna at Chitrakoot,Yamuna Basin,2026-08-15 08:00:00+00:00,133.83428151828355,NORMAL,136.0,137.0,138.0,25.14133,80.85446,YMNCKT_2026-08-15T08:00:00+0000_133.8343
YMNCKT,Yamuna at Chitrakoot,Yamuna Basin,2026-08-15 09:00:00+00:00,133.86108005278106,NORMAL,136.0,137.0,138.0,25.14133,80.85446,YMNCKT_2026-08-15T09:00:00+0000_133.8611
YMNCKT,Yamuna at Chitrakoot,Yamuna Basin,2026-08-15 10:00:00+00:00,133.90644972032018,NORMAL,136.0,137.0,138.0,25.14133,80.85446,YMNCKT_2026-08-15T10:00:00+0000_133.9064
YMNCKT,Yamuna at Chitrakoot,Yamuna Basin,2026-08-15 11:00:00+00:00,133.8676664868731,NORMAL,136.0,137.0,138.0,25.14133,80.85446,YMNCKT_2026-08-15T11:00:00+0000_133.8677
YMNCKT,Yamuna at Chitrakoot,Yamuna Basin,2026-08-15 12:00:00+00:00,133.99759673885112,NORMAL,136.0,137.0,138.0,25.14133,80.85446,YMNCKT_2026-08-15T12:00:00+0000_133.9976
YMNCKT,Yamuna at Chitrakoot,Yamuna Basin,2026-08-15 13:00:00+00:00,134.01533976308613,NORMAL,136.0,137.0,138.0,25.14133,80.85446,YMNCKT_2026-08-15T13:00:00+0000_134.0153
YMNCKT,Yamuna at Chitrakoot,Yamuna Basin,2026-08-15 14:00:00+00:00,134.11474694533948,NORMAL,136.0,137.0,138.0,25.14133,80.85446,YMNCKT_2026-08-15T14:00:00+0000_134.1147
YMNCKT,Yamuna at Chitrakoot,Yamuna Basin,2026-08-15 15:00:00+00:00,134.1106123710043,NORMAL,136.0,137.0,138.0,25.14133,80.85446,YMNCKT_2026-08-15T15:00:00+0000_134.1106
YMNCKT,Yamuna at Chitrakoot,Yamuna Basin,2026-08-15 16:00:00+00:00,134.1480055193274,NORMAL,136.0,137.0,138.0,25.14133,80.85446,YMNCKT_2026-08-15T16:00:00+0000_134.1480
YMNCKT,Yamuna at Chitrakoot,Yamuna Basin,2026-08-15 17:00:00+00:00,134.18524341068445,NORMAL,136.0,137.0,138.0,25.14133,80.85446,YMNCKT_2026-08-15T17:00:00+0000_134.1852
YMNCKT,Yamuna at Chitrakoot,Yamuna Basin,2026-08-15 18:00:00+00:00,138.22343686045892,HIGH_FLOOD_EXCEEDED,136.0,137.0,138.0,25.14133,80.85446,YMNCKT_2026-08-15T18:00:00+0000_138.2234
YMNCKT,Yamuna at Chitrakoot,Yamuna Basin,2026-08-15 19:00:00+00:00,137.86542489566074,DANGER,136.0,137.0,138.0,25.14133,80.85446,YMNCKT_2026-08-15T19:00:00+0000_137.8654
YMNCKT,Yamuna at Chitrakoot,Yamuna Basin,2026-08-15 20:00:00+00:00,137.49133126974803,DANGER,136.0,137.0,138.0,25.14133,80.85446,YMNCKT_2026-08-15T20:00:00+0000_137.4913
YMNCKT,Yamuna at Chitrakoot,Yamuna Basin,2026-08-15 21:00:00+00:00,137.0837286227182,DANGER,136.0,137.0,138.0,25.14133,80.85446,YMNCKT_2026-08-15T21:00:00+0000_137.0837
YMNCKT,Yamuna at Chitrakoot,Yamuna Basin,2026-08-15 22:00:00+00:00,136.81767527337263,WARNING,136.0,137.0,138.0,25.14133,80.85446,YMNCKT_2026-08-15T22:00:00+0000_136.8177
YMNCKT,Yamuna at Chitrakoot,Yamuna Basin,2026-08-15 23:00:00+00:00,136.43830789348655,WARNING,136.0,137.0,138.0,25.14133,80.85446,YMNCKT_2026-08-15T23:00:00+0000_136.4383
YMNCKT,Yamuna at Chitrakoot,Yamuna Basin,2026-08-16 00:00:00+00:00,,,136.0,137.0,138.0,25.14133,80.85446,YMNCKT_2026-08-16T00:00:00+0000_
YMNCKT,Yamuna at Chitrakoot,Yamuna Basin,2026-08-16 01:00:00+00:00,133.99701084483843,NORMAL,136.0,137.0,138.0,25.14133,80.85446,YMNCKT_2026-08-16T01:00:00+0000_133.9970
YMNCKT,Yamuna at Chitrakoot,Yamuna Basin,2026-08-16 02:00:00+00:00,133.98576990575847,NORMAL,136.0,137.0,138.0,25.14133,80.85446,YMNCKT_2026-08-16T02:00:00+0000_133.9858
YMNCKT,Yamuna at Chitrakoot,Yamuna Basin,2026-08-16 03:00:00+00:00,133.9113102499171,NORMAL,136.0,137.0,138.0,25.14133,80.85446,YMNCKT_2026-08-16T03:00:00+0000_133.9113
YMNCKT,Yamuna at Chitrakoot,Yamuna Basin,2026-08-16 04:00:00+00:00,133.91258987905644,NORMAL,136.0,137.0,138.0,25.14133,80.85446,YMNCKT_2026-08-16T04:00:00+0000_133.9126
YMNCKT,Yamuna at Chitrakoot,Yamuna Basin,2026-08-16 05:00:00+00:00,133.79534843311296,NORMAL,136.0,137.0,138.0,25.14133,80.85446,YMNCKT_2026-08-16T05:00:00+0000_133.7953
YMNCKT,Yamuna at Chitrakoot,Yamuna Basin,2026-08-16 06:00:00+00:00,133.7760129446301,NORMAL,136.0,137.0,138.0,25.14133,80.85446,YMNCKT_2026-08-16T06:00:00+0000_133.7760
YMNCKT,Yamuna at Chitrakoot,Yamuna Basin,2026-08-16 07:00:00+00:00,133.76104356819036,NORMAL,136.0,137.0,138.0,25.14133,80.85446,YMNCKT_2026-08-16T07:00:00+0000_133.7610
YMNCKT,Yamuna at Chitrakoot,Yamuna Basin,2026-08-16 08:00:00+00:00,133.7816111741048,NORMAL,136.0,137.0,138.0,25.14133,80.85446,YMNCKT_2026-08-16T08:00:00+0000_133.7816
YMNCKT,Yamuna at Chitrakoot,Yamuna Basin,2026-08-16 09:00:00+00:00,133.86054364842775,NORMAL,136.0,137.0,138.0,25.14133,80.85446,YMNCKT_2026-08-16T09:00:00+0000_133.8605
YMNCKT,Yamuna at Chitrakoot,Yamuna Basin,2026-08-16 10:00:00+00:00,,,136.0,137.0,138.0,25.14133,80.85446,YMNCKT_2026-08-16T10:00:00+0000_
YMNCKT,Yamuna at Chitrakoot,Yamuna Basin,2026-08-16 11:00:00+00:00,133.8633245401721,NORMAL,136.0,137.0,138.0,25.14133,80.85446,YMNCKT_2026-08-16T11:00:00+0000_133.8633
YMNCKT,Yamuna at Chitrakoot,Yamuna Basin,2026-08-16 12:00:00+00:00,133.97105671951485,NORMAL,136.0,137.0,138.0,25.14133,80.85446,YMNCKT_2026-08-16T12:00:00+0000_133.9711
YMNCKT,Yamuna at Chitrakoot,Yamuna Basin,2026-08-16 13:00:00+00:00,134.03616055596692,NORMAL,136.0,137.0,138.0,25.14133,80.85446,YMNCKT_2026-08-16T13:00:00+0000_134.0362
YMNCKT,Yamuna at Chitrakoot,Yamuna Basin,2026-08-16 14:00:00+00:00,134.03539139766238,NORMAL,136.0,137.0,138.0,25.14133,80.85446,YMNCKT_2026-08-16T14:00:00+0000_134.0354
YMNCKT,Yamuna at Chitrakoot,Yamuna Basin,2026-08-16 15:00:00+00:00,134.1273730843375,NORMAL,136.0,137.0,138.0,25.14133,80.85446,YMNCKT_2026-08-16T15:00:00+0000_134.1274
YMNCKT,Yamuna at Chitrakoot,Yamuna Basin,2026-08-16 16:00:00+00:00,134.12977385164982,NORMAL,136.0,137.0,138.0,25.14133,80.85446,YMNCKT_2026-08-16T16:00:00+0000_134.1298
YMNCKT,Yamuna at Chitrakoot,Yamuna Basin,2026-08-16 17:00:00+00:00,134.25411342167695,NORMAL,136.0,137.0,138.0,25.14133,80.85446,YMNCKT_2026-08-16T17:00:00+0000_134.2541
YMNCKT,Yamuna at Chitrakoot,Yamuna Basin,2026-08-16 18:00:00+00:00,134.22972511099172,NORMAL,136.0,137.0,138.0,25.14133,80.85446,YMNCKT_2026-08-16T18:00:00+0000_134.2297
YMNCKT,Yamuna at Chitrakoot,Yamuna Basin,2026-08-16 19:00:00+00:00,134.24590657428968,NORMAL,136.0,137.0,138.0,25.14133,80.85446,YMNCKT_2026-08-16T19:00:00+0000_134.2459
YMNCKT,Yamuna at Chitrakoot,Yamuna Basin,2026-08-16 20:00:00+00:00,134.24905371146613,NORMAL,136.0,137.0,138.0,25.14133,80.85446,YMNCKT_2026-08-16T20:00:00+0000_134.2491
YMNCKT,Yamuna at Chitrakoot,Yamuna Basin,2026-08-16 21:00:00+00:00,134.24002275975056,NORMAL,136.0,137.0,138.0,25.14133,80.85446,YMNCKT_2026-08-16T21:00:00+0000_134.2400
YMNCKT,Yamuna at Chitrakoot,Yamuna Basin,2026-08-16 22:00:00+00:00,134.17280563543108,NORMAL,136.0,137.0,138.0,25.14133,80.85446,YMNCKT_2026-08-16T22:00:00+0000_134.1728
YMNCKT,Yamuna at Chitrakoot,Yamuna Basin,2026-08-16 23:00:00+00:00,134.15678679614783,NORMAL,136.0,137.0,138.0,25.14133,80.85446,YMNCKT_2026-08-16T23:00:00+0000_134.1568
YMNCKT,Yamuna at Chitrakoot,Yamuna Basin,2026-08-17 00:00:00+00:00,134.06887238609593,NORMAL,136.0,137.0,138.0,25.14133,80.85446,YMNCKT_2026-08-17T00:00:00+0000_134.0689
YMNCKT,Yamuna at Chitrakoot,Yamuna Basin,2026-08-17 01:00:00+00:00,133.98529244433598,NORMAL,136.0,137.0,138.0,25.14133,80.85446,YMNCKT_2026-08-17T01:00:00+0000_133.9853
YMNCKT,Yamuna at Chitrakoot,Yamuna Basin,2026-08-17 02:00:00+00:00,133.9927887857695,NORMAL,136.0,137.0,138.0,25.14133,80.85446,YMNCKT_2026-08-17T02:00:00+0000_133.9928
YMNCKT,Yamuna at Chitrakoot,Yamuna Basin,2026-08-17 03:00:00+00:00,134.8999256153322,NORMAL,136.0,137.0,138.0,25.14133,80.85446,YMNCKT_2026-08-17T03:00:00+0000_134.8999
YMNCKT,Yamuna at Chitrakoot,Yamuna Basin,2026-08-17 04:00:00+00:00,134.75846403025906,NORMAL,136.0,137.0,138.0,25.14133,80.85446,YMNCKT_2026-08-17T04:00:00+0000_134.7585
YMNCKT,Yamuna at Chitrakoot,Yamuna Basin,2026-08-17 05:00:00+00:00,133.84750764106346,NORMAL,136.0,137.0,138.0,25.14133,80.85446,YMNCKT_2026-08-17T05:00:00+0000_133.8475
YMNCKT,Yamuna at Chitrakoot,Yamuna Basin,2026-08-17 06:00:00+00:00,133.83393407639062,NORMAL,136.0,137.0,138.0,25.14133,80.85446,YMNCKT_2026-08-17T06:00:00+0000_133.8339
YMNCKT,Yamuna at Chitrakoot,Yamuna Basin,2026-08-17 07:00:00+00:00,133.77982173888049,NORMAL,136.0,137.0,138.0,25.14133,80.85446,YMNCKT_2026-08-17T07:00:00+0000_133.7798
YMNCKT,Yamuna at Chitrakoot,Yamuna Basin,2026-08-17 08:00:00+00:00,133.83172820976353,NORMAL,136.0,137.0,138.0,25.14133,80.85446,YMNCKT_2026-08-17T08:00:00+0000_133.8317
YMNCKT,Yamuna at Chitrakoot,Yamuna Basin,2026-08-17 09:00:00+00:00,,,136.0,137.0,138.0,25.14133,80.85446,YMNCKT_2026-08-17T09:00:00+0000_
YMNCKT,Yamuna at Chitrakoot,Yamuna Basin,2026-08-17 10:00:00+00:00,133.90482988755264,NORMAL,136.0,137.0,138.0,25.14133,80.85446,YMNCKT_2026-08-17T10:00:00+0000_133.9048
YMNCKT,Yamuna at Chitrakoot,Yamuna Basin,2026-08-17 11:00:00+00:00,133.89589259222595,NORMAL,136.0,137.0,138.0,25.14133,80.85446,YMNCKT_2026-08-17T11:00:00+0000_133.8959
YMNCKT,Yamuna at Chitrakoot,Yamuna Basin,2026-08-17 12:00:00+00:00,133.9700071750287,NORMAL,136.0,137.0,138.0,25.14133,80.85446,YMNCKT_2026-08-17T12:00:00+0000_133.9700
YMNCKT,Yamuna at Chitrakoot,Yamuna Basin,2026-08-17 13:00:00+00:00,134.03541903529853,NORMAL,136.0,137.0,138.0,25.14133,80.85446,YMNCKT_2026-08-17T13:00:00+0000_134.0354
YMNCKT,Yamuna at Chitrakoot,Yamuna Basin,2026-08-17 14:00:00+00:00,134.09229388932133,NORMAL,136.0,137.0,138.0,25.14133,80.85446,YMNCKT_2026-08-17T14:00:00+0000_134.0923
YMNCKT,Yamuna at Chitrakoot,Yamuna Basin,2026-08-17 15:00:00+00:00,134.147773807039,NORMAL,136.0,137.0,138.0,25.14133,80.85446,YMNCKT_2026-08-17T15:00:00+0000_134.1478
YMNCKT,Yamuna at Chitrakoot,Yamuna Basin,2026-08-17 16:00:00+00:00,134.15990800281287,NORMAL,136.0,137.0,138.0,25.14133,80.85446,YMNCKT_2026-08-17T16:00:00+0000_134.1599
YMNCKT,Yamuna at Chitrakoot,Yamuna Basin,2026-08-17 17:00:00+00:00,134.23026360050883,NORMAL,136.0,137.0,138.0,25.14133,80.85446,YMNCKT_2026-08-17T17:00:00+0000_134.2303
YMNCKT,Yamuna at Chitrakoot,Yamuna Basin,2026-08-17 18:00:00+00:00,134.27067930731118,NORMAL,136.0,137.0,138.0,25.14133,80.85446,YMNCKT_2026-08-17T18:00:00+0000_134.2707
YMNCKT,Yamuna at Chitrakoot,Yamuna Basin,2026-08-17 19:00:00+00:00,134.2299318794183,NORMAL,136.0,137.0,138.0,25.14133,80.85446,YMNCKT_2026-08-17T19:00:00+0000_134.2299
YMNCKT,Yamuna at Chitrakoot,Yamuna Basin,2026-08-17 19:00:00+00:00,135.2299318794183,NORMAL,137.0,137.5,138.5,25.14133,80.85446,YMNCKT_2026-08-17T19:00:00+0000_135.2299
YMNCKT,Yamuna at Chitrakoot,Yamuna Basin,2026-08-17 20:00:00+00:00,135.21347304618408,NORMAL,137.0,137.5,138.5,25.14133,80.85446,YMNCKT_2026-08-17T20:00:00+0000_135.2135
YMNCKT,Yamuna at Chitrakoot,Yamuna Basin,2026-08-17 21:00:00+00:00,135.15491457072616,NORMAL,137.0,137.5,138.5,25.14133,80.85446,YMNCKT_2026-08-17T21:00:00+0000_135.1549
YMNCKT,Yamuna at Chitrakoot,Yamuna Basin,2026-08-17 22:00:00+00:00,135.20148301015425,NORMAL,137.0,137.5,138.5,25.14133,80.85446,YMNCKT_2026-08-17T22:00:00+0000_135.2015
YMNCKT,Yamuna at Chitrakoot,Yamuna Basin,2026-08-17 23:00:00+00:00,135.16609972877626,NORMAL,137.0,137.5,138.5,25.14133,80.85446,YMNCKT_2026-08-17T23:00:00+0000_135.1661
YMNCKT,Yamuna at Chitrakoot,Yamuna Basin,2026-08-18 00:00:00+00:00,135.03452102765877,NORMAL,137.0,137.5,138.5,25.14133,80.85446,YMNCKT_2026-08-18T00:00:00+0000_135.0345
YMNCKT,Yamuna at Chitrakoot,Yamuna Basin,2026-08-18 01:00:00+00:00,134.98672868229514,NORMAL,137.0,137.5,138.5,25.14133,80.85446,YMNCKT_2026-08-18T01:00:00+0000_134.9867
YMNCKT,Yamuna at Chitrakoot,Yamuna Basin,2026-08-18 02:00:00+00:00,134.94998149883344,NORMAL,137.0,137.5,138.5,25.14133,80.85446,YMNCKT_2026-08-18T02:00:00+0000_134.9500
YMNCKT,Yamuna at Chitrakoot,Yamuna Basin,2026-08-18 03:00:00+00:00,134.9283998409246,NORMAL,137.0,137.5,138.5,25.14133,80.85446,YMNCKT_2026-08-18T03:00:00+0000_134.9284
YMNCKT,Yamuna at Chitrakoot,Yamuna Basin,2026-08-18 04:00:00+00:00,134.80555979370433,NORMAL,137.0,137.5,138.5,25.14133,80.85446,YMNCKT_2026-08-18T04:00:00+0000_134.8056
YMNCKT,Yamuna at Chitrakoot,Yamuna Basin,2026-08-18 05:00:00+00:00,134.8518460866125,NORMAL,137.0,137.5,138.5,25.14133,80.85446,YMNCKT_2026-08-18T05:00:00+0000_134.8518
YMNCKT,Yamuna at Chitrakoot,Yamuna Basin,2026-08-18 06:00:00+00:00,134.81151859832036,NORMAL,137.0,137.5,138.5,25.14133,80.85446,YMNCKT_2026-08-18T06:00:00+0000_134.8115
YMNCKT,Yamuna at Chitrakoot,Yamuna Basin,2026-08-18 07:00:00+00:00,134.78940512345054,NORMAL,137.0,137.5,138.5,25.14133,80.85446,YMNCKT_2026-08-18T07:00:00+0000_134.7894
YMNCKT,Yamuna at Chitrakoot,Yamuna Basin,2026-08-18 08:00:00+00:00,134.8046800482566,NORMAL,137.0,137.5,138.5,25.14133,80.85446,YMNCKT_2026-08-18T08:00:00+0000_134.8047
YMNCKT,Yamuna at Chitrakoot,Yamuna Basin,2026-08-18 09:00:00+00:00,134.77889598796384,NORMAL,137.0,137.5,138.5,25.14133,80.85446,YMNCKT_2026-08-18T09:00:00+0000_134.7789
YMNCKT,Yamuna at Chitrakoot,Yamuna Basin,2026-08-18 10:00:00+00:00,134.8403081522769,NORMAL,137.0,137.5,138.5,25.14133,80.85446,YMNCKT_2026-08-18T10:00:00+0000_134.8403
