station_code,station_name,basin_name,timestamp,water_level,flood_status,warning_level,danger_level,high_flood_level,latitude,longitude,dedup_key
CAVMSI,Cauvery at Musiri,Cauvery,2025-09-05 08:30:00+00:00,81.17,NORMAL,84.51,85.4,89.25,10.93805556,78.44027778,CAVMSI_2025-09-05T08:30:00+0000_81.1700
CAVMSI,Cauvery at Musiri,Cauvery,2025-09-05 09:30:00+00:00,81.17,NORMAL,84.51,85.4,89.25,10.93805556,78.44027778,CAVMSI_2025-09-05T09:30:00+0000_81.1700
CAVMSI,Cauvery at Musiri,Cauvery,2025-09-05 10:30:00+00:00,81.17,NORMAL,84.51,85.4,89.25,10.93805556,78.44027778,CAVMSI_2025-09-05T10:30:00+0000_81.1700
CAVMSI,Cauvery at Musiri,Cauvery,2025-09-05 11:30:00+00:00,81.17,NORMAL,84.51,85.4,89.25,10.93805556,78.44027778,CAVMSI_2025-09-05T11:30:00+0000_81.1700
CAVMSI,Cauvery at Musiri,Cauvery,2025-09-05 12:30:00+00:00,81.17,NORMAL,84.51,85.4,89.25,10.93805556,78.44027778,CAVMSI_2025-09-05T12:30:00+0000_81.1700
CAVMSI,Cauvery at Musiri,Cauvery,2025-09-05 13:30:00+00:00,81.17,NORMAL,84.51,85.4,89.25,10.93805556,78.44027778,CAVMSI_2025-09-05T13:30:00+0000_81.1700
CAVMSI,Cauvery at Musiri,Cauvery,2025-09-05 14:30:00+00:00,81.17,NORMAL,84.51,85.4,89.25,10.93805556,78.44027778,CAVMSI_2025-09-05T14:30:00+0000_81.1700
CAVMSI,Cauvery at Musiri,Cauvery,2025-09-05 15:30:00+00:00,81.17,NORMAL,84.51,85.4,89.25,10.93805556,78.44027778,CAVMSI_2025-09-05T15:30:00+0000_81.1700
CAVMSI,Cauvery at Musiri,Cauvery,2025-09-05 16:30:00+00:00,81.17,NORMAL,84.51,85.4,89.25,10.93805556,78.44027778,CAVMSI_2025-09-05T16:30:00+0000_81.1700
CAVMSI,Cauvery at Musiri,Cauvery,2025-09-05 17:30:00+00:00,81.17,NORMAL,84.51,85.4,89.25,10.93805556,78.44027778,CAVMSI_2025-09-05T17:30:00+0000_81.1700
CAVMSI,Cauvery at Musiri,Cauvery,2025-09-05 18:30:00+00:00,81.17,NORMAL,84.51,85.4,89.25,10.93805556,78.44027778,CAVMSI_2025-09-05T18:30:00+0000_81.1700
CAVMSI,Cauvery at Musiri,Cauvery,2025-09-05 19:30:00+00:00,81.17,NORMAL,84.51,85.4,89.25,10.93805556,78.44027778,CAVMSI_2025-09-05T19:30:00+0000_81.1700
CAVMSI,Cauvery at Musiri,Cauvery,2025-09-05 20:30:00+00:00,81.17,NORMAL,84.51,85.4,89.25,10.93805556,78.44027778,CAVMSI_2025-09-05T20:30:00+0000_81.1700
CAVMSI,Cauvery at Musiri,Cauvery,2025-09-05 21:30:00+00:00,81.17,NORMAL,84.51,85.4,89.25,10.93805556,78.44027778,CAVMSI_2025-09-05T21:30:00+0000_81.1700
CAVMSI,Cauvery at Musiri,Cauvery,2025-09-05 22:30:00+00:00,81.17,NORMAL,84.51,85.4,89.25,10.93805556,78.44027778,CAVMSI_2025-09-05T22:30:00+0000_81.1700
CAVMSI,Cauvery at Musiri,Cauvery,2025-09-05 23:30:00+00:00,81.17,NORMAL,84.51,85.4,89.25,10.93805556,78.44027778,CAVMSI_2025-09-05T23:30:00+0000_81.1700
CAVMSI,Cauvery at Musiri,Cauvery,2025-09-06 00:30:00+00:00,81.17,NORMAL,84.51,85.4,89.25,10.93805556,78.44027778,CAVMSI_2025-09-06T00:30:00+0000_81.1700
CAVMSI,Cauvery at Musiri,Cauvery,2025-09-06 01:30:00+00:00,81.17,NORMAL,84.51,85.4,89.25,10.93805556,78.44027778,CAVMSI_2025-09-06T01:30:00+0000_81.1700
CAVMSI,Cauvery at Musiri,Cauvery,2025-09-06 02:30:00+00:00,81.17,NORMAL,84.51,85.4,89.25,10.93805556,78.44027778,CAVMSI_2025-09-06T02:30:00+0000_81.1700
CAVMSI,Cauvery at Musiri,Cauvery,2025-09-06 03:30:00+00:00,81.17,NORMAL,84.51,85.4,89.25,10.93805556,78.44027778,CAVMSI_2025-09-06T03:30:00+0000_81.1700
CAVMSI,Cauvery at Musiri,Cauvery,2025-09-06 04:30:00+00:00,81.17,NORMAL,84.51,85.4,89.25,10.93805556,78.44027778,CAVMSI_2025-09-06T04:30:00+0000_81.1700
CAVMSI,Cauvery at Musiri,Cauvery,2025-09-06 05:30:00+00:00,81.17,NORMAL,84.51,85.4,89.25,10.93805556,78.44027778,CAVMSI_2025-09-06T05:30:00+0000_81.1700
CAVMSI,Cauvery at Musiri,Cauvery,2025-09-06 06:30:00+00:00,81.17,NORMAL,84.51,85.4,89.25,10.93805556,78.44027778,CAVMSI_2025-09-06T06:30:00+0000_81.1700
CAVMSI,Cauvery at Musiri,Cauvery,2025-09-06 07:30:00+00:00,81.17,NORMAL,84.51,85.4,89.25,10.93805556,78.44027778,CAVMSI_2025-09-06T07:30:00+0000_81.1700
CAVMSI,Cauvery at Musiri,Cauvery,2025-09-06 08:30:00+00:00,81.17,NORMAL,84.51,85.4,89.25,10.93805556,78.44027778,CAVMSI_2025-09-06T08:30:00+0000_81.1700
CAVMSI,Cauvery at Musiri,Cauvery,2025-09-06 09:30:00+00:00,81.17,NORMAL,84.51,85.4,89.25,10.93805556,78.44027778,CAVMSI_2025-09-06T09:30:00+0000_81.1700
CAVMSI,Cauvery at Musiri,Cauvery,2025-09-06 10:30:00+00:00,81.17,NORMAL,84.51,85.4,89.25,10.93805556,78.44027778,CAVMSI_2025-09-06T10:30:00+0000_81.1700
CAVMSI,Cauvery at Musiri,Cauvery,2025-09-06 11:30:00+00:00,81.17,NORMAL,84.51,85.4,89.25,10.93805556,78.44027778,CAVMSI_2025-09-06T11:30:00+0000_81.1700
CAVMSI,Cauvery at Musiri,Cauvery,2025-09-06 12:30:00+00:00,81.17,NORMAL,84.51,85.4,89.25,10.93805556,78.44027778,CAVMSI_2025-09-06T12:30:00+0000_81.1700
CAVMSI,Cauvery at Musiri,Cauvery,2025-09-06 13:30:00+00:00,81.17,NORMAL,84.51,85.4,89.25,10.93805556,78.44027778,CAVMSI_2025-09-06T13:30:00+0000_81.1700
CAVMSI,Cauvery at Musiri,Cauvery,2025-09-06 14:30:00+00:00,81.17,NORMAL,84.51,85.4,89.25,10.93805556,78.44027778,CAVMSI_2025-09-06T14:30:00+0000_81.1700
CAVMSI,Cauvery at Musiri,Cauvery,2025-09-06 15:30:00+00:00,81.17,NORMAL,84.51,85.4,89.25,10.93805556,78.44027778,CAVMSI_2025-09-06T15:30:00+0000_81.1700
CAVMSI,Cauvery at Musiri,Cauvery,2025-09-06 16:30:00+00:00,81.17,NORMAL,84.51,85.4,89.25,10.93805556,78.44027778,CAVMSI_2025-09-06T16:30:00+0000_81.1700
CAVMSI,Cauvery at Musiri,Cauvery,2025-09-06 17:30:00+00:00,81.17,NORMAL,84.51,85.4,89.25,10.93805556,78.44027778,CAVMSI_2025-09-06T17:30:00+0000_81.1700
CAVMSI,Cauvery at Musiri,Cauvery,2025-09-06 18:30:00+00:00,81.17,NORMAL,84.51,85.4,89.25,10.93805556,78.44027778,CAVMSI_2025-09-06T18:30:00+0000_81.1700
CAVMSI,Cauvery at Musiri,Cauvery,2025-09-06 19:30:00+00:00,81.17,NORMAL,84.51,85.4,89.25,10.93805556,78.44027778,CAVMSI_2025-09-06T19:30:00+0000_81.1700
CAVMSI,Cauvery at Musiri,Cauvery,2025-09-06 20:30:00+00:00,81.17,NORMAL,84.51,85.4,89.25,10.93805556,78.44027778,CAVMSI_2025-09-06T20:30:00+0000_81.1700
CAVMSI,Cauvery at Musiri,Cauvery,2025-09-06 21:30:00+00:00,81.17,NORMAL,84.51,85.4,89.25,10.93805556,78.44027778,CAVMSI_2025-09-06T21:30:00+0000_81.1700
CAVMSI,Cauvery at Musiri,Cauvery,2025-09-06 22:30:00+00:00,81.17,NORMAL,84.51,85.4,89.25,10.93805556,78.44027778,CAVMSI_2025-09-06T22:30:00+0000_81.1700
CAVMSI,Cauvery at Musiri,Cauvery,2025-09-06 23:30:00+00:00,81.17,NORMAL,84.51,85.4,89.25,10.93805556,78.44027778,CAVMSI_2025-09-06T23:30:00+0000_81.1700
CAVMSI,Cauvery at Musiri,Cauvery,2025-09-07 00:30:00+00:00,81.17,NORMAL,84.51,85.4,89.25,10.93805556,78.44027778,CAVMSI_2025-09-07T00:30:00+0000_81.1700
CAVMSI,Cauvery at Musiri,Cauvery,2025-09-07 01:30:00+00:00,81.17,NORMAL,84.51,85.4,89.25,10.93805556,78.44027778,CAVMSI_2025-09-07T01:30:00+0000_81.1700
CAVMSI,Cauvery at Musiri,Cauvery,2025-09-07 02:30:00+00:00,81.17,NORMAL,84.51,85.4,89.25,10.93805556,78.44027778,CAVMSI_2025-09-07T02:30:00+0000_81.1700
CAVMSI,Cauvery at Musiri,Cauvery,2025-09-07 03:30:00+00:00,81.17,NORMAL,84.51,85.4,89.25,10.93805556,78.44027778,CAVMSI_2025-09-07T03:30:00+0000_81.1700
CAVMSI,Cauvery at Musiri,Cauvery,2025-09-07 04:30:00+00:00,81.17,NORMAL,84.51,85.4,89.25,10.93805556,78.44027778,CAVMSI_2025-09-07T04:30:00+0000_81.1700
CAVMSI,Cauvery at Musiri,Cauvery,2025-09-07 05:30:00+00:00,81.17,NORMAL,84.51,85.4,89.25,10.93805556,78.44027778,CAVMSI_2025-09-07T05:30:00+0000_81.1700
CAVMSI,Cauvery at Musiri,Cauvery,2025-09-07 06:30:00+00:00,81.17,NORMAL,84.51,85.4,89.25,10.93805556,78.44027778,CAVMSI_2025-09-07T06:30:00+0000_81.1700
CAVMSI,Cauvery at Musiri,Cauvery,2025-09-07 07:30:00+00:00,81.17,NORMAL,84.51,85.4,89.25,10.93805556,78.44027778,CAVMSI_2025-09-07T07:30:00+0000_81.1700
CAVMSI,Cauvery at Musiri,Cauvery,2025-09-07 08:30:00+00:00,81.17,NORMAL,84.51,85.4,89.25,10.93805556,78.44027778,CAVMSI_2025-09-07T08:30:00+0000_81.1700
CAVMSI,Cauvery at Musiri,Cauvery,2025-09-07 09:30:00+00:00,81.17,NORMAL,84.51,85.4,89.25,10.93805556,78.44027778,CAVMSI_2025-09-07T09:30:00+0000_81.1700
CAVMSI,Cauvery at Musiri,Cauvery,2025-09-07 10:30:00+00:00,81.17,NORMAL,84.51,85.4,89.25,10.93805556,78.44027778,CAVMSI_2025-09-07T10:30:00+0000_81.1700
CAVMSI,Cauvery at Musiri,Cauvery,2025-09-07 11:30:00+00:00,81.17,NORMAL,84.51,85.4,89.25,10.93805556,78.44027778,CAVMSI_2025-09-07T11:30:00+0000_81.1700
CAVMSI,Cauvery at Musiri,Cauvery,2025-09-07 12:30:00+00:00,81.17,NORMAL,84.51,85.4,89.25,10.93805556,78.44027778,CAVMSI_2025-09-07T12:30:00+0000_81.1700
CAVMSI,Cauvery at Musiri,Cauvery,2025-09-07 13:30:00+00:00,81.17,NORMAL,84.51,85.4,89.25,10.93805556,78.44027778,CAVMSI_2025-09-07T13:30:00+0000_81.1700
CAVMSI,Cauvery at Musiri,Cauvery,2025-09-07 14:30:00+00:00,81.17,NORMAL,84.51,85.4,89.25,10.93805556,78.44027778,CAVMSI_2025-09-07T14:30:00+0000_81.1700
CAVMSI,Cauvery at Musiri,Cauvery,2025-09-07 15:30:00+00:00,81.17,NORMAL,84.51,85.4,89.25,10.93805556,78.44027778,CAVMSI_2025-09-07T15:30:00+0000_81.1700
CAVMSI,Cauvery at Musiri,Cauvery,2025-09-07 16:30:00+00:00,81.17,NORMAL,84.51,85.4,89.25,10.93805556,78.44027778,CAVMSI_2025-09-07T16:30:00+0000_81.1700
CAVMSI,Cauvery at Musiri,Cauvery,2025-09-07 17:30:00+00:00,81.17,NORMAL,84.51,85.4,89.25,10.93805556,78.44027778,CAVMSI_2025-09-07T17:30:00+0000_81.1700
CAVMSI,Cauvery at Musiri,Cauvery,2025-09-07 18:30:00+00:00,81.17,NORMAL,84.51,85.4,89.25,10.93805556,78.44027778,CAVMSI_2025-09-07T18:30:00+0000_81.1700
CAVMSI,Cauvery at Musiri,Cauvery,2025-09-07 19:30:00+00:00,81.17,NORMAL,84.51,85.4,89.25,10.93805556,78.44027778,CAVMSI_2025-09-07T19:30:00+0000_81.1700
CAVMSI,Cauvery at Musiri,Cauvery,2025-09-07 20:30:00+00:00,81.17,NORMAL,84.51,85.4,89.25,10.93805556,78.44027778,CAVMSI_2025-09-07T20:30:00+0000_81.1700
CAVMSI,Cauvery at Musiri,Cauvery,2025-09-07 21:30:00+00:00,81.17,NORMAL,84.51,85.4,89.25,10.93805556,78.44027778,CAVMSI_2025-09-07T21:30:00+0000_81.1700
CAVMSI,Cauvery at Musiri,Cauvery,2025-09-07 22:30:00+00:00,81.17,NORMAL,84.51,85.4,89.25,10.93805556,78.44027778,CAVMSI_2025-09-07T22:30:00+0000_81.1700
CAVMSI,Cauvery at Musiri,Cauvery,2025-09-07 23:30:00+00:00,81.17,NORMAL,84.51,85.4,89.25,10.93805556,78.44027778,CAVMSI_2025-09-07T23:30:00+0000_81.1700
CAVMSI,Cauvery at Musiri,Cauvery,2025-09-08 00:30:00+00:00,81.17,NORMAL,84.51,85.4,89.25,10.93805556,78.44027778,CAVMSI_2025-09-08T00:30:00+0000_81.1700
CAVMSI,Cauvery at Musiri,Cauvery,2025-09-08 01:30:00+00:00,81.17,NORMAL,84.51,85.4,89.25,10.93805556,78.44027778,CAVMSI_2025-09-08T01:30:00+0000_81.1700
CAVMSI,Cauvery at Musiri,Cauvery,2025-09-08 02:30:00+00:00,81.17,NORMAL,84.51,85.4,89.25,10.93805556,78.44027778,CAVMSI_2025-09-08T02:30:00+0000_81.1700
CAVMSI,Cauvery at Musiri,Cauvery,2025-09-08 03:30:00+00:00,81.17,NORMAL,84.51,85.4,89.25,10.93805556,78.44027778,CAVMSI_2025-09-08T03:30:00+0000_81.1700
CAVMSI,Cauvery at Musiri,Cauvery,2025-09-08 04:30:00+00:00,81.17,NORMAL,84.51,85.4,89.25,10.93805556,78.44027778,CAVMSI_2025-09-08T04:30:00+0000_81.1700
CAVMSI,Cauvery at Musiri,Cauvery,2025-09-08 05:30:00+00:00,81.17,NORMAL,84.51,85.4,89.25,10.93805556,78.44027778,CAVMSI_2025-09-08T05:30:00+0000_81.1700
CAVMSI,Cauvery at Musiri,Cauvery,2025-09-08 06:30:00+00:00,81.17,NORMAL,84.51,85.4,89.25,10.93805556,78.44027778,CAVMSI_2025-09-08T06:30:00+0000_81.1700
CAVMSI,Cauvery at Musiri,Cauvery,2025-09-08 07:30:00+00:00,81.17,NORMAL,84.51,85.4,89.25,10.93805556,78.44027778,CAVMSI_2025-09-08T07:30:00+0000_81.1700
CAVMSI,Cauvery at Musiri,Cauvery,2025-09-08 08:30:00+00:00,81.17,NORMAL,84.51,85.4,89.25,10.93805556,78.44027778,CAVMSI_2025-09-08T08:30:00+0000_81.1700
CAVMSI,Cauvery at Musiri,Cauvery,2025-09-08 09:30:00+00:00,81.17,NORMAL,84.51,85.4,89.25,10.93805556,78.44027778,CAVMSI_2025-09-08T09:30:00+0000_81.1700
CAVMSI,Cauvery at Musiri,Cauvery,2025-09-08 10:30:00+00:00,81.17,NORMAL,84.51,85.4,89.25,10.93805556,78.44027778,CAVMSI_2025-09-08T10:30:00+0000_81.1700
CAVMSI,Cauvery at Musiri,Cauvery,2025-09-08 11:30:00+00:00,81.17,NORMAL,84.51,85.4,89.25,10.93805556,78.44027778,CAVMSI_2025-09-08T11:30:00+0000_81.1700
CAVMSI,Cauvery at Musiri,Cauvery,2025-09-08 12:30:00+00:00,81.17,NORMAL,84.51,85.4,89.25,10.93805556,78.44027778,CAVMSI_2025-09-08T12:30:00+0000_81.1700
CAVMSI,Cauvery at Musiri,Cauvery,2025-09-08 13:30:00+00:00,81.17,NORMAL,84.51,85.4,89.25,10.93805556,78.44027778,CAVMSI_2025-09-08T13:30:00+0000_81.1700
CAVMSI,Cauvery at Musiri,Cauvery,2025-09-08 14:30:00+00:00,81.17,NORMAL,84.51,85.4,89.25,10.93805556,78.44027778,CAVMSI_2025-09-08T14:30:00+0000_81.1700
CAVMSI,Cauvery at Musiri,Cauvery,2025-09-08 15:30:00+00:00,81.17,NORMAL,84.51,85.4,89.25,10.93805556,78.44027778,CAVMSI_2025-09-08T15:30:00+0000_81.1700
CAVMSI,Cauvery at Musiri,Cauvery,2025-09-08 16:30:00+00:00,81.17,NORMAL,84.51,85.4,89.25,10.93805556,78.44027778,CAVMSI_2025-09-08T16:30:00+0000_81.1700
CAVMSI,Cauvery at Musiri,Cauvery,2025-09-08 17:30:00+00:00,81.17,NORMAL,84.51,85.4,89.25,10.93805556,78.44027778,CAVMSI_2025-09-08T17:30:00+0000_81.1700
CAVMSI,Cauvery at Musiri,Cauvery,2025-09-08 18:30:00+00:00,81.17,NORMAL,84.51,85.4,89.25,10.93805556,78.44027778,CAVMSI_2025-09-08T18:30:00+0000_81.1700
CAVMSI,Cauvery at Musiri,Cauvery,2025-09-08 19:30:00+00:00,81.17,NORMAL,84.51,85.4,89.25,10.93805556,78.44027778,CAVMSI_2025-09-08T19:30:00+0000_81.1700
CAVMSI,Cauvery at Musiri,Cauvery,2025-09-08 20:30:00+00:00,81.17,NORMAL,84.51,85.4,89.25,10.93805556,78.44027778,CAVMSI_2025-09-08T20:30:00+0000_81.1700
CAVMSI,Cauvery at Musiri,Cauvery,2025-09-08 21:30:00+00:00,81.17,NORMAL,84.51,85.4,89.25,10.93805556,78.44027778,CAVMSI_2025-09-08T21:30:00+0000_81.1700
CAVMSI,Cauvery at Musiri,Cauvery,2025-09-08 22:30:00+00:00,81.17,NORMAL,84.51,85.4,89.25,10.93805556,78.44027778,CAVMSI_2025-09-08T22:30:00+0000_81.1700
CAVMSI,Cauvery at Musiri,Cauvery,2025-09-08 23:30:00+00:00,81.17,NORMAL,84.51,85.4,89.25,10.93805556,78.44027778,CAVMSI_2025-09-08T23:30:00+0000_81.1700
CAVMSI,Cauvery at Musiri,Cauvery,2025-09-09 00:30:00+00:00,81.17,NORMAL,84.51,85.4,89.25,10.93805556,78.44027778,CAVMSI_2025-09-09T00:30:00+0000_81.1700
CAVMSI,Cauvery at Musiri,Cauvery,2025-09-09 01:30:00+00:00,81.17,NORMAL,84.51,85.4,89.25,10.93805556,78.44027778,CAVMSI_2025-09-09T01:30:00+0000_81.1700
CAVMSI,Cauvery at Musiri,Cauvery,2025-09-09 02:30:00+00:00,81.17,NORMAL,84.51,85.4,89.25,10.93805556,78.44027778,CAVMSI_2025-09-09T02:30:00+0000_81.1700
CAVMSI,Cauvery at Musiri,Cauvery,2025-09-09 03:30:00+00:00,81.17,NORMAL,84.51,85.4,89.25,10.93805556,78.44027778,CAVMSI_2025-09-09T03:30:00+0000_81.1700
CAVMSI,Cauvery at Musiri,Cauvery,2025-09-09 04:30:00+00:00,81.17,NORMAL,84.51,85.4,89.25,10.93805556,78.44027778,CAVMSI_2025-09-09T04:30:00+0000_81.1700
CAVMSI,Cauvery at Musiri,Cauvery,2025-09-09 05:30:00+00:00,81.17,NORMAL,84.51,85.4,89.25,10.93805556,78.44027778,CAVMSI_2025-09-09T05:30:00+0000_81.1700
CAVMSI,Cauvery at Musiri,Cauvery,2025-09-09 06:30:00+00:00,81.17,NORMAL,84.51,85.4,89.25,10.93805556,78.44027778,CAVMSI_2025-09-09T06:30:00+0000_81.1700
CAVMSI,Cauvery at Musiri,Cauvery,2025-09-09 07:30:00+00:00,81.17,NORMAL,84.51,85.4,89.25,10.93805556,78.44027778,CAVMSI_2025-09-09T07:30:00+0000_81.1700
CAVMSI,Cauvery at Musiri,Cauvery,2025-09-09 08:30:00+00:00,81.17,NORMAL,84.51,85.4,89.25,10.93805556,78.44027778,CAVMSI_2025-09-09T08:30:00+0000_81.1700
CAVMSI,Cauvery at Musiri,Cauvery,2025-09-09 09:30:00+00:00,81.17,NORMAL,84.51,85.4,89.25,10.93805556,78.44027778,CAVMSI_2025-09-09T09:30:00+0000_81.1700
CAVMSI,Cauvery at Musiri,Cauvery,2025-09-09 10:30:00+00:00,81.17,NORMAL,84.51,85.4,89.25,10.93805556,78.44027778,CAVMSI_2025-09-09T10:30:00+0000_81.1700
CAVMSI,Cauvery at Musiri,Cauvery,2025-09-09 11:30:00+00:00,81.17,NORMAL,84.51,85.4,89.25,10.93805556,78.44027778,CAVMSI_2025-09-09T11:30:00+0000_81.1700
CAVMSI,Cauvery at Musiri,Cauvery,2025-09-09 12:30:00+00:00,81.17,NORMAL,84.51,85.4,89.25,10.93805556,78.44027778,CAVMSI_2025-09-09T12:30:00+0000_81.1700
CAVMSI,Cauvery at Musiri,Cauvery,2025-09-09 13:30:00+00:00,81.17,NORMAL,84.51,85.4,89.25,10.93805556,78.44027778,CAVMSI_2025-09-09T13:30:00+0000_81.1700
CAVMSI,Cauvery at Musiri,Cauvery,2025-09-09 14:30:00+00:00,81.17,NORMAL,84.51,85.4,89.25,10.93805556,78.44027778,CAVMSI_2025-09-09T14:30:00+0000_81.1700
CAVMSI,Cauvery at Musiri,Cauvery,2025-09-09 15:30:00+00:00,81.17,NORMAL,84.51,85.4,89.25,10.93805556,78.44027778,CAVMSI_2025-09-09T15:30:00+0000_81.1700
CAVMSI,Cauvery at Musiri,Cauvery,2025-09-09 16:30:00+00:00,81.17,NORMAL,84.51,85.4,89.25,10.93805556,78.44027778,CAVMSI_2025-09-09T16:30:00+0000_81.1700
CAVMSI,Cauvery at Musiri,Cauvery,2025-09-09 17:30:00+00:00,81.17,NORMAL,84.51,85.4,89.25,10.93805556,78.44027778,CAVMSI_2025-09-09T17:30:00+0000_81.1700
CAVMSI,Cauvery at Musiri,Cauvery,2025-09-09 18:30:00+00:00,81.17,NORMAL,84.51,85.4,89.25,10.93805556,78.44027778,CAVMSI_2025-09-09T18:30:00+0000_81.1700
CAVMSI,Cauvery at Musiri,Cauvery,2025-09-09 19:30:00+00:00,81.17,NORMAL,84.51,85.4,89.25,10.93805556,78.44027778,CAVMSI_2025-09-09T19:30:00+0000_81.1700
CAVMSI,Cauvery at Musiri,Cauvery,2025-09-09 20:30:00+00:00,81.17,NORMAL,84.51,85.4,89.25,10.93805556,78.44027778,CAVMSI_2025-09-09T20:30:00+0000_81.1700
CAVMSI,Cauvery at Musiri,Cauvery,2025-09-09 21:30:00+00:00,81.17,NORMAL,84.51,85.4,89.25,10.93805556,78.44027778,CAVMSI_2025-09-09T21:30:00+0000_81.1700
CAVMSI,Cauvery at Musiri,Cauvery,2025-09-09 22:30:00+00:00,81.17,NORMAL,84.51,85.4,89.25,10.93805556,78.44027778,CAVMSI_2025-09-09T22:30:00+0000_81.1700
CAVMSI,Cauvery at Musiri,Cauvery,2025-09-09 23:30:00+00:00,81.17,NORMAL,84.51,85.4,89.25,10.93805556,78.44027778,CAVMSI_2025-09-09T23:30:00+0000_81.1700
CAVMSI,Cauvery at Musiri,Cauvery,2025-09-10 00:30:00+00:00,81.17,NORMAL,84.51,85.4,89.25,10.93805556,78.44027778,CAVMSI_2025-09-10T00:30:00+0000_81.1700
CAVMSI,Cauvery at Musiri,Cauvery,2025-09-10 01:30:00+00:00,81.17,NORMAL,84.51,85.4,89.25,10.93805556,78.44027778,CAVMSI_2025-09-10T01:30:00+0000_81.1700
CAVMSI,Cauvery at Musiri,Cauvery,2025-09-10 02:30:00+00:00,81.17,NORMAL,84.51,85.4,89.25,10.93805556,78.44027778,CAVMSI_2025-09-10T02:30:00+0000_81.1700
CAVMSI,Cauvery at Musiri,Cauvery,2025-09-10 03:30:00+00:00,81.17,NORMAL,84.51,85.4,89.25,10.93805556,78.44027778,CAVMSI_2025-09-10T03:30:00+0000_81.1700
CAVMSI,Cauvery at Musiri,Cauvery,2025-09-10 04:30:00+00:00,81.17,NORMAL,84.51,85.4,89.25,10.93805556,78.44027778,CAVMSI_2025-09-10T04:30:00+0000_81.1700
CAVMSI,Cauvery at Musiri,Cauvery,2025-09-10 05:30:00+00:00,81.17,NORMAL,84.51,85.4,89.25,10.93805556,78.44027778,CAVMSI_2025-09-10T05:30:00+0000_81.1700
CAVMSI,Cauvery at Musiri,Cauvery,2025-09-10 06:30:00+00:00,81.17,NORMAL,84.51,85.4,89.25,10.93805556,78.44027778,CAVMSI_2025-09-10T06:30:00+0000_81.1700
CAVMSI,Cauvery at Musiri,Cauvery,2025-09-10 07:30:00+00:00,81.17,NORMAL,84.51,85.4,89.25,10.93805556,78.44027778,CAVMSI_2025-09-10T07:30:00+0000_81.1700
CAVMSI,Cauvery at Musiri,Cauvery,2025-09-10 08:30:00+00:00,81.17,NORMAL,84.51,85.4,89.25,10.93805556,78.44027778,CAVMSI_2025-09-10T08:30:00+0000_81.1700
CAVMSI,Cauvery at Musiri,Cauvery,2025-09-10 09:30:00+00:00,81.17,NORMAL,84.51,85.4,89.25,10.93805556,78.44027778,CAVMSI_2025-09-10T09:30:00+0000_81.1700
CAVMSI,Cauvery at Musiri,Cauvery,2025-09-10 10:30:00+00:00,81.17,NORMAL,84.51,85.4,89.25,10.93805556,78.44027778,CAVMSI_2025-09-10T10:30:00+0000_81.1700
CAVMSI,Cauvery at Musiri,Cauvery,2025-09-10 11:30:00+00:00,81.17,NORMAL,84.51,85.4,89.25,10.93805556,78.44027778,CAVMSI_2025-09-10T11:30:00+0000_81.1700
CAVMSI,Cauvery at Musiri,Cauvery,2025-09-10 12:30:00+00:00,81.17,NORMAL,84.51,85.4,89.25,10.93805556,78.44027778,CAVMSI_2025-09-10T12:30:00+0000_81.1700
CAVMSI,Cauvery at Musiri,Cauvery,2025-09-10 13:30:00+00:00,81.17,NORMAL,84.51,85.4,89.25,10.93805556,78.44027778,CAVMSI_2025-09-10T13:30:00+0000_81.1700
CAVMSI,Cauvery at Musiri,Cauvery,2025-09-10 14:30:00+00:00,81.17,NORMAL,84.51,85.4,89.25,10.93805556,78.44027778,CAVMSI_2025-09-10T14:30:00+0000_81.1700
CAVMSI,Cauvery at Musiri,Cauvery,2025-09-10 15:30:00+00:00,81.17,NORMAL,84.51,85.4,89.25,10.93805556,78.44027778,CAVMSI_2025-09-10T15:30:00+0000_81.1700
CAVMSI,Cauvery at Musiri,Cauvery,2025-09-10 16:30:00+00:00,81.17,NORMAL,84.51,85.4,89.25,10.93805556,78.44027778,CAVMSI_2025-09-10T16:30:00+0000_81.1700
CAVMSI,Cauvery at Musiri,Cauvery,2025-09-10 17:30:00+00:00,81.17,NORMAL,84.51,85.4,89.25,10.93805556,78.44027778,CAVMSI_2025-09-10T17:30:00+0000_81.1700
CAVMSI,Cauvery at Musiri,Cauvery,2025-09-10 18:30:00+00:00,81.17,NORMAL,84.51,85.4,89.25,10.93805556,78.44027778,CAVMSI_2025-09-10T18:30:00+0000_81.1700
CAVMSI,Cauvery at Musiri,Cauvery,2025-09-10 19:30:00+00:00,81.17,NORMAL,84.51,85.4,89.25,10.93805556,78.44027778,CAVMSI_2025-09-10T19:30:00+0000_81.1700
CAVMSI,Cauvery at Musiri,Cauvery,2025-09-10 20:30:00+00:00,81.17,NORMAL,84.51,85.4,89.25,10.93805556,78.44027778,CAVMSI_2025-09-10T20:30:00+0000_81.1700
CAVMSI,Cauvery at Musiri,Cauvery,2025-09-10 21:30:00+00:00,81.17,NORMAL,84.51,85.4,89.25,10.93805556,78.44027778,CAVMSI_2025-09-10T21:30:00+0000_81.1700
CAVMSI,Cauvery at Musiri,Cauvery,2025-09-10 22:30:00+00:00,81.17,NORMAL,84.51,85.4,89.25,10.93805556,78.44027778,CAVMSI_2025-09-10T22:30:00+0000_81.1700
CAVMSI,Cauvery at Musiri,Cauvery,2025-09-10 23:30:00+00:00,81.17,NORMAL,84.51,85.4,89.25,10.93805556,78.44027778,CAVMSI_2025-09-10T23:30:00+0000_81.1700
CAVMSI,Cauvery at Musiri,Cauvery,2025-09-11 00:30:00+00:00,81.17,NORMAL,84.51,85.4,89.25,10.93805556,78.44027778,CAVMSI_2025-09-11T00:30:00+0000_81.1700
CAVMSI,Cauvery at Musiri,Cauvery,2025-09-11 01:30:00+00:00,81.17,NORMAL,84.51,85.4,89.25,10.93805556,78.44027778,CAVMSI_2025-09-11T01:30:00+0000_81.1700
CAVMSI,Cauvery at Musiri,Cauvery,2025-09-11 02:30:00+00:00,81.17,NORMAL,84.51,85.4,89.25,10.93805556,78.44027778,CAVMSI_2025-09-11T02:30:00+0000_81.1700
CAVMSI,Cauvery at Musiri,Cauvery,2025-09-11 03:30:00+00:00,81.17,NORMAL,84.51,85.4,89.25,10.93805556,78.44027778,CAVMSI_2025-09-11T03:30:00+0000_81.1700
CAVMSI,Cauvery at Musiri,Cauvery,2025-09-11 04:30:00+00:00,81.17,NORMAL,84.51,85.4,89.25,10.93805556,78.44027778,CAVMSI_2025-09-11T04:30:00+0000_81.1700
CAVMSI,Cauvery at Musiri,Cauvery,2025-09-11 06:30:00+00:00,81.17,NORMAL,84.51,85.4,89.25,10.93805556,78.44027778,CAVMSI_2025-09-11T06:30:00+0000_81.1700
CAVMSI,Cauvery at Musiri,Cauvery,2025-09-11 08:30:00+00:00,81.17,NORMAL,84.51,85.4,89.25,10.93805556,78.44027778,CAVMSI_2025-09-11T08:30:00+0000_81.1700
CAVMSI,Cauvery at Musiri,Cauvery,2025-09-11 09:30:00+00:00,81.17,NORMAL,84.51,85.4,89.25,10.93805556,78.44027778,CAVMSI_2025-09-11T09:30:00+0000_81.1700
CAVMSI,Cauvery at Musiri,Cauvery,2025-09-11 10:30:00+00:00,81.17,NORMAL,84.51,85.4,89.25,10.93805556,78.44027778,CAVMSI_2025-09-11T10:30:00+0000_81.1700
CAVMSI,Cauvery at Musiri,Cauvery,2025-09-11 11:30:00+00:00,81.17,NORMAL,84.51,85.4,89.25,10.93805556,78.44027778,CAVMSI_2025-09-11T11:30:00+0000_81.1700
CAVMSI,Cauvery at Musiri,Cauvery,2025-09-11 12:30:00+00:00,81.17,NORMAL,84.51,85.4,89.25,10.93805556,78.44027778,CAVMSI_2025-09-11T12:30:00+0000_81.1700
CAVMSI,Cauvery at Musiri,Cauvery,2025-09-11 13:30:00+00:00,81.17,NORMAL,84.51,85.4,89.25,10.93805556,78.44027778,CAVMSI_2025-09-11T13:30:00+0000_81.1700
CAVMSI,Cauvery at Musiri,Cauvery,2025-09-11 14:30:00+00:00,81.17,NORMAL,84.51,85.4,89.25,10.93805556,78.44027778,CAVMSI_2025-09-11T14:30:00+0000_81.1700
CAVMSI,Cauvery at Musiri,Cauvery,2025-09-11 15:30:00+00:00,81.17,NORMAL,84.51,85.4,89.25,10.93805556,78.44027778,CAVMSI_2025-09-11T15:30:00+0000_81.1700
CAVMSI,Cauvery at Musiri,Cauvery,2025-09-11 16:30:00+00:00,81.17,NORMAL,84.51,85.4,89.25,10.93805556,78.44027778,CAVMSI_2025-09-11T16:30:00+0000_81.1700
CAVMSI,Cauvery at Musiri,Cauvery,2025-09-11 17:30:00+00:00,81.17,NORMAL,84.51,85.4,89.25,10.93805556,78.44027778,CAVMSI_2025-09-11T17:30:00+0000_81.1700
CAVMSI,Cauvery at Musiri,Cauvery,2025-09-11 18:30:00+00:00,81.17,NORMAL,84.51,85.4,89.25,10.93805556,78.44027778,CAVMSI_2025-09-11T18:30:00+0000_81.1700
CAVMSI,Cauvery at Musiri,Cauvery,2025-09-11 19:30:00+00:00,81.17,NORMAL,84.51,85.4,89.25,10.93805556,78.44027778,CAVMSI_2025-09-11T19:30:00+0000_81.1700
CAVMSI,Cauvery at Musiri,Cauvery,2025-09-11 20:30:00+00:00,81.17,NORMAL,84.51,85.4,89.25,10.93805556,78.44027778,CAVMSI_2025-09-11T20:30:00+0000_81.1700
CAVMSI,Cauvery at Musiri,Cauvery,2025-09-11 21:30:00+00:00,81.17,NORMAL,84.51,85.4,89.25,10.93805556,78.44027778,CAVMSI_2025-09-11T21:30:00+0000_81.1700
CAVMSI,Cauvery at Musiri,Cauvery,2025-09-11 22:30:00+00:00,81.17,NORMAL,84.51,85.4,89.25,10.93805556,78.44027778,CAVMSI_2025-09-11T22:30:00+0000_81.1700
CAVMSI,Cauvery at Musiri,Cauvery,2025-09-11 23:30:00+00:00,81.17,NORMAL,84.51,85.4,89.25,10.93805556,78.44027778,CAVMSI_2025-09-11T23:30:00+0000_81.1700
CAVMSI,Cauvery at Musiri,Cauvery,2025-09-12 00:30:00+00:00,81.17,NORMAL,84.51,85.4,89.25,10.93805556,78.44027778,CAVMSI_2025-09-12T00:30:00+0000_81.1700
CAVMSI,Cauvery at Musiri,Cauvery,2025-09-12 01:30:00+00:00,81.17,NORMAL,84.51,85.4,89.25,10.93805556,78.44027778,CAVMSI_2025-09-12T01:30:00+0000_81.1700
CAVMSI,Cauvery at Musiri,Cauvery,2025-09-12 02:30:00+00:00,81.17,NORMAL,84.51,85.4,89.25,10.93805556,78.44027778,CAVMSI_2025-09-12T02:30:00+0000_81.1700
CAVMSI,Cauvery at Musiri,Cauvery,2025-09-12 03:30:00+00:00,81.17,NORMAL,84.51,85.4,89.25,10.93805556,78.44027778,CAVMSI_2025-09-12T03:30:00+0000_81.1700
CAVMSI,Cauvery at Musiri,Cauvery,2025-09-12 04:30:00+00:00,81.17,NORMAL,84.51,85.4,89.25,10.93805556,78.44027778,CAVMSI_2025-09-12T04:30:00+0000_81.1700
CAVMSI,Cauvery at Musiri,Cauvery,2025-09-12 05:30:00+00:00,81.17,NORMAL,84.51,85.4,89.25,10.93805556,78.44027778,CAVMSI_2025-09-12T05:30:00+0000_81.1700
CAVMSI,Cauvery at Musiri,Cauvery,2025-09-12 06:30:00+00:00,81.17,NORMAL,84.51,85.4,89.25,10.93805556,78.44027778,CAVMSI_2025-09-12T06:30:00+0000_81.1700
CAVMSI,Cauvery at Musiri,Cauvery,2025-09-12 07:30:00+00:00,81.17,NORMAL,84.51,85.4,89.25,10.93805556,78.44027778,CAVMSI_2025-09-12T07:30:00+0000_81.1700
CAVMSI,Cauvery at Musiri,Cauvery,2025-09-12 08:30:00+00:00,81.17,NORMAL,84.51,85.4,89.25,10.93805556,78.44027778,CAVMSI_2025-09-12T08:30:00+0000_81.1700
CAVMSI,Cauvery at Musiri,Cauvery,2025-09-12 09:30:00+00:00,81.17,NORMAL,84.51,85.4,89.25,10.93805556,78.44027778,CAVMSI_2025-09-12T09:30:00+0000_81.1700
CAVMSI,Cauvery at Musiri,Cauvery,2025-09-12 10:30:00+00:00,81.17,NORMAL,84.51,85.4,89.25,10.93805556,78.44027778,CAVMSI_2025-09-12T10:30:00+0000_81.1700
CAVMSI,Cauvery at Musiri,Cauvery,2025-09-12 12:30:00+00:00,81.17,NORMAL,84.51,85.4,89.25,10.93805556,78.44027778,CAVMSI_2025-09-12T12:30:00+0000_81.1700
CAVMSI,Cauvery at Musiri,Cauvery,2025-09-12 13:30:00+00:00,81.17,NORMAL,84.51,85.4,89.25,10.93805556,78.44027778,CAVMSI_2025-09-12T13:30:00+0000_81.1700
CAVMSI,Cauvery at Musiri,Cauvery,2025-09-12 14:30:00+00:00,81.17,NORMAL,84.51,85.4,89.25,10.93805556,78.44027778,CAVMSI_2025-09-12T14:30:00+0000_81.1700
CAVMSI,Cauvery at Musiri,Cauvery,2025-09-12 15:30:00+00:00,81.17,NORMAL,84.51,85.4,89.25,10.93805556,78.44027778,CAVMSI_2025-09-12T15:30:00+0000_81.1700
CAVMSI,Cauvery at Musiri,Cauvery,2025-09-12 16:30:00+00:00,81.17,NORMAL,84.51,85.4,89.25,10.93805556,78.44027778,CAVMSI_2025-09-12T16:30:00+0000_81.1700
CAVMSI,Cauvery at Musiri,Cauvery,2025-09-12 17:30:00+00:00,81.17,NORMAL,84.51,85.4,89.25,10.93805556,78.44027778,CAVMSI_2025-09-12T17:30:00+0000_81.1700
CAVMSI,Cauvery at Musiri,Cauvery,2025-09-12 18:30:00+00:00,81.17,NORMAL,84.51,85.4,89.25,10.93805556,78.44027778,CAVMSI_2025-09-12T18:30:00+0000_81.1700
CAVMSI,Cauvery at Musiri,Cauvery,2025-09-12 19:30:00+00:00,81.17,NORMAL,84.51,85.4,89.25,10.93805556,78.44027778,CAVMSI_2025-09-12T19:30:00+0000_81.1700
CAVMSI,Cauvery at Musiri,Cauvery,2025-09-12 20:30:00+00:00,81.17,NORMAL,84.51,85.4,89.25,10.93805556,78.44027778,CAVMSI_2025-09-12T20:30:00+0000_81.1700
CAVMSI,Cauvery at Musiri,Cauvery,2025-09-12 21:30:00+00:00,81.17,NORMAL,84.51,85.4,89.25,10.93805556,78.44027778,CAVMSI_2025-09-12T21:30:00+0000_81.1700
CAVMSI,Cauvery at Musiri,Cauvery,2025-09-12 22:30:00+00:00,81.17,NORMAL,84.51,85.4,89.25,10.93805556,78.44027778,CAVMSI_2025-09-12T22:30:00+0000_81.1700
CAVMSI,Cauvery at Musiri,Cauvery,2025-09-12 23:30:00+00:00,81.17,NORMAL,84.51,85.4,89.25,10.93805556,78.44027778,CAVMSI_2025-09-12T23:30:00+0000_81.1700
CAVMSI,Cauvery at Musiri,Cauvery,2025-09-13 00:30:00+00:00,81.17,NORMAL,84.51,85.4,89.25,10.93805556,78.44027778,CAVMSI_2025-09-13T00:30:00+0000_81.1700
CAVMSI,Cauvery at Musiri,Cauvery,2025-09-13 01:30:00+00:00,81.17,NORMAL,84.51,85.4,89.25,10.93805556,78.44027778,CAVMSI_2025-09-13T01:30:00+0000_81.1700
CAVMSI,Cauvery at Musiri,Cauvery,2025-09-13 02:30:00+00:00,81.17,NORMAL,84.51,85.4,89.25,10.93805556,78.44027778,CAVMSI_2025-09-13T02:30:00+0000_81.1700
CAVMSI,Cauvery at Musiri,Cauvery,2025-09-13 03:30:00+00:00,81.17,NORMAL,84.51,85.4,89.25,10.93805556,78.44027778,CAVMSI_2025-09-13T03:30:00+0000_81.1700
CAVMSI,Cauvery at Musiri,Cauvery,2025-09-13 04:30:00+00:00,81.17,NORMAL,84.51,85.4,89.25,10.93805556,78.44027778,CAVMSI_2025-09-13T04:30:00+0000_81.1700
CAVMSI,Cauvery at Musiri,Cauvery,2025-09-13 05:30:00+00:00,81.17,NORMAL,84.51,85.4,89.25,10.93805556,78.44027778,CAVMSI_2025-09-13T05:30:00+0000_81.1700
CAVMSI,Cauvery at Musiri,Cauvery,2025-09-13 06:30:00+00:00,81.17,NORMAL,84.51,85.4,89.25,10.93805556,78.44027778,CAVMSI_2025-09-13T06:30:00+0000_81.1700
CAVMSI,Cauvery at Musiri,Cauvery,2025-09-13 07:30:00+00:00,82.006,NORMAL,84.51,85.4,89.25,10.93805556,78.44027778,CAVMSI_2025-09-13T07:30:00+0000_82.0060
CAVMSI,Cauvery at Musiri,Cauvery,2025-09-13 08:30:00+00:00,81.17,NORMAL,84.51,85.4,89.25,10.93805556,78.44027778,CAVMSI_2025-09-13T08:30:00+0000_81.1700
CAVMSI,Cauvery at Musiri,Cauvery,2025-09-13 09:30:00+00:00,81.17,NORMAL,84.51,85.4,89.25,10.93805556,78.44027778,CAVMSI_2025-09-13T09:30:00+0000_81.1700
CAVMSI,Cauvery at Musiri,Cauvery,2025-09-13 10:30:00+00:00,81.17,NORMAL,84.51,85.4,89.25,10.93805556,78.44027778,CAVMSI_2025-09-13T10:30:00+0000_81.1700
CAVMSI,Cauvery at Musiri,Cauvery,2025-09-13 11:30:00+00:00,81.17,NORMAL,84.51,85.4,89.25,10.93805556,78.44027778,CAVMSI_2025-09-13T11:30:00+0000_81.1700
CAVMSI,Cauvery at Musiri,Cauvery,2025-09-13 12:30:00+00:00,81.17,NORMAL,84.51,85.4,89.25,10.93805556,78.44027778,CAVMSI_2025-09-13T12:30:00+0000_81.1700
CAVMSI,Cauvery at Musiri,Cauvery,2025-09-13 13:30:00+00:00,81.17,NORMAL,84.51,85.4,89.25,10.93805556,78.44027778,CAVMSI_2025-09-13T13:30:00+0000_81.1700
CAVMSI,Cauvery at Musiri,Cauvery,2025-09-13 14:30:00+00:00,81.17,NORMAL,84.51,85.4,89.25,10.93805556,78.44027778,CAVMSI_2025-09-13T14:30:00+0000_81.1700
CAVMSI,Cauvery at Musiri,Cauvery,2025-09-13 15:30:00+00:00,81.17,NORMAL,84.51,85.4,89.25,10.93805556,78.44027778,CAVMSI_2025-09-13T15:30:00+0000_81.1700
CAVMSI,Cauvery at Musiri,Cauvery,2025-09-13 16:30:00+00:00,81.17,NORMAL,84.51,85.4,89.25,10.93805556,78.44027778,CAVMSI_2025-09-13T16:30:00+0000_81.1700
CAVMSI,Cauvery at Musiri,Cauvery,2025-09-13 17:30:00+00:00,81.17,NORMAL,84.51,85.4,89.25,10.93805556,78.44027778,CAVMSI_2025-09-13T17:30:00+0000_81.1700
CAVMSI,Cauvery at Musiri,Cauvery,2025-09-13 18:30:00+00:00,81.17,NORMAL,84.51,85.4,89.25,10.93805556,78.44027778,CAVMSI_2025-09-13T18:30:00+0000_81.1700
CAVMSI,Cauvery at Musiri,Cauvery,2025-09-13 19:30:00+00:00,81.17,NORMAL,84.51,85.4,89.25,10.93805556,78.44027778,CAVMSI_2025-09-13T19:30:00+0000_81.1700
CAVMSI,Cauvery at Musiri,Cauvery,2025-09-13 20:30:00+00:00,81.17,NORMAL,84.51,85.4,89.25,10.93805556,78.44027778,CAVMSI_2025-09-13T20:30:00+0000_81.1700
CAVMSI,Cauvery at Musiri,Cauvery,2025-09-13 21:30:00+00:00,81.17,NORMAL,84.51,85.4,89.25,10.93805556,78.44027778,CAVMSI_2025-09-13T21:30:00+0000_81.1700
CAVMSI,Cauvery at Musiri,Cauvery,2025-09-13 22:30:00+00:00,81.17,NORMAL,84.51,85.4,89.25,10.93805556,78.44027778,CAVMSI_2025-09-13T22:30:00+0000_81.1700
CAVMSI,Cauvery at Musiri,Cauvery,2025-09-13 23:30:00+00:00,81.17,NORMAL,84.51,85.4,89.25,10.93805556,78.44027778,CAVMSI_2025-09-13T23:30:00+0000_81.1700
CAVMSI,Cauvery at Musiri,Cauvery,2025-09-14 00:30:00+00:00,81.17,NORMAL,84.51,85.4,89.25,10.93805556,78.44027778,CAVMSI_2025-09-14T00:30:00+0000_81.1700
CAVMSI,Cauvery at Musiri,Cauvery,2025-09-14 01:30:00+00:00,81.17,NORMAL,84.51,85.4,89.25,10.93805556,78.44027778,CAVMSI_2025-09-14T01:30:00+0000_81.1700
CAVMSI,Cauvery at Musiri,Cauvery,2025-09-14 02:30:00+00:00,81.17,NORMAL,84.51,85.4,89.25,10.93805556,78.44027778,CAVMSI_2025-09-14T02:30:00+0000_81.1700
CAVMSI,Cauvery at Musiri,Cauvery,2025-09-14 03:30:00+00:00,81.17,NORMAL,84.51,85.4,89.25,10.93805556,78.44027778,CAVMSI_2025-09-14T03:30:00+0000_81.1700
CAVMSI,Cauvery at Musiri,Cauvery,2025-09-14 04:30:00+00:00,81.17,NORMAL,84.51,85.4,89.25,10.93805556,78.44027778,CAVMSI_2025-09-14T04:30:00+0000_81.1700
CAVMSI,Cauvery at Musiri,Cauvery,2025-09-14 05:30:00+00:00,81.17,NORMAL,84.51,85.4,89.25,10.93805556,78.44027778,CAVMSI_2025-09-14T05:30:00+0000_81.1700
CAVMSI,Cauvery at Musiri,Cauvery,2025-09-14 06:30:00+00:00,81.17,NORMAL,84.51,85.4,89.25,10.93805556,78.44027778,CAVMSI_2025-09-14T06:30:00+0000_81.1700
CAVMSI,Cauvery at Musiri,Cauvery,2025-09-14 07:30:00+00:00,81.17,NORMAL,84.51,85.4,89.25,10.93805556,78.44027778,CAVMSI_2025-09-14T07:30:00+0000_81.1700
CAVMSI,Cauvery at Musiri,Cauvery,2025-09-14 08:30:00+00:00,81.17,NORMAL,84.51,85.4,89.25,10.93805556,78.44027778,CAVMSI_2025-09-14T08:30:00+0000_81.1700
CAVMSI,Cauvery at Musiri,Cauvery,2025-09-14 09:30:00+00:00,81.17,NORMAL,84.51,85.4,89.25,10.93805556,78.44027778,CAVMSI_2025-09-14T09:30:00+0000_81.1700
CAVMSI,Cauvery at Musiri,Cauvery,2025-09-14 10:30:00+00:00,81.17,NORMAL,84.51,85.4,89.25,10.93805556,78.44027778,CAVMSI_2025-09-14T10:30:00+0000_81.1700
CAVMSI,Cauvery at Musiri,Cauvery,2025-09-14 11:30:00+00:00,81.17,NORMAL,84.51,85.4,89.25,10.93805556,78.44027778,CAVMSI_2025-09-14T11:30:00+0000_81.1700
CAVMSI,Cauvery at Musiri,Cauvery,2025-09-14 12:30:00+00:00,81.17,NORMAL,84.51,85.4,89.25,10.93805556,78.44027778,CAVMSI_2025-09-14T12:30:00+0000_81.1700
CAVMSI,Cauvery at Musiri,Cauvery,2025-09-14 13:30:00+00:00,81.17,NORMAL,84.51,85.4,89.25,10.93805556,78.44027778,CAVMSI_2025-09-14T13:30:00+0000_81.1700
CAVMSI,Cauvery at Musiri,Cauvery,2025-09-14 14:30:00+00:00,81.17,NORMAL,84.51,85.4,89.25,10.93805556,78.44027778,CAVMSI_2025-09-14T14:30:00+0000_81.1700
CAVMSI,Cauvery at Musiri,Cauvery,2025-09-14 15:30:00+00:00,81.17,NORMAL,84.51,85.4,89.25,10.93805556,78.44027778,CAVMSI_2025-09-14T15:30:00+0000_81.1700
CAVMSI,Cauvery at Musiri,Cauvery,2025-09-14 16:30:00+00:00,81.17,NORMAL,84.51,85.4,89.25,10.93805556,78.44027778,CAVMSI_2025-09-14T16:30:00+0000_81.1700
CAVMSI,Cauvery at Musiri,Cauvery,2025-09-14 17:30:00+00:00,81.17,NORMAL,84.51,85.4,89.25,10.93805556,78.44027778,CAVMSI_2025-09-14T17:30:00+0000_81.1700
CAVMSI,Cauvery at Musiri,Cauvery,2025-09-14 18:30:00+00:00,81.17,NORMAL,84.51,85.4,89.25,10.93805556,78.44027778,CAVMSI_2025-09-14T18:30:00+0000_81.1700
CAVMSI,Cauvery at Musiri,Cauvery,2025-09-14 20:30:00+00:00,81.17,NORMAL,84.51,85.4,89.25,10.93805556,78.44027778,CAVMSI_2025-09-14T20:30:00+0000_81.1700
CAVMSI,Cauvery at Musiri,Cauvery,2025-09-14 21:30:00+00:00,81.17,NORMAL,84.51,85.4,89.25,10.93805556,78.44027778,CAVMSI_2025-09-14T21:30:00+0000_81.1700
CAVMSI,Cauvery at Musiri,Cauvery,2025-09-14 22:30:00+00:00,81.17,NORMAL,84.51,85.4,89.25,10.93805556,78.44027778,CAVMSI_2025-09-14T22:30:00+0000_81.1700
CAVMSI,Cauvery at Musiri,Cauvery,2025-09-14 23:30:00+00:00,81.17,NORMAL,84.51,85.4,89.25,10.93805556,78.44027778,CAVMSI_2025-09-14T23:30:00+0000_81.1700
CAVMSI,Cauvery at Musiri,Cauvery,2025-09-15 00:30:00+00:00,81.17,NORMAL,84.51,85.4,89.25,10.93805556,78.44027778,CAVMSI_2025-09-15T00:30:00+0000_81.1700
CAVMSI,Cauvery at Musiri,Cauvery,2025-09-15 01:30:00+00:00,81.17,NORMAL,84.51,85.4,89.25,10.93805556,78.44027778,CAVMSI_2025-09-15T01:30:00+0000_81.1700
CAVMSI,Cauvery at Musiri,Cauvery,2025-09-15 02:30:00+00:00,81.17,NORMAL,84.51,85.4,89.25,10.93805556,78.44027778,CAVMSI_2025-09-15T02:30:00+0000_81.1700
CAVMSI,Cauvery at Musiri,Cauvery,2025-09-15 03:30:00+00:00,81.17,NORMAL,84.51,85.4,89.25,10.93805556,78.44027778,CAVMSI_2025-09-15T03:30:00+0000_81.1700
CAVMSI,Cauvery at Musiri,Cauvery,2025-09-15 04:30:00+00:00,81.17,NORMAL,84.51,85.4,89.25,10.93805556,78.44027778,CAVMSI_2025-09-15T04:30:00+0000_81.1700
CAVMSI,Cauvery at Musiri,Cauvery,2025-09-15 05:30:00+00:00,81.17,NORMAL,84.51,85.4,89.25,10.93805556,78.44027778,CAVMSI_2025-09-15T05:30:00+0000_81.1700
CAVMSI,Cauvery at Musiri,Cauvery,2025-09-15 06:30:00+00:00,81.17,NORMAL,84.51,85.4,89.25,10.93805556,78.44027778,CAVMSI_2025-09-15T06:30:00+0000_81.1700
CAVMSI,Cauvery at Musiri,Cauvery,2025-09-15 07:30:00+00:00,81.17,NORMAL,84.51,85.4,89.25,10.93805556,78.44027778,CAVMSI_2025-09-15T07:30:00+0000_81.1700
CAVMSI,Cauvery at Musiri,Cauvery,2025-09-15 08:30:00+00:00,81.17,NORMAL,84.51,85.4,89.25,10.93805556,78.44027778,CAVMSI_2025-09-15T08:30:00+0000_81.1700
CAVMSI,Cauvery at Musiri,Cauvery,2025-09-15 09:30:00+00:00,81.17,NORMAL,84.51,85.4,89.25,10.93805556,78.44027778,CAVMSI_2025-09-15T09:30:00+0000_81.1700
CAVMSI,Cauvery at Musiri,Cauvery,2025-09-15 10:30:00+00:00,81.17,NORMAL,84.51,85.4,89.25,10.93805556,78.44027778,CAVMSI_2025-09-15T10:30:00+0000_81.1700
CAVMSI,Cauvery at Musiri,Cauvery,2025-09-15 11:30:00+00:00,81.17,NORMAL,84.51,85.4,89.25,10.93805556,78.44027778,CAVMSI_2025-09-15T11:30:00+0000_81.1700
CAVMSI,Cauvery at Musiri,Cauvery,2025-09-15 12:30:00+00:00,81.17,NORMAL,84.51,85.4,89.25,10.93805556,78.44027778,CAVMSI_2025-09-15T12:30:00+0000_81.1700
CAVMSI,Cauvery at Musiri,Cauvery,2025-09-15 13:30:00+00:00,81.17,NORMAL,84.51,85.4,89.25,10.93805556,78.44027778,CAVMSI_2025-09-15T13:30:00+0000_81.1700
CAVMSI,Cauvery at Musiri,Cauvery,2025-09-15 14:30:00+00:00,81.17,NORMAL,84.51,85.4,89.25,10.93805556,78.44027778,CAVMSI_2025-09-15T14:30:00+0000_81.1700
CAVMSI,Cauvery at Musiri,Cauvery,2025-09-15 15:30:00+00:00,81.17,NORMAL,84.51,85.4,89.25,10.93805556,78.44027778,CAVMSI_2025-09-15T15:30:00+0000_81.1700
CAVMSI,Cauvery at Musiri,Cauvery,2025-09-15 16:30:00+00:00,81.17,NORMAL,84.51,85.4,89.25,10.93805556,78.44027778,CAVMSI_2025-09-15T16:30:00+0000_81.1700
CAVMSI,Cauvery at Musiri,Cauvery,2025-09-15 17:30:00+00:00,81.17,NORMAL,84.51,85.4,89.25,10.93805556,78.44027778,CAVMSI_2025-09-15T17:30:00+0000_81.1700
CAVMSI,Cauvery at Musiri,Cauvery,2025-09-15 18:30:00+00:00,81.17,NORMAL,84.51,85.4,89.25,10.93805556,78.44027778,CAVMSI_2025-09-15T18:30:00+0000_81.1700
CAVMSI,Cauvery at Musiri,Cauvery,2025-09-15 19:30:00+00:00,81.17,NORMAL,84.51,85.4,89.25,10.93805556,78.44027778,CAVMSI_2025-09-15T19:30:00+0000_81.1700
CAVMSI,Cauvery at Musiri,Cauvery,2025-09-15 20:30:00+00:00,81.17,NORMAL,84.51,85.4,89.25,10.93805556,78.44027778,CAVMSI_2025-09-15T20:30:00+0000_81.1700
CAVMSI,Cauvery at Musiri,Cauvery,2025-09-15 21:30:00+00:00,81.17,NORMAL,84.51,85.4,89.25,10.93805556,78.44027778,CAVMSI_2025-09-15T21:30:00+0000_81.1700
CAVMSI,Cauvery at Musiri,Cauvery,2025-09-15 22:30:00+00:00,81.17,NORMAL,84.51,85.4,89.25,10.93805556,78.44027778,CAVMSI_2025-09-15T22:30:00+0000_81.1700
CAVMSI,Cauvery at Musiri,Cauvery,2025-09-15 23:30:00+00:00,81.17,NORMAL,84.51,85.4,89.25,10.93805556,78.44027778,CAVMSI_2025-09-15T23:30:00+0000_81.1700
CAVMSI,Cauvery at Musiri,Cauvery,2025-09-16 00:30:00+00:00,81.17,NORMAL,84.51,85.4,89.25,10.93805556,78.44027778,CAVMSI_2025-09-16T00:30:00+0000_81.1700
CAVMSI,Cauvery at Musiri,Cauvery,2025-09-16 01:30:00+00:00,81.17,NORMAL,84.51,85.4,89.25,10.93805556,78.44027778,CAVMSI_2025-09-16T01:30:00+0000_81.1700
CAVMSI,Cauvery at Musiri,Cauvery,2025-09-16 02:30:00+00:00,81.17,NORMAL,84.51,85.4,89.25,10.93805556,78.44027778,CAVMSI_2025-09-16T02:30:00+0000_81.1700
CAVMSI,Cauvery at Musiri,Cauvery,2025-09-16 03:30:00+00:00,81.17,NORMAL,84.51,85.4,89.25,10.93805556,78.44027778,CAVMSI_2025-09-16T03:30:00+0000_81.1700
CAVMSI,Cauvery at Musiri,Cauvery,2025-09-16 04:30:00+00:00,81.17,NORMAL,84.51,85.4,89.25,10.93805556,78.44027778,CAVMSI_2025-09-16T04:30:00+0000_81.1700
CAVMSI,Cauvery at Musiri,Cauvery,2025-09-16 05:30:00+00:00,81.17,NORMAL,84.51,85.4,89.25,10.93805556,78.44027778,CAVMSI_2025-09-16T05:30:00+0000_81.1700
CAVMSI,Cauvery at Musiri,Cauvery,2025-09-16 06:30:00+00:00,81.17,NORMAL,84.51,85.4,89.25,10.93805556,78.44027778,CAVMSI_2025-09-16T06:30:00+0000_81.1700
CAVMSI,Cauvery at Musiri,Cauvery,2025-09-16 07:00:00+00:00,81.17,NORMAL,84.51,85.4,89.25,10.93805556,78.44027778,CAVMSI_2025-09-16T07:00:00+0000_81.1700
CAVMSI,Cauvery at Musiri,Cauvery,2025-09-16 07:30:00+00:00,81.17,NORMAL,84.51,85.4,89.25,10.93805556,78.44027778,CAVMSI_2025-09-16T07:30:00+0000_81.1700
CAVMSI,Cauvery at Musiri,Cauvery,2025-09-16 08:30:00+00:00,,,84.51,85.4,89.25,10.93805556,78.44027778,CAVMSI_2025-09-16T08:30:00+0000_
CAVMSI,Cauvery at Musiri,Cauvery,2025-09-16 09:30:00+00:00,81.17,NORMAL,84.51,85.4,89.25,10.93805556,78.44027778,CAVMSI_2025-09-16T09:30:00+0000_81.1700
CAVMSI,Cauvery at Musiri,Cauvery,2025-09-16 10:30:00+00:00,81.17,NORMAL,84.51,85.4,89.25,10.93805556,78.44027778,CAVMSI_2025-09-16T10:30:00+0000_81.1700
CAVMSI,Cauvery at Musiri,Cauvery,2025-09-16 11:30:00+00:00,81.17,NORMAL,84.51,85.4,89.25,10.93805556,78.44027778,CAVMSI_2025-09-16T11:30:00+0000_81.1700
CAVMSI,Cauvery at Musiri,Cauvery,2025-09-16 12:30:00+00:00,81.17,NORMAL,84.51,85.4,89.25,10.93805556,78.44027778,CAVMSI_2025-09-16T12:30:00+0000_81.1700
CAVMSI,Cauvery at Musiri,Cauvery,2025-09-16 13:30:00+00:00,81.17,NORMAL,84.51,85.4,89.25,10.93805556,78.44027778,CAVMSI_2025-09-16T13:30:00+0000_81.1700
CAVMSI,Cauvery at Musiri,Cauvery,2025-09-16 14:30:00+00:00,81.17,NORMAL,84.51,85.4,89.25,10.93805556,78.44027778,CAVMSI_2025-09-16T14:30:00+0000_81.1700
CAVMSI,Cauvery at Musiri,Cauvery,2025-09-16 15:30:00+00:00,81.17,NORMAL,84.51,85.4,89.25,10.93805556,78.44027778,CAVMSI_2025-09-16T15:30:00+0000_81.1700
CAVMSI,Cauvery at Musiri,Cauvery,2025-09-16 16:30:00+00:00,81.17,NORMAL,84.51,85.4,89.25,10.93805556,78.44027778,CAVMSI_2025-09-16T16:30:00+0000_81.1700
CAVMSI,Cauvery at Musiri,Cauvery,2025-09-16 17:30:00+00:00,81.17,NORMAL,84.51,85.4,89.25,10.93805556,78.44027778,CAVMSI_2025-09-16T17:30:00+0000_81.1700
CAVMSI,Cauvery at Musiri,Cauvery,2025-09-16 18:30:00+00:00,81.17,NORMAL,84.51,85.4,89.25,10.93805556,78.44027778,CAVMSI_2025-09-16T18:30:00+0000_81.1700
CAVMSI,Cauvery at Musiri,Cauvery,2025-09-16 19:30:00+00:00,81.17,NORMAL,84.51,85.4,89.25,10.93805556,78.44027778,CAVMSI_2025-09-16T19:30:00+0000_81.1700
CAVMSI,Cauvery at Musiri,Cauvery,2025-09-16 20:30:00+00:00,81.17,NORMAL,84.51,85.4,89.25,10.93805556,78.44027778,CAVMSI_2025-09-16T20:30:00+0000_81.1700
CAVMSI,Cauvery at Musiri,Cauvery,2025-09-16 21:30:00+00:00,81.17,NORMAL,84.51,85.4,89.25,10.93805556,78.44027778,CAVMSI_2025-09-16T21:30:00+0000_81.1700
CAVMSI,Cauvery at Musiri,Cauvery,2025-09-16 22:30:00+00:00,81.17,NORMAL,84.51,85.4,89.25,10.93805556,78.44027778,CAVMSI_2025-09-16T22:30:00+0000_81.1700
CAVMSI,Cauvery at Musiri,Cauvery,2025-09-16 23:30:00+00:00,81.17,NORMAL,84.51,85.4,89.25,10.93805556,78.44027778,CAVMSI_2025-09-16T23:30:00+0000_81.1700
CAVMSI,Cauvery at Musiri,Cauvery,2025-09-17 00:30:00+00:00,81.17,NORMAL,84.51,85.4,89.25,10.93805556,78.44027778,CAVMSI_2025-09-17T00:30:00+0000_81.1700
CAVMSI,Cauvery at Musiri,Cauvery,2025-09-17 01:30:00+00:00,81.17,NORMAL,84.51,85.4,89.25,10.93805556,78.44027778,CAVMSI_2025-09-17T01:30:00+0000_81.1700
CAVMSI,Cauvery at Musiri,Cauvery,2025-09-17 02:30:00+00:00,81.17,NORMAL,84.51,85.4,89.25,10.93805556,78.44027778,CAVMSI_2025-09-17T02:30:00+0000_81.1700
CAVMSI,Cauvery at Musiri,Cauvery,2025-09-17 03:30:00+00:00,81.17,NORMAL,84.51,85.4,89.25,10.93805556,78.44027778,CAVMSI_2025-09-17T03:30:00+0000_81.1700
CAVMSI,Cauvery at Musiri,Cauvery,2025-09-17 05:30:00+00:00,81.17,NORMAL,84.51,85.4,89.25,10.93805556,78.44027778,CAVMSI_2025-09-17T05:30:00+0000_81.1700
CAVMSI,Cauvery at Musiri,Cauvery,2025-09-17 06:30:00+00:00,81.17,NORMAL,84.51,85.4,89.25,10.93805556,78.44027778,CAVMSI_2025-09-17T06:30:00+0000_81.1700
CAVMSI,Cauvery at Musiri,Cauvery,2025-09-17 07:30:00+00:00,81.17,NORMAL,84.51,85.4,89.25,10.93805556,78.44027778,CAVMSI_2025-09-17T07:30:00+0000_81.1700
CAVMSI,Cauvery at Musiri,Cauvery,2025-09-17 08:30:00+00:00,81.17,NORMAL,84.51,85.4,89.25,10.93805556,78.44027778,CAVMSI_2025-09-17T08:30:00+0000_81.1700
CAVMSI,Cauvery at Musiri,Cauvery,2025-09-17 09:30:00+00:00,81.17,NORMAL,84.51,85.4,89.25,10.93805556,78.44027778,CAVMSI_2025-09-17T09:30:00+0000_81.1700
CAVMSI,Cauvery at Musiri,Cauvery,2025-09-17 10:30:00+00:00,81.17,NORMAL,84.51,85.4,89.25,10.93805556,78.44027778,CAVMSI_2025-09-17T10:30:00+0000_81.1700
CAVMSI,Cauvery at Musiri,Cauvery,2025-09-17 12:30:00+00:00,81.17,NORMAL,84.51,85.4,89.25,10.93805556,78.44027778,CAVMSI_2025-09-17T12:30:00+0000_81.1700
CAVMSI,Cauvery at Musiri,Cauvery,2025-09-17 23:30:00+00:00,81.17,NORMAL,84.51,85.4,89.25,10.93805556,78.44027778,CAVMSI_2025-09-17T23:30:00+0000_81.1700
CAVMSI,Cauvery at Musiri,Cauvery,2025-09-18 00:30:00+00:00,81.17,NORMAL,84.51,85.4,89.25,10.93805556,78.44027778,CAVMSI_2025-09-18T00:30:00+0000_81.1700
CAVMSI,Cauvery at Musiri,Cauvery,2025-09-18 01:30:00+00:00,81.17,NORMAL,84.51,85.4,89.25,10.93805556,78.44027778,CAVMSI_2025-09-18T01:30:00+0000_81.1700
CAVMSI,Cauvery at Musiri,Cauvery,2025-09-18 02:30:00+00:00,81.17,NORMAL,84.51,85.4,89.25,10.93805556,78.44027778,CAVMSI_2025-09-18T02:30:00+0000_81.1700
CAVMSI,Cauvery at Musiri,Cauvery,2025-09-18 03:30:00+00:00,81.17,NORMAL,84.51,85.4,89.25,10.93805556,78.44027778,CAVMSI_2025-09-18T03:30:00+0000_81.1700
CAVMSI,Cauvery at Musiri,Cauvery,2025-09-18 04:30:00+00:00,81.17,NORMAL,84.51,85.4,89.25,10.93805556,78.44027778,CAVMSI_2025-09-18T04:30:00+0000_81.1700
CAVMSI,Cauvery at Musiri,Cauvery,2025-09-18 05:00:00+00:00,,,84.51,85.4,89.25,10.93805556,78.44027778,CAVMSI_2025-09-18T05:00:00+0000_
CAVMSI,Cauvery at Musiri,Cauvery,2025-09-18 05:30:00+00:00,81.17,NORMAL,84.51,85.4,89.25,10.93805556,78.44027778,CAVMSI_2025-09-18T05:30:00+0000_81.1700
CAVMSI,Cauvery at Musiri,Cauvery,2025-09-18 06:30:00+00:00,81.17,NORMAL,84.51,85.4,89.25,10.93805556,78.44027778,CAVMSI_2025-09-18T06:30:00+0000_81.1700
CAVMSI,Cauvery at Musiri,Cauvery,2025-09-18 07:30:00+00:00,,,84.51,85.4,89.25,10.93805556,78.44027778,CAVMSI_2025-09-18T07:30:00+0000_
CAVMSI,Cauvery at Musiri,Cauvery,2025-09-18 08:30:00+00:00,81.17,NORMAL,84.51,85.4,89.25,10.93805556,78.44027778,CAVMSI_2025-09-18T08:30:00+0000_81.1700
CAVMSI,Cauvery at Musiri,Cauvery,2025-09-18 09:30:00+00:00,81.17,NORMAL,84.51,85.4,89.25,10.93805556,78.44027778,CAVMSI_2025-09-18T09:30:00+0000_81.1700
CAVMSI,Cauvery at Musiri,Cauvery,2025-09-18 10:30:00+00:00,81.17,NORMAL,84.51,85.4,89.25,10.93805556,78.44027778,CAVMSI_2025-09-18T10:30:00+0000_81.1700
CAVMSI,Cauvery at Musiri,Cauvery,2025-09-18 11:30:00+00:00,81.17,NORMAL,84.51,85.4,89.25,10.93805556,78.44027778,CAVMSI_2025-09-18T11:30:00+0000_81.1700
CAVMSI,Cauvery at Musiri,Cauvery,2025-09-18 12:30:00+00:00,81.17,NORMAL,84.51,85.4,89.25,10.93805556,78.44027778,CAVMSI_2025-09-18T12:30:00+0000_81.1700
CAVMSI,Cauvery at Musiri,Cauvery,2025-09-18 13:30:00+00:00,81.17,NORMAL,84.51,85.4,89.25,10.93805556,78.44027778,CAVMSI_2025-09-18T13:30:00+0000_81.1700
CAVMSI,Cauvery at Musiri,Cauvery,2025-09-18 14:30:00+00:00,81.17,NORMAL,84.51,85.4,89.25,10.93805556,78.44027778,CAVMSI_2025-09-18T14:30:00+0000_81.1700
CAVMSI,Cauvery at Musiri,Cauvery,2025-09-18 15:30:00+00:00,81.17,NORMAL,84.51,85.4,89.25,10.93805556,78.44027778,CAVMSI_2025-09-18T15:30:00+0000_81.1700
CAVMSI,Cauvery at Musiri,Cauvery,2025-09-18 16:30:00+00:00,81.17,NORMAL,84.51,85.4,89.25,10.93805556,78.44027778,CAVMSI_2025-09-18T16:30:00+0000_81.1700
CAVMSI,Cauvery at Musiri,Cauvery,2025-09-18 17:30:00+00:00,81.17,NORMAL,84.51,85.4,89.25,10.93805556,78.44027778,CAVMSI_2025-09-18T17:30:00+0000_81.1700
CAVMSI,Cauvery at Musiri,Cauvery,2025-09-19 18:30:00+00:00,81.17,NORMAL,84.51,85.4,89.25,10.93805556,78.44027778,CAVMSI_2025-09-19T18:30:00+0000_81.1700
CAVMSI,Cauvery at Musiri,Cauvery,2025-09-19 19:30:00+00:00,81.17,NORMAL,84.51,85.4,89.25,10.93805556,78.44027778,CAVMSI_2025-09-19T19:30:00+0000_81.1700
CAVMSI,Cauvery at Musiri,Cauvery,2025-09-19 20:30:00+00:00,81.17,NORMAL,84.51,85.4,89.25,10.93805556,78.44027778,CAVMSI_2025-09-19T20:30:00+0000_81.1700
CAVMSI,Cauvery at Musiri,Cauvery,2025-09-19 21:30:00+00:00,81.17,NORMAL,84.51,85.4,89.25,10.93805556,78.44027778,CAVMSI_2025-09-19T21:30:00+0000_81.1700
CAVMSI,Cauvery at Musiri,Cauvery,2025-09-19 22:30:00+00:00,81.17,NORMAL,84.51,85.4,89.25,10.93805556,78.44027778,CAVMSI_2025-09-19T22:30:00+0000_81.1700
CAVMSI,Cauvery at Musiri,Cauvery,2025-09-19 23:30:00+00:00,81.17,NORMAL,84.51,85.4,89.25,10.93805556,78.44027778,CAVMSI_2025-09-19T23:30:00+0000_81.1700
CAVMSI,Cauvery at Musiri,Cauvery,2025-09-20 00:30:00+00:00,81.17,NORMAL,84.51,85.4,89.25,10.93805556,78.44027778,CAVMSI_2025-09-20T00:30:00+0000_81.1700
CAVMSI,Cauvery at Musiri,Cauvery,2025-09-20 01:30:00+00:00,81.17,NORMAL,84.51,85.4,89.25,10.93805556,78.44027778,CAVMSI_2025-09-20T01:30:00+0000_81.1700
CAVMSI,Cauvery at Musiri,Cauvery,2025-09-20 02:30:00+00:00,81.17,NORMAL,84.51,85.4,89.25,10.93805556,78.44027778,CAVMSI_2025-09-20T02:30:00+0000_81.1700
CAVMSI,Cauvery at Musiri,Cauvery,2025-09-20 03:30:00+00:00,81.17,NORMAL,84.51,85.4,89.25,10.93805556,78.44027778,CAVMSI_2025-09-20T03:30:00+0000_81.1700
CAVMSI,Cauvery at Musiri,Cauvery,2025-09-21 09:30:00+00:00,81.17,NORMAL,84.51,85.4,89.25,10.93805556,78.44027778,CAVMSI_2025-09-21T09:30:00+0000_81.1700
CAVMSI,Cauvery at Musiri,Cauvery,2025-09-21 23:30:00+00:00,81.17,NORMAL,84.51,85.4,89.25,10.93805556,78.44027778,CAVMSI_2025-09-21T23:30:00+0000_81.1700
CAVMSI,Cauvery at Musiri,Cauvery,2025-09-22 00:30:00+00:00,81.17,NORMAL,84.51,85.4,89.25,10.93805556,78.44027778,CAVMSI_2025-09-22T00:30:00+0000_81.1700
CAVMSI,Cauvery at Musiri,Cauvery,2025-09-22 01:30:00+00:00,81.17,NORMAL,84.51,85.4,89.25,10.93805556,78.44027778,CAVMSI_2025-09-22T01:30:00+0000_81.1700
CAVMSI,Cauvery at Musiri,Cauvery,2025-09-22 02:30:00+00:00,81.17,NORMAL,84.51,85.4,89.25,10.93805556,78.44027778,CAVMSI_2025-09-22T02:30:00+0000_81.1700
CAVMSI,Cauvery at Musiri,Cauvery,2025-09-22 03:30:00+00:00,81.17,NORMAL,84.51,85.4,89.25,10.93805556,78.44027778,CAVMSI_2025-09-22T03:30:00+0000_81.1700
CAVMSI,Cauvery at Musiri,Cauvery,2025-09-22 04:30:00+00:00,81.17,NORMAL,84.51,85.4,89.25,10.93805556,78.44027778,CAVMSI_2025-09-22T04:30:00+0000_81.1700
CAVMSI,Cauvery at Musiri,Cauvery,2025-09-22 05:30:00+00:00,81.17,NORMAL,84.51,85.4,89.25,10.93805556,78.44027778,CAVMSI_2025-09-22T05:30:00+0000_81.1700
CAVMSI,Cauvery at Musiri,Cauvery,2025-09-22 06:30:00+00:00,81.17,NORMAL,84.51,85.4,89.25,10.93805556,78.44027778,CAVMSI_2025-09-22T06:30:00+0000_81.1700
CAVMSI,Cauvery at Musiri,Cauvery,2025-09-22 07:30:00+00:00,81.17,NORMAL,84.51,85.4,89.25,10.93805556,78.44027778,CAVMSI_2025-09-22T07:30:00+0000_81.1700
CAVMSI,Cauvery at Musiri,Cauvery,2025-11-07 23:30:00+00:00,81.17,NORMAL,84.51,85.4,89.25,10.93805556,78.44027778,CAVMSI_2025-11-07T23:30:00+0000_81.1700
CAVMSI,Cauvery at Musiri,Cauvery,2025-11-08 00:30:00+00:00,81.17,NORMAL,84.51,85.4,89.25,10.93805556,78.44027778,CAVMSI_2025-11-08T00:30:00+0000_81.1700
CAVMSI,Cauvery at Musiri,Cauvery,2025-11-08 01:30:00+00:00,81.17,NORMAL,84.51,85.4,89.25,10.93805556,78.44027778,CAVMSI_2025-11-08T01:30:00+0000_81.1700
CAVMSI,Cauvery at Musiri,Cauvery,2025-11-08 02:30:00+00:00,81.17,NORMAL,84.51,85.4,89.25,10.93805556,78.44027778,CAVMSI_2025-11-08T02:30:00+0000_81.1700
CAVMSI,Cauvery at Musiri,Cauvery,2025-11-08 03:30:00+00:00,81.17,NORMAL,84.51,85.4,89.25,10.93805556,78.44027778,CAVMSI_2025-11-08T03:30:00+0000_81.1700
CAVMSI,Cauvery at Musiri,Cauvery,2025-11-08 04:30:00+00:00,81.17,NORMAL,84.51,85.4,89.25,10.93805556,78.44027778,CAVMSI_2025-11-08T04:30:00+0000_81.1700
CAVMSI,Cauvery at Musiri,Cauvery,2025-11-08 05:30:00+00:00,81.17,NORMAL,84.51,85.4,89.25,10.93805556,78.44027778,CAVMSI_2025-11-08T05:30:00+0000_81.1700
CAVMSI,Cauvery at Musiri,Cauvery,2025-11-08 06:30:00+00:00,81.17,NORMAL,84.51,85.4,89.25,10.93805556,78.44027778,CAVMSI_2025-11-08T06:30:00+0000_81.1700
CAVMSI,Cauvery at Musiri,Cauvery,2025-11-08 07:30:00+00:00,81.17,NORMAL,84.51,85.4,89.25,10.93805556,78.44027778,CAVMSI_2025-11-08T07:30:00+0000_81.1700
CAVMSI,Cauvery at Musiri,Cauvery,2025-11-08 09:30:00+00:00,81.17,NORMAL,84.51,85.4,89.25,10.93805556,78.44027778,CAVMSI_2025-11-08T09:30:00+0000_81.1700
CAVMSI,Cauvery at Musiri,Cauvery,2025-11-09 23:30:00+00:00,81.17,NORMAL,84.51,85.4,89.25,10.93805556,78.44027778,CAVMSI_2025-11-09T23:30:00+0000_81.1700
CAVMSI,Cauvery at Musiri,Cauvery,2025-11-10 00:30:00+00:00,81.17,NORMAL,84.51,85.4,89.25,10.93805556,78.44027778,CAVMSI_2025-11-10T00:30:00+0000_81.1700
CAVMSI,Cauvery at Musiri,Cauvery,2025-11-10 01:30:00+00:00,81.17,NORMAL,84.51,85.4,89.25,10.93805556,78.44027778,CAVMSI_2025-11-10T01:30:00+0000_81.1700
CAVMSI,Cauvery at Musiri,Cauvery,2025-11-10 02:30:00+00:00,81.17,NORMAL,84.51,85.4,89.25,10.93805556,78.44027778,CAVMSI_2025-11-10T02:30:00+0000_81.1700
CAVMSI,Cauvery at Musiri,Cauvery,2025-11-10 03:30:00+00:00,81.17,NORMAL,84.51,85.4,89.25,10.93805556,78.44027778,CAVMSI_2025-11-10T03:30:00+0000_81.1700
CAVMSI,Cauvery at Musiri,Cauvery,2025-11-10 04:30:00+00:00,81.17,NORMAL,84.51,85.4,89.25,10.93805556,78.44027778,CAVMSI_2025-11-10T04:30:00+0000_81.1700
CAVMSI,Cauvery at Musiri,Cauvery,2025-11-10 05:30:00+00:00,81.17,NORMAL,84.51,85.4,89.25,10.93805556,78.44027778,CAVMSI_2025-11-10T05:30:00+0000_81.1700
CAVMSI,Cauvery at Musiri,Cauvery,2025-11-10 09:30:00+00:00,81.17,NORMAL,84.51,85.4,89.25,10.93805556,78.44027778,CAVMSI_2025-11-10T09:30:00+0000_81.1700
CAVMSI,Cauvery at Musiri,Cauvery,2025-11-10 10:30:00+00:00,81.17,NORMAL,84.51,85.4,89.25,10.93805556,78.44027778,CAVMSI_2025-11-10T10:30:00+0000_81.1700
CAVMSI,Cauvery at Musiri,Cauvery,2025-11-10 11:30:00+00:00,81.17,NORMAL,84.51,85.4,89.25,10.93805556,78.44027778,CAVMSI_2025-11-10T11:30:00+0000_81.1700
CAVMSI,Cauvery at Musiri,Cauvery,2025-11-10 12:30:00+00:00,81.17,NORMAL,84.51,85.4,89.25,10.93805556,78.44027778,CAVMSI_2025-11-10T12:30:00+0000_81.1700
CAVMSI,Cauvery at Musiri,Cauvery,2025-11-10 13:30:00+00:00,81.17,NORMAL,84.51,85.4,89.25,10.93805556,78.44027778,CAVMSI_2025-11-10T13:30:00+0000_81.1700
CAVMSI,Cauvery at Musiri,Cauvery,2025-11-10 14:30:00+00:00,81.17,NORMAL,84.51,85.4,89.25,10.93805556,78.44027778,CAVMSI_2025-11-10T14:30:00+0000_81.1700
CAVMSI,Cauvery at Musiri,Cauvery,2025-11-10 15:30:00+00:00,81.17,NORMAL,84.51,85.4,89.25,10.93805556,78.44027778,CAVMSI_2025-11-10T15:30:00+0000_81.1700
CAVMSI,Cauvery at Musiri,Cauvery,2025-11-10 16:30:00+00:00,81.17,NORMAL,84.51,85.4,89.25,10.93805556,78.44027778,CAVMSI_2025-11-10T16:30:00+0000_81.1700
CAVMSI,Cauvery at Musiri,Cauvery,2025-11-10 17:30:00+00:00,81.17,NORMAL,84.51,85.4,89.25,10.93805556,78.44027778,CAVMSI_2025-11-10T17:30:00+0000_81.1700
CAVMSI,Cauvery at Musiri,Cauvery,2025-11-10 18:30:00+00:00,81.17,NORMAL,84.51,85.4,89.25,10.93805556,78.44027778,CAVMSI_2025-11-10T18:30:00+0000_81.1700
CAVMSI,Cauvery at Musiri,Cauvery,2025-11-10 19:30:00+00:00,,,84.51,85.4,89.25,10.93805556,78.44027778,CAVMSI_2025-11-10T19:30:00+0000_
CAVMSI,Cauvery at Musiri,Cauvery,2025-11-10 20:30:00+00:00,81.17,NORMAL,84.51,85.4,89.25,10.93805556,78.44027778,CAVMSI_2025-11-10T20:30:00+0000_81.1700
CAVMSI,Cauvery at Musiri,Cauvery,2025-11-10 21:30:00+00:00,81.17,NORMAL,84.51,85.4,89.25,10.93805556,78.44027778,CAVMSI_2025-11-10T21:30:00+0000_81.1700
CAVMSI,Cauvery at Musiri,Cauvery,2025-11-10 22:30:00+00:00,81.17,NORMAL,84.51,85.4,89.25,10.93805556,78.44027778,CAVMSI_2025-11-10T22:30:00+0000_81.1700
CAVMSI,Cauvery at Musiri,Cauvery,2025-11-10 23:30:00+00:00,81.17,NORMAL,84.51,85.4,89.25,10.93805556,78.44027778,CAVMSI_2025-11-10T23:30:00+0000_81.1700
CAVMSI,Cauvery at Musiri,Cauvery,2025-11-11 00:30:00+00:00,81.17,NORMAL,84.51,85.4,89.25,10.93805556,78.44027778,CAVMSI_2025-11-11T00:30:00+0000_81.1700
CAVMSI,Cauvery at Musiri,Cauvery,2025-11-11 01:30:00+00:00,81.17,NORMAL,84.51,85.4,89.25,10.93805556,78.44027778,CAVMSI_2025-11-11T01:30:00+0000_81.1700
CAVMSI,Cauvery at Musiri,Cauvery,2025-11-11 02:30:00+00:00,81.17,NORMAL,84.51,85.4,89.25,10.93805556,78.44027778,CAVMSI_2025-11-11T02:30:00+0000_81.1700
CAVMSI,Cauvery at Musiri,Cauvery,2025-11-11 03:30:00+00:00,81.17,NORMAL,84.51,85.4,89.25,10.93805556,78.44027778,CAVMSI_2025-11-11T03:30:00+0000_81.1700
CAVMSI,Cauvery at Musiri,Cauvery,2025-11-11 05:30:00+00:00,81.17,NORMAL,84.51,85.4,89.25,10.93805556,78.44027778,CAVMSI_2025-11-11T05:30:00+0000_81.1700
CAVMSI,Cauvery at Musiri,Cauvery,2025-11-11 06:30:00+00:00,81.17,NORMAL,84.51,85.4,89.25,10.93805556,78.44027778,CAVMSI_2025-11-11T06:30:00+0000_81.1700
CAVMSI,Cauvery at Musiri,Cauvery,2025-11-11 07:30:00+00:00,81.17,NORMAL,84.51,85.4,89.25,10.93805556,78.44027778,CAVMSI_2025-11-11T07:30:00+0000_81.1700
CAVMSI,Cauvery at Musiri,Cauvery,2025-11-11 08:30:00+00:00,81.17,NORMAL,84.51,85.4,89.25,10.93805556,78.44027778,CAVMSI_2025-11-11T08:30:00+0000_81.1700
CAVMSI,Cauvery at Musiri,Cauvery,2025-11-11 09:30:00+00:00,,,84.51,85.4,89.25,10.93805556,78.44027778,CAVMSI_2025-11-11T09:30:00+0000_
CAVMSI,Cauvery at Musiri,Cauvery,2025-11-11 10:30:00+00:00,81.17,NORMAL,84.51,85.4,89.25,10.93805556,78.44027778,CAVMSI_2025-11-11T10:30:00+0000_81.1700
CAVMSI,Cauvery at Musiri,Cauvery,2025-11-11 11:30:00+00:00,81.17,NORMAL,84.51,85.4,89.25,10.93805556,78.44027778,CAVMSI_2025-11-11T11:30:00+0000_81.1700
CAVMSI,Cauvery at Musiri,Cauvery,2025-11-11 12:30:00+00:00,81.17,NORMAL,84.51,85.4,89.25,10.93805556,78.44027778,CAVMSI_2025-11-11T12:30:00+0000_81.1700
CAVMSI,Cauvery at Musiri,Cauvery,2025-11-11 13:30:00+00:00,81.17,NORMAL,84.51,85.4,89.25,10.93805556,78.44027778,CAVMSI_2025-11-11T13:30:00+0000_81.1700
CAVMSI,Cauvery at Musiri,Cauvery,2025-11-11 14:30:00+00:00,81.17,NORMAL,84.51,85.4,89.25,10.93805556,78.44027778,CAVMSI_2025-11-11T14:30:00+0000_81.1700
CAVMSI,Cauvery at Musiri,Cauvery,2025-11-11 15:30:00+00:00,81.17,NORMAL,84.51,85.4,89.25,10.93805556,78.44027778,CAVMSI_2025-11-11T15:30:00+0000_81.1700
CAVMSI,Cauvery at Musiri,Cauvery,2025-11-11 16:30:00+00:00,81.17,NORMAL,84.51,85.4,89.25,10.93805556,78.44027778,CAVMSI_2025-11-11T16:30:00+0000_81.1700
CAVMSI,Cauvery at Musiri,Cauvery,2025-11-11 17:30:00+00:00,81.17,NORMAL,84.51,85.4,89.25,10.93805556,78.44027778,CAVMSI_2025-11-11T17:30:00+0000_81.1700
CAVMSI,Cauvery at Musiri,Cauvery,2025-11-11 18:30:00+00:00,81.17,NORMAL,84.51,85.4,89.25,10.93805556,78.44027778,CAVMSI_2025-11-11T18:30:00+0000_81.1700
CAVMSI,Cauvery at Musiri,Cauvery,2025-11-11 19:30:00+00:00,81.17,NORMAL,84.51,85.4,89.25,10.93805556,78.44027778,CAVMSI_2025-11-11T19:30:00+0000_81.1700
CAVMSI,Cauvery at Musiri,Cauvery,2025-11-11 20:30:00+00:00,81.17,NORMAL,84.51,85.4,89.25,10.93805556,78.44027778,CAVMSI_2025-11-11T20:30:00+0000_81.1700
CAVMSI,Cauvery at Musiri,Cauvery,2025-11-11 21:30:00+00:00,81.17,NORMAL,84.51,85.4,89.25,10.93805556,78.44027778,CAVMSI_2025-11-11T21:30:00+0000_81.1700
CAVMSI,Cauvery at Musiri,Cauvery,2025-11-11 22:30:00+00:00,81.17,NORMAL,84.51,85.4,89.25,10.93805556,78.44027778,CAVMSI_2025-11-11T22:30:00+0000_81.1700
CAVMSI,Cauvery at Musiri,Cauvery,2025-11-11 23:30:00+00:00,81.17,NORMAL,84.51,85.4,89.25,10.93805556,78.44027778,CAVMSI_2025-11-11T23:30:00+0000_81.1700
CAVMSI,Cauvery at Musiri,Cauvery,2025-11-12 00:30:00+00:00,81.17,NORMAL,84.51,85.4,89.25,10.93805556,78.44027778,CAVMSI_2025-11-12T00:30:00+0000_81.1700
CAVMSI,Cauvery at Musiri,Cauvery,2025-11-12 01:30:00+00:00,81.17,NORMAL,84.51,85.4,89.25,10.93805556,78.44027778,CAVMSI_2025-11-12T01:30:00+0000_81.1700
CAVMSI,Cauvery at Musiri,Cauvery,2025-11-12 02:30:00+00:00,81.17,NORMAL,84.51,85.4,89.25,10.93805556,78.44027778,CAVMSI_2025-11-12T02:30:00+0000_81.1700
CAVMSI,Cauvery at Musiri,Cauvery,2025-11-12 03:30:00+00:00,81.17,NORMAL,84.51,85.4,89.25,10.93805556,78.44027778,CAVMSI_2025-11-12T03:30:00+0000_81.1700
CAVMSI,Cauvery at Musiri,Cauvery,2025-11-12 04:30:00+00:00,81.17,NORMAL,84.51,85.4,89.25,10.93805556,78.44027778,CAVMSI_2025-11-12T04:30:00+0000_81.1700
CAVMSI,Cauvery at Musiri,Cauvery,2025-11-12 05:30:00+00:00,81.17,NORMAL,84.51,85.4,89.25,10.93805556,78.44027778,CAVMSI_2025-11-12T05:30:00+0000_81.1700
CAVMSI,Cauvery at Musiri,Cauvery,2025-11-12 06:30:00+00:00,81.17,NORMAL,84.51,85.4,89.25,10.93805556,78.44027778,CAVMSI_2025-11-12T06:30:00+0000_81.1700
CAVMSI,Cauvery at Musiri,Cauvery,2025-11-12 07:30:00+00:00,81.17,NORMAL,84.51,85.4,89.25,10.93805556,78.44027778,CAVMSI_2025-11-12T07:30:00+0000_81.1700
CAVMSI,Cauvery at Musiri,Cauvery,2025-11-12 08:30:00+00:00,81.17,NORMAL,84.51,85.4,89.25,10.93805556,78.44027778,CAVMSI_2025-11-12T08:30:00+0000_81.1700
CAVMSI,Cauvery at Musiri,Cauvery,2025-11-12 09:30:00+00:00,81.17,NORMAL,84.51,85.4,89.25,10.93805556,78.44027778,CAVMSI_2025-11-12T09:30:00+0000_81.1700
CAVMSI,Cauvery at Musiri,Cauvery,2025-11-12 10:30:00+00:00,81.17,NORMAL,84.51,85.4,89.25,10.93805556,78.44027778,CAVMSI_2025-11-12T10:30:00+0000_81.1700
CAVMSI,Cauvery at Musiri,Cauvery,2025-11-12 11:30:00+00:00,,,84.51,85.4,89.25,10.93805556,78.44027778,CAVMSI_2025-11-12T11:30:00+0000_
CAVMSI,Cauvery at Musiri,Cauvery,2025-11-12 12:30:00+00:00,81.17,NORMAL,84.51,85.4,89.25,10.93805556,78.44027778,CAVMSI_2025-11-12T12:30:00+0000_81.1700
CAVMSI,Cauvery at Musiri,Cauvery,2025-11-12 13:30:00+00:00,81.17,NORMAL,84.51,85.4,89.25,10.93805556,78.44027778,CAVMSI_2025-11-12T13:30:00+0000_81.1700
CAVMSI,Cauvery at Musiri,Cauvery,2025-11-12 14:30:00+00:00,81.17,NORMAL,84.51,85.4,89.25,10.93805556,78.44027778,CAVMSI_2025-11-12T14:30:00+0000_81.1700
CAVMSI,Cauvery at Musiri,Cauvery,2025-11-12 15:30:00+00:00,81.17,NORMAL,84.51,85.4,89.25,10.93805556,78.44027778,CAVMSI_2025-11-12T15:30:00+0000_81.1700
CAVMSI,Cauvery at Musiri,Cauvery,2025-11-12 16:30:00+00:00,81.17,NORMAL,84.51,85.4,89.25,10.93805556,78.44027778,CAVMSI_2025-11-12T16:30:00+0000_81.1700
CAVMSI,Cauvery at Musiri,Cauvery,2025-11-12 17:30:00+00:00,81.17,NORMAL,84.51,85.4,89.25,10.93805556,78.44027778,CAVMSI_2025-11-12T17:30:00+0000_81.1700
CAVMSI,Cauvery at Musiri,Cauvery,2025-11-12 18:30:00+00:00,81.17,NORMAL,84.51,85.4,89.25,10.93805556,78.44027778,CAVMSI_2025-11-12T18:30:00+0000_81.1700
CAVMSI,Cauvery at Musiri,Cauvery,2025-11-12 19:30:00+00:00,81.17,NORMAL,84.51,85.4,89.25,10.93805556,78.44027778,CAVMSI_2025-11-12T19:30:00+0000_81.1700
CAVMSI,Cauvery at Musiri,Cauvery,2025-11-12 20:30:00+00:00,81.17,NORMAL,84.51,85.4,89.25,10.93805556,78.44027778,CAVMSI_2025-11-12T20:30:00+0000_81.1700
CAVMSI,Cauvery at Musiri,Cauvery,2025-11-12 21:30:00+00:00,81.17,NORMAL,84.51,85.4,89.25,10.93805556,78.44027778,CAVMSI_2025-11-12T21:30:00+0000_81.1700
CAVMSI,Cauvery at Musiri,Cauvery,2025-11-12 22:30:00+00:00,81.17,NORMAL,84.51,85.4,89.25,10.93805556,78.44027778,CAVMSI_2025-11-12T22:30:00+0000_81.1700
CAVMSI,Cauvery at Musiri,Cauvery,2025-11-12 23:30:00+00:00,81.17,NORMAL,84.51,85.4,89.25,10.93805556,78.44027778,CAVMSI_2025-11-12T23:30:00+0000_81.1700
CAVMSI,Cauvery at Musiri,Cauvery,2025-11-13 00:30:00+00:00,81.17,NORMAL,84.51,85.4,89.25,10.93805556,78.44027778,CAVMSI_2025-11-13T00:30:00+0000_81.1700
CAVMSI,Cauvery at Musiri,Cauvery,2025-11-13 01:30:00+00:00,81.17,NORMAL,84.51,85.4,89.25,10.93805556,78.44027778,CAVMSI_2025-11-13T01:30:00+0000_81.1700
CAVMSI,Cauvery at Musiri,Cauvery,2025-11-13 02:30:00+00:00,81.17,NORMAL,84.51,85.4,89.25,10.93805556,78.44027778,CAVMSI_2025-11-13T02:30:00+0000_81.1700
CAVMSI,Cauvery at Musiri,Cauvery,2025-11-13 03:30:00+00:00,81.17,NORMAL,84.51,85.4,89.25,10.93805556,78.44027778,CAVMSI_2025-11-13T03:30:00+0000_81.1700
CAVMSI,Cauvery at Musiri,Cauvery,2025-11-13 04:30:00+00:00,81.17,NORMAL,84.51,85.4,89.25,10.93805556,78.44027778,CAVMSI_2025-11-13T04:30:00+0000_81.1700
CAVMSI,Cauvery at Musiri,Cauvery,2025-11-14 23:30:00+00:00,81.17,NORMAL,84.51,85.4,89.25,10.93805556,78.44027778,CAVMSI_2025-11-14T23:30:00+0000_81.1700
CAVMSI,Cauvery at Musiri,Cauvery,2025-11-15 00:30:00+00:00,81.17,NORMAL,84.51,85.4,89.25,10.93805556,78.44027778,CAVMSI_2025-11-15T00:30:00+0000_81.1700
CAVMSI,Cauvery at Musiri,Cauvery,2025-11-15 01:30:00+00:00,81.17,NORMAL,84.51,85.4,89.25,10.93805556,78.44027778,CAVMSI_2025-11-15T01:30:00+0000_81.1700
CAVMSI,Cauvery at Musiri,Cauvery,2025-11-15 02:30:00+00:00,81.17,NORMAL,84.51,85.4,89.25,10.93805556,78.44027778,CAVMSI_2025-11-15T02:30:00+0000_81.1700
CAVMSI,Cauvery at Musiri,Cauvery,2025-11-15 03:30:00+00:00,81.17,NORMAL,84.51,85.4,89.25,10.93805556,78.44027778,CAVMSI_2025-11-15T03:30:00+0000_81.1700
CAVMSI,Cauvery at Musiri,Cauvery,2025-11-15 04:30:00+00:00,81.17,NORMAL,84.51,85.4,89.25,10.93805556,78.44027778,CAVMSI_2025-11-15T04:30:00+0000_81.1700
CAVMSI,Cauvery at Musiri,Cauvery,2025-11-15 05:30:00+00:00,81.17,NORMAL,84.51,85.4,89.25,10.93805556,78.44027778,CAVMSI_2025-11-15T05:30:00+0000_81.1700
CAVMSI,Cauvery at Musiri,Cauvery,2025-11-15 06:30:00+00:00,81.17,NORMAL,84.51,85.4,89.25,10.93805556,78.44027778,CAVMSI_2025-11-15T06:30:00+0000_81.1700
CAVMSI,Cauvery at Musiri,Cauvery,2025-11-15 07:30:00+00:00,81.17,NORMAL,84.51,85.4,89.25,10.93805556,78.44027778,CAVMSI_2025-11-15T07:30:00+0000_81.1700
CAVMSI,Cauvery at Musiri,Cauvery,2025-11-15 08:30:00+00:00,81.17,NORMAL,84.51,85.4,89.25,10.93805556,78.44027778,CAVMSI_2025-11-15T08:30:00+0000_81.1700
CAVMSI,Cauvery at Musiri,Cauvery,2025-11-15 09:30:00+00:00,81.17,NORMAL,84.51,85.4,89.25,10.93805556,78.44027778,CAVMSI_2025-11-15T09:30:00+0000_81.1700
CAVMSI,Cauvery at Musiri,Cauvery,2025-11-15 10:30:00+00:00,81.17,NORMAL,84.51,85.4,89.25,10.93805556,78.44027778,CAVMSI_2025-11-15T10:30:00+0000_81.1700
CAVMSI,Cauvery at Musiri,Cauvery,2025-11-15 11:30:00+00:00,81.17,NORMAL,84.51,85.4,89.25,10.93805556,78.44027778,CAVMSI_2025-11-15T11:30:00+0000_81.1700
CAVMSI,Cauvery at Musiri,Cauvery,2025-11-15 12:30:00+00:00,81.17,NORMAL,84.51,85.4,89.25,10.93805556,78.44027778,CAVMSI_2025-11-15T12:30:00+0000_81.1700
CAVMSI,Cauvery at Musiri,Cauvery,2025-11-15 13:30:00+00:00,81.17,NORMAL,84.51,85.4,89.25,10.93805556,78.44027778,CAVMSI_2025-11-15T13:30:00+0000_81.1700
CAVMSI,Cauvery at Musiri,Cauvery,2025-11-15 14:30:00+00:00,81.17,NORMAL,84.51,85.4,89.25,10.93805556,78.44027778,CAVMSI_2025-11-15T14:30:00+0000_81.1700
CAVMSI,Cauvery at Musiri,Cauvery,2025-11-15 15:30:00+00:00,81.17,NORMAL,84.51,85.4,89.25,10.93805556,78.44027778,CAVMSI_2025-11-15T15:30:00+0000_81.1700
CAVMSI,Cauvery at Musiri,Cauvery,2025-11-15 16:30:00+00:00,81.17,NORMAL,84.51,85.4,89.25,10.93805556,78.44027778,CAVMSI_2025-11-15T16:30:00+0000_81.1700
CAVMSI,Cauvery at Musiri,Cauvery,2025-11-15 17:30:00+00:00,81.17,NORMAL,84.51,85.4,89.25,10.93805556,78.44027778,CAVMSI_2025-11-15T17:30:00+0000_81.1700
CAVMSI,Cauvery at Musiri,Cauvery,2025-11-15 18:30:00+00:00,81.17,NORMAL,84.51,85.4,89.25,10.93805556,78.44027778,CAVMSI_2025-11-15T18:30:00+0000_81.1700
CAVMSI,Cauvery at Musiri,Cauvery,2025-11-15 19:30:00+00:00,81.17,NORMAL,84.51,85.4,89.25,10.93805556,78.44027778,CAVMSI_2025-11-15T19:30:00+0000_81.1700
CAVMSI,Cauvery at Musiri,Cauvery,2025-11-15 20:30:00+00:00,81.17,NORMAL,84.51,85.4,89.25,10.93805556,78.44027778,CAVMSI_2025-11-15T20:30:00+0000_81.1700
CAVMSI,Cauvery at Musiri,Cauvery,2025-11-15 21:30:00+00:00,81.17,NORMAL,84.51,85.4,89.25,10.93805556,78.44027778,CAVMSI_2025-11-15T21:30:00+0000_81.1700
CAVMSI,Cauvery at Musiri,Cauvery,2025-11-15 22:30:00+00:00,81.17,NORMAL,84.51,85.4,89.25,10.93805556,78.44027778,CAVMSI_2025-11-15T22:30:00+0000_81.1700
CAVMSI,Cauvery at Musiri,Cauvery,2025-11-15 23:30:00+00:00,81.17,NORMAL,84.51,85.4,89.25,10.93805556,78.44027778,CAVMSI_2025-11-15T23:30:00+0000_81.1700
CAVMSI,Cauvery at Musiri,Cauvery,2025-11-16 00:30:00+00:00,81.17,NORMAL,84.51,85.4,89.25,10.93805556,78.44027778,CAVMSI_2025-11-16T00:30:00+0000_81.1700
CAVMSI,Cauvery at Musiri,Cauvery,2025-11-16 01:30:00+00:00,81.17,NORMAL,84.51,85.4,89.25,10.93805556,78.44027778,CAVMSI_2025-11-16T01:30:00+0000_81.1700
CAVMSI,Cauvery at Musiri,Cauvery,2025-11-16 02:30:00+00:00,81.17,NORMAL,84.51,85.4,89.25,10.93805556,78.44027778,CAVMSI_2025-11-16T02:30:00+0000_81.1700
CAVMSI,Cauvery at Musiri,Cauvery,2025-11-16 03:30:00+00:00,81.17,NORMAL,84.51,85.4,89.25,10.93805556,78.44027778,CAVMSI_2025-11-16T03:30:00+0000_81.1700
CAVMSI,Cauvery at Musiri,Cauvery,2025-11-16 04:30:00+00:00,81.17,NORMAL,84.51,85.4,89.25,10.93805556,78.44027778,CAVMSI_2025-11-16T04:30:00+0000_81.1700
CAVMSI,Cauvery at Musiri,Cauvery,2025-11-16 05:30:00+00:00,81.17,NORMAL,84.51,85.4,89.25,10.93805556,78.44027778,CAVMSI_2025-11-16T05:30:00+0000_81.1700
CAVMSI,Cauvery at Musiri,Cauvery,2025-11-16 06:30:00+00:00,81.17,NORMAL,84.51,85.4,89.25,10.93805556,78.44027778,CAVMSI_2025-11-16T06:30:00+0000_81.1700
CAVMSI,Cauvery at Musiri,Cauvery,2025-11-16 07:30:00+00:00,81.17,NORMAL,84.51,85.4,89.25,10.93805556,78.44027778,CAVMSI_2025-11-16T07:30:00+0000_81.1700
CAVMSI,Cauvery at Musiri,Cauvery,2025-11-16 08:30:00+00:00,81.17,NORMAL,84.51,85.4,89.25,10.93805556,78.44027778,CAVMSI_2025-11-16T08:30:00+0000_81.1700
CAVMSI,Cauvery at Musiri,Cauvery,2025-11-16 09:30:00+00:00,81.17,NORMAL,84.51,85.4,89.25,10.93805556,78.44027778,CAVMSI_2025-11-16T09:30:00+0000_81.1700
CAVMSI,Cauvery at Musiri,Cauvery,2025-11-16 10:30:00+00:00,81.17,NORMAL,84.51,85.4,89.25,10.93805556,78.44027778,CAVMSI_2025-11-16T10:30:00+0000_81.1700
CAVMSI,Cauvery at Musiri,Cauvery,2025-11-16 11:30:00+00:00,81.17,NORMAL,84.51,85.4,89.25,10.93805556,78.44027778,CAVMSI_2025-11-16T11:30:00+0000_81.1700
CAVMSI,Cauvery at Musiri,Cauvery,2025-11-16 12:30:00+00:00,81.17,NORMAL,84.51,85.4,89.25,10.93805556,78.44027778,CAVMSI_2025-11-16T12:30:00+0000_81.1700
CAVMSI,Cauvery at Musiri,Cauvery,2025-11-16 13:30:00+00:00,81.17,NORMAL,84.51,85.4,89.25,10.93805556,78.44027778,CAVMSI_2025-11-16T13:30:00+0000_81.1700
CAVMSI,Cauvery at Musiri,Cauvery,2025-11-16 14:30:00+00:00,81.17,NORMAL,84.51,85.4,89.25,10.93805556,78.44027778,CAVMSI_2025-11-16T14:30:00+0000_81.1700
CAVMSI,Cauvery at Musiri,Cauvery,2025-11-16 15:30:00+00:00,81.17,NORMAL,84.51,85.4,89.25,10.93805556,78.44027778,CAVMSI_2025-11-16T15:30:00+0000_81.1700
CAVMSI,Cauvery at Musiri,Cauvery,2025-11-16 16:30:00+00:00,81.17,NORMAL,84.51,85.4,89.25,10.93805556,78.44027778,CAVMSI_2025-11-16T16:30:00+0000_81.1700
CAVMSI,Cauvery at Musiri,Cauvery,2025-11-16 17:30:00+00:00,81.17,NORMAL,84.51,85.4,89.25,10.93805556,78.44027778,CAVMSI_2025-11-16T17:30:00+0000_81.1700
CAVMSI,Cauvery at Musiri,Cauvery,2025-11-16 18:30:00+00:00,81.17,NORMAL,84.51,85.4,89.25,10.93805556,78.44027778,CAVMSI_2025-11-16T18:30:00+0000_81.1700
CAVMSI,Cauvery at Musiri,Cauvery,2025-11-16 19:30:00+00:00,81.17,NORMAL,84.51,85.4,89.25,10.93805556,78.44027778,CAVMSI_2025-11-16T19:30:00+0000_81.1700
CAVMSI,Cauvery at Musiri,Cauvery,2025-11-16 20:30:00+00:00,81.17,NORMAL,84.51,85.4,89.25,10.93805556,78.44027778,CAVMSI_2025-11-16T20:30:00+0000_81.1700
CAVMSI,Cauvery at Musiri,Cauvery,2025-11-16 21:30:00+00:00,81.17,NORMAL,84.51,85.4,89.25,10.93805556,78.44027778,CAVMSI_2025-11-16T21:30:00+0000_81.1700
CAVMSI,Cauvery at Musiri,Cauvery,2025-11-16 22:30:00+00:00,81.17,NORMAL,84.51,85.4,89.25,10.93805556,78.44027778,CAVMSI_2025-11-16T22:30:00+0000_81.1700
CAVMSI,Cauvery at Musiri,Cauvery,2025-11-16 23:30:00+00:00,81.17,NORMAL,84.51,85.4,89.25,10.93805556,78.44027778,CAVMSI_2025-11-16T23:30:00+0000_81.1700
CAVMSI,Cauvery at Musiri,Cauvery,2025-11-17 00:30:00+00:00,81.17,NORMAL,84.51,85.4,89.25,10.93805556,78.44027778,CAVMSI_2025-11-17T00:30:00+0000_81.1700
CAVMSI,Cauvery at Musiri,Cauvery,2025-11-17 01:30:00+00:00,81.17,NORMAL,84.51,85.4,89.25,10.93805556,78.44027778,CAVMSI_2025-11-17T01:30:00+0000_81.1700
CAVMSI,Cauvery at Musiri,Cauvery,2025-11-17 02:30:00+00:00,81.17,NORMAL,84.51,85.4,89.25,10.93805556,78.44027778,CAVMSI_2025-11-17T02:30:00+0000_81.1700
CAVMSI,Cauvery at Musiri,Cauvery,2025-11-17 03:30:00+00:00,81.17,NORMAL,84.51,85.4,89.25,10.93805556,78.44027778,CAVMSI_2025-11-17T03:30:00+0000_81.1700
CAVMSI,Cauvery at Musiri,Cauvery,2025-11-17 04:30:00+00:00,81.17,NORMAL,84.51,85.4,89.25,10.93805556,78.44027778,CAVMSI_2025-11-17T04:30:00+0000_81.1700
CAVMSI,Cauvery at Musiri,Cauvery,2025-11-17 05:30:00+00:00,81.17,NORMAL,84.51,85.4,89.25,10.93805556,78.44027778,CAVMSI_2025-11-17T05:30:00+0000_81.1700
CAVMSI,Cauvery at Musiri,Cauvery,2025-11-17 06:30:00+00:00,81.17,NORMAL,84.51,85.4,89.25,10.93805556,78.44027778,CAVMSI_2025-11-17T06:30:00+0000_81.1700
CAVMSI,Cauvery at Musiri,Cauvery,2025-11-17 23:30:00+00:00,81.17,NORMAL,84.51,85.4,89.25,10.93805556,78.44027778,CAVMSI_2025-11-17T23:30:00+0000_81.1700
CAVMSI,Cauvery at Musiri,Cauvery,2025-11-18 00:30:00+00:00,81.17,NORMAL,84.51,85.4,89.25,10.93805556,78.44027778,CAVMSI_2025-11-18T00:30:00+0000_81.1700
CAVMSI,Cauvery at Musiri,Cauvery,2025-11-18 01:30:00+00:00,81.17,NORMAL,84.51,85.4,89.25,10.93805556,78.44027778,CAVMSI_2025-11-18T01:30:00+0000_81.1700
CAVMSI,Cauvery at Musiri,Cauvery,2025-11-18 02:30:00+00:00,81.17,NORMAL,84.51,85.4,89.25,10.93805556,78.44027778,CAVMSI_2025-11-18T02:30:00+0000_81.1700
CAVMSI,Cauvery at Musiri,Cauvery,2025-11-18 03:30:00+00:00,81.17,NORMAL,84.51,85.4,89.25,10.93805556,78.44027778,CAVMSI_2025-11-18T03:30:00+0000_81.1700
CAVMSI,Cauvery at Musiri,Cauvery,2025-11-18 04:30:00+00:00,81.17,NORMAL,84.51,85.4,89.25,10.93805556,78.44027778,CAVMSI_2025-11-18T04:30:00+0000_81.1700
CAVMSI,Cauvery at Musiri,Cauvery,2025-11-18 05:30:00+00:00,81.17,NORMAL,84.51,85.4,89.25,10.93805556,78.44027778,CAVMSI_2025-11-18T05:30:00+0000_81.1700
CAVMSI,Cauvery at Musiri,Cauvery,2025-11-19 23:30:00+00:00,81.17,NORMAL,84.51,85.4,89.25,10.93805556,78.44027778,CAVMSI_2025-11-19T23:30:00+0000_81.1700
CAVMSI,Cauvery at Musiri,Cauvery,2025-11-20 00:30:00+00:00,81.17,NORMAL,84.51,85.4,89.25,10.93805556,78.44027778,CAVMSI_2025-11-20T00:30:00+0000_81.1700
CAVMSI,Cauvery at Musiri,Cauvery,2025-11-20 01:30:00+00:00,81.17,NORMAL,84.51,85.4,89.25,10.93805556,78.44027778,CAVMSI_2025-11-20T01:30:00+0000_81.1700
CAVMSI,Cauvery at Musiri,Cauvery,2025-11-20 02:30:00+00:00,81.17,NORMAL,84.51,85.4,89.25,10.93805556,78.44027778,CAVMSI_2025-11-20T02:30:00+0000_81.1700
CAVMSI,Cauvery at Musiri,Cauvery,2025-11-20 03:30:00+00:00,81.17,NORMAL,84.51,85.4,89.25,10.93805556,78.44027778,CAVMSI_2025-11-20T03:30:00+0000_81.1700
CAVMSI,Cauvery at Musiri,Cauvery,2025-11-20 04:30:00+00:00,81.17,NORMAL,84.51,85.4,89.25,10.93805556,78.44027778,CAVMSI_2025-11-20T04:30:00+0000_81.1700
CAVMSI,Cauvery at Musiri,Cauvery,2025-11-20 05:30:00+00:00,81.17,NORMAL,84.51,85.4,89.25,10.93805556,78.44027778,CAVMSI_2025-11-20T05:30:00+0000_81.1700
CAVMSI,Cauvery at Musiri,Cauvery,2025-11-20 07:30:00+00:00,81.17,NORMAL,84.51,85.4,89.25,10.93805556,78.44027778,CAVMSI_2025-11-20T07:30:00+0000_81.1700
CAVMSI,Cauvery at Musiri,Cauvery,2025-11-20 08:30:00+00:00,81.17,NORMAL,84.51,85.4,89.25,10.93805556,78.44027778,CAVMSI_2025-11-20T08:30:00+0000_81.1700
CAVMSI,Cauvery at Musiri,Cauvery,2025-11-20 09:30:00+00:00,81.17,NORMAL,84.51,85.4,89.25,10.93805556,78.44027778,CAVMSI_2025-11-20T09:30:00+0000_81.1700
CAVMSI,Cauvery at Musiri,Cauvery,2025-11-20 10:30:00+00:00,81.17,NORMAL,84.51,85.4,89.25,10.93805556,78.44027778,CAVMSI_2025-11-20T10:30:00+0000_81.1700
CAVMSI,Cauvery at Musiri,Cauvery,2025-11-20 11:30:00+00:00,81.17,NORMAL,84.51,85.4,89.25,10.93805556,78.44027778,CAVMSI_2025-11-20T11:30:00+0000_81.1700
CAVMSI,Cauvery at Musiri,Cauvery,2025-11-20 12:30:00+00:00,81.17,NORMAL,84.51,85.4,89.25,10.93805556,78.44027778,CAVMSI_2025-11-20T12:30:00+0000_81.1700
CAVMSI,Cauvery at Musiri,Cauvery,2025-11-20 13:30:00+00:00,81.17,NORMAL,84.51,85.4,89.25,10.93805556,78.44027778,CAVMSI_2025-11-20T13:30:00+0000_81.1700
CAVMSI,Cauvery at Musiri,Cauvery,2025-11-20 14:30:00+00:00,81.17,NORMAL,84.51,85.4,89.25,10.93805556,78.44027778,CAVMSI_2025-11-20T14:30:00+0000_81.1700
CAVMSI,Cauvery at Musiri,Cauvery,2025-11-20 15:30:00+00:00,81.17,NORMAL,84.51,85.4,89.25,10.93805556,78.44027778,CAVMSI_2025-11-20T15:30:00+0000_81.1700
CAVMSI,Cauvery at Musiri,Cauvery,2025-11-20 16:30:00+00:00,81.17,NORMAL,84.51,85.4,89.25,10.93805556,78.44027778,CAVMSI_2025-11-20T16:30:00+0000_81.1700
CAVMSI,Cauvery at Musiri,Cauvery,2025-11-20 17:30:00+00:00,81.17,NORMAL,84.51,85.4,89.25,10.93805556,78.44027778,CAVMSI_2025-11-20T17:30:00+0000_81.1700
CAVMSI,Cauvery at Musiri,Cauvery,2025-11-20 18:30:00+00:00,81.17,NORMAL,84.51,85.4,89.25,10.93805556,78.44027778,CAVMSI_2025-11-20T18:30:00+0000_81.1700
CAVMSI,Cauvery at Musiri,Cauvery,2025-11-20 19:30:00+00:00,81.17,NORMAL,84.51,85.4,89.25,10.93805556,78.44027778,CAVMSI_2025-11-20T19:30:00+0000_81.1700
CAVMSI,Cauvery at Musiri,Cauvery,2025-11-21 03:30:00+00:00,81.17,NORMAL,84.51,85.4,89.25,10.93805556,78.44027778,CAVMSI_2025-11-21T03:30:00+0000_81.1700
CAVMSI,Cauvery at Musiri,Cauvery,2025-11-21 04:30:00+00:00,81.17,NORMAL,84.51,85.4,89.25,10.93805556,78.44027778,CAVMSI_2025-11-21T04:30:00+0000_81.1700
CAVMSI,Cauvery at Musiri,Cauvery,2025-11-21 05:30:00+00:00,81.17,NORMAL,84.51,85.4,89.25,10.93805556,78.44027778,CAVMSI_2025-11-21T05:30:00+0000_81.1700
CAVMSI,Cauvery at Musiri,Cauvery,2025-11-21 06:30:00+00:00,81.17,NORMAL,84.51,85.4,89.25,10.93805556,78.44027778,CAVMSI_2025-11-21T06:30:00+0000_81.1700
CAVMSI,Cauvery at Musiri,Cauvery,2025-11-21 07:30:00+00:00,81.17,NORMAL,84.51,85.4,89.25,10.93805556,78.44027778,CAVMSI_2025-11-21T07:30:00+0000_81.1700
CAVMSI,Cauvery at Musiri,Cauvery,2025-11-21 08:30:00+00:00,81.17,NORMAL,84.51,85.4,89.25,10.93805556,78.44027778,CAVMSI_2025-11-21T08:30:00+0000_81.1700
CAVMSI,Cauvery at Musiri,Cauvery,2025-11-21 09:30:00+00:00,81.17,NORMAL,84.51,85.4,89.25,10.93805556,78.44027778,CAVMSI_2025-11-21T09:30:00+0000_81.1700
CAVMSI,Cauvery at Musiri,Cauvery,2025-11-21 10:30:00+00:00,81.17,NORMAL,84.51,85.4,89.25,10.93805556,78.44027778,CAVMSI_2025-11-21T10:30:00+0000_81.1700
CAVMSI,Cauvery at Musiri,Cauvery,2025-11-21 11:30:00+00:00,81.17,NORMAL,84.51,85.4,89.25,10.93805556,78.44027778,CAVMSI_2025-11-21T11:30:00+0000_81.1700
CAVMSI,Cauvery at Musiri,Cauvery,2025-11-21 12:30:00+00:00,81.17,NORMAL,84.51,85.4,89.25,10.93805556,78.44027778,CAVMSI_2025-11-21T12:30:00+0000_81.1700
CAVMSI,Cauvery at Musiri,Cauvery,2025-11-21 23:30:00+00:00,81.17,NORMAL,84.51,85.4,89.25,10.93805556,78.44027778,CAVMSI_2025-11-21T23:30:00+0000_81.1700
CAVMSI,Cauvery at Musiri,Cauvery,2025-11-22 00:30:00+00:00,81.17,NORMAL,84.51,85.4,89.25,10.93805556,78.44027778,CAVMSI_2025-11-22T00:30:00+0000_81.1700
CAVMSI,Cauvery at Musiri,Cauvery,2025-11-22 01:30:00+00:00,81.17,NORMAL,84.51,85.4,89.25,10.93805556,78.44027778,CAVMSI_2025-11-22T01:30:00+0000_81.1700
CAVMSI,Cauvery at Musiri,Cauvery,2025-11-22 02:30:00+00:00,81.17,NORMAL,84.51,85.4,89.25,10.93805556,78.44027778,CAVMSI_2025-11-22T02:30:00+0000_81.1700
CAVMSI,Cauvery at Musiri,Cauvery,2025-11-22 03:30:00+00:00,81.17,NORMAL,84.51,85.4,89.25,10.93805556,78.44027778,CAVMSI_2025-11-22T03:30:00+0000_81.1700
CAVMSI,Cauvery at Musiri,Cauvery,2025-11-22 04:30:00+00:00,81.17,NORMAL,84.51,85.4,89.25,10.93805556,78.44027778,CAVMSI_2025-11-22T04:30:00+0000_81.1700
CAVMSI,Cauvery at Musiri,Cauvery,2025-11-22 05:30:00+00:00,,,84.51,85.4,89.25,10.93805556,78.44027778,CAVMSI_2025-11-22T05:30:00+0000_
CAVMSI,Cauvery at Musiri,Cauvery,2025-11-22 06:30:00+00:00,81.17,NORMAL,84.51,85.4,89.25,10.93805556,78.44027778,CAVMSI_2025-11-22T06:30:00+0000_81.1700
CAVMSI,Cauvery at Musiri,Cauvery,2025-11-22 07:30:00+00:00,81.17,NORMAL,84.51,85.4,89.25,10.93805556,78.44027778,CAVMSI_2025-11-22T07:30:00+0000_81.1700
CAVMSI,Cauvery at Musiri,Cauvery,2025-11-22 08:30:00+00:00,81.17,NORMAL,84.51,85.4,89.25,10.93805556,78.44027778,CAVMSI_2025-11-22T08:30:00+0000_81.1700
CAVMSI,Cauvery at Musiri,Cauvery,2025-11-22 09:30:00+00:00,81.17,NORMAL,84.51,85.4,89.25,10.93805556,78.44027778,CAVMSI_2025-11-22T09:30:00+0000_81.1700
CAVMSI,Cauvery at Musiri,Cauvery,2025-11-22 10:30:00+00:00,81.17,NORMAL,84.51,85.4,89.25,10.93805556,78.44027778,CAVMSI_2025-11-22T10:30:00+0000_81.1700
CAVMSI,Cauvery at Musiri,Cauvery,2025-11-22 11:30:00+00:00,81.17,NORMAL,84.51,85.4,89.25,10.93805556,78.44027778,CAVMSI_2025-11-22T11:30:00+0000_81.1700
CAVMSI,Cauvery at Musiri,Cauvery,2025-11-22 12:30:00+00:00,81.17,NORMAL,84.51,85.4,89.25,10.93805556,78.44027778,CAVMSI_2025-11-22T12:30:00+0000_81.1700
CAVMSI,Cauvery at Musiri,Cauvery,2025-11-22 13:30:00+00:00,81.17,NORMAL,84.51,85.4,89.25,10.93805556,78.44027778,CAVMSI_2025-11-22T13:30:00+0000_81.1700
CAVMSI,Cauvery at Musiri,Cauvery,2025-11-22 14:30:00+00:00,81.17,NORMAL,84.51,85.4,89.25,10.93805556,78.44027778,CAVMSI_2025-11-22T14:30:00+0000_81.1700
CAVMSI,Cauvery at Musiri,Cauvery,2025-11-22 15:30:00+00:00,81.17,NORMAL,84.51,85.4,89.25,10.93805556,78.44027778,CAVMSI_2025-11-22T15:30:00+0000_81.1700
CAVMSI,Cauvery at Musiri,Cauvery,2025-11-22 16:30:00+00:00,81.17,NORMAL,84.51,85.4,89.25,10.93805556,78.44027778,CAVMSI_2025-11-22T16:30:00+0000_81.1700
CAVMSI,Cauvery at Musiri,Cauvery,2025-11-22 17:30:00+00:00,81.17,NORMAL,84.51,85.4,89.25,10.93805556,78.44027778,CAVMSI_2025-11-22T17:30:00+0000_81.1700
CAVMSI,Cauvery at Musiri,Cauvery,2025-11-22 18:30:00+00:00,81.17,NORMAL,84.51,85.4,89.25,10.93805556,78.44027778,CAVMSI_2025-11-22T18:30:00+0000_81.1700
CAVMSI,Cauvery at Musiri,Cauvery,2025-11-22 19:30:00+00:00,81.17,NORMAL,84.51,85.4,89.25,10.93805556,78.44027778,CAVMSI_2025-11-22T19:30:00+0000_81.1700
CAVMSI,Cauvery at Musiri,Cauvery,2025-11-22 20:30:00+00:00,81.17,NORMAL,84.51,85.4,89.25,10.93805556,78.44027778,CAVMSI_2025-11-22T20:30:00+0000_81.1700
CAVMSI,Cauvery at Musiri,Cauvery,2025-11-22 21:30:00+00:00,81.17,NORMAL,84.51,85.4,89.25,10.93805556,78.44027778,CAVMSI_2025-11-22T21:30:00+0000_81.1700
CAVMSI,Cauvery at Musiri,Cauvery,2025-11-22 22:30:00+00:00,81.17,NORMAL,84.51,85.4,89.25,10.93805556,78.44027778,CAVMSI_2025-11-22T22:30:00+0000_81.1700
CAVMSI,Cauvery at Musiri,Cauvery,2025-11-22 23:30:00+00:00,81.17,NORMAL,84.51,85.4,89.25,10.93805556,78.44027778,CAVMSI_2025-11-22T23:30:00+0000_81.1700
CAVMSI,Cauvery at Musiri,Cauvery,2025-11-23 00:30:00+00:00,81.17,NORMAL,84.51,85.4,89.25,10.93805556,78.44027778,CAVMSI_2025-11-23T00:30:00+0000_81.1700
CAVMSI,Cauvery at Musiri,Cauvery,2025-11-23 01:30:00+00:00,81.17,NORMAL,84.51,85.4,89.25,10.93805556,78.44027778,CAVMSI_2025-11-23T01:30:00+0000_81.1700
CAVMSI,Cauvery at Musiri,Cauvery,2025-11-23 02:30:00+00:00,81.17,NORMAL,84.51,85.4,89.25,10.93805556,78.44027778,CAVMSI_2025-11-23T02:30:00+0000_81.1700
CAVMSI,Cauvery at Musiri,Cauvery,2025-11-23 03:30:00+00:00,81.17,NORMAL,84.51,85.4,89.25,10.93805556,78.44027778,CAVMSI_2025-11-23T03:30:00+0000_81.1700
CAVMSI,Cauvery at Musiri,Cauvery,2025-11-23 04:30:00+00:00,81.17,NORMAL,84.51,85.4,89.25,10.93805556,78.44027778,CAVMSI_2025-11-23T04:30:00+0000_81.1700
CAVMSI,Cauvery at Musiri,Cauvery,2025-11-23 05:30:00+00:00,81.17,NORMAL,84.51,85.4,89.25,10.93805556,78.44027778,CAVMSI_2025-11-23T05:30:00+0000_81.1700
CAVMSI,Cauvery at Musiri,Cauvery,2025-11-23 06:30:00+00:00,81.17,NORMAL,84.51,85.4,89.25,10.93805556,78.44027778,CAVMSI_2025-11-23T06:30:00+0000_81.1700
CAVMSI,Cauvery at Musiri,Cauvery,2025-11-23 07:30:00+00:00,81.17,NORMAL,84.51,85.4,89.25,10.93805556,78.44027778,CAVMSI_2025-11-23T07:30:00+0000_81.1700
CAVMSI,Cauvery at Musiri,Cauvery,2025-11-23 08:30:00+00:00,81.17,NORMAL,84.51,85.4,89.25,10.93805556,78.44027778,CAVMSI_2025-11-23T08:30:00+0000_81.1700
CAVMSI,Cauvery at Musiri,Cauvery,2025-11-23 09:30:00+00:00,81.17,NORMAL,84.51,85.4,89.25,10.93805556,78.44027778,CAVMSI_2025-11-23T09:30:00+0000_81.1700
CAVMSI,Cauvery at Musiri,Cauvery,2025-11-23 10:30:00+00:00,81.17,NORMAL,84.51,85.4,89.25,10.93805556,78.44027778,CAVMSI_2025-11-23T10:30:00+0000_81.1700
CAVMSI,Cauvery at Musiri,Cauvery,2025-11-23 11:30:00+00:00,81.17,NORMAL,84.51,85.4,89.25,10.93805556,78.44027778,CAVMSI_2025-11-23T11:30:00+0000_81.1700
CAVMSI,Cauvery at Musiri,Cauvery,2025-11-23 12:30:00+00:00,81.17,NORMAL,84.51,85.4,89.25,10.93805556,78.44027778,CAVMSI_2025-11-23T12:30:00+0000_81.1700
CAVMSI,Cauvery at Musiri,Cauvery,2025-11-23 14:30:00+00:00,81.17,NORMAL,84.51,85.4,89.25,10.93805556,78.44027778,CAVMSI_2025-11-23T14:30:00+0000_81.1700
CAVMSI,Cauvery at Musiri,Cauvery,2025-11-23 15:30:00+00:00,81.17,NORMAL,84.51,85.4,89.25,10.93805556,78.44027778,CAVMSI_2025-11-23T15:30:00+0000_81.1700
CAVMSI,Cauvery at Musiri,Cauvery,2025-11-23 16:30:00+00:00,81.17,NORMAL,84.51,85.4,89.25,10.93805556,78.44027778,CAVMSI_2025-11-23T16:30:00+0000_81.1700
CAVMSI,Cauvery at Musiri,Cauvery,2025-11-23 17:30:00+00:00,81.17,NORMAL,84.51,85.4,89.25,10.93805556,78.44027778,CAVMSI_2025-11-23T17:30:00+0000_81.1700
CAVMSI,Cauvery at Musiri,Cauvery,2025-11-23 18:30:00+00:00,81.17,NORMAL,84.51,85.4,89.25,10.93805556,78.44027778,CAVMSI_2025-11-23T18:30:00+0000_81.1700
CAVMSI,Cauvery at Musiri,Cauvery,2025-11-23 19:30:00+00:00,81.17,NORMAL,84.51,85.4,89.25,10.93805556,78.44027778,CAVMSI_2025-11-23T19:30:00+0000_81.1700
CAVMSI,Cauvery at Musiri,Cauvery,2025-11-23 20:30:00+00:00,81.17,NORMAL,84.51,85.4,89.25,10.93805556,78.44027778,CAVMSI_2025-11-23T20:30:00+0000_81.1700
CAVMSI,Cauvery at Musiri,Cauvery,2025-11-23 21:30:00+00:00,81.17,NORMAL,84.51,85.4,89.25,10.93805556,78.44027778,CAVMSI_2025-11-23T21:30:00+0000_81.1700
CAVMSI,Cauvery at Musiri,Cauvery,2025-11-23 22:30:00+00:00,81.17,NORMAL,84.51,85.4,89.25,10.93805556,78.44027778,CAVMSI_2025-11-23T22:30:00+0000_81.1700
CAVMSI,Cauvery at Musiri,Cauvery,2025-11-23 23:30:00+00:00,81.17,NORMAL,84.51,85.4,89.25,10.93805556,78.44027778,CAVMSI_2025-11-23T23:30:00+0000_81.1700
CAVMSI,Cauvery at Musiri,Cauvery,2025-11-25 14:30:00+00:00,81.17,NORMAL,84.51,85.4,89.25,10.93805556,78.44027778,CAVMSI_2025-11-25T14:30:00+0000_81.1700
CAVMSI,Cauvery at Musiri,Cauvery,2025-11-25 23:30:00+00:00,81.17,NORMAL,84.51,85.4,89.25,10.93805556,78.44027778,CAVMSI_2025-11-25T23:30:00+0000_81.1700
CAVMSI,Cauvery at Musiri,Cauvery,2025-11-26 00:30:00+00:00,81.17,NORMAL,84.51,85.4,89.25,10.93805556,78.44027778,CAVMSI_2025-11-26T00:30:00+0000_81.1700
CAVMSI,Cauvery at Musiri,Cauvery,2025-11-26 01:30:00+00:00,81.17,NORMAL,84.51,85.4,89.25,10.93805556,78.44027778,CAVMSI_2025-11-26T01:30:00+0000_81.1700
CAVMSI,Cauvery at Musiri,Cauvery,2025-11-26 02:30:00+00:00,81.17,NORMAL,84.51,85.4,89.25,10.93805556,78.44027778,CAVMSI_2025-11-26T02:30:00+0000_81.1700
CAVMSI,Cauvery at Musiri,Cauvery,2025-11-26 03:30:00+00:00,81.17,NORMAL,84.51,85.4,89.25,10.93805556,78.44027778,CAVMSI_2025-11-26T03:30:00+0000_81.1700
CAVMSI,Cauvery at Musiri,Cauvery,2025-11-26 04:30:00+00:00,81.17,NORMAL,84.51,85.4,89.25,10.93805556,78.44027778,CAVMSI_2025-11-26T04:30:00+0000_81.1700
CAVMSI,Cauvery at Musiri,Cauvery,2025-11-26 05:30:00+00:00,81.17,NORMAL,84.51,85.4,89.25,10.93805556,78.44027778,CAVMSI_2025-11-26T05:30:00+0000_81.1700
CAVMSI,Cauvery at Musiri,Cauvery,2025-11-26 07:30:00+00:00,81.17,NORMAL,84.51,85.4,89.25,10.93805556,78.44027778,CAVMSI_2025-11-26T07:30:00+0000_81.1700
CAVMSI,Cauvery at Musiri,Cauvery,2025-11-26 08:30:00+00:00,81.17,NORMAL,84.51,85.4,89.25,10.93805556,78.44027778,CAVMSI_2025-11-26T08:30:00+0000_81.1700
CAVMSI,Cauvery at Musiri,Cauvery,2025-11-26 09:30:00+00:00,81.17,NORMAL,84.51,85.4,89.25,10.93805556,78.44027778,CAVMSI_2025-11-26T09:30:00+0000_81.1700
CAVMSI,Cauvery at Musiri,Cauvery,2025-11-26 11:30:00+00:00,81.17,NORMAL,84.51,85.4,89.25,10.93805556,78.44027778,CAVMSI_2025-11-26T11:30:00+0000_81.1700
CAVMSI,Cauvery at Musiri,Cauvery,2025-11-26 12:30:00+00:00,81.17,NORMAL,84.51,85.4,89.25,10.93805556,78.44027778,CAVMSI_2025-11-26T12:30:00+0000_81.1700
CAVMSI,Cauvery at Musiri,Cauvery,2025-11-26 13:30:00+00:00,81.17,NORMAL,84.51,85.4,89.25,10.93805556,78.44027778,CAVMSI_2025-11-26T13:30:00+0000_81.1700
CAVMSI,Cauvery at Musiri,Cauvery,2025-11-26 14:30:00+00:00,81.17,NORMAL,84.51,85.4,89.25,10.93805556,78.44027778,CAVMSI_2025-11-26T14:30:00+0000_81.1700
CAVMSI,Cauvery at Musiri,Cauvery,2025-11-26 15:30:00+00:00,81.17,NORMAL,84.51,85.4,89.25,10.93805556,78.44027778,CAVMSI_2025-11-26T15:30:00+0000_81.1700
CAVMSI,Cauvery at Musiri,Cauvery,2025-11-26 16:30:00+00:00,81.17,NORMAL,84.51,85.4,89.25,10.93805556,78.44027778,CAVMSI_2025-11-26T16:30:00+0000_81.1700
CAVMSI,Cauvery at Musiri,Cauvery,2025-11-26 17:30:00+00:00,81.17,NORMAL,84.51,85.4,89.25,10.93805556,78.44027778,CAVMSI_2025-11-26T17:30:00+0000_81.1700
CAVMSI,Cauvery at Musiri,Cauvery,2025-11-26 18:30:00+00:00,81.17,NORMAL,84.51,85.4,89.25,10.93805556,78.44027778,CAVMSI_2025-11-26T18:30:00+0000_81.1700
CAVMSI,Cauvery at Musiri,Cauvery,2025-11-26 19:30:00+00:00,81.17,NORMAL,84.51,85.4,89.25,10.93805556,78.44027778,CAVMSI_2025-11-26T19:30:00+0000_81.1700
CAVMSI,Cauvery at Musiri,Cauvery,2025-11-26 20:30:00+00:00,81.17,NORMAL,84.51,85.4,89.25,10.93805556,78.44027778,CAVMSI_2025-11-26T20:30:00+0000_81.1700
CAVMSI,Cauvery at Musiri,Cauvery,2025-11-26 21:30:00+00:00,81.17,NORMAL,84.51,85.4,89.25,10.93805556,78.44027778,CAVMSI_2025-11-26T21:30:00+0000_81.1700
CAVMSI,Cauvery at Musiri,Cauvery,2025-11-26 22:30:00+00:00,81.17,NORMAL,84.51,85.4,89.25,10.93805556,78.44027778,CAVMSI_2025-11-26T22:30:00+0000_81.1700
CAVMSI,Cauvery at Musiri,Cauvery,2025-11-26 23:30:00+00:00,81.17,NORMAL,84.51,85.4,89.25,10.93805556,78.44027778,CAVMSI_2025-11-26T23:30:00+0000_81.1700
CAVMSI,Cauvery at Musiri,Cauvery,2025-11-27 00:30:00+00:00,81.17,NORMAL,84.51,85.4,89.25,10.93805556,78.44027778,CAVMSI_2025-11-27T00:30:00+0000_81.1700
CAVMSI,Cauvery at Musiri,Cauvery,2025-11-27 01:30:00+00:00,81.17,NORMAL,84.51,85.4,89.25,10.93805556,78.44027778,CAVMSI_2025-11-27T01:30:00+0000_81.1700
CAVMSI,Cauvery at Musiri,Cauvery,2025-11-27 02:30:00+00:00,81.17,NORMAL,84.51,85.4,89.25,10.93805556,78.44027778,CAVMSI_2025-11-27T02:30:00+0000_81.1700
CAVMSI,Cauvery at Musiri,Cauvery,2025-11-27 03:30:00+00:00,81.17,NORMAL,84.51,85.4,89.25,10.93805556,78.44027778,CAVMSI_2025-11-27T03:30:00+0000_81.1700
CAVMSI,Cauvery at Musiri,Cauvery,2025-11-27 04:30:00+00:00,,,84.51,85.4,89.25,10.93805556,78.44027778,CAVMSI_2025-11-27T04:30:00+0000_
CAVMSI,Cauvery at Musiri,Cauvery,2025-11-27 05:30:00+00:00,81.17,NORMAL,84.51,85.4,89.25,10.93805556,78.44027778,CAVMSI_2025-11-27T05:30:00+0000_81.1700
CAVMSI,Cauvery at Musiri,Cauvery,2025-11-27 06:30:00+00:00,81.17,NORMAL,84.51,85.4,89.25,10.93805556,78.44027778,CAVMSI_2025-11-27T06:30:00+0000_81.1700
CAVMSI,Cauvery at Musiri,Cauvery,2025-11-27 07:30:00+00:00,81.17,NORMAL,84.51,85.4,89.25,10.93805556,78.44027778,CAVMSI_2025-11-27T07:30:00+0000_81.1700
CAVMSI,Cauvery at Musiri,Cauvery,2025-11-27 08:30:00+00:00,81.17,NORMAL,84.51,85.4,89.25,10.93805556,78.44027778,CAVMSI_2025-11-27T08:30:00+0000_81.1700
CAVMSI,Cauvery at Musiri,Cauvery,2025-11-30 23:30:00+00:00,81.17,NORMAL,84.51,85.4,89.25,10.93805556,78.44027778,CAVMSI_2025-11-30T23:30:00+0000_81.1700
CAVMSI,Cauvery at Musiri,Cauvery,2025-12-01 00:30:00+00:00,81.17,NORMAL,84.51,85.4,89.25,10.93805556,78.44027778,CAVMSI_2025-12-01T00:30:00+0000_81.1700
CAVMSI,Cauvery at Musiri,Cauvery,2025-12-01 01:30:00+00:00,81.17,NORMAL,84.51,85.4,89.25,10.93805556,78.44027778,CAVMSI_2025-12-01T01:30:00+0000_81.1700
CAVMSI,Cauvery at Musiri,Cauvery,2025-12-01 02:30:00+00:00,81.17,NORMAL,84.51,85.4,89.25,10.93805556,78.44027778,CAVMSI_2025-12-01T02:30:00+0000_81.1700
CAVMSI,Cauvery at Musiri,Cauvery,2025-12-01 03:30:00+00:00,81.17,NORMAL,84.51,85.4,89.25,10.93805556,78.44027778,CAVMSI_2025-12-01T03:30:00+0000_81.1700
CAVMSI,Cauvery at Musiri,Cauvery,2025-12-01 04:30:00+00:00,81.17,NORMAL,84.51,85.4,89.25,10.93805556,78.44027778,CAVMSI_2025-12-01T04:30:00+0000_81.1700
CAVMSI,Cauvery at Musiri,Cauvery,2025-12-01 05:30:00+00:00,81.17,NORMAL,84.51,85.4,89.25,10.93805556,78.44027778,CAVMSI_2025-12-01T05:30:00+0000_81.1700
CAVMSI,Cauvery at Musiri,Cauvery,2025-12-01 06:30:00+00:00,81.17,NORMAL,84.51,85.4,89.25,10.93805556,78.44027778,CAVMSI_2025-12-01T06:30:00+0000_81.1700
CAVMSI,Cauvery at Musiri,Cauvery,2025-12-01 07:30:00+00:00,81.17,NORMAL,84.51,85.4,89.25,10.93805556,78.44027778,CAVMSI_2025-12-01T07:30:00+0000_81.1700
CAVMSI,Cauvery at Musiri,Cauvery,2025-12-01 08:30:00+00:00,81.17,NORMAL,84.51,85.4,89.25,10.93805556,78.44027778,CAVMSI_2025-12-01T08:30:00+0000_81.1700
CAVMSI,Cauvery at Musiri,Cauvery,2025-12-01 09:30:00+00:00,81.17,NORMAL,84.51,85.4,89.25,10.93805556,78.44027778,CAVMSI_2025-12-01T09:30:00+0000_81.1700
CAVMSI,Cauvery at Musiri,Cauvery,2025-12-01 10:30:00+00:00,81.17,NORMAL,84.51,85.4,89.25,10.93805556,78.44027778,CAVMSI_2025-12-01T10:30:00+0000_81.1700
CAVMSI,Cauvery at Musiri,Cauvery,2025-12-01 11:30:00+00:00,81.17,NORMAL,84.51,85.4,89.25,10.93805556,78.44027778,CAVMSI_2025-12-01T11:30:00+0000_81.1700
CAVMSI,Cauvery at Musiri,Cauvery,2025-12-01 12:30:00+00:00,81.17,NORMAL,84.51,85.4,89.25,10.93805556,78.44027778,CAVMSI_2025-12-01T12:30:00+0000_81.1700
CAVMSI,Cauvery at Musiri,Cauvery,2025-12-01 13:30:00+00:00,81.17,NORMAL,84.51,85.4,89.25,10.93805556,78.44027778,CAVMSI_2025-12-01T13:30:00+0000_81.1700
CAVMSI,Cauvery at Musiri,Cauvery,2025-12-01 14:30:00+00:00,81.17,NORMAL,84.51,85.4,89.25,10.93805556,78.44027778,CAVMSI_2025-12-01T14:30:00+0000_81.1700
CAVMSI,Cauvery at Musiri,Cauvery,2025-12-01 15:30:00+00:00,81.17,NORMAL,84.51,85.4,89.25,10.93805556,78.44027778,CAVMSI_2025-12-01T15:30:00+0000_81.1700
CAVMSI,Cauvery at Musiri,Cauvery,2025-12-01 16:30:00+00:00,81.17,NORMAL,84.51,85.4,89.25,10.93805556,78.44027778,CAVMSI_2025-12-01T16:30:00+0000_81.1700
CAVMSI,Cauvery at Musiri,Cauvery,2025-12-01 17:30:00+00:00,81.17,NORMAL,84.51,85.4,89.25,10.93805556,78.44027778,CAVMSI_2025-12-01T17:30:00+0000_81.1700
CAVMSI,Cauvery at Musiri,Cauvery,2025-12-01 18:30:00+00:00,81.17,NORMAL,84.51,85.4,89.25,10.93805556,78.44027778,CAVMSI_2025-12-01T18:30:00+0000_81.1700
CAVMSI,Cauvery at Musiri,Cauvery,2025-12-01 19:30:00+00:00,81.17,NORMAL,84.51,85.4,89.25,10.93805556,78.44027778,CAVMSI_2025-12-01T19:30:00+0000_81.1700
CAVMSI,Cauvery at Musiri,Cauvery,2025-12-01 20:30:00+00:00,81.17,NORMAL,84.51,85.4,89.25,10.93805556,78.44027778,CAVMSI_2025-12-01T20:30:00+0000_81.1700
CAVMSI,Cauvery at Musiri,Cauvery,2025-12-01 21:30:00+00:00,81.17,NORMAL,84.51,85.4,89.25,10.93805556,78.44027778,CAVMSI_2025-12-01T21:30:00+0000_81.1700
CAVMSI,Cauvery at Musiri,Cauvery,2025-12-01 22:30:00+00:00,81.17,NORMAL,84.51,85.4,89.25,10.93805556,78.44027778,CAVMSI_2025-12-01T22:30:00+0000_81.1700
CAVMSI,Cauvery at Musiri,Cauvery,2025-12-01 23:30:00+00:00,81.17,NORMAL,84.51,85.4,89.25,10.93805556,78.44027778,CAVMSI_2025-12-01T23:30:00+0000_81.1700
CAVMSI,Cauvery at Musiri,Cauvery,2025-12-02 00:30:00+00:00,81.17,NORMAL,84.51,85.4,89.25,10.93805556,78.44027778,CAVMSI_2025-12-02T00:30:00+0000_81.1700
CAVMSI,Cauvery at Musiri,Cauvery,2025-12-02 01:30:00+00:00,81.17,NORMAL,84.51,85.4,89.25,10.93805556,78.44027778,CAVMSI_2025-12-02T01:30:00+0000_81.1700
CAVMSI,Cauvery at Musiri,Cauvery,2025-12-02 02:30:00+00:00,81.17,NORMAL,84.51,85.4,89.25,10.93805556,78.44027778,CAVMSI_2025-12-02T02:30:00+0000_81.1700
CAVMSI,Cauvery at Musiri,Cauvery,2025-12-02 03:30:00+00:00,81.17,NORMAL,84.51,85.4,89.25,10.93805556,78.44027778,CAVMSI_2025-12-02T03:30:00+0000_81.1700
CAVMSI,Cauvery at Musiri,Cauvery,2025-12-02 04:30:00+00:00,81.17,NORMAL,84.51,85.4,89.25,10.93805556,78.44027778,CAVMSI_2025-12-02T04:30:00+0000_81.1700
CAVMSI,Cauvery at Musiri,Cauvery,2025-12-02 05:30:00+00:00,,,84.51,85.4,89.25,10.93805556,78.44027778,CAVMSI_2025-12-02T05:30:00+0000_
CAVMSI,Cauvery at Musiri,Cauvery,2025-12-02 06:30:00+00:00,81.17,NORMAL,84.51,85.4,89.25,10.93805556,78.44027778,CAVMSI_2025-12-02T06:30:00+0000_81.1700
CAVMSI,Cauvery at Musiri,Cauvery,2025-12-02 07:30:00+00:00,81.17,NORMAL,84.51,85.4,89.25,10.93805556,78.44027778,CAVMSI_2025-12-02T07:30:00+0000_81.1700
CAVMSI,Cauvery at Musiri,Cauvery,2025-12-02 08:30:00+00:00,81.17,NORMAL,84.51,85.4,89.25,10.93805556,78.44027778,CAVMSI_2025-12-02T08:30:00+0000_81.1700
CAVMSI,Cauvery at Musiri,Cauvery,2025-12-02 09:30:00+00:00,81.17,NORMAL,84.51,85.4,89.25,10.93805556,78.44027778,CAVMSI_2025-12-02T09:30:00+0000_81.1700
CAVMSI,Cauvery at Musiri,Cauvery,2025-12-02 10:30:00+00:00,81.17,NORMAL,84.51,85.4,89.25,10.93805556,78.44027778,CAVMSI_2025-12-02T10:30:00+0000_81.1700
CAVMSI,Cauvery at Musiri,Cauvery,2025-12-02 11:30:00+00:00,81.17,NORMAL,84.51,85.4,89.25,10.93805556,78.44027778,CAVMSI_2025-12-02T11:30:00+0000_81.1700
CAVMSI,Cauvery at Musiri,Cauvery,2025-12-02 12:30:00+00:00,81.17,NORMAL,84.51,85.4,89.25,10.93805556,78.44027778,CAVMSI_2025-12-02T12:30:00+0000_81.1700
CAVMSI,Cauvery at Musiri,Cauvery,2025-12-02 13:30:00+00:00,81.17,NORMAL,84.51,85.4,89.25,10.93805556,78.44027778,CAVMSI_2025-12-02T13:30:00+0000_81.1700
CAVMSI,Cauvery at Musiri,Cauvery,2025-12-02 14:30:00+00:00,81.17,NORMAL,84.51,85.4,89.25,10.93805556,78.44027778,CAVMSI_2025-12-02T14:30:00+0000_81.1700
CAVMSI,Cauvery at Musiri,Cauvery,2025-12-02 15:30:00+00:00,81.17,NORMAL,84.51,85.4,89.25,10.93805556,78.44027778,CAVMSI_2025-12-02T15:30:00+0000_81.1700
CAVMSI,Cauvery at Musiri,Cauvery,2025-12-02 16:30:00+00:00,81.17,NORMAL,84.51,85.4,89.25,10.93805556,78.44027778,CAVMSI_2025-12-02T16:30:00+0000_81.1700
CAVMSI,Cauvery at Musiri,Cauvery,2025-12-02 17:30:00+00:00,81.17,NORMAL,84.51,85.4,89.25,10.93805556,78.44027778,CAVMSI_2025-12-02T17:30:00+0000_81.1700
CAVMSI,Cauvery at Musiri,Cauvery,2025-12-02 18:30:00+00:00,81.17,NORMAL,84.51,85.4,89.25,10.93805556,78.44027778,CAVMSI_2025-12-02T18:30:00+0000_81.1700
CAVMSI,Cauvery at Musiri,Cauvery,2025-12-02 19:30:00+00:00,81.17,NORMAL,84.51,85.4,89.25,10.93805556,78.44027778,CAVMSI_2025-12-02T19:30:00+0000_81.1700
CAVMSI,Cauvery at Musiri,Cauvery,2025-12-02 20:30:00+00:00,81.17,NORMAL,84.51,85.4,89.25,10.93805556,78.44027778,CAVMSI_2025-12-02T20:30:00+0000_81.1700
CAVMSI,Cauvery at Musiri,Cauvery,2025-12-02 21:30:00+00:00,81.17,NORMAL,84.51,85.4,89.25,10.93805556,78.44027778,CAVMSI_2025-12-02T21:30:00+0000_81.1700
CAVMSI,Cauvery at Musiri,Cauvery,2025-12-02 22:30:00+00:00,81.17,NORMAL,84.51,85.4,89.25,10.93805556,78.44027778,CAVMSI_2025-12-02T22:30:00+0000_81.1700
CAVMSI,Cauvery at Musiri,Cauvery,2025-12-02 23:30:00+00:00,81.17,NORMAL,84.51,85.4,89.25,10.93805556,78.44027778,CAVMSI_2025-12-02T23:30:00+0000_81.1700
CAVMSI,Cauvery at Musiri,Cauvery,2025-12-03 00:30:00+00:00,81.17,NORMAL,84.51,85.4,89.25,10.93805556,78.44027778,CAVMSI_2025-12-03T00:30:00+0000_81.1700
CAVMSI,Cauvery at Musiri,Cauvery,2025-12-03 01:30:00+00:00,81.17,NORMAL,84.51,85.4,89.25,10.93805556,78.44027778,CAVMSI_2025-12-03T01:30:00+0000_81.1700
CAVMSI,Cauvery at Musiri,Cauvery,2025-12-03 02:30:00+00:00,81.17,NORMAL,84.51,85.4,89.25,10.93805556,78.44027778,CAVMSI_2025-12-03T02:30:00+0000_81.1700
CAVMSI,Cauvery at Musiri,Cauvery,2025-12-03 03:30:00+00:00,81.17,NORMAL,84.51,85.4,89.25,10.93805556,78.44027778,CAVMSI_2025-12-03T03:30:00+0000_81.1700
CAVMSI,Cauvery at Musiri,Cauvery,2025-12-03 04:30:00+00:00,81.17,NORMAL,84.51,85.4,89.25,10.93805556,78.44027778,CAVMSI_2025-12-03T04:30:00+0000_81.1700
CAVMSI,Cauvery at Musiri,Cauvery,2025-12-03 05:30:00+00:00,81.17,NORMAL,84.51,85.4,89.25,10.93805556,78.44027778,CAVMSI_2025-12-03T05:30:00+0000_81.1700
CAVMSI,Cauvery at Musiri,Cauvery,2025-12-03 06:30:00+00:00,81.17,NORMAL,84.51,85.4,89.25,10.93805556,78.44027778,CAVMSI_2025-12-03T06:30:00+0000_81.1700
CAVMSI,Cauvery at Musiri,Cauvery,2025-12-03 07:30:00+00:00,81.17,NORMAL,84.51,85.4,89.25,10.93805556,78.44027778,CAVMSI_2025-12-03T07:30:00+0000_81.1700
CAVMSI,Cauvery at Musiri,Cauvery,2025-12-03 08:30:00+00:00,81.17,NORMAL,84.51,85.4,89.25,10.93805556,78.44027778,CAVMSI_2025-12-03T08:30:00+0000_81.1700
CAVMSI,Cauvery at Musiri,Cauvery,2025-12-03 09:30:00+00:00,81.17,NORMAL,84.51,85.4,89.25,10.93805556,78.44027778,CAVMSI_2025-12-03T09:30:00+0000_81.1700
CAVMSI,Cauvery at Musiri,Cauvery,2025-12-03 10:30:00+00:00,81.17,NORMAL,84.51,85.4,89.25,10.93805556,78.44027778,CAVMSI_2025-12-03T10:30:00+0000_81.1700
CAVMSI,Cauvery at Musiri,Cauvery,2025-12-03 11:30:00+00:00,81.17,NORMAL,84.51,85.4,89.25,10.93805556,78.44027778,CAVMSI_2025-12-03T11:30:00+0000_81.1700
CAVMSI,Cauvery at Musiri,Cauvery,2025-12-03 12:30:00+00:00,81.17,NORMAL,84.51,85.4,89.25,10.93805556,78.44027778,CAVMSI_2025-12-03T12:30:00+0000_81.1700
CAVMSI,Cauvery at Musiri,Cauvery,2025-12-03 13:30:00+00:00,81.17,NORMAL,84.51,85.4,89.25,10.93805556,78.44027778,CAVMSI_2025-12-03T13:30:00+0000_81.1700
CAVMSI,Cauvery at Musiri,Cauvery,2025-12-03 14:30:00+00:00,81.17,NORMAL,84.51,85.4,89.25,10.93805556,78.44027778,CAVMSI_2025-12-03T14:30:00+0000_81.1700
CAVMSI,Cauvery at Musiri,Cauvery,2025-12-03 15:30:00+00:00,81.17,NORMAL,84.51,85.4,89.25,10.93805556,78.44027778,CAVMSI_2025-12-03T15:30:00+0000_81.1700
CAVMSI,Cauvery at Musiri,Cauvery,2025-12-03 16:30:00+00:00,81.17,NORMAL,84.51,85.4,89.25,10.93805556,78.44027778,CAVMSI_2025-12-03T16:30:00+0000_81.1700
CAVMSI,Cauvery at Musiri,Cauvery,2025-12-03 17:30:00+00:00,81.17,NORMAL,84.51,85.4,89.25,10.93805556,78.44027778,CAVMSI_2025-12-03T17:30:00+0000_81.1700
CAVMSI,Cauvery at Musiri,Cauvery,2025-12-03 18:30:00+00:00,81.17,NORMAL,84.51,85.4,89.25,10.93805556,78.44027778,CAVMSI_2025-12-03T18:30:00+0000_81.1700
CAVMSI,Cauvery at Musiri,Cauvery,2025-12-03 19:30:00+00:00,81.17,NORMAL,84.51,85.4,89.25,10.93805556,78.44027778,CAVMSI_2025-12-03T19:30:00+0000_81.1700
CAVMSI,Cauvery at Musiri,Cauvery,2025-12-03 20:30:00+00:00,81.17,NORMAL,84.51,85.4,89.25,10.93805556,78.44027778,CAVMSI_2025-12-03T20:30:00+0000_81.1700
CAVMSI,Cauvery at Musiri,Cauvery,2025-12-03 21:30:00+00:00,81.17,NORMAL,84.51,85.4,89.25,10.93805556,78.44027778,CAVMSI_2025-12-03T21:30:00+0000_81.1700
CAVMSI,Cauvery at Musiri,Cauvery,2025-12-03 22:30:00+00:00,81.17,NORMAL,84.51,85.4,89.25,10.93805556,78.44027778,CAVMSI_2025-12-03T22:30:00+0000_81.1700
CAVMSI,Cauvery at Musiri,Cauvery,2025-12-03 23:30:00+00:00,81.17,NORMAL,84.51,85.4,89.25,10.93805556,78.44027778,CAVMSI_2025-12-03T23:30:00+0000_81.1700
CAVMSI,Cauvery at Musiri,Cauvery,2025-12-04 00:30:00+00:00,81.17,NORMAL,84.51,85.4,89.25,10.93805556,78.44027778,CAVMSI_2025-12-04T00:30:00+0000_81.1700
CAVMSI,Cauvery at Musiri,Cauvery,2025-12-04 01:30:00+00:00,81.17,NORMAL,84.51,85.4,89.25,10.93805556,78.44027778,CAVMSI_2025-12-04T01:30:00+0000_81.1700
CAVMSI,Cauvery at Musiri,Cauvery,2025-12-04 02:30:00+00:00,81.17,NORMAL,84.51,85.4,89.25,10.93805556,78.44027778,CAVMSI_2025-12-04T02:30:00+0000_81.1700
CAVMSI,Cauvery at Musiri,Cauvery,2025-12-04 03:30:00+00:00,81.17,NORMAL,84.51,85.4,89.25,10.93805556,78.44027778,CAVMSI_2025-12-04T03:30:00+0000_81.1700
CAVMSI,Cauvery at Musiri,Cauvery,2025-12-04 04:30:00+00:00,81.17,NORMAL,84.51,85.4,89.25,10.93805556,78.44027778,CAVMSI_2025-12-04T04:30:00+0000_81.1700
CAVMSI,Cauvery at Musiri,Cauvery,2025-12-04 05:30:00+00:00,81.17,NORMAL,84.51,85.4,89.25,10.93805556,78.44027778,CAVMSI_2025-12-04T05:30:00+0000_81.1700
CAVMSI,Cauvery at Musiri,Cauvery,2025-12-04 06:30:00+00:00,81.17,NORMAL,84.51,85.4,89.25,10.93805556,78.44027778,CAVMSI_2025-12-04T06:30:00+0000_81.1700
CAVMSI,Cauvery at Musiri,Cauvery,2025-12-04 08:30:00+00:00,81.17,NORMAL,84.51,85.4,89.25,10.93805556,78.44027778,CAVMSI_2025-12-04T08:30:00+0000_81.1700
CAVMSI,Cauvery at Musiri,Cauvery,2025-12-04 09:30:00+00:00,81.17,NORMAL,84.51,85.4,89.25,10.93805556,78.44027778,CAVMSI_2025-12-04T09:30:00+0000_81.1700
CAVMSI,Cauvery at Musiri,Cauvery,2025-12-04 10:30:00+00:00,81.17,NORMAL,84.51,85.4,89.25,10.93805556,78.44027778,CAVMSI_2025-12-04T10:30:00+0000_81.1700
CAVMSI,Cauvery at Musiri,Cauvery,2025-12-04 11:30:00+00:00,81.17,NORMAL,84.51,85.4,89.25,10.93805556,78.44027778,CAVMSI_2025-12-04T11:30:00+0000_81.1700
CAVMSI,Cauvery at Musiri,Cauvery,2025-12-04 12:30:00+00:00,81.17,NORMAL,84.51,85.4,89.25,10.93805556,78.44027778,CAVMSI_2025-12-04T12:30:00+0000_81.1700
CAVMSI,Cauvery at Musiri,Cauvery,2025-12-04 13:30:00+00:00,81.17,NORMAL,84.51,85.4,89.25,10.93805556,78.44027778,CAVMSI_2025-12-04T13:30:00+0000_81.1700
CAVMSI,Cauvery at Musiri,Cauvery,2025-12-04 14:30:00+00:00,81.17,NORMAL,84.51,85.4,89.25,10.93805556,78.44027778,CAVMSI_2025-12-04T14:30:00+0000_81.1700
CAVMSI,Cauvery at Musiri,Cauvery,2025-12-04 15:30:00+00:00,81.17,NORMAL,84.51,85.4,89.25,10.93805556,78.44027778,CAVMSI_2025-12-04T15:30:00+0000_81.1700
CAVMSI,Cauvery at Musiri,Cauvery,2025-12-04 16:30:00+00:00,81.17,NORMAL,84.51,85.4,89.25,10.93805556,78.44027778,CAVMSI_2025-12-04T16:30:00+0000_81.1700
CAVMSI,Cauvery at Musiri,Cauvery,2025-12-04 17:30:00+00:00,81.17,NORMAL,84.51,85.4,89.25,10.93805556,78.44027778,CAVMSI_2025-12-04T17:30:00+0000_81.1700
CAVMSI,Cauvery at Musiri,Cauvery,2025-12-04 18:30:00+00:00,81.17,NORMAL,84.51,85.4,89.25,10.93805556,78.44027778,CAVMSI_2025-12-04T18:30:00+0000_81.1700
CAVMSI,Cauvery at Musiri,Cauvery,2025-12-04 19:30:00+00:00,81.17,NORMAL,84.51,85.4,89.25,10.93805556,78.44027778,CAVMSI_2025-12-04T19:30:00+0000_81.1700
CAVMSI,Cauvery at Musiri,Cauvery,2025-12-04 20:30:00+00:00,81.17,NORMAL,84.51,85.4,89.25,10.93805556,78.44027778,CAVMSI_2025-12-04T20:30:00+0000_81.1700
CAVMSI,Cauvery at Musiri,Cauvery,2025-12-04 21:30:00+00:00,81.17,NORMAL,84.51,85.4,89.25,10.93805556,78.44027778,CAVMSI_2025-12-04T21:30:00+0000_81.1700
CAVMSI,Cauvery at Musiri,Cauvery,2025-12-04 22:30:00+00:00,81.17,NORMAL,84.51,85.4,89.25,10.93805556,78.44027778,CAVMSI_2025-12-04T22:30:00+0000_81.1700
CAVMSI,Cauvery at Musiri,Cauvery,2025-12-04 23:30:00+00:00,81.17,NORMAL,84.51,85.4,89.25,10.93805556,78.44027778,CAVMSI_2025-12-04T23:30:00+0000_81.1700
CAVMSI,Cauvery at Musiri,Cauvery,2025-12-05 00:30:00+00:00,81.17,NORMAL,84.51,85.4,89.25,10.93805556,78.44027778,CAVMSI_2025-12-05T00:30:00+0000_81.1700
CAVMSI,Cauvery at Musiri,Cauvery,2025-12-05 01:30:00+00:00,81.17,NORMAL,84.51,85.4,89.25,10.93805556,78.44027778,CAVMSI_2025-12-05T01:30:00+0000_81.1700
CAVMSI,Cauvery at Musiri,Cauvery,2025-12-05 02:30:00+00:00,81.17,NORMAL,84.51,85.4,89.25,10.93805556,78.44027778,CAVMSI_2025-12-05T02:30:00+0000_81.1700
CAVMSI,Cauvery at Musiri,Cauvery,2025-12-05 03:30:00+00:00,81.17,NORMAL,84.51,85.4,89.25,10.93805556,78.44027778,CAVMSI_2025-12-05T03:30:00+0000_81.1700
CAVMSI,Cauvery at Musiri,Cauvery,2025-12-05 04:30:00+00:00,81.17,NORMAL,84.51,85.4,89.25,10.93805556,78.44027778,CAVMSI_2025-12-05T04:30:00+0000_81.1700
CAVMSI,Cauvery at Musiri,Cauvery,2025-12-05 05:30:00+00:00,81.17,NORMAL,84.51,85.4,89.25,10.93805556,78.44027778,CAVMSI_2025-12-05T05:30:00+0000_81.1700
CAVMSI,Cauvery at Musiri,Cauvery,2025-12-05 06:30:00+00:00,81.17,NORMAL,84.51,85.4,89.25,10.93805556,78.44027778,CAVMSI_2025-12-05T06:30:00+0000_81.1700
CAVMSI,Cauvery at Musiri,Cauvery,2025-12-05 07:30:00+00:00,81.17,NORMAL,84.51,85.4,89.25,10.93805556,78.44027778,CAVMSI_2025-12-05T07:30:00+0000_81.1700
CAVMSI,Cauvery at Musiri,Cauvery,2025-12-05 08:30:00+00:00,82.17,NORMAL,84.51,85.4,89.25,10.93805556,78.44027778,CAVMSI_2025-12-05T08:30:00+0000_82.1700
CAVMSI,Cauvery at Musiri,Cauvery,2025-12-05 09:30:00+00:00,81.169,NORMAL,84.51,85.4,89.25,10.93805556,78.44027778,CAVMSI_2025-12-05T09:30:00+0000_81.1690
CAVMSI,Cauvery at Musiri,Cauvery,2025-12-05 10:30:00+00:00,81.17,NORMAL,84.51,85.4,89.25,10.93805556,78.44027778,CAVMSI_2025-12-05T10:30:00+0000_81.1700
CAVMSI,Cauvery at Musiri,Cauvery,2025-12-05 11:30:00+00:00,81.17,NORMAL,84.51,85.4,89.25,10.93805556,78.44027778,CAVMSI_2025-12-05T11:30:00+0000_81.1700
CAVMSI,Cauvery at Musiri,Cauvery,2025-12-05 12:30:00+00:00,81.17,NORMAL,84.51,85.4,89.25,10.93805556,78.44027778,CAVMSI_2025-12-05T12:30:00+0000_81.1700
CAVMSI,Cauvery at Musiri,Cauvery,2025-12-05 13:30:00+00:00,81.17,NORMAL,84.51,85.4,89.25,10.93805556,78.44027778,CAVMSI_2025-12-05T13:30:00+0000_81.1700
CAVMSI,Cauvery at Musiri,Cauvery,2025-12-05 14:30:00+00:00,81.17,NORMAL,84.51,85.4,89.25,10.93805556,78.44027778,CAVMSI_2025-12-05T14:30:00+0000_81.1700
CAVMSI,Cauvery at Musiri,Cauvery,2025-12-05 15:30:00+00:00,81.17,NORMAL,84.51,85.4,89.25,10.93805556,78.44027778,CAVMSI_2025-12-05T15:30:00+0000_81.1700
CAVMSI,Cauvery at Musiri,Cauvery,2025-12-05 16:30:00+00:00,81.17,NORMAL,84.51,85.4,89.25,10.93805556,78.44027778,CAVMSI_2025-12-05T16:30:00+0000_81.1700
CAVMSI,Cauvery at Musiri,Cauvery,2025-12-05 17:30:00+00:00,81.17,NORMAL,84.51,85.4,89.25,10.93805556,78.44027778,CAVMSI_2025-12-05T17:30:00+0000_81.1700
CAVMSI,Cauvery at Musiri,Cauvery,2025-12-05 18:30:00+00:00,81.17,NORMAL,84.51,85.4,89.25,10.93805556,78.44027778,CAVMSI_2025-12-05T18:30:00+0000_81.1700
CAVMSI,Cauvery at Musiri,Cauvery,2025-12-05 19:30:00+00:00,81.17,NORMAL,84.51,85.4,89.25,10.93805556,78.44027778,CAVMSI_2025-12-05T19:30:00+0000_81.1700
CAVMSI,Cauvery at Musiri,Cauvery,2025-12-05 20:30:00+00:00,81.17,NORMAL,84.51,85.4,89.25,10.93805556,78.44027778,CAVMSI_2025-12-05T20:30:00+0000_81.1700
CAVMSI,Cauvery at Musiri,Cauvery,2025-12-05 21:30:00+00:00,81.17,NORMAL,84.51,85.4,89.25,10.93805556,78.44027778,CAVMSI_2025-12-05T21:30:00+0000_81.1700
CAVMSI,Cauvery at Musiri,Cauvery,2025-12-05 22:30:00+00:00,81.17,NORMAL,84.51,85.4,89.25,10.93805556,78.44027778,CAVMSI_2025-12-05T22:30:00+0000_81.1700
CAVMSI,Cauvery at Musiri,Cauvery,2025-12-05 23:30:00+00:00,81.17,NORMAL,84.51,85.4,89.25,10.93805556,78.44027778,CAVMSI_2025-12-05T23:30:00+0000_81.1700
CAVMSI,Cauvery at Musiri,Cauvery,2025-12-06 00:30:00+00:00,81.17,NORMAL,84.51,85.4,89.25,10.93805556,78.44027778,CAVMSI_2025-12-06T00:30:00+0000_81.1700
CAVMSI,Cauvery at Musiri,Cauvery,2025-12-06 01:30:00+00:00,81.17,NORMAL,84.51,85.4,89.25,10.93805556,78.44027778,CAVMSI_2025-12-06T01:30:00+0000_81.1700
CAVMSI,Cauvery at Musiri,Cauvery,2025-12-06 02:30:00+00:00,81.17,NORMAL,84.51,85.4,89.25,10.93805556,78.44027778,CAVMSI_2025-12-06T02:30:00+0000_81.1700
CAVMSI,Cauvery at Musiri,Cauvery,2025-12-06 03:30:00+00:00,81.17,NORMAL,84.51,85.4,89.25,10.93805556,78.44027778,CAVMSI_2025-12-06T03:30:00+0000_81.1700
CAVMSI,Cauvery at Musiri,Cauvery,2025-12-06 04:30:00+00:00,81.17,NORMAL,84.51,85.4,89.25,10.93805556,78.44027778,CAVMSI_2025-12-06T04:30:00+0000_81.1700
CAVMSI,Cauvery at Musiri,Cauvery,2025-12-06 05:30:00+00:00,81.17,NORMAL,84.51,85.4,89.25,10.93805556,78.44027778,CAVMSI_2025-12-06T05:30:00+0000_81.1700
CAVMSI,Cauvery at Musiri,Cauvery,2025-12-06 06:30:00+00:00,81.17,NORMAL,84.51,85.4,89.25,10.93805556,78.44027778,CAVMSI_2025-12-06T06:30:00+0000_81.1700
CAVMSI,Cauvery at Musiri,Cauvery,2025-12-06 07:30:00+00:00,81.17,NORMAL,84.51,85.4,89.25,10.93805556,78.44027778,CAVMSI_2025-12-06T07:30:00+0000_81.1700
CAVMSI,Cauvery at Musiri,Cauvery,2025-12-06 08:30:00+00:00,81.17,NORMAL,84.51,85.4,89.25,10.93805556,78.44027778,CAVMSI_2025-12-06T08:30:00+0000_81.1700
CAVMSI,Cauvery at Musiri,Cauvery,2025-12-06 09:30:00+00:00,81.17,NORMAL,84.51,85.4,89.25,10.93805556,78.44027778,CAVMSI_2025-12-06T09:30:00+0000_81.1700
CAVMSI,Cauvery at Musiri,Cauvery,2025-12-06 10:30:00+00:00,81.17,NORMAL,84.51,85.4,89.25,10.93805556,78.44027778,CAVMSI_2025-12-06T10:30:00+0000_81.1700
CAVMSI,Cauvery at Musiri,Cauvery,2025-12-06 11:30:00+00:00,81.17,NORMAL,84.51,85.4,89.25,10.93805556,78.44027778,CAVMSI_2025-12-06T11:30:00+0000_81.1700
CAVMSI,Cauvery at Musiri,Cauvery,2025-12-06 12:30:00+00:00,81.17,NORMAL,84.51,85.4,89.25,10.93805556,78.44027778,CAVMSI_2025-12-06T12:30:00+0000_81.1700
CAVMSI,Cauvery at Musiri,Cauvery,2025-12-06 13:30:00+00:00,81.17,NORMAL,84.51,85.4,89.25,10.93805556,78.44027778,CAVMSI_2025-12-06T13:30:00+0000_81.1700
CAVMSI,Cauvery at Musiri,Cauvery,2025-12-06 14:30:00+00:00,81.17,NORMAL,84.51,85.4,89.25,10.93805556,78.44027778,CAVMSI_2025-12-06T14:30:00+0000_81.1700
CAVMSI,Cauvery at Musiri,Cauvery,2025-12-06 15:30:00+00:00,81.17,NORMAL,84.51,85.4,89.25,10.93805556,78.44027778,CAVMSI_2025-12-06T15:30:00+0000_81.1700
CAVMSI,Cauvery at Musiri,Cauvery,2025-12-06 16:30:00+00:00,81.17,NORMAL,84.51,85.4,89.25,10.93805556,78.44027778,CAVMSI_2025-12-06T16:30:00+0000_81.1700
CAVMSI,Cauvery at Musiri,Cauvery,2025-12-06 17:30:00+00:00,81.17,NORMAL,84.51,85.4,89.25,10.93805556,78.44027778,CAVMSI_2025-12-06T17:30:00+0000_81.1700
CAVMSI,Cauvery at Musiri,Cauvery,2025-12-06 18:30:00+00:00,81.17,NORMAL,84.51,85.4,89.25,10.93805556,78.44027778,CAVMSI_2025-12-06T18:30:00+0000_81.1700
CAVMSI,Cauvery at Musiri,Cauvery,2025-12-06 19:30:00+00:00,81.17,NORMAL,84.51,85.4,89.25,10.93805556,78.44027778,CAVMSI_2025-12-06T19:30:00+0000_81.1700
CAVMSI,Cauvery at Musiri,Cauvery,2025-12-06 20:30:00+00:00,81.17,NORMAL,84.51,85.4,89.25,10.93805556,78.44027778,CAVMSI_2025-12-06T20:30:00+0000_81.1700
CAVMSI,Cauvery at Musiri,Cauvery,2025-12-06 21:30:00+00:00,81.17,NORMAL,84.51,85.4,89.25,10.93805556,78.44027778,CAVMSI_2025-12-06T21:30:00+0000_81.1700
CAVMSI,Cauvery at Musiri,Cauvery,2025-12-06 22:30:00+00:00,81.17,NORMAL,84.51,85.4,89.25,10.93805556,78.44027778,CAVMSI_2025-12-06T22:30:00+0000_81.1700
CAVMSI,Cauvery at Musiri,Cauvery,2025-12-06 23:30:00+00:00,81.17,NORMAL,84.51,85.4,89.25,10.93805556,78.44027778,CAVMSI_2025-12-06T23:30:00+0000_81.1700
CAVMSI,Cauvery at Musiri,Cauvery,2025-12-07 00:30:00+00:00,81.17,NORMAL,84.51,85.4,89.25,10.93805556,78.44027778,CAVMSI_2025-12-07T00:30:00+0000_81.1700
CAVMSI,Cauvery at Musiri,Cauvery,2025-12-07 01:30:00+00:00,81.17,NORMAL,84.51,85.4,89.25,10.93805556,78.44027778,CAVMSI_2025-12-07T01:30:00+0000_81.1700
CAVMSI,Cauvery at Musiri,Cauvery,2025-12-07 02:30:00+00:00,81.17,NORMAL,84.51,85.4,89.25,10.93805556,78.44027778,CAVMSI_2025-12-07T02:30:00+0000_81.1700
CAVMSI,Cauvery at Musiri,Cauvery,2025-12-07 03:30:00+00:00,81.17,NORMAL,84.51,85.4,89.25,10.93805556,78.44027778,CAVMSI_2025-12-07T03:30:00+0000_81.1700
CAVMSI,Cauvery at Musiri,Cauvery,2025-12-07 04:30:00+00:00,81.17,NORMAL,84.51,85.4,89.25,10.93805556,78.44027778,CAVMSI_2025-12-07T04:30:00+0000_81.1700
CAVMSI,Cauvery at Musiri,Cauvery,2025-12-07 05:30:00+00:00,81.17,NORMAL,84.51,85.4,89.25,10.93805556,78.44027778,CAVMSI_2025-12-07T05:30:00+0000_81.1700
CAVMSI,Cauvery at Musiri,Cauvery,2025-12-07 06:30:00+00:00,81.17,NORMAL,84.51,85.4,89.25,10.93805556,78.44027778,CAVMSI_2025-12-07T06:30:00+0000_81.1700
CAVMSI,Cauvery at Musiri,Cauvery,2025-12-07 07:30:00+00:00,81.17,NORMAL,84.51,85.4,89.25,10.93805556,78.44027778,CAVMSI_2025-12-07T07:30:00+0000_81.1700
CAVMSI,Cauvery at Musiri,Cauvery,2025-12-07 08:30:00+00:00,81.17,NORMAL,84.51,85.4,89.25,10.93805556,78.44027778,CAVMSI_2025-12-07T08:30:00+0000_81.1700
CAVMSI,Cauvery at Musiri,Cauvery,2025-12-07 09:30:00+00:00,81.17,NORMAL,84.51,85.4,89.25,10.93805556,78.44027778,CAVMSI_2025-12-07T09:30:00+0000_81.1700
CAVMSI,Cauvery at Musiri,Cauvery,2025-12-07 10:30:00+00:00,81.17,NORMAL,84.51,85.4,89.25,10.93805556,78.44027778,CAVMSI_2025-12-07T10:30:00+0000_81.1700
CAVMSI,Cauvery at Musiri,Cauvery,2025-12-07 11:30:00+00:00,81.17,NORMAL,84.51,85.4,89.25,10.93805556,78.44027778,CAVMSI_2025-12-07T11:30:00+0000_81.1700
CAVMSI,Cauvery at Musiri,Cauvery,2025-12-07 12:30:00+00:00,81.17,NORMAL,84.51,85.4,89.25,10.93805556,78.44027778,CAVMSI_2025-12-07T12:30:00+0000_81.1700
CAVMSI,Cauvery at Musiri,Cauvery,2025-12-07 13:30:00+00:00,81.17,NORMAL,84.51,85.4,89.25,10.93805556,78.44027778,CAVMSI_2025-12-07T13:30:00+0000_81.1700
CAVMSI,Cauvery at Musiri,Cauvery,2025-12-07 14:30:00+00:00,81.17,NORMAL,84.51,85.4,89.25,10.93805556,78.44027778,CAVMSI_2025-12-07T14:30:00+0000_81.1700
CAVMSI,Cauvery at Musiri,Cauvery,2025-12-07 15:30:00+00:00,81.17,NORMAL,84.51,85.4,89.25,10.93805556,78.44027778,CAVMSI_2025-12-07T15:30:00+0000_81.1700
CAVMSI,Cauvery at Musiri,Cauvery,2025-12-07 16:30:00+00:00,81.17,NORMAL,84.51,85.4,89.25,10.93805556,78.44027778,CAVMSI_2025-12-07T16:30:00+0000_81.1700
CAVMSI,Cauvery at Musiri,Cauvery,2025-12-07 17:30:00+00:00,81.17,NORMAL,84.51,85.4,89.25,10.93805556,78.44027778,CAVMSI_2025-12-07T17:30:00+0000_81.1700
CAVMSI,Cauvery at Musiri,Cauvery,2025-12-07 18:30:00+00:00,81.17,NORMAL,84.51,85.4,89.25,10.93805556,78.44027778,CAVMSI_2025-12-07T18:30:00+0000_81.1700
CAVMSI,Cauvery at Musiri,Cauvery,2025-12-07 19:30:00+00:00,81.17,NORMAL,84.51,85.4,89.25,10.93805556,78.44027778,CAVMSI_2025-12-07T19:30:00+0000_81.1700
CAVMSI,Cauvery at Musiri,Cauvery,2025-12-07 20:30:00+00:00,81.17,NORMAL,84.51,85.4,89.25,10.93805556,78.44027778,CAVMSI_2025-12-07T20:30:00+0000_81.1700
CAVMSI,Cauvery at Musiri,Cauvery,2025-12-07 21:30:00+00:00,81.17,NORMAL,84.51,85.4,89.25,10.93805556,78.44027778,CAVMSI_2025-12-07T21:30:00+0000_81.1700
CAVMSI,Cauvery at Musiri,Cauvery,2025-12-07 22:30:00+00:00,81.17,NORMAL,84.51,85.4,89.25,10.93805556,78.44027778,CAVMSI_2025-12-07T22:30:00+0000_81.1700
CAVMSI,Cauvery at Musiri,Cauvery,2025-12-07 23:30:00+00:00,81.17,NORMAL,84.51,85.4,89.25,10.93805556,78.44027778,CAVMSI_2025-12-07T23:30:00+0000_81.1700
CAVMSI,Cauvery at Musiri,Cauvery,2025-12-08 00:30:00+00:00,81.17,NORMAL,84.51,85.4,89.25,10.93805556,78.44027778,CAVMSI_2025-12-08T00:30:00+0000_81.1700
CAVMSI,Cauvery at Musiri,Cauvery,2025-12-08 01:30:00+00:00,81.17,NORMAL,84.51,85.4,89.25,10.93805556,78.44027778,CAVMSI_2025-12-08T01:30:00+0000_81.1700
CAVMSI,Cauvery at Musiri,Cauvery,2025-12-08 02:30:00+00:00,81.17,NORMAL,84.51,85.4,89.25,10.93805556,78.44027778,CAVMSI_2025-12-08T02:30:00+0000_81.1700
CAVMSI,Cauvery at Musiri,Cauvery,2025-12-08 03:30:00+00:00,81.17,NORMAL,84.51,85.4,89.25,10.93805556,78.44027778,CAVMSI_2025-12-08T03:30:00+0000_81.1700
CAVMSI,Cauvery at Musiri,Cauvery,2025-12-08 04:30:00+00:00,81.17,NORMAL,84.51,85.4,89.25,10.93805556,78.44027778,CAVMSI_2025-12-08T04:30:00+0000_81.1700
CAVMSI,Cauvery at Musiri,Cauvery,2025-12-08 05:30:00+00:00,81.17,NORMAL,84.51,85.4,89.25,10.93805556,78.44027778,CAVMSI_2025-12-08T05:30:00+0000_81.1700
CAVMSI,Cauvery at Musiri,Cauvery,2025-12-08 06:30:00+00:00,81.17,NORMAL,84.51,85.4,89.25,10.93805556,78.44027778,CAVMSI_2025-12-08T06:30:00+0000_81.1700
CAVMSI,Cauvery at Musiri,Cauvery,2025-12-08 07:30:00+00:00,81.17,NORMAL,84.51,85.4,89.25,10.93805556,78.44027778,CAVMSI_2025-12-08T07:30:00+0000_81.1700
CAVMSI,Cauvery at Musiri,Cauvery,2025-12-08 08:30:00+00:00,81.17,NORMAL,84.51,85.4,89.25,10.93805556,78.44027778,CAVMSI_2025-12-08T08:30:00+0000_81.1700
CAVMSI,Cauvery at Musiri,Cauvery,2025-12-08 09:30:00+00:00,81.17,NORMAL,84.51,85.4,89.25,10.93805556,78.44027778,CAVMSI_2025-12-08T09:30:00+0000_81.1700
CAVMSI,Cauvery at Musiri,Cauvery,2025-12-08 10:30:00+00:00,81.17,NORMAL,84.51,85.4,89.25,10.93805556,78.44027778,CAVMSI_2025-12-08T10:30:00+0000_81.1700
CAVMSI,Cauvery at Musiri,Cauvery,2025-12-08 11:30:00+00:00,81.17,NORMAL,84.51,85.4,89.25,10.93805556,78.44027778,CAVMSI_2025-12-08T11:30:00+0000_81.1700
CAVMSI,Cauvery at Musiri,Cauvery,2025-12-08 12:30:00+00:00,81.17,NORMAL,84.51,85.4,89.25,10.93805556,78.44027778,CAVMSI_2025-12-08T12:30:00+0000_81.1700
CAVMSI,Cauvery at Musiri,Cauvery,2025-12-08 13:30:00+00:00,81.17,NORMAL,84.51,85.4,89.25,10.93805556,78.44027778,CAVMSI_2025-12-08T13:30:00+0000_81.1700
CAVMSI,Cauvery at Musiri,Cauvery,2025-12-08 14:30:00+00:00,81.17,NORMAL,84.51,85.4,89.25,10.93805556,78.44027778,CAVMSI_2025-12-08T14:30:00+0000_81.1700
CAVMSI,Cauvery at Musiri,Cauvery,2025-12-08 15:30:00+00:00,81.17,NORMAL,84.51,85.4,89.25,10.93805556,78.44027778,CAVMSI_2025-12-08T15:30:00+0000_81.1700
CAVMSI,Cauvery at Musiri,Cauvery,2025-12-08 16:30:00+00:00,81.17,NORMAL,84.51,85.4,89.25,10.93805556,78.44027778,CAVMSI_2025-12-08T16:30:00+0000_81.1700
CAVMSI,Cauvery at Musiri,Cauvery,2025-12-08 17:30:00+00:00,81.17,NORMAL,84.51,85.4,89.25,10.93805556,78.44027778,CAVMSI_2025-12-08T17:30:00+0000_81.1700
CAVMSI,Cauvery at Musiri,Cauvery,2025-12-08 18:30:00+00:00,81.17,NORMAL,84.51,85.4,89.25,10.93805556,78.44027778,CAVMSI_2025-12-08T18:30:00+0000_81.1700
CAVMSI,Cauvery at Musiri,Cauvery,2025-12-08 19:30:00+00:00,81.17,NORMAL,84.51,85.4,89.25,10.93805556,78.44027778,CAVMSI_2025-12-08T19:30:00+0000_81.1700
CAVMSI,Cauvery at Musiri,Cauvery,2025-12-08 20:30:00+00:00,81.17,NORMAL,84.51,85.4,89.25,10.93805556,78.44027778,CAVMSI_2025-12-08T20:30:00+0000_81.1700
CAVMSI,Cauvery at Musiri,Cauvery,2025-12-08 21:30:00+00:00,81.17,NORMAL,84.51,85.4,89.25,10.93805556,78.44027778,CAVMSI_2025-12-08T21:30:00+0000_81.1700
CAVMSI,Cauvery at Musiri,Cauvery,2025-12-08 22:30:00+00:00,81.17,NORMAL,84.51,85.4,89.25,10.93805556,78.44027778,CAVMSI_2025-12-08T22:30:00+0000_81.1700
CAVMSI,Cauvery at Musiri,Cauvery,2025-12-08 23:30:00+00:00,81.17,NORMAL,84.51,85.4,89.25,10.93805556,78.44027778,CAVMSI_2025-12-08T23:30:00+0000_81.1700
CAVMSI,Cauvery at Musiri,Cauvery,2025-12-09 00:30:00+00:00,81.17,NORMAL,84.51,85.4,89.25,10.93805556,78.44027778,CAVMSI_2025-12-09T00:30:00+0000_81.1700
CAVMSI,Cauvery at Musiri,Cauvery,2025-12-09 01:30:00+00:00,81.17,NORMAL,84.51,85.4,89.25,10.93805556,78.44027778,CAVMSI_2025-12-09T01:30:00+0000_81.1700
CAVMSI,Cauvery at Musiri,Cauvery,2025-12-09 02:30:00+00:00,81.17,NORMAL,84.51,85.4,89.25,10.93805556,78.44027778,CAVMSI_2025-12-09T02:30:00+0000_81.1700
CAVMSI,Cauvery at Musiri,Cauvery,2025-12-09 03:30:00+00:00,81.17,NORMAL,84.51,85.4,89.25,10.93805556,78.44027778,CAVMSI_2025-12-09T03:30:00+0000_81.1700
CAVMSI,Cauvery at Musiri,Cauvery,2025-12-09 04:30:00+00:00,81.17,NORMAL,84.51,85.4,89.25,10.93805556,78.44027778,CAVMSI_2025-12-09T04:30:00+0000_81.1700
CAVMSI,Cauvery at Musiri,Cauvery,2025-12-09 05:30:00+00:00,81.17,NORMAL,84.51,85.4,89.25,10.93805556,78.44027778,CAVMSI_2025-12-09T05:30:00+0000_81.1700
CAVMSI,Cauvery at Musiri,Cauvery,2025-12-09 06:30:00+00:00,81.17,NORMAL,84.51,85.4,89.25,10.93805556,78.44027778,CAVMSI_2025-12-09T06:30:00+0000_81.1700
CAVMSI,Cauvery at Musiri,Cauvery,2025-12-09 07:30:00+00:00,81.17,NORMAL,84.51,85.4,89.25,10.93805556,78.44027778,CAVMSI_2025-12-09T07:30:00+0000_81.1700
CAVMSI,Cauvery at Musiri,Cauvery,2025-12-09 08:30:00+00:00,81.17,NORMAL,84.51,85.4,89.25,10.93805556,78.44027778,CAVMSI_2025-12-09T08:30:00+0000_81.1700
CAVMSI,Cauvery at Musiri,Cauvery,2025-12-09 09:30:00+00:00,81.17,NORMAL,84.51,85.4,89.25,10.93805556,78.44027778,CAVMSI_2025-12-09T09:30:00+0000_81.1700
CAVMSI,Cauvery at Musiri,Cauvery,2025-12-09 10:30:00+00:00,81.17,NORMAL,84.51,85.4,89.25,10.93805556,78.44027778,CAVMSI_2025-12-09T10:30:00+0000_81.1700
CAVMSI,Cauvery at Musiri,Cauvery,2025-12-09 11:30:00+00:00,81.17,NORMAL,84.51,85.4,89.25,10.93805556,78.44027778,CAVMSI_2025-12-09T11:30:00+0000_81.1700
CAVMSI,Cauvery at Musiri,Cauvery,2025-12-09 12:30:00+00:00,81.17,NORMAL,84.51,85.4,89.25,10.93805556,78.44027778,CAVMSI_2025-12-09T12:30:00+0000_81.1700
CAVMSI,Cauvery at Musiri,Cauvery,2025-12-09 13:30:00+00:00,81.17,NORMAL,84.51,85.4,89.25,10.93805556,78.44027778,CAVMSI_2025-12-09T13:30:00+0000_81.1700
CAVMSI,Cauvery at Musiri,Cauvery,2025-12-09 14:30:00+00:00,81.17,NORMAL,84.51,85.4,89.25,10.93805556,78.44027778,CAVMSI_2025-12-09T14:30:00+0000_81.1700
CAVMSI,Cauvery at Musiri,Cauvery,2025-12-09 15:30:00+00:00,81.17,NORMAL,84.51,85.4,89.25,10.93805556,78.44027778,CAVMSI_2025-12-09T15:30:00+0000_81.1700
CAVMSI,Cauvery at Musiri,Cauvery,2025-12-09 16:30:00+00:00,81.17,NORMAL,84.51,85.4,89.25,10.93805556,78.44027778,CAVMSI_2025-12-09T16:30:00+0000_81.1700
CAVMSI,Cauvery at Musiri,Cauvery,2025-12-09 17:30:00+00:00,81.17,NORMAL,84.51,85.4,89.25,10.93805556,78.44027778,CAVMSI_2025-12-09T17:30:00+0000_81.1700
CAVMSI,Cauvery at Musiri,Cauvery,2025-12-09 18:30:00+00:00,81.17,NORMAL,84.51,85.4,89.25,10.93805556,78.44027778,CAVMSI_2025-12-09T18:30:00+0000_81.1700
CAVMSI,Cauvery at Musiri,Cauvery,2025-12-09 19:30:00+00:00,81.17,NORMAL,84.51,85.4,89.25,10.93805556,78.44027778,CAVMSI_2025-12-09T19:30:00+0000_81.1700
CAVMSI,Cauvery at Musiri,Cauvery,2025-12-09 20:30:00+00:00,81.17,NORMAL,84.51,85.4,89.25,10.93805556,78.44027778,CAVMSI_2025-12-09T20:30:00+0000_81.1700
CAVMSI,Cauvery at Musiri,Cauvery,2025-12-09 21:30:00+00:00,81.17,NORMAL,84.51,85.4,89.25,10.93805556,78.44027778,CAVMSI_2025-12-09T21:30:00+0000_81.1700
CAVMSI,Cauvery at Musiri,Cauvery,2025-12-09 22:30:00+00:00,81.17,NORMAL,84.51,85.4,89.25,10.93805556,78.44027778,CAVMSI_2025-12-09T22:30:00+0000_81.1700
CAVMSI,Cauvery at Musiri,Cauvery,2025-12-09 23:30:00+00:00,81.17,NORMAL,84.51,85.4,89.25,10.93805556,78.44027778,CAVMSI_2025-12-09T23:30:00+0000_81.1700
CAVMSI,Cauvery at Musiri,Cauvery,2025-12-10 00:30:00+00:00,81.17,NORMAL,84.51,85.4,89.25,10.93805556,78.44027778,CAVMSI_2025-12-10T00:30:00+0000_81.1700
CAVMSI,Cauvery at Musiri,Cauvery,2025-12-10 01:30:00+00:00,81.17,NORMAL,84.51,85.4,89.25,10.93805556,78.44027778,CAVMSI_2025-12-10T01:30:00+0000_81.1700
CAVMSI,Cauvery at Musiri,Cauvery,2025-12-10 02:30:00+00:00,81.17,NORMAL,84.51,85.4,89.25,10.93805556,78.44027778,CAVMSI_2025-12-10T02:30:00+0000_81.1700
CAVMSI,Cauvery at Musiri,Cauvery,2025-12-10 03:30:00+00:00,81.17,NORMAL,84.51,85.4,89.25,10.93805556,78.44027778,CAVMSI_2025-12-10T03:30:00+0000_81.1700
CAVMSI,Cauvery at Musiri,Cauvery,2025-12-10 04:30:00+00:00,81.17,NORMAL,84.51,85.4,89.25,10.93805556,78.44027778,CAVMSI_2025-12-10T04:30:00+0000_81.1700
CAVMSI,Cauvery at Musiri,Cauvery,2025-12-10 05:30:00+00:00,81.17,NORMAL,84.51,85.4,89.25,10.93805556,78.44027778,CAVMSI_2025-12-10T05:30:00+0000_81.1700
CAVMSI,Cauvery at Musiri,Cauvery,2025-12-10 06:30:00+00:00,81.17,NORMAL,84.51,85.4,89.25,10.93805556,78.44027778,CAVMSI_2025-12-10T06:30:00+0000_81.1700
CAVMSI,Cauvery at Musiri,Cauvery,2025-12-10 07:30:00+00:00,81.17,NORMAL,84.51,85.4,89.25,10.93805556,78.44027778,CAVMSI_2025-12-10T07:30:00+0000_81.1700
CAVMSI,Cauvery at Musiri,Cauvery,2025-12-10 08:30:00+00:00,81.17,NORMAL,84.51,85.4,89.25,10.93805556,78.44027778,CAVMSI_2025-12-10T08:30:00+0000_81.1700
CAVMSI,Cauvery at Musiri,Cauvery,2025-12-10 09:30:00+00:00,81.17,NORMAL,84.51,85.4,89.25,10.93805556,78.44027778,CAVMSI_2025-12-10T09:30:00+0000_81.1700
CAVMSI,Cauvery at Musiri,Cauvery,2025-12-10 10:30:00+00:00,81.17,NORMAL,84.51,85.4,89.25,10.93805556,78.44027778,CAVMSI_2025-12-10T10:30:00+0000_81.1700
CAVMSI,Cauvery at Musiri,Cauvery,2025-12-10 11:30:00+00:00,81.17,NORMAL,84.51,85.4,89.25,10.93805556,78.44027778,CAVMSI_2025-12-10T11:30:00+0000_81.1700
CAVMSI,Cauvery at Musiri,Cauvery,2025-12-10 12:30:00+00:00,81.17,NORMAL,84.51,85.4,89.25,10.93805556,78.44027778,CAVMSI_2025-12-10T12:30:00+0000_81.1700
CAVMSI,Cauvery at Musiri,Cauvery,2025-12-10 13:30:00+00:00,81.17,NORMAL,84.51,85.4,89.25,10.93805556,78.44027778,CAVMSI_2025-12-10T13:30:00+0000_81.1700
CAVMSI,Cauvery at Musiri,Cauvery,2025-12-10 14:30:00+00:00,81.17,NORMAL,84.51,85.4,89.25,10.93805556,78.44027778,CAVMSI_2025-12-10T14:30:00+0000_81.1700
CAVMSI,Cauvery at Musiri,Cauvery,2025-12-10 15:30:00+00:00,81.17,NORMAL,84.51,85.4,89.25,10.93805556,78.44027778,CAVMSI_2025-12-10T15:30:00+0000_81.1700
CAVMSI,Cauvery at Musiri,Cauvery,2025-12-10 16:30:00+00:00,81.17,NORMAL,84.51,85.4,89.25,10.93805556,78.44027778,CAVMSI_2025-12-10T16:30:00+0000_81.1700
CAVMSI,Cauvery at Musiri,Cauvery,2025-12-10 17:30:00+00:00,81.17,NORMAL,84.51,85.4,89.25,10.93805556,78.44027778,CAVMSI_2025-12-10T17:30:00+0000_81.1700
CAVMSI,Cauvery at Musiri,Cauvery,2025-12-10 18:30:00+00:00,81.17,NORMAL,84.51,85.4,89.25,10.93805556,78.44027778,CAVMSI_2025-12-10T18:30:00+0000_81.1700
CAVMSI,Cauvery at Musiri,Cauvery,2025-12-10 19:30:00+00:00,81.17,NORMAL,84.51,85.4,89.25,10.93805556,78.44027778,CAVMSI_2025-12-10T19:30:00+0000_81.1700
CAVMSI,Cauvery at Musiri,Cauvery,2025-12-10 20:30:00+00:00,81.17,NORMAL,84.51,85.4,89.25,10.93805556,78.44027778,CAVMSI_2025-12-10T20:30:00+0000_81.1700
CAVMSI,Cauvery at Musiri,Cauvery,2025-12-10 21:30:00+00:00,81.17,NORMAL,84.51,85.4,89.25,10.93805556,78.44027778,CAVMSI_2025-12-10T21:30:00+0000_81.1700
CAVMSI,Cauvery at Musiri,Cauvery,2025-12-10 22:30:00+00:00,81.17,NORMAL,84.51,85.4,89.25,10.93805556,78.44027778,CAVMSI_2025-12-10T22:30:00+0000_81.1700
CAVMSI,Cauvery at Musiri,Cauvery,2025-12-10 23:30:00+00:00,81.17,NORMAL,84.51,85.4,89.25,10.93805556,78.44027778,CAVMSI_2025-12-10T23:30:00+0000_81.1700
CAVMSI,Cauvery at Musiri,Cauvery,2025-12-11 00:30:00+00:00,81.17,NORMAL,84.51,85.4,89.25,10.93805556,78.44027778,CAVMSI_2025-12-11T00:30:00+0000_81.1700
CAVMSI,Cauvery at Musiri,Cauvery,2025-12-11 01:30:00+00:00,81.17,NORMAL,84.51,85.4,89.25,10.93805556,78.44027778,CAVMSI_2025-12-11T01:30:00+0000_81.1700
CAVMSI,Cauvery at Musiri,Cauvery,2025-12-11 02:30:00+00:00,81.17,NORMAL,84.51,85.4,89.25,10.93805556,78.44027778,CAVMSI_2025-12-11T02:30:00+0000_81.1700
CAVMSI,Cauvery at Musiri,Cauvery,2025-12-11 03:30:00+00:00,81.17,NORMAL,84.51,85.4,89.25,10.93805556,78.44027778,CAVMSI_2025-12-11T03:30:00+0000_81.1700
CAVMSI,Cauvery at Musiri,Cauvery,2025-12-11 04:30:00+00:00,81.17,NORMAL,84.51,85.4,89.25,10.93805556,78.44027778,CAVMSI_2025-12-11T04:30:00+0000_81.1700
CAVMSI,Cauvery at Musiri,Cauvery,2025-12-11 05:30:00+00:00,81.17,NORMAL,84.51,85.4,89.25,10.93805556,78.44027778,CAVMSI_2025-12-11T05:30:00+0000_81.1700
CAVMSI,Cauvery at Musiri,Cauvery,2025-12-11 06:30:00+00:00,81.17,NORMAL,84.51,85.4,89.25,10.93805556,78.44027778,CAVMSI_2025-12-11T06:30:00+0000_81.1700
CAVMSI,Cauvery at Musiri,Cauvery,2025-12-11 07:30:00+00:00,81.17,NORMAL,84.51,85.4,89.25,10.93805556,78.44027778,CAVMSI_2025-12-11T07:30:00+0000_81.1700
CAVMSI,Cauvery at Musiri,Cauvery,2025-12-11 08:30:00+00:00,81.17,NORMAL,84.51,85.4,89.25,10.93805556,78.44027778,CAVMSI_2025-12-11T08:30:00+0000_81.1700
CAVMSI,Cauvery at Musiri,Cauvery,2025-12-11 09:30:00+00:00,81.17,NORMAL,84.51,85.4,89.25,10.93805556,78.44027778,CAVMSI_2025-12-11T09:30:00+0000_81.1700
CAVMSI,Cauvery at Musiri,Cauvery,2025-12-11 10:30:00+00:00,81.17,NORMAL,84.51,85.4,89.25,10.93805556,78.44027778,CAVMSI_2025-12-11T10:30:00+0000_81.1700
CAVMSI,Cauvery at Musiri,Cauvery,2025-12-11 11:30:00+00:00,81.17,NORMAL,84.51,85.4,89.25,10.93805556,78.44027778,CAVMSI_2025-12-11T11:30:00+0000_81.1700
CAVMSI,Cauvery at Musiri,Cauvery,2025-12-11 12:30:00+00:00,81.17,NORMAL,84.51,85.4,89.25,10.93805556,78.44027778,CAVMSI_2025-12-11T12:30:00+0000_81.1700
CAVMSI,Cauvery at Musiri,Cauvery,2025-12-11 13:30:00+00:00,81.17,NORMAL,84.51,85.4,89.25,10.93805556,78.44027778,CAVMSI_2025-12-11T13:30:00+0000_81.1700
CAVMSI,Cauvery at Musiri,Cauvery,2025-12-11 14:30:00+00:00,81.17,NORMAL,84.51,85.4,89.25,10.93805556,78.44027778,CAVMSI_2025-12-11T14:30:00+0000_81.1700
CAVMSI,Cauvery at Musiri,Cauvery,2025-12-11 15:30:00+00:00,81.17,NORMAL,84.51,85.4,89.25,10.93805556,78.44027778,CAVMSI_2025-12-11T15:30:00+0000_81.1700
CAVMSI,Cauvery at Musiri,Cauvery,2025-12-11 16:30:00+00:00,81.17,NORMAL,84.51,85.4,89.25,10.93805556,78.44027778,CAVMSI_2025-12-11T16:30:00+0000_81.1700
CAVMSI,Cauvery at Musiri,Cauvery,2025-12-11 17:30:00+00:00,81.17,NORMAL,84.51,85.4,89.25,10.93805556,78.44027778,CAVMSI_2025-12-11T17:30:00+0000_81.1700
CAVMSI,Cauvery at Musiri,Cauvery,2025-12-11 18:30:00+00:00,81.17,NORMAL,84.51,85.4,89.25,10.93805556,78.44027778,CAVMSI_2025-12-11T18:30:00+0000_81.1700
CAVMSI,Cauvery at Musiri,Cauvery,2025-12-11 19:30:00+00:00,153.17,HIGH_FLOOD_EXCEEDED,84.51,85.4,89.25,10.93805556,78.44027778,CAVMSI_2025-12-11T19:30:00+0000_153.1700
CAVMSI,Cauvery at Musiri,Cauvery,2025-12-11 20:30:00+00:00,81.17,NORMAL,84.51,85.4,89.25,10.93805556,78.44027778,CAVMSI_2025-12-11T20:30:00+0000_81.1700
CAVMSI,Cauvery at Musiri,Cauvery,2025-12-11 21:30:00+00:00,81.17,NORMAL,84.51,85.4,89.25,10.93805556,78.44027778,CAVMSI_2025-12-11T21:30:00+0000_81.1700
CAVMSI,Cauvery at Musiri,Cauvery,2025-12-11 22:30:00+00:00,81.17,NORMAL,84.51,85.4,89.25,10.93805556,78.44027778,CAVMSI_2025-12-11T22:30:00+0000_81.1700
CAVMSI,Cauvery at Musiri,Cauvery,2025-12-11 23:30:00+00:00,81.17,NORMAL,84.51,85.4,89.25,10.93805556,78.44027778,CAVMSI_2025-12-11T23:30:00+0000_81.1700
CAVMSI,Cauvery at Musiri,Cauvery,2025-12-12 00:30:00+00:00,81.17,NORMAL,84.51,85.4,89.25,10.93805556,78.44027778,CAVMSI_2025-12-12T00:30:00+0000_81.1700
CAVMSI,Cauvery at Musiri,Cauvery,2025-12-12 01:30:00+00:00,81.17,NORMAL,84.51,85.4,89.25,10.93805556,78.44027778,CAVMSI_2025-12-12T01:30:00+0000_81.1700
CAVMSI,Cauvery at Musiri,Cauvery,2025-12-12 02:30:00+00:00,81.17,NORMAL,84.51,85.4,89.25,10.93805556,78.44027778,CAVMSI_2025-12-12T02:30:00+0000_81.1700
CAVMSI,Cauvery at Musiri,Cauvery,2025-12-12 03:30:00+00:00,81.17,NORMAL,84.51,85.4,89.25,10.93805556,78.44027778,CAVMSI_2025-12-12T03:30:00+0000_81.1700
CAVMSI,Cauvery at Musiri,Cauvery,2025-12-12 04:30:00+00:00,81.17,NORMAL,84.51,85.4,89.25,10.93805556,78.44027778,CAVMSI_2025-12-12T04:30:00+0000_81.1700
CAVMSI,Cauvery at Musiri,Cauvery,2025-12-12 05:30:00+00:00,81.17,NORMAL,84.51,85.4,89.25,10.93805556,78.44027778,CAVMSI_2025-12-12T05:30:00+0000_81.1700
CAVMSI,Cauvery at Musiri,Cauvery,2025-12-12 06:30:00+00:00,81.17,NORMAL,84.51,85.4,89.25,10.93805556,78.44027778,CAVMSI_2025-12-12T06:30:00+0000_81.1700
CAVMSI,Cauvery at Musiri,Cauvery,2025-12-12 07:30:00+00:00,81.17,NORMAL,84.51,85.4,89.25,10.93805556,78.44027778,CAVMSI_2025-12-12T07:30:00+0000_81.1700
CAVMSI,Cauvery at Musiri,Cauvery,2025-12-12 08:30:00+00:00,,,84.51,85.4,89.25,10.93805556,78.44027778,CAVMSI_2025-12-12T08:30:00+0000_
CAVMSI,Cauvery at Musiri,Cauvery,2025-12-12 09:30:00+00:00,81.17,NORMAL,84.51,85.4,89.25,10.93805556,78.44027778,CAVMSI_2025-12-12T09:30:00+0000_81.1700
CAVMSI,Cauvery at Musiri,Cauvery,2025-12-12 10:30:00+00:00,81.17,NORMAL,84.51,85.4,89.25,10.93805556,78.44027778,CAVMSI_2025-12-12T10:30:00+0000_81.1700
CAVMSI,Cauvery at Musiri,Cauvery,2025-12-12 11:30:00+00:00,81.17,NORMAL,84.51,85.4,89.25,10.93805556,78.44027778,CAVMSI_2025-12-12T11:30:00+0000_81.1700
CAVMSI,Cauvery at Musiri,Cauvery,2025-12-12 12:30:00+00:00,81.17,NORMAL,84.51,85.4,89.25,10.93805556,78.44027778,CAVMSI_2025-12-12T12:30:00+0000_81.1700
CAVMSI,Cauvery at Musiri,Cauvery,2025-12-12 13:30:00+00:00,,,84.51,85.4,89.25,10.93805556,78.44027778,CAVMSI_2025-12-12T13:30:00+0000_
CAVMSI,Cauvery at Musiri,Cauvery,2025-12-12 14:30:00+00:00,81.17,NORMAL,84.51,85.4,89.25,10.93805556,78.44027778,CAVMSI_2025-12-12T14:30:00+0000_81.1700
CAVMSI,Cauvery at Musiri,Cauvery,2025-12-12 15:30:00+00:00,81.17,NORMAL,84.51,85.4,89.25,10.93805556,78.44027778,CAVMSI_2025-12-12T15:30:00+0000_81.1700
CAVMSI,Cauvery at Musiri,Cauvery,2025-12-12 16:30:00+00:00,81.17,NORMAL,84.51,85.4,89.25,10.93805556,78.44027778,CAVMSI_2025-12-12T16:30:00+0000_81.1700
CAVMSI,Cauvery at Musiri,Cauvery,2025-12-12 17:30:00+00:00,81.17,NORMAL,84.51,85.4,89.25,10.93805556,78.44027778,CAVMSI_2025-12-12T17:30:00+0000_81.1700
CAVMSI,Cauvery at Musiri,Cauvery,2025-12-12 18:30:00+00:00,81.17,NORMAL,84.51,85.4,89.25,10.93805556,78.44027778,CAVMSI_2025-12-12T18:30:00+0000_81.1700
CAVMSI,Cauvery at Musiri,Cauvery,2025-12-12 19:30:00+00:00,81.17,NORMAL,84.51,85.4,89.25,10.93805556,78.44027778,CAVMSI_2025-12-12T19:30:00+0000_81.1700
CAVMSI,Cauvery at Musiri,Cauvery,2025-12-12 20:30:00+00:00,81.17,NORMAL,84.51,85.4,89.25,10.93805556,78.44027778,CAVMSI_2025-12-12T20:30:00+0000_81.1700
CAVMSI,Cauvery at Musiri,Cauvery,2025-12-12 21:30:00+00:00,81.17,NORMAL,84.51,85.4,89.25,10.93805556,78.44027778,CAVMSI_2025-12-12T21:30:00+0000_81.1700
CAVMSI,Cauvery at Musiri,Cauvery,2025-12-12 22:30:00+00:00,81.17,NORMAL,84.51,85.4,89.25,10.93805556,78.44027778,CAVMSI_2025-12-12T22:30:00+0000_81.1700
CAVMSI,Cauvery at Musiri,Cauvery,2025-12-12 23:30:00+00:00,81.17,NORMAL,84.51,85.4,89.25,10.93805556,78.44027778,CAVMSI_2025-12-12T23:30:00+0000_81.1700
CAVMSI,Cauvery at Musiri,Cauvery,2025-12-13 00:30:00+00:00,81.17,NORMAL,84.51,85.4,89.25,10.93805556,78.44027778,CAVMSI_2025-12-13T00:30:00+0000_81.1700
CAVMSI,Cauvery at Musiri,Cauvery,2025-12-13 01:30:00+00:00,81.17,NORMAL,84.51,85.4,89.25,10.93805556,78.44027778,CAVMSI_2025-12-13T01:30:00+0000_81.1700
CAVMSI,Cauvery at Musiri,Cauvery,2025-12-13 02:30:00+00:00,81.17,NORMAL,84.51,85.4,89.25,10.93805556,78.44027778,CAVMSI_2025-12-13T02:30:00+0000_81.1700
CAVMSI,Cauvery at Musiri,Cauvery,2025-12-13 03:30:00+00:00,81.17,NORMAL,84.51,85.4,89.25,10.93805556,78.44027778,CAVMSI_2025-12-13T03:30:00+0000_81.1700
CAVMSI,Cauvery at Musiri,Cauvery,2025-12-13 04:30:00+00:00,81.17,NORMAL,84.51,85.4,89.25,10.93805556,78.44027778,CAVMSI_2025-12-13T04:30:00+0000_81.1700
CAVMSI,Cauvery at Musiri,Cauvery,2025-12-13 05:30:00+00:00,81.17,NORMAL,84.51,85.4,89.25,10.93805556,78.44027778,CAVMSI_2025-12-13T05:30:00+0000_81.1700
CAVMSI,Cauvery at Musiri,Cauvery,2025-12-13 06:30:00+00:00,81.17,NORMAL,84.51,85.4,89.25,10.93805556,78.44027778,CAVMSI_2025-12-13T06:30:00+0000_81.1700
CAVMSI,Cauvery at Musiri,Cauvery,2025-12-13 07:30:00+00:00,81.17,NORMAL,84.51,85.4,89.25,10.93805556,78.44027778,CAVMSI_2025-12-13T07:30:00+0000_81.1700
CAVMSI,Cauvery at Musiri,Cauvery,2025-12-13 08:30:00+00:00,81.17,NORMAL,84.51,85.4,89.25,10.93805556,78.44027778,CAVMSI_2025-12-13T08:30:00+0000_81.1700
CAVMSI,Cauvery at Musiri,Cauvery,2025-12-13 09:30:00+00:00,81.17,NORMAL,84.51,85.4,89.25,10.93805556,78.44027778,CAVMSI_2025-12-13T09:30:00+0000_81.1700
CAVMSI,Cauvery at Musiri,Cauvery,2025-12-13 10:30:00+00:00,81.01,NORMAL,84.51,85.4,89.25,10.93805556,78.44027778,CAVMSI_2025-12-13T10:30:00+0000_81.0100
CAVMSI,Cauvery at Musiri,Cauvery,2025-12-13 11:30:00+00:00,81.17,NORMAL,84.51,85.4,89.25,10.93805556,78.44027778,CAVMSI_2025-12-13T11:30:00+0000_81.1700
CAVMSI,Cauvery at Musiri,Cauvery,2025-12-13 12:30:00+00:00,81.17,NORMAL,84.51,85.4,89.25,10.93805556,78.44027778,CAVMSI_2025-12-13T12:30:00+0000_81.1700
CAVMSI,Cauvery at Musiri,Cauvery,2025-12-13 13:30:00+00:00,81.17,NORMAL,84.51,85.4,89.25,10.93805556,78.44027778,CAVMSI_2025-12-13T13:30:00+0000_81.1700
CAVMSI,Cauvery at Musiri,Cauvery,2025-12-13 14:30:00+00:00,81.17,NORMAL,84.51,85.4,89.25,10.93805556,78.44027778,CAVMSI_2025-12-13T14:30:00+0000_81.1700
CAVMSI,Cauvery at Musiri,Cauvery,2025-12-13 15:30:00+00:00,81.17,NORMAL,84.51,85.4,89.25,10.93805556,78.44027778,CAVMSI_2025-12-13T15:30:00+0000_81.1700
CAVMSI,Cauvery at Musiri,Cauvery,2025-12-13 16:30:00+00:00,81.17,NORMAL,84.51,85.4,89.25,10.93805556,78.44027778,CAVMSI_2025-12-13T16:30:00+0000_81.1700
CAVMSI,Cauvery at Musiri,Cauvery,2025-12-13 17:30:00+00:00,81.17,NORMAL,84.51,85.4,89.25,10.93805556,78.44027778,CAVMSI_2025-12-13T17:30:00+0000_81.1700
CAVMSI,Cauvery at Musiri,Cauvery,2025-12-13 18:30:00+00:00,81.17,NORMAL,84.51,85.4,89.25,10.93805556,78.44027778,CAVMSI_2025-12-13T18:30:00+0000_81.1700
CAVMSI,Cauvery at Musiri,Cauvery,2025-12-13 19:30:00+00:00,81.17,NORMAL,84.51,85.4,89.25,10.93805556,78.44027778,CAVMSI_2025-12-13T19:30:00+0000_81.1700
CAVMSI,Cauvery at Musiri,Cauvery,2025-12-13 20:30:00+00:00,81.17,NORMAL,84.51,85.4,89.25,10.93805556,78.44027778,CAVMSI_2025-12-13T20:30:00+0000_81.1700
CAVMSI,Cauvery at Musiri,Cauvery,2025-12-13 21:30:00+00:00,81.17,NORMAL,84.51,85.4,89.25,10.93805556,78.44027778,CAVMSI_2025-12-13T21:30:00+0000_81.1700
CAVMSI,Cauvery at Musiri,Cauvery,2025-12-13 22:30:00+00:00,81.17,NORMAL,84.51,85.4,89.25,10.93805556,78.44027778,CAVMSI_2025-12-13T22:30:00+0000_81.1700
CAVMSI,Cauvery at Musiri,Cauvery,2025-12-13 23:30:00+00:00,81.17,NORMAL,84.51,85.4,89.25,10.93805556,78.44027778,CAVMSI_2025-12-13T23:30:00+0000_81.1700
CAVMSI,Cauvery at Musiri,Cauvery,2025-12-14 00:30:00+00:00,81.17,NORMAL,84.51,85.4,89.25,10.93805556,78.44027778,CAVMSI_2025-12-14T00:30:00+0000_81.1700
CAVMSI,Cauvery at Musiri,Cauvery,2025-12-14 01:30:00+00:00,81.17,NORMAL,84.51,85.4,89.25,10.93805556,78.44027778,CAVMSI_2025-12-14T01:30:00+0000_81.1700
CAVMSI,Cauvery at Musiri,Cauvery,2025-12-14 02:30:00+00:00,81.17,NORMAL,84.51,85.4,89.25,10.93805556,78.44027778,CAVMSI_2025-12-14T02:30:00+0000_81.1700
CAVMSI,Cauvery at Musiri,Cauvery,2025-12-14 03:30:00+00:00,81.17,NORMAL,84.51,85.4,89.25,10.93805556,78.44027778,CAVMSI_2025-12-14T03:30:00+0000_81.1700
CAVMSI,Cauvery at Musiri,Cauvery,2025-12-14 04:30:00+00:00,81.17,NORMAL,84.51,85.4,89.25,10.93805556,78.44027778,CAVMSI_2025-12-14T04:30:00+0000_81.1700
CAVMSI,Cauvery at Musiri,Cauvery,2025-12-14 05:30:00+00:00,81.17,NORMAL,84.51,85.4,89.25,10.93805556,78.44027778,CAVMSI_2025-12-14T05:30:00+0000_81.1700
CAVMSI,Cauvery at Musiri,Cauvery,2025-12-14 06:30:00+00:00,81.17,NORMAL,84.51,85.4,89.25,10.93805556,78.44027778,CAVMSI_2025-12-14T06:30:00+0000_81.1700
CAVMSI,Cauvery at Musiri,Cauvery,2025-12-14 07:30:00+00:00,81.17,NORMAL,84.51,85.4,89.25,10.93805556,78.44027778,CAVMSI_2025-12-14T07:30:00+0000_81.1700
CAVMSI,Cauvery at Musiri,Cauvery,2025-12-14 08:30:00+00:00,81.17,NORMAL,84.51,85.4,89.25,10.93805556,78.44027778,CAVMSI_2025-12-14T08:30:00+0000_81.1700
CAVMSI,Cauvery at Musiri,Cauvery,2025-12-14 09:30:00+00:00,81.17,NORMAL,84.51,85.4,89.25,10.93805556,78.44027778,CAVMSI_2025-12-14T09:30:00+0000_81.1700
CAVMSI,Cauvery at Musiri,Cauvery,2025-12-14 10:30:00+00:00,81.17,NORMAL,84.51,85.4,89.25,10.93805556,78.44027778,CAVMSI_2025-12-14T10:30:00+0000_81.1700
CAVMSI,Cauvery at Musiri,Cauvery,2025-12-14 11:30:00+00:00,81.17,NORMAL,84.51,85.4,89.25,10.93805556,78.44027778,CAVMSI_2025-12-14T11:30:00+0000_81.1700
CAVMSI,Cauvery at Musiri,Cauvery,2025-12-14 12:30:00+00:00,81.17,NORMAL,84.51,85.4,89.25,10.93805556,78.44027778,CAVMSI_2025-12-14T12:30:00+0000_81.1700
CAVMSI,Cauvery at Musiri,Cauvery,2025-12-14 13:30:00+00:00,81.17,NORMAL,84.51,85.4,89.25,10.93805556,78.44027778,CAVMSI_2025-12-14T13:30:00+0000_81.1700
CAVMSI,Cauvery at Musiri,Cauvery,2025-12-14 14:30:00+00:00,81.17,NORMAL,84.51,85.4,89.25,10.93805556,78.44027778,CAVMSI_2025-12-14T14:30:00+0000_81.1700
CAVMSI,Cauvery at Musiri,Cauvery,2025-12-14 15:30:00+00:00,81.17,NORMAL,84.51,85.4,89.25,10.93805556,78.44027778,CAVMSI_2025-12-14T15:30:00+0000_81.1700
CAVMSI,Cauvery at Musiri,Cauvery,2025-12-14 16:30:00+00:00,81.17,NORMAL,84.51,85.4,89.25,10.93805556,78.44027778,CAVMSI_2025-12-14T16:30:00+0000_81.1700
CAVMSI,Cauvery at Musiri,Cauvery,2025-12-14 17:30:00+00:00,81.17,NORMAL,84.51,85.4,89.25,10.93805556,78.44027778,CAVMSI_2025-12-14T17:30:00+0000_81.1700
CAVMSI,Cauvery at Musiri,Cauvery,2025-12-14 18:30:00+00:00,81.17,NORMAL,84.51,85.4,89.25,10.93805556,78.44027778,CAVMSI_2025-12-14T18:30:00+0000_81.1700
CAVMSI,Cauvery at Musiri,Cauvery,2025-12-14 19:30:00+00:00,81.17,NORMAL,84.51,85.4,89.25,10.93805556,78.44027778,CAVMSI_2025-12-14T19:30:00+0000_81.1700
CAVMSI,Cauvery at Musiri,Cauvery,2025-12-14 20:30:00+00:00,81.17,NORMAL,84.51,85.4,89.25,10.93805556,78.44027778,CAVMSI_2025-12-14T20:30:00+0000_81.1700
CAVMSI,Cauvery at Musiri,Cauvery,2025-12-14 21:30:00+00:00,81.17,NORMAL,84.51,85.4,89.25,10.93805556,78.44027778,CAVMSI_2025-12-14T21:30:00+0000_81.1700
CAVMSI,Cauvery at Musiri,Cauvery,2025-12-14 22:30:00+00:00,81.17,NORMAL,84.51,85.4,89.25,10.93805556,78.44027778,CAVMSI_2025-12-14T22:30:00+0000_81.1700
CAVMSI,Cauvery at Musiri,Cauvery,2025-12-14 23:30:00+00:00,81.17,NORMAL,84.51,85.4,89.25,10.93805556,78.44027778,CAVMSI_2025-12-14T23:30:00+0000_81.1700
CAVMSI,Cauvery at Musiri,Cauvery,2025-12-15 00:30:00+00:00,81.17,NORMAL,84.51,85.4,89.25,10.93805556,78.44027778,CAVMSI_2025-12-15T00:30:00+0000_81.1700
CAVMSI,Cauvery at Musiri,Cauvery,2025-12-15 01:30:00+00:00,81.17,NORMAL,84.51,85.4,89.25,10.93805556,78.44027778,CAVMSI_2025-12-15T01:30:00+0000_81.1700
CAVMSI,Cauvery at Musiri,Cauvery,2025-12-15 02:30:00+00:00,81.17,NORMAL,84.51,85.4,89.25,10.93805556,78.44027778,CAVMSI_2025-12-15T02:30:00+0000_81.1700
CAVMSI,Cauvery at Musiri,Cauvery,2025-12-15 03:30:00+00:00,81.17,NORMAL,84.51,85.4,89.25,10.93805556,78.44027778,CAVMSI_2025-12-15T03:30:00+0000_81.1700
CAVMSI,Cauvery at Musiri,Cauvery,2025-12-15 04:30:00+00:00,81.17,NORMAL,84.51,85.4,89.25,10.93805556,78.44027778,CAVMSI_2025-12-15T04:30:00+0000_81.1700
CAVMSI,Cauvery at Musiri,Cauvery,2025-12-15 05:30:00+00:00,81.17,NORMAL,84.51,85.4,89.25,10.93805556,78.44027778,CAVMSI_2025-12-15T05:30:00+0000_81.1700
CAVMSI,Cauvery at Musiri,Cauvery,2025-12-15 06:30:00+00:00,81.17,NORMAL,84.51,85.4,89.25,10.93805556,78.44027778,CAVMSI_2025-12-15T06:30:00+0000_81.1700
CAVMSI,Cauvery at Musiri,Cauvery,2025-12-15 07:30:00+00:00,81.17,NORMAL,84.51,85.4,89.25,10.93805556,78.44027778,CAVMSI_2025-12-15T07:30:00+0000_81.1700
CAVMSI,Cauvery at Musiri,Cauvery,2025-12-15 08:30:00+00:00,81.17,NORMAL,84.51,85.4,89.25,10.93805556,78.44027778,CAVMSI_2025-12-15T08:30:00+0000_81.1700
CAVMSI,Cauvery at Musiri,Cauvery,2025-12-15 09:30:00+00:00,81.17,NORMAL,84.51,85.4,89.25,10.93805556,78.44027778,CAVMSI_2025-12-15T09:30:00+0000_81.1700
CAVMSI,Cauvery at Musiri,Cauvery,2025-12-15 11:30:00+00:00,81.17,NORMAL,84.51,85.4,89.25,10.93805556,78.44027778,CAVMSI_2025-12-15T11:30:00+0000_81.1700
CAVMSI,Cauvery at Musiri,Cauvery,2025-12-15 12:30:00+00:00,81.17,NORMAL,84.51,85.4,89.25,10.93805556,78.44027778,CAVMSI_2025-12-15T12:30:00+0000_81.1700
CAVMSI,Cauvery at Musiri,Cauvery,2025-12-15 13:30:00+00:00,81.17,NORMAL,84.51,85.4,89.25,10.93805556,78.44027778,CAVMSI_2025-12-15T13:30:00+0000_81.1700
CAVMSI,Cauvery at Musiri,Cauvery,2025-12-15 14:30:00+00:00,81.17,NORMAL,84.51,85.4,89.25,10.93805556,78.44027778,CAVMSI_2025-12-15T14:30:00+0000_81.1700
CAVMSI,Cauvery at Musiri,Cauvery,2025-12-15 23:30:00+00:00,81.17,NORMAL,84.51,85.4,89.25,10.93805556,78.44027778,CAVMSI_2025-12-15T23:30:00+0000_81.1700
CAVMSI,Cauvery at Musiri,Cauvery,2025-12-16 00:30:00+00:00,81.17,NORMAL,84.51,85.4,89.25,10.93805556,78.44027778,CAVMSI_2025-12-16T00:30:00+0000_81.1700
CAVMSI,Cauvery at Musiri,Cauvery,2025-12-16 01:30:00+00:00,81.17,NORMAL,84.51,85.4,89.25,10.93805556,78.44027778,CAVMSI_2025-12-16T01:30:00+0000_81.1700
CAVMSI,Cauvery at Musiri,Cauvery,2025-12-16 02:30:00+00:00,81.17,NORMAL,84.51,85.4,89.25,10.93805556,78.44027778,CAVMSI_2025-12-16T02:30:00+0000_81.1700
CAVMSI,Cauvery at Musiri,Cauvery,2025-12-16 03:30:00+00:00,81.17,NORMAL,84.51,85.4,89.25,10.93805556,78.44027778,CAVMSI_2025-12-16T03:30:00+0000_81.1700
CAVMSI,Cauvery at Musiri,Cauvery,2025-12-16 04:30:00+00:00,81.17,NORMAL,84.51,85.4,89.25,10.93805556,78.44027778,CAVMSI_2025-12-16T04:30:00+0000_81.1700
CAVMSI,Cauvery at Musiri,Cauvery,2025-12-16 05:30:00+00:00,81.17,NORMAL,84.51,85.4,89.25,10.93805556,78.44027778,CAVMSI_2025-12-16T05:30:00+0000_81.1700
CAVMSI,Cauvery at Musiri,Cauvery,2025-12-16 06:30:00+00:00,81.17,NORMAL,84.51,85.4,89.25,10.93805556,78.44027778,CAVMSI_2025-12-16T06:30:00+0000_81.1700
CAVMSI,Cauvery at Musiri,Cauvery,2025-12-16 07:30:00+00:00,81.17,NORMAL,84.51,85.4,89.25,10.93805556,78.44027778,CAVMSI_2025-12-16T07:30:00+0000_81.1700
CAVMSI,Cauvery at Musiri,Cauvery,2025-12-16 08:30:00+00:00,81.17,NORMAL,84.51,85.4,89.25,10.93805556,78.44027778,CAVMSI_2025-12-16T08:30:00+0000_81.1700
CAVMSI,Cauvery at Musiri,Cauvery,2025-12-16 09:30:00+00:00,81.17,NORMAL,84.51,85.4,89.25,10.93805556,78.44027778,CAVMSI_2025-12-16T09:30:00+0000_81.1700
CAVMSI,Cauvery at Musiri,Cauvery,2025-12-16 10:30:00+00:00,81.17,NORMAL,84.51,85.4,89.25,10.93805556,78.44027778,CAVMSI_2025-12-16T10:30:00+0000_81.1700
CAVMSI,Cauvery at Musiri,Cauvery,2025-12-16 11:30:00+00:00,81.17,NORMAL,84.51,85.4,89.25,10.93805556,78.44027778,CAVMSI_2025-12-16T11:30:00+0000_81.1700
CAVMSI,Cauvery at Musiri,Cauvery,2025-12-16 12:30:00+00:00,81.17,NORMAL,84.51,85.4,89.25,10.93805556,78.44027778,CAVMSI_2025-12-16T12:30:00+0000_81.1700
CAVMSI,Cauvery at Musiri,Cauvery,2025-12-16 13:30:00+00:00,81.17,NORMAL,84.51,85.4,89.25,10.93805556,78.44027778,CAVMSI_2025-12-16T13:30:00+0000_81.1700
CAVMSI,Cauvery at Musiri,Cauvery,2025-12-16 14:30:00+00:00,81.17,NORMAL,84.51,85.4,89.25,10.93805556,78.44027778,CAVMSI_2025-12-16T14:30:00+0000_81.1700
CAVMSI,Cauvery at Musiri,Cauvery,2025-12-16 15:30:00+00:00,81.17,NORMAL,84.51,85.4,89.25,10.93805556,78.44027778,CAVMSI_2025-12-16T15:30:00+0000_81.1700
CAVMSI,Cauvery at Musiri,Cauvery,2025-12-16 16:30:00+00:00,81.17,NORMAL,84.51,85.4,89.25,10.93805556,78.44027778,CAVMSI_2025-12-16T16:30:00+0000_81.1700
CAVMSI,Cauvery at Musiri,Cauvery,2025-12-16 17:30:00+00:00,81.17,NORMAL,84.51,85.4,89.25,10.93805556,78.44027778,CAVMSI_2025-12-16T17:30:00+0000_81.1700
CAVMSI,Cauvery at Musiri,Cauvery,2025-12-16 18:30:00+00:00,81.17,NORMAL,84.51,85.4,89.25,10.93805556,78.44027778,CAVMSI_2025-12-16T18:30:00+0000_81.1700
CAVMSI,Cauvery at Musiri,Cauvery,2025-12-16 19:30:00+00:00,81.17,NORMAL,84.51,85.4,89.25,10.93805556,78.44027778,CAVMSI_2025-12-16T19:30:00+0000_81.1700
CAVMSI,Cauvery at Musiri,Cauvery,2025-12-16 20:30:00+00:00,81.17,NORMAL,84.51,85.4,89.25,10.93805556,78.44027778,CAVMSI_2025-12-16T20:30:00+0000_81.1700
CAVMSI,Cauvery at Musiri,Cauvery,2025-12-16 21:30:00+00:00,81.17,NORMAL,84.51,85.4,89.25,10.93805556,78.44027778,CAVMSI_2025-12-16T21:30:00+0000_81.1700
CAVMSI,Cauvery at Musiri,Cauvery,2025-12-16 22:30:00+00:00,81.17,NORMAL,84.51,85.4,89.25,10.93805556,78.44027778,CAVMSI_2025-12-16T22:30:00+0000_81.1700
CAVMSI,Cauvery at Musiri,Cauvery,2025-12-16 23:30:00+00:00,81.17,NORMAL,84.51,85.4,89.25,10.93805556,78.44027778,CAVMSI_2025-12-16T23:30:00+0000_81.1700
CAVMSI,Cauvery at Musiri,Cauvery,2025-12-17 00:30:00+00:00,81.17,NORMAL,84.51,85.4,89.25,10.93805556,78.44027778,CAVMSI_2025-12-17T00:30:00+0000_81.1700
CAVMSI,Cauvery at Musiri,Cauvery,2025-12-17 01:30:00+00:00,81.17,NORMAL,84.51,85.4,89.25,10.93805556,78.44027778,CAVMSI_2025-12-17T01:30:00+0000_81.1700
CAVMSI,Cauvery at Musiri,Cauvery,2025-12-17 02:30:00+00:00,81.17,NORMAL,84.51,85.4,89.25,10.93805556,78.44027778,CAVMSI_2025-12-17T02:30:00+0000_81.1700
CAVMSI,Cauvery at Musiri,Cauvery,2025-12-17 03:30:00+00:00,81.17,NORMAL,84.51,85.4,89.25,10.93805556,78.44027778,CAVMSI_2025-12-17T03:30:00+0000_81.1700
CAVMSI,Cauvery at Musiri,Cauvery,2025-12-17 05:30:00+00:00,81.17,NORMAL,84.51,85.4,89.25,10.93805556,78.44027778,CAVMSI_2025-12-17T05:30:00+0000_81.1700
CAVMSI,Cauvery at Musiri,Cauvery,2025-12-17 06:30:00+00:00,81.17,NORMAL,84.51,85.4,89.25,10.93805556,78.44027778,CAVMSI_2025-12-17T06:30:00+0000_81.1700
CAVMSI,Cauvery at Musiri,Cauvery,2025-12-17 07:30:00+00:00,81.17,NORMAL,84.51,85.4,89.25,10.93805556,78.44027778,CAVMSI_2025-12-17T07:30:00+0000_81.1700
CAVMSI,Cauvery at Musiri,Cauvery,2025-12-17 08:30:00+00:00,81.17,NORMAL,84.51,85.4,89.25,10.93805556,78.44027778,CAVMSI_2025-12-17T08:30:00+0000_81.1700
CAVMSI,Cauvery at Musiri,Cauvery,2025-12-17 09:30:00+00:00,81.17,NORMAL,84.51,85.4,89.25,10.93805556,78.44027778,CAVMSI_2025-12-17T09:30:00+0000_81.1700
CAVMSI,Cauvery at Musiri,Cauvery,2025-12-17 10:30:00+00:00,81.17,NORMAL,84.51,85.4,89.25,10.93805556,78.44027778,CAVMSI_2025-12-17T10:30:00+0000_81.1700
CAVMSI,Cauvery at Musiri,Cauvery,2025-12-17 11:30:00+00:00,81.17,NORMAL,84.51,85.4,89.25,10.93805556,78.44027778,CAVMSI_2025-12-17T11:30:00+0000_81.1700
CAVMSI,Cauvery at Musiri,Cauvery,2025-12-17 23:30:00+00:00,81.17,NORMAL,84.51,85.4,89.25,10.93805556,78.44027778,CAVMSI_2025-12-17T23:30:00+0000_81.1700
CAVMSI,Cauvery at Musiri,Cauvery,2025-12-18 00:30:00+00:00,81.17,NORMAL,84.51,85.4,89.25,10.93805556,78.44027778,CAVMSI_2025-12-18T00:30:00+0000_81.1700
CAVMSI,Cauvery at Musiri,Cauvery,2025-12-18 01:30:00+00:00,81.17,NORMAL,84.51,85.4,89.25,10.93805556,78.44027778,CAVMSI_2025-12-18T01:30:00+0000_81.1700
CAVMSI,Cauvery at Musiri,Cauvery,2025-12-18 02:30:00+00:00,81.17,NORMAL,84.51,85.4,89.25,10.93805556,78.44027778,CAVMSI_2025-12-18T02:30:00+0000_81.1700
CAVMSI,Cauvery at Musiri,Cauvery,2025-12-18 03:30:00+00:00,81.17,NORMAL,84.51,85.4,89.25,10.93805556,78.44027778,CAVMSI_2025-12-18T03:30:00+0000_81.1700
CAVMSI,Cauvery at Musiri,Cauvery,2025-12-18 04:30:00+00:00,81.17,NORMAL,84.51,85.4,89.25,10.93805556,78.44027778,CAVMSI_2025-12-18T04:30:00+0000_81.1700
CAVMSI,Cauvery at Musiri,Cauvery,2025-12-18 05:30:00+00:00,81.17,NORMAL,84.51,85.4,89.25,10.93805556,78.44027778,CAVMSI_2025-12-18T05:30:00+0000_81.1700
CAVMSI,Cauvery at Musiri,Cauvery,2025-12-18 06:30:00+00:00,81.17,NORMAL,84.51,85.4,89.25,10.93805556,78.44027778,CAVMSI_2025-12-18T06:30:00+0000_81.1700
CAVMSI,Cauvery at Musiri,Cauvery,2025-12-18 08:30:00+00:00,81.17,NORMAL,84.51,85.4,89.25,10.93805556,78.44027778,CAVMSI_2025-12-18T08:30:00+0000_81.1700
CAVMSI,Cauvery at Musiri,Cauvery,2025-12-18 09:30:00+00:00,81.17,NORMAL,84.51,85.4,89.25,10.93805556,78.44027778,CAVMSI_2025-12-18T09:30:00+0000_81.1700
CAVMSI,Cauvery at Musiri,Cauvery,2025-12-18 10:30:00+00:00,81.17,NORMAL,84.51,85.4,89.25,10.93805556,78.44027778,CAVMSI_2025-12-18T10:30:00+0000_81.1700
CAVMSI,Cauvery at Musiri,Cauvery,2025-12-18 11:30:00+00:00,81.17,NORMAL,84.51,85.4,89.25,10.93805556,78.44027778,CAVMSI_2025-12-18T11:30:00+0000_81.1700
CAVMSI,Cauvery at Musiri,Cauvery,2025-12-18 12:30:00+00:00,81.17,NORMAL,84.51,85.4,89.25,10.93805556,78.44027778,CAVMSI_2025-12-18T12:30:00+0000_81.1700
CAVMSI,Cauvery at Musiri,Cauvery,2025-12-18 13:30:00+00:00,81.17,NORMAL,84.51,85.4,89.25,10.93805556,78.44027778,CAVMSI_2025-12-18T13:30:00+0000_81.1700
CAVMSI,Cauvery at Musiri,Cauvery,2025-12-18 14:30:00+00:00,81.17,NORMAL,84.51,85.4,89.25,10.93805556,78.44027778,CAVMSI_2025-12-18T14:30:00+0000_81.1700
CAVMSI,Cauvery at Musiri,Cauvery,2025-12-18 15:30:00+00:00,81.17,NORMAL,84.51,85.4,89.25,10.93805556,78.44027778,CAVMSI_2025-12-18T15:30:00+0000_81.1700
CAVMSI,Cauvery at Musiri,Cauvery,2025-12-18 16:30:00+00:00,81.17,NORMAL,84.51,85.4,89.25,10.93805556,78.44027778,CAVMSI_2025-12-18T16:30:00+0000_81.1700
CAVMSI,Cauvery at Musiri,Cauvery,2025-12-18 17:30:00+00:00,81.17,NORMAL,84.51,85.4,89.25,10.93805556,78.44027778,CAVMSI_2025-12-18T17:30:00+0000_81.1700
CAVMSI,Cauvery at Musiri,Cauvery,2025-12-18 18:30:00+00:00,81.17,NORMAL,84.51,85.4,89.25,10.93805556,78.44027778,CAVMSI_2025-12-18T18:30:00+0000_81.1700
CAVMSI,Cauvery at Musiri,Cauvery,2025-12-18 19:30:00+00:00,81.17,NORMAL,84.51,85.4,89.25,10.93805556,78.44027778,CAVMSI_2025-12-18T19:30:00+0000_81.1700
CAVMSI,Cauvery at Musiri,Cauvery,2025-12-18 20:30:00+00:00,81.17,NORMAL,84.51,85.4,89.25,10.93805556,78.44027778,CAVMSI_2025-12-18T20:30:00+0000_81.1700
CAVMSI,Cauvery at Musiri,Cauvery,2025-12-18 21:30:00+00:00,81.17,NORMAL,84.51,85.4,89.25,10.93805556,78.44027778,CAVMSI_2025-12-18T21:30:00+0000_81.1700
CAVMSI,Cauvery at Musiri,Cauvery,2025-12-18 22:30:00+00:00,81.17,NORMAL,84.51,85.4,89.25,10.93805556,78.44027778,CAVMSI_2025-12-18T22:30:00+0000_81.1700
CAVMSI,Cauvery at Musiri,Cauvery,2025-12-18 23:30:00+00:00,81.17,NORMAL,84.51,85.4,89.25,10.93805556,78.44027778,CAVMSI_2025-12-18T23:30:00+0000_81.1700
CAVMSI,Cauvery at Musiri,Cauvery,2025-12-19 00:30:00+00:00,81.17,NORMAL,84.51,85.4,89.25,10.93805556,78.44027778,CAVMSI_2025-12-19T00:30:00+0000_81.1700
CAVMSI,Cauvery at Musiri,Cauvery,2025-12-19 01:30:00+00:00,81.17,NORMAL,84.51,85.4,89.25,10.93805556,78.44027778,CAVMSI_2025-12-19T01:30:00+0000_81.1700
CAVMSI,Cauvery at Musiri,Cauvery,2025-12-19 02:30:00+00:00,81.17,NORMAL,84.51,85.4,89.25,10.93805556,78.44027778,CAVMSI_2025-12-19T02:30:00+0000_81.1700
CAVMSI,Cauvery at Musiri,Cauvery,2025-12-19 03:30:00+00:00,81.17,NORMAL,84.51,85.4,89.25,10.93805556,78.44027778,CAVMSI_2025-12-19T03:30:00+0000_81.1700
CAVMSI,Cauvery at Musiri,Cauvery,2025-12-19 04:30:00+00:00,81.17,NORMAL,84.51,85.4,89.25,10.93805556,78.44027778,CAVMSI_2025-12-19T04:30:00+0000_81.1700
CAVMSI,Cauvery at Musiri,Cauvery,2025-12-19 05:30:00+00:00,81.17,NORMAL,84.51,85.4,89.25,10.93805556,78.44027778,CAVMSI_2025-12-19T05:30:00+0000_81.1700
CAVMSI,Cauvery at Musiri,Cauvery,2025-12-19 06:30:00+00:00,81.17,NORMAL,84.51,85.4,89.25,10.93805556,78.44027778,CAVMSI_2025-12-19T06:30:00+0000_81.1700
CAVMSI,Cauvery at Musiri,Cauvery,2025-12-19 07:30:00+00:00,81.17,NORMAL,84.51,85.4,89.25,10.93805556,78.44027778,CAVMSI_2025-12-19T07:30:00+0000_81.1700
CAVMSI,Cauvery at Musiri,Cauvery,2025-12-19 08:30:00+00:00,81.17,NORMAL,84.51,85.4,89.25,10.93805556,78.44027778,CAVMSI_2025-12-19T08:30:00+0000_81.1700
CAVMSI,Cauvery at Musiri,Cauvery,2025-12-19 09:30:00+00:00,81.17,NORMAL,84.51,85.4,89.25,10.93805556,78.44027778,CAVMSI_2025-12-19T09:30:00+0000_81.1700
CAVMSI,Cauvery at Musiri,Cauvery,2025-12-19 10:30:00+00:00,81.17,NORMAL,84.51,85.4,89.25,10.93805556,78.44027778,CAVMSI_2025-12-19T10:30:00+0000_81.1700
CAVMSI,Cauvery at Musiri,Cauvery,2025-12-19 11:30:00+00:00,81.17,NORMAL,84.51,85.4,89.25,10.93805556,78.44027778,CAVMSI_2025-12-19T11:30:00+0000_81.1700
CAVMSI,Cauvery at Musiri,Cauvery,2025-12-19 12:30:00+00:00,81.17,NORMAL,84.51,85.4,89.25,10.93805556,78.44027778,CAVMSI_2025-12-19T12:30:00+0000_81.1700
CAVMSI,Cauvery at Musiri,Cauvery,2025-12-19 13:30:00+00:00,81.17,NORMAL,84.51,85.4,89.25,10.93805556,78.44027778,CAVMSI_2025-12-19T13:30:00+0000_81.1700
CAVMSI,Cauvery at Musiri,Cauvery,2025-12-19 14:30:00+00:00,81.17,NORMAL,84.51,85.4,89.25,10.93805556,78.44027778,CAVMSI_2025-12-19T14:30:00+0000_81.1700
CAVMSI,Cauvery at Musiri,Cauvery,2025-12-19 15:30:00+00:00,81.17,NORMAL,84.51,85.4,89.25,10.93805556,78.44027778,CAVMSI_2025-12-19T15:30:00+0000_81.1700
CAVMSI,Cauvery at Musiri,Cauvery,2025-12-19 16:30:00+00:00,81.17,NORMAL,84.51,85.4,89.25,10.93805556,78.44027778,CAVMSI_2025-12-19T16:30:00+0000_81.1700
CAVMSI,Cauvery at Musiri,Cauvery,2025-12-19 17:30:00+00:00,81.17,NORMAL,84.51,85.4,89.25,10.93805556,78.44027778,CAVMSI_2025-12-19T17:30:00+0000_81.1700
CAVMSI,Cauvery at Musiri,Cauvery,2025-12-19 18:30:00+00:00,81.17,NORMAL,84.51,85.4,89.25,10.93805556,78.44027778,CAVMSI_2025-12-19T18:30:00+0000_81.1700
CAVMSI,Cauvery at Musiri,Cauvery,2025-12-19 19:30:00+00:00,,,84.51,85.4,89.25,10.93805556,78.44027778,CAVMSI_2025-12-19T19:30:00+0000_
CAVMSI,Cauvery at Musiri,Cauvery,2025-12-19 20:30:00+00:00,81.17,NORMAL,84.51,85.4,89.25,10.93805556,78.44027778,CAVMSI_2025-12-19T20:30:00+0000_81.1700
CAVMSI,Cauvery at Musiri,Cauvery,2025-12-19 21:30:00+00:00,81.17,NORMAL,84.51,85.4,89.25,10.93805556,78.44027778,CAVMSI_2025-12-19T21:30:00+0000_81.1700
CAVMSI,Cauvery at Musiri,Cauvery,2025-12-19 22:30:00+00:00,81.17,NORMAL,84.51,85.4,89.25,10.93805556,78.44027778,CAVMSI_2025-12-19T22:30:00+0000_81.1700
CAVMSI,Cauvery at Musiri,Cauvery,2025-12-19 23:30:00+00:00,81.17,NORMAL,84.51,85.4,89.25,10.93805556,78.44027778,CAVMSI_2025-12-19T23:30:00+0000_81.1700
CAVMSI,Cauvery at Musiri,Cauvery,2025-12-20 00:30:00+00:00,81.17,NORMAL,84.51,85.4,89.25,10.93805556,78.44027778,CAVMSI_2025-12-20T00:30:00+0000_81.1700
CAVMSI,Cauvery at Musiri,Cauvery,2025-12-20 01:30:00+00:00,81.17,NORMAL,84.51,85.4,89.25,10.93805556,78.44027778,CAVMSI_2025-12-20T01:30:00+0000_81.1700
CAVMSI,Cauvery at Musiri,Cauvery,2025-12-20 02:30:00+00:00,81.17,NORMAL,84.51,85.4,89.25,10.93805556,78.44027778,CAVMSI_2025-12-20T02:30:00+0000_81.1700
CAVMSI,Cauvery at Musiri,Cauvery,2025-12-20 03:30:00+00:00,81.17,NORMAL,84.51,85.4,89.25,10.93805556,78.44027778,CAVMSI_2025-12-20T03:30:00+0000_81.1700
CAVMSI,Cauvery at Musiri,Cauvery,2025-12-20 04:30:00+00:00,81.17,NORMAL,84.51,85.4,89.25,10.93805556,78.44027778,CAVMSI_2025-12-20T04:30:00+0000_81.1700
CAVMSI,Cauvery at Musiri,Cauvery,2025-12-20 05:30:00+00:00,81.17,NORMAL,84.51,85.4,89.25,10.93805556,78.44027778,CAVMSI_2025-12-20T05:30:00+0000_81.1700
CAVMSI,Cauvery at Musiri,Cauvery,2025-12-20 06:30:00+00:00,81.17,NORMAL,84.51,85.4,89.25,10.93805556,78.44027778,CAVMSI_2025-12-20T06:30:00+0000_81.1700
CAVMSI,Cauvery at Musiri,Cauvery,2025-12-20 07:30:00+00:00,81.17,NORMAL,84.51,85.4,89.25,10.93805556,78.44027778,CAVMSI_2025-12-20T07:30:00+0000_81.1700
CAVMSI,Cauvery at Musiri,Cauvery,2025-12-20 08:30:00+00:00,81.17,NORMAL,84.51,85.4,89.25,10.93805556,78.44027778,CAVMSI_2025-12-20T08:30:00+0000_81.1700
CAVMSI,Cauvery at Musiri,Cauvery,2025-12-20 09:30:00+00:00,81.17,NORMAL,84.51,85.4,89.25,10.93805556,78.44027778,CAVMSI_2025-12-20T09:30:00+0000_81.1700
CAVMSI,Cauvery at Musiri,Cauvery,2025-12-20 10:30:00+00:00,81.17,NORMAL,84.51,85.4,89.25,10.93805556,78.44027778,CAVMSI_2025-12-20T10:30:00+0000_81.1700
CAVMSI,Cauvery at Musiri,Cauvery,2025-12-20 11:30:00+00:00,81.17,NORMAL,84.51,85.4,89.25,10.93805556,78.44027778,CAVMSI_2025-12-20T11:30:00+0000_81.1700
CAVMSI,Cauvery at Musiri,Cauvery,2025-12-20 12:30:00+00:00,81.17,NORMAL,84.51,85.4,89.25,10.93805556,78.44027778,CAVMSI_2025-12-20T12:30:00+0000_81.1700
CAVMSI,Cauvery at Musiri,Cauvery,2025-12-20 13:30:00+00:00,81.17,NORMAL,84.51,85.4,89.25,10.93805556,78.44027778,CAVMSI_2025-12-20T13:30:00+0000_81.1700
CAVMSI,Cauvery at Musiri,Cauvery,2025-12-20 14:30:00+00:00,81.17,NORMAL,84.51,85.4,89.25,10.93805556,78.44027778,CAVMSI_2025-12-20T14:30:00+0000_81.1700
CAVMSI,Cauvery at Musiri,Cauvery,2025-12-20 15:30:00+00:00,81.17,NORMAL,84.51,85.4,89.25,10.93805556,78.44027778,CAVMSI_2025-12-20T15:30:00+0000_81.1700
CAVMSI,Cauvery at Musiri,Cauvery,2025-12-20 16:30:00+00:00,81.17,NORMAL,84.51,85.4,89.25,10.93805556,78.44027778,CAVMSI_2025-12-20T16:30:00+0000_81.1700
CAVMSI,Cauvery at Musiri,Cauvery,2025-12-20 17:30:00+00:00,81.17,NORMAL,84.51,85.4,89.25,10.93805556,78.44027778,CAVMSI_2025-12-20T17:30:00+0000_81.1700
CAVMSI,Cauvery at Musiri,Cauvery,2025-12-20 18:30:00+00:00,81.17,NORMAL,84.51,85.4,89.25,10.93805556,78.44027778,CAVMSI_2025-12-20T18:30:00+0000_81.1700
CAVMSI,Cauvery at Musiri,Cauvery,2025-12-20 19:30:00+00:00,81.17,NORMAL,84.51,85.4,89.25,10.93805556,78.44027778,CAVMSI_2025-12-20T19:30:00+0000_81.1700
CAVMSI,Cauvery at Musiri,Cauvery,2025-12-20 20:30:00+00:00,81.17,NORMAL,84.51,85.4,89.25,10.93805556,78.44027778,CAVMSI_2025-12-20T20:30:00+0000_81.1700
CAVMSI,Cauvery at Musiri,Cauvery,2025-12-20 21:30:00+00:00,81.17,NORMAL,84.51,85.4,89.25,10.93805556,78.44027778,CAVMSI_2025-12-20T21:30:00+0000_81.1700
CAVMSI,Cauvery at Musiri,Cauvery,2025-12-20 22:30:00+00:00,81.17,NORMAL,84.51,85.4,89.25,10.93805556,78.44027778,CAVMSI_2025-12-20T22:30:00+0000_81.1700
CAVMSI,Cauvery at Musiri,Cauvery,2025-12-20 23:30:00+00:00,81.17,NORMAL,84.51,85.4,89.25,10.93805556,78.44027778,CAVMSI_2025-12-20T23:30:00+0000_81.1700
CAVMSI,Cauvery at Musiri,Cauvery,2025-12-21 00:30:00+00:00,81.17,NORMAL,84.51,85.4,89.25,10.93805556,78.44027778,CAVMSI_2025-12-21T00:30:00+0000_81.1700
CAVMSI,Cauvery at Musiri,Cauvery,2025-12-21 01:30:00+00:00,81.17,NORMAL,84.51,85.4,89.25,10.93805556,78.44027778,CAVMSI_2025-12-21T01:30:00+0000_81.1700
CAVMSI,Cauvery at Musiri,Cauvery,2025-12-21 02:30:00+00:00,81.17,NORMAL,84.51,85.4,89.25,10.93805556,78.44027778,CAVMSI_2025-12-21T02:30:00+0000_81.1700
CAVMSI,Cauvery at Musiri,Cauvery,2025-12-21 03:30:00+00:00,81.17,NORMAL,84.51,85.4,89.25,10.93805556,78.44027778,CAVMSI_2025-12-21T03:30:00+0000_81.1700
CAVMSI,Cauvery at Musiri,Cauvery,2025-12-21 04:30:00+00:00,81.17,NORMAL,84.51,85.4,89.25,10.93805556,78.44027778,CAVMSI_2025-12-21T04:30:00+0000_81.1700
CAVMSI,Cauvery at Musiri,Cauvery,2025-12-21 05:30:00+00:00,81.17,NORMAL,84.51,85.4,89.25,10.93805556,78.44027778,CAVMSI_2025-12-21T05:30:00+0000_81.1700
CAVMSI,Cauvery at Musiri,Cauvery,2025-12-21 06:30:00+00:00,81.17,NORMAL,84.51,85.4,89.25,10.93805556,78.44027778,CAVMSI_2025-12-21T06:30:00+0000_81.1700
CAVMSI,Cauvery at Musiri,Cauvery,2025-12-21 07:30:00+00:00,81.17,NORMAL,84.51,85.4,89.25,10.93805556,78.44027778,CAVMSI_2025-12-21T07:30:00+0000_81.1700
CAVMSI,Cauvery at Musiri,Cauvery,2025-12-21 08:30:00+00:00,81.17,NORMAL,84.51,85.4,89.25,10.93805556,78.44027778,CAVMSI_2025-12-21T08:30:00+0000_81.1700
CAVMSI,Cauvery at Musiri,Cauvery,2025-12-21 09:30:00+00:00,81.17,NORMAL,84.51,85.4,89.25,10.93805556,78.44027778,CAVMSI_2025-12-21T09:30:00+0000_81.1700
CAVMSI,Cauvery at Musiri,Cauvery,2025-12-21 10:30:00+00:00,81.17,NORMAL,84.51,85.4,89.25,10.93805556,78.44027778,CAVMSI_2025-12-21T10:30:00+0000_81.1700
CAVMSI,Cauvery at Musiri,Cauvery,2025-12-21 11:30:00+00:00,81.17,NORMAL,84.51,85.4,89.25,10.93805556,78.44027778,CAVMSI_2025-12-21T11:30:00+0000_81.1700
CAVMSI,Cauvery at Musiri,Cauvery,2025-12-21 12:30:00+00:00,81.17,NORMAL,84.51,85.4,89.25,10.93805556,78.44027778,CAVMSI_2025-12-21T12:30:00+0000_81.1700
CAVMSI,Cauvery at Musiri,Cauvery,2025-12-21 13:30:00+00:00,81.17,NORMAL,84.51,85.4,89.25,10.93805556,78.44027778,CAVMSI_2025-12-21T13:30:00+0000_81.1700
CAVMSI,Cauvery at Musiri,Cauvery,2025-12-21 14:30:00+00:00,81.17,NORMAL,84.51,85.4,89.25,10.93805556,78.44027778,CAVMSI_2025-12-21T14:30:00+0000_81.1700
CAVMSI,Cauvery at Musiri,Cauvery,2025-12-21 15:30:00+00:00,81.17,NORMAL,84.51,85.4,89.25,10.93805556,78.44027778,CAVMSI_2025-12-21T15:30:00+0000_81.1700
CAVMSI,Cauvery at Musiri,Cauvery,2025-12-21 16:30:00+00:00,81.17,NORMAL,84.51,85.4,89.25,10.93805556,78.44027778,CAVMSI_2025-12-21T16:30:00+0000_81.1700
CAVMSI,Cauvery at Musiri,Cauvery,2025-12-21 17:30:00+00:00,81.17,NORMAL,84.51,85.4,89.25,10.93805556,78.44027778,CAVMSI_2025-12-21T17:30:00+0000_81.1700
CAVMSI,Cauvery at Musiri,Cauvery,2025-12-21 18:30:00+00:00,81.17,NORMAL,84.51,85.4,89.25,10.93805556,78.44027778,CAVMSI_2025-12-21T18:30:00+0000_81.1700
CAVMSI,Cauvery at Musiri,Cauvery,2025-12-21 19:30:00+00:00,81.17,NORMAL,84.51,85.4,89.25,10.93805556,78.44027778,CAVMSI_2025-12-21T19:30:00+0000_81.1700
CAVMSI,Cauvery at Musiri,Cauvery,2025-12-21 20:30:00+00:00,81.17,NORMAL,84.51,85.4,89.25,10.93805556,78.44027778,CAVMSI_2025-12-21T20:30:00+0000_81.1700
CAVMSI,Cauvery at Musiri,Cauvery,2025-12-21 21:30:00+00:00,81.17,NORMAL,84.51,85.4,89.25,10.93805556,78.44027778,CAVMSI_2025-12-21T21:30:00+0000_81.1700
CAVMSI,Cauvery at Musiri,Cauvery,2025-12-21 22:30:00+00:00,81.17,NORMAL,84.51,85.4,89.25,10.93805556,78.44027778,CAVMSI_2025-12-21T22:30:00+0000_81.1700
CAVMSI,Cauvery at Musiri,Cauvery,2025-12-21 23:30:00+00:00,81.17,NORMAL,84.51,85.4,89.25,10.93805556,78.44027778,CAVMSI_2025-12-21T23:30:00+0000_81.1700
CAVMSI,Cauvery at Musiri,Cauvery,2025-12-22 00:30:00+00:00,81.17,NORMAL,84.51,85.4,89.25,10.93805556,78.44027778,CAVMSI_2025-12-22T00:30:00+0000_81.1700
CAVMSI,Cauvery at Musiri,Cauvery,2025-12-22 01:30:00+00:00,81.17,NORMAL,84.51,85.4,89.25,10.93805556,78.44027778,CAVMSI_2025-12-22T01:30:00+0000_81.1700
CAVMSI,Cauvery at Musiri,Cauvery,2025-12-22 02:30:00+00:00,81.17,NORMAL,84.51,85.4,89.25,10.93805556,78.44027778,CAVMSI_2025-12-22T02:30:00+0000_81.1700
CAVMSI,Cauvery at Musiri,Cauvery,2025-12-22 03:30:00+00:00,81.17,NORMAL,84.51,85.4,89.25,10.93805556,78.44027778,CAVMSI_2025-12-22T03:30:00+0000_81.1700
CAVMSI,Cauvery at Musiri,Cauvery,2025-12-22 04:30:00+00:00,81.17,NORMAL,84.51,85.4,89.25,10.93805556,78.44027778,CAVMSI_2025-12-22T04:30:00+0000_81.1700
CAVMSI,Cauvery at Musiri,Cauvery,2025-12-22 05:30:00+00:00,81.17,NORMAL,84.51,85.4,89.25,10.93805556,78.44027778,CAVMSI_2025-12-22T05:30:00+0000_81.1700
CAVMSI,Cauvery at Musiri,Cauvery,2025-12-22 07:30:00+00:00,81.17,NORMAL,84.51,85.4,89.25,10.93805556,78.44027778,CAVMSI_2025-12-22T07:30:00+0000_81.1700
CAVMSI,Cauvery at Musiri,Cauvery,2025-12-22 08:30:00+00:00,81.17,NORMAL,84.51,85.4,89.25,10.93805556,78.44027778,CAVMSI_2025-12-22T08:30:00+0000_81.1700
CAVMSI,Cauvery at Musiri,Cauvery,2025-12-22 09:30:00+00:00,81.17,NORMAL,84.51,85.4,89.25,10.93805556,78.44027778,CAVMSI_2025-12-22T09:30:00+0000_81.1700
CAVMSI,Cauvery at Musiri,Cauvery,2025-12-22 10:30:00+00:00,81.17,NORMAL,84.51,85.4,89.25,10.93805556,78.44027778,CAVMSI_2025-12-22T10:30:00+0000_81.1700
CAVMSI,Cauvery at Musiri,Cauvery,2025-12-22 12:30:00+00:00,81.17,NORMAL,84.51,85.4,89.25,10.93805556,78.44027778,CAVMSI_2025-12-22T12:30:00+0000_81.1700
CAVMSI,Cauvery at Musiri,Cauvery,2025-12-22 13:30:00+00:00,81.17,NORMAL,84.51,85.4,89.25,10.93805556,78.44027778,CAVMSI_2025-12-22T13:30:00+0000_81.1700
CAVMSI,Cauvery at Musiri,Cauvery,2025-12-22 14:30:00+00:00,81.17,NORMAL,84.51,85.4,89.25,10.93805556,78.44027778,CAVMSI_2025-12-22T14:30:00+0000_81.1700
CAVMSI,Cauvery at Musiri,Cauvery,2025-12-22 15:30:00+00:00,81.17,NORMAL,84.51,85.4,89.25,10.93805556,78.44027778,CAVMSI_2025-12-22T15:30:00+0000_81.1700
CAVMSI,Cauvery at Musiri,Cauvery,2025-12-22 16:30:00+00:00,81.17,NORMAL,84.51,85.4,89.25,10.93805556,78.44027778,CAVMSI_2025-12-22T16:30:00+0000_81.1700
CAVMSI,Cauvery at Musiri,Cauvery,2025-12-22 17:30:00+00:00,81.17,NORMAL,84.51,85.4,89.25,10.93805556,78.44027778,CAVMSI_2025-12-22T17:30:00+0000_81.1700
CAVMSI,Cauvery at Musiri,Cauvery,2025-12-22 18:30:00+00:00,81.17,NORMAL,84.51,85.4,89.25,10.93805556,78.44027778,CAVMSI_2025-12-22T18:30:00+0000_81.1700
CAVMSI,Cauvery at Musiri,Cauvery,2025-12-22 19:30:00+00:00,81.17,NORMAL,84.51,85.4,89.25,10.93805556,78.44027778,CAVMSI_2025-12-22T19:30:00+0000_81.1700
CAVMSI,Cauvery at Musiri,Cauvery,2025-12-22 20:30:00+00:00,81.17,NORMAL,84.51,85.4,89.25,10.93805556,78.44027778,CAVMSI_2025-12-22T20:30:00+0000_81.1700
CAVMSI,Cauvery at Musiri,Cauvery,2025-12-22 21:30:00+00:00,81.17,NORMAL,84.51,85.4,89.25,10.93805556,78.44027778,CAVMSI_2025-12-22T21:30:00+0000_81.1700
CAVMSI,Cauvery at Musiri,Cauvery,2025-12-22 22:30:00+00:00,81.17,NORMAL,84.51,85.4,89.25,10.93805556,78.44027778,CAVMSI_2025-12-22T22:30:00+0000_81.1700
CAVMSI,Cauvery at Musiri,Cauvery,2025-12-22 23:30:00+00:00,81.17,NORMAL,84.51,85.4,89.25,10.93805556,78.44027778,CAVMSI_2025-12-22T23:30:00+0000_81.1700
CAVMSI,Cauvery at Musiri,Cauvery,2025-12-23 00:30:00+00:00,81.17,NORMAL,84.51,85.4,89.25,10.93805556,78.44027778,CAVMSI_2025-12-23T00:30:00+0000_81.1700
CAVMSI,Cauvery at Musiri,Cauvery,2025-12-23 01:30:00+00:00,81.17,NORMAL,84.51,85.4,89.25,10.93805556,78.44027778,CAVMSI_2025-12-23T01:30:00+0000_81.1700
CAVMSI,Cauvery at Musiri,Cauvery,2025-12-23 02:30:00+00:00,81.17,NORMAL,84.51,85.4,89.25,10.93805556,78.44027778,CAVMSI_2025-12-23T02:30:00+0000_81.1700
CAVMSI,Cauvery at Musiri,Cauvery,2025-12-23 03:30:00+00:00,81.17,NORMAL,84.51,85.4,89.25,10.93805556,78.44027778,CAVMSI_2025-12-23T03:30:00+0000_81.1700
CAVMSI,Cauvery at Musiri,Cauvery,2025-12-23 04:30:00+00:00,81.17,NORMAL,84.51,85.4,89.25,10.93805556,78.44027778,CAVMSI_2025-12-23T04:30:00+0000_81.1700
CAVMSI,Cauvery at Musiri,Cauvery,2025-12-23 05:30:00+00:00,,,84.51,85.4,89.25,10.93805556,78.44027778,CAVMSI_2025-12-23T05:30:00+0000_
CAVMSI,Cauvery at Musiri,Cauvery,2025-12-23 06:30:00+00:00,81.17,NORMAL,84.51,85.4,89.25,10.93805556,78.44027778,CAVMSI_2025-12-23T06:30:00+0000_81.1700
CAVMSI,Cauvery at Musiri,Cauvery,2025-12-23 07:30:00+00:00,81.17,NORMAL,84.51,85.4,89.25,10.93805556,78.44027778,CAVMSI_2025-12-23T07:30:00+0000_81.1700
CAVMSI,Cauvery at Musiri,Cauvery,2025-12-23 08:30:00+00:00,81.17,NORMAL,84.51,85.4,89.25,10.93805556,78.44027778,CAVMSI_2025-12-23T08:30:00+0000_81.1700
CAVMSI,Cauvery at Musiri,Cauvery,2025-12-23 09:30:00+00:00,81.17,NORMAL,84.51,85.4,89.25,10.93805556,78.44027778,CAVMSI_2025-12-23T09:30:00+0000_81.1700
CAVMSI,Cauvery at Musiri,Cauvery,2025-12-23 10:30:00+00:00,81.17,NORMAL,84.51,85.4,89.25,10.93805556,78.44027778,CAVMSI_2025-12-23T10:30:00+0000_81.1700
CAVMSI,Cauvery at Musiri,Cauvery,2025-12-23 11:30:00+00:00,81.17,NORMAL,84.51,85.4,89.25,10.93805556,78.44027778,CAVMSI_2025-12-23T11:30:00+0000_81.1700
CAVMSI,Cauvery at Musiri,Cauvery,2025-12-23 12:30:00+00:00,81.17,NORMAL,84.51,85.4,89.25,10.93805556,78.44027778,CAVMSI_2025-12-23T12:30:00+0000_81.1700
CAVMSI,Cauvery at Musiri,Cauvery,2025-12-23 13:30:00+00:00,81.17,NORMAL,84.51,85.4,89.25,10.93805556,78.44027778,CAVMSI_2025-12-23T13:30:00+0000_81.1700
CAVMSI,Cauvery at Musiri,Cauvery,2025-12-23 14:30:00+00:00,81.17,NORMAL,84.51,85.4,89.25,10.93805556,78.44027778,CAVMSI_2025-12-23T14:30:00+0000_81.1700
CAVMSI,Cauvery at Musiri,Cauvery,2025-12-23 15:30:00+00:00,81.17,NORMAL,84.51,85.4,89.25,10.93805556,78.44027778,CAVMSI_2025-12-23T15:30:00+0000_81.1700
CAVMSI,Cauvery at Musiri,Cauvery,2025-12-23 16:30:00+00:00,81.17,NORMAL,84.51,85.4,89.25,10.93805556,78.44027778,CAVMSI_2025-12-23T16:30:00+0000_81.1700
CAVMSI,Cauvery at Musiri,Cauvery,2025-12-23 17:30:00+00:00,81.17,NORMAL,84.51,85.4,89.25,10.93805556,78.44027778,CAVMSI_2025-12-23T17:30:00+0000_81.1700
CAVMSI,Cauvery at Musiri,Cauvery,2025-12-23 18:30:00+00:00,81.17,NORMAL,84.51,85.4,89.25,10.93805556,78.44027778,CAVMSI_2025-12-23T18:30:00+0000_81.1700
CAVMSI,Cauvery at Musiri,Cauvery,2025-12-23 19:30:00+00:00,81.17,NORMAL,84.51,85.4,89.25,10.93805556,78.44027778,CAVMSI_2025-12-23T19:30:00+0000_81.1700
CAVMSI,Cauvery at Musiri,Cauvery,2025-12-23 20:30:00+00:00,81.17,NORMAL,84.51,85.4,89.25,10.93805556,78.44027778,CAVMSI_2025-12-23T20:30:00+0000_81.1700
CAVMSI,Cauvery at Musiri,Cauvery,2025-12-23 21:30:00+00:00,81.17,NORMAL,84.51,85.4,89.25,10.93805556,78.44027778,CAVMSI_2025-12-23T21:30:00+0000_81.1700
CAVMSI,Cauvery at Musiri,Cauvery,2025-12-23 22:30:00+00:00,81.17,NORMAL,84.51,85.4,89.25,10.93805556,78.44027778,CAVMSI_2025-12-23T22:30:00+0000_81.1700
CAVMSI,Cauvery at Musiri,Cauvery,2025-12-23 23:30:00+00:00,81.17,NORMAL,84.51,85.4,89.25,10.93805556,78.44027778,CAVMSI_2025-12-23T23:30:00+0000_81.1700
CAVMSI,Cauvery at Musiri,Cauvery,2025-12-24 00:30:00+00:00,81.17,NORMAL,84.51,85.4,89.25,10.93805556,78.44027778,CAVMSI_2025-12-24T00:30:00+0000_81.1700
CAVMSI,Cauvery at Musiri,Cauvery,2025-12-24 01:30:00+00:00,81.17,NORMAL,84.51,85.4,89.25,10.93805556,78.44027778,CAVMSI_2025-12-24T01:30:00+0000_81.1700
CAVMSI,Cauvery at Musiri,Cauvery,2025-12-24 02:30:00+00:00,81.17,NORMAL,84.51,85.4,89.25,10.93805556,78.44027778,CAVMSI_2025-12-24T02:30:00+0000_81.1700
CAVMSI,Cauvery at Musiri,Cauvery,2025-12-24 03:30:00+00:00,81.17,NORMAL,84.51,85.4,89.25,10.93805556,78.44027778,CAVMSI_2025-12-24T03:30:00+0000_81.1700
CAVMSI,Cauvery at Musiri,Cauvery,2025-12-24 04:30:00+00:00,81.17,NORMAL,84.51,85.4,89.25,10.93805556,78.44027778,CAVMSI_2025-12-24T04:30:00+0000_81.1700
CAVMSI,Cauvery at Musiri,Cauvery,2025-12-24 05:30:00+00:00,,,84.51,85.4,89.25,10.93805556,78.44027778,CAVMSI_2025-12-24T05:30:00+0000_
CAVMSI,Cauvery at Musiri,Cauvery,2025-12-24 06:30:00+00:00,81.17,NORMAL,84.51,85.4,89.25,10.93805556,78.44027778,CAVMSI_2025-12-24T06:30:00+0000_81.1700
CAVMSI,Cauvery at Musiri,Cauvery,2025-12-24 08:30:00+00:00,81.17,NORMAL,84.51,85.4,89.25,10.93805556,78.44027778,CAVMSI_2025-12-24T08:30:00+0000_81.1700
CAVMSI,Cauvery at Musiri,Cauvery,2025-12-24 09:30:00+00:00,81.17,NORMAL,84.51,85.4,89.25,10.93805556,78.44027778,CAVMSI_2025-12-24T09:30:00+0000_81.1700
CAVMSI,Cauvery at Musiri,Cauvery,2025-12-24 10:30:00+00:00,81.17,NORMAL,84.51,85.4,89.25,10.93805556,78.44027778,CAVMSI_2025-12-24T10:30:00+0000_81.1700
CAVMSI,Cauvery at Musiri,Cauvery,2025-12-24 23:30:00+00:00,81.17,NORMAL,84.51,85.4,89.25,10.93805556,78.44027778,CAVMSI_2025-12-24T23:30:00+0000_81.1700
CAVMSI,Cauvery at Musiri,Cauvery,2025-12-25 00:30:00+00:00,81.17,NORMAL,84.51,85.4,89.25,10.93805556,78.44027778,CAVMSI_2025-12-25T00:30:00+0000_81.1700
CAVMSI,Cauvery at Musiri,Cauvery,2025-12-25 01:30:00+00:00,81.17,NORMAL,84.51,85.4,89.25,10.93805556,78.44027778,CAVMSI_2025-12-25T01:30:00+0000_81.1700
CAVMSI,Cauvery at Musiri,Cauvery,2025-12-25 02:30:00+00:00,81.17,NORMAL,84.51,85.4,89.25,10.93805556,78.44027778,CAVMSI_2025-12-25T02:30:00+0000_81.1700
CAVMSI,Cauvery at Musiri,Cauvery,2025-12-25 03:30:00+00:00,81.17,NORMAL,84.51,85.4,89.25,10.93805556,78.44027778,CAVMSI_2025-12-25T03:30:00+0000_81.1700
CAVMSI,Cauvery at Musiri,Cauvery,2025-12-25 04:30:00+00:00,81.17,NORMAL,84.51,85.4,89.25,10.93805556,78.44027778,CAVMSI_2025-12-25T04:30:00+0000_81.1700
CAVMSI,Cauvery at Musiri,Cauvery,2025-12-25 05:30:00+00:00,81.17,NORMAL,84.51,85.4,89.25,10.93805556,78.44027778,CAVMSI_2025-12-25T05:30:00+0000_81.1700
CAVMSI,Cauvery at Musiri,Cauvery,2025-12-25 06:30:00+00:00,81.17,NORMAL,84.51,85.4,89.25,10.93805556,78.44027778,CAVMSI_2025-12-25T06:30:00+0000_81.1700
CAVMSI,Cauvery at Musiri,Cauvery,2025-12-25 07:30:00+00:00,81.17,NORMAL,84.51,85.4,89.25,10.93805556,78.44027778,CAVMSI_2025-12-25T07:30:00+0000_81.1700
CAVMSI,Cauvery at Musiri,Cauvery,2025-12-25 08:30:00+00:00,81.17,NORMAL,84.51,85.4,89.25,10.93805556,78.44027778,CAVMSI_2025-12-25T08:30:00+0000_81.1700
CAVMSI,Cauvery at Musiri,Cauvery,2025-12-25 09:30:00+00:00,81.17,NORMAL,84.51,85.4,89.25,10.93805556,78.44027778,CAVMSI_2025-12-25T09:30:00+0000_81.1700
CAVMSI,Cauvery at Musiri,Cauvery,2025-12-25 10:30:00+00:00,81.17,NORMAL,84.51,85.4,89.25,10.93805556,78.44027778,CAVMSI_2025-12-25T10:30:00+0000_81.1700
CAVMSI,Cauvery at Musiri,Cauvery,2025-12-25 11:30:00+00:00,81.17,NORMAL,84.51,85.4,89.25,10.93805556,78.44027778,CAVMSI_2025-12-25T11:30:00+0000_81.1700
CAVMSI,Cauvery at Musiri,Cauvery,2025-12-25 13:30:00+00:00,81.17,NORMAL,84.51,85.4,89.25,10.93805556,78.44027778,CAVMSI_2025-12-25T13:30:00+0000_81.1700
CAVMSI,Cauvery at Musiri,Cauvery,2025-12-25 14:30:00+00:00,81.17,NORMAL,84.51,85.4,89.25,10.93805556,78.44027778,CAVMSI_2025-12-25T14:30:00+0000_81.1700
CAVMSI,Cauvery at Musiri,Cauvery,2025-12-25 15:30:00+00:00,81.17,NORMAL,84.51,85.4,89.25,10.93805556,78.44027778,CAVMSI_2025-12-25T15:30:00+0000_81.1700
CAVMSI,Cauvery at Musiri,Cauvery,2025-12-25 16:30:00+00:00,81.17,NORMAL,84.51,85.4,89.25,10.93805556,78.44027778,CAVMSI_2025-12-25T16:30:00+0000_81.1700
CAVMSI,Cauvery at Musiri,Cauvery,2025-12-25 17:30:00+00:00,81.17,NORMAL,84.51,85.4,89.25,10.93805556,78.44027778,CAVMSI_2025-12-25T17:30:00+0000_81.1700
CAVMSI,Cauvery at Musiri,Cauvery,2025-12-25 18:30:00+00:00,81.17,NORMAL,84.51,85.4,89.25,10.93805556,78.44027778,CAVMSI_2025-12-25T18:30:00+0000_81.1700
CAVMSI,Cauvery at Musiri,Cauvery,2025-12-25 19:30:00+00:00,81.17,NORMAL,84.51,85.4,89.25,10.93805556,78.44027778,CAVMSI_2025-12-25T19:30:00+0000_81.1700
CAVMSI,Cauvery at Musiri,Cauvery,2025-12-25 20:30:00+00:00,81.17,NORMAL,84.51,85.4,89.25,10.93805556,78.44027778,CAVMSI_2025-12-25T20:30:00+0000_81.1700
CAVMSI,Cauvery at Musiri,Cauvery,2025-12-25 21:30:00+00:00,81.17,NORMAL,84.51,85.4,89.25,10.93805556,78.44027778,CAVMSI_2025-12-25T21:30:00+0000_81.1700
CAVMSI,Cauvery at Musiri,Cauvery,2025-12-25 22:30:00+00:00,81.17,NORMAL,84.51,85.4,89.25,10.93805556,78.44027778,CAVMSI_2025-12-25T22:30:00+0000_81.1700
CAVMSI,Cauvery at Musiri,Cauvery,2025-12-25 23:30:00+00:00,81.17,NORMAL,84.51,85.4,89.25,10.93805556,78.44027778,CAVMSI_2025-12-25T23:30:00+0000_81.1700
CAVMSI,Cauvery at Musiri,Cauvery,2025-12-26 00:30:00+00:00,81.17,NORMAL,84.51,85.4,89.25,10.93805556,78.44027778,CAVMSI_2025-12-26T00:30:00+0000_81.1700
CAVMSI,Cauvery at Musiri,Cauvery,2025-12-26 01:30:00+00:00,81.17,NORMAL,84.51,85.4,89.25,10.93805556,78.44027778,CAVMSI_2025-12-26T01:30:00+0000_81.1700
CAVMSI,Cauvery at Musiri,Cauvery,2025-12-26 02:30:00+00:00,81.17,NORMAL,84.51,85.4,89.25,10.93805556,78.44027778,CAVMSI_2025-12-26T02:30:00+0000_81.1700
CAVMSI,Cauvery at Musiri,Cauvery,2025-12-26 03:30:00+00:00,81.17,NORMAL,84.51,85.4,89.25,10.93805556,78.44027778,CAVMSI_2025-12-26T03:30:00+0000_81.1700
CAVMSI,Cauvery at Musiri,Cauvery,2025-12-26 04:30:00+00:00,81.17,NORMAL,84.51,85.4,89.25,10.93805556,78.44027778,CAVMSI_2025-12-26T04:30:00+0000_81.1700
CAVMSI,Cauvery at Musiri,Cauvery,2025-12-26 05:30:00+00:00,81.17,NORMAL,84.51,85.4,89.25,10.93805556,78.44027778,CAVMSI_2025-12-26T05:30:00+0000_81.1700
CAVMSI,Cauvery at Musiri,Cauvery,2025-12-26 06:30:00+00:00,81.17,NORMAL,84.51,85.4,89.25,10.93805556,78.44027778,CAVMSI_2025-12-26T06:30:00+0000_81.1700
CAVMSI,Cauvery at Musiri,Cauvery,2025-12-26 07:30:00+00:00,81.17,NORMAL,84.51,85.4,89.25,10.93805556,78.44027778,CAVMSI_2025-12-26T07:30:00+0000_81.1700
CAVMSI,Cauvery at Musiri,Cauvery,2025-12-26 08:30:00+00:00,81.17,NORMAL,84.51,85.4,89.25,10.93805556,78.44027778,CAVMSI_2025-12-26T08:30:00+0000_81.1700
CAVMSI,Cauvery at Musiri,Cauvery,2025-12-26 09:30:00+00:00,81.17,NORMAL,84.51,85.4,89.25,10.93805556,78.44027778,CAVMSI_2025-12-26T09:30:00+0000_81.1700
CAVMSI,Cauvery at Musiri,Cauvery,2025-12-26 10:30:00+00:00,81.17,NORMAL,84.51,85.4,89.25,10.93805556,78.44027778,CAVMSI_2025-12-26T10:30:00+0000_81.1700
CAVMSI,Cauvery at Musiri,Cauvery,2025-12-26 11:30:00+00:00,81.17,NORMAL,84.51,85.4,89.25,10.93805556,78.44027778,CAVMSI_2025-12-26T11:30:00+0000_81.1700
CAVMSI,Cauvery at Musiri,Cauvery,2025-12-26 12:30:00+00:00,81.17,NORMAL,84.51,85.4,89.25,10.93805556,78.44027778,CAVMSI_2025-12-26T12:30:00+0000_81.1700
CAVMSI,Cauvery at Musiri,Cauvery,2025-12-26 13:30:00+00:00,81.17,NORMAL,84.51,85.4,89.25,10.93805556,78.44027778,CAVMSI_2025-12-26T13:30:00+0000_81.1700
CAVMSI,Cauvery at Musiri,Cauvery,2025-12-26 14:30:00+00:00,81.17,NORMAL,84.51,85.4,89.25,10.93805556,78.44027778,CAVMSI_2025-12-26T14:30:00+0000_81.1700
CAVMSI,Cauvery at Musiri,Cauvery,2025-12-26 15:30:00+00:00,81.17,NORMAL,84.51,85.4,89.25,10.93805556,78.44027778,CAVMSI_2025-12-26T15:30:00+0000_81.1700
CAVMSI,Cauvery at Musiri,Cauvery,2025-12-26 16:30:00+00:00,81.17,NORMAL,84.51,85.4,89.25,10.93805556,78.44027778,CAVMSI_2025-12-26T16:30:00+0000_81.1700
CAVMSI,Cauvery at Musiri,Cauvery,2025-12-26 17:30:00+00:00,81.17,NORMAL,84.51,85.4,89.25,10.93805556,78.44027778,CAVMSI_2025-12-26T17:30:00+0000_81.1700
CAVMSI,Cauvery at Musiri,Cauvery,2025-12-26 18:30:00+00:00,81.17,NORMAL,84.51,85.4,89.25,10.93805556,78.44027778,CAVMSI_2025-12-26T18:30:00+0000_81.1700
CAVMSI,Cauvery at Musiri,Cauvery,2025-12-26 19:30:00+00:00,81.17,NORMAL,84.51,85.4,89.25,10.93805556,78.44027778,CAVMSI_2025-12-26T19:30:00+0000_81.1700
CAVMSI,Cauvery at Musiri,Cauvery,2025-12-26 20:30:00+00:00,81.17,NORMAL,84.51,85.4,89.25,10.93805556,78.44027778,CAVMSI_2025-12-26T20:30:00+0000_81.1700
CAVMSI,Cauvery at Musiri,Cauvery,2025-12-26 21:30:00+00:00,81.17,NORMAL,84.51,85.4,89.25,10.93805556,78.44027778,CAVMSI_2025-12-26T21:30:00+0000_81.1700
CAVMSI,Cauvery at Musiri,Cauvery,2025-12-26 22:30:00+00:00,81.17,NORMAL,84.51,85.4,89.25,10.93805556,78.44027778,CAVMSI_2025-12-26T22:30:00+0000_81.1700
CAVMSI,Cauvery at Musiri,Cauvery,2025-12-26 23:30:00+00:00,81.17,NORMAL,84.51,85.4,89.25,10.93805556,78.44027778,CAVMSI_2025-12-26T23:30:00+0000_81.1700
CAVMSI,Cauvery at Musiri,Cauvery,2025-12-27 00:30:00+00:00,81.17,NORMAL,84.51,85.4,89.25,10.93805556,78.44027778,CAVMSI_2025-12-27T00:30:00+0000_81.1700
CAVMSI,Cauvery at Musiri,Cauvery,2025-12-27 01:30:00+00:00,81.17,NORMAL,84.51,85.4,89.25,10.93805556,78.44027778,CAVMSI_2025-12-27T01:30:00+0000_81.1700
CAVMSI,Cauvery at Musiri,Cauvery,2025-12-27 02:30:00+00:00,81.17,NORMAL,84.51,85.4,89.25,10.93805556,78.44027778,CAVMSI_2025-12-27T02:30:00+0000_81.1700
CAVMSI,Cauvery at Musiri,Cauvery,2025-12-27 03:30:00+00:00,81.17,NORMAL,84.51,85.4,89.25,10.93805556,78.44027778,CAVMSI_2025-12-27T03:30:00+0000_81.1700
CAVMSI,Cauvery at Musiri,Cauvery,2025-12-27 04:30:00+00:00,81.17,NORMAL,84.51,85.4,89.25,10.93805556,78.44027778,CAVMSI_2025-12-27T04:30:00+0000_81.1700
CAVMSI,Cauvery at Musiri,Cauvery,2025-12-27 05:30:00+00:00,81.17,NORMAL,84.51,85.4,89.25,10.93805556,78.44027778,CAVMSI_2025-12-27T05:30:00+0000_81.1700
CAVMSI,Cauvery at Musiri,Cauvery,2025-12-27 06:30:00+00:00,81.17,NORMAL,84.51,85.4,89.25,10.93805556,78.44027778,CAVMSI_2025-12-27T06:30:00+0000_81.1700
CAVMSI,Cauvery at Musiri,Cauvery,2025-12-27 07:30:00+00:00,81.17,NORMAL,84.51,85.4,89.25,10.93805556,78.44027778,CAVMSI_2025-12-27T07:30:00+0000_81.1700
CAVMSI,Cauvery at Musiri,Cauvery,2025-12-27 08:30:00+00:00,81.17,NORMAL,84.51,85.4,89.25,10.93805556,78.44027778,CAVMSI_2025-12-27T08:30:00+0000_81.1700
CAVMSI,Cauvery at Musiri,Cauvery,2025-12-27 09:30:00+00:00,81.17,NORMAL,84.51,85.4,89.25,10.93805556,78.44027778,CAVMSI_2025-12-27T09:30:00+0000_81.1700
CAVMSI,Cauvery at Musiri,Cauvery,2025-12-27 10:30:00+00:00,81.17,NORMAL,84.51,85.4,89.25,10.93805556,78.44027778,CAVMSI_2025-12-27T10:30:00+0000_81.1700
CAVMSI,Cauvery at Musiri,Cauvery,2025-12-27 11:30:00+00:00,81.17,NORMAL,84.51,85.4,89.25,10.93805556,78.44027778,CAVMSI_2025-12-27T11:30:00+0000_81.1700
CAVMSI,Cauvery at Musiri,Cauvery,2025-12-27 12:30:00+00:00,81.17,NORMAL,84.51,85.4,89.25,10.93805556,78.44027778,CAVMSI_2025-12-27T12:30:00+0000_81.1700
CAVMSI,Cauvery at Musiri,Cauvery,2025-12-27 13:30:00+00:00,81.17,NORMAL,84.51,85.4,89.25,10.93805556,78.44027778,CAVMSI_2025-12-27T13:30:00+0000_81.1700
CAVMSI,Cauvery at Musiri,Cauvery,2025-12-27 14:30:00+00:00,81.17,NORMAL,84.51,85.4,89.25,10.93805556,78.44027778,CAVMSI_2025-12-27T14:30:00+0000_81.1700
CAVMSI,Cauvery at Musiri,Cauvery,2025-12-27 15:30:00+00:00,81.17,NORMAL,84.51,85.4,89.25,10.93805556,78.44027778,CAVMSI_2025-12-27T15:30:00+0000_81.1700
CAVMSI,Cauvery at Musiri,Cauvery,2025-12-27 16:30:00+00:00,81.17,NORMAL,84.51,85.4,89.25,10.93805556,78.44027778,CAVMSI_2025-12-27T16:30:00+0000_81.1700
CAVMSI,Cauvery at Musiri,Cauvery,2025-12-27 17:30:00+00:00,81.17,NORMAL,84.51,85.4,89.25,10.93805556,78.44027778,CAVMSI_2025-12-27T17:30:00+0000_81.1700
CAVMSI,Cauvery at Musiri,Cauvery,2025-12-27 18:30:00+00:00,81.17,NORMAL,84.51,85.4,89.25,10.93805556,78.44027778,CAVMSI_2025-12-27T18:30:00+0000_81.1700
CAVMSI,Cauvery at Musiri,Cauvery,2025-12-27 19:30:00+00:00,81.17,NORMAL,84.51,85.4,89.25,10.93805556,78.44027778,CAVMSI_2025-12-27T19:30:00+0000_81.1700
CAVMSI,Cauvery at Musiri,Cauvery,2025-12-27 20:30:00+00:00,81.17,NORMAL,84.51,85.4,89.25,10.93805556,78.44027778,CAVMSI_2025-12-27T20:30:00+0000_81.1700
CAVMSI,Cauvery at Musiri,Cauvery,2025-12-27 21:30:00+00:00,81.17,NORMAL,84.51,85.4,89.25,10.93805556,78.44027778,CAVMSI_2025-12-27T21:30:00+0000_81.1700
CAVMSI,Cauvery at Musiri,Cauvery,2025-12-27 22:30:00+00:00,81.17,NORMAL,84.51,85.4,89.25,10.93805556,78.44027778,CAVMSI_2025-12-27T22:30:00+0000_81.1700
CAVMSI,Cauvery at Musiri,Cauvery,2025-12-27 23:30:00+00:00,81.17,NORMAL,84.51,85.4,89.25,10.93805556,78.44027778,CAVMSI_2025-12-27T23:30:00+0000_81.1700
CAVMSI,Cauvery at Musiri,Cauvery,2025-12-28 00:30:00+00:00,81.17,NORMAL,84.51,85.4,89.25,10.93805556,78.44027778,CAVMSI_2025-12-28T00:30:00+0000_81.1700
CAVMSI,Cauvery at Musiri,Cauvery,2025-12-28 01:30:00+00:00,81.17,NORMAL,84.51,85.4,89.25,10.93805556,78.44027778,CAVMSI_2025-12-28T01:30:00+0000_81.1700
CAVMSI,Cauvery at Musiri,Cauvery,2025-12-28 02:30:00+00:00,81.17,NORMAL,84.51,85.4,89.25,10.93805556,78.44027778,CAVMSI_2025-12-28T02:30:00+0000_81.1700
CAVMSI,Cauvery at Musiri,Cauvery,2025-12-28 03:30:00+00:00,81.17,NORMAL,84.51,85.4,89.25,10.93805556,78.44027778,CAVMSI_2025-12-28T03:30:00+0000_81.1700
CAVMSI,Cauvery at Musiri,Cauvery,2025-12-28 04:30:00+00:00,81.17,NORMAL,84.51,85.4,89.25,10.93805556,78.44027778,CAVMSI_2025-12-28T04:30:00+0000_81.1700
CAVMSI,Cauvery at Musiri,Cauvery,2025-12-28 05:30:00+00:00,81.17,NORMAL,84.51,85.4,89.25,10.93805556,78.44027778,CAVMSI_2025-12-28T05:30:00+0000_81.1700
CAVMSI,Cauvery at Musiri,Cauvery,2025-12-28 06:30:00+00:00,81.17,NORMAL,84.51,85.4,89.25,10.93805556,78.44027778,CAVMSI_2025-12-28T06:30:00+0000_81.1700
CAVMSI,Cauvery at Musiri,Cauvery,2025-12-28 07:30:00+00:00,81.17,NORMAL,84.51,85.4,89.25,10.93805556,78.44027778,CAVMSI_2025-12-28T07:30:00+0000_81.1700
CAVMSI,Cauvery at Musiri,Cauvery,2025-12-28 08:30:00+00:00,81.17,NORMAL,84.51,85.4,89.25,10.93805556,78.44027778,CAVMSI_2025-12-28T08:30:00+0000_81.1700
CAVMSI,Cauvery at Musiri,Cauvery,2025-12-28 09:30:00+00:00,81.17,NORMAL,84.51,85.4,89.25,10.93805556,78.44027778,CAVMSI_2025-12-28T09:30:00+0000_81.1700
CAVMSI,Cauvery at Musiri,Cauvery,2025-12-28 10:30:00+00:00,81.17,NORMAL,84.51,85.4,89.25,10.93805556,78.44027778,CAVMSI_2025-12-28T10:30:00+0000_81.1700
CAVMSI,Cauvery at Musiri,Cauvery,2025-12-28 11:30:00+00:00,81.17,NORMAL,84.51,85.4,89.25,10.93805556,78.44027778,CAVMSI_2025-12-28T11:30:00+0000_81.1700
CAVMSI,Cauvery at Musiri,Cauvery,2025-12-28 12:30:00+00:00,81.17,NORMAL,84.51,85.4,89.25,10.93805556,78.44027778,CAVMSI_2025-12-28T12:30:00+0000_81.1700
CAVMSI,Cauvery at Musiri,Cauvery,2025-12-28 13:30:00+00:00,81.17,NORMAL,84.51,85.4,89.25,10.93805556,78.44027778,CAVMSI_2025-12-28T13:30:00+0000_81.1700
CAVMSI,Cauvery at Musiri,Cauvery,2025-12-28 14:30:00+00:00,81.17,NORMAL,84.51,85.4,89.25,10.93805556,78.44027778,CAVMSI_2025-12-28T14:30:00+0000_81.1700
CAVMSI,Cauvery at Musiri,Cauvery,2025-12-28 15:30:00+00:00,81.17,NORMAL,84.51,85.4,89.25,10.93805556,78.44027778,CAVMSI_2025-12-28T15:30:00+0000_81.1700
CAVMSI,Cauvery at Musiri,Cauvery,2025-12-28 16:30:00+00:00,81.17,NORMAL,84.51,85.4,89.25,10.93805556,78.44027778,CAVMSI_2025-12-28T16:30:00+0000_81.1700
CAVMSI,Cauvery at Musiri,Cauvery,2025-12-28 17:30:00+00:00,81.17,NORMAL,84.51,85.4,89.25,10.93805556,78.44027778,CAVMSI_2025-12-28T17:30:00+0000_81.1700
CAVMSI,Cauvery at Musiri,Cauvery,2025-12-28 18:30:00+00:00,81.17,NORMAL,84.51,85.4,89.25,10.93805556,78.44027778,CAVMSI_2025-12-28T18:30:00+0000_81.1700
CAVMSI,Cauvery at Musiri,Cauvery,2025-12-28 19:30:00+00:00,81.17,NORMAL,84.51,85.4,89.25,10.93805556,78.44027778,CAVMSI_2025-12-28T19:30:00+0000_81.1700
CAVMSI,Cauvery at Musiri,Cauvery,2025-12-28 20:30:00+00:00,81.17,NORMAL,84.51,85.4,89.25,10.93805556,78.44027778,CAVMSI_2025-12-28T20:30:00+0000_81.1700
CAVMSI,Cauvery at Musiri,Cauvery,2025-12-28 21:30:00+00:00,81.17,NORMAL,84.51,85.4,89.25,10.93805556,78.44027778,CAVMSI_2025-12-28T21:30:00+0000_81.1700
CAVMSI,Cauvery at Musiri,Cauvery,2025-12-28 22:30:00+00:00,81.17,NORMAL,84.51,85.4,89.25,10.93805556,78.44027778,CAVMSI_2025-12-28T22:30:00+0000_81.1700
CAVMSI,Cauvery at Musiri,Cauvery,2025-12-28 23:30:00+00:00,81.17,NORMAL,84.51,85.4,89.25,10.93805556,78.44027778,CAVMSI_2025-12-28T23:30:00+0000_81.1700
CAVMSI,Cauvery at Musiri,Cauvery,2025-12-29 00:30:00+00:00,81.17,NORMAL,84.51,85.4,89.25,10.93805556,78.44027778,CAVMSI_2025-12-29T00:30:00+0000_81.1700
CAVMSI,Cauvery at Musiri,Cauvery,2025-12-29 01:30:00+00:00,81.17,NORMAL,84.51,85.4,89.25,10.93805556,78.44027778,CAVMSI_2025-12-29T01:30:00+0000_81.1700
CAVMSI,Cauvery at Musiri,Cauvery,2025-12-29 02:30:00+00:00,81.17,NORMAL,84.51,85.4,89.25,10.93805556,78.44027778,CAVMSI_2025-12-29T02:30:00+0000_81.1700
CAVMSI,Cauvery at Musiri,Cauvery,2025-12-29 03:30:00+00:00,81.17,NORMAL,84.51,85.4,89.25,10.93805556,78.44027778,CAVMSI_2025-12-29T03:30:00+0000_81.1700
CAVMSI,Cauvery at Musiri,Cauvery,2025-12-29 04:30:00+00:00,81.17,NORMAL,84.51,85.4,89.25,10.93805556,78.44027778,CAVMSI_2025-12-29T04:30:00+0000_81.1700
CAVMSI,Cauvery at Musiri,Cauvery,2025-12-29 05:30:00+00:00,81.17,NORMAL,84.51,85.4,89.25,10.93805556,78.44027778,CAVMSI_2025-12-29T05:30:00+0000_81.1700
CAVMSI,Cauvery at Musiri,Cauvery,2025-12-29 06:30:00+00:00,81.17,NORMAL,84.51,85.4,89.25,10.93805556,78.44027778,CAVMSI_2025-12-29T06:30:00+0000_81.1700
CAVMSI,Cauvery at Musiri,Cauvery,2025-12-29 08:30:00+00:00,81.17,NORMAL,84.51,85.4,89.25,10.93805556,78.44027778,CAVMSI_2025-12-29T08:30:00+0000_81.1700
CAVMSI,Cauvery at Musiri,Cauvery,2025-12-29 09:30:00+00:00,81.17,NORMAL,84.51,85.4,89.25,10.93805556,78.44027778,CAVMSI_2025-12-29T09:30:00+0000_81.1700
CAVMSI,Cauvery at Musiri,Cauvery,2025-12-29 10:30:00+00:00,81.17,NORMAL,84.51,85.4,89.25,10.93805556,78.44027778,CAVMSI_2025-12-29T10:30:00+0000_81.1700
CAVMSI,Cauvery at Musiri,Cauvery,2025-12-29 11:30:00+00:00,81.17,NORMAL,84.51,85.4,89.25,10.93805556,78.44027778,CAVMSI_2025-12-29T11:30:00+0000_81.1700
CAVMSI,Cauvery at Musiri,Cauvery,2025-12-29 12:30:00+00:00,81.17,NORMAL,84.51,85.4,89.25,10.93805556,78.44027778,CAVMSI_2025-12-29T12:30:00+0000_81.1700
CAVMSI,Cauvery at Musiri,Cauvery,2025-12-29 13:30:00+00:00,81.17,NORMAL,84.51,85.4,89.25,10.93805556,78.44027778,CAVMSI_2025-12-29T13:30:00+0000_81.1700
CAVMSI,Cauvery at Musiri,Cauvery,2025-12-29 14:30:00+00:00,81.17,NORMAL,84.51,85.4,89.25,10.93805556,78.44027778,CAVMSI_2025-12-29T14:30:00+0000_81.1700
CAVMSI,Cauvery at Musiri,Cauvery,2025-12-29 15:30:00+00:00,81.17,NORMAL,84.51,85.4,89.25,10.93805556,78.44027778,CAVMSI_2025-12-29T15:30:00+0000_81.1700
CAVMSI,Cauvery at Musiri,Cauvery,2025-12-29 16:30:00+00:00,81.17,NORMAL,84.51,85.4,89.25,10.93805556,78.44027778,CAVMSI_2025-12-29T16:30:00+0000_81.1700
CAVMSI,Cauvery at Musiri,Cauvery,2025-12-29 17:30:00+00:00,81.17,NORMAL,84.51,85.4,89.25,10.93805556,78.44027778,CAVMSI_2025-12-29T17:30:00+0000_81.1700
CAVMSI,Cauvery at Musiri,Cauvery,2025-12-29 18:30:00+00:00,81.17,NORMAL,84.51,85.4,89.25,10.93805556,78.44027778,CAVMSI_2025-12-29T18:30:00+0000_81.1700
CAVMSI,Cauvery at Musiri,Cauvery,2025-12-29 19:30:00+00:00,81.17,NORMAL,84.51,85.4,89.25,10.93805556,78.44027778,CAVMSI_2025-12-29T19:30:00+0000_81.1700
CAVMSI,Cauvery at Musiri,Cauvery,2025-12-29 20:30:00+00:00,81.17,NORMAL,84.51,85.4,89.25,10.93805556,78.44027778,CAVMSI_2025-12-29T20:30:00+0000_81.1700
CAVMSI,Cauvery at Musiri,Cauvery,2025-12-29 21:30:00+00:00,81.17,NORMAL,84.51,85.4,89.25,10.93805556,78.44027778,CAVMSI_2025-12-29T21:30:00+0000_81.1700
CAVMSI,Cauvery at Musiri,Cauvery,2025-12-29 22:30:00+00:00,81.17,NORMAL,84.51,85.4,89.25,10.93805556,78.44027778,CAVMSI_2025-12-29T22:30:00+0000_81.1700
CAVMSI,Cauvery at Musiri,Cauvery,2025-12-29 23:30:00+00:00,81.17,NORMAL,84.51,85.4,89.25,10.93805556,78.44027778,CAVMSI_2025-12-29T23:30:00+0000_81.1700
CAVMSI,Cauvery at Musiri,Cauvery,2025-12-31 23:30:00+00:00,81.17,NORMAL,84.51,85.4,89.25,10.93805556,78.44027778,CAVMSI_2025-12-31T23:30:00+0000_81.1700
CAVMSI,Cauvery at Musiri,Cauvery,2026-01-01 00:30:00+00:00,81.17,NORMAL,84.51,85.4,89.25,10.93805556,78.44027778,CAVMSI_2026-01-01T00:30:00+0000_81.1700
CAVMSI,Cauvery at Musiri,Cauvery,2026-01-01 01:30:00+00:00,81.17,NORMAL,84.51,85.4,89.25,10.93805556,78.44027778,CAVMSI_2026-01-01T01:30:00+0000_81.1700
CAVMSI,Cauvery at Musiri,Cauvery,2026-01-01 02:30:00+00:00,,,84.51,85.4,89.25,10.93805556,78.44027778,CAVMSI_2026-01-01T02:30:00+0000_
CAVMSI,Cauvery at Musiri,Cauvery,2026-01-01 03:30:00+00:00,81.17,NORMAL,84.51,85.4,89.25,10.93805556,78.44027778,CAVMSI_2026-01-01T03:30:00+0000_81.1700
CAVMSI,Cauvery at Musiri,Cauvery,2026-01-01 04:30:00+00:00,81.17,NORMAL,84.51,85.4,89.25,10.93805556,78.44027778,CAVMSI_2026-01-01T04:30:00+0000_81.1700
CAVMSI,Cauvery at Musiri,Cauvery,2026-01-01 06:30:00+00:00,81.17,NORMAL,84.51,85.4,89.25,10.93805556,78.44027778,CAVMSI_2026-01-01T06:30:00+0000_81.1700
CAVMSI,Cauvery at Musiri,Cauvery,2026-01-01 07:30:00+00:00,81.17,NORMAL,84.51,85.4,89.25,10.93805556,78.44027778,CAVMSI_2026-01-01T07:30:00+0000_81.1700
CAVMSI,Cauvery at Musiri,Cauvery,2026-01-01 08:30:00+00:00,81.17,NORMAL,84.51,85.4,89.25,10.93805556,78.44027778,CAVMSI_2026-01-01T08:30:00+0000_81.1700
CAVMSI,Cauvery at Musiri,Cauvery,2026-01-01 09:30:00+00:00,81.17,NORMAL,84.51,85.4,89.25,10.93805556,78.44027778,CAVMSI_2026-01-01T09:30:00+0000_81.1700
CAVMSI,Cauvery at Musiri,Cauvery,2026-01-01 10:30:00+00:00,81.17,NORMAL,84.51,85.4,89.25,10.93805556,78.44027778,CAVMSI_2026-01-01T10:30:00+0000_81.1700
CAVMSI,Cauvery at Musiri,Cauvery,2026-01-01 11:30:00+00:00,81.17,NORMAL,84.51,85.4,89.25,10.93805556,78.44027778,CAVMSI_2026-01-01T11:30:00+0000_81.1700
CAVMSI,Cauvery at Musiri,Cauvery,2026-01-01 12:30:00+00:00,81.17,NORMAL,84.51,85.4,89.25,10.93805556,78.44027778,CAVMSI_2026-01-01T12:30:00+0000_81.1700
CAVMSI,Cauvery at Musiri,Cauvery,2026-01-01 13:30:00+00:00,81.17,NORMAL,84.51,85.4,89.25,10.93805556,78.44027778,CAVMSI_2026-01-01T13:30:00+0000_81.1700
CAVMSI,Cauvery at Musiri,Cauvery,2026-01-01 14:30:00+00:00,81.17,NORMAL,84.51,85.4,89.25,10.93805556,78.44027778,CAVMSI_2026-01-01T14:30:00+0000_81.1700
CAVMSI,Cauvery at Musiri,Cauvery,2026-01-01 15:30:00+00:00,81.17,NORMAL,84.51,85.4,89.25,10.93805556,78.44027778,CAVMSI_2026-01-01T15:30:00+0000_81.1700
CAVMSI,Cauvery at Musiri,Cauvery,2026-01-01 16:30:00+00:00,81.044,NORMAL,84.51,85.4,89.25,10.93805556,78.44027778,CAVMSI_2026-01-01T16:30:00+0000_81.0440
CAVMSI,Cauvery at Musiri,Cauvery,2026-01-01 17:30:00+00:00,81.17,NORMAL,84.51,85.4,89.25,10.93805556,78.44027778,CAVMSI_2026-01-01T17:30:00+0000_81.1700
CAVMSI,Cauvery at Musiri,Cauvery,2026-01-01 18:30:00+00:00,81.17,NORMAL,84.51,85.4,89.25,10.93805556,78.44027778,CAVMSI_2026-01-01T18:30:00+0000_81.1700
CAVMSI,Cauvery at Musiri,Cauvery,2026-01-01 19:30:00+00:00,81.17,NORMAL,84.51,85.4,89.25,10.93805556,78.44027778,CAVMSI_2026-01-01T19:30:00+0000_81.1700
CAVMSI,Cauvery at Musiri,Cauvery,2026-01-01 20:30:00+00:00,81.17,NORMAL,84.51,85.4,89.25,10.93805556,78.44027778,CAVMSI_2026-01-01T20:30:00+0000_81.1700
CAVMSI,Cauvery at Musiri,Cauvery,2026-01-01 21:30:00+00:00,81.17,NORMAL,84.51,85.4,89.25,10.93805556,78.44027778,CAVMSI_2026-01-01T21:30:00+0000_81.1700
CAVMSI,Cauvery at Musiri,Cauvery,2026-01-01 22:30:00+00:00,81.17,NORMAL,84.51,85.4,89.25,10.93805556,78.44027778,CAVMSI_2026-01-01T22:30:00+0000_81.1700
CAVMSI,Cauvery at Musiri,Cauvery,2026-01-01 23:30:00+00:00,81.17,NORMAL,84.51,85.4,89.25,10.93805556,78.44027778,CAVMSI_2026-01-01T23:30:00+0000_81.1700
CAVMSI,Cauvery at Musiri,Cauvery,2026-01-02 00:30:00+00:00,81.17,NORMAL,84.51,85.4,89.25,10.93805556,78.44027778,CAVMSI_2026-01-02T00:30:00+0000_81.1700
CAVMSI,Cauvery at Musiri,Cauvery,2026-01-02 01:30:00+00:00,81.17,NORMAL,84.51,85.4,89.25,10.93805556,78.44027778,CAVMSI_2026-01-02T01:30:00+0000_81.1700
CAVMSI,Cauvery at Musiri,Cauvery,2026-01-02 02:30:00+00:00,81.17,NORMAL,84.51,85.4,89.25,10.93805556,78.44027778,CAVMSI_2026-01-02T02:30:00+0000_81.1700
CAVMSI,Cauvery at Musiri,Cauvery,2026-01-02 03:30:00+00:00,81.17,NORMAL,84.51,85.4,89.25,10.93805556,78.44027778,CAVMSI_2026-01-02T03:30:00+0000_81.1700
CAVMSI,Cauvery at Musiri,Cauvery,2026-01-02 04:30:00+00:00,81.17,NORMAL,84.51,85.4,89.25,10.93805556,78.44027778,CAVMSI_2026-01-02T04:30:00+0000_81.1700
CAVMSI,Cauvery at Musiri,Cauvery,2026-01-02 05:30:00+00:00,81.17,NORMAL,84.51,85.4,89.25,10.93805556,78.44027778,CAVMSI_2026-01-02T05:30:00+0000_81.1700
CAVMSI,Cauvery at Musiri,Cauvery,2026-01-02 06:30:00+00:00,81.17,NORMAL,84.51,85.4,89.25,10.93805556,78.44027778,CAVMSI_2026-01-02T06:30:00+0000_81.1700
CAVMSI,Cauvery at Musiri,Cauvery,2026-01-02 08:30:00+00:00,81.17,NORMAL,84.51,85.4,89.25,10.93805556,78.44027778,CAVMSI_2026-01-02T08:30:00+0000_81.1700
CAVMSI,Cauvery at Musiri,Cauvery,2026-01-02 09:30:00+00:00,81.17,NORMAL,84.51,85.4,89.25,10.93805556,78.44027778,CAVMSI_2026-01-02T09:30:00+0000_81.1700
CAVMSI,Cauvery at Musiri,Cauvery,2026-01-02 10:30:00+00:00,81.17,NORMAL,84.51,85.4,89.25,10.93805556,78.44027778,CAVMSI_2026-01-02T10:30:00+0000_81.1700
CAVMSI,Cauvery at Musiri,Cauvery,2026-01-02 11:30:00+00:00,81.17,NORMAL,84.51,85.4,89.25,10.93805556,78.44027778,CAVMSI_2026-01-02T11:30:00+0000_81.1700
CAVMSI,Cauvery at Musiri,Cauvery,2026-01-02 12:30:00+00:00,81.17,NORMAL,84.51,85.4,89.25,10.93805556,78.44027778,CAVMSI_2026-01-02T12:30:00+0000_81.1700
CAVMSI,Cauvery at Musiri,Cauvery,2026-01-02 13:30:00+00:00,81.17,NORMAL,84.51,85.4,89.25,10.93805556,78.44027778,CAVMSI_2026-01-02T13:30:00+0000_81.1700
CAVMSI,Cauvery at Musiri,Cauvery,2026-01-02 14:30:00+00:00,81.17,NORMAL,84.51,85.4,89.25,10.93805556,78.44027778,CAVMSI_2026-01-02T14:30:00+0000_81.1700
CAVMSI,Cauvery at Musiri,Cauvery,2026-01-02 15:30:00+00:00,81.17,NORMAL,84.51,85.4,89.25,10.93805556,78.44027778,CAVMSI_2026-01-02T15:30:00+0000_81.1700
CAVMSI,Cauvery at Musiri,Cauvery,2026-01-02 16:30:00+00:00,81.17,NORMAL,84.51,85.4,89.25,10.93805556,78.44027778,CAVMSI_2026-01-02T16:30:00+0000_81.1700
CAVMSI,Cauvery at Musiri,Cauvery,2026-01-02 17:30:00+00:00,81.17,NORMAL,84.51,85.4,89.25,10.93805556,78.44027778,CAVMSI_2026-01-02T17:30:00+0000_81.1700
CAVMSI,Cauvery at Musiri,Cauvery,2026-01-02 18:30:00+00:00,81.17,NORMAL,84.51,85.4,89.25,10.93805556,78.44027778,CAVMSI_2026-01-02T18:30:00+0000_81.1700
CAVMSI,Cauvery at Musiri,Cauvery,2026-01-02 19:30:00+00:00,81.17,NORMAL,84.51,85.4,89.25,10.93805556,78.44027778,CAVMSI_2026-01-02T19:30:00+0000_81.1700
CAVMSI,Cauvery at Musiri,Cauvery,2026-01-02 20:30:00+00:00,81.17,NORMAL,84.51,85.4,89.25,10.93805556,78.44027778,CAVMSI_2026-01-02T20:30:00+0000_81.1700
CAVMSI,Cauvery at Musiri,Cauvery,2026-01-02 21:30:00+00:00,81.17,NORMAL,84.51,85.4,89.25,10.93805556,78.44027778,CAVMSI_2026-01-02T21:30:00+0000_81.1700
CAVMSI,Cauvery at Musiri,Cauvery,2026-01-02 22:30:00+00:00,81.17,NORMAL,84.51,85.4,89.25,10.93805556,78.44027778,CAVMSI_2026-01-02T22:30:00+0000_81.1700
CAVMSI,Cauvery at Musiri,Cauvery,2026-01-02 23:30:00+00:00,81.17,NORMAL,84.51,85.4,89.25,10.93805556,78.44027778,CAVMSI_2026-01-02T23:30:00+0000_81.1700
CAVMSI,Cauvery at Musiri,Cauvery,2026-01-03 00:30:00+00:00,81.17,NORMAL,84.51,85.4,89.25,10.93805556,78.44027778,CAVMSI_2026-01-03T00:30:00+0000_81.1700
CAVMSI,Cauvery at Musiri,Cauvery,2026-01-03 01:30:00+00:00,81.17,NORMAL,84.51,85.4,89.25,10.93805556,78.44027778,CAVMSI_2026-01-03T01:30:00+0000_81.1700
CAVMSI,Cauvery at Musiri,Cauvery,2026-01-03 02:30:00+00:00,81.04,NORMAL,84.51,85.4,89.25,10.93805556,78.44027778,CAVMSI_2026-01-03T02:30:00+0000_81.0400
CAVMSI,Cauvery at Musiri,Cauvery,2026-01-03 03:30:00+00:00,81.17,NORMAL,84.51,85.4,89.25,10.93805556,78.44027778,CAVMSI_2026-01-03T03:30:00+0000_81.1700
CAVMSI,Cauvery at Musiri,Cauvery,2026-01-03 04:30:00+00:00,81.17,NORMAL,84.51,85.4,89.25,10.93805556,78.44027778,CAVMSI_2026-01-03T04:30:00+0000_81.1700
CAVMSI,Cauvery at Musiri,Cauvery,2026-01-03 05:30:00+00:00,81.17,NORMAL,84.51,85.4,89.25,10.93805556,78.44027778,CAVMSI_2026-01-03T05:30:00+0000_81.1700
CAVMSI,Cauvery at Musiri,Cauvery,2026-01-03 06:30:00+00:00,81.17,NORMAL,84.51,85.4,89.25,10.93805556,78.44027778,CAVMSI_2026-01-03T06:30:00+0000_81.1700
CAVMSI,Cauvery at Musiri,Cauvery,2026-01-03 07:30:00+00:00,81.17,NORMAL,84.51,85.4,89.25,10.93805556,78.44027778,CAVMSI_2026-01-03T07:30:00+0000_81.1700
CAVMSI,Cauvery at Musiri,Cauvery,2026-01-03 08:30:00+00:00,81.034,NORMAL,84.51,85.4,89.25,10.93805556,78.44027778,CAVMSI_2026-01-03T08:30:00+0000_81.0340
CAVMSI,Cauvery at Musiri,Cauvery,2026-01-03 09:30:00+00:00,81.17,NORMAL,84.51,85.4,89.25,10.93805556,78.44027778,CAVMSI_2026-01-03T09:30:00+0000_81.1700
CAVMSI,Cauvery at Musiri,Cauvery,2026-01-03 10:30:00+00:00,81.17,NORMAL,84.51,85.4,89.25,10.93805556,78.44027778,CAVMSI_2026-01-03T10:30:00+0000_81.1700
CAVMSI,Cauvery at Musiri,Cauvery,2026-01-03 11:30:00+00:00,81.041,NORMAL,84.51,85.4,89.25,10.93805556,78.44027778,CAVMSI_2026-01-03T11:30:00+0000_81.0410
CAVMSI,Cauvery at Musiri,Cauvery,2026-01-03 12:30:00+00:00,81.17,NORMAL,84.51,85.4,89.25,10.93805556,78.44027778,CAVMSI_2026-01-03T12:30:00+0000_81.1700
CAVMSI,Cauvery at Musiri,Cauvery,2026-01-03 13:30:00+00:00,81.17,NORMAL,84.51,85.4,89.25,10.93805556,78.44027778,CAVMSI_2026-01-03T13:30:00+0000_81.1700
CAVMSI,Cauvery at Musiri,Cauvery,2026-01-03 14:30:00+00:00,81.17,NORMAL,84.51,85.4,89.25,10.93805556,78.44027778,CAVMSI_2026-01-03T14:30:00+0000_81.1700
CAVMSI,Cauvery at Musiri,Cauvery,2026-01-03 15:30:00+00:00,81.17,NORMAL,84.51,85.4,89.25,10.93805556,78.44027778,CAVMSI_2026-01-03T15:30:00+0000_81.1700
CAVMSI,Cauvery at Musiri,Cauvery,2026-01-03 16:30:00+00:00,,,84.51,85.4,89.25,10.93805556,78.44027778,CAVMSI_2026-01-03T16:30:00+0000_
CAVMSI,Cauvery at Musiri,Cauvery,2026-01-03 17:30:00+00:00,81.17,NORMAL,84.51,85.4,89.25,10.93805556,78.44027778,CAVMSI_2026-01-03T17:30:00+0000_81.1700
CAVMSI,Cauvery at Musiri,Cauvery,2026-01-03 18:30:00+00:00,81.17,NORMAL,84.51,85.4,89.25,10.93805556,78.44027778,CAVMSI_2026-01-03T18:30:00+0000_81.1700
CAVMSI,Cauvery at Musiri,Cauvery,2026-01-03 19:30:00+00:00,81.17,NORMAL,84.51,85.4,89.25,10.93805556,78.44027778,CAVMSI_2026-01-03T19:30:00+0000_81.1700
CAVMSI,Cauvery at Musiri,Cauvery,2026-01-03 20:30:00+00:00,81.043,NORMAL,84.51,85.4,89.25,10.93805556,78.44027778,CAVMSI_2026-01-03T20:30:00+0000_81.0430
CAVMSI,Cauvery at Musiri,Cauvery,2026-01-03 21:30:00+00:00,81.17,NORMAL,84.51,85.4,89.25,10.93805556,78.44027778,CAVMSI_2026-01-03T21:30:00+0000_81.1700
CAVMSI,Cauvery at Musiri,Cauvery,2026-01-03 22:30:00+00:00,81.17,NORMAL,84.51,85.4,89.25,10.93805556,78.44027778,CAVMSI_2026-01-03T22:30:00+0000_81.1700
CAVMSI,Cauvery at Musiri,Cauvery,2026-01-03 23:30:00+00:00,81.17,NORMAL,84.51,85.4,89.25,10.93805556,78.44027778,CAVMSI_2026-01-03T23:30:00+0000_81.1700
CAVMSI,Cauvery at Musiri,Cauvery,2026-01-04 00:30:00+00:00,81.17,NORMAL,84.51,85.4,89.25,10.93805556,78.44027778,CAVMSI_2026-01-04T00:30:00+0000_81.1700
CAVMSI,Cauvery at Musiri,Cauvery,2026-01-04 01:30:00+00:00,81.17,NORMAL,84.51,85.4,89.25,10.93805556,78.44027778,CAVMSI_2026-01-04T01:30:00+0000_81.1700
CAVMSI,Cauvery at Musiri,Cauvery,2026-01-04 02:30:00+00:00,81.17,NORMAL,84.51,85.4,89.25,10.93805556,78.44027778,CAVMSI_2026-01-04T02:30:00+0000_81.1700
CAVMSI,Cauvery at Musiri,Cauvery,2026-01-04 03:30:00+00:00,81.036,NORMAL,84.51,85.4,89.25,10.93805556,78.44027778,CAVMSI_2026-01-04T03:30:00+0000_81.0360
CAVMSI,Cauvery at Musiri,Cauvery,2026-01-04 04:30:00+00:00,81.17,NORMAL,84.51,85.4,89.25,10.93805556,78.44027778,CAVMSI_2026-01-04T04:30:00+0000_81.1700
CAVMSI,Cauvery at Musiri,Cauvery,2026-01-04 05:30:00+00:00,81.04,NORMAL,84.51,85.4,89.25,10.93805556,78.44027778,CAVMSI_2026-01-04T05:30:00+0000_81.0400
CAVMSI,Cauvery at Musiri,Cauvery,2026-01-04 06:30:00+00:00,81.17,NORMAL,84.51,85.4,89.25,10.93805556,78.44027778,CAVMSI_2026-01-04T06:30:00+0000_81.1700
CAVMSI,Cauvery at Musiri,Cauvery,2026-01-04 07:30:00+00:00,81.036,NORMAL,84.51,85.4,89.25,10.93805556,78.44027778,CAVMSI_2026-01-04T07:30:00+0000_81.0360
CAVMSI,Cauvery at Musiri,Cauvery,2026-01-04 08:30:00+00:00,81.17,NORMAL,84.51,85.4,89.25,10.93805556,78.44027778,CAVMSI_2026-01-04T08:30:00+0000_81.1700
CAVMSI,Cauvery at Musiri,Cauvery,2026-01-04 09:30:00+00:00,81.17,NORMAL,84.51,85.4,89.25,10.93805556,78.44027778,CAVMSI_2026-01-04T09:30:00+0000_81.1700
CAVMSI,Cauvery at Musiri,Cauvery,2026-01-04 10:30:00+00:00,81.17,NORMAL,84.51,85.4,89.25,10.93805556,78.44027778,CAVMSI_2026-01-04T10:30:00+0000_81.1700
CAVMSI,Cauvery at Musiri,Cauvery,2026-01-04 11:30:00+00:00,81.17,NORMAL,84.51,85.4,89.25,10.93805556,78.44027778,CAVMSI_2026-01-04T11:30:00+0000_81.1700
CAVMSI,Cauvery at Musiri,Cauvery,2026-01-04 12:30:00+00:00,81.17,NORMAL,84.51,85.4,89.25,10.93805556,78.44027778,CAVMSI_2026-01-04T12:30:00+0000_81.1700
CAVMSI,Cauvery at Musiri,Cauvery,2026-01-04 13:30:00+00:00,81.17,NORMAL,84.51,85.4,89.25,10.93805556,78.44027778,CAVMSI_2026-01-04T13:30:00+0000_81.1700
CAVMSI,Cauvery at Musiri,Cauvery,2026-01-04 15:30:00+00:00,81.043,NORMAL,84.51,85.4,89.25,10.93805556,78.44027778,CAVMSI_2026-01-04T15:30:00+0000_81.0430
CAVMSI,Cauvery at Musiri,Cauvery,2026-01-04 16:30:00+00:00,81.17,NORMAL,84.51,85.4,89.25,10.93805556,78.44027778,CAVMSI_2026-01-04T16:30:00+0000_81.1700
CAVMSI,Cauvery at Musiri,Cauvery,2026-01-04 17:30:00+00:00,81.17,NORMAL,84.51,85.4,89.25,10.93805556,78.44027778,CAVMSI_2026-01-04T17:30:00+0000_81.1700
CAVMSI,Cauvery at Musiri,Cauvery,2026-01-04 18:30:00+00:00,81.01,NORMAL,84.51,85.4,89.25,10.93805556,78.44027778,CAVMSI_2026-01-04T18:30:00+0000_81.0100
CAVMSI,Cauvery at Musiri,Cauvery,2026-01-04 19:30:00+00:00,81.044,NORMAL,84.51,85.4,89.25,10.93805556,78.44027778,CAVMSI_2026-01-04T19:30:00+0000_81.0440
CAVMSI,Cauvery at Musiri,Cauvery,2026-01-04 20:30:00+00:00,81.17,NORMAL,84.51,85.4,89.25,10.93805556,78.44027778,CAVMSI_2026-01-04T20:30:00+0000_81.1700
CAVMSI,Cauvery at Musiri,Cauvery,2026-01-04 21:30:00+00:00,81.17,NORMAL,84.51,85.4,89.25,10.93805556,78.44027778,CAVMSI_2026-01-04T21:30:00+0000_81.1700
CAVMSI,Cauvery at Musiri,Cauvery,2026-01-04 22:30:00+00:00,81.17,NORMAL,84.51,85.4,89.25,10.93805556,78.44027778,CAVMSI_2026-01-04T22:30:00+0000_81.1700
CAVMSI,Cauvery at Musiri,Cauvery,2026-01-04 23:30:00+00:00,81.17,NORMAL,84.51,85.4,89.25,10.93805556,78.44027778,CAVMSI_2026-01-04T23:30:00+0000_81.1700
CAVMSI,Cauvery at Musiri,Cauvery,2026-01-05 00:30:00+00:00,81.17,NORMAL,84.51,85.4,89.25,10.93805556,78.44027778,CAVMSI_2026-01-05T00:30:00+0000_81.1700
CAVMSI,Cauvery at Musiri,Cauvery,2026-01-05 01:30:00+00:00,81.17,NORMAL,84.51,85.4,89.25,10.93805556,78.44027778,CAVMSI_2026-01-05T01:30:00+0000_81.1700
CAVMSI,Cauvery at Musiri,Cauvery,2026-01-05 02:30:00+00:00,81.17,NORMAL,84.51,85.4,89.25,10.93805556,78.44027778,CAVMSI_2026-01-05T02:30:00+0000_81.1700
CAVMSI,Cauvery at Musiri,Cauvery,2026-01-05 03:30:00+00:00,81.17,NORMAL,84.51,85.4,89.25,10.93805556,78.44027778,CAVMSI_2026-01-05T03:30:00+0000_81.1700
CAVMSI,Cauvery at Musiri,Cauvery,2026-01-05 04:30:00+00:00,81.039,NORMAL,84.51,85.4,89.25,10.93805556,78.44027778,CAVMSI_2026-01-05T04:30:00+0000_81.0390
CAVMSI,Cauvery at Musiri,Cauvery,2026-01-05 05:30:00+00:00,81.17,NORMAL,84.51,85.4,89.25,10.93805556,78.44027778,CAVMSI_2026-01-05T05:30:00+0000_81.1700
CAVMSI,Cauvery at Musiri,Cauvery,2026-01-05 06:30:00+00:00,81.17,NORMAL,84.51,85.4,89.25,10.93805556,78.44027778,CAVMSI_2026-01-05T06:30:00+0000_81.1700
CAVMSI,Cauvery at Musiri,Cauvery,2026-01-05 08:30:00+00:00,81.17,NORMAL,84.51,85.4,89.25,10.93805556,78.44027778,CAVMSI_2026-01-05T08:30:00+0000_81.1700
CAVMSI,Cauvery at Musiri,Cauvery,2026-01-05 10:30:00+00:00,81.17,NORMAL,84.51,85.4,89.25,10.93805556,78.44027778,CAVMSI_2026-01-05T10:30:00+0000_81.1700
CAVMSI,Cauvery at Musiri,Cauvery,2026-01-05 11:30:00+00:00,81.17,NORMAL,84.51,85.4,89.25,10.93805556,78.44027778,CAVMSI_2026-01-05T11:30:00+0000_81.1700
CAVMSI,Cauvery at Musiri,Cauvery,2026-01-05 12:30:00+00:00,81.17,NORMAL,84.51,85.4,89.25,10.93805556,78.44027778,CAVMSI_2026-01-05T12:30:00+0000_81.1700
CAVMSI,Cauvery at Musiri,Cauvery,2026-01-05 13:30:00+00:00,81.169,NORMAL,84.51,85.4,89.25,10.93805556,78.44027778,CAVMSI_2026-01-05T13:30:00+0000_81.1690
CAVMSI,Cauvery at Musiri,Cauvery,2026-01-05 14:30:00+00:00,81.17,NORMAL,84.51,85.4,89.25,10.93805556,78.44027778,CAVMSI_2026-01-05T14:30:00+0000_81.1700
CAVMSI,Cauvery at Musiri,Cauvery,2026-01-05 15:30:00+00:00,81.043,NORMAL,84.51,85.4,89.25,10.93805556,78.44027778,CAVMSI_2026-01-05T15:30:00+0000_81.0430
CAVMSI,Cauvery at Musiri,Cauvery,2026-01-05 16:30:00+00:00,81.17,NORMAL,84.51,85.4,89.25,10.93805556,78.44027778,CAVMSI_2026-01-05T16:30:00+0000_81.1700
CAVMSI,Cauvery at Musiri,Cauvery,2026-01-05 17:30:00+00:00,81.17,NORMAL,84.51,85.4,89.25,10.93805556,78.44027778,CAVMSI_2026-01-05T17:30:00+0000_81.1700
CAVMSI,Cauvery at Musiri,Cauvery,2026-01-05 18:30:00+00:00,81.17,NORMAL,84.51,85.4,89.25,10.93805556,78.44027778,CAVMSI_2026-01-05T18:30:00+0000_81.1700
CAVMSI,Cauvery at Musiri,Cauvery,2026-01-05 19:30:00+00:00,81.17,NORMAL,84.51,85.4,89.25,10.93805556,78.44027778,CAVMSI_2026-01-05T19:30:00+0000_81.1700
CAVMSI,Cauvery at Musiri,Cauvery,2026-01-05 20:30:00+00:00,81.044,NORMAL,84.51,85.4,89.25,10.93805556,78.44027778,CAVMSI_2026-01-05T20:30:00+0000_81.0440
CAVMSI,Cauvery at Musiri,Cauvery,2026-01-05 21:30:00+00:00,81.17,NORMAL,84.51,85.4,89.25,10.93805556,78.44027778,CAVMSI_2026-01-05T21:30:00+0000_81.1700
CAVMSI,Cauvery at Musiri,Cauvery,2026-01-05 22:30:00+00:00,81.17,NORMAL,84.51,85.4,89.25,10.93805556,78.44027778,CAVMSI_2026-01-05T22:30:00+0000_81.1700
CAVMSI,Cauvery at Musiri,Cauvery,2026-01-05 23:30:00+00:00,81.17,NORMAL,84.51,85.4,89.25,10.93805556,78.44027778,CAVMSI_2026-01-05T23:30:00+0000_81.1700
CAVMSI,Cauvery at Musiri,Cauvery,2026-01-06 00:30:00+00:00,81.17,NORMAL,84.51,85.4,89.25,10.93805556,78.44027778,CAVMSI_2026-01-06T00:30:00+0000_81.1700
CAVMSI,Cauvery at Musiri,Cauvery,2026-01-06 01:30:00+00:00,81.17,NORMAL,84.51,85.4,89.25,10.93805556,78.44027778,CAVMSI_2026-01-06T01:30:00+0000_81.1700
CAVMSI,Cauvery at Musiri,Cauvery,2026-01-06 02:30:00+00:00,81.17,NORMAL,84.51,85.4,89.25,10.93805556,78.44027778,CAVMSI_2026-01-06T02:30:00+0000_81.1700
CAVMSI,Cauvery at Musiri,Cauvery,2026-01-06 03:30:00+00:00,81.17,NORMAL,84.51,85.4,89.25,10.93805556,78.44027778,CAVMSI_2026-01-06T03:30:00+0000_81.1700
CAVMSI,Cauvery at Musiri,Cauvery,2026-01-06 04:30:00+00:00,81.17,NORMAL,84.51,85.4,89.25,10.93805556,78.44027778,CAVMSI_2026-01-06T04:30:00+0000_81.1700
CAVMSI,Cauvery at Musiri,Cauvery,2026-01-06 05:30:00+00:00,81.17,NORMAL,84.51,85.4,89.25,10.93805556,78.44027778,CAVMSI_2026-01-06T05:30:00+0000_81.1700
CAVMSI,Cauvery at Musiri,Cauvery,2026-01-06 06:30:00+00:00,81.17,NORMAL,84.51,85.4,89.25,10.93805556,78.44027778,CAVMSI_2026-01-06T06:30:00+0000_81.1700
CAVMSI,Cauvery at Musiri,Cauvery,2026-01-06 08:30:00+00:00,81.17,NORMAL,84.51,85.4,89.25,10.93805556,78.44027778,CAVMSI_2026-01-06T08:30:00+0000_81.1700
CAVMSI,Cauvery at Musiri,Cauvery,2026-01-06 09:30:00+00:00,81.17,NORMAL,84.51,85.4,89.25,10.93805556,78.44027778,CAVMSI_2026-01-06T09:30:00+0000_81.1700
CAVMSI,Cauvery at Musiri,Cauvery,2026-01-06 10:30:00+00:00,81.17,NORMAL,84.51,85.4,89.25,10.93805556,78.44027778,CAVMSI_2026-01-06T10:30:00+0000_81.1700
CAVMSI,Cauvery at Musiri,Cauvery,2026-01-06 12:30:00+00:00,81.17,NORMAL,84.51,85.4,89.25,10.93805556,78.44027778,CAVMSI_2026-01-06T12:30:00+0000_81.1700
CAVMSI,Cauvery at Musiri,Cauvery,2026-01-06 13:30:00+00:00,81.17,NORMAL,84.51,85.4,89.25,10.93805556,78.44027778,CAVMSI_2026-01-06T13:30:00+0000_81.1700
CAVMSI,Cauvery at Musiri,Cauvery,2026-01-06 14:30:00+00:00,81.17,NORMAL,84.51,85.4,89.25,10.93805556,78.44027778,CAVMSI_2026-01-06T14:30:00+0000_81.1700
CAVMSI,Cauvery at Musiri,Cauvery,2026-01-06 19:30:00+00:00,81.17,NORMAL,84.51,85.4,89.25,10.93805556,78.44027778,CAVMSI_2026-01-06T19:30:00+0000_81.1700
CAVMSI,Cauvery at Musiri,Cauvery,2026-01-06 23:30:00+00:00,81.17,NORMAL,84.51,85.4,89.25,10.93805556,78.44027778,CAVMSI_2026-01-06T23:30:00+0000_81.1700
CAVMSI,Cauvery at Musiri,Cauvery,2026-01-07 00:30:00+00:00,81.17,NORMAL,84.51,85.4,89.25,10.93805556,78.44027778,CAVMSI_2026-01-07T00:30:00+0000_81.1700
CAVMSI,Cauvery at Musiri,Cauvery,2026-01-07 01:30:00+00:00,81.17,NORMAL,84.51,85.4,89.25,10.93805556,78.44027778,CAVMSI_2026-01-07T01:30:00+0000_81.1700
CAVMSI,Cauvery at Musiri,Cauvery,2026-01-07 02:30:00+00:00,81.17,NORMAL,84.51,85.4,89.25,10.93805556,78.44027778,CAVMSI_2026-01-07T02:30:00+0000_81.1700
CAVMSI,Cauvery at Musiri,Cauvery,2026-01-07 03:30:00+00:00,81.041,NORMAL,84.51,85.4,89.25,10.93805556,78.44027778,CAVMSI_2026-01-07T03:30:00+0000_81.0410
CAVMSI,Cauvery at Musiri,Cauvery,2026-01-07 04:30:00+00:00,81.04,NORMAL,84.51,85.4,89.25,10.93805556,78.44027778,CAVMSI_2026-01-07T04:30:00+0000_81.0400
CAVMSI,Cauvery at Musiri,Cauvery,2026-01-07 05:30:00+00:00,81.17,NORMAL,84.51,85.4,89.25,10.93805556,78.44027778,CAVMSI_2026-01-07T05:30:00+0000_81.1700
CAVMSI,Cauvery at Musiri,Cauvery,2026-01-07 06:30:00+00:00,81.04,NORMAL,84.51,85.4,89.25,10.93805556,78.44027778,CAVMSI_2026-01-07T06:30:00+0000_81.0400
CAVMSI,Cauvery at Musiri,Cauvery,2026-01-07 07:30:00+00:00,81.17,NORMAL,84.51,85.4,89.25,10.93805556,78.44027778,CAVMSI_2026-01-07T07:30:00+0000_81.1700
CAVMSI,Cauvery at Musiri,Cauvery,2026-01-07 10:30:00+00:00,81.17,NORMAL,84.51,85.4,89.25,10.93805556,78.44027778,CAVMSI_2026-01-07T10:30:00+0000_81.1700
CAVMSI,Cauvery at Musiri,Cauvery,2026-01-07 12:30:00+00:00,81.17,NORMAL,84.51,85.4,89.25,10.93805556,78.44027778,CAVMSI_2026-01-07T12:30:00+0000_81.1700
CAVMSI,Cauvery at Musiri,Cauvery,2026-01-07 13:30:00+00:00,81.17,NORMAL,84.51,85.4,89.25,10.93805556,78.44027778,CAVMSI_2026-01-07T13:30:00+0000_81.1700
CAVMSI,Cauvery at Musiri,Cauvery,2026-01-07 14:30:00+00:00,81.17,NORMAL,84.51,85.4,89.25,10.93805556,78.44027778,CAVMSI_2026-01-07T14:30:00+0000_81.1700
CAVMSI,Cauvery at Musiri,Cauvery,2026-01-07 15:30:00+00:00,81.17,NORMAL,84.51,85.4,89.25,10.93805556,78.44027778,CAVMSI_2026-01-07T15:30:00+0000_81.1700
CAVMSI,Cauvery at Musiri,Cauvery,2026-01-07 16:30:00+00:00,81.17,NORMAL,84.51,85.4,89.25,10.93805556,78.44027778,CAVMSI_2026-01-07T16:30:00+0000_81.1700
CAVMSI,Cauvery at Musiri,Cauvery,2026-01-07 17:30:00+00:00,81.17,NORMAL,84.51,85.4,89.25,10.93805556,78.44027778,CAVMSI_2026-01-07T17:30:00+0000_81.1700
CAVMSI,Cauvery at Musiri,Cauvery,2026-01-07 18:30:00+00:00,81.17,NORMAL,84.51,85.4,89.25,10.93805556,78.44027778,CAVMSI_2026-01-07T18:30:00+0000_81.1700
CAVMSI,Cauvery at Musiri,Cauvery,2026-01-07 19:30:00+00:00,81.17,NORMAL,84.51,85.4,89.25,10.93805556,78.44027778,CAVMSI_2026-01-07T19:30:00+0000_81.1700
CAVMSI,Cauvery at Musiri,Cauvery,2026-01-07 20:30:00+00:00,81.17,NORMAL,84.51,85.4,89.25,10.93805556,78.44027778,CAVMSI_2026-01-07T20:30:00+0000_81.1700
CAVMSI,Cauvery at Musiri,Cauvery,2026-01-07 21:30:00+00:00,81.17,NORMAL,84.51,85.4,89.25,10.93805556,78.44027778,CAVMSI_2026-01-07T21:30:00+0000_81.1700
CAVMSI,Cauvery at Musiri,Cauvery,2026-01-07 22:30:00+00:00,81.17,NORMAL,84.51,85.4,89.25,10.93805556,78.44027778,CAVMSI_2026-01-07T22:30:00+0000_81.1700
CAVMSI,Cauvery at Musiri,Cauvery,2026-01-07 23:30:00+00:00,81.17,NORMAL,84.51,85.4,89.25,10.93805556,78.44027778,CAVMSI_2026-01-07T23:30:00+0000_81.1700
CAVMSI,Cauvery at Musiri,Cauvery,2026-01-08 00:30:00+00:00,81.17,NORMAL,84.51,85.4,89.25,10.93805556,78.44027778,CAVMSI_2026-01-08T00:30:00+0000_81.1700
CAVMSI,Cauvery at Musiri,Cauvery,2026-01-08 01:30:00+00:00,81.17,NORMAL,84.51,85.4,89.25,10.93805556,78.44027778,CAVMSI_2026-01-08T01:30:00+0000_81.1700
CAVMSI,Cauvery at Musiri,Cauvery,2026-01-08 02:30:00+00:00,81.17,NORMAL,84.51,85.4,89.25,10.93805556,78.44027778,CAVMSI_2026-01-08T02:30:00+0000_81.1700
CAVMSI,Cauvery at Musiri,Cauvery,2026-01-08 03:30:00+00:00,81.17,NORMAL,84.51,85.4,89.25,10.93805556,78.44027778,CAVMSI_2026-01-08T03:30:00+0000_81.1700
CAVMSI,Cauvery at Musiri,Cauvery,2026-01-08 04:30:00+00:00,81.17,NORMAL,84.51,85.4,89.25,10.93805556,78.44027778,CAVMSI_2026-01-08T04:30:00+0000_81.1700
CAVMSI,Cauvery at Musiri,Cauvery,2026-01-08 05:30:00+00:00,81.17,NORMAL,84.51,85.4,89.25,10.93805556,78.44027778,CAVMSI_2026-01-08T05:30:00+0000_81.1700
CAVMSI,Cauvery at Musiri,Cauvery,2026-01-08 08:30:00+00:00,81.17,NORMAL,84.51,85.4,89.25,10.93805556,78.44027778,CAVMSI_2026-01-08T08:30:00+0000_81.1700
CAVMSI,Cauvery at Musiri,Cauvery,2026-01-08 10:30:00+00:00,81.17,NORMAL,84.51,85.4,89.25,10.93805556,78.44027778,CAVMSI_2026-01-08T10:30:00+0000_81.1700
CAVMSI,Cauvery at Musiri,Cauvery,2026-01-08 11:30:00+00:00,81.17,NORMAL,84.51,85.4,89.25,10.93805556,78.44027778,CAVMSI_2026-01-08T11:30:00+0000_81.1700
CAVMSI,Cauvery at Musiri,Cauvery,2026-01-08 13:30:00+00:00,81.17,NORMAL,84.51,85.4,89.25,10.93805556,78.44027778,CAVMSI_2026-01-08T13:30:00+0000_81.1700
CAVMSI,Cauvery at Musiri,Cauvery,2026-01-08 14:30:00+00:00,81.17,NORMAL,84.51,85.4,89.25,10.93805556,78.44027778,CAVMSI_2026-01-08T14:30:00+0000_81.1700
CAVMSI,Cauvery at Musiri,Cauvery,2026-01-08 15:30:00+00:00,81.17,NORMAL,84.51,85.4,89.25,10.93805556,78.44027778,CAVMSI_2026-01-08T15:30:00+0000_81.1700
CAVMSI,Cauvery at Musiri,Cauvery,2026-01-08 16:30:00+00:00,81.17,NORMAL,84.51,85.4,89.25,10.93805556,78.44027778,CAVMSI_2026-01-08T16:30:00+0000_81.1700
CAVMSI,Cauvery at Musiri,Cauvery,2026-01-08 17:30:00+00:00,81.17,NORMAL,84.51,85.4,89.25,10.93805556,78.44027778,CAVMSI_2026-01-08T17:30:00+0000_81.1700
CAVMSI,Cauvery at Musiri,Cauvery,2026-01-08 18:30:00+00:00,81.17,NORMAL,84.51,85.4,89.25,10.93805556,78.44027778,CAVMSI_2026-01-08T18:30:00+0000_81.1700
CAVMSI,Cauvery at Musiri,Cauvery,2026-01-08 19:30:00+00:00,81.17,NORMAL,84.51,85.4,89.25,10.93805556,78.44027778,CAVMSI_2026-01-08T19:30:00+0000_81.1700
CAVMSI,Cauvery at Musiri,Cauvery,2026-01-08 20:30:00+00:00,81.17,NORMAL,84.51,85.4,89.25,10.93805556,78.44027778,CAVMSI_2026-01-08T20:30:00+0000_81.1700
CAVMSI,Cauvery at Musiri,Cauvery,2026-01-08 21:30:00+00:00,81.17,NORMAL,84.51,85.4,89.25,10.93805556,78.44027778,CAVMSI_2026-01-08T21:30:00+0000_81.1700
CAVMSI,Cauvery at Musiri,Cauvery,2026-01-08 22:30:00+00:00,81.17,NORMAL,84.51,85.4,89.25,10.93805556,78.44027778,CAVMSI_2026-01-08T22:30:00+0000_81.1700
CAVMSI,Cauvery at Musiri,Cauvery,2026-01-08 23:30:00+00:00,81.17,NORMAL,84.51,85.4,89.25,10.93805556,78.44027778,CAVMSI_2026-01-08T23:30:00+0000_81.1700
CAVMSI,Cauvery at Musiri,Cauvery,2026-01-09 00:30:00+00:00,81.17,NORMAL,84.51,85.4,89.25,10.93805556,78.44027778,CAVMSI_2026-01-09T00:30:00+0000_81.1700
CAVMSI,Cauvery at Musiri,Cauvery,2026-01-09 01:30:00+00:00,81.17,NORMAL,84.51,85.4,89.25,10.93805556,78.44027778,CAVMSI_2026-01-09T01:30:00+0000_81.1700
CAVMSI,Cauvery at Musiri,Cauvery,2026-01-09 02:30:00+00:00,81.17,NORMAL,84.51,85.4,89.25,10.93805556,78.44027778,CAVMSI_2026-01-09T02:30:00+0000_81.1700
CAVMSI,Cauvery at Musiri,Cauvery,2026-01-09 03:30:00+00:00,81.035,NORMAL,84.51,85.4,89.25,10.93805556,78.44027778,CAVMSI_2026-01-09T03:30:00+0000_81.0350
CAVMSI,Cauvery at Musiri,Cauvery,2026-01-09 04:30:00+00:00,81.17,NORMAL,84.51,85.4,89.25,10.93805556,78.44027778,CAVMSI_2026-01-09T04:30:00+0000_81.1700
CAVMSI,Cauvery at Musiri,Cauvery,2026-01-09 05:30:00+00:00,81.17,NORMAL,84.51,85.4,89.25,10.93805556,78.44027778,CAVMSI_2026-01-09T05:30:00+0000_81.1700
CAVMSI,Cauvery at Musiri,Cauvery,2026-01-09 06:30:00+00:00,81.17,NORMAL,84.51,85.4,89.25,10.93805556,78.44027778,CAVMSI_2026-01-09T06:30:00+0000_81.1700
CAVMSI,Cauvery at Musiri,Cauvery,2026-01-09 07:30:00+00:00,81.17,NORMAL,84.51,85.4,89.25,10.93805556,78.44027778,CAVMSI_2026-01-09T07:30:00+0000_81.1700
CAVMSI,Cauvery at Musiri,Cauvery,2026-01-09 08:30:00+00:00,81.17,NORMAL,84.51,85.4,89.25,10.93805556,78.44027778,CAVMSI_2026-01-09T08:30:00+0000_81.1700
CAVMSI,Cauvery at Musiri,Cauvery,2026-01-09 09:30:00+00:00,81.17,NORMAL,84.51,85.4,89.25,10.93805556,78.44027778,CAVMSI_2026-01-09T09:30:00+0000_81.1700
CAVMSI,Cauvery at Musiri,Cauvery,2026-01-09 12:30:00+00:00,81.17,NORMAL,84.51,85.4,89.25,10.93805556,78.44027778,CAVMSI_2026-01-09T12:30:00+0000_81.1700
CAVMSI,Cauvery at Musiri,Cauvery,2026-01-09 23:30:00+00:00,81.17,NORMAL,84.51,85.4,89.25,10.93805556,78.44027778,CAVMSI_2026-01-09T23:30:00+0000_81.1700
CAVMSI,Cauvery at Musiri,Cauvery,2026-01-10 00:30:00+00:00,81.17,NORMAL,84.51,85.4,89.25,10.93805556,78.44027778,CAVMSI_2026-01-10T00:30:00+0000_81.1700
CAVMSI,Cauvery at Musiri,Cauvery,2026-01-10 01:30:00+00:00,81.17,NORMAL,84.51,85.4,89.25,10.93805556,78.44027778,CAVMSI_2026-01-10T01:30:00+0000_81.1700
CAVMSI,Cauvery at Musiri,Cauvery,2026-01-10 02:30:00+00:00,81.17,NORMAL,84.51,85.4,89.25,10.93805556,78.44027778,CAVMSI_2026-01-10T02:30:00+0000_81.1700
CAVMSI,Cauvery at Musiri,Cauvery,2026-01-10 03:30:00+00:00,81.17,NORMAL,84.51,85.4,89.25,10.93805556,78.44027778,CAVMSI_2026-01-10T03:30:00+0000_81.1700
CAVMSI,Cauvery at Musiri,Cauvery,2026-01-10 04:30:00+00:00,81.17,NORMAL,84.51,85.4,89.25,10.93805556,78.44027778,CAVMSI_2026-01-10T04:30:00+0000_81.1700
CAVMSI,Cauvery at Musiri,Cauvery,2026-01-10 05:30:00+00:00,81.17,NORMAL,84.51,85.4,89.25,10.93805556,78.44027778,CAVMSI_2026-01-10T05:30:00+0000_81.1700
CAVMSI,Cauvery at Musiri,Cauvery,2026-01-10 06:30:00+00:00,81.17,NORMAL,84.51,85.4,89.25,10.93805556,78.44027778,CAVMSI_2026-01-10T06:30:00+0000_81.1700
CAVMSI,Cauvery at Musiri,Cauvery,2026-01-10 07:30:00+00:00,81.17,NORMAL,84.51,85.4,89.25,10.93805556,78.44027778,CAVMSI_2026-01-10T07:30:00+0000_81.1700
CAVMSI,Cauvery at Musiri,Cauvery,2026-01-10 08:30:00+00:00,81.17,NORMAL,84.51,85.4,89.25,10.93805556,78.44027778,CAVMSI_2026-01-10T08:30:00+0000_81.1700
CAVMSI,Cauvery at Musiri,Cauvery,2026-01-10 09:30:00+00:00,81.17,NORMAL,84.51,85.4,89.25,10.93805556,78.44027778,CAVMSI_2026-01-10T09:30:00+0000_81.1700
CAVMSI,Cauvery at Musiri,Cauvery,2026-01-10 10:30:00+00:00,,,84.51,85.4,89.25,10.93805556,78.44027778,CAVMSI_2026-01-10T10:30:00+0000_
CAVMSI,Cauvery at Musiri,Cauvery,2026-01-10 11:30:00+00:00,81.17,NORMAL,84.51,85.4,89.25,10.93805556,78.44027778,CAVMSI_2026-01-10T11:30:00+0000_81.1700
CAVMSI,Cauvery at Musiri,Cauvery,2026-01-10 12:00:00+00:00,81.17,NORMAL,84.51,85.4,89.25,10.93805556,78.44027778,CAVMSI_2026-01-10T12:00:00+0000_81.1700
CAVMSI,Cauvery at Musiri,Cauvery,2026-01-10 12:30:00+00:00,81.043,NORMAL,84.51,85.4,89.25,10.93805556,78.44027778,CAVMSI_2026-01-10T12:30:00+0000_81.0430
CAVMSI,Cauvery at Musiri,Cauvery,2026-01-10 13:30:00+00:00,81.17,NORMAL,84.51,85.4,89.25,10.93805556,78.44027778,CAVMSI_2026-01-10T13:30:00+0000_81.1700
CAVMSI,Cauvery at Musiri,Cauvery,2026-01-10 14:30:00+00:00,81.17,NORMAL,84.51,85.4,89.25,10.93805556,78.44027778,CAVMSI_2026-01-10T14:30:00+0000_81.1700
CAVMSI,Cauvery at Musiri,Cauvery,2026-01-10 15:30:00+00:00,81.17,NORMAL,84.51,85.4,89.25,10.93805556,78.44027778,CAVMSI_2026-01-10T15:30:00+0000_81.1700
CAVMSI,Cauvery at Musiri,Cauvery,2026-01-10 16:30:00+00:00,81.17,NORMAL,84.51,85.4,89.25,10.93805556,78.44027778,CAVMSI_2026-01-10T16:30:00+0000_81.1700
CAVMSI,Cauvery at Musiri,Cauvery,2026-01-10 17:30:00+00:00,81.17,NORMAL,84.51,85.4,89.25,10.93805556,78.44027778,CAVMSI_2026-01-10T17:30:00+0000_81.1700
CAVMSI,Cauvery at Musiri,Cauvery,2026-01-10 18:30:00+00:00,81.17,NORMAL,84.51,85.4,89.25,10.93805556,78.44027778,CAVMSI_2026-01-10T18:30:00+0000_81.1700
CAVMSI,Cauvery at Musiri,Cauvery,2026-01-10 19:30:00+00:00,81.17,NORMAL,84.51,85.4,89.25,10.93805556,78.44027778,CAVMSI_2026-01-10T19:30:00+0000_81.1700
CAVMSI,Cauvery at Musiri,Cauvery,2026-01-10 20:30:00+00:00,81.17,NORMAL,84.51,85.4,89.25,10.93805556,78.44027778,CAVMSI_2026-01-10T20:30:00+0000_81.1700
CAVMSI,Cauvery at Musiri,Cauvery,2026-01-10 21:30:00+00:00,81.17,NORMAL,84.51,85.4,89.25,10.93805556,78.44027778,CAVMSI_2026-01-10T21:30:00+0000_81.1700
CAVMSI,Cauvery at Musiri,Cauvery,2026-01-10 22:30:00+00:00,81.17,NORMAL,84.51,85.4,89.25,10.93805556,78.44027778,CAVMSI_2026-01-10T22:30:00+0000_81.1700
CAVMSI,Cauvery at Musiri,Cauvery,2026-01-10 23:30:00+00:00,81.17,NORMAL,84.51,85.4,89.25,10.93805556,78.44027778,CAVMSI_2026-01-10T23:30:00+0000_81.1700
CAVMSI,Cauvery at Musiri,Cauvery,2026-01-11 00:30:00+00:00,81.17,NORMAL,84.51,85.4,89.25,10.93805556,78.44027778,CAVMSI_2026-01-11T00:30:00+0000_81.1700
CAVMSI,Cauvery at Musiri,Cauvery,2026-01-11 01:30:00+00:00,81.17,NORMAL,84.51,85.4,89.25,10.93805556,78.44027778,CAVMSI_2026-01-11T01:30:00+0000_81.1700
CAVMSI,Cauvery at Musiri,Cauvery,2026-01-11 02:30:00+00:00,81.17,NORMAL,84.51,85.4,89.25,10.93805556,78.44027778,CAVMSI_2026-01-11T02:30:00+0000_81.1700
CAVMSI,Cauvery at Musiri,Cauvery,2026-01-11 03:30:00+00:00,81.17,NORMAL,84.51,85.4,89.25,10.93805556,78.44027778,CAVMSI_2026-01-11T03:30:00+0000_81.1700
CAVMSI,Cauvery at Musiri,Cauvery,2026-01-11 04:30:00+00:00,81.17,NORMAL,84.51,85.4,89.25,10.93805556,78.44027778,CAVMSI_2026-01-11T04:30:00+0000_81.1700
CAVMSI,Cauvery at Musiri,Cauvery,2026-01-11 05:30:00+00:00,81.036,NORMAL,84.51,85.4,89.25,10.93805556,78.44027778,CAVMSI_2026-01-11T05:30:00+0000_81.0360
CAVMSI,Cauvery at Musiri,Cauvery,2026-01-11 06:30:00+00:00,81.17,NORMAL,84.51,85.4,89.25,10.93805556,78.44027778,CAVMSI_2026-01-11T06:30:00+0000_81.1700
CAVMSI,Cauvery at Musiri,Cauvery,2026-01-11 07:30:00+00:00,,,84.51,85.4,89.25,10.93805556,78.44027778,CAVMSI_2026-01-11T07:30:00+0000_
CAVMSI,Cauvery at Musiri,Cauvery,2026-01-11 08:30:00+00:00,81.17,NORMAL,84.51,85.4,89.25,10.93805556,78.44027778,CAVMSI_2026-01-11T08:30:00+0000_81.1700
CAVMSI,Cauvery at Musiri,Cauvery,2026-01-11 09:30:00+00:00,81.17,NORMAL,84.51,85.4,89.25,10.93805556,78.44027778,CAVMSI_2026-01-11T09:30:00+0000_81.1700
CAVMSI,Cauvery at Musiri,Cauvery,2026-01-11 10:30:00+00:00,81.17,NORMAL,84.51,85.4,89.25,10.93805556,78.44027778,CAVMSI_2026-01-11T10:30:00+0000_81.1700
CAVMSI,Cauvery at Musiri,Cauvery,2026-01-11 11:30:00+00:00,81.043,NORMAL,84.51,85.4,89.25,10.93805556,78.44027778,CAVMSI_2026-01-11T11:30:00+0000_81.0430
CAVMSI,Cauvery at Musiri,Cauvery,2026-01-11 12:30:00+00:00,81.17,NORMAL,84.51,85.4,89.25,10.93805556,78.44027778,CAVMSI_2026-01-11T12:30:00+0000_81.1700
CAVMSI,Cauvery at Musiri,Cauvery,2026-01-11 13:30:00+00:00,81.17,NORMAL,84.51,85.4,89.25,10.93805556,78.44027778,CAVMSI_2026-01-11T13:30:00+0000_81.1700
CAVMSI,Cauvery at Musiri,Cauvery,2026-01-11 14:30:00+00:00,81.17,NORMAL,84.51,85.4,89.25,10.93805556,78.44027778,CAVMSI_2026-01-11T14:30:00+0000_81.1700
CAVMSI,Cauvery at Musiri,Cauvery,2026-01-11 15:30:00+00:00,81.044,NORMAL,84.51,85.4,89.25,10.93805556,78.44027778,CAVMSI_2026-01-11T15:30:00+0000_81.0440
CAVMSI,Cauvery at Musiri,Cauvery,2026-01-11 16:30:00+00:00,81.17,NORMAL,84.51,85.4,89.25,10.93805556,78.44027778,CAVMSI_2026-01-11T16:30:00+0000_81.1700
CAVMSI,Cauvery at Musiri,Cauvery,2026-01-11 17:30:00+00:00,81.17,NORMAL,84.51,85.4,89.25,10.93805556,78.44027778,CAVMSI_2026-01-11T17:30:00+0000_81.1700
CAVMSI,Cauvery at Musiri,Cauvery,2026-01-11 18:30:00+00:00,81.17,NORMAL,84.51,85.4,89.25,10.93805556,78.44027778,CAVMSI_2026-01-11T18:30:00+0000_81.1700
CAVMSI,Cauvery at Musiri,Cauvery,2026-01-11 19:30:00+00:00,81.17,NORMAL,84.51,85.4,89.25,10.93805556,78.44027778,CAVMSI_2026-01-11T19:30:00+0000_81.1700
CAVMSI,Cauvery at Musiri,Cauvery,2026-01-11 20:30:00+00:00,81.17,NORMAL,84.51,85.4,89.25,10.93805556,78.44027778,CAVMSI_2026-01-11T20:30:00+0000_81.1700
CAVMSI,Cauvery at Musiri,Cauvery,2026-01-11 21:30:00+00:00,81.17,NORMAL,84.51,85.4,89.25,10.93805556,78.44027778,CAVMSI_2026-01-11T21:30:00+0000_81.1700
CAVMSI,Cauvery at Musiri,Cauvery,2026-01-11 22:30:00+00:00,81.17,NORMAL,84.51,85.4,89.25,10.93805556,78.44027778,CAVMSI_2026-01-11T22:30:00+0000_81.1700
CAVMSI,Cauvery at Musiri,Cauvery,2026-01-11 23:30:00+00:00,81.044,NORMAL,84.51,85.4,89.25,10.93805556,78.44027778,CAVMSI_2026-01-11T23:30:00+0000_81.0440
CAVMSI,Cauvery at Musiri,Cauvery,2026-01-12 00:30:00+00:00,81.17,NORMAL,84.51,85.4,89.25,10.93805556,78.44027778,CAVMSI_2026-01-12T00:30:00+0000_81.1700
CAVMSI,Cauvery at Musiri,Cauvery,2026-01-12 01:30:00+00:00,81.17,NORMAL,84.51,85.4,89.25,10.93805556,78.44027778,CAVMSI_2026-01-12T01:30:00+0000_81.1700
CAVMSI,Cauvery at Musiri,Cauvery,2026-01-12 02:30:00+00:00,81.17,NORMAL,84.51,85.4,89.25,10.93805556,78.44027778,CAVMSI_2026-01-12T02:30:00+0000_81.1700
CAVMSI,Cauvery at Musiri,Cauvery,2026-01-12 03:30:00+00:00,81.17,NORMAL,84.51,85.4,89.25,10.93805556,78.44027778,CAVMSI_2026-01-12T03:30:00+0000_81.1700
CAVMSI,Cauvery at Musiri,Cauvery,2026-01-12 05:30:00+00:00,81.17,NORMAL,84.51,85.4,89.25,10.93805556,78.44027778,CAVMSI_2026-01-12T05:30:00+0000_81.1700
CAVMSI,Cauvery at Musiri,Cauvery,2026-01-12 07:30:00+00:00,81.17,NORMAL,84.51,85.4,89.25,10.93805556,78.44027778,CAVMSI_2026-01-12T07:30:00+0000_81.1700
CAVMSI,Cauvery at Musiri,Cauvery,2026-01-12 08:30:00+00:00,81.17,NORMAL,84.51,85.4,89.25,10.93805556,78.44027778,CAVMSI_2026-01-12T08:30:00+0000_81.1700
CAVMSI,Cauvery at Musiri,Cauvery,2026-01-12 11:30:00+00:00,81.044,NORMAL,84.51,85.4,89.25,10.93805556,78.44027778,CAVMSI_2026-01-12T11:30:00+0000_81.0440
CAVMSI,Cauvery at Musiri,Cauvery,2026-01-12 12:30:00+00:00,81.17,NORMAL,84.51,85.4,89.25,10.93805556,78.44027778,CAVMSI_2026-01-12T12:30:00+0000_81.1700
CAVMSI,Cauvery at Musiri,Cauvery,2026-01-12 13:30:00+00:00,81.17,NORMAL,84.51,85.4,89.25,10.93805556,78.44027778,CAVMSI_2026-01-12T13:30:00+0000_81.1700
CAVMSI,Cauvery at Musiri,Cauvery,2026-01-12 14:30:00+00:00,81.17,NORMAL,84.51,85.4,89.25,10.93805556,78.44027778,CAVMSI_2026-01-12T14:30:00+0000_81.1700
CAVMSI,Cauvery at Musiri,Cauvery,2026-01-12 15:30:00+00:00,81.17,NORMAL,84.51,85.4,89.25,10.93805556,78.44027778,CAVMSI_2026-01-12T15:30:00+0000_81.1700
CAVMSI,Cauvery at Musiri,Cauvery,2026-01-12 16:30:00+00:00,81.17,NORMAL,84.51,85.4,89.25,10.93805556,78.44027778,CAVMSI_2026-01-12T16:30:00+0000_81.1700
CAVMSI,Cauvery at Musiri,Cauvery,2026-01-12 17:30:00+00:00,81.17,NORMAL,84.51,85.4,89.25,10.93805556,78.44027778,CAVMSI_2026-01-12T17:30:00+0000_81.1700
CAVMSI,Cauvery at Musiri,Cauvery,2026-01-12 18:30:00+00:00,81.17,NORMAL,84.51,85.4,89.25,10.93805556,78.44027778,CAVMSI_2026-01-12T18:30:00+0000_81.1700
CAVMSI,Cauvery at Musiri,Cauvery,2026-01-12 19:30:00+00:00,81.044,NORMAL,84.51,85.4,89.25,10.93805556,78.44027778,CAVMSI_2026-01-12T19:30:00+0000_81.0440
CAVMSI,Cauvery at Musiri,Cauvery,2026-01-12 20:30:00+00:00,81.17,NORMAL,84.51,85.4,89.25,10.93805556,78.44027778,CAVMSI_2026-01-12T20:30:00+0000_81.1700
CAVMSI,Cauvery at Musiri,Cauvery,2026-01-12 21:30:00+00:00,81.17,NORMAL,84.51,85.4,89.25,10.93805556,78.44027778,CAVMSI_2026-01-12T21:30:00+0000_81.1700
CAVMSI,Cauvery at Musiri,Cauvery,2026-01-12 22:30:00+00:00,81.17,NORMAL,84.51,85.4,89.25,10.93805556,78.44027778,CAVMSI_2026-01-12T22:30:00+0000_81.1700
CAVMSI,Cauvery at Musiri,Cauvery,2026-01-12 23:30:00+00:00,81.17,NORMAL,84.51,85.4,89.25,10.93805556,78.44027778,CAVMSI_2026-01-12T23:30:00+0000_81.1700
CAVMSI,Cauvery at Musiri,Cauvery,2026-01-13 00:30:00+00:00,81.17,NORMAL,84.51,85.4,89.25,10.93805556,78.44027778,CAVMSI_2026-01-13T00:30:00+0000_81.1700
CAVMSI,Cauvery at Musiri,Cauvery,2026-01-13 01:30:00+00:00,81.17,NORMAL,84.51,85.4,89.25,10.93805556,78.44027778,CAVMSI_2026-01-13T01:30:00+0000_81.1700
CAVMSI,Cauvery at Musiri,Cauvery,2026-01-13 02:30:00+00:00,81.17,NORMAL,84.51,85.4,89.25,10.93805556,78.44027778,CAVMSI_2026-01-13T02:30:00+0000_81.1700
CAVMSI,Cauvery at Musiri,Cauvery,2026-01-13 03:30:00+00:00,81.17,NORMAL,84.51,85.4,89.25,10.93805556,78.44027778,CAVMSI_2026-01-13T03:30:00+0000_81.1700
CAVMSI,Cauvery at Musiri,Cauvery,2026-01-13 12:30:00+00:00,81.17,NORMAL,84.51,85.4,89.25,10.93805556,78.44027778,CAVMSI_2026-01-13T12:30:00+0000_81.1700
CAVMSI,Cauvery at Musiri,Cauvery,2026-01-13 13:30:00+00:00,81.17,NORMAL,84.51,85.4,89.25,10.93805556,78.44027778,CAVMSI_2026-01-13T13:30:00+0000_81.1700
CAVMSI,Cauvery at Musiri,Cauvery,2026-01-13 15:30:00+00:00,81.17,NORMAL,84.51,85.4,89.25,10.93805556,78.44027778,CAVMSI_2026-01-13T15:30:00+0000_81.1700
CAVMSI,Cauvery at Musiri,Cauvery,2026-01-13 16:30:00+00:00,81.17,NORMAL,84.51,85.4,89.25,10.93805556,78.44027778,CAVMSI_2026-01-13T16:30:00+0000_81.1700
CAVMSI,Cauvery at Musiri,Cauvery,2026-01-13 18:30:00+00:00,81.17,NORMAL,84.51,85.4,89.25,10.93805556,78.44027778,CAVMSI_2026-01-13T18:30:00+0000_81.1700
CAVMSI,Cauvery at Musiri,Cauvery,2026-01-13 19:30:00+00:00,81.17,NORMAL,84.51,85.4,89.25,10.93805556,78.44027778,CAVMSI_2026-01-13T19:30:00+0000_81.1700
CAVMSI,Cauvery at Musiri,Cauvery,2026-01-13 20:30:00+00:00,81.17,NORMAL,84.51,85.4,89.25,10.93805556,78.44027778,CAVMSI_2026-01-13T20:30:00+0000_81.1700
CAVMSI,Cauvery at Musiri,Cauvery,2026-01-13 21:30:00+00:00,81.17,NORMAL,84.51,85.4,89.25,10.93805556,78.44027778,CAVMSI_2026-01-13T21:30:00+0000_81.1700
CAVMSI,Cauvery at Musiri,Cauvery,2026-01-13 22:30:00+00:00,81.17,NORMAL,84.51,85.4,89.25,10.93805556,78.44027778,CAVMSI_2026-01-13T22:30:00+0000_81.1700
CAVMSI,Cauvery at Musiri,Cauvery,2026-01-13 23:30:00+00:00,81.17,NORMAL,84.51,85.4,89.25,10.93805556,78.44027778,CAVMSI_2026-01-13T23:30:00+0000_81.1700
CAVMSI,Cauvery at Musiri,Cauvery,2026-01-14 00:30:00+00:00,81.17,NORMAL,84.51,85.4,89.25,10.93805556,78.44027778,CAVMSI_2026-01-14T00:30:00+0000_81.1700
CAVMSI,Cauvery at Musiri,Cauvery,2026-01-14 01:30:00+00:00,81.043,NORMAL,84.51,85.4,89.25,10.93805556,78.44027778,CAVMSI_2026-01-14T01:30:00+0000_81.0430
CAVMSI,Cauvery at Musiri,Cauvery,2026-01-14 02:30:00+00:00,81.17,NORMAL,84.51,85.4,89.25,10.93805556,78.44027778,CAVMSI_2026-01-14T02:30:00+0000_81.1700
CAVMSI,Cauvery at Musiri,Cauvery,2026-01-14 03:30:00+00:00,81.17,NORMAL,84.51,85.4,89.25,10.93805556,78.44027778,CAVMSI_2026-01-14T03:30:00+0000_81.1700
CAVMSI,Cauvery at Musiri,Cauvery,2026-01-14 04:30:00+00:00,81.17,NORMAL,84.51,85.4,89.25,10.93805556,78.44027778,CAVMSI_2026-01-14T04:30:00+0000_81.1700
CAVMSI,Cauvery at Musiri,Cauvery,2026-01-14 12:30:00+00:00,81.17,NORMAL,84.51,85.4,89.25,10.93805556,78.44027778,CAVMSI_2026-01-14T12:30:00+0000_81.1700
CAVMSI,Cauvery at Musiri,Cauvery,2026-01-14 13:30:00+00:00,81.17,NORMAL,84.51,85.4,89.25,10.93805556,78.44027778,CAVMSI_2026-01-14T13:30:00+0000_81.1700
CAVMSI,Cauvery at Musiri,Cauvery,2026-01-14 14:30:00+00:00,81.17,NORMAL,84.51,85.4,89.25,10.93805556,78.44027778,CAVMSI_2026-01-14T14:30:00+0000_81.1700
CAVMSI,Cauvery at Musiri,Cauvery,2026-01-14 16:30:00+00:00,,,84.51,85.4,89.25,10.93805556,78.44027778,CAVMSI_2026-01-14T16:30:00+0000_
CAVMSI,Cauvery at Musiri,Cauvery,2026-01-14 18:30:00+00:00,81.17,NORMAL,84.51,85.4,89.25,10.93805556,78.44027778,CAVMSI_2026-01-14T18:30:00+0000_81.1700
CAVMSI,Cauvery at Musiri,Cauvery,2026-01-14 19:30:00+00:00,81.17,NORMAL,84.51,85.4,89.25,10.93805556,78.44027778,CAVMSI_2026-01-14T19:30:00+0000_81.1700
CAVMSI,Cauvery at Musiri,Cauvery,2026-01-14 20:30:00+00:00,81.17,NORMAL,84.51,85.4,89.25,10.93805556,78.44027778,CAVMSI_2026-01-14T20:30:00+0000_81.1700
CAVMSI,Cauvery at Musiri,Cauvery,2026-01-14 21:30:00+00:00,81.17,NORMAL,84.51,85.4,89.25,10.93805556,78.44027778,CAVMSI_2026-01-14T21:30:00+0000_81.1700
CAVMSI,Cauvery at Musiri,Cauvery,2026-01-14 22:30:00+00:00,81.17,NORMAL,84.51,85.4,89.25,10.93805556,78.44027778,CAVMSI_2026-01-14T22:30:00+0000_81.1700
CAVMSI,Cauvery at Musiri,Cauvery,2026-01-14 23:30:00+00:00,81.17,NORMAL,84.51,85.4,89.25,10.93805556,78.44027778,CAVMSI_2026-01-14T23:30:00+0000_81.1700
CAVMSI,Cauvery at Musiri,Cauvery,2026-01-15 00:30:00+00:00,81.17,NORMAL,84.51,85.4,89.25,10.93805556,78.44027778,CAVMSI_2026-01-15T00:30:00+0000_81.1700
CAVMSI,Cauvery at Musiri,Cauvery,2026-01-15 01:30:00+00:00,81.17,NORMAL,84.51,85.4,89.25,10.93805556,78.44027778,CAVMSI_2026-01-15T01:30:00+0000_81.1700
CAVMSI,Cauvery at Musiri,Cauvery,2026-01-15 02:30:00+00:00,81.17,NORMAL,84.51,85.4,89.25,10.93805556,78.44027778,CAVMSI_2026-01-15T02:30:00+0000_81.1700
CAVMSI,Cauvery at Musiri,Cauvery,2026-01-15 12:30:00+00:00,81.17,NORMAL,84.51,85.4,89.25,10.93805556,78.44027778,CAVMSI_2026-01-15T12:30:00+0000_81.1700
CAVMSI,Cauvery at Musiri,Cauvery,2026-01-15 13:30:00+00:00,81.17,NORMAL,84.51,85.4,89.25,10.93805556,78.44027778,CAVMSI_2026-01-15T13:30:00+0000_81.1700
CAVMSI,Cauvery at Musiri,Cauvery,2026-01-15 14:30:00+00:00,81.17,NORMAL,84.51,85.4,89.25,10.93805556,78.44027778,CAVMSI_2026-01-15T14:30:00+0000_81.1700
CAVMSI,Cauvery at Musiri,Cauvery,2026-01-15 15:30:00+00:00,81.17,NORMAL,84.51,85.4,89.25,10.93805556,78.44027778,CAVMSI_2026-01-15T15:30:00+0000_81.1700
CAVMSI,Cauvery at Musiri,Cauvery,2026-01-15 17:30:00+00:00,81.17,NORMAL,84.51,85.4,89.25,10.93805556,78.44027778,CAVMSI_2026-01-15T17:30:00+0000_81.1700
CAVMSI,Cauvery at Musiri,Cauvery,2026-01-15 19:30:00+00:00,81.17,NORMAL,84.51,85.4,89.25,10.93805556,78.44027778,CAVMSI_2026-01-15T19:30:00+0000_81.1700
CAVMSI,Cauvery at Musiri,Cauvery,2026-01-15 20:30:00+00:00,81.17,NORMAL,84.51,85.4,89.25,10.93805556,78.44027778,CAVMSI_2026-01-15T20:30:00+0000_81.1700
CAVMSI,Cauvery at Musiri,Cauvery,2026-01-15 21:30:00+00:00,81.17,NORMAL,84.51,85.4,89.25,10.93805556,78.44027778,CAVMSI_2026-01-15T21:30:00+0000_81.1700
CAVMSI,Cauvery at Musiri,Cauvery,2026-01-15 22:30:00+00:00,81.17,NORMAL,84.51,85.4,89.25,10.93805556,78.44027778,CAVMSI_2026-01-15T22:30:00+0000_81.1700
CAVMSI,Cauvery at Musiri,Cauvery,2026-01-15 23:30:00+00:00,81.17,NORMAL,84.51,85.4,89.25,10.93805556,78.44027778,CAVMSI_2026-01-15T23:30:00+0000_81.1700
CAVMSI,Cauvery at Musiri,Cauvery,2026-01-16 00:30:00+00:00,81.17,NORMAL,84.51,85.4,89.25,10.93805556,78.44027778,CAVMSI_2026-01-16T00:30:00+0000_81.1700
CAVMSI,Cauvery at Musiri,Cauvery,2026-01-16 01:30:00+00:00,81.17,NORMAL,84.51,85.4,89.25,10.93805556,78.44027778,CAVMSI_2026-01-16T01:30:00+0000_81.1700
CAVMSI,Cauvery at Musiri,Cauvery,2026-01-16 02:30:00+00:00,81.17,NORMAL,84.51,85.4,89.25,10.93805556,78.44027778,CAVMSI_2026-01-16T02:30:00+0000_81.1700
CAVMSI,Cauvery at Musiri,Cauvery,2026-01-16 03:30:00+00:00,81.17,NORMAL,84.51,85.4,89.25,10.93805556,78.44027778,CAVMSI_2026-01-16T03:30:00+0000_81.1700
CAVMSI,Cauvery at Musiri,Cauvery,2026-01-16 04:30:00+00:00,81.17,NORMAL,84.51,85.4,89.25,10.93805556,78.44027778,CAVMSI_2026-01-16T04:30:00+0000_81.1700
CAVMSI,Cauvery at Musiri,Cauvery,2026-01-16 06:30:00+00:00,,,84.51,85.4,89.25,10.93805556,78.44027778,CAVMSI_2026-01-16T06:30:00+0000_
CAVMSI,Cauvery at Musiri,Cauvery,2026-01-16 07:30:00+00:00,81.17,NORMAL,84.51,85.4,89.25,10.93805556,78.44027778,CAVMSI_2026-01-16T07:30:00+0000_81.1700
CAVMSI,Cauvery at Musiri,Cauvery,2026-01-16 08:30:00+00:00,81.17,NORMAL,84.51,85.4,89.25,10.93805556,78.44027778,CAVMSI_2026-01-16T08:30:00+0000_81.1700
CAVMSI,Cauvery at Musiri,Cauvery,2026-01-16 09:30:00+00:00,81.17,NORMAL,84.51,85.4,89.25,10.93805556,78.44027778,CAVMSI_2026-01-16T09:30:00+0000_81.1700
CAVMSI,Cauvery at Musiri,Cauvery,2026-01-16 11:30:00+00:00,81.17,NORMAL,84.51,85.4,89.25,10.93805556,78.44027778,CAVMSI_2026-01-16T11:30:00+0000_81.1700
CAVMSI,Cauvery at Musiri,Cauvery,2026-01-16 12:30:00+00:00,81.17,NORMAL,84.51,85.4,89.25,10.93805556,78.44027778,CAVMSI_2026-01-16T12:30:00+0000_81.1700
CAVMSI,Cauvery at Musiri,Cauvery,2026-01-16 13:30:00+00:00,81.043,NORMAL,84.51,85.4,89.25,10.93805556,78.44027778,CAVMSI_2026-01-16T13:30:00+0000_81.0430
CAVMSI,Cauvery at Musiri,Cauvery,2026-01-16 14:30:00+00:00,81.17,NORMAL,84.51,85.4,89.25,10.93805556,78.44027778,CAVMSI_2026-01-16T14:30:00+0000_81.1700
CAVMSI,Cauvery at Musiri,Cauvery,2026-01-16 15:30:00+00:00,81.17,NORMAL,84.51,85.4,89.25,10.93805556,78.44027778,CAVMSI_2026-01-16T15:30:00+0000_81.1700
CAVMSI,Cauvery at Musiri,Cauvery,2026-01-16 16:30:00+00:00,81.17,NORMAL,84.51,85.4,89.25,10.93805556,78.44027778,CAVMSI_2026-01-16T16:30:00+0000_81.1700
CAVMSI,Cauvery at Musiri,Cauvery,2026-01-16 17:30:00+00:00,81.17,NORMAL,84.51,85.4,89.25,10.93805556,78.44027778,CAVMSI_2026-01-16T17:30:00+0000_81.1700
CAVMSI,Cauvery at Musiri,Cauvery,2026-01-16 18:30:00+00:00,81.17,NORMAL,84.51,85.4,89.25,10.93805556,78.44027778,CAVMSI_2026-01-16T18:30:00+0000_81.1700
CAVMSI,Cauvery at Musiri,Cauvery,2026-01-16 19:30:00+00:00,81.044,NORMAL,84.51,85.4,89.25,10.93805556,78.44027778,CAVMSI_2026-01-16T19:30:00+0000_81.0440
CAVMSI,Cauvery at Musiri,Cauvery,2026-01-16 20:30:00+00:00,81.17,NORMAL,84.51,85.4,89.25,10.93805556,78.44027778,CAVMSI_2026-01-16T20:30:00+0000_81.1700
CAVMSI,Cauvery at Musiri,Cauvery,2026-01-16 21:30:00+00:00,81.17,NORMAL,84.51,85.4,89.25,10.93805556,78.44027778,CAVMSI_2026-01-16T21:30:00+0000_81.1700
CAVMSI,Cauvery at Musiri,Cauvery,2026-01-16 22:30:00+00:00,81.17,NORMAL,84.51,85.4,89.25,10.93805556,78.44027778,CAVMSI_2026-01-16T22:30:00+0000_81.1700
CAVMSI,Cauvery at Musiri,Cauvery,2026-01-16 23:30:00+00:00,81.17,NORMAL,84.51,85.4,89.25,10.93805556,78.44027778,CAVMSI_2026-01-16T23:30:00+0000_81.1700
CAVMSI,Cauvery at Musiri,Cauvery,2026-01-17 00:30:00+00:00,81.17,NORMAL,84.51,85.4,89.25,10.93805556,78.44027778,CAVMSI_2026-01-17T00:30:00+0000_81.1700
CAVMSI,Cauvery at Musiri,Cauvery,2026-01-17 01:30:00+00:00,81.17,NORMAL,84.51,85.4,89.25,10.93805556,78.44027778,CAVMSI_2026-01-17T01:30:00+0000_81.1700
CAVMSI,Cauvery at Musiri,Cauvery,2026-01-17 02:30:00+00:00,81.17,NORMAL,84.51,85.4,89.25,10.93805556,78.44027778,CAVMSI_2026-01-17T02:30:00+0000_81.1700
CAVMSI,Cauvery at Musiri,Cauvery,2026-01-17 03:30:00+00:00,81.17,NORMAL,84.51,85.4,89.25,10.93805556,78.44027778,CAVMSI_2026-01-17T03:30:00+0000_81.1700
CAVMSI,Cauvery at Musiri,Cauvery,2026-01-17 04:30:00+00:00,81.036,NORMAL,84.51,85.4,89.25,10.93805556,78.44027778,CAVMSI_2026-01-17T04:30:00+0000_81.0360
CAVMSI,Cauvery at Musiri,Cauvery,2026-01-17 05:30:00+00:00,81.17,NORMAL,84.51,85.4,89.25,10.93805556,78.44027778,CAVMSI_2026-01-17T05:30:00+0000_81.1700
CAVMSI,Cauvery at Musiri,Cauvery,2026-01-17 06:30:00+00:00,81.17,NORMAL,84.51,85.4,89.25,10.93805556,78.44027778,CAVMSI_2026-01-17T06:30:00+0000_81.1700
CAVMSI,Cauvery at Musiri,Cauvery,2026-01-17 08:30:00+00:00,81.039,NORMAL,84.51,85.4,89.25,10.93805556,78.44027778,CAVMSI_2026-01-17T08:30:00+0000_81.0390
CAVMSI,Cauvery at Musiri,Cauvery,2026-01-17 09:30:00+00:00,81.041,NORMAL,84.51,85.4,89.25,10.93805556,78.44027778,CAVMSI_2026-01-17T09:30:00+0000_81.0410
CAVMSI,Cauvery at Musiri,Cauvery,2026-01-17 10:30:00+00:00,81.041,NORMAL,84.51,85.4,89.25,10.93805556,78.44027778,CAVMSI_2026-01-17T10:30:00+0000_81.0410
CAVMSI,Cauvery at Musiri,Cauvery,2026-01-17 11:30:00+00:00,81.17,NORMAL,84.51,85.4,89.25,10.93805556,78.44027778,CAVMSI_2026-01-17T11:30:00+0000_81.1700
CAVMSI,Cauvery at Musiri,Cauvery,2026-01-28 23:30:00+00:00,81.17,NORMAL,84.51,85.4,89.25,10.93805556,78.44027778,CAVMSI_2026-01-28T23:30:00+0000_81.1700
CAVMSI,Cauvery at Musiri,Cauvery,2026-01-29 00:30:00+00:00,81.17,NORMAL,84.51,85.4,89.25,10.93805556,78.44027778,CAVMSI_2026-01-29T00:30:00+0000_81.1700
CAVMSI,Cauvery at Musiri,Cauvery,2026-01-29 01:30:00+00:00,81.17,NORMAL,84.51,85.4,89.25,10.93805556,78.44027778,CAVMSI_2026-01-29T01:30:00+0000_81.1700
CAVMSI,Cauvery at Musiri,Cauvery,2026-01-29 02:30:00+00:00,,,84.51,85.4,89.25,10.93805556,78.44027778,CAVMSI_2026-01-29T02:30:00+0000_
CAVMSI,Cauvery at Musiri,Cauvery,2026-01-29 04:30:00+00:00,81.17,NORMAL,84.51,85.4,89.25,10.93805556,78.44027778,CAVMSI_2026-01-29T04:30:00+0000_81.1700
CAVMSI,Cauvery at Musiri,Cauvery,2026-01-29 09:30:00+00:00,81.17,NORMAL,84.51,85.4,89.25,10.93805556,78.44027778,CAVMSI_2026-01-29T09:30:00+0000_81.1700
CAVMSI,Cauvery at Musiri,Cauvery,2026-01-29 12:30:00+00:00,81.17,NORMAL,84.51,85.4,89.25,10.93805556,78.44027778,CAVMSI_2026-01-29T12:30:00+0000_81.1700
CAVMSI,Cauvery at Musiri,Cauvery,2026-01-29 13:30:00+00:00,81.17,NORMAL,84.51,85.4,89.25,10.93805556,78.44027778,CAVMSI_2026-01-29T13:30:00+0000_81.1700
CAVMSI,Cauvery at Musiri,Cauvery,2026-01-29 14:30:00+00:00,81.17,NORMAL,84.51,85.4,89.25,10.93805556,78.44027778,CAVMSI_2026-01-29T14:30:00+0000_81.1700
CAVMSI,Cauvery at Musiri,Cauvery,2026-01-29 17:30:00+00:00,81.17,NORMAL,84.51,85.4,89.25,10.93805556,78.44027778,CAVMSI_2026-01-29T17:30:00+0000_81.1700
CAVMSI,Cauvery at Musiri,Cauvery,2026-01-29 18:30:00+00:00,81.17,NORMAL,84.51,85.4,89.25,10.93805556,78.44027778,CAVMSI_2026-01-29T18:30:00+0000_81.1700
CAVMSI,Cauvery at Musiri,Cauvery,2026-01-29 20:30:00+00:00,81.17,NORMAL,84.51,85.4,89.25,10.93805556,78.44027778,CAVMSI_2026-01-29T20:30:00+0000_81.1700
CAVMSI,Cauvery at Musiri,Cauvery,2026-01-29 21:30:00+00:00,81.17,NORMAL,84.51,85.4,89.25,10.93805556,78.44027778,CAVMSI_2026-01-29T21:30:00+0000_81.1700
CAVMSI,Cauvery at Musiri,Cauvery,2026-01-29 22:30:00+00:00,81.17,NORMAL,84.51,85.4,89.25,10.93805556,78.44027778,CAVMSI_2026-01-29T22:30:00+0000_81.1700
CAVMSI,Cauvery at Musiri,Cauvery,2026-01-29 23:30:00+00:00,81.17,NORMAL,84.51,85.4,89.25,10.93805556,78.44027778,CAVMSI_2026-01-29T23:30:00+0000_81.1700
CAVMSI,Cauvery at Musiri,Cauvery,2026-01-30 00:30:00+00:00,81.17,NORMAL,84.51,85.4,89.25,10.93805556,78.44027778,CAVMSI_2026-01-30T00:30:00+0000_81.1700
CAVMSI,Cauvery at Musiri,Cauvery,2026-01-30 01:30:00+00:00,81.17,NORMAL,84.51,85.4,89.25,10.93805556,78.44027778,CAVMSI_2026-01-30T01:30:00+0000_81.1700
CAVMSI,Cauvery at Musiri,Cauvery,2026-01-30 02:30:00+00:00,,,84.51,85.4,89.25,10.93805556,78.44027778,CAVMSI_2026-01-30T02:30:00+0000_
CAVMSI,Cauvery at Musiri,Cauvery,2026-01-30 12:30:00+00:00,81.17,NORMAL,84.51,85.4,89.25,10.93805556,78.44027778,CAVMSI_2026-01-30T12:30:00+0000_81.1700
CAVMSI,Cauvery at Musiri,Cauvery,2026-01-30 14:30:00+00:00,81.17,NORMAL,84.51,85.4,89.25,10.93805556,78.44027778,CAVMSI_2026-01-30T14:30:00+0000_81.1700
CAVMSI,Cauvery at Musiri,Cauvery,2026-01-30 15:30:00+00:00,81.17,NORMAL,84.51,85.4,89.25,10.93805556,78.44027778,CAVMSI_2026-01-30T15:30:00+0000_81.1700
CAVMSI,Cauvery at Musiri,Cauvery,2026-01-30 16:30:00+00:00,81.17,NORMAL,84.51,85.4,89.25,10.93805556,78.44027778,CAVMSI_2026-01-30T16:30:00+0000_81.1700
CAVMSI,Cauvery at Musiri,Cauvery,2026-01-30 17:30:00+00:00,81.17,NORMAL,84.51,85.4,89.25,10.93805556,78.44027778,CAVMSI_2026-01-30T17:30:00+0000_81.1700
CAVMSI,Cauvery at Musiri,Cauvery,2026-01-30 18:30:00+00:00,81.17,NORMAL,84.51,85.4,89.25,10.93805556,78.44027778,CAVMSI_2026-01-30T18:30:00+0000_81.1700
CAVMSI,Cauvery at Musiri,Cauvery,2026-01-30 19:30:00+00:00,81.044,NORMAL,84.51,85.4,89.25,10.93805556,78.44027778,CAVMSI_2026-01-30T19:30:00+0000_81.0440
CAVMSI,Cauvery at Musiri,Cauvery,2026-01-30 20:30:00+00:00,677.17,HIGH_FLOOD_EXCEEDED,84.51,85.4,89.25,10.93805556,78.44027778,CAVMSI_2026-01-30T20:30:00+0000_677.1700
CAVMSI,Cauvery at Musiri,Cauvery,2026-01-30 21:30:00+00:00,81.17,NORMAL,84.51,85.4,89.25,10.93805556,78.44027778,CAVMSI_2026-01-30T21:30:00+0000_81.1700
CAVMSI,Cauvery at Musiri,Cauvery,2026-01-30 22:30:00+00:00,81.17,NORMAL,84.51,85.4,89.25,10.93805556,78.44027778,CAVMSI_2026-01-30T22:30:00+0000_81.1700
CAVMSI,Cauvery at Musiri,Cauvery,2026-01-30 23:30:00+00:00,81.17,NORMAL,84.51,85.4,89.25,10.93805556,78.44027778,CAVMSI_2026-01-30T23:30:00+0000_81.1700
CAVMSI,Cauvery at Musiri,Cauvery,2026-01-31 00:30:00+00:00,81.17,NORMAL,84.51,85.4,89.25,10.93805556,78.44027778,CAVMSI_2026-01-31T00:30:00+0000_81.1700
CAVMSI,Cauvery at Musiri,Cauvery,2026-01-31 01:30:00+00:00,81.17,NORMAL,84.51,85.4,89.25,10.93805556,78.44027778,CAVMSI_2026-01-31T01:30:00+0000_81.1700
CAVMSI,Cauvery at Musiri,Cauvery,2026-01-31 03:30:00+00:00,81.04,NORMAL,84.51,85.4,89.25,10.93805556,78.44027778,CAVMSI_2026-01-31T03:30:00+0000_81.0400
CAVMSI,Cauvery at Musiri,Cauvery,2026-01-31 04:30:00+00:00,81.17,NORMAL,84.51,85.4,89.25,10.93805556,78.44027778,CAVMSI_2026-01-31T04:30:00+0000_81.1700
CAVMSI,Cauvery at Musiri,Cauvery,2026-01-31 07:30:00+00:00,81.17,NORMAL,84.51,85.4,89.25,10.93805556,78.44027778,CAVMSI_2026-01-31T07:30:00+0000_81.1700
CAVMSI,Cauvery at Musiri,Cauvery,2026-01-31 09:30:00+00:00,81.17,NORMAL,84.51,85.4,89.25,10.93805556,78.44027778,CAVMSI_2026-01-31T09:30:00+0000_81.1700
CAVMSI,Cauvery at Musiri,Cauvery,2026-01-31 10:30:00+00:00,81.17,NORMAL,84.51,85.4,89.25,10.93805556,78.44027778,CAVMSI_2026-01-31T10:30:00+0000_81.1700
CAVMSI,Cauvery at Musiri,Cauvery,2026-01-31 11:30:00+00:00,81.17,NORMAL,84.51,85.4,89.25,10.93805556,78.44027778,CAVMSI_2026-01-31T11:30:00+0000_81.1700
CAVMSI,Cauvery at Musiri,Cauvery,2026-01-31 12:30:00+00:00,81.17,NORMAL,84.51,85.4,89.25,10.93805556,78.44027778,CAVMSI_2026-01-31T12:30:00+0000_81.1700
CAVMSI,Cauvery at Musiri,Cauvery,2026-01-31 14:30:00+00:00,81.17,NORMAL,84.51,85.4,89.25,10.93805556,78.44027778,CAVMSI_2026-01-31T14:30:00+0000_81.1700
CAVMSI,Cauvery at Musiri,Cauvery,2026-01-31 15:30:00+00:00,81.17,NORMAL,84.51,85.4,89.25,10.93805556,78.44027778,CAVMSI_2026-01-31T15:30:00+0000_81.1700
CAVMSI,Cauvery at Musiri,Cauvery,2026-01-31 18:30:00+00:00,81.17,NORMAL,84.51,85.4,89.25,10.93805556,78.44027778,CAVMSI_2026-01-31T18:30:00+0000_81.1700
CAVMSI,Cauvery at Musiri,Cauvery,2026-01-31 19:30:00+00:00,81.17,NORMAL,84.51,85.4,89.25,10.93805556,78.44027778,CAVMSI_2026-01-31T19:30:00+0000_81.1700
CAVMSI,Cauvery at Musiri,Cauvery,2026-01-31 20:30:00+00:00,81.17,NORMAL,84.51,85.4,89.25,10.93805556,78.44027778,CAVMSI_2026-01-31T20:30:00+0000_81.1700
CAVMSI,Cauvery at Musiri,Cauvery,2026-01-31 21:30:00+00:00,81.17,NORMAL,84.51,85.4,89.25,10.93805556,78.44027778,CAVMSI_2026-01-31T21:30:00+0000_81.1700
CAVMSI,Cauvery at Musiri,Cauvery,2026-01-31 22:30:00+00:00,81.17,NORMAL,84.51,85.4,89.25,10.93805556,78.44027778,CAVMSI_2026-01-31T22:30:00+0000_81.1700
CAVMSI,Cauvery at Musiri,Cauvery,2026-01-31 23:30:00+00:00,81.044,NORMAL,84.51,85.4,89.25,10.93805556,78.44027778,CAVMSI_2026-01-31T23:30:00+0000_81.0440
CAVMSI,Cauvery at Musiri,Cauvery,2026-02-01 00:30:00+00:00,81.17,NORMAL,84.51,85.4,89.25,10.93805556,78.44027778,CAVMSI_2026-02-01T00:30:00+0000_81.1700
CAVMSI,Cauvery at Musiri,Cauvery,2026-02-01 01:30:00+00:00,81.17,NORMAL,84.51,85.4,89.25,10.93805556,78.44027778,CAVMSI_2026-02-01T01:30:00+0000_81.1700
CAVMSI,Cauvery at Musiri,Cauvery,2026-02-01 02:30:00+00:00,81.17,NORMAL,84.51,85.4,89.25,10.93805556,78.44027778,CAVMSI_2026-02-01T02:30:00+0000_81.1700
CAVMSI,Cauvery at Musiri,Cauvery,2026-02-01 03:30:00+00:00,81.17,NORMAL,84.51,85.4,89.25,10.93805556,78.44027778,CAVMSI_2026-02-01T03:30:00+0000_81.1700
CAVMSI,Cauvery at Musiri,Cauvery,2026-02-01 04:30:00+00:00,,,84.51,85.4,89.25,10.93805556,78.44027778,CAVMSI_2026-02-01T04:30:00+0000_
CAVMSI,Cauvery at Musiri,Cauvery,2026-02-01 09:30:00+00:00,81.17,NORMAL,84.51,85.4,89.25,10.93805556,78.44027778,CAVMSI_2026-02-01T09:30:00+0000_81.1700
CAVMSI,Cauvery at Musiri,Cauvery,2026-02-01 10:30:00+00:00,81.17,NORMAL,84.51,85.4,89.25,10.93805556,78.44027778,CAVMSI_2026-02-01T10:30:00+0000_81.1700
CAVMSI,Cauvery at Musiri,Cauvery,2026-02-01 12:30:00+00:00,81.17,NORMAL,84.51,85.4,89.25,10.93805556,78.44027778,CAVMSI_2026-02-01T12:30:00+0000_81.1700
CAVMSI,Cauvery at Musiri,Cauvery,2026-02-01 13:30:00+00:00,81.17,NORMAL,84.51,85.4,89.25,10.93805556,78.44027778,CAVMSI_2026-02-01T13:30:00+0000_81.1700
CAVMSI,Cauvery at Musiri,Cauvery,2026-02-01 14:30:00+00:00,,,84.51,85.4,89.25,10.93805556,78.44027778,CAVMSI_2026-02-01T14:30:00+0000_
CAVMSI,Cauvery at Musiri,Cauvery,2026-02-01 17:30:00+00:00,81.17,NORMAL,84.51,85.4,89.25,10.93805556,78.44027778,CAVMSI_2026-02-01T17:30:00+0000_81.1700
CAVMSI,Cauvery at Musiri,Cauvery,2026-02-01 18:30:00+00:00,81.17,NORMAL,84.51,85.4,89.25,10.93805556,78.44027778,CAVMSI_2026-02-01T18:30:00+0000_81.1700
CAVMSI,Cauvery at Musiri,Cauvery,2026-02-01 19:30:00+00:00,81.17,NORMAL,84.51,85.4,89.25,10.93805556,78.44027778,CAVMSI_2026-02-01T19:30:00+0000_81.1700
CAVMSI,Cauvery at Musiri,Cauvery,2026-02-01 20:30:00+00:00,81.17,NORMAL,84.51,85.4,89.25,10.93805556,78.44027778,CAVMSI_2026-02-01T20:30:00+0000_81.1700
CAVMSI,Cauvery at Musiri,Cauvery,2026-02-01 21:30:00+00:00,81.17,NORMAL,84.51,85.4,89.25,10.93805556,78.44027778,CAVMSI_2026-02-01T21:30:00+0000_81.1700
CAVMSI,Cauvery at Musiri,Cauvery,2026-02-01 22:30:00+00:00,81.17,NORMAL,84.51,85.4,89.25,10.93805556,78.44027778,CAVMSI_2026-02-01T22:30:00+0000_81.1700
CAVMSI,Cauvery at Musiri,Cauvery,2026-02-01 23:30:00+00:00,81.17,NORMAL,84.51,85.4,89.25,10.93805556,78.44027778,CAVMSI_2026-02-01T23:30:00+0000_81.1700
CAVMSI,Cauvery at Musiri,Cauvery,2026-02-02 00:30:00+00:00,81.17,NORMAL,84.51,85.4,89.25,10.93805556,78.44027778,CAVMSI_2026-02-02T00:30:00+0000_81.1700
CAVMSI,Cauvery at Musiri,Cauvery,2026-02-02 01:30:00+00:00,81.17,NORMAL,84.51,85.4,89.25,10.93805556,78.44027778,CAVMSI_2026-02-02T01:30:00+0000_81.1700
CAVMSI,Cauvery at Musiri,Cauvery,2026-02-02 02:30:00+00:00,81.17,NORMAL,84.51,85.4,89.25,10.93805556,78.44027778,CAVMSI_2026-02-02T02:30:00+0000_81.1700
CAVMSI,Cauvery at Musiri,Cauvery,2026-02-02 03:30:00+00:00,81.17,NORMAL,84.51,85.4,89.25,10.93805556,78.44027778,CAVMSI_2026-02-02T03:30:00+0000_81.1700
CAVMSI,Cauvery at Musiri,Cauvery,2026-02-02 05:30:00+00:00,81.17,NORMAL,84.51,85.4,89.25,10.93805556,78.44027778,CAVMSI_2026-02-02T05:30:00+0000_81.1700
CAVMSI,Cauvery at Musiri,Cauvery,2026-02-02 09:30:00+00:00,,,84.51,85.4,89.25,10.93805556,78.44027778,CAVMSI_2026-02-02T09:30:00+0000_
CAVMSI,Cauvery at Musiri,Cauvery,2026-02-02 14:30:00+00:00,81.17,NORMAL,84.51,85.4,89.25,10.93805556,78.44027778,CAVMSI_2026-02-02T14:30:00+0000_81.1700
CAVMSI,Cauvery at Musiri,Cauvery,2026-02-02 16:30:00+00:00,81.17,NORMAL,84.51,85.4,89.25,10.93805556,78.44027778,CAVMSI_2026-02-02T16:30:00+0000_81.1700
CAVMSI,Cauvery at Musiri,Cauvery,2026-02-02 19:30:00+00:00,81.17,NORMAL,84.51,85.4,89.25,10.93805556,78.44027778,CAVMSI_2026-02-02T19:30:00+0000_81.1700
CAVMSI,Cauvery at Musiri,Cauvery,2026-02-02 20:30:00+00:00,81.17,NORMAL,84.51,85.4,89.25,10.93805556,78.44027778,CAVMSI_2026-02-02T20:30:00+0000_81.1700
CAVMSI,Cauvery at Musiri,Cauvery,2026-02-02 21:30:00+00:00,81.17,NORMAL,84.51,85.4,89.25,10.93805556,78.44027778,CAVMSI_2026-02-02T21:30:00+0000_81.1700
CAVMSI,Cauvery at Musiri,Cauvery,2026-02-02 22:30:00+00:00,81.17,NORMAL,84.51,85.4,89.25,10.93805556,78.44027778,CAVMSI_2026-02-02T22:30:00+0000_81.1700
CAVMSI,Cauvery at Musiri,Cauvery,2026-02-02 23:30:00+00:00,81.044,NORMAL,84.51,85.4,89.25,10.93805556,78.44027778,CAVMSI_2026-02-02T23:30:00+0000_81.0440
CAVMSI,Cauvery at Musiri,Cauvery,2026-02-03 00:30:00+00:00,81.17,NORMAL,84.51,85.4,89.25,10.93805556,78.44027778,CAVMSI_2026-02-03T00:30:00+0000_81.1700
CAVMSI,Cauvery at Musiri,Cauvery,2026-02-03 01:30:00+00:00,81.17,NORMAL,84.51,85.4,89.25,10.93805556,78.44027778,CAVMSI_2026-02-03T01:30:00+0000_81.1700
CAVMSI,Cauvery at Musiri,Cauvery,2026-02-03 02:30:00+00:00,81.042,NORMAL,84.51,85.4,89.25,10.93805556,78.44027778,CAVMSI_2026-02-03T02:30:00+0000_81.0420
CAVMSI,Cauvery at Musiri,Cauvery,2026-02-03 03:30:00+00:00,81.17,NORMAL,84.51,85.4,89.25,10.93805556,78.44027778,CAVMSI_2026-02-03T03:30:00+0000_81.1700
CAVMSI,Cauvery at Musiri,Cauvery,2026-02-03 05:30:00+00:00,81.17,NORMAL,84.51,85.4,89.25,10.93805556,78.44027778,CAVMSI_2026-02-03T05:30:00+0000_81.1700
CAVMSI,Cauvery at Musiri,Cauvery,2026-02-03 12:30:00+00:00,81.17,NORMAL,84.51,85.4,89.25,10.93805556,78.44027778,CAVMSI_2026-02-03T12:30:00+0000_81.1700
CAVMSI,Cauvery at Musiri,Cauvery,2026-02-03 15:30:00+00:00,81.17,NORMAL,84.51,85.4,89.25,10.93805556,78.44027778,CAVMSI_2026-02-03T15:30:00+0000_81.1700
CAVMSI,Cauvery at Musiri,Cauvery,2026-02-03 16:30:00+00:00,81.17,NORMAL,84.51,85.4,89.25,10.93805556,78.44027778,CAVMSI_2026-02-03T16:30:00+0000_81.1700
CAVMSI,Cauvery at Musiri,Cauvery,2026-02-03 17:30:00+00:00,81.044,NORMAL,84.51,85.4,89.25,10.93805556,78.44027778,CAVMSI_2026-02-03T17:30:00+0000_81.0440
CAVMSI,Cauvery at Musiri,Cauvery,2026-02-03 18:30:00+00:00,81.17,NORMAL,84.51,85.4,89.25,10.93805556,78.44027778,CAVMSI_2026-02-03T18:30:00+0000_81.1700
CAVMSI,Cauvery at Musiri,Cauvery,2026-02-03 19:30:00+00:00,81.17,NORMAL,84.51,85.4,89.25,10.93805556,78.44027778,CAVMSI_2026-02-03T19:30:00+0000_81.1700
CAVMSI,Cauvery at Musiri,Cauvery,2026-02-03 20:30:00+00:00,81.17,NORMAL,84.51,85.4,89.25,10.93805556,78.44027778,CAVMSI_2026-02-03T20:30:00+0000_81.1700
CAVMSI,Cauvery at Musiri,Cauvery,2026-02-03 21:30:00+00:00,81.17,NORMAL,84.51,85.4,89.25,10.93805556,78.44027778,CAVMSI_2026-02-03T21:30:00+0000_81.1700
CAVMSI,Cauvery at Musiri,Cauvery,2026-02-03 22:30:00+00:00,81.17,NORMAL,84.51,85.4,89.25,10.93805556,78.44027778,CAVMSI_2026-02-03T22:30:00+0000_81.1700
CAVMSI,Cauvery at Musiri,Cauvery,2026-02-03 23:30:00+00:00,81.17,NORMAL,84.51,85.4,89.25,10.93805556,78.44027778,CAVMSI_2026-02-03T23:30:00+0000_81.1700
CAVMSI,Cauvery at Musiri,Cauvery,2026-02-04 00:30:00+00:00,81.17,NORMAL,84.51,85.4,89.25,10.93805556,78.44027778,CAVMSI_2026-02-04T00:30:00+0000_81.1700
CAVMSI,Cauvery at Musiri,Cauvery,2026-02-04 01:30:00+00:00,81.17,NORMAL,84.51,85.4,89.25,10.93805556,78.44027778,CAVMSI_2026-02-04T01:30:00+0000_81.1700
CAVMSI,Cauvery at Musiri,Cauvery,2026-02-04 02:30:00+00:00,81.17,NORMAL,84.51,85.4,89.25,10.93805556,78.44027778,CAVMSI_2026-02-04T02:30:00+0000_81.1700
CAVMSI,Cauvery at Musiri,Cauvery,2026-02-04 12:30:00+00:00,81.17,NORMAL,84.51,85.4,89.25,10.93805556,78.44027778,CAVMSI_2026-02-04T12:30:00+0000_81.1700
CAVMSI,Cauvery at Musiri,Cauvery,2026-02-04 16:30:00+00:00,81.043,NORMAL,84.51,85.4,89.25,10.93805556,78.44027778,CAVMSI_2026-02-04T16:30:00+0000_81.0430
CAVMSI,Cauvery at Musiri,Cauvery,2026-02-04 17:30:00+00:00,81.17,NORMAL,84.51,85.4,89.25,10.93805556,78.44027778,CAVMSI_2026-02-04T17:30:00+0000_81.1700
CAVMSI,Cauvery at Musiri,Cauvery,2026-02-04 18:30:00+00:00,81.17,NORMAL,84.51,85.4,89.25,10.93805556,78.44027778,CAVMSI_2026-02-04T18:30:00+0000_81.1700
CAVMSI,Cauvery at Musiri,Cauvery,2026-02-04 19:30:00+00:00,81.17,NORMAL,84.51,85.4,89.25,10.93805556,78.44027778,CAVMSI_2026-02-04T19:30:00+0000_81.1700
CAVMSI,Cauvery at Musiri,Cauvery,2026-02-04 20:30:00+00:00,81.17,NORMAL,84.51,85.4,89.25,10.93805556,78.44027778,CAVMSI_2026-02-04T20:30:00+0000_81.1700
CAVMSI,Cauvery at Musiri,Cauvery,2026-02-04 21:30:00+00:00,81.17,NORMAL,84.51,85.4,89.25,10.93805556,78.44027778,CAVMSI_2026-02-04T21:30:00+0000_81.1700
CAVMSI,Cauvery at Musiri,Cauvery,2026-02-04 22:30:00+00:00,81.17,NORMAL,84.51,85.4,89.25,10.93805556,78.44027778,CAVMSI_2026-02-04T22:30:00+0000_81.1700
CAVMSI,Cauvery at Musiri,Cauvery,2026-02-04 23:30:00+00:00,81.17,NORMAL,84.51,85.4,89.25,10.93805556,78.44027778,CAVMSI_2026-02-04T23:30:00+0000_81.1700
CAVMSI,Cauvery at Musiri,Cauvery,2026-02-05 00:30:00+00:00,81.17,NORMAL,84.51,85.4,89.25,10.93805556,78.44027778,CAVMSI_2026-02-05T00:30:00+0000_81.1700
CAVMSI,Cauvery at Musiri,Cauvery,2026-02-05 01:30:00+00:00,81.17,NORMAL,84.51,85.4,89.25,10.93805556,78.44027778,CAVMSI_2026-02-05T01:30:00+0000_81.1700
CAVMSI,Cauvery at Musiri,Cauvery,2026-02-05 02:30:00+00:00,81.042,NORMAL,84.51,85.4,89.25,10.93805556,78.44027778,CAVMSI_2026-02-05T02:30:00+0000_81.0420
CAVMSI,Cauvery at Musiri,Cauvery,2026-02-05 03:30:00+00:00,81.17,NORMAL,84.51,85.4,89.25,10.93805556,78.44027778,CAVMSI_2026-02-05T03:30:00+0000_81.1700
CAVMSI,Cauvery at Musiri,Cauvery,2026-02-05 04:30:00+00:00,81.17,NORMAL,84.51,85.4,89.25,10.93805556,78.44027778,CAVMSI_2026-02-05T04:30:00+0000_81.1700
CAVMSI,Cauvery at Musiri,Cauvery,2026-02-05 17:30:00+00:00,81.17,NORMAL,84.51,85.4,89.25,10.93805556,78.44027778,CAVMSI_2026-02-05T17:30:00+0000_81.1700
CAVMSI,Cauvery at Musiri,Cauvery,2026-02-05 19:30:00+00:00,81.17,NORMAL,84.51,85.4,89.25,10.93805556,78.44027778,CAVMSI_2026-02-05T19:30:00+0000_81.1700
CAVMSI,Cauvery at Musiri,Cauvery,2026-02-05 20:30:00+00:00,81.17,NORMAL,84.51,85.4,89.25,10.93805556,78.44027778,CAVMSI_2026-02-05T20:30:00+0000_81.1700
CAVMSI,Cauvery at Musiri,Cauvery,2026-02-05 21:30:00+00:00,81.17,NORMAL,84.51,85.4,89.25,10.93805556,78.44027778,CAVMSI_2026-02-05T21:30:00+0000_81.1700
CAVMSI,Cauvery at Musiri,Cauvery,2026-02-05 22:30:00+00:00,81.044,NORMAL,84.51,85.4,89.25,10.93805556,78.44027778,CAVMSI_2026-02-05T22:30:00+0000_81.0440
CAVMSI,Cauvery at Musiri,Cauvery,2026-02-05 23:30:00+00:00,81.044,NORMAL,84.51,85.4,89.25,10.93805556,78.44027778,CAVMSI_2026-02-05T23:30:00+0000_81.0440
CAVMSI,Cauvery at Musiri,Cauvery,2026-02-06 00:30:00+00:00,81.17,NORMAL,84.51,85.4,89.25,10.93805556,78.44027778,CAVMSI_2026-02-06T00:30:00+0000_81.1700
CAVMSI,Cauvery at Musiri,Cauvery,2026-02-06 01:30:00+00:00,81.17,NORMAL,84.51,85.4,89.25,10.93805556,78.44027778,CAVMSI_2026-02-06T01:30:00+0000_81.1700
CAVMSI,Cauvery at Musiri,Cauvery,2026-02-06 02:30:00+00:00,81.17,NORMAL,84.51,85.4,89.25,10.93805556,78.44027778,CAVMSI_2026-02-06T02:30:00+0000_81.1700
CAVMSI,Cauvery at Musiri,Cauvery,2026-02-06 03:30:00+00:00,81.17,NORMAL,84.51,85.4,89.25,10.93805556,78.44027778,CAVMSI_2026-02-06T03:30:00+0000_81.1700
CAVMSI,Cauvery at Musiri,Cauvery,2026-02-06 09:30:00+00:00,81.17,NORMAL,84.51,85.4,89.25,10.93805556,78.44027778,CAVMSI_2026-02-06T09:30:00+0000_81.1700
CAVMSI,Cauvery at Musiri,Cauvery,2026-02-06 10:30:00+00:00,81.17,NORMAL,84.51,85.4,89.25,10.93805556,78.44027778,CAVMSI_2026-02-06T10:30:00+0000_81.1700
CAVMSI,Cauvery at Musiri,Cauvery,2026-02-06 12:30:00+00:00,81.17,NORMAL,84.51,85.4,89.25,10.93805556,78.44027778,CAVMSI_2026-02-06T12:30:00+0000_81.1700
CAVMSI,Cauvery at Musiri,Cauvery,2026-02-06 13:30:00+00:00,81.17,NORMAL,84.51,85.4,89.25,10.93805556,78.44027778,CAVMSI_2026-02-06T13:30:00+0000_81.1700
CAVMSI,Cauvery at Musiri,Cauvery,2026-02-06 20:30:00+00:00,81.043,NORMAL,84.51,85.4,89.25,10.93805556,78.44027778,CAVMSI_2026-02-06T20:30:00+0000_81.0430
CAVMSI,Cauvery at Musiri,Cauvery,2026-02-06 21:30:00+00:00,81.17,NORMAL,84.51,85.4,89.25,10.93805556,78.44027778,CAVMSI_2026-02-06T21:30:00+0000_81.1700
CAVMSI,Cauvery at Musiri,Cauvery,2026-02-06 22:30:00+00:00,81.17,NORMAL,84.51,85.4,89.25,10.93805556,78.44027778,CAVMSI_2026-02-06T22:30:00+0000_81.1700
CAVMSI,Cauvery at Musiri,Cauvery,2026-02-06 23:30:00+00:00,,,84.51,85.4,89.25,10.93805556,78.44027778,CAVMSI_2026-02-06T23:30:00+0000_
CAVMSI,Cauvery at Musiri,Cauvery,2026-02-07 00:30:00+00:00,81.17,NORMAL,84.51,85.4,89.25,10.93805556,78.44027778,CAVMSI_2026-02-07T00:30:00+0000_81.1700
CAVMSI,Cauvery at Musiri,Cauvery,2026-02-07 01:30:00+00:00,81.17,NORMAL,84.51,85.4,89.25,10.93805556,78.44027778,CAVMSI_2026-02-07T01:30:00+0000_81.1700
CAVMSI,Cauvery at Musiri,Cauvery,2026-02-07 02:30:00+00:00,81.17,NORMAL,84.51,85.4,89.25,10.93805556,78.44027778,CAVMSI_2026-02-07T02:30:00+0000_81.1700
CAVMSI,Cauvery at Musiri,Cauvery,2026-02-07 09:30:00+00:00,81.17,NORMAL,84.51,85.4,89.25,10.93805556,78.44027778,CAVMSI_2026-02-07T09:30:00+0000_81.1700
CAVMSI,Cauvery at Musiri,Cauvery,2026-02-07 19:30:00+00:00,81.17,NORMAL,84.51,85.4,89.25,10.93805556,78.44027778,CAVMSI_2026-02-07T19:30:00+0000_81.1700
CAVMSI,Cauvery at Musiri,Cauvery,2026-02-07 20:30:00+00:00,81.17,NORMAL,84.51,85.4,89.25,10.93805556,78.44027778,CAVMSI_2026-02-07T20:30:00+0000_81.1700
CAVMSI,Cauvery at Musiri,Cauvery,2026-02-07 21:30:00+00:00,81.17,NORMAL,84.51,85.4,89.25,10.93805556,78.44027778,CAVMSI_2026-02-07T21:30:00+0000_81.1700
CAVMSI,Cauvery at Musiri,Cauvery,2026-02-07 22:30:00+00:00,81.17,NORMAL,84.51,85.4,89.25,10.93805556,78.44027778,CAVMSI_2026-02-07T22:30:00+0000_81.1700
CAVMSI,Cauvery at Musiri,Cauvery,2026-02-07 23:30:00+00:00,81.17,NORMAL,84.51,85.4,89.25,10.93805556,78.44027778,CAVMSI_2026-02-07T23:30:00+0000_81.1700
CAVMSI,Cauvery at Musiri,Cauvery,2026-02-08 00:30:00+00:00,81.17,NORMAL,84.51,85.4,89.25,10.93805556,78.44027778,CAVMSI_2026-02-08T00:30:00+0000_81.1700
CAVMSI,Cauvery at Musiri,Cauvery,2026-02-08 01:30:00+00:00,81.17,NORMAL,84.51,85.4,89.25,10.93805556,78.44027778,CAVMSI_2026-02-08T01:30:00+0000_81.1700
CAVMSI,Cauvery at Musiri,Cauvery,2026-02-08 02:30:00+00:00,81.17,NORMAL,84.51,85.4,89.25,10.93805556,78.44027778,CAVMSI_2026-02-08T02:30:00+0000_81.1700
CAVMSI,Cauvery at Musiri,Cauvery,2026-02-08 05:30:00+00:00,81.17,NORMAL,84.51,85.4,89.25,10.93805556,78.44027778,CAVMSI_2026-02-08T05:30:00+0000_81.1700
CAVMSI,Cauvery at Musiri,Cauvery,2026-02-08 20:30:00+00:00,81.17,NORMAL,84.51,85.4,89.25,10.93805556,78.44027778,CAVMSI_2026-02-08T20:30:00+0000_81.1700
CAVMSI,Cauvery at Musiri,Cauvery,2026-02-08 21:30:00+00:00,81.17,NORMAL,84.51,85.4,89.25,10.93805556,78.44027778,CAVMSI_2026-02-08T21:30:00+0000_81.1700
CAVMSI,Cauvery at Musiri,Cauvery,2026-02-08 22:30:00+00:00,81.17,NORMAL,84.51,85.4,89.25,10.93805556,78.44027778,CAVMSI_2026-02-08T22:30:00+0000_81.1700
CAVMSI,Cauvery at Musiri,Cauvery,2026-02-08 23:30:00+00:00,81.17,NORMAL,84.51,85.4,89.25,10.93805556,78.44027778,CAVMSI_2026-02-08T23:30:00+0000_81.1700
CAVMSI,Cauvery at Musiri,Cauvery,2026-02-09 00:30:00+00:00,81.17,NORMAL,84.51,85.4,89.25,10.93805556,78.44027778,CAVMSI_2026-02-09T00:30:00+0000_81.1700
CAVMSI,Cauvery at Musiri,Cauvery,2026-02-09 01:30:00+00:00,81.17,NORMAL,84.51,85.4,89.25,10.93805556,78.44027778,CAVMSI_2026-02-09T01:30:00+0000_81.1700
CAVMSI,Cauvery at Musiri,Cauvery,2026-02-09 03:30:00+00:00,81.17,NORMAL,84.51,85.4,89.25,10.93805556,78.44027778,CAVMSI_2026-02-09T03:30:00+0000_81.1700
CAVMSI,Cauvery at Musiri,Cauvery,2026-02-09 12:30:00+00:00,,,84.51,85.4,89.25,10.93805556,78.44027778,CAVMSI_2026-02-09T12:30:00+0000_
CAVMSI,Cauvery at Musiri,Cauvery,2026-02-09 14:30:00+00:00,81.17,NORMAL,84.51,85.4,89.25,10.93805556,78.44027778,CAVMSI_2026-02-09T14:30:00+0000_81.1700
CAVMSI,Cauvery at Musiri,Cauvery,2026-02-09 17:30:00+00:00,81.17,NORMAL,84.51,85.4,89.25,10.93805556,78.44027778,CAVMSI_2026-02-09T17:30:00+0000_81.1700
CAVMSI,Cauvery at Musiri,Cauvery,2026-02-09 18:30:00+00:00,81.17,NORMAL,84.51,85.4,89.25,10.93805556,78.44027778,CAVMSI_2026-02-09T18:30:00+0000_81.1700
CAVMSI,Cauvery at Musiri,Cauvery,2026-02-09 20:30:00+00:00,81.17,NORMAL,84.51,85.4,89.25,10.93805556,78.44027778,CAVMSI_2026-02-09T20:30:00+0000_81.1700
CAVMSI,Cauvery at Musiri,Cauvery,2026-02-09 21:30:00+00:00,81.17,NORMAL,84.51,85.4,89.25,10.93805556,78.44027778,CAVMSI_2026-02-09T21:30:00+0000_81.1700
CAVMSI,Cauvery at Musiri,Cauvery,2026-02-09 22:30:00+00:00,81.17,NORMAL,84.51,85.4,89.25,10.93805556,78.44027778,CAVMSI_2026-02-09T22:30:00+0000_81.1700
CAVMSI,Cauvery at Musiri,Cauvery,2026-02-09 23:30:00+00:00,81.044,NORMAL,84.51,85.4,89.25,10.93805556,78.44027778,CAVMSI_2026-02-09T23:30:00+0000_81.0440
CAVMSI,Cauvery at Musiri,Cauvery,2026-02-10 00:30:00+00:00,81.17,NORMAL,84.51,85.4,89.25,10.93805556,78.44027778,CAVMSI_2026-02-10T00:30:00+0000_81.1700
CAVMSI,Cauvery at Musiri,Cauvery,2026-02-10 02:30:00+00:00,81.17,NORMAL,84.51,85.4,89.25,10.93805556,78.44027778,CAVMSI_2026-02-10T02:30:00+0000_81.1700
CAVMSI,Cauvery at Musiri,Cauvery,2026-02-10 13:30:00+00:00,81.17,NORMAL,84.51,85.4,89.25,10.93805556,78.44027778,CAVMSI_2026-02-10T13:30:00+0000_81.1700
CAVMSI,Cauvery at Musiri,Cauvery,2026-02-10 18:30:00+00:00,81.17,NORMAL,84.51,85.4,89.25,10.93805556,78.44027778,CAVMSI_2026-02-10T18:30:00+0000_81.1700
CAVMSI,Cauvery at Musiri,Cauvery,2026-02-10 19:30:00+00:00,81.17,NORMAL,84.51,85.4,89.25,10.93805556,78.44027778,CAVMSI_2026-02-10T19:30:00+0000_81.1700
CAVMSI,Cauvery at Musiri,Cauvery,2026-02-10 20:30:00+00:00,,,84.51,85.4,89.25,10.93805556,78.44027778,CAVMSI_2026-02-10T20:30:00+0000_
CAVMSI,Cauvery at Musiri,Cauvery,2026-02-10 21:30:00+00:00,81.17,NORMAL,84.51,85.4,89.25,10.93805556,78.44027778,CAVMSI_2026-02-10T21:30:00+0000_81.1700
CAVMSI,Cauvery at Musiri,Cauvery,2026-02-10 22:30:00+00:00,81.17,NORMAL,84.51,85.4,89.25,10.93805556,78.44027778,CAVMSI_2026-02-10T22:30:00+0000_81.1700
CAVMSI,Cauvery at Musiri,Cauvery,2026-02-10 23:30:00+00:00,81.17,NORMAL,84.51,85.4,89.25,10.93805556,78.44027778,CAVMSI_2026-02-10T23:30:00+0000_81.1700
CAVMSI,Cauvery at Musiri,Cauvery,2026-02-11 00:30:00+00:00,81.17,NORMAL,84.51,85.4,89.25,10.93805556,78.44027778,CAVMSI_2026-02-11T00:30:00+0000_81.1700
CAVMSI,Cauvery at Musiri,Cauvery,2026-02-11 01:30:00+00:00,81.17,NORMAL,84.51,85.4,89.25,10.93805556,78.44027778,CAVMSI_2026-02-11T01:30:00+0000_81.1700
CAVMSI,Cauvery at Musiri,Cauvery,2026-02-11 02:30:00+00:00,81.17,NORMAL,84.51,85.4,89.25,10.93805556,78.44027778,CAVMSI_2026-02-11T02:30:00+0000_81.1700
CAVMSI,Cauvery at Musiri,Cauvery,2026-02-11 13:30:00+00:00,81.17,NORMAL,84.51,85.4,89.25,10.93805556,78.44027778,CAVMSI_2026-02-11T13:30:00+0000_81.1700
CAVMSI,Cauvery at Musiri,Cauvery,2026-02-11 16:30:00+00:00,81.17,NORMAL,84.51,85.4,89.25,10.93805556,78.44027778,CAVMSI_2026-02-11T16:30:00+0000_81.1700
CAVMSI,Cauvery at Musiri,Cauvery,2026-02-11 17:30:00+00:00,337.759,HIGH_FLOOD_EXCEEDED,84.51,85.4,89.25,10.93805556,78.44027778,CAVMSI_2026-02-11T17:30:00+0000_337.7590
CAVMSI,Cauvery at Musiri,Cauvery,2026-02-11 18:30:00+00:00,81.17,NORMAL,84.51,85.4,89.25,10.93805556,78.44027778,CAVMSI_2026-02-11T18:30:00+0000_81.1700
CAVMSI,Cauvery at Musiri,Cauvery,2026-02-11 19:30:00+00:00,81.17,NORMAL,84.51,85.4,89.25,10.93805556,78.44027778,CAVMSI_2026-02-11T19:30:00+0000_81.1700
CAVMSI,Cauvery at Musiri,Cauvery,2026-02-11 21:30:00+00:00,81.17,NORMAL,84.51,85.4,89.25,10.93805556,78.44027778,CAVMSI_2026-02-11T21:30:00+0000_81.1700
CAVMSI,Cauvery at Musiri,Cauvery,2026-02-11 22:30:00+00:00,81.044,NORMAL,84.51,85.4,89.25,10.93805556,78.44027778,CAVMSI_2026-02-11T22:30:00+0000_81.0440
CAVMSI,Cauvery at Musiri,Cauvery,2026-02-11 23:30:00+00:00,81.17,NORMAL,84.51,85.4,89.25,10.93805556,78.44027778,CAVMSI_2026-02-11T23:30:00+0000_81.1700
CAVMSI,Cauvery at Musiri,Cauvery,2026-02-12 00:30:00+00:00,81.17,NORMAL,84.51,85.4,89.25,10.93805556,78.44027778,CAVMSI_2026-02-12T00:30:00+0000_81.1700
CAVMSI,Cauvery at Musiri,Cauvery,2026-02-12 01:30:00+00:00,81.17,NORMAL,84.51,85.4,89.25,10.93805556,78.44027778,CAVMSI_2026-02-12T01:30:00+0000_81.1700
CAVMSI,Cauvery at Musiri,Cauvery,2026-02-12 02:30:00+00:00,,,84.51,85.4,89.25,10.93805556,78.44027778,CAVMSI_2026-02-12T02:30:00+0000_
CAVMSI,Cauvery at Musiri,Cauvery,2026-02-12 15:30:00+00:00,81.17,NORMAL,84.51,85.4,89.25,10.93805556,78.44027778,CAVMSI_2026-02-12T15:30:00+0000_81.1700
CAVMSI,Cauvery at Musiri,Cauvery,2026-02-12 18:30:00+00:00,81.17,NORMAL,84.51,85.4,89.25,10.93805556,78.44027778,CAVMSI_2026-02-12T18:30:00+0000_81.1700
CAVMSI,Cauvery at Musiri,Cauvery,2026-02-12 19:30:00+00:00,81.17,NORMAL,84.51,85.4,89.25,10.93805556,78.44027778,CAVMSI_2026-02-12T19:30:00+0000_81.1700
CAVMSI,Cauvery at Musiri,Cauvery,2026-02-12 20:30:00+00:00,81.17,NORMAL,84.51,85.4,89.25,10.93805556,78.44027778,CAVMSI_2026-02-12T20:30:00+0000_81.1700
CAVMSI,Cauvery at Musiri,Cauvery,2026-02-12 21:30:00+00:00,81.17,NORMAL,84.51,85.4,89.25,10.93805556,78.44027778,CAVMSI_2026-02-12T21:30:00+0000_81.1700
CAVMSI,Cauvery at Musiri,Cauvery,2026-02-12 22:30:00+00:00,81.17,NORMAL,84.51,85.4,89.25,10.93805556,78.44027778,CAVMSI_2026-02-12T22:30:00+0000_81.1700
CAVMSI,Cauvery at Musiri,Cauvery,2026-02-12 23:30:00+00:00,81.17,NORMAL,84.51,85.4,89.25,10.93805556,78.44027778,CAVMSI_2026-02-12T23:30:00+0000_81.1700
CAVMSI,Cauvery at Musiri,Cauvery,2026-02-13 00:30:00+00:00,81.17,NORMAL,84.51,85.4,89.25,10.93805556,78.44027778,CAVMSI_2026-02-13T00:30:00+0000_81.1700
CAVMSI,Cauvery at Musiri,Cauvery,2026-02-13 01:30:00+00:00,81.17,NORMAL,84.51,85.4,89.25,10.93805556,78.44027778,CAVMSI_2026-02-13T01:30:00+0000_81.1700
CAVMSI,Cauvery at Musiri,Cauvery,2026-02-13 03:30:00+00:00,,,84.51,85.4,89.25,10.93805556,78.44027778,CAVMSI_2026-02-13T03:30:00+0000_
CAVMSI,Cauvery at Musiri,Cauvery,2026-02-13 19:30:00+00:00,81.044,NORMAL,84.51,85.4,89.25,10.93805556,78.44027778,CAVMSI_2026-02-13T19:30:00+0000_81.0440
CAVMSI,Cauvery at Musiri,Cauvery,2026-02-13 20:30:00+00:00,81.17,NORMAL,84.51,85.4,89.25,10.93805556,78.44027778,CAVMSI_2026-02-13T20:30:00+0000_81.1700
CAVMSI,Cauvery at Musiri,Cauvery,2026-02-13 21:30:00+00:00,81.17,NORMAL,84.51,85.4,89.25,10.93805556,78.44027778,CAVMSI_2026-02-13T21:30:00+0000_81.1700
CAVMSI,Cauvery at Musiri,Cauvery,2026-02-13 22:30:00+00:00,81.17,NORMAL,84.51,85.4,89.25,10.93805556,78.44027778,CAVMSI_2026-02-13T22:30:00+0000_81.1700
CAVMSI,Cauvery at Musiri,Cauvery,2026-02-13 23:30:00+00:00,81.17,NORMAL,84.51,85.4,89.25,10.93805556,78.44027778,CAVMSI_2026-02-13T23:30:00+0000_81.1700
CAVMSI,Cauvery at Musiri,Cauvery,2026-02-14 00:30:00+00:00,81.17,NORMAL,84.51,85.4,89.25,10.93805556,78.44027778,CAVMSI_2026-02-14T00:30:00+0000_81.1700
CAVMSI,Cauvery at Musiri,Cauvery,2026-02-14 01:30:00+00:00,81.043,NORMAL,84.51,85.4,89.25,10.93805556,78.44027778,CAVMSI_2026-02-14T01:30:00+0000_81.0430
CAVMSI,Cauvery at Musiri,Cauvery,2026-02-14 02:30:00+00:00,81.17,NORMAL,84.51,85.4,89.25,10.93805556,78.44027778,CAVMSI_2026-02-14T02:30:00+0000_81.1700
CAVMSI,Cauvery at Musiri,Cauvery,2026-02-14 20:30:00+00:00,81.17,NORMAL,84.51,85.4,89.25,10.93805556,78.44027778,CAVMSI_2026-02-14T20:30:00+0000_81.1700
CAVMSI,Cauvery at Musiri,Cauvery,2026-02-14 21:30:00+00:00,81.17,NORMAL,84.51,85.4,89.25,10.93805556,78.44027778,CAVMSI_2026-02-14T21:30:00+0000_81.1700
CAVMSI,Cauvery at Musiri,Cauvery,2026-02-14 22:30:00+00:00,81.17,NORMAL,84.51,85.4,89.25,10.93805556,78.44027778,CAVMSI_2026-02-14T22:30:00+0000_81.1700
CAVMSI,Cauvery at Musiri,Cauvery,2026-02-14 23:30:00+00:00,81.17,NORMAL,84.51,85.4,89.25,10.93805556,78.44027778,CAVMSI_2026-02-14T23:30:00+0000_81.1700
CAVMSI,Cauvery at Musiri,Cauvery,2026-02-15 00:30:00+00:00,81.044,NORMAL,84.51,85.4,89.25,10.93805556,78.44027778,CAVMSI_2026-02-15T00:30:00+0000_81.0440
CAVMSI,Cauvery at Musiri,Cauvery,2026-02-15 01:30:00+00:00,81.17,NORMAL,84.51,85.4,89.25,10.93805556,78.44027778,CAVMSI_2026-02-15T01:30:00+0000_81.1700
CAVMSI,Cauvery at Musiri,Cauvery,2026-02-15 02:30:00+00:00,81.17,NORMAL,84.51,85.4,89.25,10.93805556,78.44027778,CAVMSI_2026-02-15T02:30:00+0000_81.1700
CAVMSI,Cauvery at Musiri,Cauvery,2026-02-15 03:30:00+00:00,,,84.51,85.4,89.25,10.93805556,78.44027778,CAVMSI_2026-02-15T03:30:00+0000_
CAVMSI,Cauvery at Musiri,Cauvery,2026-02-15 18:30:00+00:00,81.17,NORMAL,84.51,85.4,89.25,10.93805556,78.44027778,CAVMSI_2026-02-15T18:30:00+0000_81.1700
CAVMSI,Cauvery at Musiri,Cauvery,2026-02-15 19:30:00+00:00,81.044,NORMAL,84.51,85.4,89.25,10.93805556,78.44027778,CAVMSI_2026-02-15T19:30:00+0000_81.0440
CAVMSI,Cauvery at Musiri,Cauvery,2026-02-15 20:30:00+00:00,81.17,NORMAL,84.51,85.4,89.25,10.93805556,78.44027778,CAVMSI_2026-02-15T20:30:00+0000_81.1700
CAVMSI,Cauvery at Musiri,Cauvery,2026-02-15 21:30:00+00:00,81.17,NORMAL,84.51,85.4,89.25,10.93805556,78.44027778,CAVMSI_2026-02-15T21:30:00+0000_81.1700
CAVMSI,Cauvery at Musiri,Cauvery,2026-02-15 22:30:00+00:00,81.17,NORMAL,84.51,85.4,89.25,10.93805556,78.44027778,CAVMSI_2026-02-15T22:30:00+0000_81.1700
CAVMSI,Cauvery at Musiri,Cauvery,2026-02-15 23:30:00+00:00,81.17,NORMAL,84.51,85.4,89.25,10.93805556,78.44027778,CAVMSI_2026-02-15T23:30:00+0000_81.1700
CAVMSI,Cauvery at Musiri,Cauvery,2026-02-16 00:30:00+00:00,87.044,DANGER,84.51,85.4,89.25,10.93805556,78.44027778,CAVMSI_2026-02-16T00:30:00+0000_87.0440
CAVMSI,Cauvery at Musiri,Cauvery,2026-02-16 01:30:00+00:00,84.164,NORMAL,84.51,85.4,89.25,10.93805556,78.44027778,CAVMSI_2026-02-16T01:30:00+0000_84.1640
CAVMSI,Cauvery at Musiri,Cauvery,2026-02-16 20:30:00+00:00,81.17,NORMAL,84.51,85.4,89.25,10.93805556,78.44027778,CAVMSI_2026-02-16T20:30:00+0000_81.1700
CAVMSI,Cauvery at Musiri,Cauvery,2026-02-16 21:30:00+00:00,81.17,NORMAL,84.51,85.4,89.25,10.93805556,78.44027778,CAVMSI_2026-02-16T21:30:00+0000_81.1700
CAVMSI,Cauvery at Musiri,Cauvery,2026-02-16 23:30:00+00:00,81.17,NORMAL,84.51,85.4,89.25,10.93805556,78.44027778,CAVMSI_2026-02-16T23:30:00+0000_81.1700
CAVMSI,Cauvery at Musiri,Cauvery,2026-02-17 13:30:00+00:00,81.17,NORMAL,84.51,85.4,89.25,10.93805556,78.44027778,CAVMSI_2026-02-17T13:30:00+0000_81.1700
CAVMSI,Cauvery at Musiri,Cauvery,2026-02-17 14:30:00+00:00,81.17,NORMAL,84.51,85.4,89.25,10.93805556,78.44027778,CAVMSI_2026-02-17T14:30:00+0000_81.1700
CAVMSI,Cauvery at Musiri,Cauvery,2026-02-17 18:30:00+00:00,81.17,NORMAL,84.51,85.4,89.25,10.93805556,78.44027778,CAVMSI_2026-02-17T18:30:00+0000_81.1700
CAVMSI,Cauvery at Musiri,Cauvery,2026-02-17 19:30:00+00:00,81.17,NORMAL,84.51,85.4,89.25,10.93805556,78.44027778,CAVMSI_2026-02-17T19:30:00+0000_81.1700
CAVMSI,Cauvery at Musiri,Cauvery,2026-02-17 20:30:00+00:00,81.17,NORMAL,84.51,85.4,89.25,10.93805556,78.44027778,CAVMSI_2026-02-17T20:30:00+0000_81.1700
CAVMSI,Cauvery at Musiri,Cauvery,2026-02-17 21:30:00+00:00,81.17,NORMAL,84.51,85.4,89.25,10.93805556,78.44027778,CAVMSI_2026-02-17T21:30:00+0000_81.1700
CAVMSI,Cauvery at Musiri,Cauvery,2026-02-17 22:30:00+00:00,81.17,NORMAL,84.51,85.4,89.25,10.93805556,78.44027778,CAVMSI_2026-02-17T22:30:00+0000_81.1700
CAVMSI,Cauvery at Musiri,Cauvery,2026-02-17 23:30:00+00:00,81.17,NORMAL,84.51,85.4,89.25,10.93805556,78.44027778,CAVMSI_2026-02-17T23:30:00+0000_81.1700
CAVMSI,Cauvery at Musiri,Cauvery,2026-02-18 00:30:00+00:00,81.17,NORMAL,84.51,85.4,89.25,10.93805556,78.44027778,CAVMSI_2026-02-18T00:30:00+0000_81.1700
CAVMSI,Cauvery at Musiri,Cauvery,2026-02-18 01:30:00+00:00,81.17,NORMAL,84.51,85.4,89.25,10.93805556,78.44027778,CAVMSI_2026-02-18T01:30:00+0000_81.1700
CAVMSI,Cauvery at Musiri,Cauvery,2026-02-18 04:30:00+00:00,81.17,NORMAL,84.51,85.4,89.25,10.93805556,78.44027778,CAVMSI_2026-02-18T04:30:00+0000_81.1700
CAVMSI,Cauvery at Musiri,Cauvery,2026-02-18 20:30:00+00:00,81.17,NORMAL,84.51,85.4,89.25,10.93805556,78.44027778,CAVMSI_2026-02-18T20:30:00+0000_81.1700
CAVMSI,Cauvery at Musiri,Cauvery,2026-02-18 22:30:00+00:00,81.17,NORMAL,84.51,85.4,89.25,10.93805556,78.44027778,CAVMSI_2026-02-18T22:30:00+0000_81.1700
CAVMSI,Cauvery at Musiri,Cauvery,2026-02-18 23:30:00+00:00,81.044,NORMAL,84.51,85.4,89.25,10.93805556,78.44027778,CAVMSI_2026-02-18T23:30:00+0000_81.0440
CAVMSI,Cauvery at Musiri,Cauvery,2026-02-19 00:30:00+00:00,81.17,NORMAL,84.51,85.4,89.25,10.93805556,78.44027778,CAVMSI_2026-02-19T00:30:00+0000_81.1700
CAVMSI,Cauvery at Musiri,Cauvery,2026-02-19 18:30:00+00:00,81.043,NORMAL,84.51,85.4,89.25,10.93805556,78.44027778,CAVMSI_2026-02-19T18:30:00+0000_81.0430
CAVMSI,Cauvery at Musiri,Cauvery,2026-02-19 19:30:00+00:00,81.17,NORMAL,84.51,85.4,89.25,10.93805556,78.44027778,CAVMSI_2026-02-19T19:30:00+0000_81.1700
CAVMSI,Cauvery at Musiri,Cauvery,2026-02-19 20:30:00+00:00,81.17,NORMAL,84.51,85.4,89.25,10.93805556,78.44027778,CAVMSI_2026-02-19T20:30:00+0000_81.1700
CAVMSI,Cauvery at Musiri,Cauvery,2026-02-19 21:30:00+00:00,81.17,NORMAL,84.51,85.4,89.25,10.93805556,78.44027778,CAVMSI_2026-02-19T21:30:00+0000_81.1700
CAVMSI,Cauvery at Musiri,Cauvery,2026-02-19 22:30:00+00:00,81.17,NORMAL,84.51,85.4,89.25,10.93805556,78.44027778,CAVMSI_2026-02-19T22:30:00+0000_81.1700
CAVMSI,Cauvery at Musiri,Cauvery,2026-02-19 23:30:00+00:00,81.17,NORMAL,84.51,85.4,89.25,10.93805556,78.44027778,CAVMSI_2026-02-19T23:30:00+0000_81.1700
CAVMSI,Cauvery at Musiri,Cauvery,2026-02-20 00:30:00+00:00,81.17,NORMAL,84.51,85.4,89.25,10.93805556,78.44027778,CAVMSI_2026-02-20T00:30:00+0000_81.1700
CAVMSI,Cauvery at Musiri,Cauvery,2026-02-20 01:30:00+00:00,81.17,NORMAL,84.51,85.4,89.25,10.93805556,78.44027778,CAVMSI_2026-02-20T01:30:00+0000_81.1700
CAVMSI,Cauvery at Musiri,Cauvery,2026-02-20 13:30:00+00:00,81.17,NORMAL,84.51,85.4,89.25,10.93805556,78.44027778,CAVMSI_2026-02-20T13:30:00+0000_81.1700
CAVMSI,Cauvery at Musiri,Cauvery,2026-02-20 20:30:00+00:00,81.17,NORMAL,84.51,85.4,89.25,10.93805556,78.44027778,CAVMSI_2026-02-20T20:30:00+0000_81.1700
CAVMSI,Cauvery at Musiri,Cauvery,2026-02-20 21:30:00+00:00,81.17,NORMAL,84.51,85.4,89.25,10.93805556,78.44027778,CAVMSI_2026-02-20T21:30:00+0000_81.1700
CAVMSI,Cauvery at Musiri,Cauvery,2026-02-20 22:30:00+00:00,81.17,NORMAL,84.51,85.4,89.25,10.93805556,78.44027778,CAVMSI_2026-02-20T22:30:00+0000_81.1700
CAVMSI,Cauvery at Musiri,Cauvery,2026-02-20 23:30:00+00:00,81.17,NORMAL,84.51,85.4,89.25,10.93805556,78.44027778,CAVMSI_2026-02-20T23:30:00+0000_81.1700
CAVMSI,Cauvery at Musiri,Cauvery,2026-02-21 00:30:00+00:00,81.17,NORMAL,84.51,85.4,89.25,10.93805556,78.44027778,CAVMSI_2026-02-21T00:30:00+0000_81.1700
CAVMSI,Cauvery at Musiri,Cauvery,2026-02-21 01:30:00+00:00,81.17,NORMAL,84.51,85.4,89.25,10.93805556,78.44027778,CAVMSI_2026-02-21T01:30:00+0000_81.1700
CAVMSI,Cauvery at Musiri,Cauvery,2026-02-21 02:30:00+00:00,81.17,NORMAL,84.51,85.4,89.25,10.93805556,78.44027778,CAVMSI_2026-02-21T02:30:00+0000_81.1700
CAVMSI,Cauvery at Musiri,Cauvery,2026-02-21 03:30:00+00:00,81.17,NORMAL,84.51,85.4,89.25,10.93805556,78.44027778,CAVMSI_2026-02-21T03:30:00+0000_81.1700
CAVMSI,Cauvery at Musiri,Cauvery,2026-02-21 21:30:00+00:00,81.17,NORMAL,84.51,85.4,89.25,10.93805556,78.44027778,CAVMSI_2026-02-21T21:30:00+0000_81.1700
CAVMSI,Cauvery at Musiri,Cauvery,2026-02-21 22:30:00+00:00,81.17,NORMAL,84.51,85.4,89.25,10.93805556,78.44027778,CAVMSI_2026-02-21T22:30:00+0000_81.1700
CAVMSI,Cauvery at Musiri,Cauvery,2026-02-21 23:30:00+00:00,81.17,NORMAL,84.51,85.4,89.25,10.93805556,78.44027778,CAVMSI_2026-02-21T23:30:00+0000_81.1700
CAVMSI,Cauvery at Musiri,Cauvery,2026-02-22 00:30:00+00:00,81.17,NORMAL,84.51,85.4,89.25,10.93805556,78.44027778,CAVMSI_2026-02-22T00:30:00+0000_81.1700
CAVMSI,Cauvery at Musiri,Cauvery,2026-02-22 04:30:00+00:00,81.17,NORMAL,84.51,85.4,89.25,10.93805556,78.44027778,CAVMSI_2026-02-22T04:30:00+0000_81.1700
CAVMSI,Cauvery at Musiri,Cauvery,2026-02-22 12:30:00+00:00,153.17,HIGH_FLOOD_EXCEEDED,84.51,85.4,89.25,10.93805556,78.44027778,CAVMSI_2026-02-22T12:30:00+0000_153.1700
CAVMSI,Cauvery at Musiri,Cauvery,2026-02-22 17:30:00+00:00,81.17,NORMAL,84.51,85.4,89.25,10.93805556,78.44027778,CAVMSI_2026-02-22T17:30:00+0000_81.1700
CAVMSI,Cauvery at Musiri,Cauvery,2026-02-22 19:30:00+00:00,81.01,NORMAL,84.51,85.4,89.25,10.93805556,78.44027778,CAVMSI_2026-02-22T19:30:00+0000_81.0100
CAVMSI,Cauvery at Musiri,Cauvery,2026-02-22 20:30:00+00:00,81.17,NORMAL,84.51,85.4,89.25,10.93805556,78.44027778,CAVMSI_2026-02-22T20:30:00+0000_81.1700
CAVMSI,Cauvery at Musiri,Cauvery,2026-02-22 21:30:00+00:00,81.17,NORMAL,84.51,85.4,89.25,10.93805556,78.44027778,CAVMSI_2026-02-22T21:30:00+0000_81.1700
CAVMSI,Cauvery at Musiri,Cauvery,2026-02-22 22:30:00+00:00,81.17,NORMAL,84.51,85.4,89.25,10.93805556,78.44027778,CAVMSI_2026-02-22T22:30:00+0000_81.1700
CAVMSI,Cauvery at Musiri,Cauvery,2026-02-22 23:30:00+00:00,81.17,NORMAL,84.51,85.4,89.25,10.93805556,78.44027778,CAVMSI_2026-02-22T23:30:00+0000_81.1700
CAVMSI,Cauvery at Musiri,Cauvery,2026-02-23 00:30:00+00:00,81.17,NORMAL,84.51,85.4,89.25,10.93805556,78.44027778,CAVMSI_2026-02-23T00:30:00+0000_81.1700
CAVMSI,Cauvery at Musiri,Cauvery,2026-02-23 19:30:00+00:00,81.17,NORMAL,84.51,85.4,89.25,10.93805556,78.44027778,CAVMSI_2026-02-23T19:30:00+0000_81.1700
CAVMSI,Cauvery at Musiri,Cauvery,2026-02-23 21:30:00+00:00,81.17,NORMAL,84.51,85.4,89.25,10.93805556,78.44027778,CAVMSI_2026-02-23T21:30:00+0000_81.1700
CAVMSI,Cauvery at Musiri,Cauvery,2026-02-23 22:30:00+00:00,81.17,NORMAL,84.51,85.4,89.25,10.93805556,78.44027778,CAVMSI_2026-02-23T22:30:00+0000_81.1700
CAVMSI,Cauvery at Musiri,Cauvery,2026-02-23 23:30:00+00:00,81.17,NORMAL,84.51,85.4,89.25,10.93805556,78.44027778,CAVMSI_2026-02-23T23:30:00+0000_81.1700
CAVMSI,Cauvery at Musiri,Cauvery,2026-02-24 00:30:00+00:00,81.17,NORMAL,84.51,85.4,89.25,10.93805556,78.44027778,CAVMSI_2026-02-24T00:30:00+0000_81.1700
CAVMSI,Cauvery at Musiri,Cauvery,2026-02-24 02:30:00+00:00,81.17,NORMAL,84.51,85.4,89.25,10.93805556,78.44027778,CAVMSI_2026-02-24T02:30:00+0000_81.1700
CAVMSI,Cauvery at Musiri,Cauvery,2026-02-24 20:30:00+00:00,81.17,NORMAL,84.51,85.4,89.25,10.93805556,78.44027778,CAVMSI_2026-02-24T20:30:00+0000_81.1700
CAVMSI,Cauvery at Musiri,Cauvery,2026-02-24 21:30:00+00:00,81.17,NORMAL,84.51,85.4,89.25,10.93805556,78.44027778,CAVMSI_2026-02-24T21:30:00+0000_81.1700
CAVMSI,Cauvery at Musiri,Cauvery,2026-02-24 22:30:00+00:00,81.17,NORMAL,84.51,85.4,89.25,10.93805556,78.44027778,CAVMSI_2026-02-24T22:30:00+0000_81.1700
CAVMSI,Cauvery at Musiri,Cauvery,2026-02-24 23:30:00+00:00,81.17,NORMAL,84.51,85.4,89.25,10.93805556,78.44027778,CAVMSI_2026-02-24T23:30:00+0000_81.1700
CAVMSI,Cauvery at Musiri,Cauvery,2026-02-25 00:30:00+00:00,81.17,NORMAL,84.51,85.4,89.25,10.93805556,78.44027778,CAVMSI_2026-02-25T00:30:00+0000_81.1700
CAVMSI,Cauvery at Musiri,Cauvery,2026-02-25 01:30:00+00:00,81.17,NORMAL,84.51,85.4,89.25,10.93805556,78.44027778,CAVMSI_2026-02-25T01:30:00+0000_81.1700
CAVMSI,Cauvery at Musiri,Cauvery,2026-02-25 02:30:00+00:00,81.17,NORMAL,84.51,85.4,89.25,10.93805556,78.44027778,CAVMSI_2026-02-25T02:30:00+0000_81.1700
CAVMSI,Cauvery at Musiri,Cauvery,2026-02-25 20:30:00+00:00,81.17,NORMAL,84.51,85.4,89.25,10.93805556,78.44027778,CAVMSI_2026-02-25T20:30:00+0000_81.1700
CAVMSI,Cauvery at Musiri,Cauvery,2026-02-25 22:30:00+00:00,81.17,NORMAL,84.51,85.4,89.25,10.93805556,78.44027778,CAVMSI_2026-02-25T22:30:00+0000_81.1700
CAVMSI,Cauvery at Musiri,Cauvery,2026-02-26 17:30:00+00:00,81.043,NORMAL,84.51,85.4,89.25,10.93805556,78.44027778,CAVMSI_2026-02-26T17:30:00+0000_81.0430
CAVMSI,Cauvery at Musiri,Cauvery,2026-02-26 18:30:00+00:00,81.17,NORMAL,84.51,85.4,89.25,10.93805556,78.44027778,CAVMSI_2026-02-26T18:30:00+0000_81.1700
CAVMSI,Cauvery at Musiri,Cauvery,2026-02-26 19:30:00+00:00,81.044,NORMAL,84.51,85.4,89.25,10.93805556,78.44027778,CAVMSI_2026-02-26T19:30:00+0000_81.0440
CAVMSI,Cauvery at Musiri,Cauvery,2026-02-26 20:30:00+00:00,81.17,NORMAL,84.51,85.4,89.25,10.93805556,78.44027778,CAVMSI_2026-02-26T20:30:00+0000_81.1700
CAVMSI,Cauvery at Musiri,Cauvery,2026-02-26 22:30:00+00:00,81.17,NORMAL,84.51,85.4,89.25,10.93805556,78.44027778,CAVMSI_2026-02-26T22:30:00+0000_81.1700
CAVMSI,Cauvery at Musiri,Cauvery,2026-02-27 00:30:00+00:00,81.17,NORMAL,84.51,85.4,89.25,10.93805556,78.44027778,CAVMSI_2026-02-27T00:30:00+0000_81.1700
CAVMSI,Cauvery at Musiri,Cauvery,2026-02-27 12:30:00+00:00,81.17,NORMAL,84.51,85.4,89.25,10.93805556,78.44027778,CAVMSI_2026-02-27T12:30:00+0000_81.1700
CAVMSI,Cauvery at Musiri,Cauvery,2026-02-27 13:30:00+00:00,81.17,NORMAL,84.51,85.4,89.25,10.93805556,78.44027778,CAVMSI_2026-02-27T13:30:00+0000_81.1700
CAVMSI,Cauvery at Musiri,Cauvery,2026-02-27 20:30:00+00:00,81.17,NORMAL,84.51,85.4,89.25,10.93805556,78.44027778,CAVMSI_2026-02-27T20:30:00+0000_81.1700
CAVMSI,Cauvery at Musiri,Cauvery,2026-02-27 22:30:00+00:00,81.17,NORMAL,84.51,85.4,89.25,10.93805556,78.44027778,CAVMSI_2026-02-27T22:30:00+0000_81.1700
CAVMSI,Cauvery at Musiri,Cauvery,2026-02-27 23:30:00+00:00,81.17,NORMAL,84.51,85.4,89.25,10.93805556,78.44027778,CAVMSI_2026-02-27T23:30:00+0000_81.1700
CAVMSI,Cauvery at Musiri,Cauvery,2026-02-28 00:30:00+00:00,81.17,NORMAL,84.51,85.4,89.25,10.93805556,78.44027778,CAVMSI_2026-02-28T00:30:00+0000_81.1700
CAVMSI,Cauvery at Musiri,Cauvery,2026-02-28 02:30:00+00:00,81.17,NORMAL,84.51,85.4,89.25,10.93805556,78.44027778,CAVMSI_2026-02-28T02:30:00+0000_81.1700
CAVMSI,Cauvery at Musiri,Cauvery,2026-02-28 09:30:00+00:00,81.17,NORMAL,84.51,85.4,89.25,10.93805556,78.44027778,CAVMSI_2026-02-28T09:30:00+0000_81.1700
CAVMSI,Cauvery at Musiri,Cauvery,2026-02-28 13:30:00+00:00,,,84.51,85.4,89.25,10.93805556,78.44027778,CAVMSI_2026-02-28T13:30:00+0000_
CAVMSI,Cauvery at Musiri,Cauvery,2026-02-28 21:30:00+00:00,81.17,NORMAL,84.51,85.4,89.25,10.93805556,78.44027778,CAVMSI_2026-02-28T21:30:00+0000_81.1700
CAVMSI,Cauvery at Musiri,Cauvery,2026-03-01 02:30:00+00:00,81.17,NORMAL,84.51,85.4,89.25,10.93805556,78.44027778,CAVMSI_2026-03-01T02:30:00+0000_81.1700
CAVMSI,Cauvery at Musiri,Cauvery,2026-03-01 04:30:00+00:00,81.17,NORMAL,84.51,85.4,89.25,10.93805556,78.44027778,CAVMSI_2026-03-01T04:30:00+0000_81.1700
CAVMSI,Cauvery at Musiri,Cauvery,2026-03-01 15:30:00+00:00,81.17,NORMAL,84.51,85.4,89.25,10.93805556,78.44027778,CAVMSI_2026-03-01T15:30:00+0000_81.1700
CAVMSI,Cauvery at Musiri,Cauvery,2026-03-01 16:30:00+00:00,81.17,NORMAL,84.51,85.4,89.25,10.93805556,78.44027778,CAVMSI_2026-03-01T16:30:00+0000_81.1700
CAVMSI,Cauvery at Musiri,Cauvery,2026-03-01 20:30:00+00:00,81.17,NORMAL,84.51,85.4,89.25,10.93805556,78.44027778,CAVMSI_2026-03-01T20:30:00+0000_81.1700
CAVMSI,Cauvery at Musiri,Cauvery,2026-03-01 21:30:00+00:00,81.17,NORMAL,84.51,85.4,89.25,10.93805556,78.44027778,CAVMSI_2026-03-01T21:30:00+0000_81.1700
CAVMSI,Cauvery at Musiri,Cauvery,2026-03-01 22:30:00+00:00,81.17,NORMAL,84.51,85.4,89.25,10.93805556,78.44027778,CAVMSI_2026-03-01T22:30:00+0000_81.1700
CAVMSI,Cauvery at Musiri,Cauvery,2026-03-01 23:30:00+00:00,81.17,NORMAL,84.51,85.4,89.25,10.93805556,78.44027778,CAVMSI_2026-03-01T23:30:00+0000_81.1700
CAVMSI,Cauvery at Musiri,Cauvery,2026-03-02 00:30:00+00:00,81.17,NORMAL,84.51,85.4,89.25,10.93805556,78.44027778,CAVMSI_2026-03-02T00:30:00+0000_81.1700
CAVMSI,Cauvery at Musiri,Cauvery,2026-03-02 01:30:00+00:00,81.17,NORMAL,84.51,85.4,89.25,10.93805556,78.44027778,CAVMSI_2026-03-02T01:30:00+0000_81.1700
CAVMSI,Cauvery at Musiri,Cauvery,2026-03-02 02:30:00+00:00,,,84.51,85.4,89.25,10.93805556,78.44027778,CAVMSI_2026-03-02T02:30:00+0000_
CAVMSI,Cauvery at Musiri,Cauvery,2026-03-02 09:30:00+00:00,81.17,NORMAL,84.51,85.4,89.25,10.93805556,78.44027778,CAVMSI_2026-03-02T09:30:00+0000_81.1700
CAVMSI,Cauvery at Musiri,Cauvery,2026-03-02 23:30:00+00:00,81.17,NORMAL,84.51,85.4,89.25,10.93805556,78.44027778,CAVMSI_2026-03-02T23:30:00+0000_81.1700
CAVMSI,Cauvery at Musiri,Cauvery,2026-03-17 00:30:00+00:00,,,84.51,85.4,89.25,10.93805556,78.44027778,CAVMSI_2026-03-17T00:30:00+0000_
CAVMSI,Cauvery at Musiri,Cauvery,2026-03-17 18:30:00+00:00,81.17,NORMAL,84.51,85.4,89.25,10.93805556,78.44027778,CAVMSI_2026-03-17T18:30:00+0000_81.1700
CAVMSI,Cauvery at Musiri,Cauvery,2026-03-17 19:30:00+00:00,,,84.51,85.4,89.25,10.93805556,78.44027778,CAVMSI_2026-03-17T19:30:00+0000_
CAVMSI,Cauvery at Musiri,Cauvery,2026-03-17 20:30:00+00:00,,,84.51,85.4,89.25,10.93805556,78.44027778,CAVMSI_2026-03-17T20:30:00+0000_
CAVMSI,Cauvery at Musiri,Cauvery,2026-03-18 21:30:00+00:00,81.17,NORMAL,84.51,85.4,89.25,10.93805556,78.44027778,CAVMSI_2026-03-18T21:30:00+0000_81.1700
CAVMSI,Cauvery at Musiri,Cauvery,2026-03-18 22:30:00+00:00,81.17,NORMAL,84.51,85.4,89.25,10.93805556,78.44027778,CAVMSI_2026-03-18T22:30:00+0000_81.1700
CAVMSI,Cauvery at Musiri,Cauvery,2026-03-18 23:30:00+00:00,81.044,NORMAL,84.51,85.4,89.25,10.93805556,78.44027778,CAVMSI_2026-03-18T23:30:00+0000_81.0440
CAVMSI,Cauvery at Musiri,Cauvery,2026-03-19 00:30:00+00:00,81.17,NORMAL,84.51,85.4,89.25,10.93805556,78.44027778,CAVMSI_2026-03-19T00:30:00+0000_81.1700
CAVMSI,Cauvery at Musiri,Cauvery,2026-03-19 01:30:00+00:00,81.042,NORMAL,84.51,85.4,89.25,10.93805556,78.44027778,CAVMSI_2026-03-19T01:30:00+0000_81.0420
CAVMSI,Cauvery at Musiri,Cauvery,2026-03-19 02:30:00+00:00,81.17,NORMAL,84.51,85.4,89.25,10.93805556,78.44027778,CAVMSI_2026-03-19T02:30:00+0000_81.1700
CAVMSI,Cauvery at Musiri,Cauvery,2026-03-23 19:30:00+00:00,81.044,NORMAL,84.51,85.4,89.25,10.93805556,78.44027778,CAVMSI_2026-03-23T19:30:00+0000_81.0440
CAVMSI,Cauvery at Musiri,Cauvery,2026-03-23 20:30:00+00:00,81.17,NORMAL,84.51,85.4,89.25,10.93805556,78.44027778,CAVMSI_2026-03-23T20:30:00+0000_81.1700
CAVMSI,Cauvery at Musiri,Cauvery,2026-03-23 22:30:00+00:00,81.044,NORMAL,84.51,85.4,89.25,10.93805556,78.44027778,CAVMSI_2026-03-23T22:30:00+0000_81.0440
CAVMSI,Cauvery at Musiri,Cauvery,2026-03-23 23:30:00+00:00,81.044,NORMAL,84.51,85.4,89.25,10.93805556,78.44027778,CAVMSI_2026-03-23T23:30:00+0000_81.0440
CAVMSI,Cauvery at Musiri,Cauvery,2026-03-24 00:30:00+00:00,81.17,NORMAL,84.51,85.4,89.25,10.93805556,78.44027778,CAVMSI_2026-03-24T00:30:00+0000_81.1700
CAVMSI,Cauvery at Musiri,Cauvery,2026-03-24 19:30:00+00:00,81.044,NORMAL,84.51,85.4,89.25,10.93805556,78.44027778,CAVMSI_2026-03-24T19:30:00+0000_81.0440
CAVMSI,Cauvery at Musiri,Cauvery,2026-03-24 20:30:00+00:00,81.044,NORMAL,84.51,85.4,89.25,10.93805556,78.44027778,CAVMSI_2026-03-24T20:30:00+0000_81.0440
CAVMSI,Cauvery at Musiri,Cauvery,2026-03-24 21:30:00+00:00,81.17,NORMAL,84.51,85.4,89.25,10.93805556,78.44027778,CAVMSI_2026-03-24T21:30:00+0000_81.1700
CAVMSI,Cauvery at Musiri,Cauvery,2026-03-24 22:30:00+00:00,81.044,NORMAL,84.51,85.4,89.25,10.93805556,78.44027778,CAVMSI_2026-03-24T22:30:00+0000_81.0440
CAVMSI,Cauvery at Musiri,Cauvery,2026-03-24 23:30:00+00:00,81.17,NORMAL,84.51,85.4,89.25,10.93805556,78.44027778,CAVMSI_2026-03-24T23:30:00+0000_81.1700
CAVMSI,Cauvery at Musiri,Cauvery,2026-03-25 00:30:00+00:00,81.043,NORMAL,84.51,85.4,89.25,10.93805556,78.44027778,CAVMSI_2026-03-25T00:30:00+0000_81.0430
CAVMSI,Cauvery at Musiri,Cauvery,2026-03-25 01:30:00+00:00,81.17,NORMAL,84.51,85.4,89.25,10.93805556,78.44027778,CAVMSI_2026-03-25T01:30:00+0000_81.1700
CAVMSI,Cauvery at Musiri,Cauvery,2026-03-25 17:30:00+00:00,81.043,NORMAL,84.51,85.4,89.25,10.93805556,78.44027778,CAVMSI_2026-03-25T17:30:00+0000_81.0430
CAVMSI,Cauvery at Musiri,Cauvery,2026-03-25 18:30:00+00:00,81.17,NORMAL,84.51,85.4,89.25,10.93805556,78.44027778,CAVMSI_2026-03-25T18:30:00+0000_81.1700
CAVMSI,Cauvery at Musiri,Cauvery,2026-03-25 19:30:00+00:00,81.043,NORMAL,84.51,85.4,89.25,10.93805556,78.44027778,CAVMSI_2026-03-25T19:30:00+0000_81.0430
CAVMSI,Cauvery at Musiri,Cauvery,2026-03-25 20:30:00+00:00,81.17,NORMAL,84.51,85.4,89.25,10.93805556,78.44027778,CAVMSI_2026-03-25T20:30:00+0000_81.1700
CAVMSI,Cauvery at Musiri,Cauvery,2026-03-25 21:30:00+00:00,81.043,NORMAL,84.51,85.4,89.25,10.93805556,78.44027778,CAVMSI_2026-03-25T21:30:00+0000_81.0430
CAVMSI,Cauvery at Musiri,Cauvery,2026-03-25 22:30:00+00:00,81.044,NORMAL,84.51,85.4,89.25,10.93805556,78.44027778,CAVMSI_2026-03-25T22:30:00+0000_81.0440
CAVMSI,Cauvery at Musiri,Cauvery,2026-03-25 23:30:00+00:00,81.17,NORMAL,84.51,85.4,89.25,10.93805556,78.44027778,CAVMSI_2026-03-25T23:30:00+0000_81.1700
CAVMSI,Cauvery at Musiri,Cauvery,2026-03-26 00:30:00+00:00,81.016,NORMAL,84.51,85.4,89.25,10.93805556,78.44027778,CAVMSI_2026-03-26T00:30:00+0000_81.0160
CAVMSI,Cauvery at Musiri,Cauvery,2026-03-26 01:30:00+00:00,81.17,NORMAL,84.51,85.4,89.25,10.93805556,78.44027778,CAVMSI_2026-03-26T01:30:00+0000_81.1700
CAVMSI,Cauvery at Musiri,Cauvery,2026-03-26 03:30:00+00:00,81.041,NORMAL,84.51,85.4,89.25,10.93805556,78.44027778,CAVMSI_2026-03-26T03:30:00+0000_81.0410
CAVMSI,Cauvery at Musiri,Cauvery,2026-03-26 04:30:00+00:00,81.17,NORMAL,84.51,85.4,89.25,10.93805556,78.44027778,CAVMSI_2026-03-26T04:30:00+0000_81.1700
CAVMSI,Cauvery at Musiri,Cauvery,2026-03-26 15:30:00+00:00,81.17,NORMAL,84.51,85.4,89.25,10.93805556,78.44027778,CAVMSI_2026-03-26T15:30:00+0000_81.1700
CAVMSI,Cauvery at Musiri,Cauvery,2026-03-26 18:30:00+00:00,81.044,NORMAL,84.51,85.4,89.25,10.93805556,78.44027778,CAVMSI_2026-03-26T18:30:00+0000_81.0440
CAVMSI,Cauvery at Musiri,Cauvery,2026-03-26 19:30:00+00:00,81.17,NORMAL,84.51,85.4,89.25,10.93805556,78.44027778,CAVMSI_2026-03-26T19:30:00+0000_81.1700
CAVMSI,Cauvery at Musiri,Cauvery,2026-03-26 21:30:00+00:00,81.044,NORMAL,84.51,85.4,89.25,10.93805556,78.44027778,CAVMSI_2026-03-26T21:30:00+0000_81.0440
CAVMSI,Cauvery at Musiri,Cauvery,2026-03-26 22:30:00+00:00,81.044,NORMAL,84.51,85.4,89.25,10.93805556,78.44027778,CAVMSI_2026-03-26T22:30:00+0000_81.0440
CAVMSI,Cauvery at Musiri,Cauvery,2026-03-26 23:30:00+00:00,81.044,NORMAL,84.51,85.4,89.25,10.93805556,78.44027778,CAVMSI_2026-03-26T23:30:00+0000_81.0440
CAVMSI,Cauvery at Musiri,Cauvery,2026-03-27 00:30:00+00:00,81.17,NORMAL,84.51,85.4,89.25,10.93805556,78.44027778,CAVMSI_2026-03-27T00:30:00+0000_81.1700
CAVMSI,Cauvery at Musiri,Cauvery,2026-03-27 01:30:00+00:00,,,84.51,85.4,89.25,10.93805556,78.44027778,CAVMSI_2026-03-27T01:30:00+0000_
CAVMSI,Cauvery at Musiri,Cauvery,2026-03-27 02:30:00+00:00,,,84.51,85.4,89.25,10.93805556,78.44027778,CAVMSI_2026-03-27T02:30:00+0000_
CAVMSI,Cauvery at Musiri,Cauvery,2026-03-27 20:30:00+00:00,81.044,NORMAL,84.51,85.4,89.25,10.93805556,78.44027778,CAVMSI_2026-03-27T20:30:00+0000_81.0440
CAVMSI,Cauvery at Musiri,Cauvery,2026-03-27 21:30:00+00:00,81.044,NORMAL,84.51,85.4,89.25,10.93805556,78.44027778,CAVMSI_2026-03-27T21:30:00+0000_81.0440
CAVMSI,Cauvery at Musiri,Cauvery,2026-03-27 22:30:00+00:00,81.044,NORMAL,84.51,85.4,89.25,10.93805556,78.44027778,CAVMSI_2026-03-27T22:30:00+0000_81.0440
CAVMSI,Cauvery at Musiri,Cauvery,2026-03-27 23:30:00+00:00,81.044,NORMAL,84.51,85.4,89.25,10.93805556,78.44027778,CAVMSI_2026-03-27T23:30:00+0000_81.0440
CAVMSI,Cauvery at Musiri,Cauvery,2026-03-28 00:30:00+00:00,81.17,NORMAL,84.51,85.4,89.25,10.93805556,78.44027778,CAVMSI_2026-03-28T00:30:00+0000_81.1700
CAVMSI,Cauvery at Musiri,Cauvery,2026-03-28 01:30:00+00:00,81.17,NORMAL,84.51,85.4,89.25,10.93805556,78.44027778,CAVMSI_2026-03-28T01:30:00+0000_81.1700
CAVMSI,Cauvery at Musiri,Cauvery,2026-03-28 18:30:00+00:00,81.044,NORMAL,84.51,85.4,89.25,10.93805556,78.44027778,CAVMSI_2026-03-28T18:30:00+0000_81.0440
CAVMSI,Cauvery at Musiri,Cauvery,2026-03-28 19:30:00+00:00,81.044,NORMAL,84.51,85.4,89.25,10.93805556,78.44027778,CAVMSI_2026-03-28T19:30:00+0000_81.0440
CAVMSI,Cauvery at Musiri,Cauvery,2026-03-28 20:30:00+00:00,81.17,NORMAL,84.51,85.4,89.25,10.93805556,78.44027778,CAVMSI_2026-03-28T20:30:00+0000_81.1700
CAVMSI,Cauvery at Musiri,Cauvery,2026-03-28 21:30:00+00:00,81.17,NORMAL,84.51,85.4,89.25,10.93805556,78.44027778,CAVMSI_2026-03-28T21:30:00+0000_81.1700
CAVMSI,Cauvery at Musiri,Cauvery,2026-03-28 22:30:00+00:00,81.044,NORMAL,84.51,85.4,89.25,10.93805556,78.44027778,CAVMSI_2026-03-28T22:30:00+0000_81.0440
CAVMSI,Cauvery at Musiri,Cauvery,2026-03-28 23:30:00+00:00,81.044,NORMAL,84.51,85.4,89.25,10.93805556,78.44027778,CAVMSI_2026-03-28T23:30:00+0000_81.0440
CAVMSI,Cauvery at Musiri,Cauvery,2026-03-29 00:30:00+00:00,81.17,NORMAL,84.51,85.4,89.25,10.93805556,78.44027778,CAVMSI_2026-03-29T00:30:00+0000_81.1700
CAVMSI,Cauvery at Musiri,Cauvery,2026-03-29 02:30:00+00:00,81.041,NORMAL,84.51,85.4,89.25,10.93805556,78.44027778,CAVMSI_2026-03-29T02:30:00+0000_81.0410
CAVMSI,Cauvery at Musiri,Cauvery,2026-03-29 03:30:00+00:00,81.17,NORMAL,84.51,85.4,89.25,10.93805556,78.44027778,CAVMSI_2026-03-29T03:30:00+0000_81.1700
CAVMSI,Cauvery at Musiri,Cauvery,2026-03-29 04:30:00+00:00,81.17,NORMAL,84.51,85.4,89.25,10.93805556,78.44027778,CAVMSI_2026-03-29T04:30:00+0000_81.1700
CAVMSI,Cauvery at Musiri,Cauvery,2026-03-29 05:30:00+00:00,81.304,NORMAL,84.51,85.4,89.25,10.93805556,78.44027778,CAVMSI_2026-03-29T05:30:00+0000_81.3040
CAVMSI,Cauvery at Musiri,Cauvery,2026-03-29 06:30:00+00:00,81.17,NORMAL,84.51,85.4,89.25,10.93805556,78.44027778,CAVMSI_2026-03-29T06:30:00+0000_81.1700
CAVMSI,Cauvery at Musiri,Cauvery,2026-03-29 18:30:00+00:00,81.044,NORMAL,84.51,85.4,89.25,10.93805556,78.44027778,CAVMSI_2026-03-29T18:30:00+0000_81.0440
CAVMSI,Cauvery at Musiri,Cauvery,2026-03-29 19:30:00+00:00,80.914,NORMAL,84.51,85.4,89.25,10.93805556,78.44027778,CAVMSI_2026-03-29T19:30:00+0000_80.9140
CAVMSI,Cauvery at Musiri,Cauvery,2026-03-29 20:30:00+00:00,81.17,NORMAL,84.51,85.4,89.25,10.93805556,78.44027778,CAVMSI_2026-03-29T20:30:00+0000_81.1700
CAVMSI,Cauvery at Musiri,Cauvery,2026-03-29 21:30:00+00:00,81.044,NORMAL,84.51,85.4,89.25,10.93805556,78.44027778,CAVMSI_2026-03-29T21:30:00+0000_81.0440
CAVMSI,Cauvery at Musiri,Cauvery,2026-03-29 22:30:00+00:00,81.044,NORMAL,84.51,85.4,89.25,10.93805556,78.44027778,CAVMSI_2026-03-29T22:30:00+0000_81.0440
CAVMSI,Cauvery at Musiri,Cauvery,2026-03-29 23:30:00+00:00,81.17,NORMAL,84.51,85.4,89.25,10.93805556,78.44027778,CAVMSI_2026-03-29T23:30:00+0000_81.1700
CAVMSI,Cauvery at Musiri,Cauvery,2026-03-30 00:30:00+00:00,81.17,NORMAL,84.51,85.4,89.25,10.93805556,78.44027778,CAVMSI_2026-03-30T00:30:00+0000_81.1700
CAVMSI,Cauvery at Musiri,Cauvery,2026-03-30 01:30:00+00:00,81.17,NORMAL,84.51,85.4,89.25,10.93805556,78.44027778,CAVMSI_2026-03-30T01:30:00+0000_81.1700
CAVMSI,Cauvery at Musiri,Cauvery,2026-03-30 02:30:00+00:00,81.17,NORMAL,84.51,85.4,89.25,10.93805556,78.44027778,CAVMSI_2026-03-30T02:30:00+0000_81.1700
CAVMSI,Cauvery at Musiri,Cauvery,2026-03-30 11:30:00+00:00,81.041,NORMAL,84.51,85.4,89.25,10.93805556,78.44027778,CAVMSI_2026-03-30T11:30:00+0000_81.0410
CAVMSI,Cauvery at Musiri,Cauvery,2026-03-30 12:30:00+00:00,81.17,NORMAL,84.51,85.4,89.25,10.93805556,78.44027778,CAVMSI_2026-03-30T12:30:00+0000_81.1700
CAVMSI,Cauvery at Musiri,Cauvery,2026-03-30 15:30:00+00:00,81.043,NORMAL,84.51,85.4,89.25,10.93805556,78.44027778,CAVMSI_2026-03-30T15:30:00+0000_81.0430
CAVMSI,Cauvery at Musiri,Cauvery,2026-03-30 16:30:00+00:00,81.17,NORMAL,84.51,85.4,89.25,10.93805556,78.44027778,CAVMSI_2026-03-30T16:30:00+0000_81.1700
CAVMSI,Cauvery at Musiri,Cauvery,2026-03-30 18:30:00+00:00,81.043,NORMAL,84.51,85.4,89.25,10.93805556,78.44027778,CAVMSI_2026-03-30T18:30:00+0000_81.0430
CAVMSI,Cauvery at Musiri,Cauvery,2026-03-30 19:30:00+00:00,81.17,NORMAL,84.51,85.4,89.25,10.93805556,78.44027778,CAVMSI_2026-03-30T19:30:00+0000_81.1700
CAVMSI,Cauvery at Musiri,Cauvery,2026-03-30 21:30:00+00:00,81.044,NORMAL,84.51,85.4,89.25,10.93805556,78.44027778,CAVMSI_2026-03-30T21:30:00+0000_81.0440
CAVMSI,Cauvery at Musiri,Cauvery,2026-03-30 22:30:00+00:00,81.17,NORMAL,84.51,85.4,89.25,10.93805556,78.44027778,CAVMSI_2026-03-30T22:30:00+0000_81.1700
CAVMSI,Cauvery at Musiri,Cauvery,2026-03-30 23:30:00+00:00,81.17,NORMAL,84.51,85.4,89.25,10.93805556,78.44027778,CAVMSI_2026-03-30T23:30:00+0000_81.1700
CAVMSI,Cauvery at Musiri,Cauvery,2026-03-31 00:30:00+00:00,81.044,NORMAL,84.51,85.4,89.25,10.93805556,78.44027778,CAVMSI_2026-03-31T00:30:00+0000_81.0440
CAVMSI,Cauvery at Musiri,Cauvery,2026-03-31 01:30:00+00:00,81.043,NORMAL,84.51,85.4,89.25,10.93805556,78.44027778,CAVMSI_2026-03-31T01:30:00+0000_81.0430
CAVMSI,Cauvery at Musiri,Cauvery,2026-03-31 08:30:00+00:00,81.041,NORMAL,84.51,85.4,89.25,10.93805556,78.44027778,CAVMSI_2026-03-31T08:30:00+0000_81.0410
CAVMSI,Cauvery at Musiri,Cauvery,2026-03-31 09:30:00+00:00,81.042,NORMAL,84.51,85.4,89.25,10.93805556,78.44027778,CAVMSI_2026-03-31T09:30:00+0000_81.0420
CAVMSI,Cauvery at Musiri,Cauvery,2026-03-31 10:30:00+00:00,81.042,NORMAL,84.51,85.4,89.25,10.93805556,78.44027778,CAVMSI_2026-03-31T10:30:00+0000_81.0420
CAVMSI,Cauvery at Musiri,Cauvery,2026-03-31 12:30:00+00:00,81.043,NORMAL,84.51,85.4,89.25,10.93805556,78.44027778,CAVMSI_2026-03-31T12:30:00+0000_81.0430
CAVMSI,Cauvery at Musiri,Cauvery,2026-03-31 13:30:00+00:00,81.043,NORMAL,84.51,85.4,89.25,10.93805556,78.44027778,CAVMSI_2026-03-31T13:30:00+0000_81.0430
CAVMSI,Cauvery at Musiri,Cauvery,2026-03-31 14:30:00+00:00,81.044,NORMAL,84.51,85.4,89.25,10.93805556,78.44027778,CAVMSI_2026-03-31T14:30:00+0000_81.0440
CAVMSI,Cauvery at Musiri,Cauvery,2026-03-31 15:30:00+00:00,81.044,NORMAL,84.51,85.4,89.25,10.93805556,78.44027778,CAVMSI_2026-03-31T15:30:00+0000_81.0440
CAVMSI,Cauvery at Musiri,Cauvery,2026-03-31 17:30:00+00:00,81.044,NORMAL,84.51,85.4,89.25,10.93805556,78.44027778,CAVMSI_2026-03-31T17:30:00+0000_81.0440
CAVMSI,Cauvery at Musiri,Cauvery,2026-03-31 18:30:00+00:00,81.044,NORMAL,84.51,85.4,89.25,10.93805556,78.44027778,CAVMSI_2026-03-31T18:30:00+0000_81.0440
CAVMSI,Cauvery at Musiri,Cauvery,2026-03-31 19:30:00+00:00,81.044,NORMAL,84.51,85.4,89.25,10.93805556,78.44027778,CAVMSI_2026-03-31T19:30:00+0000_81.0440
CAVMSI,Cauvery at Musiri,Cauvery,2026-03-31 20:30:00+00:00,81.044,NORMAL,84.51,85.4,89.25,10.93805556,78.44027778,CAVMSI_2026-03-31T20:30:00+0000_81.0440
CAVMSI,Cauvery at Musiri,Cauvery,2026-03-31 21:30:00+00:00,81.044,NORMAL,84.51,85.4,89.25,10.93805556,78.44027778,CAVMSI_2026-03-31T21:30:00+0000_81.0440
CAVMSI,Cauvery at Musiri,Cauvery,2026-03-31 22:30:00+00:00,81.044,NORMAL,84.51,85.4,89.25,10.93805556,78.44027778,CAVMSI_2026-03-31T22:30:00+0000_81.0440
CAVMSI,Cauvery at Musiri,Cauvery,2026-03-31 23:30:00+00:00,81.17,NORMAL,84.51,85.4,89.25,10.93805556,78.44027778,CAVMSI_2026-03-31T23:30:00+0000_81.1700
CAVMSI,Cauvery at Musiri,Cauvery,2026-04-01 00:30:00+00:00,81.17,NORMAL,84.51,85.4,89.25,10.93805556,78.44027778,CAVMSI_2026-04-01T00:30:00+0000_81.1700
CAVMSI,Cauvery at Musiri,Cauvery,2026-04-01 01:30:00+00:00,81.17,NORMAL,84.51,85.4,89.25,10.93805556,78.44027778,CAVMSI_2026-04-01T01:30:00+0000_81.1700
CAVMSI,Cauvery at Musiri,Cauvery,2026-04-01 02:30:00+00:00,81.17,NORMAL,84.51,85.4,89.25,10.93805556,78.44027778,CAVMSI_2026-04-01T02:30:00+0000_81.1700
CAVMSI,Cauvery at Musiri,Cauvery,2026-04-01 03:30:00+00:00,81.17,NORMAL,84.51,85.4,89.25,10.93805556,78.44027778,CAVMSI_2026-04-01T03:30:00+0000_81.1700
CAVMSI,Cauvery at Musiri,Cauvery,2026-04-01 04:30:00+00:00,81.041,NORMAL,84.51,85.4,89.25,10.93805556,78.44027778,CAVMSI_2026-04-01T04:30:00+0000_81.0410
CAVMSI,Cauvery at Musiri,Cauvery,2026-04-01 05:30:00+00:00,81.17,NORMAL,84.51,85.4,89.25,10.93805556,78.44027778,CAVMSI_2026-04-01T05:30:00+0000_81.1700
CAVMSI,Cauvery at Musiri,Cauvery,2026-04-01 06:30:00+00:00,81.17,NORMAL,84.51,85.4,89.25,10.93805556,78.44027778,CAVMSI_2026-04-01T06:30:00+0000_81.1700
CAVMSI,Cauvery at Musiri,Cauvery,2026-04-01 07:30:00+00:00,81.17,NORMAL,84.51,85.4,89.25,10.93805556,78.44027778,CAVMSI_2026-04-01T07:30:00+0000_81.1700
CAVMSI,Cauvery at Musiri,Cauvery,2026-04-01 08:30:00+00:00,81.04,NORMAL,84.51,85.4,89.25,10.93805556,78.44027778,CAVMSI_2026-04-01T08:30:00+0000_81.0400
CAVMSI,Cauvery at Musiri,Cauvery,2026-04-01 09:30:00+00:00,81.17,NORMAL,84.51,85.4,89.25,10.93805556,78.44027778,CAVMSI_2026-04-01T09:30:00+0000_81.1700
CAVMSI,Cauvery at Musiri,Cauvery,2026-04-01 11:30:00+00:00,81.041,NORMAL,84.51,85.4,89.25,10.93805556,78.44027778,CAVMSI_2026-04-01T11:30:00+0000_81.0410
CAVMSI,Cauvery at Musiri,Cauvery,2026-04-01 12:30:00+00:00,81.17,NORMAL,84.51,85.4,89.25,10.93805556,78.44027778,CAVMSI_2026-04-01T12:30:00+0000_81.1700
CAVMSI,Cauvery at Musiri,Cauvery,2026-04-01 13:30:00+00:00,81.17,NORMAL,84.51,85.4,89.25,10.93805556,78.44027778,CAVMSI_2026-04-01T13:30:00+0000_81.1700
CAVMSI,Cauvery at Musiri,Cauvery,2026-04-01 14:30:00+00:00,81.17,NORMAL,84.51,85.4,89.25,10.93805556,78.44027778,CAVMSI_2026-04-01T14:30:00+0000_81.1700
CAVMSI,Cauvery at Musiri,Cauvery,2026-04-01 15:30:00+00:00,81.17,NORMAL,84.51,85.4,89.25,10.93805556,78.44027778,CAVMSI_2026-04-01T15:30:00+0000_81.1700
CAVMSI,Cauvery at Musiri,Cauvery,2026-04-01 16:30:00+00:00,81.17,NORMAL,84.51,85.4,89.25,10.93805556,78.44027778,CAVMSI_2026-04-01T16:30:00+0000_81.1700
CAVMSI,Cauvery at Musiri,Cauvery,2026-04-01 17:30:00+00:00,81.17,NORMAL,84.51,85.4,89.25,10.93805556,78.44027778,CAVMSI_2026-04-01T17:30:00+0000_81.1700
CAVMSI,Cauvery at Musiri,Cauvery,2026-04-01 18:30:00+00:00,81.044,NORMAL,84.51,85.4,89.25,10.93805556,78.44027778,CAVMSI_2026-04-01T18:30:00+0000_81.0440
CAVMSI,Cauvery at Musiri,Cauvery,2026-04-01 19:30:00+00:00,81.17,NORMAL,84.51,85.4,89.25,10.93805556,78.44027778,CAVMSI_2026-04-01T19:30:00+0000_81.1700
CAVMSI,Cauvery at Musiri,Cauvery,2026-04-01 20:30:00+00:00,81.17,NORMAL,84.51,85.4,89.25,10.93805556,78.44027778,CAVMSI_2026-04-01T20:30:00+0000_81.1700
CAVMSI,Cauvery at Musiri,Cauvery,2026-04-01 21:30:00+00:00,81.17,NORMAL,84.51,85.4,89.25,10.93805556,78.44027778,CAVMSI_2026-04-01T21:30:00+0000_81.1700
CAVMSI,Cauvery at Musiri,Cauvery,2026-04-01 22:30:00+00:00,81.044,NORMAL,84.51,85.4,89.25,10.93805556,78.44027778,CAVMSI_2026-04-01T22:30:00+0000_81.0440
CAVMSI,Cauvery at Musiri,Cauvery,2026-04-01 23:30:00+00:00,81.044,NORMAL,84.51,85.4,89.25,10.93805556,78.44027778,CAVMSI_2026-04-01T23:30:00+0000_81.0440
CAVMSI,Cauvery at Musiri,Cauvery,2026-04-02 00:30:00+00:00,81.17,NORMAL,84.51,85.4,89.25,10.93805556,78.44027778,CAVMSI_2026-04-02T00:30:00+0000_81.1700
CAVMSI,Cauvery at Musiri,Cauvery,2026-04-02 01:30:00+00:00,81.043,NORMAL,84.51,85.4,89.25,10.93805556,78.44027778,CAVMSI_2026-04-02T01:30:00+0000_81.0430
CAVMSI,Cauvery at Musiri,Cauvery,2026-04-02 02:30:00+00:00,81.17,NORMAL,84.51,85.4,89.25,10.93805556,78.44027778,CAVMSI_2026-04-02T02:30:00+0000_81.1700
CAVMSI,Cauvery at Musiri,Cauvery,2026-04-02 03:30:00+00:00,81.042,NORMAL,84.51,85.4,89.25,10.93805556,78.44027778,CAVMSI_2026-04-02T03:30:00+0000_81.0420
CAVMSI,Cauvery at Musiri,Cauvery,2026-04-02 04:30:00+00:00,81.17,NORMAL,84.51,85.4,89.25,10.93805556,78.44027778,CAVMSI_2026-04-02T04:30:00+0000_81.1700
CAVMSI,Cauvery at Musiri,Cauvery,2026-04-02 05:30:00+00:00,81.04,NORMAL,84.51,85.4,89.25,10.93805556,78.44027778,CAVMSI_2026-04-02T05:30:00+0000_81.0400
CAVMSI,Cauvery at Musiri,Cauvery,2026-04-02 06:30:00+00:00,81.17,NORMAL,84.51,85.4,89.25,10.93805556,78.44027778,CAVMSI_2026-04-02T06:30:00+0000_81.1700
CAVMSI,Cauvery at Musiri,Cauvery,2026-04-02 07:30:00+00:00,81.17,NORMAL,84.51,85.4,89.25,10.93805556,78.44027778,CAVMSI_2026-04-02T07:30:00+0000_81.1700
CAVMSI,Cauvery at Musiri,Cauvery,2026-04-02 08:30:00+00:00,81.17,NORMAL,84.51,85.4,89.25,10.93805556,78.44027778,CAVMSI_2026-04-02T08:30:00+0000_81.1700
CAVMSI,Cauvery at Musiri,Cauvery,2026-04-02 09:30:00+00:00,81.17,NORMAL,84.51,85.4,89.25,10.93805556,78.44027778,CAVMSI_2026-04-02T09:30:00+0000_81.1700
CAVMSI,Cauvery at Musiri,Cauvery,2026-04-02 10:30:00+00:00,81.17,NORMAL,84.51,85.4,89.25,10.93805556,78.44027778,CAVMSI_2026-04-02T10:30:00+0000_81.1700
CAVMSI,Cauvery at Musiri,Cauvery,2026-04-02 11:30:00+00:00,81.17,NORMAL,84.51,85.4,89.25,10.93805556,78.44027778,CAVMSI_2026-04-02T11:30:00+0000_81.1700
CAVMSI,Cauvery at Musiri,Cauvery,2026-04-02 12:30:00+00:00,81.043,NORMAL,84.51,85.4,89.25,10.93805556,78.44027778,CAVMSI_2026-04-02T12:30:00+0000_81.0430
CAVMSI,Cauvery at Musiri,Cauvery,2026-04-02 13:30:00+00:00,81.17,NORMAL,84.51,85.4,89.25,10.93805556,78.44027778,CAVMSI_2026-04-02T13:30:00+0000_81.1700
CAVMSI,Cauvery at Musiri,Cauvery,2026-04-02 14:30:00+00:00,81.17,NORMAL,84.51,85.4,89.25,10.93805556,78.44027778,CAVMSI_2026-04-02T14:30:00+0000_81.1700
CAVMSI,Cauvery at Musiri,Cauvery,2026-04-02 15:30:00+00:00,81.17,NORMAL,84.51,85.4,89.25,10.93805556,78.44027778,CAVMSI_2026-04-02T15:30:00+0000_81.1700
CAVMSI,Cauvery at Musiri,Cauvery,2026-04-02 16:30:00+00:00,81.043,NORMAL,84.51,85.4,89.25,10.93805556,78.44027778,CAVMSI_2026-04-02T16:30:00+0000_81.0430
CAVMSI,Cauvery at Musiri,Cauvery,2026-04-02 17:30:00+00:00,81.17,NORMAL,84.51,85.4,89.25,10.93805556,78.44027778,CAVMSI_2026-04-02T17:30:00+0000_81.1700
CAVMSI,Cauvery at Musiri,Cauvery,2026-04-02 18:30:00+00:00,81.17,NORMAL,84.51,85.4,89.25,10.93805556,78.44027778,CAVMSI_2026-04-02T18:30:00+0000_81.1700
CAVMSI,Cauvery at Musiri,Cauvery,2026-04-02 19:30:00+00:00,81.17,NORMAL,84.51,85.4,89.25,10.93805556,78.44027778,CAVMSI_2026-04-02T19:30:00+0000_81.1700
CAVMSI,Cauvery at Musiri,Cauvery,2026-04-02 20:30:00+00:00,81.17,NORMAL,84.51,85.4,89.25,10.93805556,78.44027778,CAVMSI_2026-04-02T20:30:00+0000_81.1700
CAVMSI,Cauvery at Musiri,Cauvery,2026-04-02 21:30:00+00:00,81.044,NORMAL,84.51,85.4,89.25,10.93805556,78.44027778,CAVMSI_2026-04-02T21:30:00+0000_81.0440
CAVMSI,Cauvery at Musiri,Cauvery,2026-04-02 22:30:00+00:00,81.044,NORMAL,84.51,85.4,89.25,10.93805556,78.44027778,CAVMSI_2026-04-02T22:30:00+0000_81.0440
CAVMSI,Cauvery at Musiri,Cauvery,2026-04-02 23:30:00+00:00,81.17,NORMAL,84.51,85.4,89.25,10.93805556,78.44027778,CAVMSI_2026-04-02T23:30:00+0000_81.1700
CAVMSI,Cauvery at Musiri,Cauvery,2026-04-03 00:30:00+00:00,81.17,NORMAL,84.51,85.4,89.25,10.93805556,78.44027778,CAVMSI_2026-04-03T00:30:00+0000_81.1700
CAVMSI,Cauvery at Musiri,Cauvery,2026-04-03 01:30:00+00:00,81.17,NORMAL,84.51,85.4,89.25,10.93805556,78.44027778,CAVMSI_2026-04-03T01:30:00+0000_81.1700
CAVMSI,Cauvery at Musiri,Cauvery,2026-04-03 02:30:00+00:00,81.17,NORMAL,84.51,85.4,89.25,10.93805556,78.44027778,CAVMSI_2026-04-03T02:30:00+0000_81.1700
CAVMSI,Cauvery at Musiri,Cauvery,2026-04-03 03:30:00+00:00,81.17,NORMAL,84.51,85.4,89.25,10.93805556,78.44027778,CAVMSI_2026-04-03T03:30:00+0000_81.1700
CAVMSI,Cauvery at Musiri,Cauvery,2026-04-03 04:30:00+00:00,81.17,NORMAL,84.51,85.4,89.25,10.93805556,78.44027778,CAVMSI_2026-04-03T04:30:00+0000_81.1700
CAVMSI,Cauvery at Musiri,Cauvery,2026-04-03 05:30:00+00:00,81.17,NORMAL,84.51,85.4,89.25,10.93805556,78.44027778,CAVMSI_2026-04-03T05:30:00+0000_81.1700
CAVMSI,Cauvery at Musiri,Cauvery,2026-04-03 06:30:00+00:00,81.17,NORMAL,84.51,85.4,89.25,10.93805556,78.44027778,CAVMSI_2026-04-03T06:30:00+0000_81.1700
CAVMSI,Cauvery at Musiri,Cauvery,2026-04-03 07:30:00+00:00,81.043,NORMAL,84.51,85.4,89.25,10.93805556,78.44027778,CAVMSI_2026-04-03T07:30:00+0000_81.0430
CAVMSI,Cauvery at Musiri,Cauvery,2026-04-03 08:30:00+00:00,81.17,NORMAL,84.51,85.4,89.25,10.93805556,78.44027778,CAVMSI_2026-04-03T08:30:00+0000_81.1700
CAVMSI,Cauvery at Musiri,Cauvery,2026-04-03 09:30:00+00:00,81.17,NORMAL,84.51,85.4,89.25,10.93805556,78.44027778,CAVMSI_2026-04-03T09:30:00+0000_81.1700
CAVMSI,Cauvery at Musiri,Cauvery,2026-04-03 10:30:00+00:00,81.17,NORMAL,84.51,85.4,89.25,10.93805556,78.44027778,CAVMSI_2026-04-03T10:30:00+0000_81.1700
CAVMSI,Cauvery at Musiri,Cauvery,2026-04-03 11:30:00+00:00,81.17,NORMAL,84.51,85.4,89.25,10.93805556,78.44027778,CAVMSI_2026-04-03T11:30:00+0000_81.1700
CAVMSI,Cauvery at Musiri,Cauvery,2026-04-03 12:30:00+00:00,81.17,NORMAL,84.51,85.4,89.25,10.93805556,78.44027778,CAVMSI_2026-04-03T12:30:00+0000_81.1700
CAVMSI,Cauvery at Musiri,Cauvery,2026-04-03 13:30:00+00:00,81.17,NORMAL,84.51,85.4,89.25,10.93805556,78.44027778,CAVMSI_2026-04-03T13:30:00+0000_81.1700
CAVMSI,Cauvery at Musiri,Cauvery,2026-04-03 14:30:00+00:00,81.044,NORMAL,84.51,85.4,89.25,10.93805556,78.44027778,CAVMSI_2026-04-03T14:30:00+0000_81.0440
CAVMSI,Cauvery at Musiri,Cauvery,2026-04-03 15:30:00+00:00,81.044,NORMAL,84.51,85.4,89.25,10.93805556,78.44027778,CAVMSI_2026-04-03T15:30:00+0000_81.0440
CAVMSI,Cauvery at Musiri,Cauvery,2026-04-03 16:30:00+00:00,81.17,NORMAL,84.51,85.4,89.25,10.93805556,78.44027778,CAVMSI_2026-04-03T16:30:00+0000_81.1700
CAVMSI,Cauvery at Musiri,Cauvery,2026-04-03 17:30:00+00:00,81.044,NORMAL,84.51,85.4,89.25,10.93805556,78.44027778,CAVMSI_2026-04-03T17:30:00+0000_81.0440
CAVMSI,Cauvery at Musiri,Cauvery,2026-04-03 18:30:00+00:00,81.17,NORMAL,84.51,85.4,89.25,10.93805556,78.44027778,CAVMSI_2026-04-03T18:30:00+0000_81.1700
CAVMSI,Cauvery at Musiri,Cauvery,2026-04-03 19:30:00+00:00,81.044,NORMAL,84.51,85.4,89.25,10.93805556,78.44027778,CAVMSI_2026-04-03T19:30:00+0000_81.0440
CAVMSI,Cauvery at Musiri,Cauvery,2026-04-03 20:30:00+00:00,81.044,NORMAL,84.51,85.4,89.25,10.93805556,78.44027778,CAVMSI_2026-04-03T20:30:00+0000_81.0440
CAVMSI,Cauvery at Musiri,Cauvery,2026-04-03 21:30:00+00:00,81.044,NORMAL,84.51,85.4,89.25,10.93805556,78.44027778,CAVMSI_2026-04-03T21:30:00+0000_81.0440
CAVMSI,Cauvery at Musiri,Cauvery,2026-04-03 22:30:00+00:00,81.044,NORMAL,84.51,85.4,89.25,10.93805556,78.44027778,CAVMSI_2026-04-03T22:30:00+0000_81.0440
CAVMSI,Cauvery at Musiri,Cauvery,2026-04-03 23:30:00+00:00,81.17,NORMAL,84.51,85.4,89.25,10.93805556,78.44027778,CAVMSI_2026-04-03T23:30:00+0000_81.1700
CAVMSI,Cauvery at Musiri,Cauvery,2026-04-04 00:30:00+00:00,81.17,NORMAL,84.51,85.4,89.25,10.93805556,78.44027778,CAVMSI_2026-04-04T00:30:00+0000_81.1700
CAVMSI,Cauvery at Musiri,Cauvery,2026-04-04 01:30:00+00:00,81.17,NORMAL,84.51,85.4,89.25,10.93805556,78.44027778,CAVMSI_2026-04-04T01:30:00+0000_81.1700
CAVMSI,Cauvery at Musiri,Cauvery,2026-04-04 02:30:00+00:00,81.17,NORMAL,84.51,85.4,89.25,10.93805556,78.44027778,CAVMSI_2026-04-04T02:30:00+0000_81.1700
CAVMSI,Cauvery at Musiri,Cauvery,2026-04-04 03:30:00+00:00,81.17,NORMAL,84.51,85.4,89.25,10.93805556,78.44027778,CAVMSI_2026-04-04T03:30:00+0000_81.1700
CAVMSI,Cauvery at Musiri,Cauvery,2026-04-04 04:30:00+00:00,81.17,NORMAL,84.51,85.4,89.25,10.93805556,78.44027778,CAVMSI_2026-04-04T04:30:00+0000_81.1700
CAVMSI,Cauvery at Musiri,Cauvery,2026-04-04 05:30:00+00:00,81.17,NORMAL,84.51,85.4,89.25,10.93805556,78.44027778,CAVMSI_2026-04-04T05:30:00+0000_81.1700
CAVMSI,Cauvery at Musiri,Cauvery,2026-04-04 06:30:00+00:00,81.17,NORMAL,84.51,85.4,89.25,10.93805556,78.44027778,CAVMSI_2026-04-04T06:30:00+0000_81.1700
CAVMSI,Cauvery at Musiri,Cauvery,2026-04-04 07:30:00+00:00,81.042,NORMAL,84.51,85.4,89.25,10.93805556,78.44027778,CAVMSI_2026-04-04T07:30:00+0000_81.0420
CAVMSI,Cauvery at Musiri,Cauvery,2026-04-04 08:30:00+00:00,81.17,NORMAL,84.51,85.4,89.25,10.93805556,78.44027778,CAVMSI_2026-04-04T08:30:00+0000_81.1700
CAVMSI,Cauvery at Musiri,Cauvery,2026-04-04 09:30:00+00:00,81.17,NORMAL,84.51,85.4,89.25,10.93805556,78.44027778,CAVMSI_2026-04-04T09:30:00+0000_81.1700
CAVMSI,Cauvery at Musiri,Cauvery,2026-04-04 10:30:00+00:00,81.043,NORMAL,84.51,85.4,89.25,10.93805556,78.44027778,CAVMSI_2026-04-04T10:30:00+0000_81.0430
CAVMSI,Cauvery at Musiri,Cauvery,2026-04-04 11:30:00+00:00,81.17,NORMAL,84.51,85.4,89.25,10.93805556,78.44027778,CAVMSI_2026-04-04T11:30:00+0000_81.1700
CAVMSI,Cauvery at Musiri,Cauvery,2026-04-04 12:30:00+00:00,81.17,NORMAL,84.51,85.4,89.25,10.93805556,78.44027778,CAVMSI_2026-04-04T12:30:00+0000_81.1700
CAVMSI,Cauvery at Musiri,Cauvery,2026-04-04 13:30:00+00:00,81.17,NORMAL,84.51,85.4,89.25,10.93805556,78.44027778,CAVMSI_2026-04-04T13:30:00+0000_81.1700
CAVMSI,Cauvery at Musiri,Cauvery,2026-04-04 14:30:00+00:00,81.044,NORMAL,84.51,85.4,89.25,10.93805556,78.44027778,CAVMSI_2026-04-04T14:30:00+0000_81.0440
CAVMSI,Cauvery at Musiri,Cauvery,2026-04-04 15:30:00+00:00,81.044,NORMAL,84.51,85.4,89.25,10.93805556,78.44027778,CAVMSI_2026-04-04T15:30:00+0000_81.0440
CAVMSI,Cauvery at Musiri,Cauvery,2026-04-04 16:30:00+00:00,81.17,NORMAL,84.51,85.4,89.25,10.93805556,78.44027778,CAVMSI_2026-04-04T16:30:00+0000_81.1700
CAVMSI,Cauvery at Musiri,Cauvery,2026-04-04 17:30:00+00:00,81.044,NORMAL,84.51,85.4,89.25,10.93805556,78.44027778,CAVMSI_2026-04-04T17:30:00+0000_81.0440
CAVMSI,Cauvery at Musiri,Cauvery,2026-04-04 18:30:00+00:00,81.044,NORMAL,84.51,85.4,89.25,10.93805556,78.44027778,CAVMSI_2026-04-04T18:30:00+0000_81.0440
CAVMSI,Cauvery at Musiri,Cauvery,2026-04-04 19:30:00+00:00,81.17,NORMAL,84.51,85.4,89.25,10.93805556,78.44027778,CAVMSI_2026-04-04T19:30:00+0000_81.1700
CAVMSI,Cauvery at Musiri,Cauvery,2026-04-04 20:30:00+00:00,81.17,NORMAL,84.51,85.4,89.25,10.93805556,78.44027778,CAVMSI_2026-04-04T20:30:00+0000_81.1700
CAVMSI,Cauvery at Musiri,Cauvery,2026-04-04 21:30:00+00:00,81.17,NORMAL,84.51,85.4,89.25,10.93805556,78.44027778,CAVMSI_2026-04-04T21:30:00+0000_81.1700
CAVMSI,Cauvery at Musiri,Cauvery,2026-04-04 22:30:00+00:00,81.044,NORMAL,84.51,85.4,89.25,10.93805556,78.44027778,CAVMSI_2026-04-04T22:30:00+0000_81.0440
CAVMSI,Cauvery at Musiri,Cauvery,2026-04-04 23:30:00+00:00,81.17,NORMAL,84.51,85.4,89.25,10.93805556,78.44027778,CAVMSI_2026-04-04T23:30:00+0000_81.1700
CAVMSI,Cauvery at Musiri,Cauvery,2026-04-05 00:30:00+00:00,81.17,NORMAL,84.51,85.4,89.25,10.93805556,78.44027778,CAVMSI_2026-04-05T00:30:00+0000_81.1700
CAVMSI,Cauvery at Musiri,Cauvery,2026-04-05 01:30:00+00:00,81.17,NORMAL,84.51,85.4,89.25,10.93805556,78.44027778,CAVMSI_2026-04-05T01:30:00+0000_81.1700
CAVMSI,Cauvery at Musiri,Cauvery,2026-04-05 02:30:00+00:00,81.17,NORMAL,84.51,85.4,89.25,10.93805556,78.44027778,CAVMSI_2026-04-05T02:30:00+0000_81.1700
CAVMSI,Cauvery at Musiri,Cauvery,2026-04-05 03:30:00+00:00,81.036,NORMAL,84.51,85.4,89.25,10.93805556,78.44027778,CAVMSI_2026-04-05T03:30:00+0000_81.0360
CAVMSI,Cauvery at Musiri,Cauvery,2026-04-05 04:30:00+00:00,81.036,NORMAL,84.51,85.4,89.25,10.93805556,78.44027778,CAVMSI_2026-04-05T04:30:00+0000_81.0360
CAVMSI,Cauvery at Musiri,Cauvery,2026-04-05 05:30:00+00:00,81.17,NORMAL,84.51,85.4,89.25,10.93805556,78.44027778,CAVMSI_2026-04-05T05:30:00+0000_81.1700
CAVMSI,Cauvery at Musiri,Cauvery,2026-04-05 06:30:00+00:00,81.17,NORMAL,84.51,85.4,89.25,10.93805556,78.44027778,CAVMSI_2026-04-05T06:30:00+0000_81.1700
CAVMSI,Cauvery at Musiri,Cauvery,2026-04-05 07:30:00+00:00,81.17,NORMAL,84.51,85.4,89.25,10.93805556,78.44027778,CAVMSI_2026-04-05T07:30:00+0000_81.1700
CAVMSI,Cauvery at Musiri,Cauvery,2026-04-05 08:30:00+00:00,81.17,NORMAL,84.51,85.4,89.25,10.93805556,78.44027778,CAVMSI_2026-04-05T08:30:00+0000_81.1700
CAVMSI,Cauvery at Musiri,Cauvery,2026-04-05 09:30:00+00:00,81.17,NORMAL,84.51,85.4,89.25,10.93805556,78.44027778,CAVMSI_2026-04-05T09:30:00+0000_81.1700
CAVMSI,Cauvery at Musiri,Cauvery,2026-04-05 10:30:00+00:00,81.17,NORMAL,84.51,85.4,89.25,10.93805556,78.44027778,CAVMSI_2026-04-05T10:30:00+0000_81.1700
CAVMSI,Cauvery at Musiri,Cauvery,2026-04-05 11:30:00+00:00,81.17,NORMAL,84.51,85.4,89.25,10.93805556,78.44027778,CAVMSI_2026-04-05T11:30:00+0000_81.1700
CAVMSI,Cauvery at Musiri,Cauvery,2026-04-05 12:30:00+00:00,81.17,NORMAL,84.51,85.4,89.25,10.93805556,78.44027778,CAVMSI_2026-04-05T12:30:00+0000_81.1700
CAVMSI,Cauvery at Musiri,Cauvery,2026-04-05 13:30:00+00:00,81.17,NORMAL,84.51,85.4,89.25,10.93805556,78.44027778,CAVMSI_2026-04-05T13:30:00+0000_81.1700
CAVMSI,Cauvery at Musiri,Cauvery,2026-04-05 14:30:00+00:00,81.043,NORMAL,84.51,85.4,89.25,10.93805556,78.44027778,CAVMSI_2026-04-05T14:30:00+0000_81.0430
CAVMSI,Cauvery at Musiri,Cauvery,2026-04-05 15:30:00+00:00,81.044,NORMAL,84.51,85.4,89.25,10.93805556,78.44027778,CAVMSI_2026-04-05T15:30:00+0000_81.0440
CAVMSI,Cauvery at Musiri,Cauvery,2026-04-05 16:30:00+00:00,81.17,NORMAL,84.51,85.4,89.25,10.93805556,78.44027778,CAVMSI_2026-04-05T16:30:00+0000_81.1700
CAVMSI,Cauvery at Musiri,Cauvery,2026-04-05 17:30:00+00:00,81.17,NORMAL,84.51,85.4,89.25,10.93805556,78.44027778,CAVMSI_2026-04-05T17:30:00+0000_81.1700
CAVMSI,Cauvery at Musiri,Cauvery,2026-04-05 18:30:00+00:00,81.043,NORMAL,84.51,85.4,89.25,10.93805556,78.44027778,CAVMSI_2026-04-05T18:30:00+0000_81.0430
CAVMSI,Cauvery at Musiri,Cauvery,2026-04-05 19:30:00+00:00,81.17,NORMAL,84.51,85.4,89.25,10.93805556,78.44027778,CAVMSI_2026-04-05T19:30:00+0000_81.1700
CAVMSI,Cauvery at Musiri,Cauvery,2026-04-05 20:30:00+00:00,81.17,NORMAL,84.51,85.4,89.25,10.93805556,78.44027778,CAVMSI_2026-04-05T20:30:00+0000_81.1700
CAVMSI,Cauvery at Musiri,Cauvery,2026-04-05 21:30:00+00:00,81.044,NORMAL,84.51,85.4,89.25,10.93805556,78.44027778,CAVMSI_2026-04-05T21:30:00+0000_81.0440
CAVMSI,Cauvery at Musiri,Cauvery,2026-04-05 22:30:00+00:00,81.044,NORMAL,84.51,85.4,89.25,10.93805556,78.44027778,CAVMSI_2026-04-05T22:30:00+0000_81.0440
CAVMSI,Cauvery at Musiri,Cauvery,2026-04-05 23:30:00+00:00,81.17,NORMAL,84.51,85.4,89.25,10.93805556,78.44027778,CAVMSI_2026-04-05T23:30:00+0000_81.1700
CAVMSI,Cauvery at Musiri,Cauvery,2026-04-06 00:30:00+00:00,81.17,NORMAL,84.51,85.4,89.25,10.93805556,78.44027778,CAVMSI_2026-04-06T00:30:00+0000_81.1700
CAVMSI,Cauvery at Musiri,Cauvery,2026-04-06 01:30:00+00:00,81.17,NORMAL,84.51,85.4,89.25,10.93805556,78.44027778,CAVMSI_2026-04-06T01:30:00+0000_81.1700
CAVMSI,Cauvery at Musiri,Cauvery,2026-04-06 02:30:00+00:00,81.042,NORMAL,84.51,85.4,89.25,10.93805556,78.44027778,CAVMSI_2026-04-06T02:30:00+0000_81.0420
CAVMSI,Cauvery at Musiri,Cauvery,2026-04-06 03:30:00+00:00,81.17,NORMAL,84.51,85.4,89.25,10.93805556,78.44027778,CAVMSI_2026-04-06T03:30:00+0000_81.1700
CAVMSI,Cauvery at Musiri,Cauvery,2026-04-06 06:30:00+00:00,81.034,NORMAL,84.51,85.4,89.25,10.93805556,78.44027778,CAVMSI_2026-04-06T06:30:00+0000_81.0340
CAVMSI,Cauvery at Musiri,Cauvery,2026-04-06 07:30:00+00:00,81.17,NORMAL,84.51,85.4,89.25,10.93805556,78.44027778,CAVMSI_2026-04-06T07:30:00+0000_81.1700
CAVMSI,Cauvery at Musiri,Cauvery,2026-04-06 08:30:00+00:00,81.17,NORMAL,84.51,85.4,89.25,10.93805556,78.44027778,CAVMSI_2026-04-06T08:30:00+0000_81.1700
CAVMSI,Cauvery at Musiri,Cauvery,2026-04-06 09:30:00+00:00,81.04,NORMAL,84.51,85.4,89.25,10.93805556,78.44027778,CAVMSI_2026-04-06T09:30:00+0000_81.0400
CAVMSI,Cauvery at Musiri,Cauvery,2026-04-06 10:30:00+00:00,81.17,NORMAL,84.51,85.4,89.25,10.93805556,78.44027778,CAVMSI_2026-04-06T10:30:00+0000_81.1700
CAVMSI,Cauvery at Musiri,Cauvery,2026-04-06 11:30:00+00:00,81.17,NORMAL,84.51,85.4,89.25,10.93805556,78.44027778,CAVMSI_2026-04-06T11:30:00+0000_81.1700
CAVMSI,Cauvery at Musiri,Cauvery,2026-04-06 12:30:00+00:00,81.043,NORMAL,84.51,85.4,89.25,10.93805556,78.44027778,CAVMSI_2026-04-06T12:30:00+0000_81.0430
CAVMSI,Cauvery at Musiri,Cauvery,2026-04-06 13:30:00+00:00,81.043,NORMAL,84.51,85.4,89.25,10.93805556,78.44027778,CAVMSI_2026-04-06T13:30:00+0000_81.0430
CAVMSI,Cauvery at Musiri,Cauvery,2026-04-06 14:30:00+00:00,81.043,NORMAL,84.51,85.4,89.25,10.93805556,78.44027778,CAVMSI_2026-04-06T14:30:00+0000_81.0430
CAVMSI,Cauvery at Musiri,Cauvery,2026-04-06 15:30:00+00:00,81.17,NORMAL,84.51,85.4,89.25,10.93805556,78.44027778,CAVMSI_2026-04-06T15:30:00+0000_81.1700
CAVMSI,Cauvery at Musiri,Cauvery,2026-04-06 16:30:00+00:00,81.17,NORMAL,84.51,85.4,89.25,10.93805556,78.44027778,CAVMSI_2026-04-06T16:30:00+0000_81.1700
CAVMSI,Cauvery at Musiri,Cauvery,2026-04-06 17:30:00+00:00,81.17,NORMAL,84.51,85.4,89.25,10.93805556,78.44027778,CAVMSI_2026-04-06T17:30:00+0000_81.1700
CAVMSI,Cauvery at Musiri,Cauvery,2026-04-06 18:30:00+00:00,81.17,NORMAL,84.51,85.4,89.25,10.93805556,78.44027778,CAVMSI_2026-04-06T18:30:00+0000_81.1700
CAVMSI,Cauvery at Musiri,Cauvery,2026-04-06 19:30:00+00:00,81.043,NORMAL,84.51,85.4,89.25,10.93805556,78.44027778,CAVMSI_2026-04-06T19:30:00+0000_81.0430
CAVMSI,Cauvery at Musiri,Cauvery,2026-04-06 20:30:00+00:00,81.17,NORMAL,84.51,85.4,89.25,10.93805556,78.44027778,CAVMSI_2026-04-06T20:30:00+0000_81.1700
CAVMSI,Cauvery at Musiri,Cauvery,2026-04-06 21:30:00+00:00,81.17,NORMAL,84.51,85.4,89.25,10.93805556,78.44027778,CAVMSI_2026-04-06T21:30:00+0000_81.1700
CAVMSI,Cauvery at Musiri,Cauvery,2026-04-06 22:30:00+00:00,81.044,NORMAL,84.51,85.4,89.25,10.93805556,78.44027778,CAVMSI_2026-04-06T22:30:00+0000_81.0440
CAVMSI,Cauvery at Musiri,Cauvery,2026-04-06 23:30:00+00:00,81.17,NORMAL,84.51,85.4,89.25,10.93805556,78.44027778,CAVMSI_2026-04-06T23:30:00+0000_81.1700
CAVMSI,Cauvery at Musiri,Cauvery,2026-04-07 00:30:00+00:00,81.044,NORMAL,84.51,85.4,89.25,10.93805556,78.44027778,CAVMSI_2026-04-07T00:30:00+0000_81.0440
CAVMSI,Cauvery at Musiri,Cauvery,2026-04-07 01:30:00+00:00,81.17,NORMAL,84.51,85.4,89.25,10.93805556,78.44027778,CAVMSI_2026-04-07T01:30:00+0000_81.1700
CAVMSI,Cauvery at Musiri,Cauvery,2026-04-07 02:30:00+00:00,81.17,NORMAL,84.51,85.4,89.25,10.93805556,78.44027778,CAVMSI_2026-04-07T02:30:00+0000_81.1700
CAVMSI,Cauvery at Musiri,Cauvery,2026-04-07 03:30:00+00:00,81.17,NORMAL,84.51,85.4,89.25,10.93805556,78.44027778,CAVMSI_2026-04-07T03:30:00+0000_81.1700
CAVMSI,Cauvery at Musiri,Cauvery,2026-04-07 04:30:00+00:00,81.17,NORMAL,84.51,85.4,89.25,10.93805556,78.44027778,CAVMSI_2026-04-07T04:30:00+0000_81.1700
CAVMSI,Cauvery at Musiri,Cauvery,2026-04-07 05:30:00+00:00,81.17,NORMAL,84.51,85.4,89.25,10.93805556,78.44027778,CAVMSI_2026-04-07T05:30:00+0000_81.1700
CAVMSI,Cauvery at Musiri,Cauvery,2026-04-07 06:30:00+00:00,81.17,NORMAL,84.51,85.4,89.25,10.93805556,78.44027778,CAVMSI_2026-04-07T06:30:00+0000_81.1700
CAVMSI,Cauvery at Musiri,Cauvery,2026-04-07 07:30:00+00:00,81.17,NORMAL,84.51,85.4,89.25,10.93805556,78.44027778,CAVMSI_2026-04-07T07:30:00+0000_81.1700
CAVMSI,Cauvery at Musiri,Cauvery,2026-04-07 09:30:00+00:00,81.043,NORMAL,84.51,85.4,89.25,10.93805556,78.44027778,CAVMSI_2026-04-07T09:30:00+0000_81.0430
CAVMSI,Cauvery at Musiri,Cauvery,2026-04-07 10:30:00+00:00,81.17,NORMAL,84.51,85.4,89.25,10.93805556,78.44027778,CAVMSI_2026-04-07T10:30:00+0000_81.1700
CAVMSI,Cauvery at Musiri,Cauvery,2026-04-07 11:30:00+00:00,81.043,NORMAL,84.51,85.4,89.25,10.93805556,78.44027778,CAVMSI_2026-04-07T11:30:00+0000_81.0430
CAVMSI,Cauvery at Musiri,Cauvery,2026-04-07 12:30:00+00:00,81.043,NORMAL,84.51,85.4,89.25,10.93805556,78.44027778,CAVMSI_2026-04-07T12:30:00+0000_81.0430
CAVMSI,Cauvery at Musiri,Cauvery,2026-04-07 13:30:00+00:00,81.17,NORMAL,84.51,85.4,89.25,10.93805556,78.44027778,CAVMSI_2026-04-07T13:30:00+0000_81.1700
CAVMSI,Cauvery at Musiri,Cauvery,2026-04-07 14:30:00+00:00,81.17,NORMAL,84.51,85.4,89.25,10.93805556,78.44027778,CAVMSI_2026-04-07T14:30:00+0000_81.1700
CAVMSI,Cauvery at Musiri,Cauvery,2026-04-07 15:30:00+00:00,81.044,NORMAL,84.51,85.4,89.25,10.93805556,78.44027778,CAVMSI_2026-04-07T15:30:00+0000_81.0440
CAVMSI,Cauvery at Musiri,Cauvery,2026-04-07 16:30:00+00:00,81.17,NORMAL,84.51,85.4,89.25,10.93805556,78.44027778,CAVMSI_2026-04-07T16:30:00+0000_81.1700
CAVMSI,Cauvery at Musiri,Cauvery,2026-04-07 17:30:00+00:00,81.044,NORMAL,84.51,85.4,89.25,10.93805556,78.44027778,CAVMSI_2026-04-07T17:30:00+0000_81.0440
CAVMSI,Cauvery at Musiri,Cauvery,2026-04-07 18:30:00+00:00,81.17,NORMAL,84.51,85.4,89.25,10.93805556,78.44027778,CAVMSI_2026-04-07T18:30:00+0000_81.1700
CAVMSI,Cauvery at Musiri,Cauvery,2026-04-07 19:30:00+00:00,81.17,NORMAL,84.51,85.4,89.25,10.93805556,78.44027778,CAVMSI_2026-04-07T19:30:00+0000_81.1700
CAVMSI,Cauvery at Musiri,Cauvery,2026-04-07 20:30:00+00:00,81.17,NORMAL,84.51,85.4,89.25,10.93805556,78.44027778,CAVMSI_2026-04-07T20:30:00+0000_81.1700
CAVMSI,Cauvery at Musiri,Cauvery,2026-04-07 21:30:00+00:00,81.17,NORMAL,84.51,85.4,89.25,10.93805556,78.44027778,CAVMSI_2026-04-07T21:30:00+0000_81.1700
CAVMSI,Cauvery at Musiri,Cauvery,2026-04-07 22:30:00+00:00,81.17,NORMAL,84.51,85.4,89.25,10.93805556,78.44027778,CAVMSI_2026-04-07T22:30:00+0000_81.1700
CAVMSI,Cauvery at Musiri,Cauvery,2026-04-07 23:30:00+00:00,81.17,NORMAL,84.51,85.4,89.25,10.93805556,78.44027778,CAVMSI_2026-04-07T23:30:00+0000_81.1700
CAVMSI,Cauvery at Musiri,Cauvery,2026-04-08 00:30:00+00:00,81.044,NORMAL,84.51,85.4,89.25,10.93805556,78.44027778,CAVMSI_2026-04-08T00:30:00+0000_81.0440
CAVMSI,Cauvery at Musiri,Cauvery,2026-04-08 01:30:00+00:00,81.044,NORMAL,84.51,85.4,89.25,10.93805556,78.44027778,CAVMSI_2026-04-08T01:30:00+0000_81.0440
CAVMSI,Cauvery at Musiri,Cauvery,2026-04-08 02:30:00+00:00,81.042,NORMAL,84.51,85.4,89.25,10.93805556,78.44027778,CAVMSI_2026-04-08T02:30:00+0000_81.0420
CAVMSI,Cauvery at Musiri,Cauvery,2026-04-08 03:30:00+00:00,81.17,NORMAL,84.51,85.4,89.25,10.93805556,78.44027778,CAVMSI_2026-04-08T03:30:00+0000_81.1700
CAVMSI,Cauvery at Musiri,Cauvery,2026-04-08 04:30:00+00:00,81.042,NORMAL,84.51,85.4,89.25,10.93805556,78.44027778,CAVMSI_2026-04-08T04:30:00+0000_81.0420
CAVMSI,Cauvery at Musiri,Cauvery,2026-04-08 05:30:00+00:00,81.042,NORMAL,84.51,85.4,89.25,10.93805556,78.44027778,CAVMSI_2026-04-08T05:30:00+0000_81.0420
CAVMSI,Cauvery at Musiri,Cauvery,2026-04-08 06:30:00+00:00,81.17,NORMAL,84.51,85.4,89.25,10.93805556,78.44027778,CAVMSI_2026-04-08T06:30:00+0000_81.1700
CAVMSI,Cauvery at Musiri,Cauvery,2026-04-08 09:30:00+00:00,81.041,NORMAL,84.51,85.4,89.25,10.93805556,78.44027778,CAVMSI_2026-04-08T09:30:00+0000_81.0410
CAVMSI,Cauvery at Musiri,Cauvery,2026-04-08 10:30:00+00:00,81.042,NORMAL,84.51,85.4,89.25,10.93805556,78.44027778,CAVMSI_2026-04-08T10:30:00+0000_81.0420
CAVMSI,Cauvery at Musiri,Cauvery,2026-04-08 11:30:00+00:00,81.043,NORMAL,84.51,85.4,89.25,10.93805556,78.44027778,CAVMSI_2026-04-08T11:30:00+0000_81.0430
CAVMSI,Cauvery at Musiri,Cauvery,2026-04-08 12:30:00+00:00,81.043,NORMAL,84.51,85.4,89.25,10.93805556,78.44027778,CAVMSI_2026-04-08T12:30:00+0000_81.0430
CAVMSI,Cauvery at Musiri,Cauvery,2026-04-08 13:30:00+00:00,81.044,NORMAL,84.51,85.4,89.25,10.93805556,78.44027778,CAVMSI_2026-04-08T13:30:00+0000_81.0440
CAVMSI,Cauvery at Musiri,Cauvery,2026-04-08 14:30:00+00:00,81.17,NORMAL,84.51,85.4,89.25,10.93805556,78.44027778,CAVMSI_2026-04-08T14:30:00+0000_81.1700
CAVMSI,Cauvery at Musiri,Cauvery,2026-04-08 15:30:00+00:00,81.17,NORMAL,84.51,85.4,89.25,10.93805556,78.44027778,CAVMSI_2026-04-08T15:30:00+0000_81.1700
CAVMSI,Cauvery at Musiri,Cauvery,2026-04-08 16:30:00+00:00,81.17,NORMAL,84.51,85.4,89.25,10.93805556,78.44027778,CAVMSI_2026-04-08T16:30:00+0000_81.1700
CAVMSI,Cauvery at Musiri,Cauvery,2026-04-08 17:30:00+00:00,81.17,NORMAL,84.51,85.4,89.25,10.93805556,78.44027778,CAVMSI_2026-04-08T17:30:00+0000_81.1700
CAVMSI,Cauvery at Musiri,Cauvery,2026-04-08 18:30:00+00:00,81.17,NORMAL,84.51,85.4,89.25,10.93805556,78.44027778,CAVMSI_2026-04-08T18:30:00+0000_81.1700
CAVMSI,Cauvery at Musiri,Cauvery,2026-04-08 19:30:00+00:00,81.17,NORMAL,84.51,85.4,89.25,10.93805556,78.44027778,CAVMSI_2026-04-08T19:30:00+0000_81.1700
CAVMSI,Cauvery at Musiri,Cauvery,2026-04-08 20:30:00+00:00,81.044,NORMAL,84.51,85.4,89.25,10.93805556,78.44027778,CAVMSI_2026-04-08T20:30:00+0000_81.0440
CAVMSI,Cauvery at Musiri,Cauvery,2026-04-08 21:30:00+00:00,81.17,NORMAL,84.51,85.4,89.25,10.93805556,78.44027778,CAVMSI_2026-04-08T21:30:00+0000_81.1700
CAVMSI,Cauvery at Musiri,Cauvery,2026-04-08 22:30:00+00:00,81.044,NORMAL,84.51,85.4,89.25,10.93805556,78.44027778,CAVMSI_2026-04-08T22:30:00+0000_81.0440
CAVMSI,Cauvery at Musiri,Cauvery,2026-04-08 23:30:00+00:00,81.17,NORMAL,84.51,85.4,89.25,10.93805556,78.44027778,CAVMSI_2026-04-08T23:30:00+0000_81.1700
CAVMSI,Cauvery at Musiri,Cauvery,2026-04-09 00:30:00+00:00,81.044,NORMAL,84.51,85.4,89.25,10.93805556,78.44027778,CAVMSI_2026-04-09T00:30:00+0000_81.0440
CAVMSI,Cauvery at Musiri,Cauvery,2026-04-09 01:30:00+00:00,81.17,NORMAL,84.51,85.4,89.25,10.93805556,78.44027778,CAVMSI_2026-04-09T01:30:00+0000_81.1700
CAVMSI,Cauvery at Musiri,Cauvery,2026-04-09 02:30:00+00:00,81.17,NORMAL,84.51,85.4,89.25,10.93805556,78.44027778,CAVMSI_2026-04-09T02:30:00+0000_81.1700
CAVMSI,Cauvery at Musiri,Cauvery,2026-04-09 03:30:00+00:00,81.17,NORMAL,84.51,85.4,89.25,10.93805556,78.44027778,CAVMSI_2026-04-09T03:30:00+0000_81.1700
CAVMSI,Cauvery at Musiri,Cauvery,2026-04-09 04:30:00+00:00,81.17,NORMAL,84.51,85.4,89.25,10.93805556,78.44027778,CAVMSI_2026-04-09T04:30:00+0000_81.1700
CAVMSI,Cauvery at Musiri,Cauvery,2026-04-09 05:30:00+00:00,81.17,NORMAL,84.51,85.4,89.25,10.93805556,78.44027778,CAVMSI_2026-04-09T05:30:00+0000_81.1700
CAVMSI,Cauvery at Musiri,Cauvery,2026-04-09 06:30:00+00:00,81.042,NORMAL,84.51,85.4,89.25,10.93805556,78.44027778,CAVMSI_2026-04-09T06:30:00+0000_81.0420
CAVMSI,Cauvery at Musiri,Cauvery,2026-04-09 07:30:00+00:00,81.042,NORMAL,84.51,85.4,89.25,10.93805556,78.44027778,CAVMSI_2026-04-09T07:30:00+0000_81.0420
CAVMSI,Cauvery at Musiri,Cauvery,2026-04-09 08:30:00+00:00,81.17,NORMAL,84.51,85.4,89.25,10.93805556,78.44027778,CAVMSI_2026-04-09T08:30:00+0000_81.1700
CAVMSI,Cauvery at Musiri,Cauvery,2026-04-09 09:30:00+00:00,81.17,NORMAL,84.51,85.4,89.25,10.93805556,78.44027778,CAVMSI_2026-04-09T09:30:00+0000_81.1700
CAVMSI,Cauvery at Musiri,Cauvery,2026-04-09 10:30:00+00:00,81.043,NORMAL,84.51,85.4,89.25,10.93805556,78.44027778,CAVMSI_2026-04-09T10:30:00+0000_81.0430
CAVMSI,Cauvery at Musiri,Cauvery,2026-04-09 11:30:00+00:00,81.17,NORMAL,84.51,85.4,89.25,10.93805556,78.44027778,CAVMSI_2026-04-09T11:30:00+0000_81.1700
CAVMSI,Cauvery at Musiri,Cauvery,2026-04-09 12:30:00+00:00,81.044,NORMAL,84.51,85.4,89.25,10.93805556,78.44027778,CAVMSI_2026-04-09T12:30:00+0000_81.0440
CAVMSI,Cauvery at Musiri,Cauvery,2026-04-09 13:30:00+00:00,81.044,NORMAL,84.51,85.4,89.25,10.93805556,78.44027778,CAVMSI_2026-04-09T13:30:00+0000_81.0440
CAVMSI,Cauvery at Musiri,Cauvery,2026-04-09 14:30:00+00:00,81.17,NORMAL,84.51,85.4,89.25,10.93805556,78.44027778,CAVMSI_2026-04-09T14:30:00+0000_81.1700
CAVMSI,Cauvery at Musiri,Cauvery,2026-04-09 15:30:00+00:00,81.044,NORMAL,84.51,85.4,89.25,10.93805556,78.44027778,CAVMSI_2026-04-09T15:30:00+0000_81.0440
CAVMSI,Cauvery at Musiri,Cauvery,2026-04-09 16:30:00+00:00,81.17,NORMAL,84.51,85.4,89.25,10.93805556,78.44027778,CAVMSI_2026-04-09T16:30:00+0000_81.1700
CAVMSI,Cauvery at Musiri,Cauvery,2026-04-09 17:30:00+00:00,81.17,NORMAL,84.51,85.4,89.25,10.93805556,78.44027778,CAVMSI_2026-04-09T17:30:00+0000_81.1700
CAVMSI,Cauvery at Musiri,Cauvery,2026-04-09 18:30:00+00:00,81.17,NORMAL,84.51,85.4,89.25,10.93805556,78.44027778,CAVMSI_2026-04-09T18:30:00+0000_81.1700
CAVMSI,Cauvery at Musiri,Cauvery,2026-04-09 19:30:00+00:00,81.17,NORMAL,84.51,85.4,89.25,10.93805556,78.44027778,CAVMSI_2026-04-09T19:30:00+0000_81.1700
CAVMSI,Cauvery at Musiri,Cauvery,2026-04-09 20:30:00+00:00,81.17,NORMAL,84.51,85.4,89.25,10.93805556,78.44027778,CAVMSI_2026-04-09T20:30:00+0000_81.1700
CAVMSI,Cauvery at Musiri,Cauvery,2026-04-09 21:30:00+00:00,81.17,NORMAL,84.51,85.4,89.25,10.93805556,78.44027778,CAVMSI_2026-04-09T21:30:00+0000_81.1700
CAVMSI,Cauvery at Musiri,Cauvery,2026-04-09 22:30:00+00:00,81.044,NORMAL,84.51,85.4,89.25,10.93805556,78.44027778,CAVMSI_2026-04-09T22:30:00+0000_81.0440
CAVMSI,Cauvery at Musiri,Cauvery,2026-04-09 23:30:00+00:00,81.044,NORMAL,84.51,85.4,89.25,10.93805556,78.44027778,CAVMSI_2026-04-09T23:30:00+0000_81.0440
CAVMSI,Cauvery at Musiri,Cauvery,2026-04-10 00:30:00+00:00,81.17,NORMAL,84.51,85.4,89.25,10.93805556,78.44027778,CAVMSI_2026-04-10T00:30:00+0000_81.1700
CAVMSI,Cauvery at Musiri,Cauvery,2026-04-10 01:30:00+00:00,81.17,NORMAL,84.51,85.4,89.25,10.93805556,78.44027778,CAVMSI_2026-04-10T01:30:00+0000_81.1700
CAVMSI,Cauvery at Musiri,Cauvery,2026-04-10 02:30:00+00:00,81.17,NORMAL,84.51,85.4,89.25,10.93805556,78.44027778,CAVMSI_2026-04-10T02:30:00+0000_81.1700
CAVMSI,Cauvery at Musiri,Cauvery,2026-04-10 03:30:00+00:00,81.04,NORMAL,84.51,85.4,89.25,10.93805556,78.44027778,CAVMSI_2026-04-10T03:30:00+0000_81.0400
CAVMSI,Cauvery at Musiri,Cauvery,2026-04-10 04:30:00+00:00,81.17,NORMAL,84.51,85.4,89.25,10.93805556,78.44027778,CAVMSI_2026-04-10T04:30:00+0000_81.1700
CAVMSI,Cauvery at Musiri,Cauvery,2026-04-10 05:30:00+00:00,81.042,NORMAL,84.51,85.4,89.25,10.93805556,78.44027778,CAVMSI_2026-04-10T05:30:00+0000_81.0420
CAVMSI,Cauvery at Musiri,Cauvery,2026-04-10 06:30:00+00:00,81.17,NORMAL,84.51,85.4,89.25,10.93805556,78.44027778,CAVMSI_2026-04-10T06:30:00+0000_81.1700
CAVMSI,Cauvery at Musiri,Cauvery,2026-04-10 07:30:00+00:00,81.17,NORMAL,84.51,85.4,89.25,10.93805556,78.44027778,CAVMSI_2026-04-10T07:30:00+0000_81.1700
CAVMSI,Cauvery at Musiri,Cauvery,2026-04-10 08:30:00+00:00,81.043,NORMAL,84.51,85.4,89.25,10.93805556,78.44027778,CAVMSI_2026-04-10T08:30:00+0000_81.0430
CAVMSI,Cauvery at Musiri,Cauvery,2026-04-10 09:30:00+00:00,81.043,NORMAL,84.51,85.4,89.25,10.93805556,78.44027778,CAVMSI_2026-04-10T09:30:00+0000_81.0430
CAVMSI,Cauvery at Musiri,Cauvery,2026-04-10 10:30:00+00:00,,,84.51,85.4,89.25,10.93805556,78.44027778,CAVMSI_2026-04-10T10:30:00+0000_
CAVMSI,Cauvery at Musiri,Cauvery,2026-04-10 11:30:00+00:00,81.044,NORMAL,84.51,85.4,89.25,10.93805556,78.44027778,CAVMSI_2026-04-10T11:30:00+0000_81.0440
CAVMSI,Cauvery at Musiri,Cauvery,2026-04-10 12:30:00+00:00,81.17,NORMAL,84.51,85.4,89.25,10.93805556,78.44027778,CAVMSI_2026-04-10T12:30:00+0000_81.1700
CAVMSI,Cauvery at Musiri,Cauvery,2026-04-10 13:30:00+00:00,81.044,NORMAL,84.51,85.4,89.25,10.93805556,78.44027778,CAVMSI_2026-04-10T13:30:00+0000_81.0440
CAVMSI,Cauvery at Musiri,Cauvery,2026-04-10 14:30:00+00:00,81.044,NORMAL,84.51,85.4,89.25,10.93805556,78.44027778,CAVMSI_2026-04-10T14:30:00+0000_81.0440
CAVMSI,Cauvery at Musiri,Cauvery,2026-04-10 15:30:00+00:00,81.17,NORMAL,84.51,85.4,89.25,10.93805556,78.44027778,CAVMSI_2026-04-10T15:30:00+0000_81.1700
CAVMSI,Cauvery at Musiri,Cauvery,2026-04-10 16:30:00+00:00,81.17,NORMAL,84.51,85.4,89.25,10.93805556,78.44027778,CAVMSI_2026-04-10T16:30:00+0000_81.1700
CAVMSI,Cauvery at Musiri,Cauvery,2026-04-10 17:30:00+00:00,81.17,NORMAL,84.51,85.4,89.25,10.93805556,78.44027778,CAVMSI_2026-04-10T17:30:00+0000_81.1700
CAVMSI,Cauvery at Musiri,Cauvery,2026-04-10 18:30:00+00:00,81.17,NORMAL,84.51,85.4,89.25,10.93805556,78.44027778,CAVMSI_2026-04-10T18:30:00+0000_81.1700
CAVMSI,Cauvery at Musiri,Cauvery,2026-04-10 19:30:00+00:00,81.044,NORMAL,84.51,85.4,89.25,10.93805556,78.44027778,CAVMSI_2026-04-10T19:30:00+0000_81.0440
CAVMSI,Cauvery at Musiri,Cauvery,2026-04-10 20:30:00+00:00,81.17,NORMAL,84.51,85.4,89.25,10.93805556,78.44027778,CAVMSI_2026-04-10T20:30:00+0000_81.1700
CAVMSI,Cauvery at Musiri,Cauvery,2026-04-10 21:30:00+00:00,81.044,NORMAL,84.51,85.4,89.25,10.93805556,78.44027778,CAVMSI_2026-04-10T21:30:00+0000_81.0440
CAVMSI,Cauvery at Musiri,Cauvery,2026-04-10 22:30:00+00:00,81.044,NORMAL,84.51,85.4,89.25,10.93805556,78.44027778,CAVMSI_2026-04-10T22:30:00+0000_81.0440
CAVMSI,Cauvery at Musiri,Cauvery,2026-04-10 23:30:00+00:00,81.17,NORMAL,84.51,85.4,89.25,10.93805556,78.44027778,CAVMSI_2026-04-10T23:30:00+0000_81.1700
CAVMSI,Cauvery at Musiri,Cauvery,2026-04-11 00:30:00+00:00,81.17,NORMAL,84.51,85.4,89.25,10.93805556,78.44027778,CAVMSI_2026-04-11T00:30:00+0000_81.1700
CAVMSI,Cauvery at Musiri,Cauvery,2026-04-11 01:30:00+00:00,81.17,NORMAL,84.51,85.4,89.25,10.93805556,78.44027778,CAVMSI_2026-04-11T01:30:00+0000_81.1700
CAVMSI,Cauvery at Musiri,Cauvery,2026-04-11 02:30:00+00:00,81.17,NORMAL,84.51,85.4,89.25,10.93805556,78.44027778,CAVMSI_2026-04-11T02:30:00+0000_81.1700
CAVMSI,Cauvery at Musiri,Cauvery,2026-04-11 03:30:00+00:00,81.17,NORMAL,84.51,85.4,89.25,10.93805556,78.44027778,CAVMSI_2026-04-11T03:30:00+0000_81.1700
CAVMSI,Cauvery at Musiri,Cauvery,2026-04-11 04:30:00+00:00,81.044,NORMAL,84.51,85.4,89.25,10.93805556,78.44027778,CAVMSI_2026-04-11T04:30:00+0000_81.0440
CAVMSI,Cauvery at Musiri,Cauvery,2026-04-11 05:30:00+00:00,81.17,NORMAL,84.51,85.4,89.25,10.93805556,78.44027778,CAVMSI_2026-04-11T05:30:00+0000_81.1700
CAVMSI,Cauvery at Musiri,Cauvery,2026-04-11 06:30:00+00:00,81.17,NORMAL,84.51,85.4,89.25,10.93805556,78.44027778,CAVMSI_2026-04-11T06:30:00+0000_81.1700
CAVMSI,Cauvery at Musiri,Cauvery,2026-04-11 08:30:00+00:00,81.042,NORMAL,84.51,85.4,89.25,10.93805556,78.44027778,CAVMSI_2026-04-11T08:30:00+0000_81.0420
CAVMSI,Cauvery at Musiri,Cauvery,2026-04-11 09:30:00+00:00,81.17,NORMAL,84.51,85.4,89.25,10.93805556,78.44027778,CAVMSI_2026-04-11T09:30:00+0000_81.1700
CAVMSI,Cauvery at Musiri,Cauvery,2026-04-11 10:30:00+00:00,81.043,NORMAL,84.51,85.4,89.25,10.93805556,78.44027778,CAVMSI_2026-04-11T10:30:00+0000_81.0430
CAVMSI,Cauvery at Musiri,Cauvery,2026-04-11 11:30:00+00:00,81.17,NORMAL,84.51,85.4,89.25,10.93805556,78.44027778,CAVMSI_2026-04-11T11:30:00+0000_81.1700
CAVMSI,Cauvery at Musiri,Cauvery,2026-04-11 12:30:00+00:00,81.043,NORMAL,84.51,85.4,89.25,10.93805556,78.44027778,CAVMSI_2026-04-11T12:30:00+0000_81.0430
CAVMSI,Cauvery at Musiri,Cauvery,2026-04-11 13:30:00+00:00,81.17,NORMAL,84.51,85.4,89.25,10.93805556,78.44027778,CAVMSI_2026-04-11T13:30:00+0000_81.1700
CAVMSI,Cauvery at Musiri,Cauvery,2026-04-11 14:30:00+00:00,81.17,NORMAL,84.51,85.4,89.25,10.93805556,78.44027778,CAVMSI_2026-04-11T14:30:00+0000_81.1700
CAVMSI,Cauvery at Musiri,Cauvery,2026-04-11 15:30:00+00:00,81.043,NORMAL,84.51,85.4,89.25,10.93805556,78.44027778,CAVMSI_2026-04-11T15:30:00+0000_81.0430
CAVMSI,Cauvery at Musiri,Cauvery,2026-04-11 16:30:00+00:00,81.17,NORMAL,84.51,85.4,89.25,10.93805556,78.44027778,CAVMSI_2026-04-11T16:30:00+0000_81.1700
CAVMSI,Cauvery at Musiri,Cauvery,2026-04-11 17:30:00+00:00,81.044,NORMAL,84.51,85.4,89.25,10.93805556,78.44027778,CAVMSI_2026-04-11T17:30:00+0000_81.0440
CAVMSI,Cauvery at Musiri,Cauvery,2026-04-11 18:30:00+00:00,81.17,NORMAL,84.51,85.4,89.25,10.93805556,78.44027778,CAVMSI_2026-04-11T18:30:00+0000_81.1700
CAVMSI,Cauvery at Musiri,Cauvery,2026-04-11 19:30:00+00:00,81.044,NORMAL,84.51,85.4,89.25,10.93805556,78.44027778,CAVMSI_2026-04-11T19:30:00+0000_81.0440
CAVMSI,Cauvery at Musiri,Cauvery,2026-04-11 20:30:00+00:00,81.044,NORMAL,84.51,85.4,89.25,10.93805556,78.44027778,CAVMSI_2026-04-11T20:30:00+0000_81.0440
CAVMSI,Cauvery at Musiri,Cauvery,2026-04-11 21:30:00+00:00,81.044,NORMAL,84.51,85.4,89.25,10.93805556,78.44027778,CAVMSI_2026-04-11T21:30:00+0000_81.0440
CAVMSI,Cauvery at Musiri,Cauvery,2026-04-11 22:30:00+00:00,81.044,NORMAL,84.51,85.4,89.25,10.93805556,78.44027778,CAVMSI_2026-04-11T22:30:00+0000_81.0440
CAVMSI,Cauvery at Musiri,Cauvery,2026-04-11 23:30:00+00:00,81.17,NORMAL,84.51,85.4,89.25,10.93805556,78.44027778,CAVMSI_2026-04-11T23:30:00+0000_81.1700
CAVMSI,Cauvery at Musiri,Cauvery,2026-04-12 00:30:00+00:00,81.17,NORMAL,84.51,85.4,89.25,10.93805556,78.44027778,CAVMSI_2026-04-12T00:30:00+0000_81.1700
CAVMSI,Cauvery at Musiri,Cauvery,2026-04-12 01:30:00+00:00,81.17,NORMAL,84.51,85.4,89.25,10.93805556,78.44027778,CAVMSI_2026-04-12T01:30:00+0000_81.1700
CAVMSI,Cauvery at Musiri,Cauvery,2026-04-12 02:30:00+00:00,81.17,NORMAL,84.51,85.4,89.25,10.93805556,78.44027778,CAVMSI_2026-04-12T02:30:00+0000_81.1700
CAVMSI,Cauvery at Musiri,Cauvery,2026-04-12 03:30:00+00:00,81.043,NORMAL,84.51,85.4,89.25,10.93805556,78.44027778,CAVMSI_2026-04-12T03:30:00+0000_81.0430
CAVMSI,Cauvery at Musiri,Cauvery,2026-04-12 04:30:00+00:00,81.17,NORMAL,84.51,85.4,89.25,10.93805556,78.44027778,CAVMSI_2026-04-12T04:30:00+0000_81.1700
CAVMSI,Cauvery at Musiri,Cauvery,2026-04-12 05:30:00+00:00,81.043,NORMAL,84.51,85.4,89.25,10.93805556,78.44027778,CAVMSI_2026-04-12T05:30:00+0000_81.0430
CAVMSI,Cauvery at Musiri,Cauvery,2026-04-12 06:30:00+00:00,81.043,NORMAL,84.51,85.4,89.25,10.93805556,78.44027778,CAVMSI_2026-04-12T06:30:00+0000_81.0430
CAVMSI,Cauvery at Musiri,Cauvery,2026-04-12 07:30:00+00:00,81.17,NORMAL,84.51,85.4,89.25,10.93805556,78.44027778,CAVMSI_2026-04-12T07:30:00+0000_81.1700
CAVMSI,Cauvery at Musiri,Cauvery,2026-04-12 08:30:00+00:00,81.043,NORMAL,84.51,85.4,89.25,10.93805556,78.44027778,CAVMSI_2026-04-12T08:30:00+0000_81.0430
CAVMSI,Cauvery at Musiri,Cauvery,2026-04-12 09:30:00+00:00,81.17,NORMAL,84.51,85.4,89.25,10.93805556,78.44027778,CAVMSI_2026-04-12T09:30:00+0000_81.1700
CAVMSI,Cauvery at Musiri,Cauvery,2026-04-12 10:30:00+00:00,81.17,NORMAL,84.51,85.4,89.25,10.93805556,78.44027778,CAVMSI_2026-04-12T10:30:00+0000_81.1700
CAVMSI,Cauvery at Musiri,Cauvery,2026-04-12 11:30:00+00:00,81.17,NORMAL,84.51,85.4,89.25,10.93805556,78.44027778,CAVMSI_2026-04-12T11:30:00+0000_81.1700
CAVMSI,Cauvery at Musiri,Cauvery,2026-04-12 12:30:00+00:00,81.044,NORMAL,84.51,85.4,89.25,10.93805556,78.44027778,CAVMSI_2026-04-12T12:30:00+0000_81.0440
CAVMSI,Cauvery at Musiri,Cauvery,2026-04-12 13:30:00+00:00,81.17,NORMAL,84.51,85.4,89.25,10.93805556,78.44027778,CAVMSI_2026-04-12T13:30:00+0000_81.1700
CAVMSI,Cauvery at Musiri,Cauvery,2026-04-12 14:30:00+00:00,81.042,NORMAL,84.51,85.4,89.25,10.93805556,78.44027778,CAVMSI_2026-04-12T14:30:00+0000_81.0420
CAVMSI,Cauvery at Musiri,Cauvery,2026-04-12 15:30:00+00:00,81.17,NORMAL,84.51,85.4,89.25,10.93805556,78.44027778,CAVMSI_2026-04-12T15:30:00+0000_81.1700
CAVMSI,Cauvery at Musiri,Cauvery,2026-04-12 16:30:00+00:00,81.044,NORMAL,84.51,85.4,89.25,10.93805556,78.44027778,CAVMSI_2026-04-12T16:30:00+0000_81.0440
CAVMSI,Cauvery at Musiri,Cauvery,2026-04-12 17:30:00+00:00,81.17,NORMAL,84.51,85.4,89.25,10.93805556,78.44027778,CAVMSI_2026-04-12T17:30:00+0000_81.1700
CAVMSI,Cauvery at Musiri,Cauvery,2026-04-12 18:30:00+00:00,81.17,NORMAL,84.51,85.4,89.25,10.93805556,78.44027778,CAVMSI_2026-04-12T18:30:00+0000_81.1700
CAVMSI,Cauvery at Musiri,Cauvery,2026-04-12 19:30:00+00:00,81.17,NORMAL,84.51,85.4,89.25,10.93805556,78.44027778,CAVMSI_2026-04-12T19:30:00+0000_81.1700
CAVMSI,Cauvery at Musiri,Cauvery,2026-04-12 20:30:00+00:00,81.044,NORMAL,84.51,85.4,89.25,10.93805556,78.44027778,CAVMSI_2026-04-12T20:30:00+0000_81.0440
CAVMSI,Cauvery at Musiri,Cauvery,2026-04-12 21:30:00+00:00,81.17,NORMAL,84.51,85.4,89.25,10.93805556,78.44027778,CAVMSI_2026-04-12T21:30:00+0000_81.1700
CAVMSI,Cauvery at Musiri,Cauvery,2026-04-12 22:30:00+00:00,81.044,NORMAL,84.51,85.4,89.25,10.93805556,78.44027778,CAVMSI_2026-04-12T22:30:00+0000_81.0440
CAVMSI,Cauvery at Musiri,Cauvery,2026-04-12 23:30:00+00:00,81.17,NORMAL,84.51,85.4,89.25,10.93805556,78.44027778,CAVMSI_2026-04-12T23:30:00+0000_81.1700
CAVMSI,Cauvery at Musiri,Cauvery,2026-04-13 00:30:00+00:00,81.17,NORMAL,84.51,85.4,89.25,10.93805556,78.44027778,CAVMSI_2026-04-13T00:30:00+0000_81.1700
CAVMSI,Cauvery at Musiri,Cauvery,2026-04-13 01:30:00+00:00,81.17,NORMAL,84.51,85.4,89.25,10.93805556,78.44027778,CAVMSI_2026-04-13T01:30:00+0000_81.1700
CAVMSI,Cauvery at Musiri,Cauvery,2026-04-13 02:30:00+00:00,81.17,NORMAL,84.51,85.4,89.25,10.93805556,78.44027778,CAVMSI_2026-04-13T02:30:00+0000_81.1700
CAVMSI,Cauvery at Musiri,Cauvery,2026-04-13 03:30:00+00:00,81.17,NORMAL,84.51,85.4,89.25,10.93805556,78.44027778,CAVMSI_2026-04-13T03:30:00+0000_81.1700
CAVMSI,Cauvery at Musiri,Cauvery,2026-04-13 04:30:00+00:00,81.17,NORMAL,84.51,85.4,89.25,10.93805556,78.44027778,CAVMSI_2026-04-13T04:30:00+0000_81.1700
CAVMSI,Cauvery at Musiri,Cauvery,2026-04-13 05:30:00+00:00,81.038,NORMAL,84.51,85.4,89.25,10.93805556,78.44027778,CAVMSI_2026-04-13T05:30:00+0000_81.0380
CAVMSI,Cauvery at Musiri,Cauvery,2026-04-13 06:30:00+00:00,81.039,NORMAL,84.51,85.4,89.25,10.93805556,78.44027778,CAVMSI_2026-04-13T06:30:00+0000_81.0390
CAVMSI,Cauvery at Musiri,Cauvery,2026-04-13 07:30:00+00:00,81.17,NORMAL,84.51,85.4,89.25,10.93805556,78.44027778,CAVMSI_2026-04-13T07:30:00+0000_81.1700
CAVMSI,Cauvery at Musiri,Cauvery,2026-04-13 08:30:00+00:00,81.17,NORMAL,84.51,85.4,89.25,10.93805556,78.44027778,CAVMSI_2026-04-13T08:30:00+0000_81.1700
CAVMSI,Cauvery at Musiri,Cauvery,2026-04-13 09:30:00+00:00,81.041,NORMAL,84.51,85.4,89.25,10.93805556,78.44027778,CAVMSI_2026-04-13T09:30:00+0000_81.0410
CAVMSI,Cauvery at Musiri,Cauvery,2026-04-13 10:30:00+00:00,81.17,NORMAL,84.51,85.4,89.25,10.93805556,78.44027778,CAVMSI_2026-04-13T10:30:00+0000_81.1700
CAVMSI,Cauvery at Musiri,Cauvery,2026-04-13 11:30:00+00:00,81.042,NORMAL,84.51,85.4,89.25,10.93805556,78.44027778,CAVMSI_2026-04-13T11:30:00+0000_81.0420
CAVMSI,Cauvery at Musiri,Cauvery,2026-04-13 12:30:00+00:00,81.043,NORMAL,84.51,85.4,89.25,10.93805556,78.44027778,CAVMSI_2026-04-13T12:30:00+0000_81.0430
CAVMSI,Cauvery at Musiri,Cauvery,2026-04-13 13:30:00+00:00,81.17,NORMAL,84.51,85.4,89.25,10.93805556,78.44027778,CAVMSI_2026-04-13T13:30:00+0000_81.1700
CAVMSI,Cauvery at Musiri,Cauvery,2026-04-13 14:30:00+00:00,81.17,NORMAL,84.51,85.4,89.25,10.93805556,78.44027778,CAVMSI_2026-04-13T14:30:00+0000_81.1700
CAVMSI,Cauvery at Musiri,Cauvery,2026-04-13 15:30:00+00:00,81.17,NORMAL,84.51,85.4,89.25,10.93805556,78.44027778,CAVMSI_2026-04-13T15:30:00+0000_81.1700
CAVMSI,Cauvery at Musiri,Cauvery,2026-04-13 16:30:00+00:00,81.043,NORMAL,84.51,85.4,89.25,10.93805556,78.44027778,CAVMSI_2026-04-13T16:30:00+0000_81.0430
CAVMSI,Cauvery at Musiri,Cauvery,2026-04-13 17:30:00+00:00,81.17,NORMAL,84.51,85.4,89.25,10.93805556,78.44027778,CAVMSI_2026-04-13T17:30:00+0000_81.1700
CAVMSI,Cauvery at Musiri,Cauvery,2026-04-13 18:30:00+00:00,81.17,NORMAL,84.51,85.4,89.25,10.93805556,78.44027778,CAVMSI_2026-04-13T18:30:00+0000_81.1700
CAVMSI,Cauvery at Musiri,Cauvery,2026-04-13 19:30:00+00:00,81.17,NORMAL,84.51,85.4,89.25,10.93805556,78.44027778,CAVMSI_2026-04-13T19:30:00+0000_81.1700
CAVMSI,Cauvery at Musiri,Cauvery,2026-04-13 20:30:00+00:00,81.17,NORMAL,84.51,85.4,89.25,10.93805556,78.44027778,CAVMSI_2026-04-13T20:30:00+0000_81.1700
CAVMSI,Cauvery at Musiri,Cauvery,2026-04-13 21:30:00+00:00,81.17,NORMAL,84.51,85.4,89.25,10.93805556,78.44027778,CAVMSI_2026-04-13T21:30:00+0000_81.1700
CAVMSI,Cauvery at Musiri,Cauvery,2026-04-13 22:30:00+00:00,81.043,NORMAL,84.51,85.4,89.25,10.93805556,78.44027778,CAVMSI_2026-04-13T22:30:00+0000_81.0430
CAVMSI,Cauvery at Musiri,Cauvery,2026-04-13 23:30:00+00:00,81.044,NORMAL,84.51,85.4,89.25,10.93805556,78.44027778,CAVMSI_2026-04-13T23:30:00+0000_81.0440
CAVMSI,Cauvery at Musiri,Cauvery,2026-04-14 00:30:00+00:00,81.043,NORMAL,84.51,85.4,89.25,10.93805556,78.44027778,CAVMSI_2026-04-14T00:30:00+0000_81.0430
CAVMSI,Cauvery at Musiri,Cauvery,2026-04-14 01:30:00+00:00,81.17,NORMAL,84.51,85.4,89.25,10.93805556,78.44027778,CAVMSI_2026-04-14T01:30:00+0000_81.1700
CAVMSI,Cauvery at Musiri,Cauvery,2026-04-14 02:30:00+00:00,81.17,NORMAL,84.51,85.4,89.25,10.93805556,78.44027778,CAVMSI_2026-04-14T02:30:00+0000_81.1700
CAVMSI,Cauvery at Musiri,Cauvery,2026-04-14 03:30:00+00:00,81.17,NORMAL,84.51,85.4,89.25,10.93805556,78.44027778,CAVMSI_2026-04-14T03:30:00+0000_81.1700
CAVMSI,Cauvery at Musiri,Cauvery,2026-04-14 04:30:00+00:00,81.17,NORMAL,84.51,85.4,89.25,10.93805556,78.44027778,CAVMSI_2026-04-14T04:30:00+0000_81.1700
CAVMSI,Cauvery at Musiri,Cauvery,2026-04-14 05:30:00+00:00,81.041,NORMAL,84.51,85.4,89.25,10.93805556,78.44027778,CAVMSI_2026-04-14T05:30:00+0000_81.0410
CAVMSI,Cauvery at Musiri,Cauvery,2026-04-14 06:30:00+00:00,81.17,NORMAL,84.51,85.4,89.25,10.93805556,78.44027778,CAVMSI_2026-04-14T06:30:00+0000_81.1700
CAVMSI,Cauvery at Musiri,Cauvery,2026-04-14 07:30:00+00:00,81.037,NORMAL,84.51,85.4,89.25,10.93805556,78.44027778,CAVMSI_2026-04-14T07:30:00+0000_81.0370
CAVMSI,Cauvery at Musiri,Cauvery,2026-04-14 08:30:00+00:00,81.034,NORMAL,84.51,85.4,89.25,10.93805556,78.44027778,CAVMSI_2026-04-14T08:30:00+0000_81.0340
CAVMSI,Cauvery at Musiri,Cauvery,2026-04-14 09:30:00+00:00,81.04,NORMAL,84.51,85.4,89.25,10.93805556,78.44027778,CAVMSI_2026-04-14T09:30:00+0000_81.0400
CAVMSI,Cauvery at Musiri,Cauvery,2026-04-14 10:30:00+00:00,81.041,NORMAL,84.51,85.4,89.25,10.93805556,78.44027778,CAVMSI_2026-04-14T10:30:00+0000_81.0410
CAVMSI,Cauvery at Musiri,Cauvery,2026-04-14 11:30:00+00:00,81.17,NORMAL,84.51,85.4,89.25,10.93805556,78.44027778,CAVMSI_2026-04-14T11:30:00+0000_81.1700
CAVMSI,Cauvery at Musiri,Cauvery,2026-04-14 12:30:00+00:00,81.17,NORMAL,84.51,85.4,89.25,10.93805556,78.44027778,CAVMSI_2026-04-14T12:30:00+0000_81.1700
CAVMSI,Cauvery at Musiri,Cauvery,2026-04-14 13:30:00+00:00,81.043,NORMAL,84.51,85.4,89.25,10.93805556,78.44027778,CAVMSI_2026-04-14T13:30:00+0000_81.0430
CAVMSI,Cauvery at Musiri,Cauvery,2026-04-14 14:30:00+00:00,81.17,NORMAL,84.51,85.4,89.25,10.93805556,78.44027778,CAVMSI_2026-04-14T14:30:00+0000_81.1700
CAVMSI,Cauvery at Musiri,Cauvery,2026-04-14 15:30:00+00:00,81.17,NORMAL,84.51,85.4,89.25,10.93805556,78.44027778,CAVMSI_2026-04-14T15:30:00+0000_81.1700
CAVMSI,Cauvery at Musiri,Cauvery,2026-04-14 16:30:00+00:00,81.17,NORMAL,84.51,85.4,89.25,10.93805556,78.44027778,CAVMSI_2026-04-14T16:30:00+0000_81.1700
CAVMSI,Cauvery at Musiri,Cauvery,2026-04-14 17:30:00+00:00,81.17,NORMAL,84.51,85.4,89.25,10.93805556,78.44027778,CAVMSI_2026-04-14T17:30:00+0000_81.1700
CAVMSI,Cauvery at Musiri,Cauvery,2026-04-14 18:30:00+00:00,81.043,NORMAL,84.51,85.4,89.25,10.93805556,78.44027778,CAVMSI_2026-04-14T18:30:00+0000_81.0430
CAVMSI,Cauvery at Musiri,Cauvery,2026-04-14 19:30:00+00:00,81.044,NORMAL,84.51,85.4,89.25,10.93805556,78.44027778,CAVMSI_2026-04-14T19:30:00+0000_81.0440
CAVMSI,Cauvery at Musiri,Cauvery,2026-04-14 20:30:00+00:00,81.043,NORMAL,84.51,85.4,89.25,10.93805556,78.44027778,CAVMSI_2026-04-14T20:30:00+0000_81.0430
CAVMSI,Cauvery at Musiri,Cauvery,2026-04-14 21:30:00+00:00,81.17,NORMAL,84.51,85.4,89.25,10.93805556,78.44027778,CAVMSI_2026-04-14T21:30:00+0000_81.1700
CAVMSI,Cauvery at Musiri,Cauvery,2026-04-14 22:30:00+00:00,81.043,NORMAL,84.51,85.4,89.25,10.93805556,78.44027778,CAVMSI_2026-04-14T22:30:00+0000_81.0430
CAVMSI,Cauvery at Musiri,Cauvery,2026-04-14 23:30:00+00:00,81.17,NORMAL,84.51,85.4,89.25,10.93805556,78.44027778,CAVMSI_2026-04-14T23:30:00+0000_81.1700
CAVMSI,Cauvery at Musiri,Cauvery,2026-04-15 00:30:00+00:00,81.043,NORMAL,84.51,85.4,89.25,10.93805556,78.44027778,CAVMSI_2026-04-15T00:30:00+0000_81.0430
CAVMSI,Cauvery at Musiri,Cauvery,2026-04-15 01:30:00+00:00,81.17,NORMAL,84.51,85.4,89.25,10.93805556,78.44027778,CAVMSI_2026-04-15T01:30:00+0000_81.1700
CAVMSI,Cauvery at Musiri,Cauvery,2026-04-15 02:30:00+00:00,81.17,NORMAL,84.51,85.4,89.25,10.93805556,78.44027778,CAVMSI_2026-04-15T02:30:00+0000_81.1700
CAVMSI,Cauvery at Musiri,Cauvery,2026-04-15 03:30:00+00:00,81.042,NORMAL,84.51,85.4,89.25,10.93805556,78.44027778,CAVMSI_2026-04-15T03:30:00+0000_81.0420
CAVMSI,Cauvery at Musiri,Cauvery,2026-04-15 04:30:00+00:00,81.17,NORMAL,84.51,85.4,89.25,10.93805556,78.44027778,CAVMSI_2026-04-15T04:30:00+0000_81.1700
CAVMSI,Cauvery at Musiri,Cauvery,2026-04-15 05:30:00+00:00,81.17,NORMAL,84.51,85.4,89.25,10.93805556,78.44027778,CAVMSI_2026-04-15T05:30:00+0000_81.1700
CAVMSI,Cauvery at Musiri,Cauvery,2026-04-15 06:30:00+00:00,81.17,NORMAL,84.51,85.4,89.25,10.93805556,78.44027778,CAVMSI_2026-04-15T06:30:00+0000_81.1700
CAVMSI,Cauvery at Musiri,Cauvery,2026-04-15 07:30:00+00:00,81.17,NORMAL,84.51,85.4,89.25,10.93805556,78.44027778,CAVMSI_2026-04-15T07:30:00+0000_81.1700
CAVMSI,Cauvery at Musiri,Cauvery,2026-04-15 08:30:00+00:00,81.17,NORMAL,84.51,85.4,89.25,10.93805556,78.44027778,CAVMSI_2026-04-15T08:30:00+0000_81.1700
CAVMSI,Cauvery at Musiri,Cauvery,2026-04-15 09:30:00+00:00,81.041,NORMAL,84.51,85.4,89.25,10.93805556,78.44027778,CAVMSI_2026-04-15T09:30:00+0000_81.0410
CAVMSI,Cauvery at Musiri,Cauvery,2026-04-15 10:30:00+00:00,81.17,NORMAL,84.51,85.4,89.25,10.93805556,78.44027778,CAVMSI_2026-04-15T10:30:00+0000_81.1700
CAVMSI,Cauvery at Musiri,Cauvery,2026-04-15 11:30:00+00:00,81.17,NORMAL,84.51,85.4,89.25,10.93805556,78.44027778,CAVMSI_2026-04-15T11:30:00+0000_81.1700
CAVMSI,Cauvery at Musiri,Cauvery,2026-04-15 12:30:00+00:00,81.043,NORMAL,84.51,85.4,89.25,10.93805556,78.44027778,CAVMSI_2026-04-15T12:30:00+0000_81.0430
CAVMSI,Cauvery at Musiri,Cauvery,2026-04-15 13:30:00+00:00,81.17,NORMAL,84.51,85.4,89.25,10.93805556,78.44027778,CAVMSI_2026-04-15T13:30:00+0000_81.1700
CAVMSI,Cauvery at Musiri,Cauvery,2026-04-15 14:30:00+00:00,81.17,NORMAL,84.51,85.4,89.25,10.93805556,78.44027778,CAVMSI_2026-04-15T14:30:00+0000_81.1700
CAVMSI,Cauvery at Musiri,Cauvery,2026-04-15 15:30:00+00:00,81.17,NORMAL,84.51,85.4,89.25,10.93805556,78.44027778,CAVMSI_2026-04-15T15:30:00+0000_81.1700
CAVMSI,Cauvery at Musiri,Cauvery,2026-04-15 16:30:00+00:00,81.17,NORMAL,84.51,85.4,89.25,10.93805556,78.44027778,CAVMSI_2026-04-15T16:30:00+0000_81.1700
CAVMSI,Cauvery at Musiri,Cauvery,2026-04-15 17:30:00+00:00,81.17,NORMAL,84.51,85.4,89.25,10.93805556,78.44027778,CAVMSI_2026-04-15T17:30:00+0000_81.1700
CAVMSI,Cauvery at Musiri,Cauvery,2026-04-15 18:30:00+00:00,81.044,NORMAL,84.51,85.4,89.25,10.93805556,78.44027778,CAVMSI_2026-04-15T18:30:00+0000_81.0440
CAVMSI,Cauvery at Musiri,Cauvery,2026-04-15 19:30:00+00:00,81.17,NORMAL,84.51,85.4,89.25,10.93805556,78.44027778,CAVMSI_2026-04-15T19:30:00+0000_81.1700
CAVMSI,Cauvery at Musiri,Cauvery,2026-04-15 20:30:00+00:00,81.044,NORMAL,84.51,85.4,89.25,10.93805556,78.44027778,CAVMSI_2026-04-15T20:30:00+0000_81.0440
CAVMSI,Cauvery at Musiri,Cauvery,2026-04-15 21:30:00+00:00,81.17,NORMAL,84.51,85.4,89.25,10.93805556,78.44027778,CAVMSI_2026-04-15T21:30:00+0000_81.1700
CAVMSI,Cauvery at Musiri,Cauvery,2026-04-15 22:30:00+00:00,81.044,NORMAL,84.51,85.4,89.25,10.93805556,78.44027778,CAVMSI_2026-04-15T22:30:00+0000_81.0440
CAVMSI,Cauvery at Musiri,Cauvery,2026-04-15 23:30:00+00:00,81.17,NORMAL,84.51,85.4,89.25,10.93805556,78.44027778,CAVMSI_2026-04-15T23:30:00+0000_81.1700
CAVMSI,Cauvery at Musiri,Cauvery,2026-04-16 00:30:00+00:00,81.17,NORMAL,84.51,85.4,89.25,10.93805556,78.44027778,CAVMSI_2026-04-16T00:30:00+0000_81.1700
CAVMSI,Cauvery at Musiri,Cauvery,2026-04-16 01:00:00+00:00,81.17,NORMAL,84.51,85.4,89.25,10.93805556,78.44027778,CAVMSI_2026-04-16T01:00:00+0000_81.1700
CAVMSI,Cauvery at Musiri,Cauvery,2026-04-16 01:30:00+00:00,81.17,NORMAL,84.51,85.4,89.25,10.93805556,78.44027778,CAVMSI_2026-04-16T01:30:00+0000_81.1700
CAVMSI,Cauvery at Musiri,Cauvery,2026-04-16 02:30:00+00:00,81.041,NORMAL,84.51,85.4,89.25,10.93805556,78.44027778,CAVMSI_2026-04-16T02:30:00+0000_81.0410
CAVMSI,Cauvery at Musiri,Cauvery,2026-04-16 03:30:00+00:00,81.17,NORMAL,84.51,85.4,89.25,10.93805556,78.44027778,CAVMSI_2026-04-16T03:30:00+0000_81.1700
CAVMSI,Cauvery at Musiri,Cauvery,2026-04-16 04:30:00+00:00,81.041,NORMAL,84.51,85.4,89.25,10.93805556,78.44027778,CAVMSI_2026-04-16T04:30:00+0000_81.0410
CAVMSI,Cauvery at Musiri,Cauvery,2026-04-16 05:30:00+00:00,81.17,NORMAL,84.51,85.4,89.25,10.93805556,78.44027778,CAVMSI_2026-04-16T05:30:00+0000_81.1700
CAVMSI,Cauvery at Musiri,Cauvery,2026-04-16 06:30:00+00:00,81.038,NORMAL,84.51,85.4,89.25,10.93805556,78.44027778,CAVMSI_2026-04-16T06:30:00+0000_81.0380
CAVMSI,Cauvery at Musiri,Cauvery,2026-04-16 07:30:00+00:00,81.17,NORMAL,84.51,85.4,89.25,10.93805556,78.44027778,CAVMSI_2026-04-16T07:30:00+0000_81.1700
CAVMSI,Cauvery at Musiri,Cauvery,2026-04-16 08:30:00+00:00,81.17,NORMAL,84.51,85.4,89.25,10.93805556,78.44027778,CAVMSI_2026-04-16T08:30:00+0000_81.1700
CAVMSI,Cauvery at Musiri,Cauvery,2026-04-16 09:30:00+00:00,81.042,NORMAL,84.51,85.4,89.25,10.93805556,78.44027778,CAVMSI_2026-04-16T09:30:00+0000_81.0420
CAVMSI,Cauvery at Musiri,Cauvery,2026-04-16 10:30:00+00:00,81.17,NORMAL,84.51,85.4,89.25,10.93805556,78.44027778,CAVMSI_2026-04-16T10:30:00+0000_81.1700
CAVMSI,Cauvery at Musiri,Cauvery,2026-04-16 11:30:00+00:00,81.17,NORMAL,84.51,85.4,89.25,10.93805556,78.44027778,CAVMSI_2026-04-16T11:30:00+0000_81.1700
CAVMSI,Cauvery at Musiri,Cauvery,2026-04-16 12:30:00+00:00,81.17,NORMAL,84.51,85.4,89.25,10.93805556,78.44027778,CAVMSI_2026-04-16T12:30:00+0000_81.1700
CAVMSI,Cauvery at Musiri,Cauvery,2026-04-16 13:30:00+00:00,81.043,NORMAL,84.51,85.4,89.25,10.93805556,78.44027778,CAVMSI_2026-04-16T13:30:00+0000_81.0430
CAVMSI,Cauvery at Musiri,Cauvery,2026-04-16 14:30:00+00:00,81.17,NORMAL,84.51,85.4,89.25,10.93805556,78.44027778,CAVMSI_2026-04-16T14:30:00+0000_81.1700
CAVMSI,Cauvery at Musiri,Cauvery,2026-04-16 15:30:00+00:00,81.043,NORMAL,84.51,85.4,89.25,10.93805556,78.44027778,CAVMSI_2026-04-16T15:30:00+0000_81.0430
CAVMSI,Cauvery at Musiri,Cauvery,2026-04-16 16:30:00+00:00,80.978,NORMAL,84.51,85.4,89.25,10.93805556,78.44027778,CAVMSI_2026-04-16T16:30:00+0000_80.9780
CAVMSI,Cauvery at Musiri,Cauvery,2026-04-16 17:30:00+00:00,81.17,NORMAL,84.51,85.4,89.25,10.93805556,78.44027778,CAVMSI_2026-04-16T17:30:00+0000_81.1700
CAVMSI,Cauvery at Musiri,Cauvery,2026-04-16 18:30:00+00:00,81.044,NORMAL,84.51,85.4,89.25,10.93805556,78.44027778,CAVMSI_2026-04-16T18:30:00+0000_81.0440
CAVMSI,Cauvery at Musiri,Cauvery,2026-04-16 19:30:00+00:00,81.044,NORMAL,84.51,85.4,89.25,10.93805556,78.44027778,CAVMSI_2026-04-16T19:30:00+0000_81.0440
CAVMSI,Cauvery at Musiri,Cauvery,2026-04-16 20:30:00+00:00,81.17,NORMAL,84.51,85.4,89.25,10.93805556,78.44027778,CAVMSI_2026-04-16T20:30:00+0000_81.1700
CAVMSI,Cauvery at Musiri,Cauvery,2026-04-16 21:30:00+00:00,81.17,NORMAL,84.51,85.4,89.25,10.93805556,78.44027778,CAVMSI_2026-04-16T21:30:00+0000_81.1700
CAVMSI,Cauvery at Musiri,Cauvery,2026-04-16 22:30:00+00:00,81.044,NORMAL,84.51,85.4,89.25,10.93805556,78.44027778,CAVMSI_2026-04-16T22:30:00+0000_81.0440
CAVMSI,Cauvery at Musiri,Cauvery,2026-04-16 23:30:00+00:00,81.044,NORMAL,84.51,85.4,89.25,10.93805556,78.44027778,CAVMSI_2026-04-16T23:30:00+0000_81.0440
CAVMSI,Cauvery at Musiri,Cauvery,2026-04-17 00:30:00+00:00,81.17,NORMAL,84.51,85.4,89.25,10.93805556,78.44027778,CAVMSI_2026-04-17T00:30:00+0000_81.1700
CAVMSI,Cauvery at Musiri,Cauvery,2026-04-17 01:30:00+00:00,81.17,NORMAL,84.51,85.4,89.25,10.93805556,78.44027778,CAVMSI_2026-04-17T01:30:00+0000_81.1700
CAVMSI,Cauvery at Musiri,Cauvery,2026-04-17 02:30:00+00:00,81.17,NORMAL,84.51,85.4,89.25,10.93805556,78.44027778,CAVMSI_2026-04-17T02:30:00+0000_81.1700
CAVMSI,Cauvery at Musiri,Cauvery,2026-04-17 03:30:00+00:00,81.043,NORMAL,84.51,85.4,89.25,10.93805556,78.44027778,CAVMSI_2026-04-17T03:30:00+0000_81.0430
CAVMSI,Cauvery at Musiri,Cauvery,2026-04-17 04:30:00+00:00,81.17,NORMAL,84.51,85.4,89.25,10.93805556,78.44027778,CAVMSI_2026-04-17T04:30:00+0000_81.1700
CAVMSI,Cauvery at Musiri,Cauvery,2026-04-17 05:30:00+00:00,81.17,NORMAL,84.51,85.4,89.25,10.93805556,78.44027778,CAVMSI_2026-04-17T05:30:00+0000_81.1700
CAVMSI,Cauvery at Musiri,Cauvery,2026-04-17 06:30:00+00:00,81.035,NORMAL,84.51,85.4,89.25,10.93805556,78.44027778,CAVMSI_2026-04-17T06:30:00+0000_81.0350
CAVMSI,Cauvery at Musiri,Cauvery,2026-04-17 07:30:00+00:00,81.04,NORMAL,84.51,85.4,89.25,10.93805556,78.44027778,CAVMSI_2026-04-17T07:30:00+0000_81.0400
CAVMSI,Cauvery at Musiri,Cauvery,2026-04-17 08:30:00+00:00,81.17,NORMAL,84.51,85.4,89.25,10.93805556,78.44027778,CAVMSI_2026-04-17T08:30:00+0000_81.1700
CAVMSI,Cauvery at Musiri,Cauvery,2026-04-17 09:30:00+00:00,81.041,NORMAL,84.51,85.4,89.25,10.93805556,78.44027778,CAVMSI_2026-04-17T09:30:00+0000_81.0410
CAVMSI,Cauvery at Musiri,Cauvery,2026-04-17 10:30:00+00:00,81.17,NORMAL,84.51,85.4,89.25,10.93805556,78.44027778,CAVMSI_2026-04-17T10:30:00+0000_81.1700
CAVMSI,Cauvery at Musiri,Cauvery,2026-04-17 11:30:00+00:00,81.042,NORMAL,84.51,85.4,89.25,10.93805556,78.44027778,CAVMSI_2026-04-17T11:30:00+0000_81.0420
CAVMSI,Cauvery at Musiri,Cauvery,2026-04-17 12:30:00+00:00,81.17,NORMAL,84.51,85.4,89.25,10.93805556,78.44027778,CAVMSI_2026-04-17T12:30:00+0000_81.1700
CAVMSI,Cauvery at Musiri,Cauvery,2026-04-17 13:30:00+00:00,81.043,NORMAL,84.51,85.4,89.25,10.93805556,78.44027778,CAVMSI_2026-04-17T13:30:00+0000_81.0430
CAVMSI,Cauvery at Musiri,Cauvery,2026-04-17 14:30:00+00:00,81.17,NORMAL,84.51,85.4,89.25,10.93805556,78.44027778,CAVMSI_2026-04-17T14:30:00+0000_81.1700
CAVMSI,Cauvery at Musiri,Cauvery,2026-04-17 15:30:00+00:00,81.17,NORMAL,84.51,85.4,89.25,10.93805556,78.44027778,CAVMSI_2026-04-17T15:30:00+0000_81.1700
CAVMSI,Cauvery at Musiri,Cauvery,2026-04-17 16:30:00+00:00,81.043,NORMAL,84.51,85.4,89.25,10.93805556,78.44027778,CAVMSI_2026-04-17T16:30:00+0000_81.0430
CAVMSI,Cauvery at Musiri,Cauvery,2026-04-17 17:30:00+00:00,81.043,NORMAL,84.51,85.4,89.25,10.93805556,78.44027778,CAVMSI_2026-04-17T17:30:00+0000_81.0430
CAVMSI,Cauvery at Musiri,Cauvery,2026-04-17 18:30:00+00:00,81.17,NORMAL,84.51,85.4,89.25,10.93805556,78.44027778,CAVMSI_2026-04-17T18:30:00+0000_81.1700
CAVMSI,Cauvery at Musiri,Cauvery,2026-04-17 19:30:00+00:00,81.044,NORMAL,84.51,85.4,89.25,10.93805556,78.44027778,CAVMSI_2026-04-17T19:30:00+0000_81.0440
CAVMSI,Cauvery at Musiri,Cauvery,2026-04-17 20:30:00+00:00,81.044,NORMAL,84.51,85.4,89.25,10.93805556,78.44027778,CAVMSI_2026-04-17T20:30:00+0000_81.0440
CAVMSI,Cauvery at Musiri,Cauvery,2026-04-17 21:30:00+00:00,81.17,NORMAL,84.51,85.4,89.25,10.93805556,78.44027778,CAVMSI_2026-04-17T21:30:00+0000_81.1700
CAVMSI,Cauvery at Musiri,Cauvery,2026-04-17 22:30:00+00:00,81.044,NORMAL,84.51,85.4,89.25,10.93805556,78.44027778,CAVMSI_2026-04-17T22:30:00+0000_81.0440
CAVMSI,Cauvery at Musiri,Cauvery,2026-04-17 23:30:00+00:00,81.044,NORMAL,84.51,85.4,89.25,10.93805556,78.44027778,CAVMSI_2026-04-17T23:30:00+0000_81.0440
CAVMSI,Cauvery at Musiri,Cauvery,2026-04-18 00:30:00+00:00,81.044,NORMAL,84.51,85.4,89.25,10.93805556,78.44027778,CAVMSI_2026-04-18T00:30:00+0000_81.0440
CAVMSI,Cauvery at Musiri,Cauvery,2026-04-18 01:30:00+00:00,81.17,NORMAL,84.51,85.4,89.25,10.93805556,78.44027778,CAVMSI_2026-04-18T01:30:00+0000_81.1700
CAVMSI,Cauvery at Musiri,Cauvery,2026-04-18 02:30:00+00:00,81.17,NORMAL,84.51,85.4,89.25,10.93805556,78.44027778,CAVMSI_2026-04-18T02:30:00+0000_81.1700
CAVMSI,Cauvery at Musiri,Cauvery,2026-04-18 03:30:00+00:00,81.17,NORMAL,84.51,85.4,89.25,10.93805556,78.44027778,CAVMSI_2026-04-18T03:30:00+0000_81.1700
CAVMSI,Cauvery at Musiri,Cauvery,2026-04-18 04:30:00+00:00,81.17,NORMAL,84.51,85.4,89.25,10.93805556,78.44027778,CAVMSI_2026-04-18T04:30:00+0000_81.1700
CAVMSI,Cauvery at Musiri,Cauvery,2026-04-18 05:30:00+00:00,81.035,NORMAL,84.51,85.4,89.25,10.93805556,78.44027778,CAVMSI_2026-04-18T05:30:00+0000_81.0350
CAVMSI,Cauvery at Musiri,Cauvery,2026-04-18 06:30:00+00:00,81.17,NORMAL,84.51,85.4,89.25,10.93805556,78.44027778,CAVMSI_2026-04-18T06:30:00+0000_81.1700
CAVMSI,Cauvery at Musiri,Cauvery,2026-04-18 07:30:00+00:00,81.041,NORMAL,84.51,85.4,89.25,10.93805556,78.44027778,CAVMSI_2026-04-18T07:30:00+0000_81.0410
CAVMSI,Cauvery at Musiri,Cauvery,2026-04-18 08:30:00+00:00,81.043,NORMAL,84.51,85.4,89.25,10.93805556,78.44027778,CAVMSI_2026-04-18T08:30:00+0000_81.0430
CAVMSI,Cauvery at Musiri,Cauvery,2026-04-18 09:30:00+00:00,81.17,NORMAL,84.51,85.4,89.25,10.93805556,78.44027778,CAVMSI_2026-04-18T09:30:00+0000_81.1700
CAVMSI,Cauvery at Musiri,Cauvery,2026-04-18 10:30:00+00:00,81.042,NORMAL,84.51,85.4,89.25,10.93805556,78.44027778,CAVMSI_2026-04-18T10:30:00+0000_81.0420
CAVMSI,Cauvery at Musiri,Cauvery,2026-04-18 11:30:00+00:00,81.043,NORMAL,84.51,85.4,89.25,10.93805556,78.44027778,CAVMSI_2026-04-18T11:30:00+0000_81.0430
CAVMSI,Cauvery at Musiri,Cauvery,2026-04-18 12:30:00+00:00,81.17,NORMAL,84.51,85.4,89.25,10.93805556,78.44027778,CAVMSI_2026-04-18T12:30:00+0000_81.1700
CAVMSI,Cauvery at Musiri,Cauvery,2026-04-18 13:30:00+00:00,81.17,NORMAL,84.51,85.4,89.25,10.93805556,78.44027778,CAVMSI_2026-04-18T13:30:00+0000_81.1700
CAVMSI,Cauvery at Musiri,Cauvery,2026-04-18 14:30:00+00:00,81.043,NORMAL,84.51,85.4,89.25,10.93805556,78.44027778,CAVMSI_2026-04-18T14:30:00+0000_81.0430
CAVMSI,Cauvery at Musiri,Cauvery,2026-04-18 15:30:00+00:00,81.043,NORMAL,84.51,85.4,89.25,10.93805556,78.44027778,CAVMSI_2026-04-18T15:30:00+0000_81.0430
CAVMSI,Cauvery at Musiri,Cauvery,2026-04-18 16:30:00+00:00,81.17,NORMAL,84.51,85.4,89.25,10.93805556,78.44027778,CAVMSI_2026-04-18T16:30:00+0000_81.1700
CAVMSI,Cauvery at Musiri,Cauvery,2026-04-18 17:30:00+00:00,81.044,NORMAL,84.51,85.4,89.25,10.93805556,78.44027778,CAVMSI_2026-04-18T17:30:00+0000_81.0440
CAVMSI,Cauvery at Musiri,Cauvery,2026-04-18 18:30:00+00:00,81.17,NORMAL,84.51,85.4,89.25,10.93805556,78.44027778,CAVMSI_2026-04-18T18:30:00+0000_81.1700
CAVMSI,Cauvery at Musiri,Cauvery,2026-04-18 19:30:00+00:00,81.17,NORMAL,84.51,85.4,89.25,10.93805556,78.44027778,CAVMSI_2026-04-18T19:30:00+0000_81.1700
CAVMSI,Cauvery at Musiri,Cauvery,2026-04-18 20:30:00+00:00,81.044,NORMAL,84.51,85.4,89.25,10.93805556,78.44027778,CAVMSI_2026-04-18T20:30:00+0000_81.0440
CAVMSI,Cauvery at Musiri,Cauvery,2026-04-18 21:30:00+00:00,81.044,NORMAL,84.51,85.4,89.25,10.93805556,78.44027778,CAVMSI_2026-04-18T21:30:00+0000_81.0440
CAVMSI,Cauvery at Musiri,Cauvery,2026-04-18 22:30:00+00:00,81.044,NORMAL,84.51,85.4,89.25,10.93805556,78.44027778,CAVMSI_2026-04-18T22:30:00+0000_81.0440
CAVMSI,Cauvery at Musiri,Cauvery,2026-04-18 23:30:00+00:00,81.044,NORMAL,84.51,85.4,89.25,10.93805556,78.44027778,CAVMSI_2026-04-18T23:30:00+0000_81.0440
CAVMSI,Cauvery at Musiri,Cauvery,2026-04-19 00:30:00+00:00,81.044,NORMAL,84.51,85.4,89.25,10.93805556,78.44027778,CAVMSI_2026-04-19T00:30:00+0000_81.0440
CAVMSI,Cauvery at Musiri,Cauvery,2026-04-19 01:30:00+00:00,81.17,NORMAL,84.51,85.4,89.25,10.93805556,78.44027778,CAVMSI_2026-04-19T01:30:00+0000_81.1700
CAVMSI,Cauvery at Musiri,Cauvery,2026-04-19 02:30:00+00:00,81.043,NORMAL,84.51,85.4,89.25,10.93805556,78.44027778,CAVMSI_2026-04-19T02:30:00+0000_81.0430
CAVMSI,Cauvery at Musiri,Cauvery,2026-04-19 03:30:00+00:00,81.17,NORMAL,84.51,85.4,89.25,10.93805556,78.44027778,CAVMSI_2026-04-19T03:30:00+0000_81.1700
CAVMSI,Cauvery at Musiri,Cauvery,2026-04-19 04:30:00+00:00,81.044,NORMAL,84.51,85.4,89.25,10.93805556,78.44027778,CAVMSI_2026-04-19T04:30:00+0000_81.0440
CAVMSI,Cauvery at Musiri,Cauvery,2026-04-19 05:30:00+00:00,81.17,NORMAL,84.51,85.4,89.25,10.93805556,78.44027778,CAVMSI_2026-04-19T05:30:00+0000_81.1700
CAVMSI,Cauvery at Musiri,Cauvery,2026-04-19 06:30:00+00:00,81.044,NORMAL,84.51,85.4,89.25,10.93805556,78.44027778,CAVMSI_2026-04-19T06:30:00+0000_81.0440
CAVMSI,Cauvery at Musiri,Cauvery,2026-04-19 07:30:00+00:00,81.17,NORMAL,84.51,85.4,89.25,10.93805556,78.44027778,CAVMSI_2026-04-19T07:30:00+0000_81.1700
CAVMSI,Cauvery at Musiri,Cauvery,2026-04-19 08:30:00+00:00,81.044,NORMAL,84.51,85.4,89.25,10.93805556,78.44027778,CAVMSI_2026-04-19T08:30:00+0000_81.0440
CAVMSI,Cauvery at Musiri,Cauvery,2026-04-19 09:30:00+00:00,81.17,NORMAL,84.51,85.4,89.25,10.93805556,78.44027778,CAVMSI_2026-04-19T09:30:00+0000_81.1700
CAVMSI,Cauvery at Musiri,Cauvery,2026-04-19 10:30:00+00:00,81.044,NORMAL,84.51,85.4,89.25,10.93805556,78.44027778,CAVMSI_2026-04-19T10:30:00+0000_81.0440
CAVMSI,Cauvery at Musiri,Cauvery,2026-04-19 11:30:00+00:00,81.044,NORMAL,84.51,85.4,89.25,10.93805556,78.44027778,CAVMSI_2026-04-19T11:30:00+0000_81.0440
CAVMSI,Cauvery at Musiri,Cauvery,2026-04-19 12:30:00+00:00,81.17,NORMAL,84.51,85.4,89.25,10.93805556,78.44027778,CAVMSI_2026-04-19T12:30:00+0000_81.1700
CAVMSI,Cauvery at Musiri,Cauvery,2026-04-19 13:30:00+00:00,81.17,NORMAL,84.51,85.4,89.25,10.93805556,78.44027778,CAVMSI_2026-04-19T13:30:00+0000_81.1700
CAVMSI,Cauvery at Musiri,Cauvery,2026-04-19 14:30:00+00:00,81.17,NORMAL,84.51,85.4,89.25,10.93805556,78.44027778,CAVMSI_2026-04-19T14:30:00+0000_81.1700
CAVMSI,Cauvery at Musiri,Cauvery,2026-04-19 15:30:00+00:00,81.17,NORMAL,84.51,85.4,89.25,10.93805556,78.44027778,CAVMSI_2026-04-19T15:30:00+0000_81.1700
CAVMSI,Cauvery at Musiri,Cauvery,2026-04-19 16:30:00+00:00,81.044,NORMAL,84.51,85.4,89.25,10.93805556,78.44027778,CAVMSI_2026-04-19T16:30:00+0000_81.0440
CAVMSI,Cauvery at Musiri,Cauvery,2026-04-19 17:30:00+00:00,81.044,NORMAL,84.51,85.4,89.25,10.93805556,78.44027778,CAVMSI_2026-04-19T17:30:00+0000_81.0440
CAVMSI,Cauvery at Musiri,Cauvery,2026-04-19 18:30:00+00:00,81.17,NORMAL,84.51,85.4,89.25,10.93805556,78.44027778,CAVMSI_2026-04-19T18:30:00+0000_81.1700
CAVMSI,Cauvery at Musiri,Cauvery,2026-04-19 19:30:00+00:00,81.044,NORMAL,84.51,85.4,89.25,10.93805556,78.44027778,CAVMSI_2026-04-19T19:30:00+0000_81.0440
CAVMSI,Cauvery at Musiri,Cauvery,2026-04-19 20:30:00+00:00,81.044,NORMAL,84.51,85.4,89.25,10.93805556,78.44027778,CAVMSI_2026-04-19T20:30:00+0000_81.0440
CAVMSI,Cauvery at Musiri,Cauvery,2026-04-19 21:30:00+00:00,81.044,NORMAL,84.51,85.4,89.25,10.93805556,78.44027778,CAVMSI_2026-04-19T21:30:00+0000_81.0440
CAVMSI,Cauvery at Musiri,Cauvery,2026-04-19 22:30:00+00:00,81.044,NORMAL,84.51,85.4,89.25,10.93805556,78.44027778,CAVMSI_2026-04-19T22:30:00+0000_81.0440
CAVMSI,Cauvery at Musiri,Cauvery,2026-04-19 23:30:00+00:00,81.044,NORMAL,84.51,85.4,89.25,10.93805556,78.44027778,CAVMSI_2026-04-19T23:30:00+0000_81.0440
CAVMSI,Cauvery at Musiri,Cauvery,2026-04-20 00:30:00+00:00,81.17,NORMAL,84.51,85.4,89.25,10.93805556,78.44027778,CAVMSI_2026-04-20T00:30:00+0000_81.1700
CAVMSI,Cauvery at Musiri,Cauvery,2026-04-20 01:30:00+00:00,81.043,NORMAL,84.51,85.4,89.25,10.93805556,78.44027778,CAVMSI_2026-04-20T01:30:00+0000_81.0430
CAVMSI,Cauvery at Musiri,Cauvery,2026-04-20 02:30:00+00:00,81.17,NORMAL,84.51,85.4,89.25,10.93805556,78.44027778,CAVMSI_2026-04-20T02:30:00+0000_81.1700
CAVMSI,Cauvery at Musiri,Cauvery,2026-04-20 03:30:00+00:00,81.17,NORMAL,84.51,85.4,89.25,10.93805556,78.44027778,CAVMSI_2026-04-20T03:30:00+0000_81.1700
CAVMSI,Cauvery at Musiri,Cauvery,2026-04-20 04:30:00+00:00,81.17,NORMAL,84.51,85.4,89.25,10.93805556,78.44027778,CAVMSI_2026-04-20T04:30:00+0000_81.1700
CAVMSI,Cauvery at Musiri,Cauvery,2026-04-20 05:30:00+00:00,81.17,NORMAL,84.51,85.4,89.25,10.93805556,78.44027778,CAVMSI_2026-04-20T05:30:00+0000_81.1700
CAVMSI,Cauvery at Musiri,Cauvery,2026-04-20 06:30:00+00:00,81.17,NORMAL,84.51,85.4,89.25,10.93805556,78.44027778,CAVMSI_2026-04-20T06:30:00+0000_81.1700
CAVMSI,Cauvery at Musiri,Cauvery,2026-04-20 07:30:00+00:00,81.042,NORMAL,84.51,85.4,89.25,10.93805556,78.44027778,CAVMSI_2026-04-20T07:30:00+0000_81.0420
CAVMSI,Cauvery at Musiri,Cauvery,2026-04-20 08:30:00+00:00,81.17,NORMAL,84.51,85.4,89.25,10.93805556,78.44027778,CAVMSI_2026-04-20T08:30:00+0000_81.1700
CAVMSI,Cauvery at Musiri,Cauvery,2026-04-20 09:30:00+00:00,81.043,NORMAL,84.51,85.4,89.25,10.93805556,78.44027778,CAVMSI_2026-04-20T09:30:00+0000_81.0430
CAVMSI,Cauvery at Musiri,Cauvery,2026-04-20 10:30:00+00:00,81.17,NORMAL,84.51,85.4,89.25,10.93805556,78.44027778,CAVMSI_2026-04-20T10:30:00+0000_81.1700
CAVMSI,Cauvery at Musiri,Cauvery,2026-04-20 11:30:00+00:00,81.043,NORMAL,84.51,85.4,89.25,10.93805556,78.44027778,CAVMSI_2026-04-20T11:30:00+0000_81.0430
CAVMSI,Cauvery at Musiri,Cauvery,2026-04-20 12:30:00+00:00,81.17,NORMAL,84.51,85.4,89.25,10.93805556,78.44027778,CAVMSI_2026-04-20T12:30:00+0000_81.1700
CAVMSI,Cauvery at Musiri,Cauvery,2026-04-20 13:30:00+00:00,81.044,NORMAL,84.51,85.4,89.25,10.93805556,78.44027778,CAVMSI_2026-04-20T13:30:00+0000_81.0440
CAVMSI,Cauvery at Musiri,Cauvery,2026-04-20 14:30:00+00:00,81.17,NORMAL,84.51,85.4,89.25,10.93805556,78.44027778,CAVMSI_2026-04-20T14:30:00+0000_81.1700
CAVMSI,Cauvery at Musiri,Cauvery,2026-04-20 15:30:00+00:00,81.17,NORMAL,84.51,85.4,89.25,10.93805556,78.44027778,CAVMSI_2026-04-20T15:30:00+0000_81.1700
CAVMSI,Cauvery at Musiri,Cauvery,2026-04-20 16:30:00+00:00,81.17,NORMAL,84.51,85.4,89.25,10.93805556,78.44027778,CAVMSI_2026-04-20T16:30:00+0000_81.1700
CAVMSI,Cauvery at Musiri,Cauvery,2026-04-20 17:30:00+00:00,81.17,NORMAL,84.51,85.4,89.25,10.93805556,78.44027778,CAVMSI_2026-04-20T17:30:00+0000_81.1700
CAVMSI,Cauvery at Musiri,Cauvery,2026-04-20 18:30:00+00:00,81.044,NORMAL,84.51,85.4,89.25,10.93805556,78.44027778,CAVMSI_2026-04-20T18:30:00+0000_81.0440
CAVMSI,Cauvery at Musiri,Cauvery,2026-04-20 19:30:00+00:00,81.17,NORMAL,84.51,85.4,89.25,10.93805556,78.44027778,CAVMSI_2026-04-20T19:30:00+0000_81.1700
CAVMSI,Cauvery at Musiri,Cauvery,2026-04-20 20:30:00+00:00,81.044,NORMAL,84.51,85.4,89.25,10.93805556,78.44027778,CAVMSI_2026-04-20T20:30:00+0000_81.0440
CAVMSI,Cauvery at Musiri,Cauvery,2026-04-20 21:30:00+00:00,81.044,NORMAL,84.51,85.4,89.25,10.93805556,78.44027778,CAVMSI_2026-04-20T21:30:00+0000_81.0440
CAVMSI,Cauvery at Musiri,Cauvery,2026-04-20 22:30:00+00:00,81.044,NORMAL,84.51,85.4,89.25,10.93805556,78.44027778,CAVMSI_2026-04-20T22:30:00+0000_81.0440
CAVMSI,Cauvery at Musiri,Cauvery,2026-04-20 23:30:00+00:00,81.17,NORMAL,84.51,85.4,89.25,10.93805556,78.44027778,CAVMSI_2026-04-20T23:30:00+0000_81.1700
CAVMSI,Cauvery at Musiri,Cauvery,2026-04-21 00:30:00+00:00,81.17,NORMAL,84.51,85.4,89.25,10.93805556,78.44027778,CAVMSI_2026-04-21T00:30:00+0000_81.1700
CAVMSI,Cauvery at Musiri,Cauvery,2026-04-21 01:30:00+00:00,81.044,NORMAL,84.51,85.4,89.25,10.93805556,78.44027778,CAVMSI_2026-04-21T01:30:00+0000_81.0440
CAVMSI,Cauvery at Musiri,Cauvery,2026-04-21 02:30:00+00:00,81.17,NORMAL,84.51,85.4,89.25,10.93805556,78.44027778,CAVMSI_2026-04-21T02:30:00+0000_81.1700
CAVMSI,Cauvery at Musiri,Cauvery,2026-04-21 03:30:00+00:00,81.17,NORMAL,84.51,85.4,89.25,10.93805556,78.44027778,CAVMSI_2026-04-21T03:30:00+0000_81.1700
CAVMSI,Cauvery at Musiri,Cauvery,2026-04-21 04:30:00+00:00,81.044,NORMAL,84.51,85.4,89.25,10.93805556,78.44027778,CAVMSI_2026-04-21T04:30:00+0000_81.0440
CAVMSI,Cauvery at Musiri,Cauvery,2026-04-21 05:30:00+00:00,81.044,NORMAL,84.51,85.4,89.25,10.93805556,78.44027778,CAVMSI_2026-04-21T05:30:00+0000_81.0440
CAVMSI,Cauvery at Musiri,Cauvery,2026-04-21 06:30:00+00:00,81.17,NORMAL,84.51,85.4,89.25,10.93805556,78.44027778,CAVMSI_2026-04-21T06:30:00+0000_81.1700
CAVMSI,Cauvery at Musiri,Cauvery,2026-04-21 07:30:00+00:00,81.17,NORMAL,84.51,85.4,89.25,10.93805556,78.44027778,CAVMSI_2026-04-21T07:30:00+0000_81.1700
CAVMSI,Cauvery at Musiri,Cauvery,2026-04-21 08:30:00+00:00,81.17,NORMAL,84.51,85.4,89.25,10.93805556,78.44027778,CAVMSI_2026-04-21T08:30:00+0000_81.1700
CAVMSI,Cauvery at Musiri,Cauvery,2026-04-21 09:30:00+00:00,81.17,NORMAL,84.51,85.4,89.25,10.93805556,78.44027778,CAVMSI_2026-04-21T09:30:00+0000_81.1700
CAVMSI,Cauvery at Musiri,Cauvery,2026-04-21 10:30:00+00:00,81.041,NORMAL,84.51,85.4,89.25,10.93805556,78.44027778,CAVMSI_2026-04-21T10:30:00+0000_81.0410
CAVMSI,Cauvery at Musiri,Cauvery,2026-04-21 11:30:00+00:00,81.043,NORMAL,84.51,85.4,89.25,10.93805556,78.44027778,CAVMSI_2026-04-21T11:30:00+0000_81.0430
CAVMSI,Cauvery at Musiri,Cauvery,2026-04-21 12:30:00+00:00,81.17,NORMAL,84.51,85.4,89.25,10.93805556,78.44027778,CAVMSI_2026-04-21T12:30:00+0000_81.1700
CAVMSI,Cauvery at Musiri,Cauvery,2026-04-21 13:30:00+00:00,81.17,NORMAL,84.51,85.4,89.25,10.93805556,78.44027778,CAVMSI_2026-04-21T13:30:00+0000_81.1700
CAVMSI,Cauvery at Musiri,Cauvery,2026-04-21 14:30:00+00:00,81.043,NORMAL,84.51,85.4,89.25,10.93805556,78.44027778,CAVMSI_2026-04-21T14:30:00+0000_81.0430
CAVMSI,Cauvery at Musiri,Cauvery,2026-04-21 15:30:00+00:00,81.17,NORMAL,84.51,85.4,89.25,10.93805556,78.44027778,CAVMSI_2026-04-21T15:30:00+0000_81.1700
CAVMSI,Cauvery at Musiri,Cauvery,2026-04-21 16:30:00+00:00,81.17,NORMAL,84.51,85.4,89.25,10.93805556,78.44027778,CAVMSI_2026-04-21T16:30:00+0000_81.1700
CAVMSI,Cauvery at Musiri,Cauvery,2026-04-21 18:30:00+00:00,81.044,NORMAL,84.51,85.4,89.25,10.93805556,78.44027778,CAVMSI_2026-04-21T18:30:00+0000_81.0440
CAVMSI,Cauvery at Musiri,Cauvery,2026-04-21 19:30:00+00:00,81.17,NORMAL,84.51,85.4,89.25,10.93805556,78.44027778,CAVMSI_2026-04-21T19:30:00+0000_81.1700
CAVMSI,Cauvery at Musiri,Cauvery,2026-04-21 20:30:00+00:00,81.17,NORMAL,84.51,85.4,89.25,10.93805556,78.44027778,CAVMSI_2026-04-21T20:30:00+0000_81.1700
CAVMSI,Cauvery at Musiri,Cauvery,2026-04-21 21:30:00+00:00,81.17,NORMAL,84.51,85.4,89.25,10.93805556,78.44027778,CAVMSI_2026-04-21T21:30:00+0000_81.1700
CAVMSI,Cauvery at Musiri,Cauvery,2026-04-21 22:30:00+00:00,81.044,NORMAL,84.51,85.4,89.25,10.93805556,78.44027778,CAVMSI_2026-04-21T22:30:00+0000_81.0440
CAVMSI,Cauvery at Musiri,Cauvery,2026-04-21 23:30:00+00:00,81.17,NORMAL,84.51,85.4,89.25,10.93805556,78.44027778,CAVMSI_2026-04-21T23:30:00+0000_81.1700
CAVMSI,Cauvery at Musiri,Cauvery,2026-04-22 00:30:00+00:00,81.17,NORMAL,84.51,85.4,89.25,10.93805556,78.44027778,CAVMSI_2026-04-22T00:30:00+0000_81.1700
CAVMSI,Cauvery at Musiri,Cauvery,2026-04-22 01:30:00+00:00,81.17,NORMAL,84.51,85.4,89.25,10.93805556,78.44027778,CAVMSI_2026-04-22T01:30:00+0000_81.1700
CAVMSI,Cauvery at Musiri,Cauvery,2026-04-22 02:30:00+00:00,81.17,NORMAL,84.51,85.4,89.25,10.93805556,78.44027778,CAVMSI_2026-04-22T02:30:00+0000_81.1700
CAVMSI,Cauvery at Musiri,Cauvery,2026-04-22 03:30:00+00:00,81.17,NORMAL,84.51,85.4,89.25,10.93805556,78.44027778,CAVMSI_2026-04-22T03:30:00+0000_81.1700
CAVMSI,Cauvery at Musiri,Cauvery,2026-04-22 04:30:00+00:00,81.044,NORMAL,84.51,85.4,89.25,10.93805556,78.44027778,CAVMSI_2026-04-22T04:30:00+0000_81.0440
CAVMSI,Cauvery at Musiri,Cauvery,2026-04-22 05:30:00+00:00,81.17,NORMAL,84.51,85.4,89.25,10.93805556,78.44027778,CAVMSI_2026-04-22T05:30:00+0000_81.1700
CAVMSI,Cauvery at Musiri,Cauvery,2026-04-22 06:30:00+00:00,81.17,NORMAL,84.51,85.4,89.25,10.93805556,78.44027778,CAVMSI_2026-04-22T06:30:00+0000_81.1700
CAVMSI,Cauvery at Musiri,Cauvery,2026-04-22 07:30:00+00:00,81.043,NORMAL,84.51,85.4,89.25,10.93805556,78.44027778,CAVMSI_2026-04-22T07:30:00+0000_81.0430
CAVMSI,Cauvery at Musiri,Cauvery,2026-04-22 08:30:00+00:00,81.17,NORMAL,84.51,85.4,89.25,10.93805556,78.44027778,CAVMSI_2026-04-22T08:30:00+0000_81.1700
CAVMSI,Cauvery at Musiri,Cauvery,2026-04-22 09:30:00+00:00,81.043,NORMAL,84.51,85.4,89.25,10.93805556,78.44027778,CAVMSI_2026-04-22T09:30:00+0000_81.0430
CAVMSI,Cauvery at Musiri,Cauvery,2026-04-22 10:30:00+00:00,81.17,NORMAL,84.51,85.4,89.25,10.93805556,78.44027778,CAVMSI_2026-04-22T10:30:00+0000_81.1700
CAVMSI,Cauvery at Musiri,Cauvery,2026-04-22 11:30:00+00:00,81.17,NORMAL,84.51,85.4,89.25,10.93805556,78.44027778,CAVMSI_2026-04-22T11:30:00+0000_81.1700
CAVMSI,Cauvery at Musiri,Cauvery,2026-04-22 12:30:00+00:00,81.17,NORMAL,84.51,85.4,89.25,10.93805556,78.44027778,CAVMSI_2026-04-22T12:30:00+0000_81.1700
CAVMSI,Cauvery at Musiri,Cauvery,2026-04-22 13:30:00+00:00,81.17,NORMAL,84.51,85.4,89.25,10.93805556,78.44027778,CAVMSI_2026-04-22T13:30:00+0000_81.1700
CAVMSI,Cauvery at Musiri,Cauvery,2026-04-22 14:30:00+00:00,81.17,NORMAL,84.51,85.4,89.25,10.93805556,78.44027778,CAVMSI_2026-04-22T14:30:00+0000_81.1700
CAVMSI,Cauvery at Musiri,Cauvery,2026-04-22 15:30:00+00:00,81.17,NORMAL,84.51,85.4,89.25,10.93805556,78.44027778,CAVMSI_2026-04-22T15:30:00+0000_81.1700
CAVMSI,Cauvery at Musiri,Cauvery,2026-04-22 16:30:00+00:00,81.17,NORMAL,84.51,85.4,89.25,10.93805556,78.44027778,CAVMSI_2026-04-22T16:30:00+0000_81.1700
CAVMSI,Cauvery at Musiri,Cauvery,2026-04-22 17:30:00+00:00,81.17,NORMAL,84.51,85.4,89.25,10.93805556,78.44027778,CAVMSI_2026-04-22T17:30:00+0000_81.1700
CAVMSI,Cauvery at Musiri,Cauvery,2026-04-22 18:30:00+00:00,81.17,NORMAL,84.51,85.4,89.25,10.93805556,78.44027778,CAVMSI_2026-04-22T18:30:00+0000_81.1700
CAVMSI,Cauvery at Musiri,Cauvery,2026-04-22 19:30:00+00:00,81.17,NORMAL,84.51,85.4,89.25,10.93805556,78.44027778,CAVMSI_2026-04-22T19:30:00+0000_81.1700
CAVMSI,Cauvery at Musiri,Cauvery,2026-04-22 20:30:00+00:00,81.17,NORMAL,84.51,85.4,89.25,10.93805556,78.44027778,CAVMSI_2026-04-22T20:30:00+0000_81.1700
CAVMSI,Cauvery at Musiri,Cauvery,2026-04-22 21:30:00+00:00,81.17,NORMAL,84.51,85.4,89.25,10.93805556,78.44027778,CAVMSI_2026-04-22T21:30:00+0000_81.1700
CAVMSI,Cauvery at Musiri,Cauvery,2026-04-22 22:30:00+00:00,81.044,NORMAL,84.51,85.4,89.25,10.93805556,78.44027778,CAVMSI_2026-04-22T22:30:00+0000_81.0440
CAVMSI,Cauvery at Musiri,Cauvery,2026-04-22 23:30:00+00:00,81.17,NORMAL,84.51,85.4,89.25,10.93805556,78.44027778,CAVMSI_2026-04-22T23:30:00+0000_81.1700
CAVMSI,Cauvery at Musiri,Cauvery,2026-04-23 00:30:00+00:00,81.17,NORMAL,84.51,85.4,89.25,10.93805556,78.44027778,CAVMSI_2026-04-23T00:30:00+0000_81.1700
CAVMSI,Cauvery at Musiri,Cauvery,2026-04-23 01:30:00+00:00,81.17,NORMAL,84.51,85.4,89.25,10.93805556,78.44027778,CAVMSI_2026-04-23T01:30:00+0000_81.1700
CAVMSI,Cauvery at Musiri,Cauvery,2026-04-23 02:30:00+00:00,81.17,NORMAL,84.51,85.4,89.25,10.93805556,78.44027778,CAVMSI_2026-04-23T02:30:00+0000_81.1700
CAVMSI,Cauvery at Musiri,Cauvery,2026-04-23 03:30:00+00:00,81.17,NORMAL,84.51,85.4,89.25,10.93805556,78.44027778,CAVMSI_2026-04-23T03:30:00+0000_81.1700
CAVMSI,Cauvery at Musiri,Cauvery,2026-04-23 04:30:00+00:00,81.17,NORMAL,84.51,85.4,89.25,10.93805556,78.44027778,CAVMSI_2026-04-23T04:30:00+0000_81.1700
CAVMSI,Cauvery at Musiri,Cauvery,2026-04-23 05:30:00+00:00,81.17,NORMAL,84.51,85.4,89.25,10.93805556,78.44027778,CAVMSI_2026-04-23T05:30:00+0000_81.1700
CAVMSI,Cauvery at Musiri,Cauvery,2026-04-23 06:30:00+00:00,81.17,NORMAL,84.51,85.4,89.25,10.93805556,78.44027778,CAVMSI_2026-04-23T06:30:00+0000_81.1700
CAVMSI,Cauvery at Musiri,Cauvery,2026-04-23 07:30:00+00:00,81.17,NORMAL,84.51,85.4,89.25,10.93805556,78.44027778,CAVMSI_2026-04-23T07:30:00+0000_81.1700
CAVMSI,Cauvery at Musiri,Cauvery,2026-04-23 08:30:00+00:00,81.17,NORMAL,84.51,85.4,89.25,10.93805556,78.44027778,CAVMSI_2026-04-23T08:30:00+0000_81.1700
CAVMSI,Cauvery at Musiri,Cauvery,2026-04-23 09:30:00+00:00,81.17,NORMAL,84.51,85.4,89.25,10.93805556,78.44027778,CAVMSI_2026-04-23T09:30:00+0000_81.1700
CAVMSI,Cauvery at Musiri,Cauvery,2026-04-23 10:30:00+00:00,81.17,NORMAL,84.51,85.4,89.25,10.93805556,78.44027778,CAVMSI_2026-04-23T10:30:00+0000_81.1700
CAVMSI,Cauvery at Musiri,Cauvery,2026-04-23 11:30:00+00:00,81.044,NORMAL,84.51,85.4,89.25,10.93805556,78.44027778,CAVMSI_2026-04-23T11:30:00+0000_81.0440
CAVMSI,Cauvery at Musiri,Cauvery,2026-04-23 12:30:00+00:00,81.17,NORMAL,84.51,85.4,89.25,10.93805556,78.44027778,CAVMSI_2026-04-23T12:30:00+0000_81.1700
CAVMSI,Cauvery at Musiri,Cauvery,2026-04-23 13:30:00+00:00,81.17,NORMAL,84.51,85.4,89.25,10.93805556,78.44027778,CAVMSI_2026-04-23T13:30:00+0000_81.1700
CAVMSI,Cauvery at Musiri,Cauvery,2026-04-23 14:30:00+00:00,81.17,NORMAL,84.51,85.4,89.25,10.93805556,78.44027778,CAVMSI_2026-04-23T14:30:00+0000_81.1700
CAVMSI,Cauvery at Musiri,Cauvery,2026-04-23 15:30:00+00:00,81.17,NORMAL,84.51,85.4,89.25,10.93805556,78.44027778,CAVMSI_2026-04-23T15:30:00+0000_81.1700
CAVMSI,Cauvery at Musiri,Cauvery,2026-04-23 16:30:00+00:00,81.17,NORMAL,84.51,85.4,89.25,10.93805556,78.44027778,CAVMSI_2026-04-23T16:30:00+0000_81.1700
CAVMSI,Cauvery at Musiri,Cauvery,2026-04-23 17:30:00+00:00,81.17,NORMAL,84.51,85.4,89.25,10.93805556,78.44027778,CAVMSI_2026-04-23T17:30:00+0000_81.1700
CAVMSI,Cauvery at Musiri,Cauvery,2026-04-23 18:30:00+00:00,81.17,NORMAL,84.51,85.4,89.25,10.93805556,78.44027778,CAVMSI_2026-04-23T18:30:00+0000_81.1700
CAVMSI,Cauvery at Musiri,Cauvery,2026-04-23 19:30:00+00:00,81.044,NORMAL,84.51,85.4,89.25,10.93805556,78.44027778,CAVMSI_2026-04-23T19:30:00+0000_81.0440
CAVMSI,Cauvery at Musiri,Cauvery,2026-04-23 20:30:00+00:00,81.17,NORMAL,84.51,85.4,89.25,10.93805556,78.44027778,CAVMSI_2026-04-23T20:30:00+0000_81.1700
CAVMSI,Cauvery at Musiri,Cauvery,2026-04-23 21:30:00+00:00,81.17,NORMAL,84.51,85.4,89.25,10.93805556,78.44027778,CAVMSI_2026-04-23T21:30:00+0000_81.1700
CAVMSI,Cauvery at Musiri,Cauvery,2026-04-23 22:30:00+00:00,81.045,NORMAL,84.51,85.4,89.25,10.93805556,78.44027778,CAVMSI_2026-04-23T22:30:00+0000_81.0450
CAVMSI,Cauvery at Musiri,Cauvery,2026-04-23 23:30:00+00:00,81.17,NORMAL,84.51,85.4,89.25,10.93805556,78.44027778,CAVMSI_2026-04-23T23:30:00+0000_81.1700
CAVMSI,Cauvery at Musiri,Cauvery,2026-04-24 00:30:00+00:00,81.17,NORMAL,84.51,85.4,89.25,10.93805556,78.44027778,CAVMSI_2026-04-24T00:30:00+0000_81.1700
CAVMSI,Cauvery at Musiri,Cauvery,2026-04-24 01:30:00+00:00,81.17,NORMAL,84.51,85.4,89.25,10.93805556,78.44027778,CAVMSI_2026-04-24T01:30:00+0000_81.1700
CAVMSI,Cauvery at Musiri,Cauvery,2026-04-24 02:30:00+00:00,81.17,NORMAL,84.51,85.4,89.25,10.93805556,78.44027778,CAVMSI_2026-04-24T02:30:00+0000_81.1700
CAVMSI,Cauvery at Musiri,Cauvery,2026-04-24 03:30:00+00:00,81.17,NORMAL,84.51,85.4,89.25,10.93805556,78.44027778,CAVMSI_2026-04-24T03:30:00+0000_81.1700
CAVMSI,Cauvery at Musiri,Cauvery,2026-04-24 04:30:00+00:00,81.17,NORMAL,84.51,85.4,89.25,10.93805556,78.44027778,CAVMSI_2026-04-24T04:30:00+0000_81.1700
CAVMSI,Cauvery at Musiri,Cauvery,2026-04-24 05:30:00+00:00,81.17,NORMAL,84.51,85.4,89.25,10.93805556,78.44027778,CAVMSI_2026-04-24T05:30:00+0000_81.1700
CAVMSI,Cauvery at Musiri,Cauvery,2026-04-24 06:30:00+00:00,81.17,NORMAL,84.51,85.4,89.25,10.93805556,78.44027778,CAVMSI_2026-04-24T06:30:00+0000_81.1700
CAVMSI,Cauvery at Musiri,Cauvery,2026-04-24 07:30:00+00:00,81.17,NORMAL,84.51,85.4,89.25,10.93805556,78.44027778,CAVMSI_2026-04-24T07:30:00+0000_81.1700
CAVMSI,Cauvery at Musiri,Cauvery,2026-04-24 08:30:00+00:00,81.17,NORMAL,84.51,85.4,89.25,10.93805556,78.44027778,CAVMSI_2026-04-24T08:30:00+0000_81.1700
CAVMSI,Cauvery at Musiri,Cauvery,2026-04-24 09:30:00+00:00,81.17,NORMAL,84.51,85.4,89.25,10.93805556,78.44027778,CAVMSI_2026-04-24T09:30:00+0000_81.1700
CAVMSI,Cauvery at Musiri,Cauvery,2026-04-24 10:30:00+00:00,81.17,NORMAL,84.51,85.4,89.25,10.93805556,78.44027778,CAVMSI_2026-04-24T10:30:00+0000_81.1700
CAVMSI,Cauvery at Musiri,Cauvery,2026-04-24 11:30:00+00:00,81.044,NORMAL,84.51,85.4,89.25,10.93805556,78.44027778,CAVMSI_2026-04-24T11:30:00+0000_81.0440
CAVMSI,Cauvery at Musiri,Cauvery,2026-04-24 12:30:00+00:00,81.17,NORMAL,84.51,85.4,89.25,10.93805556,78.44027778,CAVMSI_2026-04-24T12:30:00+0000_81.1700
CAVMSI,Cauvery at Musiri,Cauvery,2026-04-24 13:30:00+00:00,81.17,NORMAL,84.51,85.4,89.25,10.93805556,78.44027778,CAVMSI_2026-04-24T13:30:00+0000_81.1700
CAVMSI,Cauvery at Musiri,Cauvery,2026-04-24 14:30:00+00:00,81.17,NORMAL,84.51,85.4,89.25,10.93805556,78.44027778,CAVMSI_2026-04-24T14:30:00+0000_81.1700
CAVMSI,Cauvery at Musiri,Cauvery,2026-04-24 15:30:00+00:00,81.17,NORMAL,84.51,85.4,89.25,10.93805556,78.44027778,CAVMSI_2026-04-24T15:30:00+0000_81.1700
CAVMSI,Cauvery at Musiri,Cauvery,2026-04-24 16:30:00+00:00,81.044,NORMAL,84.51,85.4,89.25,10.93805556,78.44027778,CAVMSI_2026-04-24T16:30:00+0000_81.0440
CAVMSI,Cauvery at Musiri,Cauvery,2026-04-24 17:30:00+00:00,81.17,NORMAL,84.51,85.4,89.25,10.93805556,78.44027778,CAVMSI_2026-04-24T17:30:00+0000_81.1700
CAVMSI,Cauvery at Musiri,Cauvery,2026-04-24 18:30:00+00:00,81.17,NORMAL,84.51,85.4,89.25,10.93805556,78.44027778,CAVMSI_2026-04-24T18:30:00+0000_81.1700
CAVMSI,Cauvery at Musiri,Cauvery,2026-04-24 19:30:00+00:00,81.17,NORMAL,84.51,85.4,89.25,10.93805556,78.44027778,CAVMSI_2026-04-24T19:30:00+0000_81.1700
CAVMSI,Cauvery at Musiri,Cauvery,2026-04-24 20:30:00+00:00,81.17,NORMAL,84.51,85.4,89.25,10.93805556,78.44027778,CAVMSI_2026-04-24T20:30:00+0000_81.1700
CAVMSI,Cauvery at Musiri,Cauvery,2026-04-24 21:30:00+00:00,81.17,NORMAL,84.51,85.4,89.25,10.93805556,78.44027778,CAVMSI_2026-04-24T21:30:00+0000_81.1700
CAVMSI,Cauvery at Musiri,Cauvery,2026-04-24 22:30:00+00:00,81.045,NORMAL,84.51,85.4,89.25,10.93805556,78.44027778,CAVMSI_2026-04-24T22:30:00+0000_81.0450
CAVMSI,Cauvery at Musiri,Cauvery,2026-04-24 23:30:00+00:00,81.045,NORMAL,84.51,85.4,89.25,10.93805556,78.44027778,CAVMSI_2026-04-24T23:30:00+0000_81.0450
CAVMSI,Cauvery at Musiri,Cauvery,2026-04-25 00:30:00+00:00,81.17,NORMAL,84.51,85.4,89.25,10.93805556,78.44027778,CAVMSI_2026-04-25T00:30:00+0000_81.1700
CAVMSI,Cauvery at Musiri,Cauvery,2026-04-25 01:30:00+00:00,81.17,NORMAL,84.51,85.4,89.25,10.93805556,78.44027778,CAVMSI_2026-04-25T01:30:00+0000_81.1700
CAVMSI,Cauvery at Musiri,Cauvery,2026-04-25 02:30:00+00:00,81.17,NORMAL,84.51,85.4,89.25,10.93805556,78.44027778,CAVMSI_2026-04-25T02:30:00+0000_81.1700
CAVMSI,Cauvery at Musiri,Cauvery,2026-04-25 03:30:00+00:00,81.045,NORMAL,84.51,85.4,89.25,10.93805556,78.44027778,CAVMSI_2026-04-25T03:30:00+0000_81.0450
CAVMSI,Cauvery at Musiri,Cauvery,2026-04-25 04:30:00+00:00,81.17,NORMAL,84.51,85.4,89.25,10.93805556,78.44027778,CAVMSI_2026-04-25T04:30:00+0000_81.1700
CAVMSI,Cauvery at Musiri,Cauvery,2026-04-25 05:30:00+00:00,81.17,NORMAL,84.51,85.4,89.25,10.93805556,78.44027778,CAVMSI_2026-04-25T05:30:00+0000_81.1700
CAVMSI,Cauvery at Musiri,Cauvery,2026-04-25 06:30:00+00:00,81.042,NORMAL,84.51,85.4,89.25,10.93805556,78.44027778,CAVMSI_2026-04-25T06:30:00+0000_81.0420
CAVMSI,Cauvery at Musiri,Cauvery,2026-04-25 07:30:00+00:00,81.17,NORMAL,84.51,85.4,89.25,10.93805556,78.44027778,CAVMSI_2026-04-25T07:30:00+0000_81.1700
CAVMSI,Cauvery at Musiri,Cauvery,2026-04-25 08:30:00+00:00,81.17,NORMAL,84.51,85.4,89.25,10.93805556,78.44027778,CAVMSI_2026-04-25T08:30:00+0000_81.1700
CAVMSI,Cauvery at Musiri,Cauvery,2026-04-25 09:30:00+00:00,81.17,NORMAL,84.51,85.4,89.25,10.93805556,78.44027778,CAVMSI_2026-04-25T09:30:00+0000_81.1700
CAVMSI,Cauvery at Musiri,Cauvery,2026-04-25 10:30:00+00:00,81.17,NORMAL,84.51,85.4,89.25,10.93805556,78.44027778,CAVMSI_2026-04-25T10:30:00+0000_81.1700
CAVMSI,Cauvery at Musiri,Cauvery,2026-04-25 11:30:00+00:00,81.044,NORMAL,84.51,85.4,89.25,10.93805556,78.44027778,CAVMSI_2026-04-25T11:30:00+0000_81.0440
CAVMSI,Cauvery at Musiri,Cauvery,2026-04-25 12:30:00+00:00,81.17,NORMAL,84.51,85.4,89.25,10.93805556,78.44027778,CAVMSI_2026-04-25T12:30:00+0000_81.1700
CAVMSI,Cauvery at Musiri,Cauvery,2026-04-25 13:30:00+00:00,81.17,NORMAL,84.51,85.4,89.25,10.93805556,78.44027778,CAVMSI_2026-04-25T13:30:00+0000_81.1700
CAVMSI,Cauvery at Musiri,Cauvery,2026-04-25 14:30:00+00:00,81.17,NORMAL,84.51,85.4,89.25,10.93805556,78.44027778,CAVMSI_2026-04-25T14:30:00+0000_81.1700
CAVMSI,Cauvery at Musiri,Cauvery,2026-04-25 15:30:00+00:00,81.17,NORMAL,84.51,85.4,89.25,10.93805556,78.44027778,CAVMSI_2026-04-25T15:30:00+0000_81.1700
CAVMSI,Cauvery at Musiri,Cauvery,2026-04-25 16:30:00+00:00,81.17,NORMAL,84.51,85.4,89.25,10.93805556,78.44027778,CAVMSI_2026-04-25T16:30:00+0000_81.1700
CAVMSI,Cauvery at Musiri,Cauvery,2026-04-25 17:30:00+00:00,81.045,NORMAL,84.51,85.4,89.25,10.93805556,78.44027778,CAVMSI_2026-04-25T17:30:00+0000_81.0450
CAVMSI,Cauvery at Musiri,Cauvery,2026-04-25 18:30:00+00:00,81.17,NORMAL,84.51,85.4,89.25,10.93805556,78.44027778,CAVMSI_2026-04-25T18:30:00+0000_81.1700
CAVMSI,Cauvery at Musiri,Cauvery,2026-04-25 19:30:00+00:00,81.045,NORMAL,84.51,85.4,89.25,10.93805556,78.44027778,CAVMSI_2026-04-25T19:30:00+0000_81.0450
CAVMSI,Cauvery at Musiri,Cauvery,2026-04-25 20:30:00+00:00,81.17,NORMAL,84.51,85.4,89.25,10.93805556,78.44027778,CAVMSI_2026-04-25T20:30:00+0000_81.1700
CAVMSI,Cauvery at Musiri,Cauvery,2026-04-25 21:30:00+00:00,81.17,NORMAL,84.51,85.4,89.25,10.93805556,78.44027778,CAVMSI_2026-04-25T21:30:00+0000_81.1700
CAVMSI,Cauvery at Musiri,Cauvery,2026-04-25 22:30:00+00:00,81.045,NORMAL,84.51,85.4,89.25,10.93805556,78.44027778,CAVMSI_2026-04-25T22:30:00+0000_81.0450
CAVMSI,Cauvery at Musiri,Cauvery,2026-04-25 23:30:00+00:00,81.045,NORMAL,84.51,85.4,89.25,10.93805556,78.44027778,CAVMSI_2026-04-25T23:30:00+0000_81.0450
CAVMSI,Cauvery at Musiri,Cauvery,2026-04-26 00:30:00+00:00,81.17,NORMAL,84.51,85.4,89.25,10.93805556,78.44027778,CAVMSI_2026-04-26T00:30:00+0000_81.1700
CAVMSI,Cauvery at Musiri,Cauvery,2026-04-26 01:30:00+00:00,81.17,NORMAL,84.51,85.4,89.25,10.93805556,78.44027778,CAVMSI_2026-04-26T01:30:00+0000_81.1700
CAVMSI,Cauvery at Musiri,Cauvery,2026-04-26 02:30:00+00:00,81.17,NORMAL,84.51,85.4,89.25,10.93805556,78.44027778,CAVMSI_2026-04-26T02:30:00+0000_81.1700
CAVMSI,Cauvery at Musiri,Cauvery,2026-04-26 03:30:00+00:00,81.17,NORMAL,84.51,85.4,89.25,10.93805556,78.44027778,CAVMSI_2026-04-26T03:30:00+0000_81.1700
CAVMSI,Cauvery at Musiri,Cauvery,2026-04-26 04:30:00+00:00,81.17,NORMAL,84.51,85.4,89.25,10.93805556,78.44027778,CAVMSI_2026-04-26T04:30:00+0000_81.1700
CAVMSI,Cauvery at Musiri,Cauvery,2026-04-26 05:30:00+00:00,81.17,NORMAL,84.51,85.4,89.25,10.93805556,78.44027778,CAVMSI_2026-04-26T05:30:00+0000_81.1700
CAVMSI,Cauvery at Musiri,Cauvery,2026-04-26 06:30:00+00:00,81.045,NORMAL,84.51,85.4,89.25,10.93805556,78.44027778,CAVMSI_2026-04-26T06:30:00+0000_81.0450
CAVMSI,Cauvery at Musiri,Cauvery,2026-04-26 07:30:00+00:00,81.17,NORMAL,84.51,85.4,89.25,10.93805556,78.44027778,CAVMSI_2026-04-26T07:30:00+0000_81.1700
CAVMSI,Cauvery at Musiri,Cauvery,2026-04-26 08:30:00+00:00,81.17,NORMAL,84.51,85.4,89.25,10.93805556,78.44027778,CAVMSI_2026-04-26T08:30:00+0000_81.1700
CAVMSI,Cauvery at Musiri,Cauvery,2026-04-26 09:30:00+00:00,81.17,NORMAL,84.51,85.4,89.25,10.93805556,78.44027778,CAVMSI_2026-04-26T09:30:00+0000_81.1700
CAVMSI,Cauvery at Musiri,Cauvery,2026-04-26 10:30:00+00:00,81.044,NORMAL,84.51,85.4,89.25,10.93805556,78.44027778,CAVMSI_2026-04-26T10:30:00+0000_81.0440
CAVMSI,Cauvery at Musiri,Cauvery,2026-04-26 11:30:00+00:00,81.17,NORMAL,84.51,85.4,89.25,10.93805556,78.44027778,CAVMSI_2026-04-26T11:30:00+0000_81.1700
CAVMSI,Cauvery at Musiri,Cauvery,2026-04-26 12:30:00+00:00,81.17,NORMAL,84.51,85.4,89.25,10.93805556,78.44027778,CAVMSI_2026-04-26T12:30:00+0000_81.1700
CAVMSI,Cauvery at Musiri,Cauvery,2026-04-26 13:30:00+00:00,81.17,NORMAL,84.51,85.4,89.25,10.93805556,78.44027778,CAVMSI_2026-04-26T13:30:00+0000_81.1700
CAVMSI,Cauvery at Musiri,Cauvery,2026-04-26 14:30:00+00:00,81.17,NORMAL,84.51,85.4,89.25,10.93805556,78.44027778,CAVMSI_2026-04-26T14:30:00+0000_81.1700
CAVMSI,Cauvery at Musiri,Cauvery,2026-04-26 15:30:00+00:00,81.17,NORMAL,84.51,85.4,89.25,10.93805556,78.44027778,CAVMSI_2026-04-26T15:30:00+0000_81.1700
CAVMSI,Cauvery at Musiri,Cauvery,2026-04-26 16:30:00+00:00,81.17,NORMAL,84.51,85.4,89.25,10.93805556,78.44027778,CAVMSI_2026-04-26T16:30:00+0000_81.1700
CAVMSI,Cauvery at Musiri,Cauvery,2026-04-26 17:30:00+00:00,81.045,NORMAL,84.51,85.4,89.25,10.93805556,78.44027778,CAVMSI_2026-04-26T17:30:00+0000_81.0450
CAVMSI,Cauvery at Musiri,Cauvery,2026-04-26 18:30:00+00:00,81.17,NORMAL,84.51,85.4,89.25,10.93805556,78.44027778,CAVMSI_2026-04-26T18:30:00+0000_81.1700
CAVMSI,Cauvery at Musiri,Cauvery,2026-04-26 19:30:00+00:00,81.17,NORMAL,84.51,85.4,89.25,10.93805556,78.44027778,CAVMSI_2026-04-26T19:30:00+0000_81.1700
CAVMSI,Cauvery at Musiri,Cauvery,2026-04-26 20:30:00+00:00,81.17,NORMAL,84.51,85.4,89.25,10.93805556,78.44027778,CAVMSI_2026-04-26T20:30:00+0000_81.1700
CAVMSI,Cauvery at Musiri,Cauvery,2026-04-26 21:30:00+00:00,81.17,NORMAL,84.51,85.4,89.25,10.93805556,78.44027778,CAVMSI_2026-04-26T21:30:00+0000_81.1700
CAVMSI,Cauvery at Musiri,Cauvery,2026-04-26 22:30:00+00:00,81.045,NORMAL,84.51,85.4,89.25,10.93805556,78.44027778,CAVMSI_2026-04-26T22:30:00+0000_81.0450
CAVMSI,Cauvery at Musiri,Cauvery,2026-04-26 23:30:00+00:00,81.045,NORMAL,84.51,85.4,89.25,10.93805556,78.44027778,CAVMSI_2026-04-26T23:30:00+0000_81.0450
CAVMSI,Cauvery at Musiri,Cauvery,2026-04-27 00:30:00+00:00,81.17,NORMAL,84.51,85.4,89.25,10.93805556,78.44027778,CAVMSI_2026-04-27T00:30:00+0000_81.1700
CAVMSI,Cauvery at Musiri,Cauvery,2026-04-27 01:30:00+00:00,81.17,NORMAL,84.51,85.4,89.25,10.93805556,78.44027778,CAVMSI_2026-04-27T01:30:00+0000_81.1700
CAVMSI,Cauvery at Musiri,Cauvery,2026-04-27 02:30:00+00:00,81.17,NORMAL,84.51,85.4,89.25,10.93805556,78.44027778,CAVMSI_2026-04-27T02:30:00+0000_81.1700
CAVMSI,Cauvery at Musiri,Cauvery,2026-04-27 03:30:00+00:00,81.042,NORMAL,84.51,85.4,89.25,10.93805556,78.44027778,CAVMSI_2026-04-27T03:30:00+0000_81.0420
CAVMSI,Cauvery at Musiri,Cauvery,2026-04-27 04:30:00+00:00,81.17,NORMAL,84.51,85.4,89.25,10.93805556,78.44027778,CAVMSI_2026-04-27T04:30:00+0000_81.1700
CAVMSI,Cauvery at Musiri,Cauvery,2026-04-27 05:30:00+00:00,81.043,NORMAL,84.51,85.4,89.25,10.93805556,78.44027778,CAVMSI_2026-04-27T05:30:00+0000_81.0430
CAVMSI,Cauvery at Musiri,Cauvery,2026-04-27 06:30:00+00:00,81.17,NORMAL,84.51,85.4,89.25,10.93805556,78.44027778,CAVMSI_2026-04-27T06:30:00+0000_81.1700
CAVMSI,Cauvery at Musiri,Cauvery,2026-04-27 07:30:00+00:00,81.043,NORMAL,84.51,85.4,89.25,10.93805556,78.44027778,CAVMSI_2026-04-27T07:30:00+0000_81.0430
CAVMSI,Cauvery at Musiri,Cauvery,2026-04-27 08:30:00+00:00,81.17,NORMAL,84.51,85.4,89.25,10.93805556,78.44027778,CAVMSI_2026-04-27T08:30:00+0000_81.1700
CAVMSI,Cauvery at Musiri,Cauvery,2026-04-27 09:30:00+00:00,81.17,NORMAL,84.51,85.4,89.25,10.93805556,78.44027778,CAVMSI_2026-04-27T09:30:00+0000_81.1700
CAVMSI,Cauvery at Musiri,Cauvery,2026-04-27 10:30:00+00:00,81.17,NORMAL,84.51,85.4,89.25,10.93805556,78.44027778,CAVMSI_2026-04-27T10:30:00+0000_81.1700
CAVMSI,Cauvery at Musiri,Cauvery,2026-04-27 11:30:00+00:00,81.17,NORMAL,84.51,85.4,89.25,10.93805556,78.44027778,CAVMSI_2026-04-27T11:30:00+0000_81.1700
CAVMSI,Cauvery at Musiri,Cauvery,2026-04-27 12:30:00+00:00,81.17,NORMAL,84.51,85.4,89.25,10.93805556,78.44027778,CAVMSI_2026-04-27T12:30:00+0000_81.1700
CAVMSI,Cauvery at Musiri,Cauvery,2026-04-27 13:30:00+00:00,81.17,NORMAL,84.51,85.4,89.25,10.93805556,78.44027778,CAVMSI_2026-04-27T13:30:00+0000_81.1700
CAVMSI,Cauvery at Musiri,Cauvery,2026-04-27 14:30:00+00:00,81.17,NORMAL,84.51,85.4,89.25,10.93805556,78.44027778,CAVMSI_2026-04-27T14:30:00+0000_81.1700
CAVMSI,Cauvery at Musiri,Cauvery,2026-04-27 15:30:00+00:00,81.17,NORMAL,84.51,85.4,89.25,10.93805556,78.44027778,CAVMSI_2026-04-27T15:30:00+0000_81.1700
CAVMSI,Cauvery at Musiri,Cauvery,2026-04-27 16:30:00+00:00,81.17,NORMAL,84.51,85.4,89.25,10.93805556,78.44027778,CAVMSI_2026-04-27T16:30:00+0000_81.1700
CAVMSI,Cauvery at Musiri,Cauvery,2026-04-27 17:30:00+00:00,81.045,NORMAL,84.51,85.4,89.25,10.93805556,78.44027778,CAVMSI_2026-04-27T17:30:00+0000_81.0450
CAVMSI,Cauvery at Musiri,Cauvery,2026-04-27 18:30:00+00:00,81.17,NORMAL,84.51,85.4,89.25,10.93805556,78.44027778,CAVMSI_2026-04-27T18:30:00+0000_81.1700
CAVMSI,Cauvery at Musiri,Cauvery,2026-04-27 19:30:00+00:00,81.045,NORMAL,84.51,85.4,89.25,10.93805556,78.44027778,CAVMSI_2026-04-27T19:30:00+0000_81.0450
CAVMSI,Cauvery at Musiri,Cauvery,2026-04-27 20:30:00+00:00,81.045,NORMAL,84.51,85.4,89.25,10.93805556,78.44027778,CAVMSI_2026-04-27T20:30:00+0000_81.0450
CAVMSI,Cauvery at Musiri,Cauvery,2026-04-27 21:30:00+00:00,81.17,NORMAL,84.51,85.4,89.25,10.93805556,78.44027778,CAVMSI_2026-04-27T21:30:00+0000_81.1700
CAVMSI,Cauvery at Musiri,Cauvery,2026-04-27 22:30:00+00:00,81.045,NORMAL,84.51,85.4,89.25,10.93805556,78.44027778,CAVMSI_2026-04-27T22:30:00+0000_81.0450
CAVMSI,Cauvery at Musiri,Cauvery,2026-04-27 23:30:00+00:00,81.17,NORMAL,84.51,85.4,89.25,10.93805556,78.44027778,CAVMSI_2026-04-27T23:30:00+0000_81.1700
CAVMSI,Cauvery at Musiri,Cauvery,2026-04-28 00:30:00+00:00,81.17,NORMAL,84.51,85.4,89.25,10.93805556,78.44027778,CAVMSI_2026-04-28T00:30:00+0000_81.1700
CAVMSI,Cauvery at Musiri,Cauvery,2026-04-28 01:30:00+00:00,81.17,NORMAL,84.51,85.4,89.25,10.93805556,78.44027778,CAVMSI_2026-04-28T01:30:00+0000_81.1700
CAVMSI,Cauvery at Musiri,Cauvery,2026-04-28 02:30:00+00:00,81.045,NORMAL,84.51,85.4,89.25,10.93805556,78.44027778,CAVMSI_2026-04-28T02:30:00+0000_81.0450
CAVMSI,Cauvery at Musiri,Cauvery,2026-04-28 03:30:00+00:00,401.17,HIGH_FLOOD_EXCEEDED,84.51,85.4,89.25,10.93805556,78.44027778,CAVMSI_2026-04-28T03:30:00+0000_401.1700
CAVMSI,Cauvery at Musiri,Cauvery,2026-04-28 04:30:00+00:00,81.045,NORMAL,84.51,85.4,89.25,10.93805556,78.44027778,CAVMSI_2026-04-28T04:30:00+0000_81.0450
CAVMSI,Cauvery at Musiri,Cauvery,2026-04-28 05:30:00+00:00,81.17,NORMAL,84.51,85.4,89.25,10.93805556,78.44027778,CAVMSI_2026-04-28T05:30:00+0000_81.1700
CAVMSI,Cauvery at Musiri,Cauvery,2026-04-28 06:30:00+00:00,81.17,NORMAL,84.51,85.4,89.25,10.93805556,78.44027778,CAVMSI_2026-04-28T06:30:00+0000_81.1700
CAVMSI,Cauvery at Musiri,Cauvery,2026-04-28 07:30:00+00:00,81.044,NORMAL,84.51,85.4,89.25,10.93805556,78.44027778,CAVMSI_2026-04-28T07:30:00+0000_81.0440
CAVMSI,Cauvery at Musiri,Cauvery,2026-04-28 08:30:00+00:00,81.044,NORMAL,84.51,85.4,89.25,10.93805556,78.44027778,CAVMSI_2026-04-28T08:30:00+0000_81.0440
CAVMSI,Cauvery at Musiri,Cauvery,2026-04-28 09:30:00+00:00,81.17,NORMAL,84.51,85.4,89.25,10.93805556,78.44027778,CAVMSI_2026-04-28T09:30:00+0000_81.1700
CAVMSI,Cauvery at Musiri,Cauvery,2026-04-28 10:30:00+00:00,,,84.51,85.4,89.25,10.93805556,78.44027778,CAVMSI_2026-04-28T10:30:00+0000_
CAVMSI,Cauvery at Musiri,Cauvery,2026-04-28 11:30:00+00:00,81.17,NORMAL,84.51,85.4,89.25,10.93805556,78.44027778,CAVMSI_2026-04-28T11:30:00+0000_81.1700
CAVMSI,Cauvery at Musiri,Cauvery,2026-04-28 12:30:00+00:00,81.17,NORMAL,84.51,85.4,89.25,10.93805556,78.44027778,CAVMSI_2026-04-28T12:30:00+0000_81.1700
CAVMSI,Cauvery at Musiri,Cauvery,2026-04-28 13:30:00+00:00,81.17,NORMAL,84.51,85.4,89.25,10.93805556,78.44027778,CAVMSI_2026-04-28T13:30:00+0000_81.1700
CAVMSI,Cauvery at Musiri,Cauvery,2026-04-28 14:30:00+00:00,81.17,NORMAL,84.51,85.4,89.25,10.93805556,78.44027778,CAVMSI_2026-04-28T14:30:00+0000_81.1700
CAVMSI,Cauvery at Musiri,Cauvery,2026-04-28 15:30:00+00:00,81.17,NORMAL,84.51,85.4,89.25,10.93805556,78.44027778,CAVMSI_2026-04-28T15:30:00+0000_81.1700
CAVMSI,Cauvery at Musiri,Cauvery,2026-04-28 16:30:00+00:00,81.17,NORMAL,84.51,85.4,89.25,10.93805556,78.44027778,CAVMSI_2026-04-28T16:30:00+0000_81.1700
CAVMSI,Cauvery at Musiri,Cauvery,2026-04-28 17:30:00+00:00,81.17,NORMAL,84.51,85.4,89.25,10.93805556,78.44027778,CAVMSI_2026-04-28T17:30:00+0000_81.1700
CAVMSI,Cauvery at Musiri,Cauvery,2026-04-28 18:30:00+00:00,81.045,NORMAL,84.51,85.4,89.25,10.93805556,78.44027778,CAVMSI_2026-04-28T18:30:00+0000_81.0450
CAVMSI,Cauvery at Musiri,Cauvery,2026-04-28 19:30:00+00:00,81.17,NORMAL,84.51,85.4,89.25,10.93805556,78.44027778,CAVMSI_2026-04-28T19:30:00+0000_81.1700
CAVMSI,Cauvery at Musiri,Cauvery,2026-04-28 20:30:00+00:00,81.17,NORMAL,84.51,85.4,89.25,10.93805556,78.44027778,CAVMSI_2026-04-28T20:30:00+0000_81.1700
CAVMSI,Cauvery at Musiri,Cauvery,2026-04-28 21:30:00+00:00,81.17,NORMAL,84.51,85.4,89.25,10.93805556,78.44027778,CAVMSI_2026-04-28T21:30:00+0000_81.1700
CAVMSI,Cauvery at Musiri,Cauvery,2026-04-28 22:30:00+00:00,81.044,NORMAL,84.51,85.4,89.25,10.93805556,78.44027778,CAVMSI_2026-04-28T22:30:00+0000_81.0440
CAVMSI,Cauvery at Musiri,Cauvery,2026-04-28 23:30:00+00:00,81.045,NORMAL,84.51,85.4,89.25,10.93805556,78.44027778,CAVMSI_2026-04-28T23:30:00+0000_81.0450
CAVMSI,Cauvery at Musiri,Cauvery,2026-04-29 00:30:00+00:00,81.17,NORMAL,84.51,85.4,89.25,10.93805556,78.44027778,CAVMSI_2026-04-29T00:30:00+0000_81.1700
CAVMSI,Cauvery at Musiri,Cauvery,2026-04-29 01:30:00+00:00,81.17,NORMAL,84.51,85.4,89.25,10.93805556,78.44027778,CAVMSI_2026-04-29T01:30:00+0000_81.1700
CAVMSI,Cauvery at Musiri,Cauvery,2026-04-29 02:30:00+00:00,81.044,NORMAL,84.51,85.4,89.25,10.93805556,78.44027778,CAVMSI_2026-04-29T02:30:00+0000_81.0440
CAVMSI,Cauvery at Musiri,Cauvery,2026-04-29 03:30:00+00:00,81.17,NORMAL,84.51,85.4,89.25,10.93805556,78.44027778,CAVMSI_2026-04-29T03:30:00+0000_81.1700
CAVMSI,Cauvery at Musiri,Cauvery,2026-04-29 04:30:00+00:00,81.044,NORMAL,84.51,85.4,89.25,10.93805556,78.44027778,CAVMSI_2026-04-29T04:30:00+0000_81.0440
CAVMSI,Cauvery at Musiri,Cauvery,2026-04-29 05:30:00+00:00,81.17,NORMAL,84.51,85.4,89.25,10.93805556,78.44027778,CAVMSI_2026-04-29T05:30:00+0000_81.1700
CAVMSI,Cauvery at Musiri,Cauvery,2026-04-29 06:30:00+00:00,81.045,NORMAL,84.51,85.4,89.25,10.93805556,78.44027778,CAVMSI_2026-04-29T06:30:00+0000_81.0450
CAVMSI,Cauvery at Musiri,Cauvery,2026-04-29 07:30:00+00:00,81.17,NORMAL,84.51,85.4,89.25,10.93805556,78.44027778,CAVMSI_2026-04-29T07:30:00+0000_81.1700
CAVMSI,Cauvery at Musiri,Cauvery,2026-04-29 08:30:00+00:00,81.044,NORMAL,84.51,85.4,89.25,10.93805556,78.44027778,CAVMSI_2026-04-29T08:30:00+0000_81.0440
CAVMSI,Cauvery at Musiri,Cauvery,2026-04-29 09:30:00+00:00,81.17,NORMAL,84.51,85.4,89.25,10.93805556,78.44027778,CAVMSI_2026-04-29T09:30:00+0000_81.1700
CAVMSI,Cauvery at Musiri,Cauvery,2026-04-29 10:30:00+00:00,81.17,NORMAL,84.51,85.4,89.25,10.93805556,78.44027778,CAVMSI_2026-04-29T10:30:00+0000_81.1700
CAVMSI,Cauvery at Musiri,Cauvery,2026-04-29 11:30:00+00:00,81.17,NORMAL,84.51,85.4,89.25,10.93805556,78.44027778,CAVMSI_2026-04-29T11:30:00+0000_81.1700
CAVMSI,Cauvery at Musiri,Cauvery,2026-04-29 12:30:00+00:00,81.045,NORMAL,84.51,85.4,89.25,10.93805556,78.44027778,CAVMSI_2026-04-29T12:30:00+0000_81.0450
CAVMSI,Cauvery at Musiri,Cauvery,2026-04-29 13:30:00+00:00,81.045,NORMAL,84.51,85.4,89.25,10.93805556,78.44027778,CAVMSI_2026-04-29T13:30:00+0000_81.0450
CAVMSI,Cauvery at Musiri,Cauvery,2026-04-29 14:30:00+00:00,81.045,NORMAL,84.51,85.4,89.25,10.93805556,78.44027778,CAVMSI_2026-04-29T14:30:00+0000_81.0450
CAVMSI,Cauvery at Musiri,Cauvery,2026-04-29 15:30:00+00:00,81.17,NORMAL,84.51,85.4,89.25,10.93805556,78.44027778,CAVMSI_2026-04-29T15:30:00+0000_81.1700
CAVMSI,Cauvery at Musiri,Cauvery,2026-04-29 16:30:00+00:00,81.169,NORMAL,84.51,85.4,89.25,10.93805556,78.44027778,CAVMSI_2026-04-29T16:30:00+0000_81.1690
CAVMSI,Cauvery at Musiri,Cauvery,2026-04-29 17:30:00+00:00,81.17,NORMAL,84.51,85.4,89.25,10.93805556,78.44027778,CAVMSI_2026-04-29T17:30:00+0000_81.1700
CAVMSI,Cauvery at Musiri,Cauvery,2026-04-29 18:30:00+00:00,81.17,NORMAL,84.51,85.4,89.25,10.93805556,78.44027778,CAVMSI_2026-04-29T18:30:00+0000_81.1700
CAVMSI,Cauvery at Musiri,Cauvery,2026-04-29 19:30:00+00:00,81.045,NORMAL,84.51,85.4,89.25,10.93805556,78.44027778,CAVMSI_2026-04-29T19:30:00+0000_81.0450
CAVMSI,Cauvery at Musiri,Cauvery,2026-04-29 20:30:00+00:00,81.17,NORMAL,84.51,85.4,89.25,10.93805556,78.44027778,CAVMSI_2026-04-29T20:30:00+0000_81.1700
CAVMSI,Cauvery at Musiri,Cauvery,2026-04-29 21:30:00+00:00,81.17,NORMAL,84.51,85.4,89.25,10.93805556,78.44027778,CAVMSI_2026-04-29T21:30:00+0000_81.1700
CAVMSI,Cauvery at Musiri,Cauvery,2026-04-29 22:30:00+00:00,81.17,NORMAL,84.51,85.4,89.25,10.93805556,78.44027778,CAVMSI_2026-04-29T22:30:00+0000_81.1700
CAVMSI,Cauvery at Musiri,Cauvery,2026-04-29 23:30:00+00:00,81.17,NORMAL,84.51,85.4,89.25,10.93805556,78.44027778,CAVMSI_2026-04-29T23:30:00+0000_81.1700
CAVMSI,Cauvery at Musiri,Cauvery,2026-04-30 22:30:00+00:00,81.047,NORMAL,84.51,85.4,89.25,10.93805556,78.44027778,CAVMSI_2026-04-30T22:30:00+0000_81.0470
CAVMSI,Cauvery at Musiri,Cauvery,2026-04-30 23:30:00+00:00,81.17,NORMAL,84.51,85.4,89.25,10.93805556,78.44027778,CAVMSI_2026-04-30T23:30:00+0000_81.1700
CAVMSI,Cauvery at Musiri,Cauvery,2026-05-01 00:30:00+00:00,81.17,NORMAL,84.51,85.4,89.25,10.93805556,78.44027778,CAVMSI_2026-05-01T00:30:00+0000_81.1700
CAVMSI,Cauvery at Musiri,Cauvery,2026-05-01 01:30:00+00:00,81.17,NORMAL,84.51,85.4,89.25,10.93805556,78.44027778,CAVMSI_2026-05-01T01:30:00+0000_81.1700
CAVMSI,Cauvery at Musiri,Cauvery,2026-05-01 03:30:00+00:00,81.17,NORMAL,84.51,85.4,89.25,10.93805556,78.44027778,CAVMSI_2026-05-01T03:30:00+0000_81.1700
CAVMSI,Cauvery at Musiri,Cauvery,2026-05-01 05:30:00+00:00,81.17,NORMAL,84.51,85.4,89.25,10.93805556,78.44027778,CAVMSI_2026-05-01T05:30:00+0000_81.1700
CAVMSI,Cauvery at Musiri,Cauvery,2026-05-01 10:30:00+00:00,81.17,NORMAL,84.51,85.4,89.25,10.93805556,78.44027778,CAVMSI_2026-05-01T10:30:00+0000_81.1700
CAVMSI,Cauvery at Musiri,Cauvery,2026-05-01 11:30:00+00:00,81.17,NORMAL,84.51,85.4,89.25,10.93805556,78.44027778,CAVMSI_2026-05-01T11:30:00+0000_81.1700
CAVMSI,Cauvery at Musiri,Cauvery,2026-05-01 12:30:00+00:00,81.17,NORMAL,84.51,85.4,89.25,10.93805556,78.44027778,CAVMSI_2026-05-01T12:30:00+0000_81.1700
CAVMSI,Cauvery at Musiri,Cauvery,2026-05-01 13:30:00+00:00,81.17,NORMAL,84.51,85.4,89.25,10.93805556,78.44027778,CAVMSI_2026-05-01T13:30:00+0000_81.1700
CAVMSI,Cauvery at Musiri,Cauvery,2026-05-01 14:30:00+00:00,81.17,NORMAL,84.51,85.4,89.25,10.93805556,78.44027778,CAVMSI_2026-05-01T14:30:00+0000_81.1700
CAVMSI,Cauvery at Musiri,Cauvery,2026-05-01 15:30:00+00:00,81.17,NORMAL,84.51,85.4,89.25,10.93805556,78.44027778,CAVMSI_2026-05-01T15:30:00+0000_81.1700
CAVMSI,Cauvery at Musiri,Cauvery,2026-05-01 17:30:00+00:00,81.17,NORMAL,84.51,85.4,89.25,10.93805556,78.44027778,CAVMSI_2026-05-01T17:30:00+0000_81.1700
CAVMSI,Cauvery at Musiri,Cauvery,2026-05-01 18:30:00+00:00,81.17,NORMAL,84.51,85.4,89.25,10.93805556,78.44027778,CAVMSI_2026-05-01T18:30:00+0000_81.1700
CAVMSI,Cauvery at Musiri,Cauvery,2026-05-01 19:30:00+00:00,81.17,NORMAL,84.51,85.4,89.25,10.93805556,78.44027778,CAVMSI_2026-05-01T19:30:00+0000_81.1700
CAVMSI,Cauvery at Musiri,Cauvery,2026-05-01 20:30:00+00:00,81.17,NORMAL,84.51,85.4,89.25,10.93805556,78.44027778,CAVMSI_2026-05-01T20:30:00+0000_81.1700
CAVMSI,Cauvery at Musiri,Cauvery,2026-05-01 21:30:00+00:00,81.17,NORMAL,84.51,85.4,89.25,10.93805556,78.44027778,CAVMSI_2026-05-01T21:30:00+0000_81.1700
CAVMSI,Cauvery at Musiri,Cauvery,2026-05-01 22:30:00+00:00,81.17,NORMAL,84.51,85.4,89.25,10.93805556,78.44027778,CAVMSI_2026-05-01T22:30:00+0000_81.1700
CAVMSI,Cauvery at Musiri,Cauvery,2026-05-01 23:30:00+00:00,81.17,NORMAL,84.51,85.4,89.25,10.93805556,78.44027778,CAVMSI_2026-05-01T23:30:00+0000_81.1700
CAVMSI,Cauvery at Musiri,Cauvery,2026-05-02 00:30:00+00:00,81.045,NORMAL,84.51,85.4,89.25,10.93805556,78.44027778,CAVMSI_2026-05-02T00:30:00+0000_81.0450
CAVMSI,Cauvery at Musiri,Cauvery,2026-05-02 01:30:00+00:00,81.045,NORMAL,84.51,85.4,89.25,10.93805556,78.44027778,CAVMSI_2026-05-02T01:30:00+0000_81.0450
CAVMSI,Cauvery at Musiri,Cauvery,2026-05-02 02:30:00+00:00,81.17,NORMAL,84.51,85.4,89.25,10.93805556,78.44027778,CAVMSI_2026-05-02T02:30:00+0000_81.1700
CAVMSI,Cauvery at Musiri,Cauvery,2026-05-02 03:30:00+00:00,81.045,NORMAL,84.51,85.4,89.25,10.93805556,78.44027778,CAVMSI_2026-05-02T03:30:00+0000_81.0450
CAVMSI,Cauvery at Musiri,Cauvery,2026-05-02 04:30:00+00:00,81.045,NORMAL,84.51,85.4,89.25,10.93805556,78.44027778,CAVMSI_2026-05-02T04:30:00+0000_81.0450
CAVMSI,Cauvery at Musiri,Cauvery,2026-05-02 05:30:00+00:00,81.045,NORMAL,84.51,85.4,89.25,10.93805556,78.44027778,CAVMSI_2026-05-02T05:30:00+0000_81.0450
CAVMSI,Cauvery at Musiri,Cauvery,2026-05-02 06:30:00+00:00,81.045,NORMAL,84.51,85.4,89.25,10.93805556,78.44027778,CAVMSI_2026-05-02T06:30:00+0000_81.0450
CAVMSI,Cauvery at Musiri,Cauvery,2026-05-02 07:30:00+00:00,81.17,NORMAL,84.51,85.4,89.25,10.93805556,78.44027778,CAVMSI_2026-05-02T07:30:00+0000_81.1700
CAVMSI,Cauvery at Musiri,Cauvery,2026-05-02 08:30:00+00:00,81.041,NORMAL,84.51,85.4,89.25,10.93805556,78.44027778,CAVMSI_2026-05-02T08:30:00+0000_81.0410
CAVMSI,Cauvery at Musiri,Cauvery,2026-05-02 09:30:00+00:00,81.043,NORMAL,84.51,85.4,89.25,10.93805556,78.44027778,CAVMSI_2026-05-02T09:30:00+0000_81.0430
CAVMSI,Cauvery at Musiri,Cauvery,2026-05-02 10:30:00+00:00,81.043,NORMAL,84.51,85.4,89.25,10.93805556,78.44027778,CAVMSI_2026-05-02T10:30:00+0000_81.0430
CAVMSI,Cauvery at Musiri,Cauvery,2026-05-02 11:30:00+00:00,81.17,NORMAL,84.51,85.4,89.25,10.93805556,78.44027778,CAVMSI_2026-05-02T11:30:00+0000_81.1700
CAVMSI,Cauvery at Musiri,Cauvery,2026-05-02 12:30:00+00:00,81.044,NORMAL,84.51,85.4,89.25,10.93805556,78.44027778,CAVMSI_2026-05-02T12:30:00+0000_81.0440
CAVMSI,Cauvery at Musiri,Cauvery,2026-05-02 13:30:00+00:00,81.045,NORMAL,84.51,85.4,89.25,10.93805556,78.44027778,CAVMSI_2026-05-02T13:30:00+0000_81.0450
CAVMSI,Cauvery at Musiri,Cauvery,2026-05-02 14:30:00+00:00,81.045,NORMAL,84.51,85.4,89.25,10.93805556,78.44027778,CAVMSI_2026-05-02T14:30:00+0000_81.0450
CAVMSI,Cauvery at Musiri,Cauvery,2026-05-02 17:30:00+00:00,81.045,NORMAL,84.51,85.4,89.25,10.93805556,78.44027778,CAVMSI_2026-05-02T17:30:00+0000_81.0450
CAVMSI,Cauvery at Musiri,Cauvery,2026-05-02 18:30:00+00:00,81.17,NORMAL,84.51,85.4,89.25,10.93805556,78.44027778,CAVMSI_2026-05-02T18:30:00+0000_81.1700
CAVMSI,Cauvery at Musiri,Cauvery,2026-05-02 19:30:00+00:00,81.045,NORMAL,84.51,85.4,89.25,10.93805556,78.44027778,CAVMSI_2026-05-02T19:30:00+0000_81.0450
CAVMSI,Cauvery at Musiri,Cauvery,2026-05-02 20:30:00+00:00,81.045,NORMAL,84.51,85.4,89.25,10.93805556,78.44027778,CAVMSI_2026-05-02T20:30:00+0000_81.0450
CAVMSI,Cauvery at Musiri,Cauvery,2026-05-02 21:30:00+00:00,81.17,NORMAL,84.51,85.4,89.25,10.93805556,78.44027778,CAVMSI_2026-05-02T21:30:00+0000_81.1700
CAVMSI,Cauvery at Musiri,Cauvery,2026-05-02 22:30:00+00:00,81.045,NORMAL,84.51,85.4,89.25,10.93805556,78.44027778,CAVMSI_2026-05-02T22:30:00+0000_81.0450
CAVMSI,Cauvery at Musiri,Cauvery,2026-05-09 22:30:00+00:00,81.046,NORMAL,84.51,85.4,89.25,10.93805556,78.44027778,CAVMSI_2026-05-09T22:30:00+0000_81.0460
CAVMSI,Cauvery at Musiri,Cauvery,2026-05-09 23:30:00+00:00,81.046,NORMAL,84.51,85.4,89.25,10.93805556,78.44027778,CAVMSI_2026-05-09T23:30:00+0000_81.0460
CAVMSI,Cauvery at Musiri,Cauvery,2026-05-10 00:30:00+00:00,81.17,NORMAL,84.51,85.4,89.25,10.93805556,78.44027778,CAVMSI_2026-05-10T00:30:00+0000_81.1700
CAVMSI,Cauvery at Musiri,Cauvery,2026-05-10 01:30:00+00:00,81.17,NORMAL,84.51,85.4,89.25,10.93805556,78.44027778,CAVMSI_2026-05-10T01:30:00+0000_81.1700
CAVMSI,Cauvery at Musiri,Cauvery,2026-05-10 02:30:00+00:00,81.17,NORMAL,84.51,85.4,89.25,10.93805556,78.44027778,CAVMSI_2026-05-10T02:30:00+0000_81.1700
CAVMSI,Cauvery at Musiri,Cauvery,2026-05-10 03:30:00+00:00,81.046,NORMAL,84.51,85.4,89.25,10.93805556,78.44027778,CAVMSI_2026-05-10T03:30:00+0000_81.0460
CAVMSI,Cauvery at Musiri,Cauvery,2026-05-10 04:30:00+00:00,81.17,NORMAL,84.51,85.4,89.25,10.93805556,78.44027778,CAVMSI_2026-05-10T04:30:00+0000_81.1700
CAVMSI,Cauvery at Musiri,Cauvery,2026-05-10 05:30:00+00:00,81.046,NORMAL,84.51,85.4,89.25,10.93805556,78.44027778,CAVMSI_2026-05-10T05:30:00+0000_81.0460
CAVMSI,Cauvery at Musiri,Cauvery,2026-05-10 06:30:00+00:00,81.17,NORMAL,84.51,85.4,89.25,10.93805556,78.44027778,CAVMSI_2026-05-10T06:30:00+0000_81.1700
CAVMSI,Cauvery at Musiri,Cauvery,2026-05-10 07:30:00+00:00,81.17,NORMAL,84.51,85.4,89.25,10.93805556,78.44027778,CAVMSI_2026-05-10T07:30:00+0000_81.1700
CAVMSI,Cauvery at Musiri,Cauvery,2026-05-10 08:30:00+00:00,81.042,NORMAL,84.51,85.4,89.25,10.93805556,78.44027778,CAVMSI_2026-05-10T08:30:00+0000_81.0420
CAVMSI,Cauvery at Musiri,Cauvery,2026-05-10 09:30:00+00:00,81.17,NORMAL,84.51,85.4,89.25,10.93805556,78.44027778,CAVMSI_2026-05-10T09:30:00+0000_81.1700
CAVMSI,Cauvery at Musiri,Cauvery,2026-05-10 10:30:00+00:00,81.044,NORMAL,84.51,85.4,89.25,10.93805556,78.44027778,CAVMSI_2026-05-10T10:30:00+0000_81.0440
CAVMSI,Cauvery at Musiri,Cauvery,2026-05-10 11:30:00+00:00,81.17,NORMAL,84.51,85.4,89.25,10.93805556,78.44027778,CAVMSI_2026-05-10T11:30:00+0000_81.1700
CAVMSI,Cauvery at Musiri,Cauvery,2026-05-10 12:30:00+00:00,81.17,NORMAL,84.51,85.4,89.25,10.93805556,78.44027778,CAVMSI_2026-05-10T12:30:00+0000_81.1700
CAVMSI,Cauvery at Musiri,Cauvery,2026-05-10 13:30:00+00:00,81.17,NORMAL,84.51,85.4,89.25,10.93805556,78.44027778,CAVMSI_2026-05-10T13:30:00+0000_81.1700
CAVMSI,Cauvery at Musiri,Cauvery,2026-05-10 14:30:00+00:00,81.045,NORMAL,84.51,85.4,89.25,10.93805556,78.44027778,CAVMSI_2026-05-10T14:30:00+0000_81.0450
CAVMSI,Cauvery at Musiri,Cauvery,2026-05-10 15:30:00+00:00,81.045,NORMAL,84.51,85.4,89.25,10.93805556,78.44027778,CAVMSI_2026-05-10T15:30:00+0000_81.0450
CAVMSI,Cauvery at Musiri,Cauvery,2026-05-10 16:30:00+00:00,81.17,NORMAL,84.51,85.4,89.25,10.93805556,78.44027778,CAVMSI_2026-05-10T16:30:00+0000_81.1700
CAVMSI,Cauvery at Musiri,Cauvery,2026-05-10 17:30:00+00:00,81.045,NORMAL,84.51,85.4,89.25,10.93805556,78.44027778,CAVMSI_2026-05-10T17:30:00+0000_81.0450
CAVMSI,Cauvery at Musiri,Cauvery,2026-05-10 18:30:00+00:00,81.17,NORMAL,84.51,85.4,89.25,10.93805556,78.44027778,CAVMSI_2026-05-10T18:30:00+0000_81.1700
CAVMSI,Cauvery at Musiri,Cauvery,2026-05-10 19:30:00+00:00,81.046,NORMAL,84.51,85.4,89.25,10.93805556,78.44027778,CAVMSI_2026-05-10T19:30:00+0000_81.0460
CAVMSI,Cauvery at Musiri,Cauvery,2026-05-10 20:30:00+00:00,81.046,NORMAL,84.51,85.4,89.25,10.93805556,78.44027778,CAVMSI_2026-05-10T20:30:00+0000_81.0460
CAVMSI,Cauvery at Musiri,Cauvery,2026-05-10 21:30:00+00:00,81.17,NORMAL,84.51,85.4,89.25,10.93805556,78.44027778,CAVMSI_2026-05-10T21:30:00+0000_81.1700
CAVMSI,Cauvery at Musiri,Cauvery,2026-05-10 22:30:00+00:00,81.046,NORMAL,84.51,85.4,89.25,10.93805556,78.44027778,CAVMSI_2026-05-10T22:30:00+0000_81.0460
CAVMSI,Cauvery at Musiri,Cauvery,2026-05-10 23:30:00+00:00,81.046,NORMAL,84.51,85.4,89.25,10.93805556,78.44027778,CAVMSI_2026-05-10T23:30:00+0000_81.0460
CAVMSI,Cauvery at Musiri,Cauvery,2026-05-11 00:30:00+00:00,81.17,NORMAL,84.51,85.4,89.25,10.93805556,78.44027778,CAVMSI_2026-05-11T00:30:00+0000_81.1700
CAVMSI,Cauvery at Musiri,Cauvery,2026-05-11 01:30:00+00:00,81.17,NORMAL,84.51,85.4,89.25,10.93805556,78.44027778,CAVMSI_2026-05-11T01:30:00+0000_81.1700
CAVMSI,Cauvery at Musiri,Cauvery,2026-05-11 02:30:00+00:00,81.17,NORMAL,84.51,85.4,89.25,10.93805556,78.44027778,CAVMSI_2026-05-11T02:30:00+0000_81.1700
CAVMSI,Cauvery at Musiri,Cauvery,2026-05-11 03:30:00+00:00,81.17,NORMAL,84.51,85.4,89.25,10.93805556,78.44027778,CAVMSI_2026-05-11T03:30:00+0000_81.1700
CAVMSI,Cauvery at Musiri,Cauvery,2026-05-11 04:30:00+00:00,81.043,NORMAL,84.51,85.4,89.25,10.93805556,78.44027778,CAVMSI_2026-05-11T04:30:00+0000_81.0430
CAVMSI,Cauvery at Musiri,Cauvery,2026-05-11 05:30:00+00:00,81.043,NORMAL,84.51,85.4,89.25,10.93805556,78.44027778,CAVMSI_2026-05-11T05:30:00+0000_81.0430
CAVMSI,Cauvery at Musiri,Cauvery,2026-05-11 06:30:00+00:00,81.17,NORMAL,84.51,85.4,89.25,10.93805556,78.44027778,CAVMSI_2026-05-11T06:30:00+0000_81.1700
CAVMSI,Cauvery at Musiri,Cauvery,2026-05-11 07:30:00+00:00,81.044,NORMAL,84.51,85.4,89.25,10.93805556,78.44027778,CAVMSI_2026-05-11T07:30:00+0000_81.0440
CAVMSI,Cauvery at Musiri,Cauvery,2026-05-11 08:30:00+00:00,81.044,NORMAL,84.51,85.4,89.25,10.93805556,78.44027778,CAVMSI_2026-05-11T08:30:00+0000_81.0440
CAVMSI,Cauvery at Musiri,Cauvery,2026-05-11 09:30:00+00:00,81.044,NORMAL,84.51,85.4,89.25,10.93805556,78.44027778,CAVMSI_2026-05-11T09:30:00+0000_81.0440
CAVMSI,Cauvery at Musiri,Cauvery,2026-05-11 10:30:00+00:00,81.17,NORMAL,84.51,85.4,89.25,10.93805556,78.44027778,CAVMSI_2026-05-11T10:30:00+0000_81.1700
CAVMSI,Cauvery at Musiri,Cauvery,2026-05-11 11:30:00+00:00,81.17,NORMAL,84.51,85.4,89.25,10.93805556,78.44027778,CAVMSI_2026-05-11T11:30:00+0000_81.1700
CAVMSI,Cauvery at Musiri,Cauvery,2026-05-11 12:30:00+00:00,81.045,NORMAL,84.51,85.4,89.25,10.93805556,78.44027778,CAVMSI_2026-05-11T12:30:00+0000_81.0450
CAVMSI,Cauvery at Musiri,Cauvery,2026-05-11 13:30:00+00:00,81.17,NORMAL,84.51,85.4,89.25,10.93805556,78.44027778,CAVMSI_2026-05-11T13:30:00+0000_81.1700
CAVMSI,Cauvery at Musiri,Cauvery,2026-05-11 14:30:00+00:00,81.17,NORMAL,84.51,85.4,89.25,10.93805556,78.44027778,CAVMSI_2026-05-11T14:30:00+0000_81.1700
CAVMSI,Cauvery at Musiri,Cauvery,2026-05-11 15:30:00+00:00,81.046,NORMAL,84.51,85.4,89.25,10.93805556,78.44027778,CAVMSI_2026-05-11T15:30:00+0000_81.0460
CAVMSI,Cauvery at Musiri,Cauvery,2026-05-11 16:30:00+00:00,81.17,NORMAL,84.51,85.4,89.25,10.93805556,78.44027778,CAVMSI_2026-05-11T16:30:00+0000_81.1700
CAVMSI,Cauvery at Musiri,Cauvery,2026-05-11 17:30:00+00:00,81.17,NORMAL,84.51,85.4,89.25,10.93805556,78.44027778,CAVMSI_2026-05-11T17:30:00+0000_81.1700
CAVMSI,Cauvery at Musiri,Cauvery,2026-05-11 18:30:00+00:00,81.046,NORMAL,84.51,85.4,89.25,10.93805556,78.44027778,CAVMSI_2026-05-11T18:30:00+0000_81.0460
CAVMSI,Cauvery at Musiri,Cauvery,2026-05-11 19:30:00+00:00,81.046,NORMAL,84.51,85.4,89.25,10.93805556,78.44027778,CAVMSI_2026-05-11T19:30:00+0000_81.0460
CAVMSI,Cauvery at Musiri,Cauvery,2026-05-11 20:30:00+00:00,81.046,NORMAL,84.51,85.4,89.25,10.93805556,78.44027778,CAVMSI_2026-05-11T20:30:00+0000_81.0460
CAVMSI,Cauvery at Musiri,Cauvery,2026-05-11 21:30:00+00:00,81.17,NORMAL,84.51,85.4,89.25,10.93805556,78.44027778,CAVMSI_2026-05-11T21:30:00+0000_81.1700
CAVMSI,Cauvery at Musiri,Cauvery,2026-05-11 22:30:00+00:00,81.046,NORMAL,84.51,85.4,89.25,10.93805556,78.44027778,CAVMSI_2026-05-11T22:30:00+0000_81.0460
CAVMSI,Cauvery at Musiri,Cauvery,2026-05-11 23:30:00+00:00,81.046,NORMAL,84.51,85.4,89.25,10.93805556,78.44027778,CAVMSI_2026-05-11T23:30:00+0000_81.0460
CAVMSI,Cauvery at Musiri,Cauvery,2026-05-12 00:30:00+00:00,81.17,NORMAL,84.51,85.4,89.25,10.93805556,78.44027778,CAVMSI_2026-05-12T00:30:00+0000_81.1700
CAVMSI,Cauvery at Musiri,Cauvery,2026-05-12 01:30:00+00:00,81.17,NORMAL,84.51,85.4,89.25,10.93805556,78.44027778,CAVMSI_2026-05-12T01:30:00+0000_81.1700
CAVMSI,Cauvery at Musiri,Cauvery,2026-05-12 02:30:00+00:00,81.17,NORMAL,84.51,85.4,89.25,10.93805556,78.44027778,CAVMSI_2026-05-12T02:30:00+0000_81.1700
CAVMSI,Cauvery at Musiri,Cauvery,2026-05-12 03:30:00+00:00,81.044,NORMAL,84.51,85.4,89.25,10.93805556,78.44027778,CAVMSI_2026-05-12T03:30:00+0000_81.0440
CAVMSI,Cauvery at Musiri,Cauvery,2026-05-12 04:30:00+00:00,81.17,NORMAL,84.51,85.4,89.25,10.93805556,78.44027778,CAVMSI_2026-05-12T04:30:00+0000_81.1700
CAVMSI,Cauvery at Musiri,Cauvery,2026-05-12 06:30:00+00:00,81.043,NORMAL,84.51,85.4,89.25,10.93805556,78.44027778,CAVMSI_2026-05-12T06:30:00+0000_81.0430
CAVMSI,Cauvery at Musiri,Cauvery,2026-05-12 07:30:00+00:00,81.043,NORMAL,84.51,85.4,89.25,10.93805556,78.44027778,CAVMSI_2026-05-12T07:30:00+0000_81.0430
CAVMSI,Cauvery at Musiri,Cauvery,2026-05-12 08:30:00+00:00,81.17,NORMAL,84.51,85.4,89.25,10.93805556,78.44027778,CAVMSI_2026-05-12T08:30:00+0000_81.1700
CAVMSI,Cauvery at Musiri,Cauvery,2026-05-12 09:30:00+00:00,81.043,NORMAL,84.51,85.4,89.25,10.93805556,78.44027778,CAVMSI_2026-05-12T09:30:00+0000_81.0430
CAVMSI,Cauvery at Musiri,Cauvery,2026-05-12 10:30:00+00:00,81.17,NORMAL,84.51,85.4,89.25,10.93805556,78.44027778,CAVMSI_2026-05-12T10:30:00+0000_81.1700
CAVMSI,Cauvery at Musiri,Cauvery,2026-05-12 11:30:00+00:00,81.17,NORMAL,84.51,85.4,89.25,10.93805556,78.44027778,CAVMSI_2026-05-12T11:30:00+0000_81.1700
CAVMSI,Cauvery at Musiri,Cauvery,2026-05-12 12:30:00+00:00,81.17,NORMAL,84.51,85.4,89.25,10.93805556,78.44027778,CAVMSI_2026-05-12T12:30:00+0000_81.1700
CAVMSI,Cauvery at Musiri,Cauvery,2026-05-12 13:30:00+00:00,81.17,NORMAL,84.51,85.4,89.25,10.93805556,78.44027778,CAVMSI_2026-05-12T13:30:00+0000_81.1700
CAVMSI,Cauvery at Musiri,Cauvery,2026-05-12 14:30:00+00:00,81.045,NORMAL,84.51,85.4,89.25,10.93805556,78.44027778,CAVMSI_2026-05-12T14:30:00+0000_81.0450
CAVMSI,Cauvery at Musiri,Cauvery,2026-05-12 15:30:00+00:00,81.17,NORMAL,84.51,85.4,89.25,10.93805556,78.44027778,CAVMSI_2026-05-12T15:30:00+0000_81.1700
CAVMSI,Cauvery at Musiri,Cauvery,2026-05-12 16:30:00+00:00,81.17,NORMAL,84.51,85.4,89.25,10.93805556,78.44027778,CAVMSI_2026-05-12T16:30:00+0000_81.1700
CAVMSI,Cauvery at Musiri,Cauvery,2026-05-12 17:30:00+00:00,81.17,NORMAL,84.51,85.4,89.25,10.93805556,78.44027778,CAVMSI_2026-05-12T17:30:00+0000_81.1700
CAVMSI,Cauvery at Musiri,Cauvery,2026-05-12 18:30:00+00:00,81.17,NORMAL,84.51,85.4,89.25,10.93805556,78.44027778,CAVMSI_2026-05-12T18:30:00+0000_81.1700
CAVMSI,Cauvery at Musiri,Cauvery,2026-05-12 19:30:00+00:00,81.17,NORMAL,84.51,85.4,89.25,10.93805556,78.44027778,CAVMSI_2026-05-12T19:30:00+0000_81.1700
CAVMSI,Cauvery at Musiri,Cauvery,2026-05-12 20:30:00+00:00,81.17,NORMAL,84.51,85.4,89.25,10.93805556,78.44027778,CAVMSI_2026-05-12T20:30:00+0000_81.1700
CAVMSI,Cauvery at Musiri,Cauvery,2026-05-12 21:30:00+00:00,81.17,NORMAL,84.51,85.4,89.25,10.93805556,78.44027778,CAVMSI_2026-05-12T21:30:00+0000_81.1700
CAVMSI,Cauvery at Musiri,Cauvery,2026-05-12 22:30:00+00:00,81.046,NORMAL,84.51,85.4,89.25,10.93805556,78.44027778,CAVMSI_2026-05-12T22:30:00+0000_81.0460
CAVMSI,Cauvery at Musiri,Cauvery,2026-05-12 23:30:00+00:00,81.046,NORMAL,84.51,85.4,89.25,10.93805556,78.44027778,CAVMSI_2026-05-12T23:30:00+0000_81.0460
CAVMSI,Cauvery at Musiri,Cauvery,2026-05-13 00:30:00+00:00,81.17,NORMAL,84.51,85.4,89.25,10.93805556,78.44027778,CAVMSI_2026-05-13T00:30:00+0000_81.1700
CAVMSI,Cauvery at Musiri,Cauvery,2026-05-13 01:30:00+00:00,81.17,NORMAL,84.51,85.4,89.25,10.93805556,78.44027778,CAVMSI_2026-05-13T01:30:00+0000_81.1700
CAVMSI,Cauvery at Musiri,Cauvery,2026-05-13 02:30:00+00:00,81.17,NORMAL,84.51,85.4,89.25,10.93805556,78.44027778,CAVMSI_2026-05-13T02:30:00+0000_81.1700
CAVMSI,Cauvery at Musiri,Cauvery,2026-05-13 03:30:00+00:00,81.17,NORMAL,84.51,85.4,89.25,10.93805556,78.44027778,CAVMSI_2026-05-13T03:30:00+0000_81.1700
CAVMSI,Cauvery at Musiri,Cauvery,2026-05-13 04:30:00+00:00,81.044,NORMAL,84.51,85.4,89.25,10.93805556,78.44027778,CAVMSI_2026-05-13T04:30:00+0000_81.0440
CAVMSI,Cauvery at Musiri,Cauvery,2026-05-13 05:30:00+00:00,81.17,NORMAL,84.51,85.4,89.25,10.93805556,78.44027778,CAVMSI_2026-05-13T05:30:00+0000_81.1700
CAVMSI,Cauvery at Musiri,Cauvery,2026-05-13 06:30:00+00:00,81.17,NORMAL,84.51,85.4,89.25,10.93805556,78.44027778,CAVMSI_2026-05-13T06:30:00+0000_81.1700
CAVMSI,Cauvery at Musiri,Cauvery,2026-05-13 07:30:00+00:00,81.046,NORMAL,84.51,85.4,89.25,10.93805556,78.44027778,CAVMSI_2026-05-13T07:30:00+0000_81.0460
CAVMSI,Cauvery at Musiri,Cauvery,2026-05-13 08:30:00+00:00,81.17,NORMAL,84.51,85.4,89.25,10.93805556,78.44027778,CAVMSI_2026-05-13T08:30:00+0000_81.1700
CAVMSI,Cauvery at Musiri,Cauvery,2026-05-13 09:30:00+00:00,81.045,NORMAL,84.51,85.4,89.25,10.93805556,78.44027778,CAVMSI_2026-05-13T09:30:00+0000_81.0450
CAVMSI,Cauvery at Musiri,Cauvery,2026-05-13 10:30:00+00:00,81.045,NORMAL,84.51,85.4,89.25,10.93805556,78.44027778,CAVMSI_2026-05-13T10:30:00+0000_81.0450
CAVMSI,Cauvery at Musiri,Cauvery,2026-05-13 11:30:00+00:00,81.17,NORMAL,84.51,85.4,89.25,10.93805556,78.44027778,CAVMSI_2026-05-13T11:30:00+0000_81.1700
CAVMSI,Cauvery at Musiri,Cauvery,2026-05-13 12:30:00+00:00,81.17,NORMAL,84.51,85.4,89.25,10.93805556,78.44027778,CAVMSI_2026-05-13T12:30:00+0000_81.1700
CAVMSI,Cauvery at Musiri,Cauvery,2026-05-13 13:30:00+00:00,81.17,NORMAL,84.51,85.4,89.25,10.93805556,78.44027778,CAVMSI_2026-05-13T13:30:00+0000_81.1700
CAVMSI,Cauvery at Musiri,Cauvery,2026-05-13 14:30:00+00:00,81.17,NORMAL,84.51,85.4,89.25,10.93805556,78.44027778,CAVMSI_2026-05-13T14:30:00+0000_81.1700
CAVMSI,Cauvery at Musiri,Cauvery,2026-05-13 15:30:00+00:00,81.045,NORMAL,84.51,85.4,89.25,10.93805556,78.44027778,CAVMSI_2026-05-13T15:30:00+0000_81.0450
CAVMSI,Cauvery at Musiri,Cauvery,2026-05-13 16:30:00+00:00,81.17,NORMAL,84.51,85.4,89.25,10.93805556,78.44027778,CAVMSI_2026-05-13T16:30:00+0000_81.1700
CAVMSI,Cauvery at Musiri,Cauvery,2026-05-13 17:30:00+00:00,81.17,NORMAL,84.51,85.4,89.25,10.93805556,78.44027778,CAVMSI_2026-05-13T17:30:00+0000_81.1700
CAVMSI,Cauvery at Musiri,Cauvery,2026-05-13 18:30:00+00:00,81.17,NORMAL,84.51,85.4,89.25,10.93805556,78.44027778,CAVMSI_2026-05-13T18:30:00+0000_81.1700
CAVMSI,Cauvery at Musiri,Cauvery,2026-05-13 19:30:00+00:00,81.17,NORMAL,84.51,85.4,89.25,10.93805556,78.44027778,CAVMSI_2026-05-13T19:30:00+0000_81.1700
CAVMSI,Cauvery at Musiri,Cauvery,2026-05-13 20:30:00+00:00,81.17,NORMAL,84.51,85.4,89.25,10.93805556,78.44027778,CAVMSI_2026-05-13T20:30:00+0000_81.1700
CAVMSI,Cauvery at Musiri,Cauvery,2026-05-13 21:30:00+00:00,81.17,NORMAL,84.51,85.4,89.25,10.93805556,78.44027778,CAVMSI_2026-05-13T21:30:00+0000_81.1700
CAVMSI,Cauvery at Musiri,Cauvery,2026-05-13 22:30:00+00:00,81.046,NORMAL,84.51,85.4,89.25,10.93805556,78.44027778,CAVMSI_2026-05-13T22:30:00+0000_81.0460
CAVMSI,Cauvery at Musiri,Cauvery,2026-05-13 23:30:00+00:00,81.046,NORMAL,84.51,85.4,89.25,10.93805556,78.44027778,CAVMSI_2026-05-13T23:30:00+0000_81.0460
CAVMSI,Cauvery at Musiri,Cauvery,2026-05-14 00:30:00+00:00,81.046,NORMAL,84.51,85.4,89.25,10.93805556,78.44027778,CAVMSI_2026-05-14T00:30:00+0000_81.0460
CAVMSI,Cauvery at Musiri,Cauvery,2026-05-14 01:30:00+00:00,81.046,NORMAL,84.51,85.4,89.25,10.93805556,78.44027778,CAVMSI_2026-05-14T01:30:00+0000_81.0460
CAVMSI,Cauvery at Musiri,Cauvery,2026-05-14 02:30:00+00:00,81.046,NORMAL,84.51,85.4,89.25,10.93805556,78.44027778,CAVMSI_2026-05-14T02:30:00+0000_81.0460
CAVMSI,Cauvery at Musiri,Cauvery,2026-05-14 03:30:00+00:00,81.17,NORMAL,84.51,85.4,89.25,10.93805556,78.44027778,CAVMSI_2026-05-14T03:30:00+0000_81.1700
CAVMSI,Cauvery at Musiri,Cauvery,2026-05-14 04:30:00+00:00,81.045,NORMAL,84.51,85.4,89.25,10.93805556,78.44027778,CAVMSI_2026-05-14T04:30:00+0000_81.0450
CAVMSI,Cauvery at Musiri,Cauvery,2026-05-14 05:30:00+00:00,81.043,NORMAL,84.51,85.4,89.25,10.93805556,78.44027778,CAVMSI_2026-05-14T05:30:00+0000_81.0430
CAVMSI,Cauvery at Musiri,Cauvery,2026-05-14 06:30:00+00:00,81.043,NORMAL,84.51,85.4,89.25,10.93805556,78.44027778,CAVMSI_2026-05-14T06:30:00+0000_81.0430
CAVMSI,Cauvery at Musiri,Cauvery,2026-05-14 07:30:00+00:00,81.17,NORMAL,84.51,85.4,89.25,10.93805556,78.44027778,CAVMSI_2026-05-14T07:30:00+0000_81.1700
CAVMSI,Cauvery at Musiri,Cauvery,2026-05-14 08:30:00+00:00,81.045,NORMAL,84.51,85.4,89.25,10.93805556,78.44027778,CAVMSI_2026-05-14T08:30:00+0000_81.0450
CAVMSI,Cauvery at Musiri,Cauvery,2026-05-14 09:30:00+00:00,81.045,NORMAL,84.51,85.4,89.25,10.93805556,78.44027778,CAVMSI_2026-05-14T09:30:00+0000_81.0450
CAVMSI,Cauvery at Musiri,Cauvery,2026-05-14 10:30:00+00:00,81.045,NORMAL,84.51,85.4,89.25,10.93805556,78.44027778,CAVMSI_2026-05-14T10:30:00+0000_81.0450
CAVMSI,Cauvery at Musiri,Cauvery,2026-05-14 11:30:00+00:00,81.046,NORMAL,84.51,85.4,89.25,10.93805556,78.44027778,CAVMSI_2026-05-14T11:30:00+0000_81.0460
CAVMSI,Cauvery at Musiri,Cauvery,2026-05-14 12:30:00+00:00,81.046,NORMAL,84.51,85.4,89.25,10.93805556,78.44027778,CAVMSI_2026-05-14T12:30:00+0000_81.0460
CAVMSI,Cauvery at Musiri,Cauvery,2026-05-14 13:30:00+00:00,81.047,NORMAL,84.51,85.4,89.25,10.93805556,78.44027778,CAVMSI_2026-05-14T13:30:00+0000_81.0470
CAVMSI,Cauvery at Musiri,Cauvery,2026-05-14 14:30:00+00:00,81.046,NORMAL,84.51,85.4,89.25,10.93805556,78.44027778,CAVMSI_2026-05-14T14:30:00+0000_81.0460
CAVMSI,Cauvery at Musiri,Cauvery,2026-05-14 15:30:00+00:00,81.046,NORMAL,84.51,85.4,89.25,10.93805556,78.44027778,CAVMSI_2026-05-14T15:30:00+0000_81.0460
CAVMSI,Cauvery at Musiri,Cauvery,2026-05-14 16:30:00+00:00,81.047,NORMAL,84.51,85.4,89.25,10.93805556,78.44027778,CAVMSI_2026-05-14T16:30:00+0000_81.0470
CAVMSI,Cauvery at Musiri,Cauvery,2026-05-14 17:30:00+00:00,81.046,NORMAL,84.51,85.4,89.25,10.93805556,78.44027778,CAVMSI_2026-05-14T17:30:00+0000_81.0460
CAVMSI,Cauvery at Musiri,Cauvery,2026-05-14 18:30:00+00:00,81.046,NORMAL,84.51,85.4,89.25,10.93805556,78.44027778,CAVMSI_2026-05-14T18:30:00+0000_81.0460
CAVMSI,Cauvery at Musiri,Cauvery,2026-05-14 19:30:00+00:00,81.046,NORMAL,84.51,85.4,89.25,10.93805556,78.44027778,CAVMSI_2026-05-14T19:30:00+0000_81.0460
CAVMSI,Cauvery at Musiri,Cauvery,2026-05-14 20:30:00+00:00,81.046,NORMAL,84.51,85.4,89.25,10.93805556,78.44027778,CAVMSI_2026-05-14T20:30:00+0000_81.0460
CAVMSI,Cauvery at Musiri,Cauvery,2026-05-14 21:30:00+00:00,81.047,NORMAL,84.51,85.4,89.25,10.93805556,78.44027778,CAVMSI_2026-05-14T21:30:00+0000_81.0470
CAVMSI,Cauvery at Musiri,Cauvery,2026-05-14 22:30:00+00:00,81.046,NORMAL,84.51,85.4,89.25,10.93805556,78.44027778,CAVMSI_2026-05-14T22:30:00+0000_81.0460
CAVMSI,Cauvery at Musiri,Cauvery,2026-05-14 23:30:00+00:00,81.046,NORMAL,84.51,85.4,89.25,10.93805556,78.44027778,CAVMSI_2026-05-14T23:30:00+0000_81.0460
CAVMSI,Cauvery at Musiri,Cauvery,2026-05-15 00:30:00+00:00,81.046,NORMAL,84.51,85.4,89.25,10.93805556,78.44027778,CAVMSI_2026-05-15T00:30:00+0000_81.0460
CAVMSI,Cauvery at Musiri,Cauvery,2026-05-15 01:30:00+00:00,81.046,NORMAL,84.51,85.4,89.25,10.93805556,78.44027778,CAVMSI_2026-05-15T01:30:00+0000_81.0460
CAVMSI,Cauvery at Musiri,Cauvery,2026-05-15 02:30:00+00:00,81.047,NORMAL,84.51,85.4,89.25,10.93805556,78.44027778,CAVMSI_2026-05-15T02:30:00+0000_81.0470
CAVMSI,Cauvery at Musiri,Cauvery,2026-05-15 03:30:00+00:00,81.046,NORMAL,84.51,85.4,89.25,10.93805556,78.44027778,CAVMSI_2026-05-15T03:30:00+0000_81.0460
CAVMSI,Cauvery at Musiri,Cauvery,2026-05-15 04:30:00+00:00,81.046,NORMAL,84.51,85.4,89.25,10.93805556,78.44027778,CAVMSI_2026-05-15T04:30:00+0000_81.0460
CAVMSI,Cauvery at Musiri,Cauvery,2026-05-15 05:30:00+00:00,81.046,NORMAL,84.51,85.4,89.25,10.93805556,78.44027778,CAVMSI_2026-05-15T05:30:00+0000_81.0460
CAVMSI,Cauvery at Musiri,Cauvery,2026-05-15 06:30:00+00:00,81.046,NORMAL,84.51,85.4,89.25,10.93805556,78.44027778,CAVMSI_2026-05-15T06:30:00+0000_81.0460
CAVMSI,Cauvery at Musiri,Cauvery,2026-05-15 07:30:00+00:00,81.046,NORMAL,84.51,85.4,89.25,10.93805556,78.44027778,CAVMSI_2026-05-15T07:30:00+0000_81.0460
CAVMSI,Cauvery at Musiri,Cauvery,2026-05-15 08:30:00+00:00,81.046,NORMAL,84.51,85.4,89.25,10.93805556,78.44027778,CAVMSI_2026-05-15T08:30:00+0000_81.0460
CAVMSI,Cauvery at Musiri,Cauvery,2026-05-15 09:30:00+00:00,81.047,NORMAL,84.51,85.4,89.25,10.93805556,78.44027778,CAVMSI_2026-05-15T09:30:00+0000_81.0470
CAVMSI,Cauvery at Musiri,Cauvery,2026-05-15 10:30:00+00:00,81.046,NORMAL,84.51,85.4,89.25,10.93805556,78.44027778,CAVMSI_2026-05-15T10:30:00+0000_81.0460
CAVMSI,Cauvery at Musiri,Cauvery,2026-05-15 11:30:00+00:00,81.046,NORMAL,84.51,85.4,89.25,10.93805556,78.44027778,CAVMSI_2026-05-15T11:30:00+0000_81.0460
CAVMSI,Cauvery at Musiri,Cauvery,2026-05-15 12:30:00+00:00,81.046,NORMAL,84.51,85.4,89.25,10.93805556,78.44027778,CAVMSI_2026-05-15T12:30:00+0000_81.0460
CAVMSI,Cauvery at Musiri,Cauvery,2026-05-15 13:30:00+00:00,81.046,NORMAL,84.51,85.4,89.25,10.93805556,78.44027778,CAVMSI_2026-05-15T13:30:00+0000_81.0460
CAVMSI,Cauvery at Musiri,Cauvery,2026-05-15 14:30:00+00:00,81.046,NORMAL,84.51,85.4,89.25,10.93805556,78.44027778,CAVMSI_2026-05-15T14:30:00+0000_81.0460
CAVMSI,Cauvery at Musiri,Cauvery,2026-05-15 15:30:00+00:00,81.046,NORMAL,84.51,85.4,89.25,10.93805556,78.44027778,CAVMSI_2026-05-15T15:30:00+0000_81.0460
CAVMSI,Cauvery at Musiri,Cauvery,2026-05-15 16:30:00+00:00,81.047,NORMAL,84.51,85.4,89.25,10.93805556,78.44027778,CAVMSI_2026-05-15T16:30:00+0000_81.0470
CAVMSI,Cauvery at Musiri,Cauvery,2026-05-15 17:30:00+00:00,81.046,NORMAL,84.51,85.4,89.25,10.93805556,78.44027778,CAVMSI_2026-05-15T17:30:00+0000_81.0460
CAVMSI,Cauvery at Musiri,Cauvery,2026-05-15 18:30:00+00:00,81.046,NORMAL,84.51,85.4,89.25,10.93805556,78.44027778,CAVMSI_2026-05-15T18:30:00+0000_81.0460
CAVMSI,Cauvery at Musiri,Cauvery,2026-05-15 19:30:00+00:00,81.045,NORMAL,84.51,85.4,89.25,10.93805556,78.44027778,CAVMSI_2026-05-15T19:30:00+0000_81.0450
CAVMSI,Cauvery at Musiri,Cauvery,2026-05-15 20:30:00+00:00,81.046,NORMAL,84.51,85.4,89.25,10.93805556,78.44027778,CAVMSI_2026-05-15T20:30:00+0000_81.0460
CAVMSI,Cauvery at Musiri,Cauvery,2026-05-15 21:30:00+00:00,81.046,NORMAL,84.51,85.4,89.25,10.93805556,78.44027778,CAVMSI_2026-05-15T21:30:00+0000_81.0460
CAVMSI,Cauvery at Musiri,Cauvery,2026-05-15 22:30:00+00:00,81.046,NORMAL,84.51,85.4,89.25,10.93805556,78.44027778,CAVMSI_2026-05-15T22:30:00+0000_81.0460
CAVMSI,Cauvery at Musiri,Cauvery,2026-05-15 23:30:00+00:00,81.046,NORMAL,84.51,85.4,89.25,10.93805556,78.44027778,CAVMSI_2026-05-15T23:30:00+0000_81.0460
CAVMSI,Cauvery at Musiri,Cauvery,2026-05-16 00:30:00+00:00,81.046,NORMAL,84.51,85.4,89.25,10.93805556,78.44027778,CAVMSI_2026-05-16T00:30:00+0000_81.0460
CAVMSI,Cauvery at Musiri,Cauvery,2026-05-16 01:30:00+00:00,81.046,NORMAL,84.51,85.4,89.25,10.93805556,78.44027778,CAVMSI_2026-05-16T01:30:00+0000_81.0460
CAVMSI,Cauvery at Musiri,Cauvery,2026-05-16 02:30:00+00:00,81.045,NORMAL,84.51,85.4,89.25,10.93805556,78.44027778,CAVMSI_2026-05-16T02:30:00+0000_81.0450
CAVMSI,Cauvery at Musiri,Cauvery,2026-05-16 03:30:00+00:00,81.045,NORMAL,84.51,85.4,89.25,10.93805556,78.44027778,CAVMSI_2026-05-16T03:30:00+0000_81.0450
CAVMSI,Cauvery at Musiri,Cauvery,2026-05-16 04:30:00+00:00,81.045,NORMAL,84.51,85.4,89.25,10.93805556,78.44027778,CAVMSI_2026-05-16T04:30:00+0000_81.0450
CAVMSI,Cauvery at Musiri,Cauvery,2026-05-16 05:30:00+00:00,81.043,NORMAL,84.51,85.4,89.25,10.93805556,78.44027778,CAVMSI_2026-05-16T05:30:00+0000_81.0430
CAVMSI,Cauvery at Musiri,Cauvery,2026-05-16 06:30:00+00:00,81.042,NORMAL,84.51,85.4,89.25,10.93805556,78.44027778,CAVMSI_2026-05-16T06:30:00+0000_81.0420
CAVMSI,Cauvery at Musiri,Cauvery,2026-05-16 07:30:00+00:00,81.045,NORMAL,84.51,85.4,89.25,10.93805556,78.44027778,CAVMSI_2026-05-16T07:30:00+0000_81.0450
CAVMSI,Cauvery at Musiri,Cauvery,2026-05-16 08:30:00+00:00,81.045,NORMAL,84.51,85.4,89.25,10.93805556,78.44027778,CAVMSI_2026-05-16T08:30:00+0000_81.0450
CAVMSI,Cauvery at Musiri,Cauvery,2026-05-16 09:30:00+00:00,81.045,NORMAL,84.51,85.4,89.25,10.93805556,78.44027778,CAVMSI_2026-05-16T09:30:00+0000_81.0450
CAVMSI,Cauvery at Musiri,Cauvery,2026-05-16 10:30:00+00:00,81.045,NORMAL,84.51,85.4,89.25,10.93805556,78.44027778,CAVMSI_2026-05-16T10:30:00+0000_81.0450
CAVMSI,Cauvery at Musiri,Cauvery,2026-05-16 11:30:00+00:00,81.046,NORMAL,84.51,85.4,89.25,10.93805556,78.44027778,CAVMSI_2026-05-16T11:30:00+0000_81.0460
CAVMSI,Cauvery at Musiri,Cauvery,2026-05-16 12:30:00+00:00,81.046,NORMAL,84.51,85.4,89.25,10.93805556,78.44027778,CAVMSI_2026-05-16T12:30:00+0000_81.0460
CAVMSI,Cauvery at Musiri,Cauvery,2026-05-16 13:30:00+00:00,81.046,NORMAL,84.51,85.4,89.25,10.93805556,78.44027778,CAVMSI_2026-05-16T13:30:00+0000_81.0460
CAVMSI,Cauvery at Musiri,Cauvery,2026-05-16 14:30:00+00:00,81.046,NORMAL,84.51,85.4,89.25,10.93805556,78.44027778,CAVMSI_2026-05-16T14:30:00+0000_81.0460
CAVMSI,Cauvery at Musiri,Cauvery,2026-05-16 15:30:00+00:00,81.046,NORMAL,84.51,85.4,89.25,10.93805556,78.44027778,CAVMSI_2026-05-16T15:30:00+0000_81.0460
CAVMSI,Cauvery at Musiri,Cauvery,2026-05-16 16:30:00+00:00,81.046,NORMAL,84.51,85.4,89.25,10.93805556,78.44027778,CAVMSI_2026-05-16T16:30:00+0000_81.0460
CAVMSI,Cauvery at Musiri,Cauvery,2026-05-16 17:30:00+00:00,81.046,NORMAL,84.51,85.4,89.25,10.93805556,78.44027778,CAVMSI_2026-05-16T17:30:00+0000_81.0460
CAVMSI,Cauvery at Musiri,Cauvery,2026-05-16 18:30:00+00:00,81.046,NORMAL,84.51,85.4,89.25,10.93805556,78.44027778,CAVMSI_2026-05-16T18:30:00+0000_81.0460
CAVMSI,Cauvery at Musiri,Cauvery,2026-05-16 19:30:00+00:00,81.046,NORMAL,84.51,85.4,89.25,10.93805556,78.44027778,CAVMSI_2026-05-16T19:30:00+0000_81.0460
CAVMSI,Cauvery at Musiri,Cauvery,2026-05-16 20:30:00+00:00,81.046,NORMAL,84.51,85.4,89.25,10.93805556,78.44027778,CAVMSI_2026-05-16T20:30:00+0000_81.0460
CAVMSI,Cauvery at Musiri,Cauvery,2026-05-16 21:30:00+00:00,81.046,NORMAL,84.51,85.4,89.25,10.93805556,78.44027778,CAVMSI_2026-05-16T21:30:00+0000_81.0460
CAVMSI,Cauvery at Musiri,Cauvery,2026-05-16 22:30:00+00:00,81.046,NORMAL,84.51,85.4,89.25,10.93805556,78.44027778,CAVMSI_2026-05-16T22:30:00+0000_81.0460
CAVMSI,Cauvery at Musiri,Cauvery,2026-05-16 23:30:00+00:00,81.047,NORMAL,84.51,85.4,89.25,10.93805556,78.44027778,CAVMSI_2026-05-16T23:30:00+0000_81.0470
CAVMSI,Cauvery at Musiri,Cauvery,2026-05-17 00:30:00+00:00,81.047,NORMAL,84.51,85.4,89.25,10.93805556,78.44027778,CAVMSI_2026-05-17T00:30:00+0000_81.0470
CAVMSI,Cauvery at Musiri,Cauvery,2026-05-17 01:30:00+00:00,81.046,NORMAL,84.51,85.4,89.25,10.93805556,78.44027778,CAVMSI_2026-05-17T01:30:00+0000_81.0460
CAVMSI,Cauvery at Musiri,Cauvery,2026-05-17 02:30:00+00:00,81.045,NORMAL,84.51,85.4,89.25,10.93805556,78.44027778,CAVMSI_2026-05-17T02:30:00+0000_81.0450
CAVMSI,Cauvery at Musiri,Cauvery,2026-05-17 03:30:00+00:00,81.043,NORMAL,84.51,85.4,89.25,10.93805556,78.44027778,CAVMSI_2026-05-17T03:30:00+0000_81.0430
CAVMSI,Cauvery at Musiri,Cauvery,2026-05-17 04:30:00+00:00,81.044,NORMAL,84.51,85.4,89.25,10.93805556,78.44027778,CAVMSI_2026-05-17T04:30:00+0000_81.0440
CAVMSI,Cauvery at Musiri,Cauvery,2026-05-17 05:30:00+00:00,81.044,NORMAL,84.51,85.4,89.25,10.93805556,78.44027778,CAVMSI_2026-05-17T05:30:00+0000_81.0440
CAVMSI,Cauvery at Musiri,Cauvery,2026-05-17 06:30:00+00:00,81.045,NORMAL,84.51,85.4,89.25,10.93805556,78.44027778,CAVMSI_2026-05-17T06:30:00+0000_81.0450
CAVMSI,Cauvery at Musiri,Cauvery,2026-05-17 07:30:00+00:00,81.042,NORMAL,84.51,85.4,89.25,10.93805556,78.44027778,CAVMSI_2026-05-17T07:30:00+0000_81.0420
CAVMSI,Cauvery at Musiri,Cauvery,2026-05-17 08:30:00+00:00,81.045,NORMAL,84.51,85.4,89.25,10.93805556,78.44027778,CAVMSI_2026-05-17T08:30:00+0000_81.0450
CAVMSI,Cauvery at Musiri,Cauvery,2026-05-17 09:30:00+00:00,156.045,HIGH_FLOOD_EXCEEDED,84.51,85.4,89.25,10.93805556,78.44027778,CAVMSI_2026-05-17T09:30:00+0000_156.0450
CAVMSI,Cauvery at Musiri,Cauvery,2026-05-17 10:30:00+00:00,81.045,NORMAL,84.51,85.4,89.25,10.93805556,78.44027778,CAVMSI_2026-05-17T10:30:00+0000_81.0450
CAVMSI,Cauvery at Musiri,Cauvery,2026-05-17 11:30:00+00:00,81.046,NORMAL,84.51,85.4,89.25,10.93805556,78.44027778,CAVMSI_2026-05-17T11:30:00+0000_81.0460
CAVMSI,Cauvery at Musiri,Cauvery,2026-05-17 12:30:00+00:00,81.046,NORMAL,84.51,85.4,89.25,10.93805556,78.44027778,CAVMSI_2026-05-17T12:30:00+0000_81.0460
CAVMSI,Cauvery at Musiri,Cauvery,2026-05-17 13:30:00+00:00,81.046,NORMAL,84.51,85.4,89.25,10.93805556,78.44027778,CAVMSI_2026-05-17T13:30:00+0000_81.0460
CAVMSI,Cauvery at Musiri,Cauvery,2026-05-17 14:30:00+00:00,81.046,NORMAL,84.51,85.4,89.25,10.93805556,78.44027778,CAVMSI_2026-05-17T14:30:00+0000_81.0460
CAVMSI,Cauvery at Musiri,Cauvery,2026-05-17 15:30:00+00:00,81.046,NORMAL,84.51,85.4,89.25,10.93805556,78.44027778,CAVMSI_2026-05-17T15:30:00+0000_81.0460
CAVMSI,Cauvery at Musiri,Cauvery,2026-05-17 16:30:00+00:00,81.046,NORMAL,84.51,85.4,89.25,10.93805556,78.44027778,CAVMSI_2026-05-17T16:30:00+0000_81.0460
CAVMSI,Cauvery at Musiri,Cauvery,2026-05-17 17:30:00+00:00,81.046,NORMAL,84.51,85.4,89.25,10.93805556,78.44027778,CAVMSI_2026-05-17T17:30:00+0000_81.0460
CAVMSI,Cauvery at Musiri,Cauvery,2026-05-17 18:30:00+00:00,81.046,NORMAL,84.51,85.4,89.25,10.93805556,78.44027778,CAVMSI_2026-05-17T18:30:00+0000_81.0460
CAVMSI,Cauvery at Musiri,Cauvery,2026-05-17 19:30:00+00:00,81.046,NORMAL,84.51,85.4,89.25,10.93805556,78.44027778,CAVMSI_2026-05-17T19:30:00+0000_81.0460
CAVMSI,Cauvery at Musiri,Cauvery,2026-05-17 20:30:00+00:00,81.046,NORMAL,84.51,85.4,89.25,10.93805556,78.44027778,CAVMSI_2026-05-17T20:30:00+0000_81.0460
CAVMSI,Cauvery at Musiri,Cauvery,2026-05-17 21:30:00+00:00,81.047,NORMAL,84.51,85.4,89.25,10.93805556,78.44027778,CAVMSI_2026-05-17T21:30:00+0000_81.0470
CAVMSI,Cauvery at Musiri,Cauvery,2026-05-17 22:30:00+00:00,81.047,NORMAL,84.51,85.4,89.25,10.93805556,78.44027778,CAVMSI_2026-05-17T22:30:00+0000_81.0470
CAVMSI,Cauvery at Musiri,Cauvery,2026-05-17 23:30:00+00:00,81.047,NORMAL,84.51,85.4,89.25,10.93805556,78.44027778,CAVMSI_2026-05-17T23:30:00+0000_81.0470
CAVMSI,Cauvery at Musiri,Cauvery,2026-05-18 00:30:00+00:00,81.047,NORMAL,84.51,85.4,89.25,10.93805556,78.44027778,CAVMSI_2026-05-18T00:30:00+0000_81.0470
CAVMSI,Cauvery at Musiri,Cauvery,2026-05-18 01:30:00+00:00,81.046,NORMAL,84.51,85.4,89.25,10.93805556,78.44027778,CAVMSI_2026-05-18T01:30:00+0000_81.0460
CAVMSI,Cauvery at Musiri,Cauvery,2026-05-18 03:30:00+00:00,81.044,NORMAL,84.51,85.4,89.25,10.93805556,78.44027778,CAVMSI_2026-05-18T03:30:00+0000_81.0440
CAVMSI,Cauvery at Musiri,Cauvery,2026-05-18 04:30:00+00:00,81.044,NORMAL,84.51,85.4,89.25,10.93805556,78.44027778,CAVMSI_2026-05-18T04:30:00+0000_81.0440
CAVMSI,Cauvery at Musiri,Cauvery,2026-05-18 05:30:00+00:00,81.043,NORMAL,84.51,85.4,89.25,10.93805556,78.44027778,CAVMSI_2026-05-18T05:30:00+0000_81.0430
CAVMSI,Cauvery at Musiri,Cauvery,2026-05-18 06:30:00+00:00,81.17,NORMAL,84.51,85.4,89.25,10.93805556,78.44027778,CAVMSI_2026-05-18T06:30:00+0000_81.1700
CAVMSI,Cauvery at Musiri,Cauvery,2026-05-20 22:30:00+00:00,81.047,NORMAL,84.51,85.4,89.25,10.93805556,78.44027778,CAVMSI_2026-05-20T22:30:00+0000_81.0470
CAVMSI,Cauvery at Musiri,Cauvery,2026-05-20 23:30:00+00:00,81.17,NORMAL,84.51,85.4,89.25,10.93805556,78.44027778,CAVMSI_2026-05-20T23:30:00+0000_81.1700
CAVMSI,Cauvery at Musiri,Cauvery,2026-05-21 00:30:00+00:00,81.047,NORMAL,84.51,85.4,89.25,10.93805556,78.44027778,CAVMSI_2026-05-21T00:30:00+0000_81.0470
CAVMSI,Cauvery at Musiri,Cauvery,2026-05-21 01:30:00+00:00,81.17,NORMAL,84.51,85.4,89.25,10.93805556,78.44027778,CAVMSI_2026-05-21T01:30:00+0000_81.1700
CAVMSI,Cauvery at Musiri,Cauvery,2026-05-21 02:30:00+00:00,81.047,NORMAL,84.51,85.4,89.25,10.93805556,78.44027778,CAVMSI_2026-05-21T02:30:00+0000_81.0470
CAVMSI,Cauvery at Musiri,Cauvery,2026-05-21 03:30:00+00:00,81.17,NORMAL,84.51,85.4,89.25,10.93805556,78.44027778,CAVMSI_2026-05-21T03:30:00+0000_81.1700
CAVMSI,Cauvery at Musiri,Cauvery,2026-05-21 04:30:00+00:00,,,84.51,85.4,89.25,10.93805556,78.44027778,CAVMSI_2026-05-21T04:30:00+0000_
CAVMSI,Cauvery at Musiri,Cauvery,2026-05-22 22:30:00+00:00,81.047,NORMAL,84.51,85.4,89.25,10.93805556,78.44027778,CAVMSI_2026-05-22T22:30:00+0000_81.0470
CAVMSI,Cauvery at Musiri,Cauvery,2026-05-22 23:30:00+00:00,81.17,NORMAL,84.51,85.4,89.25,10.93805556,78.44027778,CAVMSI_2026-05-22T23:30:00+0000_81.1700
CAVMSI,Cauvery at Musiri,Cauvery,2026-05-23 00:30:00+00:00,81.17,NORMAL,84.51,85.4,89.25,10.93805556,78.44027778,CAVMSI_2026-05-23T00:30:00+0000_81.1700
CAVMSI,Cauvery at Musiri,Cauvery,2026-05-23 01:30:00+00:00,81.17,NORMAL,84.51,85.4,89.25,10.93805556,78.44027778,CAVMSI_2026-05-23T01:30:00+0000_81.1700
CAVMSI,Cauvery at Musiri,Cauvery,2026-05-23 02:30:00+00:00,81.17,NORMAL,84.51,85.4,89.25,10.93805556,78.44027778,CAVMSI_2026-05-23T02:30:00+0000_81.1700
CAVMSI,Cauvery at Musiri,Cauvery,2026-05-23 03:30:00+00:00,81.17,NORMAL,84.51,85.4,89.25,10.93805556,78.44027778,CAVMSI_2026-05-23T03:30:00+0000_81.1700
CAVMSI,Cauvery at Musiri,Cauvery,2026-05-23 04:30:00+00:00,81.17,NORMAL,84.51,85.4,89.25,10.93805556,78.44027778,CAVMSI_2026-05-23T04:30:00+0000_81.1700
CAVMSI,Cauvery at Musiri,Cauvery,2026-05-23 05:30:00+00:00,81.17,NORMAL,84.51,85.4,89.25,10.93805556,78.44027778,CAVMSI_2026-05-23T05:30:00+0000_81.1700
CAVMSI,Cauvery at Musiri,Cauvery,2026-05-23 06:30:00+00:00,81.17,NORMAL,84.51,85.4,89.25,10.93805556,78.44027778,CAVMSI_2026-05-23T06:30:00+0000_81.1700
CAVMSI,Cauvery at Musiri,Cauvery,2026-05-23 07:30:00+00:00,81.17,NORMAL,84.51,85.4,89.25,10.93805556,78.44027778,CAVMSI_2026-05-23T07:30:00+0000_81.1700
CAVMSI,Cauvery at Musiri,Cauvery,2026-05-23 08:30:00+00:00,81.17,NORMAL,84.51,85.4,89.25,10.93805556,78.44027778,CAVMSI_2026-05-23T08:30:00+0000_81.1700
CAVMSI,Cauvery at Musiri,Cauvery,2026-05-23 09:30:00+00:00,81.17,NORMAL,84.51,85.4,89.25,10.93805556,78.44027778,CAVMSI_2026-05-23T09:30:00+0000_81.1700
CAVMSI,Cauvery at Musiri,Cauvery,2026-05-23 10:30:00+00:00,81.17,NORMAL,84.51,85.4,89.25,10.93805556,78.44027778,CAVMSI_2026-05-23T10:30:00+0000_81.1700
CAVMSI,Cauvery at Musiri,Cauvery,2026-05-23 11:30:00+00:00,81.17,NORMAL,84.51,85.4,89.25,10.93805556,78.44027778,CAVMSI_2026-05-23T11:30:00+0000_81.1700
CAVMSI,Cauvery at Musiri,Cauvery,2026-05-23 12:30:00+00:00,489.17,HIGH_FLOOD_EXCEEDED,84.51,85.4,89.25,10.93805556,78.44027778,CAVMSI_2026-05-23T12:30:00+0000_489.1700
CAVMSI,Cauvery at Musiri,Cauvery,2026-05-23 13:30:00+00:00,81.17,NORMAL,84.51,85.4,89.25,10.93805556,78.44027778,CAVMSI_2026-05-23T13:30:00+0000_81.1700
CAVMSI,Cauvery at Musiri,Cauvery,2026-05-23 14:30:00+00:00,81.17,NORMAL,84.51,85.4,89.25,10.93805556,78.44027778,CAVMSI_2026-05-23T14:30:00+0000_81.1700
CAVMSI,Cauvery at Musiri,Cauvery,2026-05-23 15:30:00+00:00,81.17,NORMAL,84.51,85.4,89.25,10.93805556,78.44027778,CAVMSI_2026-05-23T15:30:00+0000_81.1700
CAVMSI,Cauvery at Musiri,Cauvery,2026-05-23 16:30:00+00:00,81.17,NORMAL,84.51,85.4,89.25,10.93805556,78.44027778,CAVMSI_2026-05-23T16:30:00+0000_81.1700
CAVMSI,Cauvery at Musiri,Cauvery,2026-05-23 17:30:00+00:00,81.17,NORMAL,84.51,85.4,89.25,10.93805556,78.44027778,CAVMSI_2026-05-23T17:30:00+0000_81.1700
CAVMSI,Cauvery at Musiri,Cauvery,2026-05-23 18:30:00+00:00,81.17,NORMAL,84.51,85.4,89.25,10.93805556,78.44027778,CAVMSI_2026-05-23T18:30:00+0000_81.1700
CAVMSI,Cauvery at Musiri,Cauvery,2026-05-23 19:30:00+00:00,81.17,NORMAL,84.51,85.4,89.25,10.93805556,78.44027778,CAVMSI_2026-05-23T19:30:00+0000_81.1700
CAVMSI,Cauvery at Musiri,Cauvery,2026-05-23 20:30:00+00:00,81.17,NORMAL,84.51,85.4,89.25,10.93805556,78.44027778,CAVMSI_2026-05-23T20:30:00+0000_81.1700
CAVMSI,Cauvery at Musiri,Cauvery,2026-05-23 21:30:00+00:00,81.17,NORMAL,84.51,85.4,89.25,10.93805556,78.44027778,CAVMSI_2026-05-23T21:30:00+0000_81.1700
CAVMSI,Cauvery at Musiri,Cauvery,2026-05-23 22:30:00+00:00,81.047,NORMAL,84.51,85.4,89.25,10.93805556,78.44027778,CAVMSI_2026-05-23T22:30:00+0000_81.0470
CAVMSI,Cauvery at Musiri,Cauvery,2026-05-23 23:30:00+00:00,81.17,NORMAL,84.51,85.4,89.25,10.93805556,78.44027778,CAVMSI_2026-05-23T23:30:00+0000_81.1700
CAVMSI,Cauvery at Musiri,Cauvery,2026-05-24 00:30:00+00:00,81.17,NORMAL,84.51,85.4,89.25,10.93805556,78.44027778,CAVMSI_2026-05-24T00:30:00+0000_81.1700
CAVMSI,Cauvery at Musiri,Cauvery,2026-05-24 01:30:00+00:00,81.047,NORMAL,84.51,85.4,89.25,10.93805556,78.44027778,CAVMSI_2026-05-24T01:30:00+0000_81.0470
CAVMSI,Cauvery at Musiri,Cauvery,2026-05-24 02:30:00+00:00,81.047,NORMAL,84.51,85.4,89.25,10.93805556,78.44027778,CAVMSI_2026-05-24T02:30:00+0000_81.0470
CAVMSI,Cauvery at Musiri,Cauvery,2026-05-24 03:30:00+00:00,81.047,NORMAL,84.51,85.4,89.25,10.93805556,78.44027778,CAVMSI_2026-05-24T03:30:00+0000_81.0470
CAVMSI,Cauvery at Musiri,Cauvery,2026-05-24 04:30:00+00:00,81.047,NORMAL,84.51,85.4,89.25,10.93805556,78.44027778,CAVMSI_2026-05-24T04:30:00+0000_81.0470
CAVMSI,Cauvery at Musiri,Cauvery,2026-05-24 05:30:00+00:00,81.046,NORMAL,84.51,85.4,89.25,10.93805556,78.44027778,CAVMSI_2026-05-24T05:30:00+0000_81.0460
CAVMSI,Cauvery at Musiri,Cauvery,2026-05-24 06:30:00+00:00,81.17,NORMAL,84.51,85.4,89.25,10.93805556,78.44027778,CAVMSI_2026-05-24T06:30:00+0000_81.1700
CAVMSI,Cauvery at Musiri,Cauvery,2026-05-24 07:30:00+00:00,81.044,NORMAL,84.51,85.4,89.25,10.93805556,78.44027778,CAVMSI_2026-05-24T07:30:00+0000_81.0440
CAVMSI,Cauvery at Musiri,Cauvery,2026-05-24 08:30:00+00:00,81.045,NORMAL,84.51,85.4,89.25,10.93805556,78.44027778,CAVMSI_2026-05-24T08:30:00+0000_81.0450
CAVMSI,Cauvery at Musiri,Cauvery,2026-05-24 09:30:00+00:00,81.047,NORMAL,84.51,85.4,89.25,10.93805556,78.44027778,CAVMSI_2026-05-24T09:30:00+0000_81.0470
CAVMSI,Cauvery at Musiri,Cauvery,2026-05-24 10:30:00+00:00,81.046,NORMAL,84.51,85.4,89.25,10.93805556,78.44027778,CAVMSI_2026-05-24T10:30:00+0000_81.0460
CAVMSI,Cauvery at Musiri,Cauvery,2026-05-24 11:30:00+00:00,81.046,NORMAL,84.51,85.4,89.25,10.93805556,78.44027778,CAVMSI_2026-05-24T11:30:00+0000_81.0460
CAVMSI,Cauvery at Musiri,Cauvery,2026-05-24 12:30:00+00:00,81.046,NORMAL,84.51,85.4,89.25,10.93805556,78.44027778,CAVMSI_2026-05-24T12:30:00+0000_81.0460
CAVMSI,Cauvery at Musiri,Cauvery,2026-05-24 13:30:00+00:00,81.046,NORMAL,84.51,85.4,89.25,10.93805556,78.44027778,CAVMSI_2026-05-24T13:30:00+0000_81.0460
CAVMSI,Cauvery at Musiri,Cauvery,2026-05-24 14:30:00+00:00,81.046,NORMAL,84.51,85.4,89.25,10.93805556,78.44027778,CAVMSI_2026-05-24T14:30:00+0000_81.0460
CAVMSI,Cauvery at Musiri,Cauvery,2026-05-24 15:30:00+00:00,81.047,NORMAL,84.51,85.4,89.25,10.93805556,78.44027778,CAVMSI_2026-05-24T15:30:00+0000_81.0470
CAVMSI,Cauvery at Musiri,Cauvery,2026-05-24 16:30:00+00:00,81.047,NORMAL,84.51,85.4,89.25,10.93805556,78.44027778,CAVMSI_2026-05-24T16:30:00+0000_81.0470
CAVMSI,Cauvery at Musiri,Cauvery,2026-05-24 17:30:00+00:00,81.047,NORMAL,84.51,85.4,89.25,10.93805556,78.44027778,CAVMSI_2026-05-24T17:30:00+0000_81.0470
CAVMSI,Cauvery at Musiri,Cauvery,2026-05-24 22:30:00+00:00,81.047,NORMAL,84.51,85.4,89.25,10.93805556,78.44027778,CAVMSI_2026-05-24T22:30:00+0000_81.0470
CAVMSI,Cauvery at Musiri,Cauvery,2026-05-24 23:30:00+00:00,81.17,NORMAL,84.51,85.4,89.25,10.93805556,78.44027778,CAVMSI_2026-05-24T23:30:00+0000_81.1700
CAVMSI,Cauvery at Musiri,Cauvery,2026-05-25 00:30:00+00:00,81.17,NORMAL,84.51,85.4,89.25,10.93805556,78.44027778,CAVMSI_2026-05-25T00:30:00+0000_81.1700
CAVMSI,Cauvery at Musiri,Cauvery,2026-05-25 01:30:00+00:00,81.17,NORMAL,84.51,85.4,89.25,10.93805556,78.44027778,CAVMSI_2026-05-25T01:30:00+0000_81.1700
CAVMSI,Cauvery at Musiri,Cauvery,2026-05-25 02:30:00+00:00,81.17,NORMAL,84.51,85.4,89.25,10.93805556,78.44027778,CAVMSI_2026-05-25T02:30:00+0000_81.1700
CAVMSI,Cauvery at Musiri,Cauvery,2026-05-25 03:30:00+00:00,81.17,NORMAL,84.51,85.4,89.25,10.93805556,78.44027778,CAVMSI_2026-05-25T03:30:00+0000_81.1700
CAVMSI,Cauvery at Musiri,Cauvery,2026-05-25 04:30:00+00:00,81.17,NORMAL,84.51,85.4,89.25,10.93805556,78.44027778,CAVMSI_2026-05-25T04:30:00+0000_81.1700
CAVMSI,Cauvery at Musiri,Cauvery,2026-05-25 05:30:00+00:00,81.17,NORMAL,84.51,85.4,89.25,10.93805556,78.44027778,CAVMSI_2026-05-25T05:30:00+0000_81.1700
CAVMSI,Cauvery at Musiri,Cauvery,2026-05-25 06:30:00+00:00,81.17,NORMAL,84.51,85.4,89.25,10.93805556,78.44027778,CAVMSI_2026-05-25T06:30:00+0000_81.1700
CAVMSI,Cauvery at Musiri,Cauvery,2026-05-25 07:30:00+00:00,,,84.51,85.4,89.25,10.93805556,78.44027778,CAVMSI_2026-05-25T07:30:00+0000_
CAVMSI,Cauvery at Musiri,Cauvery,2026-05-25 08:30:00+00:00,,,84.51,85.4,89.25,10.93805556,78.44027778,CAVMSI_2026-05-25T08:30:00+0000_
CAVMSI,Cauvery at Musiri,Cauvery,2026-05-25 09:30:00+00:00,81.17,NORMAL,84.51,85.4,89.25,10.93805556,78.44027778,CAVMSI_2026-05-25T09:30:00+0000_81.1700
CAVMSI,Cauvery at Musiri,Cauvery,2026-05-25 10:30:00+00:00,81.17,NORMAL,84.51,85.4,89.25,10.93805556,78.44027778,CAVMSI_2026-05-25T10:30:00+0000_81.1700
CAVMSI,Cauvery at Musiri,Cauvery,2026-05-25 11:30:00+00:00,81.17,NORMAL,84.51,85.4,89.25,10.93805556,78.44027778,CAVMSI_2026-05-25T11:30:00+0000_81.1700
CAVMSI,Cauvery at Musiri,Cauvery,2026-05-25 12:30:00+00:00,81.17,NORMAL,84.51,85.4,89.25,10.93805556,78.44027778,CAVMSI_2026-05-25T12:30:00+0000_81.1700
CAVMSI,Cauvery at Musiri,Cauvery,2026-05-25 13:30:00+00:00,81.17,NORMAL,84.51,85.4,89.25,10.93805556,78.44027778,CAVMSI_2026-05-25T13:30:00+0000_81.1700
CAVMSI,Cauvery at Musiri,Cauvery,2026-05-25 14:30:00+00:00,81.17,NORMAL,84.51,85.4,89.25,10.93805556,78.44027778,CAVMSI_2026-05-25T14:30:00+0000_81.1700
CAVMSI,Cauvery at Musiri,Cauvery,2026-05-25 15:30:00+00:00,81.17,NORMAL,84.51,85.4,89.25,10.93805556,78.44027778,CAVMSI_2026-05-25T15:30:00+0000_81.1700
CAVMSI,Cauvery at Musiri,Cauvery,2026-05-25 22:30:00+00:00,81.047,NORMAL,84.51,85.4,89.25,10.93805556,78.44027778,CAVMSI_2026-05-25T22:30:00+0000_81.0470
CAVMSI,Cauvery at Musiri,Cauvery,2026-05-25 23:30:00+00:00,81.047,NORMAL,84.51,85.4,89.25,10.93805556,78.44027778,CAVMSI_2026-05-25T23:30:00+0000_81.0470
CAVMSI,Cauvery at Musiri,Cauvery,2026-05-26 00:30:00+00:00,81.17,NORMAL,84.51,85.4,89.25,10.93805556,78.44027778,CAVMSI_2026-05-26T00:30:00+0000_81.1700
CAVMSI,Cauvery at Musiri,Cauvery,2026-05-26 01:30:00+00:00,81.17,NORMAL,84.51,85.4,89.25,10.93805556,78.44027778,CAVMSI_2026-05-26T01:30:00+0000_81.1700
CAVMSI,Cauvery at Musiri,Cauvery,2026-05-26 02:30:00+00:00,81.17,NORMAL,84.51,85.4,89.25,10.93805556,78.44027778,CAVMSI_2026-05-26T02:30:00+0000_81.1700
CAVMSI,Cauvery at Musiri,Cauvery,2026-05-26 03:30:00+00:00,81.17,NORMAL,84.51,85.4,89.25,10.93805556,78.44027778,CAVMSI_2026-05-26T03:30:00+0000_81.1700
CAVMSI,Cauvery at Musiri,Cauvery,2026-05-26 04:30:00+00:00,81.17,NORMAL,84.51,85.4,89.25,10.93805556,78.44027778,CAVMSI_2026-05-26T04:30:00+0000_81.1700
CAVMSI,Cauvery at Musiri,Cauvery,2026-05-26 05:30:00+00:00,81.17,NORMAL,84.51,85.4,89.25,10.93805556,78.44027778,CAVMSI_2026-05-26T05:30:00+0000_81.1700
CAVMSI,Cauvery at Musiri,Cauvery,2026-05-26 06:30:00+00:00,81.17,NORMAL,84.51,85.4,89.25,10.93805556,78.44027778,CAVMSI_2026-05-26T06:30:00+0000_81.1700
CAVMSI,Cauvery at Musiri,Cauvery,2026-05-26 07:30:00+00:00,81.044,NORMAL,84.51,85.4,89.25,10.93805556,78.44027778,CAVMSI_2026-05-26T07:30:00+0000_81.0440
CAVMSI,Cauvery at Musiri,Cauvery,2026-05-26 08:30:00+00:00,81.17,NORMAL,84.51,85.4,89.25,10.93805556,78.44027778,CAVMSI_2026-05-26T08:30:00+0000_81.1700
CAVMSI,Cauvery at Musiri,Cauvery,2026-05-26 09:30:00+00:00,81.17,NORMAL,84.51,85.4,89.25,10.93805556,78.44027778,CAVMSI_2026-05-26T09:30:00+0000_81.1700
CAVMSI,Cauvery at Musiri,Cauvery,2026-05-26 10:30:00+00:00,81.17,NORMAL,84.51,85.4,89.25,10.93805556,78.44027778,CAVMSI_2026-05-26T10:30:00+0000_81.1700
CAVMSI,Cauvery at Musiri,Cauvery,2026-05-26 11:30:00+00:00,81.17,NORMAL,84.51,85.4,89.25,10.93805556,78.44027778,CAVMSI_2026-05-26T11:30:00+0000_81.1700
CAVMSI,Cauvery at Musiri,Cauvery,2026-05-26 12:30:00+00:00,81.17,NORMAL,84.51,85.4,89.25,10.93805556,78.44027778,CAVMSI_2026-05-26T12:30:00+0000_81.1700
CAVMSI,Cauvery at Musiri,Cauvery,2026-05-26 13:30:00+00:00,81.047,NORMAL,84.51,85.4,89.25,10.93805556,78.44027778,CAVMSI_2026-05-26T13:30:00+0000_81.0470
CAVMSI,Cauvery at Musiri,Cauvery,2026-05-26 14:30:00+00:00,81.047,NORMAL,84.51,85.4,89.25,10.93805556,78.44027778,CAVMSI_2026-05-26T14:30:00+0000_81.0470
CAVMSI,Cauvery at Musiri,Cauvery,2026-05-26 15:30:00+00:00,81.047,NORMAL,84.51,85.4,89.25,10.93805556,78.44027778,CAVMSI_2026-05-26T15:30:00+0000_81.0470
CAVMSI,Cauvery at Musiri,Cauvery,2026-05-26 16:30:00+00:00,81.17,NORMAL,84.51,85.4,89.25,10.93805556,78.44027778,CAVMSI_2026-05-26T16:30:00+0000_81.1700
CAVMSI,Cauvery at Musiri,Cauvery,2026-05-26 17:30:00+00:00,81.17,NORMAL,84.51,85.4,89.25,10.93805556,78.44027778,CAVMSI_2026-05-26T17:30:00+0000_81.1700
CAVMSI,Cauvery at Musiri,Cauvery,2026-05-26 18:30:00+00:00,81.17,NORMAL,84.51,85.4,89.25,10.93805556,78.44027778,CAVMSI_2026-05-26T18:30:00+0000_81.1700
CAVMSI,Cauvery at Musiri,Cauvery,2026-05-26 19:30:00+00:00,81.17,NORMAL,84.51,85.4,89.25,10.93805556,78.44027778,CAVMSI_2026-05-26T19:30:00+0000_81.1700
CAVMSI,Cauvery at Musiri,Cauvery,2026-05-26 20:30:00+00:00,81.17,NORMAL,84.51,85.4,89.25,10.93805556,78.44027778,CAVMSI_2026-05-26T20:30:00+0000_81.1700
CAVMSI,Cauvery at Musiri,Cauvery,2026-05-26 21:30:00+00:00,81.17,NORMAL,84.51,85.4,89.25,10.93805556,78.44027778,CAVMSI_2026-05-26T21:30:00+0000_81.1700
CAVMSI,Cauvery at Musiri,Cauvery,2026-05-26 22:30:00+00:00,81.047,NORMAL,84.51,85.4,89.25,10.93805556,78.44027778,CAVMSI_2026-05-26T22:30:00+0000_81.0470
CAVMSI,Cauvery at Musiri,Cauvery,2026-05-26 23:30:00+00:00,81.17,NORMAL,84.51,85.4,89.25,10.93805556,78.44027778,CAVMSI_2026-05-26T23:30:00+0000_81.1700
CAVMSI,Cauvery at Musiri,Cauvery,2026-05-27 00:30:00+00:00,81.17,NORMAL,84.51,85.4,89.25,10.93805556,78.44027778,CAVMSI_2026-05-27T00:30:00+0000_81.1700
CAVMSI,Cauvery at Musiri,Cauvery,2026-05-27 01:30:00+00:00,81.047,NORMAL,84.51,85.4,89.25,10.93805556,78.44027778,CAVMSI_2026-05-27T01:30:00+0000_81.0470
CAVMSI,Cauvery at Musiri,Cauvery,2026-05-27 02:30:00+00:00,81.17,NORMAL,84.51,85.4,89.25,10.93805556,78.44027778,CAVMSI_2026-05-27T02:30:00+0000_81.1700
CAVMSI,Cauvery at Musiri,Cauvery,2026-05-27 03:30:00+00:00,81.17,NORMAL,84.51,85.4,89.25,10.93805556,78.44027778,CAVMSI_2026-05-27T03:30:00+0000_81.1700
CAVMSI,Cauvery at Musiri,Cauvery,2026-05-27 04:30:00+00:00,81.17,NORMAL,84.51,85.4,89.25,10.93805556,78.44027778,CAVMSI_2026-05-27T04:30:00+0000_81.1700
CAVMSI,Cauvery at Musiri,Cauvery,2026-05-27 05:30:00+00:00,81.17,NORMAL,84.51,85.4,89.25,10.93805556,78.44027778,CAVMSI_2026-05-27T05:30:00+0000_81.1700
CAVMSI,Cauvery at Musiri,Cauvery,2026-05-27 06:30:00+00:00,81.17,NORMAL,84.51,85.4,89.25,10.93805556,78.44027778,CAVMSI_2026-05-27T06:30:00+0000_81.1700
CAVMSI,Cauvery at Musiri,Cauvery,2026-05-27 07:30:00+00:00,81.043,NORMAL,84.51,85.4,89.25,10.93805556,78.44027778,CAVMSI_2026-05-27T07:30:00+0000_81.0430
CAVMSI,Cauvery at Musiri,Cauvery,2026-05-27 08:30:00+00:00,81.045,NORMAL,84.51,85.4,89.25,10.93805556,78.44027778,CAVMSI_2026-05-27T08:30:00+0000_81.0450
CAVMSI,Cauvery at Musiri,Cauvery,2026-05-27 09:30:00+00:00,105.17,HIGH_FLOOD_EXCEEDED,84.51,85.4,89.25,10.93805556,78.44027778,CAVMSI_2026-05-27T09:30:00+0000_105.1700
CAVMSI,Cauvery at Musiri,Cauvery,2026-05-27 10:30:00+00:00,81.17,NORMAL,84.51,85.4,89.25,10.93805556,78.44027778,CAVMSI_2026-05-27T10:30:00+0000_81.1700
CAVMSI,Cauvery at Musiri,Cauvery,2026-05-27 11:30:00+00:00,81.17,NORMAL,84.51,85.4,89.25,10.93805556,78.44027778,CAVMSI_2026-05-27T11:30:00+0000_81.1700
CAVMSI,Cauvery at Musiri,Cauvery,2026-05-27 12:30:00+00:00,81.17,NORMAL,84.51,85.4,89.25,10.93805556,78.44027778,CAVMSI_2026-05-27T12:30:00+0000_81.1700
CAVMSI,Cauvery at Musiri,Cauvery,2026-05-27 13:30:00+00:00,81.17,NORMAL,84.51,85.4,89.25,10.93805556,78.44027778,CAVMSI_2026-05-27T13:30:00+0000_81.1700
CAVMSI,Cauvery at Musiri,Cauvery,2026-05-27 14:30:00+00:00,81.17,NORMAL,84.51,85.4,89.25,10.93805556,78.44027778,CAVMSI_2026-05-27T14:30:00+0000_81.1700
CAVMSI,Cauvery at Musiri,Cauvery,2026-05-27 15:30:00+00:00,81.047,NORMAL,84.51,85.4,89.25,10.93805556,78.44027778,CAVMSI_2026-05-27T15:30:00+0000_81.0470
CAVMSI,Cauvery at Musiri,Cauvery,2026-05-27 16:30:00+00:00,81.17,NORMAL,84.51,85.4,89.25,10.93805556,78.44027778,CAVMSI_2026-05-27T16:30:00+0000_81.1700
CAVMSI,Cauvery at Musiri,Cauvery,2026-05-27 17:30:00+00:00,81.17,NORMAL,84.51,85.4,89.25,10.93805556,78.44027778,CAVMSI_2026-05-27T17:30:00+0000_81.1700
CAVMSI,Cauvery at Musiri,Cauvery,2026-05-27 18:30:00+00:00,81.047,NORMAL,84.51,85.4,89.25,10.93805556,78.44027778,CAVMSI_2026-05-27T18:30:00+0000_81.0470
CAVMSI,Cauvery at Musiri,Cauvery,2026-05-27 19:30:00+00:00,81.17,NORMAL,84.51,85.4,89.25,10.93805556,78.44027778,CAVMSI_2026-05-27T19:30:00+0000_81.1700
CAVMSI,Cauvery at Musiri,Cauvery,2026-05-27 20:30:00+00:00,81.17,NORMAL,84.51,85.4,89.25,10.93805556,78.44027778,CAVMSI_2026-05-27T20:30:00+0000_81.1700
CAVMSI,Cauvery at Musiri,Cauvery,2026-05-27 21:30:00+00:00,81.17,NORMAL,84.51,85.4,89.25,10.93805556,78.44027778,CAVMSI_2026-05-27T21:30:00+0000_81.1700
CAVMSI,Cauvery at Musiri,Cauvery,2026-05-27 22:30:00+00:00,81.047,NORMAL,84.51,85.4,89.25,10.93805556,78.44027778,CAVMSI_2026-05-27T22:30:00+0000_81.0470
CAVMSI,Cauvery at Musiri,Cauvery,2026-05-27 23:30:00+00:00,81.047,NORMAL,84.51,85.4,89.25,10.93805556,78.44027778,CAVMSI_2026-05-27T23:30:00+0000_81.0470
CAVMSI,Cauvery at Musiri,Cauvery,2026-05-28 00:30:00+00:00,81.17,NORMAL,84.51,85.4,89.25,10.93805556,78.44027778,CAVMSI_2026-05-28T00:30:00+0000_81.1700
CAVMSI,Cauvery at Musiri,Cauvery,2026-05-28 01:30:00+00:00,81.17,NORMAL,84.51,85.4,89.25,10.93805556,78.44027778,CAVMSI_2026-05-28T01:30:00+0000_81.1700
CAVMSI,Cauvery at Musiri,Cauvery,2026-05-28 02:30:00+00:00,81.047,NORMAL,84.51,85.4,89.25,10.93805556,78.44027778,CAVMSI_2026-05-28T02:30:00+0000_81.0470
CAVMSI,Cauvery at Musiri,Cauvery,2026-05-28 03:30:00+00:00,81.17,NORMAL,84.51,85.4,89.25,10.93805556,78.44027778,CAVMSI_2026-05-28T03:30:00+0000_81.1700
CAVMSI,Cauvery at Musiri,Cauvery,2026-05-28 04:30:00+00:00,81.17,NORMAL,84.51,85.4,89.25,10.93805556,78.44027778,CAVMSI_2026-05-28T04:30:00+0000_81.1700
CAVMSI,Cauvery at Musiri,Cauvery,2026-05-28 05:30:00+00:00,81.048,NORMAL,84.51,85.4,89.25,10.93805556,78.44027778,CAVMSI_2026-05-28T05:30:00+0000_81.0480
CAVMSI,Cauvery at Musiri,Cauvery,2026-05-28 06:30:00+00:00,81.17,NORMAL,84.51,85.4,89.25,10.93805556,78.44027778,CAVMSI_2026-05-28T06:30:00+0000_81.1700
CAVMSI,Cauvery at Musiri,Cauvery,2026-05-28 07:30:00+00:00,81.17,NORMAL,84.51,85.4,89.25,10.93805556,78.44027778,CAVMSI_2026-05-28T07:30:00+0000_81.1700
CAVMSI,Cauvery at Musiri,Cauvery,2026-05-28 08:30:00+00:00,81.17,NORMAL,84.51,85.4,89.25,10.93805556,78.44027778,CAVMSI_2026-05-28T08:30:00+0000_81.1700
CAVMSI,Cauvery at Musiri,Cauvery,2026-05-28 09:30:00+00:00,81.17,NORMAL,84.51,85.4,89.25,10.93805556,78.44027778,CAVMSI_2026-05-28T09:30:00+0000_81.1700
CAVMSI,Cauvery at Musiri,Cauvery,2026-05-28 10:30:00+00:00,81.17,NORMAL,84.51,85.4,89.25,10.93805556,78.44027778,CAVMSI_2026-05-28T10:30:00+0000_81.1700
CAVMSI,Cauvery at Musiri,Cauvery,2026-05-28 11:30:00+00:00,81.17,NORMAL,84.51,85.4,89.25,10.93805556,78.44027778,CAVMSI_2026-05-28T11:30:00+0000_81.1700
CAVMSI,Cauvery at Musiri,Cauvery,2026-05-28 12:30:00+00:00,81.17,NORMAL,84.51,85.4,89.25,10.93805556,78.44027778,CAVMSI_2026-05-28T12:30:00+0000_81.1700
CAVMSI,Cauvery at Musiri,Cauvery,2026-05-28 13:30:00+00:00,81.047,NORMAL,84.51,85.4,89.25,10.93805556,78.44027778,CAVMSI_2026-05-28T13:30:00+0000_81.0470
CAVMSI,Cauvery at Musiri,Cauvery,2026-05-28 14:30:00+00:00,81.047,NORMAL,84.51,85.4,89.25,10.93805556,78.44027778,CAVMSI_2026-05-28T14:30:00+0000_81.0470
CAVMSI,Cauvery at Musiri,Cauvery,2026-05-28 15:30:00+00:00,81.17,NORMAL,84.51,85.4,89.25,10.93805556,78.44027778,CAVMSI_2026-05-28T15:30:00+0000_81.1700
CAVMSI,Cauvery at Musiri,Cauvery,2026-05-28 16:30:00+00:00,81.17,NORMAL,84.51,85.4,89.25,10.93805556,78.44027778,CAVMSI_2026-05-28T16:30:00+0000_81.1700
CAVMSI,Cauvery at Musiri,Cauvery,2026-05-28 17:30:00+00:00,81.17,NORMAL,84.51,85.4,89.25,10.93805556,78.44027778,CAVMSI_2026-05-28T17:30:00+0000_81.1700
CAVMSI,Cauvery at Musiri,Cauvery,2026-05-28 18:30:00+00:00,81.047,NORMAL,84.51,85.4,89.25,10.93805556,78.44027778,CAVMSI_2026-05-28T18:30:00+0000_81.0470
CAVMSI,Cauvery at Musiri,Cauvery,2026-05-28 19:30:00+00:00,81.047,NORMAL,84.51,85.4,89.25,10.93805556,78.44027778,CAVMSI_2026-05-28T19:30:00+0000_81.0470
CAVMSI,Cauvery at Musiri,Cauvery,2026-05-28 20:30:00+00:00,81.047,NORMAL,84.51,85.4,89.25,10.93805556,78.44027778,CAVMSI_2026-05-28T20:30:00+0000_81.0470
CAVMSI,Cauvery at Musiri,Cauvery,2026-05-28 21:30:00+00:00,81.17,NORMAL,84.51,85.4,89.25,10.93805556,78.44027778,CAVMSI_2026-05-28T21:30:00+0000_81.1700
CAVMSI,Cauvery at Musiri,Cauvery,2026-05-28 22:30:00+00:00,81.047,NORMAL,84.51,85.4,89.25,10.93805556,78.44027778,CAVMSI_2026-05-28T22:30:00+0000_81.0470
CAVMSI,Cauvery at Musiri,Cauvery,2026-05-28 23:30:00+00:00,81.17,NORMAL,84.51,85.4,89.25,10.93805556,78.44027778,CAVMSI_2026-05-28T23:30:00+0000_81.1700
CAVMSI,Cauvery at Musiri,Cauvery,2026-05-29 00:30:00+00:00,81.17,NORMAL,84.51,85.4,89.25,10.93805556,78.44027778,CAVMSI_2026-05-29T00:30:00+0000_81.1700
CAVMSI,Cauvery at Musiri,Cauvery,2026-05-29 01:30:00+00:00,81.17,NORMAL,84.51,85.4,89.25,10.93805556,78.44027778,CAVMSI_2026-05-29T01:30:00+0000_81.1700
CAVMSI,Cauvery at Musiri,Cauvery,2026-05-29 02:30:00+00:00,81.17,NORMAL,84.51,85.4,89.25,10.93805556,78.44027778,CAVMSI_2026-05-29T02:30:00+0000_81.1700
CAVMSI,Cauvery at Musiri,Cauvery,2026-05-29 03:30:00+00:00,81.17,NORMAL,84.51,85.4,89.25,10.93805556,78.44027778,CAVMSI_2026-05-29T03:30:00+0000_81.1700
CAVMSI,Cauvery at Musiri,Cauvery,2026-05-29 04:30:00+00:00,81.047,NORMAL,84.51,85.4,89.25,10.93805556,78.44027778,CAVMSI_2026-05-29T04:30:00+0000_81.0470
CAVMSI,Cauvery at Musiri,Cauvery,2026-05-29 05:30:00+00:00,81.17,NORMAL,84.51,85.4,89.25,10.93805556,78.44027778,CAVMSI_2026-05-29T05:30:00+0000_81.1700
CAVMSI,Cauvery at Musiri,Cauvery,2026-05-29 06:30:00+00:00,81.17,NORMAL,84.51,85.4,89.25,10.93805556,78.44027778,CAVMSI_2026-05-29T06:30:00+0000_81.1700
CAVMSI,Cauvery at Musiri,Cauvery,2026-05-29 07:30:00+00:00,81.17,NORMAL,84.51,85.4,89.25,10.93805556,78.44027778,CAVMSI_2026-05-29T07:30:00+0000_81.1700
CAVMSI,Cauvery at Musiri,Cauvery,2026-05-29 08:30:00+00:00,81.17,NORMAL,84.51,85.4,89.25,10.93805556,78.44027778,CAVMSI_2026-05-29T08:30:00+0000_81.1700
CAVMSI,Cauvery at Musiri,Cauvery,2026-05-29 09:30:00+00:00,81.17,NORMAL,84.51,85.4,89.25,10.93805556,78.44027778,CAVMSI_2026-05-29T09:30:00+0000_81.1700
CAVMSI,Cauvery at Musiri,Cauvery,2026-05-29 10:30:00+00:00,81.17,NORMAL,84.51,85.4,89.25,10.93805556,78.44027778,CAVMSI_2026-05-29T10:30:00+0000_81.1700
CAVMSI,Cauvery at Musiri,Cauvery,2026-05-29 11:30:00+00:00,81.17,NORMAL,84.51,85.4,89.25,10.93805556,78.44027778,CAVMSI_2026-05-29T11:30:00+0000_81.1700
CAVMSI,Cauvery at Musiri,Cauvery,2026-05-29 12:30:00+00:00,81.047,NORMAL,84.51,85.4,89.25,10.93805556,78.44027778,CAVMSI_2026-05-29T12:30:00+0000_81.0470
CAVMSI,Cauvery at Musiri,Cauvery,2026-05-29 13:30:00+00:00,81.17,NORMAL,84.51,85.4,89.25,10.93805556,78.44027778,CAVMSI_2026-05-29T13:30:00+0000_81.1700
CAVMSI,Cauvery at Musiri,Cauvery,2026-05-29 14:30:00+00:00,81.17,NORMAL,84.51,85.4,89.25,10.93805556,78.44027778,CAVMSI_2026-05-29T14:30:00+0000_81.1700
CAVMSI,Cauvery at Musiri,Cauvery,2026-05-29 15:30:00+00:00,81.17,NORMAL,84.51,85.4,89.25,10.93805556,78.44027778,CAVMSI_2026-05-29T15:30:00+0000_81.1700
CAVMSI,Cauvery at Musiri,Cauvery,2026-05-29 16:30:00+00:00,81.17,NORMAL,84.51,85.4,89.25,10.93805556,78.44027778,CAVMSI_2026-05-29T16:30:00+0000_81.1700
CAVMSI,Cauvery at Musiri,Cauvery,2026-05-29 17:30:00+00:00,81.17,NORMAL,84.51,85.4,89.25,10.93805556,78.44027778,CAVMSI_2026-05-29T17:30:00+0000_81.1700
CAVMSI,Cauvery at Musiri,Cauvery,2026-05-29 18:30:00+00:00,81.17,NORMAL,84.51,85.4,89.25,10.93805556,78.44027778,CAVMSI_2026-05-29T18:30:00+0000_81.1700
CAVMSI,Cauvery at Musiri,Cauvery,2026-05-29 19:30:00+00:00,81.17,NORMAL,84.51,85.4,89.25,10.93805556,78.44027778,CAVMSI_2026-05-29T19:30:00+0000_81.1700
CAVMSI,Cauvery at Musiri,Cauvery,2026-05-29 20:30:00+00:00,81.17,NORMAL,84.51,85.4,89.25,10.93805556,78.44027778,CAVMSI_2026-05-29T20:30:00+0000_81.1700
CAVMSI,Cauvery at Musiri,Cauvery,2026-05-29 21:30:00+00:00,81.17,NORMAL,84.51,85.4,89.25,10.93805556,78.44027778,CAVMSI_2026-05-29T21:30:00+0000_81.1700
CAVMSI,Cauvery at Musiri,Cauvery,2026-05-29 22:30:00+00:00,81.048,NORMAL,84.51,85.4,89.25,10.93805556,78.44027778,CAVMSI_2026-05-29T22:30:00+0000_81.0480
CAVMSI,Cauvery at Musiri,Cauvery,2026-05-29 23:30:00+00:00,81.047,NORMAL,84.51,85.4,89.25,10.93805556,78.44027778,CAVMSI_2026-05-29T23:30:00+0000_81.0470
CAVMSI,Cauvery at Musiri,Cauvery,2026-05-30 00:30:00+00:00,81.048,NORMAL,84.51,85.4,89.25,10.93805556,78.44027778,CAVMSI_2026-05-30T00:30:00+0000_81.0480
CAVMSI,Cauvery at Musiri,Cauvery,2026-05-30 01:30:00+00:00,81.17,NORMAL,84.51,85.4,89.25,10.93805556,78.44027778,CAVMSI_2026-05-30T01:30:00+0000_81.1700
CAVMSI,Cauvery at Musiri,Cauvery,2026-05-30 02:30:00+00:00,81.17,NORMAL,84.51,85.4,89.25,10.93805556,78.44027778,CAVMSI_2026-05-30T02:30:00+0000_81.1700
CAVMSI,Cauvery at Musiri,Cauvery,2026-05-30 03:30:00+00:00,81.17,NORMAL,84.51,85.4,89.25,10.93805556,78.44027778,CAVMSI_2026-05-30T03:30:00+0000_81.1700
CAVMSI,Cauvery at Musiri,Cauvery,2026-05-30 04:30:00+00:00,81.047,NORMAL,84.51,85.4,89.25,10.93805556,78.44027778,CAVMSI_2026-05-30T04:30:00+0000_81.0470
CAVMSI,Cauvery at Musiri,Cauvery,2026-05-30 05:30:00+00:00,81.17,NORMAL,84.51,85.4,89.25,10.93805556,78.44027778,CAVMSI_2026-05-30T05:30:00+0000_81.1700
CAVMSI,Cauvery at Musiri,Cauvery,2026-05-30 06:30:00+00:00,81.17,NORMAL,84.51,85.4,89.25,10.93805556,78.44027778,CAVMSI_2026-05-30T06:30:00+0000_81.1700
CAVMSI,Cauvery at Musiri,Cauvery,2026-05-30 07:30:00+00:00,81.17,NORMAL,84.51,85.4,89.25,10.93805556,78.44027778,CAVMSI_2026-05-30T07:30:00+0000_81.1700
CAVMSI,Cauvery at Musiri,Cauvery,2026-05-30 08:30:00+00:00,81.045,NORMAL,84.51,85.4,89.25,10.93805556,78.44027778,CAVMSI_2026-05-30T08:30:00+0000_81.0450
CAVMSI,Cauvery at Musiri,Cauvery,2026-05-30 09:30:00+00:00,81.17,NORMAL,84.51,85.4,89.25,10.93805556,78.44027778,CAVMSI_2026-05-30T09:30:00+0000_81.1700
CAVMSI,Cauvery at Musiri,Cauvery,2026-05-30 10:30:00+00:00,81.046,NORMAL,84.51,85.4,89.25,10.93805556,78.44027778,CAVMSI_2026-05-30T10:30:00+0000_81.0460
CAVMSI,Cauvery at Musiri,Cauvery,2026-05-30 11:30:00+00:00,81.046,NORMAL,84.51,85.4,89.25,10.93805556,78.44027778,CAVMSI_2026-05-30T11:30:00+0000_81.0460
CAVMSI,Cauvery at Musiri,Cauvery,2026-05-30 12:30:00+00:00,81.046,NORMAL,84.51,85.4,89.25,10.93805556,78.44027778,CAVMSI_2026-05-30T12:30:00+0000_81.0460
CAVMSI,Cauvery at Musiri,Cauvery,2026-05-30 13:30:00+00:00,81.17,NORMAL,84.51,85.4,89.25,10.93805556,78.44027778,CAVMSI_2026-05-30T13:30:00+0000_81.1700
CAVMSI,Cauvery at Musiri,Cauvery,2026-05-30 14:30:00+00:00,81.17,NORMAL,84.51,85.4,89.25,10.93805556,78.44027778,CAVMSI_2026-05-30T14:30:00+0000_81.1700
CAVMSI,Cauvery at Musiri,Cauvery,2026-05-30 15:30:00+00:00,81.17,NORMAL,84.51,85.4,89.25,10.93805556,78.44027778,CAVMSI_2026-05-30T15:30:00+0000_81.1700
CAVMSI,Cauvery at Musiri,Cauvery,2026-05-30 16:30:00+00:00,81.17,NORMAL,84.51,85.4,89.25,10.93805556,78.44027778,CAVMSI_2026-05-30T16:30:00+0000_81.1700
CAVMSI,Cauvery at Musiri,Cauvery,2026-05-30 17:30:00+00:00,81.17,NORMAL,84.51,85.4,89.25,10.93805556,78.44027778,CAVMSI_2026-05-30T17:30:00+0000_81.1700
CAVMSI,Cauvery at Musiri,Cauvery,2026-05-30 18:30:00+00:00,81.047,NORMAL,84.51,85.4,89.25,10.93805556,78.44027778,CAVMSI_2026-05-30T18:30:00+0000_81.0470
CAVMSI,Cauvery at Musiri,Cauvery,2026-05-30 19:30:00+00:00,81.047,NORMAL,84.51,85.4,89.25,10.93805556,78.44027778,CAVMSI_2026-05-30T19:30:00+0000_81.0470
CAVMSI,Cauvery at Musiri,Cauvery,2026-05-30 20:30:00+00:00,81.047,NORMAL,84.51,85.4,89.25,10.93805556,78.44027778,CAVMSI_2026-05-30T20:30:00+0000_81.0470
CAVMSI,Cauvery at Musiri,Cauvery,2026-05-30 21:30:00+00:00,81.17,NORMAL,84.51,85.4,89.25,10.93805556,78.44027778,CAVMSI_2026-05-30T21:30:00+0000_81.1700
CAVMSI,Cauvery at Musiri,Cauvery,2026-05-30 22:30:00+00:00,81.17,NORMAL,84.51,85.4,89.25,10.93805556,78.44027778,CAVMSI_2026-05-30T22:30:00+0000_81.1700
CAVMSI,Cauvery at Musiri,Cauvery,2026-05-30 23:30:00+00:00,81.17,NORMAL,84.51,85.4,89.25,10.93805556,78.44027778,CAVMSI_2026-05-30T23:30:00+0000_81.1700
CAVMSI,Cauvery at Musiri,Cauvery,2026-05-31 00:30:00+00:00,81.047,NORMAL,84.51,85.4,89.25,10.93805556,78.44027778,CAVMSI_2026-05-31T00:30:00+0000_81.0470
CAVMSI,Cauvery at Musiri,Cauvery,2026-05-31 01:30:00+00:00,81.047,NORMAL,84.51,85.4,89.25,10.93805556,78.44027778,CAVMSI_2026-05-31T01:30:00+0000_81.0470
CAVMSI,Cauvery at Musiri,Cauvery,2026-05-31 02:30:00+00:00,81.047,NORMAL,84.51,85.4,89.25,10.93805556,78.44027778,CAVMSI_2026-05-31T02:30:00+0000_81.0470
CAVMSI,Cauvery at Musiri,Cauvery,2026-05-31 03:30:00+00:00,81.046,NORMAL,84.51,85.4,89.25,10.93805556,78.44027778,CAVMSI_2026-05-31T03:30:00+0000_81.0460
CAVMSI,Cauvery at Musiri,Cauvery,2026-05-31 04:30:00+00:00,81.045,NORMAL,84.51,85.4,89.25,10.93805556,78.44027778,CAVMSI_2026-05-31T04:30:00+0000_81.0450
CAVMSI,Cauvery at Musiri,Cauvery,2026-05-31 05:30:00+00:00,81.045,NORMAL,84.51,85.4,89.25,10.93805556,78.44027778,CAVMSI_2026-05-31T05:30:00+0000_81.0450
CAVMSI,Cauvery at Musiri,Cauvery,2026-05-31 06:30:00+00:00,81.043,NORMAL,84.51,85.4,89.25,10.93805556,78.44027778,CAVMSI_2026-05-31T06:30:00+0000_81.0430
CAVMSI,Cauvery at Musiri,Cauvery,2026-05-31 07:30:00+00:00,81.044,NORMAL,84.51,85.4,89.25,10.93805556,78.44027778,CAVMSI_2026-05-31T07:30:00+0000_81.0440
CAVMSI,Cauvery at Musiri,Cauvery,2026-05-31 08:30:00+00:00,81.045,NORMAL,84.51,85.4,89.25,10.93805556,78.44027778,CAVMSI_2026-05-31T08:30:00+0000_81.0450
CAVMSI,Cauvery at Musiri,Cauvery,2026-05-31 09:30:00+00:00,81.045,NORMAL,84.51,85.4,89.25,10.93805556,78.44027778,CAVMSI_2026-05-31T09:30:00+0000_81.0450
CAVMSI,Cauvery at Musiri,Cauvery,2026-05-31 10:30:00+00:00,81.046,NORMAL,84.51,85.4,89.25,10.93805556,78.44027778,CAVMSI_2026-05-31T10:30:00+0000_81.0460
CAVMSI,Cauvery at Musiri,Cauvery,2026-05-31 11:30:00+00:00,81.046,NORMAL,84.51,85.4,89.25,10.93805556,78.44027778,CAVMSI_2026-05-31T11:30:00+0000_81.0460
CAVMSI,Cauvery at Musiri,Cauvery,2026-05-31 12:30:00+00:00,81.046,NORMAL,84.51,85.4,89.25,10.93805556,78.44027778,CAVMSI_2026-05-31T12:30:00+0000_81.0460
CAVMSI,Cauvery at Musiri,Cauvery,2026-05-31 13:30:00+00:00,81.047,NORMAL,84.51,85.4,89.25,10.93805556,78.44027778,CAVMSI_2026-05-31T13:30:00+0000_81.0470
CAVMSI,Cauvery at Musiri,Cauvery,2026-05-31 14:30:00+00:00,81.047,NORMAL,84.51,85.4,89.25,10.93805556,78.44027778,CAVMSI_2026-05-31T14:30:00+0000_81.0470
CAVMSI,Cauvery at Musiri,Cauvery,2026-05-31 15:30:00+00:00,81.047,NORMAL,84.51,85.4,89.25,10.93805556,78.44027778,CAVMSI_2026-05-31T15:30:00+0000_81.0470
CAVMSI,Cauvery at Musiri,Cauvery,2026-05-31 16:30:00+00:00,81.047,NORMAL,84.51,85.4,89.25,10.93805556,78.44027778,CAVMSI_2026-05-31T16:30:00+0000_81.0470
CAVMSI,Cauvery at Musiri,Cauvery,2026-05-31 17:30:00+00:00,81.047,NORMAL,84.51,85.4,89.25,10.93805556,78.44027778,CAVMSI_2026-05-31T17:30:00+0000_81.0470
CAVMSI,Cauvery at Musiri,Cauvery,2026-05-31 18:30:00+00:00,81.047,NORMAL,84.51,85.4,89.25,10.93805556,78.44027778,CAVMSI_2026-05-31T18:30:00+0000_81.0470
CAVMSI,Cauvery at Musiri,Cauvery,2026-05-31 19:30:00+00:00,81.047,NORMAL,84.51,85.4,89.25,10.93805556,78.44027778,CAVMSI_2026-05-31T19:30:00+0000_81.0470
CAVMSI,Cauvery at Musiri,Cauvery,2026-05-31 20:30:00+00:00,81.047,NORMAL,84.51,85.4,89.25,10.93805556,78.44027778,CAVMSI_2026-05-31T20:30:00+0000_81.0470
CAVMSI,Cauvery at Musiri,Cauvery,2026-05-31 21:30:00+00:00,81.047,NORMAL,84.51,85.4,89.25,10.93805556,78.44027778,CAVMSI_2026-05-31T21:30:00+0000_81.0470
CAVMSI,Cauvery at Musiri,Cauvery,2026-05-31 22:30:00+00:00,81.047,NORMAL,84.51,85.4,89.25,10.93805556,78.44027778,CAVMSI_2026-05-31T22:30:00+0000_81.0470
CAVMSI,Cauvery at Musiri,Cauvery,2026-05-31 23:30:00+00:00,81.047,NORMAL,84.51,85.4,89.25,10.93805556,78.44027778,CAVMSI_2026-05-31T23:30:00+0000_81.0470
CAVMSI,Cauvery at Musiri,Cauvery,2026-06-01 00:30:00+00:00,81.17,NORMAL,84.51,85.4,89.25,10.93805556,78.44027778,CAVMSI_2026-06-01T00:30:00+0000_81.1700
CAVMSI,Cauvery at Musiri,Cauvery,2026-06-01 01:30:00+00:00,81.17,NORMAL,84.51,85.4,89.25,10.93805556,78.44027778,CAVMSI_2026-06-01T01:30:00+0000_81.1700
CAVMSI,Cauvery at Musiri,Cauvery,2026-06-01 02:30:00+00:00,81.046,NORMAL,84.51,85.4,89.25,10.93805556,78.44027778,CAVMSI_2026-06-01T02:30:00+0000_81.0460
CAVMSI,Cauvery at Musiri,Cauvery,2026-06-01 03:30:00+00:00,81.046,NORMAL,84.51,85.4,89.25,10.93805556,78.44027778,CAVMSI_2026-06-01T03:30:00+0000_81.0460
CAVMSI,Cauvery at Musiri,Cauvery,2026-06-01 04:30:00+00:00,81.046,NORMAL,84.51,85.4,89.25,10.93805556,78.44027778,CAVMSI_2026-06-01T04:30:00+0000_81.0460
CAVMSI,Cauvery at Musiri,Cauvery,2026-06-01 05:30:00+00:00,81.17,NORMAL,84.51,85.4,89.25,10.93805556,78.44027778,CAVMSI_2026-06-01T05:30:00+0000_81.1700
CAVMSI,Cauvery at Musiri,Cauvery,2026-06-01 06:30:00+00:00,81.048,NORMAL,84.51,85.4,89.25,10.93805556,78.44027778,CAVMSI_2026-06-01T06:30:00+0000_81.0480
CAVMSI,Cauvery at Musiri,Cauvery,2026-06-01 07:30:00+00:00,81.17,NORMAL,84.51,85.4,89.25,10.93805556,78.44027778,CAVMSI_2026-06-01T07:30:00+0000_81.1700
CAVMSI,Cauvery at Musiri,Cauvery,2026-06-01 08:30:00+00:00,81.17,NORMAL,84.51,85.4,89.25,10.93805556,78.44027778,CAVMSI_2026-06-01T08:30:00+0000_81.1700
CAVMSI,Cauvery at Musiri,Cauvery,2026-06-01 09:30:00+00:00,81.17,NORMAL,84.51,85.4,89.25,10.93805556,78.44027778,CAVMSI_2026-06-01T09:30:00+0000_81.1700
CAVMSI,Cauvery at Musiri,Cauvery,2026-06-01 10:30:00+00:00,81.047,NORMAL,84.51,85.4,89.25,10.93805556,78.44027778,CAVMSI_2026-06-01T10:30:00+0000_81.0470
CAVMSI,Cauvery at Musiri,Cauvery,2026-06-01 11:30:00+00:00,81.17,NORMAL,84.51,85.4,89.25,10.93805556,78.44027778,CAVMSI_2026-06-01T11:30:00+0000_81.1700
CAVMSI,Cauvery at Musiri,Cauvery,2026-06-01 12:30:00+00:00,81.17,NORMAL,84.51,85.4,89.25,10.93805556,78.44027778,CAVMSI_2026-06-01T12:30:00+0000_81.1700
CAVMSI,Cauvery at Musiri,Cauvery,2026-06-01 13:30:00+00:00,81.17,NORMAL,84.51,85.4,89.25,10.93805556,78.44027778,CAVMSI_2026-06-01T13:30:00+0000_81.1700
CAVMSI,Cauvery at Musiri,Cauvery,2026-06-01 14:30:00+00:00,81.17,NORMAL,84.51,85.4,89.25,10.93805556,78.44027778,CAVMSI_2026-06-01T14:30:00+0000_81.1700
CAVMSI,Cauvery at Musiri,Cauvery,2026-06-01 15:30:00+00:00,81.047,NORMAL,84.51,85.4,89.25,10.93805556,78.44027778,CAVMSI_2026-06-01T15:30:00+0000_81.0470
CAVMSI,Cauvery at Musiri,Cauvery,2026-06-01 16:30:00+00:00,81.047,NORMAL,84.51,85.4,89.25,10.93805556,78.44027778,CAVMSI_2026-06-01T16:30:00+0000_81.0470
CAVMSI,Cauvery at Musiri,Cauvery,2026-06-01 17:30:00+00:00,81.048,NORMAL,84.51,85.4,89.25,10.93805556,78.44027778,CAVMSI_2026-06-01T17:30:00+0000_81.0480
CAVMSI,Cauvery at Musiri,Cauvery,2026-06-01 18:30:00+00:00,81.17,NORMAL,84.51,85.4,89.25,10.93805556,78.44027778,CAVMSI_2026-06-01T18:30:00+0000_81.1700
CAVMSI,Cauvery at Musiri,Cauvery,2026-06-01 19:30:00+00:00,81.047,NORMAL,84.51,85.4,89.25,10.93805556,78.44027778,CAVMSI_2026-06-01T19:30:00+0000_81.0470
CAVMSI,Cauvery at Musiri,Cauvery,2026-06-01 20:30:00+00:00,81.17,NORMAL,84.51,85.4,89.25,10.93805556,78.44027778,CAVMSI_2026-06-01T20:30:00+0000_81.1700
CAVMSI,Cauvery at Musiri,Cauvery,2026-06-01 21:30:00+00:00,81.048,NORMAL,84.51,85.4,89.25,10.93805556,78.44027778,CAVMSI_2026-06-01T21:30:00+0000_81.0480
CAVMSI,Cauvery at Musiri,Cauvery,2026-06-01 22:30:00+00:00,81.048,NORMAL,84.51,85.4,89.25,10.93805556,78.44027778,CAVMSI_2026-06-01T22:30:00+0000_81.0480
CAVMSI,Cauvery at Musiri,Cauvery,2026-06-01 23:30:00+00:00,81.048,NORMAL,84.51,85.4,89.25,10.93805556,78.44027778,CAVMSI_2026-06-01T23:30:00+0000_81.0480
CAVMSI,Cauvery at Musiri,Cauvery,2026-06-02 00:30:00+00:00,81.17,NORMAL,84.51,85.4,89.25,10.93805556,78.44027778,CAVMSI_2026-06-02T00:30:00+0000_81.1700
CAVMSI,Cauvery at Musiri,Cauvery,2026-06-02 01:30:00+00:00,81.17,NORMAL,84.51,85.4,89.25,10.93805556,78.44027778,CAVMSI_2026-06-02T01:30:00+0000_81.1700
CAVMSI,Cauvery at Musiri,Cauvery,2026-06-02 02:30:00+00:00,81.047,NORMAL,84.51,85.4,89.25,10.93805556,78.44027778,CAVMSI_2026-06-02T02:30:00+0000_81.0470
CAVMSI,Cauvery at Musiri,Cauvery,2026-06-02 03:30:00+00:00,81.17,NORMAL,84.51,85.4,89.25,10.93805556,78.44027778,CAVMSI_2026-06-02T03:30:00+0000_81.1700
CAVMSI,Cauvery at Musiri,Cauvery,2026-06-02 04:30:00+00:00,81.17,NORMAL,84.51,85.4,89.25,10.93805556,78.44027778,CAVMSI_2026-06-02T04:30:00+0000_81.1700
CAVMSI,Cauvery at Musiri,Cauvery,2026-06-02 05:30:00+00:00,81.17,NORMAL,84.51,85.4,89.25,10.93805556,78.44027778,CAVMSI_2026-06-02T05:30:00+0000_81.1700
CAVMSI,Cauvery at Musiri,Cauvery,2026-06-02 06:30:00+00:00,81.17,NORMAL,84.51,85.4,89.25,10.93805556,78.44027778,CAVMSI_2026-06-02T06:30:00+0000_81.1700
CAVMSI,Cauvery at Musiri,Cauvery,2026-06-02 07:30:00+00:00,81.044,NORMAL,84.51,85.4,89.25,10.93805556,78.44027778,CAVMSI_2026-06-02T07:30:00+0000_81.0440
CAVMSI,Cauvery at Musiri,Cauvery,2026-06-02 08:30:00+00:00,81.045,NORMAL,84.51,85.4,89.25,10.93805556,78.44027778,CAVMSI_2026-06-02T08:30:00+0000_81.0450
CAVMSI,Cauvery at Musiri,Cauvery,2026-06-02 09:30:00+00:00,81.17,NORMAL,84.51,85.4,89.25,10.93805556,78.44027778,CAVMSI_2026-06-02T09:30:00+0000_81.1700
CAVMSI,Cauvery at Musiri,Cauvery,2026-06-02 10:30:00+00:00,81.046,NORMAL,84.51,85.4,89.25,10.93805556,78.44027778,CAVMSI_2026-06-02T10:30:00+0000_81.0460
CAVMSI,Cauvery at Musiri,Cauvery,2026-06-02 11:30:00+00:00,81.047,NORMAL,84.51,85.4,89.25,10.93805556,78.44027778,CAVMSI_2026-06-02T11:30:00+0000_81.0470
CAVMSI,Cauvery at Musiri,Cauvery,2026-06-02 12:30:00+00:00,81.047,NORMAL,84.51,85.4,89.25,10.93805556,78.44027778,CAVMSI_2026-06-02T12:30:00+0000_81.0470
CAVMSI,Cauvery at Musiri,Cauvery,2026-06-02 13:30:00+00:00,81.17,NORMAL,84.51,85.4,89.25,10.93805556,78.44027778,CAVMSI_2026-06-02T13:30:00+0000_81.1700
CAVMSI,Cauvery at Musiri,Cauvery,2026-06-02 14:30:00+00:00,81.047,NORMAL,84.51,85.4,89.25,10.93805556,78.44027778,CAVMSI_2026-06-02T14:30:00+0000_81.0470
CAVMSI,Cauvery at Musiri,Cauvery,2026-06-02 15:30:00+00:00,81.17,NORMAL,84.51,85.4,89.25,10.93805556,78.44027778,CAVMSI_2026-06-02T15:30:00+0000_81.1700
CAVMSI,Cauvery at Musiri,Cauvery,2026-06-02 16:30:00+00:00,81.047,NORMAL,84.51,85.4,89.25,10.93805556,78.44027778,CAVMSI_2026-06-02T16:30:00+0000_81.0470
CAVMSI,Cauvery at Musiri,Cauvery,2026-06-02 17:30:00+00:00,81.17,NORMAL,84.51,85.4,89.25,10.93805556,78.44027778,CAVMSI_2026-06-02T17:30:00+0000_81.1700
CAVMSI,Cauvery at Musiri,Cauvery,2026-06-02 18:30:00+00:00,81.17,NORMAL,84.51,85.4,89.25,10.93805556,78.44027778,CAVMSI_2026-06-02T18:30:00+0000_81.1700
CAVMSI,Cauvery at Musiri,Cauvery,2026-06-02 19:30:00+00:00,81.17,NORMAL,84.51,85.4,89.25,10.93805556,78.44027778,CAVMSI_2026-06-02T19:30:00+0000_81.1700
CAVMSI,Cauvery at Musiri,Cauvery,2026-06-02 20:30:00+00:00,81.17,NORMAL,84.51,85.4,89.25,10.93805556,78.44027778,CAVMSI_2026-06-02T20:30:00+0000_81.1700
CAVMSI,Cauvery at Musiri,Cauvery,2026-06-02 21:30:00+00:00,81.048,NORMAL,84.51,85.4,89.25,10.93805556,78.44027778,CAVMSI_2026-06-02T21:30:00+0000_81.0480
CAVMSI,Cauvery at Musiri,Cauvery,2026-06-02 22:30:00+00:00,81.17,NORMAL,84.51,85.4,89.25,10.93805556,78.44027778,CAVMSI_2026-06-02T22:30:00+0000_81.1700
CAVMSI,Cauvery at Musiri,Cauvery,2026-06-02 23:30:00+00:00,81.17,NORMAL,84.51,85.4,89.25,10.93805556,78.44027778,CAVMSI_2026-06-02T23:30:00+0000_81.1700
CAVMSI,Cauvery at Musiri,Cauvery,2026-06-03 00:30:00+00:00,81.048,NORMAL,84.51,85.4,89.25,10.93805556,78.44027778,CAVMSI_2026-06-03T00:30:00+0000_81.0480
CAVMSI,Cauvery at Musiri,Cauvery,2026-06-03 01:30:00+00:00,81.047,NORMAL,84.51,85.4,89.25,10.93805556,78.44027778,CAVMSI_2026-06-03T01:30:00+0000_81.0470
CAVMSI,Cauvery at Musiri,Cauvery,2026-06-03 02:30:00+00:00,81.047,NORMAL,84.51,85.4,89.25,10.93805556,78.44027778,CAVMSI_2026-06-03T02:30:00+0000_81.0470
CAVMSI,Cauvery at Musiri,Cauvery,2026-06-03 03:30:00+00:00,81.047,NORMAL,84.51,85.4,89.25,10.93805556,78.44027778,CAVMSI_2026-06-03T03:30:00+0000_81.0470
CAVMSI,Cauvery at Musiri,Cauvery,2026-06-03 04:30:00+00:00,81.047,NORMAL,84.51,85.4,89.25,10.93805556,78.44027778,CAVMSI_2026-06-03T04:30:00+0000_81.0470
CAVMSI,Cauvery at Musiri,Cauvery,2026-06-03 05:30:00+00:00,81.048,NORMAL,84.51,85.4,89.25,10.93805556,78.44027778,CAVMSI_2026-06-03T05:30:00+0000_81.0480
CAVMSI,Cauvery at Musiri,Cauvery,2026-06-03 06:30:00+00:00,81.047,NORMAL,84.51,85.4,89.25,10.93805556,78.44027778,CAVMSI_2026-06-03T06:30:00+0000_81.0470
CAVMSI,Cauvery at Musiri,Cauvery,2026-06-03 07:30:00+00:00,81.044,NORMAL,84.51,85.4,89.25,10.93805556,78.44027778,CAVMSI_2026-06-03T07:30:00+0000_81.0440
CAVMSI,Cauvery at Musiri,Cauvery,2026-06-03 08:30:00+00:00,81.045,NORMAL,84.51,85.4,89.25,10.93805556,78.44027778,CAVMSI_2026-06-03T08:30:00+0000_81.0450
CAVMSI,Cauvery at Musiri,Cauvery,2026-06-03 09:30:00+00:00,,,84.51,85.4,89.25,10.93805556,78.44027778,CAVMSI_2026-06-03T09:30:00+0000_
CAVMSI,Cauvery at Musiri,Cauvery,2026-06-03 10:30:00+00:00,81.046,NORMAL,84.51,85.4,89.25,10.93805556,78.44027778,CAVMSI_2026-06-03T10:30:00+0000_81.0460
CAVMSI,Cauvery at Musiri,Cauvery,2026-06-03 11:30:00+00:00,81.046,NORMAL,84.51,85.4,89.25,10.93805556,78.44027778,CAVMSI_2026-06-03T11:30:00+0000_81.0460
CAVMSI,Cauvery at Musiri,Cauvery,2026-06-03 12:30:00+00:00,81.047,NORMAL,84.51,85.4,89.25,10.93805556,78.44027778,CAVMSI_2026-06-03T12:30:00+0000_81.0470
CAVMSI,Cauvery at Musiri,Cauvery,2026-06-03 13:30:00+00:00,81.047,NORMAL,84.51,85.4,89.25,10.93805556,78.44027778,CAVMSI_2026-06-03T13:30:00+0000_81.0470
CAVMSI,Cauvery at Musiri,Cauvery,2026-06-03 14:30:00+00:00,81.047,NORMAL,84.51,85.4,89.25,10.93805556,78.44027778,CAVMSI_2026-06-03T14:30:00+0000_81.0470
CAVMSI,Cauvery at Musiri,Cauvery,2026-06-03 15:30:00+00:00,81.047,NORMAL,84.51,85.4,89.25,10.93805556,78.44027778,CAVMSI_2026-06-03T15:30:00+0000_81.0470
CAVMSI,Cauvery at Musiri,Cauvery,2026-06-03 16:30:00+00:00,81.047,NORMAL,84.51,85.4,89.25,10.93805556,78.44027778,CAVMSI_2026-06-03T16:30:00+0000_81.0470
CAVMSI,Cauvery at Musiri,Cauvery,2026-06-03 17:30:00+00:00,81.047,NORMAL,84.51,85.4,89.25,10.93805556,78.44027778,CAVMSI_2026-06-03T17:30:00+0000_81.0470
