station_code,station_name,basin_name,timestamp,water_level,flood_status,warning_level,danger_level,high_flood_level,latitude,longitude,dedup_key,_id,SlNo,Agency,State LGD Code,State,District LGD Code,District,Tehsil,Block,Village,River,Basin,Tributary,Subtributary,SubSubtributary,Local River,Is_DischargeDataAvailable,RL_of_zeroGauge,MeanSeaLevel
GDBDCL,Godavari at Bhadrachalam,Godavari,2025-09-08 19:30:00+00:00,39.427,NORMAL,47.5,48.5,53.0,17.66944444,80.87388889,GDBDCL_2025-09-08T19:30:00+0000_39.4270,96851.0,96851.0,CWC,36.0,Telangana,690.0,BHADRADRI,BHADRADRI,Bhadrachalam,Bhadrachalam,Godavari,Godavari,-,-,-,Godavari,Yes,26.61,32.61
GDBDCL,Godavari at Bhadrachalam,Godavari,2025-12-13 19:30:00+00:00,39.426,NORMAL,47.5,48.5,53.0,17.66944444,80.87388889,GDBDCL_2025-12-13T19:30:00+0000_39.4260,96852.0,96852.0,CWC,36.0,Telangana,690.0,BHADRADRI,BHADRADRI,Bhadrachalam,Bhadrachalam,Godavari,Godavari,-,-,-,Godavari,Yes,26.61,32.61
GDBDCL,Godavari at Bhadrachalam,Godavari,2025-12-13 20:30:00+00:00,39.426,NORMAL,47.5,48.5,53.0,17.66944444,80.87388889,GDBDCL_2025-12-13T20:30:00+0000_39.4260,96853.0,96853.0,CWC,36.0,Telangana,690.0,BHADRADRI,BHADRADRI,Bhadrachalam,Bhadrachalam,Godavari,Godavari,-,-,-,Godavari,Yes,26.61,32.61
GDBDCL,Godavari at Bhadrachalam,Godavari,2025-12-13 21:30:00+00:00,39.426,NORMAL,47.5,48.5,53.0,17.66944444,80.87388889,GDBDCL_2025-12-13T21:30:00+0000_39.4260,96854.0,96854.0,CWC,36.0,Telangana,690.0,BHADRADRI,BHADRADRI,Bhadrachalam,Bhadrachalam,Godavari,Godavari,-,-,-,Godavari,Yes,26.61,32.61
GDBDCL,Godavari at Bhadrachalam,Godavari,2025-12-13 22:30:00+00:00,39.426,NORMAL,47.5,48.5,53.0,17.66944444,80.87388889,GDBDCL_2025-12-13T22:30:00+0000_39.4260,96855.0,96855.0,CWC,36.0,Telangana,690.0,BHADRADRI,BHADRADRI,Bhadrachalam,Bhadrachalam,Godavari,Godavari,-,-,-,Godavari,Yes,26.61,32.61
GDBDCL,Godavari at Bhadrachalam,Godavari,2025-12-14 10:30:00+00:00,39.426,NORMAL,47.5,48.5,53.0,17.66944444,80.87388889,GDBDCL_2025-12-14T10:30:00+0000_39.4260,96856.0,96856.0,CWC,36.0,Telangana,690.0,BHADRADRI,BHADRADRI,Bhadrachalam,Bhadrachalam,Godavari,Godavari,-,-,-,Godavari,Yes,26.61,32.61
GDBDCL,Godavari at Bhadrachalam,Godavari,2025-12-14 11:30:00+00:00,39.426,NORMAL,47.5,48.5,53.0,17.66944444,80.87388889,GDBDCL_2025-12-14T11:30:00+0000_39.4260,96857.0,96857.0,CWC,36.0,Telangana,690.0,BHADRADRI,BHADRADRI,Bhadrachalam,Bhadrachalam,Godavari,Godavari,-,-,-,Godavari,Yes,26.61,32.61
GDBDCL,Godavari at Bhadrachalam,Godavari,2025-12-14 12:30:00+00:00,39.426,NORMAL,47.5,48.5,53.0,17.66944444,80.87388889,GDBDCL_2025-12-14T12:30:00+0000_39.4260,96858.0,96858.0,CWC,36.0,Telangana,690.0,BHADRADRI,BHADRADRI,Bhadrachalam,Bhadrachalam,Godavari,Godavari,-,-,-,Godavari,Yes,26.61,32.61
GDBDCL,Godavari at Bhadrachalam,Godavari,2025-12-14 13:30:00+00:00,39.426,NORMAL,47.5,48.5,53.0,17.66944444,80.87388889,GDBDCL_2025-12-14T13:30:00+0000_39.4260,96859.0,96859.0,CWC,36.0,Telangana,690.0,BHADRADRI,BHADRADRI,Bhadrachalam,Bhadrachalam,Godavari,Godavari,-,-,-,Godavari,Yes,26.61,32.61
GDBDCL,Godavari at Bhadrachalam,Godavari,2025-12-14 14:30:00+00:00,39.426,NORMAL,47.5,48.5,53.0,17.66944444,80.87388889,GDBDCL_2025-12-14T14:30:00+0000_39.4260,96860.0,96860.0,CWC,36.0,Telangana,690.0,BHADRADRI,BHADRADRI,Bhadrachalam,Bhadrachalam,Godavari,Godavari,-,-,-,Godavari,Yes,26.61,32.61
GDBDCL,Godavari at Bhadrachalam,Godavari,2025-12-14 15:30:00+00:00,39.426,NORMAL,47.5,48.5,53.0,17.66944444,80.87388889,GDBDCL_2025-12-14T15:30:00+0000_39.4260,96861.0,96861.0,CWC,36.0,Telangana,690.0,BHADRADRI,BHADRADRI,Bhadrachalam,Bhadrachalam,Godavari,Godavari,-,-,-,Godavari,Yes,26.61,32.61
GDBDCL,Godavari at Bhadrachalam,Godavari,2025-12-14 16:30:00+00:00,39.426,NORMAL,47.5,48.5,53.0,17.66944444,80.87388889,GDBDCL_2025-12-14T16:30:00+0000_39.4260,96862.0,96862.0,CWC,36.0,Telangana,690.0,BHADRADRI,BHADRADRI,Bhadrachalam,Bhadrachalam,Godavari,Godavari,-,-,-,Godavari,Yes,26.61,32.61
GDBDCL,Godavari at Bhadrachalam,Godavari,2025-12-14 17:30:00+00:00,39.426,NORMAL,47.5,48.5,53.0,17.66944444,80.87388889,GDBDCL_2025-12-14T17:30:00+0000_39.4260,96863.0,96863.0,CWC,36.0,Telangana,690.0,BHADRADRI,BHADRADRI,Bhadrachalam,Bhadrachalam,Godavari,Godavari,-,-,-,Godavari,Yes,26.61,32.61
GDBDCL,Godavari at Bhadrachalam,Godavari,2025-12-14 18:30:00+00:00,39.426,NORMAL,47.5,48.5,53.0,17.66944444,80.87388889,GDBDCL_2025-12-14T18:30:00+0000_39.4260,96864.0,96864.0,CWC,36.0,Telangana,690.0,BHADRADRI,BHADRADRI,Bhadrachalam,Bhadrachalam,Godavari,Godavari,-,-,-,Godavari,Yes,26.61,32.61
GDBDCL,Godavari at Bhadrachalam,Godavari,2025-12-14 19:30:00+00:00,39.426,NORMAL,47.5,48.5,53.0,17.66944444,80.87388889,GDBDCL_2025-12-14T19:30:00+0000_39.4260,96865.0,96865.0,CWC,36.0,Telangana,690.0,BHADRADRI,BHADRADRI,Bhadrachalam,Bhadrachalam,Godavari,Godavari,-,-,-,Godavari,Yes,26.61,32.61
GDBDCL,Godavari at Bhadrachalam,Godavari,2025-12-14 20:30:00+00:00,39.426,NORMAL,47.5,48.5,53.0,17.66944444,80.87388889,GDBDCL_2025-12-14T20:30:00+0000_39.4260,96866.0,96866.0,CWC,36.0,Telangana,690.0,BHADRADRI,BHADRADRI,Bhadrachalam,Bhadrachalam,Godavari,Godavari,-,-,-,Godavari,Yes,26.61,32.61
GDBDCL,Godavari at Bhadrachalam,Godavari,2025-12-14 21:30:00+00:00,39.426,NORMAL,47.5,48.5,53.0,17.66944444,80.87388889,GDBDCL_2025-12-14T21:30:00+0000_39.4260,96867.0,96867.0,CWC,36.0,Telangana,690.0,BHADRADRI,BHADRADRI,Bhadrachalam,Bhadrachalam,Godavari,Godavari,-,-,-,Godavari,Yes,26.61,32.61
GDBDCL,Godavari at Bhadrachalam,Godavari,2025-12-14 22:30:00+00:00,39.426,NORMAL,47.5,48.5,53.0,17.66944444,80.87388889,GDBDCL_2025-12-14T22:30:00+0000_39.4260,96868.0,96868.0,CWC,36.0,Telangana,690.0,BHADRADRI,BHADRADRI,Bhadrachalam,Bhadrachalam,Godavari,Godavari,-,-,-,Godavari,Yes,26.61,32.61
GDBDCL,Godavari at Bhadrachalam,Godavari,2025-12-15 11:30:00+00:00,39.426,NORMAL,47.5,48.5,53.0,17.66944444,80.87388889,GDBDCL_2025-12-15T11:30:00+0000_39.4260,96869.0,96869.0,CWC,36.0,Telangana,690.0,BHADRADRI,BHADRADRI,Bhadrachalam,Bhadrachalam,Godavari,Godavari,-,-,-,Godavari,Yes,26.61,32.61
GDBDCL,Godavari at Bhadrachalam,Godavari,2025-12-15 12:30:00+00:00,39.426,NORMAL,47.5,48.5,53.0,17.66944444,80.87388889,GDBDCL_2025-12-15T12:30:00+0000_39.4260,96870.0,96870.0,CWC,36.0,Telangana,690.0,BHADRADRI,BHADRADRI,Bhadrachalam,Bhadrachalam,Godavari,Godavari,-,-,-,Godavari,Yes,26.61,32.61
GDBDCL,Godavari at Bhadrachalam,Godavari,2025-12-15 13:30:00+00:00,39.426,NORMAL,47.5,48.5,53.0,17.66944444,80.87388889,GDBDCL_2025-12-15T13:30:00+0000_39.4260,96871.0,96871.0,CWC,36.0,Telangana,690.0,BHADRADRI,BHADRADRI,Bhadrachalam,Bhadrachalam,Godavari,Godavari,-,-,-,Godavari,Yes,26.61,32.61
GDBDCL,Godavari at Bhadrachalam,Godavari,2025-12-15 14:30:00+00:00,39.426,NORMAL,47.5,48.5,53.0,17.66944444,80.87388889,GDBDCL_2025-12-15T14:30:00+0000_39.4260,96872.0,96872.0,CWC,36.0,Telangana,690.0,BHADRADRI,BHADRADRI,Bhadrachalam,Bhadrachalam,Godavari,Godavari,-,-,-,Godavari,Yes,26.61,32.61
GDBDCL,Godavari at Bhadrachalam,Godavari,2025-12-15 15:30:00+00:00,39.426,NORMAL,47.5,48.5,53.0,17.66944444,80.87388889,GDBDCL_2025-12-15T15:30:00+0000_39.4260,96873.0,96873.0,CWC,36.0,Telangana,690.0,BHADRADRI,BHADRADRI,Bhadrachalam,Bhadrachalam,Godavari,Godavari,-,-,-,Godavari,Yes,26.61,32.61
GDBDCL,Godavari at Bhadrachalam,Godavari,2025-12-15 16:30:00+00:00,39.426,NORMAL,47.5,48.5,53.0,17.66944444,80.87388889,GDBDCL_2025-12-15T16:30:00+0000_39.4260,96874.0,96874.0,CWC,36.0,Telangana,690.0,BHADRADRI,BHADRADRI,Bhadrachalam,Bhadrachalam,Godavari,Godavari,-,-,-,Godavari,Yes,26.61,32.61
GDBDCL,Godavari at Bhadrachalam,Godavari,2025-12-15 17:30:00+00:00,39.426,NORMAL,47.5,48.5,53.0,17.66944444,80.87388889,GDBDCL_2025-12-15T17:30:00+0000_39.4260,96875.0,96875.0,CWC,36.0,Telangana,690.0,BHADRADRI,BHADRADRI,Bhadrachalam,Bhadrachalam,Godavari,Godavari,-,-,-,Godavari,Yes,26.61,32.61
GDBDCL,Godavari at Bhadrachalam,Godavari,2025-12-15 18:30:00+00:00,39.426,NORMAL,47.5,48.5,53.0,17.66944444,80.87388889,GDBDCL_2025-12-15T18:30:00+0000_39.4260,96876.0,96876.0,CWC,36.0,Telangana,690.0,BHADRADRI,BHADRADRI,Bhadrachalam,Bhadrachalam,Godavari,Godavari,-,-,-,Godavari,Yes,26.61,32.61
GDBDCL,Godavari at Bhadrachalam,Godavari,2025-12-15 19:30:00+00:00,39.426,NORMAL,47.5,48.5,53.0,17.66944444,80.87388889,GDBDCL_2025-12-15T19:30:00+0000_39.4260,96877.0,96877.0,CWC,36.0,Telangana,690.0,BHADRADRI,BHADRADRI,Bhadrachalam,Bhadrachalam,Godavari,Godavari,-,-,-,Godavari,Yes,26.61,32.61
GDBDCL,Godavari at Bhadrachalam,Godavari,2025-12-15 20:30:00+00:00,39.426,NORMAL,47.5,48.5,53.0,17.66944444,80.87388889,GDBDCL_2025-12-15T20:30:00+0000_39.4260,96878.0,96878.0,CWC,36.0,Telangana,690.0,BHADRADRI,BHADRADRI,Bhadrachalam,Bhadrachalam,Godavari,Godavari,-,-,-,Godavari,Yes,26.61,32.61
GDBDCL,Godavari at Bhadrachalam,Godavari,2025-12-15 21:30:00+00:00,39.426,NORMAL,47.5,48.5,53.0,17.66944444,80.87388889,GDBDCL_2025-12-15T21:30:00+0000_39.4260,96879.0,96879.0,CWC,36.0,Telangana,690.0,BHADRADRI,BHADRADRI,Bhadrachalam,Bhadrachalam,Godavari,Godavari,-,-,-,Godavari,Yes,26.61,32.61
GDBDCL,Godavari at Bhadrachalam,Godavari,2025-12-16 18:30:00+00:00,39.426,NORMAL,47.5,48.5,53.0,17.66944444,80.87388889,GDBDCL_2025-12-16T18:30:00+0000_39.4260,96880.0,96880.0,CWC,36.0,Telangana,690.0,BHADRADRI,BHADRADRI,Bhadrachalam,Bhadrachalam,Godavari,Godavari,-,-,-,Godavari,Yes,26.61,32.61
GDBDCL,Godavari at Bhadrachalam,Godavari,2025-12-16 19:30:00+00:00,39.426,NORMAL,47.5,48.5,53.0,17.66944444,80.87388889,GDBDCL_2025-12-16T19:30:00+0000_39.4260,96881.0,96881.0,CWC,36.0,Telangana,690.0,BHADRADRI,BHADRADRI,Bhadrachalam,Bhadrachalam,Godavari,Godavari,-,-,-,Godavari,Yes,26.61,32.61
GDBDCL,Godavari at Bhadrachalam,Godavari,2025-12-16 21:30:00+00:00,39.426,NORMAL,47.5,48.5,53.0,17.66944444,80.87388889,GDBDCL_2025-12-16T21:30:00+0000_39.4260,96882.0,96882.0,CWC,36.0,Telangana,690.0,BHADRADRI,BHADRADRI,Bhadrachalam,Bhadrachalam,Godavari,Godavari,-,-,-,Godavari,Yes,26.61,32.61
GDBDCL,Godavari at Bhadrachalam,Godavari,2025-12-16 22:30:00+00:00,39.426,NORMAL,47.5,48.5,53.0,17.66944444,80.87388889,GDBDCL_2025-12-16T22:30:00+0000_39.4260,96883.0,96883.0,CWC,36.0,Telangana,690.0,BHADRADRI,BHADRADRI,Bhadrachalam,Bhadrachalam,Godavari,Godavari,-,-,-,Godavari,Yes,26.61,32.61
GDBDCL,Godavari at Bhadrachalam,Godavari,2025-12-17 13:30:00+00:00,39.426,NORMAL,47.5,48.5,53.0,17.66944444,80.87388889,GDBDCL_2025-12-17T13:30:00+0000_39.4260,96884.0,96884.0,CWC,36.0,Telangana,690.0,BHADRADRI,BHADRADRI,Bhadrachalam,Bhadrachalam,Godavari,Godavari,-,-,-,Godavari,Yes,26.61,32.61
GDBDCL,Godavari at Bhadrachalam,Godavari,2025-12-17 14:30:00+00:00,39.426,NORMAL,47.5,48.5,53.0,17.66944444,80.87388889,GDBDCL_2025-12-17T14:30:00+0000_39.4260,96885.0,96885.0,CWC,36.0,Telangana,690.0,BHADRADRI,BHADRADRI,Bhadrachalam,Bhadrachalam,Godavari,Godavari,-,-,-,Godavari,Yes,26.61,32.61
GDBDCL,Godavari at Bhadrachalam,Godavari,2025-12-17 15:30:00+00:00,39.426,NORMAL,47.5,48.5,53.0,17.66944444,80.87388889,GDBDCL_2025-12-17T15:30:00+0000_39.4260,96886.0,96886.0,CWC,36.0,Telangana,690.0,BHADRADRI,BHADRADRI,Bhadrachalam,Bhadrachalam,Godavari,Godavari,-,-,-,Godavari,Yes,26.61,32.61
GDBDCL,Godavari at Bhadrachalam,Godavari,2025-12-17 16:30:00+00:00,39.426,NORMAL,47.5,48.5,53.0,17.66944444,80.87388889,GDBDCL_2025-12-17T16:30:00+0000_39.4260,96887.0,96887.0,CWC,36.0,Telangana,690.0,BHADRADRI,BHADRADRI,Bhadrachalam,Bhadrachalam,Godavari,Godavari,-,-,-,Godavari,Yes,26.61,32.61
GDBDCL,Godavari at Bhadrachalam,Godavari,2025-12-17 17:30:00+00:00,39.426,NORMAL,47.5,48.5,53.0,17.66944444,80.87388889,GDBDCL_2025-12-17T17:30:00+0000_39.4260,96888.0,96888.0,CWC,36.0,Telangana,690.0,BHADRADRI,BHADRADRI,Bhadrachalam,Bhadrachalam,Godavari,Godavari,-,-,-,Godavari,Yes,26.61,32.61
GDBDCL,Godavari at Bhadrachalam,Godavari,2025-12-17 18:30:00+00:00,39.426,NORMAL,47.5,48.5,53.0,17.66944444,80.87388889,GDBDCL_2025-12-17T18:30:00+0000_39.4260,96889.0,96889.0,CWC,36.0,Telangana,690.0,BHADRADRI,BHADRADRI,Bhadrachalam,Bhadrachalam,Godavari,Godavari,-,-,-,Godavari,Yes,26.61,32.61
GDBDCL,Godavari at Bhadrachalam,Godavari,2025-12-17 19:30:00+00:00,39.426,NORMAL,47.5,48.5,53.0,17.66944444,80.87388889,GDBDCL_2025-12-17T19:30:00+0000_39.4260,96890.0,96890.0,CWC,36.0,Telangana,690.0,BHADRADRI,BHADRADRI,Bhadrachalam,Bhadrachalam,Godavari,Godavari,-,-,-,Godavari,Yes,26.61,32.61
GDBDCL,Godavari at Bhadrachalam,Godavari,2025-12-17 20:30:00+00:00,39.426,NORMAL,47.5,48.5,53.0,17.66944444,80.87388889,GDBDCL_2025-12-17T20:30:00+0000_39.4260,96891.0,96891.0,CWC,36.0,Telangana,690.0,BHADRADRI,BHADRADRI,Bhadrachalam,Bhadrachalam,Godavari,Godavari,-,-,-,Godavari,Yes,26.61,32.61
GDBDCL,Godavari at Bhadrachalam,Godavari,2025-12-17 21:30:00+00:00,39.426,NORMAL,47.5,48.5,53.0,17.66944444,80.87388889,GDBDCL_2025-12-17T21:30:00+0000_39.4260,96892.0,96892.0,CWC,36.0,Telangana,690.0,BHADRADRI,BHADRADRI,Bhadrachalam,Bhadrachalam,Godavari,Godavari,-,-,-,Godavari,Yes,26.61,32.61
GDBDCL,Godavari at Bhadrachalam,Godavari,2025-12-17 22:30:00+00:00,39.426,NORMAL,47.5,48.5,53.0,17.66944444,80.87388889,GDBDCL_2025-12-17T22:30:00+0000_39.4260,96893.0,96893.0,CWC,36.0,Telangana,690.0,BHADRADRI,BHADRADRI,Bhadrachalam,Bhadrachalam,Godavari,Godavari,-,-,-,Godavari,Yes,26.61,32.61
GDBDCL,Godavari at Bhadrachalam,Godavari,2025-12-18 13:30:00+00:00,39.426,NORMAL,47.5,48.5,53.0,17.66944444,80.87388889,GDBDCL_2025-12-18T13:30:00+0000_39.4260,96894.0,96894.0,CWC,36.0,Telangana,690.0,BHADRADRI,BHADRADRI,Bhadrachalam,Bhadrachalam,Godavari,Godavari,-,-,-,Godavari,Yes,26.61,32.61
GDBDCL,Godavari at Bhadrachalam,Godavari,2025-12-18 14:30:00+00:00,39.426,NORMAL,47.5,48.5,53.0,17.66944444,80.87388889,GDBDCL_2025-12-18T14:30:00+0000_39.4260,96895.0,96895.0,CWC,36.0,Telangana,690.0,BHADRADRI,BHADRADRI,Bhadrachalam,Bhadrachalam,Godavari,Godavari,-,-,-,Godavari,Yes,26.61,32.61
GDBDCL,Godavari at Bhadrachalam,Godavari,2025-12-18 15:30:00+00:00,39.426,NORMAL,47.5,48.5,53.0,17.66944444,80.87388889,GDBDCL_2025-12-18T15:30:00+0000_39.4260,96896.0,96896.0,CWC,36.0,Telangana,690.0,BHADRADRI,BHADRADRI,Bhadrachalam,Bhadrachalam,Godavari,Godavari,-,-,-,Godavari,Yes,26.61,32.61
GDBDCL,Godavari at Bhadrachalam,Godavari,2025-12-18 16:30:00+00:00,39.426,NORMAL,47.5,48.5,53.0,17.66944444,80.87388889,GDBDCL_2025-12-18T16:30:00+0000_39.4260,96897.0,96897.0,CWC,36.0,Telangana,690.0,BHADRADRI,BHADRADRI,Bhadrachalam,Bhadrachalam,Godavari,Godavari,-,-,-,Godavari,Yes,26.61,32.61
GDBDCL,Godavari at Bhadrachalam,Godavari,2025-12-18 17:30:00+00:00,39.426,NORMAL,47.5,48.5,53.0,17.66944444,80.87388889,GDBDCL_2025-12-18T17:30:00+0000_39.4260,96898.0,96898.0,CWC,36.0,Telangana,690.0,BHADRADRI,BHADRADRI,Bhadrachalam,Bhadrachalam,Godavari,Godavari,-,-,-,Godavari,Yes,26.61,32.61
GDBDCL,Godavari at Bhadrachalam,Godavari,2025-12-18 18:30:00+00:00,39.426,NORMAL,47.5,48.5,53.0,17.66944444,80.87388889,GDBDCL_2025-12-18T18:30:00+0000_39.4260,96899.0,96899.0,CWC,36.0,Telangana,690.0,BHADRADRI,BHADRADRI,Bhadrachalam,Bhadrachalam,Godavari,Godavari,-,-,-,Godavari,Yes,26.61,32.61
GDBDCL,Godavari at Bhadrachalam,Godavari,2025-12-18 19:30:00+00:00,39.426,NORMAL,47.5,48.5,53.0,17.66944444,80.87388889,GDBDCL_2025-12-18T19:30:00+0000_39.4260,96900.0,96900.0,CWC,36.0,Telangana,690.0,BHADRADRI,BHADRADRI,Bhadrachalam,Bhadrachalam,Godavari,Godavari,-,-,-,Godavari,Yes,26.61,32.61
GDBDCL,Godavari at Bhadrachalam,Godavari,2025-12-18 20:30:00+00:00,39.426,NORMAL,47.5,48.5,53.0,17.66944444,80.87388889,GDBDCL_2025-12-18T20:30:00+0000_39.4260,96901.0,96901.0,CWC,36.0,Telangana,690.0,BHADRADRI,BHADRADRI,Bhadrachalam,Bhadrachalam,Godavari,Godavari,-,-,-,Godavari,Yes,26.61,32.61
GDBDCL,Godavari at Bhadrachalam,Godavari,2025-12-18 21:30:00+00:00,39.426,NORMAL,47.5,48.5,53.0,17.66944444,80.87388889,GDBDCL_2025-12-18T21:30:00+0000_39.4260,96902.0,96902.0,CWC,36.0,Telangana,690.0,BHADRADRI,BHADRADRI,Bhadrachalam,Bhadrachalam,Godavari,Godavari,-,-,-,Godavari,Yes,26.61,32.61
GDBDCL,Godavari at Bhadrachalam,Godavari,2025-12-18 22:30:00+00:00,39.426,NORMAL,47.5,48.5,53.0,17.66944444,80.87388889,GDBDCL_2025-12-18T22:30:00+0000_39.4260,96903.0,96903.0,CWC,36.0,Telangana,690.0,BHADRADRI,BHADRADRI,Bhadrachalam,Bhadrachalam,Godavari,Godavari,-,-,-,Godavari,Yes,26.61,32.61
GDBDCL,Godavari at Bhadrachalam,Godavari,2025-12-19 11:30:00+00:00,39.426,NORMAL,47.5,48.5,53.0,17.66944444,80.87388889,GDBDCL_2025-12-19T11:30:00+0000_39.4260,96904.0,96904.0,CWC,36.0,Telangana,690.0,BHADRADRI,BHADRADRI,Bhadrachalam,Bhadrachalam,Godavari,Godavari,-,-,-,Godavari,Yes,26.61,32.61
GDBDCL,Godavari at Bhadrachalam,Godavari,2025-12-19 12:30:00+00:00,39.426,NORMAL,47.5,48.5,53.0,17.66944444,80.87388889,GDBDCL_2025-12-19T12:30:00+0000_39.4260,96905.0,96905.0,CWC,36.0,Telangana,690.0,BHADRADRI,BHADRADRI,Bhadrachalam,Bhadrachalam,Godavari,Godavari,-,-,-,Godavari,Yes,26.61,32.61
GDBDCL,Godavari at Bhadrachalam,Godavari,2025-12-19 13:30:00+00:00,39.426,NORMAL,47.5,48.5,53.0,17.66944444,80.87388889,GDBDCL_2025-12-19T13:30:00+0000_39.4260,96906.0,96906.0,CWC,36.0,Telangana,690.0,BHADRADRI,BHADRADRI,Bhadrachalam,Bhadrachalam,Godavari,Godavari,-,-,-,Godavari,Yes,26.61,32.61
GDBDCL,Godavari at Bhadrachalam,Godavari,2025-12-19 14:30:00+00:00,39.426,NORMAL,47.5,48.5,53.0,17.66944444,80.87388889,GDBDCL_2025-12-19T14:30:00+0000_39.4260,96907.0,96907.0,CWC,36.0,Telangana,690.0,BHADRADRI,BHADRADRI,Bhadrachalam,Bhadrachalam,Godavari,Godavari,-,-,-,Godavari,Yes,26.61,32.61
GDBDCL,Godavari at Bhadrachalam,Godavari,2025-12-19 15:30:00+00:00,39.426,NORMAL,47.5,48.5,53.0,17.66944444,80.87388889,GDBDCL_2025-12-19T15:30:00+0000_39.4260,96908.0,96908.0,CWC,36.0,Telangana,690.0,BHADRADRI,BHADRADRI,Bhadrachalam,Bhadrachalam,Godavari,Godavari,-,-,-,Godavari,Yes,26.61,32.61
GDBDCL,Godavari at Bhadrachalam,Godavari,2025-12-19 16:30:00+00:00,39.426,NORMAL,47.5,48.5,53.0,17.66944444,80.87388889,GDBDCL_2025-12-19T16:30:00+0000_39.4260,96909.0,96909.0,CWC,36.0,Telangana,690.0,BHADRADRI,BHADRADRI,Bhadrachalam,Bhadrachalam,Godavari,Godavari,-,-,-,Godavari,Yes,26.61,32.61
GDBDCL,Godavari at Bhadrachalam,Godavari,2025-12-19 17:30:00+00:00,39.426,NORMAL,47.5,48.5,53.0,17.66944444,80.87388889,GDBDCL_2025-12-19T17:30:00+0000_39.4260,96910.0,96910.0,CWC,36.0,Telangana,690.0,BHADRADRI,BHADRADRI,Bhadrachalam,Bhadrachalam,Godavari,Godavari,-,-,-,Godavari,Yes,26.61,32.61
GDBDCL,Godavari at Bhadrachalam,Godavari,2025-12-19 18:30:00+00:00,39.426,NORMAL,47.5,48.5,53.0,17.66944444,80.87388889,GDBDCL_2025-12-19T18:30:00+0000_39.4260,96911.0,96911.0,CWC,36.0,Telangana,690.0,BHADRADRI,BHADRADRI,Bhadrachalam,Bhadrachalam,Godavari,Godavari,-,-,-,Godavari,Yes,26.61,32.61
GDBDCL,Godavari at Bhadrachalam,Godavari,2025-12-19 19:30:00+00:00,39.426,NORMAL,47.5,48.5,53.0,17.66944444,80.87388889,GDBDCL_2025-12-19T19:30:00+0000_39.4260,96912.0,96912.0,CWC,36.0,Telangana,690.0,BHADRADRI,BHADRADRI,Bhadrachalam,Bhadrachalam,Godavari,Godavari,-,-,-,Godavari,Yes,26.61,32.61
GDBDCL,Godavari at Bhadrachalam,Godavari,2025-12-19 20:30:00+00:00,39.426,NORMAL,47.5,48.5,53.0,17.66944444,80.87388889,GDBDCL_2025-12-19T20:30:00+0000_39.4260,96913.0,96913.0,CWC,36.0,Telangana,690.0,BHADRADRI,BHADRADRI,Bhadrachalam,Bhadrachalam,Godavari,Godavari,-,-,-,Godavari,Yes,26.61,32.61
GDBDCL,Godavari at Bhadrachalam,Godavari,2025-12-19 21:30:00+00:00,39.426,NORMAL,47.5,48.5,53.0,17.66944444,80.87388889,GDBDCL_2025-12-19T21:30:00+0000_39.4260,96914.0,96914.0,CWC,36.0,Telangana,690.0,BHADRADRI,BHADRADRI,Bhadrachalam,Bhadrachalam,Godavari,Godavari,-,-,-,Godavari,Yes,26.61,32.61
GDBDCL,Godavari at Bhadrachalam,Godavari,2025-12-20 10:30:00+00:00,39.426,NORMAL,47.5,48.5,53.0,17.66944444,80.87388889,GDBDCL_2025-12-20T10:30:00+0000_39.4260,96915.0,96915.0,CWC,36.0,Telangana,690.0,BHADRADRI,BHADRADRI,Bhadrachalam,Bhadrachalam,Godavari,Godavari,-,-,-,Godavari,Yes,26.61,32.61
GDBDCL,Godavari at Bhadrachalam,Godavari,2025-12-20 11:30:00+00:00,39.426,NORMAL,47.5,48.5,53.0,17.66944444,80.87388889,GDBDCL_2025-12-20T11:30:00+0000_39.4260,96916.0,96916.0,CWC,36.0,Telangana,690.0,BHADRADRI,BHADRADRI,Bhadrachalam,Bhadrachalam,Godavari,Godavari,-,-,-,Godavari,Yes,26.61,32.61
GDBDCL,Godavari at Bhadrachalam,Godavari,2025-12-20 12:30:00+00:00,39.426,NORMAL,47.5,48.5,53.0,17.66944444,80.87388889,GDBDCL_2025-12-20T12:30:00+0000_39.4260,96917.0,96917.0,CWC,36.0,Telangana,690.0,BHADRADRI,BHADRADRI,Bhadrachalam,Bhadrachalam,Godavari,Godavari,-,-,-,Godavari,Yes,26.61,32.61
GDBDCL,Godavari at Bhadrachalam,Godavari,2025-12-20 13:30:00+00:00,39.426,NORMAL,47.5,48.5,53.0,17.66944444,80.87388889,GDBDCL_2025-12-20T13:30:00+0000_39.4260,96918.0,96918.0,CWC,36.0,Telangana,690.0,BHADRADRI,BHADRADRI,Bhadrachalam,Bhadrachalam,Godavari,Godavari,-,-,-,Godavari,Yes,26.61,32.61
GDBDCL,Godavari at Bhadrachalam,Godavari,2025-12-20 14:30:00+00:00,39.426,NORMAL,47.5,48.5,53.0,17.66944444,80.87388889,GDBDCL_2025-12-20T14:30:00+0000_39.4260,96919.0,96919.0,CWC,36.0,Telangana,690.0,BHADRADRI,BHADRADRI,Bhadrachalam,Bhadrachalam,Godavari,Godavari,-,-,-,Godavari,Yes,26.61,32.61
GDBDCL,Godavari at Bhadrachalam,Godavari,2025-12-20 15:30:00+00:00,39.426,NORMAL,47.5,48.5,53.0,17.66944444,80.87388889,GDBDCL_2025-12-20T15:30:00+0000_39.4260,96920.0,96920.0,CWC,36.0,Telangana,690.0,BHADRADRI,BHADRADRI,Bhadrachalam,Bhadrachalam,Godavari,Godavari,-,-,-,Godavari,Yes,26.61,32.61
GDBDCL,Godavari at Bhadrachalam,Godavari,2025-12-20 16:30:00+00:00,39.426,NORMAL,47.5,48.5,53.0,17.66944444,80.87388889,GDBDCL_2025-12-20T16:30:00+0000_39.4260,96921.0,96921.0,CWC,36.0,Telangana,690.0,BHADRADRI,BHADRADRI,Bhadrachalam,Bhadrachalam,Godavari,Godavari,-,-,-,Godavari,Yes,26.61,32.61
GDBDCL,Godavari at Bhadrachalam,Godavari,2025-12-20 17:30:00+00:00,39.426,NORMAL,47.5,48.5,53.0,17.66944444,80.87388889,GDBDCL_2025-12-20T17:30:00+0000_39.4260,96922.0,96922.0,CWC,36.0,Telangana,690.0,BHADRADRI,BHADRADRI,Bhadrachalam,Bhadrachalam,Godavari,Godavari,-,-,-,Godavari,Yes,26.61,32.61
GDBDCL,Godavari at Bhadrachalam,Godavari,2025-12-20 18:30:00+00:00,39.426,NORMAL,47.5,48.5,53.0,17.66944444,80.87388889,GDBDCL_2025-12-20T18:30:00+0000_39.4260,96923.0,96923.0,CWC,36.0,Telangana,690.0,BHADRADRI,BHADRADRI,Bhadrachalam,Bhadrachalam,Godavari,Godavari,-,-,-,Godavari,Yes,26.61,32.61
GDBDCL,Godavari at Bhadrachalam,Godavari,2025-12-20 19:30:00+00:00,39.426,NORMAL,47.5,48.5,53.0,17.66944444,80.87388889,GDBDCL_2025-12-20T19:30:00+0000_39.4260,96924.0,96924.0,CWC,36.0,Telangana,690.0,BHADRADRI,BHADRADRI,Bhadrachalam,Bhadrachalam,Godavari,Godavari,-,-,-,Godavari,Yes,26.61,32.61
GDBDCL,Godavari at Bhadrachalam,Godavari,2025-12-20 20:30:00+00:00,39.426,NORMAL,47.5,48.5,53.0,17.66944444,80.87388889,GDBDCL_2025-12-20T20:30:00+0000_39.4260,96925.0,96925.0,CWC,36.0,Telangana,690.0,BHADRADRI,BHADRADRI,Bhadrachalam,Bhadrachalam,Godavari,Godavari,-,-,-,Godavari,Yes,26.61,32.61
GDBDCL,Godavari at Bhadrachalam,Godavari,2025-12-20 21:30:00+00:00,39.426,NORMAL,47.5,48.5,53.0,17.66944444,80.87388889,GDBDCL_2025-12-20T21:30:00+0000_39.4260,96926.0,96926.0,CWC,36.0,Telangana,690.0,BHADRADRI,BHADRADRI,Bhadrachalam,Bhadrachalam,Godavari,Godavari,-,-,-,Godavari,Yes,26.61,32.61
GDBDCL,Godavari at Bhadrachalam,Godavari,2025-12-20 22:30:00+00:00,39.426,NORMAL,47.5,48.5,53.0,17.66944444,80.87388889,GDBDCL_2025-12-20T22:30:00+0000_39.4260,96927.0,96927.0,CWC,36.0,Telangana,690.0,BHADRADRI,BHADRADRI,Bhadrachalam,Bhadrachalam,Godavari,Godavari,-,-,-,Godavari,Yes,26.61,32.61
GDBDCL,Godavari at Bhadrachalam,Godavari,2025-12-21 18:30:00+00:00,39.426,NORMAL,47.5,48.5,53.0,17.66944444,80.87388889,GDBDCL_2025-12-21T18:30:00+0000_39.4260,96928.0,96928.0,CWC,36.0,Telangana,690.0,BHADRADRI,BHADRADRI,Bhadrachalam,Bhadrachalam,Godavari,Godavari,-,-,-,Godavari,Yes,26.61,32.61
GDBDCL,Godavari at Bhadrachalam,Godavari,2025-12-21 20:30:00+00:00,39.426,NORMAL,47.5,48.5,53.0,17.66944444,80.87388889,GDBDCL_2025-12-21T20:30:00+0000_39.4260,96929.0,96929.0,CWC,36.0,Telangana,690.0,BHADRADRI,BHADRADRI,Bhadrachalam,Bhadrachalam,Godavari,Godavari,-,-,-,Godavari,Yes,26.61,32.61
GDBDCL,Godavari at Bhadrachalam,Godavari,2025-12-21 21:30:00+00:00,39.426,NORMAL,47.5,48.5,53.0,17.66944444,80.87388889,GDBDCL_2025-12-21T21:30:00+0000_39.4260,96930.0,96930.0,CWC,36.0,Telangana,690.0,BHADRADRI,BHADRADRI,Bhadrachalam,Bhadrachalam,Godavari,Godavari,-,-,-,Godavari,Yes,26.61,32.61
GDBDCL,Godavari at Bhadrachalam,Godavari,2025-12-21 22:30:00+00:00,39.426,NORMAL,47.5,48.5,53.0,17.66944444,80.87388889,GDBDCL_2025-12-21T22:30:00+0000_39.4260,96931.0,96931.0,CWC,36.0,Telangana,690.0,BHADRADRI,BHADRADRI,Bhadrachalam,Bhadrachalam,Godavari,Godavari,-,-,-,Godavari,Yes,26.61,32.61
GDBDCL,Godavari at Bhadrachalam,Godavari,2025-12-22 06:30:00+00:00,39.427,NORMAL,47.5,48.5,53.0,17.66944444,80.87388889,GDBDCL_2025-12-22T06:30:00+0000_39.4270,96932.0,96932.0,CWC,36.0,Telangana,690.0,BHADRADRI,BHADRADRI,Bhadrachalam,Bhadrachalam,Godavari,Godavari,-,-,-,Godavari,Yes,26.61,32.61
GDBDCL,Godavari at Bhadrachalam,Godavari,2025-12-22 07:30:00+00:00,39.427,NORMAL,47.5,48.5,53.0,17.66944444,80.87388889,GDBDCL_2025-12-22T07:30:00+0000_39.4270,96933.0,96933.0,CWC,36.0,Telangana,690.0,BHADRADRI,BHADRADRI,Bhadrachalam,Bhadrachalam,Godavari,Godavari,-,-,-,Godavari,Yes,26.61,32.61
GDBDCL,Godavari at Bhadrachalam,Godavari,2025-12-22 08:30:00+00:00,39.427,NORMAL,47.5,48.5,53.0,17.66944444,80.87388889,GDBDCL_2025-12-22T08:30:00+0000_39.4270,96934.0,96934.0,CWC,36.0,Telangana,690.0,BHADRADRI,BHADRADRI,Bhadrachalam,Bhadrachalam,Godavari,Godavari,-,-,-,Godavari,Yes,26.61,32.61
GDBDCL,Godavari at Bhadrachalam,Godavari,2025-12-22 09:30:00+00:00,39.426,NORMAL,47.5,48.5,53.0,17.66944444,80.87388889,GDBDCL_2025-12-22T09:30:00+0000_39.4260,96935.0,96935.0,CWC,36.0,Telangana,690.0,BHADRADRI,BHADRADRI,Bhadrachalam,Bhadrachalam,Godavari,Godavari,-,-,-,Godavari,Yes,26.61,32.61
GDBDCL,Godavari at Bhadrachalam,Godavari,2025-12-22 10:30:00+00:00,39.426,NORMAL,47.5,48.5,53.0,17.66944444,80.87388889,GDBDCL_2025-12-22T10:30:00+0000_39.4260,96936.0,96936.0,CWC,36.0,Telangana,690.0,BHADRADRI,BHADRADRI,Bhadrachalam,Bhadrachalam,Godavari,Godavari,-,-,-,Godavari,Yes,26.61,32.61
GDBDCL,Godavari at Bhadrachalam,Godavari,2025-12-22 11:30:00+00:00,39.426,NORMAL,47.5,48.5,53.0,17.66944444,80.87388889,GDBDCL_2025-12-22T11:30:00+0000_39.4260,96937.0,96937.0,CWC,36.0,Telangana,690.0,BHADRADRI,BHADRADRI,Bhadrachalam,Bhadrachalam,Godavari,Godavari,-,-,-,Godavari,Yes,26.61,32.61
GDBDCL,Godavari at Bhadrachalam,Godavari,2025-12-22 13:30:00+00:00,39.426,NORMAL,47.5,48.5,53.0,17.66944444,80.87388889,GDBDCL_2025-12-22T13:30:00+0000_39.4260,96938.0,96938.0,CWC,36.0,Telangana,690.0,BHADRADRI,BHADRADRI,Bhadrachalam,Bhadrachalam,Godavari,Godavari,-,-,-,Godavari,Yes,26.61,32.61
GDBDCL,Godavari at Bhadrachalam,Godavari,2025-12-22 14:30:00+00:00,39.426,NORMAL,47.5,48.5,53.0,17.66944444,80.87388889,GDBDCL_2025-12-22T14:30:00+0000_39.4260,96939.0,96939.0,CWC,36.0,Telangana,690.0,BHADRADRI,BHADRADRI,Bhadrachalam,Bhadrachalam,Godavari,Godavari,-,-,-,Godavari,Yes,26.61,32.61
GDBDCL,Godavari at Bhadrachalam,Godavari,2025-12-22 18:30:00+00:00,39.426,NORMAL,47.5,48.5,53.0,17.66944444,80.87388889,GDBDCL_2025-12-22T18:30:00+0000_39.4260,96940.0,96940.0,CWC,36.0,Telangana,690.0,BHADRADRI,BHADRADRI,Bhadrachalam,Bhadrachalam,Godavari,Godavari,-,-,-,Godavari,Yes,26.61,32.61
GDBDCL,Godavari at Bhadrachalam,Godavari,2025-12-22 19:30:00+00:00,39.426,NORMAL,47.5,48.5,53.0,17.66944444,80.87388889,GDBDCL_2025-12-22T19:30:00+0000_39.4260,96941.0,96941.0,CWC,36.0,Telangana,690.0,BHADRADRI,BHADRADRI,Bhadrachalam,Bhadrachalam,Godavari,Godavari,-,-,-,Godavari,Yes,26.61,32.61
GDBDCL,Godavari at Bhadrachalam,Godavari,2026-01-19 17:30:00+00:00,39.426,NORMAL,47.5,48.5,53.0,17.66944444,80.87388889,GDBDCL_2026-01-19T17:30:00+0000_39.4260,1170.0,1170.0,CWC,36.0,Telangana,690.0,BHADRADRI,BHADRADRI,Bhadrachalam,Bhadrachalam,Godavari,Godavari,-,-,-,Godavari,Yes,26.61,32.61
GDBDCL,Godavari at Bhadrachalam,Godavari,2026-01-19 18:30:00+00:00,39.426,NORMAL,47.5,48.5,53.0,17.66944444,80.87388889,GDBDCL_2026-01-19T18:30:00+0000_39.4260,1171.0,1171.0,CWC,36.0,Telangana,690.0,BHADRADRI,BHADRADRI,Bhadrachalam,Bhadrachalam,Godavari,Godavari,-,-,-,Godavari,Yes,26.61,32.61
GDBDCL,Godavari at Bhadrachalam,Godavari,2026-01-19 19:30:00+00:00,39.426,NORMAL,47.5,48.5,53.0,17.66944444,80.87388889,GDBDCL_2026-01-19T19:30:00+0000_39.4260,1172.0,1172.0,CWC,36.0,Telangana,690.0,BHADRADRI,BHADRADRI,Bhadrachalam,Bhadrachalam,Godavari,Godavari,-,-,-,Godavari,Yes,26.61,32.61
GDBDCL,Godavari at Bhadrachalam,Godavari,2026-01-20 18:30:00+00:00,39.426,NORMAL,47.5,48.5,53.0,17.66944444,80.87388889,GDBDCL_2026-01-20T18:30:00+0000_39.4260,1173.0,1173.0,CWC,36.0,Telangana,690.0,BHADRADRI,BHADRADRI,Bhadrachalam,Bhadrachalam,Godavari,Godavari,-,-,-,Godavari,Yes,26.61,32.61
GDBDCL,Godavari at Bhadrachalam,Godavari,2026-02-02 08:30:00+00:00,39.427,NORMAL,47.5,48.5,53.0,17.66944444,80.87388889,GDBDCL_2026-02-02T08:30:00+0000_39.4270,1174.0,1174.0,CWC,36.0,Telangana,690.0,BHADRADRI,BHADRADRI,Bhadrachalam,Bhadrachalam,Godavari,Godavari,-,-,-,Godavari,Yes,26.61,32.61
GDBDCL,Godavari at Bhadrachalam,Godavari,2026-02-04 08:30:00+00:00,39.427,NORMAL,47.5,48.5,53.0,17.66944444,80.87388889,GDBDCL_2026-02-04T08:30:00+0000_39.4270,1175.0,1175.0,CWC,36.0,Telangana,690.0,BHADRADRI,BHADRADRI,Bhadrachalam,Bhadrachalam,Godavari,Godavari,-,-,-,Godavari,Yes,26.61,32.61
GDBDCL,Godavari at Bhadrachalam,Godavari,2026-02-06 18:30:00+00:00,39.426,NORMAL,47.5,48.5,53.0,17.66944444,80.87388889,GDBDCL_2026-02-06T18:30:00+0000_39.4260,1176.0,1176.0,CWC,36.0,Telangana,690.0,BHADRADRI,BHADRADRI,Bhadrachalam,Bhadrachalam,Godavari,Godavari,-,-,-,Godavari,Yes,26.61,32.61
GDBDCL,Godavari at Bhadrachalam,Godavari,2026-02-06 19:30:00+00:00,39.426,NORMAL,47.5,48.5,53.0,17.66944444,80.87388889,GDBDCL_2026-02-06T19:30:00+0000_39.4260,1177.0,1177.0,CWC,36.0,Telangana,690.0,BHADRADRI,BHADRADRI,Bhadrachalam,Bhadrachalam,Godavari,Godavari,-,-,-,Godavari,Yes,26.61,32.61
GDBDCL,Godavari at Bhadrachalam,Godavari,2026-02-07 19:30:00+00:00,39.426,NORMAL,47.5,48.5,53.0,17.66944444,80.87388889,GDBDCL_2026-02-07T19:30:00+0000_39.4260,1178.0,1178.0,CWC,36.0,Telangana,690.0,BHADRADRI,BHADRADRI,Bhadrachalam,Bhadrachalam,Godavari,Godavari,-,-,-,Godavari,Yes,26.61,32.61
GDBDCL,Godavari at Bhadrachalam,Godavari,2026-02-07 20:30:00+00:00,39.426,NORMAL,47.5,48.5,53.0,17.66944444,80.87388889,GDBDCL_2026-02-07T20:30:00+0000_39.4260,1179.0,1179.0,CWC,36.0,Telangana,690.0,BHADRADRI,BHADRADRI,Bhadrachalam,Bhadrachalam,Godavari,Godavari,-,-,-,Godavari,Yes,26.61,32.61
GDBDCL,Godavari at Bhadrachalam,Godavari,2026-02-08 18:30:00+00:00,39.426,NORMAL,47.5,48.5,53.0,17.66944444,80.87388889,GDBDCL_2026-02-08T18:30:00+0000_39.4260,1180.0,1180.0,CWC,36.0,Telangana,690.0,BHADRADRI,BHADRADRI,Bhadrachalam,Bhadrachalam,Godavari,Godavari,-,-,-,Godavari,Yes,26.61,32.61
GDBDCL,Godavari at Bhadrachalam,Godavari,2026-02-08 19:30:00+00:00,39.426,NORMAL,47.5,48.5,53.0,17.66944444,80.87388889,GDBDCL_2026-02-08T19:30:00+0000_39.4260,1181.0,1181.0,CWC,36.0,Telangana,690.0,BHADRADRI,BHADRADRI,Bhadrachalam,Bhadrachalam,Godavari,Godavari,-,-,-,Godavari,Yes,26.61,32.61
GDBDCL,Godavari at Bhadrachalam,Godavari,2026-02-13 02:30:00+00:00,39.426,NORMAL,47.5,48.5,53.0,17.66944444,80.87388889,GDBDCL_2026-02-13T02:30:00+0000_39.4260,1182.0,1182.0,CWC,36.0,Telangana,690.0,BHADRADRI,BHADRADRI,Bhadrachalam,Bhadrachalam,Godavari,Godavari,-,-,-,Godavari,Yes,26.61,32.61
GDBDCL,Godavari at Bhadrachalam,Godavari,2026-02-13 13:30:00+00:00,39.426,NORMAL,47.5,48.5,53.0,17.66944444,80.87388889,GDBDCL_2026-02-13T13:30:00+0000_39.4260,1183.0,1183.0,CWC,36.0,Telangana,690.0,BHADRADRI,BHADRADRI,Bhadrachalam,Bhadrachalam,Godavari,Godavari,-,-,-,Godavari,Yes,26.61,32.61
GDBDCL,Godavari at Bhadrachalam,Godavari,2026-02-13 14:30:00+00:00,39.426,NORMAL,47.5,48.5,53.0,17.66944444,80.87388889,GDBDCL_2026-02-13T14:30:00+0000_39.4260,1184.0,1184.0,CWC,36.0,Telangana,690.0,BHADRADRI,BHADRADRI,Bhadrachalam,Bhadrachalam,Godavari,Godavari,-,-,-,Godavari,Yes,26.61,32.61
GDBDCL,Godavari at Bhadrachalam,Godavari,2026-02-13 16:30:00+00:00,39.426,NORMAL,47.5,48.5,53.0,17.66944444,80.87388889,GDBDCL_2026-02-13T16:30:00+0000_39.4260,1185.0,1185.0,CWC,36.0,Telangana,690.0,BHADRADRI,BHADRADRI,Bhadrachalam,Bhadrachalam,Godavari,Godavari,-,-,-,Godavari,Yes,26.61,32.61
GDBDCL,Godavari at Bhadrachalam,Godavari,2026-02-13 17:30:00+00:00,39.426,NORMAL,47.5,48.5,53.0,17.66944444,80.87388889,GDBDCL_2026-02-13T17:30:00+0000_39.4260,1186.0,1186.0,CWC,36.0,Telangana,690.0,BHADRADRI,BHADRADRI,Bhadrachalam,Bhadrachalam,Godavari,Godavari,-,-,-,Godavari,Yes,26.61,32.61
GDBDCL,Godavari at Bhadrachalam,Godavari,2026-02-13 18:30:00+00:00,39.426,NORMAL,47.5,48.5,53.0,17.66944444,80.87388889,GDBDCL_2026-02-13T18:30:00+0000_39.4260,1187.0,1187.0,CWC,36.0,Telangana,690.0,BHADRADRI,BHADRADRI,Bhadrachalam,Bhadrachalam,Godavari,Godavari,-,-,-,Godavari,Yes,26.61,32.61
GDBDCL,Godavari at Bhadrachalam,Godavari,2026-02-13 19:30:00+00:00,39.426,NORMAL,47.5,48.5,53.0,17.66944444,80.87388889,GDBDCL_2026-02-13T19:30:00+0000_39.4260,1188.0,1188.0,CWC,36.0,Telangana,690.0,BHADRADRI,BHADRADRI,Bhadrachalam,Bhadrachalam,Godavari,Godavari,-,-,-,Godavari,Yes,26.61,32.61
GDBDCL,Godavari at Bhadrachalam,Godavari,2026-02-14 01:30:00+00:00,39.426,NORMAL,47.5,48.5,53.0,17.66944444,80.87388889,GDBDCL_2026-02-14T01:30:00+0000_39.4260,1189.0,1189.0,CWC,36.0,Telangana,690.0,BHADRADRI,BHADRADRI,Bhadrachalam,Bhadrachalam,Godavari,Godavari,-,-,-,Godavari,Yes,26.61,32.61
GDBDCL,Godavari at Bhadrachalam,Godavari,2026-02-14 02:30:00+00:00,39.426,NORMAL,47.5,48.5,53.0,17.66944444,80.87388889,GDBDCL_2026-02-14T02:30:00+0000_39.4260,1190.0,1190.0,CWC,36.0,Telangana,690.0,BHADRADRI,BHADRADRI,Bhadrachalam,Bhadrachalam,Godavari,Godavari,-,-,-,Godavari,Yes,26.61,32.61
GDBDCL,Godavari at Bhadrachalam,Godavari,2026-02-14 03:30:00+00:00,39.426,NORMAL,47.5,48.5,53.0,17.66944444,80.87388889,GDBDCL_2026-02-14T03:30:00+0000_39.4260,1191.0,1191.0,CWC,36.0,Telangana,690.0,BHADRADRI,BHADRADRI,Bhadrachalam,Bhadrachalam,Godavari,Godavari,-,-,-,Godavari,Yes,26.61,32.61
GDBDCL,Godavari at Bhadrachalam,Godavari,2026-02-14 16:30:00+00:00,39.426,NORMAL,47.5,48.5,53.0,17.66944444,80.87388889,GDBDCL_2026-02-14T16:30:00+0000_39.4260,1192.0,1192.0,CWC,36.0,Telangana,690.0,BHADRADRI,BHADRADRI,Bhadrachalam,Bhadrachalam,Godavari,Godavari,-,-,-,Godavari,Yes,26.61,32.61
GDBDCL,Godavari at Bhadrachalam,Godavari,2026-02-14 17:30:00+00:00,39.426,NORMAL,47.5,48.5,53.0,17.66944444,80.87388889,GDBDCL_2026-02-14T17:30:00+0000_39.4260,1193.0,1193.0,CWC,36.0,Telangana,690.0,BHADRADRI,BHADRADRI,Bhadrachalam,Bhadrachalam,Godavari,Godavari,-,-,-,Godavari,Yes,26.61,32.61
GDBDCL,Godavari at Bhadrachalam,Godavari,2026-02-14 19:30:00+00:00,39.426,NORMAL,47.5,48.5,53.0,17.66944444,80.87388889,GDBDCL_2026-02-14T19:30:00+0000_39.4260,1194.0,1194.0,CWC,36.0,Telangana,690.0,BHADRADRI,BHADRADRI,Bhadrachalam,Bhadrachalam,Godavari,Godavari,-,-,-,Godavari,Yes,26.61,32.61
GDBDCL,Godavari at Bhadrachalam,Godavari,2026-02-16 10:30:00+00:00,39.426,NORMAL,47.5,48.5,53.0,17.66944444,80.87388889,GDBDCL_2026-02-16T10:30:00+0000_39.4260,1195.0,1195.0,CWC,36.0,Telangana,690.0,BHADRADRI,BHADRADRI,Bhadrachalam,Bhadrachalam,Godavari,Godavari,-,-,-,Godavari,Yes,26.61,32.61
GDBDCL,Godavari at Bhadrachalam,Godavari,2026-02-16 11:30:00+00:00,39.426,NORMAL,47.5,48.5,53.0,17.66944444,80.87388889,GDBDCL_2026-02-16T11:30:00+0000_39.4260,1196.0,1196.0,CWC,36.0,Telangana,690.0,BHADRADRI,BHADRADRI,Bhadrachalam,Bhadrachalam,Godavari,Godavari,-,-,-,Godavari,Yes,26.61,32.61
GDBDCL,Godavari at Bhadrachalam,Godavari,2026-02-16 13:30:00+00:00,39.426,NORMAL,47.5,48.5,53.0,17.66944444,80.87388889,GDBDCL_2026-02-16T13:30:00+0000_39.4260,1197.0,1197.0,CWC,36.0,Telangana,690.0,BHADRADRI,BHADRADRI,Bhadrachalam,Bhadrachalam,Godavari,Godavari,-,-,-,Godavari,Yes,26.61,32.61
GDBDCL,Godavari at Bhadrachalam,Godavari,2026-02-16 14:30:00+00:00,39.426,NORMAL,47.5,48.5,53.0,17.66944444,80.87388889,GDBDCL_2026-02-16T14:30:00+0000_39.4260,1198.0,1198.0,CWC,36.0,Telangana,690.0,BHADRADRI,BHADRADRI,Bhadrachalam,Bhadrachalam,Godavari,Godavari,-,-,-,Godavari,Yes,26.61,32.61
GDBDCL,Godavari at Bhadrachalam,Godavari,2026-02-16 15:30:00+00:00,39.426,NORMAL,47.5,48.5,53.0,17.66944444,80.87388889,GDBDCL_2026-02-16T15:30:00+0000_39.4260,1199.0,1199.0,CWC,36.0,Telangana,690.0,BHADRADRI,BHADRADRI,Bhadrachalam,Bhadrachalam,Godavari,Godavari,-,-,-,Godavari,Yes,26.61,32.61
GDBDCL,Godavari at Bhadrachalam,Godavari,2026-02-16 16:30:00+00:00,39.426,NORMAL,47.5,48.5,53.0,17.66944444,80.87388889,GDBDCL_2026-02-16T16:30:00+0000_39.4260,1200.0,1200.0,CWC,36.0,Telangana,690.0,BHADRADRI,BHADRADRI,Bhadrachalam,Bhadrachalam,Godavari,Godavari,-,-,-,Godavari,Yes,26.61,32.61
GDBDCL,Godavari at Bhadrachalam,Godavari,2026-02-16 17:30:00+00:00,39.426,NORMAL,47.5,48.5,53.0,17.66944444,80.87388889,GDBDCL_2026-02-16T17:30:00+0000_39.4260,1201.0,1201.0,CWC,36.0,Telangana,690.0,BHADRADRI,BHADRADRI,Bhadrachalam,Bhadrachalam,Godavari,Godavari,-,-,-,Godavari,Yes,26.61,32.61
GDBDCL,Godavari at Bhadrachalam,Godavari,2026-02-17 09:30:00+00:00,39.427,NORMAL,47.5,48.5,53.0,17.66944444,80.87388889,GDBDCL_2026-02-17T09:30:00+0000_39.4270,1202.0,1202.0,CWC,36.0,Telangana,690.0,BHADRADRI,BHADRADRI,Bhadrachalam,Bhadrachalam,Godavari,Godavari,-,-,-,Godavari,Yes,26.61,32.61
GDBDCL,Godavari at Bhadrachalam,Godavari,2026-02-17 15:30:00+00:00,39.426,NORMAL,47.5,48.5,53.0,17.66944444,80.87388889,GDBDCL_2026-02-17T15:30:00+0000_39.4260,1203.0,1203.0,CWC,36.0,Telangana,690.0,BHADRADRI,BHADRADRI,Bhadrachalam,Bhadrachalam,Godavari,Godavari,-,-,-,Godavari,Yes,26.61,32.61
GDBDCL,Godavari at Bhadrachalam,Godavari,2026-02-17 16:30:00+00:00,39.426,NORMAL,47.5,48.5,53.0,17.66944444,80.87388889,GDBDCL_2026-02-17T16:30:00+0000_39.4260,1204.0,1204.0,CWC,36.0,Telangana,690.0,BHADRADRI,BHADRADRI,Bhadrachalam,Bhadrachalam,Godavari,Godavari,-,-,-,Godavari,Yes,26.61,32.61
GDBDCL,Godavari at Bhadrachalam,Godavari,2026-02-17 17:30:00+00:00,39.426,NORMAL,47.5,48.5,53.0,17.66944444,80.87388889,GDBDCL_2026-02-17T17:30:00+0000_39.4260,1205.0,1205.0,CWC,36.0,Telangana,690.0,BHADRADRI,BHADRADRI,Bhadrachalam,Bhadrachalam,Godavari,Godavari,-,-,-,Godavari,Yes,26.61,32.61
GDBDCL,Godavari at Bhadrachalam,Godavari,2026-02-17 18:30:00+00:00,39.426,NORMAL,47.5,48.5,53.0,17.66944444,80.87388889,GDBDCL_2026-02-17T18:30:00+0000_39.4260,1206.0,1206.0,CWC,36.0,Telangana,690.0,BHADRADRI,BHADRADRI,Bhadrachalam,Bhadrachalam,Godavari,Godavari,-,-,-,Godavari,Yes,26.61,32.61
GDBDCL,Godavari at Bhadrachalam,Godavari,2026-02-17 19:30:00+00:00,39.426,NORMAL,47.5,48.5,53.0,17.66944444,80.87388889,GDBDCL_2026-02-17T19:30:00+0000_39.4260,1207.0,1207.0,CWC,36.0,Telangana,690.0,BHADRADRI,BHADRADRI,Bhadrachalam,Bhadrachalam,Godavari,Godavari,-,-,-,Godavari,Yes,26.61,32.61
GDBDCL,Godavari at Bhadrachalam,Godavari,2026-02-18 16:30:00+00:00,39.426,NORMAL,47.5,48.5,53.0,17.66944444,80.87388889,GDBDCL_2026-02-18T16:30:00+0000_39.4260,1208.0,1208.0,CWC,36.0,Telangana,690.0,BHADRADRI,BHADRADRI,Bhadrachalam,Bhadrachalam,Godavari,Godavari,-,-,-,Godavari,Yes,26.61,32.61
GDBDCL,Godavari at Bhadrachalam,Godavari,2026-02-18 17:30:00+00:00,39.426,NORMAL,47.5,48.5,53.0,17.66944444,80.87388889,GDBDCL_2026-02-18T17:30:00+0000_39.4260,1209.0,1209.0,CWC,36.0,Telangana,690.0,BHADRADRI,BHADRADRI,Bhadrachalam,Bhadrachalam,Godavari,Godavari,-,-,-,Godavari,Yes,26.61,32.61
GDBDCL,Godavari at Bhadrachalam,Godavari,2026-02-18 18:30:00+00:00,39.426,NORMAL,47.5,48.5,53.0,17.66944444,80.87388889,GDBDCL_2026-02-18T18:30:00+0000_39.4260,1210.0,1210.0,CWC,36.0,Telangana,690.0,BHADRADRI,BHADRADRI,Bhadrachalam,Bhadrachalam,Godavari,Godavari,-,-,-,Godavari,Yes,26.61,32.61
GDBDCL,Godavari at Bhadrachalam,Godavari,2026-02-19 09:30:00+00:00,39.427,NORMAL,47.5,48.5,53.0,17.66944444,80.87388889,GDBDCL_2026-02-19T09:30:00+0000_39.4270,1211.0,1211.0,CWC,36.0,Telangana,690.0,BHADRADRI,BHADRADRI,Bhadrachalam,Bhadrachalam,Godavari,Godavari,-,-,-,Godavari,Yes,26.61,32.61
GDBDCL,Godavari at Bhadrachalam,Godavari,2026-02-19 10:30:00+00:00,39.427,NORMAL,47.5,48.5,53.0,17.66944444,80.87388889,GDBDCL_2026-02-19T10:30:00+0000_39.4270,1212.0,1212.0,CWC,36.0,Telangana,690.0,BHADRADRI,BHADRADRI,Bhadrachalam,Bhadrachalam,Godavari,Godavari,-,-,-,Godavari,Yes,26.61,32.61
GDBDCL,Godavari at Bhadrachalam,Godavari,2026-02-19 16:30:00+00:00,39.426,NORMAL,47.5,48.5,53.0,17.66944444,80.87388889,GDBDCL_2026-02-19T16:30:00+0000_39.4260,1213.0,1213.0,CWC,36.0,Telangana,690.0,BHADRADRI,BHADRADRI,Bhadrachalam,Bhadrachalam,Godavari,Godavari,-,-,-,Godavari,Yes,26.61,32.61
GDBDCL,Godavari at Bhadrachalam,Godavari,2026-02-19 17:30:00+00:00,39.426,NORMAL,47.5,48.5,53.0,17.66944444,80.87388889,GDBDCL_2026-02-19T17:30:00+0000_39.4260,1214.0,1214.0,CWC,36.0,Telangana,690.0,BHADRADRI,BHADRADRI,Bhadrachalam,Bhadrachalam,Godavari,Godavari,-,-,-,Godavari,Yes,26.61,32.61
GDBDCL,Godavari at Bhadrachalam,Godavari,2026-02-19 18:30:00+00:00,39.426,NORMAL,47.5,48.5,53.0,17.66944444,80.87388889,GDBDCL_2026-02-19T18:30:00+0000_39.4260,1215.0,1215.0,CWC,36.0,Telangana,690.0,BHADRADRI,BHADRADRI,Bhadrachalam,Bhadrachalam,Godavari,Godavari,-,-,-,Godavari,Yes,26.61,32.61
GDBDCL,Godavari at Bhadrachalam,Godavari,2026-02-20 12:30:00+00:00,39.426,NORMAL,47.5,48.5,53.0,17.66944444,80.87388889,GDBDCL_2026-02-20T12:30:00+0000_39.4260,1216.0,1216.0,CWC,36.0,Telangana,690.0,BHADRADRI,BHADRADRI,Bhadrachalam,Bhadrachalam,Godavari,Godavari,-,-,-,Godavari,Yes,26.61,32.61
GDBDCL,Godavari at Bhadrachalam,Godavari,2026-02-20 13:30:00+00:00,39.426,NORMAL,47.5,48.5,53.0,17.66944444,80.87388889,GDBDCL_2026-02-20T13:30:00+0000_39.4260,1217.0,1217.0,CWC,36.0,Telangana,690.0,BHADRADRI,BHADRADRI,Bhadrachalam,Bhadrachalam,Godavari,Godavari,-,-,-,Godavari,Yes,26.61,32.61
GDBDCL,Godavari at Bhadrachalam,Godavari,2026-02-20 16:30:00+00:00,39.426,NORMAL,47.5,48.5,53.0,17.66944444,80.87388889,GDBDCL_2026-02-20T16:30:00+0000_39.4260,1218.0,1218.0,CWC,36.0,Telangana,690.0,BHADRADRI,BHADRADRI,Bhadrachalam,Bhadrachalam,Godavari,Godavari,-,-,-,Godavari,Yes,26.61,32.61
GDBDCL,Godavari at Bhadrachalam,Godavari,2026-02-20 17:30:00+00:00,39.426,NORMAL,47.5,48.5,53.0,17.66944444,80.87388889,GDBDCL_2026-02-20T17:30:00+0000_39.4260,1219.0,1219.0,CWC,36.0,Telangana,690.0,BHADRADRI,BHADRADRI,Bhadrachalam,Bhadrachalam,Godavari,Godavari,-,-,-,Godavari,Yes,26.61,32.61
GDBDCL,Godavari at Bhadrachalam,Godavari,2026-02-20 19:30:00+00:00,39.426,NORMAL,47.5,48.5,53.0,17.66944444,80.87388889,GDBDCL_2026-02-20T19:30:00+0000_39.4260,1220.0,1220.0,CWC,36.0,Telangana,690.0,BHADRADRI,BHADRADRI,Bhadrachalam,Bhadrachalam,Godavari,Godavari,-,-,-,Godavari,Yes,26.61,32.61
GDBDCL,Godavari at Bhadrachalam,Godavari,2026-02-21 12:30:00+00:00,39.426,NORMAL,47.5,48.5,53.0,17.66944444,80.87388889,GDBDCL_2026-02-21T12:30:00+0000_39.4260,1221.0,1221.0,CWC,36.0,Telangana,690.0,BHADRADRI,BHADRADRI,Bhadrachalam,Bhadrachalam,Godavari,Godavari,-,-,-,Godavari,Yes,26.61,32.61
GDBDCL,Godavari at Bhadrachalam,Godavari,2026-02-21 17:30:00+00:00,39.426,NORMAL,47.5,48.5,53.0,17.66944444,80.87388889,GDBDCL_2026-02-21T17:30:00+0000_39.4260,1222.0,1222.0,CWC,36.0,Telangana,690.0,BHADRADRI,BHADRADRI,Bhadrachalam,Bhadrachalam,Godavari,Godavari,-,-,-,Godavari,Yes,26.61,32.61
GDBDCL,Godavari at Bhadrachalam,Godavari,2026-02-21 18:30:00+00:00,39.426,NORMAL,47.5,48.5,53.0,17.66944444,80.87388889,GDBDCL_2026-02-21T18:30:00+0000_39.4260,1223.0,1223.0,CWC,36.0,Telangana,690.0,BHADRADRI,BHADRADRI,Bhadrachalam,Bhadrachalam,Godavari,Godavari,-,-,-,Godavari,Yes,26.61,32.61
GDBDCL,Godavari at Bhadrachalam,Godavari,2026-02-21 19:30:00+00:00,39.426,NORMAL,47.5,48.5,53.0,17.66944444,80.87388889,GDBDCL_2026-02-21T19:30:00+0000_39.4260,1224.0,1224.0,CWC,36.0,Telangana,690.0,BHADRADRI,BHADRADRI,Bhadrachalam,Bhadrachalam,Godavari,Godavari,-,-,-,Godavari,Yes,26.61,32.61
GDBDCL,Godavari at Bhadrachalam,Godavari,2026-02-22 05:30:00+00:00,39.426,NORMAL,47.5,48.5,53.0,17.66944444,80.87388889,GDBDCL_2026-02-22T05:30:00+0000_39.4260,1225.0,1225.0,CWC,36.0,Telangana,690.0,BHADRADRI,BHADRADRI,Bhadrachalam,Bhadrachalam,Godavari,Godavari,-,-,-,Godavari,Yes,26.61,32.61
GDBDCL,Godavari at Bhadrachalam,Godavari,2026-02-22 06:30:00+00:00,39.426,NORMAL,47.5,48.5,53.0,17.66944444,80.87388889,GDBDCL_2026-02-22T06:30:00+0000_39.4260,1226.0,1226.0,CWC,36.0,Telangana,690.0,BHADRADRI,BHADRADRI,Bhadrachalam,Bhadrachalam,Godavari,Godavari,-,-,-,Godavari,Yes,26.61,32.61
GDBDCL,Godavari at Bhadrachalam,Godavari,2026-02-22 15:30:00+00:00,39.427,NORMAL,47.5,48.5,53.0,17.66944444,80.87388889,GDBDCL_2026-02-22T15:30:00+0000_39.4270,1227.0,1227.0,CWC,36.0,Telangana,690.0,BHADRADRI,BHADRADRI,Bhadrachalam,Bhadrachalam,Godavari,Godavari,-,-,-,Godavari,Yes,26.61,32.61
GDBDCL,Godavari at Bhadrachalam,Godavari,2026-02-22 16:30:00+00:00,39.427,NORMAL,47.5,48.5,53.0,17.66944444,80.87388889,GDBDCL_2026-02-22T16:30:00+0000_39.4270,1228.0,1228.0,CWC,36.0,Telangana,690.0,BHADRADRI,BHADRADRI,Bhadrachalam,Bhadrachalam,Godavari,Godavari,-,-,-,Godavari,Yes,26.61,32.61
GDBDCL,Godavari at Bhadrachalam,Godavari,2026-02-22 17:30:00+00:00,39.427,NORMAL,47.5,48.5,53.0,17.66944444,80.87388889,GDBDCL_2026-02-22T17:30:00+0000_39.4270,1229.0,1229.0,CWC,36.0,Telangana,690.0,BHADRADRI,BHADRADRI,Bhadrachalam,Bhadrachalam,Godavari,Godavari,-,-,-,Godavari,Yes,26.61,32.61
GDBDCL,Godavari at Bhadrachalam,Godavari,2026-02-22 18:30:00+00:00,39.426,NORMAL,47.5,48.5,53.0,17.66944444,80.87388889,GDBDCL_2026-02-22T18:30:00+0000_39.4260,1230.0,1230.0,CWC,36.0,Telangana,690.0,BHADRADRI,BHADRADRI,Bhadrachalam,Bhadrachalam,Godavari,Godavari,-,-,-,Godavari,Yes,26.61,32.61
GDBDCL,Godavari at Bhadrachalam,Godavari,2026-02-22 19:30:00+00:00,39.427,NORMAL,47.5,48.5,53.0,17.66944444,80.87388889,GDBDCL_2026-02-22T19:30:00+0000_39.4270,1231.0,1231.0,CWC,36.0,Telangana,690.0,BHADRADRI,BHADRADRI,Bhadrachalam,Bhadrachalam,Godavari,Godavari,-,-,-,Godavari,Yes,26.61,32.61
GDBDCL,Godavari at Bhadrachalam,Godavari,2026-02-22 20:30:00+00:00,39.427,NORMAL,47.5,48.5,53.0,17.66944444,80.87388889,GDBDCL_2026-02-22T20:30:00+0000_39.4270,1232.0,1232.0,CWC,36.0,Telangana,690.0,BHADRADRI,BHADRADRI,Bhadrachalam,Bhadrachalam,Godavari,Godavari,-,-,-,Godavari,Yes,26.61,32.61
GDBDCL,Godavari at Bhadrachalam,Godavari,2026-02-23 13:30:00+00:00,39.426,NORMAL,47.5,48.5,53.0,17.66944444,80.87388889,GDBDCL_2026-02-23T13:30:00+0000_39.4260,1233.0,1233.0,CWC,36.0,Telangana,690.0,BHADRADRI,BHADRADRI,Bhadrachalam,Bhadrachalam,Godavari,Godavari,-,-,-,Godavari,Yes,26.61,32.61
GDBDCL,Godavari at Bhadrachalam,Godavari,2026-02-23 14:30:00+00:00,39.426,NORMAL,47.5,48.5,53.0,17.66944444,80.87388889,GDBDCL_2026-02-23T14:30:00+0000_39.4260,1234.0,1234.0,CWC,36.0,Telangana,690.0,BHADRADRI,BHADRADRI,Bhadrachalam,Bhadrachalam,Godavari,Godavari,-,-,-,Godavari,Yes,26.61,32.61
GDBDCL,Godavari at Bhadrachalam,Godavari,2026-02-23 15:30:00+00:00,39.426,NORMAL,47.5,48.5,53.0,17.66944444,80.87388889,GDBDCL_2026-02-23T15:30:00+0000_39.4260,1235.0,1235.0,CWC,36.0,Telangana,690.0,BHADRADRI,BHADRADRI,Bhadrachalam,Bhadrachalam,Godavari,Godavari,-,-,-,Godavari,Yes,26.61,32.61
GDBDCL,Godavari at Bhadrachalam,Godavari,2026-02-23 16:30:00+00:00,39.426,NORMAL,47.5,48.5,53.0,17.66944444,80.87388889,GDBDCL_2026-02-23T16:30:00+0000_39.4260,1236.0,1236.0,CWC,36.0,Telangana,690.0,BHADRADRI,BHADRADRI,Bhadrachalam,Bhadrachalam,Godavari,Godavari,-,-,-,Godavari,Yes,26.61,32.61
GDBDCL,Godavari at Bhadrachalam,Godavari,2026-02-23 19:30:00+00:00,39.426,NORMAL,47.5,48.5,53.0,17.66944444,80.87388889,GDBDCL_2026-02-23T19:30:00+0000_39.4260,1237.0,1237.0,CWC,36.0,Telangana,690.0,BHADRADRI,BHADRADRI,Bhadrachalam,Bhadrachalam,Godavari,Godavari,-,-,-,Godavari,Yes,26.61,32.61
GDBDCL,Godavari at Bhadrachalam,Godavari,2026-02-23 20:30:00+00:00,39.426,NORMAL,47.5,48.5,53.0,17.66944444,80.87388889,GDBDCL_2026-02-23T20:30:00+0000_39.4260,1238.0,1238.0,CWC,36.0,Telangana,690.0,BHADRADRI,BHADRADRI,Bhadrachalam,Bhadrachalam,Godavari,Godavari,-,-,-,Godavari,Yes,26.61,32.61
GDBDCL,Godavari at Bhadrachalam,Godavari,2026-03-17 23:30:00+00:00,39.427,NORMAL,47.5,48.5,53.0,17.66944444,80.87388889,GDBDCL_2026-03-17T23:30:00+0000_39.4270,1239.0,1239.0,CWC,36.0,Telangana,690.0,BHADRADRI,BHADRADRI,Bhadrachalam,Bhadrachalam,Godavari,Godavari,-,-,-,Godavari,Yes,26.61,32.61
GDBDCL,Godavari at Bhadrachalam,Godavari,2026-03-18 21:30:00+00:00,39.426,NORMAL,47.5,48.5,53.0,17.66944444,80.87388889,GDBDCL_2026-03-18T21:30:00+0000_39.4260,1240.0,1240.0,CWC,36.0,Telangana,690.0,BHADRADRI,BHADRADRI,Bhadrachalam,Bhadrachalam,Godavari,Godavari,-,-,-,Godavari,Yes,26.61,32.61
GDBDCL,Godavari at Bhadrachalam,Godavari,2026-03-18 22:30:00+00:00,39.427,NORMAL,47.5,48.5,53.0,17.66944444,80.87388889,GDBDCL_2026-03-18T22:30:00+0000_39.4270,1241.0,1241.0,CWC,36.0,Telangana,690.0,BHADRADRI,BHADRADRI,Bhadrachalam,Bhadrachalam,Godavari,Godavari,-,-,-,Godavari,Yes,26.61,32.61
GDBDCL,Godavari at Bhadrachalam,Godavari,2026-03-18 23:30:00+00:00,39.426,NORMAL,47.5,48.5,53.0,17.66944444,80.87388889,GDBDCL_2026-03-18T23:30:00+0000_39.4260,1242.0,1242.0,CWC,36.0,Telangana,690.0,BHADRADRI,BHADRADRI,Bhadrachalam,Bhadrachalam,Godavari,Godavari,-,-,-,Godavari,Yes,26.61,32.61
GDBDCL,Godavari at Bhadrachalam,Godavari,2026-03-19 00:30:00+00:00,39.426,NORMAL,47.5,48.5,53.0,17.66944444,80.87388889,GDBDCL_2026-03-19T00:30:00+0000_39.4260,1243.0,1243.0,CWC,36.0,Telangana,690.0,BHADRADRI,BHADRADRI,Bhadrachalam,Bhadrachalam,Godavari,Godavari,-,-,-,Godavari,Yes,26.61,32.61
GDBDCL,Godavari at Bhadrachalam,Godavari,2026-03-19 02:30:00+00:00,39.426,NORMAL,47.5,48.5,53.0,17.66944444,80.87388889,GDBDCL_2026-03-19T02:30:00+0000_39.4260,1244.0,1244.0,CWC,36.0,Telangana,690.0,BHADRADRI,BHADRADRI,Bhadrachalam,Bhadrachalam,Godavari,Godavari,-,-,-,Godavari,Yes,26.61,32.61
GDBDCL,Godavari at Bhadrachalam,Godavari,2026-03-19 04:30:00+00:00,46.42,NORMAL,47.5,48.5,53.0,17.66944444,80.87388889,GDBDCL_2026-03-19T04:30:00+0000_46.4200,1245.0,1245.0,CWC,36.0,Telangana,690.0,BHADRADRI,BHADRADRI,Bhadrachalam,Bhadrachalam,Godavari,Godavari,-,-,-,Godavari,Yes,26.61,32.61
GDBDCL,Godavari at Bhadrachalam,Godavari,2026-03-19 05:30:00+00:00,39.427,NORMAL,47.5,48.5,53.0,17.66944444,80.87388889,GDBDCL_2026-03-19T05:30:00+0000_39.4270,1246.0,1246.0,CWC,36.0,Telangana,690.0,BHADRADRI,BHADRADRI,Bhadrachalam,Bhadrachalam,Godavari,Godavari,-,-,-,Godavari,Yes,26.61,32.61
GDBDCL,Godavari at Bhadrachalam,Godavari,2026-03-19 09:30:00+00:00,46.42,NORMAL,47.5,48.5,53.0,17.66944444,80.87388889,GDBDCL_2026-03-19T09:30:00+0000_46.4200,1247.0,1247.0,CWC,36.0,Telangana,690.0,BHADRADRI,BHADRADRI,Bhadrachalam,Bhadrachalam,Godavari,Godavari,-,-,-,Godavari,Yes,26.61,32.61
GDBDCL,Godavari at Bhadrachalam,Godavari,2026-03-19 10:30:00+00:00,39.427,NORMAL,47.5,48.5,53.0,17.66944444,80.87388889,GDBDCL_2026-03-19T10:30:00+0000_39.4270,1248.0,1248.0,CWC,36.0,Telangana,690.0,BHADRADRI,BHADRADRI,Bhadrachalam,Bhadrachalam,Godavari,Godavari,-,-,-,Godavari,Yes,26.61,32.61
GDBDCL,Godavari at Bhadrachalam,Godavari,2026-03-19 11:30:00+00:00,39.427,NORMAL,47.5,48.5,53.0,17.66944444,80.87388889,GDBDCL_2026-03-19T11:30:00+0000_39.4270,1249.0,1249.0,CWC,36.0,Telangana,690.0,BHADRADRI,BHADRADRI,Bhadrachalam,Bhadrachalam,Godavari,Godavari,-,-,-,Godavari,Yes,26.61,32.61
GDBDCL,Godavari at Bhadrachalam,Godavari,2026-03-19 12:30:00+00:00,39.427,NORMAL,47.5,48.5,53.0,17.66944444,80.87388889,GDBDCL_2026-03-19T12:30:00+0000_39.4270,1250.0,1250.0,CWC,36.0,Telangana,690.0,BHADRADRI,BHADRADRI,Bhadrachalam,Bhadrachalam,Godavari,Godavari,-,-,-,Godavari,Yes,26.61,32.61
GDBDCL,Godavari at Bhadrachalam,Godavari,2026-03-19 13:30:00+00:00,39.427,NORMAL,47.5,48.5,53.0,17.66944444,80.87388889,GDBDCL_2026-03-19T13:30:00+0000_39.4270,1251.0,1251.0,CWC,36.0,Telangana,690.0,BHADRADRI,BHADRADRI,Bhadrachalam,Bhadrachalam,Godavari,Godavari,-,-,-,Godavari,Yes,26.61,32.61
GDBDCL,Godavari at Bhadrachalam,Godavari,2026-03-19 14:30:00+00:00,39.427,NORMAL,47.5,48.5,53.0,17.66944444,80.87388889,GDBDCL_2026-03-19T14:30:00+0000_39.4270,1252.0,1252.0,CWC,36.0,Telangana,690.0,BHADRADRI,BHADRADRI,Bhadrachalam,Bhadrachalam,Godavari,Godavari,-,-,-,Godavari,Yes,26.61,32.61
GDBDCL,Godavari at Bhadrachalam,Godavari,2026-03-19 15:30:00+00:00,39.427,NORMAL,47.5,48.5,53.0,17.66944444,80.87388889,GDBDCL_2026-03-19T15:30:00+0000_39.4270,1253.0,1253.0,CWC,36.0,Telangana,690.0,BHADRADRI,BHADRADRI,Bhadrachalam,Bhadrachalam,Godavari,Godavari,-,-,-,Godavari,Yes,26.61,32.61
GDBDCL,Godavari at Bhadrachalam,Godavari,2026-03-19 16:30:00+00:00,39.427,NORMAL,47.5,48.5,53.0,17.66944444,80.87388889,GDBDCL_2026-03-19T16:30:00+0000_39.4270,1254.0,1254.0,CWC,36.0,Telangana,690.0,BHADRADRI,BHADRADRI,Bhadrachalam,Bhadrachalam,Godavari,Godavari,-,-,-,Godavari,Yes,26.61,32.61
GDBDCL,Godavari at Bhadrachalam,Godavari,2026-03-19 17:30:00+00:00,46.42,NORMAL,47.5,48.5,53.0,17.66944444,80.87388889,GDBDCL_2026-03-19T17:30:00+0000_46.4200,1255.0,1255.0,CWC,36.0,Telangana,690.0,BHADRADRI,BHADRADRI,Bhadrachalam,Bhadrachalam,Godavari,Godavari,-,-,-,Godavari,Yes,26.61,32.61
GDBDCL,Godavari at Bhadrachalam,Godavari,2026-03-19 18:30:00+00:00,39.427,NORMAL,47.5,48.5,53.0,17.66944444,80.87388889,GDBDCL_2026-03-19T18:30:00+0000_39.4270,1256.0,1256.0,CWC,36.0,Telangana,690.0,BHADRADRI,BHADRADRI,Bhadrachalam,Bhadrachalam,Godavari,Godavari,-,-,-,Godavari,Yes,26.61,32.61
GDBDCL,Godavari at Bhadrachalam,Godavari,2026-03-19 19:30:00+00:00,39.427,NORMAL,47.5,48.5,53.0,17.66944444,80.87388889,GDBDCL_2026-03-19T19:30:00+0000_39.4270,1257.0,1257.0,CWC,36.0,Telangana,690.0,BHADRADRI,BHADRADRI,Bhadrachalam,Bhadrachalam,Godavari,Godavari,-,-,-,Godavari,Yes,26.61,32.61
GDBDCL,Godavari at Bhadrachalam,Godavari,2026-03-19 20:30:00+00:00,39.427,NORMAL,47.5,48.5,53.0,17.66944444,80.87388889,GDBDCL_2026-03-19T20:30:00+0000_39.4270,1258.0,1258.0,CWC,36.0,Telangana,690.0,BHADRADRI,BHADRADRI,Bhadrachalam,Bhadrachalam,Godavari,Godavari,-,-,-,Godavari,Yes,26.61,32.61
GDBDCL,Godavari at Bhadrachalam,Godavari,2026-03-19 21:30:00+00:00,46.42,NORMAL,47.5,48.5,53.0,17.66944444,80.87388889,GDBDCL_2026-03-19T21:30:00+0000_46.4200,1259.0,1259.0,CWC,36.0,Telangana,690.0,BHADRADRI,BHADRADRI,Bhadrachalam,Bhadrachalam,Godavari,Godavari,-,-,-,Godavari,Yes,26.61,32.61
GDBDCL,Godavari at Bhadrachalam,Godavari,2026-03-19 22:30:00+00:00,39.427,NORMAL,47.5,48.5,53.0,17.66944444,80.87388889,GDBDCL_2026-03-19T22:30:00+0000_39.4270,1260.0,1260.0,CWC,36.0,Telangana,690.0,BHADRADRI,BHADRADRI,Bhadrachalam,Bhadrachalam,Godavari,Godavari,-,-,-,Godavari,Yes,26.61,32.61
GDBDCL,Godavari at Bhadrachalam,Godavari,2026-03-19 23:30:00+00:00,39.427,NORMAL,47.5,48.5,53.0,17.66944444,80.87388889,GDBDCL_2026-03-19T23:30:00+0000_39.4270,1261.0,1261.0,CWC,36.0,Telangana,690.0,BHADRADRI,BHADRADRI,Bhadrachalam,Bhadrachalam,Godavari,Godavari,-,-,-,Godavari,Yes,26.61,32.61
GDBDCL,Godavari at Bhadrachalam,Godavari,2026-03-20 00:30:00+00:00,39.427,NORMAL,47.5,48.5,53.0,17.66944444,80.87388889,GDBDCL_2026-03-20T00:30:00+0000_39.4270,1262.0,1262.0,CWC,36.0,Telangana,690.0,BHADRADRI,BHADRADRI,Bhadrachalam,Bhadrachalam,Godavari,Godavari,-,-,-,Godavari,Yes,26.61,32.61
GDBDCL,Godavari at Bhadrachalam,Godavari,2026-03-20 01:30:00+00:00,39.427,NORMAL,47.5,48.5,53.0,17.66944444,80.87388889,GDBDCL_2026-03-20T01:30:00+0000_39.4270,1263.0,1263.0,CWC,36.0,Telangana,690.0,BHADRADRI,BHADRADRI,Bhadrachalam,Bhadrachalam,Godavari,Godavari,-,-,-,Godavari,Yes,26.61,32.61
GDBDCL,Godavari at Bhadrachalam,Godavari,2026-03-20 05:30:00+00:00,39.427,NORMAL,47.5,48.5,53.0,17.66944444,80.87388889,GDBDCL_2026-03-20T05:30:00+0000_39.4270,1264.0,1264.0,CWC,36.0,Telangana,690.0,BHADRADRI,BHADRADRI,Bhadrachalam,Bhadrachalam,Godavari,Godavari,-,-,-,Godavari,Yes,26.61,32.61
GDBDCL,Godavari at Bhadrachalam,Godavari,2026-03-20 06:30:00+00:00,39.427,NORMAL,47.5,48.5,53.0,17.66944444,80.87388889,GDBDCL_2026-03-20T06:30:00+0000_39.4270,1265.0,1265.0,CWC,36.0,Telangana,690.0,BHADRADRI,BHADRADRI,Bhadrachalam,Bhadrachalam,Godavari,Godavari,-,-,-,Godavari,Yes,26.61,32.61
GDBDCL,Godavari at Bhadrachalam,Godavari,2026-03-20 12:30:00+00:00,39.427,NORMAL,47.5,48.5,53.0,17.66944444,80.87388889,GDBDCL_2026-03-20T12:30:00+0000_39.4270,1266.0,1266.0,CWC,36.0,Telangana,690.0,BHADRADRI,BHADRADRI,Bhadrachalam,Bhadrachalam,Godavari,Godavari,-,-,-,Godavari,Yes,26.61,32.61
GDBDCL,Godavari at Bhadrachalam,Godavari,2026-03-20 13:30:00+00:00,39.427,NORMAL,47.5,48.5,53.0,17.66944444,80.87388889,GDBDCL_2026-03-20T13:30:00+0000_39.4270,1267.0,1267.0,CWC,36.0,Telangana,690.0,BHADRADRI,BHADRADRI,Bhadrachalam,Bhadrachalam,Godavari,Godavari,-,-,-,Godavari,Yes,26.61,32.61
GDBDCL,Godavari at Bhadrachalam,Godavari,2026-03-20 17:30:00+00:00,46.42,NORMAL,47.5,48.5,53.0,17.66944444,80.87388889,GDBDCL_2026-03-20T17:30:00+0000_46.4200,1268.0,1268.0,CWC,36.0,Telangana,690.0,BHADRADRI,BHADRADRI,Bhadrachalam,Bhadrachalam,Godavari,Godavari,-,-,-,Godavari,Yes,26.61,32.61
GDBDCL,Godavari at Bhadrachalam,Godavari,2026-03-20 18:30:00+00:00,39.427,NORMAL,47.5,48.5,53.0,17.66944444,80.87388889,GDBDCL_2026-03-20T18:30:00+0000_39.4270,1269.0,1269.0,CWC,36.0,Telangana,690.0,BHADRADRI,BHADRADRI,Bhadrachalam,Bhadrachalam,Godavari,Godavari,-,-,-,Godavari,Yes,26.61,32.61
GDBDCL,Godavari at Bhadrachalam,Godavari,2026-03-20 19:30:00+00:00,39.427,NORMAL,47.5,48.5,53.0,17.66944444,80.87388889,GDBDCL_2026-03-20T19:30:00+0000_39.4270,1270.0,1270.0,CWC,36.0,Telangana,690.0,BHADRADRI,BHADRADRI,Bhadrachalam,Bhadrachalam,Godavari,Godavari,-,-,-,Godavari,Yes,26.61,32.61
GDBDCL,Godavari at Bhadrachalam,Godavari,2026-03-20 20:30:00+00:00,46.42,NORMAL,47.5,48.5,53.0,17.66944444,80.87388889,GDBDCL_2026-03-20T20:30:00+0000_46.4200,1271.0,1271.0,CWC,36.0,Telangana,690.0,BHADRADRI,BHADRADRI,Bhadrachalam,Bhadrachalam,Godavari,Godavari,-,-,-,Godavari,Yes,26.61,32.61
GDBDCL,Godavari at Bhadrachalam,Godavari,2026-03-20 21:30:00+00:00,39.427,NORMAL,47.5,48.5,53.0,17.66944444,80.87388889,GDBDCL_2026-03-20T21:30:00+0000_39.4270,1272.0,1272.0,CWC,36.0,Telangana,690.0,BHADRADRI,BHADRADRI,Bhadrachalam,Bhadrachalam,Godavari,Godavari,-,-,-,Godavari,Yes,26.61,32.61
GDBDCL,Godavari at Bhadrachalam,Godavari,2026-03-20 22:30:00+00:00,39.427,NORMAL,47.5,48.5,53.0,17.66944444,80.87388889,GDBDCL_2026-03-20T22:30:00+0000_39.4270,1273.0,1273.0,CWC,36.0,Telangana,690.0,BHADRADRI,BHADRADRI,Bhadrachalam,Bhadrachalam,Godavari,Godavari,-,-,-,Godavari,Yes,26.61,32.61
GDBDCL,Godavari at Bhadrachalam,Godavari,2026-03-20 23:30:00+00:00,39.427,NORMAL,47.5,48.5,53.0,17.66944444,80.87388889,GDBDCL_2026-03-20T23:30:00+0000_39.4270,1274.0,1274.0,CWC,36.0,Telangana,690.0,BHADRADRI,BHADRADRI,Bhadrachalam,Bhadrachalam,Godavari,Godavari,-,-,-,Godavari,Yes,26.61,32.61
GDBDCL,Godavari at Bhadrachalam,Godavari,2026-03-21 01:30:00+00:00,46.42,NORMAL,47.5,48.5,53.0,17.66944444,80.87388889,GDBDCL_2026-03-21T01:30:00+0000_46.4200,1275.0,1275.0,CWC,36.0,Telangana,690.0,BHADRADRI,BHADRADRI,Bhadrachalam,Bhadrachalam,Godavari,Godavari,-,-,-,Godavari,Yes,26.61,32.61
GDBDCL,Godavari at Bhadrachalam,Godavari,2026-03-21 02:30:00+00:00,39.427,NORMAL,47.5,48.5,53.0,17.66944444,80.87388889,GDBDCL_2026-03-21T02:30:00+0000_39.4270,1276.0,1276.0,CWC,36.0,Telangana,690.0,BHADRADRI,BHADRADRI,Bhadrachalam,Bhadrachalam,Godavari,Godavari,-,-,-,Godavari,Yes,26.61,32.61
GDBDCL,Godavari at Bhadrachalam,Godavari,2026-03-21 09:30:00+00:00,46.42,NORMAL,47.5,48.5,53.0,17.66944444,80.87388889,GDBDCL_2026-03-21T09:30:00+0000_46.4200,1277.0,1277.0,CWC,36.0,Telangana,690.0,BHADRADRI,BHADRADRI,Bhadrachalam,Bhadrachalam,Godavari,Godavari,-,-,-,Godavari,Yes,26.61,32.61
GDBDCL,Godavari at Bhadrachalam,Godavari,2026-03-21 10:30:00+00:00,39.427,NORMAL,47.5,48.5,53.0,17.66944444,80.87388889,GDBDCL_2026-03-21T10:30:00+0000_39.4270,1278.0,1278.0,CWC,36.0,Telangana,690.0,BHADRADRI,BHADRADRI,Bhadrachalam,Bhadrachalam,Godavari,Godavari,-,-,-,Godavari,Yes,26.61,32.61
GDBDCL,Godavari at Bhadrachalam,Godavari,2026-03-21 11:30:00+00:00,39.427,NORMAL,47.5,48.5,53.0,17.66944444,80.87388889,GDBDCL_2026-03-21T11:30:00+0000_39.4270,1279.0,1279.0,CWC,36.0,Telangana,690.0,BHADRADRI,BHADRADRI,Bhadrachalam,Bhadrachalam,Godavari,Godavari,-,-,-,Godavari,Yes,26.61,32.61
GDBDCL,Godavari at Bhadrachalam,Godavari,2026-03-21 12:30:00+00:00,39.427,NORMAL,47.5,48.5,53.0,17.66944444,80.87388889,GDBDCL_2026-03-21T12:30:00+0000_39.4270,1280.0,1280.0,CWC,36.0,Telangana,690.0,BHADRADRI,BHADRADRI,Bhadrachalam,Bhadrachalam,Godavari,Godavari,-,-,-,Godavari,Yes,26.61,32.61
GDBDCL,Godavari at Bhadrachalam,Godavari,2026-03-21 13:30:00+00:00,39.427,NORMAL,47.5,48.5,53.0,17.66944444,80.87388889,GDBDCL_2026-03-21T13:30:00+0000_39.4270,1281.0,1281.0,CWC,36.0,Telangana,690.0,BHADRADRI,BHADRADRI,Bhadrachalam,Bhadrachalam,Godavari,Godavari,-,-,-,Godavari,Yes,26.61,32.61
GDBDCL,Godavari at Bhadrachalam,Godavari,2026-03-21 14:30:00+00:00,46.42,NORMAL,47.5,48.5,53.0,17.66944444,80.87388889,GDBDCL_2026-03-21T14:30:00+0000_46.4200,1282.0,1282.0,CWC,36.0,Telangana,690.0,BHADRADRI,BHADRADRI,Bhadrachalam,Bhadrachalam,Godavari,Godavari,-,-,-,Godavari,Yes,26.61,32.61
GDBDCL,Godavari at Bhadrachalam,Godavari,2026-03-21 15:30:00+00:00,39.427,NORMAL,47.5,48.5,53.0,17.66944444,80.87388889,GDBDCL_2026-03-21T15:30:00+0000_39.4270,1283.0,1283.0,CWC,36.0,Telangana,690.0,BHADRADRI,BHADRADRI,Bhadrachalam,Bhadrachalam,Godavari,Godavari,-,-,-,Godavari,Yes,26.61,32.61
GDBDCL,Godavari at Bhadrachalam,Godavari,2026-03-21 16:30:00+00:00,39.427,NORMAL,47.5,48.5,53.0,17.66944444,80.87388889,GDBDCL_2026-03-21T16:30:00+0000_39.4270,1284.0,1284.0,CWC,36.0,Telangana,690.0,BHADRADRI,BHADRADRI,Bhadrachalam,Bhadrachalam,Godavari,Godavari,-,-,-,Godavari,Yes,26.61,32.61
GDBDCL,Godavari at Bhadrachalam,Godavari,2026-03-21 17:30:00+00:00,46.42,NORMAL,47.5,48.5,53.0,17.66944444,80.87388889,GDBDCL_2026-03-21T17:30:00+0000_46.4200,1285.0,1285.0,CWC,36.0,Telangana,690.0,BHADRADRI,BHADRADRI,Bhadrachalam,Bhadrachalam,Godavari,Godavari,-,-,-,Godavari,Yes,26.61,32.61
GDBDCL,Godavari at Bhadrachalam,Godavari,2026-03-21 18:30:00+00:00,39.427,NORMAL,47.5,48.5,53.0,17.66944444,80.87388889,GDBDCL_2026-03-21T18:30:00+0000_39.4270,1286.0,1286.0,CWC,36.0,Telangana,690.0,BHADRADRI,BHADRADRI,Bhadrachalam,Bhadrachalam,Godavari,Godavari,-,-,-,Godavari,Yes,26.61,32.61
GDBDCL,Godavari at Bhadrachalam,Godavari,2026-03-21 19:30:00+00:00,39.427,NORMAL,47.5,48.5,53.0,17.66944444,80.87388889,GDBDCL_2026-03-21T19:30:00+0000_39.4270,1287.0,1287.0,CWC,36.0,Telangana,690.0,BHADRADRI,BHADRADRI,Bhadrachalam,Bhadrachalam,Godavari,Godavari,-,-,-,Godavari,Yes,26.61,32.61
GDBDCL,Godavari at Bhadrachalam,Godavari,2026-03-21 20:30:00+00:00,39.427,NORMAL,47.5,48.5,53.0,17.66944444,80.87388889,GDBDCL_2026-03-21T20:30:00+0000_39.4270,1288.0,1288.0,CWC,36.0,Telangana,690.0,BHADRADRI,BHADRADRI,Bhadrachalam,Bhadrachalam,Godavari,Godavari,-,-,-,Godavari,Yes,26.61,32.61
GDBDCL,Godavari at Bhadrachalam,Godavari,2026-03-21 21:30:00+00:00,39.427,NORMAL,47.5,48.5,53.0,17.66944444,80.87388889,GDBDCL_2026-03-21T21:30:00+0000_39.4270,1289.0,1289.0,CWC,36.0,Telangana,690.0,BHADRADRI,BHADRADRI,Bhadrachalam,Bhadrachalam,Godavari,Godavari,-,-,-,Godavari,Yes,26.61,32.61
GDBDCL,Godavari at Bhadrachalam,Godavari,2026-03-21 22:30:00+00:00,39.427,NORMAL,47.5,48.5,53.0,17.66944444,80.87388889,GDBDCL_2026-03-21T22:30:00+0000_39.4270,1290.0,1290.0,CWC,36.0,Telangana,690.0,BHADRADRI,BHADRADRI,Bhadrachalam,Bhadrachalam,Godavari,Godavari,-,-,-,Godavari,Yes,26.61,32.61
GDBDCL,Godavari at Bhadrachalam,Godavari,2026-03-21 23:30:00+00:00,39.427,NORMAL,47.5,48.5,53.0,17.66944444,80.87388889,GDBDCL_2026-03-21T23:30:00+0000_39.4270,1291.0,1291.0,CWC,36.0,Telangana,690.0,BHADRADRI,BHADRADRI,Bhadrachalam,Bhadrachalam,Godavari,Godavari,-,-,-,Godavari,Yes,26.61,32.61
GDBDCL,Godavari at Bhadrachalam,Godavari,2026-03-22 07:30:00+00:00,39.427,NORMAL,47.5,48.5,53.0,17.66944444,80.87388889,GDBDCL_2026-03-22T07:30:00+0000_39.4270,1292.0,1292.0,CWC,36.0,Telangana,690.0,BHADRADRI,BHADRADRI,Bhadrachalam,Bhadrachalam,Godavari,Godavari,-,-,-,Godavari,Yes,26.61,32.61
GDBDCL,Godavari at Bhadrachalam,Godavari,2026-03-22 08:30:00+00:00,39.427,NORMAL,47.5,48.5,53.0,17.66944444,80.87388889,GDBDCL_2026-03-22T08:30:00+0000_39.4270,1293.0,1293.0,CWC,36.0,Telangana,690.0,BHADRADRI,BHADRADRI,Bhadrachalam,Bhadrachalam,Godavari,Godavari,-,-,-,Godavari,Yes,26.61,32.61
GDBDCL,Godavari at Bhadrachalam,Godavari,2026-03-22 09:30:00+00:00,39.427,NORMAL,47.5,48.5,53.0,17.66944444,80.87388889,GDBDCL_2026-03-22T09:30:00+0000_39.4270,1294.0,1294.0,CWC,36.0,Telangana,690.0,BHADRADRI,BHADRADRI,Bhadrachalam,Bhadrachalam,Godavari,Godavari,-,-,-,Godavari,Yes,26.61,32.61
GDBDCL,Godavari at Bhadrachalam,Godavari,2026-03-22 10:30:00+00:00,39.427,NORMAL,47.5,48.5,53.0,17.66944444,80.87388889,GDBDCL_2026-03-22T10:30:00+0000_39.4270,1295.0,1295.0,CWC,36.0,Telangana,690.0,BHADRADRI,BHADRADRI,Bhadrachalam,Bhadrachalam,Godavari,Godavari,-,-,-,Godavari,Yes,26.61,32.61
GDBDCL,Godavari at Bhadrachalam,Godavari,2026-03-22 12:30:00+00:00,39.427,NORMAL,47.5,48.5,53.0,17.66944444,80.87388889,GDBDCL_2026-03-22T12:30:00+0000_39.4270,1296.0,1296.0,CWC,36.0,Telangana,690.0,BHADRADRI,BHADRADRI,Bhadrachalam,Bhadrachalam,Godavari,Godavari,-,-,-,Godavari,Yes,26.61,32.61
GDBDCL,Godavari at Bhadrachalam,Godavari,2026-03-22 13:30:00+00:00,39.427,NORMAL,47.5,48.5,53.0,17.66944444,80.87388889,GDBDCL_2026-03-22T13:30:00+0000_39.4270,1297.0,1297.0,CWC,36.0,Telangana,690.0,BHADRADRI,BHADRADRI,Bhadrachalam,Bhadrachalam,Godavari,Godavari,-,-,-,Godavari,Yes,26.61,32.61
GDBDCL,Godavari at Bhadrachalam,Godavari,2026-03-22 14:30:00+00:00,39.427,NORMAL,47.5,48.5,53.0,17.66944444,80.87388889,GDBDCL_2026-03-22T14:30:00+0000_39.4270,1298.0,1298.0,CWC,36.0,Telangana,690.0,BHADRADRI,BHADRADRI,Bhadrachalam,Bhadrachalam,Godavari,Godavari,-,-,-,Godavari,Yes,26.61,32.61
GDBDCL,Godavari at Bhadrachalam,Godavari,2026-03-22 15:30:00+00:00,39.427,NORMAL,47.5,48.5,53.0,17.66944444,80.87388889,GDBDCL_2026-03-22T15:30:00+0000_39.4270,1299.0,1299.0,CWC,36.0,Telangana,690.0,BHADRADRI,BHADRADRI,Bhadrachalam,Bhadrachalam,Godavari,Godavari,-,-,-,Godavari,Yes,26.61,32.61
GDBDCL,Godavari at Bhadrachalam,Godavari,2026-03-22 16:30:00+00:00,39.427,NORMAL,47.5,48.5,53.0,17.66944444,80.87388889,GDBDCL_2026-03-22T16:30:00+0000_39.4270,1300.0,1300.0,CWC,36.0,Telangana,690.0,BHADRADRI,BHADRADRI,Bhadrachalam,Bhadrachalam,Godavari,Godavari,-,-,-,Godavari,Yes,26.61,32.61
GDBDCL,Godavari at Bhadrachalam,Godavari,2026-03-22 17:30:00+00:00,46.42,NORMAL,47.5,48.5,53.0,17.66944444,80.87388889,GDBDCL_2026-03-22T17:30:00+0000_46.4200,1301.0,1301.0,CWC,36.0,Telangana,690.0,BHADRADRI,BHADRADRI,Bhadrachalam,Bhadrachalam,Godavari,Godavari,-,-,-,Godavari,Yes,26.61,32.61
GDBDCL,Godavari at Bhadrachalam,Godavari,2026-03-22 18:30:00+00:00,39.427,NORMAL,47.5,48.5,53.0,17.66944444,80.87388889,GDBDCL_2026-03-22T18:30:00+0000_39.4270,1302.0,1302.0,CWC,36.0,Telangana,690.0,BHADRADRI,BHADRADRI,Bhadrachalam,Bhadrachalam,Godavari,Godavari,-,-,-,Godavari,Yes,26.61,32.61
GDBDCL,Godavari at Bhadrachalam,Godavari,2026-03-22 19:30:00+00:00,39.427,NORMAL,47.5,48.5,53.0,17.66944444,80.87388889,GDBDCL_2026-03-22T19:30:00+0000_39.4270,1303.0,1303.0,CWC,36.0,Telangana,690.0,BHADRADRI,BHADRADRI,Bhadrachalam,Bhadrachalam,Godavari,Godavari,-,-,-,Godavari,Yes,26.61,32.61
GDBDCL,Godavari at Bhadrachalam,Godavari,2026-03-22 20:30:00+00:00,46.42,NORMAL,47.5,48.5,53.0,17.66944444,80.87388889,GDBDCL_2026-03-22T20:30:00+0000_46.4200,1304.0,1304.0,CWC,36.0,Telangana,690.0,BHADRADRI,BHADRADRI,Bhadrachalam,Bhadrachalam,Godavari,Godavari,-,-,-,Godavari,Yes,26.61,32.61
GDBDCL,Godavari at Bhadrachalam,Godavari,2026-03-22 21:30:00+00:00,39.427,NORMAL,47.5,48.5,53.0,17.66944444,80.87388889,GDBDCL_2026-03-22T21:30:00+0000_39.4270,1305.0,1305.0,CWC,36.0,Telangana,690.0,BHADRADRI,BHADRADRI,Bhadrachalam,Bhadrachalam,Godavari,Godavari,-,-,-,Godavari,Yes,26.61,32.61
GDBDCL,Godavari at Bhadrachalam,Godavari,2026-03-22 22:30:00+00:00,39.427,NORMAL,47.5,48.5,53.0,17.66944444,80.87388889,GDBDCL_2026-03-22T22:30:00+0000_39.4270,1306.0,1306.0,CWC,36.0,Telangana,690.0,BHADRADRI,BHADRADRI,Bhadrachalam,Bhadrachalam,Godavari,Godavari,-,-,-,Godavari,Yes,26.61,32.61
GDBDCL,Godavari at Bhadrachalam,Godavari,2026-03-22 23:30:00+00:00,39.427,NORMAL,47.5,48.5,53.0,17.66944444,80.87388889,GDBDCL_2026-03-22T23:30:00+0000_39.4270,1307.0,1307.0,CWC,36.0,Telangana,690.0,BHADRADRI,BHADRADRI,Bhadrachalam,Bhadrachalam,Godavari,Godavari,-,-,-,Godavari,Yes,26.61,32.61
GDBDCL,Godavari at Bhadrachalam,Godavari,2026-03-23 07:30:00+00:00,39.427,NORMAL,47.5,48.5,53.0,17.66944444,80.87388889,GDBDCL_2026-03-23T07:30:00+0000_39.4270,1308.0,1308.0,CWC,36.0,Telangana,690.0,BHADRADRI,BHADRADRI,Bhadrachalam,Bhadrachalam,Godavari,Godavari,-,-,-,Godavari,Yes,26.61,32.61
GDBDCL,Godavari at Bhadrachalam,Godavari,2026-03-23 08:30:00+00:00,39.427,NORMAL,47.5,48.5,53.0,17.66944444,80.87388889,GDBDCL_2026-03-23T08:30:00+0000_39.4270,1309.0,1309.0,CWC,36.0,Telangana,690.0,BHADRADRI,BHADRADRI,Bhadrachalam,Bhadrachalam,Godavari,Godavari,-,-,-,Godavari,Yes,26.61,32.61
GDBDCL,Godavari at Bhadrachalam,Godavari,2026-03-23 10:30:00+00:00,39.427,NORMAL,47.5,48.5,53.0,17.66944444,80.87388889,GDBDCL_2026-03-23T10:30:00+0000_39.4270,1310.0,1310.0,CWC,36.0,Telangana,690.0,BHADRADRI,BHADRADRI,Bhadrachalam,Bhadrachalam,Godavari,Godavari,-,-,-,Godavari,Yes,26.61,32.61
GDBDCL,Godavari at Bhadrachalam,Godavari,2026-03-23 11:30:00+00:00,39.427,NORMAL,47.5,48.5,53.0,17.66944444,80.87388889,GDBDCL_2026-03-23T11:30:00+0000_39.4270,1311.0,1311.0,CWC,36.0,Telangana,690.0,BHADRADRI,BHADRADRI,Bhadrachalam,Bhadrachalam,Godavari,Godavari,-,-,-,Godavari,Yes,26.61,32.61
GDBDCL,Godavari at Bhadrachalam,Godavari,2026-03-23 12:30:00+00:00,39.427,NORMAL,47.5,48.5,53.0,17.66944444,80.87388889,GDBDCL_2026-03-23T12:30:00+0000_39.4270,1312.0,1312.0,CWC,36.0,Telangana,690.0,BHADRADRI,BHADRADRI,Bhadrachalam,Bhadrachalam,Godavari,Godavari,-,-,-,Godavari,Yes,26.61,32.61
GDBDCL,Godavari at Bhadrachalam,Godavari,2026-03-23 14:30:00+00:00,39.427,NORMAL,47.5,48.5,53.0,17.66944444,80.87388889,GDBDCL_2026-03-23T14:30:00+0000_39.4270,1313.0,1313.0,CWC,36.0,Telangana,690.0,BHADRADRI,BHADRADRI,Bhadrachalam,Bhadrachalam,Godavari,Godavari,-,-,-,Godavari,Yes,26.61,32.61
GDBDCL,Godavari at Bhadrachalam,Godavari,2026-03-23 15:30:00+00:00,39.427,NORMAL,47.5,48.5,53.0,17.66944444,80.87388889,GDBDCL_2026-03-23T15:30:00+0000_39.4270,1314.0,1314.0,CWC,36.0,Telangana,690.0,BHADRADRI,BHADRADRI,Bhadrachalam,Bhadrachalam,Godavari,Godavari,-,-,-,Godavari,Yes,26.61,32.61
GDBDCL,Godavari at Bhadrachalam,Godavari,2026-03-23 16:30:00+00:00,39.427,NORMAL,47.5,48.5,53.0,17.66944444,80.87388889,GDBDCL_2026-03-23T16:30:00+0000_39.4270,1315.0,1315.0,CWC,36.0,Telangana,690.0,BHADRADRI,BHADRADRI,Bhadrachalam,Bhadrachalam,Godavari,Godavari,-,-,-,Godavari,Yes,26.61,32.61
GDBDCL,Godavari at Bhadrachalam,Godavari,2026-03-23 20:30:00+00:00,39.427,NORMAL,47.5,48.5,53.0,17.66944444,80.87388889,GDBDCL_2026-03-23T20:30:00+0000_39.4270,1316.0,1316.0,CWC,36.0,Telangana,690.0,BHADRADRI,BHADRADRI,Bhadrachalam,Bhadrachalam,Godavari,Godavari,-,-,-,Godavari,Yes,26.61,32.61
GDBDCL,Godavari at Bhadrachalam,Godavari,2026-03-23 21:30:00+00:00,39.427,NORMAL,47.5,48.5,53.0,17.66944444,80.87388889,GDBDCL_2026-03-23T21:30:00+0000_39.4270,1317.0,1317.0,CWC,36.0,Telangana,690.0,BHADRADRI,BHADRADRI,Bhadrachalam,Bhadrachalam,Godavari,Godavari,-,-,-,Godavari,Yes,26.61,32.61
GDBDCL,Godavari at Bhadrachalam,Godavari,2026-03-23 22:30:00+00:00,39.427,NORMAL,47.5,48.5,53.0,17.66944444,80.87388889,GDBDCL_2026-03-23T22:30:00+0000_39.4270,1318.0,1318.0,CWC,36.0,Telangana,690.0,BHADRADRI,BHADRADRI,Bhadrachalam,Bhadrachalam,Godavari,Godavari,-,-,-,Godavari,Yes,26.61,32.61
GDBDCL,Godavari at Bhadrachalam,Godavari,2026-03-23 23:30:00+00:00,39.427,NORMAL,47.5,48.5,53.0,17.66944444,80.87388889,GDBDCL_2026-03-23T23:30:00+0000_39.4270,1319.0,1319.0,CWC,36.0,Telangana,690.0,BHADRADRI,BHADRADRI,Bhadrachalam,Bhadrachalam,Godavari,Godavari,-,-,-,Godavari,Yes,26.61,32.61
GDBDCL,Godavari at Bhadrachalam,Godavari,2026-03-24 18:30:00+00:00,39.427,NORMAL,47.5,48.5,53.0,17.66944444,80.87388889,GDBDCL_2026-03-24T18:30:00+0000_39.4270,1320.0,1320.0,CWC,36.0,Telangana,690.0,BHADRADRI,BHADRADRI,Bhadrachalam,Bhadrachalam,Godavari,Godavari,-,-,-,Godavari,Yes,26.61,32.61
GDBDCL,Godavari at Bhadrachalam,Godavari,2026-03-24 19:30:00+00:00,39.427,NORMAL,47.5,48.5,53.0,17.66944444,80.87388889,GDBDCL_2026-03-24T19:30:00+0000_39.4270,1321.0,1321.0,CWC,36.0,Telangana,690.0,BHADRADRI,BHADRADRI,Bhadrachalam,Bhadrachalam,Godavari,Godavari,-,-,-,Godavari,Yes,26.61,32.61
GDBDCL,Godavari at Bhadrachalam,Godavari,2026-03-24 20:30:00+00:00,39.427,NORMAL,47.5,48.5,53.0,17.66944444,80.87388889,GDBDCL_2026-03-24T20:30:00+0000_39.4270,1322.0,1322.0,CWC,36.0,Telangana,690.0,BHADRADRI,BHADRADRI,Bhadrachalam,Bhadrachalam,Godavari,Godavari,-,-,-,Godavari,Yes,26.61,32.61
GDBDCL,Godavari at Bhadrachalam,Godavari,2026-03-24 21:30:00+00:00,46.42,NORMAL,47.5,48.5,53.0,17.66944444,80.87388889,GDBDCL_2026-03-24T21:30:00+0000_46.4200,1323.0,1323.0,CWC,36.0,Telangana,690.0,BHADRADRI,BHADRADRI,Bhadrachalam,Bhadrachalam,Godavari,Godavari,-,-,-,Godavari,Yes,26.61,32.61
GDBDCL,Godavari at Bhadrachalam,Godavari,2026-03-24 22:30:00+00:00,39.427,NORMAL,47.5,48.5,53.0,17.66944444,80.87388889,GDBDCL_2026-03-24T22:30:00+0000_39.4270,1324.0,1324.0,CWC,36.0,Telangana,690.0,BHADRADRI,BHADRADRI,Bhadrachalam,Bhadrachalam,Godavari,Godavari,-,-,-,Godavari,Yes,26.61,32.61
GDBDCL,Godavari at Bhadrachalam,Godavari,2026-04-14 17:30:00+00:00,39.427,NORMAL,47.5,48.5,53.0,17.66944444,80.87388889,GDBDCL_2026-04-14T17:30:00+0000_39.4270,1325.0,1325.0,CWC,36.0,Telangana,690.0,BHADRADRI,BHADRADRI,Bhadrachalam,Bhadrachalam,Godavari,Godavari,-,-,-,Godavari,Yes,26.61,32.61
GDBDCL,Godavari at Bhadrachalam,Godavari,2026-04-14 18:30:00+00:00,39.427,NORMAL,47.5,48.5,53.0,17.66944444,80.87388889,GDBDCL_2026-04-14T18:30:00+0000_39.4270,1326.0,1326.0,CWC,36.0,Telangana,690.0,BHADRADRI,BHADRADRI,Bhadrachalam,Bhadrachalam,Godavari,Godavari,-,-,-,Godavari,Yes,26.61,32.61
GDBDCL,Godavari at Bhadrachalam,Godavari,2026-04-14 19:30:00+00:00,39.427,NORMAL,47.5,48.5,53.0,17.66944444,80.87388889,GDBDCL_2026-04-14T19:30:00+0000_39.4270,1327.0,1327.0,CWC,36.0,Telangana,690.0,BHADRADRI,BHADRADRI,Bhadrachalam,Bhadrachalam,Godavari,Godavari,-,-,-,Godavari,Yes,26.61,32.61
GDBDCL,Godavari at Bhadrachalam,Godavari,2026-04-14 20:30:00+00:00,39.427,NORMAL,47.5,48.5,53.0,17.66944444,80.87388889,GDBDCL_2026-04-14T20:30:00+0000_39.4270,1328.0,1328.0,CWC,36.0,Telangana,690.0,BHADRADRI,BHADRADRI,Bhadrachalam,Bhadrachalam,Godavari,Godavari,-,-,-,Godavari,Yes,26.61,32.61
GDBDCL,Godavari at Bhadrachalam,Godavari,2026-04-15 09:30:00+00:00,39.427,NORMAL,47.5,48.5,53.0,17.66944444,80.87388889,GDBDCL_2026-04-15T09:30:00+0000_39.4270,1329.0,1329.0,CWC,36.0,Telangana,690.0,BHADRADRI,BHADRADRI,Bhadrachalam,Bhadrachalam,Godavari,Godavari,-,-,-,Godavari,Yes,26.61,32.61
GDBDCL,Godavari at Bhadrachalam,Godavari,2026-04-15 10:30:00+00:00,39.427,NORMAL,47.5,48.5,53.0,17.66944444,80.87388889,GDBDCL_2026-04-15T10:30:00+0000_39.4270,1330.0,1330.0,CWC,36.0,Telangana,690.0,BHADRADRI,BHADRADRI,Bhadrachalam,Bhadrachalam,Godavari,Godavari,-,-,-,Godavari,Yes,26.61,32.61
GDBDCL,Godavari at Bhadrachalam,Godavari,2026-04-15 16:30:00+00:00,39.427,NORMAL,47.5,48.5,53.0,17.66944444,80.87388889,GDBDCL_2026-04-15T16:30:00+0000_39.4270,1331.0,1331.0,CWC,36.0,Telangana,690.0,BHADRADRI,BHADRADRI,Bhadrachalam,Bhadrachalam,Godavari,Godavari,-,-,-,Godavari,Yes,26.61,32.61
GDBDCL,Godavari at Bhadrachalam,Godavari,2026-04-15 17:30:00+00:00,39.427,NORMAL,47.5,48.5,53.0,17.66944444,80.87388889,GDBDCL_2026-04-15T17:30:00+0000_39.4270,1332.0,1332.0,CWC,36.0,Telangana,690.0,BHADRADRI,BHADRADRI,Bhadrachalam,Bhadrachalam,Godavari,Godavari,-,-,-,Godavari,Yes,26.61,32.61
GDBDCL,Godavari at Bhadrachalam,Godavari,2026-04-15 18:30:00+00:00,39.427,NORMAL,47.5,48.5,53.0,17.66944444,80.87388889,GDBDCL_2026-04-15T18:30:00+0000_39.4270,1333.0,1333.0,CWC,36.0,Telangana,690.0,BHADRADRI,BHADRADRI,Bhadrachalam,Bhadrachalam,Godavari,Godavari,-,-,-,Godavari,Yes,26.61,32.61
GDBDCL,Godavari at Bhadrachalam,Godavari,2026-04-15 23:30:00+00:00,39.427,NORMAL,47.5,48.5,53.0,17.66944444,80.87388889,GDBDCL_2026-04-15T23:30:00+0000_39.4270,1334.0,1334.0,CWC,36.0,Telangana,690.0,BHADRADRI,BHADRADRI,Bhadrachalam,Bhadrachalam,Godavari,Godavari,-,-,-,Godavari,Yes,26.61,32.61
GDBDCL,Godavari at Bhadrachalam,Godavari,2026-04-16 00:30:00+00:00,39.427,NORMAL,47.5,48.5,53.0,17.66944444,80.87388889,GDBDCL_2026-04-16T00:30:00+0000_39.4270,1335.0,1335.0,CWC,36.0,Telangana,690.0,BHADRADRI,BHADRADRI,Bhadrachalam,Bhadrachalam,Godavari,Godavari,-,-,-,Godavari,Yes,26.61,32.61
GDBDCL,Godavari at Bhadrachalam,Godavari,2026-04-16 09:30:00+00:00,39.427,NORMAL,47.5,48.5,53.0,17.66944444,80.87388889,GDBDCL_2026-04-16T09:30:00+0000_39.4270,1336.0,1336.0,CWC,36.0,Telangana,690.0,BHADRADRI,BHADRADRI,Bhadrachalam,Bhadrachalam,Godavari,Godavari,-,-,-,Godavari,Yes,26.61,32.61
GDBDCL,Godavari at Bhadrachalam,Godavari,2026-04-16 10:30:00+00:00,39.427,NORMAL,47.5,48.5,53.0,17.66944444,80.87388889,GDBDCL_2026-04-16T10:30:00+0000_39.4270,1337.0,1337.0,CWC,36.0,Telangana,690.0,BHADRADRI,BHADRADRI,Bhadrachalam,Bhadrachalam,Godavari,Godavari,-,-,-,Godavari,Yes,26.61,32.61
GDBDCL,Godavari at Bhadrachalam,Godavari,2026-04-16 11:30:00+00:00,39.427,NORMAL,47.5,48.5,53.0,17.66944444,80.87388889,GDBDCL_2026-04-16T11:30:00+0000_39.4270,1338.0,1338.0,CWC,36.0,Telangana,690.0,BHADRADRI,BHADRADRI,Bhadrachalam,Bhadrachalam,Godavari,Godavari,-,-,-,Godavari,Yes,26.61,32.61
GDBDCL,Godavari at Bhadrachalam,Godavari,2026-04-16 12:30:00+00:00,39.427,NORMAL,47.5,48.5,53.0,17.66944444,80.87388889,GDBDCL_2026-04-16T12:30:00+0000_39.4270,1339.0,1339.0,CWC,36.0,Telangana,690.0,BHADRADRI,BHADRADRI,Bhadrachalam,Bhadrachalam,Godavari,Godavari,-,-,-,Godavari,Yes,26.61,32.61
GDBDCL,Godavari at Bhadrachalam,Godavari,2026-04-16 13:30:00+00:00,39.427,NORMAL,47.5,48.5,53.0,17.66944444,80.87388889,GDBDCL_2026-04-16T13:30:00+0000_39.4270,1340.0,1340.0,CWC,36.0,Telangana,690.0,BHADRADRI,BHADRADRI,Bhadrachalam,Bhadrachalam,Godavari,Godavari,-,-,-,Godavari,Yes,26.61,32.61
GDBDCL,Godavari at Bhadrachalam,Godavari,2026-04-16 14:30:00+00:00,39.427,NORMAL,47.5,48.5,53.0,17.66944444,80.87388889,GDBDCL_2026-04-16T14:30:00+0000_39.4270,1341.0,1341.0,CWC,36.0,Telangana,690.0,BHADRADRI,BHADRADRI,Bhadrachalam,Bhadrachalam,Godavari,Godavari,-,-,-,Godavari,Yes,26.61,32.61
GDBDCL,Godavari at Bhadrachalam,Godavari,2026-04-16 15:30:00+00:00,39.427,NORMAL,47.5,48.5,53.0,17.66944444,80.87388889,GDBDCL_2026-04-16T15:30:00+0000_39.4270,1342.0,1342.0,CWC,36.0,Telangana,690.0,BHADRADRI,BHADRADRI,Bhadrachalam,Bhadrachalam,Godavari,Godavari,-,-,-,Godavari,Yes,26.61,32.61
GDBDCL,Godavari at Bhadrachalam,Godavari,2026-04-16 16:30:00+00:00,39.427,NORMAL,47.5,48.5,53.0,17.66944444,80.87388889,GDBDCL_2026-04-16T16:30:00+0000_39.4270,1343.0,1343.0,CWC,36.0,Telangana,690.0,BHADRADRI,BHADRADRI,Bhadrachalam,Bhadrachalam,Godavari,Godavari,-,-,-,Godavari,Yes,26.61,32.61
GDBDCL,Godavari at Bhadrachalam,Godavari,2026-04-16 17:30:00+00:00,39.427,NORMAL,47.5,48.5,53.0,17.66944444,80.87388889,GDBDCL_2026-04-16T17:30:00+0000_39.4270,1344.0,1344.0,CWC,36.0,Telangana,690.0,BHADRADRI,BHADRADRI,Bhadrachalam,Bhadrachalam,Godavari,Godavari,-,-,-,Godavari,Yes,26.61,32.61
GDBDCL,Godavari at Bhadrachalam,Godavari,2026-04-16 18:30:00+00:00,39.427,NORMAL,47.5,48.5,53.0,17.66944444,80.87388889,GDBDCL_2026-04-16T18:30:00+0000_39.4270,1345.0,1345.0,CWC,36.0,Telangana,690.0,BHADRADRI,BHADRADRI,Bhadrachalam,Bhadrachalam,Godavari,Godavari,-,-,-,Godavari,Yes,26.61,32.61
GDBDCL,Godavari at Bhadrachalam,Godavari,2026-04-16 21:30:00+00:00,39.427,NORMAL,47.5,48.5,53.0,17.66944444,80.87388889,GDBDCL_2026-04-16T21:30:00+0000_39.4270,1346.0,1346.0,CWC,36.0,Telangana,690.0,BHADRADRI,BHADRADRI,Bhadrachalam,Bhadrachalam,Godavari,Godavari,-,-,-,Godavari,Yes,26.61,32.61
GDBDCL,Godavari at Bhadrachalam,Godavari,2026-04-16 22:30:00+00:00,39.427,NORMAL,47.5,48.5,53.0,17.66944444,80.87388889,GDBDCL_2026-04-16T22:30:00+0000_39.4270,1347.0,1347.0,CWC,36.0,Telangana,690.0,BHADRADRI,BHADRADRI,Bhadrachalam,Bhadrachalam,Godavari,Godavari,-,-,-,Godavari,Yes,26.61,32.61
GDBDCL,Godavari at Bhadrachalam,Godavari,2026-04-17 09:30:00+00:00,39.427,NORMAL,47.5,48.5,53.0,17.66944444,80.87388889,GDBDCL_2026-04-17T09:30:00+0000_39.4270,1348.0,1348.0,CWC,36.0,Telangana,690.0,BHADRADRI,BHADRADRI,Bhadrachalam,Bhadrachalam,Godavari,Godavari,-,-,-,Godavari,Yes,26.61,32.61
GDBDCL,Godavari at Bhadrachalam,Godavari,2026-04-17 10:30:00+00:00,39.427,NORMAL,47.5,48.5,53.0,17.66944444,80.87388889,GDBDCL_2026-04-17T10:30:00+0000_39.4270,1349.0,1349.0,CWC,36.0,Telangana,690.0,BHADRADRI,BHADRADRI,Bhadrachalam,Bhadrachalam,Godavari,Godavari,-,-,-,Godavari,Yes,26.61,32.61
GDBDCL,Godavari at Bhadrachalam,Godavari,2026-04-17 11:30:00+00:00,39.427,NORMAL,47.5,48.5,53.0,17.66944444,80.87388889,GDBDCL_2026-04-17T11:30:00+0000_39.4270,1350.0,1350.0,CWC,36.0,Telangana,690.0,BHADRADRI,BHADRADRI,Bhadrachalam,Bhadrachalam,Godavari,Godavari,-,-,-,Godavari,Yes,26.61,32.61
GDBDCL,Godavari at Bhadrachalam,Godavari,2026-04-17 12:30:00+00:00,39.427,NORMAL,47.5,48.5,53.0,17.66944444,80.87388889,GDBDCL_2026-04-17T12:30:00+0000_39.4270,1351.0,1351.0,CWC,36.0,Telangana,690.0,BHADRADRI,BHADRADRI,Bhadrachalam,Bhadrachalam,Godavari,Godavari,-,-,-,Godavari,Yes,26.61,32.61
GDBDCL,Godavari at Bhadrachalam,Godavari,2026-04-17 13:30:00+00:00,39.427,NORMAL,47.5,48.5,53.0,17.66944444,80.87388889,GDBDCL_2026-04-17T13:30:00+0000_39.4270,1352.0,1352.0,CWC,36.0,Telangana,690.0,BHADRADRI,BHADRADRI,Bhadrachalam,Bhadrachalam,Godavari,Godavari,-,-,-,Godavari,Yes,26.61,32.61
GDBDCL,Godavari at Bhadrachalam,Godavari,2026-04-17 14:30:00+00:00,39.427,NORMAL,47.5,48.5,53.0,17.66944444,80.87388889,GDBDCL_2026-04-17T14:30:00+0000_39.4270,1353.0,1353.0,CWC,36.0,Telangana,690.0,BHADRADRI,BHADRADRI,Bhadrachalam,Bhadrachalam,Godavari,Godavari,-,-,-,Godavari,Yes,26.61,32.61
GDBDCL,Godavari at Bhadrachalam,Godavari,2026-04-17 17:30:00+00:00,39.427,NORMAL,47.5,48.5,53.0,17.66944444,80.87388889,GDBDCL_2026-04-17T17:30:00+0000_39.4270,1354.0,1354.0,CWC,36.0,Telangana,690.0,BHADRADRI,BHADRADRI,Bhadrachalam,Bhadrachalam,Godavari,Godavari,-,-,-,Godavari,Yes,26.61,32.61
GDBDCL,Godavari at Bhadrachalam,Godavari,2026-04-17 18:30:00+00:00,39.427,NORMAL,47.5,48.5,53.0,17.66944444,80.87388889,GDBDCL_2026-04-17T18:30:00+0000_39.4270,1355.0,1355.0,CWC,36.0,Telangana,690.0,BHADRADRI,BHADRADRI,Bhadrachalam,Bhadrachalam,Godavari,Godavari,-,-,-,Godavari,Yes,26.61,32.61
GDBDCL,Godavari at Bhadrachalam,Godavari,2026-04-18 12:30:00+00:00,39.427,NORMAL,47.5,48.5,53.0,17.66944444,80.87388889,GDBDCL_2026-04-18T12:30:00+0000_39.4270,1356.0,1356.0,CWC,36.0,Telangana,690.0,BHADRADRI,BHADRADRI,Bhadrachalam,Bhadrachalam,Godavari,Godavari,-,-,-,Godavari,Yes,26.61,32.61
GDBDCL,Godavari at Bhadrachalam,Godavari,2026-04-18 13:30:00+00:00,39.427,NORMAL,47.5,48.5,53.0,17.66944444,80.87388889,GDBDCL_2026-04-18T13:30:00+0000_39.4270,1357.0,1357.0,CWC,36.0,Telangana,690.0,BHADRADRI,BHADRADRI,Bhadrachalam,Bhadrachalam,Godavari,Godavari,-,-,-,Godavari,Yes,26.61,32.61
GDBDCL,Godavari at Bhadrachalam,Godavari,2026-04-18 14:30:00+00:00,39.427,NORMAL,47.5,48.5,53.0,17.66944444,80.87388889,GDBDCL_2026-04-18T14:30:00+0000_39.4270,1358.0,1358.0,CWC,36.0,Telangana,690.0,BHADRADRI,BHADRADRI,Bhadrachalam,Bhadrachalam,Godavari,Godavari,-,-,-,Godavari,Yes,26.61,32.61
GDBDCL,Godavari at Bhadrachalam,Godavari,2026-04-18 15:30:00+00:00,39.427,NORMAL,47.5,48.5,53.0,17.66944444,80.87388889,GDBDCL_2026-04-18T15:30:00+0000_39.4270,1359.0,1359.0,CWC,36.0,Telangana,690.0,BHADRADRI,BHADRADRI,Bhadrachalam,Bhadrachalam,Godavari,Godavari,-,-,-,Godavari,Yes,26.61,32.61
GDBDCL,Godavari at Bhadrachalam,Godavari,2026-04-18 16:30:00+00:00,39.427,NORMAL,47.5,48.5,53.0,17.66944444,80.87388889,GDBDCL_2026-04-18T16:30:00+0000_39.4270,1360.0,1360.0,CWC,36.0,Telangana,690.0,BHADRADRI,BHADRADRI,Bhadrachalam,Bhadrachalam,Godavari,Godavari,-,-,-,Godavari,Yes,26.61,32.61
GDBDCL,Godavari at Bhadrachalam,Godavari,2026-04-18 17:30:00+00:00,39.427,NORMAL,47.5,48.5,53.0,17.66944444,80.87388889,GDBDCL_2026-04-18T17:30:00+0000_39.4270,1361.0,1361.0,CWC,36.0,Telangana,690.0,BHADRADRI,BHADRADRI,Bhadrachalam,Bhadrachalam,Godavari,Godavari,-,-,-,Godavari,Yes,26.61,32.61
GDBDCL,Godavari at Bhadrachalam,Godavari,2026-04-18 18:30:00+00:00,39.427,NORMAL,47.5,48.5,53.0,17.66944444,80.87388889,GDBDCL_2026-04-18T18:30:00+0000_39.4270,1362.0,1362.0,CWC,36.0,Telangana,690.0,BHADRADRI,BHADRADRI,Bhadrachalam,Bhadrachalam,Godavari,Godavari,-,-,-,Godavari,Yes,26.61,32.61
GDBDCL,Godavari at Bhadrachalam,Godavari,2026-04-19 07:30:00+00:00,39.427,NORMAL,47.5,48.5,53.0,17.66944444,80.87388889,GDBDCL_2026-04-19T07:30:00+0000_39.4270,1363.0,1363.0,CWC,36.0,Telangana,690.0,BHADRADRI,BHADRADRI,Bhadrachalam,Bhadrachalam,Godavari,Godavari,-,-,-,Godavari,Yes,26.61,32.61
GDBDCL,Godavari at Bhadrachalam,Godavari,2026-04-19 08:30:00+00:00,39.427,NORMAL,47.5,48.5,53.0,17.66944444,80.87388889,GDBDCL_2026-04-19T08:30:00+0000_39.4270,1364.0,1364.0,CWC,36.0,Telangana,690.0,BHADRADRI,BHADRADRI,Bhadrachalam,Bhadrachalam,Godavari,Godavari,-,-,-,Godavari,Yes,26.61,32.61
GDBDCL,Godavari at Bhadrachalam,Godavari,2026-04-19 09:30:00+00:00,39.427,NORMAL,47.5,48.5,53.0,17.66944444,80.87388889,GDBDCL_2026-04-19T09:30:00+0000_39.4270,1365.0,1365.0,CWC,36.0,Telangana,690.0,BHADRADRI,BHADRADRI,Bhadrachalam,Bhadrachalam,Godavari,Godavari,-,-,-,Godavari,Yes,26.61,32.61
GDBDCL,Godavari at Bhadrachalam,Godavari,2026-04-19 10:30:00+00:00,39.427,NORMAL,47.5,48.5,53.0,17.66944444,80.87388889,GDBDCL_2026-04-19T10:30:00+0000_39.4270,1366.0,1366.0,CWC,36.0,Telangana,690.0,BHADRADRI,BHADRADRI,Bhadrachalam,Bhadrachalam,Godavari,Godavari,-,-,-,Godavari,Yes,26.61,32.61
GDBDCL,Godavari at Bhadrachalam,Godavari,2026-04-19 11:30:00+00:00,39.427,NORMAL,47.5,48.5,53.0,17.66944444,80.87388889,GDBDCL_2026-04-19T11:30:00+0000_39.4270,1367.0,1367.0,CWC,36.0,Telangana,690.0,BHADRADRI,BHADRADRI,Bhadrachalam,Bhadrachalam,Godavari,Godavari,-,-,-,Godavari,Yes,26.61,32.61
GDBDCL,Godavari at Bhadrachalam,Godavari,2026-04-19 12:30:00+00:00,39.427,NORMAL,47.5,48.5,53.0,17.66944444,80.87388889,GDBDCL_2026-04-19T12:30:00+0000_39.4270,1368.0,1368.0,CWC,36.0,Telangana,690.0,BHADRADRI,BHADRADRI,Bhadrachalam,Bhadrachalam,Godavari,Godavari,-,-,-,Godavari,Yes,26.61,32.61
GDBDCL,Godavari at Bhadrachalam,Godavari,2026-04-19 13:30:00+00:00,39.427,NORMAL,47.5,48.5,53.0,17.66944444,80.87388889,GDBDCL_2026-04-19T13:30:00+0000_39.4270,1369.0,1369.0,CWC,36.0,Telangana,690.0,BHADRADRI,BHADRADRI,Bhadrachalam,Bhadrachalam,Godavari,Godavari,-,-,-,Godavari,Yes,26.61,32.61
GDBDCL,Godavari at Bhadrachalam,Godavari,2026-04-19 14:30:00+00:00,39.427,NORMAL,47.5,48.5,53.0,17.66944444,80.87388889,GDBDCL_2026-04-19T14:30:00+0000_39.4270,1370.0,1370.0,CWC,36.0,Telangana,690.0,BHADRADRI,BHADRADRI,Bhadrachalam,Bhadrachalam,Godavari,Godavari,-,-,-,Godavari,Yes,26.61,32.61
GDBDCL,Godavari at Bhadrachalam,Godavari,2026-04-19 15:30:00+00:00,39.427,NORMAL,47.5,48.5,53.0,17.66944444,80.87388889,GDBDCL_2026-04-19T15:30:00+0000_39.4270,1371.0,1371.0,CWC,36.0,Telangana,690.0,BHADRADRI,BHADRADRI,Bhadrachalam,Bhadrachalam,Godavari,Godavari,-,-,-,Godavari,Yes,26.61,32.61
GDBDCL,Godavari at Bhadrachalam,Godavari,2026-04-19 16:30:00+00:00,39.427,NORMAL,47.5,48.5,53.0,17.66944444,80.87388889,GDBDCL_2026-04-19T16:30:00+0000_39.4270,1372.0,1372.0,CWC,36.0,Telangana,690.0,BHADRADRI,BHADRADRI,Bhadrachalam,Bhadrachalam,Godavari,Godavari,-,-,-,Godavari,Yes,26.61,32.61
GDBDCL,Godavari at Bhadrachalam,Godavari,2026-04-19 17:30:00+00:00,39.427,NORMAL,47.5,48.5,53.0,17.66944444,80.87388889,GDBDCL_2026-04-19T17:30:00+0000_39.4270,1373.0,1373.0,CWC,36.0,Telangana,690.0,BHADRADRI,BHADRADRI,Bhadrachalam,Bhadrachalam,Godavari,Godavari,-,-,-,Godavari,Yes,26.61,32.61
GDBDCL,Godavari at Bhadrachalam,Godavari,2026-04-19 18:30:00+00:00,39.427,NORMAL,47.5,48.5,53.0,17.66944444,80.87388889,GDBDCL_2026-04-19T18:30:00+0000_39.4270,1374.0,1374.0,CWC,36.0,Telangana,690.0,BHADRADRI,BHADRADRI,Bhadrachalam,Bhadrachalam,Godavari,Godavari,-,-,-,Godavari,Yes,26.61,32.61
GDBDCL,Godavari at Bhadrachalam,Godavari,2026-04-19 19:30:00+00:00,39.427,NORMAL,47.5,48.5,53.0,17.66944444,80.87388889,GDBDCL_2026-04-19T19:30:00+0000_39.4270,1375.0,1375.0,CWC,36.0,Telangana,690.0,BHADRADRI,BHADRADRI,Bhadrachalam,Bhadrachalam,Godavari,Godavari,-,-,-,Godavari,Yes,26.61,32.61
GDBDCL,Godavari at Bhadrachalam,Godavari,2026-04-20 08:30:00+00:00,39.427,NORMAL,47.5,48.5,53.0,17.66944444,80.87388889,GDBDCL_2026-04-20T08:30:00+0000_39.4270,1376.0,1376.0,CWC,36.0,Telangana,690.0,BHADRADRI,BHADRADRI,Bhadrachalam,Bhadrachalam,Godavari,Godavari,-,-,-,Godavari,Yes,26.61,32.61
GDBDCL,Godavari at Bhadrachalam,Godavari,2026-04-20 09:30:00+00:00,39.427,NORMAL,47.5,48.5,53.0,17.66944444,80.87388889,GDBDCL_2026-04-20T09:30:00+0000_39.4270,1377.0,1377.0,CWC,36.0,Telangana,690.0,BHADRADRI,BHADRADRI,Bhadrachalam,Bhadrachalam,Godavari,Godavari,-,-,-,Godavari,Yes,26.61,32.61
GDBDCL,Godavari at Bhadrachalam,Godavari,2026-04-20 12:30:00+00:00,39.427,NORMAL,47.5,48.5,53.0,17.66944444,80.87388889,GDBDCL_2026-04-20T12:30:00+0000_39.4270,1378.0,1378.0,CWC,36.0,Telangana,690.0,BHADRADRI,BHADRADRI,Bhadrachalam,Bhadrachalam,Godavari,Godavari,-,-,-,Godavari,Yes,26.61,32.61
GDBDCL,Godavari at Bhadrachalam,Godavari,2026-04-20 13:30:00+00:00,39.427,NORMAL,47.5,48.5,53.0,17.66944444,80.87388889,GDBDCL_2026-04-20T13:30:00+0000_39.4270,1379.0,1379.0,CWC,36.0,Telangana,690.0,BHADRADRI,BHADRADRI,Bhadrachalam,Bhadrachalam,Godavari,Godavari,-,-,-,Godavari,Yes,26.61,32.61
GDBDCL,Godavari at Bhadrachalam,Godavari,2026-04-20 14:30:00+00:00,39.427,NORMAL,47.5,48.5,53.0,17.66944444,80.87388889,GDBDCL_2026-04-20T14:30:00+0000_39.4270,1380.0,1380.0,CWC,36.0,Telangana,690.0,BHADRADRI,BHADRADRI,Bhadrachalam,Bhadrachalam,Godavari,Godavari,-,-,-,Godavari,Yes,26.61,32.61
GDBDCL,Godavari at Bhadrachalam,Godavari,2026-04-20 15:30:00+00:00,39.427,NORMAL,47.5,48.5,53.0,17.66944444,80.87388889,GDBDCL_2026-04-20T15:30:00+0000_39.4270,1381.0,1381.0,CWC,36.0,Telangana,690.0,BHADRADRI,BHADRADRI,Bhadrachalam,Bhadrachalam,Godavari,Godavari,-,-,-,Godavari,Yes,26.61,32.61
GDBDCL,Godavari at Bhadrachalam,Godavari,2026-04-20 16:30:00+00:00,39.427,NORMAL,47.5,48.5,53.0,17.66944444,80.87388889,GDBDCL_2026-04-20T16:30:00+0000_39.4270,1382.0,1382.0,CWC,36.0,Telangana,690.0,BHADRADRI,BHADRADRI,Bhadrachalam,Bhadrachalam,Godavari,Godavari,-,-,-,Godavari,Yes,26.61,32.61
GDBDCL,Godavari at Bhadrachalam,Godavari,2026-04-20 23:30:00+00:00,39.427,NORMAL,47.5,48.5,53.0,17.66944444,80.87388889,GDBDCL_2026-04-20T23:30:00+0000_39.4270,1383.0,1383.0,CWC,36.0,Telangana,690.0,BHADRADRI,BHADRADRI,Bhadrachalam,Bhadrachalam,Godavari,Godavari,-,-,-,Godavari,Yes,26.61,32.61
GDBDCL,Godavari at Bhadrachalam,Godavari,2026-04-21 00:30:00+00:00,39.427,NORMAL,47.5,48.5,53.0,17.66944444,80.87388889,GDBDCL_2026-04-21T00:30:00+0000_39.4270,1384.0,1384.0,CWC,36.0,Telangana,690.0,BHADRADRI,BHADRADRI,Bhadrachalam,Bhadrachalam,Godavari,Godavari,-,-,-,Godavari,Yes,26.61,32.61
GDBDCL,Godavari at Bhadrachalam,Godavari,2026-04-21 04:30:00+00:00,39.427,NORMAL,47.5,48.5,53.0,17.66944444,80.87388889,GDBDCL_2026-04-21T04:30:00+0000_39.4270,1385.0,1385.0,CWC,36.0,Telangana,690.0,BHADRADRI,BHADRADRI,Bhadrachalam,Bhadrachalam,Godavari,Godavari,-,-,-,Godavari,Yes,26.61,32.61
GDBDCL,Godavari at Bhadrachalam,Godavari,2026-04-21 05:30:00+00:00,39.427,NORMAL,47.5,48.5,53.0,17.66944444,80.87388889,GDBDCL_2026-04-21T05:30:00+0000_39.4270,1386.0,1386.0,CWC,36.0,Telangana,690.0,BHADRADRI,BHADRADRI,Bhadrachalam,Bhadrachalam,Godavari,Godavari,-,-,-,Godavari,Yes,26.61,32.61
GDBDCL,Godavari at Bhadrachalam,Godavari,2026-04-21 06:30:00+00:00,39.427,NORMAL,47.5,48.5,53.0,17.66944444,80.87388889,GDBDCL_2026-04-21T06:30:00+0000_39.4270,1387.0,1387.0,CWC,36.0,Telangana,690.0,BHADRADRI,BHADRADRI,Bhadrachalam,Bhadrachalam,Godavari,Godavari,-,-,-,Godavari,Yes,26.61,32.61
GDBDCL,Godavari at Bhadrachalam,Godavari,2026-04-21 07:30:00+00:00,39.427,NORMAL,47.5,48.5,53.0,17.66944444,80.87388889,GDBDCL_2026-04-21T07:30:00+0000_39.4270,1388.0,1388.0,CWC,36.0,Telangana,690.0,BHADRADRI,BHADRADRI,Bhadrachalam,Bhadrachalam,Godavari,Godavari,-,-,-,Godavari,Yes,26.61,32.61
GDBDCL,Godavari at Bhadrachalam,Godavari,2026-04-21 08:30:00+00:00,39.427,NORMAL,47.5,48.5,53.0,17.66944444,80.87388889,GDBDCL_2026-04-21T08:30:00+0000_39.4270,1389.0,1389.0,CWC,36.0,Telangana,690.0,BHADRADRI,BHADRADRI,Bhadrachalam,Bhadrachalam,Godavari,Godavari,-,-,-,Godavari,Yes,26.61,32.61
GDBDCL,Godavari at Bhadrachalam,Godavari,2026-04-21 09:30:00+00:00,39.427,NORMAL,47.5,48.5,53.0,17.66944444,80.87388889,GDBDCL_2026-04-21T09:30:00+0000_39.4270,1390.0,1390.0,CWC,36.0,Telangana,690.0,BHADRADRI,BHADRADRI,Bhadrachalam,Bhadrachalam,Godavari,Godavari,-,-,-,Godavari,Yes,26.61,32.61
GDBDCL,Godavari at Bhadrachalam,Godavari,2026-04-21 10:30:00+00:00,39.427,NORMAL,47.5,48.5,53.0,17.66944444,80.87388889,GDBDCL_2026-04-21T10:30:00+0000_39.4270,1391.0,1391.0,CWC,36.0,Telangana,690.0,BHADRADRI,BHADRADRI,Bhadrachalam,Bhadrachalam,Godavari,Godavari,-,-,-,Godavari,Yes,26.61,32.61
GDBDCL,Godavari at Bhadrachalam,Godavari,2026-04-21 11:30:00+00:00,39.427,NORMAL,47.5,48.5,53.0,17.66944444,80.87388889,GDBDCL_2026-04-21T11:30:00+0000_39.4270,1392.0,1392.0,CWC,36.0,Telangana,690.0,BHADRADRI,BHADRADRI,Bhadrachalam,Bhadrachalam,Godavari,Godavari,-,-,-,Godavari,Yes,26.61,32.61
GDBDCL,Godavari at Bhadrachalam,Godavari,2026-04-21 12:30:00+00:00,39.427,NORMAL,47.5,48.5,53.0,17.66944444,80.87388889,GDBDCL_2026-04-21T12:30:00+0000_39.4270,1393.0,1393.0,CWC,36.0,Telangana,690.0,BHADRADRI,BHADRADRI,Bhadrachalam,Bhadrachalam,Godavari,Godavari,-,-,-,Godavari,Yes,26.61,32.61
GDBDCL,Godavari at Bhadrachalam,Godavari,2026-04-21 13:30:00+00:00,39.427,NORMAL,47.5,48.5,53.0,17.66944444,80.87388889,GDBDCL_2026-04-21T13:30:00+0000_39.4270,1394.0,1394.0,CWC,36.0,Telangana,690.0,BHADRADRI,BHADRADRI,Bhadrachalam,Bhadrachalam,Godavari,Godavari,-,-,-,Godavari,Yes,26.61,32.61
GDBDCL,Godavari at Bhadrachalam,Godavari,2026-04-21 14:30:00+00:00,39.427,NORMAL,47.5,48.5,53.0,17.66944444,80.87388889,GDBDCL_2026-04-21T14:30:00+0000_39.4270,1395.0,1395.0,CWC,36.0,Telangana,690.0,BHADRADRI,BHADRADRI,Bhadrachalam,Bhadrachalam,Godavari,Godavari,-,-,-,Godavari,Yes,26.61,32.61
GDBDCL,Godavari at Bhadrachalam,Godavari,2026-04-21 15:30:00+00:00,39.427,NORMAL,47.5,48.5,53.0,17.66944444,80.87388889,GDBDCL_2026-04-21T15:30:00+0000_39.4270,1396.0,1396.0,CWC,36.0,Telangana,690.0,BHADRADRI,BHADRADRI,Bhadrachalam,Bhadrachalam,Godavari,Godavari,-,-,-,Godavari,Yes,26.61,32.61
GDBDCL,Godavari at Bhadrachalam,Godavari,2026-04-21 16:30:00+00:00,39.427,NORMAL,47.5,48.5,53.0,17.66944444,80.87388889,GDBDCL_2026-04-21T16:30:00+0000_39.4270,1397.0,1397.0,CWC,36.0,Telangana,690.0,BHADRADRI,BHADRADRI,Bhadrachalam,Bhadrachalam,Godavari,Godavari,-,-,-,Godavari,Yes,26.61,32.61
GDBDCL,Godavari at Bhadrachalam,Godavari,2026-04-21 17:30:00+00:00,39.427,NORMAL,47.5,48.5,53.0,17.66944444,80.87388889,GDBDCL_2026-04-21T17:30:00+0000_39.4270,1398.0,1398.0,CWC,36.0,Telangana,690.0,BHADRADRI,BHADRADRI,Bhadrachalam,Bhadrachalam,Godavari,Godavari,-,-,-,Godavari,Yes,26.61,32.61
GDBDCL,Godavari at Bhadrachalam,Godavari,2026-04-21 18:30:00+00:00,39.427,NORMAL,47.5,48.5,53.0,17.66944444,80.87388889,GDBDCL_2026-04-21T18:30:00+0000_39.4270,1399.0,1399.0,CWC,36.0,Telangana,690.0,BHADRADRI,BHADRADRI,Bhadrachalam,Bhadrachalam,Godavari,Godavari,-,-,-,Godavari,Yes,26.61,32.61
GDBDCL,Godavari at Bhadrachalam,Godavari,2026-04-21 19:30:00+00:00,39.427,NORMAL,47.5,48.5,53.0,17.66944444,80.87388889,GDBDCL_2026-04-21T19:30:00+0000_39.4270,1400.0,1400.0,CWC,36.0,Telangana,690.0,BHADRADRI,BHADRADRI,Bhadrachalam,Bhadrachalam,Godavari,Godavari,-,-,-,Godavari,Yes,26.61,32.61
GDBDCL,Godavari at Bhadrachalam,Godavari,2026-04-21 22:30:00+00:00,39.427,NORMAL,47.5,48.5,53.0,17.66944444,80.87388889,GDBDCL_2026-04-21T22:30:00+0000_39.4270,1401.0,1401.0,CWC,36.0,Telangana,690.0,BHADRADRI,BHADRADRI,Bhadrachalam,Bhadrachalam,Godavari,Godavari,-,-,-,Godavari,Yes,26.61,32.61
GDBDCL,Godavari at Bhadrachalam,Godavari,2026-04-21 23:30:00+00:00,39.427,NORMAL,47.5,48.5,53.0,17.66944444,80.87388889,GDBDCL_2026-04-21T23:30:00+0000_39.4270,1402.0,1402.0,CWC,36.0,Telangana,690.0,BHADRADRI,BHADRADRI,Bhadrachalam,Bhadrachalam,Godavari,Godavari,-,-,-,Godavari,Yes,26.61,32.61
GDBDCL,Godavari at Bhadrachalam,Godavari,2026-04-22 05:30:00+00:00,39.427,NORMAL,47.5,48.5,53.0,17.66944444,80.87388889,GDBDCL_2026-04-22T05:30:00+0000_39.4270,1403.0,1403.0,CWC,36.0,Telangana,690.0,BHADRADRI,BHADRADRI,Bhadrachalam,Bhadrachalam,Godavari,Godavari,-,-,-,Godavari,Yes,26.61,32.61
GDBDCL,Godavari at Bhadrachalam,Godavari,2026-04-22 06:30:00+00:00,39.427,NORMAL,47.5,48.5,53.0,17.66944444,80.87388889,GDBDCL_2026-04-22T06:30:00+0000_39.4270,1404.0,1404.0,CWC,36.0,Telangana,690.0,BHADRADRI,BHADRADRI,Bhadrachalam,Bhadrachalam,Godavari,Godavari,-,-,-,Godavari,Yes,26.61,32.61
GDBDCL,Godavari at Bhadrachalam,Godavari,2026-04-22 07:30:00+00:00,39.427,NORMAL,47.5,48.5,53.0,17.66944444,80.87388889,GDBDCL_2026-04-22T07:30:00+0000_39.4270,1405.0,1405.0,CWC,36.0,Telangana,690.0,BHADRADRI,BHADRADRI,Bhadrachalam,Bhadrachalam,Godavari,Godavari,-,-,-,Godavari,Yes,26.61,32.61
GDBDCL,Godavari at Bhadrachalam,Godavari,2026-04-22 08:30:00+00:00,39.427,NORMAL,47.5,48.5,53.0,17.66944444,80.87388889,GDBDCL_2026-04-22T08:30:00+0000_39.4270,1406.0,1406.0,CWC,36.0,Telangana,690.0,BHADRADRI,BHADRADRI,Bhadrachalam,Bhadrachalam,Godavari,Godavari,-,-,-,Godavari,Yes,26.61,32.61
GDBDCL,Godavari at Bhadrachalam,Godavari,2026-04-22 23:30:00+00:00,39.426,NORMAL,47.5,48.5,53.0,17.66944444,80.87388889,GDBDCL_2026-04-22T23:30:00+0000_39.4260,1407.0,1407.0,CWC,36.0,Telangana,690.0,BHADRADRI,BHADRADRI,Bhadrachalam,Bhadrachalam,Godavari,Godavari,-,-,-,Godavari,Yes,26.61,32.61
GDBDCL,Godavari at Bhadrachalam,Godavari,2026-04-23 00:30:00+00:00,39.426,NORMAL,47.5,48.5,53.0,17.66944444,80.87388889,GDBDCL_2026-04-23T00:30:00+0000_39.4260,1408.0,1408.0,CWC,36.0,Telangana,690.0,BHADRADRI,BHADRADRI,Bhadrachalam,Bhadrachalam,Godavari,Godavari,-,-,-,Godavari,Yes,26.61,32.61
GDBDCL,Godavari at Bhadrachalam,Godavari,2026-04-23 01:30:00+00:00,39.427,NORMAL,47.5,48.5,53.0,17.66944444,80.87388889,GDBDCL_2026-04-23T01:30:00+0000_39.4270,1409.0,1409.0,CWC,36.0,Telangana,690.0,BHADRADRI,BHADRADRI,Bhadrachalam,Bhadrachalam,Godavari,Godavari,-,-,-,Godavari,Yes,26.61,32.61
GDBDCL,Godavari at Bhadrachalam,Godavari,2026-04-23 02:30:00+00:00,39.427,NORMAL,47.5,48.5,53.0,17.66944444,80.87388889,GDBDCL_2026-04-23T02:30:00+0000_39.4270,1410.0,1410.0,CWC,36.0,Telangana,690.0,BHADRADRI,BHADRADRI,Bhadrachalam,Bhadrachalam,Godavari,Godavari,-,-,-,Godavari,Yes,26.61,32.61
GDBDCL,Godavari at Bhadrachalam,Godavari,2026-04-23 03:30:00+00:00,39.427,NORMAL,47.5,48.5,53.0,17.66944444,80.87388889,GDBDCL_2026-04-23T03:30:00+0000_39.4270,1411.0,1411.0,CWC,36.0,Telangana,690.0,BHADRADRI,BHADRADRI,Bhadrachalam,Bhadrachalam,Godavari,Godavari,-,-,-,Godavari,Yes,26.61,32.61
GDBDCL,Godavari at Bhadrachalam,Godavari,2026-04-23 04:30:00+00:00,39.426,NORMAL,47.5,48.5,53.0,17.66944444,80.87388889,GDBDCL_2026-04-23T04:30:00+0000_39.4260,1412.0,1412.0,CWC,36.0,Telangana,690.0,BHADRADRI,BHADRADRI,Bhadrachalam,Bhadrachalam,Godavari,Godavari,-,-,-,Godavari,Yes,26.61,32.61
GDBDCL,Godavari at Bhadrachalam,Godavari,2026-04-23 05:30:00+00:00,39.427,NORMAL,47.5,48.5,53.0,17.66944444,80.87388889,GDBDCL_2026-04-23T05:30:00+0000_39.4270,1413.0,1413.0,CWC,36.0,Telangana,690.0,BHADRADRI,BHADRADRI,Bhadrachalam,Bhadrachalam,Godavari,Godavari,-,-,-,Godavari,Yes,26.61,32.61
GDBDCL,Godavari at Bhadrachalam,Godavari,2026-04-23 06:30:00+00:00,39.427,NORMAL,47.5,48.5,53.0,17.66944444,80.87388889,GDBDCL_2026-04-23T06:30:00+0000_39.4270,1414.0,1414.0,CWC,36.0,Telangana,690.0,BHADRADRI,BHADRADRI,Bhadrachalam,Bhadrachalam,Godavari,Godavari,-,-,-,Godavari,Yes,26.61,32.61
GDBDCL,Godavari at Bhadrachalam,Godavari,2026-04-23 11:30:00+00:00,39.427,NORMAL,47.5,48.5,53.0,17.66944444,80.87388889,GDBDCL_2026-04-23T11:30:00+0000_39.4270,1415.0,1415.0,CWC,36.0,Telangana,690.0,BHADRADRI,BHADRADRI,Bhadrachalam,Bhadrachalam,Godavari,Godavari,-,-,-,Godavari,Yes,26.61,32.61
GDBDCL,Godavari at Bhadrachalam,Godavari,2026-04-23 12:30:00+00:00,39.427,NORMAL,47.5,48.5,53.0,17.66944444,80.87388889,GDBDCL_2026-04-23T12:30:00+0000_39.4270,1416.0,1416.0,CWC,36.0,Telangana,690.0,BHADRADRI,BHADRADRI,Bhadrachalam,Bhadrachalam,Godavari,Godavari,-,-,-,Godavari,Yes,26.61,32.61
GDBDCL,Godavari at Bhadrachalam,Godavari,2026-04-23 13:30:00+00:00,39.427,NORMAL,47.5,48.5,53.0,17.66944444,80.87388889,GDBDCL_2026-04-23T13:30:00+0000_39.4270,1417.0,1417.0,CWC,36.0,Telangana,690.0,BHADRADRI,BHADRADRI,Bhadrachalam,Bhadrachalam,Godavari,Godavari,-,-,-,Godavari,Yes,26.61,32.61
GDBDCL,Godavari at Bhadrachalam,Godavari,2026-04-23 22:30:00+00:00,39.427,NORMAL,47.5,48.5,53.0,17.66944444,80.87388889,GDBDCL_2026-04-23T22:30:00+0000_39.4270,1418.0,1418.0,CWC,36.0,Telangana,690.0,BHADRADRI,BHADRADRI,Bhadrachalam,Bhadrachalam,Godavari,Godavari,-,-,-,Godavari,Yes,26.61,32.61
GDBDCL,Godavari at Bhadrachalam,Godavari,2026-04-23 23:30:00+00:00,39.427,NORMAL,47.5,48.5,53.0,17.66944444,80.87388889,GDBDCL_2026-04-23T23:30:00+0000_39.4270,1419.0,1419.0,CWC,36.0,Telangana,690.0,BHADRADRI,BHADRADRI,Bhadrachalam,Bhadrachalam,Godavari,Godavari,-,-,-,Godavari,Yes,26.61,32.61
GDBDCL,Godavari at Bhadrachalam,Godavari,2026-04-24 01:30:00+00:00,39.426,NORMAL,47.5,48.5,53.0,17.66944444,80.87388889,GDBDCL_2026-04-24T01:30:00+0000_39.4260,1420.0,1420.0,CWC,36.0,Telangana,690.0,BHADRADRI,BHADRADRI,Bhadrachalam,Bhadrachalam,Godavari,Godavari,-,-,-,Godavari,Yes,26.61,32.61
GDBDCL,Godavari at Bhadrachalam,Godavari,2026-04-24 02:30:00+00:00,39.426,NORMAL,47.5,48.5,53.0,17.66944444,80.87388889,GDBDCL_2026-04-24T02:30:00+0000_39.4260,1421.0,1421.0,CWC,36.0,Telangana,690.0,BHADRADRI,BHADRADRI,Bhadrachalam,Bhadrachalam,Godavari,Godavari,-,-,-,Godavari,Yes,26.61,32.61
GDBDCL,Godavari at Bhadrachalam,Godavari,2026-04-24 03:30:00+00:00,39.427,NORMAL,47.5,48.5,53.0,17.66944444,80.87388889,GDBDCL_2026-04-24T03:30:00+0000_39.4270,1422.0,1422.0,CWC,36.0,Telangana,690.0,BHADRADRI,BHADRADRI,Bhadrachalam,Bhadrachalam,Godavari,Godavari,-,-,-,Godavari,Yes,26.61,32.61
GDBDCL,Godavari at Bhadrachalam,Godavari,2026-04-24 10:30:00+00:00,39.427,NORMAL,47.5,48.5,53.0,17.66944444,80.87388889,GDBDCL_2026-04-24T10:30:00+0000_39.4270,1423.0,1423.0,CWC,36.0,Telangana,690.0,BHADRADRI,BHADRADRI,Bhadrachalam,Bhadrachalam,Godavari,Godavari,-,-,-,Godavari,Yes,26.61,32.61
GDBDCL,Godavari at Bhadrachalam,Godavari,2026-04-24 11:30:00+00:00,39.427,NORMAL,47.5,48.5,53.0,17.66944444,80.87388889,GDBDCL_2026-04-24T11:30:00+0000_39.4270,1424.0,1424.0,CWC,36.0,Telangana,690.0,BHADRADRI,BHADRADRI,Bhadrachalam,Bhadrachalam,Godavari,Godavari,-,-,-,Godavari,Yes,26.61,32.61
GDBDCL,Godavari at Bhadrachalam,Godavari,2026-04-24 12:30:00+00:00,39.427,NORMAL,47.5,48.5,53.0,17.66944444,80.87388889,GDBDCL_2026-04-24T12:30:00+0000_39.4270,1425.0,1425.0,CWC,36.0,Telangana,690.0,BHADRADRI,BHADRADRI,Bhadrachalam,Bhadrachalam,Godavari,Godavari,-,-,-,Godavari,Yes,26.61,32.61
GDBDCL,Godavari at Bhadrachalam,Godavari,2026-04-24 13:30:00+00:00,39.427,NORMAL,47.5,48.5,53.0,17.66944444,80.87388889,GDBDCL_2026-04-24T13:30:00+0000_39.4270,1426.0,1426.0,CWC,36.0,Telangana,690.0,BHADRADRI,BHADRADRI,Bhadrachalam,Bhadrachalam,Godavari,Godavari,-,-,-,Godavari,Yes,26.61,32.61
GDBDCL,Godavari at Bhadrachalam,Godavari,2026-04-24 14:30:00+00:00,39.427,NORMAL,47.5,48.5,53.0,17.66944444,80.87388889,GDBDCL_2026-04-24T14:30:00+0000_39.4270,1427.0,1427.0,CWC,36.0,Telangana,690.0,BHADRADRI,BHADRADRI,Bhadrachalam,Bhadrachalam,Godavari,Godavari,-,-,-,Godavari,Yes,26.61,32.61
GDBDCL,Godavari at Bhadrachalam,Godavari,2026-04-24 15:30:00+00:00,39.427,NORMAL,47.5,48.5,53.0,17.66944444,80.87388889,GDBDCL_2026-04-24T15:30:00+0000_39.4270,1428.0,1428.0,CWC,36.0,Telangana,690.0,BHADRADRI,BHADRADRI,Bhadrachalam,Bhadrachalam,Godavari,Godavari,-,-,-,Godavari,Yes,26.61,32.61
GDBDCL,Godavari at Bhadrachalam,Godavari,2026-04-24 16:30:00+00:00,39.427,NORMAL,47.5,48.5,53.0,17.66944444,80.87388889,GDBDCL_2026-04-24T16:30:00+0000_39.4270,1429.0,1429.0,CWC,36.0,Telangana,690.0,BHADRADRI,BHADRADRI,Bhadrachalam,Bhadrachalam,Godavari,Godavari,-,-,-,Godavari,Yes,26.61,32.61
GDBDCL,Godavari at Bhadrachalam,Godavari,2026-04-24 17:30:00+00:00,39.427,NORMAL,47.5,48.5,53.0,17.66944444,80.87388889,GDBDCL_2026-04-24T17:30:00+0000_39.4270,1430.0,1430.0,CWC,36.0,Telangana,690.0,BHADRADRI,BHADRADRI,Bhadrachalam,Bhadrachalam,Godavari,Godavari,-,-,-,Godavari,Yes,26.61,32.61
GDBDCL,Godavari at Bhadrachalam,Godavari,2026-04-24 18:30:00+00:00,39.427,NORMAL,47.5,48.5,53.0,17.66944444,80.87388889,GDBDCL_2026-04-24T18:30:00+0000_39.4270,1431.0,1431.0,CWC,36.0,Telangana,690.0,BHADRADRI,BHADRADRI,Bhadrachalam,Bhadrachalam,Godavari,Godavari,-,-,-,Godavari,Yes,26.61,32.61
GDBDCL,Godavari at Bhadrachalam,Godavari,2026-04-24 19:30:00+00:00,39.427,NORMAL,47.5,48.5,53.0,17.66944444,80.87388889,GDBDCL_2026-04-24T19:30:00+0000_39.4270,1432.0,1432.0,CWC,36.0,Telangana,690.0,BHADRADRI,BHADRADRI,Bhadrachalam,Bhadrachalam,Godavari,Godavari,-,-,-,Godavari,Yes,26.61,32.61
GDBDCL,Godavari at Bhadrachalam,Godavari,2026-04-24 20:30:00+00:00,39.427,NORMAL,47.5,48.5,53.0,17.66944444,80.87388889,GDBDCL_2026-04-24T20:30:00+0000_39.4270,1433.0,1433.0,CWC,36.0,Telangana,690.0,BHADRADRI,BHADRADRI,Bhadrachalam,Bhadrachalam,Godavari,Godavari,-,-,-,Godavari,Yes,26.61,32.61
GDBDCL,Godavari at Bhadrachalam,Godavari,2026-04-24 22:30:00+00:00,39.427,NORMAL,47.5,48.5,53.0,17.66944444,80.87388889,GDBDCL_2026-04-24T22:30:00+0000_39.4270,1434.0,1434.0,CWC,36.0,Telangana,690.0,BHADRADRI,BHADRADRI,Bhadrachalam,Bhadrachalam,Godavari,Godavari,-,-,-,Godavari,Yes,26.61,32.61
GDBDCL,Godavari at Bhadrachalam,Godavari,2026-04-24 23:30:00+00:00,39.427,NORMAL,47.5,48.5,53.0,17.66944444,80.87388889,GDBDCL_2026-04-24T23:30:00+0000_39.4270,1435.0,1435.0,CWC,36.0,Telangana,690.0,BHADRADRI,BHADRADRI,Bhadrachalam,Bhadrachalam,Godavari,Godavari,-,-,-,Godavari,Yes,26.61,32.61
GDBDCL,Godavari at Bhadrachalam,Godavari,2026-04-25 00:30:00+00:00,39.427,NORMAL,47.5,48.5,53.0,17.66944444,80.87388889,GDBDCL_2026-04-25T00:30:00+0000_39.4270,1436.0,1436.0,CWC,36.0,Telangana,690.0,BHADRADRI,BHADRADRI,Bhadrachalam,Bhadrachalam,Godavari,Godavari,-,-,-,Godavari,Yes,26.61,32.61
GDBDCL,Godavari at Bhadrachalam,Godavari,2026-04-25 01:30:00+00:00,39.427,NORMAL,47.5,48.5,53.0,17.66944444,80.87388889,GDBDCL_2026-04-25T01:30:00+0000_39.4270,1437.0,1437.0,CWC,36.0,Telangana,690.0,BHADRADRI,BHADRADRI,Bhadrachalam,Bhadrachalam,Godavari,Godavari,-,-,-,Godavari,Yes,26.61,32.61
GDBDCL,Godavari at Bhadrachalam,Godavari,2026-04-25 02:30:00+00:00,39.427,NORMAL,47.5,48.5,53.0,17.66944444,80.87388889,GDBDCL_2026-04-25T02:30:00+0000_39.4270,1438.0,1438.0,CWC,36.0,Telangana,690.0,BHADRADRI,BHADRADRI,Bhadrachalam,Bhadrachalam,Godavari,Godavari,-,-,-,Godavari,Yes,26.61,32.61
GDBDCL,Godavari at Bhadrachalam,Godavari,2026-04-25 07:30:00+00:00,39.427,NORMAL,47.5,48.5,53.0,17.66944444,80.87388889,GDBDCL_2026-04-25T07:30:00+0000_39.4270,1439.0,1439.0,CWC,36.0,Telangana,690.0,BHADRADRI,BHADRADRI,Bhadrachalam,Bhadrachalam,Godavari,Godavari,-,-,-,Godavari,Yes,26.61,32.61
GDBDCL,Godavari at Bhadrachalam,Godavari,2026-04-25 08:30:00+00:00,39.427,NORMAL,47.5,48.5,53.0,17.66944444,80.87388889,GDBDCL_2026-04-25T08:30:00+0000_39.4270,1440.0,1440.0,CWC,36.0,Telangana,690.0,BHADRADRI,BHADRADRI,Bhadrachalam,Bhadrachalam,Godavari,Godavari,-,-,-,Godavari,Yes,26.61,32.61
GDBDCL,Godavari at Bhadrachalam,Godavari,2026-04-25 09:30:00+00:00,39.427,NORMAL,47.5,48.5,53.0,17.66944444,80.87388889,GDBDCL_2026-04-25T09:30:00+0000_39.4270,1441.0,1441.0,CWC,36.0,Telangana,690.0,BHADRADRI,BHADRADRI,Bhadrachalam,Bhadrachalam,Godavari,Godavari,-,-,-,Godavari,Yes,26.61,32.61
GDBDCL,Godavari at Bhadrachalam,Godavari,2026-04-25 10:30:00+00:00,39.427,NORMAL,47.5,48.5,53.0,17.66944444,80.87388889,GDBDCL_2026-04-25T10:30:00+0000_39.4270,1442.0,1442.0,CWC,36.0,Telangana,690.0,BHADRADRI,BHADRADRI,Bhadrachalam,Bhadrachalam,Godavari,Godavari,-,-,-,Godavari,Yes,26.61,32.61
GDBDCL,Godavari at Bhadrachalam,Godavari,2026-04-25 16:30:00+00:00,39.427,NORMAL,47.5,48.5,53.0,17.66944444,80.87388889,GDBDCL_2026-04-25T16:30:00+0000_39.4270,1443.0,1443.0,CWC,36.0,Telangana,690.0,BHADRADRI,BHADRADRI,Bhadrachalam,Bhadrachalam,Godavari,Godavari,-,-,-,Godavari,Yes,26.61,32.61
GDBDCL,Godavari at Bhadrachalam,Godavari,2026-04-25 17:30:00+00:00,39.427,NORMAL,47.5,48.5,53.0,17.66944444,80.87388889,GDBDCL_2026-04-25T17:30:00+0000_39.4270,1444.0,1444.0,CWC,36.0,Telangana,690.0,BHADRADRI,BHADRADRI,Bhadrachalam,Bhadrachalam,Godavari,Godavari,-,-,-,Godavari,Yes,26.61,32.61
GDBDCL,Godavari at Bhadrachalam,Godavari,2026-04-25 22:30:00+00:00,39.427,NORMAL,47.5,48.5,53.0,17.66944444,80.87388889,GDBDCL_2026-04-25T22:30:00+0000_39.4270,1445.0,1445.0,CWC,36.0,Telangana,690.0,BHADRADRI,BHADRADRI,Bhadrachalam,Bhadrachalam,Godavari,Godavari,-,-,-,Godavari,Yes,26.61,32.61
GDBDCL,Godavari at Bhadrachalam,Godavari,2026-04-25 23:30:00+00:00,39.427,NORMAL,47.5,48.5,53.0,17.66944444,80.87388889,GDBDCL_2026-04-25T23:30:00+0000_39.4270,1446.0,1446.0,CWC,36.0,Telangana,690.0,BHADRADRI,BHADRADRI,Bhadrachalam,Bhadrachalam,Godavari,Godavari,-,-,-,Godavari,Yes,26.61,32.61
GDBDCL,Godavari at Bhadrachalam,Godavari,2026-04-26 00:30:00+00:00,39.427,NORMAL,47.5,48.5,53.0,17.66944444,80.87388889,GDBDCL_2026-04-26T00:30:00+0000_39.4270,1447.0,1447.0,CWC,36.0,Telangana,690.0,BHADRADRI,BHADRADRI,Bhadrachalam,Bhadrachalam,Godavari,Godavari,-,-,-,Godavari,Yes,26.61,32.61
GDBDCL,Godavari at Bhadrachalam,Godavari,2026-04-26 04:30:00+00:00,39.427,NORMAL,47.5,48.5,53.0,17.66944444,80.87388889,GDBDCL_2026-04-26T04:30:00+0000_39.4270,1448.0,1448.0,CWC,36.0,Telangana,690.0,BHADRADRI,BHADRADRI,Bhadrachalam,Bhadrachalam,Godavari,Godavari,-,-,-,Godavari,Yes,26.61,32.61
GDBDCL,Godavari at Bhadrachalam,Godavari,2026-04-26 05:30:00+00:00,39.427,NORMAL,47.5,48.5,53.0,17.66944444,80.87388889,GDBDCL_2026-04-26T05:30:00+0000_39.4270,1449.0,1449.0,CWC,36.0,Telangana,690.0,BHADRADRI,BHADRADRI,Bhadrachalam,Bhadrachalam,Godavari,Godavari,-,-,-,Godavari,Yes,26.61,32.61
GDBDCL,Godavari at Bhadrachalam,Godavari,2026-04-26 07:30:00+00:00,39.427,NORMAL,47.5,48.5,53.0,17.66944444,80.87388889,GDBDCL_2026-04-26T07:30:00+0000_39.4270,1450.0,1450.0,CWC,36.0,Telangana,690.0,BHADRADRI,BHADRADRI,Bhadrachalam,Bhadrachalam,Godavari,Godavari,-,-,-,Godavari,Yes,26.61,32.61
GDBDCL,Godavari at Bhadrachalam,Godavari,2026-04-26 08:30:00+00:00,39.427,NORMAL,47.5,48.5,53.0,17.66944444,80.87388889,GDBDCL_2026-04-26T08:30:00+0000_39.4270,1451.0,1451.0,CWC,36.0,Telangana,690.0,BHADRADRI,BHADRADRI,Bhadrachalam,Bhadrachalam,Godavari,Godavari,-,-,-,Godavari,Yes,26.61,32.61
GDBDCL,Godavari at Bhadrachalam,Godavari,2026-04-26 09:30:00+00:00,39.427,NORMAL,47.5,48.5,53.0,17.66944444,80.87388889,GDBDCL_2026-04-26T09:30:00+0000_39.4270,1452.0,1452.0,CWC,36.0,Telangana,690.0,BHADRADRI,BHADRADRI,Bhadrachalam,Bhadrachalam,Godavari,Godavari,-,-,-,Godavari,Yes,26.61,32.61
GDBDCL,Godavari at Bhadrachalam,Godavari,2026-04-26 10:30:00+00:00,39.427,NORMAL,47.5,48.5,53.0,17.66944444,80.87388889,GDBDCL_2026-04-26T10:30:00+0000_39.4270,1453.0,1453.0,CWC,36.0,Telangana,690.0,BHADRADRI,BHADRADRI,Bhadrachalam,Bhadrachalam,Godavari,Godavari,-,-,-,Godavari,Yes,26.61,32.61
GDBDCL,Godavari at Bhadrachalam,Godavari,2026-04-26 11:30:00+00:00,39.427,NORMAL,47.5,48.5,53.0,17.66944444,80.87388889,GDBDCL_2026-04-26T11:30:00+0000_39.4270,1454.0,1454.0,CWC,36.0,Telangana,690.0,BHADRADRI,BHADRADRI,Bhadrachalam,Bhadrachalam,Godavari,Godavari,-,-,-,Godavari,Yes,26.61,32.61
GDBDCL,Godavari at Bhadrachalam,Godavari,2026-04-26 14:30:00+00:00,39.427,NORMAL,47.5,48.5,53.0,17.66944444,80.87388889,GDBDCL_2026-04-26T14:30:00+0000_39.4270,1455.0,1455.0,CWC,36.0,Telangana,690.0,BHADRADRI,BHADRADRI,Bhadrachalam,Bhadrachalam,Godavari,Godavari,-,-,-,Godavari,Yes,26.61,32.61
GDBDCL,Godavari at Bhadrachalam,Godavari,2026-04-26 15:30:00+00:00,39.427,NORMAL,47.5,48.5,53.0,17.66944444,80.87388889,GDBDCL_2026-04-26T15:30:00+0000_39.4270,1456.0,1456.0,CWC,36.0,Telangana,690.0,BHADRADRI,BHADRADRI,Bhadrachalam,Bhadrachalam,Godavari,Godavari,-,-,-,Godavari,Yes,26.61,32.61
GDBDCL,Godavari at Bhadrachalam,Godavari,2026-04-26 22:30:00+00:00,39.427,NORMAL,47.5,48.5,53.0,17.66944444,80.87388889,GDBDCL_2026-04-26T22:30:00+0000_39.4270,1457.0,1457.0,CWC,36.0,Telangana,690.0,BHADRADRI,BHADRADRI,Bhadrachalam,Bhadrachalam,Godavari,Godavari,-,-,-,Godavari,Yes,26.61,32.61
GDBDCL,Godavari at Bhadrachalam,Godavari,2026-04-26 23:30:00+00:00,39.427,NORMAL,47.5,48.5,53.0,17.66944444,80.87388889,GDBDCL_2026-04-26T23:30:00+0000_39.4270,1458.0,1458.0,CWC,36.0,Telangana,690.0,BHADRADRI,BHADRADRI,Bhadrachalam,Bhadrachalam,Godavari,Godavari,-,-,-,Godavari,Yes,26.61,32.61
GDBDCL,Godavari at Bhadrachalam,Godavari,2026-04-27 00:30:00+00:00,39.427,NORMAL,47.5,48.5,53.0,17.66944444,80.87388889,GDBDCL_2026-04-27T00:30:00+0000_39.4270,1459.0,1459.0,CWC,36.0,Telangana,690.0,BHADRADRI,BHADRADRI,Bhadrachalam,Bhadrachalam,Godavari,Godavari,-,-,-,Godavari,Yes,26.61,32.61
GDBDCL,Godavari at Bhadrachalam,Godavari,2026-04-27 16:30:00+00:00,39.427,NORMAL,47.5,48.5,53.0,17.66944444,80.87388889,GDBDCL_2026-04-27T16:30:00+0000_39.4270,1460.0,1460.0,CWC,36.0,Telangana,690.0,BHADRADRI,BHADRADRI,Bhadrachalam,Bhadrachalam,Godavari,Godavari,-,-,-,Godavari,Yes,26.61,32.61
GDBDCL,Godavari at Bhadrachalam,Godavari,2026-04-27 17:30:00+00:00,39.427,NORMAL,47.5,48.5,53.0,17.66944444,80.87388889,GDBDCL_2026-04-27T17:30:00+0000_39.4270,1461.0,1461.0,CWC,36.0,Telangana,690.0,BHADRADRI,BHADRADRI,Bhadrachalam,Bhadrachalam,Godavari,Godavari,-,-,-,Godavari,Yes,26.61,32.61
GDBDCL,Godavari at Bhadrachalam,Godavari,2026-04-27 22:30:00+00:00,39.427,NORMAL,47.5,48.5,53.0,17.66944444,80.87388889,GDBDCL_2026-04-27T22:30:00+0000_39.4270,1462.0,1462.0,CWC,36.0,Telangana,690.0,BHADRADRI,BHADRADRI,Bhadrachalam,Bhadrachalam,Godavari,Godavari,-,-,-,Godavari,Yes,26.61,32.61
GDBDCL,Godavari at Bhadrachalam,Godavari,2026-04-27 23:30:00+00:00,39.427,NORMAL,47.5,48.5,53.0,17.66944444,80.87388889,GDBDCL_2026-04-27T23:30:00+0000_39.4270,1463.0,1463.0,CWC,36.0,Telangana,690.0,BHADRADRI,BHADRADRI,Bhadrachalam,Bhadrachalam,Godavari,Godavari,-,-,-,Godavari,Yes,26.61,32.61
GDBDCL,Godavari at Bhadrachalam,Godavari,2026-04-28 00:30:00+00:00,39.427,NORMAL,47.5,48.5,53.0,17.66944444,80.87388889,GDBDCL_2026-04-28T00:30:00+0000_39.4270,1464.0,1464.0,CWC,36.0,Telangana,690.0,BHADRADRI,BHADRADRI,Bhadrachalam,Bhadrachalam,Godavari,Godavari,-,-,-,Godavari,Yes,26.61,32.61
GDBDCL,Godavari at Bhadrachalam,Godavari,2026-04-28 22:30:00+00:00,39.427,NORMAL,47.5,48.5,53.0,17.66944444,80.87388889,GDBDCL_2026-04-28T22:30:00+0000_39.4270,1465.0,1465.0,CWC,36.0,Telangana,690.0,BHADRADRI,BHADRADRI,Bhadrachalam,Bhadrachalam,Godavari,Godavari,-,-,-,Godavari,Yes,26.61,32.61
GDBDCL,Godavari at Bhadrachalam,Godavari,2026-04-28 23:30:00+00:00,39.427,NORMAL,47.5,48.5,53.0,17.66944444,80.87388889,GDBDCL_2026-04-28T23:30:00+0000_39.4270,1466.0,1466.0,CWC,36.0,Telangana,690.0,BHADRADRI,BHADRADRI,Bhadrachalam,Bhadrachalam,Godavari,Godavari,-,-,-,Godavari,Yes,26.61,32.61
GDBDCL,Godavari at Bhadrachalam,Godavari,2026-04-29 03:30:00+00:00,39.427,NORMAL,47.5,48.5,53.0,17.66944444,80.87388889,GDBDCL_2026-04-29T03:30:00+0000_39.4270,1467.0,1467.0,CWC,36.0,Telangana,690.0,BHADRADRI,BHADRADRI,Bhadrachalam,Bhadrachalam,Godavari,Godavari,-,-,-,Godavari,Yes,26.61,32.61
GDBDCL,Godavari at Bhadrachalam,Godavari,2026-04-29 04:30:00+00:00,39.427,NORMAL,47.5,48.5,53.0,17.66944444,80.87388889,GDBDCL_2026-04-29T04:30:00+0000_39.4270,1468.0,1468.0,CWC,36.0,Telangana,690.0,BHADRADRI,BHADRADRI,Bhadrachalam,Bhadrachalam,Godavari,Godavari,-,-,-,Godavari,Yes,26.61,32.61
GDBDCL,Godavari at Bhadrachalam,Godavari,2026-04-29 05:30:00+00:00,39.427,NORMAL,47.5,48.5,53.0,17.66944444,80.87388889,GDBDCL_2026-04-29T05:30:00+0000_39.4270,1469.0,1469.0,CWC,36.0,Telangana,690.0,BHADRADRI,BHADRADRI,Bhadrachalam,Bhadrachalam,Godavari,Godavari,-,-,-,Godavari,Yes,26.61,32.61
GDBDCL,Godavari at Bhadrachalam,Godavari,2026-04-30 06:30:00+00:00,39.427,NORMAL,47.5,48.5,53.0,17.66944444,80.87388889,GDBDCL_2026-04-30T06:30:00+0000_39.4270,1470.0,1470.0,CWC,36.0,Telangana,690.0,BHADRADRI,BHADRADRI,Bhadrachalam,Bhadrachalam,Godavari,Godavari,-,-,-,Godavari,Yes,26.61,32.61
GDBDCL,Godavari at Bhadrachalam,Godavari,2026-04-30 07:30:00+00:00,39.427,NORMAL,47.5,48.5,53.0,17.66944444,80.87388889,GDBDCL_2026-04-30T07:30:00+0000_39.4270,1471.0,1471.0,CWC,36.0,Telangana,690.0,BHADRADRI,BHADRADRI,Bhadrachalam,Bhadrachalam,Godavari,Godavari,-,-,-,Godavari,Yes,26.61,32.61
GDBDCL,Godavari at Bhadrachalam,Godavari,2026-05-01 06:30:00+00:00,39.427,NORMAL,47.5,48.5,53.0,17.66944444,80.87388889,GDBDCL_2026-05-01T06:30:00+0000_39.4270,1472.0,1472.0,CWC,36.0,Telangana,690.0,BHADRADRI,BHADRADRI,Bhadrachalam,Bhadrachalam,Godavari,Godavari,-,-,-,Godavari,Yes,26.61,32.61
GDBDCL,Godavari at Bhadrachalam,Godavari,2026-05-01 07:30:00+00:00,39.427,NORMAL,47.5,48.5,53.0,17.66944444,80.87388889,GDBDCL_2026-05-01T07:30:00+0000_39.4270,1473.0,1473.0,CWC,36.0,Telangana,690.0,BHADRADRI,BHADRADRI,Bhadrachalam,Bhadrachalam,Godavari,Godavari,-,-,-,Godavari,Yes,26.61,32.61
GDBDCL,Godavari at Bhadrachalam,Godavari,2026-05-01 08:30:00+00:00,39.427,NORMAL,47.5,48.5,53.0,17.66944444,80.87388889,GDBDCL_2026-05-01T08:30:00+0000_39.4270,1474.0,1474.0,CWC,36.0,Telangana,690.0,BHADRADRI,BHADRADRI,Bhadrachalam,Bhadrachalam,Godavari,Godavari,-,-,-,Godavari,Yes,26.61,32.61
GDBDCL,Godavari at Bhadrachalam,Godavari,2026-05-01 09:30:00+00:00,39.427,NORMAL,47.5,48.5,53.0,17.66944444,80.87388889,GDBDCL_2026-05-01T09:30:00+0000_39.4270,1475.0,1475.0,CWC,36.0,Telangana,690.0,BHADRADRI,BHADRADRI,Bhadrachalam,Bhadrachalam,Godavari,Godavari,-,-,-,Godavari,Yes,26.61,32.61
