station_code,station_name,basin_name,timestamp,water_level,flood_status,warning_level,danger_level,high_flood_level,latitude,longitude,dedup_key,_id,SlNo,Agency,State LGD Code,State,District LGD Code,District,Tehsil,Block,Village,River,Basin,Tributary,Subtributary,SubSubtributary,Local River,Is_DischargeDataAvailable,RL_of_zeroGauge,MeanSeaLevel
KRSNWDP,Krishna at Wadenepally,Krishna,2025-08-15 17:30:00+00:00,22.054,DANGER,18.45,19.84,23.07,16.79416667,80.07305556,KRSNWDP_2025-08-15T17:30:00+0000_22.0540,417915,417915,CWC,36,Telangana,514,NALGONDA,MEDLACHERUVU,-,-,Krishna,Krishna,-,-,-,Krishna,Yes,22.0540,40.00
KRSNWDP,Krishna at Wadenepally,Krishna,2025-08-15 18:30:00+00:00,22.054,DANGER,18.45,19.84,23.07,16.79416667,80.07305556,KRSNWDP_2025-08-15T18:30:00+0000_22.0540,417916,417916,CWC,36,Telangana,514,NALGONDA,MEDLACHERUVU,-,-,Krishna,Krishna,-,-,-,Krishna,Yes,22.0540,40.00
KRSNWDP,Krishna at Wadenepally,Krishna,2025-08-15 19:30:00+00:00,22.054,DANGER,18.45,19.84,23.07,16.79416667,80.07305556,KRSNWDP_2025-08-15T19:30:00+0000_22.0540,417917,417917,CWC,36,Telangana,514,NALGONDA,MEDLACHERUVU,-,-,Krishna,Krishna,-,-,-,Krishna,Yes,22.0540,40.00
KRSNWDP,Krishna at Wadenepally,Krishna,2025-08-16 03:30:00+00:00,22.054,DANGER,18.45,19.84,23.07,16.79416667,80.07305556,KRSNWDP_2025-08-16T03:30:00+0000_22.0540,417918,417918,CWC,36,Telangana,514,NALGONDA,MEDLACHERUVU,-,-,Krishna,Krishna,-,-,-,Krishna,Yes,22.0540,40.00
KRSNWDP,Krishna at Wadenepally,Krishna,2025-08-16 07:30:00+00:00,22.054,DANGER,18.45,19.84,23.07,16.79416667,80.07305556,KRSNWDP_2025-08-16T07:30:00+0000_22.0540,417919,417919,CWC,36,Telangana,514,NALGONDA,MEDLACHERUVU,-,-,Krishna,Krishna,-,-,-,Krishna,Yes,22.0540,40.00
KRSNWDP,Krishna at Wadenepally,Krishna,2025-08-16 21:30:00+00:00,22.054,DANGER,18.45,19.84,23.07,16.79416667,80.07305556,KRSNWDP_2025-08-16T21:30:00+0000_22.0540,417920,417920,CWC,36,Telangana,514,NALGONDA,MEDLACHERUVU,-,-,Krishna,Krishna,-,-,-,Krishna,Yes,22.0540,40.00
KRSNWDP,Krishna at Wadenepally,Krishna,2025-08-17 00:30:00+00:00,22.054,DANGER,18.45,19.84,23.07,16.79416667,80.07305556,KRSNWDP_2025-08-17T00:30:00+0000_22.0540,417921,417921,CWC,36,Telangana,514,NALGONDA,MEDLACHERUVU,-,-,Krishna,Krishna,-,-,-,Krishna,Yes,22.0540,40.00
KRSNWDP,Krishna at Wadenepally,Krishna,2025-08-17 17:30:00+00:00,22.054,DANGER,18.45,19.84,23.07,16.79416667,80.07305556,KRSNWDP_2025-08-17T17:30:00+0000_22.0540,417922,417922,CWC,36,Telangana,514,NALGONDA,MEDLACHERUVU,-,-,Krishna,Krishna,-,-,-,Krishna,Yes,22.0540,40.00
KRSNWDP,Krishna at Wadenepally,Krishna,2025-08-18 00:30:00+00:00,22.054,DANGER,18.45,19.84,23.07,16.79416667,80.07305556,KRSNWDP_2025-08-18T00:30:00+0000_22.0540,417923,417923,CWC,36,Telangana,514,NALGONDA,MEDLACHERUVU,-,-,Krishna,Krishna,-,-,-,Krishna,Yes,22.0540,40.00
KRSNWDP,Krishna at Wadenepally,Krishna,2025-08-18 01:30:00+00:00,22.054,DANGER,18.45,19.84,23.07,16.79416667,80.07305556,KRSNWDP_2025-08-18T01:30:00+0000_22.0540,417924,417924,CWC,36,Telangana,514,NALGONDA,MEDLACHERUVU,-,-,Krishna,Krishna,-,-,-,Krishna,Yes,22.0540,40.00
KRSNWDP,Krishna at Wadenepally,Krishna,2025-08-18 02:30:00+00:00,22.054,DANGER,18.45,19.84,23.07,16.79416667,80.07305556,KRSNWDP_2025-08-18T02:30:00+0000_22.0540,417925,417925,CWC,36,Telangana,514,NALGONDA,MEDLACHERUVU,-,-,Krishna,Krishna,-,-,-,Krishna,Yes,22.0540,40.00
KRSNWDP,Krishna at Wadenepally,Krishna,2025-08-18 03:30:00+00:00,22.054,DANGER,18.45,19.84,23.07,16.79416667,80.07305556,KRSNWDP_2025-08-18T03:30:00+0000_22.0540,417926,417926,CWC,36,Telangana,514,NALGONDA,MEDLACHERUVU,-,-,Krishna,Krishna,-,-,-,Krishna,Yes,22.0540,40.00
KRSNWDP,Krishna at Wadenepally,Krishna,2025-08-18 06:30:00+00:00,22.054,DANGER,18.45,19.84,23.07,16.79416667,80.07305556,KRSNWDP_2025-08-18T06:30:00+0000_22.0540,417927,417927,CWC,36,Telangana,514,NALGONDA,MEDLACHERUVU,-,-,Krishna,Krishna,-,-,-,Krishna,Yes,22.0540,40.00
KRSNWDP,Krishna at Wadenepally,Krishna,2025-08-18 09:30:00+00:00,22.054,DANGER,18.45,19.84,23.07,16.79416667,80.07305556,KRSNWDP_2025-08-18T09:30:00+0000_22.0540,417928,417928,CWC,36,Telangana,514,NALGONDA,MEDLACHERUVU,-,-,Krishna,Krishna,-,-,-,Krishna,Yes,22.0540,40.00
KRSNWDP,Krishna at Wadenepally,Krishna,2025-08-18 16:30:00+00:00,22.054,DANGER,18.45,19.84,23.07,16.79416667,80.07305556,KRSNWDP_2025-08-18T16:30:00+0000_22.0540,417929,417929,CWC,36,Telangana,514,NALGONDA,MEDLACHERUVU,-,-,Krishna,Krishna,-,-,-,Krishna,Yes,22.0540,40.00
KRSNWDP,Krishna at Wadenepally,Krishna,2025-08-19 22:30:00+00:00,22.054,DANGER,18.45,19.84,23.07,16.79416667,80.07305556,KRSNWDP_2025-08-19T22:30:00+0000_22.0540,417930,417930,CWC,36,Telangana,514,NALGONDA,MEDLACHERUVU,-,-,Krishna,Krishna,-,-,-,Krishna,Yes,22.0540,40.00
KRSNWDP,Krishna at Wadenepally,Krishna,2025-08-20 02:30:00+00:00,22.054,DANGER,18.45,19.84,23.07,16.79416667,80.07305556,KRSNWDP_2025-08-20T02:30:00+0000_22.0540,417931,417931,CWC,36,Telangana,514,NALGONDA,MEDLACHERUVU,-,-,Krishna,Krishna,-,-,-,Krishna,Yes,22.0540,40.00
KRSNWDP,Krishna at Wadenepally,Krishna,2025-08-20 04:30:00+00:00,22.054,DANGER,18.45,19.84,23.07,16.79416667,80.07305556,KRSNWDP_2025-08-20T04:30:00+0000_22.0540,417932,417932,CWC,36,Telangana,514,NALGONDA,MEDLACHERUVU,-,-,Krishna,Krishna,-,-,-,Krishna,Yes,22.0540,40.00
KRSNWDP,Krishna at Wadenepally,Krishna,2025-08-20 08:30:00+00:00,22.054,DANGER,18.45,19.84,23.07,16.79416667,80.07305556,KRSNWDP_2025-08-20T08:30:00+0000_22.0540,417933,417933,CWC,36,Telangana,514,NALGONDA,MEDLACHERUVU,-,-,Krishna,Krishna,-,-,-,Krishna,Yes,22.0540,40.00
KRSNWDP,Krishna at Wadenepally,Krishna,2025-08-20 09:30:00+00:00,22.054,DANGER,18.45,19.84,23.07,16.79416667,80.07305556,KRSNWDP_2025-08-20T09:30:00+0000_22.0540,417934,417934,CWC,36,Telangana,514,NALGONDA,MEDLACHERUVU,-,-,Krishna,Krishna,-,-,-,Krishna,Yes,22.0540,40.00
KRSNWDP,Krishna at Wadenepally,Krishna,2025-08-20 17:30:00+00:00,22.054,DANGER,18.45,19.84,23.07,16.79416667,80.07305556,KRSNWDP_2025-08-20T17:30:00+0000_22.0540,417935,417935,CWC,36,Telangana,514,NALGONDA,MEDLACHERUVU,-,-,Krishna,Krishna,-,-,-,Krishna,Yes,22.0540,40.00
KRSNWDP,Krishna at Wadenepally,Krishna,2025-08-20 21:30:00+00:00,22.054,DANGER,18.45,19.84,23.07,16.79416667,80.07305556,KRSNWDP_2025-08-20T21:30:00+0000_22.0540,417936,417936,CWC,36,Telangana,514,NALGONDA,MEDLACHERUVU,-,-,Krishna,Krishna,-,-,-,Krishna,Yes,22.0540,40.00
KRSNWDP,Krishna at Wadenepally,Krishna,2025-08-21 06:30:00+00:00,22.054,DANGER,18.45,19.84,23.07,16.79416667,80.07305556,KRSNWDP_2025-08-21T06:30:00+0000_22.0540,417937,417937,CWC,36,Telangana,514,NALGONDA,MEDLACHERUVU,-,-,Krishna,Krishna,-,-,-,Krishna,Yes,22.0540,40.00
KRSNWDP,Krishna at Wadenepally,Krishna,2025-08-21 09:30:00+00:00,22.054,DANGER,18.45,19.84,23.07,16.79416667,80.07305556,KRSNWDP_2025-08-21T09:30:00+0000_22.0540,417938,417938,CWC,36,Telangana,514,NALGONDA,MEDLACHERUVU,-,-,Krishna,Krishna,-,-,-,Krishna,Yes,22.0540,40.00
KRSNWDP,Krishna at Wadenepally,Krishna,2025-08-21 13:30:00+00:00,22.054,DANGER,18.45,19.84,23.07,16.79416667,80.07305556,KRSNWDP_2025-08-21T13:30:00+0000_22.0540,417939,417939,CWC,36,Telangana,514,NALGONDA,MEDLACHERUVU,-,-,Krishna,Krishna,-,-,-,Krishna,Yes,22.0540,40.00
KRSNWDP,Krishna at Wadenepally,Krishna,2025-08-21 15:30:00+00:00,22.054,DANGER,18.45,19.84,23.07,16.79416667,80.07305556,KRSNWDP_2025-08-21T15:30:00+0000_22.0540,417940,417940,CWC,36,Telangana,514,NALGONDA,MEDLACHERUVU,-,-,Krishna,Krishna,-,-,-,Krishna,Yes,22.0540,40.00
KRSNWDP,Krishna at Wadenepally,Krishna,2025-08-22 07:30:00+00:00,22.054,DANGER,18.45,19.84,23.07,16.79416667,80.07305556,KRSNWDP_2025-08-22T07:30:00+0000_22.0540,417941,417941,CWC,36,Telangana,514,NALGONDA,MEDLACHERUVU,-,-,Krishna,Krishna,-,-,-,Krishna,Yes,22.0540,40.00
KRSNWDP,Krishna at Wadenepally,Krishna,2025-08-22 08:30:00+00:00,22.054,DANGER,18.45,19.84,23.07,16.79416667,80.07305556,KRSNWDP_2025-08-22T08:30:00+0000_22.0540,417942,417942,CWC,36,Telangana,514,NALGONDA,MEDLACHERUVU,-,-,Krishna,Krishna,-,-,-,Krishna,Yes,22.0540,40.00
KRSNWDP,Krishna at Wadenepally,Krishna,2025-08-22 13:30:00+00:00,22.054,DANGER,18.45,19.84,23.07,16.79416667,80.07305556,KRSNWDP_2025-08-22T13:30:00+0000_22.0540,417943,417943,CWC,36,Telangana,514,NALGONDA,MEDLACHERUVU,-,-,Krishna,Krishna,-,-,-,Krishna,Yes,22.0540,40.00
KRSNWDP,Krishna at Wadenepally,Krishna,2025-08-22 17:30:00+00:00,22.054,DANGER,18.45,19.84,23.07,16.79416667,80.07305556,KRSNWDP_2025-08-22T17:30:00+0000_22.0540,417944,417944,CWC,36,Telangana,514,NALGONDA,MEDLACHERUVU,-,-,Krishna,Krishna,-,-,-,Krishna,Yes,22.0540,40.00
KRSNWDP,Krishna at Wadenepally,Krishna,2025-08-22 20:30:00+00:00,22.054,DANGER,18.45,19.84,23.07,16.79416667,80.07305556,KRSNWDP_2025-08-22T20:30:00+0000_22.0540,417945,417945,CWC,36,Telangana,514,NALGONDA,MEDLACHERUVU,-,-,Krishna,Krishna,-,-,-,Krishna,Yes,22.0540,40.00
KRSNWDP,Krishna at Wadenepally,Krishna,2025-08-22 22:30:00+00:00,22.054,DANGER,18.45,19.84,23.07,16.79416667,80.07305556,KRSNWDP_2025-08-22T22:30:00+0000_22.0540,417946,417946,CWC,36,Telangana,514,NALGONDA,MEDLACHERUVU,-,-,Krishna,Krishna,-,-,-,Krishna,Yes,22.0540,40.00
KRSNWDP,Krishna at Wadenepally,Krishna,2025-08-24 15:30:00+00:00,22.054,DANGER,18.45,19.84,23.07,16.79416667,80.07305556,KRSNWDP_2025-08-24T15:30:00+0000_22.0540,417947,417947,CWC,36,Telangana,514,NALGONDA,MEDLACHERUVU,-,-,Krishna,Krishna,-,-,-,Krishna,Yes,22.0540,40.00
KRSNWDP,Krishna at Wadenepally,Krishna,2025-08-24 17:30:00+00:00,22.054,DANGER,18.45,19.84,23.07,16.79416667,80.07305556,KRSNWDP_2025-08-24T17:30:00+0000_22.0540,417948,417948,CWC,36,Telangana,514,NALGONDA,MEDLACHERUVU,-,-,Krishna,Krishna,-,-,-,Krishna,Yes,22.0540,40.00
KRSNWDP,Krishna at Wadenepally,Krishna,2025-08-25 07:30:00+00:00,22.054,DANGER,18.45,19.84,23.07,16.79416667,80.07305556,KRSNWDP_2025-08-25T07:30:00+0000_22.0540,417949,417949,CWC,36,Telangana,514,NALGONDA,MEDLACHERUVU,-,-,Krishna,Krishna,-,-,-,Krishna,Yes,22.0540,40.00
KRSNWDP,Krishna at Wadenepally,Krishna,2025-08-25 11:30:00+00:00,22.054,DANGER,18.45,19.84,23.07,16.79416667,80.07305556,KRSNWDP_2025-08-25T11:30:00+0000_22.0540,417950,417950,CWC,36,Telangana,514,NALGONDA,MEDLACHERUVU,-,-,Krishna,Krishna,-,-,-,Krishna,Yes,22.0540,40.00
KRSNWDP,Krishna at Wadenepally,Krishna,2025-08-26 21:30:00+00:00,22.054,DANGER,18.45,19.84,23.07,16.79416667,80.07305556,KRSNWDP_2025-08-26T21:30:00+0000_22.0540,417951,417951,CWC,36,Telangana,514,NALGONDA,MEDLACHERUVU,-,-,Krishna,Krishna,-,-,-,Krishna,Yes,22.0540,40.00
KRSNWDP,Krishna at Wadenepally,Krishna,2025-08-27 01:30:00+00:00,22.054,DANGER,18.45,19.84,23.07,16.79416667,80.07305556,KRSNWDP_2025-08-27T01:30:00+0000_22.0540,417952,417952,CWC,36,Telangana,514,NALGONDA,MEDLACHERUVU,-,-,Krishna,Krishna,-,-,-,Krishna,Yes,22.0540,40.00
KRSNWDP,Krishna at Wadenepally,Krishna,2025-08-28 03:30:00+00:00,22.054,DANGER,18.45,19.84,23.07,16.79416667,80.07305556,KRSNWDP_2025-08-28T03:30:00+0000_22.0540,417953,417953,CWC,36,Telangana,514,NALGONDA,MEDLACHERUVU,-,-,Krishna,Krishna,-,-,-,Krishna,Yes,22.0540,40.00
KRSNWDP,Krishna at Wadenepally,Krishna,2025-08-28 05:30:00+00:00,22.054,DANGER,18.45,19.84,23.07,16.79416667,80.07305556,KRSNWDP_2025-08-28T05:30:00+0000_22.0540,417954,417954,CWC,36,Telangana,514,NALGONDA,MEDLACHERUVU,-,-,Krishna,Krishna,-,-,-,Krishna,Yes,22.0540,40.00
KRSNWDP,Krishna at Wadenepally,Krishna,2025-08-31 22:30:00+00:00,22.054,DANGER,18.45,19.84,23.07,16.79416667,80.07305556,KRSNWDP_2025-08-31T22:30:00+0000_22.0540,417955,417955,CWC,36,Telangana,514,NALGONDA,MEDLACHERUVU,-,-,Krishna,Krishna,-,-,-,Krishna,Yes,22.0540,40.00
KRSNWDP,Krishna at Wadenepally,Krishna,2025-09-01 00:30:00+00:00,22.054,DANGER,18.45,19.84,23.07,16.79416667,80.07305556,KRSNWDP_2025-09-01T00:30:00+0000_22.0540,417956,417956,CWC,36,Telangana,514,NALGONDA,MEDLACHERUVU,-,-,Krishna,Krishna,-,-,-,Krishna,Yes,22.0540,40.00
KRSNWDP,Krishna at Wadenepally,Krishna,2025-09-01 02:30:00+00:00,22.054,DANGER,18.45,19.84,23.07,16.79416667,80.07305556,KRSNWDP_2025-09-01T02:30:00+0000_22.0540,417957,417957,CWC,36,Telangana,514,NALGONDA,MEDLACHERUVU,-,-,Krishna,Krishna,-,-,-,Krishna,Yes,22.0540,40.00
KRSNWDP,Krishna at Wadenepally,Krishna,2025-09-01 03:30:00+00:00,22.054,DANGER,18.45,19.84,23.07,16.79416667,80.07305556,KRSNWDP_2025-09-01T03:30:00+0000_22.0540,417958,417958,CWC,36,Telangana,514,NALGONDA,MEDLACHERUVU,-,-,Krishna,Krishna,-,-,-,Krishna,Yes,22.0540,40.00
KRSNWDP,Krishna at Wadenepally,Krishna,2025-09-01 19:30:00+00:00,22.054,DANGER,18.45,19.84,23.07,16.79416667,80.07305556,KRSNWDP_2025-09-01T19:30:00+0000_22.0540,417959,417959,CWC,36,Telangana,514,NALGONDA,MEDLACHERUVU,-,-,Krishna,Krishna,-,-,-,Krishna,Yes,22.0540,40.00
KRSNWDP,Krishna at Wadenepally,Krishna,2025-09-01 22:30:00+00:00,22.054,DANGER,18.45,19.84,23.07,16.79416667,80.07305556,KRSNWDP_2025-09-01T22:30:00+0000_22.0540,417960,417960,CWC,36,Telangana,514,NALGONDA,MEDLACHERUVU,-,-,Krishna,Krishna,-,-,-,Krishna,Yes,22.0540,40.00
KRSNWDP,Krishna at Wadenepally,Krishna,2025-09-01 23:30:00+00:00,22.054,DANGER,18.45,19.84,23.07,16.79416667,80.07305556,KRSNWDP_2025-09-01T23:30:00+0000_22.0540,417961,417961,CWC,36,Telangana,514,NALGONDA,MEDLACHERUVU,-,-,Krishna,Krishna,-,-,-,Krishna,Yes,22.0540,40.00
KRSNWDP,Krishna at Wadenepally,Krishna,2025-09-02 02:30:00+00:00,22.054,DANGER,18.45,19.84,23.07,16.79416667,80.07305556,KRSNWDP_2025-09-02T02:30:00+0000_22.0540,417962,417962,CWC,36,Telangana,514,NALGONDA,MEDLACHERUVU,-,-,Krishna,Krishna,-,-,-,Krishna,Yes,22.0540,40.00
KRSNWDP,Krishna at Wadenepally,Krishna,2025-09-02 05:30:00+00:00,22.054,DANGER,18.45,19.84,23.07,16.79416667,80.07305556,KRSNWDP_2025-09-02T05:30:00+0000_22.0540,417963,417963,CWC,36,Telangana,514,NALGONDA,MEDLACHERUVU,-,-,Krishna,Krishna,-,-,-,Krishna,Yes,22.0540,40.00
KRSNWDP,Krishna at Wadenepally,Krishna,2025-09-02 11:30:00+00:00,22.054,DANGER,18.45,19.84,23.07,16.79416667,80.07305556,KRSNWDP_2025-09-02T11:30:00+0000_22.0540,417964,417964,CWC,36,Telangana,514,NALGONDA,MEDLACHERUVU,-,-,Krishna,Krishna,-,-,-,Krishna,Yes,22.0540,40.00
KRSNWDP,Krishna at Wadenepally,Krishna,2025-09-06 09:30:00+00:00,22.054,DANGER,18.45,19.84,23.07,16.79416667,80.07305556,KRSNWDP_2025-09-06T09:30:00+0000_22.0540,417965,417965,CWC,36,Telangana,514,NALGONDA,MEDLACHERUVU,-,-,Krishna,Krishna,-,-,-,Krishna,Yes,22.0540,40.00
KRSNWDP,Krishna at Wadenepally,Krishna,2025-09-06 12:30:00+00:00,22.054,DANGER,18.45,19.84,23.07,16.79416667,80.07305556,KRSNWDP_2025-09-06T12:30:00+0000_22.0540,417966,417966,CWC,36,Telangana,514,NALGONDA,MEDLACHERUVU,-,-,Krishna,Krishna,-,-,-,Krishna,Yes,22.0540,40.00
KRSNWDP,Krishna at Wadenepally,Krishna,2025-09-07 06:30:00+00:00,22.054,DANGER,18.45,19.84,23.07,16.79416667,80.07305556,KRSNWDP_2025-09-07T06:30:00+0000_22.0540,417967,417967,CWC,36,Telangana,514,NALGONDA,MEDLACHERUVU,-,-,Krishna,Krishna,-,-,-,Krishna,Yes,22.0540,40.00
KRSNWDP,Krishna at Wadenepally,Krishna,2025-09-07 08:30:00+00:00,22.054,DANGER,18.45,19.84,23.07,16.79416667,80.07305556,KRSNWDP_2025-09-07T08:30:00+0000_22.0540,417968,417968,CWC,36,Telangana,514,NALGONDA,MEDLACHERUVU,-,-,Krishna,Krishna,-,-,-,Krishna,Yes,22.0540,40.00
KRSNWDP,Krishna at Wadenepally,Krishna,2025-09-07 11:30:00+00:00,22.054,DANGER,18.45,19.84,23.07,16.79416667,80.07305556,KRSNWDP_2025-09-07T11:30:00+0000_22.0540,417969,417969,CWC,36,Telangana,514,NALGONDA,MEDLACHERUVU,-,-,Krishna,Krishna,-,-,-,Krishna,Yes,22.0540,40.00
KRSNWDP,Krishna at Wadenepally,Krishna,2025-09-07 17:30:00+00:00,22.054,DANGER,18.45,19.84,23.07,16.79416667,80.07305556,KRSNWDP_2025-09-07T17:30:00+0000_22.0540,417970,417970,CWC,36,Telangana,514,NALGONDA,MEDLACHERUVU,-,-,Krishna,Krishna,-,-,-,Krishna,Yes,22.0540,40.00
KRSNWDP,Krishna at Wadenepally,Krishna,2025-09-07 21:30:00+00:00,22.054,DANGER,18.45,19.84,23.07,16.79416667,80.07305556,KRSNWDP_2025-09-07T21:30:00+0000_22.0540,417971,417971,CWC,36,Telangana,514,NALGONDA,MEDLACHERUVU,-,-,Krishna,Krishna,-,-,-,Krishna,Yes,22.0540,40.00
KRSNWDP,Krishna at Wadenepally,Krishna,2025-09-08 05:30:00+00:00,22.054,DANGER,18.45,19.84,23.07,16.79416667,80.07305556,KRSNWDP_2025-09-08T05:30:00+0000_22.0540,417972,417972,CWC,36,Telangana,514,NALGONDA,MEDLACHERUVU,-,-,Krishna,Krishna,-,-,-,Krishna,Yes,22.0540,40.00
KRSNWDP,Krishna at Wadenepally,Krishna,2025-09-08 13:30:00+00:00,22.054,DANGER,18.45,19.84,23.07,16.79416667,80.07305556,KRSNWDP_2025-09-08T13:30:00+0000_22.0540,417973,417973,CWC,36,Telangana,514,NALGONDA,MEDLACHERUVU,-,-,Krishna,Krishna,-,-,-,Krishna,Yes,22.0540,40.00
KRSNWDP,Krishna at Wadenepally,Krishna,2025-09-08 20:30:00+00:00,22.054,DANGER,18.45,19.84,23.07,16.79416667,80.07305556,KRSNWDP_2025-09-08T20:30:00+0000_22.0540,417974,417974,CWC,36,Telangana,514,NALGONDA,MEDLACHERUVU,-,-,Krishna,Krishna,-,-,-,Krishna,Yes,22.0540,40.00
KRSNWDP,Krishna at Wadenepally,Krishna,2025-09-08 22:30:00+00:00,22.054,DANGER,18.45,19.84,23.07,16.79416667,80.07305556,KRSNWDP_2025-09-08T22:30:00+0000_22.0540,417975,417975,CWC,36,Telangana,514,NALGONDA,MEDLACHERUVU,-,-,Krishna,Krishna,-,-,-,Krishna,Yes,22.0540,40.00
KRSNWDP,Krishna at Wadenepally,Krishna,2025-09-09 03:30:00+00:00,22.054,DANGER,18.45,19.84,23.07,16.79416667,80.07305556,KRSNWDP_2025-09-09T03:30:00+0000_22.0540,417976,417976,CWC,36,Telangana,514,NALGONDA,MEDLACHERUVU,-,-,Krishna,Krishna,-,-,-,Krishna,Yes,22.0540,40.00
KRSNWDP,Krishna at Wadenepally,Krishna,2025-09-09 04:30:00+00:00,22.054,DANGER,18.45,19.84,23.07,16.79416667,80.07305556,KRSNWDP_2025-09-09T04:30:00+0000_22.0540,417977,417977,CWC,36,Telangana,514,NALGONDA,MEDLACHERUVU,-,-,Krishna,Krishna,-,-,-,Krishna,Yes,22.0540,40.00
KRSNWDP,Krishna at Wadenepally,Krishna,2025-09-09 21:30:00+00:00,22.054,DANGER,18.45,19.84,23.07,16.79416667,80.07305556,KRSNWDP_2025-09-09T21:30:00+0000_22.0540,417978,417978,CWC,36,Telangana,514,NALGONDA,MEDLACHERUVU,-,-,Krishna,Krishna,-,-,-,Krishna,Yes,22.0540,40.00
KRSNWDP,Krishna at Wadenepally,Krishna,2025-09-09 22:30:00+00:00,22.054,DANGER,18.45,19.84,23.07,16.79416667,80.07305556,KRSNWDP_2025-09-09T22:30:00+0000_22.0540,417979,417979,CWC,36,Telangana,514,NALGONDA,MEDLACHERUVU,-,-,Krishna,Krishna,-,-,-,Krishna,Yes,22.0540,40.00
KRSNWDP,Krishna at Wadenepally,Krishna,2025-09-10 01:30:00+00:00,22.054,DANGER,18.45,19.84,23.07,16.79416667,80.07305556,KRSNWDP_2025-09-10T01:30:00+0000_22.0540,417980,417980,CWC,36,Telangana,514,NALGONDA,MEDLACHERUVU,-,-,Krishna,Krishna,-,-,-,Krishna,Yes,22.0540,40.00
KRSNWDP,Krishna at Wadenepally,Krishna,2025-09-10 03:30:00+00:00,22.054,DANGER,18.45,19.84,23.07,16.79416667,80.07305556,KRSNWDP_2025-09-10T03:30:00+0000_22.0540,417981,417981,CWC,36,Telangana,514,NALGONDA,MEDLACHERUVU,-,-,Krishna,Krishna,-,-,-,Krishna,Yes,22.0540,40.00
KRSNWDP,Krishna at Wadenepally,Krishna,2025-09-10 06:30:00+00:00,22.054,DANGER,18.45,19.84,23.07,16.79416667,80.07305556,KRSNWDP_2025-09-10T06:30:00+0000_22.0540,417982,417982,CWC,36,Telangana,514,NALGONDA,MEDLACHERUVU,-,-,Krishna,Krishna,-,-,-,Krishna,Yes,22.0540,40.00
KRSNWDP,Krishna at Wadenepally,Krishna,2025-09-10 13:30:00+00:00,22.054,DANGER,18.45,19.84,23.07,16.79416667,80.07305556,KRSNWDP_2025-09-10T13:30:00+0000_22.0540,417983,417983,CWC,36,Telangana,514,NALGONDA,MEDLACHERUVU,-,-,Krishna,Krishna,-,-,-,Krishna,Yes,22.0540,40.00
KRSNWDP,Krishna at Wadenepally,Krishna,2025-09-11 02:30:00+00:00,22.054,DANGER,18.45,19.84,23.07,16.79416667,80.07305556,KRSNWDP_2025-09-11T02:30:00+0000_22.0540,417984,417984,CWC,36,Telangana,514,NALGONDA,MEDLACHERUVU,-,-,Krishna,Krishna,-,-,-,Krishna,Yes,22.0540,40.00
KRSNWDP,Krishna at Wadenepally,Krishna,2025-09-11 03:30:00+00:00,22.054,DANGER,18.45,19.84,23.07,16.79416667,80.07305556,KRSNWDP_2025-09-11T03:30:00+0000_22.0540,417985,417985,CWC,36,Telangana,514,NALGONDA,MEDLACHERUVU,-,-,Krishna,Krishna,-,-,-,Krishna,Yes,22.0540,40.00
KRSNWDP,Krishna at Wadenepally,Krishna,2025-09-11 04:30:00+00:00,22.054,DANGER,18.45,19.84,23.07,16.79416667,80.07305556,KRSNWDP_2025-09-11T04:30:00+0000_22.0540,417986,417986,CWC,36,Telangana,514,NALGONDA,MEDLACHERUVU,-,-,Krishna,Krishna,-,-,-,Krishna,Yes,22.0540,40.00
KRSNWDP,Krishna at Wadenepally,Krishna,2025-09-11 05:30:00+00:00,22.054,DANGER,18.45,19.84,23.07,16.79416667,80.07305556,KRSNWDP_2025-09-11T05:30:00+0000_22.0540,417987,417987,CWC,36,Telangana,514,NALGONDA,MEDLACHERUVU,-,-,Krishna,Krishna,-,-,-,Krishna,Yes,22.0540,40.00
KRSNWDP,Krishna at Wadenepally,Krishna,2025-09-11 06:30:00+00:00,22.054,DANGER,18.45,19.84,23.07,16.79416667,80.07305556,KRSNWDP_2025-09-11T06:30:00+0000_22.0540,417988,417988,CWC,36,Telangana,514,NALGONDA,MEDLACHERUVU,-,-,Krishna,Krishna,-,-,-,Krishna,Yes,22.0540,40.00
KRSNWDP,Krishna at Wadenepally,Krishna,2025-09-11 22:30:00+00:00,22.054,DANGER,18.45,19.84,23.07,16.79416667,80.07305556,KRSNWDP_2025-09-11T22:30:00+0000_22.0540,417989,417989,CWC,36,Telangana,514,NALGONDA,MEDLACHERUVU,-,-,Krishna,Krishna,-,-,-,Krishna,Yes,22.0540,40.00
KRSNWDP,Krishna at Wadenepally,Krishna,2025-09-12 00:30:00+00:00,22.054,DANGER,18.45,19.84,23.07,16.79416667,80.07305556,KRSNWDP_2025-09-12T00:30:00+0000_22.0540,417990,417990,CWC,36,Telangana,514,NALGONDA,MEDLACHERUVU,-,-,Krishna,Krishna,-,-,-,Krishna,Yes,22.0540,40.00
KRSNWDP,Krishna at Wadenepally,Krishna,2025-09-12 03:30:00+00:00,22.054,DANGER,18.45,19.84,23.07,16.79416667,80.07305556,KRSNWDP_2025-09-12T03:30:00+0000_22.0540,417991,417991,CWC,36,Telangana,514,NALGONDA,MEDLACHERUVU,-,-,Krishna,Krishna,-,-,-,Krishna,Yes,22.0540,40.00
KRSNWDP,Krishna at Wadenepally,Krishna,2025-09-13 02:30:00+00:00,22.054,DANGER,18.45,19.84,23.07,16.79416667,80.07305556,KRSNWDP_2025-09-13T02:30:00+0000_22.0540,417992,417992,CWC,36,Telangana,514,NALGONDA,MEDLACHERUVU,-,-,Krishna,Krishna,-,-,-,Krishna,Yes,22.0540,40.00
KRSNWDP,Krishna at Wadenepally,Krishna,2025-09-13 05:30:00+00:00,22.054,DANGER,18.45,19.84,23.07,16.79416667,80.07305556,KRSNWDP_2025-09-13T05:30:00+0000_22.0540,417993,417993,CWC,36,Telangana,514,NALGONDA,MEDLACHERUVU,-,-,Krishna,Krishna,-,-,-,Krishna,Yes,22.0540,40.00
KRSNWDP,Krishna at Wadenepally,Krishna,2025-09-13 19:30:00+00:00,22.054,DANGER,18.45,19.84,23.07,16.79416667,80.07305556,KRSNWDP_2025-09-13T19:30:00+0000_22.0540,417994,417994,CWC,36,Telangana,514,NALGONDA,MEDLACHERUVU,-,-,Krishna,Krishna,-,-,-,Krishna,Yes,22.0540,40.00
KRSNWDP,Krishna at Wadenepally,Krishna,2025-09-14 00:30:00+00:00,22.054,DANGER,18.45,19.84,23.07,16.79416667,80.07305556,KRSNWDP_2025-09-14T00:30:00+0000_22.0540,417995,417995,CWC,36,Telangana,514,NALGONDA,MEDLACHERUVU,-,-,Krishna,Krishna,-,-,-,Krishna,Yes,22.0540,40.00
KRSNWDP,Krishna at Wadenepally,Krishna,2025-09-14 01:30:00+00:00,22.054,DANGER,18.45,19.84,23.07,16.79416667,80.07305556,KRSNWDP_2025-09-14T01:30:00+0000_22.0540,417996,417996,CWC,36,Telangana,514,NALGONDA,MEDLACHERUVU,-,-,Krishna,Krishna,-,-,-,Krishna,Yes,22.0540,40.00
KRSNWDP,Krishna at Wadenepally,Krishna,2025-09-14 02:30:00+00:00,22.054,DANGER,18.45,19.84,23.07,16.79416667,80.07305556,KRSNWDP_2025-09-14T02:30:00+0000_22.0540,417997,417997,CWC,36,Telangana,514,NALGONDA,MEDLACHERUVU,-,-,Krishna,Krishna,-,-,-,Krishna,Yes,22.0540,40.00
KRSNWDP,Krishna at Wadenepally,Krishna,2025-09-14 06:30:00+00:00,22.054,DANGER,18.45,19.84,23.07,16.79416667,80.07305556,KRSNWDP_2025-09-14T06:30:00+0000_22.0540,417998,417998,CWC,36,Telangana,514,NALGONDA,MEDLACHERUVU,-,-,Krishna,Krishna,-,-,-,Krishna,Yes,22.0540,40.00
KRSNWDP,Krishna at Wadenepally,Krishna,2025-09-14 15:30:00+00:00,22.054,DANGER,18.45,19.84,23.07,16.79416667,80.07305556,KRSNWDP_2025-09-14T15:30:00+0000_22.0540,417999,417999,CWC,36,Telangana,514,NALGONDA,MEDLACHERUVU,-,-,Krishna,Krishna,-,-,-,Krishna,Yes,22.0540,40.00
KRSNWDP,Krishna at Wadenepally,Krishna,2025-09-15 00:30:00+00:00,22.054,DANGER,18.45,19.84,23.07,16.79416667,80.07305556,KRSNWDP_2025-09-15T00:30:00+0000_22.0540,418000,418000,CWC,36,Telangana,514,NALGONDA,MEDLACHERUVU,-,-,Krishna,Krishna,-,-,-,Krishna,Yes,22.0540,40.00
KRSNWDP,Krishna at Wadenepally,Krishna,2025-09-15 04:30:00+00:00,22.054,DANGER,18.45,19.84,23.07,16.79416667,80.07305556,KRSNWDP_2025-09-15T04:30:00+0000_22.0540,418001,418001,CWC,36,Telangana,514,NALGONDA,MEDLACHERUVU,-,-,Krishna,Krishna,-,-,-,Krishna,Yes,22.0540,40.00
KRSNWDP,Krishna at Wadenepally,Krishna,2025-09-15 06:30:00+00:00,22.054,DANGER,18.45,19.84,23.07,16.79416667,80.07305556,KRSNWDP_2025-09-15T06:30:00+0000_22.0540,418002,418002,CWC,36,Telangana,514,NALGONDA,MEDLACHERUVU,-,-,Krishna,Krishna,-,-,-,Krishna,Yes,22.0540,40.00
KRSNWDP,Krishna at Wadenepally,Krishna,2025-09-15 11:30:00+00:00,22.054,DANGER,18.45,19.84,23.07,16.79416667,80.07305556,KRSNWDP_2025-09-15T11:30:00+0000_22.0540,418003,418003,CWC,36,Telangana,514,NALGONDA,MEDLACHERUVU,-,-,Krishna,Krishna,-,-,-,Krishna,Yes,22.0540,40.00
KRSNWDP,Krishna at Wadenepally,Krishna,2025-09-15 23:30:00+00:00,22.054,DANGER,18.45,19.84,23.07,16.79416667,80.07305556,KRSNWDP_2025-09-15T23:30:00+0000_22.0540,418004,418004,CWC,36,Telangana,514,NALGONDA,MEDLACHERUVU,-,-,Krishna,Krishna,-,-,-,Krishna,Yes,22.0540,40.00
KRSNWDP,Krishna at Wadenepally,Krishna,2025-09-16 01:30:00+00:00,22.054,DANGER,18.45,19.84,23.07,16.79416667,80.07305556,KRSNWDP_2025-09-16T01:30:00+0000_22.0540,418005,418005,CWC,36,Telangana,514,NALGONDA,MEDLACHERUVU,-,-,Krishna,Krishna,-,-,-,Krishna,Yes,22.0540,40.00
KRSNWDP,Krishna at Wadenepally,Krishna,2025-09-16 05:30:00+00:00,22.054,DANGER,18.45,19.84,23.07,16.79416667,80.07305556,KRSNWDP_2025-09-16T05:30:00+0000_22.0540,418006,418006,CWC,36,Telangana,514,NALGONDA,MEDLACHERUVU,-,-,Krishna,Krishna,-,-,-,Krishna,Yes,22.0540,40.00
KRSNWDP,Krishna at Wadenepally,Krishna,2025-09-16 06:30:00+00:00,22.054,DANGER,18.45,19.84,23.07,16.79416667,80.07305556,KRSNWDP_2025-09-16T06:30:00+0000_22.0540,418007,418007,CWC,36,Telangana,514,NALGONDA,MEDLACHERUVU,-,-,Krishna,Krishna,-,-,-,Krishna,Yes,22.0540,40.00
KRSNWDP,Krishna at Wadenepally,Krishna,2025-09-16 09:30:00+00:00,22.054,DANGER,18.45,19.84,23.07,16.79416667,80.07305556,KRSNWDP_2025-09-16T09:30:00+0000_22.0540,418008,418008,CWC,36,Telangana,514,NALGONDA,MEDLACHERUVU,-,-,Krishna,Krishna,-,-,-,Krishna,Yes,22.0540,40.00
KRSNWDP,Krishna at Wadenepally,Krishna,2025-09-16 15:30:00+00:00,22.054,DANGER,18.45,19.84,23.07,16.79416667,80.07305556,KRSNWDP_2025-09-16T15:30:00+0000_22.0540,418009,418009,CWC,36,Telangana,514,NALGONDA,MEDLACHERUVU,-,-,Krishna,Krishna,-,-,-,Krishna,Yes,22.0540,40.00
KRSNWDP,Krishna at Wadenepally,Krishna,2025-09-16 20:30:00+00:00,22.054,DANGER,18.45,19.84,23.07,16.79416667,80.07305556,KRSNWDP_2025-09-16T20:30:00+0000_22.0540,418010,418010,CWC,36,Telangana,514,NALGONDA,MEDLACHERUVU,-,-,Krishna,Krishna,-,-,-,Krishna,Yes,22.0540,40.00
KRSNWDP,Krishna at Wadenepally,Krishna,2025-09-16 22:30:00+00:00,22.054,DANGER,18.45,19.84,23.07,16.79416667,80.07305556,KRSNWDP_2025-09-16T22:30:00+0000_22.0540,418011,418011,CWC,36,Telangana,514,NALGONDA,MEDLACHERUVU,-,-,Krishna,Krishna,-,-,-,Krishna,Yes,22.0540,40.00
KRSNWDP,Krishna at Wadenepally,Krishna,2025-09-16 23:30:00+00:00,22.054,DANGER,18.45,19.84,23.07,16.79416667,80.07305556,KRSNWDP_2025-09-16T23:30:00+0000_22.0540,418012,418012,CWC,36,Telangana,514,NALGONDA,MEDLACHERUVU,-,-,Krishna,Krishna,-,-,-,Krishna,Yes,22.0540,40.00
KRSNWDP,Krishna at Wadenepally,Krishna,2025-09-17 04:30:00+00:00,22.054,DANGER,18.45,19.84,23.07,16.79416667,80.07305556,KRSNWDP_2025-09-17T04:30:00+0000_22.0540,418013,418013,CWC,36,Telangana,514,NALGONDA,MEDLACHERUVU,-,-,Krishna,Krishna,-,-,-,Krishna,Yes,22.0540,40.00
KRSNWDP,Krishna at Wadenepally,Krishna,2025-09-17 06:30:00+00:00,22.054,DANGER,18.45,19.84,23.07,16.79416667,80.07305556,KRSNWDP_2025-09-17T06:30:00+0000_22.0540,418014,418014,CWC,36,Telangana,514,NALGONDA,MEDLACHERUVU,-,-,Krishna,Krishna,-,-,-,Krishna,Yes,22.0540,40.00
KRSNWDP,Krishna at Wadenepally,Krishna,2025-09-17 16:30:00+00:00,22.054,DANGER,18.45,19.84,23.07,16.79416667,80.07305556,KRSNWDP_2025-09-17T16:30:00+0000_22.0540,418015,418015,CWC,36,Telangana,514,NALGONDA,MEDLACHERUVU,-,-,Krishna,Krishna,-,-,-,Krishna,Yes,22.0540,40.00
KRSNWDP,Krishna at Wadenepally,Krishna,2025-09-17 18:30:00+00:00,22.054,DANGER,18.45,19.84,23.07,16.79416667,80.07305556,KRSNWDP_2025-09-17T18:30:00+0000_22.0540,418016,418016,CWC,36,Telangana,514,NALGONDA,MEDLACHERUVU,-,-,Krishna,Krishna,-,-,-,Krishna,Yes,22.0540,40.00
KRSNWDP,Krishna at Wadenepally,Krishna,2025-09-17 19:30:00+00:00,22.054,DANGER,18.45,19.84,23.07,16.79416667,80.07305556,KRSNWDP_2025-09-17T19:30:00+0000_22.0540,418017,418017,CWC,36,Telangana,514,NALGONDA,MEDLACHERUVU,-,-,Krishna,Krishna,-,-,-,Krishna,Yes,22.0540,40.00
KRSNWDP,Krishna at Wadenepally,Krishna,2025-09-17 22:30:00+00:00,22.054,DANGER,18.45,19.84,23.07,16.79416667,80.07305556,KRSNWDP_2025-09-17T22:30:00+0000_22.0540,418018,418018,CWC,36,Telangana,514,NALGONDA,MEDLACHERUVU,-,-,Krishna,Krishna,-,-,-,Krishna,Yes,22.0540,40.00
KRSNWDP,Krishna at Wadenepally,Krishna,2025-09-18 00:30:00+00:00,22.054,DANGER,18.45,19.84,23.07,16.79416667,80.07305556,KRSNWDP_2025-09-18T00:30:00+0000_22.0540,418019,418019,CWC,36,Telangana,514,NALGONDA,MEDLACHERUVU,-,-,Krishna,Krishna,-,-,-,Krishna,Yes,22.0540,40.00
KRSNWDP,Krishna at Wadenepally,Krishna,2025-09-18 01:30:00+00:00,22.054,DANGER,18.45,19.84,23.07,16.79416667,80.07305556,KRSNWDP_2025-09-18T01:30:00+0000_22.0540,418020,418020,CWC,36,Telangana,514,NALGONDA,MEDLACHERUVU,-,-,Krishna,Krishna,-,-,-,Krishna,Yes,22.0540,40.00
KRSNWDP,Krishna at Wadenepally,Krishna,2025-09-18 02:30:00+00:00,22.054,DANGER,18.45,19.84,23.07,16.79416667,80.07305556,KRSNWDP_2025-09-18T02:30:00+0000_22.0540,418021,418021,CWC,36,Telangana,514,NALGONDA,MEDLACHERUVU,-,-,Krishna,Krishna,-,-,-,Krishna,Yes,22.0540,40.00
KRSNWDP,Krishna at Wadenepally,Krishna,2025-12-13 23:30:00+00:00,22.054,DANGER,18.45,19.84,23.07,16.79416667,80.07305556,KRSNWDP_2025-12-13T23:30:00+0000_22.0540,418022,418022,CWC,36,Telangana,514,NALGONDA,MEDLACHERUVU,-,-,Krishna,Krishna,-,-,-,Krishna,Yes,22.0540,40.00
KRSNWDP,Krishna at Wadenepally,Krishna,2025-12-14 15:30:00+00:00,22.054,DANGER,18.45,19.84,23.07,16.79416667,80.07305556,KRSNWDP_2025-12-14T15:30:00+0000_22.0540,418023,418023,CWC,36,Telangana,514,NALGONDA,MEDLACHERUVU,-,-,Krishna,Krishna,-,-,-,Krishna,Yes,22.0540,40.00
KRSNWDP,Krishna at Wadenepally,Krishna,2025-12-14 16:30:00+00:00,22.054,DANGER,18.45,19.84,23.07,16.79416667,80.07305556,KRSNWDP_2025-12-14T16:30:00+0000_22.0540,418024,418024,CWC,36,Telangana,514,NALGONDA,MEDLACHERUVU,-,-,Krishna,Krishna,-,-,-,Krishna,Yes,22.0540,40.00
KRSNWDP,Krishna at Wadenepally,Krishna,2025-12-14 19:30:00+00:00,22.054,DANGER,18.45,19.84,23.07,16.79416667,80.07305556,KRSNWDP_2025-12-14T19:30:00+0000_22.0540,418025,418025,CWC,36,Telangana,514,NALGONDA,MEDLACHERUVU,-,-,Krishna,Krishna,-,-,-,Krishna,Yes,22.0540,40.00
KRSNWDP,Krishna at Wadenepally,Krishna,2025-12-14 22:30:00+00:00,22.054,DANGER,18.45,19.84,23.07,16.79416667,80.07305556,KRSNWDP_2025-12-14T22:30:00+0000_22.0540,418026,418026,CWC,36,Telangana,514,NALGONDA,MEDLACHERUVU,-,-,Krishna,Krishna,-,-,-,Krishna,Yes,22.0540,40.00
KRSNWDP,Krishna at Wadenepally,Krishna,2025-12-14 23:30:00+00:00,22.054,DANGER,18.45,19.84,23.07,16.79416667,80.07305556,KRSNWDP_2025-12-14T23:30:00+0000_22.0540,418027,418027,CWC,36,Telangana,514,NALGONDA,MEDLACHERUVU,-,-,Krishna,Krishna,-,-,-,Krishna,Yes,22.0540,40.00
KRSNWDP,Krishna at Wadenepally,Krishna,2025-12-15 00:30:00+00:00,22.054,DANGER,18.45,19.84,23.07,16.79416667,80.07305556,KRSNWDP_2025-12-15T00:30:00+0000_22.0540,418028,418028,CWC,36,Telangana,514,NALGONDA,MEDLACHERUVU,-,-,Krishna,Krishna,-,-,-,Krishna,Yes,22.0540,40.00
KRSNWDP,Krishna at Wadenepally,Krishna,2025-12-15 01:30:00+00:00,22.054,DANGER,18.45,19.84,23.07,16.79416667,80.07305556,KRSNWDP_2025-12-15T01:30:00+0000_22.0540,418029,418029,CWC,36,Telangana,514,NALGONDA,MEDLACHERUVU,-,-,Krishna,Krishna,-,-,-,Krishna,Yes,22.0540,40.00
KRSNWDP,Krishna at Wadenepally,Krishna,2025-12-15 03:30:00+00:00,22.054,DANGER,18.45,19.84,23.07,16.79416667,80.07305556,KRSNWDP_2025-12-15T03:30:00+0000_22.0540,418030,418030,CWC,36,Telangana,514,NALGONDA,MEDLACHERUVU,-,-,Krishna,Krishna,-,-,-,Krishna,Yes,22.0540,40.00
KRSNWDP,Krishna at Wadenepally,Krishna,2025-12-15 04:30:00+00:00,22.054,DANGER,18.45,19.84,23.07,16.79416667,80.07305556,KRSNWDP_2025-12-15T04:30:00+0000_22.0540,418031,418031,CWC,36,Telangana,514,NALGONDA,MEDLACHERUVU,-,-,Krishna,Krishna,-,-,-,Krishna,Yes,22.0540,40.00
KRSNWDP,Krishna at Wadenepally,Krishna,2025-12-15 05:30:00+00:00,22.054,DANGER,18.45,19.84,23.07,16.79416667,80.07305556,KRSNWDP_2025-12-15T05:30:00+0000_22.0540,418032,418032,CWC,36,Telangana,514,NALGONDA,MEDLACHERUVU,-,-,Krishna,Krishna,-,-,-,Krishna,Yes,22.0540,40.00
KRSNWDP,Krishna at Wadenepally,Krishna,2025-12-15 06:30:00+00:00,22.054,DANGER,18.45,19.84,23.07,16.79416667,80.07305556,KRSNWDP_2025-12-15T06:30:00+0000_22.0540,418033,418033,CWC,36,Telangana,514,NALGONDA,MEDLACHERUVU,-,-,Krishna,Krishna,-,-,-,Krishna,Yes,22.0540,40.00
KRSNWDP,Krishna at Wadenepally,Krishna,2025-12-15 07:30:00+00:00,22.054,DANGER,18.45,19.84,23.07,16.79416667,80.07305556,KRSNWDP_2025-12-15T07:30:00+0000_22.0540,418034,418034,CWC,36,Telangana,514,NALGONDA,MEDLACHERUVU,-,-,Krishna,Krishna,-,-,-,Krishna,Yes,22.0540,40.00
KRSNWDP,Krishna at Wadenepally,Krishna,2025-12-15 08:30:00+00:00,22.054,DANGER,18.45,19.84,23.07,16.79416667,80.07305556,KRSNWDP_2025-12-15T08:30:00+0000_22.0540,418035,418035,CWC,36,Telangana,514,NALGONDA,MEDLACHERUVU,-,-,Krishna,Krishna,-,-,-,Krishna,Yes,22.0540,40.00
KRSNWDP,Krishna at Wadenepally,Krishna,2025-12-15 09:30:00+00:00,22.054,DANGER,18.45,19.84,23.07,16.79416667,80.07305556,KRSNWDP_2025-12-15T09:30:00+0000_22.0540,418036,418036,CWC,36,Telangana,514,NALGONDA,MEDLACHERUVU,-,-,Krishna,Krishna,-,-,-,Krishna,Yes,22.0540,40.00
KRSNWDP,Krishna at Wadenepally,Krishna,2025-12-15 10:30:00+00:00,22.054,DANGER,18.45,19.84,23.07,16.79416667,80.07305556,KRSNWDP_2025-12-15T10:30:00+0000_22.0540,418037,418037,CWC,36,Telangana,514,NALGONDA,MEDLACHERUVU,-,-,Krishna,Krishna,-,-,-,Krishna,Yes,22.0540,40.00
KRSNWDP,Krishna at Wadenepally,Krishna,2025-12-15 11:30:00+00:00,22.054,DANGER,18.45,19.84,23.07,16.79416667,80.07305556,KRSNWDP_2025-12-15T11:30:00+0000_22.0540,418038,418038,CWC,36,Telangana,514,NALGONDA,MEDLACHERUVU,-,-,Krishna,Krishna,-,-,-,Krishna,Yes,22.0540,40.00
KRSNWDP,Krishna at Wadenepally,Krishna,2025-12-15 12:30:00+00:00,22.054,DANGER,18.45,19.84,23.07,16.79416667,80.07305556,KRSNWDP_2025-12-15T12:30:00+0000_22.0540,418039,418039,CWC,36,Telangana,514,NALGONDA,MEDLACHERUVU,-,-,Krishna,Krishna,-,-,-,Krishna,Yes,22.0540,40.00
KRSNWDP,Krishna at Wadenepally,Krishna,2025-12-15 13:30:00+00:00,22.054,DANGER,18.45,19.84,23.07,16.79416667,80.07305556,KRSNWDP_2025-12-15T13:30:00+0000_22.0540,418040,418040,CWC,36,Telangana,514,NALGONDA,MEDLACHERUVU,-,-,Krishna,Krishna,-,-,-,Krishna,Yes,22.0540,40.00
KRSNWDP,Krishna at Wadenepally,Krishna,2025-12-15 14:30:00+00:00,22.054,DANGER,18.45,19.84,23.07,16.79416667,80.07305556,KRSNWDP_2025-12-15T14:30:00+0000_22.0540,418041,418041,CWC,36,Telangana,514,NALGONDA,MEDLACHERUVU,-,-,Krishna,Krishna,-,-,-,Krishna,Yes,22.0540,40.00
KRSNWDP,Krishna at Wadenepally,Krishna,2025-12-15 15:30:00+00:00,22.054,DANGER,18.45,19.84,23.07,16.79416667,80.07305556,KRSNWDP_2025-12-15T15:30:00+0000_22.0540,418042,418042,CWC,36,Telangana,514,NALGONDA,MEDLACHERUVU,-,-,Krishna,Krishna,-,-,-,Krishna,Yes,22.0540,40.00
KRSNWDP,Krishna at Wadenepally,Krishna,2025-12-15 16:30:00+00:00,22.054,DANGER,18.45,19.84,23.07,16.79416667,80.07305556,KRSNWDP_2025-12-15T16:30:00+0000_22.0540,418043,418043,CWC,36,Telangana,514,NALGONDA,MEDLACHERUVU,-,-,Krishna,Krishna,-,-,-,Krishna,Yes,22.0540,40.00
KRSNWDP,Krishna at Wadenepally,Krishna,2025-12-15 17:30:00+00:00,22.054,DANGER,18.45,19.84,23.07,16.79416667,80.07305556,KRSNWDP_2025-12-15T17:30:00+0000_22.0540,418044,418044,CWC,36,Telangana,514,NALGONDA,MEDLACHERUVU,-,-,Krishna,Krishna,-,-,-,Krishna,Yes,22.0540,40.00
KRSNWDP,Krishna at Wadenepally,Krishna,2025-12-15 18:30:00+00:00,22.054,DANGER,18.45,19.84,23.07,16.79416667,80.07305556,KRSNWDP_2025-12-15T18:30:00+0000_22.0540,418045,418045,CWC,36,Telangana,514,NALGONDA,MEDLACHERUVU,-,-,Krishna,Krishna,-,-,-,Krishna,Yes,22.0540,40.00
KRSNWDP,Krishna at Wadenepally,Krishna,2025-12-15 19:30:00+00:00,22.054,DANGER,18.45,19.84,23.07,16.79416667,80.07305556,KRSNWDP_2025-12-15T19:30:00+0000_22.0540,418046,418046,CWC,36,Telangana,514,NALGONDA,MEDLACHERUVU,-,-,Krishna,Krishna,-,-,-,Krishna,Yes,22.0540,40.00
KRSNWDP,Krishna at Wadenepally,Krishna,2025-12-15 20:30:00+00:00,22.054,DANGER,18.45,19.84,23.07,16.79416667,80.07305556,KRSNWDP_2025-12-15T20:30:00+0000_22.0540,418047,418047,CWC,36,Telangana,514,NALGONDA,MEDLACHERUVU,-,-,Krishna,Krishna,-,-,-,Krishna,Yes,22.0540,40.00
KRSNWDP,Krishna at Wadenepally,Krishna,2025-12-15 21:30:00+00:00,22.054,DANGER,18.45,19.84,23.07,16.79416667,80.07305556,KRSNWDP_2025-12-15T21:30:00+0000_22.0540,418048,418048,CWC,36,Telangana,514,NALGONDA,MEDLACHERUVU,-,-,Krishna,Krishna,-,-,-,Krishna,Yes,22.0540,40.00
KRSNWDP,Krishna at Wadenepally,Krishna,2025-12-15 22:30:00+00:00,22.054,DANGER,18.45,19.84,23.07,16.79416667,80.07305556,KRSNWDP_2025-12-15T22:30:00+0000_22.0540,418049,418049,CWC,36,Telangana,514,NALGONDA,MEDLACHERUVU,-,-,Krishna,Krishna,-,-,-,Krishna,Yes,22.0540,40.00
KRSNWDP,Krishna at Wadenepally,Krishna,2025-12-15 23:30:00+00:00,22.054,DANGER,18.45,19.84,23.07,16.79416667,80.07305556,KRSNWDP_2025-12-15T23:30:00+0000_22.0540,418050,418050,CWC,36,Telangana,514,NALGONDA,MEDLACHERUVU,-,-,Krishna,Krishna,-,-,-,Krishna,Yes,22.0540,40.00
KRSNWDP,Krishna at Wadenepally,Krishna,2025-12-16 00:30:00+00:00,22.054,DANGER,18.45,19.84,23.07,16.79416667,80.07305556,KRSNWDP_2025-12-16T00:30:00+0000_22.0540,418051,418051,CWC,36,Telangana,514,NALGONDA,MEDLACHERUVU,-,-,Krishna,Krishna,-,-,-,Krishna,Yes,22.0540,40.00
KRSNWDP,Krishna at Wadenepally,Krishna,2025-12-16 01:30:00+00:00,22.054,DANGER,18.45,19.84,23.07,16.79416667,80.07305556,KRSNWDP_2025-12-16T01:30:00+0000_22.0540,418052,418052,CWC,36,Telangana,514,NALGONDA,MEDLACHERUVU,-,-,Krishna,Krishna,-,-,-,Krishna,Yes,22.0540,40.00
KRSNWDP,Krishna at Wadenepally,Krishna,2025-12-16 02:30:00+00:00,22.054,DANGER,18.45,19.84,23.07,16.79416667,80.07305556,KRSNWDP_2025-12-16T02:30:00+0000_22.0540,418053,418053,CWC,36,Telangana,514,NALGONDA,MEDLACHERUVU,-,-,Krishna,Krishna,-,-,-,Krishna,Yes,22.0540,40.00
KRSNWDP,Krishna at Wadenepally,Krishna,2025-12-16 03:30:00+00:00,22.054,DANGER,18.45,19.84,23.07,16.79416667,80.07305556,KRSNWDP_2025-12-16T03:30:00+0000_22.0540,418054,418054,CWC,36,Telangana,514,NALGONDA,MEDLACHERUVU,-,-,Krishna,Krishna,-,-,-,Krishna,Yes,22.0540,40.00
KRSNWDP,Krishna at Wadenepally,Krishna,2025-12-16 04:30:00+00:00,22.054,DANGER,18.45,19.84,23.07,16.79416667,80.07305556,KRSNWDP_2025-12-16T04:30:00+0000_22.0540,418055,418055,CWC,36,Telangana,514,NALGONDA,MEDLACHERUVU,-,-,Krishna,Krishna,-,-,-,Krishna,Yes,22.0540,40.00
KRSNWDP,Krishna at Wadenepally,Krishna,2025-12-16 05:30:00+00:00,22.054,DANGER,18.45,19.84,23.07,16.79416667,80.07305556,KRSNWDP_2025-12-16T05:30:00+0000_22.0540,418056,418056,CWC,36,Telangana,514,NALGONDA,MEDLACHERUVU,-,-,Krishna,Krishna,-,-,-,Krishna,Yes,22.0540,40.00
KRSNWDP,Krishna at Wadenepally,Krishna,2025-12-16 06:30:00+00:00,22.054,DANGER,18.45,19.84,23.07,16.79416667,80.07305556,KRSNWDP_2025-12-16T06:30:00+0000_22.0540,418057,418057,CWC,36,Telangana,514,NALGONDA,MEDLACHERUVU,-,-,Krishna,Krishna,-,-,-,Krishna,Yes,22.0540,40.00
KRSNWDP,Krishna at Wadenepally,Krishna,2025-12-16 07:30:00+00:00,22.054,DANGER,18.45,19.84,23.07,16.79416667,80.07305556,KRSNWDP_2025-12-16T07:30:00+0000_22.0540,418058,418058,CWC,36,Telangana,514,NALGONDA,MEDLACHERUVU,-,-,Krishna,Krishna,-,-,-,Krishna,Yes,22.0540,40.00
KRSNWDP,Krishna at Wadenepally,Krishna,2025-12-16 08:30:00+00:00,22.054,DANGER,18.45,19.84,23.07,16.79416667,80.07305556,KRSNWDP_2025-12-16T08:30:00+0000_22.0540,418059,418059,CWC,36,Telangana,514,NALGONDA,MEDLACHERUVU,-,-,Krishna,Krishna,-,-,-,Krishna,Yes,22.0540,40.00
KRSNWDP,Krishna at Wadenepally,Krishna,2025-12-16 09:30:00+00:00,22.054,DANGER,18.45,19.84,23.07,16.79416667,80.07305556,KRSNWDP_2025-12-16T09:30:00+0000_22.0540,418060,418060,CWC,36,Telangana,514,NALGONDA,MEDLACHERUVU,-,-,Krishna,Krishna,-,-,-,Krishna,Yes,22.0540,40.00
KRSNWDP,Krishna at Wadenepally,Krishna,2025-12-16 10:30:00+00:00,22.054,DANGER,18.45,19.84,23.07,16.79416667,80.07305556,KRSNWDP_2025-12-16T10:30:00+0000_22.0540,418061,418061,CWC,36,Telangana,514,NALGONDA,MEDLACHERUVU,-,-,Krishna,Krishna,-,-,-,Krishna,Yes,22.0540,40.00
KRSNWDP,Krishna at Wadenepally,Krishna,2025-12-16 11:30:00+00:00,22.054,DANGER,18.45,19.84,23.07,16.79416667,80.07305556,KRSNWDP_2025-12-16T11:30:00+0000_22.0540,418062,418062,CWC,36,Telangana,514,NALGONDA,MEDLACHERUVU,-,-,Krishna,Krishna,-,-,-,Krishna,Yes,22.0540,40.00
KRSNWDP,Krishna at Wadenepally,Krishna,2025-12-16 12:30:00+00:00,22.054,DANGER,18.45,19.84,23.07,16.79416667,80.07305556,KRSNWDP_2025-12-16T12:30:00+0000_22.0540,418063,418063,CWC,36,Telangana,514,NALGONDA,MEDLACHERUVU,-,-,Krishna,Krishna,-,-,-,Krishna,Yes,22.0540,40.00
KRSNWDP,Krishna at Wadenepally,Krishna,2025-12-16 13:30:00+00:00,22.054,DANGER,18.45,19.84,23.07,16.79416667,80.07305556,KRSNWDP_2025-12-16T13:30:00+0000_22.0540,418064,418064,CWC,36,Telangana,514,NALGONDA,MEDLACHERUVU,-,-,Krishna,Krishna,-,-,-,Krishna,Yes,22.0540,40.00
KRSNWDP,Krishna at Wadenepally,Krishna,2025-12-16 18:30:00+00:00,22.054,DANGER,18.45,19.84,23.07,16.79416667,80.07305556,KRSNWDP_2025-12-16T18:30:00+0000_22.0540,418065,418065,CWC,36,Telangana,514,NALGONDA,MEDLACHERUVU,-,-,Krishna,Krishna,-,-,-,Krishna,Yes,22.0540,40.00
KRSNWDP,Krishna at Wadenepally,Krishna,2025-12-16 19:30:00+00:00,22.054,DANGER,18.45,19.84,23.07,16.79416667,80.07305556,KRSNWDP_2025-12-16T19:30:00+0000_22.0540,418066,418066,CWC,36,Telangana,514,NALGONDA,MEDLACHERUVU,-,-,Krishna,Krishna,-,-,-,Krishna,Yes,22.0540,40.00
KRSNWDP,Krishna at Wadenepally,Krishna,2025-12-16 20:30:00+00:00,22.054,DANGER,18.45,19.84,23.07,16.79416667,80.07305556,KRSNWDP_2025-12-16T20:30:00+0000_22.0540,418067,418067,CWC,36,Telangana,514,NALGONDA,MEDLACHERUVU,-,-,Krishna,Krishna,-,-,-,Krishna,Yes,22.0540,40.00
KRSNWDP,Krishna at Wadenepally,Krishna,2025-12-16 21:30:00+00:00,22.054,DANGER,18.45,19.84,23.07,16.79416667,80.07305556,KRSNWDP_2025-12-16T21:30:00+0000_22.0540,418068,418068,CWC,36,Telangana,514,NALGONDA,MEDLACHERUVU,-,-,Krishna,Krishna,-,-,-,Krishna,Yes,22.0540,40.00
KRSNWDP,Krishna at Wadenepally,Krishna,2025-12-16 22:30:00+00:00,22.054,DANGER,18.45,19.84,23.07,16.79416667,80.07305556,KRSNWDP_2025-12-16T22:30:00+0000_22.0540,418069,418069,CWC,36,Telangana,514,NALGONDA,MEDLACHERUVU,-,-,Krishna,Krishna,-,-,-,Krishna,Yes,22.0540,40.00
KRSNWDP,Krishna at Wadenepally,Krishna,2025-12-16 23:30:00+00:00,22.054,DANGER,18.45,19.84,23.07,16.79416667,80.07305556,KRSNWDP_2025-12-16T23:30:00+0000_22.0540,418070,418070,CWC,36,Telangana,514,NALGONDA,MEDLACHERUVU,-,-,Krishna,Krishna,-,-,-,Krishna,Yes,22.0540,40.00
KRSNWDP,Krishna at Wadenepally,Krishna,2025-12-17 00:30:00+00:00,22.054,DANGER,18.45,19.84,23.07,16.79416667,80.07305556,KRSNWDP_2025-12-17T00:30:00+0000_22.0540,418071,418071,CWC,36,Telangana,514,NALGONDA,MEDLACHERUVU,-,-,Krishna,Krishna,-,-,-,Krishna,Yes,22.0540,40.00
KRSNWDP,Krishna at Wadenepally,Krishna,2025-12-17 01:30:00+00:00,22.054,DANGER,18.45,19.84,23.07,16.79416667,80.07305556,KRSNWDP_2025-12-17T01:30:00+0000_22.0540,418072,418072,CWC,36,Telangana,514,NALGONDA,MEDLACHERUVU,-,-,Krishna,Krishna,-,-,-,Krishna,Yes,22.0540,40.00
KRSNWDP,Krishna at Wadenepally,Krishna,2025-12-17 02:30:00+00:00,22.054,DANGER,18.45,19.84,23.07,16.79416667,80.07305556,KRSNWDP_2025-12-17T02:30:00+0000_22.0540,418073,418073,CWC,36,Telangana,514,NALGONDA,MEDLACHERUVU,-,-,Krishna,Krishna,-,-,-,Krishna,Yes,22.0540,40.00
KRSNWDP,Krishna at Wadenepally,Krishna,2025-12-17 03:30:00+00:00,22.054,DANGER,18.45,19.84,23.07,16.79416667,80.07305556,KRSNWDP_2025-12-17T03:30:00+0000_22.0540,418074,418074,CWC,36,Telangana,514,NALGONDA,MEDLACHERUVU,-,-,Krishna,Krishna,-,-,-,Krishna,Yes,22.0540,40.00
KRSNWDP,Krishna at Wadenepally,Krishna,2025-12-17 04:30:00+00:00,22.054,DANGER,18.45,19.84,23.07,16.79416667,80.07305556,KRSNWDP_2025-12-17T04:30:00+0000_22.0540,418075,418075,CWC,36,Telangana,514,NALGONDA,MEDLACHERUVU,-,-,Krishna,Krishna,-,-,-,Krishna,Yes,22.0540,40.00
KRSNWDP,Krishna at Wadenepally,Krishna,2025-12-17 05:30:00+00:00,22.054,DANGER,18.45,19.84,23.07,16.79416667,80.07305556,KRSNWDP_2025-12-17T05:30:00+0000_22.0540,418076,418076,CWC,36,Telangana,514,NALGONDA,MEDLACHERUVU,-,-,Krishna,Krishna,-,-,-,Krishna,Yes,22.0540,40.00
KRSNWDP,Krishna at Wadenepally,Krishna,2025-12-17 06:30:00+00:00,22.054,DANGER,18.45,19.84,23.07,16.79416667,80.07305556,KRSNWDP_2025-12-17T06:30:00+0000_22.0540,418077,418077,CWC,36,Telangana,514,NALGONDA,MEDLACHERUVU,-,-,Krishna,Krishna,-,-,-,Krishna,Yes,22.0540,40.00
KRSNWDP,Krishna at Wadenepally,Krishna,2025-12-17 07:30:00+00:00,22.054,DANGER,18.45,19.84,23.07,16.79416667,80.07305556,KRSNWDP_2025-12-17T07:30:00+0000_22.0540,418078,418078,CWC,36,Telangana,514,NALGONDA,MEDLACHERUVU,-,-,Krishna,Krishna,-,-,-,Krishna,Yes,22.0540,40.00
KRSNWDP,Krishna at Wadenepally,Krishna,2025-12-17 08:30:00+00:00,22.054,DANGER,18.45,19.84,23.07,16.79416667,80.07305556,KRSNWDP_2025-12-17T08:30:00+0000_22.0540,418079,418079,CWC,36,Telangana,514,NALGONDA,MEDLACHERUVU,-,-,Krishna,Krishna,-,-,-,Krishna,Yes,22.0540,40.00
KRSNWDP,Krishna at Wadenepally,Krishna,2025-12-17 09:30:00+00:00,22.054,DANGER,18.45,19.84,23.07,16.79416667,80.07305556,KRSNWDP_2025-12-17T09:30:00+0000_22.0540,418080,418080,CWC,36,Telangana,514,NALGONDA,MEDLACHERUVU,-,-,Krishna,Krishna,-,-,-,Krishna,Yes,22.0540,40.00
KRSNWDP,Krishna at Wadenepally,Krishna,2025-12-17 10:30:00+00:00,22.054,DANGER,18.45,19.84,23.07,16.79416667,80.07305556,KRSNWDP_2025-12-17T10:30:00+0000_22.0540,418081,418081,CWC,36,Telangana,514,NALGONDA,MEDLACHERUVU,-,-,Krishna,Krishna,-,-,-,Krishna,Yes,22.0540,40.00
KRSNWDP,Krishna at Wadenepally,Krishna,2025-12-17 11:30:00+00:00,22.054,DANGER,18.45,19.84,23.07,16.79416667,80.07305556,KRSNWDP_2025-12-17T11:30:00+0000_22.0540,418082,418082,CWC,36,Telangana,514,NALGONDA,MEDLACHERUVU,-,-,Krishna,Krishna,-,-,-,Krishna,Yes,22.0540,40.00
KRSNWDP,Krishna at Wadenepally,Krishna,2025-12-17 12:30:00+00:00,22.054,DANGER,18.45,19.84,23.07,16.79416667,80.07305556,KRSNWDP_2025-12-17T12:30:00+0000_22.0540,418083,418083,CWC,36,Telangana,514,NALGONDA,MEDLACHERUVU,-,-,Krishna,Krishna,-,-,-,Krishna,Yes,22.0540,40.00
KRSNWDP,Krishna at Wadenepally,Krishna,2025-12-17 13:30:00+00:00,22.054,DANGER,18.45,19.84,23.07,16.79416667,80.07305556,KRSNWDP_2025-12-17T13:30:00+0000_22.0540,418084,418084,CWC,36,Telangana,514,NALGONDA,MEDLACHERUVU,-,-,Krishna,Krishna,-,-,-,Krishna,Yes,22.0540,40.00
KRSNWDP,Krishna at Wadenepally,Krishna,2025-12-17 14:30:00+00:00,22.054,DANGER,18.45,19.84,23.07,16.79416667,80.07305556,KRSNWDP_2025-12-17T14:30:00+0000_22.0540,418085,418085,CWC,36,Telangana,514,NALGONDA,MEDLACHERUVU,-,-,Krishna,Krishna,-,-,-,Krishna,Yes,22.0540,40.00
KRSNWDP,Krishna at Wadenepally,Krishna,2025-12-17 15:30:00+00:00,22.054,DANGER,18.45,19.84,23.07,16.79416667,80.07305556,KRSNWDP_2025-12-17T15:30:00+0000_22.0540,418086,418086,CWC,36,Telangana,514,NALGONDA,MEDLACHERUVU,-,-,Krishna,Krishna,-,-,-,Krishna,Yes,22.0540,40.00
KRSNWDP,Krishna at Wadenepally,Krishna,2025-12-17 16:30:00+00:00,22.054,DANGER,18.45,19.84,23.07,16.79416667,80.07305556,KRSNWDP_2025-12-17T16:30:00+0000_22.0540,418087,418087,CWC,36,Telangana,514,NALGONDA,MEDLACHERUVU,-,-,Krishna,Krishna,-,-,-,Krishna,Yes,22.0540,40.00
KRSNWDP,Krishna at Wadenepally,Krishna,2025-12-17 17:30:00+00:00,22.054,DANGER,18.45,19.84,23.07,16.79416667,80.07305556,KRSNWDP_2025-12-17T17:30:00+0000_22.0540,418088,418088,CWC,36,Telangana,514,NALGONDA,MEDLACHERUVU,-,-,Krishna,Krishna,-,-,-,Krishna,Yes,22.0540,40.00
KRSNWDP,Krishna at Wadenepally,Krishna,2025-12-17 18:30:00+00:00,22.054,DANGER,18.45,19.84,23.07,16.79416667,80.07305556,KRSNWDP_2025-12-17T18:30:00+0000_22.0540,418089,418089,CWC,36,Telangana,514,NALGONDA,MEDLACHERUVU,-,-,Krishna,Krishna,-,-,-,Krishna,Yes,22.0540,40.00
KRSNWDP,Krishna at Wadenepally,Krishna,2025-12-17 19:30:00+00:00,22.054,DANGER,18.45,19.84,23.07,16.79416667,80.07305556,KRSNWDP_2025-12-17T19:30:00+0000_22.0540,418090,418090,CWC,36,Telangana,514,NALGONDA,MEDLACHERUVU,-,-,Krishna,Krishna,-,-,-,Krishna,Yes,22.0540,40.00
KRSNWDP,Krishna at Wadenepally,Krishna,2025-12-17 20:30:00+00:00,22.054,DANGER,18.45,19.84,23.07,16.79416667,80.07305556,KRSNWDP_2025-12-17T20:30:00+0000_22.0540,418091,418091,CWC,36,Telangana,514,NALGONDA,MEDLACHERUVU,-,-,Krishna,Krishna,-,-,-,Krishna,Yes,22.0540,40.00
KRSNWDP,Krishna at Wadenepally,Krishna,2025-12-17 21:30:00+00:00,22.054,DANGER,18.45,19.84,23.07,16.79416667,80.07305556,KRSNWDP_2025-12-17T21:30:00+0000_22.0540,418092,418092,CWC,36,Telangana,514,NALGONDA,MEDLACHERUVU,-,-,Krishna,Krishna,-,-,-,Krishna,Yes,22.0540,40.00
KRSNWDP,Krishna at Wadenepally,Krishna,2025-12-17 22:30:00+00:00,22.054,DANGER,18.45,19.84,23.07,16.79416667,80.07305556,KRSNWDP_2025-12-17T22:30:00+0000_22.0540,418093,418093,CWC,36,Telangana,514,NALGONDA,MEDLACHERUVU,-,-,Krishna,Krishna,-,-,-,Krishna,Yes,22.0540,40.00
KRSNWDP,Krishna at Wadenepally,Krishna,2025-12-17 23:30:00+00:00,22.054,DANGER,18.45,19.84,23.07,16.79416667,80.07305556,KRSNWDP_2025-12-17T23:30:00+0000_22.0540,418094,418094,CWC,36,Telangana,514,NALGONDA,MEDLACHERUVU,-,-,Krishna,Krishna,-,-,-,Krishna,Yes,22.0540,40.00
KRSNWDP,Krishna at Wadenepally,Krishna,2025-12-18 00:30:00+00:00,22.054,DANGER,18.45,19.84,23.07,16.79416667,80.07305556,KRSNWDP_2025-12-18T00:30:00+0000_22.0540,418095,418095,CWC,36,Telangana,514,NALGONDA,MEDLACHERUVU,-,-,Krishna,Krishna,-,-,-,Krishna,Yes,22.0540,40.00
KRSNWDP,Krishna at Wadenepally,Krishna,2025-12-18 01:30:00+00:00,22.054,DANGER,18.45,19.84,23.07,16.79416667,80.07305556,KRSNWDP_2025-12-18T01:30:00+0000_22.0540,418096,418096,CWC,36,Telangana,514,NALGONDA,MEDLACHERUVU,-,-,Krishna,Krishna,-,-,-,Krishna,Yes,22.0540,40.00
KRSNWDP,Krishna at Wadenepally,Krishna,2025-12-18 02:30:00+00:00,22.054,DANGER,18.45,19.84,23.07,16.79416667,80.07305556,KRSNWDP_2025-12-18T02:30:00+0000_22.0540,418097,418097,CWC,36,Telangana,514,NALGONDA,MEDLACHERUVU,-,-,Krishna,Krishna,-,-,-,Krishna,Yes,22.0540,40.00
KRSNWDP,Krishna at Wadenepally,Krishna,2025-12-18 03:30:00+00:00,22.054,DANGER,18.45,19.84,23.07,16.79416667,80.07305556,KRSNWDP_2025-12-18T03:30:00+0000_22.0540,418098,418098,CWC,36,Telangana,514,NALGONDA,MEDLACHERUVU,-,-,Krishna,Krishna,-,-,-,Krishna,Yes,22.0540,40.00
KRSNWDP,Krishna at Wadenepally,Krishna,2025-12-18 04:30:00+00:00,22.054,DANGER,18.45,19.84,23.07,16.79416667,80.07305556,KRSNWDP_2025-12-18T04:30:00+0000_22.0540,418099,418099,CWC,36,Telangana,514,NALGONDA,MEDLACHERUVU,-,-,Krishna,Krishna,-,-,-,Krishna,Yes,22.0540,40.00
KRSNWDP,Krishna at Wadenepally,Krishna,2025-12-18 05:30:00+00:00,22.054,DANGER,18.45,19.84,23.07,16.79416667,80.07305556,KRSNWDP_2025-12-18T05:30:00+0000_22.0540,418100,418100,CWC,36,Telangana,514,NALGONDA,MEDLACHERUVU,-,-,Krishna,Krishna,-,-,-,Krishna,Yes,22.0540,40.00
KRSNWDP,Krishna at Wadenepally,Krishna,2025-12-18 06:30:00+00:00,22.054,DANGER,18.45,19.84,23.07,16.79416667,80.07305556,KRSNWDP_2025-12-18T06:30:00+0000_22.0540,418101,418101,CWC,36,Telangana,514,NALGONDA,MEDLACHERUVU,-,-,Krishna,Krishna,-,-,-,Krishna,Yes,22.0540,40.00
KRSNWDP,Krishna at Wadenepally,Krishna,2025-12-18 07:30:00+00:00,22.054,DANGER,18.45,19.84,23.07,16.79416667,80.07305556,KRSNWDP_2025-12-18T07:30:00+0000_22.0540,418102,418102,CWC,36,Telangana,514,NALGONDA,MEDLACHERUVU,-,-,Krishna,Krishna,-,-,-,Krishna,Yes,22.0540,40.00
KRSNWDP,Krishna at Wadenepally,Krishna,2025-12-18 08:30:00+00:00,22.054,DANGER,18.45,19.84,23.07,16.79416667,80.07305556,KRSNWDP_2025-12-18T08:30:00+0000_22.0540,418103,418103,CWC,36,Telangana,514,NALGONDA,MEDLACHERUVU,-,-,Krishna,Krishna,-,-,-,Krishna,Yes,22.0540,40.00
KRSNWDP,Krishna at Wadenepally,Krishna,2025-12-18 09:30:00+00:00,22.054,DANGER,18.45,19.84,23.07,16.79416667,80.07305556,KRSNWDP_2025-12-18T09:30:00+0000_22.0540,418104,418104,CWC,36,Telangana,514,NALGONDA,MEDLACHERUVU,-,-,Krishna,Krishna,-,-,-,Krishna,Yes,22.0540,40.00
KRSNWDP,Krishna at Wadenepally,Krishna,2025-12-18 10:30:00+00:00,22.054,DANGER,18.45,19.84,23.07,16.79416667,80.07305556,KRSNWDP_2025-12-18T10:30:00+0000_22.0540,418105,418105,CWC,36,Telangana,514,NALGONDA,MEDLACHERUVU,-,-,Krishna,Krishna,-,-,-,Krishna,Yes,22.0540,40.00
KRSNWDP,Krishna at Wadenepally,Krishna,2025-12-18 11:30:00+00:00,22.054,DANGER,18.45,19.84,23.07,16.79416667,80.07305556,KRSNWDP_2025-12-18T11:30:00+0000_22.0540,418106,418106,CWC,36,Telangana,514,NALGONDA,MEDLACHERUVU,-,-,Krishna,Krishna,-,-,-,Krishna,Yes,22.0540,40.00
KRSNWDP,Krishna at Wadenepally,Krishna,2025-12-18 12:30:00+00:00,22.054,DANGER,18.45,19.84,23.07,16.79416667,80.07305556,KRSNWDP_2025-12-18T12:30:00+0000_22.0540,418107,418107,CWC,36,Telangana,514,NALGONDA,MEDLACHERUVU,-,-,Krishna,Krishna,-,-,-,Krishna,Yes,22.0540,40.00
KRSNWDP,Krishna at Wadenepally,Krishna,2025-12-18 13:30:00+00:00,22.054,DANGER,18.45,19.84,23.07,16.79416667,80.07305556,KRSNWDP_2025-12-18T13:30:00+0000_22.0540,418108,418108,CWC,36,Telangana,514,NALGONDA,MEDLACHERUVU,-,-,Krishna,Krishna,-,-,-,Krishna,Yes,22.0540,40.00
KRSNWDP,Krishna at Wadenepally,Krishna,2025-12-18 14:30:00+00:00,22.054,DANGER,18.45,19.84,23.07,16.79416667,80.07305556,KRSNWDP_2025-12-18T14:30:00+0000_22.0540,418109,418109,CWC,36,Telangana,514,NALGONDA,MEDLACHERUVU,-,-,Krishna,Krishna,-,-,-,Krishna,Yes,22.0540,40.00
KRSNWDP,Krishna at Wadenepally,Krishna,2025-12-18 15:30:00+00:00,22.054,DANGER,18.45,19.84,23.07,16.79416667,80.07305556,KRSNWDP_2025-12-18T15:30:00+0000_22.0540,418110,418110,CWC,36,Telangana,514,NALGONDA,MEDLACHERUVU,-,-,Krishna,Krishna,-,-,-,Krishna,Yes,22.0540,40.00
KRSNWDP,Krishna at Wadenepally,Krishna,2025-12-18 16:30:00+00:00,22.054,DANGER,18.45,19.84,23.07,16.79416667,80.07305556,KRSNWDP_2025-12-18T16:30:00+0000_22.0540,418111,418111,CWC,36,Telangana,514,NALGONDA,MEDLACHERUVU,-,-,Krishna,Krishna,-,-,-,Krishna,Yes,22.0540,40.00
KRSNWDP,Krishna at Wadenepally,Krishna,2025-12-18 17:30:00+00:00,22.054,DANGER,18.45,19.84,23.07,16.79416667,80.07305556,KRSNWDP_2025-12-18T17:30:00+0000_22.0540,418112,418112,CWC,36,Telangana,514,NALGONDA,MEDLACHERUVU,-,-,Krishna,Krishna,-,-,-,Krishna,Yes,22.0540,40.00
KRSNWDP,Krishna at Wadenepally,Krishna,2025-12-18 18:30:00+00:00,22.054,DANGER,18.45,19.84,23.07,16.79416667,80.07305556,KRSNWDP_2025-12-18T18:30:00+0000_22.0540,418113,418113,CWC,36,Telangana,514,NALGONDA,MEDLACHERUVU,-,-,Krishna,Krishna,-,-,-,Krishna,Yes,22.0540,40.00
KRSNWDP,Krishna at Wadenepally,Krishna,2025-12-18 19:30:00+00:00,22.054,DANGER,18.45,19.84,23.07,16.79416667,80.07305556,KRSNWDP_2025-12-18T19:30:00+0000_22.0540,418114,418114,CWC,36,Telangana,514,NALGONDA,MEDLACHERUVU,-,-,Krishna,Krishna,-,-,-,Krishna,Yes,22.0540,40.00
KRSNWDP,Krishna at Wadenepally,Krishna,2025-12-18 20:30:00+00:00,22.054,DANGER,18.45,19.84,23.07,16.79416667,80.07305556,KRSNWDP_2025-12-18T20:30:00+0000_22.0540,418115,418115,CWC,36,Telangana,514,NALGONDA,MEDLACHERUVU,-,-,Krishna,Krishna,-,-,-,Krishna,Yes,22.0540,40.00
KRSNWDP,Krishna at Wadenepally,Krishna,2025-12-18 21:30:00+00:00,22.054,DANGER,18.45,19.84,23.07,16.79416667,80.07305556,KRSNWDP_2025-12-18T21:30:00+0000_22.0540,418116,418116,CWC,36,Telangana,514,NALGONDA,MEDLACHERUVU,-,-,Krishna,Krishna,-,-,-,Krishna,Yes,22.0540,40.00
KRSNWDP,Krishna at Wadenepally,Krishna,2025-12-18 22:30:00+00:00,22.054,DANGER,18.45,19.84,23.07,16.79416667,80.07305556,KRSNWDP_2025-12-18T22:30:00+0000_22.0540,418117,418117,CWC,36,Telangana,514,NALGONDA,MEDLACHERUVU,-,-,Krishna,Krishna,-,-,-,Krishna,Yes,22.0540,40.00
KRSNWDP,Krishna at Wadenepally,Krishna,2025-12-18 23:30:00+00:00,22.054,DANGER,18.45,19.84,23.07,16.79416667,80.07305556,KRSNWDP_2025-12-18T23:30:00+0000_22.0540,418118,418118,CWC,36,Telangana,514,NALGONDA,MEDLACHERUVU,-,-,Krishna,Krishna,-,-,-,Krishna,Yes,22.0540,40.00
KRSNWDP,Krishna at Wadenepally,Krishna,2025-12-19 00:30:00+00:00,22.054,DANGER,18.45,19.84,23.07,16.79416667,80.07305556,KRSNWDP_2025-12-19T00:30:00+0000_22.0540,418119,418119,CWC,36,Telangana,514,NALGONDA,MEDLACHERUVU,-,-,Krishna,Krishna,-,-,-,Krishna,Yes,22.0540,40.00
KRSNWDP,Krishna at Wadenepally,Krishna,2025-12-19 01:30:00+00:00,22.054,DANGER,18.45,19.84,23.07,16.79416667,80.07305556,KRSNWDP_2025-12-19T01:30:00+0000_22.0540,418120,418120,CWC,36,Telangana,514,NALGONDA,MEDLACHERUVU,-,-,Krishna,Krishna,-,-,-,Krishna,Yes,22.0540,40.00
KRSNWDP,Krishna at Wadenepally,Krishna,2025-12-19 02:30:00+00:00,22.054,DANGER,18.45,19.84,23.07,16.79416667,80.07305556,KRSNWDP_2025-12-19T02:30:00+0000_22.0540,418121,418121,CWC,36,Telangana,514,NALGONDA,MEDLACHERUVU,-,-,Krishna,Krishna,-,-,-,Krishna,Yes,22.0540,40.00
KRSNWDP,Krishna at Wadenepally,Krishna,2025-12-19 03:30:00+00:00,22.054,DANGER,18.45,19.84,23.07,16.79416667,80.07305556,KRSNWDP_2025-12-19T03:30:00+0000_22.0540,418122,418122,CWC,36,Telangana,514,NALGONDA,MEDLACHERUVU,-,-,Krishna,Krishna,-,-,-,Krishna,Yes,22.0540,40.00
KRSNWDP,Krishna at Wadenepally,Krishna,2025-12-19 04:30:00+00:00,22.054,DANGER,18.45,19.84,23.07,16.79416667,80.07305556,KRSNWDP_2025-12-19T04:30:00+0000_22.0540,418123,418123,CWC,36,Telangana,514,NALGONDA,MEDLACHERUVU,-,-,Krishna,Krishna,-,-,-,Krishna,Yes,22.0540,40.00
KRSNWDP,Krishna at Wadenepally,Krishna,2025-12-19 05:30:00+00:00,22.054,DANGER,18.45,19.84,23.07,16.79416667,80.07305556,KRSNWDP_2025-12-19T05:30:00+0000_22.0540,418124,418124,CWC,36,Telangana,514,NALGONDA,MEDLACHERUVU,-,-,Krishna,Krishna,-,-,-,Krishna,Yes,22.0540,40.00
KRSNWDP,Krishna at Wadenepally,Krishna,2025-12-19 06:30:00+00:00,22.054,DANGER,18.45,19.84,23.07,16.79416667,80.07305556,KRSNWDP_2025-12-19T06:30:00+0000_22.0540,418125,418125,CWC,36,Telangana,514,NALGONDA,MEDLACHERUVU,-,-,Krishna,Krishna,-,-,-,Krishna,Yes,22.0540,40.00
KRSNWDP,Krishna at Wadenepally,Krishna,2025-12-19 07:30:00+00:00,22.054,DANGER,18.45,19.84,23.07,16.79416667,80.07305556,KRSNWDP_2025-12-19T07:30:00+0000_22.0540,418126,418126,CWC,36,Telangana,514,NALGONDA,MEDLACHERUVU,-,-,Krishna,Krishna,-,-,-,Krishna,Yes,22.0540,40.00
KRSNWDP,Krishna at Wadenepally,Krishna,2025-12-19 08:30:00+00:00,22.054,DANGER,18.45,19.84,23.07,16.79416667,80.07305556,KRSNWDP_2025-12-19T08:30:00+0000_22.0540,418127,418127,CWC,36,Telangana,514,NALGONDA,MEDLACHERUVU,-,-,Krishna,Krishna,-,-,-,Krishna,Yes,22.0540,40.00
KRSNWDP,Krishna at Wadenepally,Krishna,2025-12-19 09:30:00+00:00,22.054,DANGER,18.45,19.84,23.07,16.79416667,80.07305556,KRSNWDP_2025-12-19T09:30:00+0000_22.0540,418128,418128,CWC,36,Telangana,514,NALGONDA,MEDLACHERUVU,-,-,Krishna,Krishna,-,-,-,Krishna,Yes,22.0540,40.00
KRSNWDP,Krishna at Wadenepally,Krishna,2025-12-19 10:30:00+00:00,22.054,DANGER,18.45,19.84,23.07,16.79416667,80.07305556,KRSNWDP_2025-12-19T10:30:00+0000_22.0540,418129,418129,CWC,36,Telangana,514,NALGONDA,MEDLACHERUVU,-,-,Krishna,Krishna,-,-,-,Krishna,Yes,22.0540,40.00
KRSNWDP,Krishna at Wadenepally,Krishna,2025-12-19 11:30:00+00:00,22.054,DANGER,18.45,19.84,23.07,16.79416667,80.07305556,KRSNWDP_2025-12-19T11:30:00+0000_22.0540,418130,418130,CWC,36,Telangana,514,NALGONDA,MEDLACHERUVU,-,-,Krishna,Krishna,-,-,-,Krishna,Yes,22.0540,40.00
KRSNWDP,Krishna at Wadenepally,Krishna,2025-12-19 12:30:00+00:00,22.054,DANGER,18.45,19.84,23.07,16.79416667,80.07305556,KRSNWDP_2025-12-19T12:30:00+0000_22.0540,418131,418131,CWC,36,Telangana,514,NALGONDA,MEDLACHERUVU,-,-,Krishna,Krishna,-,-,-,Krishna,Yes,22.0540,40.00
KRSNWDP,Krishna at Wadenepally,Krishna,2025-12-19 13:30:00+00:00,22.054,DANGER,18.45,19.84,23.07,16.79416667,80.07305556,KRSNWDP_2025-12-19T13:30:00+0000_22.0540,418132,418132,CWC,36,Telangana,514,NALGONDA,MEDLACHERUVU,-,-,Krishna,Krishna,-,-,-,Krishna,Yes,22.0540,40.00
KRSNWDP,Krishna at Wadenepally,Krishna,2025-12-19 14:30:00+00:00,22.054,DANGER,18.45,19.84,23.07,16.79416667,80.07305556,KRSNWDP_2025-12-19T14:30:00+0000_22.0540,418133,418133,CWC,36,Telangana,514,NALGONDA,MEDLACHERUVU,-,-,Krishna,Krishna,-,-,-,Krishna,Yes,22.0540,40.00
KRSNWDP,Krishna at Wadenepally,Krishna,2025-12-19 15:30:00+00:00,22.054,DANGER,18.45,19.84,23.07,16.79416667,80.07305556,KRSNWDP_2025-12-19T15:30:00+0000_22.0540,418134,418134,CWC,36,Telangana,514,NALGONDA,MEDLACHERUVU,-,-,Krishna,Krishna,-,-,-,Krishna,Yes,22.0540,40.00
KRSNWDP,Krishna at Wadenepally,Krishna,2025-12-19 16:30:00+00:00,22.054,DANGER,18.45,19.84,23.07,16.79416667,80.07305556,KRSNWDP_2025-12-19T16:30:00+0000_22.0540,418135,418135,CWC,36,Telangana,514,NALGONDA,MEDLACHERUVU,-,-,Krishna,Krishna,-,-,-,Krishna,Yes,22.0540,40.00
KRSNWDP,Krishna at Wadenepally,Krishna,2025-12-19 17:30:00+00:00,22.054,DANGER,18.45,19.84,23.07,16.79416667,80.07305556,KRSNWDP_2025-12-19T17:30:00+0000_22.0540,418136,418136,CWC,36,Telangana,514,NALGONDA,MEDLACHERUVU,-,-,Krishna,Krishna,-,-,-,Krishna,Yes,22.0540,40.00
KRSNWDP,Krishna at Wadenepally,Krishna,2025-12-19 18:30:00+00:00,22.054,DANGER,18.45,19.84,23.07,16.79416667,80.07305556,KRSNWDP_2025-12-19T18:30:00+0000_22.0540,418137,418137,CWC,36,Telangana,514,NALGONDA,MEDLACHERUVU,-,-,Krishna,Krishna,-,-,-,Krishna,Yes,22.0540,40.00
KRSNWDP,Krishna at Wadenepally,Krishna,2025-12-19 19:30:00+00:00,22.054,DANGER,18.45,19.84,23.07,16.79416667,80.07305556,KRSNWDP_2025-12-19T19:30:00+0000_22.0540,418138,418138,CWC,36,Telangana,514,NALGONDA,MEDLACHERUVU,-,-,Krishna,Krishna,-,-,-,Krishna,Yes,22.0540,40.00
KRSNWDP,Krishna at Wadenepally,Krishna,2025-12-19 20:30:00+00:00,22.054,DANGER,18.45,19.84,23.07,16.79416667,80.07305556,KRSNWDP_2025-12-19T20:30:00+0000_22.0540,418139,418139,CWC,36,Telangana,514,NALGONDA,MEDLACHERUVU,-,-,Krishna,Krishna,-,-,-,Krishna,Yes,22.0540,40.00
KRSNWDP,Krishna at Wadenepally,Krishna,2025-12-19 21:30:00+00:00,22.054,DANGER,18.45,19.84,23.07,16.79416667,80.07305556,KRSNWDP_2025-12-19T21:30:00+0000_22.0540,418140,418140,CWC,36,Telangana,514,NALGONDA,MEDLACHERUVU,-,-,Krishna,Krishna,-,-,-,Krishna,Yes,22.0540,40.00
KRSNWDP,Krishna at Wadenepally,Krishna,2025-12-19 22:30:00+00:00,22.054,DANGER,18.45,19.84,23.07,16.79416667,80.07305556,KRSNWDP_2025-12-19T22:30:00+0000_22.0540,418141,418141,CWC,36,Telangana,514,NALGONDA,MEDLACHERUVU,-,-,Krishna,Krishna,-,-,-,Krishna,Yes,22.0540,40.00
KRSNWDP,Krishna at Wadenepally,Krishna,2025-12-19 23:30:00+00:00,22.054,DANGER,18.45,19.84,23.07,16.79416667,80.07305556,KRSNWDP_2025-12-19T23:30:00+0000_22.0540,418142,418142,CWC,36,Telangana,514,NALGONDA,MEDLACHERUVU,-,-,Krishna,Krishna,-,-,-,Krishna,Yes,22.0540,40.00
KRSNWDP,Krishna at Wadenepally,Krishna,2025-12-20 00:30:00+00:00,22.054,DANGER,18.45,19.84,23.07,16.79416667,80.07305556,KRSNWDP_2025-12-20T00:30:00+0000_22.0540,418143,418143,CWC,36,Telangana,514,NALGONDA,MEDLACHERUVU,-,-,Krishna,Krishna,-,-,-,Krishna,Yes,22.0540,40.00
KRSNWDP,Krishna at Wadenepally,Krishna,2025-12-20 01:30:00+00:00,22.054,DANGER,18.45,19.84,23.07,16.79416667,80.07305556,KRSNWDP_2025-12-20T01:30:00+0000_22.0540,418144,418144,CWC,36,Telangana,514,NALGONDA,MEDLACHERUVU,-,-,Krishna,Krishna,-,-,-,Krishna,Yes,22.0540,40.00
KRSNWDP,Krishna at Wadenepally,Krishna,2025-12-20 02:30:00+00:00,638.054,HIGH_FLOOD_EXCEEDED,18.45,19.84,23.07,16.79416667,80.07305556,KRSNWDP_2025-12-20T02:30:00+0000_638.0540,418145,418145,CWC,36,Telangana,514,NALGONDA,MEDLACHERUVU,-,-,Krishna,Krishna,-,-,-,Krishna,Yes,22.0540,40.00
KRSNWDP,Krishna at Wadenepally,Krishna,2025-12-20 03:30:00+00:00,22.054,DANGER,18.45,19.84,23.07,16.79416667,80.07305556,KRSNWDP_2025-12-20T03:30:00+0000_22.0540,418146,418146,CWC,36,Telangana,514,NALGONDA,MEDLACHERUVU,-,-,Krishna,Krishna,-,-,-,Krishna,Yes,22.0540,40.00
KRSNWDP,Krishna at Wadenepally,Krishna,2025-12-20 04:30:00+00:00,22.054,DANGER,18.45,19.84,23.07,16.79416667,80.07305556,KRSNWDP_2025-12-20T04:30:00+0000_22.0540,418147,418147,CWC,36,Telangana,514,NALGONDA,MEDLACHERUVU,-,-,Krishna,Krishna,-,-,-,Krishna,Yes,22.0540,40.00
KRSNWDP,Krishna at Wadenepally,Krishna,2025-12-20 05:30:00+00:00,22.054,DANGER,18.45,19.84,23.07,16.79416667,80.07305556,KRSNWDP_2025-12-20T05:30:00+0000_22.0540,418148,418148,CWC,36,Telangana,514,NALGONDA,MEDLACHERUVU,-,-,Krishna,Krishna,-,-,-,Krishna,Yes,22.0540,40.00
KRSNWDP,Krishna at Wadenepally,Krishna,2025-12-20 06:30:00+00:00,22.054,DANGER,18.45,19.84,23.07,16.79416667,80.07305556,KRSNWDP_2025-12-20T06:30:00+0000_22.0540,418149,418149,CWC,36,Telangana,514,NALGONDA,MEDLACHERUVU,-,-,Krishna,Krishna,-,-,-,Krishna,Yes,22.0540,40.00
KRSNWDP,Krishna at Wadenepally,Krishna,2025-12-20 07:30:00+00:00,22.054,DANGER,18.45,19.84,23.07,16.79416667,80.07305556,KRSNWDP_2025-12-20T07:30:00+0000_22.0540,418150,418150,CWC,36,Telangana,514,NALGONDA,MEDLACHERUVU,-,-,Krishna,Krishna,-,-,-,Krishna,Yes,22.0540,40.00
KRSNWDP,Krishna at Wadenepally,Krishna,2025-12-20 08:30:00+00:00,22.054,DANGER,18.45,19.84,23.07,16.79416667,80.07305556,KRSNWDP_2025-12-20T08:30:00+0000_22.0540,418151,418151,CWC,36,Telangana,514,NALGONDA,MEDLACHERUVU,-,-,Krishna,Krishna,-,-,-,Krishna,Yes,22.0540,40.00
KRSNWDP,Krishna at Wadenepally,Krishna,2025-12-20 09:30:00+00:00,22.054,DANGER,18.45,19.84,23.07,16.79416667,80.07305556,KRSNWDP_2025-12-20T09:30:00+0000_22.0540,418152,418152,CWC,36,Telangana,514,NALGONDA,MEDLACHERUVU,-,-,Krishna,Krishna,-,-,-,Krishna,Yes,22.0540,40.00
KRSNWDP,Krishna at Wadenepally,Krishna,2025-12-20 10:30:00+00:00,22.054,DANGER,18.45,19.84,23.07,16.79416667,80.07305556,KRSNWDP_2025-12-20T10:30:00+0000_22.0540,418153,418153,CWC,36,Telangana,514,NALGONDA,MEDLACHERUVU,-,-,Krishna,Krishna,-,-,-,Krishna,Yes,22.0540,40.00
KRSNWDP,Krishna at Wadenepally,Krishna,2025-12-20 11:30:00+00:00,22.054,DANGER,18.45,19.84,23.07,16.79416667,80.07305556,KRSNWDP_2025-12-20T11:30:00+0000_22.0540,418154,418154,CWC,36,Telangana,514,NALGONDA,MEDLACHERUVU,-,-,Krishna,Krishna,-,-,-,Krishna,Yes,22.0540,40.00
KRSNWDP,Krishna at Wadenepally,Krishna,2025-12-20 12:30:00+00:00,22.054,DANGER,18.45,19.84,23.07,16.79416667,80.07305556,KRSNWDP_2025-12-20T12:30:00+0000_22.0540,418155,418155,CWC,36,Telangana,514,NALGONDA,MEDLACHERUVU,-,-,Krishna,Krishna,-,-,-,Krishna,Yes,22.0540,40.00
KRSNWDP,Krishna at Wadenepally,Krishna,2025-12-20 13:30:00+00:00,22.054,DANGER,18.45,19.84,23.07,16.79416667,80.07305556,KRSNWDP_2025-12-20T13:30:00+0000_22.0540,418156,418156,CWC,36,Telangana,514,NALGONDA,MEDLACHERUVU,-,-,Krishna,Krishna,-,-,-,Krishna,Yes,22.0540,40.00
KRSNWDP,Krishna at Wadenepally,Krishna,2025-12-20 14:30:00+00:00,22.054,DANGER,18.45,19.84,23.07,16.79416667,80.07305556,KRSNWDP_2025-12-20T14:30:00+0000_22.0540,418157,418157,CWC,36,Telangana,514,NALGONDA,MEDLACHERUVU,-,-,Krishna,Krishna,-,-,-,Krishna,Yes,22.0540,40.00
KRSNWDP,Krishna at Wadenepally,Krishna,2025-12-20 15:30:00+00:00,22.054,DANGER,18.45,19.84,23.07,16.79416667,80.07305556,KRSNWDP_2025-12-20T15:30:00+0000_22.0540,418158,418158,CWC,36,Telangana,514,NALGONDA,MEDLACHERUVU,-,-,Krishna,Krishna,-,-,-,Krishna,Yes,22.0540,40.00
KRSNWDP,Krishna at Wadenepally,Krishna,2025-12-20 16:30:00+00:00,22.054,DANGER,18.45,19.84,23.07,16.79416667,80.07305556,KRSNWDP_2025-12-20T16:30:00+0000_22.0540,418159,418159,CWC,36,Telangana,514,NALGONDA,MEDLACHERUVU,-,-,Krishna,Krishna,-,-,-,Krishna,Yes,22.0540,40.00
KRSNWDP,Krishna at Wadenepally,Krishna,2025-12-20 17:30:00+00:00,22.054,DANGER,18.45,19.84,23.07,16.79416667,80.07305556,KRSNWDP_2025-12-20T17:30:00+0000_22.0540,418160,418160,CWC,36,Telangana,514,NALGONDA,MEDLACHERUVU,-,-,Krishna,Krishna,-,-,-,Krishna,Yes,22.0540,40.00
KRSNWDP,Krishna at Wadenepally,Krishna,2025-12-20 18:30:00+00:00,22.054,DANGER,18.45,19.84,23.07,16.79416667,80.07305556,KRSNWDP_2025-12-20T18:30:00+0000_22.0540,418161,418161,CWC,36,Telangana,514,NALGONDA,MEDLACHERUVU,-,-,Krishna,Krishna,-,-,-,Krishna,Yes,22.0540,40.00
KRSNWDP,Krishna at Wadenepally,Krishna,2025-12-20 19:30:00+00:00,22.054,DANGER,18.45,19.84,23.07,16.79416667,80.07305556,KRSNWDP_2025-12-20T19:30:00+0000_22.0540,418162,418162,CWC,36,Telangana,514,NALGONDA,MEDLACHERUVU,-,-,Krishna,Krishna,-,-,-,Krishna,Yes,22.0540,40.00
KRSNWDP,Krishna at Wadenepally,Krishna,2025-12-20 20:30:00+00:00,22.054,DANGER,18.45,19.84,23.07,16.79416667,80.07305556,KRSNWDP_2025-12-20T20:30:00+0000_22.0540,418163,418163,CWC,36,Telangana,514,NALGONDA,MEDLACHERUVU,-,-,Krishna,Krishna,-,-,-,Krishna,Yes,22.0540,40.00
KRSNWDP,Krishna at Wadenepally,Krishna,2025-12-20 21:30:00+00:00,22.054,DANGER,18.45,19.84,23.07,16.79416667,80.07305556,KRSNWDP_2025-12-20T21:30:00+0000_22.0540,418164,418164,CWC,36,Telangana,514,NALGONDA,MEDLACHERUVU,-,-,Krishna,Krishna,-,-,-,Krishna,Yes,22.0540,40.00
KRSNWDP,Krishna at Wadenepally,Krishna,2025-12-20 22:30:00+00:00,22.054,DANGER,18.45,19.84,23.07,16.79416667,80.07305556,KRSNWDP_2025-12-20T22:30:00+0000_22.0540,418165,418165,CWC,36,Telangana,514,NALGONDA,MEDLACHERUVU,-,-,Krishna,Krishna,-,-,-,Krishna,Yes,22.0540,40.00
KRSNWDP,Krishna at Wadenepally,Krishna,2025-12-20 23:30:00+00:00,22.054,DANGER,18.45,19.84,23.07,16.79416667,80.07305556,KRSNWDP_2025-12-20T23:30:00+0000_22.0540,418166,418166,CWC,36,Telangana,514,NALGONDA,MEDLACHERUVU,-,-,Krishna,Krishna,-,-,-,Krishna,Yes,22.0540,40.00
KRSNWDP,Krishna at Wadenepally,Krishna,2025-12-21 00:30:00+00:00,22.054,DANGER,18.45,19.84,23.07,16.79416667,80.07305556,KRSNWDP_2025-12-21T00:30:00+0000_22.0540,418167,418167,CWC,36,Telangana,514,NALGONDA,MEDLACHERUVU,-,-,Krishna,Krishna,-,-,-,Krishna,Yes,22.0540,40.00
KRSNWDP,Krishna at Wadenepally,Krishna,2025-12-21 01:30:00+00:00,22.054,DANGER,18.45,19.84,23.07,16.79416667,80.07305556,KRSNWDP_2025-12-21T01:30:00+0000_22.0540,418168,418168,CWC,36,Telangana,514,NALGONDA,MEDLACHERUVU,-,-,Krishna,Krishna,-,-,-,Krishna,Yes,22.0540,40.00
KRSNWDP,Krishna at Wadenepally,Krishna,2025-12-21 02:30:00+00:00,22.054,DANGER,18.45,19.84,23.07,16.79416667,80.07305556,KRSNWDP_2025-12-21T02:30:00+0000_22.0540,418169,418169,CWC,36,Telangana,514,NALGONDA,MEDLACHERUVU,-,-,Krishna,Krishna,-,-,-,Krishna,Yes,22.0540,40.00
KRSNWDP,Krishna at Wadenepally,Krishna,2025-12-21 03:30:00+00:00,22.054,DANGER,18.45,19.84,23.07,16.79416667,80.07305556,KRSNWDP_2025-12-21T03:30:00+0000_22.0540,418170,418170,CWC,36,Telangana,514,NALGONDA,MEDLACHERUVU,-,-,Krishna,Krishna,-,-,-,Krishna,Yes,22.0540,40.00
KRSNWDP,Krishna at Wadenepally,Krishna,2025-12-21 04:30:00+00:00,22.054,DANGER,18.45,19.84,23.07,16.79416667,80.07305556,KRSNWDP_2025-12-21T04:30:00+0000_22.0540,418171,418171,CWC,36,Telangana,514,NALGONDA,MEDLACHERUVU,-,-,Krishna,Krishna,-,-,-,Krishna,Yes,22.0540,40.00
KRSNWDP,Krishna at Wadenepally,Krishna,2025-12-21 05:30:00+00:00,22.054,DANGER,18.45,19.84,23.07,16.79416667,80.07305556,KRSNWDP_2025-12-21T05:30:00+0000_22.0540,418172,418172,CWC,36,Telangana,514,NALGONDA,MEDLACHERUVU,-,-,Krishna,Krishna,-,-,-,Krishna,Yes,22.0540,40.00
KRSNWDP,Krishna at Wadenepally,Krishna,2025-12-21 06:30:00+00:00,22.054,DANGER,18.45,19.84,23.07,16.79416667,80.07305556,KRSNWDP_2025-12-21T06:30:00+0000_22.0540,418173,418173,CWC,36,Telangana,514,NALGONDA,MEDLACHERUVU,-,-,Krishna,Krishna,-,-,-,Krishna,Yes,22.0540,40.00
KRSNWDP,Krishna at Wadenepally,Krishna,2025-12-21 07:30:00+00:00,22.054,DANGER,18.45,19.84,23.07,16.79416667,80.07305556,KRSNWDP_2025-12-21T07:30:00+0000_22.0540,418174,418174,CWC,36,Telangana,514,NALGONDA,MEDLACHERUVU,-,-,Krishna,Krishna,-,-,-,Krishna,Yes,22.0540,40.00
KRSNWDP,Krishna at Wadenepally,Krishna,2025-12-21 08:30:00+00:00,22.054,DANGER,18.45,19.84,23.07,16.79416667,80.07305556,KRSNWDP_2025-12-21T08:30:00+0000_22.0540,418175,418175,CWC,36,Telangana,514,NALGONDA,MEDLACHERUVU,-,-,Krishna,Krishna,-,-,-,Krishna,Yes,22.0540,40.00
KRSNWDP,Krishna at Wadenepally,Krishna,2025-12-21 09:30:00+00:00,22.054,DANGER,18.45,19.84,23.07,16.79416667,80.07305556,KRSNWDP_2025-12-21T09:30:00+0000_22.0540,418176,418176,CWC,36,Telangana,514,NALGONDA,MEDLACHERUVU,-,-,Krishna,Krishna,-,-,-,Krishna,Yes,22.0540,40.00
KRSNWDP,Krishna at Wadenepally,Krishna,2025-12-21 10:30:00+00:00,22.054,DANGER,18.45,19.84,23.07,16.79416667,80.07305556,KRSNWDP_2025-12-21T10:30:00+0000_22.0540,418177,418177,CWC,36,Telangana,514,NALGONDA,MEDLACHERUVU,-,-,Krishna,Krishna,-,-,-,Krishna,Yes,22.0540,40.00
KRSNWDP,Krishna at Wadenepally,Krishna,2025-12-21 18:30:00+00:00,22.054,DANGER,18.45,19.84,23.07,16.79416667,80.07305556,KRSNWDP_2025-12-21T18:30:00+0000_22.0540,418178,418178,CWC,36,Telangana,514,NALGONDA,MEDLACHERUVU,-,-,Krishna,Krishna,-,-,-,Krishna,Yes,22.0540,40.00
KRSNWDP,Krishna at Wadenepally,Krishna,2025-12-21 19:30:00+00:00,22.054,DANGER,18.45,19.84,23.07,16.79416667,80.07305556,KRSNWDP_2025-12-21T19:30:00+0000_22.0540,418179,418179,CWC,36,Telangana,514,NALGONDA,MEDLACHERUVU,-,-,Krishna,Krishna,-,-,-,Krishna,Yes,22.0540,40.00
KRSNWDP,Krishna at Wadenepally,Krishna,2025-12-21 20:30:00+00:00,22.054,DANGER,18.45,19.84,23.07,16.79416667,80.07305556,KRSNWDP_2025-12-21T20:30:00+0000_22.0540,418180,418180,CWC,36,Telangana,514,NALGONDA,MEDLACHERUVU,-,-,Krishna,Krishna,-,-,-,Krishna,Yes,22.0540,40.00
KRSNWDP,Krishna at Wadenepally,Krishna,2025-12-21 21:30:00+00:00,22.054,DANGER,18.45,19.84,23.07,16.79416667,80.07305556,KRSNWDP_2025-12-21T21:30:00+0000_22.0540,418181,418181,CWC,36,Telangana,514,NALGONDA,MEDLACHERUVU,-,-,Krishna,Krishna,-,-,-,Krishna,Yes,22.0540,40.00
KRSNWDP,Krishna at Wadenepally,Krishna,2025-12-21 22:30:00+00:00,22.054,DANGER,18.45,19.84,23.07,16.79416667,80.07305556,KRSNWDP_2025-12-21T22:30:00+0000_22.0540,418182,418182,CWC,36,Telangana,514,NALGONDA,MEDLACHERUVU,-,-,Krishna,Krishna,-,-,-,Krishna,Yes,22.0540,40.00
KRSNWDP,Krishna at Wadenepally,Krishna,2025-12-21 23:30:00+00:00,22.054,DANGER,18.45,19.84,23.07,16.79416667,80.07305556,KRSNWDP_2025-12-21T23:30:00+0000_22.0540,418183,418183,CWC,36,Telangana,514,NALGONDA,MEDLACHERUVU,-,-,Krishna,Krishna,-,-,-,Krishna,Yes,22.0540,40.00
KRSNWDP,Krishna at Wadenepally,Krishna,2025-12-22 00:30:00+00:00,22.054,DANGER,18.45,19.84,23.07,16.79416667,80.07305556,KRSNWDP_2025-12-22T00:30:00+0000_22.0540,418184,418184,CWC,36,Telangana,514,NALGONDA,MEDLACHERUVU,-,-,Krishna,Krishna,-,-,-,Krishna,Yes,22.0540,40.00
KRSNWDP,Krishna at Wadenepally,Krishna,2025-12-22 01:30:00+00:00,22.054,DANGER,18.45,19.84,23.07,16.79416667,80.07305556,KRSNWDP_2025-12-22T01:30:00+0000_22.0540,418185,418185,CWC,36,Telangana,514,NALGONDA,MEDLACHERUVU,-,-,Krishna,Krishna,-,-,-,Krishna,Yes,22.0540,40.00
KRSNWDP,Krishna at Wadenepally,Krishna,2025-12-22 02:30:00+00:00,22.054,DANGER,18.45,19.84,23.07,16.79416667,80.07305556,KRSNWDP_2025-12-22T02:30:00+0000_22.0540,418186,418186,CWC,36,Telangana,514,NALGONDA,MEDLACHERUVU,-,-,Krishna,Krishna,-,-,-,Krishna,Yes,22.0540,40.00
KRSNWDP,Krishna at Wadenepally,Krishna,2025-12-22 03:30:00+00:00,22.054,DANGER,18.45,19.84,23.07,16.79416667,80.07305556,KRSNWDP_2025-12-22T03:30:00+0000_22.0540,418187,418187,CWC,36,Telangana,514,NALGONDA,MEDLACHERUVU,-,-,Krishna,Krishna,-,-,-,Krishna,Yes,22.0540,40.00
KRSNWDP,Krishna at Wadenepally,Krishna,2025-12-22 04:30:00+00:00,22.054,DANGER,18.45,19.84,23.07,16.79416667,80.07305556,KRSNWDP_2025-12-22T04:30:00+0000_22.0540,418188,418188,CWC,36,Telangana,514,NALGONDA,MEDLACHERUVU,-,-,Krishna,Krishna,-,-,-,Krishna,Yes,22.0540,40.00
KRSNWDP,Krishna at Wadenepally,Krishna,2025-12-22 05:30:00+00:00,22.054,DANGER,18.45,19.84,23.07,16.79416667,80.07305556,KRSNWDP_2025-12-22T05:30:00+0000_22.0540,418189,418189,CWC,36,Telangana,514,NALGONDA,MEDLACHERUVU,-,-,Krishna,Krishna,-,-,-,Krishna,Yes,22.0540,40.00
KRSNWDP,Krishna at Wadenepally,Krishna,2025-12-22 06:30:00+00:00,22.054,DANGER,18.45,19.84,23.07,16.79416667,80.07305556,KRSNWDP_2025-12-22T06:30:00+0000_22.0540,418190,418190,CWC,36,Telangana,514,NALGONDA,MEDLACHERUVU,-,-,Krishna,Krishna,-,-,-,Krishna,Yes,22.0540,40.00
KRSNWDP,Krishna at Wadenepally,Krishna,2025-12-22 07:30:00+00:00,22.054,DANGER,18.45,19.84,23.07,16.79416667,80.07305556,KRSNWDP_2025-12-22T07:30:00+0000_22.0540,418191,418191,CWC,36,Telangana,514,NALGONDA,MEDLACHERUVU,-,-,Krishna,Krishna,-,-,-,Krishna,Yes,22.0540,40.00
KRSNWDP,Krishna at Wadenepally,Krishna,2025-12-22 08:30:00+00:00,22.054,DANGER,18.45,19.84,23.07,16.79416667,80.07305556,KRSNWDP_2025-12-22T08:30:00+0000_22.0540,418192,418192,CWC,36,Telangana,514,NALGONDA,MEDLACHERUVU,-,-,Krishna,Krishna,-,-,-,Krishna,Yes,22.0540,40.00
KRSNWDP,Krishna at Wadenepally,Krishna,2025-12-22 09:30:00+00:00,22.054,DANGER,18.45,19.84,23.07,16.79416667,80.07305556,KRSNWDP_2025-12-22T09:30:00+0000_22.0540,418193,418193,CWC,36,Telangana,514,NALGONDA,MEDLACHERUVU,-,-,Krishna,Krishna,-,-,-,Krishna,Yes,22.0540,40.00
KRSNWDP,Krishna at Wadenepally,Krishna,2025-12-22 10:30:00+00:00,22.054,DANGER,18.45,19.84,23.07,16.79416667,80.07305556,KRSNWDP_2025-12-22T10:30:00+0000_22.0540,418194,418194,CWC,36,Telangana,514,NALGONDA,MEDLACHERUVU,-,-,Krishna,Krishna,-,-,-,Krishna,Yes,22.0540,40.00
KRSNWDP,Krishna at Wadenepally,Krishna,2025-12-22 11:30:00+00:00,22.054,DANGER,18.45,19.84,23.07,16.79416667,80.07305556,KRSNWDP_2025-12-22T11:30:00+0000_22.0540,418195,418195,CWC,36,Telangana,514,NALGONDA,MEDLACHERUVU,-,-,Krishna,Krishna,-,-,-,Krishna,Yes,22.0540,40.00
KRSNWDP,Krishna at Wadenepally,Krishna,2025-12-22 12:30:00+00:00,22.054,DANGER,18.45,19.84,23.07,16.79416667,80.07305556,KRSNWDP_2025-12-22T12:30:00+0000_22.0540,418196,418196,CWC,36,Telangana,514,NALGONDA,MEDLACHERUVU,-,-,Krishna,Krishna,-,-,-,Krishna,Yes,22.0540,40.00
KRSNWDP,Krishna at Wadenepally,Krishna,2025-12-22 13:30:00+00:00,22.054,DANGER,18.45,19.84,23.07,16.79416667,80.07305556,KRSNWDP_2025-12-22T13:30:00+0000_22.0540,418197,418197,CWC,36,Telangana,514,NALGONDA,MEDLACHERUVU,-,-,Krishna,Krishna,-,-,-,Krishna,Yes,22.0540,40.00
KRSNWDP,Krishna at Wadenepally,Krishna,2025-12-22 14:30:00+00:00,22.054,DANGER,18.45,19.84,23.07,16.79416667,80.07305556,KRSNWDP_2025-12-22T14:30:00+0000_22.0540,418198,418198,CWC,36,Telangana,514,NALGONDA,MEDLACHERUVU,-,-,Krishna,Krishna,-,-,-,Krishna,Yes,22.0540,40.00
KRSNWDP,Krishna at Wadenepally,Krishna,2025-12-22 18:30:00+00:00,22.054,DANGER,18.45,19.84,23.07,16.79416667,80.07305556,KRSNWDP_2025-12-22T18:30:00+0000_22.0540,418199,418199,CWC,36,Telangana,514,NALGONDA,MEDLACHERUVU,-,-,Krishna,Krishna,-,-,-,Krishna,Yes,22.0540,40.00
KRSNWDP,Krishna at Wadenepally,Krishna,2025-12-22 19:30:00+00:00,22.054,DANGER,18.45,19.84,23.07,16.79416667,80.07305556,KRSNWDP_2025-12-22T19:30:00+0000_22.0540,418200,418200,CWC,36,Telangana,514,NALGONDA,MEDLACHERUVU,-,-,Krishna,Krishna,-,-,-,Krishna,Yes,22.0540,40.00
KRSNWDP,Krishna at Wadenepally,Krishna,2026-01-13 18:30:00+00:00,22.054,DANGER,18.45,19.84,23.07,16.79416667,80.07305556,KRSNWDP_2026-01-13T18:30:00+0000_22.0540,13439,13439,CWC,36,Telangana,514,NALGONDA,MEDLACHERUVU,-,-,Krishna,Krishna,-,-,-,Krishna,Yes,22.0540,40.00
KRSNWDP,Krishna at Wadenepally,Krishna,2026-01-13 19:30:00+00:00,22.054,DANGER,18.45,19.84,23.07,16.79416667,80.07305556,KRSNWDP_2026-01-13T19:30:00+0000_22.0540,13440,13440,CWC,36,Telangana,514,NALGONDA,MEDLACHERUVU,-,-,Krishna,Krishna,-,-,-,Krishna,Yes,22.0540,40.00
KRSNWDP,Krishna at Wadenepally,Krishna,2026-01-13 20:30:00+00:00,22.054,DANGER,18.45,19.84,23.07,16.79416667,80.07305556,KRSNWDP_2026-01-13T20:30:00+0000_22.0540,13441,13441,CWC,36,Telangana,514,NALGONDA,MEDLACHERUVU,-,-,Krishna,Krishna,-,-,-,Krishna,Yes,22.0540,40.00
KRSNWDP,Krishna at Wadenepally,Krishna,2026-01-13 21:30:00+00:00,22.054,DANGER,18.45,19.84,23.07,16.79416667,80.07305556,KRSNWDP_2026-01-13T21:30:00+0000_22.0540,13442,13442,CWC,36,Telangana,514,NALGONDA,MEDLACHERUVU,-,-,Krishna,Krishna,-,-,-,Krishna,Yes,22.0540,40.00
KRSNWDP,Krishna at Wadenepally,Krishna,2026-01-13 22:30:00+00:00,22.054,DANGER,18.45,19.84,23.07,16.79416667,80.07305556,KRSNWDP_2026-01-13T22:30:00+0000_22.0540,13443,13443,CWC,36,Telangana,514,NALGONDA,MEDLACHERUVU,-,-,Krishna,Krishna,-,-,-,Krishna,Yes,22.0540,40.00
KRSNWDP,Krishna at Wadenepally,Krishna,2026-01-13 23:30:00+00:00,22.054,DANGER,18.45,19.84,23.07,16.79416667,80.07305556,KRSNWDP_2026-01-13T23:30:00+0000_22.0540,13444,13444,CWC,36,Telangana,514,NALGONDA,MEDLACHERUVU,-,-,Krishna,Krishna,-,-,-,Krishna,Yes,22.0540,40.00
KRSNWDP,Krishna at Wadenepally,Krishna,2026-01-14 00:30:00+00:00,22.054,DANGER,18.45,19.84,23.07,16.79416667,80.07305556,KRSNWDP_2026-01-14T00:30:00+0000_22.0540,13445,13445,CWC,36,Telangana,514,NALGONDA,MEDLACHERUVU,-,-,Krishna,Krishna,-,-,-,Krishna,Yes,22.0540,40.00
KRSNWDP,Krishna at Wadenepally,Krishna,2026-01-14 01:30:00+00:00,22.054,DANGER,18.45,19.84,23.07,16.79416667,80.07305556,KRSNWDP_2026-01-14T01:30:00+0000_22.0540,13446,13446,CWC,36,Telangana,514,NALGONDA,MEDLACHERUVU,-,-,Krishna,Krishna,-,-,-,Krishna,Yes,22.0540,40.00
KRSNWDP,Krishna at Wadenepally,Krishna,2026-01-14 02:30:00+00:00,22.054,DANGER,18.45,19.84,23.07,16.79416667,80.07305556,KRSNWDP_2026-01-14T02:30:00+0000_22.0540,13447,13447,CWC,36,Telangana,514,NALGONDA,MEDLACHERUVU,-,-,Krishna,Krishna,-,-,-,Krishna,Yes,22.0540,40.00
KRSNWDP,Krishna at Wadenepally,Krishna,2026-01-14 03:30:00+00:00,22.054,DANGER,18.45,19.84,23.07,16.79416667,80.07305556,KRSNWDP_2026-01-14T03:30:00+0000_22.0540,13448,13448,CWC,36,Telangana,514,NALGONDA,MEDLACHERUVU,-,-,Krishna,Krishna,-,-,-,Krishna,Yes,22.0540,40.00
KRSNWDP,Krishna at Wadenepally,Krishna,2026-01-14 04:30:00+00:00,22.054,DANGER,18.45,19.84,23.07,16.79416667,80.07305556,KRSNWDP_2026-01-14T04:30:00+0000_22.0540,13449,13449,CWC,36,Telangana,514,NALGONDA,MEDLACHERUVU,-,-,Krishna,Krishna,-,-,-,Krishna,Yes,22.0540,40.00
KRSNWDP,Krishna at Wadenepally,Krishna,2026-01-14 05:30:00+00:00,22.054,DANGER,18.45,19.84,23.07,16.79416667,80.07305556,KRSNWDP_2026-01-14T05:30:00+0000_22.0540,13450,13450,CWC,36,Telangana,514,NALGONDA,MEDLACHERUVU,-,-,Krishna,Krishna,-,-,-,Krishna,Yes,22.0540,40.00
KRSNWDP,Krishna at Wadenepally,Krishna,2026-01-14 06:30:00+00:00,22.054,DANGER,18.45,19.84,23.07,16.79416667,80.07305556,KRSNWDP_2026-01-14T06:30:00+0000_22.0540,13451,13451,CWC,36,Telangana,514,NALGONDA,MEDLACHERUVU,-,-,Krishna,Krishna,-,-,-,Krishna,Yes,22.0540,40.00
KRSNWDP,Krishna at Wadenepally,Krishna,2026-01-14 07:30:00+00:00,22.054,DANGER,18.45,19.84,23.07,16.79416667,80.07305556,KRSNWDP_2026-01-14T07:30:00+0000_22.0540,13452,13452,CWC,36,Telangana,514,NALGONDA,MEDLACHERUVU,-,-,Krishna,Krishna,-,-,-,Krishna,Yes,22.0540,40.00
KRSNWDP,Krishna at Wadenepally,Krishna,2026-01-14 08:30:00+00:00,22.054,DANGER,18.45,19.84,23.07,16.79416667,80.07305556,KRSNWDP_2026-01-14T08:30:00+0000_22.0540,13453,13453,CWC,36,Telangana,514,NALGONDA,MEDLACHERUVU,-,-,Krishna,Krishna,-,-,-,Krishna,Yes,22.0540,40.00
KRSNWDP,Krishna at Wadenepally,Krishna,2026-01-14 09:30:00+00:00,22.054,DANGER,18.45,19.84,23.07,16.79416667,80.07305556,KRSNWDP_2026-01-14T09:30:00+0000_22.0540,13454,13454,CWC,36,Telangana,514,NALGONDA,MEDLACHERUVU,-,-,Krishna,Krishna,-,-,-,Krishna,Yes,22.0540,40.00
KRSNWDP,Krishna at Wadenepally,Krishna,2026-01-14 10:30:00+00:00,22.054,DANGER,18.45,19.84,23.07,16.79416667,80.07305556,KRSNWDP_2026-01-14T10:30:00+0000_22.0540,13455,13455,CWC,36,Telangana,514,NALGONDA,MEDLACHERUVU,-,-,Krishna,Krishna,-,-,-,Krishna,Yes,22.0540,40.00
KRSNWDP,Krishna at Wadenepally,Krishna,2026-01-14 11:30:00+00:00,22.054,DANGER,18.45,19.84,23.07,16.79416667,80.07305556,KRSNWDP_2026-01-14T11:30:00+0000_22.0540,13456,13456,CWC,36,Telangana,514,NALGONDA,MEDLACHERUVU,-,-,Krishna,Krishna,-,-,-,Krishna,Yes,22.0540,40.00
KRSNWDP,Krishna at Wadenepally,Krishna,2026-01-14 12:30:00+00:00,22.054,DANGER,18.45,19.84,23.07,16.79416667,80.07305556,KRSNWDP_2026-01-14T12:30:00+0000_22.0540,13457,13457,CWC,36,Telangana,514,NALGONDA,MEDLACHERUVU,-,-,Krishna,Krishna,-,-,-,Krishna,Yes,22.0540,40.00
KRSNWDP,Krishna at Wadenepally,Krishna,2026-01-14 13:30:00+00:00,22.054,DANGER,18.45,19.84,23.07,16.79416667,80.07305556,KRSNWDP_2026-01-14T13:30:00+0000_22.0540,13458,13458,CWC,36,Telangana,514,NALGONDA,MEDLACHERUVU,-,-,Krishna,Krishna,-,-,-,Krishna,Yes,22.0540,40.00
KRSNWDP,Krishna at Wadenepally,Krishna,2026-01-14 14:30:00+00:00,22.054,DANGER,18.45,19.84,23.07,16.79416667,80.07305556,KRSNWDP_2026-01-14T14:30:00+0000_22.0540,13459,13459,CWC,36,Telangana,514,NALGONDA,MEDLACHERUVU,-,-,Krishna,Krishna,-,-,-,Krishna,Yes,22.0540,40.00
KRSNWDP,Krishna at Wadenepally,Krishna,2026-01-14 15:30:00+00:00,22.054,DANGER,18.45,19.84,23.07,16.79416667,80.07305556,KRSNWDP_2026-01-14T15:30:00+0000_22.0540,13460,13460,CWC,36,Telangana,514,NALGONDA,MEDLACHERUVU,-,-,Krishna,Krishna,-,-,-,Krishna,Yes,22.0540,40.00
KRSNWDP,Krishna at Wadenepally,Krishna,2026-01-14 16:30:00+00:00,22.054,DANGER,18.45,19.84,23.07,16.79416667,80.07305556,KRSNWDP_2026-01-14T16:30:00+0000_22.0540,13461,13461,CWC,36,Telangana,514,NALGONDA,MEDLACHERUVU,-,-,Krishna,Krishna,-,-,-,Krishna,Yes,22.0540,40.00
KRSNWDP,Krishna at Wadenepally,Krishna,2026-01-14 17:30:00+00:00,22.054,DANGER,18.45,19.84,23.07,16.79416667,80.07305556,KRSNWDP_2026-01-14T17:30:00+0000_22.0540,13462,13462,CWC,36,Telangana,514,NALGONDA,MEDLACHERUVU,-,-,Krishna,Krishna,-,-,-,Krishna,Yes,22.0540,40.00
KRSNWDP,Krishna at Wadenepally,Krishna,2026-01-14 18:30:00+00:00,22.054,DANGER,18.45,19.84,23.07,16.79416667,80.07305556,KRSNWDP_2026-01-14T18:30:00+0000_22.0540,13463,13463,CWC,36,Telangana,514,NALGONDA,MEDLACHERUVU,-,-,Krishna,Krishna,-,-,-,Krishna,Yes,22.0540,40.00
KRSNWDP,Krishna at Wadenepally,Krishna,2026-01-14 19:30:00+00:00,22.054,DANGER,18.45,19.84,23.07,16.79416667,80.07305556,KRSNWDP_2026-01-14T19:30:00+0000_22.0540,13464,13464,CWC,36,Telangana,514,NALGONDA,MEDLACHERUVU,-,-,Krishna,Krishna,-,-,-,Krishna,Yes,22.0540,40.00
KRSNWDP,Krishna at Wadenepally,Krishna,2026-01-14 20:30:00+00:00,22.054,DANGER,18.45,19.84,23.07,16.79416667,80.07305556,KRSNWDP_2026-01-14T20:30:00+0000_22.0540,13465,13465,CWC,36,Telangana,514,NALGONDA,MEDLACHERUVU,-,-,Krishna,Krishna,-,-,-,Krishna,Yes,22.0540,40.00
KRSNWDP,Krishna at Wadenepally,Krishna,2026-01-14 21:30:00+00:00,22.054,DANGER,18.45,19.84,23.07,16.79416667,80.07305556,KRSNWDP_2026-01-14T21:30:00+0000_22.0540,13466,13466,CWC,36,Telangana,514,NALGONDA,MEDLACHERUVU,-,-,Krishna,Krishna,-,-,-,Krishna,Yes,22.0540,40.00
KRSNWDP,Krishna at Wadenepally,Krishna,2026-01-14 22:30:00+00:00,22.054,DANGER,18.45,19.84,23.07,16.79416667,80.07305556,KRSNWDP_2026-01-14T22:30:00+0000_22.0540,13467,13467,CWC,36,Telangana,514,NALGONDA,MEDLACHERUVU,-,-,Krishna,Krishna,-,-,-,Krishna,Yes,22.0540,40.00
KRSNWDP,Krishna at Wadenepally,Krishna,2026-01-14 23:30:00+00:00,22.054,DANGER,18.45,19.84,23.07,16.79416667,80.07305556,KRSNWDP_2026-01-14T23:30:00+0000_22.0540,13468,13468,CWC,36,Telangana,514,NALGONDA,MEDLACHERUVU,-,-,Krishna,Krishna,-,-,-,Krishna,Yes,22.0540,40.00
KRSNWDP,Krishna at Wadenepally,Krishna,2026-01-15 00:30:00+00:00,22.054,DANGER,18.45,19.84,23.07,16.79416667,80.07305556,KRSNWDP_2026-01-15T00:30:00+0000_22.0540,13469,13469,CWC,36,Telangana,514,NALGONDA,MEDLACHERUVU,-,-,Krishna,Krishna,-,-,-,Krishna,Yes,22.0540,40.00
KRSNWDP,Krishna at Wadenepally,Krishna,2026-01-15 01:30:00+00:00,22.054,DANGER,18.45,19.84,23.07,16.79416667,80.07305556,KRSNWDP_2026-01-15T01:30:00+0000_22.0540,13470,13470,CWC,36,Telangana,514,NALGONDA,MEDLACHERUVU,-,-,Krishna,Krishna,-,-,-,Krishna,Yes,22.0540,40.00
KRSNWDP,Krishna at Wadenepally,Krishna,2026-01-15 02:30:00+00:00,22.054,DANGER,18.45,19.84,23.07,16.79416667,80.07305556,KRSNWDP_2026-01-15T02:30:00+0000_22.0540,13471,13471,CWC,36,Telangana,514,NALGONDA,MEDLACHERUVU,-,-,Krishna,Krishna,-,-,-,Krishna,Yes,22.0540,40.00
KRSNWDP,Krishna at Wadenepally,Krishna,2026-01-15 03:30:00+00:00,22.054,DANGER,18.45,19.84,23.07,16.79416667,80.07305556,KRSNWDP_2026-01-15T03:30:00+0000_22.0540,13472,13472,CWC,36,Telangana,514,NALGONDA,MEDLACHERUVU,-,-,Krishna,Krishna,-,-,-,Krishna,Yes,22.0540,40.00
KRSNWDP,Krishna at Wadenepally,Krishna,2026-01-19 17:30:00+00:00,22.054,DANGER,18.45,19.84,23.07,16.79416667,80.07305556,KRSNWDP_2026-01-19T17:30:00+0000_22.0540,13473,13473,CWC,36,Telangana,514,NALGONDA,MEDLACHERUVU,-,-,Krishna,Krishna,-,-,-,Krishna,Yes,22.0540,40.00
KRSNWDP,Krishna at Wadenepally,Krishna,2026-01-19 18:30:00+00:00,22.054,DANGER,18.45,19.84,23.07,16.79416667,80.07305556,KRSNWDP_2026-01-19T18:30:00+0000_22.0540,13474,13474,CWC,36,Telangana,514,NALGONDA,MEDLACHERUVU,-,-,Krishna,Krishna,-,-,-,Krishna,Yes,22.0540,40.00
KRSNWDP,Krishna at Wadenepally,Krishna,2026-01-19 19:30:00+00:00,22.054,DANGER,18.45,19.84,23.07,16.79416667,80.07305556,KRSNWDP_2026-01-19T19:30:00+0000_22.0540,13475,13475,CWC,36,Telangana,514,NALGONDA,MEDLACHERUVU,-,-,Krishna,Krishna,-,-,-,Krishna,Yes,22.0540,40.00
KRSNWDP,Krishna at Wadenepally,Krishna,2026-01-19 20:30:00+00:00,22.054,DANGER,18.45,19.84,23.07,16.79416667,80.07305556,KRSNWDP_2026-01-19T20:30:00+0000_22.0540,13476,13476,CWC,36,Telangana,514,NALGONDA,MEDLACHERUVU,-,-,Krishna,Krishna,-,-,-,Krishna,Yes,22.0540,40.00
KRSNWDP,Krishna at Wadenepally,Krishna,2026-01-19 21:30:00+00:00,22.054,DANGER,18.45,19.84,23.07,16.79416667,80.07305556,KRSNWDP_2026-01-19T21:30:00+0000_22.0540,13477,13477,CWC,36,Telangana,514,NALGONDA,MEDLACHERUVU,-,-,Krishna,Krishna,-,-,-,Krishna,Yes,22.0540,40.00
KRSNWDP,Krishna at Wadenepally,Krishna,2026-01-19 22:30:00+00:00,22.054,DANGER,18.45,19.84,23.07,16.79416667,80.07305556,KRSNWDP_2026-01-19T22:30:00+0000_22.0540,13478,13478,CWC,36,Telangana,514,NALGONDA,MEDLACHERUVU,-,-,Krishna,Krishna,-,-,-,Krishna,Yes,22.0540,40.00
KRSNWDP,Krishna at Wadenepally,Krishna,2026-01-19 23:30:00+00:00,22.054,DANGER,18.45,19.84,23.07,16.79416667,80.07305556,KRSNWDP_2026-01-19T23:30:00+0000_22.0540,13479,13479,CWC,36,Telangana,514,NALGONDA,MEDLACHERUVU,-,-,Krishna,Krishna,-,-,-,Krishna,Yes,22.0540,40.00
KRSNWDP,Krishna at Wadenepally,Krishna,2026-01-20 00:30:00+00:00,22.054,DANGER,18.45,19.84,23.07,16.79416667,80.07305556,KRSNWDP_2026-01-20T00:30:00+0000_22.0540,13480,13480,CWC,36,Telangana,514,NALGONDA,MEDLACHERUVU,-,-,Krishna,Krishna,-,-,-,Krishna,Yes,22.0540,40.00
KRSNWDP,Krishna at Wadenepally,Krishna,2026-01-20 01:30:00+00:00,22.054,DANGER,18.45,19.84,23.07,16.79416667,80.07305556,KRSNWDP_2026-01-20T01:30:00+0000_22.0540,13481,13481,CWC,36,Telangana,514,NALGONDA,MEDLACHERUVU,-,-,Krishna,Krishna,-,-,-,Krishna,Yes,22.0540,40.00
KRSNWDP,Krishna at Wadenepally,Krishna,2026-01-20 02:30:00+00:00,22.054,DANGER,18.45,19.84,23.07,16.79416667,80.07305556,KRSNWDP_2026-01-20T02:30:00+0000_22.0540,13482,13482,CWC,36,Telangana,514,NALGONDA,MEDLACHERUVU,-,-,Krishna,Krishna,-,-,-,Krishna,Yes,22.0540,40.00
KRSNWDP,Krishna at Wadenepally,Krishna,2026-01-20 03:30:00+00:00,22.054,DANGER,18.45,19.84,23.07,16.79416667,80.07305556,KRSNWDP_2026-01-20T03:30:00+0000_22.0540,13483,13483,CWC,36,Telangana,514,NALGONDA,MEDLACHERUVU,-,-,Krishna,Krishna,-,-,-,Krishna,Yes,22.0540,40.00
KRSNWDP,Krishna at Wadenepally,Krishna,2026-01-20 04:30:00+00:00,22.054,DANGER,18.45,19.84,23.07,16.79416667,80.07305556,KRSNWDP_2026-01-20T04:30:00+0000_22.0540,13484,13484,CWC,36,Telangana,514,NALGONDA,MEDLACHERUVU,-,-,Krishna,Krishna,-,-,-,Krishna,Yes,22.0540,40.00
KRSNWDP,Krishna at Wadenepally,Krishna,2026-01-20 05:30:00+00:00,22.054,DANGER,18.45,19.84,23.07,16.79416667,80.07305556,KRSNWDP_2026-01-20T05:30:00+0000_22.0540,13485,13485,CWC,36,Telangana,514,NALGONDA,MEDLACHERUVU,-,-,Krishna,Krishna,-,-,-,Krishna,Yes,22.0540,40.00
KRSNWDP,Krishna at Wadenepally,Krishna,2026-01-20 06:30:00+00:00,22.054,DANGER,18.45,19.84,23.07,16.79416667,80.07305556,KRSNWDP_2026-01-20T06:30:00+0000_22.0540,13486,13486,CWC,36,Telangana,514,NALGONDA,MEDLACHERUVU,-,-,Krishna,Krishna,-,-,-,Krishna,Yes,22.0540,40.00
KRSNWDP,Krishna at Wadenepally,Krishna,2026-01-20 07:30:00+00:00,22.054,DANGER,18.45,19.84,23.07,16.79416667,80.07305556,KRSNWDP_2026-01-20T07:30:00+0000_22.0540,13487,13487,CWC,36,Telangana,514,NALGONDA,MEDLACHERUVU,-,-,Krishna,Krishna,-,-,-,Krishna,Yes,22.0540,40.00
KRSNWDP,Krishna at Wadenepally,Krishna,2026-01-20 08:30:00+00:00,22.054,DANGER,18.45,19.84,23.07,16.79416667,80.07305556,KRSNWDP_2026-01-20T08:30:00+0000_22.0540,13488,13488,CWC,36,Telangana,514,NALGONDA,MEDLACHERUVU,-,-,Krishna,Krishna,-,-,-,Krishna,Yes,22.0540,40.00
KRSNWDP,Krishna at Wadenepally,Krishna,2026-01-20 09:30:00+00:00,22.054,DANGER,18.45,19.84,23.07,16.79416667,80.07305556,KRSNWDP_2026-01-20T09:30:00+0000_22.0540,13489,13489,CWC,36,Telangana,514,NALGONDA,MEDLACHERUVU,-,-,Krishna,Krishna,-,-,-,Krishna,Yes,22.0540,40.00
KRSNWDP,Krishna at Wadenepally,Krishna,2026-01-20 10:30:00+00:00,22.054,DANGER,18.45,19.84,23.07,16.79416667,80.07305556,KRSNWDP_2026-01-20T10:30:00+0000_22.0540,13490,13490,CWC,36,Telangana,514,NALGONDA,MEDLACHERUVU,-,-,Krishna,Krishna,-,-,-,Krishna,Yes,22.0540,40.00
KRSNWDP,Krishna at Wadenepally,Krishna,2026-01-20 11:30:00+00:00,22.054,DANGER,18.45,19.84,23.07,16.79416667,80.07305556,KRSNWDP_2026-01-20T11:30:00+0000_22.0540,13491,13491,CWC,36,Telangana,514,NALGONDA,MEDLACHERUVU,-,-,Krishna,Krishna,-,-,-,Krishna,Yes,22.0540,40.00
KRSNWDP,Krishna at Wadenepally,Krishna,2026-01-20 12:30:00+00:00,22.054,DANGER,18.45,19.84,23.07,16.79416667,80.07305556,KRSNWDP_2026-01-20T12:30:00+0000_22.0540,13492,13492,CWC,36,Telangana,514,NALGONDA,MEDLACHERUVU,-,-,Krishna,Krishna,-,-,-,Krishna,Yes,22.0540,40.00
KRSNWDP,Krishna at Wadenepally,Krishna,2026-01-20 13:30:00+00:00,22.054,DANGER,18.45,19.84,23.07,16.79416667,80.07305556,KRSNWDP_2026-01-20T13:30:00+0000_22.0540,13493,13493,CWC,36,Telangana,514,NALGONDA,MEDLACHERUVU,-,-,Krishna,Krishna,-,-,-,Krishna,Yes,22.0540,40.00
KRSNWDP,Krishna at Wadenepally,Krishna,2026-01-20 14:30:00+00:00,22.054,DANGER,18.45,19.84,23.07,16.79416667,80.07305556,KRSNWDP_2026-01-20T14:30:00+0000_22.0540,13494,13494,CWC,36,Telangana,514,NALGONDA,MEDLACHERUVU,-,-,Krishna,Krishna,-,-,-,Krishna,Yes,22.0540,40.00
KRSNWDP,Krishna at Wadenepally,Krishna,2026-01-20 15:30:00+00:00,22.054,DANGER,18.45,19.84,23.07,16.79416667,80.07305556,KRSNWDP_2026-01-20T15:30:00+0000_22.0540,13495,13495,CWC,36,Telangana,514,NALGONDA,MEDLACHERUVU,-,-,Krishna,Krishna,-,-,-,Krishna,Yes,22.0540,40.00
KRSNWDP,Krishna at Wadenepally,Krishna,2026-01-20 16:30:00+00:00,22.054,DANGER,18.45,19.84,23.07,16.79416667,80.07305556,KRSNWDP_2026-01-20T16:30:00+0000_22.0540,13496,13496,CWC,36,Telangana,514,NALGONDA,MEDLACHERUVU,-,-,Krishna,Krishna,-,-,-,Krishna,Yes,22.0540,40.00
KRSNWDP,Krishna at Wadenepally,Krishna,2026-01-20 17:30:00+00:00,22.054,DANGER,18.45,19.84,23.07,16.79416667,80.07305556,KRSNWDP_2026-01-20T17:30:00+0000_22.0540,13497,13497,CWC,36,Telangana,514,NALGONDA,MEDLACHERUVU,-,-,Krishna,Krishna,-,-,-,Krishna,Yes,22.0540,40.00
KRSNWDP,Krishna at Wadenepally,Krishna,2026-01-20 18:30:00+00:00,22.054,DANGER,18.45,19.84,23.07,16.79416667,80.07305556,KRSNWDP_2026-01-20T18:30:00+0000_22.0540,13498,13498,CWC,36,Telangana,514,NALGONDA,MEDLACHERUVU,-,-,Krishna,Krishna,-,-,-,Krishna,Yes,22.0540,40.00
KRSNWDP,Krishna at Wadenepally,Krishna,2026-01-20 19:30:00+00:00,22.054,DANGER,18.45,19.84,23.07,16.79416667,80.07305556,KRSNWDP_2026-01-20T19:30:00+0000_22.0540,13499,13499,CWC,36,Telangana,514,NALGONDA,MEDLACHERUVU,-,-,Krishna,Krishna,-,-,-,Krishna,Yes,22.0540,40.00
KRSNWDP,Krishna at Wadenepally,Krishna,2026-01-20 20:30:00+00:00,22.054,DANGER,18.45,19.84,23.07,16.79416667,80.07305556,KRSNWDP_2026-01-20T20:30:00+0000_22.0540,13500,13500,CWC,36,Telangana,514,NALGONDA,MEDLACHERUVU,-,-,Krishna,Krishna,-,-,-,Krishna,Yes,22.0540,40.00
KRSNWDP,Krishna at Wadenepally,Krishna,2026-01-20 21:30:00+00:00,22.054,DANGER,18.45,19.84,23.07,16.79416667,80.07305556,KRSNWDP_2026-01-20T21:30:00+0000_22.0540,13501,13501,CWC,36,Telangana,514,NALGONDA,MEDLACHERUVU,-,-,Krishna,Krishna,-,-,-,Krishna,Yes,22.0540,40.00
KRSNWDP,Krishna at Wadenepally,Krishna,2026-01-20 22:30:00+00:00,22.054,DANGER,18.45,19.84,23.07,16.79416667,80.07305556,KRSNWDP_2026-01-20T22:30:00+0000_22.0540,13502,13502,CWC,36,Telangana,514,NALGONDA,MEDLACHERUVU,-,-,Krishna,Krishna,-,-,-,Krishna,Yes,22.0540,40.00
KRSNWDP,Krishna at Wadenepally,Krishna,2026-01-20 23:30:00+00:00,22.054,DANGER,18.45,19.84,23.07,16.79416667,80.07305556,KRSNWDP_2026-01-20T23:30:00+0000_22.0540,13503,13503,CWC,36,Telangana,514,NALGONDA,MEDLACHERUVU,-,-,Krishna,Krishna,-,-,-,Krishna,Yes,22.0540,40.00
KRSNWDP,Krishna at Wadenepally,Krishna,2026-01-21 00:30:00+00:00,22.054,DANGER,18.45,19.84,23.07,16.79416667,80.07305556,KRSNWDP_2026-01-21T00:30:00+0000_22.0540,13504,13504,CWC,36,Telangana,514,NALGONDA,MEDLACHERUVU,-,-,Krishna,Krishna,-,-,-,Krishna,Yes,22.0540,40.00
KRSNWDP,Krishna at Wadenepally,Krishna,2026-01-21 01:30:00+00:00,22.054,DANGER,18.45,19.84,23.07,16.79416667,80.07305556,KRSNWDP_2026-01-21T01:30:00+0000_22.0540,13505,13505,CWC,36,Telangana,514,NALGONDA,MEDLACHERUVU,-,-,Krishna,Krishna,-,-,-,Krishna,Yes,22.0540,40.00
KRSNWDP,Krishna at Wadenepally,Krishna,2026-01-21 02:30:00+00:00,22.054,DANGER,18.45,19.84,23.07,16.79416667,80.07305556,KRSNWDP_2026-01-21T02:30:00+0000_22.0540,13506,13506,CWC,36,Telangana,514,NALGONDA,MEDLACHERUVU,-,-,Krishna,Krishna,-,-,-,Krishna,Yes,22.0540,40.00
KRSNWDP,Krishna at Wadenepally,Krishna,2026-01-21 03:30:00+00:00,22.054,DANGER,18.45,19.84,23.07,16.79416667,80.07305556,KRSNWDP_2026-01-21T03:30:00+0000_22.0540,13507,13507,CWC,36,Telangana,514,NALGONDA,MEDLACHERUVU,-,-,Krishna,Krishna,-,-,-,Krishna,Yes,22.0540,40.00
KRSNWDP,Krishna at Wadenepally,Krishna,2026-01-27 18:30:00+00:00,22.054,DANGER,18.45,19.84,23.07,16.79416667,80.07305556,KRSNWDP_2026-01-27T18:30:00+0000_22.0540,13508,13508,CWC,36,Telangana,514,NALGONDA,MEDLACHERUVU,-,-,Krishna,Krishna,-,-,-,Krishna,Yes,22.0540,40.00
KRSNWDP,Krishna at Wadenepally,Krishna,2026-01-27 19:30:00+00:00,22.054,DANGER,18.45,19.84,23.07,16.79416667,80.07305556,KRSNWDP_2026-01-27T19:30:00+0000_22.0540,13509,13509,CWC,36,Telangana,514,NALGONDA,MEDLACHERUVU,-,-,Krishna,Krishna,-,-,-,Krishna,Yes,22.0540,40.00
KRSNWDP,Krishna at Wadenepally,Krishna,2026-01-27 20:30:00+00:00,22.054,DANGER,18.45,19.84,23.07,16.79416667,80.07305556,KRSNWDP_2026-01-27T20:30:00+0000_22.0540,13510,13510,CWC,36,Telangana,514,NALGONDA,MEDLACHERUVU,-,-,Krishna,Krishna,-,-,-,Krishna,Yes,22.0540,40.00
KRSNWDP,Krishna at Wadenepally,Krishna,2026-01-27 21:30:00+00:00,22.054,DANGER,18.45,19.84,23.07,16.79416667,80.07305556,KRSNWDP_2026-01-27T21:30:00+0000_22.0540,13511,13511,CWC,36,Telangana,514,NALGONDA,MEDLACHERUVU,-,-,Krishna,Krishna,-,-,-,Krishna,Yes,22.0540,40.00
KRSNWDP,Krishna at Wadenepally,Krishna,2026-01-27 22:30:00+00:00,22.054,DANGER,18.45,19.84,23.07,16.79416667,80.07305556,KRSNWDP_2026-01-27T22:30:00+0000_22.0540,13512,13512,CWC,36,Telangana,514,NALGONDA,MEDLACHERUVU,-,-,Krishna,Krishna,-,-,-,Krishna,Yes,22.0540,40.00
KRSNWDP,Krishna at Wadenepally,Krishna,2026-01-27 23:30:00+00:00,22.054,DANGER,18.45,19.84,23.07,16.79416667,80.07305556,KRSNWDP_2026-01-27T23:30:00+0000_22.0540,13513,13513,CWC,36,Telangana,514,NALGONDA,MEDLACHERUVU,-,-,Krishna,Krishna,-,-,-,Krishna,Yes,22.0540,40.00
KRSNWDP,Krishna at Wadenepally,Krishna,2026-01-28 00:30:00+00:00,22.054,DANGER,18.45,19.84,23.07,16.79416667,80.07305556,KRSNWDP_2026-01-28T00:30:00+0000_22.0540,13514,13514,CWC,36,Telangana,514,NALGONDA,MEDLACHERUVU,-,-,Krishna,Krishna,-,-,-,Krishna,Yes,22.0540,40.00
KRSNWDP,Krishna at Wadenepally,Krishna,2026-01-28 01:30:00+00:00,22.054,DANGER,18.45,19.84,23.07,16.79416667,80.07305556,KRSNWDP_2026-01-28T01:30:00+0000_22.0540,13515,13515,CWC,36,Telangana,514,NALGONDA,MEDLACHERUVU,-,-,Krishna,Krishna,-,-,-,Krishna,Yes,22.0540,40.00
KRSNWDP,Krishna at Wadenepally,Krishna,2026-01-28 02:30:00+00:00,22.241,DANGER,18.45,19.84,23.07,16.79416667,80.07305556,KRSNWDP_2026-01-28T02:30:00+0000_22.2410,13516,13516,CWC,36,Telangana,514,NALGONDA,MEDLACHERUVU,-,-,Krishna,Krishna,-,-,-,Krishna,Yes,22.0540,40.00
KRSNWDP,Krishna at Wadenepally,Krishna,2026-01-28 03:30:00+00:00,22.241,DANGER,18.45,19.84,23.07,16.79416667,80.07305556,KRSNWDP_2026-01-28T03:30:00+0000_22.2410,13517,13517,CWC,36,Telangana,514,NALGONDA,MEDLACHERUVU,-,-,Krishna,Krishna,-,-,-,Krishna,Yes,22.0540,40.00
KRSNWDP,Krishna at Wadenepally,Krishna,2026-01-28 04:30:00+00:00,22.054,DANGER,18.45,19.84,23.07,16.79416667,80.07305556,KRSNWDP_2026-01-28T04:30:00+0000_22.0540,13518,13518,CWC,36,Telangana,514,NALGONDA,MEDLACHERUVU,-,-,Krishna,Krishna,-,-,-,Krishna,Yes,22.0540,40.00
KRSNWDP,Krishna at Wadenepally,Krishna,2026-01-28 05:30:00+00:00,22.054,DANGER,18.45,19.84,23.07,16.79416667,80.07305556,KRSNWDP_2026-01-28T05:30:00+0000_22.0540,13519,13519,CWC,36,Telangana,514,NALGONDA,MEDLACHERUVU,-,-,Krishna,Krishna,-,-,-,Krishna,Yes,22.0540,40.00
KRSNWDP,Krishna at Wadenepally,Krishna,2026-01-28 06:30:00+00:00,22.054,DANGER,18.45,19.84,23.07,16.79416667,80.07305556,KRSNWDP_2026-01-28T06:30:00+0000_22.0540,13520,13520,CWC,36,Telangana,514,NALGONDA,MEDLACHERUVU,-,-,Krishna,Krishna,-,-,-,Krishna,Yes,22.0540,40.00
KRSNWDP,Krishna at Wadenepally,Krishna,2026-01-28 07:30:00+00:00,22.054,DANGER,18.45,19.84,23.07,16.79416667,80.07305556,KRSNWDP_2026-01-28T07:30:00+0000_22.0540,13521,13521,CWC,36,Telangana,514,NALGONDA,MEDLACHERUVU,-,-,Krishna,Krishna,-,-,-,Krishna,Yes,22.0540,40.00
KRSNWDP,Krishna at Wadenepally,Krishna,2026-01-28 08:30:00+00:00,22.054,DANGER,18.45,19.84,23.07,16.79416667,80.07305556,KRSNWDP_2026-01-28T08:30:00+0000_22.0540,13522,13522,CWC,36,Telangana,514,NALGONDA,MEDLACHERUVU,-,-,Krishna,Krishna,-,-,-,Krishna,Yes,22.0540,40.00
KRSNWDP,Krishna at Wadenepally,Krishna,2026-01-28 09:30:00+00:00,22.054,DANGER,18.45,19.84,23.07,16.79416667,80.07305556,KRSNWDP_2026-01-28T09:30:00+0000_22.0540,13523,13523,CWC,36,Telangana,514,NALGONDA,MEDLACHERUVU,-,-,Krishna,Krishna,-,-,-,Krishna,Yes,22.0540,40.00
KRSNWDP,Krishna at Wadenepally,Krishna,2026-01-28 10:30:00+00:00,22.054,DANGER,18.45,19.84,23.07,16.79416667,80.07305556,KRSNWDP_2026-01-28T10:30:00+0000_22.0540,13524,13524,CWC,36,Telangana,514,NALGONDA,MEDLACHERUVU,-,-,Krishna,Krishna,-,-,-,Krishna,Yes,22.0540,40.00
KRSNWDP,Krishna at Wadenepally,Krishna,2026-01-28 11:30:00+00:00,22.054,DANGER,18.45,19.84,23.07,16.79416667,80.07305556,KRSNWDP_2026-01-28T11:30:00+0000_22.0540,13525,13525,CWC,36,Telangana,514,NALGONDA,MEDLACHERUVU,-,-,Krishna,Krishna,-,-,-,Krishna,Yes,22.0540,40.00
KRSNWDP,Krishna at Wadenepally,Krishna,2026-01-28 12:30:00+00:00,22.054,DANGER,18.45,19.84,23.07,16.79416667,80.07305556,KRSNWDP_2026-01-28T12:30:00+0000_22.0540,13526,13526,CWC,36,Telangana,514,NALGONDA,MEDLACHERUVU,-,-,Krishna,Krishna,-,-,-,Krishna,Yes,22.0540,40.00
KRSNWDP,Krishna at Wadenepally,Krishna,2026-01-28 13:30:00+00:00,22.054,DANGER,18.45,19.84,23.07,16.79416667,80.07305556,KRSNWDP_2026-01-28T13:30:00+0000_22.0540,13527,13527,CWC,36,Telangana,514,NALGONDA,MEDLACHERUVU,-,-,Krishna,Krishna,-,-,-,Krishna,Yes,22.0540,40.00
KRSNWDP,Krishna at Wadenepally,Krishna,2026-01-28 14:30:00+00:00,22.054,DANGER,18.45,19.84,23.07,16.79416667,80.07305556,KRSNWDP_2026-01-28T14:30:00+0000_22.0540,13528,13528,CWC,36,Telangana,514,NALGONDA,MEDLACHERUVU,-,-,Krishna,Krishna,-,-,-,Krishna,Yes,22.0540,40.00
KRSNWDP,Krishna at Wadenepally,Krishna,2026-01-28 15:30:00+00:00,22.054,DANGER,18.45,19.84,23.07,16.79416667,80.07305556,KRSNWDP_2026-01-28T15:30:00+0000_22.0540,13529,13529,CWC,36,Telangana,514,NALGONDA,MEDLACHERUVU,-,-,Krishna,Krishna,-,-,-,Krishna,Yes,22.0540,40.00
KRSNWDP,Krishna at Wadenepally,Krishna,2026-01-28 16:30:00+00:00,22.054,DANGER,18.45,19.84,23.07,16.79416667,80.07305556,KRSNWDP_2026-01-28T16:30:00+0000_22.0540,13530,13530,CWC,36,Telangana,514,NALGONDA,MEDLACHERUVU,-,-,Krishna,Krishna,-,-,-,Krishna,Yes,22.0540,40.00
KRSNWDP,Krishna at Wadenepally,Krishna,2026-01-28 17:30:00+00:00,22.054,DANGER,18.45,19.84,23.07,16.79416667,80.07305556,KRSNWDP_2026-01-28T17:30:00+0000_22.0540,13531,13531,CWC,36,Telangana,514,NALGONDA,MEDLACHERUVU,-,-,Krishna,Krishna,-,-,-,Krishna,Yes,22.0540,40.00
KRSNWDP,Krishna at Wadenepally,Krishna,2026-01-28 18:30:00+00:00,22.054,DANGER,18.45,19.84,23.07,16.79416667,80.07305556,KRSNWDP_2026-01-28T18:30:00+0000_22.0540,13532,13532,CWC,36,Telangana,514,NALGONDA,MEDLACHERUVU,-,-,Krishna,Krishna,-,-,-,Krishna,Yes,22.0540,40.00
KRSNWDP,Krishna at Wadenepally,Krishna,2026-01-28 19:30:00+00:00,22.054,DANGER,18.45,19.84,23.07,16.79416667,80.07305556,KRSNWDP_2026-01-28T19:30:00+0000_22.0540,13533,13533,CWC,36,Telangana,514,NALGONDA,MEDLACHERUVU,-,-,Krishna,Krishna,-,-,-,Krishna,Yes,22.0540,40.00
KRSNWDP,Krishna at Wadenepally,Krishna,2026-01-28 20:30:00+00:00,22.054,DANGER,18.45,19.84,23.07,16.79416667,80.07305556,KRSNWDP_2026-01-28T20:30:00+0000_22.0540,13534,13534,CWC,36,Telangana,514,NALGONDA,MEDLACHERUVU,-,-,Krishna,Krishna,-,-,-,Krishna,Yes,22.0540,40.00
KRSNWDP,Krishna at Wadenepally,Krishna,2026-01-28 21:30:00+00:00,22.054,DANGER,18.45,19.84,23.07,16.79416667,80.07305556,KRSNWDP_2026-01-28T21:30:00+0000_22.0540,13535,13535,CWC,36,Telangana,514,NALGONDA,MEDLACHERUVU,-,-,Krishna,Krishna,-,-,-,Krishna,Yes,22.0540,40.00
KRSNWDP,Krishna at Wadenepally,Krishna,2026-01-28 22:30:00+00:00,22.054,DANGER,18.45,19.84,23.07,16.79416667,80.07305556,KRSNWDP_2026-01-28T22:30:00+0000_22.0540,13536,13536,CWC,36,Telangana,514,NALGONDA,MEDLACHERUVU,-,-,Krishna,Krishna,-,-,-,Krishna,Yes,22.0540,40.00
KRSNWDP,Krishna at Wadenepally,Krishna,2026-01-28 23:30:00+00:00,22.054,DANGER,18.45,19.84,23.07,16.79416667,80.07305556,KRSNWDP_2026-01-28T23:30:00+0000_22.0540,13537,13537,CWC,36,Telangana,514,NALGONDA,MEDLACHERUVU,-,-,Krishna,Krishna,-,-,-,Krishna,Yes,22.0540,40.00
KRSNWDP,Krishna at Wadenepally,Krishna,2026-01-29 00:30:00+00:00,22.054,DANGER,18.45,19.84,23.07,16.79416667,80.07305556,KRSNWDP_2026-01-29T00:30:00+0000_22.0540,13538,13538,CWC,36,Telangana,514,NALGONDA,MEDLACHERUVU,-,-,Krishna,Krishna,-,-,-,Krishna,Yes,22.0540,40.00
KRSNWDP,Krishna at Wadenepally,Krishna,2026-01-29 02:30:00+00:00,22.054,DANGER,18.45,19.84,23.07,16.79416667,80.07305556,KRSNWDP_2026-01-29T02:30:00+0000_22.0540,13539,13539,CWC,36,Telangana,514,NALGONDA,MEDLACHERUVU,-,-,Krishna,Krishna,-,-,-,Krishna,Yes,22.0540,40.00
KRSNWDP,Krishna at Wadenepally,Krishna,2026-01-29 03:30:00+00:00,22.054,DANGER,18.45,19.84,23.07,16.79416667,80.07305556,KRSNWDP_2026-01-29T03:30:00+0000_22.0540,13540,13540,CWC,36,Telangana,514,NALGONDA,MEDLACHERUVU,-,-,Krishna,Krishna,-,-,-,Krishna,Yes,22.0540,40.00
KRSNWDP,Krishna at Wadenepally,Krishna,2026-01-29 05:30:00+00:00,22.054,DANGER,18.45,19.84,23.07,16.79416667,80.07305556,KRSNWDP_2026-01-29T05:30:00+0000_22.0540,13541,13541,CWC,36,Telangana,514,NALGONDA,MEDLACHERUVU,-,-,Krishna,Krishna,-,-,-,Krishna,Yes,22.0540,40.00
KRSNWDP,Krishna at Wadenepally,Krishna,2026-01-29 06:30:00+00:00,22.054,DANGER,18.45,19.84,23.07,16.79416667,80.07305556,KRSNWDP_2026-01-29T06:30:00+0000_22.0540,13542,13542,CWC,36,Telangana,514,NALGONDA,MEDLACHERUVU,-,-,Krishna,Krishna,-,-,-,Krishna,Yes,22.0540,40.00
KRSNWDP,Krishna at Wadenepally,Krishna,2026-01-29 07:30:00+00:00,22.054,DANGER,18.45,19.84,23.07,16.79416667,80.07305556,KRSNWDP_2026-01-29T07:30:00+0000_22.0540,13543,13543,CWC,36,Telangana,514,NALGONDA,MEDLACHERUVU,-,-,Krishna,Krishna,-,-,-,Krishna,Yes,22.0540,40.00
KRSNWDP,Krishna at Wadenepally,Krishna,2026-01-29 08:30:00+00:00,22.054,DANGER,18.45,19.84,23.07,16.79416667,80.07305556,KRSNWDP_2026-01-29T08:30:00+0000_22.0540,13544,13544,CWC,36,Telangana,514,NALGONDA,MEDLACHERUVU,-,-,Krishna,Krishna,-,-,-,Krishna,Yes,22.0540,40.00
KRSNWDP,Krishna at Wadenepally,Krishna,2026-01-29 09:30:00+00:00,22.054,DANGER,18.45,19.84,23.07,16.79416667,80.07305556,KRSNWDP_2026-01-29T09:30:00+0000_22.0540,13545,13545,CWC,36,Telangana,514,NALGONDA,MEDLACHERUVU,-,-,Krishna,Krishna,-,-,-,Krishna,Yes,22.0540,40.00
KRSNWDP,Krishna at Wadenepally,Krishna,2026-01-29 10:30:00+00:00,22.054,DANGER,18.45,19.84,23.07,16.79416667,80.07305556,KRSNWDP_2026-01-29T10:30:00+0000_22.0540,13546,13546,CWC,36,Telangana,514,NALGONDA,MEDLACHERUVU,-,-,Krishna,Krishna,-,-,-,Krishna,Yes,22.0540,40.00
KRSNWDP,Krishna at Wadenepally,Krishna,2026-01-29 11:30:00+00:00,22.054,DANGER,18.45,19.84,23.07,16.79416667,80.07305556,KRSNWDP_2026-01-29T11:30:00+0000_22.0540,13547,13547,CWC,36,Telangana,514,NALGONDA,MEDLACHERUVU,-,-,Krishna,Krishna,-,-,-,Krishna,Yes,22.0540,40.00
KRSNWDP,Krishna at Wadenepally,Krishna,2026-01-29 12:30:00+00:00,22.054,DANGER,18.45,19.84,23.07,16.79416667,80.07305556,KRSNWDP_2026-01-29T12:30:00+0000_22.0540,13548,13548,CWC,36,Telangana,514,NALGONDA,MEDLACHERUVU,-,-,Krishna,Krishna,-,-,-,Krishna,Yes,22.0540,40.00
KRSNWDP,Krishna at Wadenepally,Krishna,2026-01-29 13:30:00+00:00,22.054,DANGER,18.45,19.84,23.07,16.79416667,80.07305556,KRSNWDP_2026-01-29T13:30:00+0000_22.0540,13549,13549,CWC,36,Telangana,514,NALGONDA,MEDLACHERUVU,-,-,Krishna,Krishna,-,-,-,Krishna,Yes,22.0540,40.00
KRSNWDP,Krishna at Wadenepally,Krishna,2026-01-29 14:30:00+00:00,22.054,DANGER,18.45,19.84,23.07,16.79416667,80.07305556,KRSNWDP_2026-01-29T14:30:00+0000_22.0540,13550,13550,CWC,36,Telangana,514,NALGONDA,MEDLACHERUVU,-,-,Krishna,Krishna,-,-,-,Krishna,Yes,22.0540,40.00
KRSNWDP,Krishna at Wadenepally,Krishna,2026-01-29 15:30:00+00:00,22.054,DANGER,18.45,19.84,23.07,16.79416667,80.07305556,KRSNWDP_2026-01-29T15:30:00+0000_22.0540,13551,13551,CWC,36,Telangana,514,NALGONDA,MEDLACHERUVU,-,-,Krishna,Krishna,-,-,-,Krishna,Yes,22.0540,40.00
KRSNWDP,Krishna at Wadenepally,Krishna,2026-01-29 16:30:00+00:00,22.054,DANGER,18.45,19.84,23.07,16.79416667,80.07305556,KRSNWDP_2026-01-29T16:30:00+0000_22.0540,13552,13552,CWC,36,Telangana,514,NALGONDA,MEDLACHERUVU,-,-,Krishna,Krishna,-,-,-,Krishna,Yes,22.0540,40.00
KRSNWDP,Krishna at Wadenepally,Krishna,2026-01-29 17:30:00+00:00,22.054,DANGER,18.45,19.84,23.07,16.79416667,80.07305556,KRSNWDP_2026-01-29T17:30:00+0000_22.0540,13553,13553,CWC,36,Telangana,514,NALGONDA,MEDLACHERUVU,-,-,Krishna,Krishna,-,-,-,Krishna,Yes,22.0540,40.00
KRSNWDP,Krishna at Wadenepally,Krishna,2026-01-29 18:30:00+00:00,22.054,DANGER,18.45,19.84,23.07,16.79416667,80.07305556,KRSNWDP_2026-01-29T18:30:00+0000_22.0540,13554,13554,CWC,36,Telangana,514,NALGONDA,MEDLACHERUVU,-,-,Krishna,Krishna,-,-,-,Krishna,Yes,22.0540,40.00
KRSNWDP,Krishna at Wadenepally,Krishna,2026-01-29 19:30:00+00:00,22.054,DANGER,18.45,19.84,23.07,16.79416667,80.07305556,KRSNWDP_2026-01-29T19:30:00+0000_22.0540,13555,13555,CWC,36,Telangana,514,NALGONDA,MEDLACHERUVU,-,-,Krishna,Krishna,-,-,-,Krishna,Yes,22.0540,40.00
KRSNWDP,Krishna at Wadenepally,Krishna,2026-01-29 20:30:00+00:00,22.054,DANGER,18.45,19.84,23.07,16.79416667,80.07305556,KRSNWDP_2026-01-29T20:30:00+0000_22.0540,13556,13556,CWC,36,Telangana,514,NALGONDA,MEDLACHERUVU,-,-,Krishna,Krishna,-,-,-,Krishna,Yes,22.0540,40.00
KRSNWDP,Krishna at Wadenepally,Krishna,2026-01-29 21:30:00+00:00,22.054,DANGER,18.45,19.84,23.07,16.79416667,80.07305556,KRSNWDP_2026-01-29T21:30:00+0000_22.0540,13557,13557,CWC,36,Telangana,514,NALGONDA,MEDLACHERUVU,-,-,Krishna,Krishna,-,-,-,Krishna,Yes,22.0540,40.00
KRSNWDP,Krishna at Wadenepally,Krishna,2026-01-29 22:30:00+00:00,22.054,DANGER,18.45,19.84,23.07,16.79416667,80.07305556,KRSNWDP_2026-01-29T22:30:00+0000_22.0540,13558,13558,CWC,36,Telangana,514,NALGONDA,MEDLACHERUVU,-,-,Krishna,Krishna,-,-,-,Krishna,Yes,22.0540,40.00
KRSNWDP,Krishna at Wadenepally,Krishna,2026-01-29 23:30:00+00:00,22.054,DANGER,18.45,19.84,23.07,16.79416667,80.07305556,KRSNWDP_2026-01-29T23:30:00+0000_22.0540,13559,13559,CWC,36,Telangana,514,NALGONDA,MEDLACHERUVU,-,-,Krishna,Krishna,-,-,-,Krishna,Yes,22.0540,40.00
KRSNWDP,Krishna at Wadenepally,Krishna,2026-01-30 00:30:00+00:00,22.054,DANGER,18.45,19.84,23.07,16.79416667,80.07305556,KRSNWDP_2026-01-30T00:30:00+0000_22.0540,13560,13560,CWC,36,Telangana,514,NALGONDA,MEDLACHERUVU,-,-,Krishna,Krishna,-,-,-,Krishna,Yes,22.0540,40.00
KRSNWDP,Krishna at Wadenepally,Krishna,2026-01-30 01:30:00+00:00,22.054,DANGER,18.45,19.84,23.07,16.79416667,80.07305556,KRSNWDP_2026-01-30T01:30:00+0000_22.0540,13561,13561,CWC,36,Telangana,514,NALGONDA,MEDLACHERUVU,-,-,Krishna,Krishna,-,-,-,Krishna,Yes,22.0540,40.00
KRSNWDP,Krishna at Wadenepally,Krishna,2026-01-30 02:30:00+00:00,22.054,DANGER,18.45,19.84,23.07,16.79416667,80.07305556,KRSNWDP_2026-01-30T02:30:00+0000_22.0540,13562,13562,CWC,36,Telangana,514,NALGONDA,MEDLACHERUVU,-,-,Krishna,Krishna,-,-,-,Krishna,Yes,22.0540,40.00
KRSNWDP,Krishna at Wadenepally,Krishna,2026-01-30 03:30:00+00:00,22.054,DANGER,18.45,19.84,23.07,16.79416667,80.07305556,KRSNWDP_2026-01-30T03:30:00+0000_22.0540,13563,13563,CWC,36,Telangana,514,NALGONDA,MEDLACHERUVU,-,-,Krishna,Krishna,-,-,-,Krishna,Yes,22.0540,40.00
KRSNWDP,Krishna at Wadenepally,Krishna,2026-01-30 04:30:00+00:00,22.054,DANGER,18.45,19.84,23.07,16.79416667,80.07305556,KRSNWDP_2026-01-30T04:30:00+0000_22.0540,13564,13564,CWC,36,Telangana,514,NALGONDA,MEDLACHERUVU,-,-,Krishna,Krishna,-,-,-,Krishna,Yes,22.0540,40.00
KRSNWDP,Krishna at Wadenepally,Krishna,2026-01-30 05:30:00+00:00,22.054,DANGER,18.45,19.84,23.07,16.79416667,80.07305556,KRSNWDP_2026-01-30T05:30:00+0000_22.0540,13565,13565,CWC,36,Telangana,514,NALGONDA,MEDLACHERUVU,-,-,Krishna,Krishna,-,-,-,Krishna,Yes,22.0540,40.00
KRSNWDP,Krishna at Wadenepally,Krishna,2026-01-30 06:30:00+00:00,22.054,DANGER,18.45,19.84,23.07,16.79416667,80.07305556,KRSNWDP_2026-01-30T06:30:00+0000_22.0540,13566,13566,CWC,36,Telangana,514,NALGONDA,MEDLACHERUVU,-,-,Krishna,Krishna,-,-,-,Krishna,Yes,22.0540,40.00
KRSNWDP,Krishna at Wadenepally,Krishna,2026-01-30 07:30:00+00:00,22.054,DANGER,18.45,19.84,23.07,16.79416667,80.07305556,KRSNWDP_2026-01-30T07:30:00+0000_22.0540,13567,13567,CWC,36,Telangana,514,NALGONDA,MEDLACHERUVU,-,-,Krishna,Krishna,-,-,-,Krishna,Yes,22.0540,40.00
KRSNWDP,Krishna at Wadenepally,Krishna,2026-01-30 08:30:00+00:00,22.054,DANGER,18.45,19.84,23.07,16.79416667,80.07305556,KRSNWDP_2026-01-30T08:30:00+0000_22.0540,13568,13568,CWC,36,Telangana,514,NALGONDA,MEDLACHERUVU,-,-,Krishna,Krishna,-,-,-,Krishna,Yes,22.0540,40.00
KRSNWDP,Krishna at Wadenepally,Krishna,2026-01-30 09:30:00+00:00,22.054,DANGER,18.45,19.84,23.07,16.79416667,80.07305556,KRSNWDP_2026-01-30T09:30:00+0000_22.0540,13569,13569,CWC,36,Telangana,514,NALGONDA,MEDLACHERUVU,-,-,Krishna,Krishna,-,-,-,Krishna,Yes,22.0540,40.00
KRSNWDP,Krishna at Wadenepally,Krishna,2026-01-30 10:30:00+00:00,22.054,DANGER,18.45,19.84,23.07,16.79416667,80.07305556,KRSNWDP_2026-01-30T10:30:00+0000_22.0540,13570,13570,CWC,36,Telangana,514,NALGONDA,MEDLACHERUVU,-,-,Krishna,Krishna,-,-,-,Krishna,Yes,22.0540,40.00
KRSNWDP,Krishna at Wadenepally,Krishna,2026-01-30 11:30:00+00:00,22.054,DANGER,18.45,19.84,23.07,16.79416667,80.07305556,KRSNWDP_2026-01-30T11:30:00+0000_22.0540,13571,13571,CWC,36,Telangana,514,NALGONDA,MEDLACHERUVU,-,-,Krishna,Krishna,-,-,-,Krishna,Yes,22.0540,40.00
KRSNWDP,Krishna at Wadenepally,Krishna,2026-01-30 12:30:00+00:00,22.054,DANGER,18.45,19.84,23.07,16.79416667,80.07305556,KRSNWDP_2026-01-30T12:30:00+0000_22.0540,13572,13572,CWC,36,Telangana,514,NALGONDA,MEDLACHERUVU,-,-,Krishna,Krishna,-,-,-,Krishna,Yes,22.0540,40.00
KRSNWDP,Krishna at Wadenepally,Krishna,2026-01-30 13:30:00+00:00,22.054,DANGER,18.45,19.84,23.07,16.79416667,80.07305556,KRSNWDP_2026-01-30T13:30:00+0000_22.0540,13573,13573,CWC,36,Telangana,514,NALGONDA,MEDLACHERUVU,-,-,Krishna,Krishna,-,-,-,Krishna,Yes,22.0540,40.00
KRSNWDP,Krishna at Wadenepally,Krishna,2026-01-30 14:30:00+00:00,22.054,DANGER,18.45,19.84,23.07,16.79416667,80.07305556,KRSNWDP_2026-01-30T14:30:00+0000_22.0540,13574,13574,CWC,36,Telangana,514,NALGONDA,MEDLACHERUVU,-,-,Krishna,Krishna,-,-,-,Krishna,Yes,22.0540,40.00
KRSNWDP,Krishna at Wadenepally,Krishna,2026-01-30 15:30:00+00:00,22.054,DANGER,18.45,19.84,23.07,16.79416667,80.07305556,KRSNWDP_2026-01-30T15:30:00+0000_22.0540,13575,13575,CWC,36,Telangana,514,NALGONDA,MEDLACHERUVU,-,-,Krishna,Krishna,-,-,-,Krishna,Yes,22.0540,40.00
KRSNWDP,Krishna at Wadenepally,Krishna,2026-01-30 16:30:00+00:00,22.054,DANGER,18.45,19.84,23.07,16.79416667,80.07305556,KRSNWDP_2026-01-30T16:30:00+0000_22.0540,13576,13576,CWC,36,Telangana,514,NALGONDA,MEDLACHERUVU,-,-,Krishna,Krishna,-,-,-,Krishna,Yes,22.0540,40.00
KRSNWDP,Krishna at Wadenepally,Krishna,2026-01-30 17:30:00+00:00,22.054,DANGER,18.45,19.84,23.07,16.79416667,80.07305556,KRSNWDP_2026-01-30T17:30:00+0000_22.0540,13577,13577,CWC,36,Telangana,514,NALGONDA,MEDLACHERUVU,-,-,Krishna,Krishna,-,-,-,Krishna,Yes,22.0540,40.00
KRSNWDP,Krishna at Wadenepally,Krishna,2026-01-30 18:30:00+00:00,22.054,DANGER,18.45,19.84,23.07,16.79416667,80.07305556,KRSNWDP_2026-01-30T18:30:00+0000_22.0540,13578,13578,CWC,36,Telangana,514,NALGONDA,MEDLACHERUVU,-,-,Krishna,Krishna,-,-,-,Krishna,Yes,22.0540,40.00
KRSNWDP,Krishna at Wadenepally,Krishna,2026-01-30 19:30:00+00:00,22.054,DANGER,18.45,19.84,23.07,16.79416667,80.07305556,KRSNWDP_2026-01-30T19:30:00+0000_22.0540,13579,13579,CWC,36,Telangana,514,NALGONDA,MEDLACHERUVU,-,-,Krishna,Krishna,-,-,-,Krishna,Yes,22.0540,40.00
KRSNWDP,Krishna at Wadenepally,Krishna,2026-01-30 20:30:00+00:00,22.054,DANGER,18.45,19.84,23.07,16.79416667,80.07305556,KRSNWDP_2026-01-30T20:30:00+0000_22.0540,13580,13580,CWC,36,Telangana,514,NALGONDA,MEDLACHERUVU,-,-,Krishna,Krishna,-,-,-,Krishna,Yes,22.0540,40.00
KRSNWDP,Krishna at Wadenepally,Krishna,2026-01-30 21:30:00+00:00,22.054,DANGER,18.45,19.84,23.07,16.79416667,80.07305556,KRSNWDP_2026-01-30T21:30:00+0000_22.0540,13581,13581,CWC,36,Telangana,514,NALGONDA,MEDLACHERUVU,-,-,Krishna,Krishna,-,-,-,Krishna,Yes,22.0540,40.00
KRSNWDP,Krishna at Wadenepally,Krishna,2026-01-30 22:30:00+00:00,22.054,DANGER,18.45,19.84,23.07,16.79416667,80.07305556,KRSNWDP_2026-01-30T22:30:00+0000_22.0540,13582,13582,CWC,36,Telangana,514,NALGONDA,MEDLACHERUVU,-,-,Krishna,Krishna,-,-,-,Krishna,Yes,22.0540,40.00
KRSNWDP,Krishna at Wadenepally,Krishna,2026-01-30 23:30:00+00:00,22.054,DANGER,18.45,19.84,23.07,16.79416667,80.07305556,KRSNWDP_2026-01-30T23:30:00+0000_22.0540,13583,13583,CWC,36,Telangana,514,NALGONDA,MEDLACHERUVU,-,-,Krishna,Krishna,-,-,-,Krishna,Yes,22.0540,40.00
KRSNWDP,Krishna at Wadenepally,Krishna,2026-01-31 00:30:00+00:00,22.054,DANGER,18.45,19.84,23.07,16.79416667,80.07305556,KRSNWDP_2026-01-31T00:30:00+0000_22.0540,13584,13584,CWC,36,Telangana,514,NALGONDA,MEDLACHERUVU,-,-,Krishna,Krishna,-,-,-,Krishna,Yes,22.0540,40.00
KRSNWDP,Krishna at Wadenepally,Krishna,2026-01-31 01:30:00+00:00,22.054,DANGER,18.45,19.84,23.07,16.79416667,80.07305556,KRSNWDP_2026-01-31T01:30:00+0000_22.0540,13585,13585,CWC,36,Telangana,514,NALGONDA,MEDLACHERUVU,-,-,Krishna,Krishna,-,-,-,Krishna,Yes,22.0540,40.00
KRSNWDP,Krishna at Wadenepally,Krishna,2026-01-31 02:30:00+00:00,22.054,DANGER,18.45,19.84,23.07,16.79416667,80.07305556,KRSNWDP_2026-01-31T02:30:00+0000_22.0540,13586,13586,CWC,36,Telangana,514,NALGONDA,MEDLACHERUVU,-,-,Krishna,Krishna,-,-,-,Krishna,Yes,22.0540,40.00
KRSNWDP,Krishna at Wadenepally,Krishna,2026-01-31 03:30:00+00:00,22.054,DANGER,18.45,19.84,23.07,16.79416667,80.07305556,KRSNWDP_2026-01-31T03:30:00+0000_22.0540,13587,13587,CWC,36,Telangana,514,NALGONDA,MEDLACHERUVU,-,-,Krishna,Krishna,-,-,-,Krishna,Yes,22.0540,40.00
KRSNWDP,Krishna at Wadenepally,Krishna,2026-01-31 04:30:00+00:00,22.054,DANGER,18.45,19.84,23.07,16.79416667,80.07305556,KRSNWDP_2026-01-31T04:30:00+0000_22.0540,13588,13588,CWC,36,Telangana,514,NALGONDA,MEDLACHERUVU,-,-,Krishna,Krishna,-,-,-,Krishna,Yes,22.0540,40.00
KRSNWDP,Krishna at Wadenepally,Krishna,2026-01-31 05:30:00+00:00,22.054,DANGER,18.45,19.84,23.07,16.79416667,80.07305556,KRSNWDP_2026-01-31T05:30:00+0000_22.0540,13589,13589,CWC,36,Telangana,514,NALGONDA,MEDLACHERUVU,-,-,Krishna,Krishna,-,-,-,Krishna,Yes,22.0540,40.00
KRSNWDP,Krishna at Wadenepally,Krishna,2026-01-31 06:30:00+00:00,22.054,DANGER,18.45,19.84,23.07,16.79416667,80.07305556,KRSNWDP_2026-01-31T06:30:00+0000_22.0540,13590,13590,CWC,36,Telangana,514,NALGONDA,MEDLACHERUVU,-,-,Krishna,Krishna,-,-,-,Krishna,Yes,22.0540,40.00
KRSNWDP,Krishna at Wadenepally,Krishna,2026-01-31 07:30:00+00:00,22.054,DANGER,18.45,19.84,23.07,16.79416667,80.07305556,KRSNWDP_2026-01-31T07:30:00+0000_22.0540,13591,13591,CWC,36,Telangana,514,NALGONDA,MEDLACHERUVU,-,-,Krishna,Krishna,-,-,-,Krishna,Yes,22.0540,40.00
KRSNWDP,Krishna at Wadenepally,Krishna,2026-01-31 08:30:00+00:00,22.054,DANGER,18.45,19.84,23.07,16.79416667,80.07305556,KRSNWDP_2026-01-31T08:30:00+0000_22.0540,13592,13592,CWC,36,Telangana,514,NALGONDA,MEDLACHERUVU,-,-,Krishna,Krishna,-,-,-,Krishna,Yes,22.0540,40.00
KRSNWDP,Krishna at Wadenepally,Krishna,2026-01-31 09:30:00+00:00,22.054,DANGER,18.45,19.84,23.07,16.79416667,80.07305556,KRSNWDP_2026-01-31T09:30:00+0000_22.0540,13593,13593,CWC,36,Telangana,514,NALGONDA,MEDLACHERUVU,-,-,Krishna,Krishna,-,-,-,Krishna,Yes,22.0540,40.00
KRSNWDP,Krishna at Wadenepally,Krishna,2026-01-31 10:30:00+00:00,22.054,DANGER,18.45,19.84,23.07,16.79416667,80.07305556,KRSNWDP_2026-01-31T10:30:00+0000_22.0540,13594,13594,CWC,36,Telangana,514,NALGONDA,MEDLACHERUVU,-,-,Krishna,Krishna,-,-,-,Krishna,Yes,22.0540,40.00
KRSNWDP,Krishna at Wadenepally,Krishna,2026-01-31 11:30:00+00:00,22.054,DANGER,18.45,19.84,23.07,16.79416667,80.07305556,KRSNWDP_2026-01-31T11:30:00+0000_22.0540,13595,13595,CWC,36,Telangana,514,NALGONDA,MEDLACHERUVU,-,-,Krishna,Krishna,-,-,-,Krishna,Yes,22.0540,40.00
KRSNWDP,Krishna at Wadenepally,Krishna,2026-01-31 12:30:00+00:00,22.054,DANGER,18.45,19.84,23.07,16.79416667,80.07305556,KRSNWDP_2026-01-31T12:30:00+0000_22.0540,13596,13596,CWC,36,Telangana,514,NALGONDA,MEDLACHERUVU,-,-,Krishna,Krishna,-,-,-,Krishna,Yes,22.0540,40.00
KRSNWDP,Krishna at Wadenepally,Krishna,2026-01-31 13:30:00+00:00,22.054,DANGER,18.45,19.84,23.07,16.79416667,80.07305556,KRSNWDP_2026-01-31T13:30:00+0000_22.0540,13597,13597,CWC,36,Telangana,514,NALGONDA,MEDLACHERUVU,-,-,Krishna,Krishna,-,-,-,Krishna,Yes,22.0540,40.00
KRSNWDP,Krishna at Wadenepally,Krishna,2026-01-31 14:30:00+00:00,22.054,DANGER,18.45,19.84,23.07,16.79416667,80.07305556,KRSNWDP_2026-01-31T14:30:00+0000_22.0540,13598,13598,CWC,36,Telangana,514,NALGONDA,MEDLACHERUVU,-,-,Krishna,Krishna,-,-,-,Krishna,Yes,22.0540,40.00
KRSNWDP,Krishna at Wadenepally,Krishna,2026-01-31 15:30:00+00:00,22.054,DANGER,18.45,19.84,23.07,16.79416667,80.07305556,KRSNWDP_2026-01-31T15:30:00+0000_22.0540,13599,13599,CWC,36,Telangana,514,NALGONDA,MEDLACHERUVU,-,-,Krishna,Krishna,-,-,-,Krishna,Yes,22.0540,40.00
KRSNWDP,Krishna at Wadenepally,Krishna,2026-01-31 16:30:00+00:00,22.054,DANGER,18.45,19.84,23.07,16.79416667,80.07305556,KRSNWDP_2026-01-31T16:30:00+0000_22.0540,13600,13600,CWC,36,Telangana,514,NALGONDA,MEDLACHERUVU,-,-,Krishna,Krishna,-,-,-,Krishna,Yes,22.0540,40.00
KRSNWDP,Krishna at Wadenepally,Krishna,2026-01-31 17:30:00+00:00,22.054,DANGER,18.45,19.84,23.07,16.79416667,80.07305556,KRSNWDP_2026-01-31T17:30:00+0000_22.0540,13601,13601,CWC,36,Telangana,514,NALGONDA,MEDLACHERUVU,-,-,Krishna,Krishna,-,-,-,Krishna,Yes,22.0540,40.00
KRSNWDP,Krishna at Wadenepally,Krishna,2026-01-31 18:30:00+00:00,22.054,DANGER,18.45,19.84,23.07,16.79416667,80.07305556,KRSNWDP_2026-01-31T18:30:00+0000_22.0540,13602,13602,CWC,36,Telangana,514,NALGONDA,MEDLACHERUVU,-,-,Krishna,Krishna,-,-,-,Krishna,Yes,22.0540,40.00
KRSNWDP,Krishna at Wadenepally,Krishna,2026-01-31 19:30:00+00:00,22.054,DANGER,18.45,19.84,23.07,16.79416667,80.07305556,KRSNWDP_2026-01-31T19:30:00+0000_22.0540,13603,13603,CWC,36,Telangana,514,NALGONDA,MEDLACHERUVU,-,-,Krishna,Krishna,-,-,-,Krishna,Yes,22.0540,40.00
KRSNWDP,Krishna at Wadenepally,Krishna,2026-01-31 20:30:00+00:00,22.054,DANGER,18.45,19.84,23.07,16.79416667,80.07305556,KRSNWDP_2026-01-31T20:30:00+0000_22.0540,13604,13604,CWC,36,Telangana,514,NALGONDA,MEDLACHERUVU,-,-,Krishna,Krishna,-,-,-,Krishna,Yes,22.0540,40.00
KRSNWDP,Krishna at Wadenepally,Krishna,2026-01-31 21:30:00+00:00,22.054,DANGER,18.45,19.84,23.07,16.79416667,80.07305556,KRSNWDP_2026-01-31T21:30:00+0000_22.0540,13605,13605,CWC,36,Telangana,514,NALGONDA,MEDLACHERUVU,-,-,Krishna,Krishna,-,-,-,Krishna,Yes,22.0540,40.00
KRSNWDP,Krishna at Wadenepally,Krishna,2026-01-31 22:30:00+00:00,22.054,DANGER,18.45,19.84,23.07,16.79416667,80.07305556,KRSNWDP_2026-01-31T22:30:00+0000_22.0540,13606,13606,CWC,36,Telangana,514,NALGONDA,MEDLACHERUVU,-,-,Krishna,Krishna,-,-,-,Krishna,Yes,22.0540,40.00
KRSNWDP,Krishna at Wadenepally,Krishna,2026-01-31 23:30:00+00:00,22.054,DANGER,18.45,19.84,23.07,16.79416667,80.07305556,KRSNWDP_2026-01-31T23:30:00+0000_22.0540,13607,13607,CWC,36,Telangana,514,NALGONDA,MEDLACHERUVU,-,-,Krishna,Krishna,-,-,-,Krishna,Yes,22.0540,40.00
KRSNWDP,Krishna at Wadenepally,Krishna,2026-02-01 00:30:00+00:00,22.054,DANGER,18.45,19.84,23.07,16.79416667,80.07305556,KRSNWDP_2026-02-01T00:30:00+0000_22.0540,13608,13608,CWC,36,Telangana,514,NALGONDA,MEDLACHERUVU,-,-,Krishna,Krishna,-,-,-,Krishna,Yes,22.0540,40.00
KRSNWDP,Krishna at Wadenepally,Krishna,2026-02-01 01:30:00+00:00,22.054,DANGER,18.45,19.84,23.07,16.79416667,80.07305556,KRSNWDP_2026-02-01T01:30:00+0000_22.0540,13609,13609,CWC,36,Telangana,514,NALGONDA,MEDLACHERUVU,-,-,Krishna,Krishna,-,-,-,Krishna,Yes,22.0540,40.00
KRSNWDP,Krishna at Wadenepally,Krishna,2026-02-01 02:30:00+00:00,22.054,DANGER,18.45,19.84,23.07,16.79416667,80.07305556,KRSNWDP_2026-02-01T02:30:00+0000_22.0540,13610,13610,CWC,36,Telangana,514,NALGONDA,MEDLACHERUVU,-,-,Krishna,Krishna,-,-,-,Krishna,Yes,22.0540,40.00
KRSNWDP,Krishna at Wadenepally,Krishna,2026-02-01 03:30:00+00:00,22.054,DANGER,18.45,19.84,23.07,16.79416667,80.07305556,KRSNWDP_2026-02-01T03:30:00+0000_22.0540,13611,13611,CWC,36,Telangana,514,NALGONDA,MEDLACHERUVU,-,-,Krishna,Krishna,-,-,-,Krishna,Yes,22.0540,40.00
KRSNWDP,Krishna at Wadenepally,Krishna,2026-02-01 04:30:00+00:00,22.054,DANGER,18.45,19.84,23.07,16.79416667,80.07305556,KRSNWDP_2026-02-01T04:30:00+0000_22.0540,13612,13612,CWC,36,Telangana,514,NALGONDA,MEDLACHERUVU,-,-,Krishna,Krishna,-,-,-,Krishna,Yes,22.0540,40.00
KRSNWDP,Krishna at Wadenepally,Krishna,2026-02-01 05:30:00+00:00,22.054,DANGER,18.45,19.84,23.07,16.79416667,80.07305556,KRSNWDP_2026-02-01T05:30:00+0000_22.0540,13613,13613,CWC,36,Telangana,514,NALGONDA,MEDLACHERUVU,-,-,Krishna,Krishna,-,-,-,Krishna,Yes,22.0540,40.00
KRSNWDP,Krishna at Wadenepally,Krishna,2026-02-01 06:30:00+00:00,22.054,DANGER,18.45,19.84,23.07,16.79416667,80.07305556,KRSNWDP_2026-02-01T06:30:00+0000_22.0540,13614,13614,CWC,36,Telangana,514,NALGONDA,MEDLACHERUVU,-,-,Krishna,Krishna,-,-,-,Krishna,Yes,22.0540,40.00
KRSNWDP,Krishna at Wadenepally,Krishna,2026-02-01 07:30:00+00:00,22.054,DANGER,18.45,19.84,23.07,16.79416667,80.07305556,KRSNWDP_2026-02-01T07:30:00+0000_22.0540,13615,13615,CWC,36,Telangana,514,NALGONDA,MEDLACHERUVU,-,-,Krishna,Krishna,-,-,-,Krishna,Yes,22.0540,40.00
KRSNWDP,Krishna at Wadenepally,Krishna,2026-02-01 08:30:00+00:00,22.054,DANGER,18.45,19.84,23.07,16.79416667,80.07305556,KRSNWDP_2026-02-01T08:30:00+0000_22.0540,13616,13616,CWC,36,Telangana,514,NALGONDA,MEDLACHERUVU,-,-,Krishna,Krishna,-,-,-,Krishna,Yes,22.0540,40.00
KRSNWDP,Krishna at Wadenepally,Krishna,2026-02-01 09:30:00+00:00,22.054,DANGER,18.45,19.84,23.07,16.79416667,80.07305556,KRSNWDP_2026-02-01T09:30:00+0000_22.0540,13617,13617,CWC,36,Telangana,514,NALGONDA,MEDLACHERUVU,-,-,Krishna,Krishna,-,-,-,Krishna,Yes,22.0540,40.00
KRSNWDP,Krishna at Wadenepally,Krishna,2026-02-01 10:30:00+00:00,22.054,DANGER,18.45,19.84,23.07,16.79416667,80.07305556,KRSNWDP_2026-02-01T10:30:00+0000_22.0540,13618,13618,CWC,36,Telangana,514,NALGONDA,MEDLACHERUVU,-,-,Krishna,Krishna,-,-,-,Krishna,Yes,22.0540,40.00
KRSNWDP,Krishna at Wadenepally,Krishna,2026-02-01 11:30:00+00:00,22.054,DANGER,18.45,19.84,23.07,16.79416667,80.07305556,KRSNWDP_2026-02-01T11:30:00+0000_22.0540,13619,13619,CWC,36,Telangana,514,NALGONDA,MEDLACHERUVU,-,-,Krishna,Krishna,-,-,-,Krishna,Yes,22.0540,40.00
KRSNWDP,Krishna at Wadenepally,Krishna,2026-02-01 12:30:00+00:00,22.054,DANGER,18.45,19.84,23.07,16.79416667,80.07305556,KRSNWDP_2026-02-01T12:30:00+0000_22.0540,13620,13620,CWC,36,Telangana,514,NALGONDA,MEDLACHERUVU,-,-,Krishna,Krishna,-,-,-,Krishna,Yes,22.0540,40.00
KRSNWDP,Krishna at Wadenepally,Krishna,2026-02-01 13:30:00+00:00,22.054,DANGER,18.45,19.84,23.07,16.79416667,80.07305556,KRSNWDP_2026-02-01T13:30:00+0000_22.0540,13621,13621,CWC,36,Telangana,514,NALGONDA,MEDLACHERUVU,-,-,Krishna,Krishna,-,-,-,Krishna,Yes,22.0540,40.00
KRSNWDP,Krishna at Wadenepally,Krishna,2026-02-01 14:30:00+00:00,22.054,DANGER,18.45,19.84,23.07,16.79416667,80.07305556,KRSNWDP_2026-02-01T14:30:00+0000_22.0540,13622,13622,CWC,36,Telangana,514,NALGONDA,MEDLACHERUVU,-,-,Krishna,Krishna,-,-,-,Krishna,Yes,22.0540,40.00
KRSNWDP,Krishna at Wadenepally,Krishna,2026-02-01 15:30:00+00:00,22.054,DANGER,18.45,19.84,23.07,16.79416667,80.07305556,KRSNWDP_2026-02-01T15:30:00+0000_22.0540,13623,13623,CWC,36,Telangana,514,NALGONDA,MEDLACHERUVU,-,-,Krishna,Krishna,-,-,-,Krishna,Yes,22.0540,40.00
KRSNWDP,Krishna at Wadenepally,Krishna,2026-02-01 16:30:00+00:00,22.054,DANGER,18.45,19.84,23.07,16.79416667,80.07305556,KRSNWDP_2026-02-01T16:30:00+0000_22.0540,13624,13624,CWC,36,Telangana,514,NALGONDA,MEDLACHERUVU,-,-,Krishna,Krishna,-,-,-,Krishna,Yes,22.0540,40.00
KRSNWDP,Krishna at Wadenepally,Krishna,2026-02-01 17:30:00+00:00,22.054,DANGER,18.45,19.84,23.07,16.79416667,80.07305556,KRSNWDP_2026-02-01T17:30:00+0000_22.0540,13625,13625,CWC,36,Telangana,514,NALGONDA,MEDLACHERUVU,-,-,Krishna,Krishna,-,-,-,Krishna,Yes,22.0540,40.00
KRSNWDP,Krishna at Wadenepally,Krishna,2026-02-01 18:30:00+00:00,22.054,DANGER,18.45,19.84,23.07,16.79416667,80.07305556,KRSNWDP_2026-02-01T18:30:00+0000_22.0540,13626,13626,CWC,36,Telangana,514,NALGONDA,MEDLACHERUVU,-,-,Krishna,Krishna,-,-,-,Krishna,Yes,22.0540,40.00
KRSNWDP,Krishna at Wadenepally,Krishna,2026-02-01 19:30:00+00:00,22.054,DANGER,18.45,19.84,23.07,16.79416667,80.07305556,KRSNWDP_2026-02-01T19:30:00+0000_22.0540,13627,13627,CWC,36,Telangana,514,NALGONDA,MEDLACHERUVU,-,-,Krishna,Krishna,-,-,-,Krishna,Yes,22.0540,40.00
KRSNWDP,Krishna at Wadenepally,Krishna,2026-02-01 20:30:00+00:00,22.054,DANGER,18.45,19.84,23.07,16.79416667,80.07305556,KRSNWDP_2026-02-01T20:30:00+0000_22.0540,13628,13628,CWC,36,Telangana,514,NALGONDA,MEDLACHERUVU,-,-,Krishna,Krishna,-,-,-,Krishna,Yes,22.0540,40.00
KRSNWDP,Krishna at Wadenepally,Krishna,2026-02-01 21:30:00+00:00,22.054,DANGER,18.45,19.84,23.07,16.79416667,80.07305556,KRSNWDP_2026-02-01T21:30:00+0000_22.0540,13629,13629,CWC,36,Telangana,514,NALGONDA,MEDLACHERUVU,-,-,Krishna,Krishna,-,-,-,Krishna,Yes,22.0540,40.00
KRSNWDP,Krishna at Wadenepally,Krishna,2026-02-01 22:30:00+00:00,22.054,DANGER,18.45,19.84,23.07,16.79416667,80.07305556,KRSNWDP_2026-02-01T22:30:00+0000_22.0540,13630,13630,CWC,36,Telangana,514,NALGONDA,MEDLACHERUVU,-,-,Krishna,Krishna,-,-,-,Krishna,Yes,22.0540,40.00
KRSNWDP,Krishna at Wadenepally,Krishna,2026-02-01 23:30:00+00:00,22.054,DANGER,18.45,19.84,23.07,16.79416667,80.07305556,KRSNWDP_2026-02-01T23:30:00+0000_22.0540,13631,13631,CWC,36,Telangana,514,NALGONDA,MEDLACHERUVU,-,-,Krishna,Krishna,-,-,-,Krishna,Yes,22.0540,40.00
KRSNWDP,Krishna at Wadenepally,Krishna,2026-02-02 00:30:00+00:00,22.054,DANGER,18.45,19.84,23.07,16.79416667,80.07305556,KRSNWDP_2026-02-02T00:30:00+0000_22.0540,13632,13632,CWC,36,Telangana,514,NALGONDA,MEDLACHERUVU,-,-,Krishna,Krishna,-,-,-,Krishna,Yes,22.0540,40.00
KRSNWDP,Krishna at Wadenepally,Krishna,2026-02-02 01:30:00+00:00,22.054,DANGER,18.45,19.84,23.07,16.79416667,80.07305556,KRSNWDP_2026-02-02T01:30:00+0000_22.0540,13633,13633,CWC,36,Telangana,514,NALGONDA,MEDLACHERUVU,-,-,Krishna,Krishna,-,-,-,Krishna,Yes,22.0540,40.00
KRSNWDP,Krishna at Wadenepally,Krishna,2026-02-02 02:30:00+00:00,22.054,DANGER,18.45,19.84,23.07,16.79416667,80.07305556,KRSNWDP_2026-02-02T02:30:00+0000_22.0540,13634,13634,CWC,36,Telangana,514,NALGONDA,MEDLACHERUVU,-,-,Krishna,Krishna,-,-,-,Krishna,Yes,22.0540,40.00
KRSNWDP,Krishna at Wadenepally,Krishna,2026-02-02 03:30:00+00:00,22.054,DANGER,18.45,19.84,23.07,16.79416667,80.07305556,KRSNWDP_2026-02-02T03:30:00+0000_22.0540,13635,13635,CWC,36,Telangana,514,NALGONDA,MEDLACHERUVU,-,-,Krishna,Krishna,-,-,-,Krishna,Yes,22.0540,40.00
KRSNWDP,Krishna at Wadenepally,Krishna,2026-02-02 04:30:00+00:00,22.054,DANGER,18.45,19.84,23.07,16.79416667,80.07305556,KRSNWDP_2026-02-02T04:30:00+0000_22.0540,13636,13636,CWC,36,Telangana,514,NALGONDA,MEDLACHERUVU,-,-,Krishna,Krishna,-,-,-,Krishna,Yes,22.0540,40.00
KRSNWDP,Krishna at Wadenepally,Krishna,2026-02-02 05:30:00+00:00,22.054,DANGER,18.45,19.84,23.07,16.79416667,80.07305556,KRSNWDP_2026-02-02T05:30:00+0000_22.0540,13637,13637,CWC,36,Telangana,514,NALGONDA,MEDLACHERUVU,-,-,Krishna,Krishna,-,-,-,Krishna,Yes,22.0540,40.00
KRSNWDP,Krishna at Wadenepally,Krishna,2026-02-02 06:30:00+00:00,22.054,DANGER,18.45,19.84,23.07,16.79416667,80.07305556,KRSNWDP_2026-02-02T06:30:00+0000_22.0540,13638,13638,CWC,36,Telangana,514,NALGONDA,MEDLACHERUVU,-,-,Krishna,Krishna,-,-,-,Krishna,Yes,22.0540,40.00
KRSNWDP,Krishna at Wadenepally,Krishna,2026-02-02 07:30:00+00:00,22.054,DANGER,18.45,19.84,23.07,16.79416667,80.07305556,KRSNWDP_2026-02-02T07:30:00+0000_22.0540,13639,13639,CWC,36,Telangana,514,NALGONDA,MEDLACHERUVU,-,-,Krishna,Krishna,-,-,-,Krishna,Yes,22.0540,40.00
KRSNWDP,Krishna at Wadenepally,Krishna,2026-02-02 08:30:00+00:00,22.054,DANGER,18.45,19.84,23.07,16.79416667,80.07305556,KRSNWDP_2026-02-02T08:30:00+0000_22.0540,13640,13640,CWC,36,Telangana,514,NALGONDA,MEDLACHERUVU,-,-,Krishna,Krishna,-,-,-,Krishna,Yes,22.0540,40.00
KRSNWDP,Krishna at Wadenepally,Krishna,2026-02-02 09:30:00+00:00,22.054,DANGER,18.45,19.84,23.07,16.79416667,80.07305556,KRSNWDP_2026-02-02T09:30:00+0000_22.0540,13641,13641,CWC,36,Telangana,514,NALGONDA,MEDLACHERUVU,-,-,Krishna,Krishna,-,-,-,Krishna,Yes,22.0540,40.00
KRSNWDP,Krishna at Wadenepally,Krishna,2026-02-02 10:30:00+00:00,22.054,DANGER,18.45,19.84,23.07,16.79416667,80.07305556,KRSNWDP_2026-02-02T10:30:00+0000_22.0540,13642,13642,CWC,36,Telangana,514,NALGONDA,MEDLACHERUVU,-,-,Krishna,Krishna,-,-,-,Krishna,Yes,22.0540,40.00
KRSNWDP,Krishna at Wadenepally,Krishna,2026-02-02 11:30:00+00:00,22.054,DANGER,18.45,19.84,23.07,16.79416667,80.07305556,KRSNWDP_2026-02-02T11:30:00+0000_22.0540,13643,13643,CWC,36,Telangana,514,NALGONDA,MEDLACHERUVU,-,-,Krishna,Krishna,-,-,-,Krishna,Yes,22.0540,40.00
KRSNWDP,Krishna at Wadenepally,Krishna,2026-02-02 12:30:00+00:00,22.054,DANGER,18.45,19.84,23.07,16.79416667,80.07305556,KRSNWDP_2026-02-02T12:30:00+0000_22.0540,13644,13644,CWC,36,Telangana,514,NALGONDA,MEDLACHERUVU,-,-,Krishna,Krishna,-,-,-,Krishna,Yes,22.0540,40.00
KRSNWDP,Krishna at Wadenepally,Krishna,2026-02-02 13:30:00+00:00,22.054,DANGER,18.45,19.84,23.07,16.79416667,80.07305556,KRSNWDP_2026-02-02T13:30:00+0000_22.0540,13645,13645,CWC,36,Telangana,514,NALGONDA,MEDLACHERUVU,-,-,Krishna,Krishna,-,-,-,Krishna,Yes,22.0540,40.00
KRSNWDP,Krishna at Wadenepally,Krishna,2026-02-02 14:30:00+00:00,22.054,DANGER,18.45,19.84,23.07,16.79416667,80.07305556,KRSNWDP_2026-02-02T14:30:00+0000_22.0540,13646,13646,CWC,36,Telangana,514,NALGONDA,MEDLACHERUVU,-,-,Krishna,Krishna,-,-,-,Krishna,Yes,22.0540,40.00
KRSNWDP,Krishna at Wadenepally,Krishna,2026-02-02 15:30:00+00:00,22.054,DANGER,18.45,19.84,23.07,16.79416667,80.07305556,KRSNWDP_2026-02-02T15:30:00+0000_22.0540,13647,13647,CWC,36,Telangana,514,NALGONDA,MEDLACHERUVU,-,-,Krishna,Krishna,-,-,-,Krishna,Yes,22.0540,40.00
KRSNWDP,Krishna at Wadenepally,Krishna,2026-02-02 16:30:00+00:00,22.054,DANGER,18.45,19.84,23.07,16.79416667,80.07305556,KRSNWDP_2026-02-02T16:30:00+0000_22.0540,13648,13648,CWC,36,Telangana,514,NALGONDA,MEDLACHERUVU,-,-,Krishna,Krishna,-,-,-,Krishna,Yes,22.0540,40.00
KRSNWDP,Krishna at Wadenepally,Krishna,2026-02-02 17:30:00+00:00,22.054,DANGER,18.45,19.84,23.07,16.79416667,80.07305556,KRSNWDP_2026-02-02T17:30:00+0000_22.0540,13649,13649,CWC,36,Telangana,514,NALGONDA,MEDLACHERUVU,-,-,Krishna,Krishna,-,-,-,Krishna,Yes,22.0540,40.00
KRSNWDP,Krishna at Wadenepally,Krishna,2026-02-02 18:30:00+00:00,22.054,DANGER,18.45,19.84,23.07,16.79416667,80.07305556,KRSNWDP_2026-02-02T18:30:00+0000_22.0540,13650,13650,CWC,36,Telangana,514,NALGONDA,MEDLACHERUVU,-,-,Krishna,Krishna,-,-,-,Krishna,Yes,22.0540,40.00
KRSNWDP,Krishna at Wadenepally,Krishna,2026-02-02 19:30:00+00:00,22.054,DANGER,18.45,19.84,23.07,16.79416667,80.07305556,KRSNWDP_2026-02-02T19:30:00+0000_22.0540,13651,13651,CWC,36,Telangana,514,NALGONDA,MEDLACHERUVU,-,-,Krishna,Krishna,-,-,-,Krishna,Yes,22.0540,40.00
KRSNWDP,Krishna at Wadenepally,Krishna,2026-02-02 20:30:00+00:00,22.054,DANGER,18.45,19.84,23.07,16.79416667,80.07305556,KRSNWDP_2026-02-02T20:30:00+0000_22.0540,13652,13652,CWC,36,Telangana,514,NALGONDA,MEDLACHERUVU,-,-,Krishna,Krishna,-,-,-,Krishna,Yes,22.0540,40.00
KRSNWDP,Krishna at Wadenepally,Krishna,2026-02-02 21:30:00+00:00,22.054,DANGER,18.45,19.84,23.07,16.79416667,80.07305556,KRSNWDP_2026-02-02T21:30:00+0000_22.0540,13653,13653,CWC,36,Telangana,514,NALGONDA,MEDLACHERUVU,-,-,Krishna,Krishna,-,-,-,Krishna,Yes,22.0540,40.00
KRSNWDP,Krishna at Wadenepally,Krishna,2026-02-02 22:30:00+00:00,22.054,DANGER,18.45,19.84,23.07,16.79416667,80.07305556,KRSNWDP_2026-02-02T22:30:00+0000_22.0540,13654,13654,CWC,36,Telangana,514,NALGONDA,MEDLACHERUVU,-,-,Krishna,Krishna,-,-,-,Krishna,Yes,22.0540,40.00
KRSNWDP,Krishna at Wadenepally,Krishna,2026-02-02 23:30:00+00:00,22.054,DANGER,18.45,19.84,23.07,16.79416667,80.07305556,KRSNWDP_2026-02-02T23:30:00+0000_22.0540,13655,13655,CWC,36,Telangana,514,NALGONDA,MEDLACHERUVU,-,-,Krishna,Krishna,-,-,-,Krishna,Yes,22.0540,40.00
KRSNWDP,Krishna at Wadenepally,Krishna,2026-02-03 01:30:00+00:00,22.054,DANGER,18.45,19.84,23.07,16.79416667,80.07305556,KRSNWDP_2026-02-03T01:30:00+0000_22.0540,13656,13656,CWC,36,Telangana,514,NALGONDA,MEDLACHERUVU,-,-,Krishna,Krishna,-,-,-,Krishna,Yes,22.0540,40.00
KRSNWDP,Krishna at Wadenepally,Krishna,2026-02-03 02:30:00+00:00,22.054,DANGER,18.45,19.84,23.07,16.79416667,80.07305556,KRSNWDP_2026-02-03T02:30:00+0000_22.0540,13657,13657,CWC,36,Telangana,514,NALGONDA,MEDLACHERUVU,-,-,Krishna,Krishna,-,-,-,Krishna,Yes,22.0540,40.00
KRSNWDP,Krishna at Wadenepally,Krishna,2026-02-03 03:30:00+00:00,22.054,DANGER,18.45,19.84,23.07,16.79416667,80.07305556,KRSNWDP_2026-02-03T03:30:00+0000_22.0540,13658,13658,CWC,36,Telangana,514,NALGONDA,MEDLACHERUVU,-,-,Krishna,Krishna,-,-,-,Krishna,Yes,22.0540,40.00
KRSNWDP,Krishna at Wadenepally,Krishna,2026-02-03 04:30:00+00:00,22.054,DANGER,18.45,19.84,23.07,16.79416667,80.07305556,KRSNWDP_2026-02-03T04:30:00+0000_22.0540,13659,13659,CWC,36,Telangana,514,NALGONDA,MEDLACHERUVU,-,-,Krishna,Krishna,-,-,-,Krishna,Yes,22.0540,40.00
KRSNWDP,Krishna at Wadenepally,Krishna,2026-02-03 05:30:00+00:00,22.054,DANGER,18.45,19.84,23.07,16.79416667,80.07305556,KRSNWDP_2026-02-03T05:30:00+0000_22.0540,13660,13660,CWC,36,Telangana,514,NALGONDA,MEDLACHERUVU,-,-,Krishna,Krishna,-,-,-,Krishna,Yes,22.0540,40.00
KRSNWDP,Krishna at Wadenepally,Krishna,2026-02-03 06:30:00+00:00,22.054,DANGER,18.45,19.84,23.07,16.79416667,80.07305556,KRSNWDP_2026-02-03T06:30:00+0000_22.0540,13661,13661,CWC,36,Telangana,514,NALGONDA,MEDLACHERUVU,-,-,Krishna,Krishna,-,-,-,Krishna,Yes,22.0540,40.00
KRSNWDP,Krishna at Wadenepally,Krishna,2026-02-03 07:30:00+00:00,22.054,DANGER,18.45,19.84,23.07,16.79416667,80.07305556,KRSNWDP_2026-02-03T07:30:00+0000_22.0540,13662,13662,CWC,36,Telangana,514,NALGONDA,MEDLACHERUVU,-,-,Krishna,Krishna,-,-,-,Krishna,Yes,22.0540,40.00
KRSNWDP,Krishna at Wadenepally,Krishna,2026-02-03 08:30:00+00:00,22.054,DANGER,18.45,19.84,23.07,16.79416667,80.07305556,KRSNWDP_2026-02-03T08:30:00+0000_22.0540,13663,13663,CWC,36,Telangana,514,NALGONDA,MEDLACHERUVU,-,-,Krishna,Krishna,-,-,-,Krishna,Yes,22.0540,40.00
KRSNWDP,Krishna at Wadenepally,Krishna,2026-02-03 09:30:00+00:00,22.054,DANGER,18.45,19.84,23.07,16.79416667,80.07305556,KRSNWDP_2026-02-03T09:30:00+0000_22.0540,13664,13664,CWC,36,Telangana,514,NALGONDA,MEDLACHERUVU,-,-,Krishna,Krishna,-,-,-,Krishna,Yes,22.0540,40.00
KRSNWDP,Krishna at Wadenepally,Krishna,2026-02-03 10:30:00+00:00,22.054,DANGER,18.45,19.84,23.07,16.79416667,80.07305556,KRSNWDP_2026-02-03T10:30:00+0000_22.0540,13665,13665,CWC,36,Telangana,514,NALGONDA,MEDLACHERUVU,-,-,Krishna,Krishna,-,-,-,Krishna,Yes,22.0540,40.00
KRSNWDP,Krishna at Wadenepally,Krishna,2026-02-03 11:30:00+00:00,22.054,DANGER,18.45,19.84,23.07,16.79416667,80.07305556,KRSNWDP_2026-02-03T11:30:00+0000_22.0540,13666,13666,CWC,36,Telangana,514,NALGONDA,MEDLACHERUVU,-,-,Krishna,Krishna,-,-,-,Krishna,Yes,22.0540,40.00
KRSNWDP,Krishna at Wadenepally,Krishna,2026-02-03 12:30:00+00:00,22.054,DANGER,18.45,19.84,23.07,16.79416667,80.07305556,KRSNWDP_2026-02-03T12:30:00+0000_22.0540,13667,13667,CWC,36,Telangana,514,NALGONDA,MEDLACHERUVU,-,-,Krishna,Krishna,-,-,-,Krishna,Yes,22.0540,40.00
KRSNWDP,Krishna at Wadenepally,Krishna,2026-02-03 13:30:00+00:00,22.054,DANGER,18.45,19.84,23.07,16.79416667,80.07305556,KRSNWDP_2026-02-03T13:30:00+0000_22.0540,13668,13668,CWC,36,Telangana,514,NALGONDA,MEDLACHERUVU,-,-,Krishna,Krishna,-,-,-,Krishna,Yes,22.0540,40.00
KRSNWDP,Krishna at Wadenepally,Krishna,2026-02-03 14:30:00+00:00,22.054,DANGER,18.45,19.84,23.07,16.79416667,80.07305556,KRSNWDP_2026-02-03T14:30:00+0000_22.0540,13669,13669,CWC,36,Telangana,514,NALGONDA,MEDLACHERUVU,-,-,Krishna,Krishna,-,-,-,Krishna,Yes,22.0540,40.00
KRSNWDP,Krishna at Wadenepally,Krishna,2026-02-03 15:30:00+00:00,22.054,DANGER,18.45,19.84,23.07,16.79416667,80.07305556,KRSNWDP_2026-02-03T15:30:00+0000_22.0540,13670,13670,CWC,36,Telangana,514,NALGONDA,MEDLACHERUVU,-,-,Krishna,Krishna,-,-,-,Krishna,Yes,22.0540,40.00
KRSNWDP,Krishna at Wadenepally,Krishna,2026-02-03 16:30:00+00:00,22.054,DANGER,18.45,19.84,23.07,16.79416667,80.07305556,KRSNWDP_2026-02-03T16:30:00+0000_22.0540,13671,13671,CWC,36,Telangana,514,NALGONDA,MEDLACHERUVU,-,-,Krishna,Krishna,-,-,-,Krishna,Yes,22.0540,40.00
KRSNWDP,Krishna at Wadenepally,Krishna,2026-02-03 17:30:00+00:00,22.054,DANGER,18.45,19.84,23.07,16.79416667,80.07305556,KRSNWDP_2026-02-03T17:30:00+0000_22.0540,13672,13672,CWC,36,Telangana,514,NALGONDA,MEDLACHERUVU,-,-,Krishna,Krishna,-,-,-,Krishna,Yes,22.0540,40.00
KRSNWDP,Krishna at Wadenepally,Krishna,2026-02-03 18:30:00+00:00,22.054,DANGER,18.45,19.84,23.07,16.79416667,80.07305556,KRSNWDP_2026-02-03T18:30:00+0000_22.0540,13673,13673,CWC,36,Telangana,514,NALGONDA,MEDLACHERUVU,-,-,Krishna,Krishna,-,-,-,Krishna,Yes,22.0540,40.00
KRSNWDP,Krishna at Wadenepally,Krishna,2026-02-03 19:30:00+00:00,22.054,DANGER,18.45,19.84,23.07,16.79416667,80.07305556,KRSNWDP_2026-02-03T19:30:00+0000_22.0540,13674,13674,CWC,36,Telangana,514,NALGONDA,MEDLACHERUVU,-,-,Krishna,Krishna,-,-,-,Krishna,Yes,22.0540,40.00
KRSNWDP,Krishna at Wadenepally,Krishna,2026-02-03 20:30:00+00:00,22.054,DANGER,18.45,19.84,23.07,16.79416667,80.07305556,KRSNWDP_2026-02-03T20:30:00+0000_22.0540,13675,13675,CWC,36,Telangana,514,NALGONDA,MEDLACHERUVU,-,-,Krishna,Krishna,-,-,-,Krishna,Yes,22.0540,40.00
KRSNWDP,Krishna at Wadenepally,Krishna,2026-02-03 21:30:00+00:00,22.054,DANGER,18.45,19.84,23.07,16.79416667,80.07305556,KRSNWDP_2026-02-03T21:30:00+0000_22.0540,13676,13676,CWC,36,Telangana,514,NALGONDA,MEDLACHERUVU,-,-,Krishna,Krishna,-,-,-,Krishna,Yes,22.0540,40.00
KRSNWDP,Krishna at Wadenepally,Krishna,2026-02-03 22:30:00+00:00,22.054,DANGER,18.45,19.84,23.07,16.79416667,80.07305556,KRSNWDP_2026-02-03T22:30:00+0000_22.0540,13677,13677,CWC,36,Telangana,514,NALGONDA,MEDLACHERUVU,-,-,Krishna,Krishna,-,-,-,Krishna,Yes,22.0540,40.00
KRSNWDP,Krishna at Wadenepally,Krishna,2026-02-03 23:30:00+00:00,22.054,DANGER,18.45,19.84,23.07,16.79416667,80.07305556,KRSNWDP_2026-02-03T23:30:00+0000_22.0540,13678,13678,CWC,36,Telangana,514,NALGONDA,MEDLACHERUVU,-,-,Krishna,Krishna,-,-,-,Krishna,Yes,22.0540,40.00
KRSNWDP,Krishna at Wadenepally,Krishna,2026-02-04 00:30:00+00:00,22.054,DANGER,18.45,19.84,23.07,16.79416667,80.07305556,KRSNWDP_2026-02-04T00:30:00+0000_22.0540,13679,13679,CWC,36,Telangana,514,NALGONDA,MEDLACHERUVU,-,-,Krishna,Krishna,-,-,-,Krishna,Yes,22.0540,40.00
KRSNWDP,Krishna at Wadenepally,Krishna,2026-02-04 01:30:00+00:00,22.054,DANGER,18.45,19.84,23.07,16.79416667,80.07305556,KRSNWDP_2026-02-04T01:30:00+0000_22.0540,13680,13680,CWC,36,Telangana,514,NALGONDA,MEDLACHERUVU,-,-,Krishna,Krishna,-,-,-,Krishna,Yes,22.0540,40.00
KRSNWDP,Krishna at Wadenepally,Krishna,2026-02-04 02:30:00+00:00,22.054,DANGER,18.45,19.84,23.07,16.79416667,80.07305556,KRSNWDP_2026-02-04T02:30:00+0000_22.0540,13681,13681,CWC,36,Telangana,514,NALGONDA,MEDLACHERUVU,-,-,Krishna,Krishna,-,-,-,Krishna,Yes,22.0540,40.00
KRSNWDP,Krishna at Wadenepally,Krishna,2026-02-04 03:30:00+00:00,22.054,DANGER,18.45,19.84,23.07,16.79416667,80.07305556,KRSNWDP_2026-02-04T03:30:00+0000_22.0540,13682,13682,CWC,36,Telangana,514,NALGONDA,MEDLACHERUVU,-,-,Krishna,Krishna,-,-,-,Krishna,Yes,22.0540,40.00
KRSNWDP,Krishna at Wadenepally,Krishna,2026-02-04 04:30:00+00:00,22.054,DANGER,18.45,19.84,23.07,16.79416667,80.07305556,KRSNWDP_2026-02-04T04:30:00+0000_22.0540,13683,13683,CWC,36,Telangana,514,NALGONDA,MEDLACHERUVU,-,-,Krishna,Krishna,-,-,-,Krishna,Yes,22.0540,40.00
KRSNWDP,Krishna at Wadenepally,Krishna,2026-02-04 05:30:00+00:00,22.054,DANGER,18.45,19.84,23.07,16.79416667,80.07305556,KRSNWDP_2026-02-04T05:30:00+0000_22.0540,13684,13684,CWC,36,Telangana,514,NALGONDA,MEDLACHERUVU,-,-,Krishna,Krishna,-,-,-,Krishna,Yes,22.0540,40.00
KRSNWDP,Krishna at Wadenepally,Krishna,2026-02-04 06:30:00+00:00,22.054,DANGER,18.45,19.84,23.07,16.79416667,80.07305556,KRSNWDP_2026-02-04T06:30:00+0000_22.0540,13685,13685,CWC,36,Telangana,514,NALGONDA,MEDLACHERUVU,-,-,Krishna,Krishna,-,-,-,Krishna,Yes,22.0540,40.00
KRSNWDP,Krishna at Wadenepally,Krishna,2026-02-04 07:30:00+00:00,22.054,DANGER,18.45,19.84,23.07,16.79416667,80.07305556,KRSNWDP_2026-02-04T07:30:00+0000_22.0540,13686,13686,CWC,36,Telangana,514,NALGONDA,MEDLACHERUVU,-,-,Krishna,Krishna,-,-,-,Krishna,Yes,22.0540,40.00
KRSNWDP,Krishna at Wadenepally,Krishna,2026-02-04 08:30:00+00:00,22.054,DANGER,18.45,19.84,23.07,16.79416667,80.07305556,KRSNWDP_2026-02-04T08:30:00+0000_22.0540,13687,13687,CWC,36,Telangana,514,NALGONDA,MEDLACHERUVU,-,-,Krishna,Krishna,-,-,-,Krishna,Yes,22.0540,40.00
KRSNWDP,Krishna at Wadenepally,Krishna,2026-02-04 09:30:00+00:00,22.054,DANGER,18.45,19.84,23.07,16.79416667,80.07305556,KRSNWDP_2026-02-04T09:30:00+0000_22.0540,13688,13688,CWC,36,Telangana,514,NALGONDA,MEDLACHERUVU,-,-,Krishna,Krishna,-,-,-,Krishna,Yes,22.0540,40.00
KRSNWDP,Krishna at Wadenepally,Krishna,2026-02-04 10:30:00+00:00,22.054,DANGER,18.45,19.84,23.07,16.79416667,80.07305556,KRSNWDP_2026-02-04T10:30:00+0000_22.0540,13689,13689,CWC,36,Telangana,514,NALGONDA,MEDLACHERUVU,-,-,Krishna,Krishna,-,-,-,Krishna,Yes,22.0540,40.00
KRSNWDP,Krishna at Wadenepally,Krishna,2026-02-04 12:30:00+00:00,22.054,DANGER,18.45,19.84,23.07,16.79416667,80.07305556,KRSNWDP_2026-02-04T12:30:00+0000_22.0540,13690,13690,CWC,36,Telangana,514,NALGONDA,MEDLACHERUVU,-,-,Krishna,Krishna,-,-,-,Krishna,Yes,22.0540,40.00
KRSNWDP,Krishna at Wadenepally,Krishna,2026-02-04 14:30:00+00:00,22.054,DANGER,18.45,19.84,23.07,16.79416667,80.07305556,KRSNWDP_2026-02-04T14:30:00+0000_22.0540,13691,13691,CWC,36,Telangana,514,NALGONDA,MEDLACHERUVU,-,-,Krishna,Krishna,-,-,-,Krishna,Yes,22.0540,40.00
KRSNWDP,Krishna at Wadenepally,Krishna,2026-02-04 16:30:00+00:00,22.054,DANGER,18.45,19.84,23.07,16.79416667,80.07305556,KRSNWDP_2026-02-04T16:30:00+0000_22.0540,13692,13692,CWC,36,Telangana,514,NALGONDA,MEDLACHERUVU,-,-,Krishna,Krishna,-,-,-,Krishna,Yes,22.0540,40.00
KRSNWDP,Krishna at Wadenepally,Krishna,2026-02-04 17:30:00+00:00,22.054,DANGER,18.45,19.84,23.07,16.79416667,80.07305556,KRSNWDP_2026-02-04T17:30:00+0000_22.0540,13693,13693,CWC,36,Telangana,514,NALGONDA,MEDLACHERUVU,-,-,Krishna,Krishna,-,-,-,Krishna,Yes,22.0540,40.00
KRSNWDP,Krishna at Wadenepally,Krishna,2026-02-04 19:30:00+00:00,22.054,DANGER,18.45,19.84,23.07,16.79416667,80.07305556,KRSNWDP_2026-02-04T19:30:00+0000_22.0540,13694,13694,CWC,36,Telangana,514,NALGONDA,MEDLACHERUVU,-,-,Krishna,Krishna,-,-,-,Krishna,Yes,22.0540,40.00
KRSNWDP,Krishna at Wadenepally,Krishna,2026-02-04 21:30:00+00:00,22.054,DANGER,18.45,19.84,23.07,16.79416667,80.07305556,KRSNWDP_2026-02-04T21:30:00+0000_22.0540,13695,13695,CWC,36,Telangana,514,NALGONDA,MEDLACHERUVU,-,-,Krishna,Krishna,-,-,-,Krishna,Yes,22.0540,40.00
KRSNWDP,Krishna at Wadenepally,Krishna,2026-02-04 23:30:00+00:00,22.054,DANGER,18.45,19.84,23.07,16.79416667,80.07305556,KRSNWDP_2026-02-04T23:30:00+0000_22.0540,13696,13696,CWC,36,Telangana,514,NALGONDA,MEDLACHERUVU,-,-,Krishna,Krishna,-,-,-,Krishna,Yes,22.0540,40.00
KRSNWDP,Krishna at Wadenepally,Krishna,2026-02-05 00:30:00+00:00,22.054,DANGER,18.45,19.84,23.07,16.79416667,80.07305556,KRSNWDP_2026-02-05T00:30:00+0000_22.0540,13697,13697,CWC,36,Telangana,514,NALGONDA,MEDLACHERUVU,-,-,Krishna,Krishna,-,-,-,Krishna,Yes,22.0540,40.00
KRSNWDP,Krishna at Wadenepally,Krishna,2026-02-05 01:30:00+00:00,22.054,DANGER,18.45,19.84,23.07,16.79416667,80.07305556,KRSNWDP_2026-02-05T01:30:00+0000_22.0540,13698,13698,CWC,36,Telangana,514,NALGONDA,MEDLACHERUVU,-,-,Krishna,Krishna,-,-,-,Krishna,Yes,22.0540,40.00
KRSNWDP,Krishna at Wadenepally,Krishna,2026-02-05 03:30:00+00:00,22.054,DANGER,18.45,19.84,23.07,16.79416667,80.07305556,KRSNWDP_2026-02-05T03:30:00+0000_22.0540,13699,13699,CWC,36,Telangana,514,NALGONDA,MEDLACHERUVU,-,-,Krishna,Krishna,-,-,-,Krishna,Yes,22.0540,40.00
KRSNWDP,Krishna at Wadenepally,Krishna,2026-02-05 06:30:00+00:00,22.054,DANGER,18.45,19.84,23.07,16.79416667,80.07305556,KRSNWDP_2026-02-05T06:30:00+0000_22.0540,13700,13700,CWC,36,Telangana,514,NALGONDA,MEDLACHERUVU,-,-,Krishna,Krishna,-,-,-,Krishna,Yes,22.0540,40.00
KRSNWDP,Krishna at Wadenepally,Krishna,2026-02-05 09:30:00+00:00,22.054,DANGER,18.45,19.84,23.07,16.79416667,80.07305556,KRSNWDP_2026-02-05T09:30:00+0000_22.0540,13701,13701,CWC,36,Telangana,514,NALGONDA,MEDLACHERUVU,-,-,Krishna,Krishna,-,-,-,Krishna,Yes,22.0540,40.00
KRSNWDP,Krishna at Wadenepally,Krishna,2026-02-05 11:30:00+00:00,22.054,DANGER,18.45,19.84,23.07,16.79416667,80.07305556,KRSNWDP_2026-02-05T11:30:00+0000_22.0540,13702,13702,CWC,36,Telangana,514,NALGONDA,MEDLACHERUVU,-,-,Krishna,Krishna,-,-,-,Krishna,Yes,22.0540,40.00
KRSNWDP,Krishna at Wadenepally,Krishna,2026-02-05 14:30:00+00:00,22.054,DANGER,18.45,19.84,23.07,16.79416667,80.07305556,KRSNWDP_2026-02-05T14:30:00+0000_22.0540,13703,13703,CWC,36,Telangana,514,NALGONDA,MEDLACHERUVU,-,-,Krishna,Krishna,-,-,-,Krishna,Yes,22.0540,40.00
KRSNWDP,Krishna at Wadenepally,Krishna,2026-02-05 15:30:00+00:00,22.054,DANGER,18.45,19.84,23.07,16.79416667,80.07305556,KRSNWDP_2026-02-05T15:30:00+0000_22.0540,13704,13704,CWC,36,Telangana,514,NALGONDA,MEDLACHERUVU,-,-,Krishna,Krishna,-,-,-,Krishna,Yes,22.0540,40.00
KRSNWDP,Krishna at Wadenepally,Krishna,2026-02-05 16:30:00+00:00,22.054,DANGER,18.45,19.84,23.07,16.79416667,80.07305556,KRSNWDP_2026-02-05T16:30:00+0000_22.0540,13705,13705,CWC,36,Telangana,514,NALGONDA,MEDLACHERUVU,-,-,Krishna,Krishna,-,-,-,Krishna,Yes,22.0540,40.00
KRSNWDP,Krishna at Wadenepally,Krishna,2026-02-05 17:30:00+00:00,22.054,DANGER,18.45,19.84,23.07,16.79416667,80.07305556,KRSNWDP_2026-02-05T17:30:00+0000_22.0540,13706,13706,CWC,36,Telangana,514,NALGONDA,MEDLACHERUVU,-,-,Krishna,Krishna,-,-,-,Krishna,Yes,22.0540,40.00
KRSNWDP,Krishna at Wadenepally,Krishna,2026-02-05 19:30:00+00:00,22.054,DANGER,18.45,19.84,23.07,16.79416667,80.07305556,KRSNWDP_2026-02-05T19:30:00+0000_22.0540,13707,13707,CWC,36,Telangana,514,NALGONDA,MEDLACHERUVU,-,-,Krishna,Krishna,-,-,-,Krishna,Yes,22.0540,40.00
KRSNWDP,Krishna at Wadenepally,Krishna,2026-02-05 20:30:00+00:00,22.054,DANGER,18.45,19.84,23.07,16.79416667,80.07305556,KRSNWDP_2026-02-05T20:30:00+0000_22.0540,13708,13708,CWC,36,Telangana,514,NALGONDA,MEDLACHERUVU,-,-,Krishna,Krishna,-,-,-,Krishna,Yes,22.0540,40.00
KRSNWDP,Krishna at Wadenepally,Krishna,2026-02-05 21:30:00+00:00,22.054,DANGER,18.45,19.84,23.07,16.79416667,80.07305556,KRSNWDP_2026-02-05T21:30:00+0000_22.0540,13709,13709,CWC,36,Telangana,514,NALGONDA,MEDLACHERUVU,-,-,Krishna,Krishna,-,-,-,Krishna,Yes,22.0540,40.00
KRSNWDP,Krishna at Wadenepally,Krishna,2026-02-05 22:30:00+00:00,22.054,DANGER,18.45,19.84,23.07,16.79416667,80.07305556,KRSNWDP_2026-02-05T22:30:00+0000_22.0540,13710,13710,CWC,36,Telangana,514,NALGONDA,MEDLACHERUVU,-,-,Krishna,Krishna,-,-,-,Krishna,Yes,22.0540,40.00
KRSNWDP,Krishna at Wadenepally,Krishna,2026-02-05 23:30:00+00:00,22.054,DANGER,18.45,19.84,23.07,16.79416667,80.07305556,KRSNWDP_2026-02-05T23:30:00+0000_22.0540,13711,13711,CWC,36,Telangana,514,NALGONDA,MEDLACHERUVU,-,-,Krishna,Krishna,-,-,-,Krishna,Yes,22.0540,40.00
KRSNWDP,Krishna at Wadenepally,Krishna,2026-02-06 00:30:00+00:00,22.054,DANGER,18.45,19.84,23.07,16.79416667,80.07305556,KRSNWDP_2026-02-06T00:30:00+0000_22.0540,13712,13712,CWC,36,Telangana,514,NALGONDA,MEDLACHERUVU,-,-,Krishna,Krishna,-,-,-,Krishna,Yes,22.0540,40.00
KRSNWDP,Krishna at Wadenepally,Krishna,2026-02-06 01:30:00+00:00,22.054,DANGER,18.45,19.84,23.07,16.79416667,80.07305556,KRSNWDP_2026-02-06T01:30:00+0000_22.0540,13713,13713,CWC,36,Telangana,514,NALGONDA,MEDLACHERUVU,-,-,Krishna,Krishna,-,-,-,Krishna,Yes,22.0540,40.00
KRSNWDP,Krishna at Wadenepally,Krishna,2026-02-06 02:30:00+00:00,22.054,DANGER,18.45,19.84,23.07,16.79416667,80.07305556,KRSNWDP_2026-02-06T02:30:00+0000_22.0540,13714,13714,CWC,36,Telangana,514,NALGONDA,MEDLACHERUVU,-,-,Krishna,Krishna,-,-,-,Krishna,Yes,22.0540,40.00
KRSNWDP,Krishna at Wadenepally,Krishna,2026-02-06 03:30:00+00:00,22.054,DANGER,18.45,19.84,23.07,16.79416667,80.07305556,KRSNWDP_2026-02-06T03:30:00+0000_22.0540,13715,13715,CWC,36,Telangana,514,NALGONDA,MEDLACHERUVU,-,-,Krishna,Krishna,-,-,-,Krishna,Yes,22.0540,40.00
KRSNWDP,Krishna at Wadenepally,Krishna,2026-02-06 04:30:00+00:00,22.054,DANGER,18.45,19.84,23.07,16.79416667,80.07305556,KRSNWDP_2026-02-06T04:30:00+0000_22.0540,13716,13716,CWC,36,Telangana,514,NALGONDA,MEDLACHERUVU,-,-,Krishna,Krishna,-,-,-,Krishna,Yes,22.0540,40.00
KRSNWDP,Krishna at Wadenepally,Krishna,2026-02-06 05:30:00+00:00,22.054,DANGER,18.45,19.84,23.07,16.79416667,80.07305556,KRSNWDP_2026-02-06T05:30:00+0000_22.0540,13717,13717,CWC,36,Telangana,514,NALGONDA,MEDLACHERUVU,-,-,Krishna,Krishna,-,-,-,Krishna,Yes,22.0540,40.00
KRSNWDP,Krishna at Wadenepally,Krishna,2026-02-06 06:30:00+00:00,22.054,DANGER,18.45,19.84,23.07,16.79416667,80.07305556,KRSNWDP_2026-02-06T06:30:00+0000_22.0540,13718,13718,CWC,36,Telangana,514,NALGONDA,MEDLACHERUVU,-,-,Krishna,Krishna,-,-,-,Krishna,Yes,22.0540,40.00
KRSNWDP,Krishna at Wadenepally,Krishna,2026-02-06 07:30:00+00:00,22.054,DANGER,18.45,19.84,23.07,16.79416667,80.07305556,KRSNWDP_2026-02-06T07:30:00+0000_22.0540,13719,13719,CWC,36,Telangana,514,NALGONDA,MEDLACHERUVU,-,-,Krishna,Krishna,-,-,-,Krishna,Yes,22.0540,40.00
KRSNWDP,Krishna at Wadenepally,Krishna,2026-02-06 08:30:00+00:00,22.054,DANGER,18.45,19.84,23.07,16.79416667,80.07305556,KRSNWDP_2026-02-06T08:30:00+0000_22.0540,13720,13720,CWC,36,Telangana,514,NALGONDA,MEDLACHERUVU,-,-,Krishna,Krishna,-,-,-,Krishna,Yes,22.0540,40.00
KRSNWDP,Krishna at Wadenepally,Krishna,2026-02-06 09:30:00+00:00,22.054,DANGER,18.45,19.84,23.07,16.79416667,80.07305556,KRSNWDP_2026-02-06T09:30:00+0000_22.0540,13721,13721,CWC,36,Telangana,514,NALGONDA,MEDLACHERUVU,-,-,Krishna,Krishna,-,-,-,Krishna,Yes,22.0540,40.00
KRSNWDP,Krishna at Wadenepally,Krishna,2026-02-06 10:30:00+00:00,22.054,DANGER,18.45,19.84,23.07,16.79416667,80.07305556,KRSNWDP_2026-02-06T10:30:00+0000_22.0540,13722,13722,CWC,36,Telangana,514,NALGONDA,MEDLACHERUVU,-,-,Krishna,Krishna,-,-,-,Krishna,Yes,22.0540,40.00
KRSNWDP,Krishna at Wadenepally,Krishna,2026-02-06 11:30:00+00:00,22.054,DANGER,18.45,19.84,23.07,16.79416667,80.07305556,KRSNWDP_2026-02-06T11:30:00+0000_22.0540,13723,13723,CWC,36,Telangana,514,NALGONDA,MEDLACHERUVU,-,-,Krishna,Krishna,-,-,-,Krishna,Yes,22.0540,40.00
KRSNWDP,Krishna at Wadenepally,Krishna,2026-02-06 12:30:00+00:00,22.054,DANGER,18.45,19.84,23.07,16.79416667,80.07305556,KRSNWDP_2026-02-06T12:30:00+0000_22.0540,13724,13724,CWC,36,Telangana,514,NALGONDA,MEDLACHERUVU,-,-,Krishna,Krishna,-,-,-,Krishna,Yes,22.0540,40.00
KRSNWDP,Krishna at Wadenepally,Krishna,2026-02-06 13:30:00+00:00,22.054,DANGER,18.45,19.84,23.07,16.79416667,80.07305556,KRSNWDP_2026-02-06T13:30:00+0000_22.0540,13725,13725,CWC,36,Telangana,514,NALGONDA,MEDLACHERUVU,-,-,Krishna,Krishna,-,-,-,Krishna,Yes,22.0540,40.00
KRSNWDP,Krishna at Wadenepally,Krishna,2026-02-06 14:30:00+00:00,22.054,DANGER,18.45,19.84,23.07,16.79416667,80.07305556,KRSNWDP_2026-02-06T14:30:00+0000_22.0540,13726,13726,CWC,36,Telangana,514,NALGONDA,MEDLACHERUVU,-,-,Krishna,Krishna,-,-,-,Krishna,Yes,22.0540,40.00
KRSNWDP,Krishna at Wadenepally,Krishna,2026-02-06 15:30:00+00:00,22.054,DANGER,18.45,19.84,23.07,16.79416667,80.07305556,KRSNWDP_2026-02-06T15:30:00+0000_22.0540,13727,13727,CWC,36,Telangana,514,NALGONDA,MEDLACHERUVU,-,-,Krishna,Krishna,-,-,-,Krishna,Yes,22.0540,40.00
KRSNWDP,Krishna at Wadenepally,Krishna,2026-02-06 16:30:00+00:00,22.054,DANGER,18.45,19.84,23.07,16.79416667,80.07305556,KRSNWDP_2026-02-06T16:30:00+0000_22.0540,13728,13728,CWC,36,Telangana,514,NALGONDA,MEDLACHERUVU,-,-,Krishna,Krishna,-,-,-,Krishna,Yes,22.0540,40.00
KRSNWDP,Krishna at Wadenepally,Krishna,2026-02-06 17:30:00+00:00,22.054,DANGER,18.45,19.84,23.07,16.79416667,80.07305556,KRSNWDP_2026-02-06T17:30:00+0000_22.0540,13729,13729,CWC,36,Telangana,514,NALGONDA,MEDLACHERUVU,-,-,Krishna,Krishna,-,-,-,Krishna,Yes,22.0540,40.00
KRSNWDP,Krishna at Wadenepally,Krishna,2026-02-06 18:30:00+00:00,22.054,DANGER,18.45,19.84,23.07,16.79416667,80.07305556,KRSNWDP_2026-02-06T18:30:00+0000_22.0540,13730,13730,CWC,36,Telangana,514,NALGONDA,MEDLACHERUVU,-,-,Krishna,Krishna,-,-,-,Krishna,Yes,22.0540,40.00
KRSNWDP,Krishna at Wadenepally,Krishna,2026-02-06 19:30:00+00:00,22.054,DANGER,18.45,19.84,23.07,16.79416667,80.07305556,KRSNWDP_2026-02-06T19:30:00+0000_22.0540,13731,13731,CWC,36,Telangana,514,NALGONDA,MEDLACHERUVU,-,-,Krishna,Krishna,-,-,-,Krishna,Yes,22.0540,40.00
KRSNWDP,Krishna at Wadenepally,Krishna,2026-02-06 20:30:00+00:00,22.054,DANGER,18.45,19.84,23.07,16.79416667,80.07305556,KRSNWDP_2026-02-06T20:30:00+0000_22.0540,13732,13732,CWC,36,Telangana,514,NALGONDA,MEDLACHERUVU,-,-,Krishna,Krishna,-,-,-,Krishna,Yes,22.0540,40.00
KRSNWDP,Krishna at Wadenepally,Krishna,2026-02-06 21:30:00+00:00,22.054,DANGER,18.45,19.84,23.07,16.79416667,80.07305556,KRSNWDP_2026-02-06T21:30:00+0000_22.0540,13733,13733,CWC,36,Telangana,514,NALGONDA,MEDLACHERUVU,-,-,Krishna,Krishna,-,-,-,Krishna,Yes,22.0540,40.00
KRSNWDP,Krishna at Wadenepally,Krishna,2026-02-06 22:30:00+00:00,22.054,DANGER,18.45,19.84,23.07,16.79416667,80.07305556,KRSNWDP_2026-02-06T22:30:00+0000_22.0540,13734,13734,CWC,36,Telangana,514,NALGONDA,MEDLACHERUVU,-,-,Krishna,Krishna,-,-,-,Krishna,Yes,22.0540,40.00
KRSNWDP,Krishna at Wadenepally,Krishna,2026-02-06 23:30:00+00:00,22.054,DANGER,18.45,19.84,23.07,16.79416667,80.07305556,KRSNWDP_2026-02-06T23:30:00+0000_22.0540,13735,13735,CWC,36,Telangana,514,NALGONDA,MEDLACHERUVU,-,-,Krishna,Krishna,-,-,-,Krishna,Yes,22.0540,40.00
KRSNWDP,Krishna at Wadenepally,Krishna,2026-02-07 00:30:00+00:00,22.054,DANGER,18.45,19.84,23.07,16.79416667,80.07305556,KRSNWDP_2026-02-07T00:30:00+0000_22.0540,13736,13736,CWC,36,Telangana,514,NALGONDA,MEDLACHERUVU,-,-,Krishna,Krishna,-,-,-,Krishna,Yes,22.0540,40.00
KRSNWDP,Krishna at Wadenepally,Krishna,2026-02-07 02:30:00+00:00,22.054,DANGER,18.45,19.84,23.07,16.79416667,80.07305556,KRSNWDP_2026-02-07T02:30:00+0000_22.0540,13737,13737,CWC,36,Telangana,514,NALGONDA,MEDLACHERUVU,-,-,Krishna,Krishna,-,-,-,Krishna,Yes,22.0540,40.00
KRSNWDP,Krishna at Wadenepally,Krishna,2026-02-07 03:30:00+00:00,22.054,DANGER,18.45,19.84,23.07,16.79416667,80.07305556,KRSNWDP_2026-02-07T03:30:00+0000_22.0540,13738,13738,CWC,36,Telangana,514,NALGONDA,MEDLACHERUVU,-,-,Krishna,Krishna,-,-,-,Krishna,Yes,22.0540,40.00
KRSNWDP,Krishna at Wadenepally,Krishna,2026-02-07 04:30:00+00:00,22.054,DANGER,18.45,19.84,23.07,16.79416667,80.07305556,KRSNWDP_2026-02-07T04:30:00+0000_22.0540,13739,13739,CWC,36,Telangana,514,NALGONDA,MEDLACHERUVU,-,-,Krishna,Krishna,-,-,-,Krishna,Yes,22.0540,40.00
KRSNWDP,Krishna at Wadenepally,Krishna,2026-02-07 05:30:00+00:00,22.054,DANGER,18.45,19.84,23.07,16.79416667,80.07305556,KRSNWDP_2026-02-07T05:30:00+0000_22.0540,13740,13740,CWC,36,Telangana,514,NALGONDA,MEDLACHERUVU,-,-,Krishna,Krishna,-,-,-,Krishna,Yes,22.0540,40.00
KRSNWDP,Krishna at Wadenepally,Krishna,2026-02-07 06:30:00+00:00,22.054,DANGER,18.45,19.84,23.07,16.79416667,80.07305556,KRSNWDP_2026-02-07T06:30:00+0000_22.0540,13741,13741,CWC,36,Telangana,514,NALGONDA,MEDLACHERUVU,-,-,Krishna,Krishna,-,-,-,Krishna,Yes,22.0540,40.00
KRSNWDP,Krishna at Wadenepally,Krishna,2026-02-07 07:30:00+00:00,22.054,DANGER,18.45,19.84,23.07,16.79416667,80.07305556,KRSNWDP_2026-02-07T07:30:00+0000_22.0540,13742,13742,CWC,36,Telangana,514,NALGONDA,MEDLACHERUVU,-,-,Krishna,Krishna,-,-,-,Krishna,Yes,22.0540,40.00
KRSNWDP,Krishna at Wadenepally,Krishna,2026-02-07 08:30:00+00:00,22.054,DANGER,18.45,19.84,23.07,16.79416667,80.07305556,KRSNWDP_2026-02-07T08:30:00+0000_22.0540,13743,13743,CWC,36,Telangana,514,NALGONDA,MEDLACHERUVU,-,-,Krishna,Krishna,-,-,-,Krishna,Yes,22.0540,40.00
KRSNWDP,Krishna at Wadenepally,Krishna,2026-02-07 09:30:00+00:00,22.054,DANGER,18.45,19.84,23.07,16.79416667,80.07305556,KRSNWDP_2026-02-07T09:30:00+0000_22.0540,13744,13744,CWC,36,Telangana,514,NALGONDA,MEDLACHERUVU,-,-,Krishna,Krishna,-,-,-,Krishna,Yes,22.0540,40.00
KRSNWDP,Krishna at Wadenepally,Krishna,2026-02-07 10:30:00+00:00,22.054,DANGER,18.45,19.84,23.07,16.79416667,80.07305556,KRSNWDP_2026-02-07T10:30:00+0000_22.0540,13745,13745,CWC,36,Telangana,514,NALGONDA,MEDLACHERUVU,-,-,Krishna,Krishna,-,-,-,Krishna,Yes,22.0540,40.00
KRSNWDP,Krishna at Wadenepally,Krishna,2026-02-07 11:30:00+00:00,22.054,DANGER,18.45,19.84,23.07,16.79416667,80.07305556,KRSNWDP_2026-02-07T11:30:00+0000_22.0540,13746,13746,CWC,36,Telangana,514,NALGONDA,MEDLACHERUVU,-,-,Krishna,Krishna,-,-,-,Krishna,Yes,22.0540,40.00
KRSNWDP,Krishna at Wadenepally,Krishna,2026-02-07 12:30:00+00:00,22.054,DANGER,18.45,19.84,23.07,16.79416667,80.07305556,KRSNWDP_2026-02-07T12:30:00+0000_22.0540,13747,13747,CWC,36,Telangana,514,NALGONDA,MEDLACHERUVU,-,-,Krishna,Krishna,-,-,-,Krishna,Yes,22.0540,40.00
KRSNWDP,Krishna at Wadenepally,Krishna,2026-02-07 13:30:00+00:00,22.054,DANGER,18.45,19.84,23.07,16.79416667,80.07305556,KRSNWDP_2026-02-07T13:30:00+0000_22.0540,13748,13748,CWC,36,Telangana,514,NALGONDA,MEDLACHERUVU,-,-,Krishna,Krishna,-,-,-,Krishna,Yes,22.0540,40.00
KRSNWDP,Krishna at Wadenepally,Krishna,2026-02-07 14:30:00+00:00,22.054,DANGER,18.45,19.84,23.07,16.79416667,80.07305556,KRSNWDP_2026-02-07T14:30:00+0000_22.0540,13749,13749,CWC,36,Telangana,514,NALGONDA,MEDLACHERUVU,-,-,Krishna,Krishna,-,-,-,Krishna,Yes,22.0540,40.00
KRSNWDP,Krishna at Wadenepally,Krishna,2026-02-07 15:30:00+00:00,22.054,DANGER,18.45,19.84,23.07,16.79416667,80.07305556,KRSNWDP_2026-02-07T15:30:00+0000_22.0540,13750,13750,CWC,36,Telangana,514,NALGONDA,MEDLACHERUVU,-,-,Krishna,Krishna,-,-,-,Krishna,Yes,22.0540,40.00
KRSNWDP,Krishna at Wadenepally,Krishna,2026-02-07 16:30:00+00:00,22.054,DANGER,18.45,19.84,23.07,16.79416667,80.07305556,KRSNWDP_2026-02-07T16:30:00+0000_22.0540,13751,13751,CWC,36,Telangana,514,NALGONDA,MEDLACHERUVU,-,-,Krishna,Krishna,-,-,-,Krishna,Yes,22.0540,40.00
KRSNWDP,Krishna at Wadenepally,Krishna,2026-02-07 17:30:00+00:00,22.054,DANGER,18.45,19.84,23.07,16.79416667,80.07305556,KRSNWDP_2026-02-07T17:30:00+0000_22.0540,13752,13752,CWC,36,Telangana,514,NALGONDA,MEDLACHERUVU,-,-,Krishna,Krishna,-,-,-,Krishna,Yes,22.0540,40.00
KRSNWDP,Krishna at Wadenepally,Krishna,2026-02-07 18:30:00+00:00,22.054,DANGER,18.45,19.84,23.07,16.79416667,80.07305556,KRSNWDP_2026-02-07T18:30:00+0000_22.0540,13753,13753,CWC,36,Telangana,514,NALGONDA,MEDLACHERUVU,-,-,Krishna,Krishna,-,-,-,Krishna,Yes,22.0540,40.00
KRSNWDP,Krishna at Wadenepally,Krishna,2026-02-07 19:30:00+00:00,22.054,DANGER,18.45,19.84,23.07,16.79416667,80.07305556,KRSNWDP_2026-02-07T19:30:00+0000_22.0540,13754,13754,CWC,36,Telangana,514,NALGONDA,MEDLACHERUVU,-,-,Krishna,Krishna,-,-,-,Krishna,Yes,22.0540,40.00
KRSNWDP,Krishna at Wadenepally,Krishna,2026-02-07 20:30:00+00:00,22.054,DANGER,18.45,19.84,23.07,16.79416667,80.07305556,KRSNWDP_2026-02-07T20:30:00+0000_22.0540,13755,13755,CWC,36,Telangana,514,NALGONDA,MEDLACHERUVU,-,-,Krishna,Krishna,-,-,-,Krishna,Yes,22.0540,40.00
KRSNWDP,Krishna at Wadenepally,Krishna,2026-02-07 21:30:00+00:00,22.054,DANGER,18.45,19.84,23.07,16.79416667,80.07305556,KRSNWDP_2026-02-07T21:30:00+0000_22.0540,13756,13756,CWC,36,Telangana,514,NALGONDA,MEDLACHERUVU,-,-,Krishna,Krishna,-,-,-,Krishna,Yes,22.0540,40.00
KRSNWDP,Krishna at Wadenepally,Krishna,2026-02-07 22:30:00+00:00,22.054,DANGER,18.45,19.84,23.07,16.79416667,80.07305556,KRSNWDP_2026-02-07T22:30:00+0000_22.0540,13757,13757,CWC,36,Telangana,514,NALGONDA,MEDLACHERUVU,-,-,Krishna,Krishna,-,-,-,Krishna,Yes,22.0540,40.00
KRSNWDP,Krishna at Wadenepally,Krishna,2026-02-07 23:30:00+00:00,22.054,DANGER,18.45,19.84,23.07,16.79416667,80.07305556,KRSNWDP_2026-02-07T23:30:00+0000_22.0540,13758,13758,CWC,36,Telangana,514,NALGONDA,MEDLACHERUVU,-,-,Krishna,Krishna,-,-,-,Krishna,Yes,22.0540,40.00
KRSNWDP,Krishna at Wadenepally,Krishna,2026-02-08 00:30:00+00:00,22.054,DANGER,18.45,19.84,23.07,16.79416667,80.07305556,KRSNWDP_2026-02-08T00:30:00+0000_22.0540,13759,13759,CWC,36,Telangana,514,NALGONDA,MEDLACHERUVU,-,-,Krishna,Krishna,-,-,-,Krishna,Yes,22.0540,40.00
KRSNWDP,Krishna at Wadenepally,Krishna,2026-02-08 01:30:00+00:00,22.054,DANGER,18.45,19.84,23.07,16.79416667,80.07305556,KRSNWDP_2026-02-08T01:30:00+0000_22.0540,13760,13760,CWC,36,Telangana,514,NALGONDA,MEDLACHERUVU,-,-,Krishna,Krishna,-,-,-,Krishna,Yes,22.0540,40.00
KRSNWDP,Krishna at Wadenepally,Krishna,2026-02-08 02:30:00+00:00,22.054,DANGER,18.45,19.84,23.07,16.79416667,80.07305556,KRSNWDP_2026-02-08T02:30:00+0000_22.0540,13761,13761,CWC,36,Telangana,514,NALGONDA,MEDLACHERUVU,-,-,Krishna,Krishna,-,-,-,Krishna,Yes,22.0540,40.00
KRSNWDP,Krishna at Wadenepally,Krishna,2026-02-08 03:30:00+00:00,22.054,DANGER,18.45,19.84,23.07,16.79416667,80.07305556,KRSNWDP_2026-02-08T03:30:00+0000_22.0540,13762,13762,CWC,36,Telangana,514,NALGONDA,MEDLACHERUVU,-,-,Krishna,Krishna,-,-,-,Krishna,Yes,22.0540,40.00
KRSNWDP,Krishna at Wadenepally,Krishna,2026-02-08 04:30:00+00:00,22.054,DANGER,18.45,19.84,23.07,16.79416667,80.07305556,KRSNWDP_2026-02-08T04:30:00+0000_22.0540,13763,13763,CWC,36,Telangana,514,NALGONDA,MEDLACHERUVU,-,-,Krishna,Krishna,-,-,-,Krishna,Yes,22.0540,40.00
KRSNWDP,Krishna at Wadenepally,Krishna,2026-02-08 05:30:00+00:00,22.054,DANGER,18.45,19.84,23.07,16.79416667,80.07305556,KRSNWDP_2026-02-08T05:30:00+0000_22.0540,13764,13764,CWC,36,Telangana,514,NALGONDA,MEDLACHERUVU,-,-,Krishna,Krishna,-,-,-,Krishna,Yes,22.0540,40.00
KRSNWDP,Krishna at Wadenepally,Krishna,2026-02-08 06:30:00+00:00,22.054,DANGER,18.45,19.84,23.07,16.79416667,80.07305556,KRSNWDP_2026-02-08T06:30:00+0000_22.0540,13765,13765,CWC,36,Telangana,514,NALGONDA,MEDLACHERUVU,-,-,Krishna,Krishna,-,-,-,Krishna,Yes,22.0540,40.00
KRSNWDP,Krishna at Wadenepally,Krishna,2026-02-08 07:30:00+00:00,22.054,DANGER,18.45,19.84,23.07,16.79416667,80.07305556,KRSNWDP_2026-02-08T07:30:00+0000_22.0540,13766,13766,CWC,36,Telangana,514,NALGONDA,MEDLACHERUVU,-,-,Krishna,Krishna,-,-,-,Krishna,Yes,22.0540,40.00
KRSNWDP,Krishna at Wadenepally,Krishna,2026-02-08 08:30:00+00:00,22.054,DANGER,18.45,19.84,23.07,16.79416667,80.07305556,KRSNWDP_2026-02-08T08:30:00+0000_22.0540,13767,13767,CWC,36,Telangana,514,NALGONDA,MEDLACHERUVU,-,-,Krishna,Krishna,-,-,-,Krishna,Yes,22.0540,40.00
KRSNWDP,Krishna at Wadenepally,Krishna,2026-02-08 09:30:00+00:00,22.054,DANGER,18.45,19.84,23.07,16.79416667,80.07305556,KRSNWDP_2026-02-08T09:30:00+0000_22.0540,13768,13768,CWC,36,Telangana,514,NALGONDA,MEDLACHERUVU,-,-,Krishna,Krishna,-,-,-,Krishna,Yes,22.0540,40.00
KRSNWDP,Krishna at Wadenepally,Krishna,2026-02-08 10:30:00+00:00,22.054,DANGER,18.45,19.84,23.07,16.79416667,80.07305556,KRSNWDP_2026-02-08T10:30:00+0000_22.0540,13769,13769,CWC,36,Telangana,514,NALGONDA,MEDLACHERUVU,-,-,Krishna,Krishna,-,-,-,Krishna,Yes,22.0540,40.00
KRSNWDP,Krishna at Wadenepally,Krishna,2026-02-08 11:30:00+00:00,22.054,DANGER,18.45,19.84,23.07,16.79416667,80.07305556,KRSNWDP_2026-02-08T11:30:00+0000_22.0540,13770,13770,CWC,36,Telangana,514,NALGONDA,MEDLACHERUVU,-,-,Krishna,Krishna,-,-,-,Krishna,Yes,22.0540,40.00
KRSNWDP,Krishna at Wadenepally,Krishna,2026-02-08 12:30:00+00:00,22.054,DANGER,18.45,19.84,23.07,16.79416667,80.07305556,KRSNWDP_2026-02-08T12:30:00+0000_22.0540,13771,13771,CWC,36,Telangana,514,NALGONDA,MEDLACHERUVU,-,-,Krishna,Krishna,-,-,-,Krishna,Yes,22.0540,40.00
KRSNWDP,Krishna at Wadenepally,Krishna,2026-02-08 13:30:00+00:00,22.054,DANGER,18.45,19.84,23.07,16.79416667,80.07305556,KRSNWDP_2026-02-08T13:30:00+0000_22.0540,13772,13772,CWC,36,Telangana,514,NALGONDA,MEDLACHERUVU,-,-,Krishna,Krishna,-,-,-,Krishna,Yes,22.0540,40.00
KRSNWDP,Krishna at Wadenepally,Krishna,2026-02-08 14:30:00+00:00,22.054,DANGER,18.45,19.84,23.07,16.79416667,80.07305556,KRSNWDP_2026-02-08T14:30:00+0000_22.0540,13773,13773,CWC,36,Telangana,514,NALGONDA,MEDLACHERUVU,-,-,Krishna,Krishna,-,-,-,Krishna,Yes,22.0540,40.00
KRSNWDP,Krishna at Wadenepally,Krishna,2026-02-08 15:30:00+00:00,22.054,DANGER,18.45,19.84,23.07,16.79416667,80.07305556,KRSNWDP_2026-02-08T15:30:00+0000_22.0540,13774,13774,CWC,36,Telangana,514,NALGONDA,MEDLACHERUVU,-,-,Krishna,Krishna,-,-,-,Krishna,Yes,22.0540,40.00
KRSNWDP,Krishna at Wadenepally,Krishna,2026-02-08 16:30:00+00:00,22.054,DANGER,18.45,19.84,23.07,16.79416667,80.07305556,KRSNWDP_2026-02-08T16:30:00+0000_22.0540,13775,13775,CWC,36,Telangana,514,NALGONDA,MEDLACHERUVU,-,-,Krishna,Krishna,-,-,-,Krishna,Yes,22.0540,40.00
KRSNWDP,Krishna at Wadenepally,Krishna,2026-02-08 17:30:00+00:00,22.054,DANGER,18.45,19.84,23.07,16.79416667,80.07305556,KRSNWDP_2026-02-08T17:30:00+0000_22.0540,13776,13776,CWC,36,Telangana,514,NALGONDA,MEDLACHERUVU,-,-,Krishna,Krishna,-,-,-,Krishna,Yes,22.0540,40.00
KRSNWDP,Krishna at Wadenepally,Krishna,2026-02-08 18:30:00+00:00,22.054,DANGER,18.45,19.84,23.07,16.79416667,80.07305556,KRSNWDP_2026-02-08T18:30:00+0000_22.0540,13777,13777,CWC,36,Telangana,514,NALGONDA,MEDLACHERUVU,-,-,Krishna,Krishna,-,-,-,Krishna,Yes,22.0540,40.00
KRSNWDP,Krishna at Wadenepally,Krishna,2026-02-08 19:30:00+00:00,22.054,DANGER,18.45,19.84,23.07,16.79416667,80.07305556,KRSNWDP_2026-02-08T19:30:00+0000_22.0540,13778,13778,CWC,36,Telangana,514,NALGONDA,MEDLACHERUVU,-,-,Krishna,Krishna,-,-,-,Krishna,Yes,22.0540,40.00
KRSNWDP,Krishna at Wadenepally,Krishna,2026-02-08 20:30:00+00:00,22.054,DANGER,18.45,19.84,23.07,16.79416667,80.07305556,KRSNWDP_2026-02-08T20:30:00+0000_22.0540,13779,13779,CWC,36,Telangana,514,NALGONDA,MEDLACHERUVU,-,-,Krishna,Krishna,-,-,-,Krishna,Yes,22.0540,40.00
KRSNWDP,Krishna at Wadenepally,Krishna,2026-02-08 21:30:00+00:00,22.054,DANGER,18.45,19.84,23.07,16.79416667,80.07305556,KRSNWDP_2026-02-08T21:30:00+0000_22.0540,13780,13780,CWC,36,Telangana,514,NALGONDA,MEDLACHERUVU,-,-,Krishna,Krishna,-,-,-,Krishna,Yes,22.0540,40.00
KRSNWDP,Krishna at Wadenepally,Krishna,2026-02-08 22:30:00+00:00,22.054,DANGER,18.45,19.84,23.07,16.79416667,80.07305556,KRSNWDP_2026-02-08T22:30:00+0000_22.0540,13781,13781,CWC,36,Telangana,514,NALGONDA,MEDLACHERUVU,-,-,Krishna,Krishna,-,-,-,Krishna,Yes,22.0540,40.00
KRSNWDP,Krishna at Wadenepally,Krishna,2026-02-08 23:30:00+00:00,22.054,DANGER,18.45,19.84,23.07,16.79416667,80.07305556,KRSNWDP_2026-02-08T23:30:00+0000_22.0540,13782,13782,CWC,36,Telangana,514,NALGONDA,MEDLACHERUVU,-,-,Krishna,Krishna,-,-,-,Krishna,Yes,22.0540,40.00
KRSNWDP,Krishna at Wadenepally,Krishna,2026-02-09 01:30:00+00:00,22.054,DANGER,18.45,19.84,23.07,16.79416667,80.07305556,KRSNWDP_2026-02-09T01:30:00+0000_22.0540,13783,13783,CWC,36,Telangana,514,NALGONDA,MEDLACHERUVU,-,-,Krishna,Krishna,-,-,-,Krishna,Yes,22.0540,40.00
KRSNWDP,Krishna at Wadenepally,Krishna,2026-02-09 02:30:00+00:00,22.054,DANGER,18.45,19.84,23.07,16.79416667,80.07305556,KRSNWDP_2026-02-09T02:30:00+0000_22.0540,13784,13784,CWC,36,Telangana,514,NALGONDA,MEDLACHERUVU,-,-,Krishna,Krishna,-,-,-,Krishna,Yes,22.0540,40.00
KRSNWDP,Krishna at Wadenepally,Krishna,2026-02-09 03:30:00+00:00,22.054,DANGER,18.45,19.84,23.07,16.79416667,80.07305556,KRSNWDP_2026-02-09T03:30:00+0000_22.0540,13785,13785,CWC,36,Telangana,514,NALGONDA,MEDLACHERUVU,-,-,Krishna,Krishna,-,-,-,Krishna,Yes,22.0540,40.00
KRSNWDP,Krishna at Wadenepally,Krishna,2026-02-09 04:30:00+00:00,22.054,DANGER,18.45,19.84,23.07,16.79416667,80.07305556,KRSNWDP_2026-02-09T04:30:00+0000_22.0540,13786,13786,CWC,36,Telangana,514,NALGONDA,MEDLACHERUVU,-,-,Krishna,Krishna,-,-,-,Krishna,Yes,22.0540,40.00
KRSNWDP,Krishna at Wadenepally,Krishna,2026-02-09 05:30:00+00:00,22.054,DANGER,18.45,19.84,23.07,16.79416667,80.07305556,KRSNWDP_2026-02-09T05:30:00+0000_22.0540,13787,13787,CWC,36,Telangana,514,NALGONDA,MEDLACHERUVU,-,-,Krishna,Krishna,-,-,-,Krishna,Yes,22.0540,40.00
KRSNWDP,Krishna at Wadenepally,Krishna,2026-02-09 06:30:00+00:00,22.054,DANGER,18.45,19.84,23.07,16.79416667,80.07305556,KRSNWDP_2026-02-09T06:30:00+0000_22.0540,13788,13788,CWC,36,Telangana,514,NALGONDA,MEDLACHERUVU,-,-,Krishna,Krishna,-,-,-,Krishna,Yes,22.0540,40.00
KRSNWDP,Krishna at Wadenepally,Krishna,2026-02-09 07:30:00+00:00,22.054,DANGER,18.45,19.84,23.07,16.79416667,80.07305556,KRSNWDP_2026-02-09T07:30:00+0000_22.0540,13789,13789,CWC,36,Telangana,514,NALGONDA,MEDLACHERUVU,-,-,Krishna,Krishna,-,-,-,Krishna,Yes,22.0540,40.00
KRSNWDP,Krishna at Wadenepally,Krishna,2026-02-09 08:30:00+00:00,22.054,DANGER,18.45,19.84,23.07,16.79416667,80.07305556,KRSNWDP_2026-02-09T08:30:00+0000_22.0540,13790,13790,CWC,36,Telangana,514,NALGONDA,MEDLACHERUVU,-,-,Krishna,Krishna,-,-,-,Krishna,Yes,22.0540,40.00
KRSNWDP,Krishna at Wadenepally,Krishna,2026-02-09 09:30:00+00:00,22.054,DANGER,18.45,19.84,23.07,16.79416667,80.07305556,KRSNWDP_2026-02-09T09:30:00+0000_22.0540,13791,13791,CWC,36,Telangana,514,NALGONDA,MEDLACHERUVU,-,-,Krishna,Krishna,-,-,-,Krishna,Yes,22.0540,40.00
KRSNWDP,Krishna at Wadenepally,Krishna,2026-02-09 10:30:00+00:00,22.054,DANGER,18.45,19.84,23.07,16.79416667,80.07305556,KRSNWDP_2026-02-09T10:30:00+0000_22.0540,13792,13792,CWC,36,Telangana,514,NALGONDA,MEDLACHERUVU,-,-,Krishna,Krishna,-,-,-,Krishna,Yes,22.0540,40.00
KRSNWDP,Krishna at Wadenepally,Krishna,2026-02-09 11:30:00+00:00,22.054,DANGER,18.45,19.84,23.07,16.79416667,80.07305556,KRSNWDP_2026-02-09T11:30:00+0000_22.0540,13793,13793,CWC,36,Telangana,514,NALGONDA,MEDLACHERUVU,-,-,Krishna,Krishna,-,-,-,Krishna,Yes,22.0540,40.00
KRSNWDP,Krishna at Wadenepally,Krishna,2026-02-09 12:30:00+00:00,22.054,DANGER,18.45,19.84,23.07,16.79416667,80.07305556,KRSNWDP_2026-02-09T12:30:00+0000_22.0540,13794,13794,CWC,36,Telangana,514,NALGONDA,MEDLACHERUVU,-,-,Krishna,Krishna,-,-,-,Krishna,Yes,22.0540,40.00
KRSNWDP,Krishna at Wadenepally,Krishna,2026-02-09 13:30:00+00:00,22.054,DANGER,18.45,19.84,23.07,16.79416667,80.07305556,KRSNWDP_2026-02-09T13:30:00+0000_22.0540,13795,13795,CWC,36,Telangana,514,NALGONDA,MEDLACHERUVU,-,-,Krishna,Krishna,-,-,-,Krishna,Yes,22.0540,40.00
KRSNWDP,Krishna at Wadenepally,Krishna,2026-02-09 14:30:00+00:00,22.054,DANGER,18.45,19.84,23.07,16.79416667,80.07305556,KRSNWDP_2026-02-09T14:30:00+0000_22.0540,13796,13796,CWC,36,Telangana,514,NALGONDA,MEDLACHERUVU,-,-,Krishna,Krishna,-,-,-,Krishna,Yes,22.0540,40.00
KRSNWDP,Krishna at Wadenepally,Krishna,2026-02-09 15:30:00+00:00,22.054,DANGER,18.45,19.84,23.07,16.79416667,80.07305556,KRSNWDP_2026-02-09T15:30:00+0000_22.0540,13797,13797,CWC,36,Telangana,514,NALGONDA,MEDLACHERUVU,-,-,Krishna,Krishna,-,-,-,Krishna,Yes,22.0540,40.00
KRSNWDP,Krishna at Wadenepally,Krishna,2026-02-09 16:30:00+00:00,22.054,DANGER,18.45,19.84,23.07,16.79416667,80.07305556,KRSNWDP_2026-02-09T16:30:00+0000_22.0540,13798,13798,CWC,36,Telangana,514,NALGONDA,MEDLACHERUVU,-,-,Krishna,Krishna,-,-,-,Krishna,Yes,22.0540,40.00
KRSNWDP,Krishna at Wadenepally,Krishna,2026-02-09 17:30:00+00:00,22.054,DANGER,18.45,19.84,23.07,16.79416667,80.07305556,KRSNWDP_2026-02-09T17:30:00+0000_22.0540,13799,13799,CWC,36,Telangana,514,NALGONDA,MEDLACHERUVU,-,-,Krishna,Krishna,-,-,-,Krishna,Yes,22.0540,40.00
KRSNWDP,Krishna at Wadenepally,Krishna,2026-02-09 18:30:00+00:00,22.054,DANGER,18.45,19.84,23.07,16.79416667,80.07305556,KRSNWDP_2026-02-09T18:30:00+0000_22.0540,13800,13800,CWC,36,Telangana,514,NALGONDA,MEDLACHERUVU,-,-,Krishna,Krishna,-,-,-,Krishna,Yes,22.0540,40.00
KRSNWDP,Krishna at Wadenepally,Krishna,2026-02-09 19:30:00+00:00,22.054,DANGER,18.45,19.84,23.07,16.79416667,80.07305556,KRSNWDP_2026-02-09T19:30:00+0000_22.0540,13801,13801,CWC,36,Telangana,514,NALGONDA,MEDLACHERUVU,-,-,Krishna,Krishna,-,-,-,Krishna,Yes,22.0540,40.00
KRSNWDP,Krishna at Wadenepally,Krishna,2026-02-09 20:30:00+00:00,22.054,DANGER,18.45,19.84,23.07,16.79416667,80.07305556,KRSNWDP_2026-02-09T20:30:00+0000_22.0540,13802,13802,CWC,36,Telangana,514,NALGONDA,MEDLACHERUVU,-,-,Krishna,Krishna,-,-,-,Krishna,Yes,22.0540,40.00
KRSNWDP,Krishna at Wadenepally,Krishna,2026-02-09 21:30:00+00:00,22.054,DANGER,18.45,19.84,23.07,16.79416667,80.07305556,KRSNWDP_2026-02-09T21:30:00+0000_22.0540,13803,13803,CWC,36,Telangana,514,NALGONDA,MEDLACHERUVU,-,-,Krishna,Krishna,-,-,-,Krishna,Yes,22.0540,40.00
KRSNWDP,Krishna at Wadenepally,Krishna,2026-02-09 22:30:00+00:00,22.054,DANGER,18.45,19.84,23.07,16.79416667,80.07305556,KRSNWDP_2026-02-09T22:30:00+0000_22.0540,13804,13804,CWC,36,Telangana,514,NALGONDA,MEDLACHERUVU,-,-,Krishna,Krishna,-,-,-,Krishna,Yes,22.0540,40.00
KRSNWDP,Krishna at Wadenepally,Krishna,2026-02-09 23:30:00+00:00,22.054,DANGER,18.45,19.84,23.07,16.79416667,80.07305556,KRSNWDP_2026-02-09T23:30:00+0000_22.0540,13805,13805,CWC,36,Telangana,514,NALGONDA,MEDLACHERUVU,-,-,Krishna,Krishna,-,-,-,Krishna,Yes,22.0540,40.00
KRSNWDP,Krishna at Wadenepally,Krishna,2026-02-10 00:30:00+00:00,22.054,DANGER,18.45,19.84,23.07,16.79416667,80.07305556,KRSNWDP_2026-02-10T00:30:00+0000_22.0540,13806,13806,CWC,36,Telangana,514,NALGONDA,MEDLACHERUVU,-,-,Krishna,Krishna,-,-,-,Krishna,Yes,22.0540,40.00
KRSNWDP,Krishna at Wadenepally,Krishna,2026-02-10 01:30:00+00:00,22.054,DANGER,18.45,19.84,23.07,16.79416667,80.07305556,KRSNWDP_2026-02-10T01:30:00+0000_22.0540,13807,13807,CWC,36,Telangana,514,NALGONDA,MEDLACHERUVU,-,-,Krishna,Krishna,-,-,-,Krishna,Yes,22.0540,40.00
KRSNWDP,Krishna at Wadenepally,Krishna,2026-02-10 02:30:00+00:00,22.054,DANGER,18.45,19.84,23.07,16.79416667,80.07305556,KRSNWDP_2026-02-10T02:30:00+0000_22.0540,13808,13808,CWC,36,Telangana,514,NALGONDA,MEDLACHERUVU,-,-,Krishna,Krishna,-,-,-,Krishna,Yes,22.0540,40.00
KRSNWDP,Krishna at Wadenepally,Krishna,2026-02-10 03:30:00+00:00,22.054,DANGER,18.45,19.84,23.07,16.79416667,80.07305556,KRSNWDP_2026-02-10T03:30:00+0000_22.0540,13809,13809,CWC,36,Telangana,514,NALGONDA,MEDLACHERUVU,-,-,Krishna,Krishna,-,-,-,Krishna,Yes,22.0540,40.00
KRSNWDP,Krishna at Wadenepally,Krishna,2026-02-10 04:30:00+00:00,22.054,DANGER,18.45,19.84,23.07,16.79416667,80.07305556,KRSNWDP_2026-02-10T04:30:00+0000_22.0540,13810,13810,CWC,36,Telangana,514,NALGONDA,MEDLACHERUVU,-,-,Krishna,Krishna,-,-,-,Krishna,Yes,22.0540,40.00
KRSNWDP,Krishna at Wadenepally,Krishna,2026-02-10 22:30:00+00:00,22.054,DANGER,18.45,19.84,23.07,16.79416667,80.07305556,KRSNWDP_2026-02-10T22:30:00+0000_22.0540,13811,13811,CWC,36,Telangana,514,NALGONDA,MEDLACHERUVU,-,-,Krishna,Krishna,-,-,-,Krishna,Yes,22.0540,40.00
KRSNWDP,Krishna at Wadenepally,Krishna,2026-02-10 23:30:00+00:00,22.054,DANGER,18.45,19.84,23.07,16.79416667,80.07305556,KRSNWDP_2026-02-10T23:30:00+0000_22.0540,13812,13812,CWC,36,Telangana,514,NALGONDA,MEDLACHERUVU,-,-,Krishna,Krishna,-,-,-,Krishna,Yes,22.0540,40.00
KRSNWDP,Krishna at Wadenepally,Krishna,2026-02-11 00:30:00+00:00,22.054,DANGER,18.45,19.84,23.07,16.79416667,80.07305556,KRSNWDP_2026-02-11T00:30:00+0000_22.0540,13813,13813,CWC,36,Telangana,514,NALGONDA,MEDLACHERUVU,-,-,Krishna,Krishna,-,-,-,Krishna,Yes,22.0540,40.00
KRSNWDP,Krishna at Wadenepally,Krishna,2026-02-11 01:30:00+00:00,22.054,DANGER,18.45,19.84,23.07,16.79416667,80.07305556,KRSNWDP_2026-02-11T01:30:00+0000_22.0540,13814,13814,CWC,36,Telangana,514,NALGONDA,MEDLACHERUVU,-,-,Krishna,Krishna,-,-,-,Krishna,Yes,22.0540,40.00
KRSNWDP,Krishna at Wadenepally,Krishna,2026-02-11 02:30:00+00:00,22.054,DANGER,18.45,19.84,23.07,16.79416667,80.07305556,KRSNWDP_2026-02-11T02:30:00+0000_22.0540,13815,13815,CWC,36,Telangana,514,NALGONDA,MEDLACHERUVU,-,-,Krishna,Krishna,-,-,-,Krishna,Yes,22.0540,40.00
KRSNWDP,Krishna at Wadenepally,Krishna,2026-02-11 03:30:00+00:00,22.054,DANGER,18.45,19.84,23.07,16.79416667,80.07305556,KRSNWDP_2026-02-11T03:30:00+0000_22.0540,13816,13816,CWC,36,Telangana,514,NALGONDA,MEDLACHERUVU,-,-,Krishna,Krishna,-,-,-,Krishna,Yes,22.0540,40.00
KRSNWDP,Krishna at Wadenepally,Krishna,2026-02-11 04:30:00+00:00,22.054,DANGER,18.45,19.84,23.07,16.79416667,80.07305556,KRSNWDP_2026-02-11T04:30:00+0000_22.0540,13817,13817,CWC,36,Telangana,514,NALGONDA,MEDLACHERUVU,-,-,Krishna,Krishna,-,-,-,Krishna,Yes,22.0540,40.00
KRSNWDP,Krishna at Wadenepally,Krishna,2026-02-11 05:30:00+00:00,22.054,DANGER,18.45,19.84,23.07,16.79416667,80.07305556,KRSNWDP_2026-02-11T05:30:00+0000_22.0540,13818,13818,CWC,36,Telangana,514,NALGONDA,MEDLACHERUVU,-,-,Krishna,Krishna,-,-,-,Krishna,Yes,22.0540,40.00
KRSNWDP,Krishna at Wadenepally,Krishna,2026-02-11 06:30:00+00:00,22.054,DANGER,18.45,19.84,23.07,16.79416667,80.07305556,KRSNWDP_2026-02-11T06:30:00+0000_22.0540,13819,13819,CWC,36,Telangana,514,NALGONDA,MEDLACHERUVU,-,-,Krishna,Krishna,-,-,-,Krishna,Yes,22.0540,40.00
KRSNWDP,Krishna at Wadenepally,Krishna,2026-02-11 07:30:00+00:00,22.054,DANGER,18.45,19.84,23.07,16.79416667,80.07305556,KRSNWDP_2026-02-11T07:30:00+0000_22.0540,13820,13820,CWC,36,Telangana,514,NALGONDA,MEDLACHERUVU,-,-,Krishna,Krishna,-,-,-,Krishna,Yes,22.0540,40.00
KRSNWDP,Krishna at Wadenepally,Krishna,2026-02-11 08:30:00+00:00,22.054,DANGER,18.45,19.84,23.07,16.79416667,80.07305556,KRSNWDP_2026-02-11T08:30:00+0000_22.0540,13821,13821,CWC,36,Telangana,514,NALGONDA,MEDLACHERUVU,-,-,Krishna,Krishna,-,-,-,Krishna,Yes,22.0540,40.00
KRSNWDP,Krishna at Wadenepally,Krishna,2026-02-11 09:30:00+00:00,22.054,DANGER,18.45,19.84,23.07,16.79416667,80.07305556,KRSNWDP_2026-02-11T09:30:00+0000_22.0540,13822,13822,CWC,36,Telangana,514,NALGONDA,MEDLACHERUVU,-,-,Krishna,Krishna,-,-,-,Krishna,Yes,22.0540,40.00
KRSNWDP,Krishna at Wadenepally,Krishna,2026-02-11 10:30:00+00:00,22.054,DANGER,18.45,19.84,23.07,16.79416667,80.07305556,KRSNWDP_2026-02-11T10:30:00+0000_22.0540,13823,13823,CWC,36,Telangana,514,NALGONDA,MEDLACHERUVU,-,-,Krishna,Krishna,-,-,-,Krishna,Yes,22.0540,40.00
KRSNWDP,Krishna at Wadenepally,Krishna,2026-02-11 11:30:00+00:00,22.054,DANGER,18.45,19.84,23.07,16.79416667,80.07305556,KRSNWDP_2026-02-11T11:30:00+0000_22.0540,13824,13824,CWC,36,Telangana,514,NALGONDA,MEDLACHERUVU,-,-,Krishna,Krishna,-,-,-,Krishna,Yes,22.0540,40.00
KRSNWDP,Krishna at Wadenepally,Krishna,2026-02-11 12:30:00+00:00,22.054,DANGER,18.45,19.84,23.07,16.79416667,80.07305556,KRSNWDP_2026-02-11T12:30:00+0000_22.0540,13825,13825,CWC,36,Telangana,514,NALGONDA,MEDLACHERUVU,-,-,Krishna,Krishna,-,-,-,Krishna,Yes,22.0540,40.00
KRSNWDP,Krishna at Wadenepally,Krishna,2026-02-11 13:30:00+00:00,22.054,DANGER,18.45,19.84,23.07,16.79416667,80.07305556,KRSNWDP_2026-02-11T13:30:00+0000_22.0540,13826,13826,CWC,36,Telangana,514,NALGONDA,MEDLACHERUVU,-,-,Krishna,Krishna,-,-,-,Krishna,Yes,22.0540,40.00
KRSNWDP,Krishna at Wadenepally,Krishna,2026-02-11 14:30:00+00:00,22.054,DANGER,18.45,19.84,23.07,16.79416667,80.07305556,KRSNWDP_2026-02-11T14:30:00+0000_22.0540,13827,13827,CWC,36,Telangana,514,NALGONDA,MEDLACHERUVU,-,-,Krishna,Krishna,-,-,-,Krishna,Yes,22.0540,40.00
KRSNWDP,Krishna at Wadenepally,Krishna,2026-02-11 15:30:00+00:00,22.054,DANGER,18.45,19.84,23.07,16.79416667,80.07305556,KRSNWDP_2026-02-11T15:30:00+0000_22.0540,13828,13828,CWC,36,Telangana,514,NALGONDA,MEDLACHERUVU,-,-,Krishna,Krishna,-,-,-,Krishna,Yes,22.0540,40.00
KRSNWDP,Krishna at Wadenepally,Krishna,2026-02-11 16:30:00+00:00,22.054,DANGER,18.45,19.84,23.07,16.79416667,80.07305556,KRSNWDP_2026-02-11T16:30:00+0000_22.0540,13829,13829,CWC,36,Telangana,514,NALGONDA,MEDLACHERUVU,-,-,Krishna,Krishna,-,-,-,Krishna,Yes,22.0540,40.00
KRSNWDP,Krishna at Wadenepally,Krishna,2026-02-11 17:30:00+00:00,22.054,DANGER,18.45,19.84,23.07,16.79416667,80.07305556,KRSNWDP_2026-02-11T17:30:00+0000_22.0540,13830,13830,CWC,36,Telangana,514,NALGONDA,MEDLACHERUVU,-,-,Krishna,Krishna,-,-,-,Krishna,Yes,22.0540,40.00
KRSNWDP,Krishna at Wadenepally,Krishna,2026-02-11 18:30:00+00:00,22.054,DANGER,18.45,19.84,23.07,16.79416667,80.07305556,KRSNWDP_2026-02-11T18:30:00+0000_22.0540,13831,13831,CWC,36,Telangana,514,NALGONDA,MEDLACHERUVU,-,-,Krishna,Krishna,-,-,-,Krishna,Yes,22.0540,40.00
KRSNWDP,Krishna at Wadenepally,Krishna,2026-02-11 19:30:00+00:00,22.054,DANGER,18.45,19.84,23.07,16.79416667,80.07305556,KRSNWDP_2026-02-11T19:30:00+0000_22.0540,13832,13832,CWC,36,Telangana,514,NALGONDA,MEDLACHERUVU,-,-,Krishna,Krishna,-,-,-,Krishna,Yes,22.0540,40.00
KRSNWDP,Krishna at Wadenepally,Krishna,2026-02-11 20:30:00+00:00,22.054,DANGER,18.45,19.84,23.07,16.79416667,80.07305556,KRSNWDP_2026-02-11T20:30:00+0000_22.0540,13833,13833,CWC,36,Telangana,514,NALGONDA,MEDLACHERUVU,-,-,Krishna,Krishna,-,-,-,Krishna,Yes,22.0540,40.00
KRSNWDP,Krishna at Wadenepally,Krishna,2026-02-11 21:30:00+00:00,22.054,DANGER,18.45,19.84,23.07,16.79416667,80.07305556,KRSNWDP_2026-02-11T21:30:00+0000_22.0540,13834,13834,CWC,36,Telangana,514,NALGONDA,MEDLACHERUVU,-,-,Krishna,Krishna,-,-,-,Krishna,Yes,22.0540,40.00
KRSNWDP,Krishna at Wadenepally,Krishna,2026-02-11 22:30:00+00:00,22.054,DANGER,18.45,19.84,23.07,16.79416667,80.07305556,KRSNWDP_2026-02-11T22:30:00+0000_22.0540,13835,13835,CWC,36,Telangana,514,NALGONDA,MEDLACHERUVU,-,-,Krishna,Krishna,-,-,-,Krishna,Yes,22.0540,40.00
KRSNWDP,Krishna at Wadenepally,Krishna,2026-02-11 23:30:00+00:00,22.054,DANGER,18.45,19.84,23.07,16.79416667,80.07305556,KRSNWDP_2026-02-11T23:30:00+0000_22.0540,13836,13836,CWC,36,Telangana,514,NALGONDA,MEDLACHERUVU,-,-,Krishna,Krishna,-,-,-,Krishna,Yes,22.0540,40.00
KRSNWDP,Krishna at Wadenepally,Krishna,2026-02-12 00:30:00+00:00,22.054,DANGER,18.45,19.84,23.07,16.79416667,80.07305556,KRSNWDP_2026-02-12T00:30:00+0000_22.0540,13837,13837,CWC,36,Telangana,514,NALGONDA,MEDLACHERUVU,-,-,Krishna,Krishna,-,-,-,Krishna,Yes,22.0540,40.00
KRSNWDP,Krishna at Wadenepally,Krishna,2026-02-12 01:30:00+00:00,22.054,DANGER,18.45,19.84,23.07,16.79416667,80.07305556,KRSNWDP_2026-02-12T01:30:00+0000_22.0540,13838,13838,CWC,36,Telangana,514,NALGONDA,MEDLACHERUVU,-,-,Krishna,Krishna,-,-,-,Krishna,Yes,22.0540,40.00
KRSNWDP,Krishna at Wadenepally,Krishna,2026-02-12 02:30:00+00:00,22.054,DANGER,18.45,19.84,23.07,16.79416667,80.07305556,KRSNWDP_2026-02-12T02:30:00+0000_22.0540,13839,13839,CWC,36,Telangana,514,NALGONDA,MEDLACHERUVU,-,-,Krishna,Krishna,-,-,-,Krishna,Yes,22.0540,40.00
KRSNWDP,Krishna at Wadenepally,Krishna,2026-02-12 03:30:00+00:00,22.054,DANGER,18.45,19.84,23.07,16.79416667,80.07305556,KRSNWDP_2026-02-12T03:30:00+0000_22.0540,13840,13840,CWC,36,Telangana,514,NALGONDA,MEDLACHERUVU,-,-,Krishna,Krishna,-,-,-,Krishna,Yes,22.0540,40.00
KRSNWDP,Krishna at Wadenepally,Krishna,2026-02-12 04:30:00+00:00,22.054,DANGER,18.45,19.84,23.07,16.79416667,80.07305556,KRSNWDP_2026-02-12T04:30:00+0000_22.0540,13841,13841,CWC,36,Telangana,514,NALGONDA,MEDLACHERUVU,-,-,Krishna,Krishna,-,-,-,Krishna,Yes,22.0540,40.00
KRSNWDP,Krishna at Wadenepally,Krishna,2026-02-12 05:30:00+00:00,22.054,DANGER,18.45,19.84,23.07,16.79416667,80.07305556,KRSNWDP_2026-02-12T05:30:00+0000_22.0540,13842,13842,CWC,36,Telangana,514,NALGONDA,MEDLACHERUVU,-,-,Krishna,Krishna,-,-,-,Krishna,Yes,22.0540,40.00
KRSNWDP,Krishna at Wadenepally,Krishna,2026-02-12 06:30:00+00:00,22.054,DANGER,18.45,19.84,23.07,16.79416667,80.07305556,KRSNWDP_2026-02-12T06:30:00+0000_22.0540,13843,13843,CWC,36,Telangana,514,NALGONDA,MEDLACHERUVU,-,-,Krishna,Krishna,-,-,-,Krishna,Yes,22.0540,40.00
KRSNWDP,Krishna at Wadenepally,Krishna,2026-02-12 07:30:00+00:00,22.054,DANGER,18.45,19.84,23.07,16.79416667,80.07305556,KRSNWDP_2026-02-12T07:30:00+0000_22.0540,13844,13844,CWC,36,Telangana,514,NALGONDA,MEDLACHERUVU,-,-,Krishna,Krishna,-,-,-,Krishna,Yes,22.0540,40.00
KRSNWDP,Krishna at Wadenepally,Krishna,2026-02-12 08:30:00+00:00,22.054,DANGER,18.45,19.84,23.07,16.79416667,80.07305556,KRSNWDP_2026-02-12T08:30:00+0000_22.0540,13845,13845,CWC,36,Telangana,514,NALGONDA,MEDLACHERUVU,-,-,Krishna,Krishna,-,-,-,Krishna,Yes,22.0540,40.00
KRSNWDP,Krishna at Wadenepally,Krishna,2026-02-12 09:30:00+00:00,22.054,DANGER,18.45,19.84,23.07,16.79416667,80.07305556,KRSNWDP_2026-02-12T09:30:00+0000_22.0540,13846,13846,CWC,36,Telangana,514,NALGONDA,MEDLACHERUVU,-,-,Krishna,Krishna,-,-,-,Krishna,Yes,22.0540,40.00
KRSNWDP,Krishna at Wadenepally,Krishna,2026-02-12 10:30:00+00:00,22.054,DANGER,18.45,19.84,23.07,16.79416667,80.07305556,KRSNWDP_2026-02-12T10:30:00+0000_22.0540,13847,13847,CWC,36,Telangana,514,NALGONDA,MEDLACHERUVU,-,-,Krishna,Krishna,-,-,-,Krishna,Yes,22.0540,40.00
KRSNWDP,Krishna at Wadenepally,Krishna,2026-02-12 11:30:00+00:00,22.054,DANGER,18.45,19.84,23.07,16.79416667,80.07305556,KRSNWDP_2026-02-12T11:30:00+0000_22.0540,13848,13848,CWC,36,Telangana,514,NALGONDA,MEDLACHERUVU,-,-,Krishna,Krishna,-,-,-,Krishna,Yes,22.0540,40.00
KRSNWDP,Krishna at Wadenepally,Krishna,2026-02-12 12:30:00+00:00,22.054,DANGER,18.45,19.84,23.07,16.79416667,80.07305556,KRSNWDP_2026-02-12T12:30:00+0000_22.0540,13849,13849,CWC,36,Telangana,514,NALGONDA,MEDLACHERUVU,-,-,Krishna,Krishna,-,-,-,Krishna,Yes,22.0540,40.00
KRSNWDP,Krishna at Wadenepally,Krishna,2026-02-12 13:30:00+00:00,22.054,DANGER,18.45,19.84,23.07,16.79416667,80.07305556,KRSNWDP_2026-02-12T13:30:00+0000_22.0540,13850,13850,CWC,36,Telangana,514,NALGONDA,MEDLACHERUVU,-,-,Krishna,Krishna,-,-,-,Krishna,Yes,22.0540,40.00
KRSNWDP,Krishna at Wadenepally,Krishna,2026-02-12 14:30:00+00:00,22.054,DANGER,18.45,19.84,23.07,16.79416667,80.07305556,KRSNWDP_2026-02-12T14:30:00+0000_22.0540,13851,13851,CWC,36,Telangana,514,NALGONDA,MEDLACHERUVU,-,-,Krishna,Krishna,-,-,-,Krishna,Yes,22.0540,40.00
KRSNWDP,Krishna at Wadenepally,Krishna,2026-02-12 15:30:00+00:00,22.054,DANGER,18.45,19.84,23.07,16.79416667,80.07305556,KRSNWDP_2026-02-12T15:30:00+0000_22.0540,13852,13852,CWC,36,Telangana,514,NALGONDA,MEDLACHERUVU,-,-,Krishna,Krishna,-,-,-,Krishna,Yes,22.0540,40.00
KRSNWDP,Krishna at Wadenepally,Krishna,2026-02-12 16:30:00+00:00,22.054,DANGER,18.45,19.84,23.07,16.79416667,80.07305556,KRSNWDP_2026-02-12T16:30:00+0000_22.0540,13853,13853,CWC,36,Telangana,514,NALGONDA,MEDLACHERUVU,-,-,Krishna,Krishna,-,-,-,Krishna,Yes,22.0540,40.00
KRSNWDP,Krishna at Wadenepally,Krishna,2026-02-12 17:30:00+00:00,22.054,DANGER,18.45,19.84,23.07,16.79416667,80.07305556,KRSNWDP_2026-02-12T17:30:00+0000_22.0540,13854,13854,CWC,36,Telangana,514,NALGONDA,MEDLACHERUVU,-,-,Krishna,Krishna,-,-,-,Krishna,Yes,22.0540,40.00
KRSNWDP,Krishna at Wadenepally,Krishna,2026-02-12 18:30:00+00:00,22.054,DANGER,18.45,19.84,23.07,16.79416667,80.07305556,KRSNWDP_2026-02-12T18:30:00+0000_22.0540,13855,13855,CWC,36,Telangana,514,NALGONDA,MEDLACHERUVU,-,-,Krishna,Krishna,-,-,-,Krishna,Yes,22.0540,40.00
KRSNWDP,Krishna at Wadenepally,Krishna,2026-02-12 19:30:00+00:00,22.054,DANGER,18.45,19.84,23.07,16.79416667,80.07305556,KRSNWDP_2026-02-12T19:30:00+0000_22.0540,13856,13856,CWC,36,Telangana,514,NALGONDA,MEDLACHERUVU,-,-,Krishna,Krishna,-,-,-,Krishna,Yes,22.0540,40.00
KRSNWDP,Krishna at Wadenepally,Krishna,2026-02-12 20:30:00+00:00,22.054,DANGER,18.45,19.84,23.07,16.79416667,80.07305556,KRSNWDP_2026-02-12T20:30:00+0000_22.0540,13857,13857,CWC,36,Telangana,514,NALGONDA,MEDLACHERUVU,-,-,Krishna,Krishna,-,-,-,Krishna,Yes,22.0540,40.00
KRSNWDP,Krishna at Wadenepally,Krishna,2026-02-12 21:30:00+00:00,22.054,DANGER,18.45,19.84,23.07,16.79416667,80.07305556,KRSNWDP_2026-02-12T21:30:00+0000_22.0540,13858,13858,CWC,36,Telangana,514,NALGONDA,MEDLACHERUVU,-,-,Krishna,Krishna,-,-,-,Krishna,Yes,22.0540,40.00
KRSNWDP,Krishna at Wadenepally,Krishna,2026-02-12 22:30:00+00:00,22.054,DANGER,18.45,19.84,23.07,16.79416667,80.07305556,KRSNWDP_2026-02-12T22:30:00+0000_22.0540,13859,13859,CWC,36,Telangana,514,NALGONDA,MEDLACHERUVU,-,-,Krishna,Krishna,-,-,-,Krishna,Yes,22.0540,40.00
KRSNWDP,Krishna at Wadenepally,Krishna,2026-02-12 23:30:00+00:00,22.054,DANGER,18.45,19.84,23.07,16.79416667,80.07305556,KRSNWDP_2026-02-12T23:30:00+0000_22.0540,13860,13860,CWC,36,Telangana,514,NALGONDA,MEDLACHERUVU,-,-,Krishna,Krishna,-,-,-,Krishna,Yes,22.0540,40.00
KRSNWDP,Krishna at Wadenepally,Krishna,2026-02-13 00:30:00+00:00,22.054,DANGER,18.45,19.84,23.07,16.79416667,80.07305556,KRSNWDP_2026-02-13T00:30:00+0000_22.0540,13861,13861,CWC,36,Telangana,514,NALGONDA,MEDLACHERUVU,-,-,Krishna,Krishna,-,-,-,Krishna,Yes,22.0540,40.00
KRSNWDP,Krishna at Wadenepally,Krishna,2026-02-13 01:30:00+00:00,22.054,DANGER,18.45,19.84,23.07,16.79416667,80.07305556,KRSNWDP_2026-02-13T01:30:00+0000_22.0540,13862,13862,CWC,36,Telangana,514,NALGONDA,MEDLACHERUVU,-,-,Krishna,Krishna,-,-,-,Krishna,Yes,22.0540,40.00
KRSNWDP,Krishna at Wadenepally,Krishna,2026-02-13 02:30:00+00:00,22.054,DANGER,18.45,19.84,23.07,16.79416667,80.07305556,KRSNWDP_2026-02-13T02:30:00+0000_22.0540,13863,13863,CWC,36,Telangana,514,NALGONDA,MEDLACHERUVU,-,-,Krishna,Krishna,-,-,-,Krishna,Yes,22.0540,40.00
KRSNWDP,Krishna at Wadenepally,Krishna,2026-02-13 03:30:00+00:00,22.054,DANGER,18.45,19.84,23.07,16.79416667,80.07305556,KRSNWDP_2026-02-13T03:30:00+0000_22.0540,13864,13864,CWC,36,Telangana,514,NALGONDA,MEDLACHERUVU,-,-,Krishna,Krishna,-,-,-,Krishna,Yes,22.0540,40.00
KRSNWDP,Krishna at Wadenepally,Krishna,2026-02-13 04:30:00+00:00,22.054,DANGER,18.45,19.84,23.07,16.79416667,80.07305556,KRSNWDP_2026-02-13T04:30:00+0000_22.0540,13865,13865,CWC,36,Telangana,514,NALGONDA,MEDLACHERUVU,-,-,Krishna,Krishna,-,-,-,Krishna,Yes,22.0540,40.00
KRSNWDP,Krishna at Wadenepally,Krishna,2026-02-13 05:30:00+00:00,22.054,DANGER,18.45,19.84,23.07,16.79416667,80.07305556,KRSNWDP_2026-02-13T05:30:00+0000_22.0540,13866,13866,CWC,36,Telangana,514,NALGONDA,MEDLACHERUVU,-,-,Krishna,Krishna,-,-,-,Krishna,Yes,22.0540,40.00
KRSNWDP,Krishna at Wadenepally,Krishna,2026-02-13 06:30:00+00:00,22.054,DANGER,18.45,19.84,23.07,16.79416667,80.07305556,KRSNWDP_2026-02-13T06:30:00+0000_22.0540,13867,13867,CWC,36,Telangana,514,NALGONDA,MEDLACHERUVU,-,-,Krishna,Krishna,-,-,-,Krishna,Yes,22.0540,40.00
KRSNWDP,Krishna at Wadenepally,Krishna,2026-02-13 07:30:00+00:00,22.054,DANGER,18.45,19.84,23.07,16.79416667,80.07305556,KRSNWDP_2026-02-13T07:30:00+0000_22.0540,13868,13868,CWC,36,Telangana,514,NALGONDA,MEDLACHERUVU,-,-,Krishna,Krishna,-,-,-,Krishna,Yes,22.0540,40.00
KRSNWDP,Krishna at Wadenepally,Krishna,2026-02-13 08:30:00+00:00,22.054,DANGER,18.45,19.84,23.07,16.79416667,80.07305556,KRSNWDP_2026-02-13T08:30:00+0000_22.0540,13869,13869,CWC,36,Telangana,514,NALGONDA,MEDLACHERUVU,-,-,Krishna,Krishna,-,-,-,Krishna,Yes,22.0540,40.00
KRSNWDP,Krishna at Wadenepally,Krishna,2026-02-13 09:30:00+00:00,22.054,DANGER,18.45,19.84,23.07,16.79416667,80.07305556,KRSNWDP_2026-02-13T09:30:00+0000_22.0540,13870,13870,CWC,36,Telangana,514,NALGONDA,MEDLACHERUVU,-,-,Krishna,Krishna,-,-,-,Krishna,Yes,22.0540,40.00
KRSNWDP,Krishna at Wadenepally,Krishna,2026-02-13 10:30:00+00:00,22.054,DANGER,18.45,19.84,23.07,16.79416667,80.07305556,KRSNWDP_2026-02-13T10:30:00+0000_22.0540,13871,13871,CWC,36,Telangana,514,NALGONDA,MEDLACHERUVU,-,-,Krishna,Krishna,-,-,-,Krishna,Yes,22.0540,40.00
KRSNWDP,Krishna at Wadenepally,Krishna,2026-02-13 11:30:00+00:00,22.054,DANGER,18.45,19.84,23.07,16.79416667,80.07305556,KRSNWDP_2026-02-13T11:30:00+0000_22.0540,13872,13872,CWC,36,Telangana,514,NALGONDA,MEDLACHERUVU,-,-,Krishna,Krishna,-,-,-,Krishna,Yes,22.0540,40.00
KRSNWDP,Krishna at Wadenepally,Krishna,2026-02-13 12:30:00+00:00,22.054,DANGER,18.45,19.84,23.07,16.79416667,80.07305556,KRSNWDP_2026-02-13T12:30:00+0000_22.0540,13873,13873,CWC,36,Telangana,514,NALGONDA,MEDLACHERUVU,-,-,Krishna,Krishna,-,-,-,Krishna,Yes,22.0540,40.00
KRSNWDP,Krishna at Wadenepally,Krishna,2026-02-13 13:30:00+00:00,22.054,DANGER,18.45,19.84,23.07,16.79416667,80.07305556,KRSNWDP_2026-02-13T13:30:00+0000_22.0540,13874,13874,CWC,36,Telangana,514,NALGONDA,MEDLACHERUVU,-,-,Krishna,Krishna,-,-,-,Krishna,Yes,22.0540,40.00
KRSNWDP,Krishna at Wadenepally,Krishna,2026-02-13 14:30:00+00:00,22.054,DANGER,18.45,19.84,23.07,16.79416667,80.07305556,KRSNWDP_2026-02-13T14:30:00+0000_22.0540,13875,13875,CWC,36,Telangana,514,NALGONDA,MEDLACHERUVU,-,-,Krishna,Krishna,-,-,-,Krishna,Yes,22.0540,40.00
KRSNWDP,Krishna at Wadenepally,Krishna,2026-02-13 15:30:00+00:00,22.054,DANGER,18.45,19.84,23.07,16.79416667,80.07305556,KRSNWDP_2026-02-13T15:30:00+0000_22.0540,13876,13876,CWC,36,Telangana,514,NALGONDA,MEDLACHERUVU,-,-,Krishna,Krishna,-,-,-,Krishna,Yes,22.0540,40.00
KRSNWDP,Krishna at Wadenepally,Krishna,2026-02-13 16:30:00+00:00,22.054,DANGER,18.45,19.84,23.07,16.79416667,80.07305556,KRSNWDP_2026-02-13T16:30:00+0000_22.0540,13877,13877,CWC,36,Telangana,514,NALGONDA,MEDLACHERUVU,-,-,Krishna,Krishna,-,-,-,Krishna,Yes,22.0540,40.00
KRSNWDP,Krishna at Wadenepally,Krishna,2026-02-13 17:30:00+00:00,22.054,DANGER,18.45,19.84,23.07,16.79416667,80.07305556,KRSNWDP_2026-02-13T17:30:00+0000_22.0540,13878,13878,CWC,36,Telangana,514,NALGONDA,MEDLACHERUVU,-,-,Krishna,Krishna,-,-,-,Krishna,Yes,22.0540,40.00
KRSNWDP,Krishna at Wadenepally,Krishna,2026-02-13 18:30:00+00:00,22.054,DANGER,18.45,19.84,23.07,16.79416667,80.07305556,KRSNWDP_2026-02-13T18:30:00+0000_22.0540,13879,13879,CWC,36,Telangana,514,NALGONDA,MEDLACHERUVU,-,-,Krishna,Krishna,-,-,-,Krishna,Yes,22.0540,40.00
KRSNWDP,Krishna at Wadenepally,Krishna,2026-02-13 19:30:00+00:00,22.054,DANGER,18.45,19.84,23.07,16.79416667,80.07305556,KRSNWDP_2026-02-13T19:30:00+0000_22.0540,13880,13880,CWC,36,Telangana,514,NALGONDA,MEDLACHERUVU,-,-,Krishna,Krishna,-,-,-,Krishna,Yes,22.0540,40.00
KRSNWDP,Krishna at Wadenepally,Krishna,2026-02-13 20:30:00+00:00,22.054,DANGER,18.45,19.84,23.07,16.79416667,80.07305556,KRSNWDP_2026-02-13T20:30:00+0000_22.0540,13881,13881,CWC,36,Telangana,514,NALGONDA,MEDLACHERUVU,-,-,Krishna,Krishna,-,-,-,Krishna,Yes,22.0540,40.00
KRSNWDP,Krishna at Wadenepally,Krishna,2026-02-13 21:30:00+00:00,22.054,DANGER,18.45,19.84,23.07,16.79416667,80.07305556,KRSNWDP_2026-02-13T21:30:00+0000_22.0540,13882,13882,CWC,36,Telangana,514,NALGONDA,MEDLACHERUVU,-,-,Krishna,Krishna,-,-,-,Krishna,Yes,22.0540,40.00
KRSNWDP,Krishna at Wadenepally,Krishna,2026-02-13 22:30:00+00:00,22.054,DANGER,18.45,19.84,23.07,16.79416667,80.07305556,KRSNWDP_2026-02-13T22:30:00+0000_22.0540,13883,13883,CWC,36,Telangana,514,NALGONDA,MEDLACHERUVU,-,-,Krishna,Krishna,-,-,-,Krishna,Yes,22.0540,40.00
KRSNWDP,Krishna at Wadenepally,Krishna,2026-02-13 23:30:00+00:00,22.054,DANGER,18.45,19.84,23.07,16.79416667,80.07305556,KRSNWDP_2026-02-13T23:30:00+0000_22.0540,13884,13884,CWC,36,Telangana,514,NALGONDA,MEDLACHERUVU,-,-,Krishna,Krishna,-,-,-,Krishna,Yes,22.0540,40.00
KRSNWDP,Krishna at Wadenepally,Krishna,2026-02-14 00:30:00+00:00,22.054,DANGER,18.45,19.84,23.07,16.79416667,80.07305556,KRSNWDP_2026-02-14T00:30:00+0000_22.0540,13885,13885,CWC,36,Telangana,514,NALGONDA,MEDLACHERUVU,-,-,Krishna,Krishna,-,-,-,Krishna,Yes,22.0540,40.00
KRSNWDP,Krishna at Wadenepally,Krishna,2026-02-14 01:30:00+00:00,22.054,DANGER,18.45,19.84,23.07,16.79416667,80.07305556,KRSNWDP_2026-02-14T01:30:00+0000_22.0540,13886,13886,CWC,36,Telangana,514,NALGONDA,MEDLACHERUVU,-,-,Krishna,Krishna,-,-,-,Krishna,Yes,22.0540,40.00
KRSNWDP,Krishna at Wadenepally,Krishna,2026-02-14 02:30:00+00:00,22.054,DANGER,18.45,19.84,23.07,16.79416667,80.07305556,KRSNWDP_2026-02-14T02:30:00+0000_22.0540,13887,13887,CWC,36,Telangana,514,NALGONDA,MEDLACHERUVU,-,-,Krishna,Krishna,-,-,-,Krishna,Yes,22.0540,40.00
KRSNWDP,Krishna at Wadenepally,Krishna,2026-02-14 03:30:00+00:00,22.054,DANGER,18.45,19.84,23.07,16.79416667,80.07305556,KRSNWDP_2026-02-14T03:30:00+0000_22.0540,13888,13888,CWC,36,Telangana,514,NALGONDA,MEDLACHERUVU,-,-,Krishna,Krishna,-,-,-,Krishna,Yes,22.0540,40.00
KRSNWDP,Krishna at Wadenepally,Krishna,2026-02-14 04:30:00+00:00,22.054,DANGER,18.45,19.84,23.07,16.79416667,80.07305556,KRSNWDP_2026-02-14T04:30:00+0000_22.0540,13889,13889,CWC,36,Telangana,514,NALGONDA,MEDLACHERUVU,-,-,Krishna,Krishna,-,-,-,Krishna,Yes,22.0540,40.00
KRSNWDP,Krishna at Wadenepally,Krishna,2026-02-14 05:30:00+00:00,22.054,DANGER,18.45,19.84,23.07,16.79416667,80.07305556,KRSNWDP_2026-02-14T05:30:00+0000_22.0540,13890,13890,CWC,36,Telangana,514,NALGONDA,MEDLACHERUVU,-,-,Krishna,Krishna,-,-,-,Krishna,Yes,22.0540,40.00
KRSNWDP,Krishna at Wadenepally,Krishna,2026-02-14 07:30:00+00:00,22.054,DANGER,18.45,19.84,23.07,16.79416667,80.07305556,KRSNWDP_2026-02-14T07:30:00+0000_22.0540,13891,13891,CWC,36,Telangana,514,NALGONDA,MEDLACHERUVU,-,-,Krishna,Krishna,-,-,-,Krishna,Yes,22.0540,40.00
KRSNWDP,Krishna at Wadenepally,Krishna,2026-02-14 08:30:00+00:00,22.054,DANGER,18.45,19.84,23.07,16.79416667,80.07305556,KRSNWDP_2026-02-14T08:30:00+0000_22.0540,13892,13892,CWC,36,Telangana,514,NALGONDA,MEDLACHERUVU,-,-,Krishna,Krishna,-,-,-,Krishna,Yes,22.0540,40.00
KRSNWDP,Krishna at Wadenepally,Krishna,2026-02-14 09:30:00+00:00,22.054,DANGER,18.45,19.84,23.07,16.79416667,80.07305556,KRSNWDP_2026-02-14T09:30:00+0000_22.0540,13893,13893,CWC,36,Telangana,514,NALGONDA,MEDLACHERUVU,-,-,Krishna,Krishna,-,-,-,Krishna,Yes,22.0540,40.00
KRSNWDP,Krishna at Wadenepally,Krishna,2026-02-14 10:30:00+00:00,22.054,DANGER,18.45,19.84,23.07,16.79416667,80.07305556,KRSNWDP_2026-02-14T10:30:00+0000_22.0540,13894,13894,CWC,36,Telangana,514,NALGONDA,MEDLACHERUVU,-,-,Krishna,Krishna,-,-,-,Krishna,Yes,22.0540,40.00
KRSNWDP,Krishna at Wadenepally,Krishna,2026-02-14 11:30:00+00:00,22.054,DANGER,18.45,19.84,23.07,16.79416667,80.07305556,KRSNWDP_2026-02-14T11:30:00+0000_22.0540,13895,13895,CWC,36,Telangana,514,NALGONDA,MEDLACHERUVU,-,-,Krishna,Krishna,-,-,-,Krishna,Yes,22.0540,40.00
KRSNWDP,Krishna at Wadenepally,Krishna,2026-02-14 12:30:00+00:00,22.054,DANGER,18.45,19.84,23.07,16.79416667,80.07305556,KRSNWDP_2026-02-14T12:30:00+0000_22.0540,13896,13896,CWC,36,Telangana,514,NALGONDA,MEDLACHERUVU,-,-,Krishna,Krishna,-,-,-,Krishna,Yes,22.0540,40.00
KRSNWDP,Krishna at Wadenepally,Krishna,2026-02-14 13:30:00+00:00,22.054,DANGER,18.45,19.84,23.07,16.79416667,80.07305556,KRSNWDP_2026-02-14T13:30:00+0000_22.0540,13897,13897,CWC,36,Telangana,514,NALGONDA,MEDLACHERUVU,-,-,Krishna,Krishna,-,-,-,Krishna,Yes,22.0540,40.00
KRSNWDP,Krishna at Wadenepally,Krishna,2026-02-14 14:30:00+00:00,22.054,DANGER,18.45,19.84,23.07,16.79416667,80.07305556,KRSNWDP_2026-02-14T14:30:00+0000_22.0540,13898,13898,CWC,36,Telangana,514,NALGONDA,MEDLACHERUVU,-,-,Krishna,Krishna,-,-,-,Krishna,Yes,22.0540,40.00
KRSNWDP,Krishna at Wadenepally,Krishna,2026-02-14 15:30:00+00:00,22.054,DANGER,18.45,19.84,23.07,16.79416667,80.07305556,KRSNWDP_2026-02-14T15:30:00+0000_22.0540,13899,13899,CWC,36,Telangana,514,NALGONDA,MEDLACHERUVU,-,-,Krishna,Krishna,-,-,-,Krishna,Yes,22.0540,40.00
KRSNWDP,Krishna at Wadenepally,Krishna,2026-02-14 16:30:00+00:00,22.054,DANGER,18.45,19.84,23.07,16.79416667,80.07305556,KRSNWDP_2026-02-14T16:30:00+0000_22.0540,13900,13900,CWC,36,Telangana,514,NALGONDA,MEDLACHERUVU,-,-,Krishna,Krishna,-,-,-,Krishna,Yes,22.0540,40.00
KRSNWDP,Krishna at Wadenepally,Krishna,2026-02-14 17:30:00+00:00,22.054,DANGER,18.45,19.84,23.07,16.79416667,80.07305556,KRSNWDP_2026-02-14T17:30:00+0000_22.0540,13901,13901,CWC,36,Telangana,514,NALGONDA,MEDLACHERUVU,-,-,Krishna,Krishna,-,-,-,Krishna,Yes,22.0540,40.00
KRSNWDP,Krishna at Wadenepally,Krishna,2026-02-14 18:30:00+00:00,22.054,DANGER,18.45,19.84,23.07,16.79416667,80.07305556,KRSNWDP_2026-02-14T18:30:00+0000_22.0540,13902,13902,CWC,36,Telangana,514,NALGONDA,MEDLACHERUVU,-,-,Krishna,Krishna,-,-,-,Krishna,Yes,22.0540,40.00
KRSNWDP,Krishna at Wadenepally,Krishna,2026-02-14 19:30:00+00:00,22.054,DANGER,18.45,19.84,23.07,16.79416667,80.07305556,KRSNWDP_2026-02-14T19:30:00+0000_22.0540,13903,13903,CWC,36,Telangana,514,NALGONDA,MEDLACHERUVU,-,-,Krishna,Krishna,-,-,-,Krishna,Yes,22.0540,40.00
KRSNWDP,Krishna at Wadenepally,Krishna,2026-02-14 20:30:00+00:00,22.054,DANGER,18.45,19.84,23.07,16.79416667,80.07305556,KRSNWDP_2026-02-14T20:30:00+0000_22.0540,13904,13904,CWC,36,Telangana,514,NALGONDA,MEDLACHERUVU,-,-,Krishna,Krishna,-,-,-,Krishna,Yes,22.0540,40.00
KRSNWDP,Krishna at Wadenepally,Krishna,2026-02-14 21:30:00+00:00,22.054,DANGER,18.45,19.84,23.07,16.79416667,80.07305556,KRSNWDP_2026-02-14T21:30:00+0000_22.0540,13905,13905,CWC,36,Telangana,514,NALGONDA,MEDLACHERUVU,-,-,Krishna,Krishna,-,-,-,Krishna,Yes,22.0540,40.00
KRSNWDP,Krishna at Wadenepally,Krishna,2026-02-14 22:30:00+00:00,22.054,DANGER,18.45,19.84,23.07,16.79416667,80.07305556,KRSNWDP_2026-02-14T22:30:00+0000_22.0540,13906,13906,CWC,36,Telangana,514,NALGONDA,MEDLACHERUVU,-,-,Krishna,Krishna,-,-,-,Krishna,Yes,22.0540,40.00
KRSNWDP,Krishna at Wadenepally,Krishna,2026-02-14 23:30:00+00:00,22.054,DANGER,18.45,19.84,23.07,16.79416667,80.07305556,KRSNWDP_2026-02-14T23:30:00+0000_22.0540,13907,13907,CWC,36,Telangana,514,NALGONDA,MEDLACHERUVU,-,-,Krishna,Krishna,-,-,-,Krishna,Yes,22.0540,40.00
KRSNWDP,Krishna at Wadenepally,Krishna,2026-02-15 00:30:00+00:00,22.054,DANGER,18.45,19.84,23.07,16.79416667,80.07305556,KRSNWDP_2026-02-15T00:30:00+0000_22.0540,13908,13908,CWC,36,Telangana,514,NALGONDA,MEDLACHERUVU,-,-,Krishna,Krishna,-,-,-,Krishna,Yes,22.0540,40.00
KRSNWDP,Krishna at Wadenepally,Krishna,2026-02-15 01:30:00+00:00,22.054,DANGER,18.45,19.84,23.07,16.79416667,80.07305556,KRSNWDP_2026-02-15T01:30:00+0000_22.0540,13909,13909,CWC,36,Telangana,514,NALGONDA,MEDLACHERUVU,-,-,Krishna,Krishna,-,-,-,Krishna,Yes,22.0540,40.00
KRSNWDP,Krishna at Wadenepally,Krishna,2026-02-15 02:30:00+00:00,22.054,DANGER,18.45,19.84,23.07,16.79416667,80.07305556,KRSNWDP_2026-02-15T02:30:00+0000_22.0540,13910,13910,CWC,36,Telangana,514,NALGONDA,MEDLACHERUVU,-,-,Krishna,Krishna,-,-,-,Krishna,Yes,22.0540,40.00
KRSNWDP,Krishna at Wadenepally,Krishna,2026-02-15 03:30:00+00:00,22.054,DANGER,18.45,19.84,23.07,16.79416667,80.07305556,KRSNWDP_2026-02-15T03:30:00+0000_22.0540,13911,13911,CWC,36,Telangana,514,NALGONDA,MEDLACHERUVU,-,-,Krishna,Krishna,-,-,-,Krishna,Yes,22.0540,40.00
KRSNWDP,Krishna at Wadenepally,Krishna,2026-02-15 04:30:00+00:00,22.054,DANGER,18.45,19.84,23.07,16.79416667,80.07305556,KRSNWDP_2026-02-15T04:30:00+0000_22.0540,13912,13912,CWC,36,Telangana,514,NALGONDA,MEDLACHERUVU,-,-,Krishna,Krishna,-,-,-,Krishna,Yes,22.0540,40.00
KRSNWDP,Krishna at Wadenepally,Krishna,2026-02-15 05:30:00+00:00,22.054,DANGER,18.45,19.84,23.07,16.79416667,80.07305556,KRSNWDP_2026-02-15T05:30:00+0000_22.0540,13913,13913,CWC,36,Telangana,514,NALGONDA,MEDLACHERUVU,-,-,Krishna,Krishna,-,-,-,Krishna,Yes,22.0540,40.00
KRSNWDP,Krishna at Wadenepally,Krishna,2026-02-15 06:30:00+00:00,22.054,DANGER,18.45,19.84,23.07,16.79416667,80.07305556,KRSNWDP_2026-02-15T06:30:00+0000_22.0540,13914,13914,CWC,36,Telangana,514,NALGONDA,MEDLACHERUVU,-,-,Krishna,Krishna,-,-,-,Krishna,Yes,22.0540,40.00
KRSNWDP,Krishna at Wadenepally,Krishna,2026-02-15 07:30:00+00:00,22.054,DANGER,18.45,19.84,23.07,16.79416667,80.07305556,KRSNWDP_2026-02-15T07:30:00+0000_22.0540,13915,13915,CWC,36,Telangana,514,NALGONDA,MEDLACHERUVU,-,-,Krishna,Krishna,-,-,-,Krishna,Yes,22.0540,40.00
KRSNWDP,Krishna at Wadenepally,Krishna,2026-02-15 08:30:00+00:00,22.054,DANGER,18.45,19.84,23.07,16.79416667,80.07305556,KRSNWDP_2026-02-15T08:30:00+0000_22.0540,13916,13916,CWC,36,Telangana,514,NALGONDA,MEDLACHERUVU,-,-,Krishna,Krishna,-,-,-,Krishna,Yes,22.0540,40.00
KRSNWDP,Krishna at Wadenepally,Krishna,2026-02-15 09:30:00+00:00,22.054,DANGER,18.45,19.84,23.07,16.79416667,80.07305556,KRSNWDP_2026-02-15T09:30:00+0000_22.0540,13917,13917,CWC,36,Telangana,514,NALGONDA,MEDLACHERUVU,-,-,Krishna,Krishna,-,-,-,Krishna,Yes,22.0540,40.00
KRSNWDP,Krishna at Wadenepally,Krishna,2026-02-15 10:30:00+00:00,22.054,DANGER,18.45,19.84,23.07,16.79416667,80.07305556,KRSNWDP_2026-02-15T10:30:00+0000_22.0540,13918,13918,CWC,36,Telangana,514,NALGONDA,MEDLACHERUVU,-,-,Krishna,Krishna,-,-,-,Krishna,Yes,22.0540,40.00
KRSNWDP,Krishna at Wadenepally,Krishna,2026-02-15 11:30:00+00:00,22.054,DANGER,18.45,19.84,23.07,16.79416667,80.07305556,KRSNWDP_2026-02-15T11:30:00+0000_22.0540,13919,13919,CWC,36,Telangana,514,NALGONDA,MEDLACHERUVU,-,-,Krishna,Krishna,-,-,-,Krishna,Yes,22.0540,40.00
KRSNWDP,Krishna at Wadenepally,Krishna,2026-02-15 12:30:00+00:00,22.054,DANGER,18.45,19.84,23.07,16.79416667,80.07305556,KRSNWDP_2026-02-15T12:30:00+0000_22.0540,13920,13920,CWC,36,Telangana,514,NALGONDA,MEDLACHERUVU,-,-,Krishna,Krishna,-,-,-,Krishna,Yes,22.0540,40.00
KRSNWDP,Krishna at Wadenepally,Krishna,2026-02-15 13:30:00+00:00,22.054,DANGER,18.45,19.84,23.07,16.79416667,80.07305556,KRSNWDP_2026-02-15T13:30:00+0000_22.0540,13921,13921,CWC,36,Telangana,514,NALGONDA,MEDLACHERUVU,-,-,Krishna,Krishna,-,-,-,Krishna,Yes,22.0540,40.00
KRSNWDP,Krishna at Wadenepally,Krishna,2026-02-15 14:30:00+00:00,22.054,DANGER,18.45,19.84,23.07,16.79416667,80.07305556,KRSNWDP_2026-02-15T14:30:00+0000_22.0540,13922,13922,CWC,36,Telangana,514,NALGONDA,MEDLACHERUVU,-,-,Krishna,Krishna,-,-,-,Krishna,Yes,22.0540,40.00
KRSNWDP,Krishna at Wadenepally,Krishna,2026-02-15 15:30:00+00:00,22.054,DANGER,18.45,19.84,23.07,16.79416667,80.07305556,KRSNWDP_2026-02-15T15:30:00+0000_22.0540,13923,13923,CWC,36,Telangana,514,NALGONDA,MEDLACHERUVU,-,-,Krishna,Krishna,-,-,-,Krishna,Yes,22.0540,40.00
KRSNWDP,Krishna at Wadenepally,Krishna,2026-02-15 16:30:00+00:00,22.054,DANGER,18.45,19.84,23.07,16.79416667,80.07305556,KRSNWDP_2026-02-15T16:30:00+0000_22.0540,13924,13924,CWC,36,Telangana,514,NALGONDA,MEDLACHERUVU,-,-,Krishna,Krishna,-,-,-,Krishna,Yes,22.0540,40.00
KRSNWDP,Krishna at Wadenepally,Krishna,2026-02-15 17:30:00+00:00,22.054,DANGER,18.45,19.84,23.07,16.79416667,80.07305556,KRSNWDP_2026-02-15T17:30:00+0000_22.0540,13925,13925,CWC,36,Telangana,514,NALGONDA,MEDLACHERUVU,-,-,Krishna,Krishna,-,-,-,Krishna,Yes,22.0540,40.00
KRSNWDP,Krishna at Wadenepally,Krishna,2026-02-15 18:30:00+00:00,22.054,DANGER,18.45,19.84,23.07,16.79416667,80.07305556,KRSNWDP_2026-02-15T18:30:00+0000_22.0540,13926,13926,CWC,36,Telangana,514,NALGONDA,MEDLACHERUVU,-,-,Krishna,Krishna,-,-,-,Krishna,Yes,22.0540,40.00
KRSNWDP,Krishna at Wadenepally,Krishna,2026-02-15 19:30:00+00:00,22.054,DANGER,18.45,19.84,23.07,16.79416667,80.07305556,KRSNWDP_2026-02-15T19:30:00+0000_22.0540,13927,13927,CWC,36,Telangana,514,NALGONDA,MEDLACHERUVU,-,-,Krishna,Krishna,-,-,-,Krishna,Yes,22.0540,40.00
KRSNWDP,Krishna at Wadenepally,Krishna,2026-02-15 20:30:00+00:00,22.054,DANGER,18.45,19.84,23.07,16.79416667,80.07305556,KRSNWDP_2026-02-15T20:30:00+0000_22.0540,13928,13928,CWC,36,Telangana,514,NALGONDA,MEDLACHERUVU,-,-,Krishna,Krishna,-,-,-,Krishna,Yes,22.0540,40.00
KRSNWDP,Krishna at Wadenepally,Krishna,2026-02-15 21:30:00+00:00,22.054,DANGER,18.45,19.84,23.07,16.79416667,80.07305556,KRSNWDP_2026-02-15T21:30:00+0000_22.0540,13929,13929,CWC,36,Telangana,514,NALGONDA,MEDLACHERUVU,-,-,Krishna,Krishna,-,-,-,Krishna,Yes,22.0540,40.00
KRSNWDP,Krishna at Wadenepally,Krishna,2026-02-15 22:30:00+00:00,22.054,DANGER,18.45,19.84,23.07,16.79416667,80.07305556,KRSNWDP_2026-02-15T22:30:00+0000_22.0540,13930,13930,CWC,36,Telangana,514,NALGONDA,MEDLACHERUVU,-,-,Krishna,Krishna,-,-,-,Krishna,Yes,22.0540,40.00
KRSNWDP,Krishna at Wadenepally,Krishna,2026-02-15 23:30:00+00:00,22.054,DANGER,18.45,19.84,23.07,16.79416667,80.07305556,KRSNWDP_2026-02-15T23:30:00+0000_22.0540,13931,13931,CWC,36,Telangana,514,NALGONDA,MEDLACHERUVU,-,-,Krishna,Krishna,-,-,-,Krishna,Yes,22.0540,40.00
KRSNWDP,Krishna at Wadenepally,Krishna,2026-02-16 00:30:00+00:00,22.054,DANGER,18.45,19.84,23.07,16.79416667,80.07305556,KRSNWDP_2026-02-16T00:30:00+0000_22.0540,13932,13932,CWC,36,Telangana,514,NALGONDA,MEDLACHERUVU,-,-,Krishna,Krishna,-,-,-,Krishna,Yes,22.0540,40.00
KRSNWDP,Krishna at Wadenepally,Krishna,2026-02-16 01:30:00+00:00,22.054,DANGER,18.45,19.84,23.07,16.79416667,80.07305556,KRSNWDP_2026-02-16T01:30:00+0000_22.0540,13933,13933,CWC,36,Telangana,514,NALGONDA,MEDLACHERUVU,-,-,Krishna,Krishna,-,-,-,Krishna,Yes,22.0540,40.00
KRSNWDP,Krishna at Wadenepally,Krishna,2026-02-16 02:30:00+00:00,22.054,DANGER,18.45,19.84,23.07,16.79416667,80.07305556,KRSNWDP_2026-02-16T02:30:00+0000_22.0540,13934,13934,CWC,36,Telangana,514,NALGONDA,MEDLACHERUVU,-,-,Krishna,Krishna,-,-,-,Krishna,Yes,22.0540,40.00
KRSNWDP,Krishna at Wadenepally,Krishna,2026-02-16 03:30:00+00:00,22.054,DANGER,18.45,19.84,23.07,16.79416667,80.07305556,KRSNWDP_2026-02-16T03:30:00+0000_22.0540,13935,13935,CWC,36,Telangana,514,NALGONDA,MEDLACHERUVU,-,-,Krishna,Krishna,-,-,-,Krishna,Yes,22.0540,40.00
KRSNWDP,Krishna at Wadenepally,Krishna,2026-02-16 04:30:00+00:00,22.054,DANGER,18.45,19.84,23.07,16.79416667,80.07305556,KRSNWDP_2026-02-16T04:30:00+0000_22.0540,13936,13936,CWC,36,Telangana,514,NALGONDA,MEDLACHERUVU,-,-,Krishna,Krishna,-,-,-,Krishna,Yes,22.0540,40.00
KRSNWDP,Krishna at Wadenepally,Krishna,2026-02-16 05:30:00+00:00,22.054,DANGER,18.45,19.84,23.07,16.79416667,80.07305556,KRSNWDP_2026-02-16T05:30:00+0000_22.0540,13937,13937,CWC,36,Telangana,514,NALGONDA,MEDLACHERUVU,-,-,Krishna,Krishna,-,-,-,Krishna,Yes,22.0540,40.00
KRSNWDP,Krishna at Wadenepally,Krishna,2026-02-16 06:30:00+00:00,22.054,DANGER,18.45,19.84,23.07,16.79416667,80.07305556,KRSNWDP_2026-02-16T06:30:00+0000_22.0540,13938,13938,CWC,36,Telangana,514,NALGONDA,MEDLACHERUVU,-,-,Krishna,Krishna,-,-,-,Krishna,Yes,22.0540,40.00
KRSNWDP,Krishna at Wadenepally,Krishna,2026-02-16 07:30:00+00:00,22.054,DANGER,18.45,19.84,23.07,16.79416667,80.07305556,KRSNWDP_2026-02-16T07:30:00+0000_22.0540,13939,13939,CWC,36,Telangana,514,NALGONDA,MEDLACHERUVU,-,-,Krishna,Krishna,-,-,-,Krishna,Yes,22.0540,40.00
KRSNWDP,Krishna at Wadenepally,Krishna,2026-02-16 08:30:00+00:00,22.054,DANGER,18.45,19.84,23.07,16.79416667,80.07305556,KRSNWDP_2026-02-16T08:30:00+0000_22.0540,13940,13940,CWC,36,Telangana,514,NALGONDA,MEDLACHERUVU,-,-,Krishna,Krishna,-,-,-,Krishna,Yes,22.0540,40.00
KRSNWDP,Krishna at Wadenepally,Krishna,2026-02-16 09:30:00+00:00,22.054,DANGER,18.45,19.84,23.07,16.79416667,80.07305556,KRSNWDP_2026-02-16T09:30:00+0000_22.0540,13941,13941,CWC,36,Telangana,514,NALGONDA,MEDLACHERUVU,-,-,Krishna,Krishna,-,-,-,Krishna,Yes,22.0540,40.00
KRSNWDP,Krishna at Wadenepally,Krishna,2026-02-16 10:30:00+00:00,22.054,DANGER,18.45,19.84,23.07,16.79416667,80.07305556,KRSNWDP_2026-02-16T10:30:00+0000_22.0540,13942,13942,CWC,36,Telangana,514,NALGONDA,MEDLACHERUVU,-,-,Krishna,Krishna,-,-,-,Krishna,Yes,22.0540,40.00
KRSNWDP,Krishna at Wadenepally,Krishna,2026-02-16 11:30:00+00:00,22.054,DANGER,18.45,19.84,23.07,16.79416667,80.07305556,KRSNWDP_2026-02-16T11:30:00+0000_22.0540,13943,13943,CWC,36,Telangana,514,NALGONDA,MEDLACHERUVU,-,-,Krishna,Krishna,-,-,-,Krishna,Yes,22.0540,40.00
KRSNWDP,Krishna at Wadenepally,Krishna,2026-02-16 12:30:00+00:00,22.054,DANGER,18.45,19.84,23.07,16.79416667,80.07305556,KRSNWDP_2026-02-16T12:30:00+0000_22.0540,13944,13944,CWC,36,Telangana,514,NALGONDA,MEDLACHERUVU,-,-,Krishna,Krishna,-,-,-,Krishna,Yes,22.0540,40.00
KRSNWDP,Krishna at Wadenepally,Krishna,2026-02-16 13:30:00+00:00,22.054,DANGER,18.45,19.84,23.07,16.79416667,80.07305556,KRSNWDP_2026-02-16T13:30:00+0000_22.0540,13945,13945,CWC,36,Telangana,514,NALGONDA,MEDLACHERUVU,-,-,Krishna,Krishna,-,-,-,Krishna,Yes,22.0540,40.00
KRSNWDP,Krishna at Wadenepally,Krishna,2026-02-16 14:30:00+00:00,22.054,DANGER,18.45,19.84,23.07,16.79416667,80.07305556,KRSNWDP_2026-02-16T14:30:00+0000_22.0540,13946,13946,CWC,36,Telangana,514,NALGONDA,MEDLACHERUVU,-,-,Krishna,Krishna,-,-,-,Krishna,Yes,22.0540,40.00
KRSNWDP,Krishna at Wadenepally,Krishna,2026-02-16 15:30:00+00:00,22.054,DANGER,18.45,19.84,23.07,16.79416667,80.07305556,KRSNWDP_2026-02-16T15:30:00+0000_22.0540,13947,13947,CWC,36,Telangana,514,NALGONDA,MEDLACHERUVU,-,-,Krishna,Krishna,-,-,-,Krishna,Yes,22.0540,40.00
KRSNWDP,Krishna at Wadenepally,Krishna,2026-02-16 16:30:00+00:00,22.054,DANGER,18.45,19.84,23.07,16.79416667,80.07305556,KRSNWDP_2026-02-16T16:30:00+0000_22.0540,13948,13948,CWC,36,Telangana,514,NALGONDA,MEDLACHERUVU,-,-,Krishna,Krishna,-,-,-,Krishna,Yes,22.0540,40.00
KRSNWDP,Krishna at Wadenepally,Krishna,2026-02-16 17:30:00+00:00,22.054,DANGER,18.45,19.84,23.07,16.79416667,80.07305556,KRSNWDP_2026-02-16T17:30:00+0000_22.0540,13949,13949,CWC,36,Telangana,514,NALGONDA,MEDLACHERUVU,-,-,Krishna,Krishna,-,-,-,Krishna,Yes,22.0540,40.00
KRSNWDP,Krishna at Wadenepally,Krishna,2026-02-16 18:30:00+00:00,22.054,DANGER,18.45,19.84,23.07,16.79416667,80.07305556,KRSNWDP_2026-02-16T18:30:00+0000_22.0540,13950,13950,CWC,36,Telangana,514,NALGONDA,MEDLACHERUVU,-,-,Krishna,Krishna,-,-,-,Krishna,Yes,22.0540,40.00
KRSNWDP,Krishna at Wadenepally,Krishna,2026-02-16 19:30:00+00:00,22.054,DANGER,18.45,19.84,23.07,16.79416667,80.07305556,KRSNWDP_2026-02-16T19:30:00+0000_22.0540,13951,13951,CWC,36,Telangana,514,NALGONDA,MEDLACHERUVU,-,-,Krishna,Krishna,-,-,-,Krishna,Yes,22.0540,40.00
KRSNWDP,Krishna at Wadenepally,Krishna,2026-02-16 20:30:00+00:00,22.054,DANGER,18.45,19.84,23.07,16.79416667,80.07305556,KRSNWDP_2026-02-16T20:30:00+0000_22.0540,13952,13952,CWC,36,Telangana,514,NALGONDA,MEDLACHERUVU,-,-,Krishna,Krishna,-,-,-,Krishna,Yes,22.0540,40.00
KRSNWDP,Krishna at Wadenepally,Krishna,2026-02-16 21:30:00+00:00,22.054,DANGER,18.45,19.84,23.07,16.79416667,80.07305556,KRSNWDP_2026-02-16T21:30:00+0000_22.0540,13953,13953,CWC,36,Telangana,514,NALGONDA,MEDLACHERUVU,-,-,Krishna,Krishna,-,-,-,Krishna,Yes,22.0540,40.00
KRSNWDP,Krishna at Wadenepally,Krishna,2026-02-16 22:30:00+00:00,22.054,DANGER,18.45,19.84,23.07,16.79416667,80.07305556,KRSNWDP_2026-02-16T22:30:00+0000_22.0540,13954,13954,CWC,36,Telangana,514,NALGONDA,MEDLACHERUVU,-,-,Krishna,Krishna,-,-,-,Krishna,Yes,22.0540,40.00
KRSNWDP,Krishna at Wadenepally,Krishna,2026-02-16 23:30:00+00:00,22.054,DANGER,18.45,19.84,23.07,16.79416667,80.07305556,KRSNWDP_2026-02-16T23:30:00+0000_22.0540,13955,13955,CWC,36,Telangana,514,NALGONDA,MEDLACHERUVU,-,-,Krishna,Krishna,-,-,-,Krishna,Yes,22.0540,40.00
KRSNWDP,Krishna at Wadenepally,Krishna,2026-02-17 00:30:00+00:00,22.054,DANGER,18.45,19.84,23.07,16.79416667,80.07305556,KRSNWDP_2026-02-17T00:30:00+0000_22.0540,13956,13956,CWC,36,Telangana,514,NALGONDA,MEDLACHERUVU,-,-,Krishna,Krishna,-,-,-,Krishna,Yes,22.0540,40.00
KRSNWDP,Krishna at Wadenepally,Krishna,2026-02-17 01:30:00+00:00,22.054,DANGER,18.45,19.84,23.07,16.79416667,80.07305556,KRSNWDP_2026-02-17T01:30:00+0000_22.0540,13957,13957,CWC,36,Telangana,514,NALGONDA,MEDLACHERUVU,-,-,Krishna,Krishna,-,-,-,Krishna,Yes,22.0540,40.00
KRSNWDP,Krishna at Wadenepally,Krishna,2026-02-17 02:30:00+00:00,22.054,DANGER,18.45,19.84,23.07,16.79416667,80.07305556,KRSNWDP_2026-02-17T02:30:00+0000_22.0540,13958,13958,CWC,36,Telangana,514,NALGONDA,MEDLACHERUVU,-,-,Krishna,Krishna,-,-,-,Krishna,Yes,22.0540,40.00
KRSNWDP,Krishna at Wadenepally,Krishna,2026-02-17 03:30:00+00:00,22.054,DANGER,18.45,19.84,23.07,16.79416667,80.07305556,KRSNWDP_2026-02-17T03:30:00+0000_22.0540,13959,13959,CWC,36,Telangana,514,NALGONDA,MEDLACHERUVU,-,-,Krishna,Krishna,-,-,-,Krishna,Yes,22.0540,40.00
KRSNWDP,Krishna at Wadenepally,Krishna,2026-02-17 04:30:00+00:00,22.054,DANGER,18.45,19.84,23.07,16.79416667,80.07305556,KRSNWDP_2026-02-17T04:30:00+0000_22.0540,13960,13960,CWC,36,Telangana,514,NALGONDA,MEDLACHERUVU,-,-,Krishna,Krishna,-,-,-,Krishna,Yes,22.0540,40.00
KRSNWDP,Krishna at Wadenepally,Krishna,2026-02-17 05:30:00+00:00,22.054,DANGER,18.45,19.84,23.07,16.79416667,80.07305556,KRSNWDP_2026-02-17T05:30:00+0000_22.0540,13961,13961,CWC,36,Telangana,514,NALGONDA,MEDLACHERUVU,-,-,Krishna,Krishna,-,-,-,Krishna,Yes,22.0540,40.00
KRSNWDP,Krishna at Wadenepally,Krishna,2026-02-17 06:30:00+00:00,22.054,DANGER,18.45,19.84,23.07,16.79416667,80.07305556,KRSNWDP_2026-02-17T06:30:00+0000_22.0540,13962,13962,CWC,36,Telangana,514,NALGONDA,MEDLACHERUVU,-,-,Krishna,Krishna,-,-,-,Krishna,Yes,22.0540,40.00
KRSNWDP,Krishna at Wadenepally,Krishna,2026-02-17 07:30:00+00:00,22.054,DANGER,18.45,19.84,23.07,16.79416667,80.07305556,KRSNWDP_2026-02-17T07:30:00+0000_22.0540,13963,13963,CWC,36,Telangana,514,NALGONDA,MEDLACHERUVU,-,-,Krishna,Krishna,-,-,-,Krishna,Yes,22.0540,40.00
KRSNWDP,Krishna at Wadenepally,Krishna,2026-02-17 08:30:00+00:00,22.054,DANGER,18.45,19.84,23.07,16.79416667,80.07305556,KRSNWDP_2026-02-17T08:30:00+0000_22.0540,13964,13964,CWC,36,Telangana,514,NALGONDA,MEDLACHERUVU,-,-,Krishna,Krishna,-,-,-,Krishna,Yes,22.0540,40.00
KRSNWDP,Krishna at Wadenepally,Krishna,2026-02-17 09:30:00+00:00,22.054,DANGER,18.45,19.84,23.07,16.79416667,80.07305556,KRSNWDP_2026-02-17T09:30:00+0000_22.0540,13965,13965,CWC,36,Telangana,514,NALGONDA,MEDLACHERUVU,-,-,Krishna,Krishna,-,-,-,Krishna,Yes,22.0540,40.00
KRSNWDP,Krishna at Wadenepally,Krishna,2026-02-17 10:30:00+00:00,22.054,DANGER,18.45,19.84,23.07,16.79416667,80.07305556,KRSNWDP_2026-02-17T10:30:00+0000_22.0540,13966,13966,CWC,36,Telangana,514,NALGONDA,MEDLACHERUVU,-,-,Krishna,Krishna,-,-,-,Krishna,Yes,22.0540,40.00
KRSNWDP,Krishna at Wadenepally,Krishna,2026-02-17 12:30:00+00:00,22.054,DANGER,18.45,19.84,23.07,16.79416667,80.07305556,KRSNWDP_2026-02-17T12:30:00+0000_22.0540,13967,13967,CWC,36,Telangana,514,NALGONDA,MEDLACHERUVU,-,-,Krishna,Krishna,-,-,-,Krishna,Yes,22.0540,40.00
KRSNWDP,Krishna at Wadenepally,Krishna,2026-02-17 13:00:00+00:00,22.054,DANGER,18.45,19.84,23.07,16.79416667,80.07305556,KRSNWDP_2026-02-17T13:00:00+0000_22.0540,13968,13968,CWC,36,Telangana,514,NALGONDA,MEDLACHERUVU,-,-,Krishna,Krishna,-,-,-,Krishna,Yes,22.0540,40.00
KRSNWDP,Krishna at Wadenepally,Krishna,2026-02-17 13:30:00+00:00,22.054,DANGER,18.45,19.84,23.07,16.79416667,80.07305556,KRSNWDP_2026-02-17T13:30:00+0000_22.0540,13969,13969,CWC,36,Telangana,514,NALGONDA,MEDLACHERUVU,-,-,Krishna,Krishna,-,-,-,Krishna,Yes,22.0540,40.00
KRSNWDP,Krishna at Wadenepally,Krishna,2026-02-17 14:30:00+00:00,22.054,DANGER,18.45,19.84,23.07,16.79416667,80.07305556,KRSNWDP_2026-02-17T14:30:00+0000_22.0540,13970,13970,CWC,36,Telangana,514,NALGONDA,MEDLACHERUVU,-,-,Krishna,Krishna,-,-,-,Krishna,Yes,22.0540,40.00
KRSNWDP,Krishna at Wadenepally,Krishna,2026-02-17 15:30:00+00:00,22.054,DANGER,18.45,19.84,23.07,16.79416667,80.07305556,KRSNWDP_2026-02-17T15:30:00+0000_22.0540,13971,13971,CWC,36,Telangana,514,NALGONDA,MEDLACHERUVU,-,-,Krishna,Krishna,-,-,-,Krishna,Yes,22.0540,40.00
KRSNWDP,Krishna at Wadenepally,Krishna,2026-02-17 16:30:00+00:00,22.054,DANGER,18.45,19.84,23.07,16.79416667,80.07305556,KRSNWDP_2026-02-17T16:30:00+0000_22.0540,13972,13972,CWC,36,Telangana,514,NALGONDA,MEDLACHERUVU,-,-,Krishna,Krishna,-,-,-,Krishna,Yes,22.0540,40.00
KRSNWDP,Krishna at Wadenepally,Krishna,2026-02-17 17:30:00+00:00,22.054,DANGER,18.45,19.84,23.07,16.79416667,80.07305556,KRSNWDP_2026-02-17T17:30:00+0000_22.0540,13973,13973,CWC,36,Telangana,514,NALGONDA,MEDLACHERUVU,-,-,Krishna,Krishna,-,-,-,Krishna,Yes,22.0540,40.00
KRSNWDP,Krishna at Wadenepally,Krishna,2026-02-17 18:30:00+00:00,22.054,DANGER,18.45,19.84,23.07,16.79416667,80.07305556,KRSNWDP_2026-02-17T18:30:00+0000_22.0540,13974,13974,CWC,36,Telangana,514,NALGONDA,MEDLACHERUVU,-,-,Krishna,Krishna,-,-,-,Krishna,Yes,22.0540,40.00
KRSNWDP,Krishna at Wadenepally,Krishna,2026-02-17 19:30:00+00:00,22.054,DANGER,18.45,19.84,23.07,16.79416667,80.07305556,KRSNWDP_2026-02-17T19:30:00+0000_22.0540,13975,13975,CWC,36,Telangana,514,NALGONDA,MEDLACHERUVU,-,-,Krishna,Krishna,-,-,-,Krishna,Yes,22.0540,40.00
KRSNWDP,Krishna at Wadenepally,Krishna,2026-02-17 20:30:00+00:00,22.054,DANGER,18.45,19.84,23.07,16.79416667,80.07305556,KRSNWDP_2026-02-17T20:30:00+0000_22.0540,13976,13976,CWC,36,Telangana,514,NALGONDA,MEDLACHERUVU,-,-,Krishna,Krishna,-,-,-,Krishna,Yes,22.0540,40.00
KRSNWDP,Krishna at Wadenepally,Krishna,2026-02-17 21:30:00+00:00,22.054,DANGER,18.45,19.84,23.07,16.79416667,80.07305556,KRSNWDP_2026-02-17T21:30:00+0000_22.0540,13977,13977,CWC,36,Telangana,514,NALGONDA,MEDLACHERUVU,-,-,Krishna,Krishna,-,-,-,Krishna,Yes,22.0540,40.00
KRSNWDP,Krishna at Wadenepally,Krishna,2026-02-17 22:30:00+00:00,22.054,DANGER,18.45,19.84,23.07,16.79416667,80.07305556,KRSNWDP_2026-02-17T22:30:00+0000_22.0540,13978,13978,CWC,36,Telangana,514,NALGONDA,MEDLACHERUVU,-,-,Krishna,Krishna,-,-,-,Krishna,Yes,22.0540,40.00
KRSNWDP,Krishna at Wadenepally,Krishna,2026-02-17 23:30:00+00:00,22.054,DANGER,18.45,19.84,23.07,16.79416667,80.07305556,KRSNWDP_2026-02-17T23:30:00+0000_22.0540,13979,13979,CWC,36,Telangana,514,NALGONDA,MEDLACHERUVU,-,-,Krishna,Krishna,-,-,-,Krishna,Yes,22.0540,40.00
KRSNWDP,Krishna at Wadenepally,Krishna,2026-02-18 00:30:00+00:00,22.054,DANGER,18.45,19.84,23.07,16.79416667,80.07305556,KRSNWDP_2026-02-18T00:30:00+0000_22.0540,13980,13980,CWC,36,Telangana,514,NALGONDA,MEDLACHERUVU,-,-,Krishna,Krishna,-,-,-,Krishna,Yes,22.0540,40.00
KRSNWDP,Krishna at Wadenepally,Krishna,2026-02-18 01:30:00+00:00,22.054,DANGER,18.45,19.84,23.07,16.79416667,80.07305556,KRSNWDP_2026-02-18T01:30:00+0000_22.0540,13981,13981,CWC,36,Telangana,514,NALGONDA,MEDLACHERUVU,-,-,Krishna,Krishna,-,-,-,Krishna,Yes,22.0540,40.00
KRSNWDP,Krishna at Wadenepally,Krishna,2026-02-18 02:30:00+00:00,22.054,DANGER,18.45,19.84,23.07,16.79416667,80.07305556,KRSNWDP_2026-02-18T02:30:00+0000_22.0540,13982,13982,CWC,36,Telangana,514,NALGONDA,MEDLACHERUVU,-,-,Krishna,Krishna,-,-,-,Krishna,Yes,22.0540,40.00
KRSNWDP,Krishna at Wadenepally,Krishna,2026-02-18 03:30:00+00:00,22.054,DANGER,18.45,19.84,23.07,16.79416667,80.07305556,KRSNWDP_2026-02-18T03:30:00+0000_22.0540,13983,13983,CWC,36,Telangana,514,NALGONDA,MEDLACHERUVU,-,-,Krishna,Krishna,-,-,-,Krishna,Yes,22.0540,40.00
KRSNWDP,Krishna at Wadenepally,Krishna,2026-02-18 04:30:00+00:00,22.054,DANGER,18.45,19.84,23.07,16.79416667,80.07305556,KRSNWDP_2026-02-18T04:30:00+0000_22.0540,13984,13984,CWC,36,Telangana,514,NALGONDA,MEDLACHERUVU,-,-,Krishna,Krishna,-,-,-,Krishna,Yes,22.0540,40.00
KRSNWDP,Krishna at Wadenepally,Krishna,2026-02-18 05:30:00+00:00,22.054,DANGER,18.45,19.84,23.07,16.79416667,80.07305556,KRSNWDP_2026-02-18T05:30:00+0000_22.0540,13985,13985,CWC,36,Telangana,514,NALGONDA,MEDLACHERUVU,-,-,Krishna,Krishna,-,-,-,Krishna,Yes,22.0540,40.00
KRSNWDP,Krishna at Wadenepally,Krishna,2026-02-18 06:30:00+00:00,22.054,DANGER,18.45,19.84,23.07,16.79416667,80.07305556,KRSNWDP_2026-02-18T06:30:00+0000_22.0540,13986,13986,CWC,36,Telangana,514,NALGONDA,MEDLACHERUVU,-,-,Krishna,Krishna,-,-,-,Krishna,Yes,22.0540,40.00
KRSNWDP,Krishna at Wadenepally,Krishna,2026-02-18 07:30:00+00:00,22.054,DANGER,18.45,19.84,23.07,16.79416667,80.07305556,KRSNWDP_2026-02-18T07:30:00+0000_22.0540,13987,13987,CWC,36,Telangana,514,NALGONDA,MEDLACHERUVU,-,-,Krishna,Krishna,-,-,-,Krishna,Yes,22.0540,40.00
KRSNWDP,Krishna at Wadenepally,Krishna,2026-02-18 08:30:00+00:00,22.054,DANGER,18.45,19.84,23.07,16.79416667,80.07305556,KRSNWDP_2026-02-18T08:30:00+0000_22.0540,13988,13988,CWC,36,Telangana,514,NALGONDA,MEDLACHERUVU,-,-,Krishna,Krishna,-,-,-,Krishna,Yes,22.0540,40.00
KRSNWDP,Krishna at Wadenepally,Krishna,2026-02-18 09:30:00+00:00,22.054,DANGER,18.45,19.84,23.07,16.79416667,80.07305556,KRSNWDP_2026-02-18T09:30:00+0000_22.0540,13989,13989,CWC,36,Telangana,514,NALGONDA,MEDLACHERUVU,-,-,Krishna,Krishna,-,-,-,Krishna,Yes,22.0540,40.00
KRSNWDP,Krishna at Wadenepally,Krishna,2026-02-18 10:30:00+00:00,22.054,DANGER,18.45,19.84,23.07,16.79416667,80.07305556,KRSNWDP_2026-02-18T10:30:00+0000_22.0540,13990,13990,CWC,36,Telangana,514,NALGONDA,MEDLACHERUVU,-,-,Krishna,Krishna,-,-,-,Krishna,Yes,22.0540,40.00
KRSNWDP,Krishna at Wadenepally,Krishna,2026-02-18 11:30:00+00:00,22.054,DANGER,18.45,19.84,23.07,16.79416667,80.07305556,KRSNWDP_2026-02-18T11:30:00+0000_22.0540,13991,13991,CWC,36,Telangana,514,NALGONDA,MEDLACHERUVU,-,-,Krishna,Krishna,-,-,-,Krishna,Yes,22.0540,40.00
KRSNWDP,Krishna at Wadenepally,Krishna,2026-02-18 12:30:00+00:00,22.054,DANGER,18.45,19.84,23.07,16.79416667,80.07305556,KRSNWDP_2026-02-18T12:30:00+0000_22.0540,13992,13992,CWC,36,Telangana,514,NALGONDA,MEDLACHERUVU,-,-,Krishna,Krishna,-,-,-,Krishna,Yes,22.0540,40.00
KRSNWDP,Krishna at Wadenepally,Krishna,2026-02-18 13:30:00+00:00,22.054,DANGER,18.45,19.84,23.07,16.79416667,80.07305556,KRSNWDP_2026-02-18T13:30:00+0000_22.0540,13993,13993,CWC,36,Telangana,514,NALGONDA,MEDLACHERUVU,-,-,Krishna,Krishna,-,-,-,Krishna,Yes,22.0540,40.00
KRSNWDP,Krishna at Wadenepally,Krishna,2026-02-18 14:30:00+00:00,22.054,DANGER,18.45,19.84,23.07,16.79416667,80.07305556,KRSNWDP_2026-02-18T14:30:00+0000_22.0540,13994,13994,CWC,36,Telangana,514,NALGONDA,MEDLACHERUVU,-,-,Krishna,Krishna,-,-,-,Krishna,Yes,22.0540,40.00
KRSNWDP,Krishna at Wadenepally,Krishna,2026-02-18 15:30:00+00:00,22.054,DANGER,18.45,19.84,23.07,16.79416667,80.07305556,KRSNWDP_2026-02-18T15:30:00+0000_22.0540,13995,13995,CWC,36,Telangana,514,NALGONDA,MEDLACHERUVU,-,-,Krishna,Krishna,-,-,-,Krishna,Yes,22.0540,40.00
KRSNWDP,Krishna at Wadenepally,Krishna,2026-02-18 16:30:00+00:00,22.054,DANGER,18.45,19.84,23.07,16.79416667,80.07305556,KRSNWDP_2026-02-18T16:30:00+0000_22.0540,13996,13996,CWC,36,Telangana,514,NALGONDA,MEDLACHERUVU,-,-,Krishna,Krishna,-,-,-,Krishna,Yes,22.0540,40.00
KRSNWDP,Krishna at Wadenepally,Krishna,2026-02-18 17:30:00+00:00,22.054,DANGER,18.45,19.84,23.07,16.79416667,80.07305556,KRSNWDP_2026-02-18T17:30:00+0000_22.0540,13997,13997,CWC,36,Telangana,514,NALGONDA,MEDLACHERUVU,-,-,Krishna,Krishna,-,-,-,Krishna,Yes,22.0540,40.00
KRSNWDP,Krishna at Wadenepally,Krishna,2026-02-18 18:30:00+00:00,22.054,DANGER,18.45,19.84,23.07,16.79416667,80.07305556,KRSNWDP_2026-02-18T18:30:00+0000_22.0540,13998,13998,CWC,36,Telangana,514,NALGONDA,MEDLACHERUVU,-,-,Krishna,Krishna,-,-,-,Krishna,Yes,22.0540,40.00
KRSNWDP,Krishna at Wadenepally,Krishna,2026-02-18 19:30:00+00:00,22.054,DANGER,18.45,19.84,23.07,16.79416667,80.07305556,KRSNWDP_2026-02-18T19:30:00+0000_22.0540,13999,13999,CWC,36,Telangana,514,NALGONDA,MEDLACHERUVU,-,-,Krishna,Krishna,-,-,-,Krishna,Yes,22.0540,40.00
KRSNWDP,Krishna at Wadenepally,Krishna,2026-02-18 20:30:00+00:00,22.054,DANGER,18.45,19.84,23.07,16.79416667,80.07305556,KRSNWDP_2026-02-18T20:30:00+0000_22.0540,14000,14000,CWC,36,Telangana,514,NALGONDA,MEDLACHERUVU,-,-,Krishna,Krishna,-,-,-,Krishna,Yes,22.0540,40.00
KRSNWDP,Krishna at Wadenepally,Krishna,2026-02-18 21:30:00+00:00,22.054,DANGER,18.45,19.84,23.07,16.79416667,80.07305556,KRSNWDP_2026-02-18T21:30:00+0000_22.0540,14001,14001,CWC,36,Telangana,514,NALGONDA,MEDLACHERUVU,-,-,Krishna,Krishna,-,-,-,Krishna,Yes,22.0540,40.00
KRSNWDP,Krishna at Wadenepally,Krishna,2026-02-18 22:30:00+00:00,22.054,DANGER,18.45,19.84,23.07,16.79416667,80.07305556,KRSNWDP_2026-02-18T22:30:00+0000_22.0540,14002,14002,CWC,36,Telangana,514,NALGONDA,MEDLACHERUVU,-,-,Krishna,Krishna,-,-,-,Krishna,Yes,22.0540,40.00
KRSNWDP,Krishna at Wadenepally,Krishna,2026-02-18 23:30:00+00:00,22.054,DANGER,18.45,19.84,23.07,16.79416667,80.07305556,KRSNWDP_2026-02-18T23:30:00+0000_22.0540,14003,14003,CWC,36,Telangana,514,NALGONDA,MEDLACHERUVU,-,-,Krishna,Krishna,-,-,-,Krishna,Yes,22.0540,40.00
KRSNWDP,Krishna at Wadenepally,Krishna,2026-02-19 00:30:00+00:00,22.054,DANGER,18.45,19.84,23.07,16.79416667,80.07305556,KRSNWDP_2026-02-19T00:30:00+0000_22.0540,14004,14004,CWC,36,Telangana,514,NALGONDA,MEDLACHERUVU,-,-,Krishna,Krishna,-,-,-,Krishna,Yes,22.0540,40.00
KRSNWDP,Krishna at Wadenepally,Krishna,2026-02-19 01:30:00+00:00,22.054,DANGER,18.45,19.84,23.07,16.79416667,80.07305556,KRSNWDP_2026-02-19T01:30:00+0000_22.0540,14005,14005,CWC,36,Telangana,514,NALGONDA,MEDLACHERUVU,-,-,Krishna,Krishna,-,-,-,Krishna,Yes,22.0540,40.00
KRSNWDP,Krishna at Wadenepally,Krishna,2026-02-19 02:30:00+00:00,22.054,DANGER,18.45,19.84,23.07,16.79416667,80.07305556,KRSNWDP_2026-02-19T02:30:00+0000_22.0540,14006,14006,CWC,36,Telangana,514,NALGONDA,MEDLACHERUVU,-,-,Krishna,Krishna,-,-,-,Krishna,Yes,22.0540,40.00
KRSNWDP,Krishna at Wadenepally,Krishna,2026-02-19 03:30:00+00:00,22.054,DANGER,18.45,19.84,23.07,16.79416667,80.07305556,KRSNWDP_2026-02-19T03:30:00+0000_22.0540,14007,14007,CWC,36,Telangana,514,NALGONDA,MEDLACHERUVU,-,-,Krishna,Krishna,-,-,-,Krishna,Yes,22.0540,40.00
KRSNWDP,Krishna at Wadenepally,Krishna,2026-02-19 04:30:00+00:00,22.054,DANGER,18.45,19.84,23.07,16.79416667,80.07305556,KRSNWDP_2026-02-19T04:30:00+0000_22.0540,14008,14008,CWC,36,Telangana,514,NALGONDA,MEDLACHERUVU,-,-,Krishna,Krishna,-,-,-,Krishna,Yes,22.0540,40.00
KRSNWDP,Krishna at Wadenepally,Krishna,2026-02-19 05:30:00+00:00,22.054,DANGER,18.45,19.84,23.07,16.79416667,80.07305556,KRSNWDP_2026-02-19T05:30:00+0000_22.0540,14009,14009,CWC,36,Telangana,514,NALGONDA,MEDLACHERUVU,-,-,Krishna,Krishna,-,-,-,Krishna,Yes,22.0540,40.00
KRSNWDP,Krishna at Wadenepally,Krishna,2026-02-19 06:30:00+00:00,22.054,DANGER,18.45,19.84,23.07,16.79416667,80.07305556,KRSNWDP_2026-02-19T06:30:00+0000_22.0540,14010,14010,CWC,36,Telangana,514,NALGONDA,MEDLACHERUVU,-,-,Krishna,Krishna,-,-,-,Krishna,Yes,22.0540,40.00
KRSNWDP,Krishna at Wadenepally,Krishna,2026-02-19 07:30:00+00:00,22.054,DANGER,18.45,19.84,23.07,16.79416667,80.07305556,KRSNWDP_2026-02-19T07:30:00+0000_22.0540,14011,14011,CWC,36,Telangana,514,NALGONDA,MEDLACHERUVU,-,-,Krishna,Krishna,-,-,-,Krishna,Yes,22.0540,40.00
KRSNWDP,Krishna at Wadenepally,Krishna,2026-02-19 08:30:00+00:00,22.054,DANGER,18.45,19.84,23.07,16.79416667,80.07305556,KRSNWDP_2026-02-19T08:30:00+0000_22.0540,14012,14012,CWC,36,Telangana,514,NALGONDA,MEDLACHERUVU,-,-,Krishna,Krishna,-,-,-,Krishna,Yes,22.0540,40.00
KRSNWDP,Krishna at Wadenepally,Krishna,2026-02-19 09:30:00+00:00,22.054,DANGER,18.45,19.84,23.07,16.79416667,80.07305556,KRSNWDP_2026-02-19T09:30:00+0000_22.0540,14013,14013,CWC,36,Telangana,514,NALGONDA,MEDLACHERUVU,-,-,Krishna,Krishna,-,-,-,Krishna,Yes,22.0540,40.00
KRSNWDP,Krishna at Wadenepally,Krishna,2026-02-19 10:30:00+00:00,22.054,DANGER,18.45,19.84,23.07,16.79416667,80.07305556,KRSNWDP_2026-02-19T10:30:00+0000_22.0540,14014,14014,CWC,36,Telangana,514,NALGONDA,MEDLACHERUVU,-,-,Krishna,Krishna,-,-,-,Krishna,Yes,22.0540,40.00
KRSNWDP,Krishna at Wadenepally,Krishna,2026-02-19 11:30:00+00:00,22.054,DANGER,18.45,19.84,23.07,16.79416667,80.07305556,KRSNWDP_2026-02-19T11:30:00+0000_22.0540,14015,14015,CWC,36,Telangana,514,NALGONDA,MEDLACHERUVU,-,-,Krishna,Krishna,-,-,-,Krishna,Yes,22.0540,40.00
KRSNWDP,Krishna at Wadenepally,Krishna,2026-02-19 12:30:00+00:00,22.054,DANGER,18.45,19.84,23.07,16.79416667,80.07305556,KRSNWDP_2026-02-19T12:30:00+0000_22.0540,14016,14016,CWC,36,Telangana,514,NALGONDA,MEDLACHERUVU,-,-,Krishna,Krishna,-,-,-,Krishna,Yes,22.0540,40.00
KRSNWDP,Krishna at Wadenepally,Krishna,2026-02-19 13:30:00+00:00,22.054,DANGER,18.45,19.84,23.07,16.79416667,80.07305556,KRSNWDP_2026-02-19T13:30:00+0000_22.0540,14017,14017,CWC,36,Telangana,514,NALGONDA,MEDLACHERUVU,-,-,Krishna,Krishna,-,-,-,Krishna,Yes,22.0540,40.00
KRSNWDP,Krishna at Wadenepally,Krishna,2026-02-19 14:30:00+00:00,22.054,DANGER,18.45,19.84,23.07,16.79416667,80.07305556,KRSNWDP_2026-02-19T14:30:00+0000_22.0540,14018,14018,CWC,36,Telangana,514,NALGONDA,MEDLACHERUVU,-,-,Krishna,Krishna,-,-,-,Krishna,Yes,22.0540,40.00
KRSNWDP,Krishna at Wadenepally,Krishna,2026-02-19 15:30:00+00:00,22.054,DANGER,18.45,19.84,23.07,16.79416667,80.07305556,KRSNWDP_2026-02-19T15:30:00+0000_22.0540,14019,14019,CWC,36,Telangana,514,NALGONDA,MEDLACHERUVU,-,-,Krishna,Krishna,-,-,-,Krishna,Yes,22.0540,40.00
KRSNWDP,Krishna at Wadenepally,Krishna,2026-02-19 16:30:00+00:00,22.054,DANGER,18.45,19.84,23.07,16.79416667,80.07305556,KRSNWDP_2026-02-19T16:30:00+0000_22.0540,14020,14020,CWC,36,Telangana,514,NALGONDA,MEDLACHERUVU,-,-,Krishna,Krishna,-,-,-,Krishna,Yes,22.0540,40.00
KRSNWDP,Krishna at Wadenepally,Krishna,2026-02-19 17:30:00+00:00,22.054,DANGER,18.45,19.84,23.07,16.79416667,80.07305556,KRSNWDP_2026-02-19T17:30:00+0000_22.0540,14021,14021,CWC,36,Telangana,514,NALGONDA,MEDLACHERUVU,-,-,Krishna,Krishna,-,-,-,Krishna,Yes,22.0540,40.00
KRSNWDP,Krishna at Wadenepally,Krishna,2026-02-19 18:30:00+00:00,22.054,DANGER,18.45,19.84,23.07,16.79416667,80.07305556,KRSNWDP_2026-02-19T18:30:00+0000_22.0540,14022,14022,CWC,36,Telangana,514,NALGONDA,MEDLACHERUVU,-,-,Krishna,Krishna,-,-,-,Krishna,Yes,22.0540,40.00
KRSNWDP,Krishna at Wadenepally,Krishna,2026-02-19 19:30:00+00:00,22.054,DANGER,18.45,19.84,23.07,16.79416667,80.07305556,KRSNWDP_2026-02-19T19:30:00+0000_22.0540,14023,14023,CWC,36,Telangana,514,NALGONDA,MEDLACHERUVU,-,-,Krishna,Krishna,-,-,-,Krishna,Yes,22.0540,40.00
KRSNWDP,Krishna at Wadenepally,Krishna,2026-02-19 20:30:00+00:00,22.054,DANGER,18.45,19.84,23.07,16.79416667,80.07305556,KRSNWDP_2026-02-19T20:30:00+0000_22.0540,14024,14024,CWC,36,Telangana,514,NALGONDA,MEDLACHERUVU,-,-,Krishna,Krishna,-,-,-,Krishna,Yes,22.0540,40.00
KRSNWDP,Krishna at Wadenepally,Krishna,2026-02-19 21:30:00+00:00,22.054,DANGER,18.45,19.84,23.07,16.79416667,80.07305556,KRSNWDP_2026-02-19T21:30:00+0000_22.0540,14025,14025,CWC,36,Telangana,514,NALGONDA,MEDLACHERUVU,-,-,Krishna,Krishna,-,-,-,Krishna,Yes,22.0540,40.00
KRSNWDP,Krishna at Wadenepally,Krishna,2026-02-19 22:30:00+00:00,22.054,DANGER,18.45,19.84,23.07,16.79416667,80.07305556,KRSNWDP_2026-02-19T22:30:00+0000_22.0540,14026,14026,CWC,36,Telangana,514,NALGONDA,MEDLACHERUVU,-,-,Krishna,Krishna,-,-,-,Krishna,Yes,22.0540,40.00
KRSNWDP,Krishna at Wadenepally,Krishna,2026-02-19 23:30:00+00:00,22.054,DANGER,18.45,19.84,23.07,16.79416667,80.07305556,KRSNWDP_2026-02-19T23:30:00+0000_22.0540,14027,14027,CWC,36,Telangana,514,NALGONDA,MEDLACHERUVU,-,-,Krishna,Krishna,-,-,-,Krishna,Yes,22.0540,40.00
KRSNWDP,Krishna at Wadenepally,Krishna,2026-02-20 00:30:00+00:00,22.054,DANGER,18.45,19.84,23.07,16.79416667,80.07305556,KRSNWDP_2026-02-20T00:30:00+0000_22.0540,14028,14028,CWC,36,Telangana,514,NALGONDA,MEDLACHERUVU,-,-,Krishna,Krishna,-,-,-,Krishna,Yes,22.0540,40.00
KRSNWDP,Krishna at Wadenepally,Krishna,2026-02-20 01:30:00+00:00,22.054,DANGER,18.45,19.84,23.07,16.79416667,80.07305556,KRSNWDP_2026-02-20T01:30:00+0000_22.0540,14029,14029,CWC,36,Telangana,514,NALGONDA,MEDLACHERUVU,-,-,Krishna,Krishna,-,-,-,Krishna,Yes,22.0540,40.00
KRSNWDP,Krishna at Wadenepally,Krishna,2026-02-20 02:30:00+00:00,22.054,DANGER,18.45,19.84,23.07,16.79416667,80.07305556,KRSNWDP_2026-02-20T02:30:00+0000_22.0540,14030,14030,CWC,36,Telangana,514,NALGONDA,MEDLACHERUVU,-,-,Krishna,Krishna,-,-,-,Krishna,Yes,22.0540,40.00
KRSNWDP,Krishna at Wadenepally,Krishna,2026-02-20 03:30:00+00:00,22.054,DANGER,18.45,19.84,23.07,16.79416667,80.07305556,KRSNWDP_2026-02-20T03:30:00+0000_22.0540,14031,14031,CWC,36,Telangana,514,NALGONDA,MEDLACHERUVU,-,-,Krishna,Krishna,-,-,-,Krishna,Yes,22.0540,40.00
KRSNWDP,Krishna at Wadenepally,Krishna,2026-02-20 04:30:00+00:00,22.054,DANGER,18.45,19.84,23.07,16.79416667,80.07305556,KRSNWDP_2026-02-20T04:30:00+0000_22.0540,14032,14032,CWC,36,Telangana,514,NALGONDA,MEDLACHERUVU,-,-,Krishna,Krishna,-,-,-,Krishna,Yes,22.0540,40.00
KRSNWDP,Krishna at Wadenepally,Krishna,2026-02-20 05:30:00+00:00,22.054,DANGER,18.45,19.84,23.07,16.79416667,80.07305556,KRSNWDP_2026-02-20T05:30:00+0000_22.0540,14033,14033,CWC,36,Telangana,514,NALGONDA,MEDLACHERUVU,-,-,Krishna,Krishna,-,-,-,Krishna,Yes,22.0540,40.00
KRSNWDP,Krishna at Wadenepally,Krishna,2026-02-20 06:30:00+00:00,22.054,DANGER,18.45,19.84,23.07,16.79416667,80.07305556,KRSNWDP_2026-02-20T06:30:00+0000_22.0540,14034,14034,CWC,36,Telangana,514,NALGONDA,MEDLACHERUVU,-,-,Krishna,Krishna,-,-,-,Krishna,Yes,22.0540,40.00
KRSNWDP,Krishna at Wadenepally,Krishna,2026-02-20 07:30:00+00:00,22.054,DANGER,18.45,19.84,23.07,16.79416667,80.07305556,KRSNWDP_2026-02-20T07:30:00+0000_22.0540,14035,14035,CWC,36,Telangana,514,NALGONDA,MEDLACHERUVU,-,-,Krishna,Krishna,-,-,-,Krishna,Yes,22.0540,40.00
KRSNWDP,Krishna at Wadenepally,Krishna,2026-02-20 08:30:00+00:00,22.054,DANGER,18.45,19.84,23.07,16.79416667,80.07305556,KRSNWDP_2026-02-20T08:30:00+0000_22.0540,14036,14036,CWC,36,Telangana,514,NALGONDA,MEDLACHERUVU,-,-,Krishna,Krishna,-,-,-,Krishna,Yes,22.0540,40.00
KRSNWDP,Krishna at Wadenepally,Krishna,2026-02-20 09:30:00+00:00,22.054,DANGER,18.45,19.84,23.07,16.79416667,80.07305556,KRSNWDP_2026-02-20T09:30:00+0000_22.0540,14037,14037,CWC,36,Telangana,514,NALGONDA,MEDLACHERUVU,-,-,Krishna,Krishna,-,-,-,Krishna,Yes,22.0540,40.00
KRSNWDP,Krishna at Wadenepally,Krishna,2026-02-20 10:30:00+00:00,22.054,DANGER,18.45,19.84,23.07,16.79416667,80.07305556,KRSNWDP_2026-02-20T10:30:00+0000_22.0540,14038,14038,CWC,36,Telangana,514,NALGONDA,MEDLACHERUVU,-,-,Krishna,Krishna,-,-,-,Krishna,Yes,22.0540,40.00
KRSNWDP,Krishna at Wadenepally,Krishna,2026-02-20 11:30:00+00:00,22.054,DANGER,18.45,19.84,23.07,16.79416667,80.07305556,KRSNWDP_2026-02-20T11:30:00+0000_22.0540,14039,14039,CWC,36,Telangana,514,NALGONDA,MEDLACHERUVU,-,-,Krishna,Krishna,-,-,-,Krishna,Yes,22.0540,40.00
KRSNWDP,Krishna at Wadenepally,Krishna,2026-02-20 12:30:00+00:00,22.054,DANGER,18.45,19.84,23.07,16.79416667,80.07305556,KRSNWDP_2026-02-20T12:30:00+0000_22.0540,14040,14040,CWC,36,Telangana,514,NALGONDA,MEDLACHERUVU,-,-,Krishna,Krishna,-,-,-,Krishna,Yes,22.0540,40.00
KRSNWDP,Krishna at Wadenepally,Krishna,2026-02-20 13:30:00+00:00,22.054,DANGER,18.45,19.84,23.07,16.79416667,80.07305556,KRSNWDP_2026-02-20T13:30:00+0000_22.0540,14041,14041,CWC,36,Telangana,514,NALGONDA,MEDLACHERUVU,-,-,Krishna,Krishna,-,-,-,Krishna,Yes,22.0540,40.00
KRSNWDP,Krishna at Wadenepally,Krishna,2026-02-20 14:30:00+00:00,22.054,DANGER,18.45,19.84,23.07,16.79416667,80.07305556,KRSNWDP_2026-02-20T14:30:00+0000_22.0540,14042,14042,CWC,36,Telangana,514,NALGONDA,MEDLACHERUVU,-,-,Krishna,Krishna,-,-,-,Krishna,Yes,22.0540,40.00
KRSNWDP,Krishna at Wadenepally,Krishna,2026-02-20 15:30:00+00:00,22.054,DANGER,18.45,19.84,23.07,16.79416667,80.07305556,KRSNWDP_2026-02-20T15:30:00+0000_22.0540,14043,14043,CWC,36,Telangana,514,NALGONDA,MEDLACHERUVU,-,-,Krishna,Krishna,-,-,-,Krishna,Yes,22.0540,40.00
KRSNWDP,Krishna at Wadenepally,Krishna,2026-02-20 16:30:00+00:00,22.054,DANGER,18.45,19.84,23.07,16.79416667,80.07305556,KRSNWDP_2026-02-20T16:30:00+0000_22.0540,14044,14044,CWC,36,Telangana,514,NALGONDA,MEDLACHERUVU,-,-,Krishna,Krishna,-,-,-,Krishna,Yes,22.0540,40.00
KRSNWDP,Krishna at Wadenepally,Krishna,2026-02-20 17:30:00+00:00,22.054,DANGER,18.45,19.84,23.07,16.79416667,80.07305556,KRSNWDP_2026-02-20T17:30:00+0000_22.0540,14045,14045,CWC,36,Telangana,514,NALGONDA,MEDLACHERUVU,-,-,Krishna,Krishna,-,-,-,Krishna,Yes,22.0540,40.00
KRSNWDP,Krishna at Wadenepally,Krishna,2026-02-20 18:30:00+00:00,22.054,DANGER,18.45,19.84,23.07,16.79416667,80.07305556,KRSNWDP_2026-02-20T18:30:00+0000_22.0540,14046,14046,CWC,36,Telangana,514,NALGONDA,MEDLACHERUVU,-,-,Krishna,Krishna,-,-,-,Krishna,Yes,22.0540,40.00
KRSNWDP,Krishna at Wadenepally,Krishna,2026-02-20 19:30:00+00:00,22.054,DANGER,18.45,19.84,23.07,16.79416667,80.07305556,KRSNWDP_2026-02-20T19:30:00+0000_22.0540,14047,14047,CWC,36,Telangana,514,NALGONDA,MEDLACHERUVU,-,-,Krishna,Krishna,-,-,-,Krishna,Yes,22.0540,40.00
KRSNWDP,Krishna at Wadenepally,Krishna,2026-02-20 20:30:00+00:00,22.054,DANGER,18.45,19.84,23.07,16.79416667,80.07305556,KRSNWDP_2026-02-20T20:30:00+0000_22.0540,14048,14048,CWC,36,Telangana,514,NALGONDA,MEDLACHERUVU,-,-,Krishna,Krishna,-,-,-,Krishna,Yes,22.0540,40.00
KRSNWDP,Krishna at Wadenepally,Krishna,2026-02-20 21:30:00+00:00,22.054,DANGER,18.45,19.84,23.07,16.79416667,80.07305556,KRSNWDP_2026-02-20T21:30:00+0000_22.0540,14049,14049,CWC,36,Telangana,514,NALGONDA,MEDLACHERUVU,-,-,Krishna,Krishna,-,-,-,Krishna,Yes,22.0540,40.00
KRSNWDP,Krishna at Wadenepally,Krishna,2026-02-20 22:30:00+00:00,22.054,DANGER,18.45,19.84,23.07,16.79416667,80.07305556,KRSNWDP_2026-02-20T22:30:00+0000_22.0540,14050,14050,CWC,36,Telangana,514,NALGONDA,MEDLACHERUVU,-,-,Krishna,Krishna,-,-,-,Krishna,Yes,22.0540,40.00
KRSNWDP,Krishna at Wadenepally,Krishna,2026-02-20 23:30:00+00:00,22.054,DANGER,18.45,19.84,23.07,16.79416667,80.07305556,KRSNWDP_2026-02-20T23:30:00+0000_22.0540,14051,14051,CWC,36,Telangana,514,NALGONDA,MEDLACHERUVU,-,-,Krishna,Krishna,-,-,-,Krishna,Yes,22.0540,40.00
KRSNWDP,Krishna at Wadenepally,Krishna,2026-02-21 00:30:00+00:00,22.054,DANGER,18.45,19.84,23.07,16.79416667,80.07305556,KRSNWDP_2026-02-21T00:30:00+0000_22.0540,14052,14052,CWC,36,Telangana,514,NALGONDA,MEDLACHERUVU,-,-,Krishna,Krishna,-,-,-,Krishna,Yes,22.0540,40.00
KRSNWDP,Krishna at Wadenepally,Krishna,2026-02-21 01:30:00+00:00,22.054,DANGER,18.45,19.84,23.07,16.79416667,80.07305556,KRSNWDP_2026-02-21T01:30:00+0000_22.0540,14053,14053,CWC,36,Telangana,514,NALGONDA,MEDLACHERUVU,-,-,Krishna,Krishna,-,-,-,Krishna,Yes,22.0540,40.00
KRSNWDP,Krishna at Wadenepally,Krishna,2026-02-21 02:30:00+00:00,22.054,DANGER,18.45,19.84,23.07,16.79416667,80.07305556,KRSNWDP_2026-02-21T02:30:00+0000_22.0540,14054,14054,CWC,36,Telangana,514,NALGONDA,MEDLACHERUVU,-,-,Krishna,Krishna,-,-,-,Krishna,Yes,22.0540,40.00
KRSNWDP,Krishna at Wadenepally,Krishna,2026-02-21 03:30:00+00:00,22.054,DANGER,18.45,19.84,23.07,16.79416667,80.07305556,KRSNWDP_2026-02-21T03:30:00+0000_22.0540,14055,14055,CWC,36,Telangana,514,NALGONDA,MEDLACHERUVU,-,-,Krishna,Krishna,-,-,-,Krishna,Yes,22.0540,40.00
KRSNWDP,Krishna at Wadenepally,Krishna,2026-02-21 04:30:00+00:00,22.054,DANGER,18.45,19.84,23.07,16.79416667,80.07305556,KRSNWDP_2026-02-21T04:30:00+0000_22.0540,14056,14056,CWC,36,Telangana,514,NALGONDA,MEDLACHERUVU,-,-,Krishna,Krishna,-,-,-,Krishna,Yes,22.0540,40.00
KRSNWDP,Krishna at Wadenepally,Krishna,2026-02-21 05:30:00+00:00,22.054,DANGER,18.45,19.84,23.07,16.79416667,80.07305556,KRSNWDP_2026-02-21T05:30:00+0000_22.0540,14057,14057,CWC,36,Telangana,514,NALGONDA,MEDLACHERUVU,-,-,Krishna,Krishna,-,-,-,Krishna,Yes,22.0540,40.00
KRSNWDP,Krishna at Wadenepally,Krishna,2026-02-21 06:30:00+00:00,22.054,DANGER,18.45,19.84,23.07,16.79416667,80.07305556,KRSNWDP_2026-02-21T06:30:00+0000_22.0540,14058,14058,CWC,36,Telangana,514,NALGONDA,MEDLACHERUVU,-,-,Krishna,Krishna,-,-,-,Krishna,Yes,22.0540,40.00
KRSNWDP,Krishna at Wadenepally,Krishna,2026-02-21 07:30:00+00:00,22.054,DANGER,18.45,19.84,23.07,16.79416667,80.07305556,KRSNWDP_2026-02-21T07:30:00+0000_22.0540,14059,14059,CWC,36,Telangana,514,NALGONDA,MEDLACHERUVU,-,-,Krishna,Krishna,-,-,-,Krishna,Yes,22.0540,40.00
KRSNWDP,Krishna at Wadenepally,Krishna,2026-02-21 08:30:00+00:00,22.054,DANGER,18.45,19.84,23.07,16.79416667,80.07305556,KRSNWDP_2026-02-21T08:30:00+0000_22.0540,14060,14060,CWC,36,Telangana,514,NALGONDA,MEDLACHERUVU,-,-,Krishna,Krishna,-,-,-,Krishna,Yes,22.0540,40.00
KRSNWDP,Krishna at Wadenepally,Krishna,2026-02-21 09:30:00+00:00,22.054,DANGER,18.45,19.84,23.07,16.79416667,80.07305556,KRSNWDP_2026-02-21T09:30:00+0000_22.0540,14061,14061,CWC,36,Telangana,514,NALGONDA,MEDLACHERUVU,-,-,Krishna,Krishna,-,-,-,Krishna,Yes,22.0540,40.00
KRSNWDP,Krishna at Wadenepally,Krishna,2026-02-21 10:30:00+00:00,22.054,DANGER,18.45,19.84,23.07,16.79416667,80.07305556,KRSNWDP_2026-02-21T10:30:00+0000_22.0540,14062,14062,CWC,36,Telangana,514,NALGONDA,MEDLACHERUVU,-,-,Krishna,Krishna,-,-,-,Krishna,Yes,22.0540,40.00
KRSNWDP,Krishna at Wadenepally,Krishna,2026-02-21 11:30:00+00:00,22.054,DANGER,18.45,19.84,23.07,16.79416667,80.07305556,KRSNWDP_2026-02-21T11:30:00+0000_22.0540,14063,14063,CWC,36,Telangana,514,NALGONDA,MEDLACHERUVU,-,-,Krishna,Krishna,-,-,-,Krishna,Yes,22.0540,40.00
KRSNWDP,Krishna at Wadenepally,Krishna,2026-02-21 12:30:00+00:00,22.054,DANGER,18.45,19.84,23.07,16.79416667,80.07305556,KRSNWDP_2026-02-21T12:30:00+0000_22.0540,14064,14064,CWC,36,Telangana,514,NALGONDA,MEDLACHERUVU,-,-,Krishna,Krishna,-,-,-,Krishna,Yes,22.0540,40.00
KRSNWDP,Krishna at Wadenepally,Krishna,2026-02-21 13:30:00+00:00,22.054,DANGER,18.45,19.84,23.07,16.79416667,80.07305556,KRSNWDP_2026-02-21T13:30:00+0000_22.0540,14065,14065,CWC,36,Telangana,514,NALGONDA,MEDLACHERUVU,-,-,Krishna,Krishna,-,-,-,Krishna,Yes,22.0540,40.00
KRSNWDP,Krishna at Wadenepally,Krishna,2026-02-21 14:30:00+00:00,22.054,DANGER,18.45,19.84,23.07,16.79416667,80.07305556,KRSNWDP_2026-02-21T14:30:00+0000_22.0540,14066,14066,CWC,36,Telangana,514,NALGONDA,MEDLACHERUVU,-,-,Krishna,Krishna,-,-,-,Krishna,Yes,22.0540,40.00
KRSNWDP,Krishna at Wadenepally,Krishna,2026-02-21 15:30:00+00:00,22.054,DANGER,18.45,19.84,23.07,16.79416667,80.07305556,KRSNWDP_2026-02-21T15:30:00+0000_22.0540,14067,14067,CWC,36,Telangana,514,NALGONDA,MEDLACHERUVU,-,-,Krishna,Krishna,-,-,-,Krishna,Yes,22.0540,40.00
KRSNWDP,Krishna at Wadenepally,Krishna,2026-02-21 16:30:00+00:00,22.054,DANGER,18.45,19.84,23.07,16.79416667,80.07305556,KRSNWDP_2026-02-21T16:30:00+0000_22.0540,14068,14068,CWC,36,Telangana,514,NALGONDA,MEDLACHERUVU,-,-,Krishna,Krishna,-,-,-,Krishna,Yes,22.0540,40.00
KRSNWDP,Krishna at Wadenepally,Krishna,2026-02-21 17:30:00+00:00,22.054,DANGER,18.45,19.84,23.07,16.79416667,80.07305556,KRSNWDP_2026-02-21T17:30:00+0000_22.0540,14069,14069,CWC,36,Telangana,514,NALGONDA,MEDLACHERUVU,-,-,Krishna,Krishna,-,-,-,Krishna,Yes,22.0540,40.00
KRSNWDP,Krishna at Wadenepally,Krishna,2026-02-21 18:30:00+00:00,22.054,DANGER,18.45,19.84,23.07,16.79416667,80.07305556,KRSNWDP_2026-02-21T18:30:00+0000_22.0540,14070,14070,CWC,36,Telangana,514,NALGONDA,MEDLACHERUVU,-,-,Krishna,Krishna,-,-,-,Krishna,Yes,22.0540,40.00
KRSNWDP,Krishna at Wadenepally,Krishna,2026-02-21 19:30:00+00:00,22.054,DANGER,18.45,19.84,23.07,16.79416667,80.07305556,KRSNWDP_2026-02-21T19:30:00+0000_22.0540,14071,14071,CWC,36,Telangana,514,NALGONDA,MEDLACHERUVU,-,-,Krishna,Krishna,-,-,-,Krishna,Yes,22.0540,40.00
KRSNWDP,Krishna at Wadenepally,Krishna,2026-02-21 20:30:00+00:00,22.054,DANGER,18.45,19.84,23.07,16.79416667,80.07305556,KRSNWDP_2026-02-21T20:30:00+0000_22.0540,14072,14072,CWC,36,Telangana,514,NALGONDA,MEDLACHERUVU,-,-,Krishna,Krishna,-,-,-,Krishna,Yes,22.0540,40.00
KRSNWDP,Krishna at Wadenepally,Krishna,2026-02-21 21:30:00+00:00,22.054,DANGER,18.45,19.84,23.07,16.79416667,80.07305556,KRSNWDP_2026-02-21T21:30:00+0000_22.0540,14073,14073,CWC,36,Telangana,514,NALGONDA,MEDLACHERUVU,-,-,Krishna,Krishna,-,-,-,Krishna,Yes,22.0540,40.00
KRSNWDP,Krishna at Wadenepally,Krishna,2026-02-21 22:30:00+00:00,22.054,DANGER,18.45,19.84,23.07,16.79416667,80.07305556,KRSNWDP_2026-02-21T22:30:00+0000_22.0540,14074,14074,CWC,36,Telangana,514,NALGONDA,MEDLACHERUVU,-,-,Krishna,Krishna,-,-,-,Krishna,Yes,22.0540,40.00
KRSNWDP,Krishna at Wadenepally,Krishna,2026-02-21 23:30:00+00:00,22.054,DANGER,18.45,19.84,23.07,16.79416667,80.07305556,KRSNWDP_2026-02-21T23:30:00+0000_22.0540,14075,14075,CWC,36,Telangana,514,NALGONDA,MEDLACHERUVU,-,-,Krishna,Krishna,-,-,-,Krishna,Yes,22.0540,40.00
KRSNWDP,Krishna at Wadenepally,Krishna,2026-02-22 00:30:00+00:00,22.054,DANGER,18.45,19.84,23.07,16.79416667,80.07305556,KRSNWDP_2026-02-22T00:30:00+0000_22.0540,14076,14076,CWC,36,Telangana,514,NALGONDA,MEDLACHERUVU,-,-,Krishna,Krishna,-,-,-,Krishna,Yes,22.0540,40.00
KRSNWDP,Krishna at Wadenepally,Krishna,2026-02-22 01:30:00+00:00,22.054,DANGER,18.45,19.84,23.07,16.79416667,80.07305556,KRSNWDP_2026-02-22T01:30:00+0000_22.0540,14077,14077,CWC,36,Telangana,514,NALGONDA,MEDLACHERUVU,-,-,Krishna,Krishna,-,-,-,Krishna,Yes,22.0540,40.00
KRSNWDP,Krishna at Wadenepally,Krishna,2026-02-22 02:30:00+00:00,22.054,DANGER,18.45,19.84,23.07,16.79416667,80.07305556,KRSNWDP_2026-02-22T02:30:00+0000_22.0540,14078,14078,CWC,36,Telangana,514,NALGONDA,MEDLACHERUVU,-,-,Krishna,Krishna,-,-,-,Krishna,Yes,22.0540,40.00
KRSNWDP,Krishna at Wadenepally,Krishna,2026-02-22 03:30:00+00:00,22.054,DANGER,18.45,19.84,23.07,16.79416667,80.07305556,KRSNWDP_2026-02-22T03:30:00+0000_22.0540,14079,14079,CWC,36,Telangana,514,NALGONDA,MEDLACHERUVU,-,-,Krishna,Krishna,-,-,-,Krishna,Yes,22.0540,40.00
KRSNWDP,Krishna at Wadenepally,Krishna,2026-02-22 04:30:00+00:00,22.054,DANGER,18.45,19.84,23.07,16.79416667,80.07305556,KRSNWDP_2026-02-22T04:30:00+0000_22.0540,14080,14080,CWC,36,Telangana,514,NALGONDA,MEDLACHERUVU,-,-,Krishna,Krishna,-,-,-,Krishna,Yes,22.0540,40.00
KRSNWDP,Krishna at Wadenepally,Krishna,2026-02-22 05:30:00+00:00,22.054,DANGER,18.45,19.84,23.07,16.79416667,80.07305556,KRSNWDP_2026-02-22T05:30:00+0000_22.0540,14081,14081,CWC,36,Telangana,514,NALGONDA,MEDLACHERUVU,-,-,Krishna,Krishna,-,-,-,Krishna,Yes,22.0540,40.00
KRSNWDP,Krishna at Wadenepally,Krishna,2026-02-22 06:30:00+00:00,22.054,DANGER,18.45,19.84,23.07,16.79416667,80.07305556,KRSNWDP_2026-02-22T06:30:00+0000_22.0540,14082,14082,CWC,36,Telangana,514,NALGONDA,MEDLACHERUVU,-,-,Krishna,Krishna,-,-,-,Krishna,Yes,22.0540,40.00
KRSNWDP,Krishna at Wadenepally,Krishna,2026-02-22 07:30:00+00:00,22.054,DANGER,18.45,19.84,23.07,16.79416667,80.07305556,KRSNWDP_2026-02-22T07:30:00+0000_22.0540,14083,14083,CWC,36,Telangana,514,NALGONDA,MEDLACHERUVU,-,-,Krishna,Krishna,-,-,-,Krishna,Yes,22.0540,40.00
KRSNWDP,Krishna at Wadenepally,Krishna,2026-02-22 08:30:00+00:00,22.054,DANGER,18.45,19.84,23.07,16.79416667,80.07305556,KRSNWDP_2026-02-22T08:30:00+0000_22.0540,14084,14084,CWC,36,Telangana,514,NALGONDA,MEDLACHERUVU,-,-,Krishna,Krishna,-,-,-,Krishna,Yes,22.0540,40.00
KRSNWDP,Krishna at Wadenepally,Krishna,2026-02-22 09:30:00+00:00,22.054,DANGER,18.45,19.84,23.07,16.79416667,80.07305556,KRSNWDP_2026-02-22T09:30:00+0000_22.0540,14085,14085,CWC,36,Telangana,514,NALGONDA,MEDLACHERUVU,-,-,Krishna,Krishna,-,-,-,Krishna,Yes,22.0540,40.00
KRSNWDP,Krishna at Wadenepally,Krishna,2026-02-22 10:30:00+00:00,22.054,DANGER,18.45,19.84,23.07,16.79416667,80.07305556,KRSNWDP_2026-02-22T10:30:00+0000_22.0540,14086,14086,CWC,36,Telangana,514,NALGONDA,MEDLACHERUVU,-,-,Krishna,Krishna,-,-,-,Krishna,Yes,22.0540,40.00
KRSNWDP,Krishna at Wadenepally,Krishna,2026-02-22 11:30:00+00:00,22.054,DANGER,18.45,19.84,23.07,16.79416667,80.07305556,KRSNWDP_2026-02-22T11:30:00+0000_22.0540,14087,14087,CWC,36,Telangana,514,NALGONDA,MEDLACHERUVU,-,-,Krishna,Krishna,-,-,-,Krishna,Yes,22.0540,40.00
KRSNWDP,Krishna at Wadenepally,Krishna,2026-02-22 12:30:00+00:00,22.054,DANGER,18.45,19.84,23.07,16.79416667,80.07305556,KRSNWDP_2026-02-22T12:30:00+0000_22.0540,14088,14088,CWC,36,Telangana,514,NALGONDA,MEDLACHERUVU,-,-,Krishna,Krishna,-,-,-,Krishna,Yes,22.0540,40.00
KRSNWDP,Krishna at Wadenepally,Krishna,2026-02-22 13:30:00+00:00,22.054,DANGER,18.45,19.84,23.07,16.79416667,80.07305556,KRSNWDP_2026-02-22T13:30:00+0000_22.0540,14089,14089,CWC,36,Telangana,514,NALGONDA,MEDLACHERUVU,-,-,Krishna,Krishna,-,-,-,Krishna,Yes,22.0540,40.00
KRSNWDP,Krishna at Wadenepally,Krishna,2026-02-22 14:30:00+00:00,22.054,DANGER,18.45,19.84,23.07,16.79416667,80.07305556,KRSNWDP_2026-02-22T14:30:00+0000_22.0540,14090,14090,CWC,36,Telangana,514,NALGONDA,MEDLACHERUVU,-,-,Krishna,Krishna,-,-,-,Krishna,Yes,22.0540,40.00
KRSNWDP,Krishna at Wadenepally,Krishna,2026-02-22 15:30:00+00:00,22.054,DANGER,18.45,19.84,23.07,16.79416667,80.07305556,KRSNWDP_2026-02-22T15:30:00+0000_22.0540,14091,14091,CWC,36,Telangana,514,NALGONDA,MEDLACHERUVU,-,-,Krishna,Krishna,-,-,-,Krishna,Yes,22.0540,40.00
KRSNWDP,Krishna at Wadenepally,Krishna,2026-02-22 16:30:00+00:00,22.054,DANGER,18.45,19.84,23.07,16.79416667,80.07305556,KRSNWDP_2026-02-22T16:30:00+0000_22.0540,14092,14092,CWC,36,Telangana,514,NALGONDA,MEDLACHERUVU,-,-,Krishna,Krishna,-,-,-,Krishna,Yes,22.0540,40.00
KRSNWDP,Krishna at Wadenepally,Krishna,2026-02-22 17:30:00+00:00,22.054,DANGER,18.45,19.84,23.07,16.79416667,80.07305556,KRSNWDP_2026-02-22T17:30:00+0000_22.0540,14093,14093,CWC,36,Telangana,514,NALGONDA,MEDLACHERUVU,-,-,Krishna,Krishna,-,-,-,Krishna,Yes,22.0540,40.00
KRSNWDP,Krishna at Wadenepally,Krishna,2026-02-22 18:30:00+00:00,22.054,DANGER,18.45,19.84,23.07,16.79416667,80.07305556,KRSNWDP_2026-02-22T18:30:00+0000_22.0540,14094,14094,CWC,36,Telangana,514,NALGONDA,MEDLACHERUVU,-,-,Krishna,Krishna,-,-,-,Krishna,Yes,22.0540,40.00
KRSNWDP,Krishna at Wadenepally,Krishna,2026-02-22 19:30:00+00:00,22.054,DANGER,18.45,19.84,23.07,16.79416667,80.07305556,KRSNWDP_2026-02-22T19:30:00+0000_22.0540,14095,14095,CWC,36,Telangana,514,NALGONDA,MEDLACHERUVU,-,-,Krishna,Krishna,-,-,-,Krishna,Yes,22.0540,40.00
KRSNWDP,Krishna at Wadenepally,Krishna,2026-02-22 20:30:00+00:00,22.054,DANGER,18.45,19.84,23.07,16.79416667,80.07305556,KRSNWDP_2026-02-22T20:30:00+0000_22.0540,14096,14096,CWC,36,Telangana,514,NALGONDA,MEDLACHERUVU,-,-,Krishna,Krishna,-,-,-,Krishna,Yes,22.0540,40.00
KRSNWDP,Krishna at Wadenepally,Krishna,2026-02-22 21:30:00+00:00,22.054,DANGER,18.45,19.84,23.07,16.79416667,80.07305556,KRSNWDP_2026-02-22T21:30:00+0000_22.0540,14097,14097,CWC,36,Telangana,514,NALGONDA,MEDLACHERUVU,-,-,Krishna,Krishna,-,-,-,Krishna,Yes,22.0540,40.00
KRSNWDP,Krishna at Wadenepally,Krishna,2026-02-22 22:30:00+00:00,22.054,DANGER,18.45,19.84,23.07,16.79416667,80.07305556,KRSNWDP_2026-02-22T22:30:00+0000_22.0540,14098,14098,CWC,36,Telangana,514,NALGONDA,MEDLACHERUVU,-,-,Krishna,Krishna,-,-,-,Krishna,Yes,22.0540,40.00
KRSNWDP,Krishna at Wadenepally,Krishna,2026-02-22 23:30:00+00:00,22.054,DANGER,18.45,19.84,23.07,16.79416667,80.07305556,KRSNWDP_2026-02-22T23:30:00+0000_22.0540,14099,14099,CWC,36,Telangana,514,NALGONDA,MEDLACHERUVU,-,-,Krishna,Krishna,-,-,-,Krishna,Yes,22.0540,40.00
KRSNWDP,Krishna at Wadenepally,Krishna,2026-02-23 00:30:00+00:00,22.054,DANGER,18.45,19.84,23.07,16.79416667,80.07305556,KRSNWDP_2026-02-23T00:30:00+0000_22.0540,14100,14100,CWC,36,Telangana,514,NALGONDA,MEDLACHERUVU,-,-,Krishna,Krishna,-,-,-,Krishna,Yes,22.0540,40.00
KRSNWDP,Krishna at Wadenepally,Krishna,2026-02-23 01:30:00+00:00,22.054,DANGER,18.45,19.84,23.07,16.79416667,80.07305556,KRSNWDP_2026-02-23T01:30:00+0000_22.0540,14101,14101,CWC,36,Telangana,514,NALGONDA,MEDLACHERUVU,-,-,Krishna,Krishna,-,-,-,Krishna,Yes,22.0540,40.00
KRSNWDP,Krishna at Wadenepally,Krishna,2026-02-23 02:30:00+00:00,22.054,DANGER,18.45,19.84,23.07,16.79416667,80.07305556,KRSNWDP_2026-02-23T02:30:00+0000_22.0540,14102,14102,CWC,36,Telangana,514,NALGONDA,MEDLACHERUVU,-,-,Krishna,Krishna,-,-,-,Krishna,Yes,22.0540,40.00
KRSNWDP,Krishna at Wadenepally,Krishna,2026-02-23 03:30:00+00:00,22.054,DANGER,18.45,19.84,23.07,16.79416667,80.07305556,KRSNWDP_2026-02-23T03:30:00+0000_22.0540,14103,14103,CWC,36,Telangana,514,NALGONDA,MEDLACHERUVU,-,-,Krishna,Krishna,-,-,-,Krishna,Yes,22.0540,40.00
KRSNWDP,Krishna at Wadenepally,Krishna,2026-02-23 04:30:00+00:00,22.054,DANGER,18.45,19.84,23.07,16.79416667,80.07305556,KRSNWDP_2026-02-23T04:30:00+0000_22.0540,14104,14104,CWC,36,Telangana,514,NALGONDA,MEDLACHERUVU,-,-,Krishna,Krishna,-,-,-,Krishna,Yes,22.0540,40.00
KRSNWDP,Krishna at Wadenepally,Krishna,2026-02-23 05:30:00+00:00,22.054,DANGER,18.45,19.84,23.07,16.79416667,80.07305556,KRSNWDP_2026-02-23T05:30:00+0000_22.0540,14105,14105,CWC,36,Telangana,514,NALGONDA,MEDLACHERUVU,-,-,Krishna,Krishna,-,-,-,Krishna,Yes,22.0540,40.00
KRSNWDP,Krishna at Wadenepally,Krishna,2026-02-23 06:30:00+00:00,22.054,DANGER,18.45,19.84,23.07,16.79416667,80.07305556,KRSNWDP_2026-02-23T06:30:00+0000_22.0540,14106,14106,CWC,36,Telangana,514,NALGONDA,MEDLACHERUVU,-,-,Krishna,Krishna,-,-,-,Krishna,Yes,22.0540,40.00
KRSNWDP,Krishna at Wadenepally,Krishna,2026-02-23 07:30:00+00:00,22.054,DANGER,18.45,19.84,23.07,16.79416667,80.07305556,KRSNWDP_2026-02-23T07:30:00+0000_22.0540,14107,14107,CWC,36,Telangana,514,NALGONDA,MEDLACHERUVU,-,-,Krishna,Krishna,-,-,-,Krishna,Yes,22.0540,40.00
KRSNWDP,Krishna at Wadenepally,Krishna,2026-02-23 08:30:00+00:00,22.054,DANGER,18.45,19.84,23.07,16.79416667,80.07305556,KRSNWDP_2026-02-23T08:30:00+0000_22.0540,14108,14108,CWC,36,Telangana,514,NALGONDA,MEDLACHERUVU,-,-,Krishna,Krishna,-,-,-,Krishna,Yes,22.0540,40.00
KRSNWDP,Krishna at Wadenepally,Krishna,2026-02-23 09:30:00+00:00,22.054,DANGER,18.45,19.84,23.07,16.79416667,80.07305556,KRSNWDP_2026-02-23T09:30:00+0000_22.0540,14109,14109,CWC,36,Telangana,514,NALGONDA,MEDLACHERUVU,-,-,Krishna,Krishna,-,-,-,Krishna,Yes,22.0540,40.00
KRSNWDP,Krishna at Wadenepally,Krishna,2026-02-23 10:30:00+00:00,22.054,DANGER,18.45,19.84,23.07,16.79416667,80.07305556,KRSNWDP_2026-02-23T10:30:00+0000_22.0540,14110,14110,CWC,36,Telangana,514,NALGONDA,MEDLACHERUVU,-,-,Krishna,Krishna,-,-,-,Krishna,Yes,22.0540,40.00
KRSNWDP,Krishna at Wadenepally,Krishna,2026-02-23 11:30:00+00:00,22.054,DANGER,18.45,19.84,23.07,16.79416667,80.07305556,KRSNWDP_2026-02-23T11:30:00+0000_22.0540,14111,14111,CWC,36,Telangana,514,NALGONDA,MEDLACHERUVU,-,-,Krishna,Krishna,-,-,-,Krishna,Yes,22.0540,40.00
KRSNWDP,Krishna at Wadenepally,Krishna,2026-02-23 12:30:00+00:00,22.054,DANGER,18.45,19.84,23.07,16.79416667,80.07305556,KRSNWDP_2026-02-23T12:30:00+0000_22.0540,14112,14112,CWC,36,Telangana,514,NALGONDA,MEDLACHERUVU,-,-,Krishna,Krishna,-,-,-,Krishna,Yes,22.0540,40.00
KRSNWDP,Krishna at Wadenepally,Krishna,2026-02-23 13:30:00+00:00,22.054,DANGER,18.45,19.84,23.07,16.79416667,80.07305556,KRSNWDP_2026-02-23T13:30:00+0000_22.0540,14113,14113,CWC,36,Telangana,514,NALGONDA,MEDLACHERUVU,-,-,Krishna,Krishna,-,-,-,Krishna,Yes,22.0540,40.00
KRSNWDP,Krishna at Wadenepally,Krishna,2026-02-23 14:30:00+00:00,22.054,DANGER,18.45,19.84,23.07,16.79416667,80.07305556,KRSNWDP_2026-02-23T14:30:00+0000_22.0540,14114,14114,CWC,36,Telangana,514,NALGONDA,MEDLACHERUVU,-,-,Krishna,Krishna,-,-,-,Krishna,Yes,22.0540,40.00
KRSNWDP,Krishna at Wadenepally,Krishna,2026-02-23 15:30:00+00:00,22.054,DANGER,18.45,19.84,23.07,16.79416667,80.07305556,KRSNWDP_2026-02-23T15:30:00+0000_22.0540,14115,14115,CWC,36,Telangana,514,NALGONDA,MEDLACHERUVU,-,-,Krishna,Krishna,-,-,-,Krishna,Yes,22.0540,40.00
KRSNWDP,Krishna at Wadenepally,Krishna,2026-02-23 16:30:00+00:00,22.054,DANGER,18.45,19.84,23.07,16.79416667,80.07305556,KRSNWDP_2026-02-23T16:30:00+0000_22.0540,14116,14116,CWC,36,Telangana,514,NALGONDA,MEDLACHERUVU,-,-,Krishna,Krishna,-,-,-,Krishna,Yes,22.0540,40.00
KRSNWDP,Krishna at Wadenepally,Krishna,2026-02-23 17:30:00+00:00,22.054,DANGER,18.45,19.84,23.07,16.79416667,80.07305556,KRSNWDP_2026-02-23T17:30:00+0000_22.0540,14117,14117,CWC,36,Telangana,514,NALGONDA,MEDLACHERUVU,-,-,Krishna,Krishna,-,-,-,Krishna,Yes,22.0540,40.00
KRSNWDP,Krishna at Wadenepally,Krishna,2026-02-23 18:30:00+00:00,22.054,DANGER,18.45,19.84,23.07,16.79416667,80.07305556,KRSNWDP_2026-02-23T18:30:00+0000_22.0540,14118,14118,CWC,36,Telangana,514,NALGONDA,MEDLACHERUVU,-,-,Krishna,Krishna,-,-,-,Krishna,Yes,22.0540,40.00
KRSNWDP,Krishna at Wadenepally,Krishna,2026-02-23 19:30:00+00:00,22.054,DANGER,18.45,19.84,23.07,16.79416667,80.07305556,KRSNWDP_2026-02-23T19:30:00+0000_22.0540,14119,14119,CWC,36,Telangana,514,NALGONDA,MEDLACHERUVU,-,-,Krishna,Krishna,-,-,-,Krishna,Yes,22.0540,40.00
KRSNWDP,Krishna at Wadenepally,Krishna,2026-02-23 20:30:00+00:00,22.054,DANGER,18.45,19.84,23.07,16.79416667,80.07305556,KRSNWDP_2026-02-23T20:30:00+0000_22.0540,14120,14120,CWC,36,Telangana,514,NALGONDA,MEDLACHERUVU,-,-,Krishna,Krishna,-,-,-,Krishna,Yes,22.0540,40.00
KRSNWDP,Krishna at Wadenepally,Krishna,2026-02-23 21:30:00+00:00,22.054,DANGER,18.45,19.84,23.07,16.79416667,80.07305556,KRSNWDP_2026-02-23T21:30:00+0000_22.0540,14121,14121,CWC,36,Telangana,514,NALGONDA,MEDLACHERUVU,-,-,Krishna,Krishna,-,-,-,Krishna,Yes,22.0540,40.00
KRSNWDP,Krishna at Wadenepally,Krishna,2026-02-23 22:30:00+00:00,22.054,DANGER,18.45,19.84,23.07,16.79416667,80.07305556,KRSNWDP_2026-02-23T22:30:00+0000_22.0540,14122,14122,CWC,36,Telangana,514,NALGONDA,MEDLACHERUVU,-,-,Krishna,Krishna,-,-,-,Krishna,Yes,22.0540,40.00
KRSNWDP,Krishna at Wadenepally,Krishna,2026-02-23 23:30:00+00:00,22.054,DANGER,18.45,19.84,23.07,16.79416667,80.07305556,KRSNWDP_2026-02-23T23:30:00+0000_22.0540,14123,14123,CWC,36,Telangana,514,NALGONDA,MEDLACHERUVU,-,-,Krishna,Krishna,-,-,-,Krishna,Yes,22.0540,40.00
KRSNWDP,Krishna at Wadenepally,Krishna,2026-02-24 00:30:00+00:00,22.054,DANGER,18.45,19.84,23.07,16.79416667,80.07305556,KRSNWDP_2026-02-24T00:30:00+0000_22.0540,14124,14124,CWC,36,Telangana,514,NALGONDA,MEDLACHERUVU,-,-,Krishna,Krishna,-,-,-,Krishna,Yes,22.0540,40.00
KRSNWDP,Krishna at Wadenepally,Krishna,2026-02-24 01:30:00+00:00,22.054,DANGER,18.45,19.84,23.07,16.79416667,80.07305556,KRSNWDP_2026-02-24T01:30:00+0000_22.0540,14125,14125,CWC,36,Telangana,514,NALGONDA,MEDLACHERUVU,-,-,Krishna,Krishna,-,-,-,Krishna,Yes,22.0540,40.00
KRSNWDP,Krishna at Wadenepally,Krishna,2026-02-24 02:30:00+00:00,22.054,DANGER,18.45,19.84,23.07,16.79416667,80.07305556,KRSNWDP_2026-02-24T02:30:00+0000_22.0540,14126,14126,CWC,36,Telangana,514,NALGONDA,MEDLACHERUVU,-,-,Krishna,Krishna,-,-,-,Krishna,Yes,22.0540,40.00
KRSNWDP,Krishna at Wadenepally,Krishna,2026-02-24 03:30:00+00:00,22.054,DANGER,18.45,19.84,23.07,16.79416667,80.07305556,KRSNWDP_2026-02-24T03:30:00+0000_22.0540,14127,14127,CWC,36,Telangana,514,NALGONDA,MEDLACHERUVU,-,-,Krishna,Krishna,-,-,-,Krishna,Yes,22.0540,40.00
KRSNWDP,Krishna at Wadenepally,Krishna,2026-02-24 04:30:00+00:00,22.054,DANGER,18.45,19.84,23.07,16.79416667,80.07305556,KRSNWDP_2026-02-24T04:30:00+0000_22.0540,14128,14128,CWC,36,Telangana,514,NALGONDA,MEDLACHERUVU,-,-,Krishna,Krishna,-,-,-,Krishna,Yes,22.0540,40.00
KRSNWDP,Krishna at Wadenepally,Krishna,2026-02-24 05:30:00+00:00,22.054,DANGER,18.45,19.84,23.07,16.79416667,80.07305556,KRSNWDP_2026-02-24T05:30:00+0000_22.0540,14129,14129,CWC,36,Telangana,514,NALGONDA,MEDLACHERUVU,-,-,Krishna,Krishna,-,-,-,Krishna,Yes,22.0540,40.00
KRSNWDP,Krishna at Wadenepally,Krishna,2026-02-24 18:30:00+00:00,22.054,DANGER,18.45,19.84,23.07,16.79416667,80.07305556,KRSNWDP_2026-02-24T18:30:00+0000_22.0540,14130,14130,CWC,36,Telangana,514,NALGONDA,MEDLACHERUVU,-,-,Krishna,Krishna,-,-,-,Krishna,Yes,22.0540,40.00
KRSNWDP,Krishna at Wadenepally,Krishna,2026-02-24 19:30:00+00:00,22.054,DANGER,18.45,19.84,23.07,16.79416667,80.07305556,KRSNWDP_2026-02-24T19:30:00+0000_22.0540,14131,14131,CWC,36,Telangana,514,NALGONDA,MEDLACHERUVU,-,-,Krishna,Krishna,-,-,-,Krishna,Yes,22.0540,40.00
KRSNWDP,Krishna at Wadenepally,Krishna,2026-02-24 20:30:00+00:00,22.054,DANGER,18.45,19.84,23.07,16.79416667,80.07305556,KRSNWDP_2026-02-24T20:30:00+0000_22.0540,14132,14132,CWC,36,Telangana,514,NALGONDA,MEDLACHERUVU,-,-,Krishna,Krishna,-,-,-,Krishna,Yes,22.0540,40.00
KRSNWDP,Krishna at Wadenepally,Krishna,2026-02-24 21:30:00+00:00,22.054,DANGER,18.45,19.84,23.07,16.79416667,80.07305556,KRSNWDP_2026-02-24T21:30:00+0000_22.0540,14133,14133,CWC,36,Telangana,514,NALGONDA,MEDLACHERUVU,-,-,Krishna,Krishna,-,-,-,Krishna,Yes,22.0540,40.00
KRSNWDP,Krishna at Wadenepally,Krishna,2026-02-24 22:30:00+00:00,22.054,DANGER,18.45,19.84,23.07,16.79416667,80.07305556,KRSNWDP_2026-02-24T22:30:00+0000_22.0540,14134,14134,CWC,36,Telangana,514,NALGONDA,MEDLACHERUVU,-,-,Krishna,Krishna,-,-,-,Krishna,Yes,22.0540,40.00
KRSNWDP,Krishna at Wadenepally,Krishna,2026-02-24 23:30:00+00:00,22.054,DANGER,18.45,19.84,23.07,16.79416667,80.07305556,KRSNWDP_2026-02-24T23:30:00+0000_22.0540,14135,14135,CWC,36,Telangana,514,NALGONDA,MEDLACHERUVU,-,-,Krishna,Krishna,-,-,-,Krishna,Yes,22.0540,40.00
KRSNWDP,Krishna at Wadenepally,Krishna,2026-02-25 00:30:00+00:00,22.054,DANGER,18.45,19.84,23.07,16.79416667,80.07305556,KRSNWDP_2026-02-25T00:30:00+0000_22.0540,14136,14136,CWC,36,Telangana,514,NALGONDA,MEDLACHERUVU,-,-,Krishna,Krishna,-,-,-,Krishna,Yes,22.0540,40.00
KRSNWDP,Krishna at Wadenepally,Krishna,2026-02-25 01:30:00+00:00,22.054,DANGER,18.45,19.84,23.07,16.79416667,80.07305556,KRSNWDP_2026-02-25T01:30:00+0000_22.0540,14137,14137,CWC,36,Telangana,514,NALGONDA,MEDLACHERUVU,-,-,Krishna,Krishna,-,-,-,Krishna,Yes,22.0540,40.00
KRSNWDP,Krishna at Wadenepally,Krishna,2026-02-25 02:30:00+00:00,22.054,DANGER,18.45,19.84,23.07,16.79416667,80.07305556,KRSNWDP_2026-02-25T02:30:00+0000_22.0540,14138,14138,CWC,36,Telangana,514,NALGONDA,MEDLACHERUVU,-,-,Krishna,Krishna,-,-,-,Krishna,Yes,22.0540,40.00
KRSNWDP,Krishna at Wadenepally,Krishna,2026-02-25 03:30:00+00:00,22.054,DANGER,18.45,19.84,23.07,16.79416667,80.07305556,KRSNWDP_2026-02-25T03:30:00+0000_22.0540,14139,14139,CWC,36,Telangana,514,NALGONDA,MEDLACHERUVU,-,-,Krishna,Krishna,-,-,-,Krishna,Yes,22.0540,40.00
KRSNWDP,Krishna at Wadenepally,Krishna,2026-02-25 04:30:00+00:00,22.054,DANGER,18.45,19.84,23.07,16.79416667,80.07305556,KRSNWDP_2026-02-25T04:30:00+0000_22.0540,14140,14140,CWC,36,Telangana,514,NALGONDA,MEDLACHERUVU,-,-,Krishna,Krishna,-,-,-,Krishna,Yes,22.0540,40.00
KRSNWDP,Krishna at Wadenepally,Krishna,2026-02-25 22:30:00+00:00,22.054,DANGER,18.45,19.84,23.07,16.79416667,80.07305556,KRSNWDP_2026-02-25T22:30:00+0000_22.0540,14141,14141,CWC,36,Telangana,514,NALGONDA,MEDLACHERUVU,-,-,Krishna,Krishna,-,-,-,Krishna,Yes,22.0540,40.00
KRSNWDP,Krishna at Wadenepally,Krishna,2026-02-26 02:30:00+00:00,22.054,DANGER,18.45,19.84,23.07,16.79416667,80.07305556,KRSNWDP_2026-02-26T02:30:00+0000_22.0540,14142,14142,CWC,36,Telangana,514,NALGONDA,MEDLACHERUVU,-,-,Krishna,Krishna,-,-,-,Krishna,Yes,22.0540,40.00
KRSNWDP,Krishna at Wadenepally,Krishna,2026-02-26 03:30:00+00:00,22.054,DANGER,18.45,19.84,23.07,16.79416667,80.07305556,KRSNWDP_2026-02-26T03:30:00+0000_22.0540,14143,14143,CWC,36,Telangana,514,NALGONDA,MEDLACHERUVU,-,-,Krishna,Krishna,-,-,-,Krishna,Yes,22.0540,40.00
KRSNWDP,Krishna at Wadenepally,Krishna,2026-02-26 04:30:00+00:00,22.054,DANGER,18.45,19.84,23.07,16.79416667,80.07305556,KRSNWDP_2026-02-26T04:30:00+0000_22.0540,14144,14144,CWC,36,Telangana,514,NALGONDA,MEDLACHERUVU,-,-,Krishna,Krishna,-,-,-,Krishna,Yes,22.0540,40.00
KRSNWDP,Krishna at Wadenepally,Krishna,2026-02-27 01:30:00+00:00,22.054,DANGER,18.45,19.84,23.07,16.79416667,80.07305556,KRSNWDP_2026-02-27T01:30:00+0000_22.0540,14145,14145,CWC,36,Telangana,514,NALGONDA,MEDLACHERUVU,-,-,Krishna,Krishna,-,-,-,Krishna,Yes,22.0540,40.00
KRSNWDP,Krishna at Wadenepally,Krishna,2026-02-27 02:30:00+00:00,22.054,DANGER,18.45,19.84,23.07,16.79416667,80.07305556,KRSNWDP_2026-02-27T02:30:00+0000_22.0540,14146,14146,CWC,36,Telangana,514,NALGONDA,MEDLACHERUVU,-,-,Krishna,Krishna,-,-,-,Krishna,Yes,22.0540,40.00
KRSNWDP,Krishna at Wadenepally,Krishna,2026-02-27 04:30:00+00:00,22.054,DANGER,18.45,19.84,23.07,16.79416667,80.07305556,KRSNWDP_2026-02-27T04:30:00+0000_22.0540,14147,14147,CWC,36,Telangana,514,NALGONDA,MEDLACHERUVU,-,-,Krishna,Krishna,-,-,-,Krishna,Yes,22.0540,40.00
KRSNWDP,Krishna at Wadenepally,Krishna,2026-02-27 05:30:00+00:00,22.054,DANGER,18.45,19.84,23.07,16.79416667,80.07305556,KRSNWDP_2026-02-27T05:30:00+0000_22.0540,14148,14148,CWC,36,Telangana,514,NALGONDA,MEDLACHERUVU,-,-,Krishna,Krishna,-,-,-,Krishna,Yes,22.0540,40.00
KRSNWDP,Krishna at Wadenepally,Krishna,2026-02-27 22:30:00+00:00,22.054,DANGER,18.45,19.84,23.07,16.79416667,80.07305556,KRSNWDP_2026-02-27T22:30:00+0000_22.0540,14149,14149,CWC,36,Telangana,514,NALGONDA,MEDLACHERUVU,-,-,Krishna,Krishna,-,-,-,Krishna,Yes,22.0540,40.00
KRSNWDP,Krishna at Wadenepally,Krishna,2026-02-27 23:30:00+00:00,22.054,DANGER,18.45,19.84,23.07,16.79416667,80.07305556,KRSNWDP_2026-02-27T23:30:00+0000_22.0540,14150,14150,CWC,36,Telangana,514,NALGONDA,MEDLACHERUVU,-,-,Krishna,Krishna,-,-,-,Krishna,Yes,22.0540,40.00
KRSNWDP,Krishna at Wadenepally,Krishna,2026-02-28 00:30:00+00:00,22.054,DANGER,18.45,19.84,23.07,16.79416667,80.07305556,KRSNWDP_2026-02-28T00:30:00+0000_22.0540,14151,14151,CWC,36,Telangana,514,NALGONDA,MEDLACHERUVU,-,-,Krishna,Krishna,-,-,-,Krishna,Yes,22.0540,40.00
KRSNWDP,Krishna at Wadenepally,Krishna,2026-02-28 01:30:00+00:00,22.054,DANGER,18.45,19.84,23.07,16.79416667,80.07305556,KRSNWDP_2026-02-28T01:30:00+0000_22.0540,14152,14152,CWC,36,Telangana,514,NALGONDA,MEDLACHERUVU,-,-,Krishna,Krishna,-,-,-,Krishna,Yes,22.0540,40.00
KRSNWDP,Krishna at Wadenepally,Krishna,2026-02-28 02:30:00+00:00,22.054,DANGER,18.45,19.84,23.07,16.79416667,80.07305556,KRSNWDP_2026-02-28T02:30:00+0000_22.0540,14153,14153,CWC,36,Telangana,514,NALGONDA,MEDLACHERUVU,-,-,Krishna,Krishna,-,-,-,Krishna,Yes,22.0540,40.00
KRSNWDP,Krishna at Wadenepally,Krishna,2026-02-28 03:30:00+00:00,22.054,DANGER,18.45,19.84,23.07,16.79416667,80.07305556,KRSNWDP_2026-02-28T03:30:00+0000_22.0540,14154,14154,CWC,36,Telangana,514,NALGONDA,MEDLACHERUVU,-,-,Krishna,Krishna,-,-,-,Krishna,Yes,22.0540,40.00
KRSNWDP,Krishna at Wadenepally,Krishna,2026-03-16 22:30:00+00:00,22.054,DANGER,18.45,19.84,23.07,16.79416667,80.07305556,KRSNWDP_2026-03-16T22:30:00+0000_22.0540,14155,14155,CWC,36,Telangana,514,NALGONDA,MEDLACHERUVU,-,-,Krishna,Krishna,-,-,-,Krishna,Yes,22.0540,40.00
KRSNWDP,Krishna at Wadenepally,Krishna,2026-03-17 04:30:00+00:00,22.054,DANGER,18.45,19.84,23.07,16.79416667,80.07305556,KRSNWDP_2026-03-17T04:30:00+0000_22.0540,14156,14156,CWC,36,Telangana,514,NALGONDA,MEDLACHERUVU,-,-,Krishna,Krishna,-,-,-,Krishna,Yes,22.0540,40.00
KRSNWDP,Krishna at Wadenepally,Krishna,2026-03-17 23:30:00+00:00,22.054,DANGER,18.45,19.84,23.07,16.79416667,80.07305556,KRSNWDP_2026-03-17T23:30:00+0000_22.0540,14157,14157,CWC,36,Telangana,514,NALGONDA,MEDLACHERUVU,-,-,Krishna,Krishna,-,-,-,Krishna,Yes,22.0540,40.00
KRSNWDP,Krishna at Wadenepally,Krishna,2026-03-18 00:30:00+00:00,22.054,DANGER,18.45,19.84,23.07,16.79416667,80.07305556,KRSNWDP_2026-03-18T00:30:00+0000_22.0540,14158,14158,CWC,36,Telangana,514,NALGONDA,MEDLACHERUVU,-,-,Krishna,Krishna,-,-,-,Krishna,Yes,22.0540,40.00
KRSNWDP,Krishna at Wadenepally,Krishna,2026-03-18 22:30:00+00:00,22.054,DANGER,18.45,19.84,23.07,16.79416667,80.07305556,KRSNWDP_2026-03-18T22:30:00+0000_22.0540,14159,14159,CWC,36,Telangana,514,NALGONDA,MEDLACHERUVU,-,-,Krishna,Krishna,-,-,-,Krishna,Yes,22.0540,40.00
KRSNWDP,Krishna at Wadenepally,Krishna,2026-03-18 23:30:00+00:00,22.054,DANGER,18.45,19.84,23.07,16.79416667,80.07305556,KRSNWDP_2026-03-18T23:30:00+0000_22.0540,14160,14160,CWC,36,Telangana,514,NALGONDA,MEDLACHERUVU,-,-,Krishna,Krishna,-,-,-,Krishna,Yes,22.0540,40.00
KRSNWDP,Krishna at Wadenepally,Krishna,2026-03-19 00:30:00+00:00,22.054,DANGER,18.45,19.84,23.07,16.79416667,80.07305556,KRSNWDP_2026-03-19T00:30:00+0000_22.0540,14161,14161,CWC,36,Telangana,514,NALGONDA,MEDLACHERUVU,-,-,Krishna,Krishna,-,-,-,Krishna,Yes,22.0540,40.00
KRSNWDP,Krishna at Wadenepally,Krishna,2026-03-19 01:30:00+00:00,22.054,DANGER,18.45,19.84,23.07,16.79416667,80.07305556,KRSNWDP_2026-03-19T01:30:00+0000_22.0540,14162,14162,CWC,36,Telangana,514,NALGONDA,MEDLACHERUVU,-,-,Krishna,Krishna,-,-,-,Krishna,Yes,22.0540,40.00
KRSNWDP,Krishna at Wadenepally,Krishna,2026-03-19 02:30:00+00:00,22.054,DANGER,18.45,19.84,23.07,16.79416667,80.07305556,KRSNWDP_2026-03-19T02:30:00+0000_22.0540,14163,14163,CWC,36,Telangana,514,NALGONDA,MEDLACHERUVU,-,-,Krishna,Krishna,-,-,-,Krishna,Yes,22.0540,40.00
KRSNWDP,Krishna at Wadenepally,Krishna,2026-03-19 03:30:00+00:00,22.054,DANGER,18.45,19.84,23.07,16.79416667,80.07305556,KRSNWDP_2026-03-19T03:30:00+0000_22.0540,14164,14164,CWC,36,Telangana,514,NALGONDA,MEDLACHERUVU,-,-,Krishna,Krishna,-,-,-,Krishna,Yes,22.0540,40.00
KRSNWDP,Krishna at Wadenepally,Krishna,2026-03-19 04:30:00+00:00,22.054,DANGER,18.45,19.84,23.07,16.79416667,80.07305556,KRSNWDP_2026-03-19T04:30:00+0000_22.0540,14165,14165,CWC,36,Telangana,514,NALGONDA,MEDLACHERUVU,-,-,Krishna,Krishna,-,-,-,Krishna,Yes,22.0540,40.00
KRSNWDP,Krishna at Wadenepally,Krishna,2026-03-19 05:30:00+00:00,22.054,DANGER,18.45,19.84,23.07,16.79416667,80.07305556,KRSNWDP_2026-03-19T05:30:00+0000_22.0540,14166,14166,CWC,36,Telangana,514,NALGONDA,MEDLACHERUVU,-,-,Krishna,Krishna,-,-,-,Krishna,Yes,22.0540,40.00
KRSNWDP,Krishna at Wadenepally,Krishna,2026-03-19 06:30:00+00:00,22.054,DANGER,18.45,19.84,23.07,16.79416667,80.07305556,KRSNWDP_2026-03-19T06:30:00+0000_22.0540,14167,14167,CWC,36,Telangana,514,NALGONDA,MEDLACHERUVU,-,-,Krishna,Krishna,-,-,-,Krishna,Yes,22.0540,40.00
KRSNWDP,Krishna at Wadenepally,Krishna,2026-03-19 07:30:00+00:00,22.054,DANGER,18.45,19.84,23.07,16.79416667,80.07305556,KRSNWDP_2026-03-19T07:30:00+0000_22.0540,14168,14168,CWC,36,Telangana,514,NALGONDA,MEDLACHERUVU,-,-,Krishna,Krishna,-,-,-,Krishna,Yes,22.0540,40.00
KRSNWDP,Krishna at Wadenepally,Krishna,2026-03-19 08:30:00+00:00,22.054,DANGER,18.45,19.84,23.07,16.79416667,80.07305556,KRSNWDP_2026-03-19T08:30:00+0000_22.0540,14169,14169,CWC,36,Telangana,514,NALGONDA,MEDLACHERUVU,-,-,Krishna,Krishna,-,-,-,Krishna,Yes,22.0540,40.00
KRSNWDP,Krishna at Wadenepally,Krishna,2026-03-19 09:30:00+00:00,22.054,DANGER,18.45,19.84,23.07,16.79416667,80.07305556,KRSNWDP_2026-03-19T09:30:00+0000_22.0540,14170,14170,CWC,36,Telangana,514,NALGONDA,MEDLACHERUVU,-,-,Krishna,Krishna,-,-,-,Krishna,Yes,22.0540,40.00
KRSNWDP,Krishna at Wadenepally,Krishna,2026-03-19 10:30:00+00:00,22.054,DANGER,18.45,19.84,23.07,16.79416667,80.07305556,KRSNWDP_2026-03-19T10:30:00+0000_22.0540,14171,14171,CWC,36,Telangana,514,NALGONDA,MEDLACHERUVU,-,-,Krishna,Krishna,-,-,-,Krishna,Yes,22.0540,40.00
KRSNWDP,Krishna at Wadenepally,Krishna,2026-03-19 11:30:00+00:00,22.054,DANGER,18.45,19.84,23.07,16.79416667,80.07305556,KRSNWDP_2026-03-19T11:30:00+0000_22.0540,14172,14172,CWC,36,Telangana,514,NALGONDA,MEDLACHERUVU,-,-,Krishna,Krishna,-,-,-,Krishna,Yes,22.0540,40.00
KRSNWDP,Krishna at Wadenepally,Krishna,2026-03-19 12:30:00+00:00,22.054,DANGER,18.45,19.84,23.07,16.79416667,80.07305556,KRSNWDP_2026-03-19T12:30:00+0000_22.0540,14173,14173,CWC,36,Telangana,514,NALGONDA,MEDLACHERUVU,-,-,Krishna,Krishna,-,-,-,Krishna,Yes,22.0540,40.00
KRSNWDP,Krishna at Wadenepally,Krishna,2026-03-19 13:30:00+00:00,22.054,DANGER,18.45,19.84,23.07,16.79416667,80.07305556,KRSNWDP_2026-03-19T13:30:00+0000_22.0540,14174,14174,CWC,36,Telangana,514,NALGONDA,MEDLACHERUVU,-,-,Krishna,Krishna,-,-,-,Krishna,Yes,22.0540,40.00
KRSNWDP,Krishna at Wadenepally,Krishna,2026-03-19 14:30:00+00:00,22.054,DANGER,18.45,19.84,23.07,16.79416667,80.07305556,KRSNWDP_2026-03-19T14:30:00+0000_22.0540,14175,14175,CWC,36,Telangana,514,NALGONDA,MEDLACHERUVU,-,-,Krishna,Krishna,-,-,-,Krishna,Yes,22.0540,40.00
KRSNWDP,Krishna at Wadenepally,Krishna,2026-03-19 15:30:00+00:00,22.054,DANGER,18.45,19.84,23.07,16.79416667,80.07305556,KRSNWDP_2026-03-19T15:30:00+0000_22.0540,14176,14176,CWC,36,Telangana,514,NALGONDA,MEDLACHERUVU,-,-,Krishna,Krishna,-,-,-,Krishna,Yes,22.0540,40.00
KRSNWDP,Krishna at Wadenepally,Krishna,2026-03-19 16:30:00+00:00,22.054,DANGER,18.45,19.84,23.07,16.79416667,80.07305556,KRSNWDP_2026-03-19T16:30:00+0000_22.0540,14177,14177,CWC,36,Telangana,514,NALGONDA,MEDLACHERUVU,-,-,Krishna,Krishna,-,-,-,Krishna,Yes,22.0540,40.00
KRSNWDP,Krishna at Wadenepally,Krishna,2026-03-19 17:30:00+00:00,22.054,DANGER,18.45,19.84,23.07,16.79416667,80.07305556,KRSNWDP_2026-03-19T17:30:00+0000_22.0540,14178,14178,CWC,36,Telangana,514,NALGONDA,MEDLACHERUVU,-,-,Krishna,Krishna,-,-,-,Krishna,Yes,22.0540,40.00
KRSNWDP,Krishna at Wadenepally,Krishna,2026-03-19 18:30:00+00:00,22.054,DANGER,18.45,19.84,23.07,16.79416667,80.07305556,KRSNWDP_2026-03-19T18:30:00+0000_22.0540,14179,14179,CWC,36,Telangana,514,NALGONDA,MEDLACHERUVU,-,-,Krishna,Krishna,-,-,-,Krishna,Yes,22.0540,40.00
KRSNWDP,Krishna at Wadenepally,Krishna,2026-03-19 19:30:00+00:00,22.054,DANGER,18.45,19.84,23.07,16.79416667,80.07305556,KRSNWDP_2026-03-19T19:30:00+0000_22.0540,14180,14180,CWC,36,Telangana,514,NALGONDA,MEDLACHERUVU,-,-,Krishna,Krishna,-,-,-,Krishna,Yes,22.0540,40.00
KRSNWDP,Krishna at Wadenepally,Krishna,2026-03-19 20:30:00+00:00,22.054,DANGER,18.45,19.84,23.07,16.79416667,80.07305556,KRSNWDP_2026-03-19T20:30:00+0000_22.0540,14181,14181,CWC,36,Telangana,514,NALGONDA,MEDLACHERUVU,-,-,Krishna,Krishna,-,-,-,Krishna,Yes,22.0540,40.00
KRSNWDP,Krishna at Wadenepally,Krishna,2026-03-19 21:30:00+00:00,22.054,DANGER,18.45,19.84,23.07,16.79416667,80.07305556,KRSNWDP_2026-03-19T21:30:00+0000_22.0540,14182,14182,CWC,36,Telangana,514,NALGONDA,MEDLACHERUVU,-,-,Krishna,Krishna,-,-,-,Krishna,Yes,22.0540,40.00
KRSNWDP,Krishna at Wadenepally,Krishna,2026-03-19 22:30:00+00:00,22.054,DANGER,18.45,19.84,23.07,16.79416667,80.07305556,KRSNWDP_2026-03-19T22:30:00+0000_22.0540,14183,14183,CWC,36,Telangana,514,NALGONDA,MEDLACHERUVU,-,-,Krishna,Krishna,-,-,-,Krishna,Yes,22.0540,40.00
KRSNWDP,Krishna at Wadenepally,Krishna,2026-03-19 23:30:00+00:00,22.054,DANGER,18.45,19.84,23.07,16.79416667,80.07305556,KRSNWDP_2026-03-19T23:30:00+0000_22.0540,14184,14184,CWC,36,Telangana,514,NALGONDA,MEDLACHERUVU,-,-,Krishna,Krishna,-,-,-,Krishna,Yes,22.0540,40.00
KRSNWDP,Krishna at Wadenepally,Krishna,2026-03-20 00:30:00+00:00,22.054,DANGER,18.45,19.84,23.07,16.79416667,80.07305556,KRSNWDP_2026-03-20T00:30:00+0000_22.0540,14185,14185,CWC,36,Telangana,514,NALGONDA,MEDLACHERUVU,-,-,Krishna,Krishna,-,-,-,Krishna,Yes,22.0540,40.00
KRSNWDP,Krishna at Wadenepally,Krishna,2026-03-20 01:30:00+00:00,22.054,DANGER,18.45,19.84,23.07,16.79416667,80.07305556,KRSNWDP_2026-03-20T01:30:00+0000_22.0540,14186,14186,CWC,36,Telangana,514,NALGONDA,MEDLACHERUVU,-,-,Krishna,Krishna,-,-,-,Krishna,Yes,22.0540,40.00
KRSNWDP,Krishna at Wadenepally,Krishna,2026-03-20 02:30:00+00:00,22.054,DANGER,18.45,19.84,23.07,16.79416667,80.07305556,KRSNWDP_2026-03-20T02:30:00+0000_22.0540,14187,14187,CWC,36,Telangana,514,NALGONDA,MEDLACHERUVU,-,-,Krishna,Krishna,-,-,-,Krishna,Yes,22.0540,40.00
KRSNWDP,Krishna at Wadenepally,Krishna,2026-03-20 03:30:00+00:00,22.054,DANGER,18.45,19.84,23.07,16.79416667,80.07305556,KRSNWDP_2026-03-20T03:30:00+0000_22.0540,14188,14188,CWC,36,Telangana,514,NALGONDA,MEDLACHERUVU,-,-,Krishna,Krishna,-,-,-,Krishna,Yes,22.0540,40.00
KRSNWDP,Krishna at Wadenepally,Krishna,2026-03-20 04:30:00+00:00,22.054,DANGER,18.45,19.84,23.07,16.79416667,80.07305556,KRSNWDP_2026-03-20T04:30:00+0000_22.0540,14189,14189,CWC,36,Telangana,514,NALGONDA,MEDLACHERUVU,-,-,Krishna,Krishna,-,-,-,Krishna,Yes,22.0540,40.00
KRSNWDP,Krishna at Wadenepally,Krishna,2026-03-20 05:30:00+00:00,22.054,DANGER,18.45,19.84,23.07,16.79416667,80.07305556,KRSNWDP_2026-03-20T05:30:00+0000_22.0540,14190,14190,CWC,36,Telangana,514,NALGONDA,MEDLACHERUVU,-,-,Krishna,Krishna,-,-,-,Krishna,Yes,22.0540,40.00
KRSNWDP,Krishna at Wadenepally,Krishna,2026-03-20 06:30:00+00:00,22.054,DANGER,18.45,19.84,23.07,16.79416667,80.07305556,KRSNWDP_2026-03-20T06:30:00+0000_22.0540,14191,14191,CWC,36,Telangana,514,NALGONDA,MEDLACHERUVU,-,-,Krishna,Krishna,-,-,-,Krishna,Yes,22.0540,40.00
KRSNWDP,Krishna at Wadenepally,Krishna,2026-03-20 07:30:00+00:00,22.054,DANGER,18.45,19.84,23.07,16.79416667,80.07305556,KRSNWDP_2026-03-20T07:30:00+0000_22.0540,14192,14192,CWC,36,Telangana,514,NALGONDA,MEDLACHERUVU,-,-,Krishna,Krishna,-,-,-,Krishna,Yes,22.0540,40.00
KRSNWDP,Krishna at Wadenepally,Krishna,2026-03-20 08:30:00+00:00,22.054,DANGER,18.45,19.84,23.07,16.79416667,80.07305556,KRSNWDP_2026-03-20T08:30:00+0000_22.0540,14193,14193,CWC,36,Telangana,514,NALGONDA,MEDLACHERUVU,-,-,Krishna,Krishna,-,-,-,Krishna,Yes,22.0540,40.00
KRSNWDP,Krishna at Wadenepally,Krishna,2026-03-20 09:30:00+00:00,22.054,DANGER,18.45,19.84,23.07,16.79416667,80.07305556,KRSNWDP_2026-03-20T09:30:00+0000_22.0540,14194,14194,CWC,36,Telangana,514,NALGONDA,MEDLACHERUVU,-,-,Krishna,Krishna,-,-,-,Krishna,Yes,22.0540,40.00
KRSNWDP,Krishna at Wadenepally,Krishna,2026-03-20 10:30:00+00:00,22.054,DANGER,18.45,19.84,23.07,16.79416667,80.07305556,KRSNWDP_2026-03-20T10:30:00+0000_22.0540,14195,14195,CWC,36,Telangana,514,NALGONDA,MEDLACHERUVU,-,-,Krishna,Krishna,-,-,-,Krishna,Yes,22.0540,40.00
KRSNWDP,Krishna at Wadenepally,Krishna,2026-03-20 11:30:00+00:00,22.054,DANGER,18.45,19.84,23.07,16.79416667,80.07305556,KRSNWDP_2026-03-20T11:30:00+0000_22.0540,14196,14196,CWC,36,Telangana,514,NALGONDA,MEDLACHERUVU,-,-,Krishna,Krishna,-,-,-,Krishna,Yes,22.0540,40.00
KRSNWDP,Krishna at Wadenepally,Krishna,2026-03-20 12:30:00+00:00,22.054,DANGER,18.45,19.84,23.07,16.79416667,80.07305556,KRSNWDP_2026-03-20T12:30:00+0000_22.0540,14197,14197,CWC,36,Telangana,514,NALGONDA,MEDLACHERUVU,-,-,Krishna,Krishna,-,-,-,Krishna,Yes,22.0540,40.00
KRSNWDP,Krishna at Wadenepally,Krishna,2026-03-20 13:30:00+00:00,22.054,DANGER,18.45,19.84,23.07,16.79416667,80.07305556,KRSNWDP_2026-03-20T13:30:00+0000_22.0540,14198,14198,CWC,36,Telangana,514,NALGONDA,MEDLACHERUVU,-,-,Krishna,Krishna,-,-,-,Krishna,Yes,22.0540,40.00
KRSNWDP,Krishna at Wadenepally,Krishna,2026-03-20 14:30:00+00:00,22.054,DANGER,18.45,19.84,23.07,16.79416667,80.07305556,KRSNWDP_2026-03-20T14:30:00+0000_22.0540,14199,14199,CWC,36,Telangana,514,NALGONDA,MEDLACHERUVU,-,-,Krishna,Krishna,-,-,-,Krishna,Yes,22.0540,40.00
KRSNWDP,Krishna at Wadenepally,Krishna,2026-03-20 15:30:00+00:00,22.054,DANGER,18.45,19.84,23.07,16.79416667,80.07305556,KRSNWDP_2026-03-20T15:30:00+0000_22.0540,14200,14200,CWC,36,Telangana,514,NALGONDA,MEDLACHERUVU,-,-,Krishna,Krishna,-,-,-,Krishna,Yes,22.0540,40.00
KRSNWDP,Krishna at Wadenepally,Krishna,2026-03-20 16:30:00+00:00,22.054,DANGER,18.45,19.84,23.07,16.79416667,80.07305556,KRSNWDP_2026-03-20T16:30:00+0000_22.0540,14201,14201,CWC,36,Telangana,514,NALGONDA,MEDLACHERUVU,-,-,Krishna,Krishna,-,-,-,Krishna,Yes,22.0540,40.00
KRSNWDP,Krishna at Wadenepally,Krishna,2026-03-20 17:30:00+00:00,22.054,DANGER,18.45,19.84,23.07,16.79416667,80.07305556,KRSNWDP_2026-03-20T17:30:00+0000_22.0540,14202,14202,CWC,36,Telangana,514,NALGONDA,MEDLACHERUVU,-,-,Krishna,Krishna,-,-,-,Krishna,Yes,22.0540,40.00
KRSNWDP,Krishna at Wadenepally,Krishna,2026-03-20 18:30:00+00:00,22.054,DANGER,18.45,19.84,23.07,16.79416667,80.07305556,KRSNWDP_2026-03-20T18:30:00+0000_22.0540,14203,14203,CWC,36,Telangana,514,NALGONDA,MEDLACHERUVU,-,-,Krishna,Krishna,-,-,-,Krishna,Yes,22.0540,40.00
KRSNWDP,Krishna at Wadenepally,Krishna,2026-03-20 19:30:00+00:00,22.054,DANGER,18.45,19.84,23.07,16.79416667,80.07305556,KRSNWDP_2026-03-20T19:30:00+0000_22.0540,14204,14204,CWC,36,Telangana,514,NALGONDA,MEDLACHERUVU,-,-,Krishna,Krishna,-,-,-,Krishna,Yes,22.0540,40.00
KRSNWDP,Krishna at Wadenepally,Krishna,2026-03-20 20:30:00+00:00,22.054,DANGER,18.45,19.84,23.07,16.79416667,80.07305556,KRSNWDP_2026-03-20T20:30:00+0000_22.0540,14205,14205,CWC,36,Telangana,514,NALGONDA,MEDLACHERUVU,-,-,Krishna,Krishna,-,-,-,Krishna,Yes,22.0540,40.00
KRSNWDP,Krishna at Wadenepally,Krishna,2026-03-20 21:30:00+00:00,22.054,DANGER,18.45,19.84,23.07,16.79416667,80.07305556,KRSNWDP_2026-03-20T21:30:00+0000_22.0540,14206,14206,CWC,36,Telangana,514,NALGONDA,MEDLACHERUVU,-,-,Krishna,Krishna,-,-,-,Krishna,Yes,22.0540,40.00
KRSNWDP,Krishna at Wadenepally,Krishna,2026-03-20 22:30:00+00:00,22.054,DANGER,18.45,19.84,23.07,16.79416667,80.07305556,KRSNWDP_2026-03-20T22:30:00+0000_22.0540,14207,14207,CWC,36,Telangana,514,NALGONDA,MEDLACHERUVU,-,-,Krishna,Krishna,-,-,-,Krishna,Yes,22.0540,40.00
KRSNWDP,Krishna at Wadenepally,Krishna,2026-03-20 23:30:00+00:00,22.054,DANGER,18.45,19.84,23.07,16.79416667,80.07305556,KRSNWDP_2026-03-20T23:30:00+0000_22.0540,14208,14208,CWC,36,Telangana,514,NALGONDA,MEDLACHERUVU,-,-,Krishna,Krishna,-,-,-,Krishna,Yes,22.0540,40.00
KRSNWDP,Krishna at Wadenepally,Krishna,2026-03-21 00:30:00+00:00,22.054,DANGER,18.45,19.84,23.07,16.79416667,80.07305556,KRSNWDP_2026-03-21T00:30:00+0000_22.0540,14209,14209,CWC,36,Telangana,514,NALGONDA,MEDLACHERUVU,-,-,Krishna,Krishna,-,-,-,Krishna,Yes,22.0540,40.00
KRSNWDP,Krishna at Wadenepally,Krishna,2026-03-21 01:30:00+00:00,22.054,DANGER,18.45,19.84,23.07,16.79416667,80.07305556,KRSNWDP_2026-03-21T01:30:00+0000_22.0540,14210,14210,CWC,36,Telangana,514,NALGONDA,MEDLACHERUVU,-,-,Krishna,Krishna,-,-,-,Krishna,Yes,22.0540,40.00
KRSNWDP,Krishna at Wadenepally,Krishna,2026-03-21 02:30:00+00:00,22.054,DANGER,18.45,19.84,23.07,16.79416667,80.07305556,KRSNWDP_2026-03-21T02:30:00+0000_22.0540,14211,14211,CWC,36,Telangana,514,NALGONDA,MEDLACHERUVU,-,-,Krishna,Krishna,-,-,-,Krishna,Yes,22.0540,40.00
KRSNWDP,Krishna at Wadenepally,Krishna,2026-03-21 03:30:00+00:00,22.054,DANGER,18.45,19.84,23.07,16.79416667,80.07305556,KRSNWDP_2026-03-21T03:30:00+0000_22.0540,14212,14212,CWC,36,Telangana,514,NALGONDA,MEDLACHERUVU,-,-,Krishna,Krishna,-,-,-,Krishna,Yes,22.0540,40.00
KRSNWDP,Krishna at Wadenepally,Krishna,2026-03-21 04:30:00+00:00,22.054,DANGER,18.45,19.84,23.07,16.79416667,80.07305556,KRSNWDP_2026-03-21T04:30:00+0000_22.0540,14213,14213,CWC,36,Telangana,514,NALGONDA,MEDLACHERUVU,-,-,Krishna,Krishna,-,-,-,Krishna,Yes,22.0540,40.00
KRSNWDP,Krishna at Wadenepally,Krishna,2026-03-21 05:30:00+00:00,22.054,DANGER,18.45,19.84,23.07,16.79416667,80.07305556,KRSNWDP_2026-03-21T05:30:00+0000_22.0540,14214,14214,CWC,36,Telangana,514,NALGONDA,MEDLACHERUVU,-,-,Krishna,Krishna,-,-,-,Krishna,Yes,22.0540,40.00
KRSNWDP,Krishna at Wadenepally,Krishna,2026-03-21 06:30:00+00:00,22.054,DANGER,18.45,19.84,23.07,16.79416667,80.07305556,KRSNWDP_2026-03-21T06:30:00+0000_22.0540,14215,14215,CWC,36,Telangana,514,NALGONDA,MEDLACHERUVU,-,-,Krishna,Krishna,-,-,-,Krishna,Yes,22.0540,40.00
KRSNWDP,Krishna at Wadenepally,Krishna,2026-03-21 07:30:00+00:00,22.054,DANGER,18.45,19.84,23.07,16.79416667,80.07305556,KRSNWDP_2026-03-21T07:30:00+0000_22.0540,14216,14216,CWC,36,Telangana,514,NALGONDA,MEDLACHERUVU,-,-,Krishna,Krishna,-,-,-,Krishna,Yes,22.0540,40.00
KRSNWDP,Krishna at Wadenepally,Krishna,2026-03-21 08:30:00+00:00,22.054,DANGER,18.45,19.84,23.07,16.79416667,80.07305556,KRSNWDP_2026-03-21T08:30:00+0000_22.0540,14217,14217,CWC,36,Telangana,514,NALGONDA,MEDLACHERUVU,-,-,Krishna,Krishna,-,-,-,Krishna,Yes,22.0540,40.00
KRSNWDP,Krishna at Wadenepally,Krishna,2026-03-21 09:30:00+00:00,22.054,DANGER,18.45,19.84,23.07,16.79416667,80.07305556,KRSNWDP_2026-03-21T09:30:00+0000_22.0540,14218,14218,CWC,36,Telangana,514,NALGONDA,MEDLACHERUVU,-,-,Krishna,Krishna,-,-,-,Krishna,Yes,22.0540,40.00
KRSNWDP,Krishna at Wadenepally,Krishna,2026-03-21 10:30:00+00:00,22.054,DANGER,18.45,19.84,23.07,16.79416667,80.07305556,KRSNWDP_2026-03-21T10:30:00+0000_22.0540,14219,14219,CWC,36,Telangana,514,NALGONDA,MEDLACHERUVU,-,-,Krishna,Krishna,-,-,-,Krishna,Yes,22.0540,40.00
KRSNWDP,Krishna at Wadenepally,Krishna,2026-03-21 11:30:00+00:00,22.054,DANGER,18.45,19.84,23.07,16.79416667,80.07305556,KRSNWDP_2026-03-21T11:30:00+0000_22.0540,14220,14220,CWC,36,Telangana,514,NALGONDA,MEDLACHERUVU,-,-,Krishna,Krishna,-,-,-,Krishna,Yes,22.0540,40.00
KRSNWDP,Krishna at Wadenepally,Krishna,2026-03-21 12:30:00+00:00,22.054,DANGER,18.45,19.84,23.07,16.79416667,80.07305556,KRSNWDP_2026-03-21T12:30:00+0000_22.0540,14221,14221,CWC,36,Telangana,514,NALGONDA,MEDLACHERUVU,-,-,Krishna,Krishna,-,-,-,Krishna,Yes,22.0540,40.00
KRSNWDP,Krishna at Wadenepally,Krishna,2026-03-21 13:30:00+00:00,22.054,DANGER,18.45,19.84,23.07,16.79416667,80.07305556,KRSNWDP_2026-03-21T13:30:00+0000_22.0540,14222,14222,CWC,36,Telangana,514,NALGONDA,MEDLACHERUVU,-,-,Krishna,Krishna,-,-,-,Krishna,Yes,22.0540,40.00
KRSNWDP,Krishna at Wadenepally,Krishna,2026-03-21 14:30:00+00:00,22.054,DANGER,18.45,19.84,23.07,16.79416667,80.07305556,KRSNWDP_2026-03-21T14:30:00+0000_22.0540,14223,14223,CWC,36,Telangana,514,NALGONDA,MEDLACHERUVU,-,-,Krishna,Krishna,-,-,-,Krishna,Yes,22.0540,40.00
KRSNWDP,Krishna at Wadenepally,Krishna,2026-03-21 15:30:00+00:00,22.054,DANGER,18.45,19.84,23.07,16.79416667,80.07305556,KRSNWDP_2026-03-21T15:30:00+0000_22.0540,14224,14224,CWC,36,Telangana,514,NALGONDA,MEDLACHERUVU,-,-,Krishna,Krishna,-,-,-,Krishna,Yes,22.0540,40.00
KRSNWDP,Krishna at Wadenepally,Krishna,2026-03-21 16:30:00+00:00,22.054,DANGER,18.45,19.84,23.07,16.79416667,80.07305556,KRSNWDP_2026-03-21T16:30:00+0000_22.0540,14225,14225,CWC,36,Telangana,514,NALGONDA,MEDLACHERUVU,-,-,Krishna,Krishna,-,-,-,Krishna,Yes,22.0540,40.00
KRSNWDP,Krishna at Wadenepally,Krishna,2026-03-21 17:30:00+00:00,22.054,DANGER,18.45,19.84,23.07,16.79416667,80.07305556,KRSNWDP_2026-03-21T17:30:00+0000_22.0540,14226,14226,CWC,36,Telangana,514,NALGONDA,MEDLACHERUVU,-,-,Krishna,Krishna,-,-,-,Krishna,Yes,22.0540,40.00
KRSNWDP,Krishna at Wadenepally,Krishna,2026-03-21 18:30:00+00:00,22.054,DANGER,18.45,19.84,23.07,16.79416667,80.07305556,KRSNWDP_2026-03-21T18:30:00+0000_22.0540,14227,14227,CWC,36,Telangana,514,NALGONDA,MEDLACHERUVU,-,-,Krishna,Krishna,-,-,-,Krishna,Yes,22.0540,40.00
KRSNWDP,Krishna at Wadenepally,Krishna,2026-03-21 19:30:00+00:00,22.054,DANGER,18.45,19.84,23.07,16.79416667,80.07305556,KRSNWDP_2026-03-21T19:30:00+0000_22.0540,14228,14228,CWC,36,Telangana,514,NALGONDA,MEDLACHERUVU,-,-,Krishna,Krishna,-,-,-,Krishna,Yes,22.0540,40.00
KRSNWDP,Krishna at Wadenepally,Krishna,2026-03-21 20:30:00+00:00,22.054,DANGER,18.45,19.84,23.07,16.79416667,80.07305556,KRSNWDP_2026-03-21T20:30:00+0000_22.0540,14229,14229,CWC,36,Telangana,514,NALGONDA,MEDLACHERUVU,-,-,Krishna,Krishna,-,-,-,Krishna,Yes,22.0540,40.00
KRSNWDP,Krishna at Wadenepally,Krishna,2026-03-21 21:30:00+00:00,22.054,DANGER,18.45,19.84,23.07,16.79416667,80.07305556,KRSNWDP_2026-03-21T21:30:00+0000_22.0540,14230,14230,CWC,36,Telangana,514,NALGONDA,MEDLACHERUVU,-,-,Krishna,Krishna,-,-,-,Krishna,Yes,22.0540,40.00
KRSNWDP,Krishna at Wadenepally,Krishna,2026-03-21 22:30:00+00:00,22.054,DANGER,18.45,19.84,23.07,16.79416667,80.07305556,KRSNWDP_2026-03-21T22:30:00+0000_22.0540,14231,14231,CWC,36,Telangana,514,NALGONDA,MEDLACHERUVU,-,-,Krishna,Krishna,-,-,-,Krishna,Yes,22.0540,40.00
KRSNWDP,Krishna at Wadenepally,Krishna,2026-03-21 23:30:00+00:00,22.054,DANGER,18.45,19.84,23.07,16.79416667,80.07305556,KRSNWDP_2026-03-21T23:30:00+0000_22.0540,14232,14232,CWC,36,Telangana,514,NALGONDA,MEDLACHERUVU,-,-,Krishna,Krishna,-,-,-,Krishna,Yes,22.0540,40.00
KRSNWDP,Krishna at Wadenepally,Krishna,2026-03-22 00:30:00+00:00,22.054,DANGER,18.45,19.84,23.07,16.79416667,80.07305556,KRSNWDP_2026-03-22T00:30:00+0000_22.0540,14233,14233,CWC,36,Telangana,514,NALGONDA,MEDLACHERUVU,-,-,Krishna,Krishna,-,-,-,Krishna,Yes,22.0540,40.00
KRSNWDP,Krishna at Wadenepally,Krishna,2026-03-22 01:30:00+00:00,22.054,DANGER,18.45,19.84,23.07,16.79416667,80.07305556,KRSNWDP_2026-03-22T01:30:00+0000_22.0540,14234,14234,CWC,36,Telangana,514,NALGONDA,MEDLACHERUVU,-,-,Krishna,Krishna,-,-,-,Krishna,Yes,22.0540,40.00
KRSNWDP,Krishna at Wadenepally,Krishna,2026-03-22 02:30:00+00:00,22.054,DANGER,18.45,19.84,23.07,16.79416667,80.07305556,KRSNWDP_2026-03-22T02:30:00+0000_22.0540,14235,14235,CWC,36,Telangana,514,NALGONDA,MEDLACHERUVU,-,-,Krishna,Krishna,-,-,-,Krishna,Yes,22.0540,40.00
KRSNWDP,Krishna at Wadenepally,Krishna,2026-03-22 03:30:00+00:00,22.054,DANGER,18.45,19.84,23.07,16.79416667,80.07305556,KRSNWDP_2026-03-22T03:30:00+0000_22.0540,14236,14236,CWC,36,Telangana,514,NALGONDA,MEDLACHERUVU,-,-,Krishna,Krishna,-,-,-,Krishna,Yes,22.0540,40.00
KRSNWDP,Krishna at Wadenepally,Krishna,2026-03-22 04:30:00+00:00,22.054,DANGER,18.45,19.84,23.07,16.79416667,80.07305556,KRSNWDP_2026-03-22T04:30:00+0000_22.0540,14237,14237,CWC,36,Telangana,514,NALGONDA,MEDLACHERUVU,-,-,Krishna,Krishna,-,-,-,Krishna,Yes,22.0540,40.00
KRSNWDP,Krishna at Wadenepally,Krishna,2026-03-22 05:30:00+00:00,22.054,DANGER,18.45,19.84,23.07,16.79416667,80.07305556,KRSNWDP_2026-03-22T05:30:00+0000_22.0540,14238,14238,CWC,36,Telangana,514,NALGONDA,MEDLACHERUVU,-,-,Krishna,Krishna,-,-,-,Krishna,Yes,22.0540,40.00
KRSNWDP,Krishna at Wadenepally,Krishna,2026-03-22 06:30:00+00:00,22.054,DANGER,18.45,19.84,23.07,16.79416667,80.07305556,KRSNWDP_2026-03-22T06:30:00+0000_22.0540,14239,14239,CWC,36,Telangana,514,NALGONDA,MEDLACHERUVU,-,-,Krishna,Krishna,-,-,-,Krishna,Yes,22.0540,40.00
KRSNWDP,Krishna at Wadenepally,Krishna,2026-03-22 07:30:00+00:00,22.054,DANGER,18.45,19.84,23.07,16.79416667,80.07305556,KRSNWDP_2026-03-22T07:30:00+0000_22.0540,14240,14240,CWC,36,Telangana,514,NALGONDA,MEDLACHERUVU,-,-,Krishna,Krishna,-,-,-,Krishna,Yes,22.0540,40.00
KRSNWDP,Krishna at Wadenepally,Krishna,2026-03-22 08:30:00+00:00,22.054,DANGER,18.45,19.84,23.07,16.79416667,80.07305556,KRSNWDP_2026-03-22T08:30:00+0000_22.0540,14241,14241,CWC,36,Telangana,514,NALGONDA,MEDLACHERUVU,-,-,Krishna,Krishna,-,-,-,Krishna,Yes,22.0540,40.00
KRSNWDP,Krishna at Wadenepally,Krishna,2026-03-22 09:30:00+00:00,22.054,DANGER,18.45,19.84,23.07,16.79416667,80.07305556,KRSNWDP_2026-03-22T09:30:00+0000_22.0540,14242,14242,CWC,36,Telangana,514,NALGONDA,MEDLACHERUVU,-,-,Krishna,Krishna,-,-,-,Krishna,Yes,22.0540,40.00
KRSNWDP,Krishna at Wadenepally,Krishna,2026-03-22 10:30:00+00:00,22.054,DANGER,18.45,19.84,23.07,16.79416667,80.07305556,KRSNWDP_2026-03-22T10:30:00+0000_22.0540,14243,14243,CWC,36,Telangana,514,NALGONDA,MEDLACHERUVU,-,-,Krishna,Krishna,-,-,-,Krishna,Yes,22.0540,40.00
KRSNWDP,Krishna at Wadenepally,Krishna,2026-03-22 11:30:00+00:00,22.054,DANGER,18.45,19.84,23.07,16.79416667,80.07305556,KRSNWDP_2026-03-22T11:30:00+0000_22.0540,14244,14244,CWC,36,Telangana,514,NALGONDA,MEDLACHERUVU,-,-,Krishna,Krishna,-,-,-,Krishna,Yes,22.0540,40.00
KRSNWDP,Krishna at Wadenepally,Krishna,2026-03-22 12:30:00+00:00,22.054,DANGER,18.45,19.84,23.07,16.79416667,80.07305556,KRSNWDP_2026-03-22T12:30:00+0000_22.0540,14245,14245,CWC,36,Telangana,514,NALGONDA,MEDLACHERUVU,-,-,Krishna,Krishna,-,-,-,Krishna,Yes,22.0540,40.00
KRSNWDP,Krishna at Wadenepally,Krishna,2026-03-22 13:30:00+00:00,22.054,DANGER,18.45,19.84,23.07,16.79416667,80.07305556,KRSNWDP_2026-03-22T13:30:00+0000_22.0540,14246,14246,CWC,36,Telangana,514,NALGONDA,MEDLACHERUVU,-,-,Krishna,Krishna,-,-,-,Krishna,Yes,22.0540,40.00
KRSNWDP,Krishna at Wadenepally,Krishna,2026-03-22 14:30:00+00:00,22.054,DANGER,18.45,19.84,23.07,16.79416667,80.07305556,KRSNWDP_2026-03-22T14:30:00+0000_22.0540,14247,14247,CWC,36,Telangana,514,NALGONDA,MEDLACHERUVU,-,-,Krishna,Krishna,-,-,-,Krishna,Yes,22.0540,40.00
KRSNWDP,Krishna at Wadenepally,Krishna,2026-03-22 15:30:00+00:00,22.054,DANGER,18.45,19.84,23.07,16.79416667,80.07305556,KRSNWDP_2026-03-22T15:30:00+0000_22.0540,14248,14248,CWC,36,Telangana,514,NALGONDA,MEDLACHERUVU,-,-,Krishna,Krishna,-,-,-,Krishna,Yes,22.0540,40.00
KRSNWDP,Krishna at Wadenepally,Krishna,2026-03-22 16:30:00+00:00,22.054,DANGER,18.45,19.84,23.07,16.79416667,80.07305556,KRSNWDP_2026-03-22T16:30:00+0000_22.0540,14249,14249,CWC,36,Telangana,514,NALGONDA,MEDLACHERUVU,-,-,Krishna,Krishna,-,-,-,Krishna,Yes,22.0540,40.00
KRSNWDP,Krishna at Wadenepally,Krishna,2026-03-22 17:30:00+00:00,22.054,DANGER,18.45,19.84,23.07,16.79416667,80.07305556,KRSNWDP_2026-03-22T17:30:00+0000_22.0540,14250,14250,CWC,36,Telangana,514,NALGONDA,MEDLACHERUVU,-,-,Krishna,Krishna,-,-,-,Krishna,Yes,22.0540,40.00
KRSNWDP,Krishna at Wadenepally,Krishna,2026-03-22 18:30:00+00:00,22.054,DANGER,18.45,19.84,23.07,16.79416667,80.07305556,KRSNWDP_2026-03-22T18:30:00+0000_22.0540,14251,14251,CWC,36,Telangana,514,NALGONDA,MEDLACHERUVU,-,-,Krishna,Krishna,-,-,-,Krishna,Yes,22.0540,40.00
KRSNWDP,Krishna at Wadenepally,Krishna,2026-03-22 19:30:00+00:00,22.054,DANGER,18.45,19.84,23.07,16.79416667,80.07305556,KRSNWDP_2026-03-22T19:30:00+0000_22.0540,14252,14252,CWC,36,Telangana,514,NALGONDA,MEDLACHERUVU,-,-,Krishna,Krishna,-,-,-,Krishna,Yes,22.0540,40.00
KRSNWDP,Krishna at Wadenepally,Krishna,2026-03-22 20:30:00+00:00,22.054,DANGER,18.45,19.84,23.07,16.79416667,80.07305556,KRSNWDP_2026-03-22T20:30:00+0000_22.0540,14253,14253,CWC,36,Telangana,514,NALGONDA,MEDLACHERUVU,-,-,Krishna,Krishna,-,-,-,Krishna,Yes,22.0540,40.00
KRSNWDP,Krishna at Wadenepally,Krishna,2026-03-22 21:30:00+00:00,22.054,DANGER,18.45,19.84,23.07,16.79416667,80.07305556,KRSNWDP_2026-03-22T21:30:00+0000_22.0540,14254,14254,CWC,36,Telangana,514,NALGONDA,MEDLACHERUVU,-,-,Krishna,Krishna,-,-,-,Krishna,Yes,22.0540,40.00
KRSNWDP,Krishna at Wadenepally,Krishna,2026-03-22 22:30:00+00:00,22.054,DANGER,18.45,19.84,23.07,16.79416667,80.07305556,KRSNWDP_2026-03-22T22:30:00+0000_22.0540,14255,14255,CWC,36,Telangana,514,NALGONDA,MEDLACHERUVU,-,-,Krishna,Krishna,-,-,-,Krishna,Yes,22.0540,40.00
KRSNWDP,Krishna at Wadenepally,Krishna,2026-03-22 23:30:00+00:00,22.054,DANGER,18.45,19.84,23.07,16.79416667,80.07305556,KRSNWDP_2026-03-22T23:30:00+0000_22.0540,14256,14256,CWC,36,Telangana,514,NALGONDA,MEDLACHERUVU,-,-,Krishna,Krishna,-,-,-,Krishna,Yes,22.0540,40.00
KRSNWDP,Krishna at Wadenepally,Krishna,2026-03-23 00:30:00+00:00,22.054,DANGER,18.45,19.84,23.07,16.79416667,80.07305556,KRSNWDP_2026-03-23T00:30:00+0000_22.0540,14257,14257,CWC,36,Telangana,514,NALGONDA,MEDLACHERUVU,-,-,Krishna,Krishna,-,-,-,Krishna,Yes,22.0540,40.00
KRSNWDP,Krishna at Wadenepally,Krishna,2026-03-23 01:30:00+00:00,22.054,DANGER,18.45,19.84,23.07,16.79416667,80.07305556,KRSNWDP_2026-03-23T01:30:00+0000_22.0540,14258,14258,CWC,36,Telangana,514,NALGONDA,MEDLACHERUVU,-,-,Krishna,Krishna,-,-,-,Krishna,Yes,22.0540,40.00
KRSNWDP,Krishna at Wadenepally,Krishna,2026-03-23 02:30:00+00:00,22.054,DANGER,18.45,19.84,23.07,16.79416667,80.07305556,KRSNWDP_2026-03-23T02:30:00+0000_22.0540,14259,14259,CWC,36,Telangana,514,NALGONDA,MEDLACHERUVU,-,-,Krishna,Krishna,-,-,-,Krishna,Yes,22.0540,40.00
KRSNWDP,Krishna at Wadenepally,Krishna,2026-03-23 03:30:00+00:00,22.054,DANGER,18.45,19.84,23.07,16.79416667,80.07305556,KRSNWDP_2026-03-23T03:30:00+0000_22.0540,14260,14260,CWC,36,Telangana,514,NALGONDA,MEDLACHERUVU,-,-,Krishna,Krishna,-,-,-,Krishna,Yes,22.0540,40.00
KRSNWDP,Krishna at Wadenepally,Krishna,2026-03-23 04:30:00+00:00,22.054,DANGER,18.45,19.84,23.07,16.79416667,80.07305556,KRSNWDP_2026-03-23T04:30:00+0000_22.0540,14261,14261,CWC,36,Telangana,514,NALGONDA,MEDLACHERUVU,-,-,Krishna,Krishna,-,-,-,Krishna,Yes,22.0540,40.00
KRSNWDP,Krishna at Wadenepally,Krishna,2026-03-23 05:30:00+00:00,22.054,DANGER,18.45,19.84,23.07,16.79416667,80.07305556,KRSNWDP_2026-03-23T05:30:00+0000_22.0540,14262,14262,CWC,36,Telangana,514,NALGONDA,MEDLACHERUVU,-,-,Krishna,Krishna,-,-,-,Krishna,Yes,22.0540,40.00
KRSNWDP,Krishna at Wadenepally,Krishna,2026-03-23 06:30:00+00:00,22.054,DANGER,18.45,19.84,23.07,16.79416667,80.07305556,KRSNWDP_2026-03-23T06:30:00+0000_22.0540,14263,14263,CWC,36,Telangana,514,NALGONDA,MEDLACHERUVU,-,-,Krishna,Krishna,-,-,-,Krishna,Yes,22.0540,40.00
KRSNWDP,Krishna at Wadenepally,Krishna,2026-03-23 07:30:00+00:00,22.054,DANGER,18.45,19.84,23.07,16.79416667,80.07305556,KRSNWDP_2026-03-23T07:30:00+0000_22.0540,14264,14264,CWC,36,Telangana,514,NALGONDA,MEDLACHERUVU,-,-,Krishna,Krishna,-,-,-,Krishna,Yes,22.0540,40.00
KRSNWDP,Krishna at Wadenepally,Krishna,2026-03-23 08:30:00+00:00,22.054,DANGER,18.45,19.84,23.07,16.79416667,80.07305556,KRSNWDP_2026-03-23T08:30:00+0000_22.0540,14265,14265,CWC,36,Telangana,514,NALGONDA,MEDLACHERUVU,-,-,Krishna,Krishna,-,-,-,Krishna,Yes,22.0540,40.00
KRSNWDP,Krishna at Wadenepally,Krishna,2026-03-23 09:30:00+00:00,22.054,DANGER,18.45,19.84,23.07,16.79416667,80.07305556,KRSNWDP_2026-03-23T09:30:00+0000_22.0540,14266,14266,CWC,36,Telangana,514,NALGONDA,MEDLACHERUVU,-,-,Krishna,Krishna,-,-,-,Krishna,Yes,22.0540,40.00
KRSNWDP,Krishna at Wadenepally,Krishna,2026-03-23 10:30:00+00:00,22.054,DANGER,18.45,19.84,23.07,16.79416667,80.07305556,KRSNWDP_2026-03-23T10:30:00+0000_22.0540,14267,14267,CWC,36,Telangana,514,NALGONDA,MEDLACHERUVU,-,-,Krishna,Krishna,-,-,-,Krishna,Yes,22.0540,40.00
KRSNWDP,Krishna at Wadenepally,Krishna,2026-03-23 11:30:00+00:00,22.054,DANGER,18.45,19.84,23.07,16.79416667,80.07305556,KRSNWDP_2026-03-23T11:30:00+0000_22.0540,14268,14268,CWC,36,Telangana,514,NALGONDA,MEDLACHERUVU,-,-,Krishna,Krishna,-,-,-,Krishna,Yes,22.0540,40.00
KRSNWDP,Krishna at Wadenepally,Krishna,2026-03-23 12:30:00+00:00,22.054,DANGER,18.45,19.84,23.07,16.79416667,80.07305556,KRSNWDP_2026-03-23T12:30:00+0000_22.0540,14269,14269,CWC,36,Telangana,514,NALGONDA,MEDLACHERUVU,-,-,Krishna,Krishna,-,-,-,Krishna,Yes,22.0540,40.00
KRSNWDP,Krishna at Wadenepally,Krishna,2026-03-23 13:30:00+00:00,22.054,DANGER,18.45,19.84,23.07,16.79416667,80.07305556,KRSNWDP_2026-03-23T13:30:00+0000_22.0540,14270,14270,CWC,36,Telangana,514,NALGONDA,MEDLACHERUVU,-,-,Krishna,Krishna,-,-,-,Krishna,Yes,22.0540,40.00
KRSNWDP,Krishna at Wadenepally,Krishna,2026-03-23 14:30:00+00:00,22.054,DANGER,18.45,19.84,23.07,16.79416667,80.07305556,KRSNWDP_2026-03-23T14:30:00+0000_22.0540,14271,14271,CWC,36,Telangana,514,NALGONDA,MEDLACHERUVU,-,-,Krishna,Krishna,-,-,-,Krishna,Yes,22.0540,40.00
KRSNWDP,Krishna at Wadenepally,Krishna,2026-03-23 15:30:00+00:00,22.054,DANGER,18.45,19.84,23.07,16.79416667,80.07305556,KRSNWDP_2026-03-23T15:30:00+0000_22.0540,14272,14272,CWC,36,Telangana,514,NALGONDA,MEDLACHERUVU,-,-,Krishna,Krishna,-,-,-,Krishna,Yes,22.0540,40.00
KRSNWDP,Krishna at Wadenepally,Krishna,2026-03-23 16:30:00+00:00,22.054,DANGER,18.45,19.84,23.07,16.79416667,80.07305556,KRSNWDP_2026-03-23T16:30:00+0000_22.0540,14273,14273,CWC,36,Telangana,514,NALGONDA,MEDLACHERUVU,-,-,Krishna,Krishna,-,-,-,Krishna,Yes,22.0540,40.00
KRSNWDP,Krishna at Wadenepally,Krishna,2026-03-23 17:30:00+00:00,22.054,DANGER,18.45,19.84,23.07,16.79416667,80.07305556,KRSNWDP_2026-03-23T17:30:00+0000_22.0540,14274,14274,CWC,36,Telangana,514,NALGONDA,MEDLACHERUVU,-,-,Krishna,Krishna,-,-,-,Krishna,Yes,22.0540,40.00
KRSNWDP,Krishna at Wadenepally,Krishna,2026-03-23 18:30:00+00:00,22.054,DANGER,18.45,19.84,23.07,16.79416667,80.07305556,KRSNWDP_2026-03-23T18:30:00+0000_22.0540,14275,14275,CWC,36,Telangana,514,NALGONDA,MEDLACHERUVU,-,-,Krishna,Krishna,-,-,-,Krishna,Yes,22.0540,40.00
KRSNWDP,Krishna at Wadenepally,Krishna,2026-03-23 19:30:00+00:00,22.054,DANGER,18.45,19.84,23.07,16.79416667,80.07305556,KRSNWDP_2026-03-23T19:30:00+0000_22.0540,14276,14276,CWC,36,Telangana,514,NALGONDA,MEDLACHERUVU,-,-,Krishna,Krishna,-,-,-,Krishna,Yes,22.0540,40.00
KRSNWDP,Krishna at Wadenepally,Krishna,2026-03-23 20:30:00+00:00,22.054,DANGER,18.45,19.84,23.07,16.79416667,80.07305556,KRSNWDP_2026-03-23T20:30:00+0000_22.0540,14277,14277,CWC,36,Telangana,514,NALGONDA,MEDLACHERUVU,-,-,Krishna,Krishna,-,-,-,Krishna,Yes,22.0540,40.00
KRSNWDP,Krishna at Wadenepally,Krishna,2026-03-23 21:30:00+00:00,22.054,DANGER,18.45,19.84,23.07,16.79416667,80.07305556,KRSNWDP_2026-03-23T21:30:00+0000_22.0540,14278,14278,CWC,36,Telangana,514,NALGONDA,MEDLACHERUVU,-,-,Krishna,Krishna,-,-,-,Krishna,Yes,22.0540,40.00
KRSNWDP,Krishna at Wadenepally,Krishna,2026-03-23 22:30:00+00:00,22.054,DANGER,18.45,19.84,23.07,16.79416667,80.07305556,KRSNWDP_2026-03-23T22:30:00+0000_22.0540,14279,14279,CWC,36,Telangana,514,NALGONDA,MEDLACHERUVU,-,-,Krishna,Krishna,-,-,-,Krishna,Yes,22.0540,40.00
KRSNWDP,Krishna at Wadenepally,Krishna,2026-03-23 23:30:00+00:00,22.054,DANGER,18.45,19.84,23.07,16.79416667,80.07305556,KRSNWDP_2026-03-23T23:30:00+0000_22.0540,14280,14280,CWC,36,Telangana,514,NALGONDA,MEDLACHERUVU,-,-,Krishna,Krishna,-,-,-,Krishna,Yes,22.0540,40.00
KRSNWDP,Krishna at Wadenepally,Krishna,2026-03-24 00:30:00+00:00,22.054,DANGER,18.45,19.84,23.07,16.79416667,80.07305556,KRSNWDP_2026-03-24T00:30:00+0000_22.0540,14281,14281,CWC,36,Telangana,514,NALGONDA,MEDLACHERUVU,-,-,Krishna,Krishna,-,-,-,Krishna,Yes,22.0540,40.00
KRSNWDP,Krishna at Wadenepally,Krishna,2026-03-24 01:30:00+00:00,22.054,DANGER,18.45,19.84,23.07,16.79416667,80.07305556,KRSNWDP_2026-03-24T01:30:00+0000_22.0540,14282,14282,CWC,36,Telangana,514,NALGONDA,MEDLACHERUVU,-,-,Krishna,Krishna,-,-,-,Krishna,Yes,22.0540,40.00
KRSNWDP,Krishna at Wadenepally,Krishna,2026-03-24 02:30:00+00:00,22.054,DANGER,18.45,19.84,23.07,16.79416667,80.07305556,KRSNWDP_2026-03-24T02:30:00+0000_22.0540,14283,14283,CWC,36,Telangana,514,NALGONDA,MEDLACHERUVU,-,-,Krishna,Krishna,-,-,-,Krishna,Yes,22.0540,40.00
KRSNWDP,Krishna at Wadenepally,Krishna,2026-03-24 03:30:00+00:00,22.054,DANGER,18.45,19.84,23.07,16.79416667,80.07305556,KRSNWDP_2026-03-24T03:30:00+0000_22.0540,14284,14284,CWC,36,Telangana,514,NALGONDA,MEDLACHERUVU,-,-,Krishna,Krishna,-,-,-,Krishna,Yes,22.0540,40.00
KRSNWDP,Krishna at Wadenepally,Krishna,2026-03-24 04:30:00+00:00,22.054,DANGER,18.45,19.84,23.07,16.79416667,80.07305556,KRSNWDP_2026-03-24T04:30:00+0000_22.0540,14285,14285,CWC,36,Telangana,514,NALGONDA,MEDLACHERUVU,-,-,Krishna,Krishna,-,-,-,Krishna,Yes,22.0540,40.00
KRSNWDP,Krishna at Wadenepally,Krishna,2026-03-24 05:30:00+00:00,22.054,DANGER,18.45,19.84,23.07,16.79416667,80.07305556,KRSNWDP_2026-03-24T05:30:00+0000_22.0540,14286,14286,CWC,36,Telangana,514,NALGONDA,MEDLACHERUVU,-,-,Krishna,Krishna,-,-,-,Krishna,Yes,22.0540,40.00
KRSNWDP,Krishna at Wadenepally,Krishna,2026-03-24 06:30:00+00:00,22.054,DANGER,18.45,19.84,23.07,16.79416667,80.07305556,KRSNWDP_2026-03-24T06:30:00+0000_22.0540,14287,14287,CWC,36,Telangana,514,NALGONDA,MEDLACHERUVU,-,-,Krishna,Krishna,-,-,-,Krishna,Yes,22.0540,40.00
KRSNWDP,Krishna at Wadenepally,Krishna,2026-03-24 07:30:00+00:00,22.054,DANGER,18.45,19.84,23.07,16.79416667,80.07305556,KRSNWDP_2026-03-24T07:30:00+0000_22.0540,14288,14288,CWC,36,Telangana,514,NALGONDA,MEDLACHERUVU,-,-,Krishna,Krishna,-,-,-,Krishna,Yes,22.0540,40.00
KRSNWDP,Krishna at Wadenepally,Krishna,2026-03-24 08:30:00+00:00,22.054,DANGER,18.45,19.84,23.07,16.79416667,80.07305556,KRSNWDP_2026-03-24T08:30:00+0000_22.0540,14289,14289,CWC,36,Telangana,514,NALGONDA,MEDLACHERUVU,-,-,Krishna,Krishna,-,-,-,Krishna,Yes,22.0540,40.00
KRSNWDP,Krishna at Wadenepally,Krishna,2026-03-24 09:30:00+00:00,22.054,DANGER,18.45,19.84,23.07,16.79416667,80.07305556,KRSNWDP_2026-03-24T09:30:00+0000_22.0540,14290,14290,CWC,36,Telangana,514,NALGONDA,MEDLACHERUVU,-,-,Krishna,Krishna,-,-,-,Krishna,Yes,22.0540,40.00
KRSNWDP,Krishna at Wadenepally,Krishna,2026-03-24 17:30:00+00:00,22.054,DANGER,18.45,19.84,23.07,16.79416667,80.07305556,KRSNWDP_2026-03-24T17:30:00+0000_22.0540,14291,14291,CWC,36,Telangana,514,NALGONDA,MEDLACHERUVU,-,-,Krishna,Krishna,-,-,-,Krishna,Yes,22.0540,40.00
KRSNWDP,Krishna at Wadenepally,Krishna,2026-03-24 18:30:00+00:00,22.054,DANGER,18.45,19.84,23.07,16.79416667,80.07305556,KRSNWDP_2026-03-24T18:30:00+0000_22.0540,14292,14292,CWC,36,Telangana,514,NALGONDA,MEDLACHERUVU,-,-,Krishna,Krishna,-,-,-,Krishna,Yes,22.0540,40.00
KRSNWDP,Krishna at Wadenepally,Krishna,2026-03-24 19:30:00+00:00,22.054,DANGER,18.45,19.84,23.07,16.79416667,80.07305556,KRSNWDP_2026-03-24T19:30:00+0000_22.0540,14293,14293,CWC,36,Telangana,514,NALGONDA,MEDLACHERUVU,-,-,Krishna,Krishna,-,-,-,Krishna,Yes,22.0540,40.00
KRSNWDP,Krishna at Wadenepally,Krishna,2026-03-24 20:30:00+00:00,22.054,DANGER,18.45,19.84,23.07,16.79416667,80.07305556,KRSNWDP_2026-03-24T20:30:00+0000_22.0540,14294,14294,CWC,36,Telangana,514,NALGONDA,MEDLACHERUVU,-,-,Krishna,Krishna,-,-,-,Krishna,Yes,22.0540,40.00
KRSNWDP,Krishna at Wadenepally,Krishna,2026-03-24 21:30:00+00:00,22.054,DANGER,18.45,19.84,23.07,16.79416667,80.07305556,KRSNWDP_2026-03-24T21:30:00+0000_22.0540,14295,14295,CWC,36,Telangana,514,NALGONDA,MEDLACHERUVU,-,-,Krishna,Krishna,-,-,-,Krishna,Yes,22.0540,40.00
KRSNWDP,Krishna at Wadenepally,Krishna,2026-03-24 22:30:00+00:00,22.054,DANGER,18.45,19.84,23.07,16.79416667,80.07305556,KRSNWDP_2026-03-24T22:30:00+0000_22.0540,14296,14296,CWC,36,Telangana,514,NALGONDA,MEDLACHERUVU,-,-,Krishna,Krishna,-,-,-,Krishna,Yes,22.0540,40.00
KRSNWDP,Krishna at Wadenepally,Krishna,2026-03-24 23:30:00+00:00,22.054,DANGER,18.45,19.84,23.07,16.79416667,80.07305556,KRSNWDP_2026-03-24T23:30:00+0000_22.0540,14297,14297,CWC,36,Telangana,514,NALGONDA,MEDLACHERUVU,-,-,Krishna,Krishna,-,-,-,Krishna,Yes,22.0540,40.00
KRSNWDP,Krishna at Wadenepally,Krishna,2026-03-25 00:30:00+00:00,22.054,DANGER,18.45,19.84,23.07,16.79416667,80.07305556,KRSNWDP_2026-03-25T00:30:00+0000_22.0540,14298,14298,CWC,36,Telangana,514,NALGONDA,MEDLACHERUVU,-,-,Krishna,Krishna,-,-,-,Krishna,Yes,22.0540,40.00
KRSNWDP,Krishna at Wadenepally,Krishna,2026-03-25 02:30:00+00:00,22.054,DANGER,18.45,19.84,23.07,16.79416667,80.07305556,KRSNWDP_2026-03-25T02:30:00+0000_22.0540,14299,14299,CWC,36,Telangana,514,NALGONDA,MEDLACHERUVU,-,-,Krishna,Krishna,-,-,-,Krishna,Yes,22.0540,40.00
KRSNWDP,Krishna at Wadenepally,Krishna,2026-03-25 03:30:00+00:00,22.054,DANGER,18.45,19.84,23.07,16.79416667,80.07305556,KRSNWDP_2026-03-25T03:30:00+0000_22.0540,14300,14300,CWC,36,Telangana,514,NALGONDA,MEDLACHERUVU,-,-,Krishna,Krishna,-,-,-,Krishna,Yes,22.0540,40.00
KRSNWDP,Krishna at Wadenepally,Krishna,2026-03-29 22:30:00+00:00,22.054,DANGER,18.45,19.84,23.07,16.79416667,80.07305556,KRSNWDP_2026-03-29T22:30:00+0000_22.0540,14301,14301,CWC,36,Telangana,514,NALGONDA,MEDLACHERUVU,-,-,Krishna,Krishna,-,-,-,Krishna,Yes,22.0540,40.00
KRSNWDP,Krishna at Wadenepally,Krishna,2026-03-29 23:30:00+00:00,22.054,DANGER,18.45,19.84,23.07,16.79416667,80.07305556,KRSNWDP_2026-03-29T23:30:00+0000_22.0540,14302,14302,CWC,36,Telangana,514,NALGONDA,MEDLACHERUVU,-,-,Krishna,Krishna,-,-,-,Krishna,Yes,22.0540,40.00
KRSNWDP,Krishna at Wadenepally,Krishna,2026-03-30 00:30:00+00:00,22.054,DANGER,18.45,19.84,23.07,16.79416667,80.07305556,KRSNWDP_2026-03-30T00:30:00+0000_22.0540,14303,14303,CWC,36,Telangana,514,NALGONDA,MEDLACHERUVU,-,-,Krishna,Krishna,-,-,-,Krishna,Yes,22.0540,40.00
KRSNWDP,Krishna at Wadenepally,Krishna,2026-03-30 01:30:00+00:00,22.054,DANGER,18.45,19.84,23.07,16.79416667,80.07305556,KRSNWDP_2026-03-30T01:30:00+0000_22.0540,14304,14304,CWC,36,Telangana,514,NALGONDA,MEDLACHERUVU,-,-,Krishna,Krishna,-,-,-,Krishna,Yes,22.0540,40.00
KRSNWDP,Krishna at Wadenepally,Krishna,2026-03-30 03:30:00+00:00,22.054,DANGER,18.45,19.84,23.07,16.79416667,80.07305556,KRSNWDP_2026-03-30T03:30:00+0000_22.0540,14305,14305,CWC,36,Telangana,514,NALGONDA,MEDLACHERUVU,-,-,Krishna,Krishna,-,-,-,Krishna,Yes,22.0540,40.00
KRSNWDP,Krishna at Wadenepally,Krishna,2026-03-30 04:30:00+00:00,22.054,DANGER,18.45,19.84,23.07,16.79416667,80.07305556,KRSNWDP_2026-03-30T04:30:00+0000_22.0540,14306,14306,CWC,36,Telangana,514,NALGONDA,MEDLACHERUVU,-,-,Krishna,Krishna,-,-,-,Krishna,Yes,22.0540,40.00
KRSNWDP,Krishna at Wadenepally,Krishna,2026-03-30 05:30:00+00:00,22.054,DANGER,18.45,19.84,23.07,16.79416667,80.07305556,KRSNWDP_2026-03-30T05:30:00+0000_22.0540,14307,14307,CWC,36,Telangana,514,NALGONDA,MEDLACHERUVU,-,-,Krishna,Krishna,-,-,-,Krishna,Yes,22.0540,40.00
KRSNWDP,Krishna at Wadenepally,Krishna,2026-04-01 03:30:00+00:00,22.054,DANGER,18.45,19.84,23.07,16.79416667,80.07305556,KRSNWDP_2026-04-01T03:30:00+0000_22.0540,14308,14308,CWC,36,Telangana,514,NALGONDA,MEDLACHERUVU,-,-,Krishna,Krishna,-,-,-,Krishna,Yes,22.0540,40.00
KRSNWDP,Krishna at Wadenepally,Krishna,2026-04-01 04:30:00+00:00,22.054,DANGER,18.45,19.84,23.07,16.79416667,80.07305556,KRSNWDP_2026-04-01T04:30:00+0000_22.0540,14309,14309,CWC,36,Telangana,514,NALGONDA,MEDLACHERUVU,-,-,Krishna,Krishna,-,-,-,Krishna,Yes,22.0540,40.00
KRSNWDP,Krishna at Wadenepally,Krishna,2026-04-14 17:30:00+00:00,22.054,DANGER,18.45,19.84,23.07,16.79416667,80.07305556,KRSNWDP_2026-04-14T17:30:00+0000_22.0540,14310,14310,CWC,36,Telangana,514,NALGONDA,MEDLACHERUVU,-,-,Krishna,Krishna,-,-,-,Krishna,Yes,22.0540,40.00
KRSNWDP,Krishna at Wadenepally,Krishna,2026-04-14 18:30:00+00:00,22.054,DANGER,18.45,19.84,23.07,16.79416667,80.07305556,KRSNWDP_2026-04-14T18:30:00+0000_22.0540,14311,14311,CWC,36,Telangana,514,NALGONDA,MEDLACHERUVU,-,-,Krishna,Krishna,-,-,-,Krishna,Yes,22.0540,40.00
KRSNWDP,Krishna at Wadenepally,Krishna,2026-04-14 19:30:00+00:00,22.054,DANGER,18.45,19.84,23.07,16.79416667,80.07305556,KRSNWDP_2026-04-14T19:30:00+0000_22.0540,14312,14312,CWC,36,Telangana,514,NALGONDA,MEDLACHERUVU,-,-,Krishna,Krishna,-,-,-,Krishna,Yes,22.0540,40.00
KRSNWDP,Krishna at Wadenepally,Krishna,2026-04-14 20:30:00+00:00,22.054,DANGER,18.45,19.84,23.07,16.79416667,80.07305556,KRSNWDP_2026-04-14T20:30:00+0000_22.0540,14313,14313,CWC,36,Telangana,514,NALGONDA,MEDLACHERUVU,-,-,Krishna,Krishna,-,-,-,Krishna,Yes,22.0540,40.00
KRSNWDP,Krishna at Wadenepally,Krishna,2026-04-14 21:30:00+00:00,22.054,DANGER,18.45,19.84,23.07,16.79416667,80.07305556,KRSNWDP_2026-04-14T21:30:00+0000_22.0540,14314,14314,CWC,36,Telangana,514,NALGONDA,MEDLACHERUVU,-,-,Krishna,Krishna,-,-,-,Krishna,Yes,22.0540,40.00
KRSNWDP,Krishna at Wadenepally,Krishna,2026-04-14 22:30:00+00:00,22.054,DANGER,18.45,19.84,23.07,16.79416667,80.07305556,KRSNWDP_2026-04-14T22:30:00+0000_22.0540,14315,14315,CWC,36,Telangana,514,NALGONDA,MEDLACHERUVU,-,-,Krishna,Krishna,-,-,-,Krishna,Yes,22.0540,40.00
KRSNWDP,Krishna at Wadenepally,Krishna,2026-04-14 23:30:00+00:00,22.054,DANGER,18.45,19.84,23.07,16.79416667,80.07305556,KRSNWDP_2026-04-14T23:30:00+0000_22.0540,14316,14316,CWC,36,Telangana,514,NALGONDA,MEDLACHERUVU,-,-,Krishna,Krishna,-,-,-,Krishna,Yes,22.0540,40.00
KRSNWDP,Krishna at Wadenepally,Krishna,2026-04-15 00:30:00+00:00,22.054,DANGER,18.45,19.84,23.07,16.79416667,80.07305556,KRSNWDP_2026-04-15T00:30:00+0000_22.0540,14317,14317,CWC,36,Telangana,514,NALGONDA,MEDLACHERUVU,-,-,Krishna,Krishna,-,-,-,Krishna,Yes,22.0540,40.00
KRSNWDP,Krishna at Wadenepally,Krishna,2026-04-15 01:30:00+00:00,22.054,DANGER,18.45,19.84,23.07,16.79416667,80.07305556,KRSNWDP_2026-04-15T01:30:00+0000_22.0540,14318,14318,CWC,36,Telangana,514,NALGONDA,MEDLACHERUVU,-,-,Krishna,Krishna,-,-,-,Krishna,Yes,22.0540,40.00
KRSNWDP,Krishna at Wadenepally,Krishna,2026-04-15 02:30:00+00:00,22.054,DANGER,18.45,19.84,23.07,16.79416667,80.07305556,KRSNWDP_2026-04-15T02:30:00+0000_22.0540,14319,14319,CWC,36,Telangana,514,NALGONDA,MEDLACHERUVU,-,-,Krishna,Krishna,-,-,-,Krishna,Yes,22.0540,40.00
KRSNWDP,Krishna at Wadenepally,Krishna,2026-04-15 03:30:00+00:00,22.054,DANGER,18.45,19.84,23.07,16.79416667,80.07305556,KRSNWDP_2026-04-15T03:30:00+0000_22.0540,14320,14320,CWC,36,Telangana,514,NALGONDA,MEDLACHERUVU,-,-,Krishna,Krishna,-,-,-,Krishna,Yes,22.0540,40.00
KRSNWDP,Krishna at Wadenepally,Krishna,2026-04-15 04:30:00+00:00,22.054,DANGER,18.45,19.84,23.07,16.79416667,80.07305556,KRSNWDP_2026-04-15T04:30:00+0000_22.0540,14321,14321,CWC,36,Telangana,514,NALGONDA,MEDLACHERUVU,-,-,Krishna,Krishna,-,-,-,Krishna,Yes,22.0540,40.00
KRSNWDP,Krishna at Wadenepally,Krishna,2026-04-15 05:30:00+00:00,22.054,DANGER,18.45,19.84,23.07,16.79416667,80.07305556,KRSNWDP_2026-04-15T05:30:00+0000_22.0540,14322,14322,CWC,36,Telangana,514,NALGONDA,MEDLACHERUVU,-,-,Krishna,Krishna,-,-,-,Krishna,Yes,22.0540,40.00
KRSNWDP,Krishna at Wadenepally,Krishna,2026-04-15 06:30:00+00:00,22.054,DANGER,18.45,19.84,23.07,16.79416667,80.07305556,KRSNWDP_2026-04-15T06:30:00+0000_22.0540,14323,14323,CWC,36,Telangana,514,NALGONDA,MEDLACHERUVU,-,-,Krishna,Krishna,-,-,-,Krishna,Yes,22.0540,40.00
KRSNWDP,Krishna at Wadenepally,Krishna,2026-04-15 07:30:00+00:00,22.054,DANGER,18.45,19.84,23.07,16.79416667,80.07305556,KRSNWDP_2026-04-15T07:30:00+0000_22.0540,14324,14324,CWC,36,Telangana,514,NALGONDA,MEDLACHERUVU,-,-,Krishna,Krishna,-,-,-,Krishna,Yes,22.0540,40.00
KRSNWDP,Krishna at Wadenepally,Krishna,2026-04-15 08:30:00+00:00,22.054,DANGER,18.45,19.84,23.07,16.79416667,80.07305556,KRSNWDP_2026-04-15T08:30:00+0000_22.0540,14325,14325,CWC,36,Telangana,514,NALGONDA,MEDLACHERUVU,-,-,Krishna,Krishna,-,-,-,Krishna,Yes,22.0540,40.00
KRSNWDP,Krishna at Wadenepally,Krishna,2026-04-15 09:30:00+00:00,22.054,DANGER,18.45,19.84,23.07,16.79416667,80.07305556,KRSNWDP_2026-04-15T09:30:00+0000_22.0540,14326,14326,CWC,36,Telangana,514,NALGONDA,MEDLACHERUVU,-,-,Krishna,Krishna,-,-,-,Krishna,Yes,22.0540,40.00
KRSNWDP,Krishna at Wadenepally,Krishna,2026-04-15 10:30:00+00:00,22.054,DANGER,18.45,19.84,23.07,16.79416667,80.07305556,KRSNWDP_2026-04-15T10:30:00+0000_22.0540,14327,14327,CWC,36,Telangana,514,NALGONDA,MEDLACHERUVU,-,-,Krishna,Krishna,-,-,-,Krishna,Yes,22.0540,40.00
KRSNWDP,Krishna at Wadenepally,Krishna,2026-04-15 11:30:00+00:00,22.054,DANGER,18.45,19.84,23.07,16.79416667,80.07305556,KRSNWDP_2026-04-15T11:30:00+0000_22.0540,14328,14328,CWC,36,Telangana,514,NALGONDA,MEDLACHERUVU,-,-,Krishna,Krishna,-,-,-,Krishna,Yes,22.0540,40.00
KRSNWDP,Krishna at Wadenepally,Krishna,2026-04-15 12:30:00+00:00,22.054,DANGER,18.45,19.84,23.07,16.79416667,80.07305556,KRSNWDP_2026-04-15T12:30:00+0000_22.0540,14329,14329,CWC,36,Telangana,514,NALGONDA,MEDLACHERUVU,-,-,Krishna,Krishna,-,-,-,Krishna,Yes,22.0540,40.00
KRSNWDP,Krishna at Wadenepally,Krishna,2026-04-15 13:30:00+00:00,22.054,DANGER,18.45,19.84,23.07,16.79416667,80.07305556,KRSNWDP_2026-04-15T13:30:00+0000_22.0540,14330,14330,CWC,36,Telangana,514,NALGONDA,MEDLACHERUVU,-,-,Krishna,Krishna,-,-,-,Krishna,Yes,22.0540,40.00
KRSNWDP,Krishna at Wadenepally,Krishna,2026-04-15 14:30:00+00:00,22.054,DANGER,18.45,19.84,23.07,16.79416667,80.07305556,KRSNWDP_2026-04-15T14:30:00+0000_22.0540,14331,14331,CWC,36,Telangana,514,NALGONDA,MEDLACHERUVU,-,-,Krishna,Krishna,-,-,-,Krishna,Yes,22.0540,40.00
KRSNWDP,Krishna at Wadenepally,Krishna,2026-04-15 15:30:00+00:00,22.054,DANGER,18.45,19.84,23.07,16.79416667,80.07305556,KRSNWDP_2026-04-15T15:30:00+0000_22.0540,14332,14332,CWC,36,Telangana,514,NALGONDA,MEDLACHERUVU,-,-,Krishna,Krishna,-,-,-,Krishna,Yes,22.0540,40.00
KRSNWDP,Krishna at Wadenepally,Krishna,2026-04-15 16:30:00+00:00,22.054,DANGER,18.45,19.84,23.07,16.79416667,80.07305556,KRSNWDP_2026-04-15T16:30:00+0000_22.0540,14333,14333,CWC,36,Telangana,514,NALGONDA,MEDLACHERUVU,-,-,Krishna,Krishna,-,-,-,Krishna,Yes,22.0540,40.00
KRSNWDP,Krishna at Wadenepally,Krishna,2026-04-15 17:30:00+00:00,22.054,DANGER,18.45,19.84,23.07,16.79416667,80.07305556,KRSNWDP_2026-04-15T17:30:00+0000_22.0540,14334,14334,CWC,36,Telangana,514,NALGONDA,MEDLACHERUVU,-,-,Krishna,Krishna,-,-,-,Krishna,Yes,22.0540,40.00
KRSNWDP,Krishna at Wadenepally,Krishna,2026-04-15 18:30:00+00:00,22.054,DANGER,18.45,19.84,23.07,16.79416667,80.07305556,KRSNWDP_2026-04-15T18:30:00+0000_22.0540,14335,14335,CWC,36,Telangana,514,NALGONDA,MEDLACHERUVU,-,-,Krishna,Krishna,-,-,-,Krishna,Yes,22.0540,40.00
KRSNWDP,Krishna at Wadenepally,Krishna,2026-04-15 19:30:00+00:00,22.054,DANGER,18.45,19.84,23.07,16.79416667,80.07305556,KRSNWDP_2026-04-15T19:30:00+0000_22.0540,14336,14336,CWC,36,Telangana,514,NALGONDA,MEDLACHERUVU,-,-,Krishna,Krishna,-,-,-,Krishna,Yes,22.0540,40.00
KRSNWDP,Krishna at Wadenepally,Krishna,2026-04-15 20:30:00+00:00,22.054,DANGER,18.45,19.84,23.07,16.79416667,80.07305556,KRSNWDP_2026-04-15T20:30:00+0000_22.0540,14337,14337,CWC,36,Telangana,514,NALGONDA,MEDLACHERUVU,-,-,Krishna,Krishna,-,-,-,Krishna,Yes,22.0540,40.00
KRSNWDP,Krishna at Wadenepally,Krishna,2026-04-15 21:30:00+00:00,22.054,DANGER,18.45,19.84,23.07,16.79416667,80.07305556,KRSNWDP_2026-04-15T21:30:00+0000_22.0540,14338,14338,CWC,36,Telangana,514,NALGONDA,MEDLACHERUVU,-,-,Krishna,Krishna,-,-,-,Krishna,Yes,22.0540,40.00
KRSNWDP,Krishna at Wadenepally,Krishna,2026-04-15 22:30:00+00:00,22.054,DANGER,18.45,19.84,23.07,16.79416667,80.07305556,KRSNWDP_2026-04-15T22:30:00+0000_22.0540,14339,14339,CWC,36,Telangana,514,NALGONDA,MEDLACHERUVU,-,-,Krishna,Krishna,-,-,-,Krishna,Yes,22.0540,40.00
KRSNWDP,Krishna at Wadenepally,Krishna,2026-04-15 23:30:00+00:00,22.054,DANGER,18.45,19.84,23.07,16.79416667,80.07305556,KRSNWDP_2026-04-15T23:30:00+0000_22.0540,14340,14340,CWC,36,Telangana,514,NALGONDA,MEDLACHERUVU,-,-,Krishna,Krishna,-,-,-,Krishna,Yes,22.0540,40.00
KRSNWDP,Krishna at Wadenepally,Krishna,2026-04-16 00:30:00+00:00,22.054,DANGER,18.45,19.84,23.07,16.79416667,80.07305556,KRSNWDP_2026-04-16T00:30:00+0000_22.0540,14341,14341,CWC,36,Telangana,514,NALGONDA,MEDLACHERUVU,-,-,Krishna,Krishna,-,-,-,Krishna,Yes,22.0540,40.00
KRSNWDP,Krishna at Wadenepally,Krishna,2026-04-16 01:30:00+00:00,22.054,DANGER,18.45,19.84,23.07,16.79416667,80.07305556,KRSNWDP_2026-04-16T01:30:00+0000_22.0540,14342,14342,CWC,36,Telangana,514,NALGONDA,MEDLACHERUVU,-,-,Krishna,Krishna,-,-,-,Krishna,Yes,22.0540,40.00
KRSNWDP,Krishna at Wadenepally,Krishna,2026-04-16 02:30:00+00:00,22.054,DANGER,18.45,19.84,23.07,16.79416667,80.07305556,KRSNWDP_2026-04-16T02:30:00+0000_22.0540,14343,14343,CWC,36,Telangana,514,NALGONDA,MEDLACHERUVU,-,-,Krishna,Krishna,-,-,-,Krishna,Yes,22.0540,40.00
KRSNWDP,Krishna at Wadenepally,Krishna,2026-04-16 03:30:00+00:00,22.054,DANGER,18.45,19.84,23.07,16.79416667,80.07305556,KRSNWDP_2026-04-16T03:30:00+0000_22.0540,14344,14344,CWC,36,Telangana,514,NALGONDA,MEDLACHERUVU,-,-,Krishna,Krishna,-,-,-,Krishna,Yes,22.0540,40.00
KRSNWDP,Krishna at Wadenepally,Krishna,2026-04-16 04:30:00+00:00,22.054,DANGER,18.45,19.84,23.07,16.79416667,80.07305556,KRSNWDP_2026-04-16T04:30:00+0000_22.0540,14345,14345,CWC,36,Telangana,514,NALGONDA,MEDLACHERUVU,-,-,Krishna,Krishna,-,-,-,Krishna,Yes,22.0540,40.00
KRSNWDP,Krishna at Wadenepally,Krishna,2026-04-16 05:30:00+00:00,22.054,DANGER,18.45,19.84,23.07,16.79416667,80.07305556,KRSNWDP_2026-04-16T05:30:00+0000_22.0540,14346,14346,CWC,36,Telangana,514,NALGONDA,MEDLACHERUVU,-,-,Krishna,Krishna,-,-,-,Krishna,Yes,22.0540,40.00
KRSNWDP,Krishna at Wadenepally,Krishna,2026-04-16 06:30:00+00:00,22.054,DANGER,18.45,19.84,23.07,16.79416667,80.07305556,KRSNWDP_2026-04-16T06:30:00+0000_22.0540,14347,14347,CWC,36,Telangana,514,NALGONDA,MEDLACHERUVU,-,-,Krishna,Krishna,-,-,-,Krishna,Yes,22.0540,40.00
KRSNWDP,Krishna at Wadenepally,Krishna,2026-04-16 07:30:00+00:00,22.054,DANGER,18.45,19.84,23.07,16.79416667,80.07305556,KRSNWDP_2026-04-16T07:30:00+0000_22.0540,14348,14348,CWC,36,Telangana,514,NALGONDA,MEDLACHERUVU,-,-,Krishna,Krishna,-,-,-,Krishna,Yes,22.0540,40.00
KRSNWDP,Krishna at Wadenepally,Krishna,2026-04-16 08:30:00+00:00,22.054,DANGER,18.45,19.84,23.07,16.79416667,80.07305556,KRSNWDP_2026-04-16T08:30:00+0000_22.0540,14349,14349,CWC,36,Telangana,514,NALGONDA,MEDLACHERUVU,-,-,Krishna,Krishna,-,-,-,Krishna,Yes,22.0540,40.00
KRSNWDP,Krishna at Wadenepally,Krishna,2026-04-16 09:30:00+00:00,22.054,DANGER,18.45,19.84,23.07,16.79416667,80.07305556,KRSNWDP_2026-04-16T09:30:00+0000_22.0540,14350,14350,CWC,36,Telangana,514,NALGONDA,MEDLACHERUVU,-,-,Krishna,Krishna,-,-,-,Krishna,Yes,22.0540,40.00
KRSNWDP,Krishna at Wadenepally,Krishna,2026-04-16 10:30:00+00:00,22.054,DANGER,18.45,19.84,23.07,16.79416667,80.07305556,KRSNWDP_2026-04-16T10:30:00+0000_22.0540,14351,14351,CWC,36,Telangana,514,NALGONDA,MEDLACHERUVU,-,-,Krishna,Krishna,-,-,-,Krishna,Yes,22.0540,40.00
KRSNWDP,Krishna at Wadenepally,Krishna,2026-04-16 11:30:00+00:00,22.054,DANGER,18.45,19.84,23.07,16.79416667,80.07305556,KRSNWDP_2026-04-16T11:30:00+0000_22.0540,14352,14352,CWC,36,Telangana,514,NALGONDA,MEDLACHERUVU,-,-,Krishna,Krishna,-,-,-,Krishna,Yes,22.0540,40.00
KRSNWDP,Krishna at Wadenepally,Krishna,2026-04-16 12:30:00+00:00,22.054,DANGER,18.45,19.84,23.07,16.79416667,80.07305556,KRSNWDP_2026-04-16T12:30:00+0000_22.0540,14353,14353,CWC,36,Telangana,514,NALGONDA,MEDLACHERUVU,-,-,Krishna,Krishna,-,-,-,Krishna,Yes,22.0540,40.00
KRSNWDP,Krishna at Wadenepally,Krishna,2026-04-16 13:30:00+00:00,22.054,DANGER,18.45,19.84,23.07,16.79416667,80.07305556,KRSNWDP_2026-04-16T13:30:00+0000_22.0540,14354,14354,CWC,36,Telangana,514,NALGONDA,MEDLACHERUVU,-,-,Krishna,Krishna,-,-,-,Krishna,Yes,22.0540,40.00
KRSNWDP,Krishna at Wadenepally,Krishna,2026-04-16 14:30:00+00:00,22.054,DANGER,18.45,19.84,23.07,16.79416667,80.07305556,KRSNWDP_2026-04-16T14:30:00+0000_22.0540,14355,14355,CWC,36,Telangana,514,NALGONDA,MEDLACHERUVU,-,-,Krishna,Krishna,-,-,-,Krishna,Yes,22.0540,40.00
KRSNWDP,Krishna at Wadenepally,Krishna,2026-04-16 15:30:00+00:00,22.054,DANGER,18.45,19.84,23.07,16.79416667,80.07305556,KRSNWDP_2026-04-16T15:30:00+0000_22.0540,14356,14356,CWC,36,Telangana,514,NALGONDA,MEDLACHERUVU,-,-,Krishna,Krishna,-,-,-,Krishna,Yes,22.0540,40.00
KRSNWDP,Krishna at Wadenepally,Krishna,2026-04-16 16:30:00+00:00,22.054,DANGER,18.45,19.84,23.07,16.79416667,80.07305556,KRSNWDP_2026-04-16T16:30:00+0000_22.0540,14357,14357,CWC,36,Telangana,514,NALGONDA,MEDLACHERUVU,-,-,Krishna,Krishna,-,-,-,Krishna,Yes,22.0540,40.00
KRSNWDP,Krishna at Wadenepally,Krishna,2026-04-16 17:30:00+00:00,22.054,DANGER,18.45,19.84,23.07,16.79416667,80.07305556,KRSNWDP_2026-04-16T17:30:00+0000_22.0540,14358,14358,CWC,36,Telangana,514,NALGONDA,MEDLACHERUVU,-,-,Krishna,Krishna,-,-,-,Krishna,Yes,22.0540,40.00
KRSNWDP,Krishna at Wadenepally,Krishna,2026-04-16 18:30:00+00:00,22.054,DANGER,18.45,19.84,23.07,16.79416667,80.07305556,KRSNWDP_2026-04-16T18:30:00+0000_22.0540,14359,14359,CWC,36,Telangana,514,NALGONDA,MEDLACHERUVU,-,-,Krishna,Krishna,-,-,-,Krishna,Yes,22.0540,40.00
KRSNWDP,Krishna at Wadenepally,Krishna,2026-04-16 19:30:00+00:00,22.054,DANGER,18.45,19.84,23.07,16.79416667,80.07305556,KRSNWDP_2026-04-16T19:30:00+0000_22.0540,14360,14360,CWC,36,Telangana,514,NALGONDA,MEDLACHERUVU,-,-,Krishna,Krishna,-,-,-,Krishna,Yes,22.0540,40.00
KRSNWDP,Krishna at Wadenepally,Krishna,2026-04-16 20:30:00+00:00,22.054,DANGER,18.45,19.84,23.07,16.79416667,80.07305556,KRSNWDP_2026-04-16T20:30:00+0000_22.0540,14361,14361,CWC,36,Telangana,514,NALGONDA,MEDLACHERUVU,-,-,Krishna,Krishna,-,-,-,Krishna,Yes,22.0540,40.00
KRSNWDP,Krishna at Wadenepally,Krishna,2026-04-16 21:30:00+00:00,22.054,DANGER,18.45,19.84,23.07,16.79416667,80.07305556,KRSNWDP_2026-04-16T21:30:00+0000_22.0540,14362,14362,CWC,36,Telangana,514,NALGONDA,MEDLACHERUVU,-,-,Krishna,Krishna,-,-,-,Krishna,Yes,22.0540,40.00
KRSNWDP,Krishna at Wadenepally,Krishna,2026-04-16 22:30:00+00:00,22.054,DANGER,18.45,19.84,23.07,16.79416667,80.07305556,KRSNWDP_2026-04-16T22:30:00+0000_22.0540,14363,14363,CWC,36,Telangana,514,NALGONDA,MEDLACHERUVU,-,-,Krishna,Krishna,-,-,-,Krishna,Yes,22.0540,40.00
KRSNWDP,Krishna at Wadenepally,Krishna,2026-04-16 23:30:00+00:00,22.054,DANGER,18.45,19.84,23.07,16.79416667,80.07305556,KRSNWDP_2026-04-16T23:30:00+0000_22.0540,14364,14364,CWC,36,Telangana,514,NALGONDA,MEDLACHERUVU,-,-,Krishna,Krishna,-,-,-,Krishna,Yes,22.0540,40.00
KRSNWDP,Krishna at Wadenepally,Krishna,2026-04-17 00:30:00+00:00,22.054,DANGER,18.45,19.84,23.07,16.79416667,80.07305556,KRSNWDP_2026-04-17T00:30:00+0000_22.0540,14365,14365,CWC,36,Telangana,514,NALGONDA,MEDLACHERUVU,-,-,Krishna,Krishna,-,-,-,Krishna,Yes,22.0540,40.00
KRSNWDP,Krishna at Wadenepally,Krishna,2026-04-17 01:30:00+00:00,22.054,DANGER,18.45,19.84,23.07,16.79416667,80.07305556,KRSNWDP_2026-04-17T01:30:00+0000_22.0540,14366,14366,CWC,36,Telangana,514,NALGONDA,MEDLACHERUVU,-,-,Krishna,Krishna,-,-,-,Krishna,Yes,22.0540,40.00
KRSNWDP,Krishna at Wadenepally,Krishna,2026-04-17 02:30:00+00:00,22.054,DANGER,18.45,19.84,23.07,16.79416667,80.07305556,KRSNWDP_2026-04-17T02:30:00+0000_22.0540,14367,14367,CWC,36,Telangana,514,NALGONDA,MEDLACHERUVU,-,-,Krishna,Krishna,-,-,-,Krishna,Yes,22.0540,40.00
KRSNWDP,Krishna at Wadenepally,Krishna,2026-04-17 03:30:00+00:00,22.054,DANGER,18.45,19.84,23.07,16.79416667,80.07305556,KRSNWDP_2026-04-17T03:30:00+0000_22.0540,14368,14368,CWC,36,Telangana,514,NALGONDA,MEDLACHERUVU,-,-,Krishna,Krishna,-,-,-,Krishna,Yes,22.0540,40.00
KRSNWDP,Krishna at Wadenepally,Krishna,2026-04-17 04:30:00+00:00,22.054,DANGER,18.45,19.84,23.07,16.79416667,80.07305556,KRSNWDP_2026-04-17T04:30:00+0000_22.0540,14369,14369,CWC,36,Telangana,514,NALGONDA,MEDLACHERUVU,-,-,Krishna,Krishna,-,-,-,Krishna,Yes,22.0540,40.00
KRSNWDP,Krishna at Wadenepally,Krishna,2026-04-17 05:30:00+00:00,22.054,DANGER,18.45,19.84,23.07,16.79416667,80.07305556,KRSNWDP_2026-04-17T05:30:00+0000_22.0540,14370,14370,CWC,36,Telangana,514,NALGONDA,MEDLACHERUVU,-,-,Krishna,Krishna,-,-,-,Krishna,Yes,22.0540,40.00
KRSNWDP,Krishna at Wadenepally,Krishna,2026-04-17 06:30:00+00:00,22.054,DANGER,18.45,19.84,23.07,16.79416667,80.07305556,KRSNWDP_2026-04-17T06:30:00+0000_22.0540,14371,14371,CWC,36,Telangana,514,NALGONDA,MEDLACHERUVU,-,-,Krishna,Krishna,-,-,-,Krishna,Yes,22.0540,40.00
KRSNWDP,Krishna at Wadenepally,Krishna,2026-04-17 07:30:00+00:00,22.054,DANGER,18.45,19.84,23.07,16.79416667,80.07305556,KRSNWDP_2026-04-17T07:30:00+0000_22.0540,14372,14372,CWC,36,Telangana,514,NALGONDA,MEDLACHERUVU,-,-,Krishna,Krishna,-,-,-,Krishna,Yes,22.0540,40.00
KRSNWDP,Krishna at Wadenepally,Krishna,2026-04-17 08:30:00+00:00,22.054,DANGER,18.45,19.84,23.07,16.79416667,80.07305556,KRSNWDP_2026-04-17T08:30:00+0000_22.0540,14373,14373,CWC,36,Telangana,514,NALGONDA,MEDLACHERUVU,-,-,Krishna,Krishna,-,-,-,Krishna,Yes,22.0540,40.00
KRSNWDP,Krishna at Wadenepally,Krishna,2026-04-17 09:30:00+00:00,22.054,DANGER,18.45,19.84,23.07,16.79416667,80.07305556,KRSNWDP_2026-04-17T09:30:00+0000_22.0540,14374,14374,CWC,36,Telangana,514,NALGONDA,MEDLACHERUVU,-,-,Krishna,Krishna,-,-,-,Krishna,Yes,22.0540,40.00
KRSNWDP,Krishna at Wadenepally,Krishna,2026-04-17 10:30:00+00:00,22.054,DANGER,18.45,19.84,23.07,16.79416667,80.07305556,KRSNWDP_2026-04-17T10:30:00+0000_22.0540,14375,14375,CWC,36,Telangana,514,NALGONDA,MEDLACHERUVU,-,-,Krishna,Krishna,-,-,-,Krishna,Yes,22.0540,40.00
KRSNWDP,Krishna at Wadenepally,Krishna,2026-04-17 11:30:00+00:00,22.054,DANGER,18.45,19.84,23.07,16.79416667,80.07305556,KRSNWDP_2026-04-17T11:30:00+0000_22.0540,14376,14376,CWC,36,Telangana,514,NALGONDA,MEDLACHERUVU,-,-,Krishna,Krishna,-,-,-,Krishna,Yes,22.0540,40.00
KRSNWDP,Krishna at Wadenepally,Krishna,2026-04-17 12:30:00+00:00,22.054,DANGER,18.45,19.84,23.07,16.79416667,80.07305556,KRSNWDP_2026-04-17T12:30:00+0000_22.0540,14377,14377,CWC,36,Telangana,514,NALGONDA,MEDLACHERUVU,-,-,Krishna,Krishna,-,-,-,Krishna,Yes,22.0540,40.00
KRSNWDP,Krishna at Wadenepally,Krishna,2026-04-17 13:30:00+00:00,22.054,DANGER,18.45,19.84,23.07,16.79416667,80.07305556,KRSNWDP_2026-04-17T13:30:00+0000_22.0540,14378,14378,CWC,36,Telangana,514,NALGONDA,MEDLACHERUVU,-,-,Krishna,Krishna,-,-,-,Krishna,Yes,22.0540,40.00
KRSNWDP,Krishna at Wadenepally,Krishna,2026-04-17 14:30:00+00:00,22.054,DANGER,18.45,19.84,23.07,16.79416667,80.07305556,KRSNWDP_2026-04-17T14:30:00+0000_22.0540,14379,14379,CWC,36,Telangana,514,NALGONDA,MEDLACHERUVU,-,-,Krishna,Krishna,-,-,-,Krishna,Yes,22.0540,40.00
KRSNWDP,Krishna at Wadenepally,Krishna,2026-04-17 15:30:00+00:00,22.054,DANGER,18.45,19.84,23.07,16.79416667,80.07305556,KRSNWDP_2026-04-17T15:30:00+0000_22.0540,14380,14380,CWC,36,Telangana,514,NALGONDA,MEDLACHERUVU,-,-,Krishna,Krishna,-,-,-,Krishna,Yes,22.0540,40.00
KRSNWDP,Krishna at Wadenepally,Krishna,2026-04-17 16:30:00+00:00,22.054,DANGER,18.45,19.84,23.07,16.79416667,80.07305556,KRSNWDP_2026-04-17T16:30:00+0000_22.0540,14381,14381,CWC,36,Telangana,514,NALGONDA,MEDLACHERUVU,-,-,Krishna,Krishna,-,-,-,Krishna,Yes,22.0540,40.00
KRSNWDP,Krishna at Wadenepally,Krishna,2026-04-17 17:30:00+00:00,22.054,DANGER,18.45,19.84,23.07,16.79416667,80.07305556,KRSNWDP_2026-04-17T17:30:00+0000_22.0540,14382,14382,CWC,36,Telangana,514,NALGONDA,MEDLACHERUVU,-,-,Krishna,Krishna,-,-,-,Krishna,Yes,22.0540,40.00
KRSNWDP,Krishna at Wadenepally,Krishna,2026-04-17 18:30:00+00:00,22.054,DANGER,18.45,19.84,23.07,16.79416667,80.07305556,KRSNWDP_2026-04-17T18:30:00+0000_22.0540,14383,14383,CWC,36,Telangana,514,NALGONDA,MEDLACHERUVU,-,-,Krishna,Krishna,-,-,-,Krishna,Yes,22.0540,40.00
KRSNWDP,Krishna at Wadenepally,Krishna,2026-04-17 19:30:00+00:00,22.054,DANGER,18.45,19.84,23.07,16.79416667,80.07305556,KRSNWDP_2026-04-17T19:30:00+0000_22.0540,14384,14384,CWC,36,Telangana,514,NALGONDA,MEDLACHERUVU,-,-,Krishna,Krishna,-,-,-,Krishna,Yes,22.0540,40.00
KRSNWDP,Krishna at Wadenepally,Krishna,2026-04-17 20:30:00+00:00,22.054,DANGER,18.45,19.84,23.07,16.79416667,80.07305556,KRSNWDP_2026-04-17T20:30:00+0000_22.0540,14385,14385,CWC,36,Telangana,514,NALGONDA,MEDLACHERUVU,-,-,Krishna,Krishna,-,-,-,Krishna,Yes,22.0540,40.00
KRSNWDP,Krishna at Wadenepally,Krishna,2026-04-17 21:30:00+00:00,22.054,DANGER,18.45,19.84,23.07,16.79416667,80.07305556,KRSNWDP_2026-04-17T21:30:00+0000_22.0540,14386,14386,CWC,36,Telangana,514,NALGONDA,MEDLACHERUVU,-,-,Krishna,Krishna,-,-,-,Krishna,Yes,22.0540,40.00
KRSNWDP,Krishna at Wadenepally,Krishna,2026-04-17 22:30:00+00:00,22.054,DANGER,18.45,19.84,23.07,16.79416667,80.07305556,KRSNWDP_2026-04-17T22:30:00+0000_22.0540,14387,14387,CWC,36,Telangana,514,NALGONDA,MEDLACHERUVU,-,-,Krishna,Krishna,-,-,-,Krishna,Yes,22.0540,40.00
KRSNWDP,Krishna at Wadenepally,Krishna,2026-04-17 23:30:00+00:00,22.054,DANGER,18.45,19.84,23.07,16.79416667,80.07305556,KRSNWDP_2026-04-17T23:30:00+0000_22.0540,14388,14388,CWC,36,Telangana,514,NALGONDA,MEDLACHERUVU,-,-,Krishna,Krishna,-,-,-,Krishna,Yes,22.0540,40.00
KRSNWDP,Krishna at Wadenepally,Krishna,2026-04-18 00:30:00+00:00,22.054,DANGER,18.45,19.84,23.07,16.79416667,80.07305556,KRSNWDP_2026-04-18T00:30:00+0000_22.0540,14389,14389,CWC,36,Telangana,514,NALGONDA,MEDLACHERUVU,-,-,Krishna,Krishna,-,-,-,Krishna,Yes,22.0540,40.00
KRSNWDP,Krishna at Wadenepally,Krishna,2026-04-18 01:30:00+00:00,22.054,DANGER,18.45,19.84,23.07,16.79416667,80.07305556,KRSNWDP_2026-04-18T01:30:00+0000_22.0540,14390,14390,CWC,36,Telangana,514,NALGONDA,MEDLACHERUVU,-,-,Krishna,Krishna,-,-,-,Krishna,Yes,22.0540,40.00
KRSNWDP,Krishna at Wadenepally,Krishna,2026-04-18 02:30:00+00:00,22.054,DANGER,18.45,19.84,23.07,16.79416667,80.07305556,KRSNWDP_2026-04-18T02:30:00+0000_22.0540,14391,14391,CWC,36,Telangana,514,NALGONDA,MEDLACHERUVU,-,-,Krishna,Krishna,-,-,-,Krishna,Yes,22.0540,40.00
KRSNWDP,Krishna at Wadenepally,Krishna,2026-04-18 03:30:00+00:00,22.054,DANGER,18.45,19.84,23.07,16.79416667,80.07305556,KRSNWDP_2026-04-18T03:30:00+0000_22.0540,14392,14392,CWC,36,Telangana,514,NALGONDA,MEDLACHERUVU,-,-,Krishna,Krishna,-,-,-,Krishna,Yes,22.0540,40.00
KRSNWDP,Krishna at Wadenepally,Krishna,2026-04-18 04:30:00+00:00,22.054,DANGER,18.45,19.84,23.07,16.79416667,80.07305556,KRSNWDP_2026-04-18T04:30:00+0000_22.0540,14393,14393,CWC,36,Telangana,514,NALGONDA,MEDLACHERUVU,-,-,Krishna,Krishna,-,-,-,Krishna,Yes,22.0540,40.00
KRSNWDP,Krishna at Wadenepally,Krishna,2026-04-18 05:30:00+00:00,22.054,DANGER,18.45,19.84,23.07,16.79416667,80.07305556,KRSNWDP_2026-04-18T05:30:00+0000_22.0540,14394,14394,CWC,36,Telangana,514,NALGONDA,MEDLACHERUVU,-,-,Krishna,Krishna,-,-,-,Krishna,Yes,22.0540,40.00
KRSNWDP,Krishna at Wadenepally,Krishna,2026-04-18 06:30:00+00:00,22.054,DANGER,18.45,19.84,23.07,16.79416667,80.07305556,KRSNWDP_2026-04-18T06:30:00+0000_22.0540,14395,14395,CWC,36,Telangana,514,NALGONDA,MEDLACHERUVU,-,-,Krishna,Krishna,-,-,-,Krishna,Yes,22.0540,40.00
KRSNWDP,Krishna at Wadenepally,Krishna,2026-04-18 07:30:00+00:00,22.054,DANGER,18.45,19.84,23.07,16.79416667,80.07305556,KRSNWDP_2026-04-18T07:30:00+0000_22.0540,14396,14396,CWC,36,Telangana,514,NALGONDA,MEDLACHERUVU,-,-,Krishna,Krishna,-,-,-,Krishna,Yes,22.0540,40.00
KRSNWDP,Krishna at Wadenepally,Krishna,2026-04-18 08:30:00+00:00,22.054,DANGER,18.45,19.84,23.07,16.79416667,80.07305556,KRSNWDP_2026-04-18T08:30:00+0000_22.0540,14397,14397,CWC,36,Telangana,514,NALGONDA,MEDLACHERUVU,-,-,Krishna,Krishna,-,-,-,Krishna,Yes,22.0540,40.00
KRSNWDP,Krishna at Wadenepally,Krishna,2026-04-18 09:30:00+00:00,22.054,DANGER,18.45,19.84,23.07,16.79416667,80.07305556,KRSNWDP_2026-04-18T09:30:00+0000_22.0540,14398,14398,CWC,36,Telangana,514,NALGONDA,MEDLACHERUVU,-,-,Krishna,Krishna,-,-,-,Krishna,Yes,22.0540,40.00
KRSNWDP,Krishna at Wadenepally,Krishna,2026-04-18 10:30:00+00:00,22.054,DANGER,18.45,19.84,23.07,16.79416667,80.07305556,KRSNWDP_2026-04-18T10:30:00+0000_22.0540,14399,14399,CWC,36,Telangana,514,NALGONDA,MEDLACHERUVU,-,-,Krishna,Krishna,-,-,-,Krishna,Yes,22.0540,40.00
KRSNWDP,Krishna at Wadenepally,Krishna,2026-04-18 11:30:00+00:00,22.054,DANGER,18.45,19.84,23.07,16.79416667,80.07305556,KRSNWDP_2026-04-18T11:30:00+0000_22.0540,14400,14400,CWC,36,Telangana,514,NALGONDA,MEDLACHERUVU,-,-,Krishna,Krishna,-,-,-,Krishna,Yes,22.0540,40.00
KRSNWDP,Krishna at Wadenepally,Krishna,2026-04-18 12:30:00+00:00,22.054,DANGER,18.45,19.84,23.07,16.79416667,80.07305556,KRSNWDP_2026-04-18T12:30:00+0000_22.0540,14401,14401,CWC,36,Telangana,514,NALGONDA,MEDLACHERUVU,-,-,Krishna,Krishna,-,-,-,Krishna,Yes,22.0540,40.00
KRSNWDP,Krishna at Wadenepally,Krishna,2026-04-18 13:30:00+00:00,22.054,DANGER,18.45,19.84,23.07,16.79416667,80.07305556,KRSNWDP_2026-04-18T13:30:00+0000_22.0540,14402,14402,CWC,36,Telangana,514,NALGONDA,MEDLACHERUVU,-,-,Krishna,Krishna,-,-,-,Krishna,Yes,22.0540,40.00
KRSNWDP,Krishna at Wadenepally,Krishna,2026-04-18 14:30:00+00:00,22.054,DANGER,18.45,19.84,23.07,16.79416667,80.07305556,KRSNWDP_2026-04-18T14:30:00+0000_22.0540,14403,14403,CWC,36,Telangana,514,NALGONDA,MEDLACHERUVU,-,-,Krishna,Krishna,-,-,-,Krishna,Yes,22.0540,40.00
KRSNWDP,Krishna at Wadenepally,Krishna,2026-04-18 15:30:00+00:00,22.054,DANGER,18.45,19.84,23.07,16.79416667,80.07305556,KRSNWDP_2026-04-18T15:30:00+0000_22.0540,14404,14404,CWC,36,Telangana,514,NALGONDA,MEDLACHERUVU,-,-,Krishna,Krishna,-,-,-,Krishna,Yes,22.0540,40.00
KRSNWDP,Krishna at Wadenepally,Krishna,2026-04-18 16:30:00+00:00,22.054,DANGER,18.45,19.84,23.07,16.79416667,80.07305556,KRSNWDP_2026-04-18T16:30:00+0000_22.0540,14405,14405,CWC,36,Telangana,514,NALGONDA,MEDLACHERUVU,-,-,Krishna,Krishna,-,-,-,Krishna,Yes,22.0540,40.00
KRSNWDP,Krishna at Wadenepally,Krishna,2026-04-18 17:30:00+00:00,22.054,DANGER,18.45,19.84,23.07,16.79416667,80.07305556,KRSNWDP_2026-04-18T17:30:00+0000_22.0540,14406,14406,CWC,36,Telangana,514,NALGONDA,MEDLACHERUVU,-,-,Krishna,Krishna,-,-,-,Krishna,Yes,22.0540,40.00
KRSNWDP,Krishna at Wadenepally,Krishna,2026-04-18 18:30:00+00:00,22.054,DANGER,18.45,19.84,23.07,16.79416667,80.07305556,KRSNWDP_2026-04-18T18:30:00+0000_22.0540,14407,14407,CWC,36,Telangana,514,NALGONDA,MEDLACHERUVU,-,-,Krishna,Krishna,-,-,-,Krishna,Yes,22.0540,40.00
KRSNWDP,Krishna at Wadenepally,Krishna,2026-04-18 19:30:00+00:00,22.054,DANGER,18.45,19.84,23.07,16.79416667,80.07305556,KRSNWDP_2026-04-18T19:30:00+0000_22.0540,14408,14408,CWC,36,Telangana,514,NALGONDA,MEDLACHERUVU,-,-,Krishna,Krishna,-,-,-,Krishna,Yes,22.0540,40.00
KRSNWDP,Krishna at Wadenepally,Krishna,2026-04-18 20:30:00+00:00,22.054,DANGER,18.45,19.84,23.07,16.79416667,80.07305556,KRSNWDP_2026-04-18T20:30:00+0000_22.0540,14409,14409,CWC,36,Telangana,514,NALGONDA,MEDLACHERUVU,-,-,Krishna,Krishna,-,-,-,Krishna,Yes,22.0540,40.00
KRSNWDP,Krishna at Wadenepally,Krishna,2026-04-18 21:30:00+00:00,22.054,DANGER,18.45,19.84,23.07,16.79416667,80.07305556,KRSNWDP_2026-04-18T21:30:00+0000_22.0540,14410,14410,CWC,36,Telangana,514,NALGONDA,MEDLACHERUVU,-,-,Krishna,Krishna,-,-,-,Krishna,Yes,22.0540,40.00
KRSNWDP,Krishna at Wadenepally,Krishna,2026-04-18 22:30:00+00:00,22.054,DANGER,18.45,19.84,23.07,16.79416667,80.07305556,KRSNWDP_2026-04-18T22:30:00+0000_22.0540,14411,14411,CWC,36,Telangana,514,NALGONDA,MEDLACHERUVU,-,-,Krishna,Krishna,-,-,-,Krishna,Yes,22.0540,40.00
KRSNWDP,Krishna at Wadenepally,Krishna,2026-04-18 23:30:00+00:00,22.054,DANGER,18.45,19.84,23.07,16.79416667,80.07305556,KRSNWDP_2026-04-18T23:30:00+0000_22.0540,14412,14412,CWC,36,Telangana,514,NALGONDA,MEDLACHERUVU,-,-,Krishna,Krishna,-,-,-,Krishna,Yes,22.0540,40.00
KRSNWDP,Krishna at Wadenepally,Krishna,2026-04-19 00:30:00+00:00,22.054,DANGER,18.45,19.84,23.07,16.79416667,80.07305556,KRSNWDP_2026-04-19T00:30:00+0000_22.0540,14413,14413,CWC,36,Telangana,514,NALGONDA,MEDLACHERUVU,-,-,Krishna,Krishna,-,-,-,Krishna,Yes,22.0540,40.00
KRSNWDP,Krishna at Wadenepally,Krishna,2026-04-19 01:30:00+00:00,22.054,DANGER,18.45,19.84,23.07,16.79416667,80.07305556,KRSNWDP_2026-04-19T01:30:00+0000_22.0540,14414,14414,CWC,36,Telangana,514,NALGONDA,MEDLACHERUVU,-,-,Krishna,Krishna,-,-,-,Krishna,Yes,22.0540,40.00
KRSNWDP,Krishna at Wadenepally,Krishna,2026-04-19 02:30:00+00:00,22.054,DANGER,18.45,19.84,23.07,16.79416667,80.07305556,KRSNWDP_2026-04-19T02:30:00+0000_22.0540,14415,14415,CWC,36,Telangana,514,NALGONDA,MEDLACHERUVU,-,-,Krishna,Krishna,-,-,-,Krishna,Yes,22.0540,40.00
KRSNWDP,Krishna at Wadenepally,Krishna,2026-04-19 03:30:00+00:00,22.054,DANGER,18.45,19.84,23.07,16.79416667,80.07305556,KRSNWDP_2026-04-19T03:30:00+0000_22.0540,14416,14416,CWC,36,Telangana,514,NALGONDA,MEDLACHERUVU,-,-,Krishna,Krishna,-,-,-,Krishna,Yes,22.0540,40.00
KRSNWDP,Krishna at Wadenepally,Krishna,2026-04-19 04:30:00+00:00,22.054,DANGER,18.45,19.84,23.07,16.79416667,80.07305556,KRSNWDP_2026-04-19T04:30:00+0000_22.0540,14417,14417,CWC,36,Telangana,514,NALGONDA,MEDLACHERUVU,-,-,Krishna,Krishna,-,-,-,Krishna,Yes,22.0540,40.00
KRSNWDP,Krishna at Wadenepally,Krishna,2026-04-19 05:30:00+00:00,22.054,DANGER,18.45,19.84,23.07,16.79416667,80.07305556,KRSNWDP_2026-04-19T05:30:00+0000_22.0540,14418,14418,CWC,36,Telangana,514,NALGONDA,MEDLACHERUVU,-,-,Krishna,Krishna,-,-,-,Krishna,Yes,22.0540,40.00
KRSNWDP,Krishna at Wadenepally,Krishna,2026-04-19 06:30:00+00:00,22.054,DANGER,18.45,19.84,23.07,16.79416667,80.07305556,KRSNWDP_2026-04-19T06:30:00+0000_22.0540,14419,14419,CWC,36,Telangana,514,NALGONDA,MEDLACHERUVU,-,-,Krishna,Krishna,-,-,-,Krishna,Yes,22.0540,40.00
KRSNWDP,Krishna at Wadenepally,Krishna,2026-04-19 07:30:00+00:00,22.054,DANGER,18.45,19.84,23.07,16.79416667,80.07305556,KRSNWDP_2026-04-19T07:30:00+0000_22.0540,14420,14420,CWC,36,Telangana,514,NALGONDA,MEDLACHERUVU,-,-,Krishna,Krishna,-,-,-,Krishna,Yes,22.0540,40.00
KRSNWDP,Krishna at Wadenepally,Krishna,2026-04-19 08:30:00+00:00,22.054,DANGER,18.45,19.84,23.07,16.79416667,80.07305556,KRSNWDP_2026-04-19T08:30:00+0000_22.0540,14421,14421,CWC,36,Telangana,514,NALGONDA,MEDLACHERUVU,-,-,Krishna,Krishna,-,-,-,Krishna,Yes,22.0540,40.00
KRSNWDP,Krishna at Wadenepally,Krishna,2026-04-19 09:30:00+00:00,22.054,DANGER,18.45,19.84,23.07,16.79416667,80.07305556,KRSNWDP_2026-04-19T09:30:00+0000_22.0540,14422,14422,CWC,36,Telangana,514,NALGONDA,MEDLACHERUVU,-,-,Krishna,Krishna,-,-,-,Krishna,Yes,22.0540,40.00
KRSNWDP,Krishna at Wadenepally,Krishna,2026-04-19 10:30:00+00:00,22.054,DANGER,18.45,19.84,23.07,16.79416667,80.07305556,KRSNWDP_2026-04-19T10:30:00+0000_22.0540,14423,14423,CWC,36,Telangana,514,NALGONDA,MEDLACHERUVU,-,-,Krishna,Krishna,-,-,-,Krishna,Yes,22.0540,40.00
KRSNWDP,Krishna at Wadenepally,Krishna,2026-04-19 11:30:00+00:00,22.054,DANGER,18.45,19.84,23.07,16.79416667,80.07305556,KRSNWDP_2026-04-19T11:30:00+0000_22.0540,14424,14424,CWC,36,Telangana,514,NALGONDA,MEDLACHERUVU,-,-,Krishna,Krishna,-,-,-,Krishna,Yes,22.0540,40.00
KRSNWDP,Krishna at Wadenepally,Krishna,2026-04-19 12:30:00+00:00,22.054,DANGER,18.45,19.84,23.07,16.79416667,80.07305556,KRSNWDP_2026-04-19T12:30:00+0000_22.0540,14425,14425,CWC,36,Telangana,514,NALGONDA,MEDLACHERUVU,-,-,Krishna,Krishna,-,-,-,Krishna,Yes,22.0540,40.00
KRSNWDP,Krishna at Wadenepally,Krishna,2026-04-19 13:30:00+00:00,22.054,DANGER,18.45,19.84,23.07,16.79416667,80.07305556,KRSNWDP_2026-04-19T13:30:00+0000_22.0540,14426,14426,CWC,36,Telangana,514,NALGONDA,MEDLACHERUVU,-,-,Krishna,Krishna,-,-,-,Krishna,Yes,22.0540,40.00
KRSNWDP,Krishna at Wadenepally,Krishna,2026-04-19 14:30:00+00:00,22.054,DANGER,18.45,19.84,23.07,16.79416667,80.07305556,KRSNWDP_2026-04-19T14:30:00+0000_22.0540,14427,14427,CWC,36,Telangana,514,NALGONDA,MEDLACHERUVU,-,-,Krishna,Krishna,-,-,-,Krishna,Yes,22.0540,40.00
KRSNWDP,Krishna at Wadenepally,Krishna,2026-04-19 15:30:00+00:00,22.054,DANGER,18.45,19.84,23.07,16.79416667,80.07305556,KRSNWDP_2026-04-19T15:30:00+0000_22.0540,14428,14428,CWC,36,Telangana,514,NALGONDA,MEDLACHERUVU,-,-,Krishna,Krishna,-,-,-,Krishna,Yes,22.0540,40.00
KRSNWDP,Krishna at Wadenepally,Krishna,2026-04-19 16:30:00+00:00,22.054,DANGER,18.45,19.84,23.07,16.79416667,80.07305556,KRSNWDP_2026-04-19T16:30:00+0000_22.0540,14429,14429,CWC,36,Telangana,514,NALGONDA,MEDLACHERUVU,-,-,Krishna,Krishna,-,-,-,Krishna,Yes,22.0540,40.00
KRSNWDP,Krishna at Wadenepally,Krishna,2026-04-19 17:30:00+00:00,22.054,DANGER,18.45,19.84,23.07,16.79416667,80.07305556,KRSNWDP_2026-04-19T17:30:00+0000_22.0540,14430,14430,CWC,36,Telangana,514,NALGONDA,MEDLACHERUVU,-,-,Krishna,Krishna,-,-,-,Krishna,Yes,22.0540,40.00
KRSNWDP,Krishna at Wadenepally,Krishna,2026-04-19 18:30:00+00:00,22.054,DANGER,18.45,19.84,23.07,16.79416667,80.07305556,KRSNWDP_2026-04-19T18:30:00+0000_22.0540,14431,14431,CWC,36,Telangana,514,NALGONDA,MEDLACHERUVU,-,-,Krishna,Krishna,-,-,-,Krishna,Yes,22.0540,40.00
KRSNWDP,Krishna at Wadenepally,Krishna,2026-04-19 19:30:00+00:00,22.054,DANGER,18.45,19.84,23.07,16.79416667,80.07305556,KRSNWDP_2026-04-19T19:30:00+0000_22.0540,14432,14432,CWC,36,Telangana,514,NALGONDA,MEDLACHERUVU,-,-,Krishna,Krishna,-,-,-,Krishna,Yes,22.0540,40.00
KRSNWDP,Krishna at Wadenepally,Krishna,2026-04-19 20:30:00+00:00,22.054,DANGER,18.45,19.84,23.07,16.79416667,80.07305556,KRSNWDP_2026-04-19T20:30:00+0000_22.0540,14433,14433,CWC,36,Telangana,514,NALGONDA,MEDLACHERUVU,-,-,Krishna,Krishna,-,-,-,Krishna,Yes,22.0540,40.00
KRSNWDP,Krishna at Wadenepally,Krishna,2026-04-19 21:30:00+00:00,22.054,DANGER,18.45,19.84,23.07,16.79416667,80.07305556,KRSNWDP_2026-04-19T21:30:00+0000_22.0540,14434,14434,CWC,36,Telangana,514,NALGONDA,MEDLACHERUVU,-,-,Krishna,Krishna,-,-,-,Krishna,Yes,22.0540,40.00
KRSNWDP,Krishna at Wadenepally,Krishna,2026-04-19 22:30:00+00:00,22.054,DANGER,18.45,19.84,23.07,16.79416667,80.07305556,KRSNWDP_2026-04-19T22:30:00+0000_22.0540,14435,14435,CWC,36,Telangana,514,NALGONDA,MEDLACHERUVU,-,-,Krishna,Krishna,-,-,-,Krishna,Yes,22.0540,40.00
KRSNWDP,Krishna at Wadenepally,Krishna,2026-04-19 23:30:00+00:00,22.054,DANGER,18.45,19.84,23.07,16.79416667,80.07305556,KRSNWDP_2026-04-19T23:30:00+0000_22.0540,14436,14436,CWC,36,Telangana,514,NALGONDA,MEDLACHERUVU,-,-,Krishna,Krishna,-,-,-,Krishna,Yes,22.0540,40.00
KRSNWDP,Krishna at Wadenepally,Krishna,2026-04-20 00:30:00+00:00,22.054,DANGER,18.45,19.84,23.07,16.79416667,80.07305556,KRSNWDP_2026-04-20T00:30:00+0000_22.0540,14437,14437,CWC,36,Telangana,514,NALGONDA,MEDLACHERUVU,-,-,Krishna,Krishna,-,-,-,Krishna,Yes,22.0540,40.00
KRSNWDP,Krishna at Wadenepally,Krishna,2026-04-20 01:30:00+00:00,22.054,DANGER,18.45,19.84,23.07,16.79416667,80.07305556,KRSNWDP_2026-04-20T01:30:00+0000_22.0540,14438,14438,CWC,36,Telangana,514,NALGONDA,MEDLACHERUVU,-,-,Krishna,Krishna,-,-,-,Krishna,Yes,22.0540,40.00
KRSNWDP,Krishna at Wadenepally,Krishna,2026-04-20 02:30:00+00:00,22.054,DANGER,18.45,19.84,23.07,16.79416667,80.07305556,KRSNWDP_2026-04-20T02:30:00+0000_22.0540,14439,14439,CWC,36,Telangana,514,NALGONDA,MEDLACHERUVU,-,-,Krishna,Krishna,-,-,-,Krishna,Yes,22.0540,40.00
KRSNWDP,Krishna at Wadenepally,Krishna,2026-04-20 03:30:00+00:00,22.054,DANGER,18.45,19.84,23.07,16.79416667,80.07305556,KRSNWDP_2026-04-20T03:30:00+0000_22.0540,14440,14440,CWC,36,Telangana,514,NALGONDA,MEDLACHERUVU,-,-,Krishna,Krishna,-,-,-,Krishna,Yes,22.0540,40.00
KRSNWDP,Krishna at Wadenepally,Krishna,2026-04-20 04:30:00+00:00,22.054,DANGER,18.45,19.84,23.07,16.79416667,80.07305556,KRSNWDP_2026-04-20T04:30:00+0000_22.0540,14441,14441,CWC,36,Telangana,514,NALGONDA,MEDLACHERUVU,-,-,Krishna,Krishna,-,-,-,Krishna,Yes,22.0540,40.00
KRSNWDP,Krishna at Wadenepally,Krishna,2026-04-20 05:30:00+00:00,22.054,DANGER,18.45,19.84,23.07,16.79416667,80.07305556,KRSNWDP_2026-04-20T05:30:00+0000_22.0540,14442,14442,CWC,36,Telangana,514,NALGONDA,MEDLACHERUVU,-,-,Krishna,Krishna,-,-,-,Krishna,Yes,22.0540,40.00
KRSNWDP,Krishna at Wadenepally,Krishna,2026-04-20 06:30:00+00:00,22.054,DANGER,18.45,19.84,23.07,16.79416667,80.07305556,KRSNWDP_2026-04-20T06:30:00+0000_22.0540,14443,14443,CWC,36,Telangana,514,NALGONDA,MEDLACHERUVU,-,-,Krishna,Krishna,-,-,-,Krishna,Yes,22.0540,40.00
KRSNWDP,Krishna at Wadenepally,Krishna,2026-04-20 07:30:00+00:00,22.054,DANGER,18.45,19.84,23.07,16.79416667,80.07305556,KRSNWDP_2026-04-20T07:30:00+0000_22.0540,14444,14444,CWC,36,Telangana,514,NALGONDA,MEDLACHERUVU,-,-,Krishna,Krishna,-,-,-,Krishna,Yes,22.0540,40.00
KRSNWDP,Krishna at Wadenepally,Krishna,2026-04-20 08:30:00+00:00,22.054,DANGER,18.45,19.84,23.07,16.79416667,80.07305556,KRSNWDP_2026-04-20T08:30:00+0000_22.0540,14445,14445,CWC,36,Telangana,514,NALGONDA,MEDLACHERUVU,-,-,Krishna,Krishna,-,-,-,Krishna,Yes,22.0540,40.00
KRSNWDP,Krishna at Wadenepally,Krishna,2026-04-20 09:30:00+00:00,22.054,DANGER,18.45,19.84,23.07,16.79416667,80.07305556,KRSNWDP_2026-04-20T09:30:00+0000_22.0540,14446,14446,CWC,36,Telangana,514,NALGONDA,MEDLACHERUVU,-,-,Krishna,Krishna,-,-,-,Krishna,Yes,22.0540,40.00
KRSNWDP,Krishna at Wadenepally,Krishna,2026-04-20 10:30:00+00:00,22.054,DANGER,18.45,19.84,23.07,16.79416667,80.07305556,KRSNWDP_2026-04-20T10:30:00+0000_22.0540,14447,14447,CWC,36,Telangana,514,NALGONDA,MEDLACHERUVU,-,-,Krishna,Krishna,-,-,-,Krishna,Yes,22.0540,40.00
KRSNWDP,Krishna at Wadenepally,Krishna,2026-04-20 11:30:00+00:00,22.054,DANGER,18.45,19.84,23.07,16.79416667,80.07305556,KRSNWDP_2026-04-20T11:30:00+0000_22.0540,14448,14448,CWC,36,Telangana,514,NALGONDA,MEDLACHERUVU,-,-,Krishna,Krishna,-,-,-,Krishna,Yes,22.0540,40.00
KRSNWDP,Krishna at Wadenepally,Krishna,2026-04-20 12:30:00+00:00,22.054,DANGER,18.45,19.84,23.07,16.79416667,80.07305556,KRSNWDP_2026-04-20T12:30:00+0000_22.0540,14449,14449,CWC,36,Telangana,514,NALGONDA,MEDLACHERUVU,-,-,Krishna,Krishna,-,-,-,Krishna,Yes,22.0540,40.00
KRSNWDP,Krishna at Wadenepally,Krishna,2026-04-20 13:30:00+00:00,22.054,DANGER,18.45,19.84,23.07,16.79416667,80.07305556,KRSNWDP_2026-04-20T13:30:00+0000_22.0540,14450,14450,CWC,36,Telangana,514,NALGONDA,MEDLACHERUVU,-,-,Krishna,Krishna,-,-,-,Krishna,Yes,22.0540,40.00
KRSNWDP,Krishna at Wadenepally,Krishna,2026-04-20 14:30:00+00:00,22.054,DANGER,18.45,19.84,23.07,16.79416667,80.07305556,KRSNWDP_2026-04-20T14:30:00+0000_22.0540,14451,14451,CWC,36,Telangana,514,NALGONDA,MEDLACHERUVU,-,-,Krishna,Krishna,-,-,-,Krishna,Yes,22.0540,40.00
KRSNWDP,Krishna at Wadenepally,Krishna,2026-04-20 15:30:00+00:00,22.054,DANGER,18.45,19.84,23.07,16.79416667,80.07305556,KRSNWDP_2026-04-20T15:30:00+0000_22.0540,14452,14452,CWC,36,Telangana,514,NALGONDA,MEDLACHERUVU,-,-,Krishna,Krishna,-,-,-,Krishna,Yes,22.0540,40.00
KRSNWDP,Krishna at Wadenepally,Krishna,2026-04-20 16:30:00+00:00,22.054,DANGER,18.45,19.84,23.07,16.79416667,80.07305556,KRSNWDP_2026-04-20T16:30:00+0000_22.0540,14453,14453,CWC,36,Telangana,514,NALGONDA,MEDLACHERUVU,-,-,Krishna,Krishna,-,-,-,Krishna,Yes,22.0540,40.00
KRSNWDP,Krishna at Wadenepally,Krishna,2026-04-20 17:30:00+00:00,22.054,DANGER,18.45,19.84,23.07,16.79416667,80.07305556,KRSNWDP_2026-04-20T17:30:00+0000_22.0540,14454,14454,CWC,36,Telangana,514,NALGONDA,MEDLACHERUVU,-,-,Krishna,Krishna,-,-,-,Krishna,Yes,22.0540,40.00
KRSNWDP,Krishna at Wadenepally,Krishna,2026-04-20 18:30:00+00:00,22.054,DANGER,18.45,19.84,23.07,16.79416667,80.07305556,KRSNWDP_2026-04-20T18:30:00+0000_22.0540,14455,14455,CWC,36,Telangana,514,NALGONDA,MEDLACHERUVU,-,-,Krishna,Krishna,-,-,-,Krishna,Yes,22.0540,40.00
KRSNWDP,Krishna at Wadenepally,Krishna,2026-04-20 19:30:00+00:00,22.054,DANGER,18.45,19.84,23.07,16.79416667,80.07305556,KRSNWDP_2026-04-20T19:30:00+0000_22.0540,14456,14456,CWC,36,Telangana,514,NALGONDA,MEDLACHERUVU,-,-,Krishna,Krishna,-,-,-,Krishna,Yes,22.0540,40.00
KRSNWDP,Krishna at Wadenepally,Krishna,2026-04-20 20:30:00+00:00,22.054,DANGER,18.45,19.84,23.07,16.79416667,80.07305556,KRSNWDP_2026-04-20T20:30:00+0000_22.0540,14457,14457,CWC,36,Telangana,514,NALGONDA,MEDLACHERUVU,-,-,Krishna,Krishna,-,-,-,Krishna,Yes,22.0540,40.00
KRSNWDP,Krishna at Wadenepally,Krishna,2026-04-20 21:30:00+00:00,22.054,DANGER,18.45,19.84,23.07,16.79416667,80.07305556,KRSNWDP_2026-04-20T21:30:00+0000_22.0540,14458,14458,CWC,36,Telangana,514,NALGONDA,MEDLACHERUVU,-,-,Krishna,Krishna,-,-,-,Krishna,Yes,22.0540,40.00
KRSNWDP,Krishna at Wadenepally,Krishna,2026-04-20 22:30:00+00:00,22.054,DANGER,18.45,19.84,23.07,16.79416667,80.07305556,KRSNWDP_2026-04-20T22:30:00+0000_22.0540,14459,14459,CWC,36,Telangana,514,NALGONDA,MEDLACHERUVU,-,-,Krishna,Krishna,-,-,-,Krishna,Yes,22.0540,40.00
KRSNWDP,Krishna at Wadenepally,Krishna,2026-04-20 23:30:00+00:00,22.054,DANGER,18.45,19.84,23.07,16.79416667,80.07305556,KRSNWDP_2026-04-20T23:30:00+0000_22.0540,14460,14460,CWC,36,Telangana,514,NALGONDA,MEDLACHERUVU,-,-,Krishna,Krishna,-,-,-,Krishna,Yes,22.0540,40.00
KRSNWDP,Krishna at Wadenepally,Krishna,2026-04-21 00:30:00+00:00,22.054,DANGER,18.45,19.84,23.07,16.79416667,80.07305556,KRSNWDP_2026-04-21T00:30:00+0000_22.0540,14461,14461,CWC,36,Telangana,514,NALGONDA,MEDLACHERUVU,-,-,Krishna,Krishna,-,-,-,Krishna,Yes,22.0540,40.00
KRSNWDP,Krishna at Wadenepally,Krishna,2026-04-21 01:30:00+00:00,22.054,DANGER,18.45,19.84,23.07,16.79416667,80.07305556,KRSNWDP_2026-04-21T01:30:00+0000_22.0540,14462,14462,CWC,36,Telangana,514,NALGONDA,MEDLACHERUVU,-,-,Krishna,Krishna,-,-,-,Krishna,Yes,22.0540,40.00
KRSNWDP,Krishna at Wadenepally,Krishna,2026-04-21 02:30:00+00:00,22.054,DANGER,18.45,19.84,23.07,16.79416667,80.07305556,KRSNWDP_2026-04-21T02:30:00+0000_22.0540,14463,14463,CWC,36,Telangana,514,NALGONDA,MEDLACHERUVU,-,-,Krishna,Krishna,-,-,-,Krishna,Yes,22.0540,40.00
KRSNWDP,Krishna at Wadenepally,Krishna,2026-04-21 03:30:00+00:00,22.054,DANGER,18.45,19.84,23.07,16.79416667,80.07305556,KRSNWDP_2026-04-21T03:30:00+0000_22.0540,14464,14464,CWC,36,Telangana,514,NALGONDA,MEDLACHERUVU,-,-,Krishna,Krishna,-,-,-,Krishna,Yes,22.0540,40.00
KRSNWDP,Krishna at Wadenepally,Krishna,2026-04-21 04:30:00+00:00,22.054,DANGER,18.45,19.84,23.07,16.79416667,80.07305556,KRSNWDP_2026-04-21T04:30:00+0000_22.0540,14465,14465,CWC,36,Telangana,514,NALGONDA,MEDLACHERUVU,-,-,Krishna,Krishna,-,-,-,Krishna,Yes,22.0540,40.00
KRSNWDP,Krishna at Wadenepally,Krishna,2026-04-21 05:30:00+00:00,22.054,DANGER,18.45,19.84,23.07,16.79416667,80.07305556,KRSNWDP_2026-04-21T05:30:00+0000_22.0540,14466,14466,CWC,36,Telangana,514,NALGONDA,MEDLACHERUVU,-,-,Krishna,Krishna,-,-,-,Krishna,Yes,22.0540,40.00
KRSNWDP,Krishna at Wadenepally,Krishna,2026-04-21 06:30:00+00:00,22.054,DANGER,18.45,19.84,23.07,16.79416667,80.07305556,KRSNWDP_2026-04-21T06:30:00+0000_22.0540,14467,14467,CWC,36,Telangana,514,NALGONDA,MEDLACHERUVU,-,-,Krishna,Krishna,-,-,-,Krishna,Yes,22.0540,40.00
KRSNWDP,Krishna at Wadenepally,Krishna,2026-04-21 07:30:00+00:00,22.054,DANGER,18.45,19.84,23.07,16.79416667,80.07305556,KRSNWDP_2026-04-21T07:30:00+0000_22.0540,14468,14468,CWC,36,Telangana,514,NALGONDA,MEDLACHERUVU,-,-,Krishna,Krishna,-,-,-,Krishna,Yes,22.0540,40.00
KRSNWDP,Krishna at Wadenepally,Krishna,2026-04-21 08:30:00+00:00,22.054,DANGER,18.45,19.84,23.07,16.79416667,80.07305556,KRSNWDP_2026-04-21T08:30:00+0000_22.0540,14469,14469,CWC,36,Telangana,514,NALGONDA,MEDLACHERUVU,-,-,Krishna,Krishna,-,-,-,Krishna,Yes,22.0540,40.00
KRSNWDP,Krishna at Wadenepally,Krishna,2026-04-21 09:30:00+00:00,22.054,DANGER,18.45,19.84,23.07,16.79416667,80.07305556,KRSNWDP_2026-04-21T09:30:00+0000_22.0540,14470,14470,CWC,36,Telangana,514,NALGONDA,MEDLACHERUVU,-,-,Krishna,Krishna,-,-,-,Krishna,Yes,22.0540,40.00
KRSNWDP,Krishna at Wadenepally,Krishna,2026-04-21 10:30:00+00:00,22.054,DANGER,18.45,19.84,23.07,16.79416667,80.07305556,KRSNWDP_2026-04-21T10:30:00+0000_22.0540,14471,14471,CWC,36,Telangana,514,NALGONDA,MEDLACHERUVU,-,-,Krishna,Krishna,-,-,-,Krishna,Yes,22.0540,40.00
KRSNWDP,Krishna at Wadenepally,Krishna,2026-04-21 11:30:00+00:00,22.054,DANGER,18.45,19.84,23.07,16.79416667,80.07305556,KRSNWDP_2026-04-21T11:30:00+0000_22.0540,14472,14472,CWC,36,Telangana,514,NALGONDA,MEDLACHERUVU,-,-,Krishna,Krishna,-,-,-,Krishna,Yes,22.0540,40.00
KRSNWDP,Krishna at Wadenepally,Krishna,2026-04-21 12:30:00+00:00,22.054,DANGER,18.45,19.84,23.07,16.79416667,80.07305556,KRSNWDP_2026-04-21T12:30:00+0000_22.0540,14473,14473,CWC,36,Telangana,514,NALGONDA,MEDLACHERUVU,-,-,Krishna,Krishna,-,-,-,Krishna,Yes,22.0540,40.00
KRSNWDP,Krishna at Wadenepally,Krishna,2026-04-21 13:30:00+00:00,22.054,DANGER,18.45,19.84,23.07,16.79416667,80.07305556,KRSNWDP_2026-04-21T13:30:00+0000_22.0540,14474,14474,CWC,36,Telangana,514,NALGONDA,MEDLACHERUVU,-,-,Krishna,Krishna,-,-,-,Krishna,Yes,22.0540,40.00
KRSNWDP,Krishna at Wadenepally,Krishna,2026-04-21 14:30:00+00:00,22.054,DANGER,18.45,19.84,23.07,16.79416667,80.07305556,KRSNWDP_2026-04-21T14:30:00+0000_22.0540,14475,14475,CWC,36,Telangana,514,NALGONDA,MEDLACHERUVU,-,-,Krishna,Krishna,-,-,-,Krishna,Yes,22.0540,40.00
KRSNWDP,Krishna at Wadenepally,Krishna,2026-04-21 15:30:00+00:00,22.054,DANGER,18.45,19.84,23.07,16.79416667,80.07305556,KRSNWDP_2026-04-21T15:30:00+0000_22.0540,14476,14476,CWC,36,Telangana,514,NALGONDA,MEDLACHERUVU,-,-,Krishna,Krishna,-,-,-,Krishna,Yes,22.0540,40.00
KRSNWDP,Krishna at Wadenepally,Krishna,2026-04-21 16:30:00+00:00,22.054,DANGER,18.45,19.84,23.07,16.79416667,80.07305556,KRSNWDP_2026-04-21T16:30:00+0000_22.0540,14477,14477,CWC,36,Telangana,514,NALGONDA,MEDLACHERUVU,-,-,Krishna,Krishna,-,-,-,Krishna,Yes,22.0540,40.00
KRSNWDP,Krishna at Wadenepally,Krishna,2026-04-21 17:30:00+00:00,22.054,DANGER,18.45,19.84,23.07,16.79416667,80.07305556,KRSNWDP_2026-04-21T17:30:00+0000_22.0540,14478,14478,CWC,36,Telangana,514,NALGONDA,MEDLACHERUVU,-,-,Krishna,Krishna,-,-,-,Krishna,Yes,22.0540,40.00
KRSNWDP,Krishna at Wadenepally,Krishna,2026-04-21 18:30:00+00:00,22.054,DANGER,18.45,19.84,23.07,16.79416667,80.07305556,KRSNWDP_2026-04-21T18:30:00+0000_22.0540,14479,14479,CWC,36,Telangana,514,NALGONDA,MEDLACHERUVU,-,-,Krishna,Krishna,-,-,-,Krishna,Yes,22.0540,40.00
KRSNWDP,Krishna at Wadenepally,Krishna,2026-04-21 19:30:00+00:00,22.054,DANGER,18.45,19.84,23.07,16.79416667,80.07305556,KRSNWDP_2026-04-21T19:30:00+0000_22.0540,14480,14480,CWC,36,Telangana,514,NALGONDA,MEDLACHERUVU,-,-,Krishna,Krishna,-,-,-,Krishna,Yes,22.0540,40.00
KRSNWDP,Krishna at Wadenepally,Krishna,2026-04-21 20:30:00+00:00,22.054,DANGER,18.45,19.84,23.07,16.79416667,80.07305556,KRSNWDP_2026-04-21T20:30:00+0000_22.0540,14481,14481,CWC,36,Telangana,514,NALGONDA,MEDLACHERUVU,-,-,Krishna,Krishna,-,-,-,Krishna,Yes,22.0540,40.00
KRSNWDP,Krishna at Wadenepally,Krishna,2026-04-21 21:30:00+00:00,22.054,DANGER,18.45,19.84,23.07,16.79416667,80.07305556,KRSNWDP_2026-04-21T21:30:00+0000_22.0540,14482,14482,CWC,36,Telangana,514,NALGONDA,MEDLACHERUVU,-,-,Krishna,Krishna,-,-,-,Krishna,Yes,22.0540,40.00
KRSNWDP,Krishna at Wadenepally,Krishna,2026-04-21 22:30:00+00:00,22.054,DANGER,18.45,19.84,23.07,16.79416667,80.07305556,KRSNWDP_2026-04-21T22:30:00+0000_22.0540,14483,14483,CWC,36,Telangana,514,NALGONDA,MEDLACHERUVU,-,-,Krishna,Krishna,-,-,-,Krishna,Yes,22.0540,40.00
KRSNWDP,Krishna at Wadenepally,Krishna,2026-04-21 23:30:00+00:00,22.054,DANGER,18.45,19.84,23.07,16.79416667,80.07305556,KRSNWDP_2026-04-21T23:30:00+0000_22.0540,14484,14484,CWC,36,Telangana,514,NALGONDA,MEDLACHERUVU,-,-,Krishna,Krishna,-,-,-,Krishna,Yes,22.0540,40.00
KRSNWDP,Krishna at Wadenepally,Krishna,2026-04-22 00:30:00+00:00,22.054,DANGER,18.45,19.84,23.07,16.79416667,80.07305556,KRSNWDP_2026-04-22T00:30:00+0000_22.0540,14485,14485,CWC,36,Telangana,514,NALGONDA,MEDLACHERUVU,-,-,Krishna,Krishna,-,-,-,Krishna,Yes,22.0540,40.00
KRSNWDP,Krishna at Wadenepally,Krishna,2026-04-22 01:30:00+00:00,22.054,DANGER,18.45,19.84,23.07,16.79416667,80.07305556,KRSNWDP_2026-04-22T01:30:00+0000_22.0540,14486,14486,CWC,36,Telangana,514,NALGONDA,MEDLACHERUVU,-,-,Krishna,Krishna,-,-,-,Krishna,Yes,22.0540,40.00
KRSNWDP,Krishna at Wadenepally,Krishna,2026-04-22 02:30:00+00:00,22.054,DANGER,18.45,19.84,23.07,16.79416667,80.07305556,KRSNWDP_2026-04-22T02:30:00+0000_22.0540,14487,14487,CWC,36,Telangana,514,NALGONDA,MEDLACHERUVU,-,-,Krishna,Krishna,-,-,-,Krishna,Yes,22.0540,40.00
KRSNWDP,Krishna at Wadenepally,Krishna,2026-04-22 03:30:00+00:00,22.054,DANGER,18.45,19.84,23.07,16.79416667,80.07305556,KRSNWDP_2026-04-22T03:30:00+0000_22.0540,14488,14488,CWC,36,Telangana,514,NALGONDA,MEDLACHERUVU,-,-,Krishna,Krishna,-,-,-,Krishna,Yes,22.0540,40.00
KRSNWDP,Krishna at Wadenepally,Krishna,2026-04-22 04:30:00+00:00,22.054,DANGER,18.45,19.84,23.07,16.79416667,80.07305556,KRSNWDP_2026-04-22T04:30:00+0000_22.0540,14489,14489,CWC,36,Telangana,514,NALGONDA,MEDLACHERUVU,-,-,Krishna,Krishna,-,-,-,Krishna,Yes,22.0540,40.00
KRSNWDP,Krishna at Wadenepally,Krishna,2026-04-22 05:30:00+00:00,22.054,DANGER,18.45,19.84,23.07,16.79416667,80.07305556,KRSNWDP_2026-04-22T05:30:00+0000_22.0540,14490,14490,CWC,36,Telangana,514,NALGONDA,MEDLACHERUVU,-,-,Krishna,Krishna,-,-,-,Krishna,Yes,22.0540,40.00
KRSNWDP,Krishna at Wadenepally,Krishna,2026-04-22 06:30:00+00:00,22.054,DANGER,18.45,19.84,23.07,16.79416667,80.07305556,KRSNWDP_2026-04-22T06:30:00+0000_22.0540,14491,14491,CWC,36,Telangana,514,NALGONDA,MEDLACHERUVU,-,-,Krishna,Krishna,-,-,-,Krishna,Yes,22.0540,40.00
KRSNWDP,Krishna at Wadenepally,Krishna,2026-04-22 07:30:00+00:00,22.054,DANGER,18.45,19.84,23.07,16.79416667,80.07305556,KRSNWDP_2026-04-22T07:30:00+0000_22.0540,14492,14492,CWC,36,Telangana,514,NALGONDA,MEDLACHERUVU,-,-,Krishna,Krishna,-,-,-,Krishna,Yes,22.0540,40.00
KRSNWDP,Krishna at Wadenepally,Krishna,2026-04-22 08:30:00+00:00,22.054,DANGER,18.45,19.84,23.07,16.79416667,80.07305556,KRSNWDP_2026-04-22T08:30:00+0000_22.0540,14493,14493,CWC,36,Telangana,514,NALGONDA,MEDLACHERUVU,-,-,Krishna,Krishna,-,-,-,Krishna,Yes,22.0540,40.00
KRSNWDP,Krishna at Wadenepally,Krishna,2026-04-22 09:30:00+00:00,22.054,DANGER,18.45,19.84,23.07,16.79416667,80.07305556,KRSNWDP_2026-04-22T09:30:00+0000_22.0540,14494,14494,CWC,36,Telangana,514,NALGONDA,MEDLACHERUVU,-,-,Krishna,Krishna,-,-,-,Krishna,Yes,22.0540,40.00
KRSNWDP,Krishna at Wadenepally,Krishna,2026-04-22 10:30:00+00:00,22.054,DANGER,18.45,19.84,23.07,16.79416667,80.07305556,KRSNWDP_2026-04-22T10:30:00+0000_22.0540,14495,14495,CWC,36,Telangana,514,NALGONDA,MEDLACHERUVU,-,-,Krishna,Krishna,-,-,-,Krishna,Yes,22.0540,40.00
KRSNWDP,Krishna at Wadenepally,Krishna,2026-04-22 11:30:00+00:00,22.054,DANGER,18.45,19.84,23.07,16.79416667,80.07305556,KRSNWDP_2026-04-22T11:30:00+0000_22.0540,14496,14496,CWC,36,Telangana,514,NALGONDA,MEDLACHERUVU,-,-,Krishna,Krishna,-,-,-,Krishna,Yes,22.0540,40.00
KRSNWDP,Krishna at Wadenepally,Krishna,2026-04-22 12:30:00+00:00,22.054,DANGER,18.45,19.84,23.07,16.79416667,80.07305556,KRSNWDP_2026-04-22T12:30:00+0000_22.0540,14497,14497,CWC,36,Telangana,514,NALGONDA,MEDLACHERUVU,-,-,Krishna,Krishna,-,-,-,Krishna,Yes,22.0540,40.00
KRSNWDP,Krishna at Wadenepally,Krishna,2026-04-22 13:30:00+00:00,22.054,DANGER,18.45,19.84,23.07,16.79416667,80.07305556,KRSNWDP_2026-04-22T13:30:00+0000_22.0540,14498,14498,CWC,36,Telangana,514,NALGONDA,MEDLACHERUVU,-,-,Krishna,Krishna,-,-,-,Krishna,Yes,22.0540,40.00
KRSNWDP,Krishna at Wadenepally,Krishna,2026-04-22 14:30:00+00:00,22.054,DANGER,18.45,19.84,23.07,16.79416667,80.07305556,KRSNWDP_2026-04-22T14:30:00+0000_22.0540,14499,14499,CWC,36,Telangana,514,NALGONDA,MEDLACHERUVU,-,-,Krishna,Krishna,-,-,-,Krishna,Yes,22.0540,40.00
KRSNWDP,Krishna at Wadenepally,Krishna,2026-04-22 15:30:00+00:00,22.054,DANGER,18.45,19.84,23.07,16.79416667,80.07305556,KRSNWDP_2026-04-22T15:30:00+0000_22.0540,14500,14500,CWC,36,Telangana,514,NALGONDA,MEDLACHERUVU,-,-,Krishna,Krishna,-,-,-,Krishna,Yes,22.0540,40.00
KRSNWDP,Krishna at Wadenepally,Krishna,2026-04-22 16:30:00+00:00,22.054,DANGER,18.45,19.84,23.07,16.79416667,80.07305556,KRSNWDP_2026-04-22T16:30:00+0000_22.0540,14501,14501,CWC,36,Telangana,514,NALGONDA,MEDLACHERUVU,-,-,Krishna,Krishna,-,-,-,Krishna,Yes,22.0540,40.00
KRSNWDP,Krishna at Wadenepally,Krishna,2026-04-22 17:30:00+00:00,22.054,DANGER,18.45,19.84,23.07,16.79416667,80.07305556,KRSNWDP_2026-04-22T17:30:00+0000_22.0540,14502,14502,CWC,36,Telangana,514,NALGONDA,MEDLACHERUVU,-,-,Krishna,Krishna,-,-,-,Krishna,Yes,22.0540,40.00
KRSNWDP,Krishna at Wadenepally,Krishna,2026-04-22 18:30:00+00:00,22.054,DANGER,18.45,19.84,23.07,16.79416667,80.07305556,KRSNWDP_2026-04-22T18:30:00+0000_22.0540,14503,14503,CWC,36,Telangana,514,NALGONDA,MEDLACHERUVU,-,-,Krishna,Krishna,-,-,-,Krishna,Yes,22.0540,40.00
KRSNWDP,Krishna at Wadenepally,Krishna,2026-04-22 19:30:00+00:00,22.054,DANGER,18.45,19.84,23.07,16.79416667,80.07305556,KRSNWDP_2026-04-22T19:30:00+0000_22.0540,14504,14504,CWC,36,Telangana,514,NALGONDA,MEDLACHERUVU,-,-,Krishna,Krishna,-,-,-,Krishna,Yes,22.0540,40.00
KRSNWDP,Krishna at Wadenepally,Krishna,2026-04-22 20:30:00+00:00,22.054,DANGER,18.45,19.84,23.07,16.79416667,80.07305556,KRSNWDP_2026-04-22T20:30:00+0000_22.0540,14505,14505,CWC,36,Telangana,514,NALGONDA,MEDLACHERUVU,-,-,Krishna,Krishna,-,-,-,Krishna,Yes,22.0540,40.00
KRSNWDP,Krishna at Wadenepally,Krishna,2026-04-22 21:30:00+00:00,22.054,DANGER,18.45,19.84,23.07,16.79416667,80.07305556,KRSNWDP_2026-04-22T21:30:00+0000_22.0540,14506,14506,CWC,36,Telangana,514,NALGONDA,MEDLACHERUVU,-,-,Krishna,Krishna,-,-,-,Krishna,Yes,22.0540,40.00
KRSNWDP,Krishna at Wadenepally,Krishna,2026-04-22 22:30:00+00:00,22.054,DANGER,18.45,19.84,23.07,16.79416667,80.07305556,KRSNWDP_2026-04-22T22:30:00+0000_22.0540,14507,14507,CWC,36,Telangana,514,NALGONDA,MEDLACHERUVU,-,-,Krishna,Krishna,-,-,-,Krishna,Yes,22.0540,40.00
KRSNWDP,Krishna at Wadenepally,Krishna,2026-04-22 23:30:00+00:00,22.054,DANGER,18.45,19.84,23.07,16.79416667,80.07305556,KRSNWDP_2026-04-22T23:30:00+0000_22.0540,14508,14508,CWC,36,Telangana,514,NALGONDA,MEDLACHERUVU,-,-,Krishna,Krishna,-,-,-,Krishna,Yes,22.0540,40.00
KRSNWDP,Krishna at Wadenepally,Krishna,2026-04-23 00:30:00+00:00,22.054,DANGER,18.45,19.84,23.07,16.79416667,80.07305556,KRSNWDP_2026-04-23T00:30:00+0000_22.0540,14509,14509,CWC,36,Telangana,514,NALGONDA,MEDLACHERUVU,-,-,Krishna,Krishna,-,-,-,Krishna,Yes,22.0540,40.00
KRSNWDP,Krishna at Wadenepally,Krishna,2026-04-23 01:30:00+00:00,22.054,DANGER,18.45,19.84,23.07,16.79416667,80.07305556,KRSNWDP_2026-04-23T01:30:00+0000_22.0540,14510,14510,CWC,36,Telangana,514,NALGONDA,MEDLACHERUVU,-,-,Krishna,Krishna,-,-,-,Krishna,Yes,22.0540,40.00
KRSNWDP,Krishna at Wadenepally,Krishna,2026-04-23 02:30:00+00:00,22.054,DANGER,18.45,19.84,23.07,16.79416667,80.07305556,KRSNWDP_2026-04-23T02:30:00+0000_22.0540,14511,14511,CWC,36,Telangana,514,NALGONDA,MEDLACHERUVU,-,-,Krishna,Krishna,-,-,-,Krishna,Yes,22.0540,40.00
KRSNWDP,Krishna at Wadenepally,Krishna,2026-04-23 03:30:00+00:00,22.054,DANGER,18.45,19.84,23.07,16.79416667,80.07305556,KRSNWDP_2026-04-23T03:30:00+0000_22.0540,14512,14512,CWC,36,Telangana,514,NALGONDA,MEDLACHERUVU,-,-,Krishna,Krishna,-,-,-,Krishna,Yes,22.0540,40.00
KRSNWDP,Krishna at Wadenepally,Krishna,2026-04-23 04:30:00+00:00,22.054,DANGER,18.45,19.84,23.07,16.79416667,80.07305556,KRSNWDP_2026-04-23T04:30:00+0000_22.0540,14513,14513,CWC,36,Telangana,514,NALGONDA,MEDLACHERUVU,-,-,Krishna,Krishna,-,-,-,Krishna,Yes,22.0540,40.00
KRSNWDP,Krishna at Wadenepally,Krishna,2026-04-23 05:30:00+00:00,22.054,DANGER,18.45,19.84,23.07,16.79416667,80.07305556,KRSNWDP_2026-04-23T05:30:00+0000_22.0540,14514,14514,CWC,36,Telangana,514,NALGONDA,MEDLACHERUVU,-,-,Krishna,Krishna,-,-,-,Krishna,Yes,22.0540,40.00
KRSNWDP,Krishna at Wadenepally,Krishna,2026-04-23 06:30:00+00:00,22.054,DANGER,18.45,19.84,23.07,16.79416667,80.07305556,KRSNWDP_2026-04-23T06:30:00+0000_22.0540,14515,14515,CWC,36,Telangana,514,NALGONDA,MEDLACHERUVU,-,-,Krishna,Krishna,-,-,-,Krishna,Yes,22.0540,40.00
KRSNWDP,Krishna at Wadenepally,Krishna,2026-04-23 07:30:00+00:00,22.054,DANGER,18.45,19.84,23.07,16.79416667,80.07305556,KRSNWDP_2026-04-23T07:30:00+0000_22.0540,14516,14516,CWC,36,Telangana,514,NALGONDA,MEDLACHERUVU,-,-,Krishna,Krishna,-,-,-,Krishna,Yes,22.0540,40.00
KRSNWDP,Krishna at Wadenepally,Krishna,2026-04-23 08:30:00+00:00,22.054,DANGER,18.45,19.84,23.07,16.79416667,80.07305556,KRSNWDP_2026-04-23T08:30:00+0000_22.0540,14517,14517,CWC,36,Telangana,514,NALGONDA,MEDLACHERUVU,-,-,Krishna,Krishna,-,-,-,Krishna,Yes,22.0540,40.00
KRSNWDP,Krishna at Wadenepally,Krishna,2026-04-23 09:30:00+00:00,22.054,DANGER,18.45,19.84,23.07,16.79416667,80.07305556,KRSNWDP_2026-04-23T09:30:00+0000_22.0540,14518,14518,CWC,36,Telangana,514,NALGONDA,MEDLACHERUVU,-,-,Krishna,Krishna,-,-,-,Krishna,Yes,22.0540,40.00
KRSNWDP,Krishna at Wadenepally,Krishna,2026-04-23 11:30:00+00:00,22.054,DANGER,18.45,19.84,23.07,16.79416667,80.07305556,KRSNWDP_2026-04-23T11:30:00+0000_22.0540,14519,14519,CWC,36,Telangana,514,NALGONDA,MEDLACHERUVU,-,-,Krishna,Krishna,-,-,-,Krishna,Yes,22.0540,40.00
KRSNWDP,Krishna at Wadenepally,Krishna,2026-04-23 12:30:00+00:00,22.054,DANGER,18.45,19.84,23.07,16.79416667,80.07305556,KRSNWDP_2026-04-23T12:30:00+0000_22.0540,14520,14520,CWC,36,Telangana,514,NALGONDA,MEDLACHERUVU,-,-,Krishna,Krishna,-,-,-,Krishna,Yes,22.0540,40.00
KRSNWDP,Krishna at Wadenepally,Krishna,2026-04-23 13:30:00+00:00,22.054,DANGER,18.45,19.84,23.07,16.79416667,80.07305556,KRSNWDP_2026-04-23T13:30:00+0000_22.0540,14521,14521,CWC,36,Telangana,514,NALGONDA,MEDLACHERUVU,-,-,Krishna,Krishna,-,-,-,Krishna,Yes,22.0540,40.00
KRSNWDP,Krishna at Wadenepally,Krishna,2026-04-23 14:30:00+00:00,22.054,DANGER,18.45,19.84,23.07,16.79416667,80.07305556,KRSNWDP_2026-04-23T14:30:00+0000_22.0540,14522,14522,CWC,36,Telangana,514,NALGONDA,MEDLACHERUVU,-,-,Krishna,Krishna,-,-,-,Krishna,Yes,22.0540,40.00
KRSNWDP,Krishna at Wadenepally,Krishna,2026-04-23 15:30:00+00:00,22.054,DANGER,18.45,19.84,23.07,16.79416667,80.07305556,KRSNWDP_2026-04-23T15:30:00+0000_22.0540,14523,14523,CWC,36,Telangana,514,NALGONDA,MEDLACHERUVU,-,-,Krishna,Krishna,-,-,-,Krishna,Yes,22.0540,40.00
KRSNWDP,Krishna at Wadenepally,Krishna,2026-04-23 16:30:00+00:00,22.054,DANGER,18.45,19.84,23.07,16.79416667,80.07305556,KRSNWDP_2026-04-23T16:30:00+0000_22.0540,14524,14524,CWC,36,Telangana,514,NALGONDA,MEDLACHERUVU,-,-,Krishna,Krishna,-,-,-,Krishna,Yes,22.0540,40.00
KRSNWDP,Krishna at Wadenepally,Krishna,2026-04-23 17:30:00+00:00,22.054,DANGER,18.45,19.84,23.07,16.79416667,80.07305556,KRSNWDP_2026-04-23T17:30:00+0000_22.0540,14525,14525,CWC,36,Telangana,514,NALGONDA,MEDLACHERUVU,-,-,Krishna,Krishna,-,-,-,Krishna,Yes,22.0540,40.00
KRSNWDP,Krishna at Wadenepally,Krishna,2026-04-23 18:30:00+00:00,22.054,DANGER,18.45,19.84,23.07,16.79416667,80.07305556,KRSNWDP_2026-04-23T18:30:00+0000_22.0540,14526,14526,CWC,36,Telangana,514,NALGONDA,MEDLACHERUVU,-,-,Krishna,Krishna,-,-,-,Krishna,Yes,22.0540,40.00
KRSNWDP,Krishna at Wadenepally,Krishna,2026-04-23 19:30:00+00:00,22.054,DANGER,18.45,19.84,23.07,16.79416667,80.07305556,KRSNWDP_2026-04-23T19:30:00+0000_22.0540,14527,14527,CWC,36,Telangana,514,NALGONDA,MEDLACHERUVU,-,-,Krishna,Krishna,-,-,-,Krishna,Yes,22.0540,40.00
KRSNWDP,Krishna at Wadenepally,Krishna,2026-04-23 20:30:00+00:00,22.054,DANGER,18.45,19.84,23.07,16.79416667,80.07305556,KRSNWDP_2026-04-23T20:30:00+0000_22.0540,14528,14528,CWC,36,Telangana,514,NALGONDA,MEDLACHERUVU,-,-,Krishna,Krishna,-,-,-,Krishna,Yes,22.0540,40.00
KRSNWDP,Krishna at Wadenepally,Krishna,2026-04-23 21:30:00+00:00,22.054,DANGER,18.45,19.84,23.07,16.79416667,80.07305556,KRSNWDP_2026-04-23T21:30:00+0000_22.0540,14529,14529,CWC,36,Telangana,514,NALGONDA,MEDLACHERUVU,-,-,Krishna,Krishna,-,-,-,Krishna,Yes,22.0540,40.00
KRSNWDP,Krishna at Wadenepally,Krishna,2026-04-23 22:30:00+00:00,22.054,DANGER,18.45,19.84,23.07,16.79416667,80.07305556,KRSNWDP_2026-04-23T22:30:00+0000_22.0540,14530,14530,CWC,36,Telangana,514,NALGONDA,MEDLACHERUVU,-,-,Krishna,Krishna,-,-,-,Krishna,Yes,22.0540,40.00
KRSNWDP,Krishna at Wadenepally,Krishna,2026-04-23 23:30:00+00:00,22.054,DANGER,18.45,19.84,23.07,16.79416667,80.07305556,KRSNWDP_2026-04-23T23:30:00+0000_22.0540,14531,14531,CWC,36,Telangana,514,NALGONDA,MEDLACHERUVU,-,-,Krishna,Krishna,-,-,-,Krishna,Yes,22.0540,40.00
KRSNWDP,Krishna at Wadenepally,Krishna,2026-04-24 00:30:00+00:00,22.054,DANGER,18.45,19.84,23.07,16.79416667,80.07305556,KRSNWDP_2026-04-24T00:30:00+0000_22.0540,14532,14532,CWC,36,Telangana,514,NALGONDA,MEDLACHERUVU,-,-,Krishna,Krishna,-,-,-,Krishna,Yes,22.0540,40.00
KRSNWDP,Krishna at Wadenepally,Krishna,2026-04-24 01:30:00+00:00,22.054,DANGER,18.45,19.84,23.07,16.79416667,80.07305556,KRSNWDP_2026-04-24T01:30:00+0000_22.0540,14533,14533,CWC,36,Telangana,514,NALGONDA,MEDLACHERUVU,-,-,Krishna,Krishna,-,-,-,Krishna,Yes,22.0540,40.00
KRSNWDP,Krishna at Wadenepally,Krishna,2026-04-24 02:30:00+00:00,22.054,DANGER,18.45,19.84,23.07,16.79416667,80.07305556,KRSNWDP_2026-04-24T02:30:00+0000_22.0540,14534,14534,CWC,36,Telangana,514,NALGONDA,MEDLACHERUVU,-,-,Krishna,Krishna,-,-,-,Krishna,Yes,22.0540,40.00
KRSNWDP,Krishna at Wadenepally,Krishna,2026-04-24 03:30:00+00:00,22.054,DANGER,18.45,19.84,23.07,16.79416667,80.07305556,KRSNWDP_2026-04-24T03:30:00+0000_22.0540,14535,14535,CWC,36,Telangana,514,NALGONDA,MEDLACHERUVU,-,-,Krishna,Krishna,-,-,-,Krishna,Yes,22.0540,40.00
KRSNWDP,Krishna at Wadenepally,Krishna,2026-04-24 04:30:00+00:00,22.054,DANGER,18.45,19.84,23.07,16.79416667,80.07305556,KRSNWDP_2026-04-24T04:30:00+0000_22.0540,14536,14536,CWC,36,Telangana,514,NALGONDA,MEDLACHERUVU,-,-,Krishna,Krishna,-,-,-,Krishna,Yes,22.0540,40.00
KRSNWDP,Krishna at Wadenepally,Krishna,2026-04-24 05:30:00+00:00,22.054,DANGER,18.45,19.84,23.07,16.79416667,80.07305556,KRSNWDP_2026-04-24T05:30:00+0000_22.0540,14537,14537,CWC,36,Telangana,514,NALGONDA,MEDLACHERUVU,-,-,Krishna,Krishna,-,-,-,Krishna,Yes,22.0540,40.00
KRSNWDP,Krishna at Wadenepally,Krishna,2026-04-24 06:30:00+00:00,22.054,DANGER,18.45,19.84,23.07,16.79416667,80.07305556,KRSNWDP_2026-04-24T06:30:00+0000_22.0540,14538,14538,CWC,36,Telangana,514,NALGONDA,MEDLACHERUVU,-,-,Krishna,Krishna,-,-,-,Krishna,Yes,22.0540,40.00
KRSNWDP,Krishna at Wadenepally,Krishna,2026-04-24 07:30:00+00:00,22.054,DANGER,18.45,19.84,23.07,16.79416667,80.07305556,KRSNWDP_2026-04-24T07:30:00+0000_22.0540,14539,14539,CWC,36,Telangana,514,NALGONDA,MEDLACHERUVU,-,-,Krishna,Krishna,-,-,-,Krishna,Yes,22.0540,40.00
KRSNWDP,Krishna at Wadenepally,Krishna,2026-04-24 08:30:00+00:00,22.054,DANGER,18.45,19.84,23.07,16.79416667,80.07305556,KRSNWDP_2026-04-24T08:30:00+0000_22.0540,14540,14540,CWC,36,Telangana,514,NALGONDA,MEDLACHERUVU,-,-,Krishna,Krishna,-,-,-,Krishna,Yes,22.0540,40.00
KRSNWDP,Krishna at Wadenepally,Krishna,2026-04-24 09:30:00+00:00,22.054,DANGER,18.45,19.84,23.07,16.79416667,80.07305556,KRSNWDP_2026-04-24T09:30:00+0000_22.0540,14541,14541,CWC,36,Telangana,514,NALGONDA,MEDLACHERUVU,-,-,Krishna,Krishna,-,-,-,Krishna,Yes,22.0540,40.00
KRSNWDP,Krishna at Wadenepally,Krishna,2026-04-24 10:30:00+00:00,22.054,DANGER,18.45,19.84,23.07,16.79416667,80.07305556,KRSNWDP_2026-04-24T10:30:00+0000_22.0540,14542,14542,CWC,36,Telangana,514,NALGONDA,MEDLACHERUVU,-,-,Krishna,Krishna,-,-,-,Krishna,Yes,22.0540,40.00
KRSNWDP,Krishna at Wadenepally,Krishna,2026-04-24 11:30:00+00:00,22.054,DANGER,18.45,19.84,23.07,16.79416667,80.07305556,KRSNWDP_2026-04-24T11:30:00+0000_22.0540,14543,14543,CWC,36,Telangana,514,NALGONDA,MEDLACHERUVU,-,-,Krishna,Krishna,-,-,-,Krishna,Yes,22.0540,40.00
KRSNWDP,Krishna at Wadenepally,Krishna,2026-04-24 12:30:00+00:00,22.054,DANGER,18.45,19.84,23.07,16.79416667,80.07305556,KRSNWDP_2026-04-24T12:30:00+0000_22.0540,14544,14544,CWC,36,Telangana,514,NALGONDA,MEDLACHERUVU,-,-,Krishna,Krishna,-,-,-,Krishna,Yes,22.0540,40.00
KRSNWDP,Krishna at Wadenepally,Krishna,2026-04-24 13:30:00+00:00,22.054,DANGER,18.45,19.84,23.07,16.79416667,80.07305556,KRSNWDP_2026-04-24T13:30:00+0000_22.0540,14545,14545,CWC,36,Telangana,514,NALGONDA,MEDLACHERUVU,-,-,Krishna,Krishna,-,-,-,Krishna,Yes,22.0540,40.00
KRSNWDP,Krishna at Wadenepally,Krishna,2026-04-24 14:30:00+00:00,22.054,DANGER,18.45,19.84,23.07,16.79416667,80.07305556,KRSNWDP_2026-04-24T14:30:00+0000_22.0540,14546,14546,CWC,36,Telangana,514,NALGONDA,MEDLACHERUVU,-,-,Krishna,Krishna,-,-,-,Krishna,Yes,22.0540,40.00
KRSNWDP,Krishna at Wadenepally,Krishna,2026-04-24 15:30:00+00:00,22.054,DANGER,18.45,19.84,23.07,16.79416667,80.07305556,KRSNWDP_2026-04-24T15:30:00+0000_22.0540,14547,14547,CWC,36,Telangana,514,NALGONDA,MEDLACHERUVU,-,-,Krishna,Krishna,-,-,-,Krishna,Yes,22.0540,40.00
KRSNWDP,Krishna at Wadenepally,Krishna,2026-04-24 16:30:00+00:00,22.054,DANGER,18.45,19.84,23.07,16.79416667,80.07305556,KRSNWDP_2026-04-24T16:30:00+0000_22.0540,14548,14548,CWC,36,Telangana,514,NALGONDA,MEDLACHERUVU,-,-,Krishna,Krishna,-,-,-,Krishna,Yes,22.0540,40.00
KRSNWDP,Krishna at Wadenepally,Krishna,2026-04-24 17:30:00+00:00,22.054,DANGER,18.45,19.84,23.07,16.79416667,80.07305556,KRSNWDP_2026-04-24T17:30:00+0000_22.0540,14549,14549,CWC,36,Telangana,514,NALGONDA,MEDLACHERUVU,-,-,Krishna,Krishna,-,-,-,Krishna,Yes,22.0540,40.00
KRSNWDP,Krishna at Wadenepally,Krishna,2026-04-24 18:30:00+00:00,22.054,DANGER,18.45,19.84,23.07,16.79416667,80.07305556,KRSNWDP_2026-04-24T18:30:00+0000_22.0540,14550,14550,CWC,36,Telangana,514,NALGONDA,MEDLACHERUVU,-,-,Krishna,Krishna,-,-,-,Krishna,Yes,22.0540,40.00
KRSNWDP,Krishna at Wadenepally,Krishna,2026-04-24 19:30:00+00:00,22.054,DANGER,18.45,19.84,23.07,16.79416667,80.07305556,KRSNWDP_2026-04-24T19:30:00+0000_22.0540,14551,14551,CWC,36,Telangana,514,NALGONDA,MEDLACHERUVU,-,-,Krishna,Krishna,-,-,-,Krishna,Yes,22.0540,40.00
KRSNWDP,Krishna at Wadenepally,Krishna,2026-04-24 20:30:00+00:00,22.054,DANGER,18.45,19.84,23.07,16.79416667,80.07305556,KRSNWDP_2026-04-24T20:30:00+0000_22.0540,14552,14552,CWC,36,Telangana,514,NALGONDA,MEDLACHERUVU,-,-,Krishna,Krishna,-,-,-,Krishna,Yes,22.0540,40.00
KRSNWDP,Krishna at Wadenepally,Krishna,2026-04-24 21:30:00+00:00,22.054,DANGER,18.45,19.84,23.07,16.79416667,80.07305556,KRSNWDP_2026-04-24T21:30:00+0000_22.0540,14553,14553,CWC,36,Telangana,514,NALGONDA,MEDLACHERUVU,-,-,Krishna,Krishna,-,-,-,Krishna,Yes,22.0540,40.00
KRSNWDP,Krishna at Wadenepally,Krishna,2026-04-24 22:30:00+00:00,22.054,DANGER,18.45,19.84,23.07,16.79416667,80.07305556,KRSNWDP_2026-04-24T22:30:00+0000_22.0540,14554,14554,CWC,36,Telangana,514,NALGONDA,MEDLACHERUVU,-,-,Krishna,Krishna,-,-,-,Krishna,Yes,22.0540,40.00
KRSNWDP,Krishna at Wadenepally,Krishna,2026-04-24 23:30:00+00:00,22.054,DANGER,18.45,19.84,23.07,16.79416667,80.07305556,KRSNWDP_2026-04-24T23:30:00+0000_22.0540,14555,14555,CWC,36,Telangana,514,NALGONDA,MEDLACHERUVU,-,-,Krishna,Krishna,-,-,-,Krishna,Yes,22.0540,40.00
KRSNWDP,Krishna at Wadenepally,Krishna,2026-04-25 00:30:00+00:00,22.054,DANGER,18.45,19.84,23.07,16.79416667,80.07305556,KRSNWDP_2026-04-25T00:30:00+0000_22.0540,14556,14556,CWC,36,Telangana,514,NALGONDA,MEDLACHERUVU,-,-,Krishna,Krishna,-,-,-,Krishna,Yes,22.0540,40.00
KRSNWDP,Krishna at Wadenepally,Krishna,2026-04-25 01:30:00+00:00,22.054,DANGER,18.45,19.84,23.07,16.79416667,80.07305556,KRSNWDP_2026-04-25T01:30:00+0000_22.0540,14557,14557,CWC,36,Telangana,514,NALGONDA,MEDLACHERUVU,-,-,Krishna,Krishna,-,-,-,Krishna,Yes,22.0540,40.00
KRSNWDP,Krishna at Wadenepally,Krishna,2026-04-25 02:30:00+00:00,22.054,DANGER,18.45,19.84,23.07,16.79416667,80.07305556,KRSNWDP_2026-04-25T02:30:00+0000_22.0540,14558,14558,CWC,36,Telangana,514,NALGONDA,MEDLACHERUVU,-,-,Krishna,Krishna,-,-,-,Krishna,Yes,22.0540,40.00
KRSNWDP,Krishna at Wadenepally,Krishna,2026-04-25 03:30:00+00:00,22.054,DANGER,18.45,19.84,23.07,16.79416667,80.07305556,KRSNWDP_2026-04-25T03:30:00+0000_22.0540,14559,14559,CWC,36,Telangana,514,NALGONDA,MEDLACHERUVU,-,-,Krishna,Krishna,-,-,-,Krishna,Yes,22.0540,40.00
KRSNWDP,Krishna at Wadenepally,Krishna,2026-04-25 04:30:00+00:00,22.054,DANGER,18.45,19.84,23.07,16.79416667,80.07305556,KRSNWDP_2026-04-25T04:30:00+0000_22.0540,14560,14560,CWC,36,Telangana,514,NALGONDA,MEDLACHERUVU,-,-,Krishna,Krishna,-,-,-,Krishna,Yes,22.0540,40.00
KRSNWDP,Krishna at Wadenepally,Krishna,2026-04-25 05:30:00+00:00,22.054,DANGER,18.45,19.84,23.07,16.79416667,80.07305556,KRSNWDP_2026-04-25T05:30:00+0000_22.0540,14561,14561,CWC,36,Telangana,514,NALGONDA,MEDLACHERUVU,-,-,Krishna,Krishna,-,-,-,Krishna,Yes,22.0540,40.00
KRSNWDP,Krishna at Wadenepally,Krishna,2026-04-25 06:30:00+00:00,22.054,DANGER,18.45,19.84,23.07,16.79416667,80.07305556,KRSNWDP_2026-04-25T06:30:00+0000_22.0540,14562,14562,CWC,36,Telangana,514,NALGONDA,MEDLACHERUVU,-,-,Krishna,Krishna,-,-,-,Krishna,Yes,22.0540,40.00
KRSNWDP,Krishna at Wadenepally,Krishna,2026-04-25 07:30:00+00:00,22.054,DANGER,18.45,19.84,23.07,16.79416667,80.07305556,KRSNWDP_2026-04-25T07:30:00+0000_22.0540,14563,14563,CWC,36,Telangana,514,NALGONDA,MEDLACHERUVU,-,-,Krishna,Krishna,-,-,-,Krishna,Yes,22.0540,40.00
KRSNWDP,Krishna at Wadenepally,Krishna,2026-04-25 08:30:00+00:00,22.054,DANGER,18.45,19.84,23.07,16.79416667,80.07305556,KRSNWDP_2026-04-25T08:30:00+0000_22.0540,14564,14564,CWC,36,Telangana,514,NALGONDA,MEDLACHERUVU,-,-,Krishna,Krishna,-,-,-,Krishna,Yes,22.0540,40.00
KRSNWDP,Krishna at Wadenepally,Krishna,2026-04-25 09:30:00+00:00,22.054,DANGER,18.45,19.84,23.07,16.79416667,80.07305556,KRSNWDP_2026-04-25T09:30:00+0000_22.0540,14565,14565,CWC,36,Telangana,514,NALGONDA,MEDLACHERUVU,-,-,Krishna,Krishna,-,-,-,Krishna,Yes,22.0540,40.00
KRSNWDP,Krishna at Wadenepally,Krishna,2026-04-25 10:30:00+00:00,22.054,DANGER,18.45,19.84,23.07,16.79416667,80.07305556,KRSNWDP_2026-04-25T10:30:00+0000_22.0540,14566,14566,CWC,36,Telangana,514,NALGONDA,MEDLACHERUVU,-,-,Krishna,Krishna,-,-,-,Krishna,Yes,22.0540,40.00
KRSNWDP,Krishna at Wadenepally,Krishna,2026-04-25 11:30:00+00:00,22.054,DANGER,18.45,19.84,23.07,16.79416667,80.07305556,KRSNWDP_2026-04-25T11:30:00+0000_22.0540,14567,14567,CWC,36,Telangana,514,NALGONDA,MEDLACHERUVU,-,-,Krishna,Krishna,-,-,-,Krishna,Yes,22.0540,40.00
KRSNWDP,Krishna at Wadenepally,Krishna,2026-04-25 12:30:00+00:00,22.054,DANGER,18.45,19.84,23.07,16.79416667,80.07305556,KRSNWDP_2026-04-25T12:30:00+0000_22.0540,14568,14568,CWC,36,Telangana,514,NALGONDA,MEDLACHERUVU,-,-,Krishna,Krishna,-,-,-,Krishna,Yes,22.0540,40.00
KRSNWDP,Krishna at Wadenepally,Krishna,2026-04-25 13:30:00+00:00,22.054,DANGER,18.45,19.84,23.07,16.79416667,80.07305556,KRSNWDP_2026-04-25T13:30:00+0000_22.0540,14569,14569,CWC,36,Telangana,514,NALGONDA,MEDLACHERUVU,-,-,Krishna,Krishna,-,-,-,Krishna,Yes,22.0540,40.00
KRSNWDP,Krishna at Wadenepally,Krishna,2026-04-25 14:30:00+00:00,22.054,DANGER,18.45,19.84,23.07,16.79416667,80.07305556,KRSNWDP_2026-04-25T14:30:00+0000_22.0540,14570,14570,CWC,36,Telangana,514,NALGONDA,MEDLACHERUVU,-,-,Krishna,Krishna,-,-,-,Krishna,Yes,22.0540,40.00
KRSNWDP,Krishna at Wadenepally,Krishna,2026-04-25 15:30:00+00:00,22.054,DANGER,18.45,19.84,23.07,16.79416667,80.07305556,KRSNWDP_2026-04-25T15:30:00+0000_22.0540,14571,14571,CWC,36,Telangana,514,NALGONDA,MEDLACHERUVU,-,-,Krishna,Krishna,-,-,-,Krishna,Yes,22.0540,40.00
KRSNWDP,Krishna at Wadenepally,Krishna,2026-04-25 16:30:00+00:00,22.054,DANGER,18.45,19.84,23.07,16.79416667,80.07305556,KRSNWDP_2026-04-25T16:30:00+0000_22.0540,14572,14572,CWC,36,Telangana,514,NALGONDA,MEDLACHERUVU,-,-,Krishna,Krishna,-,-,-,Krishna,Yes,22.0540,40.00
KRSNWDP,Krishna at Wadenepally,Krishna,2026-04-25 17:30:00+00:00,22.054,DANGER,18.45,19.84,23.07,16.79416667,80.07305556,KRSNWDP_2026-04-25T17:30:00+0000_22.0540,14573,14573,CWC,36,Telangana,514,NALGONDA,MEDLACHERUVU,-,-,Krishna,Krishna,-,-,-,Krishna,Yes,22.0540,40.00
KRSNWDP,Krishna at Wadenepally,Krishna,2026-04-25 18:30:00+00:00,22.054,DANGER,18.45,19.84,23.07,16.79416667,80.07305556,KRSNWDP_2026-04-25T18:30:00+0000_22.0540,14574,14574,CWC,36,Telangana,514,NALGONDA,MEDLACHERUVU,-,-,Krishna,Krishna,-,-,-,Krishna,Yes,22.0540,40.00
KRSNWDP,Krishna at Wadenepally,Krishna,2026-04-25 19:30:00+00:00,22.054,DANGER,18.45,19.84,23.07,16.79416667,80.07305556,KRSNWDP_2026-04-25T19:30:00+0000_22.0540,14575,14575,CWC,36,Telangana,514,NALGONDA,MEDLACHERUVU,-,-,Krishna,Krishna,-,-,-,Krishna,Yes,22.0540,40.00
KRSNWDP,Krishna at Wadenepally,Krishna,2026-04-25 20:30:00+00:00,22.054,DANGER,18.45,19.84,23.07,16.79416667,80.07305556,KRSNWDP_2026-04-25T20:30:00+0000_22.0540,14576,14576,CWC,36,Telangana,514,NALGONDA,MEDLACHERUVU,-,-,Krishna,Krishna,-,-,-,Krishna,Yes,22.0540,40.00
KRSNWDP,Krishna at Wadenepally,Krishna,2026-04-25 21:30:00+00:00,22.054,DANGER,18.45,19.84,23.07,16.79416667,80.07305556,KRSNWDP_2026-04-25T21:30:00+0000_22.0540,14577,14577,CWC,36,Telangana,514,NALGONDA,MEDLACHERUVU,-,-,Krishna,Krishna,-,-,-,Krishna,Yes,22.0540,40.00
KRSNWDP,Krishna at Wadenepally,Krishna,2026-04-25 22:30:00+00:00,22.054,DANGER,18.45,19.84,23.07,16.79416667,80.07305556,KRSNWDP_2026-04-25T22:30:00+0000_22.0540,14578,14578,CWC,36,Telangana,514,NALGONDA,MEDLACHERUVU,-,-,Krishna,Krishna,-,-,-,Krishna,Yes,22.0540,40.00
KRSNWDP,Krishna at Wadenepally,Krishna,2026-04-25 23:30:00+00:00,22.054,DANGER,18.45,19.84,23.07,16.79416667,80.07305556,KRSNWDP_2026-04-25T23:30:00+0000_22.0540,14579,14579,CWC,36,Telangana,514,NALGONDA,MEDLACHERUVU,-,-,Krishna,Krishna,-,-,-,Krishna,Yes,22.0540,40.00
KRSNWDP,Krishna at Wadenepally,Krishna,2026-04-26 00:30:00+00:00,22.054,DANGER,18.45,19.84,23.07,16.79416667,80.07305556,KRSNWDP_2026-04-26T00:30:00+0000_22.0540,14580,14580,CWC,36,Telangana,514,NALGONDA,MEDLACHERUVU,-,-,Krishna,Krishna,-,-,-,Krishna,Yes,22.0540,40.00
KRSNWDP,Krishna at Wadenepally,Krishna,2026-04-26 01:30:00+00:00,22.054,DANGER,18.45,19.84,23.07,16.79416667,80.07305556,KRSNWDP_2026-04-26T01:30:00+0000_22.0540,14581,14581,CWC,36,Telangana,514,NALGONDA,MEDLACHERUVU,-,-,Krishna,Krishna,-,-,-,Krishna,Yes,22.0540,40.00
KRSNWDP,Krishna at Wadenepally,Krishna,2026-04-26 02:30:00+00:00,22.054,DANGER,18.45,19.84,23.07,16.79416667,80.07305556,KRSNWDP_2026-04-26T02:30:00+0000_22.0540,14582,14582,CWC,36,Telangana,514,NALGONDA,MEDLACHERUVU,-,-,Krishna,Krishna,-,-,-,Krishna,Yes,22.0540,40.00
KRSNWDP,Krishna at Wadenepally,Krishna,2026-04-26 03:30:00+00:00,22.054,DANGER,18.45,19.84,23.07,16.79416667,80.07305556,KRSNWDP_2026-04-26T03:30:00+0000_22.0540,14583,14583,CWC,36,Telangana,514,NALGONDA,MEDLACHERUVU,-,-,Krishna,Krishna,-,-,-,Krishna,Yes,22.0540,40.00
KRSNWDP,Krishna at Wadenepally,Krishna,2026-04-26 04:30:00+00:00,22.054,DANGER,18.45,19.84,23.07,16.79416667,80.07305556,KRSNWDP_2026-04-26T04:30:00+0000_22.0540,14584,14584,CWC,36,Telangana,514,NALGONDA,MEDLACHERUVU,-,-,Krishna,Krishna,-,-,-,Krishna,Yes,22.0540,40.00
KRSNWDP,Krishna at Wadenepally,Krishna,2026-04-26 05:30:00+00:00,22.054,DANGER,18.45,19.84,23.07,16.79416667,80.07305556,KRSNWDP_2026-04-26T05:30:00+0000_22.0540,14585,14585,CWC,36,Telangana,514,NALGONDA,MEDLACHERUVU,-,-,Krishna,Krishna,-,-,-,Krishna,Yes,22.0540,40.00
KRSNWDP,Krishna at Wadenepally,Krishna,2026-04-26 06:30:00+00:00,22.054,DANGER,18.45,19.84,23.07,16.79416667,80.07305556,KRSNWDP_2026-04-26T06:30:00+0000_22.0540,14586,14586,CWC,36,Telangana,514,NALGONDA,MEDLACHERUVU,-,-,Krishna,Krishna,-,-,-,Krishna,Yes,22.0540,40.00
KRSNWDP,Krishna at Wadenepally,Krishna,2026-04-26 07:30:00+00:00,22.054,DANGER,18.45,19.84,23.07,16.79416667,80.07305556,KRSNWDP_2026-04-26T07:30:00+0000_22.0540,14587,14587,CWC,36,Telangana,514,NALGONDA,MEDLACHERUVU,-,-,Krishna,Krishna,-,-,-,Krishna,Yes,22.0540,40.00
KRSNWDP,Krishna at Wadenepally,Krishna,2026-04-26 08:30:00+00:00,22.054,DANGER,18.45,19.84,23.07,16.79416667,80.07305556,KRSNWDP_2026-04-26T08:30:00+0000_22.0540,14588,14588,CWC,36,Telangana,514,NALGONDA,MEDLACHERUVU,-,-,Krishna,Krishna,-,-,-,Krishna,Yes,22.0540,40.00
KRSNWDP,Krishna at Wadenepally,Krishna,2026-04-26 09:30:00+00:00,22.054,DANGER,18.45,19.84,23.07,16.79416667,80.07305556,KRSNWDP_2026-04-26T09:30:00+0000_22.0540,14589,14589,CWC,36,Telangana,514,NALGONDA,MEDLACHERUVU,-,-,Krishna,Krishna,-,-,-,Krishna,Yes,22.0540,40.00
KRSNWDP,Krishna at Wadenepally,Krishna,2026-04-26 10:30:00+00:00,22.054,DANGER,18.45,19.84,23.07,16.79416667,80.07305556,KRSNWDP_2026-04-26T10:30:00+0000_22.0540,14590,14590,CWC,36,Telangana,514,NALGONDA,MEDLACHERUVU,-,-,Krishna,Krishna,-,-,-,Krishna,Yes,22.0540,40.00
KRSNWDP,Krishna at Wadenepally,Krishna,2026-04-26 11:30:00+00:00,22.054,DANGER,18.45,19.84,23.07,16.79416667,80.07305556,KRSNWDP_2026-04-26T11:30:00+0000_22.0540,14591,14591,CWC,36,Telangana,514,NALGONDA,MEDLACHERUVU,-,-,Krishna,Krishna,-,-,-,Krishna,Yes,22.0540,40.00
KRSNWDP,Krishna at Wadenepally,Krishna,2026-04-26 12:30:00+00:00,22.054,DANGER,18.45,19.84,23.07,16.79416667,80.07305556,KRSNWDP_2026-04-26T12:30:00+0000_22.0540,14592,14592,CWC,36,Telangana,514,NALGONDA,MEDLACHERUVU,-,-,Krishna,Krishna,-,-,-,Krishna,Yes,22.0540,40.00
KRSNWDP,Krishna at Wadenepally,Krishna,2026-04-26 13:30:00+00:00,22.054,DANGER,18.45,19.84,23.07,16.79416667,80.07305556,KRSNWDP_2026-04-26T13:30:00+0000_22.0540,14593,14593,CWC,36,Telangana,514,NALGONDA,MEDLACHERUVU,-,-,Krishna,Krishna,-,-,-,Krishna,Yes,22.0540,40.00
KRSNWDP,Krishna at Wadenepally,Krishna,2026-04-26 14:30:00+00:00,22.054,DANGER,18.45,19.84,23.07,16.79416667,80.07305556,KRSNWDP_2026-04-26T14:30:00+0000_22.0540,14594,14594,CWC,36,Telangana,514,NALGONDA,MEDLACHERUVU,-,-,Krishna,Krishna,-,-,-,Krishna,Yes,22.0540,40.00
KRSNWDP,Krishna at Wadenepally,Krishna,2026-04-26 15:30:00+00:00,22.054,DANGER,18.45,19.84,23.07,16.79416667,80.07305556,KRSNWDP_2026-04-26T15:30:00+0000_22.0540,14595,14595,CWC,36,Telangana,514,NALGONDA,MEDLACHERUVU,-,-,Krishna,Krishna,-,-,-,Krishna,Yes,22.0540,40.00
KRSNWDP,Krishna at Wadenepally,Krishna,2026-04-26 16:30:00+00:00,22.054,DANGER,18.45,19.84,23.07,16.79416667,80.07305556,KRSNWDP_2026-04-26T16:30:00+0000_22.0540,14596,14596,CWC,36,Telangana,514,NALGONDA,MEDLACHERUVU,-,-,Krishna,Krishna,-,-,-,Krishna,Yes,22.0540,40.00
KRSNWDP,Krishna at Wadenepally,Krishna,2026-04-26 17:30:00+00:00,22.054,DANGER,18.45,19.84,23.07,16.79416667,80.07305556,KRSNWDP_2026-04-26T17:30:00+0000_22.0540,14597,14597,CWC,36,Telangana,514,NALGONDA,MEDLACHERUVU,-,-,Krishna,Krishna,-,-,-,Krishna,Yes,22.0540,40.00
KRSNWDP,Krishna at Wadenepally,Krishna,2026-04-26 18:30:00+00:00,22.054,DANGER,18.45,19.84,23.07,16.79416667,80.07305556,KRSNWDP_2026-04-26T18:30:00+0000_22.0540,14598,14598,CWC,36,Telangana,514,NALGONDA,MEDLACHERUVU,-,-,Krishna,Krishna,-,-,-,Krishna,Yes,22.0540,40.00
KRSNWDP,Krishna at Wadenepally,Krishna,2026-04-26 19:30:00+00:00,22.054,DANGER,18.45,19.84,23.07,16.79416667,80.07305556,KRSNWDP_2026-04-26T19:30:00+0000_22.0540,14599,14599,CWC,36,Telangana,514,NALGONDA,MEDLACHERUVU,-,-,Krishna,Krishna,-,-,-,Krishna,Yes,22.0540,40.00
KRSNWDP,Krishna at Wadenepally,Krishna,2026-04-26 20:30:00+00:00,22.054,DANGER,18.45,19.84,23.07,16.79416667,80.07305556,KRSNWDP_2026-04-26T20:30:00+0000_22.0540,14600,14600,CWC,36,Telangana,514,NALGONDA,MEDLACHERUVU,-,-,Krishna,Krishna,-,-,-,Krishna,Yes,22.0540,40.00
KRSNWDP,Krishna at Wadenepally,Krishna,2026-04-26 21:30:00+00:00,22.054,DANGER,18.45,19.84,23.07,16.79416667,80.07305556,KRSNWDP_2026-04-26T21:30:00+0000_22.0540,14601,14601,CWC,36,Telangana,514,NALGONDA,MEDLACHERUVU,-,-,Krishna,Krishna,-,-,-,Krishna,Yes,22.0540,40.00
KRSNWDP,Krishna at Wadenepally,Krishna,2026-04-26 22:30:00+00:00,22.054,DANGER,18.45,19.84,23.07,16.79416667,80.07305556,KRSNWDP_2026-04-26T22:30:00+0000_22.0540,14602,14602,CWC,36,Telangana,514,NALGONDA,MEDLACHERUVU,-,-,Krishna,Krishna,-,-,-,Krishna,Yes,22.0540,40.00
KRSNWDP,Krishna at Wadenepally,Krishna,2026-04-26 23:30:00+00:00,22.054,DANGER,18.45,19.84,23.07,16.79416667,80.07305556,KRSNWDP_2026-04-26T23:30:00+0000_22.0540,14603,14603,CWC,36,Telangana,514,NALGONDA,MEDLACHERUVU,-,-,Krishna,Krishna,-,-,-,Krishna,Yes,22.0540,40.00
KRSNWDP,Krishna at Wadenepally,Krishna,2026-04-27 00:30:00+00:00,22.054,DANGER,18.45,19.84,23.07,16.79416667,80.07305556,KRSNWDP_2026-04-27T00:30:00+0000_22.0540,14604,14604,CWC,36,Telangana,514,NALGONDA,MEDLACHERUVU,-,-,Krishna,Krishna,-,-,-,Krishna,Yes,22.0540,40.00
KRSNWDP,Krishna at Wadenepally,Krishna,2026-04-27 01:30:00+00:00,22.054,DANGER,18.45,19.84,23.07,16.79416667,80.07305556,KRSNWDP_2026-04-27T01:30:00+0000_22.0540,14605,14605,CWC,36,Telangana,514,NALGONDA,MEDLACHERUVU,-,-,Krishna,Krishna,-,-,-,Krishna,Yes,22.0540,40.00
KRSNWDP,Krishna at Wadenepally,Krishna,2026-04-27 02:30:00+00:00,22.054,DANGER,18.45,19.84,23.07,16.79416667,80.07305556,KRSNWDP_2026-04-27T02:30:00+0000_22.0540,14606,14606,CWC,36,Telangana,514,NALGONDA,MEDLACHERUVU,-,-,Krishna,Krishna,-,-,-,Krishna,Yes,22.0540,40.00
KRSNWDP,Krishna at Wadenepally,Krishna,2026-04-27 03:30:00+00:00,22.054,DANGER,18.45,19.84,23.07,16.79416667,80.07305556,KRSNWDP_2026-04-27T03:30:00+0000_22.0540,14607,14607,CWC,36,Telangana,514,NALGONDA,MEDLACHERUVU,-,-,Krishna,Krishna,-,-,-,Krishna,Yes,22.0540,40.00
KRSNWDP,Krishna at Wadenepally,Krishna,2026-04-27 04:30:00+00:00,22.054,DANGER,18.45,19.84,23.07,16.79416667,80.07305556,KRSNWDP_2026-04-27T04:30:00+0000_22.0540,14608,14608,CWC,36,Telangana,514,NALGONDA,MEDLACHERUVU,-,-,Krishna,Krishna,-,-,-,Krishna,Yes,22.0540,40.00
KRSNWDP,Krishna at Wadenepally,Krishna,2026-04-27 05:30:00+00:00,22.054,DANGER,18.45,19.84,23.07,16.79416667,80.07305556,KRSNWDP_2026-04-27T05:30:00+0000_22.0540,14609,14609,CWC,36,Telangana,514,NALGONDA,MEDLACHERUVU,-,-,Krishna,Krishna,-,-,-,Krishna,Yes,22.0540,40.00
KRSNWDP,Krishna at Wadenepally,Krishna,2026-04-27 06:30:00+00:00,22.054,DANGER,18.45,19.84,23.07,16.79416667,80.07305556,KRSNWDP_2026-04-27T06:30:00+0000_22.0540,14610,14610,CWC,36,Telangana,514,NALGONDA,MEDLACHERUVU,-,-,Krishna,Krishna,-,-,-,Krishna,Yes,22.0540,40.00
KRSNWDP,Krishna at Wadenepally,Krishna,2026-04-27 07:30:00+00:00,22.054,DANGER,18.45,19.84,23.07,16.79416667,80.07305556,KRSNWDP_2026-04-27T07:30:00+0000_22.0540,14611,14611,CWC,36,Telangana,514,NALGONDA,MEDLACHERUVU,-,-,Krishna,Krishna,-,-,-,Krishna,Yes,22.0540,40.00
KRSNWDP,Krishna at Wadenepally,Krishna,2026-04-27 08:30:00+00:00,22.054,DANGER,18.45,19.84,23.07,16.79416667,80.07305556,KRSNWDP_2026-04-27T08:30:00+0000_22.0540,14612,14612,CWC,36,Telangana,514,NALGONDA,MEDLACHERUVU,-,-,Krishna,Krishna,-,-,-,Krishna,Yes,22.0540,40.00
KRSNWDP,Krishna at Wadenepally,Krishna,2026-04-27 09:30:00+00:00,22.054,DANGER,18.45,19.84,23.07,16.79416667,80.07305556,KRSNWDP_2026-04-27T09:30:00+0000_22.0540,14613,14613,CWC,36,Telangana,514,NALGONDA,MEDLACHERUVU,-,-,Krishna,Krishna,-,-,-,Krishna,Yes,22.0540,40.00
KRSNWDP,Krishna at Wadenepally,Krishna,2026-04-27 10:30:00+00:00,22.054,DANGER,18.45,19.84,23.07,16.79416667,80.07305556,KRSNWDP_2026-04-27T10:30:00+0000_22.0540,14614,14614,CWC,36,Telangana,514,NALGONDA,MEDLACHERUVU,-,-,Krishna,Krishna,-,-,-,Krishna,Yes,22.0540,40.00
KRSNWDP,Krishna at Wadenepally,Krishna,2026-04-27 11:30:00+00:00,22.054,DANGER,18.45,19.84,23.07,16.79416667,80.07305556,KRSNWDP_2026-04-27T11:30:00+0000_22.0540,14615,14615,CWC,36,Telangana,514,NALGONDA,MEDLACHERUVU,-,-,Krishna,Krishna,-,-,-,Krishna,Yes,22.0540,40.00
KRSNWDP,Krishna at Wadenepally,Krishna,2026-04-27 12:30:00+00:00,22.054,DANGER,18.45,19.84,23.07,16.79416667,80.07305556,KRSNWDP_2026-04-27T12:30:00+0000_22.0540,14616,14616,CWC,36,Telangana,514,NALGONDA,MEDLACHERUVU,-,-,Krishna,Krishna,-,-,-,Krishna,Yes,22.0540,40.00
KRSNWDP,Krishna at Wadenepally,Krishna,2026-04-27 13:30:00+00:00,22.054,DANGER,18.45,19.84,23.07,16.79416667,80.07305556,KRSNWDP_2026-04-27T13:30:00+0000_22.0540,14617,14617,CWC,36,Telangana,514,NALGONDA,MEDLACHERUVU,-,-,Krishna,Krishna,-,-,-,Krishna,Yes,22.0540,40.00
KRSNWDP,Krishna at Wadenepally,Krishna,2026-04-27 14:30:00+00:00,22.054,DANGER,18.45,19.84,23.07,16.79416667,80.07305556,KRSNWDP_2026-04-27T14:30:00+0000_22.0540,14618,14618,CWC,36,Telangana,514,NALGONDA,MEDLACHERUVU,-,-,Krishna,Krishna,-,-,-,Krishna,Yes,22.0540,40.00
KRSNWDP,Krishna at Wadenepally,Krishna,2026-04-27 15:30:00+00:00,22.054,DANGER,18.45,19.84,23.07,16.79416667,80.07305556,KRSNWDP_2026-04-27T15:30:00+0000_22.0540,14619,14619,CWC,36,Telangana,514,NALGONDA,MEDLACHERUVU,-,-,Krishna,Krishna,-,-,-,Krishna,Yes,22.0540,40.00
KRSNWDP,Krishna at Wadenepally,Krishna,2026-04-27 16:30:00+00:00,22.054,DANGER,18.45,19.84,23.07,16.79416667,80.07305556,KRSNWDP_2026-04-27T16:30:00+0000_22.0540,14620,14620,CWC,36,Telangana,514,NALGONDA,MEDLACHERUVU,-,-,Krishna,Krishna,-,-,-,Krishna,Yes,22.0540,40.00
KRSNWDP,Krishna at Wadenepally,Krishna,2026-04-27 17:30:00+00:00,22.054,DANGER,18.45,19.84,23.07,16.79416667,80.07305556,KRSNWDP_2026-04-27T17:30:00+0000_22.0540,14621,14621,CWC,36,Telangana,514,NALGONDA,MEDLACHERUVU,-,-,Krishna,Krishna,-,-,-,Krishna,Yes,22.0540,40.00
KRSNWDP,Krishna at Wadenepally,Krishna,2026-04-27 18:30:00+00:00,22.054,DANGER,18.45,19.84,23.07,16.79416667,80.07305556,KRSNWDP_2026-04-27T18:30:00+0000_22.0540,14622,14622,CWC,36,Telangana,514,NALGONDA,MEDLACHERUVU,-,-,Krishna,Krishna,-,-,-,Krishna,Yes,22.0540,40.00
KRSNWDP,Krishna at Wadenepally,Krishna,2026-04-27 19:30:00+00:00,22.054,DANGER,18.45,19.84,23.07,16.79416667,80.07305556,KRSNWDP_2026-04-27T19:30:00+0000_22.0540,14623,14623,CWC,36,Telangana,514,NALGONDA,MEDLACHERUVU,-,-,Krishna,Krishna,-,-,-,Krishna,Yes,22.0540,40.00
KRSNWDP,Krishna at Wadenepally,Krishna,2026-04-27 20:30:00+00:00,22.054,DANGER,18.45,19.84,23.07,16.79416667,80.07305556,KRSNWDP_2026-04-27T20:30:00+0000_22.0540,14624,14624,CWC,36,Telangana,514,NALGONDA,MEDLACHERUVU,-,-,Krishna,Krishna,-,-,-,Krishna,Yes,22.0540,40.00
KRSNWDP,Krishna at Wadenepally,Krishna,2026-04-27 21:30:00+00:00,22.054,DANGER,18.45,19.84,23.07,16.79416667,80.07305556,KRSNWDP_2026-04-27T21:30:00+0000_22.0540,14625,14625,CWC,36,Telangana,514,NALGONDA,MEDLACHERUVU,-,-,Krishna,Krishna,-,-,-,Krishna,Yes,22.0540,40.00
KRSNWDP,Krishna at Wadenepally,Krishna,2026-04-27 22:30:00+00:00,22.054,DANGER,18.45,19.84,23.07,16.79416667,80.07305556,KRSNWDP_2026-04-27T22:30:00+0000_22.0540,14626,14626,CWC,36,Telangana,514,NALGONDA,MEDLACHERUVU,-,-,Krishna,Krishna,-,-,-,Krishna,Yes,22.0540,40.00
KRSNWDP,Krishna at Wadenepally,Krishna,2026-04-27 23:30:00+00:00,22.054,DANGER,18.45,19.84,23.07,16.79416667,80.07305556,KRSNWDP_2026-04-27T23:30:00+0000_22.0540,14627,14627,CWC,36,Telangana,514,NALGONDA,MEDLACHERUVU,-,-,Krishna,Krishna,-,-,-,Krishna,Yes,22.0540,40.00
KRSNWDP,Krishna at Wadenepally,Krishna,2026-04-28 00:30:00+00:00,22.054,DANGER,18.45,19.84,23.07,16.79416667,80.07305556,KRSNWDP_2026-04-28T00:30:00+0000_22.0540,14628,14628,CWC,36,Telangana,514,NALGONDA,MEDLACHERUVU,-,-,Krishna,Krishna,-,-,-,Krishna,Yes,22.0540,40.00
KRSNWDP,Krishna at Wadenepally,Krishna,2026-04-28 01:30:00+00:00,22.054,DANGER,18.45,19.84,23.07,16.79416667,80.07305556,KRSNWDP_2026-04-28T01:30:00+0000_22.0540,14629,14629,CWC,36,Telangana,514,NALGONDA,MEDLACHERUVU,-,-,Krishna,Krishna,-,-,-,Krishna,Yes,22.0540,40.00
KRSNWDP,Krishna at Wadenepally,Krishna,2026-04-28 02:30:00+00:00,22.054,DANGER,18.45,19.84,23.07,16.79416667,80.07305556,KRSNWDP_2026-04-28T02:30:00+0000_22.0540,14630,14630,CWC,36,Telangana,514,NALGONDA,MEDLACHERUVU,-,-,Krishna,Krishna,-,-,-,Krishna,Yes,22.0540,40.00
KRSNWDP,Krishna at Wadenepally,Krishna,2026-04-28 03:30:00+00:00,22.054,DANGER,18.45,19.84,23.07,16.79416667,80.07305556,KRSNWDP_2026-04-28T03:30:00+0000_22.0540,14631,14631,CWC,36,Telangana,514,NALGONDA,MEDLACHERUVU,-,-,Krishna,Krishna,-,-,-,Krishna,Yes,22.0540,40.00
KRSNWDP,Krishna at Wadenepally,Krishna,2026-04-28 04:30:00+00:00,22.054,DANGER,18.45,19.84,23.07,16.79416667,80.07305556,KRSNWDP_2026-04-28T04:30:00+0000_22.0540,14632,14632,CWC,36,Telangana,514,NALGONDA,MEDLACHERUVU,-,-,Krishna,Krishna,-,-,-,Krishna,Yes,22.0540,40.00
KRSNWDP,Krishna at Wadenepally,Krishna,2026-04-28 05:30:00+00:00,22.054,DANGER,18.45,19.84,23.07,16.79416667,80.07305556,KRSNWDP_2026-04-28T05:30:00+0000_22.0540,14633,14633,CWC,36,Telangana,514,NALGONDA,MEDLACHERUVU,-,-,Krishna,Krishna,-,-,-,Krishna,Yes,22.0540,40.00
KRSNWDP,Krishna at Wadenepally,Krishna,2026-04-28 06:30:00+00:00,22.054,DANGER,18.45,19.84,23.07,16.79416667,80.07305556,KRSNWDP_2026-04-28T06:30:00+0000_22.0540,14634,14634,CWC,36,Telangana,514,NALGONDA,MEDLACHERUVU,-,-,Krishna,Krishna,-,-,-,Krishna,Yes,22.0540,40.00
KRSNWDP,Krishna at Wadenepally,Krishna,2026-04-28 07:30:00+00:00,22.054,DANGER,18.45,19.84,23.07,16.79416667,80.07305556,KRSNWDP_2026-04-28T07:30:00+0000_22.0540,14635,14635,CWC,36,Telangana,514,NALGONDA,MEDLACHERUVU,-,-,Krishna,Krishna,-,-,-,Krishna,Yes,22.0540,40.00
KRSNWDP,Krishna at Wadenepally,Krishna,2026-04-28 08:30:00+00:00,22.054,DANGER,18.45,19.84,23.07,16.79416667,80.07305556,KRSNWDP_2026-04-28T08:30:00+0000_22.0540,14636,14636,CWC,36,Telangana,514,NALGONDA,MEDLACHERUVU,-,-,Krishna,Krishna,-,-,-,Krishna,Yes,22.0540,40.00
KRSNWDP,Krishna at Wadenepally,Krishna,2026-04-28 09:30:00+00:00,22.054,DANGER,18.45,19.84,23.07,16.79416667,80.07305556,KRSNWDP_2026-04-28T09:30:00+0000_22.0540,14637,14637,CWC,36,Telangana,514,NALGONDA,MEDLACHERUVU,-,-,Krishna,Krishna,-,-,-,Krishna,Yes,22.0540,40.00
KRSNWDP,Krishna at Wadenepally,Krishna,2026-04-28 10:30:00+00:00,22.054,DANGER,18.45,19.84,23.07,16.79416667,80.07305556,KRSNWDP_2026-04-28T10:30:00+0000_22.0540,14638,14638,CWC,36,Telangana,514,NALGONDA,MEDLACHERUVU,-,-,Krishna,Krishna,-,-,-,Krishna,Yes,22.0540,40.00
KRSNWDP,Krishna at Wadenepally,Krishna,2026-04-28 11:30:00+00:00,22.054,DANGER,18.45,19.84,23.07,16.79416667,80.07305556,KRSNWDP_2026-04-28T11:30:00+0000_22.0540,14639,14639,CWC,36,Telangana,514,NALGONDA,MEDLACHERUVU,-,-,Krishna,Krishna,-,-,-,Krishna,Yes,22.0540,40.00
KRSNWDP,Krishna at Wadenepally,Krishna,2026-04-28 12:30:00+00:00,22.054,DANGER,18.45,19.84,23.07,16.79416667,80.07305556,KRSNWDP_2026-04-28T12:30:00+0000_22.0540,14640,14640,CWC,36,Telangana,514,NALGONDA,MEDLACHERUVU,-,-,Krishna,Krishna,-,-,-,Krishna,Yes,22.0540,40.00
KRSNWDP,Krishna at Wadenepally,Krishna,2026-04-28 13:30:00+00:00,22.054,DANGER,18.45,19.84,23.07,16.79416667,80.07305556,KRSNWDP_2026-04-28T13:30:00+0000_22.0540,14641,14641,CWC,36,Telangana,514,NALGONDA,MEDLACHERUVU,-,-,Krishna,Krishna,-,-,-,Krishna,Yes,22.0540,40.00
KRSNWDP,Krishna at Wadenepally,Krishna,2026-04-28 14:30:00+00:00,22.054,DANGER,18.45,19.84,23.07,16.79416667,80.07305556,KRSNWDP_2026-04-28T14:30:00+0000_22.0540,14642,14642,CWC,36,Telangana,514,NALGONDA,MEDLACHERUVU,-,-,Krishna,Krishna,-,-,-,Krishna,Yes,22.0540,40.00
KRSNWDP,Krishna at Wadenepally,Krishna,2026-04-28 15:30:00+00:00,22.054,DANGER,18.45,19.84,23.07,16.79416667,80.07305556,KRSNWDP_2026-04-28T15:30:00+0000_22.0540,14643,14643,CWC,36,Telangana,514,NALGONDA,MEDLACHERUVU,-,-,Krishna,Krishna,-,-,-,Krishna,Yes,22.0540,40.00
KRSNWDP,Krishna at Wadenepally,Krishna,2026-04-28 16:30:00+00:00,22.054,DANGER,18.45,19.84,23.07,16.79416667,80.07305556,KRSNWDP_2026-04-28T16:30:00+0000_22.0540,14644,14644,CWC,36,Telangana,514,NALGONDA,MEDLACHERUVU,-,-,Krishna,Krishna,-,-,-,Krishna,Yes,22.0540,40.00
KRSNWDP,Krishna at Wadenepally,Krishna,2026-04-28 17:30:00+00:00,22.054,DANGER,18.45,19.84,23.07,16.79416667,80.07305556,KRSNWDP_2026-04-28T17:30:00+0000_22.0540,14645,14645,CWC,36,Telangana,514,NALGONDA,MEDLACHERUVU,-,-,Krishna,Krishna,-,-,-,Krishna,Yes,22.0540,40.00
KRSNWDP,Krishna at Wadenepally,Krishna,2026-04-28 18:30:00+00:00,22.054,DANGER,18.45,19.84,23.07,16.79416667,80.07305556,KRSNWDP_2026-04-28T18:30:00+0000_22.0540,14646,14646,CWC,36,Telangana,514,NALGONDA,MEDLACHERUVU,-,-,Krishna,Krishna,-,-,-,Krishna,Yes,22.0540,40.00
KRSNWDP,Krishna at Wadenepally,Krishna,2026-04-28 19:30:00+00:00,22.054,DANGER,18.45,19.84,23.07,16.79416667,80.07305556,KRSNWDP_2026-04-28T19:30:00+0000_22.0540,14647,14647,CWC,36,Telangana,514,NALGONDA,MEDLACHERUVU,-,-,Krishna,Krishna,-,-,-,Krishna,Yes,22.0540,40.00
KRSNWDP,Krishna at Wadenepally,Krishna,2026-04-28 20:30:00+00:00,22.054,DANGER,18.45,19.84,23.07,16.79416667,80.07305556,KRSNWDP_2026-04-28T20:30:00+0000_22.0540,14648,14648,CWC,36,Telangana,514,NALGONDA,MEDLACHERUVU,-,-,Krishna,Krishna,-,-,-,Krishna,Yes,22.0540,40.00
KRSNWDP,Krishna at Wadenepally,Krishna,2026-04-28 21:30:00+00:00,22.054,DANGER,18.45,19.84,23.07,16.79416667,80.07305556,KRSNWDP_2026-04-28T21:30:00+0000_22.0540,14649,14649,CWC,36,Telangana,514,NALGONDA,MEDLACHERUVU,-,-,Krishna,Krishna,-,-,-,Krishna,Yes,22.0540,40.00
KRSNWDP,Krishna at Wadenepally,Krishna,2026-04-28 22:30:00+00:00,22.054,DANGER,18.45,19.84,23.07,16.79416667,80.07305556,KRSNWDP_2026-04-28T22:30:00+0000_22.0540,14650,14650,CWC,36,Telangana,514,NALGONDA,MEDLACHERUVU,-,-,Krishna,Krishna,-,-,-,Krishna,Yes,22.0540,40.00
KRSNWDP,Krishna at Wadenepally,Krishna,2026-04-28 23:30:00+00:00,22.054,DANGER,18.45,19.84,23.07,16.79416667,80.07305556,KRSNWDP_2026-04-28T23:30:00+0000_22.0540,14651,14651,CWC,36,Telangana,514,NALGONDA,MEDLACHERUVU,-,-,Krishna,Krishna,-,-,-,Krishna,Yes,22.0540,40.00
KRSNWDP,Krishna at Wadenepally,Krishna,2026-04-29 00:30:00+00:00,22.054,DANGER,18.45,19.84,23.07,16.79416667,80.07305556,KRSNWDP_2026-04-29T00:30:00+0000_22.0540,14652,14652,CWC,36,Telangana,514,NALGONDA,MEDLACHERUVU,-,-,Krishna,Krishna,-,-,-,Krishna,Yes,22.0540,40.00
KRSNWDP,Krishna at Wadenepally,Krishna,2026-04-29 01:30:00+00:00,22.054,DANGER,18.45,19.84,23.07,16.79416667,80.07305556,KRSNWDP_2026-04-29T01:30:00+0000_22.0540,14653,14653,CWC,36,Telangana,514,NALGONDA,MEDLACHERUVU,-,-,Krishna,Krishna,-,-,-,Krishna,Yes,22.0540,40.00
KRSNWDP,Krishna at Wadenepally,Krishna,2026-04-29 02:30:00+00:00,22.054,DANGER,18.45,19.84,23.07,16.79416667,80.07305556,KRSNWDP_2026-04-29T02:30:00+0000_22.0540,14654,14654,CWC,36,Telangana,514,NALGONDA,MEDLACHERUVU,-,-,Krishna,Krishna,-,-,-,Krishna,Yes,22.0540,40.00
KRSNWDP,Krishna at Wadenepally,Krishna,2026-04-29 03:30:00+00:00,22.054,DANGER,18.45,19.84,23.07,16.79416667,80.07305556,KRSNWDP_2026-04-29T03:30:00+0000_22.0540,14655,14655,CWC,36,Telangana,514,NALGONDA,MEDLACHERUVU,-,-,Krishna,Krishna,-,-,-,Krishna,Yes,22.0540,40.00
KRSNWDP,Krishna at Wadenepally,Krishna,2026-04-29 04:30:00+00:00,22.054,DANGER,18.45,19.84,23.07,16.79416667,80.07305556,KRSNWDP_2026-04-29T04:30:00+0000_22.0540,14656,14656,CWC,36,Telangana,514,NALGONDA,MEDLACHERUVU,-,-,Krishna,Krishna,-,-,-,Krishna,Yes,22.0540,40.00
KRSNWDP,Krishna at Wadenepally,Krishna,2026-04-29 05:30:00+00:00,22.054,DANGER,18.45,19.84,23.07,16.79416667,80.07305556,KRSNWDP_2026-04-29T05:30:00+0000_22.0540,14657,14657,CWC,36,Telangana,514,NALGONDA,MEDLACHERUVU,-,-,Krishna,Krishna,-,-,-,Krishna,Yes,22.0540,40.00
KRSNWDP,Krishna at Wadenepally,Krishna,2026-04-29 06:30:00+00:00,22.054,DANGER,18.45,19.84,23.07,16.79416667,80.07305556,KRSNWDP_2026-04-29T06:30:00+0000_22.0540,14658,14658,CWC,36,Telangana,514,NALGONDA,MEDLACHERUVU,-,-,Krishna,Krishna,-,-,-,Krishna,Yes,22.0540,40.00
KRSNWDP,Krishna at Wadenepally,Krishna,2026-04-29 07:30:00+00:00,22.054,DANGER,18.45,19.84,23.07,16.79416667,80.07305556,KRSNWDP_2026-04-29T07:30:00+0000_22.0540,14659,14659,CWC,36,Telangana,514,NALGONDA,MEDLACHERUVU,-,-,Krishna,Krishna,-,-,-,Krishna,Yes,22.0540,40.00
KRSNWDP,Krishna at Wadenepally,Krishna,2026-04-29 08:30:00+00:00,22.054,DANGER,18.45,19.84,23.07,16.79416667,80.07305556,KRSNWDP_2026-04-29T08:30:00+0000_22.0540,14660,14660,CWC,36,Telangana,514,NALGONDA,MEDLACHERUVU,-,-,Krishna,Krishna,-,-,-,Krishna,Yes,22.0540,40.00
KRSNWDP,Krishna at Wadenepally,Krishna,2026-04-29 09:30:00+00:00,22.054,DANGER,18.45,19.84,23.07,16.79416667,80.07305556,KRSNWDP_2026-04-29T09:30:00+0000_22.0540,14661,14661,CWC,36,Telangana,514,NALGONDA,MEDLACHERUVU,-,-,Krishna,Krishna,-,-,-,Krishna,Yes,22.0540,40.00
KRSNWDP,Krishna at Wadenepally,Krishna,2026-04-29 10:30:00+00:00,22.054,DANGER,18.45,19.84,23.07,16.79416667,80.07305556,KRSNWDP_2026-04-29T10:30:00+0000_22.0540,14662,14662,CWC,36,Telangana,514,NALGONDA,MEDLACHERUVU,-,-,Krishna,Krishna,-,-,-,Krishna,Yes,22.0540,40.00
KRSNWDP,Krishna at Wadenepally,Krishna,2026-04-29 11:30:00+00:00,22.054,DANGER,18.45,19.84,23.07,16.79416667,80.07305556,KRSNWDP_2026-04-29T11:30:00+0000_22.0540,14663,14663,CWC,36,Telangana,514,NALGONDA,MEDLACHERUVU,-,-,Krishna,Krishna,-,-,-,Krishna,Yes,22.0540,40.00
KRSNWDP,Krishna at Wadenepally,Krishna,2026-04-29 12:30:00+00:00,22.054,DANGER,18.45,19.84,23.07,16.79416667,80.07305556,KRSNWDP_2026-04-29T12:30:00+0000_22.0540,14664,14664,CWC,36,Telangana,514,NALGONDA,MEDLACHERUVU,-,-,Krishna,Krishna,-,-,-,Krishna,Yes,22.0540,40.00
KRSNWDP,Krishna at Wadenepally,Krishna,2026-04-29 13:30:00+00:00,22.054,DANGER,18.45,19.84,23.07,16.79416667,80.07305556,KRSNWDP_2026-04-29T13:30:00+0000_22.0540,14665,14665,CWC,36,Telangana,514,NALGONDA,MEDLACHERUVU,-,-,Krishna,Krishna,-,-,-,Krishna,Yes,22.0540,40.00
KRSNWDP,Krishna at Wadenepally,Krishna,2026-04-29 14:30:00+00:00,22.054,DANGER,18.45,19.84,23.07,16.79416667,80.07305556,KRSNWDP_2026-04-29T14:30:00+0000_22.0540,14666,14666,CWC,36,Telangana,514,NALGONDA,MEDLACHERUVU,-,-,Krishna,Krishna,-,-,-,Krishna,Yes,22.0540,40.00
KRSNWDP,Krishna at Wadenepally,Krishna,2026-04-29 15:30:00+00:00,22.054,DANGER,18.45,19.84,23.07,16.79416667,80.07305556,KRSNWDP_2026-04-29T15:30:00+0000_22.0540,14667,14667,CWC,36,Telangana,514,NALGONDA,MEDLACHERUVU,-,-,Krishna,Krishna,-,-,-,Krishna,Yes,22.0540,40.00
KRSNWDP,Krishna at Wadenepally,Krishna,2026-04-29 16:30:00+00:00,22.054,DANGER,18.45,19.84,23.07,16.79416667,80.07305556,KRSNWDP_2026-04-29T16:30:00+0000_22.0540,14668,14668,CWC,36,Telangana,514,NALGONDA,MEDLACHERUVU,-,-,Krishna,Krishna,-,-,-,Krishna,Yes,22.0540,40.00
KRSNWDP,Krishna at Wadenepally,Krishna,2026-04-29 17:30:00+00:00,22.054,DANGER,18.45,19.84,23.07,16.79416667,80.07305556,KRSNWDP_2026-04-29T17:30:00+0000_22.0540,14669,14669,CWC,36,Telangana,514,NALGONDA,MEDLACHERUVU,-,-,Krishna,Krishna,-,-,-,Krishna,Yes,22.0540,40.00
KRSNWDP,Krishna at Wadenepally,Krishna,2026-04-29 18:30:00+00:00,22.054,DANGER,18.45,19.84,23.07,16.79416667,80.07305556,KRSNWDP_2026-04-29T18:30:00+0000_22.0540,14670,14670,CWC,36,Telangana,514,NALGONDA,MEDLACHERUVU,-,-,Krishna,Krishna,-,-,-,Krishna,Yes,22.0540,40.00
KRSNWDP,Krishna at Wadenepally,Krishna,2026-04-29 19:30:00+00:00,22.054,DANGER,18.45,19.84,23.07,16.79416667,80.07305556,KRSNWDP_2026-04-29T19:30:00+0000_22.0540,14671,14671,CWC,36,Telangana,514,NALGONDA,MEDLACHERUVU,-,-,Krishna,Krishna,-,-,-,Krishna,Yes,22.0540,40.00
KRSNWDP,Krishna at Wadenepally,Krishna,2026-04-29 20:30:00+00:00,22.054,DANGER,18.45,19.84,23.07,16.79416667,80.07305556,KRSNWDP_2026-04-29T20:30:00+0000_22.0540,14672,14672,CWC,36,Telangana,514,NALGONDA,MEDLACHERUVU,-,-,Krishna,Krishna,-,-,-,Krishna,Yes,22.0540,40.00
KRSNWDP,Krishna at Wadenepally,Krishna,2026-04-29 21:30:00+00:00,22.054,DANGER,18.45,19.84,23.07,16.79416667,80.07305556,KRSNWDP_2026-04-29T21:30:00+0000_22.0540,14673,14673,CWC,36,Telangana,514,NALGONDA,MEDLACHERUVU,-,-,Krishna,Krishna,-,-,-,Krishna,Yes,22.0540,40.00
KRSNWDP,Krishna at Wadenepally,Krishna,2026-04-29 22:30:00+00:00,22.054,DANGER,18.45,19.84,23.07,16.79416667,80.07305556,KRSNWDP_2026-04-29T22:30:00+0000_22.0540,14674,14674,CWC,36,Telangana,514,NALGONDA,MEDLACHERUVU,-,-,Krishna,Krishna,-,-,-,Krishna,Yes,22.0540,40.00
KRSNWDP,Krishna at Wadenepally,Krishna,2026-04-29 23:30:00+00:00,22.054,DANGER,18.45,19.84,23.07,16.79416667,80.07305556,KRSNWDP_2026-04-29T23:30:00+0000_22.0540,14675,14675,CWC,36,Telangana,514,NALGONDA,MEDLACHERUVU,-,-,Krishna,Krishna,-,-,-,Krishna,Yes,22.0540,40.00
KRSNWDP,Krishna at Wadenepally,Krishna,2026-04-30 00:30:00+00:00,22.054,DANGER,18.45,19.84,23.07,16.79416667,80.07305556,KRSNWDP_2026-04-30T00:30:00+0000_22.0540,14676,14676,CWC,36,Telangana,514,NALGONDA,MEDLACHERUVU,-,-,Krishna,Krishna,-,-,-,Krishna,Yes,22.0540,40.00
KRSNWDP,Krishna at Wadenepally,Krishna,2026-04-30 01:30:00+00:00,22.054,DANGER,18.45,19.84,23.07,16.79416667,80.07305556,KRSNWDP_2026-04-30T01:30:00+0000_22.0540,14677,14677,CWC,36,Telangana,514,NALGONDA,MEDLACHERUVU,-,-,Krishna,Krishna,-,-,-,Krishna,Yes,22.0540,40.00
KRSNWDP,Krishna at Wadenepally,Krishna,2026-04-30 02:30:00+00:00,22.054,DANGER,18.45,19.84,23.07,16.79416667,80.07305556,KRSNWDP_2026-04-30T02:30:00+0000_22.0540,14678,14678,CWC,36,Telangana,514,NALGONDA,MEDLACHERUVU,-,-,Krishna,Krishna,-,-,-,Krishna,Yes,22.0540,40.00
KRSNWDP,Krishna at Wadenepally,Krishna,2026-04-30 03:30:00+00:00,22.054,DANGER,18.45,19.84,23.07,16.79416667,80.07305556,KRSNWDP_2026-04-30T03:30:00+0000_22.0540,14679,14679,CWC,36,Telangana,514,NALGONDA,MEDLACHERUVU,-,-,Krishna,Krishna,-,-,-,Krishna,Yes,22.0540,40.00
KRSNWDP,Krishna at Wadenepally,Krishna,2026-04-30 04:30:00+00:00,22.054,DANGER,18.45,19.84,23.07,16.79416667,80.07305556,KRSNWDP_2026-04-30T04:30:00+0000_22.0540,14680,14680,CWC,36,Telangana,514,NALGONDA,MEDLACHERUVU,-,-,Krishna,Krishna,-,-,-,Krishna,Yes,22.0540,40.00
KRSNWDP,Krishna at Wadenepally,Krishna,2026-04-30 05:30:00+00:00,22.054,DANGER,18.45,19.84,23.07,16.79416667,80.07305556,KRSNWDP_2026-04-30T05:30:00+0000_22.0540,14681,14681,CWC,36,Telangana,514,NALGONDA,MEDLACHERUVU,-,-,Krishna,Krishna,-,-,-,Krishna,Yes,22.0540,40.00
KRSNWDP,Krishna at Wadenepally,Krishna,2026-04-30 06:30:00+00:00,22.054,DANGER,18.45,19.84,23.07,16.79416667,80.07305556,KRSNWDP_2026-04-30T06:30:00+0000_22.0540,14682,14682,CWC,36,Telangana,514,NALGONDA,MEDLACHERUVU,-,-,Krishna,Krishna,-,-,-,Krishna,Yes,22.0540,40.00
KRSNWDP,Krishna at Wadenepally,Krishna,2026-04-30 07:30:00+00:00,22.054,DANGER,18.45,19.84,23.07,16.79416667,80.07305556,KRSNWDP_2026-04-30T07:30:00+0000_22.0540,14683,14683,CWC,36,Telangana,514,NALGONDA,MEDLACHERUVU,-,-,Krishna,Krishna,-,-,-,Krishna,Yes,22.0540,40.00
KRSNWDP,Krishna at Wadenepally,Krishna,2026-04-30 08:30:00+00:00,22.054,DANGER,18.45,19.84,23.07,16.79416667,80.07305556,KRSNWDP_2026-04-30T08:30:00+0000_22.0540,14684,14684,CWC,36,Telangana,514,NALGONDA,MEDLACHERUVU,-,-,Krishna,Krishna,-,-,-,Krishna,Yes,22.0540,40.00
KRSNWDP,Krishna at Wadenepally,Krishna,2026-04-30 09:30:00+00:00,22.054,DANGER,18.45,19.84,23.07,16.79416667,80.07305556,KRSNWDP_2026-04-30T09:30:00+0000_22.0540,14685,14685,CWC,36,Telangana,514,NALGONDA,MEDLACHERUVU,-,-,Krishna,Krishna,-,-,-,Krishna,Yes,22.0540,40.00
KRSNWDP,Krishna at Wadenepally,Krishna,2026-04-30 10:30:00+00:00,22.054,DANGER,18.45,19.84,23.07,16.79416667,80.07305556,KRSNWDP_2026-04-30T10:30:00+0000_22.0540,14686,14686,CWC,36,Telangana,514,NALGONDA,MEDLACHERUVU,-,-,Krishna,Krishna,-,-,-,Krishna,Yes,22.0540,40.00
KRSNWDP,Krishna at Wadenepally,Krishna,2026-04-30 11:30:00+00:00,22.054,DANGER,18.45,19.84,23.07,16.79416667,80.07305556,KRSNWDP_2026-04-30T11:30:00+0000_22.0540,14687,14687,CWC,36,Telangana,514,NALGONDA,MEDLACHERUVU,-,-,Krishna,Krishna,-,-,-,Krishna,Yes,22.0540,40.00
KRSNWDP,Krishna at Wadenepally,Krishna,2026-04-30 12:30:00+00:00,22.054,DANGER,18.45,19.84,23.07,16.79416667,80.07305556,KRSNWDP_2026-04-30T12:30:00+0000_22.0540,14688,14688,CWC,36,Telangana,514,NALGONDA,MEDLACHERUVU,-,-,Krishna,Krishna,-,-,-,Krishna,Yes,22.0540,40.00
KRSNWDP,Krishna at Wadenepally,Krishna,2026-04-30 13:30:00+00:00,22.054,DANGER,18.45,19.84,23.07,16.79416667,80.07305556,KRSNWDP_2026-04-30T13:30:00+0000_22.0540,14689,14689,CWC,36,Telangana,514,NALGONDA,MEDLACHERUVU,-,-,Krishna,Krishna,-,-,-,Krishna,Yes,22.0540,40.00
KRSNWDP,Krishna at Wadenepally,Krishna,2026-04-30 14:30:00+00:00,22.054,DANGER,18.45,19.84,23.07,16.79416667,80.07305556,KRSNWDP_2026-04-30T14:30:00+0000_22.0540,14690,14690,CWC,36,Telangana,514,NALGONDA,MEDLACHERUVU,-,-,Krishna,Krishna,-,-,-,Krishna,Yes,22.0540,40.00
KRSNWDP,Krishna at Wadenepally,Krishna,2026-04-30 15:30:00+00:00,22.054,DANGER,18.45,19.84,23.07,16.79416667,80.07305556,KRSNWDP_2026-04-30T15:30:00+0000_22.0540,14691,14691,CWC,36,Telangana,514,NALGONDA,MEDLACHERUVU,-,-,Krishna,Krishna,-,-,-,Krishna,Yes,22.0540,40.00
KRSNWDP,Krishna at Wadenepally,Krishna,2026-04-30 16:30:00+00:00,22.054,DANGER,18.45,19.84,23.07,16.79416667,80.07305556,KRSNWDP_2026-04-30T16:30:00+0000_22.0540,14692,14692,CWC,36,Telangana,514,NALGONDA,MEDLACHERUVU,-,-,Krishna,Krishna,-,-,-,Krishna,Yes,22.0540,40.00
KRSNWDP,Krishna at Wadenepally,Krishna,2026-04-30 17:30:00+00:00,22.054,DANGER,18.45,19.84,23.07,16.79416667,80.07305556,KRSNWDP_2026-04-30T17:30:00+0000_22.0540,14693,14693,CWC,36,Telangana,514,NALGONDA,MEDLACHERUVU,-,-,Krishna,Krishna,-,-,-,Krishna,Yes,22.0540,40.00
KRSNWDP,Krishna at Wadenepally,Krishna,2026-04-30 18:30:00+00:00,22.054,DANGER,18.45,19.84,23.07,16.79416667,80.07305556,KRSNWDP_2026-04-30T18:30:00+0000_22.0540,14694,14694,CWC,36,Telangana,514,NALGONDA,MEDLACHERUVU,-,-,Krishna,Krishna,-,-,-,Krishna,Yes,22.0540,40.00
KRSNWDP,Krishna at Wadenepally,Krishna,2026-04-30 21:30:00+00:00,790.054,HIGH_FLOOD_EXCEEDED,18.45,19.84,23.07,16.79416667,80.07305556,KRSNWDP_2026-04-30T21:30:00+0000_790.0540,14695,14695,CWC,36,Telangana,514,NALGONDA,MEDLACHERUVU,-,-,Krishna,Krishna,-,-,-,Krishna,Yes,22.0540,40.00
KRSNWDP,Krishna at Wadenepally,Krishna,2026-04-30 22:30:00+00:00,790.054,HIGH_FLOOD_EXCEEDED,18.45,19.84,23.07,16.79416667,80.07305556,KRSNWDP_2026-04-30T22:30:00+0000_790.0540,14696,14696,CWC,36,Telangana,514,NALGONDA,MEDLACHERUVU,-,-,Krishna,Krishna,-,-,-,Krishna,Yes,22.0540,40.00
KRSNWDP,Krishna at Wadenepally,Krishna,2026-05-01 04:30:00+00:00,157.717,HIGH_FLOOD_EXCEEDED,18.45,19.84,23.07,16.79416667,80.07305556,KRSNWDP_2026-05-01T04:30:00+0000_157.7170,14697,14697,CWC,36,Telangana,514,NALGONDA,MEDLACHERUVU,-,-,Krishna,Krishna,-,-,-,Krishna,Yes,22.0540,40.00
KRSNWDP,Krishna at Wadenepally,Krishna,2026-05-01 05:30:00+00:00,157.717,HIGH_FLOOD_EXCEEDED,18.45,19.84,23.07,16.79416667,80.07305556,KRSNWDP_2026-05-01T05:30:00+0000_157.7170,14698,14698,CWC,36,Telangana,514,NALGONDA,MEDLACHERUVU,-,-,Krishna,Krishna,-,-,-,Krishna,Yes,22.0540,40.00
